seed,combo,t,queue,generated,matched,cancelled,completed,idle,enroute,ontrip,rebal,alertCells,maxPendingCell,trafficCells15,trafficCells25
42,final_balanced,1,0,7,7,0,0,153,7,0,0,0,0,131,43
42,final_balanced,2,1,12,11,0,0,148,11,0,1,1,1,131,43
42,final_balanced,3,7,19,12,0,0,132,5,7,16,5,3,131,43
42,final_balanced,4,10,24,14,0,0,94,3,11,52,7,3,131,43
42,final_balanced,5,0,31,31,0,0,83,19,12,46,0,0,131,43
42,final_balanced,6,1,38,37,0,0,113,23,14,10,1,1,131,43
42,final_balanced,7,1,43,42,0,0,107,11,31,11,1,1,131,43
42,final_balanced,8,1,49,48,0,0,92,11,37,20,1,1,131,43
42,final_balanced,9,4,54,50,0,0,87,8,42,23,3,2,131,43
42,final_balanced,10,9,61,52,0,0,53,4,48,55,7,3,131,43
42,final_balanced,11,12,68,56,0,0,61,6,50,43,8,2,131,43
42,final_balanced,12,0,73,73,0,1,82,21,51,6,0,0,131,43
42,final_balanced,13,0,79,79,0,5,81,23,51,5,0,0,131,43
42,final_balanced,14,0,84,84,0,5,81,11,68,0,0,0,131,43
42,final_balanced,15,0,89,89,0,5,76,10,74,0,0,0,131,43
42,final_balanced,16,2,94,92,0,7,74,8,77,1,2,1,131,43
42,final_balanced,17,6,99,93,0,9,62,4,80,14,5,2,131,43
42,final_balanced,18,9,104,95,0,14,56,3,78,23,7,2,131,43
42,final_balanced,19,12,109,97,0,16,66,4,77,13,7,3,131,43
42,final_balanced,20,18,116,98,0,18,66,3,77,14,10,3,121,40
42,final_balanced,21,21,121,100,0,24,62,3,73,22,9,5,121,40
42,final_balanced,22,23,126,103,0,33,76,5,65,14,8,6,121,40
42,final_balanced,23,26,131,105,0,40,90,5,60,5,8,6,121,40
42,final_balanced,24,31,137,106,0,44,93,3,59,5,9,6,121,40
42,final_balanced,25,37,143,106,0,49,86,1,56,17,10,7,126,43
42,final_balanced,26,38,148,110,0,57,88,4,49,19,9,8,126,43
42,final_balanced,27,37,154,117,0,63,101,11,43,5,8,8,126,43
42,final_balanced,28,39,160,121,0,69,105,11,41,3,8,8,126,43
42,final_balanced,29,47,168,121,0,71,106,4,46,4,10,11,126,43
42,final_balanced,30,47,173,126,0,73,94,5,48,13,13,11,131,43
42,final_balanced,31,53,181,128,0,75,68,7,46,39,18,11,131,43
42,final_balanced,32,55,186,131,0,81,59,5,45,51,19,11,131,43
42,final_balanced,33,45,194,149,0,84,68,21,44,27,12,11,131,43
42,final_balanced,34,44,202,158,0,91,68,27,40,25,11,11,131,43
42,final_balanced,35,43,207,164,0,97,43,15,52,50,11,11,131,43
42,final_balanced,36,36,212,176,0,99,42,18,59,41,14,8,131,43
42,final_balanced,37,35,220,185,0,101,49,21,63,27,16,6,131,43
42,final_balanced,38,35,225,190,0,102,44,14,74,28,19,6,131,43
42,final_balanced,39,25,230,205,0,106,27,20,79,34,15,5,131,43
42,final_balanced,40,20,236,216,0,108,17,26,82,35,12,5,131,43
42,final_balanced,41,24,242,218,0,110,21,13,95,31,17,4,131,43
42,final_balanced,42,25,249,224,0,110,18,8,106,28,19,4,131,43
42,final_balanced,43,20,255,235,0,114,8,17,104,31,16,3,131,43
42,final_balanced,44,23,260,237,0,120,10,13,104,33,15,4,131,43
42,final_balanced,45,22,265,243,0,126,11,8,109,32,14,4,131,43
42,final_balanced,46,26,273,247,0,134,20,10,103,27,13,4,131,43
42,final_balanced,47,31,280,249,0,144,36,6,99,19,15,5,131,43
42,final_balanced,48,30,288,258,0,147,16,11,100,33,13,6,131,43
42,final_balanced,49,29,295,266,0,152,15,17,97,31,11,7,131,43
42,final_balanced,50,32,301,269,0,158,19,11,100,30,10,7,126,43
42,final_balanced,51,35,309,274,0,171,29,8,95,28,10,7,126,43
42,final_balanced,52,38,316,278,0,174,34,9,95,22,13,7,126,43
42,final_balanced,53,39,323,284,0,181,17,10,93,40,12,6,126,43
42,final_balanced,54,38,328,290,0,189,19,12,89,40,10,5,126,43
42,final_balanced,55,45,335,290,0,195,28,6,89,37,13,6,131,43
42,final_balanced,56,51,342,291,0,203,13,1,87,59,13,7,131,43
42,final_balanced,57,45,347,302,0,206,25,12,84,39,10,8,131,43
42,final_balanced,58,40,352,312,0,212,39,21,79,21,12,8,131,43
42,final_balanced,59,48,360,312,0,222,36,10,80,34,12,8,131,43
42,final_balanced,60,40,366,326,0,234,44,14,78,24,14,6,131,43
42,final_balanced,61,41,371,330,0,242,28,18,70,44,18,6,131,43
42,final_balanced,62,41,378,337,0,245,19,11,81,49,17,6,131,43
42,final_balanced,63,29,385,356,0,251,3,26,79,52,17,4,131,43
42,final_balanced,64,29,390,361,0,255,3,24,82,51,16,4,131,43
42,final_balanced,65,16,397,381,0,259,11,25,97,27,13,2,131,43
42,final_balanced,66,16,403,387,0,262,11,26,99,24,14,2,131,43
42,final_balanced,67,20,409,389,0,263,2,8,118,32,18,2,131,43
42,final_balanced,68,22,415,393,0,274,5,6,113,36,17,2,131,43
42,final_balanced,69,26,420,394,0,283,8,5,106,41,20,2,131,43
42,final_balanced,70,26,428,402,0,288,3,9,105,43,20,3,131,43
42,final_balanced,71,14,436,422,0,296,3,28,98,31,13,2,131,43
42,final_balanced,72,13,443,430,0,300,4,28,102,26,9,3,131,43
42,final_balanced,73,20,451,431,0,311,6,9,111,34,10,4,131,43
42,final_balanced,74,21,457,436,0,316,7,6,114,33,9,4,131,43
42,final_balanced,75,11,464,453,0,319,7,22,112,19,8,3,131,43
42,final_balanced,76,12,469,457,0,325,9,21,111,19,8,5,131,43
42,final_balanced,77,14,475,461,0,330,9,8,123,20,7,5,131,43
42,final_balanced,78,18,482,464,0,342,22,7,115,16,7,6,131,43
42,final_balanced,79,19,488,469,0,353,31,8,108,13,9,6,131,43
42,final_balanced,80,17,493,476,0,362,28,12,102,18,9,6,131,43
42,final_balanced,81,19,501,482,0,372,30,13,97,20,11,4,131,43
42,final_balanced,82,20,506,486,0,382,27,10,94,29,13,3,131,43
42,final_balanced,83,20,512,492,0,390,29,10,92,29,11,4,131,43
42,final_balanced,84,15,519,504,0,395,41,18,91,10,12,2,131,43
42,final_balanced,85,13,526,513,0,403,31,21,89,19,10,3,131,43
42,final_balanced,86,19,534,515,0,409,27,11,95,27,12,3,131,43
42,final_balanced,87,22,541,519,0,418,34,6,95,25,10,5,131,43
42,final_balanced,88,27,549,522,0,426,42,7,89,22,9,6,131,43
42,final_balanced,89,26,557,531,0,433,42,12,86,20,10,6,131,43
42,final_balanced,90,24,562,538,0,439,43,16,83,18,12,6,131,43
42,final_balanced,91,17,570,553,0,443,36,22,88,14,13,2,131,43
42,final_balanced,92,20,578,558,0,454,37,20,84,19,14,3,131,43
42,final_balanced,93,17,585,568,0,458,32,15,95,18,12,3,131,43
42,final_balanced,94,16,593,577,0,464,24,19,94,23,11,3,131,43
42,final_balanced,95,18,598,580,0,472,22,12,96,30,10,5,131,43
42,final_balanced,96,22,605,583,0,477,23,6,100,31,12,5,131,43
42,final_balanced,97,23,612,589,0,481,25,9,99,27,12,6,131,43
42,final_balanced,98,24,617,593,0,487,25,10,96,29,13,6,131,43
42,final_balanced,99,30,625,595,0,492,11,6,97,46,13,7,131,43
42,final_balanced,100,26,630,604,0,498,13,11,95,41,10,7,121,40
42,final_balanced,101,26,635,609,0,508,27,14,87,32,11,7,121,40
42,final_balanced,102,31,641,610,0,512,37,6,92,25,11,7,121,40
42,final_balanced,103,25,649,624,0,518,43,15,91,11,9,5,121,40
42,final_balanced,104,30,657,627,0,525,49,17,85,9,11,5,121,40
42,final_balanced,105,32,664,632,0,533,50,8,91,11,12,5,131,43
42,final_balanced,106,32,672,640,0,544,56,13,83,8,11,6,131,43
42,final_balanced,107,37,678,641,0,548,59,9,84,8,12,7,131,43
42,final_balanced,108,40,683,643,0,556,64,3,84,9,11,9,131,43
42,final_balanced,109,39,689,650,0,565,61,9,76,14,13,7,131,43
42,final_balanced,110,44,697,653,0,568,46,10,75,29,12,7,131,43
42,final_balanced,111,47,702,655,0,578,50,5,72,33,13,7,131,43
42,final_balanced,112,51,708,657,0,583,52,4,70,34,13,9,131,43
42,final_balanced,113,52,714,662,0,586,54,7,69,30,11,8,131,43
42,final_balanced,114,57,719,662,0,589,40,5,68,47,11,9,131,43
42,final_balanced,115,56,725,669,0,596,33,7,66,54,10,9,131,43
42,final_balanced,116,44,733,689,0,602,49,27,60,24,10,9,131,43
42,final_balanced,117,39,740,701,0,606,54,32,63,11,10,8,131,43
42,final_balanced,118,41,746,705,0,613,46,16,76,22,10,9,131,43
42,final_balanced,119,45,751,706,0,615,36,5,86,33,12,9,131,43
42,final_balanced,120,45,757,712,0,621,25,7,84,44,17,9,131,43
42,final_balanced,121,43,763,720,0,631,14,14,75,57,17,8,131,43
42,final_balanced,122,43,770,727,0,635,24,15,77,44,18,8,131,43
42,final_balanced,123,36,775,739,0,640,32,19,80,29,14,8,131,43
42,final_balanced,124,34,780,746,0,650,27,19,77,37,14,6,131,43
42,final_balanced,125,36,787,751,0,652,23,12,87,38,18,6,121,40
42,final_balanced,126,31,794,763,0,655,13,17,91,39,15,6,121,40
42,final_balanced,127,32,800,768,0,660,5,17,91,47,17,6,121,40
42,final_balanced,128,35,806,771,0,664,15,8,99,38,18,6,121,40
42,final_balanced,129,37,813,776,0,674,21,8,94,37,20,5,121,40
42,final_balanced,130,27,819,792,0,682,18,21,89,32,18,3,131,43
42,final_balanced,131,11,825,814,0,688,16,38,88,18,10,2,131,43
42,final_balanced,132,13,831,818,0,691,18,26,101,15,10,3,131,43
42,final_balanced,133,16,836,820,0,696,24,6,118,12,11,3,131,43
42,final_balanced,134,21,842,821,0,700,22,3,118,17,12,4,131,43
42,final_balanced,135,22,847,825,0,705,8,5,115,32,10,4,131,43
42,final_balanced,136,25,855,830,0,716,5,9,105,41,9,4,131,43
42,final_balanced,137,30,862,832,0,723,28,7,102,23,9,6,131,43
42,final_balanced,138,34,869,835,0,728,36,5,102,17,12,6,131,43
42,final_balanced,139,37,874,837,0,734,14,5,98,43,12,6,131,43
42,final_balanced,140,37,879,842,0,737,20,7,98,35,11,6,131,43
42,final_balanced,141,40,884,844,0,744,33,7,93,27,11,7,131,43
42,final_balanced,142,45,889,844,0,757,35,2,85,38,11,8,131,43
42,final_balanced,143,38,894,856,0,767,48,12,77,23,11,6,131,43
42,final_balanced,144,38,901,863,0,773,41,19,71,29,12,8,131,43
42,final_balanced,145,37,906,869,0,783,30,13,73,44,10,8,131,43
42,final_balanced,146,39,912,873,0,788,51,10,75,24,10,8,131,43
42,final_balanced,147,42,918,876,0,794,74,7,75,4,10,8,131,43
42,final_balanced,148,45,924,879,0,800,74,6,73,7,12,9,131,43
42,final_balanced,149,50,931,881,0,804,63,5,72,20,13,10,131,43
42,final_balanced,150,48,936,888,0,810,48,9,69,34,15,9,131,43
42,final_balanced,151,52,942,890,0,817,33,9,64,54,17,9,131,43
42,final_balanced,152,50,949,899,0,824,37,11,64,48,19,8,131,43
42,final_balanced,153,32,955,923,0,829,37,33,61,29,17,5,131,43
42,final_balanced,154,28,960,932,0,832,31,33,67,29,15,5,131,43
42,final_balanced,155,19,965,946,0,834,23,23,89,25,10,4,126,43
42,final_balanced,156,25,973,948,0,839,35,16,93,16,14,4,126,43
42,final_balanced,157,30,979,949,0,845,24,3,101,32,15,4,126,43
42,final_balanced,158,30,985,955,0,851,22,7,97,34,17,4,126,43
42,final_balanced,159,18,991,973,0,856,33,24,93,10,11,4,126,43
42,final_balanced,160,17,999,982,0,862,22,27,93,18,12,3,131,43
42,final_balanced,161,18,1004,986,0,865,13,13,108,26,12,3,131,43
42,final_balanced,162,18,1009,991,0,870,13,9,112,26,13,3,131,43
42,final_balanced,163,19,1014,995,0,875,13,9,111,27,11,4,131,43
42,final_balanced,164,12,1020,1008,0,881,14,17,110,19,11,2,131,43
42,final_balanced,165,11,1028,1017,0,889,14,22,106,18,10,2,131,43
42,final_balanced,166,16,1036,1020,0,892,13,12,116,19,11,3,131,43
42,final_balanced,167,17,1043,1026,0,901,19,9,116,16,11,3,131,43
42,final_balanced,168,21,1051,1030,0,914,21,10,106,23,12,3,131,43
42,final_balanced,169,20,1056,1036,0,917,15,10,109,26,9,4,131,43
42,final_balanced,170,26,1064,1038,0,923,29,8,107,16,10,6,131,43
42,final_balanced,171,31,1070,1039,0,936,38,3,100,19,11,6,131,43
42,final_balanced,172,35,1076,1041,0,944,41,3,94,22,9,6,131,43
42,final_balanced,173,35,1082,1047,0,953,44,8,86,22,10,6,131,43
42,final_balanced,174,36,1087,1051,0,963,33,10,78,39,10,7,131,43
42,final_balanced,175,30,1095,1065,0,972,28,18,75,39,8,5,131,43
42,final_balanced,176,29,1100,1071,0,979,42,20,72,26,8,5,131,43
42,final_balanced,177,33,1108,1075,0,987,57,10,78,15,9,6,131,43
42,final_balanced,178,25,1113,1088,0,995,59,17,76,8,10,4,131,43
42,final_balanced,179,27,1119,1092,0,998,49,17,77,17,11,6,131,43
42,final_balanced,180,25,1127,1102,0,1000,23,14,88,35,13,4,121,40
42,final_balanced,181,29,1133,1104,0,1002,8,12,90,50,16,3,121,40
42,final_balanced,182,32,1140,1108,0,1009,14,6,93,47,18,3,121,40
42,final_balanced,183,24,1147,1123,0,1015,27,19,89,25,14,3,121,40
42,final_balanced,184,21,1155,1134,0,1023,32,26,85,17,13,3,121,40
42,final_balanced,185,22,1161,1139,0,1031,36,16,92,16,15,3,131,43
42,final_balanced,186,14,1166,1152,0,1037,36,18,97,9,11,3,131,43
42,final_balanced,187,16,1173,1157,0,1044,24,18,95,23,15,2,131,43
42,final_balanced,188,18,1178,1160,0,1047,14,8,105,33,15,3,131,43
42,final_balanced,189,19,1185,1166,0,1053,11,9,104,36,15,3,131,43
42,final_balanced,190,18,1190,1172,0,1059,10,12,101,37,13,3,131,43
42,final_balanced,191,15,1198,1183,0,1062,17,17,104,22,11,3,131,43
42,final_balanced,192,20,1205,1185,0,1064,19,13,108,20,13,4,131,43
42,final_balanced,193,22,1211,1189,0,1072,11,6,111,32,14,5,131,43
42,final_balanced,194,23,1217,1194,0,1084,5,9,101,45,12,5,131,43
42,final_balanced,195,21,1225,1204,0,1090,15,15,99,31,12,6,131,43
42,final_balanced,196,12,1230,1218,0,1100,19,24,94,23,9,3,131,43
42,final_balanced,197,13,1235,1222,0,1108,2,18,96,44,9,3,131,43
42,final_balanced,198,11,1240,1229,0,1116,5,11,102,42,7,3,131,43
42,final_balanced,199,9,1247,1238,0,1120,13,16,102,29,7,2,131,43
42,final_balanced,200,14,1253,1239,0,1125,23,10,104,23,9,4,131,43
42,final_balanced,201,21,1261,1240,0,1132,30,2,106,22,10,6,131,43
42,final_balanced,202,23,1268,1245,0,1142,23,6,97,34,11,5,131,43
42,final_balanced,203,26,1273,1247,0,1148,25,7,92,36,11,6,131,43
42,final_balanced,204,30,1280,1250,0,1156,42,5,89,24,11,5,131,43
42,final_balanced,205,32,1286,1254,0,1163,43,7,84,26,11,5,131,43
42,final_balanced,206,35,1291,1256,0,1172,44,6,78,32,12,5,131,43
42,final_balanced,207,34,1297,1263,0,1178,37,9,76,38,11,6,131,43
42,final_balanced,208,36,1305,1269,0,1183,40,13,73,34,10,6,131,43
42,final_balanced,209,40,1311,1271,0,1188,58,8,75,19,12,7,131,43
42,final_balanced,210,44,1319,1275,0,1195,46,6,74,34,17,7,131,43
42,final_balanced,211,48,1327,1279,0,1198,23,8,73,56,18,7,131,43
42,final_balanced,212,47,1334,1287,0,1204,34,12,71,43,17,7,131,43
42,final_balanced,213,42,1340,1298,0,1212,54,19,67,20,18,7,131,43
42,final_balanced,214,33,1345,1312,0,1219,57,25,68,10,13,6,131,43
42,final_balanced,215,36,1353,1317,0,1224,56,19,74,11,18,6,131,43
42,final_balanced,216,38,1360,1322,0,1229,51,10,83,16,20,6,131,43
42,final_balanced,217,40,1366,1326,0,1235,51,9,82,18,19,6,131,43
42,final_balanced,218,45,1374,1329,0,1241,52,7,81,20,21,6,131,43
42,final_balanced,219,45,1381,1336,0,1245,43,10,81,26,19,5,131,43
42,final_balanced,220,43,1386,1343,0,1250,25,14,79,42,18,5,131,43
42,final_balanced,221,46,1392,1346,0,1253,16,10,83,51,18,5,131,43
42,final_balanced,222,41,1398,1357,0,1256,15,14,87,44,16,8,131,43
42,final_balanced,223,39,1405,1366,0,1262,27,20,84,29,10,9,131,43
42,final_balanced,224,41,1410,1369,0,1269,35,12,88,25,9,9,131,43
42,final_balanced,225,47,1417,1370,0,1269,42,4,97,17,9,9,131,43
42,final_balanced,226,40,1422,1382,0,1276,51,13,93,3,10,7,131,43
42,final_balanced,227,48,1430,1382,0,1282,42,12,88,18,11,9,131,43
42,final_balanced,228,51,1437,1386,0,1290,40,4,92,24,9,9,131,43
42,final_balanced,229,55,1442,1387,0,1296,53,5,86,16,11,10,131,43
42,final_balanced,230,56,1447,1391,0,1299,39,5,87,29,13,9,131,43
42,final_balanced,231,55,1454,1399,0,1305,26,12,82,40,11,10,131,43
42,final_balanced,232,55,1459,1404,0,1315,42,13,76,29,9,9,131,43
42,final_balanced,233,59,1464,1405,0,1319,53,6,80,21,9,9,131,43
42,final_balanced,234,63,1470,1407,0,1328,58,3,76,23,12,9,131,43
42,final_balanced,235,58,1477,1419,0,1337,38,14,68,40,13,10,111,40
42,final_balanced,236,52,1484,1432,0,1341,20,25,66,49,10,10,111,40
42,final_balanced,237,59,1492,1433,0,1345,43,14,74,29,9,13,111,40
42,final_balanced,238,64,1498,1434,0,1352,65,2,80,13,9,14,111,40
42,final_balanced,239,62,1503,1441,0,1360,71,8,73,8,9,13,111,40
42,final_balanced,240,60,1510,1450,0,1365,67,16,69,8,13,12,131,43
42,final_balanced,241,63,1515,1452,0,1368,29,11,73,47,17,11,131,43
42,final_balanced,242,64,1522,1458,0,1374,14,8,76,62,16,11,131,43
42,final_balanced,243,51,1527,1476,0,1379,21,24,73,42,10,11,131,43
42,final_balanced,244,51,1535,1484,0,1383,33,26,75,26,10,11,131,43
42,final_balanced,245,46,1540,1494,0,1389,40,18,87,15,10,9,131,43
42,final_balanced,246,41,1547,1506,0,1399,29,22,85,24,11,8,131,43
42,final_balanced,247,34,1552,1518,0,1401,24,24,93,19,13,6,131,43
42,final_balanced,248,36,1558,1522,0,1405,24,16,101,19,16,5,131,43
42,final_balanced,249,38,1563,1525,0,1412,30,7,106,17,18,5,131,43
42,final_balanced,250,35,1570,1535,0,1417,29,13,105,13,17,5,131,43
42,final_balanced,251,40,1577,1537,0,1420,21,12,105,22,20,5,131,43
42,final_balanced,252,40,1583,1543,0,1426,20,8,109,23,18,5,131,43
42,final_balanced,253,41,1588,1547,0,1429,21,10,108,21,20,5,131,43
42,final_balanced,254,39,1595,1556,0,1433,17,13,110,20,20,5,131,43
42,final_balanced,255,35,1601,1566,0,1441,6,19,106,29,21,5,122,43
42,final_balanced,256,33,1608,1575,0,1449,6,19,107,28,17,6,122,43
42,final_balanced,257,35,1614,1579,0,1457,7,13,109,31,16,5,122,43
42,final_balanced,258,33,1620,1587,0,1462,3,12,113,32,15,4,122,43
42,final_balanced,259,21,1626,1605,0,1467,2,26,112,20,11,4,122,43
42,final_balanced,260,24,1632,1608,0,1477,6,21,110,23,10,5,131,43
42,final_balanced,261,28,1638,1610,0,1485,19,5,120,16,9,7,131,43
42,final_balanced,262,30,1643,1613,0,1499,35,5,109,11,11,7,131,43
42,final_balanced,263,34,1651,1617,0,1504,33,7,106,14,11,7,131,43
42,final_balanced,264,33,1658,1625,0,1509,24,12,104,20,11,8,131,43
42,final_balanced,265,37,1666,1629,0,1522,23,12,95,30,10,8,131,43
42,final_balanced,266,42,1674,1632,0,1531,24,7,94,35,10,9,131,43
42,final_balanced,267,44,1682,1638,0,1537,25,9,92,34,11,8,131,43
42,final_balanced,268,34,1687,1653,0,1545,20,21,87,32,12,6,131,43
42,final_balanced,269,27,1695,1668,0,1549,15,30,89,26,10,4,131,43
42,final_balanced,270,27,1702,1675,0,1556,22,22,97,19,15,4,131,43
42,final_balanced,271,32,1707,1675,0,1562,11,7,106,36,17,4,131,43
42,final_balanced,272,30,1713,1683,0,1575,3,8,100,49,18,4,131,43
42,final_balanced,273,19,1719,1700,0,1580,6,25,95,34,11,3,131,43
42,final_balanced,274,17,1725,1708,0,1583,5,25,100,30,12,3,131,43
42,final_balanced,275,19,1730,1711,0,1593,3,11,107,39,15,3,131,43
42,final_balanced,276,16,1735,1719,0,1598,7,11,110,32,13,3,131,43
42,final_balanced,277,17,1742,1725,0,1604,8,14,107,31,11,3,131,43
42,final_balanced,278,20,1748,1728,0,1610,17,9,109,25,14,3,131,43
42,final_balanced,279,18,1756,1738,0,1617,30,13,108,9,14,3,131,43
42,final_balanced,280,19,1762,1743,0,1625,30,15,103,12,12,4,131,43
42,final_balanced,281,22,1767,1745,0,1636,25,7,102,26,12,4,131,43
42,final_balanced,282,27,1773,1746,0,1642,12,3,101,44,13,5,131,43
42,final_balanced,283,30,1781,1751,0,1652,15,6,93,46,13,6,131,43
42,final_balanced,284,29,1788,1759,0,1655,16,13,91,40,12,6,131,43
42,final_balanced,285,27,1794,1767,0,1662,10,16,89,45,12,5,121,40
42,final_balanced,286,26,1799,1773,0,1668,11,14,91,44,10,4,121,40
42,final_balanced,287,30,1807,1777,0,1682,29,10,85,36,13,5,121,40
42,final_balanced,288,32,1812,1780,0,1686,36,7,87,30,12,5,121,40
42,final_balanced,289,34,1820,1786,0,1692,37,9,85,29,10,6,121,40
42,final_balanced,290,32,1828,1796,0,1695,37,16,85,22,10,5,126,43
42,final_balanced,291,27,1835,1808,0,1707,48,22,79,11,9,6,126,43
42,final_balanced,292,31,1841,1810,0,1718,55,14,78,13,10,7,126,43
42,final_balanced,293,34,1847,1813,0,1723,52,5,85,18,11,7,126,43
42,final_balanced,294,30,1852,1822,0,1730,45,12,80,23,11,5,126,43
42,final_balanced,295,34,1858,1824,0,1736,23,11,77,49,12,7,131,43
42,final_balanced,296,37,1863,1826,0,1740,34,4,82,40,10,7,131,43
42,final_balanced,297,31,1868,1837,0,1743,57,13,81,9,12,6,131,43
42,final_balanced,298,33,1873,1840,0,1749,30,14,77,39,12,6,131,43
42,final_balanced,299,34,1878,1844,0,1754,16,7,83,54,9,7,131,43
42,final_balanced,300,33,1883,1850,0,1759,35,10,81,34,13,6,131,43
42,final_balanced,301,39,1890,1851,0,1764,43,7,80,30,17,6,131,43
42,final_balanced,302,30,1897,1867,0,1769,38,17,81,24,17,3,131,43
42,final_balanced,303,22,1905,1883,0,1779,36,32,72,20,11,5,131,43
42,final_balanced,304,22,1913,1891,0,1783,35,24,84,17,11,5,131,43
42,final_balanced,305,19,1920,1901,0,1793,35,18,90,17,10,5,131,43
42,final_balanced,306,18,1925,1907,0,1799,35,16,92,17,10,4,131,43
42,final_balanced,307,19,1932,1913,0,1803,22,12,98,28,10,4,131,43
42,final_balanced,308,24,1940,1916,0,1808,15,9,99,37,12,4,131,43
42,final_balanced,309,29,1948,1919,0,1815,26,6,98,30,10,6,131,43
42,final_balanced,310,33,1956,1923,0,1817,38,7,99,16,8,8,131,43
42,final_balanced,311,37,1962,1925,0,1825,53,6,94,7,10,9,131,43
42,final_balanced,312,44,1970,1926,0,1835,53,3,88,16,10,11,131,43
42,final_balanced,313,41,1975,1934,0,1843,45,9,82,24,11,12,131,43
42,final_balanced,314,47,1983,1936,0,1848,43,10,78,29,10,13,131,43
42,final_balanced,315,49,1990,1941,0,1854,57,7,80,16,10,13,131,43
42,final_balanced,316,53,1996,1943,0,1861,75,7,75,3,10,13,131,43
42,final_balanced,317,59,2002,1943,0,1868,80,2,73,5,10,13,131,43
42,final_balanced,318,65,2010,1945,0,1875,84,2,68,6,10,13,131,43
42,final_balanced,319,69,2016,1947,0,1884,87,4,59,10,9,14,131,43
42,final_balanced,320,75,2023,1948,0,1889,88,3,56,13,12,14,131,43
42,final_balanced,321,76,2030,1954,0,1897,76,7,50,27,13,13,131,43
42,final_balanced,322,78,2038,1960,0,1904,73,12,44,31,11,12,131,43
42,final_balanced,323,81,2043,1962,0,1913,69,8,41,42,12,13,131,43
42,final_balanced,324,87,2051,1964,0,1914,60,4,46,50,12,14,131,43
42,final_balanced,325,79,2058,1979,0,1916,61,17,46,36,12,12,131,43
42,final_balanced,326,78,2065,1987,0,1920,65,23,44,28,11,11,131,43
42,final_balanced,327,76,2072,1996,0,1923,65,17,56,22,12,11,131,43
42,final_balanced,328,78,2080,2002,0,1926,53,15,61,31,11,13,131,43
42,final_balanced,329,82,2088,2006,0,1929,52,10,67,31,10,13,131,43
42,final_balanced,330,87,2095,2008,0,1931,48,6,71,35,15,13,131,43
42,final_balanced,331,82,2103,2021,0,1932,22,15,74,49,18,11,131,43
42,final_balanced,332,67,2111,2044,0,1934,20,36,74,30,18,8,131,43
42,final_balanced,333,62,2119,2057,0,1939,13,36,82,29,17,8,131,43
42,final_balanced,334,65,2125,2060,0,1942,5,16,102,37,20,8,131,43
42,final_balanced,335,56,2131,2075,0,1947,10,18,110,22,16,8,121,40
42,final_balanced,336,56,2138,2082,0,1956,16,22,104,18,16,8,121,40
42,final_balanced,337,60,2144,2084,0,1965,22,9,110,19,18,8,121,40
42,final_balanced,338,59,2149,2090,0,1967,22,8,115,15,19,7,121,40
42,final_balanced,339,55,2155,2100,0,1972,19,16,112,13,20,7,121,40
42,final_balanced,340,59,2163,2104,0,1977,19,14,113,14,23,7,131,43
42,final_balanced,341,60,2168,2108,0,1981,2,8,119,31,23,7,131,43
42,final_balanced,342,62,2174,2112,0,1990,2,8,114,36,22,7,131,43
42,final_balanced,343,62,2182,2120,0,1998,3,12,110,35,23,6,131,43
42,final_balanced,344,59,2190,2131,0,2004,5,19,108,28,20,6,131,43
42,final_balanced,345,48,2195,2147,0,2015,6,27,105,22,15,6,131,43
42,final_balanced,346,52,2203,2151,0,2027,9,20,104,27,18,6,131,43
42,final_balanced,347,39,2211,2172,0,2036,9,25,111,15,19,5,131,43
42,final_balanced,348,39,2219,2180,0,2042,1,29,109,21,22,4,131,43
42,final_balanced,349,39,2226,2187,0,2049,1,15,123,21,19,5,131,43
42,final_balanced,350,44,2234,2190,0,2052,4,10,128,18,19,6,131,43
42,final_balanced,351,47,2241,2194,0,2063,8,7,124,21,17,6,131,43
42,final_balanced,352,41,2246,2205,0,2073,10,15,117,18,16,6,131,43
42,final_balanced,353,40,2253,2213,0,2078,10,19,116,15,16,5,131,43
42,final_balanced,354,33,2258,2223,2,2091,1,18,114,27,15,4,131,43
42,final_balanced,355,34,2266,2230,2,2098,2,17,115,26,13,5,131,43
42,final_balanced,356,34,2272,2236,2,2104,2,13,119,26,13,6,131,43
42,final_balanced,357,37,2277,2238,2,2114,10,8,116,26,11,6,131,43
42,final_balanced,358,36,2282,2244,2,2120,19,8,116,17,10,8,131,43
42,final_balanced,359,37,2289,2250,2,2127,20,12,111,17,11,7,131,43
42,final_balanced,360,30,2295,2263,2,2132,12,19,112,17,14,5,126,43
42,final_balanced,361,34,2301,2265,2,2138,4,15,112,29,17,5,126,43
42,final_balanced,362,36,2309,2271,2,2154,5,8,109,38,20,5,126,43
42,final_balanced,363,30,2316,2284,2,2166,7,19,99,35,15,5,126,43
42,final_balanced,364,26,2321,2293,2,2172,10,22,99,29,15,4,126,43
42,final_balanced,365,25,2326,2299,2,2178,12,15,106,27,13,4,131,43
42,final_balanced,366,20,2334,2312,2,2187,15,19,106,20,11,4,131,43
42,final_balanced,367,14,2342,2326,2,2194,17,27,105,11,10,2,131,43
42,final_balanced,368,12,2347,2333,2,2200,18,21,112,9,11,2,131,43
42,final_balanced,369,13,2353,2338,2,2206,20,12,120,8,12,2,131,43
42,final_balanced,370,17,2361,2342,2,2215,13,9,118,20,12,3,131,43
42,final_balanced,371,19,2366,2345,2,2219,13,7,119,21,13,3,131,43
42,final_balanced,372,21,2373,2350,2,2226,9,8,116,27,13,3,131,43
42,final_balanced,373,23,2380,2355,2,2238,11,10,107,32,15,4,131,43
42,final_balanced,374,23,2385,2360,2,2246,10,10,104,36,12,3,131,43
42,final_balanced,375,30,2393,2361,2,2256,13,6,99,42,14,6,131,43
42,final_balanced,376,20,2399,2377,2,2267,29,17,93,21,10,6,131,43
42,final_balanced,377,23,2405,2380,2,2272,42,19,89,10,12,8,131,43
42,final_balanced,378,25,2411,2384,2,2282,50,7,95,8,9,8,131,43
42,final_balanced,379,28,2416,2386,2,2289,57,6,91,6,9,9,131,43
42,final_balanced,380,33,2424,2389,2,2297,66,5,87,2,9,8,115,42
42,final_balanced,381,38,2432,2392,2,2307,72,6,79,3,10,9,115,42
42,final_balanced,382,44,2438,2392,2,2317,81,3,72,4,10,9,115,42
42,final_balanced,383,45,2443,2396,2,2324,83,4,68,5,12,6,115,42
42,final_balanced,384,49,2449,2398,2,2328,74,6,64,16,12,7,115,42
42,final_balanced,385,51,2454,2401,2,2334,63,5,62,30,10,7,131,43
42,final_balanced,386,54,2459,2403,2,2342,68,5,56,31,12,8,131,43
42,final_balanced,387,57,2465,2406,2,2346,76,5,55,24,13,8,131,43
42,final_balanced,388,59,2472,2411,2,2351,84,8,52,16,10,10,131,43
42,final_balanced,389,62,2477,2413,2,2358,86,7,48,19,10,10,131,43
42,final_balanced,390,60,2484,2422,2,2362,70,11,49,30,10,10,121,40
42,final_balanced,391,53,2492,2437,2,2367,54,24,46,36,12,9,121,40
42,final_balanced,392,53,2498,2443,2,2374,32,21,48,59,17,8,121,40
42,final_balanced,393,51,2503,2450,2,2375,41,13,62,44,17,8,121,40
42,final_balanced,394,39,2511,2470,2,2377,51,27,66,16,9,8,121,40
42,final_balanced,395,46,2519,2471,2,2381,56,21,69,14,15,8,131,43
42,final_balanced,396,44,2524,2478,2,2386,56,8,84,12,16,8,131,43
42,final_balanced,397,49,2532,2481,2,2387,56,10,84,10,18,8,131,43
42,final_balanced,398,45,2537,2490,2,2392,55,12,86,7,18,8,131,43
42,final_balanced,399,48,2542,2492,2,2396,54,11,85,10,19,8,131,43
42,final_balanced,400,47,2547,2498,2,2401,55,8,89,8,18,6,131,43
42,final_balanced,401,49,2552,2501,2,2403,56,9,89,6,17,6,131,43
42,final_balanced,402,51,2558,2505,2,2406,58,7,92,3,17,7,131,43
42,final_balanced,403,55,2565,2508,2,2411,57,7,90,6,18,9,131,43
42,final_balanced,404,59,2573,2512,2,2418,51,7,87,15,20,10,131,43
42,final_balanced,405,59,2578,2517,2,2424,54,9,84,13,18,11,131,43
42,final_balanced,406,62,2586,2522,2,2431,63,10,81,6,19,10,131,43
42,final_balanced,407,65,2591,2524,2,2434,55,7,83,15,20,11,131,43
42,final_balanced,408,68,2597,2527,2,2440,53,5,82,20,22,11,131,43
42,final_balanced,409,71,2602,2529,2,2448,48,5,76,31,21,11,131,43
42,final_balanced,410,73,2609,2534,2,2458,35,7,69,49,21,12,131,43
42,final_balanced,411,77,2617,2538,2,2464,36,9,65,50,21,13,131,43
42,final_balanced,412,75,2624,2547,2,2472,38,13,62,47,20,12,131,43
42,final_balanced,413,66,2632,2562,4,2478,47,24,60,29,17,10,131,43
42,final_balanced,414,58,2638,2574,6,2483,49,27,64,20,14,9,131,43
42,final_balanced,415,63,2646,2577,6,2486,40,15,76,29,12,9,131,43
42,final_balanced,416,67,2653,2580,6,2490,46,6,84,24,13,10,131,43
42,final_balanced,417,65,2659,2588,6,2496,45,11,81,23,12,9,131,43
42,final_balanced,418,69,2666,2591,6,2501,26,11,79,44,12,10,131,43
42,final_balanced,419,71,2671,2594,6,2506,31,6,82,41,11,10,131,43
42,final_balanced,420,68,2679,2605,6,2508,42,14,83,21,15,9,131,43
42,final_balanced,421,71,2684,2607,6,2511,16,13,83,48,17,9,131,43
42,final_balanced,422,69,2691,2616,6,2518,9,11,87,53,17,9,131,43
42,final_balanced,423,57,2696,2633,6,2522,20,26,85,29,10,9,131,43
42,final_balanced,424,55,2702,2641,6,2528,30,25,88,17,11,8,131,43
42,final_balanced,425,50,2708,2652,6,2531,26,19,102,13,13,7,131,43
42,final_balanced,426,53,2716,2657,6,2540,10,16,101,33,16,7,131,43
42,final_balanced,427,55,2724,2663,6,2545,10,11,107,32,18,7,131,43
42,final_balanced,428,45,2731,2680,6,2553,9,23,104,24,15,7,131,43
42,final_balanced,429,42,2737,2689,6,2560,6,26,103,25,15,6,131,43
42,final_balanced,430,49,2745,2690,6,2567,15,10,113,22,20,6,131,43
42,final_balanced,431,51,2750,2693,6,2573,8,4,116,32,20,5,131,43
42,final_balanced,432,46,2758,2706,6,2578,7,16,112,25,20,4,131,43
42,final_balanced,433,38,2763,2719,6,2588,11,26,105,18,19,5,131,43
42,final_balanced,434,40,2769,2723,6,2598,5,17,108,30,19,4,131,43
42,final_balanced,435,38,2775,2731,6,2601,4,12,118,26,20,4,131,43
42,final_balanced,436,30,2782,2746,6,2609,4,23,114,19,16,5,131,43
42,final_balanced,437,28,2788,2754,6,2615,4,23,116,17,15,5,131,43
42,final_balanced,438,26,2796,2764,6,2622,5,18,124,13,13,4,131,43
42,final_balanced,439,27,2801,2768,6,2631,12,14,123,11,11,5,131,43
42,final_balanced,440,30,2809,2773,6,2639,12,9,125,14,13,6,131,43
42,final_balanced,441,36,2815,2773,6,2647,3,5,121,31,14,7,131,43
42,final_balanced,442,39,2822,2777,6,2655,2,4,118,36,10,7,131,43
42,final_balanced,443,43,2829,2780,6,2664,17,7,109,27,10,8,131,43
42,final_balanced,444,45,2834,2783,6,2676,25,6,101,28,11,6,131,43
42,final_balanced,445,48,2842,2788,6,2684,25,8,96,31,12,7,121,40
42,final_balanced,446,50,2850,2794,6,2691,24,11,92,33,10,7,121,40
42,final_balanced,447,53,2858,2799,6,2697,36,11,91,22,10,10,121,40
42,final_balanced,448,47,2866,2813,6,2701,41,19,93,7,10,8,121,40
42,final_balanced,449,48,2872,2818,6,2717,46,19,82,13,10,10,121,40
42,final_balanced,450,51,2879,2822,6,2723,44,9,90,17,13,10,131,43
42,final_balanced,451,50,2885,2829,6,2732,25,11,86,38,16,9,131,43
42,final_balanced,452,52,2893,2835,6,2735,19,13,87,41,17,9,131,43
42,final_balanced,453,38,2898,2854,6,2740,33,25,89,13,11,9,131,43
42,final_balanced,454,37,2904,2861,6,2748,24,26,87,23,10,9,131,43
42,final_balanced,455,37,2909,2866,6,2759,28,12,95,25,10,9,131,43
42,final_balanced,456,36,2917,2875,6,2764,31,14,97,18,12,7,131,43
42,final_balanced,457,36,2922,2880,6,2773,14,14,93,39,14,7,131,43
42,final_balanced,458,38,2927,2883,6,2776,17,8,99,36,16,7,131,43
42,final_balanced,459,38,2935,2891,6,2779,16,11,101,32,17,7,131,43
42,final_balanced,460,33,2940,2901,6,2783,17,18,100,25,13,6,131,43
42,final_balanced,461,29,2946,2911,6,2790,22,20,101,17,16,5,131,43
42,final_balanced,462,35,2954,2913,6,2794,16,12,107,25,21,5,131,43
42,final_balanced,463,37,2961,2918,6,2800,15,7,111,27,20,4,131,43
42,final_balanced,464,39,2968,2923,6,2809,17,10,104,29,17,7,131,43
42,final_balanced,465,37,2974,2931,6,2820,25,13,98,24,13,9,131,43
42,final_balanced,466,41,2980,2933,6,2833,31,10,90,29,16,8,131,43
42,final_balanced,467,43,2988,2939,6,2839,32,8,92,28,18,8,131,43
42,final_balanced,468,34,2994,2954,6,2846,27,21,87,25,11,7,131,43
42,final_balanced,469,35,2999,2958,6,2855,28,19,84,29,12,7,131,43
42,final_balanced,470,38,3005,2961,6,2861,40,7,93,20,10,9,131,43
42,final_balanced,471,42,3012,2964,6,2866,50,6,92,12,10,9,131,43
42,final_balanced,472,47,3020,2967,6,2869,54,6,92,8,10,9,131,43
42,final_balanced,473,50,3026,2970,6,2875,53,6,89,12,11,10,131,43
42,final_balanced,474,54,3033,2973,6,2882,46,6,85,23,11,10,131,43
42,final_balanced,475,57,3039,2976,6,2886,44,6,84,26,11,10,131,43
42,final_balanced,476,61,3045,2978,6,2895,46,5,78,31,13,12,131,43
42,final_balanced,477,68,3053,2979,6,2897,35,3,79,43,14,13,131,43
42,final_balanced,478,58,3059,2995,6,2906,36,17,72,35,10,10,131,43
42,final_balanced,479,58,3067,3003,6,2913,52,24,66,18,12,11,131,43
42,final_balanced,480,59,3072,3007,6,2919,39,12,76,33,16,11,131,43
42,final_balanced,481,53,3077,3018,6,2928,14,15,75,56,18,11,131,43
42,final_balanced,482,48,3085,3031,6,2938,19,24,69,48,19,9,131,43
42,final_balanced,483,35,3092,3051,6,2942,30,33,76,21,12,7,131,43
42,final_balanced,484,31,3099,3062,6,2945,10,31,86,33,12,7,131,43
42,final_balanced,485,30,3107,3071,6,2950,1,20,101,38,11,7,131,43
42,final_balanced,486,37,3114,3071,6,2952,12,9,110,29,16,7,131,43
42,final_balanced,487,40,3122,3076,6,2955,16,5,116,23,16,6,131,43
42,final_balanced,488,35,3128,3087,6,2958,17,16,113,14,18,4,131,43
42,final_balanced,489,38,3134,3090,6,2969,17,14,107,22,19,6,131,43
42,final_balanced,490,39,3140,3095,6,2974,9,8,113,30,17,7,126,43
42,final_balanced,491,37,3148,3105,6,2979,4,15,111,30,16,5,126,43
42,final_balanced,492,40,3156,3110,6,2984,9,15,111,25,14,6,126,43
42,final_balanced,493,44,3163,3113,6,2991,14,8,114,24,14,7,126,43
42,final_balanced,494,39,3170,3125,6,2997,17,15,113,15,13,6,126,43
42,final_balanced,495,39,3177,3132,6,3000,18,19,113,10,13,7,131,43
42,final_balanced,496,43,3184,3135,6,3010,21,10,115,14,12,6,131,43
42,final_balanced,497,49,3192,3137,6,3018,24,5,114,17,12,7,131,43
42,final_balanced,498,50,3198,3142,6,3028,25,7,107,21,11,7,131,43
42,final_balanced,499,50,3205,3149,6,3038,25,12,99,24,11,7,131,43
42,final_balanced,500,46,3210,3158,6,3047,21,16,95,28,12,8,131,43
42,final_balanced,501,48,3215,3161,6,3060,28,12,89,31,11,8,131,43
42,final_balanced,502,46,3222,3170,6,3069,27,12,89,32,11,7,131,43
42,final_balanced,503,50,3228,3172,6,3076,24,11,85,40,11,9,131,43
42,final_balanced,504,49,3236,3181,6,3080,14,11,90,45,10,10,131,43
42,final_balanced,505,43,3244,3195,6,3087,27,23,85,25,9,10,131,43
42,final_balanced,506,41,3252,3205,6,3091,41,24,90,5,11,8,131,43
42,final_balanced,507,46,3259,3207,6,3100,24,12,95,29,14,8,131,43
42,final_balanced,508,51,3266,3209,6,3107,18,4,98,40,13,10,131,43
42,final_balanced,509,51,3273,3216,6,3115,19,9,92,40,11,10,131,43
42,final_balanced,510,54,3279,3219,6,3122,25,10,87,38,14,9,131,43
42,final_balanced,511,45,3286,3235,6,3132,26,19,84,31,18,8,131,43
42,final_balanced,512,41,3292,3245,6,3136,27,26,83,24,20,7,131,43
42,final_balanced,513,33,3297,3258,6,3138,19,23,97,21,17,5,131,43
42,final_balanced,514,34,3302,3262,6,3142,19,17,103,21,16,5,131,43
42,final_balanced,515,36,3308,3266,6,3148,20,8,110,22,17,5,131,43
42,final_balanced,516,41,3316,3269,6,3156,20,7,106,27,20,6,131,43
42,final_balanced,517,29,3324,3289,6,3163,12,23,103,22,15,5,131,43
42,final_balanced,518,25,3329,3298,6,3167,7,29,102,22,12,5,131,43
42,final_balanced,519,32,3337,3299,6,3174,6,10,115,29,12,6,131,43
42,final_balanced,520,34,3344,3304,6,3182,12,6,116,26,9,7,101,38
42,final_balanced,521,38,3351,3307,6,3185,23,8,114,15,11,7,101,38
42,final_balanced,522,45,3358,3307,6,3195,25,3,109,23,12,7,101,38
42,final_balanced,523,44,3366,3316,6,3203,26,9,104,21,13,7,101,38
42,final_balanced,524,42,3373,3325,6,3217,19,18,90,33,13,8,101,38
42,final_balanced,525,44,3380,3330,6,3225,12,14,91,43,11,10,126,43
42,final_balanced,526,36,3385,3343,6,3235,23,18,90,29,9,8,126,43
42,final_balanced,527,42,3392,3344,6,3241,38,14,89,19,9,10,126,43
42,final_balanced,528,46,3399,3347,6,3249,44,4,94,18,9,10,126,43
42,final_balanced,529,43,3404,3355,6,3257,47,11,87,15,11,8,126,43
42,final_balanced,530,39,3412,3367,6,3264,36,20,83,21,13,6,131,43
42,final_balanced,531,41,3418,3371,6,3272,27,16,83,34,13,6,131,43
42,final_balanced,532,40,3423,3377,6,3279,30,10,88,32,11,7,131,43
42,final_balanced,533,44,3430,3380,6,3286,45,9,85,21,14,7,131,43
42,final_balanced,534,45,3435,3384,6,3294,27,7,83,43,17,7,131,43
42,final_balanced,535,45,3442,3391,6,3299,10,11,81,58,13,8,131,43
42,final_balanced,536,45,3449,3398,6,3307,14,14,77,55,12,8,131,43
42,final_balanced,537,52,3456,3398,6,3314,18,7,77,58,14,9,131,43
42,final_balanced,538,45,3464,3413,6,3319,20,15,79,46,13,7,131,43
42,final_balanced,539,42,3471,3423,6,3322,29,25,76,30,11,7,131,43
42,final_balanced,540,36,3476,3434,6,3327,38,21,86,15,12,6,131,43
42,final_balanced,541,40,3482,3436,6,3336,33,13,87,27,15,6,131,43
42,final_balanced,542,44,3489,3439,6,3341,27,5,93,35,19,6,131,43
42,final_balanced,543,36,3497,3455,6,3346,5,19,90,46,14,5,131,43
42,final_balanced,544,37,3503,3460,6,3350,8,21,89,42,15,5,131,43
42,final_balanced,545,36,3509,3467,6,3355,3,12,100,45,17,4,131,43
42,final_balanced,546,31,3516,3479,6,3362,1,19,98,42,19,4,131,43
42,final_balanced,547,21,3523,3496,6,3368,11,29,99,21,11,4,131,43
42,final_balanced,548,20,3530,3504,6,3374,3,25,105,27,11,4,131,43
42,final_balanced,549,21,3537,3510,6,3380,1,14,116,29,12,4,131,43
42,final_balanced,550,25,3545,3514,6,3385,4,10,119,27,16,4,126,43
42,final_balanced,551,27,3553,3520,6,3394,8,10,116,26,15,3,126,43
42,final_balanced,552,29,3559,3524,6,3402,5,10,112,33,18,3,126,43
42,final_balanced,553,18,3564,3540,6,3408,1,20,112,27,14,3,126,43
42,final_balanced,554,12,3572,3554,6,3417,6,30,107,17,8,3,126,43
42,final_balanced,555,18,3579,3555,6,3421,9,15,119,17,14,3,131,43
42,final_balanced,556,14,3585,3565,6,3429,8,11,125,16,7,4,131,43
42,final_balanced,557,19,3592,3567,6,3436,9,12,119,20,11,4,131,43
42,final_balanced,558,21,3600,3573,6,3450,9,8,115,28,11,4,131,43
42,final_balanced,559,22,3608,3580,6,3458,8,13,109,30,12,4,131,43
42,final_balanced,560,16,3613,3591,6,3468,8,18,105,29,11,2,131,43
42,final_balanced,561,12,3619,3601,6,3476,16,21,104,19,9,3,131,43
42,final_balanced,562,13,3627,3608,6,3484,30,17,107,6,8,3,131,43
42,final_balanced,563,18,3634,3610,6,3488,32,9,113,6,9,3,131,43
42,final_balanced,564,26,3642,3610,6,3493,24,2,115,19,10,6,131,43
42,final_balanced,565,26,3647,3615,6,3503,27,5,107,21,9,5,131,43
42,final_balanced,566,27,3655,3622,6,3511,40,12,99,9,10,6,131,43
42,final_balanced,567,29,3662,3627,6,3518,44,12,97,7,11,5,131,43
42,final_balanced,568,32,3670,3632,6,3527,39,10,95,16,13,6,131,43
42,final_balanced,569,33,3675,3636,6,3537,36,9,90,25,12,8,131,43
42,final_balanced,570,35,3682,3641,6,3543,39,9,89,23,15,7,121,43
42,final_balanced,571,36,3690,3648,6,3560,45,12,76,27,17,6,121,43
42,final_balanced,572,40,3698,3652,6,3567,36,11,74,39,19,5,121,43
42,final_balanced,573,34,3704,3664,6,3572,27,16,76,41,17,5,121,43
42,final_balanced,574,34,3710,3670,6,3576,27,18,76,39,17,5,121,43
42,final_balanced,575,32,3718,3680,6,3582,37,16,82,25,17,4,131,43
42,final_balanced,576,28,3724,3690,6,3588,41,20,82,17,14,4,131,43
42,final_balanced,577,28,3732,3698,6,3593,33,18,87,22,14,5,131,43
42,final_balanced,578,31,3737,3700,6,3597,43,10,93,14,14,5,131,43
42,final_balanced,579,38,3745,3701,6,3602,42,3,96,19,16,6,131,43
42,final_balanced,580,40,3750,3704,6,3612,36,4,88,32,15,6,131,43
42,final_balanced,581,43,3758,3709,6,3623,39,8,78,35,14,7,131,43
42,final_balanced,582,49,3766,3711,6,3623,31,7,81,41,13,8,131,43
42,final_balanced,583,42,3771,3723,6,3630,21,14,79,46,11,8,131,43
42,final_balanced,584,42,3776,3728,6,3640,27,17,71,45,11,8,131,43
42,final_balanced,585,43,3783,3734,6,3642,40,11,81,28,11,7,131,43
42,final_balanced,586,34,3788,3748,6,3648,48,20,80,12,12,6,131,43
42,final_balanced,587,40,3796,3750,6,3651,46,16,83,15,12,8,131,43
42,final_balanced,588,44,3802,3752,6,3658,39,4,90,27,12,10,131,43
42,final_balanced,589,48,3809,3755,6,3663,37,5,87,31,12,10,131,43
42,final_balanced,590,49,3816,3761,6,3667,40,9,85,26,12,11,131,43
42,final_balanced,591,51,3824,3767,6,3678,50,12,77,21,13,9,131,43
42,final_balanced,592,54,3830,3770,6,3683,41,9,78,32,14,9,131,43
42,final_balanced,593,58,3838,3774,6,3689,37,7,78,38,13,10,131,43
42,final_balanced,594,50,3845,3789,6,3695,38,19,75,28,11,8,131,43
42,final_balanced,595,50,3851,3795,6,3701,29,21,73,37,13,9,131,43
42,final_balanced,596,53,3857,3798,6,3706,22,9,83,46,12,9,131,43
42,final_balanced,597,46,3863,3811,6,3712,35,16,83,26,11,8,131,43
42,final_balanced,598,39,3870,3825,6,3716,45,27,82,6,11,7,131,43
42,final_balanced,599,44,3877,3827,6,3724,44,16,87,13,12,7,131,43
42,final_balanced,600,48,3884,3830,6,3727,31,5,98,26,15,7,121,40
42,final_roomy,1,0,5,5,0,0,185,5,0,0,0,0,131,43
42,final_roomy,2,6,11,5,0,0,179,5,0,6,4,2,131,43
42,final_roomy,3,14,19,5,0,0,133,0,5,52,6,4,131,43
42,final_roomy,4,14,27,13,0,0,131,8,5,46,8,4,131,43
42,final_roomy,5,0,34,34,0,0,156,29,5,0,0,0,131,43
42,final_roomy,6,0,42,42,0,0,148,29,13,0,0,0,131,43
42,final_roomy,7,1,47,46,0,0,143,12,34,1,1,1,131,43
42,final_roomy,8,1,52,51,0,0,128,9,42,11,1,1,131,43
42,final_roomy,9,8,60,52,0,0,125,6,46,13,6,3,131,43
42,final_roomy,10,14,68,54,0,0,122,3,51,14,7,3,131,43
42,final_roomy,11,19,75,56,0,0,121,4,52,13,9,5,131,43
42,final_roomy,12,12,80,68,0,0,120,14,54,2,6,4,131,43
42,final_roomy,13,18,88,70,0,0,119,14,56,1,7,4,131,43
42,final_roomy,14,22,93,71,0,2,118,3,66,3,8,6,131,43
42,final_roomy,15,27,100,73,0,3,117,3,67,3,10,5,131,43
42,final_roomy,16,32,107,75,0,3,115,4,68,3,12,6,131,43
42,final_roomy,17,36,112,76,0,6,98,3,67,22,12,5,131,43
42,final_roomy,18,39,117,78,0,11,96,3,64,27,10,6,131,43
42,final_roomy,19,43,122,79,0,13,97,3,63,27,10,6,131,43
42,final_roomy,20,47,128,81,0,19,99,3,59,29,11,7,121,40
42,final_roomy,21,43,136,93,0,23,103,14,56,17,10,7,121,40
42,final_roomy,22,44,144,100,0,28,104,19,53,14,10,8,121,40
42,final_roomy,23,41,149,108,0,37,102,15,56,17,9,9,121,40
42,final_roomy,24,46,156,110,0,41,104,10,59,17,10,10,121,40
42,final_roomy,25,48,162,114,0,46,106,6,62,16,11,10,126,43
42,final_roomy,26,53,169,116,0,56,103,6,54,27,11,10,126,43
42,final_roomy,27,49,176,127,0,59,92,13,55,30,12,7,126,43
42,final_roomy,28,47,181,134,0,61,87,18,55,30,13,7,126,43
42,final_roomy,29,52,189,137,0,64,80,10,63,37,11,8,126,43
42,final_roomy,30,55,197,142,0,67,72,8,67,43,15,8,131,43
42,final_roomy,31,60,205,145,0,68,48,8,69,65,18,8,131,43
42,final_roomy,32,46,212,166,0,72,48,24,70,48,19,7,131,43
42,final_roomy,33,26,218,192,0,77,49,47,68,26,12,6,131,43
42,final_roomy,34,31,223,192,0,81,50,26,85,29,14,6,131,43
42,final_roomy,35,32,230,198,0,89,49,6,103,32,13,5,131,43
42,final_roomy,36,34,235,201,0,91,46,9,101,34,17,5,131,43
42,final_roomy,37,17,240,223,0,98,41,25,100,24,9,5,131,43
42,final_roomy,38,20,246,226,0,103,37,25,98,30,12,5,131,43
42,final_roomy,39,26,254,228,0,107,45,5,116,24,17,5,131,43
42,final_roomy,40,28,262,234,0,113,37,8,113,32,18,4,131,43
42,final_roomy,41,31,269,238,0,117,26,10,111,43,20,4,131,43
42,final_roomy,42,28,277,249,0,121,28,15,113,34,19,3,131,43
42,final_roomy,43,30,284,254,0,126,29,16,112,33,21,3,131,43
42,final_roomy,44,31,291,260,0,137,31,11,112,36,17,4,131,43
42,final_roomy,45,31,297,266,0,147,30,12,107,41,17,4,131,43
42,final_roomy,46,29,303,274,0,156,25,14,104,47,16,4,131,43
42,final_roomy,47,27,310,283,0,169,29,17,97,47,12,6,131,43
42,final_roomy,48,31,316,285,0,178,33,11,96,50,11,7,131,43
42,final_roomy,49,23,322,299,0,183,33,16,100,41,9,7,131,43
42,final_roomy,50,15,330,315,0,194,49,30,91,20,9,3,126,43
42,final_roomy,51,18,337,319,0,199,42,20,100,28,9,3,126,43
42,final_roomy,52,21,345,324,0,205,25,9,110,46,11,4,126,43
42,final_roomy,53,26,351,325,0,214,33,6,105,46,13,5,126,43
42,final_roomy,54,32,359,327,0,220,43,3,104,40,12,5,126,43
42,final_roomy,55,35,367,332,0,226,46,7,99,38,11,5,131,43
42,final_roomy,56,43,375,332,0,231,48,5,96,41,12,7,131,43
42,final_roomy,57,39,383,344,0,242,54,12,90,34,10,8,131,43
42,final_roomy,58,24,388,364,0,250,60,32,82,16,11,4,131,43
42,final_roomy,59,28,396,368,0,257,61,24,87,18,11,5,131,43
42,final_roomy,60,32,404,372,0,261,44,8,103,35,17,4,131,43
42,final_roomy,61,25,410,385,0,269,42,17,99,32,17,3,131,43
42,final_roomy,62,19,416,397,0,277,34,25,95,36,13,2,131,43
42,final_roomy,63,14,422,408,0,283,26,23,102,39,11,2,131,43
42,final_roomy,64,8,428,420,0,289,36,23,108,23,7,2,131,43
42,final_roomy,65,15,436,421,0,300,36,13,108,33,12,2,131,43
42,final_roomy,66,17,441,424,0,303,11,4,117,58,12,3,131,43
42,final_roomy,67,14,448,434,0,314,19,13,107,51,8,3,131,43
42,final_roomy,68,10,453,443,0,323,30,19,101,40,7,2,131,43
42,final_roomy,69,14,459,445,0,331,47,11,103,29,10,3,131,43
42,final_roomy,70,5,464,459,0,342,47,16,101,26,5,1,131,43
42,final_roomy,71,6,470,464,0,350,42,19,95,34,4,2,131,43
42,final_roomy,72,13,477,464,0,353,53,5,106,26,8,4,131,43
42,final_roomy,73,16,484,468,0,359,60,4,105,21,9,3,131,43
42,final_roomy,74,11,491,480,0,365,61,16,99,14,8,2,131,43
42,final_roomy,75,9,499,490,0,373,52,22,95,21,6,2,131,43
42,final_roomy,76,9,504,495,0,375,43,15,105,27,5,4,131,43
42,final_roomy,77,17,512,495,0,380,55,5,110,20,8,5,131,43
42,final_roomy,78,20,518,498,0,392,68,3,103,16,8,4,131,43
42,final_roomy,79,19,526,507,0,402,75,12,93,10,9,4,131,43
42,final_roomy,80,22,534,512,0,409,72,14,89,15,11,6,131,43
42,final_roomy,81,25,541,516,0,416,61,9,91,29,12,7,131,43
42,final_roomy,82,29,548,519,0,424,45,7,88,50,13,7,131,43
42,final_roomy,83,29,553,524,0,434,33,8,82,67,11,6,131,43
42,final_roomy,84,24,561,537,0,441,44,18,78,50,9,6,131,43
42,final_roomy,85,24,567,543,0,447,77,19,77,17,9,5,131,43
42,final_roomy,86,28,574,546,0,452,88,9,85,8,12,5,131,43
42,final_roomy,87,34,581,547,0,458,58,4,85,43,15,5,131,43
42,final_roomy,88,35,589,554,0,465,34,8,81,67,13,5,131,43
42,final_roomy,89,35,596,561,0,470,38,14,77,61,12,5,131,43
42,final_roomy,90,39,602,563,0,477,52,9,77,52,16,5,131,43
42,final_roomy,91,33,608,575,0,485,52,14,76,48,19,4,131,43
42,final_roomy,92,27,614,587,0,488,49,24,75,42,16,3,131,43
42,final_roomy,93,20,620,600,0,493,50,25,82,33,13,3,131,43
42,final_roomy,94,21,628,607,0,499,47,20,88,35,13,3,131,43
42,final_roomy,95,15,634,619,0,507,48,19,93,30,10,2,131,43
42,final_roomy,96,10,641,631,0,509,36,24,98,32,9,2,131,43
42,final_roomy,97,11,649,638,0,515,33,19,104,34,10,2,131,43
42,final_roomy,98,12,655,643,0,518,13,12,113,52,9,2,131,43
42,final_roomy,99,9,660,651,0,528,12,13,110,55,6,2,131,43
42,final_roomy,100,2,666,664,0,533,36,21,110,23,2,1,121,40
42,final_roomy,101,2,674,672,0,542,35,21,109,25,2,1,121,40
42,final_roomy,102,7,681,674,0,545,31,10,119,30,7,1,121,40
42,final_roomy,103,11,686,675,0,553,37,3,119,31,9,2,121,40
42,final_roomy,104,15,693,678,0,561,40,4,113,33,11,2,121,40
42,final_roomy,105,17,699,682,0,571,32,7,104,47,10,4,131,43
42,final_roomy,106,20,706,686,0,577,31,8,101,50,8,4,131,43
42,final_roomy,107,16,714,698,0,581,36,16,101,37,8,4,131,43
42,final_roomy,108,12,721,709,0,591,38,23,95,34,8,2,131,43
42,final_roomy,109,8,729,721,0,604,40,23,94,33,6,3,131,43
42,final_roomy,110,12,736,724,0,616,37,15,93,45,8,4,131,43
42,final_roomy,111,13,744,731,0,623,25,10,98,57,9,3,131,43
42,final_roomy,112,12,752,740,0,628,27,16,96,51,8,3,131,43
42,final_roomy,113,12,757,745,0,636,48,14,95,33,8,2,131,43
42,final_roomy,114,14,762,748,0,639,56,8,101,25,8,3,131,43
42,final_roomy,115,14,767,753,0,644,60,8,101,21,10,2,131,43
42,final_roomy,116,17,772,755,0,654,65,7,94,24,12,2,131,43
42,final_roomy,117,22,779,757,0,662,57,4,91,38,12,3,131,43
42,final_roomy,118,22,784,762,0,667,62,7,88,33,11,3,131,43
42,final_roomy,119,23,789,766,0,672,74,9,85,22,11,4,131,43
42,final_roomy,120,26,797,771,0,675,65,9,87,29,16,4,131,43
42,final_roomy,121,27,803,776,0,684,47,10,82,51,17,4,131,43
42,final_roomy,122,27,809,782,0,691,60,11,80,39,16,4,131,43
42,final_roomy,123,15,816,801,0,698,66,25,78,21,8,4,131,43
42,final_roomy,124,16,822,806,0,707,59,24,75,32,8,4,131,43
42,final_roomy,125,15,829,814,0,711,63,13,90,24,12,3,121,40
42,final_roomy,126,15,835,820,0,718,62,14,88,26,10,3,121,40
42,final_roomy,127,12,841,829,0,727,68,15,87,20,8,4,121,40
42,final_roomy,128,5,849,844,0,735,71,24,85,10,5,1,121,40
42,final_roomy,129,9,856,847,0,742,62,18,87,23,8,2,121,40
42,final_roomy,130,9,862,853,0,744,53,9,100,28,7,2,131,43
42,final_roomy,131,11,867,856,0,750,57,9,97,27,9,2,131,43
42,final_roomy,132,14,872,858,0,753,53,5,100,32,8,3,131,43
42,final_roomy,133,7,879,872,0,760,48,16,96,30,5,2,131,43
42,final_roomy,134,4,884,880,0,769,61,22,89,18,4,1,131,43
42,final_roomy,135,5,889,884,0,777,74,12,95,9,4,2,131,43
42,final_roomy,136,4,894,890,0,782,77,10,98,5,3,2,131,43
42,final_roomy,137,7,900,893,0,785,76,9,99,6,6,2,131,43
42,final_roomy,138,12,907,895,0,793,77,5,97,11,9,3,131,43
42,final_roomy,139,15,913,898,0,797,81,5,96,8,8,4,131,43
42,final_roomy,140,18,918,900,0,800,86,5,95,4,8,5,131,43
42,final_roomy,141,22,924,902,0,807,89,4,91,6,8,8,131,43
42,final_roomy,142,24,929,905,0,818,83,5,82,20,10,7,131,43
42,final_roomy,143,26,935,909,0,825,72,7,77,34,8,7,131,43
42,final_roomy,144,26,943,917,0,834,75,12,71,32,7,7,131,43
42,final_roomy,145,29,948,919,0,840,81,10,69,30,8,7,131,43
42,final_roomy,146,32,953,921,0,846,84,4,71,31,8,7,131,43
42,final_roomy,147,21,960,939,0,853,85,20,66,19,9,4,131,43
42,final_roomy,148,11,965,954,0,862,81,33,59,17,7,3,131,43
42,final_roomy,149,15,973,958,0,868,67,19,71,33,8,3,131,43
42,final_roomy,150,15,978,963,0,873,66,9,81,34,10,3,131,43
42,final_roomy,151,22,986,964,0,878,42,6,80,62,15,3,131,43
42,final_roomy,152,15,994,979,0,883,39,16,80,55,10,3,131,43
42,final_roomy,153,3,999,996,0,887,60,32,77,21,3,1,131,43
42,final_roomy,154,2,1004,1002,0,896,60,23,83,24,2,1,131,43
42,final_roomy,155,4,1011,1007,0,899,54,11,97,28,4,1,126,43
42,final_roomy,156,5,1016,1011,0,903,32,9,99,50,5,1,126,43
42,final_roomy,157,7,1021,1014,0,906,16,7,101,66,7,1,126,43
42,final_roomy,158,11,1028,1017,0,910,24,6,101,59,9,3,126,43
42,final_roomy,159,13,1033,1020,0,918,23,6,96,65,10,2,126,43
42,final_roomy,160,7,1041,1034,0,923,23,17,94,56,6,2,131,43
42,final_roomy,161,3,1046,1043,0,929,39,23,91,37,3,1,131,43
42,final_roomy,162,7,1053,1046,0,933,34,12,101,43,6,2,131,43
42,final_roomy,163,13,1061,1048,0,941,43,5,102,40,8,5,131,43
42,final_roomy,164,16,1067,1051,0,950,53,5,96,36,9,5,131,43
42,final_roomy,165,10,1075,1065,0,954,43,17,94,36,7,4,131,43
42,final_roomy,166,5,1081,1076,0,960,39,25,91,35,5,1,131,43
42,final_roomy,167,5,1089,1084,0,972,37,19,93,41,5,1,131,43
42,final_roomy,168,8,1097,1089,0,976,27,13,100,50,7,2,131,43
42,final_roomy,169,9,1102,1093,0,980,43,9,104,34,6,4,131,43
42,final_roomy,170,13,1109,1096,0,984,56,7,105,22,6,5,131,43
42,final_roomy,171,17,1114,1097,0,992,57,4,101,28,10,4,131,43
42,final_roomy,172,10,1120,1110,0,998,35,14,98,43,9,2,131,43
42,final_roomy,173,12,1127,1115,0,1007,24,18,90,58,7,4,131,43
42,final_roomy,174,16,1134,1118,0,1013,36,8,97,49,8,4,131,43
42,final_roomy,175,11,1142,1131,0,1020,47,16,95,32,9,2,131,43
42,final_roomy,176,3,1150,1147,0,1029,41,29,89,31,3,1,131,43
42,final_roomy,177,10,1158,1148,0,1032,34,17,99,40,10,1,131,43
42,final_roomy,178,10,1164,1154,0,1042,35,7,105,43,10,1,131,43
42,final_roomy,179,13,1170,1157,0,1050,43,9,98,40,11,2,131,43
42,final_roomy,180,9,1175,1166,0,1058,32,12,96,50,7,2,121,40
42,final_roomy,181,6,1183,1177,0,1065,29,20,92,49,6,1,121,40
42,final_roomy,182,5,1190,1185,0,1074,35,19,92,44,4,2,121,40
42,final_roomy,183,9,1196,1187,0,1075,25,10,102,53,5,3,121,40
42,final_roomy,184,10,1201,1191,0,1078,31,6,107,46,6,3,121,40
42,final_roomy,185,13,1208,1195,0,1084,42,8,103,37,8,3,131,43
42,final_roomy,186,5,1213,1208,0,1095,38,17,96,39,4,2,131,43
42,final_roomy,187,7,1221,1214,0,1103,43,19,92,36,6,2,131,43
42,final_roomy,188,11,1228,1217,0,1107,58,9,101,22,7,2,131,43
42,final_roomy,189,13,1235,1222,0,1110,70,8,104,8,8,3,131,43
42,final_roomy,190,15,1240,1225,0,1118,78,8,99,5,9,3,131,43
42,final_roomy,191,21,1248,1227,0,1125,76,5,97,12,13,3,131,43
42,final_roomy,192,21,1253,1232,0,1135,41,7,90,52,12,3,131,43
42,final_roomy,193,19,1258,1239,0,1147,33,12,80,65,9,4,131,43
42,final_roomy,194,19,1263,1244,0,1150,74,12,82,22,9,4,131,43
42,final_roomy,195,21,1270,1249,0,1160,95,10,79,6,8,5,131,43
42,final_roomy,196,23,1275,1252,0,1168,97,8,76,9,10,5,131,43
42,final_roomy,197,26,1282,1256,0,1178,95,7,71,17,11,4,131,43
42,final_roomy,198,26,1289,1263,0,1182,82,11,70,27,12,5,131,43
42,final_roomy,199,29,1296,1267,0,1186,78,11,70,31,12,6,131,43
42,final_roomy,200,31,1301,1270,0,1192,75,7,71,37,10,5,131,43
42,final_roomy,201,31,1308,1277,0,1198,79,10,69,32,10,5,131,43
42,final_roomy,202,37,1316,1279,0,1202,90,9,68,23,12,7,131,43
42,final_roomy,203,39,1321,1282,0,1207,84,5,70,31,11,7,131,43
42,final_roomy,204,45,1329,1284,0,1212,92,5,67,26,10,7,131,43
42,final_roomy,205,49,1334,1285,0,1220,116,3,62,9,10,9,131,43
42,final_roomy,206,55,1342,1287,0,1227,127,3,57,3,10,10,131,43
42,final_roomy,207,58,1348,1290,0,1233,128,5,52,5,11,11,131,43
42,final_roomy,208,65,1356,1291,0,1237,110,4,50,26,12,12,131,43
42,final_roomy,209,69,1363,1294,0,1241,83,4,49,54,12,13,131,43
42,final_roomy,210,69,1369,1300,0,1246,61,9,45,75,13,13,131,43
42,final_roomy,211,71,1377,1306,0,1252,37,12,42,99,14,13,131,43
42,final_roomy,212,63,1382,1319,0,1254,29,19,46,96,16,10,131,43
42,final_roomy,213,42,1389,1347,0,1258,41,41,48,60,17,7,131,43
42,final_roomy,214,26,1397,1371,0,1262,41,52,57,40,13,4,131,43
42,final_roomy,215,22,1404,1382,0,1265,34,35,82,39,11,4,131,43
42,final_roomy,216,22,1410,1388,0,1271,43,17,100,30,11,4,131,43
42,final_roomy,217,28,1418,1390,0,1273,51,8,109,22,16,4,131,43
42,final_roomy,218,32,1424,1392,0,1277,52,4,111,23,17,4,131,43
42,final_roomy,219,33,1430,1397,0,1280,38,7,110,35,16,6,131,43
42,final_roomy,220,37,1436,1399,0,1283,30,7,109,44,18,5,131,43
42,final_roomy,221,37,1442,1405,0,1285,28,8,112,42,19,6,131,43
42,final_roomy,222,31,1450,1419,0,1285,26,20,114,30,13,7,131,43
42,final_roomy,223,30,1456,1426,0,1287,32,21,118,19,11,5,131,43
42,final_roomy,224,30,1462,1432,0,1297,35,13,122,20,9,5,131,43
42,final_roomy,225,35,1469,1434,0,1310,48,8,116,18,10,6,131,43
42,final_roomy,226,43,1477,1434,0,1317,52,2,115,21,11,6,131,43
42,final_roomy,227,40,1483,1443,0,1328,42,9,106,33,11,6,131,43
42,final_roomy,228,41,1488,1447,0,1334,46,13,100,31,9,7,131,43
42,final_roomy,229,46,1494,1448,0,1342,69,5,101,15,10,7,131,43
42,final_roomy,230,53,1502,1449,0,1352,77,2,95,16,10,8,131,43
42,final_roomy,231,54,1508,1454,0,1361,73,6,87,24,10,8,131,43
42,final_roomy,232,58,1515,1457,0,1370,76,8,79,27,10,8,131,43
42,final_roomy,233,62,1522,1460,0,1380,83,6,74,27,9,10,131,43
42,final_roomy,234,63,1530,1467,0,1388,97,10,69,14,9,9,131,43
42,final_roomy,235,64,1537,1473,0,1399,113,13,61,3,9,11,111,40
42,final_roomy,236,69,1544,1475,0,1403,117,8,64,1,9,12,111,40
42,final_roomy,237,72,1549,1477,0,1409,118,4,64,4,10,12,111,40
42,final_roomy,238,80,1557,1477,0,1413,108,2,62,18,11,12,111,40
42,final_roomy,239,83,1565,1482,0,1419,96,5,58,31,11,14,111,40
42,final_roomy,240,83,1570,1487,0,1421,83,10,56,41,13,14,131,43
42,final_roomy,241,88,1578,1490,0,1428,45,8,54,83,16,14,131,43
42,final_roomy,242,88,1584,1496,0,1433,34,9,54,93,18,14,131,43
42,final_roomy,243,62,1591,1529,0,1436,52,39,54,45,11,10,131,43
42,final_roomy,244,41,1597,1556,0,1440,52,60,56,22,10,8,131,43
42,final_roomy,245,30,1603,1573,0,1443,47,44,86,13,9,6,131,43
42,final_roomy,246,30,1608,1578,0,1453,61,22,103,4,9,6,131,43
42,final_roomy,247,30,1613,1583,0,1456,60,10,117,3,10,6,131,43
42,final_roomy,248,34,1619,1585,0,1457,44,7,121,18,15,5,131,43
42,final_roomy,249,39,1625,1586,0,1462,29,3,121,37,17,5,131,43
42,final_roomy,250,32,1631,1599,0,1468,20,14,117,39,15,4,131,43
42,final_roomy,251,24,1637,1613,0,1468,25,27,118,20,11,4,131,43
42,final_roomy,252,24,1645,1621,0,1471,23,22,128,17,13,4,131,43
42,final_roomy,253,24,1652,1628,0,1475,16,15,138,21,13,4,131,43
42,final_roomy,254,19,1658,1639,0,1484,17,18,137,18,17,2,131,43
42,final_roomy,255,21,1664,1643,0,1491,18,15,137,20,19,2,122,43
42,final_roomy,256,17,1669,1652,0,1503,13,13,136,28,15,3,122,43
42,final_roomy,257,20,1677,1657,0,1512,15,14,131,30,16,2,122,43
42,final_roomy,258,18,1684,1666,0,1518,23,14,134,19,14,3,122,43
42,final_roomy,259,22,1690,1668,0,1528,18,11,129,32,16,3,122,43
42,final_roomy,260,25,1697,1672,0,1537,16,6,129,39,14,4,131,43
42,final_roomy,261,24,1702,1678,0,1546,22,10,122,36,11,5,131,43
42,final_roomy,262,23,1708,1685,0,1556,35,13,116,26,10,4,131,43
42,final_roomy,263,22,1714,1692,0,1569,50,14,109,17,11,4,131,43
42,final_roomy,264,26,1721,1695,0,1579,53,10,106,21,12,5,131,43
42,final_roomy,265,21,1727,1706,0,1589,48,14,103,25,10,6,131,43
42,final_roomy,266,20,1734,1714,0,1601,48,19,94,29,9,6,131,43
42,final_roomy,267,22,1740,1718,0,1609,42,12,97,39,10,4,131,43
42,final_roomy,268,16,1747,1731,0,1620,36,17,94,43,11,3,131,43
42,final_roomy,269,10,1753,1743,0,1626,39,25,92,34,8,2,131,43
42,final_roomy,270,8,1761,1753,0,1635,38,22,96,34,5,2,131,43
42,final_roomy,271,11,1766,1755,0,1642,13,12,101,64,7,3,131,43
42,final_roomy,272,10,1773,1763,0,1648,14,10,105,61,9,2,131,43
42,final_roomy,273,3,1778,1775,0,1655,31,20,100,39,3,1,131,43
42,final_roomy,274,5,1785,1780,0,1661,30,17,102,41,5,1,131,43
42,final_roomy,275,8,1790,1782,0,1666,44,7,109,30,6,2,131,43
42,final_roomy,276,11,1797,1786,0,1671,53,6,109,22,6,3,131,43
42,final_roomy,277,6,1804,1798,0,1677,56,16,105,13,5,2,131,43
42,final_roomy,278,2,1811,1809,0,1685,53,23,101,13,2,1,131,43
42,final_roomy,279,7,1819,1812,0,1694,52,14,104,20,5,2,131,43
42,final_roomy,280,13,1826,1813,0,1703,47,4,106,33,7,4,131,43
42,final_roomy,281,13,1832,1819,0,1708,36,7,104,43,6,4,131,43
42,final_roomy,282,17,1839,1822,0,1713,49,9,100,32,7,4,131,43
42,final_roomy,283,17,1846,1829,0,1719,66,10,100,14,7,4,131,43
42,final_roomy,284,20,1852,1832,0,1727,78,10,95,7,9,4,131,43
42,final_roomy,285,24,1858,1834,0,1732,61,5,97,27,12,4,121,40
42,final_roomy,286,26,1866,1840,0,1737,36,8,95,51,12,4,121,40
42,final_roomy,287,31,1874,1843,0,1748,34,9,86,61,12,6,121,40
42,final_roomy,288,35,1880,1845,0,1758,27,5,82,76,15,6,121,40
42,final_roomy,289,25,1887,1862,0,1769,10,19,74,87,12,5,121,40
42,final_roomy,290,16,1894,1878,0,1779,23,33,66,68,9,3,126,43
42,final_roomy,291,18,1900,1882,0,1786,54,20,76,40,9,4,126,43
42,final_roomy,292,12,1905,1893,0,1788,69,15,90,16,8,3,126,43
42,final_roomy,293,11,1912,1901,0,1791,67,19,91,13,8,3,126,43
42,final_roomy,294,17,1920,1903,0,1801,54,10,92,34,8,4,126,43
42,final_roomy,295,22,1926,1904,0,1805,57,3,96,34,8,6,131,43
42,final_roomy,296,24,1931,1907,0,1810,75,4,93,18,8,6,131,43
42,final_roomy,297,25,1937,1912,0,1816,85,8,88,9,9,6,131,43
42,final_roomy,298,24,1943,1919,0,1821,78,12,86,14,10,4,131,43
42,final_roomy,299,29,1951,1922,0,1826,77,10,86,17,10,6,131,43
42,final_roomy,300,34,1958,1924,0,1832,63,5,87,35,15,6,131,43
42,final_roomy,301,36,1964,1928,0,1838,55,6,84,45,17,6,131,43
42,final_roomy,302,22,1972,1950,0,1846,51,26,78,35,15,4,131,43
42,final_roomy,303,24,1980,1956,0,1850,52,28,78,32,19,4,131,43
42,final_roomy,304,19,1986,1967,0,1857,52,17,93,28,17,2,131,43
42,final_roomy,305,14,1992,1978,0,1862,40,22,94,34,13,2,131,43
42,final_roomy,306,14,1999,1985,0,1871,39,18,96,37,12,3,131,43
42,final_roomy,307,17,2007,1990,0,1878,50,12,100,28,11,4,131,43
42,final_roomy,308,21,2012,1991,0,1884,56,6,101,27,11,4,131,43
42,final_roomy,309,18,2019,2001,0,1893,58,11,97,24,8,3,131,43
42,final_roomy,310,11,2026,2015,0,1898,65,24,93,8,5,5,131,43
42,final_roomy,311,12,2034,2022,0,1904,67,21,97,5,8,4,131,43
42,final_roomy,312,18,2042,2024,0,1911,50,9,104,27,11,4,131,43
42,final_roomy,313,18,2047,2029,0,1917,24,7,105,54,10,4,131,43
42,final_roomy,314,23,2054,2031,0,1923,34,7,101,48,9,5,131,43
42,final_roomy,315,25,2059,2034,0,1929,40,5,100,45,10,5,131,43
42,final_roomy,316,19,2064,2045,0,1936,30,14,95,51,10,5,131,43
42,final_roomy,317,4,2069,2065,0,1940,18,31,94,47,4,1,131,43
42,final_roomy,318,3,2075,2072,0,1951,20,27,94,49,3,1,131,43
42,final_roomy,319,5,2081,2076,0,1955,33,11,110,36,5,1,131,43
42,final_roomy,320,6,2086,2080,0,1961,36,8,111,35,4,2,131,43
42,final_roomy,321,6,2091,2085,0,1970,40,9,106,35,5,2,131,43
42,final_roomy,322,7,2097,2090,0,1985,60,10,95,25,6,2,131,43
42,final_roomy,323,10,2103,2093,0,1991,60,8,94,28,8,2,131,43
42,final_roomy,324,12,2109,2097,0,1994,62,7,96,25,7,3,131,43
42,final_roomy,325,14,2116,2102,0,2001,66,9,92,23,7,3,131,43
42,final_roomy,326,21,2124,2103,0,2007,78,6,90,16,11,4,131,43
42,final_roomy,327,26,2132,2106,0,2014,61,4,88,37,13,4,131,43
42,final_roomy,328,28,2139,2111,0,2020,37,8,83,62,11,4,131,43
42,final_roomy,329,30,2145,2115,0,2027,51,9,79,51,11,5,131,43
42,final_roomy,330,32,2151,2119,0,2036,60,8,75,47,15,5,131,43
42,final_roomy,331,34,2157,2123,0,2046,17,8,69,96,18,5,131,43
42,final_roomy,332,33,2163,2130,0,2053,4,11,66,109,17,4,131,43
42,final_roomy,333,19,2171,2152,0,2058,28,29,65,68,11,4,131,43
42,final_roomy,334,9,2178,2169,0,2066,22,39,64,65,7,2,131,43
42,final_roomy,335,8,2186,2178,0,2069,19,26,83,62,8,1,121,40
42,final_roomy,336,11,2192,2181,0,2079,26,12,90,62,8,2,121,40
42,final_roomy,337,13,2199,2186,0,2083,30,8,95,57,9,2,121,40
42,final_roomy,338,1,2206,2205,0,2090,50,24,91,25,1,1,121,40
42,final_roomy,339,2,2213,2211,0,2093,58,25,93,14,2,1,121,40
42,final_roomy,340,2,2220,2218,0,2094,36,13,111,30,2,1,131,43
42,final_roomy,341,2,2227,2225,0,2099,36,14,112,28,2,1,131,43
42,final_roomy,342,5,2234,2229,0,2101,40,11,117,22,5,1,131,43
42,final_roomy,343,12,2241,2229,0,2107,29,4,118,39,10,3,131,43
42,final_roomy,344,13,2246,2233,0,2116,20,4,113,53,10,3,131,43
42,final_roomy,345,13,2252,2239,0,2124,21,10,105,54,9,3,131,43
42,final_roomy,346,15,2257,2242,0,2131,45,9,102,34,9,4,131,43
42,final_roomy,347,9,2264,2255,0,2137,62,16,102,10,7,2,131,43
42,final_roomy,348,9,2272,2263,0,2143,63,21,99,7,7,3,131,43
42,final_roomy,349,12,2278,2266,0,2152,66,11,103,10,8,3,131,43
42,final_roomy,350,13,2284,2271,0,2159,70,8,104,8,8,3,131,43
42,final_roomy,351,15,2290,2275,0,2169,77,9,97,7,10,3,131,43
42,final_roomy,352,18,2297,2279,0,2175,71,8,96,15,11,3,131,43
42,final_roomy,353,18,2303,2285,0,2186,68,10,89,23,9,4,131,43
42,final_roomy,354,24,2309,2285,0,2195,82,6,84,18,10,4,131,43
42,final_roomy,355,27,2316,2289,0,2207,97,4,78,11,10,5,131,43
42,final_roomy,356,30,2324,2294,0,2214,97,9,71,13,9,7,131,43
42,final_roomy,357,30,2331,2301,0,2214,92,12,75,11,10,7,131,43
42,final_roomy,358,29,2337,2308,0,2224,91,14,70,15,10,6,131,43
42,final_roomy,359,31,2344,2313,0,2232,89,12,69,20,12,7,131,43
42,final_roomy,360,23,2352,2329,0,2238,79,21,70,20,11,7,126,43
42,final_roomy,361,22,2358,2336,0,2242,44,23,71,52,15,5,126,43
42,final_roomy,362,18,2365,2347,0,2247,31,18,82,59,14,3,126,43
42,final_roomy,363,1,2371,2370,0,2252,43,34,84,29,1,1,126,43
42,final_roomy,364,2,2379,2377,0,2256,47,30,91,22,2,1,126,43
42,final_roomy,365,2,2385,2383,0,2261,40,13,109,28,2,1,131,43
42,final_roomy,366,5,2392,2387,0,2264,30,10,113,37,5,1,131,43
42,final_roomy,367,11,2400,2389,0,2268,29,6,115,40,7,3,131,43
42,final_roomy,368,16,2406,2390,0,2276,40,3,111,36,10,4,131,43
42,final_roomy,369,19,2412,2393,0,2283,54,4,106,26,10,4,131,43
42,final_roomy,370,22,2420,2398,0,2287,56,8,103,23,10,4,131,43
42,final_roomy,371,25,2426,2401,0,2291,52,8,102,28,10,4,131,43
42,final_roomy,372,29,2434,2405,0,2295,49,7,103,31,11,6,131,43
42,final_roomy,373,28,2441,2413,0,2311,53,12,90,35,11,6,131,43
42,final_roomy,374,22,2446,2424,0,2317,52,19,88,31,9,5,131,43
42,final_roomy,375,19,2454,2435,0,2329,58,22,84,26,11,5,131,43
42,final_roomy,376,16,2459,2443,0,2338,62,19,86,23,10,3,131,43
42,final_roomy,377,13,2465,2452,0,2348,65,17,87,21,7,3,131,43
42,final_roomy,378,17,2473,2456,0,2355,68,13,88,21,10,3,131,43
42,final_roomy,379,16,2481,2465,0,2362,60,13,90,27,11,3,131,43
42,final_roomy,380,17,2489,2472,0,2369,41,16,87,46,11,3,115,42
42,final_roomy,381,18,2495,2477,0,2376,32,12,89,57,9,5,115,42
42,final_roomy,382,20,2500,2480,0,2379,43,8,93,46,11,5,115,42
42,final_roomy,383,20,2506,2486,0,2386,60,9,91,30,10,5,115,42
42,final_roomy,384,17,2511,2494,0,2391,64,14,89,23,11,3,115,42
42,final_roomy,385,21,2519,2498,0,2396,66,12,90,22,11,4,131,43
42,final_roomy,386,27,2527,2500,0,2403,60,6,91,33,11,6,131,43
42,final_roomy,387,22,2535,2513,0,2410,60,15,88,27,9,5,131,43
42,final_roomy,388,17,2543,2526,0,2415,64,26,85,15,9,3,131,43
42,final_roomy,389,18,2548,2530,0,2421,68,17,92,13,10,3,131,43
42,final_roomy,390,13,2554,2541,0,2423,64,15,103,8,11,2,121,40
42,final_roomy,391,14,2559,2545,0,2428,40,15,102,33,12,2,121,40
42,final_roomy,392,12,2564,2552,0,2434,29,11,107,43,11,2,121,40
42,final_roomy,393,5,2571,2566,0,2443,49,21,102,18,5,1,121,40
42,final_roomy,394,5,2578,2573,0,2451,59,21,101,9,5,1,121,40
42,final_roomy,395,8,2584,2576,0,2466,61,10,100,19,7,2,131,43
42,final_roomy,396,12,2589,2577,0,2474,57,4,99,30,10,2,131,43
42,final_roomy,397,10,2594,2584,0,2481,55,8,95,32,7,4,131,43
42,final_roomy,398,10,2602,2592,0,2489,55,15,88,32,7,3,131,43
42,final_roomy,399,12,2607,2595,0,2491,68,11,93,18,8,3,131,43
42,final_roomy,400,18,2615,2597,0,2495,71,5,97,17,8,5,131,43
42,final_roomy,401,23,2622,2599,0,2505,75,4,90,21,9,5,131,43
42,final_roomy,402,23,2628,2605,0,2508,76,8,89,17,9,5,131,43
42,final_roomy,403,24,2633,2609,0,2515,81,10,84,15,9,6,131,43
42,final_roomy,404,16,2639,2623,0,2524,85,18,81,6,9,6,131,43
42,final_roomy,405,18,2646,2628,0,2530,87,19,79,5,8,5,131,43
42,final_roomy,406,21,2651,2630,0,2534,89,7,89,5,8,6,131,43
42,final_roomy,407,25,2659,2634,0,2542,88,6,86,10,12,5,131,43
42,final_roomy,408,26,2664,2638,0,2550,51,8,80,51,14,5,131,43
42,final_roomy,409,25,2669,2644,0,2557,36,10,77,67,10,5,131,43
42,final_roomy,410,27,2674,2647,0,2567,68,9,71,42,11,5,131,43
42,final_roomy,411,26,2681,2655,0,2571,77,11,73,29,10,5,131,43
42,final_roomy,412,25,2686,2661,0,2576,78,14,71,27,11,4,131,43
42,final_roomy,413,20,2692,2672,0,2582,72,17,73,28,10,4,131,43
42,final_roomy,414,8,2697,2689,0,2586,66,28,75,21,4,3,131,43
42,final_roomy,415,13,2702,2689,0,2595,77,17,77,19,7,3,131,43
42,final_roomy,416,19,2708,2689,0,2600,78,0,89,23,9,4,131,43
42,final_roomy,417,15,2716,2701,0,2604,68,12,85,25,9,3,131,43
42,final_roomy,418,20,2722,2702,0,2606,74,13,83,20,12,3,131,43
42,final_roomy,419,22,2727,2705,0,2614,69,4,87,30,12,3,131,43
42,final_roomy,420,25,2734,2709,0,2618,45,7,84,54,16,3,131,43
42,final_roomy,421,30,2741,2711,0,2623,43,6,82,59,19,3,131,43
42,final_roomy,422,24,2748,2724,0,2629,41,15,80,54,17,3,131,43
42,final_roomy,423,19,2756,2737,0,2635,41,26,76,47,9,4,131,43
42,final_roomy,424,24,2763,2739,0,2640,40,15,84,51,10,5,131,43
42,final_roomy,425,13,2770,2757,0,2651,43,20,86,41,9,2,131,43
42,final_roomy,426,4,2777,2773,0,2653,49,34,86,21,4,1,131,43
42,final_roomy,427,5,2783,2778,0,2661,42,21,96,31,5,1,131,43
42,final_roomy,428,9,2789,2780,0,2669,41,7,104,38,7,2,131,43
42,final_roomy,429,14,2796,2782,0,2673,41,4,105,40,8,4,131,43
42,final_roomy,430,17,2803,2786,0,2681,50,6,99,35,7,4,131,43
42,final_roomy,431,12,2810,2798,0,2688,52,16,94,28,7,5,131,43
42,final_roomy,432,14,2816,2802,0,2692,45,16,94,35,8,4,131,43
42,final_roomy,433,7,2824,2817,0,2699,38,19,99,34,5,2,131,43
42,final_roomy,434,9,2832,2823,0,2705,48,21,97,24,7,2,131,43
42,final_roomy,435,12,2840,2828,0,2712,51,11,105,23,5,8,131,43
42,final_roomy,436,17,2848,2831,0,2717,45,8,106,31,7,8,131,43
42,final_roomy,437,19,2853,2834,0,2723,38,6,105,41,10,6,131,43
42,final_roomy,438,18,2861,2843,0,2727,36,12,104,38,8,5,131,43
42,final_roomy,439,21,2867,2846,0,2735,60,12,99,19,9,4,131,43
42,final_roomy,440,24,2873,2849,0,2746,79,6,97,8,9,5,131,43
42,final_roomy,441,24,2879,2855,0,2753,78,9,93,10,10,5,131,43
42,final_roomy,442,25,2884,2859,0,2759,70,10,90,20,13,4,131,43
42,final_roomy,443,21,2889,2868,0,2766,54,13,89,34,9,4,131,43
42,final_roomy,444,23,2895,2872,0,2779,62,13,80,35,9,5,131,43
42,final_roomy,445,26,2900,2874,0,2787,70,6,81,33,10,5,121,40
42,final_roomy,446,17,2906,2889,0,2794,75,17,78,20,10,4,121,40
42,final_roomy,447,8,2913,2905,0,2801,76,31,73,10,8,1,121,40
42,final_roomy,448,12,2920,2908,0,2809,55,19,80,36,11,2,121,40
42,final_roomy,449,14,2928,2914,0,2814,47,9,91,43,9,2,121,40
42,final_roomy,450,17,2935,2918,0,2818,40,10,90,50,14,2,131,43
42,final_roomy,451,20,2940,2920,0,2824,8,6,90,86,15,2,131,43
42,final_roomy,452,10,2945,2935,0,2834,22,17,84,67,5,3,131,43
42,final_roomy,453,0,2951,2951,0,2838,55,31,82,22,0,0,131,43
42,final_roomy,454,3,2958,2955,0,2845,71,20,90,9,3,1,131,43
42,final_roomy,455,8,2964,2956,0,2848,67,5,103,15,7,2,131,43
42,final_roomy,456,12,2971,2959,0,2854,49,4,101,36,9,3,131,43
42,final_roomy,457,5,2976,2971,0,2858,43,15,98,34,5,1,131,43
42,final_roomy,458,7,2982,2975,0,2865,66,16,94,14,4,3,131,43
42,final_roomy,459,11,2987,2976,0,2870,74,5,101,10,6,3,131,43
42,final_roomy,460,12,2993,2981,0,2876,73,6,99,12,8,2,131,43
42,final_roomy,461,10,2998,2988,0,2884,66,12,92,20,8,3,131,43
42,final_roomy,462,12,3006,2994,0,2891,54,13,90,33,7,4,131,43
42,final_roomy,463,13,3011,2998,0,2902,71,10,86,23,7,3,131,43
42,final_roomy,464,16,3018,3002,0,2910,91,8,84,7,9,3,131,43
42,final_roomy,465,19,3024,3005,0,2917,97,7,81,5,10,3,131,43
42,final_roomy,466,23,3031,3008,0,2920,99,6,82,3,10,4,131,43
42,final_roomy,467,27,3037,3010,0,2928,103,5,77,5,11,5,131,43
42,final_roomy,468,33,3043,3010,0,2938,96,2,70,22,13,6,131,43
42,final_roomy,469,35,3049,3014,0,2944,72,4,66,48,12,10,131,43
42,final_roomy,470,32,3057,3025,0,2953,73,15,57,45,10,10,131,43
42,final_roomy,471,38,3065,3027,0,2958,95,13,56,26,10,10,131,43
42,final_roomy,472,44,3073,3029,0,2962,105,4,63,18,12,10,131,43
42,final_roomy,473,38,3079,3041,0,2967,88,14,60,28,11,6,131,43
42,final_roomy,474,35,3084,3049,0,2970,75,20,59,36,12,5,131,43
42,final_roomy,475,39,3090,3051,0,2977,72,10,64,44,12,7,131,43
42,final_roomy,476,43,3098,3055,0,2980,71,6,69,44,14,7,131,43
42,final_roomy,477,36,3103,3067,0,2984,64,16,67,43,16,6,131,43
42,final_roomy,478,35,3108,3073,0,2989,70,18,66,36,12,6,131,43
42,final_roomy,479,38,3116,3078,0,2996,80,11,71,28,11,6,131,43
42,final_roomy,480,40,3121,3081,0,2997,63,8,76,43,14,6,131,43
42,final_roomy,481,35,3129,3094,0,3000,40,16,78,56,16,5,131,43
42,final_roomy,482,39,3137,3098,0,3005,39,17,76,58,18,5,131,43
42,final_roomy,483,40,3142,3102,0,3010,37,8,84,61,20,5,131,43
42,final_roomy,484,37,3150,3113,0,3014,18,15,84,73,18,5,131,43
42,final_roomy,485,21,3157,3136,0,3020,20,34,82,54,13,4,131,43
42,final_roomy,486,18,3163,3145,0,3024,45,32,89,24,14,3,131,43
42,final_roomy,487,23,3169,3146,0,3031,50,10,105,25,14,4,131,43
42,final_roomy,488,24,3177,3153,0,3035,41,8,110,31,17,3,131,43
42,final_roomy,489,22,3185,3163,0,3040,24,17,106,43,14,3,131,43
42,final_roomy,490,25,3191,3166,0,3047,35,13,106,36,13,3,126,43
42,final_roomy,491,26,3196,3170,0,3053,43,7,110,30,15,4,126,43
42,final_roomy,492,32,3203,3171,0,3059,43,5,107,35,15,4,126,43
42,final_roomy,493,23,3208,3185,0,3061,38,15,109,28,15,3,126,43
42,final_roomy,494,24,3213,3189,0,3066,30,18,105,37,13,4,126,43
42,final_roomy,495,29,3221,3192,0,3075,32,7,110,41,13,5,131,43
42,final_roomy,496,30,3228,3198,0,3084,44,9,105,32,11,5,131,43
42,final_roomy,497,31,3236,3205,0,3092,55,13,100,22,12,6,131,43
42,final_roomy,498,33,3242,3209,0,3100,61,11,98,20,10,7,131,43
42,final_roomy,499,36,3247,3211,0,3110,70,6,95,19,10,6,131,43
42,final_roomy,500,41,3254,3213,0,3117,77,4,92,17,9,8,131,43
42,final_roomy,501,45,3260,3215,0,3122,79,4,89,18,9,9,131,43
42,final_roomy,502,43,3267,3224,0,3137,89,11,76,14,9,8,131,43
42,final_roomy,503,36,3272,3236,0,3143,91,21,72,6,9,8,131,43
42,final_roomy,504,38,3277,3239,0,3150,96,15,74,5,10,9,131,43
42,final_roomy,505,42,3285,3243,0,3160,90,7,76,17,14,8,131,43
42,final_roomy,506,48,3293,3245,0,3165,71,6,74,39,15,9,131,43
42,final_roomy,507,50,3301,3251,0,3171,58,8,72,52,15,8,131,43
42,final_roomy,508,52,3307,3255,0,3180,61,10,65,54,12,10,131,43
42,final_roomy,509,56,3315,3259,0,3191,66,8,60,56,11,11,131,43
42,final_roomy,510,60,3322,3262,0,3195,75,7,60,48,13,11,131,43
42,final_roomy,511,54,3330,3276,0,3197,37,17,62,74,17,7,131,43
42,final_roomy,512,45,3337,3292,0,3201,24,30,61,75,17,6,131,43
42,final_roomy,513,32,3343,3311,0,3205,52,35,71,32,11,6,131,43
42,final_roomy,514,28,3348,3320,0,3212,36,28,80,46,11,5,131,43
42,final_roomy,515,25,3356,3331,0,3218,22,20,93,55,9,5,131,43
42,final_roomy,516,24,3362,3338,0,3223,36,18,97,39,13,5,131,43
42,final_roomy,517,30,3369,3339,0,3223,47,8,108,27,15,5,131,43
42,final_roomy,518,29,3376,3347,0,3226,46,9,112,23,15,4,131,43
42,final_roomy,519,23,3381,3358,0,3228,38,19,111,22,13,3,131,43
42,final_roomy,520,22,3386,3364,0,3231,36,17,116,21,11,3,101,38
42,final_roomy,521,28,3394,3366,0,3240,39,8,118,25,11,5,101,38
42,final_roomy,522,30,3399,3369,0,3244,38,5,120,27,12,5,101,38
42,final_roomy,523,31,3404,3373,0,3259,42,7,107,34,11,5,101,38
42,final_roomy,524,30,3409,3379,0,3263,31,10,106,43,8,6,101,38
42,final_roomy,525,30,3414,3384,0,3271,37,11,102,40,9,5,126,43
42,final_roomy,526,26,3422,3396,0,3275,30,17,104,39,8,5,126,43
42,final_roomy,527,24,3428,3404,0,3281,33,20,103,34,9,5,126,43
42,final_roomy,528,27,3436,3409,0,3292,41,13,104,32,13,4,126,43
42,final_roomy,529,30,3444,3414,0,3296,30,10,108,42,13,5,126,43
42,final_roomy,530,31,3449,3418,0,3304,18,9,105,58,11,6,131,43
42,final_roomy,531,33,3454,3421,0,3315,23,7,99,61,10,6,131,43
42,final_roomy,532,30,3460,3430,0,3331,32,12,87,59,11,6,131,43
42,final_roomy,533,22,3468,3446,0,3341,39,25,80,46,11,5,131,43
42,final_roomy,534,6,3476,3470,0,3347,42,40,83,25,5,2,131,43
42,final_roomy,535,5,3481,3476,0,3358,42,30,88,30,5,1,131,43
42,final_roomy,536,10,3486,3476,0,3364,54,6,106,24,8,2,131,43
42,final_roomy,537,9,3494,3485,0,3371,56,9,105,20,7,2,131,43
42,final_roomy,538,8,3500,3492,0,3372,48,16,104,22,7,2,131,43
42,final_roomy,539,6,3505,3499,0,3375,37,14,110,29,6,1,131,43
42,final_roomy,540,8,3510,3502,0,3382,37,10,110,33,8,1,131,43
42,final_roomy,541,7,3518,3511,0,3385,25,12,114,39,7,1,131,43
42,final_roomy,542,9,3526,3517,0,3392,19,15,110,46,8,2,131,43
42,final_roomy,543,11,3532,3521,0,3398,16,10,113,51,8,3,131,43
42,final_roomy,544,12,3539,3527,0,3408,27,10,109,44,7,3,131,43
42,final_roomy,545,0,3545,3545,0,3414,37,24,107,22,0,0,131,43
42,final_roomy,546,0,3552,3552,0,3424,53,25,103,9,0,0,131,43
42,final_roomy,547,7,3560,3553,0,3431,62,8,114,6,6,2,131,43
42,final_roomy,548,15,3568,3553,0,3441,65,1,111,13,10,3,131,43
42,final_roomy,549,16,3575,3559,0,3447,60,6,106,18,10,3,131,43
42,final_roomy,550,21,3582,3561,0,3458,65,8,95,22,10,4,126,43
42,final_roomy,551,25,3587,3562,0,3465,72,3,94,21,11,4,126,43
42,final_roomy,552,29,3595,3566,0,3469,71,5,92,22,10,5,126,43
42,final_roomy,553,33,3600,3567,0,3474,66,5,88,31,11,5,126,43
42,final_roomy,554,35,3606,3571,0,3484,67,5,82,36,10,5,126,43
42,final_roomy,555,31,3611,3580,0,3491,68,13,76,33,10,5,131,43
42,final_roomy,556,23,3618,3595,0,3501,72,24,70,24,9,4,131,43
42,final_roomy,557,20,3626,3606,0,3509,82,26,71,11,9,4,131,43
42,final_roomy,558,20,3632,3612,0,3519,77,17,76,20,8,4,131,43
42,final_roomy,559,24,3639,3615,0,3527,75,9,79,27,8,5,131,43
42,final_roomy,560,22,3646,3624,0,3532,75,12,80,23,8,4,131,43
42,final_roomy,561,28,3653,3625,0,3539,77,10,76,27,10,4,131,43
42,final_roomy,562,20,3659,3639,0,3545,71,15,79,25,9,5,131,43
42,final_roomy,563,11,3664,3653,0,3549,57,28,76,29,9,2,131,43
42,final_roomy,564,15,3669,3654,0,3553,42,15,86,47,9,3,131,43
42,final_roomy,565,18,3676,3658,0,3554,51,5,99,35,9,3,131,43
42,final_roomy,566,14,3682,3668,0,3559,70,14,95,11,10,2,131,43
42,final_roomy,567,16,3690,3674,0,3566,68,16,92,14,10,3,131,43
42,final_roomy,568,19,3698,3679,0,3573,58,11,95,26,12,3,131,43
42,final_roomy,569,23,3705,3682,0,3576,41,8,98,43,9,5,131,43
42,final_roomy,570,23,3711,3688,0,3584,50,9,95,36,11,4,121,43
42,final_roomy,571,22,3718,3696,0,3590,36,14,92,48,13,3,121,43
42,final_roomy,572,21,3726,3705,0,3598,29,17,90,54,12,4,121,43
42,final_roomy,573,6,3731,3725,0,3604,41,29,92,28,5,2,121,43
42,final_roomy,574,6,3739,3733,0,3609,27,28,96,39,6,1,121,43
42,final_roomy,575,8,3744,3736,0,3613,24,11,112,43,7,2,131,43
42,final_roomy,576,12,3751,3739,0,3623,40,6,110,34,8,2,131,43
42,final_roomy,577,19,3758,3739,0,3632,47,3,104,36,10,4,131,43
42,final_roomy,578,22,3765,3743,0,3637,58,4,102,26,10,4,131,43
42,final_roomy,579,21,3773,3752,0,3646,48,13,93,36,9,4,131,43
42,final_roomy,580,22,3778,3756,0,3652,40,13,91,46,8,5,131,43
42,final_roomy,581,15,3783,3768,0,3662,53,16,90,31,8,4,131,43
42,final_roomy,582,16,3790,3774,0,3667,59,18,89,24,8,4,131,43
42,final_roomy,583,18,3796,3778,0,3672,63,10,96,21,6,5,131,43
42,final_roomy,584,22,3803,3781,0,3678,74,7,96,13,6,6,131,43
42,final_roomy,585,28,3810,3782,0,3683,86,4,95,5,7,7,131,43
42,final_roomy,586,30,3815,3785,0,3690,90,4,91,5,8,7,131,43
42,final_roomy,587,31,3820,3789,0,3701,92,7,81,10,9,7,131,43
42,final_roomy,588,37,3828,3791,0,3707,97,6,78,9,10,7,131,43
42,final_roomy,589,39,3833,3794,0,3718,99,5,71,15,10,7,131,43
42,final_roomy,590,44,3841,3797,0,3723,91,6,68,25,9,7,131,43
42,final_roomy,591,47,3847,3800,0,3729,94,6,65,25,11,7,131,43
42,final_roomy,592,51,3854,3803,0,3732,76,6,65,43,11,9,131,43
42,final_roomy,593,43,3859,3816,0,3742,66,16,58,50,10,10,131,43
42,final_roomy,594,41,3867,3826,0,3749,68,23,54,45,11,10,131,43
42,final_roomy,595,45,3874,3829,0,3757,62,13,59,56,11,11,131,43
42,final_roomy,596,37,3881,3844,0,3762,58,18,64,50,10,7,131,43
42,final_roomy,597,32,3888,3856,0,3763,66,27,66,31,11,5,131,43
42,final_roomy,598,37,3893,3856,0,3770,70,12,74,34,11,6,131,43
42,final_roomy,599,40,3899,3859,0,3774,73,3,82,32,9,6,131,43
42,final_roomy,600,39,3907,3868,0,3779,73,12,77,28,11,6,121,40
42,final_busy,1,4,13,9,0,0,248,9,0,3,2,3,131,43
42,final_busy,2,14,23,9,0,0,209,9,0,42,8,3,131,43
42,final_busy,3,20,37,17,0,0,181,8,9,62,8,4,131,43
42,final_busy,4,0,49,49,0,0,188,40,9,23,0,0,131,43
42,final_busy,5,1,63,62,0,0,197,45,17,1,1,1,131,43
42,final_busy,6,2,76,74,0,0,174,25,49,12,2,1,131,43
42,final_busy,7,10,87,77,0,0,151,15,62,32,7,3,131,43
42,final_busy,8,20,100,80,0,0,140,6,74,40,8,4,131,43
42,final_busy,9,30,113,83,0,0,138,6,77,39,10,6,131,43
42,final_busy,10,31,124,93,0,0,129,13,80,38,11,7,131,43
42,final_busy,11,20,134,114,0,0,117,31,83,29,12,4,131,43
42,final_busy,12,19,145,126,0,0,99,33,93,35,10,5,131,43
42,final_busy,13,26,155,129,0,1,96,15,113,36,11,5,131,43
42,final_busy,14,36,167,131,0,5,86,5,121,48,12,8,131,43
42,final_busy,15,36,178,142,0,7,67,13,122,58,13,6,131,43
42,final_busy,16,24,191,167,0,11,49,36,120,55,12,6,131,43
42,final_busy,17,31,205,174,0,22,51,32,120,57,11,7,131,43
42,final_busy,18,39,218,179,0,28,64,12,139,45,12,7,131,43
42,final_busy,19,45,231,186,0,33,65,12,141,42,12,8,131,43
42,final_busy,20,53,242,189,0,36,50,10,143,57,12,9,121,40
42,final_busy,21,62,254,192,0,47,44,6,139,71,12,10,121,40
42,final_busy,22,53,267,214,0,57,49,25,132,54,12,11,121,40
42,final_busy,23,39,279,240,0,69,50,48,123,39,14,6,121,40
42,final_busy,24,42,291,249,0,79,32,35,135,58,13,6,121,40
42,final_busy,25,47,304,257,0,93,36,17,147,60,11,8,126,43
42,final_busy,26,46,314,268,0,106,49,19,143,49,12,7,126,43
42,final_busy,27,48,327,279,0,112,35,22,145,58,13,7,126,43
42,final_busy,28,51,339,288,0,120,52,20,148,40,13,6,126,43
42,final_busy,29,60,353,293,0,127,72,14,152,22,11,10,126,43
42,final_busy,30,66,364,298,0,134,60,10,154,36,15,10,131,43
42,final_busy,31,79,378,299,0,146,62,6,147,45,18,10,131,43
42,final_busy,32,76,389,313,0,156,76,15,142,27,19,8,131,43
42,final_busy,33,65,402,337,0,165,76,38,134,12,19,7,131,43
42,final_busy,34,70,415,345,0,178,79,32,135,14,19,8,131,43
42,final_busy,35,74,426,352,0,186,83,15,151,11,19,9,131,43
42,final_busy,36,81,440,359,0,197,86,14,148,12,23,10,131,43
42,final_busy,37,86,452,366,0,205,69,14,147,30,23,10,131,43
42,final_busy,38,89,462,373,0,224,60,14,135,51,24,11,131,43
42,final_busy,39,95,474,379,0,234,62,13,132,53,22,12,131,43
42,final_busy,40,98,488,390,0,238,52,17,135,56,24,13,131,43
42,final_busy,41,86,502,416,0,253,49,37,126,48,21,14,131,43
42,final_busy,42,72,513,441,0,262,48,51,128,33,14,13,131,43
42,final_busy,43,77,525,448,0,275,53,32,141,34,14,13,131,43
42,final_busy,44,86,539,453,0,283,53,12,158,37,17,15,131,43
42,final_busy,45,87,550,463,0,295,41,15,153,51,14,13,131,43
42,final_busy,46,91,560,469,0,305,36,16,148,60,15,16,131,43
42,final_busy,47,97,573,476,0,314,30,13,149,68,17,18,131,43
42,final_busy,48,97,584,487,0,324,25,18,145,72,14,19,131,43
42,final_busy,49,97,594,497,0,333,43,21,143,53,10,21,131,43
42,final_busy,50,109,608,499,0,341,68,12,146,34,16,22,126,43
42,final_busy,51,121,622,501,0,346,50,4,151,55,17,22,126,43
42,final_busy,52,115,632,517,0,352,16,18,147,79,14,22,126,43
42,final_busy,53,118,643,525,0,361,25,24,140,71,11,20,126,43
42,final_busy,54,129,657,528,0,372,49,11,145,55,13,20,126,43
42,final_busy,55,126,670,544,0,387,54,19,138,49,15,18,131,43
42,final_busy,56,117,682,565,0,395,41,37,133,49,16,16,131,43
42,final_busy,57,107,693,586,0,409,9,42,135,74,18,14,131,43
42,final_busy,58,114,707,593,0,418,0,28,147,85,17,16,131,43
42,final_busy,59,112,721,609,0,435,3,23,151,83,14,17,131,43
42,final_busy,60,119,735,616,0,448,14,23,145,78,20,17,131,43
42,final_busy,61,125,746,621,0,458,16,12,151,81,20,17,131,43
42,final_busy,62,112,760,648,0,472,18,32,144,66,22,17,131,43
42,final_busy,63,82,772,690,0,483,18,69,138,35,13,14,131,43
42,final_busy,64,83,785,702,0,484,6,54,164,36,20,14,131,43
42,final_busy,65,91,795,704,0,492,3,14,198,45,22,14,131,43
42,final_busy,66,97,809,712,0,502,1,10,200,49,26,14,131,43
42,final_busy,67,100,822,722,0,509,2,18,195,45,29,14,131,43
42,final_busy,68,106,834,728,0,520,2,16,192,50,30,12,131,43
42,final_busy,69,109,845,736,0,528,6,14,194,46,27,11,131,43
42,final_busy,70,118,859,741,0,535,7,13,193,47,29,11,131,43
42,final_busy,71,112,871,759,0,554,11,23,182,44,27,10,131,43
42,final_busy,72,108,884,776,0,564,7,35,177,41,26,10,131,43
42,final_busy,73,107,895,788,0,579,9,29,180,42,24,12,131,43
42,final_busy,74,112,907,795,0,601,15,19,175,51,27,11,131,43
42,final_busy,75,109,919,810,0,609,9,22,179,50,23,13,131,43
42,final_busy,76,93,930,837,0,624,11,42,171,36,18,12,131,43
42,final_busy,77,92,941,849,0,639,15,39,171,35,18,13,131,43
42,final_busy,78,93,955,862,0,648,10,25,189,36,16,13,131,43
42,final_busy,79,88,969,881,0,663,12,32,186,30,12,12,131,43
42,final_busy,80,98,983,885,0,678,32,23,184,21,12,14,131,43
42,final_busy,81,106,994,888,0,693,43,7,188,22,12,14,131,43
42,final_busy,82,108,1005,897,0,706,48,12,179,21,10,16,131,43
42,final_busy,83,109,1015,906,0,720,56,18,168,18,11,17,131,43
42,final_busy,84,113,1026,913,0,732,57,16,165,22,12,16,131,43
42,final_busy,85,115,1040,925,0,742,50,19,164,27,12,16,131,43
42,final_busy,86,122,1052,930,0,755,37,17,158,48,12,18,131,43
42,final_busy,87,125,1063,938,0,765,51,13,160,36,10,17,131,43
42,final_busy,88,123,1073,950,0,773,76,20,157,7,12,17,131,43
42,final_busy,89,128,1083,955,0,788,77,17,150,16,11,19,131,43
42,final_busy,90,129,1096,967,0,799,63,17,151,29,16,18,131,43
42,final_busy,91,135,1106,971,0,817,36,16,138,70,21,18,131,43
42,final_busy,92,143,1120,977,0,831,21,10,136,93,23,17,131,43
42,final_busy,93,109,1130,1021,0,838,7,50,133,70,15,14,131,43
42,final_busy,94,99,1141,1042,0,855,6,65,122,67,17,13,131,43
42,final_busy,95,102,1154,1052,0,864,12,31,157,60,21,12,131,43
42,final_busy,96,98,1164,1066,0,879,17,24,163,56,20,12,131,43
42,final_busy,97,95,1175,1080,0,890,15,28,162,55,21,11,131,43
42,final_busy,98,81,1185,1104,0,901,21,38,165,36,19,11,131,43
42,final_busy,99,83,1197,1114,0,906,33,34,174,19,20,11,131,43
42,final_busy,100,89,1211,1122,0,915,36,18,189,17,21,11,121,40
42,final_busy,101,95,1223,1128,0,919,34,14,195,17,23,9,121,40
42,final_busy,102,93,1234,1141,0,923,23,19,199,19,25,8,121,40
42,final_busy,103,100,1247,1147,0,929,10,19,199,32,26,8,121,40
42,final_busy,104,106,1258,1152,0,945,2,11,196,51,26,8,121,40
42,final_busy,105,109,1268,1159,0,959,3,12,188,57,26,8,131,43
42,final_busy,106,114,1281,1167,0,979,11,15,173,61,25,10,131,43
42,final_busy,107,114,1292,1178,0,989,14,19,170,57,25,10,131,43
42,final_busy,108,117,1305,1188,0,1013,19,21,154,66,27,11,131,43
42,final_busy,109,118,1318,1200,0,1023,6,22,155,77,29,11,131,43
42,final_busy,110,97,1331,1234,0,1036,7,46,152,55,25,11,131,43
42,final_busy,111,92,1342,1250,0,1051,18,50,149,43,22,11,131,43
42,final_busy,112,98,1355,1257,0,1066,28,23,168,41,22,12,131,43
42,final_busy,113,90,1365,1271,4,1080,26,21,170,43,18,15,131,43
42,final_busy,114,88,1379,1283,8,1097,29,26,160,45,13,19,131,43
42,final_busy,115,87,1389,1294,8,1108,16,23,163,58,15,20,131,43
42,final_busy,116,80,1399,1311,8,1120,8,28,163,61,16,20,131,43
42,final_busy,117,83,1409,1318,8,1125,27,24,169,40,13,22,131,43
42,final_busy,118,92,1423,1323,8,1139,42,12,172,34,14,22,131,43
42,final_busy,119,99,1435,1328,8,1149,35,10,169,46,17,22,131,43
42,final_busy,120,105,1448,1335,8,1160,14,12,163,71,21,22,131,43
42,final_busy,121,101,1459,1350,8,1173,10,22,155,73,18,21,131,43
42,final_busy,122,107,1471,1356,8,1182,33,21,153,53,19,21,131,43
42,final_busy,123,105,1482,1369,8,1189,33,19,161,47,21,21,131,43
42,final_busy,124,92,1494,1394,8,1194,27,38,162,33,25,17,131,43
42,final_busy,125,90,1507,1409,8,1208,24,40,161,35,27,13,121,40
42,final_busy,126,89,1517,1420,8,1227,25,26,167,42,21,13,121,40
42,final_busy,127,93,1527,1426,8,1240,25,17,169,49,23,11,121,40
42,final_busy,128,102,1540,1430,8,1246,22,10,174,54,22,11,121,40
42,final_busy,129,96,1550,1446,8,1262,21,20,164,55,21,11,121,40
42,final_busy,130,98,1562,1456,8,1277,27,26,153,54,22,10,131,43
42,final_busy,131,85,1573,1480,8,1292,29,34,154,43,22,8,131,43
42,final_busy,132,75,1583,1500,8,1296,21,44,160,35,24,7,131,43
42,final_busy,133,74,1596,1514,8,1305,14,34,175,37,23,9,131,43
42,final_busy,134,82,1609,1519,8,1316,11,19,184,46,27,9,131,43
42,final_busy,135,81,1621,1532,8,1323,0,18,191,51,26,10,131,43
42,final_busy,136,77,1631,1546,8,1342,2,27,177,54,15,12,131,43
42,final_busy,137,85,1642,1549,8,1353,3,17,179,61,16,14,131,43
42,final_busy,138,90,1653,1555,8,1363,6,9,183,62,13,15,131,43
42,final_busy,139,85,1666,1573,8,1378,27,24,171,38,12,13,131,43
42,final_busy,140,81,1679,1590,8,1389,30,35,166,29,11,14,131,43
42,final_busy,141,90,1692,1594,8,1402,30,21,171,38,12,14,131,43
42,final_busy,142,92,1705,1605,8,1418,27,15,172,46,13,14,131,43
42,final_busy,143,98,1719,1613,8,1433,20,19,161,60,14,15,131,43
42,final_busy,144,104,1732,1620,8,1440,12,15,165,68,14,16,131,43
42,final_busy,145,106,1743,1629,8,1457,25,16,156,63,11,18,131,43
42,final_busy,146,112,1753,1633,8,1468,31,13,152,64,11,19,131,43
42,final_busy,147,112,1767,1647,8,1480,29,18,149,64,10,19,131,43
42,final_busy,148,107,1779,1664,8,1487,46,31,146,37,10,17,131,43
42,final_busy,149,95,1789,1686,8,1504,62,39,143,16,10,17,131,43
42,final_busy,150,102,1800,1690,8,1519,60,26,145,29,17,16,131,43
42,final_busy,151,103,1810,1699,8,1532,32,13,154,61,20,15,131,43
42,final_busy,152,102,1822,1712,8,1546,27,22,144,67,20,15,131,43
42,final_busy,153,82,1832,1742,8,1561,16,43,138,63,11,14,131,43
42,final_busy,154,74,1844,1762,8,1567,22,50,145,43,14,12,131,43
42,final_busy,155,70,1857,1779,8,1575,34,37,167,22,20,12,126,43
42,final_busy,156,75,1869,1786,8,1584,21,24,178,37,22,12,126,43
42,final_busy,157,78,1883,1797,8,1589,9,18,190,43,22,11,126,43
42,final_busy,158,84,1897,1805,8,1597,13,19,189,39,23,10,126,43
42,final_busy,159,85,1908,1815,8,1608,12,18,189,41,24,8,126,43
42,final_busy,160,93,1921,1820,8,1619,9,15,186,50,26,8,131,43
42,final_busy,161,98,1932,1826,8,1629,7,11,186,56,28,9,131,43
42,final_busy,162,102,1944,1834,8,1641,1,14,179,66,27,10,131,43
42,final_busy,163,89,1955,1858,8,1652,5,32,174,49,22,10,131,43
42,final_busy,164,86,1968,1874,8,1665,17,40,169,34,19,11,131,43
42,final_busy,165,92,1980,1880,8,1679,22,22,179,37,18,12,131,43
42,final_busy,166,89,1992,1895,8,1691,24,21,183,32,16,11,131,43
42,final_busy,167,89,2002,1905,8,1702,27,25,178,30,15,11,131,43
42,final_busy,168,94,2016,1914,8,1715,32,19,180,29,13,15,131,43
42,final_busy,169,100,2026,1918,8,1735,42,13,170,35,14,16,131,43
42,final_busy,170,103,2039,1928,8,1755,54,14,159,33,15,17,131,43
42,final_busy,171,105,2051,1938,8,1763,56,20,155,29,14,18,131,43
42,final_busy,172,107,2065,1950,8,1780,60,22,148,30,14,18,131,43
42,final_busy,173,114,2077,1955,8,1792,54,17,146,43,14,18,131,43
42,final_busy,174,111,2087,1968,8,1807,52,18,143,47,13,19,131,43
42,final_busy,175,113,2097,1976,8,1815,52,21,140,47,12,21,131,43
42,final_busy,176,117,2110,1985,8,1822,56,17,146,41,13,20,131,43
42,final_busy,177,105,2121,2008,8,1832,41,32,144,43,13,18,131,43
42,final_busy,178,100,2131,2023,8,1844,35,38,141,46,14,15,131,43
42,final_busy,179,103,2145,2034,8,1853,39,26,155,40,16,12,131,43
42,final_busy,180,108,2157,2041,8,1863,25,18,160,57,21,12,121,40
42,final_busy,181,116,2171,2047,8,1872,14,13,162,71,24,12,121,40
42,final_busy,182,115,2181,2058,8,1885,17,17,156,70,23,12,121,40
42,final_busy,183,108,2195,2079,8,1897,15,32,150,63,25,12,121,40
42,final_busy,184,95,2209,2106,8,1906,15,48,152,45,25,9,121,40
42,final_busy,185,80,2219,2131,8,1918,11,52,161,36,24,8,131,43
42,final_busy,186,84,2232,2140,8,1926,5,34,180,41,21,9,131,43
42,final_busy,187,91,2245,2146,8,1936,12,15,195,38,19,10,131,43
42,final_busy,188,97,2259,2154,8,1947,21,14,193,32,20,11,131,43
42,final_busy,189,96,2270,2166,8,1955,26,20,191,23,20,11,131,43
42,final_busy,190,99,2282,2175,8,1969,27,21,185,27,21,11,131,43
42,final_busy,191,97,2292,2187,8,1977,26,21,189,24,22,11,131,43
42,final_busy,192,102,2304,2194,8,1993,19,19,182,40,22,13,131,43
42,final_busy,193,106,2314,2200,8,2003,6,13,184,57,21,13,131,43
42,final_busy,194,108,2327,2211,8,2020,21,17,174,48,21,12,131,43
42,final_busy,195,112,2337,2217,8,2031,28,17,169,46,21,14,131,43
42,final_busy,196,108,2350,2234,8,2046,34,23,165,38,18,14,131,43
42,final_busy,197,108,2361,2245,8,2058,38,28,159,35,16,15,131,43
42,final_busy,198,110,2371,2253,8,2069,30,19,165,46,15,17,131,43
42,final_busy,199,110,2381,2263,8,2082,33,18,163,46,12,19,131,43
42,final_busy,200,109,2392,2275,8,2098,46,22,155,37,11,18,131,43
42,final_busy,201,100,2403,2295,8,2110,48,32,153,27,11,15,131,43
42,final_busy,202,101,2417,2308,8,2128,63,33,147,17,10,15,131,43
42,final_busy,203,108,2428,2312,8,2138,67,17,157,19,10,16,131,43
42,final_busy,204,112,2441,2321,8,2152,72,13,156,19,9,17,131,43
42,final_busy,205,122,2453,2323,8,2161,88,11,151,10,10,18,131,43
42,final_busy,206,123,2467,2336,8,2170,80,15,151,14,11,18,131,43
42,final_busy,207,134,2480,2338,8,2181,70,15,142,33,10,20,131,43
42,final_busy,208,144,2493,2341,8,2192,79,5,144,32,9,22,131,43
42,final_busy,209,152,2507,2347,8,2203,100,9,135,16,11,23,131,43
42,final_busy,210,159,2519,2352,8,2214,90,11,127,32,15,23,131,43
42,final_busy,211,168,2533,2357,8,2228,30,10,119,101,19,23,131,43
42,final_busy,212,167,2547,2372,8,2236,38,20,116,86,22,22,131,43
42,final_busy,213,132,2561,2421,8,2245,49,64,112,35,13,20,131,43
42,final_busy,214,140,2573,2425,8,2256,42,53,116,49,19,20,131,43
42,final_busy,215,143,2583,2432,8,2265,39,11,156,54,19,20,131,43
42,final_busy,216,147,2595,2440,8,2279,24,15,146,75,20,19,131,43
42,final_busy,217,137,2609,2464,8,2290,25,32,142,61,17,19,131,43
42,final_busy,218,125,2621,2488,8,2295,45,48,145,22,19,19,131,43
42,final_busy,219,123,2632,2501,8,2304,39,37,160,24,22,17,131,43
42,final_busy,220,129,2646,2509,8,2308,19,21,180,40,23,17,131,43
42,final_busy,221,133,2658,2517,8,2319,20,16,182,42,22,17,131,43
42,final_busy,222,142,2671,2521,8,2324,20,12,185,43,23,16,131,43
42,final_busy,223,142,2685,2535,8,2336,18,18,181,43,25,15,131,43
42,final_busy,224,144,2698,2546,8,2345,1,25,176,58,24,13,131,43
42,final_busy,225,148,2710,2554,8,2355,1,19,180,60,23,13,131,43
42,final_busy,226,150,2720,2562,8,2367,14,16,179,51,20,14,131,43
42,final_busy,227,155,2731,2568,8,2378,14,14,176,56,20,16,131,43
42,final_busy,228,146,2743,2589,8,2386,16,27,176,41,24,16,131,43
42,final_busy,229,135,2755,2612,8,2396,17,44,172,27,23,15,131,43
42,final_busy,230,143,2767,2616,8,2413,29,27,176,28,23,15,131,43
42,final_busy,231,140,2778,2626,12,2429,29,14,183,34,21,16,131,43
42,final_busy,232,135,2790,2640,15,2439,27,24,177,32,22,18,131,43
42,final_busy,233,136,2804,2648,20,2455,12,22,171,55,22,18,131,43
42,final_busy,234,132,2815,2661,22,2475,2,21,165,72,12,20,131,43
42,final_busy,235,144,2829,2663,22,2486,9,15,162,74,12,24,111,40
42,final_busy,236,147,2840,2671,22,2496,16,10,165,69,12,23,111,40
42,final_busy,237,137,2854,2695,22,2506,28,32,157,43,11,21,111,40
42,final_busy,238,142,2868,2704,22,2523,45,33,148,34,11,22,111,40
42,final_busy,239,144,2878,2712,22,2544,57,17,151,35,12,23,111,40
42,final_busy,240,146,2888,2720,22,2550,49,16,154,41,18,21,131,43
42,final_busy,241,144,2898,2732,22,2564,24,20,148,68,19,20,131,43
42,final_busy,242,143,2911,2746,22,2575,28,26,145,61,17,20,131,43
42,final_busy,243,123,2922,2777,22,2583,39,45,149,27,14,18,131,43
42,final_busy,244,116,2932,2794,22,2594,43,48,152,17,11,17,131,43
42,final_busy,245,122,2945,2801,22,2602,39,24,175,22,17,16,131,43
42,final_busy,246,123,2957,2812,22,2613,27,18,181,34,21,16,131,43
42,final_busy,247,128,2970,2820,22,2623,17,19,178,46,21,16,131,43
42,final_busy,248,131,2980,2827,22,2630,23,15,182,40,21,16,131,43
42,final_busy,249,124,2993,2847,22,2638,30,27,182,21,22,16,131,43
42,final_busy,250,122,3006,2862,22,2654,18,35,173,34,20,16,131,43
42,final_busy,251,132,3020,2866,22,2662,12,19,185,44,22,15,131,43
42,final_busy,252,135,3030,2873,22,2669,12,11,193,44,19,15,131,43
42,final_busy,253,142,3040,2876,22,2677,12,10,189,49,23,15,131,43
42,final_busy,254,132,3053,2899,22,2691,10,26,182,42,28,15,131,43
42,final_busy,255,120,3065,2923,22,2706,2,47,170,41,25,13,122,43
42,final_busy,256,118,3079,2939,22,2716,5,40,183,32,24,13,122,43
42,final_busy,257,124,3093,2947,22,2727,5,24,196,35,24,11,122,43
42,final_busy,258,121,3103,2955,27,2742,10,16,197,37,23,10,122,43
42,final_busy,259,108,3117,2977,32,2758,14,30,189,27,25,9,122,43
42,final_busy,260,99,3128,2988,41,2776,5,33,179,43,23,9,131,43
42,final_busy,261,90,3138,3001,47,2794,1,24,183,52,25,9,131,43
42,final_busy,262,78,3148,3020,50,2813,4,32,175,49,21,10,131,43
42,final_busy,263,78,3161,3032,51,2824,4,31,177,48,18,11,131,43
42,final_busy,264,76,3173,3045,52,2835,7,25,185,43,11,13,131,43
42,final_busy,265,85,3184,3047,52,2844,19,15,188,38,12,14,131,43
42,final_busy,266,93,3194,3049,52,2863,37,4,182,37,12,18,131,43
42,final_busy,267,89,3207,3066,52,2867,27,19,180,34,15,18,131,43
42,final_busy,268,88,3221,3081,52,2878,19,32,171,38,14,17,131,43
42,final_busy,269,93,3231,3086,52,2889,10,20,177,53,15,16,131,43
42,final_busy,270,96,3245,3097,52,2900,4,16,181,59,20,14,131,43
42,final_busy,271,92,3255,3111,52,2913,4,25,173,58,25,14,131,43
42,final_busy,272,89,3267,3126,52,2926,13,29,171,47,27,12,131,43
42,final_busy,273,83,3280,3145,52,2937,5,34,174,47,27,12,131,43
42,final_busy,274,85,3292,3155,52,2949,2,29,177,52,23,12,131,43
42,final_busy,275,86,3304,3166,52,2966,16,21,179,44,24,11,131,43
42,final_busy,276,86,3315,3177,52,2981,18,22,174,46,22,11,131,43
42,final_busy,277,89,3326,3185,52,2998,33,19,168,40,24,11,131,43
42,final_busy,278,93,3339,3194,52,3009,39,17,168,36,24,11,131,43
42,final_busy,279,87,3349,3210,52,3023,32,25,162,41,22,10,131,43
42,final_busy,280,80,3360,3228,52,3036,26,34,158,42,18,10,131,43
42,final_busy,281,86,3374,3236,52,3048,27,26,162,45,20,10,131,43
42,final_busy,282,87,3388,3249,52,3056,19,21,172,48,21,10,131,43
42,final_busy,283,77,3402,3273,52,3079,7,37,157,59,23,10,131,43
42,final_busy,284,71,3415,3292,52,3089,4,43,160,53,19,11,131,43
42,final_busy,285,62,3425,3311,52,3096,18,38,177,27,15,13,121,40
42,final_busy,286,71,3437,3314,52,3106,35,22,186,17,15,14,121,40
42,final_busy,287,76,3448,3320,52,3116,37,9,195,19,16,12,121,40
42,final_busy,288,76,3460,3332,52,3128,40,18,186,16,16,11,121,40
42,final_busy,289,78,3472,3342,52,3138,39,22,182,17,14,12,121,40
42,final_busy,290,83,3485,3350,52,3153,40,18,179,23,12,12,126,43
42,final_busy,291,90,3499,3357,52,3160,42,15,182,21,11,15,126,43
42,final_busy,292,92,3509,3365,52,3169,43,15,181,21,13,12,126,43
42,final_busy,293,98,3522,3372,52,3183,35,15,174,36,13,14,126,43
42,final_busy,294,104,3536,3380,52,3199,36,15,166,43,12,15,126,43
42,final_busy,295,109,3547,3386,52,3215,60,14,157,29,10,16,131,43
42,final_busy,296,117,3560,3391,52,3230,83,11,150,16,11,16,131,43
42,final_busy,297,122,3570,3396,52,3244,82,10,142,26,12,17,131,43
42,final_busy,298,125,3581,3404,52,3259,76,13,132,39,12,17,131,43
42,final_busy,299,136,3595,3407,52,3267,91,11,129,29,12,18,131,43
42,final_busy,300,147,3609,3410,52,3281,86,6,123,45,20,18,131,43
42,final_busy,301,154,3619,3413,52,3294,54,6,113,87,21,18,131,43
42,final_busy,302,127,3629,3450,52,3309,43,40,101,76,13,16,131,43
42,final_busy,303,118,3643,3473,52,3319,77,60,94,29,12,15,131,43
42,final_busy,304,110,3653,3491,52,3327,69,41,123,27,13,15,131,43
42,final_busy,305,116,3665,3497,52,3334,53,24,139,44,20,14,131,43
42,final_busy,306,124,3677,3501,52,3344,46,10,147,57,22,14,131,43
42,final_busy,307,127,3690,3511,52,3350,32,14,147,67,21,14,131,43
42,final_busy,308,121,3701,3528,52,3360,37,27,141,55,25,13,131,43
42,final_busy,309,117,3711,3542,52,3370,30,31,141,58,22,13,131,43
42,final_busy,310,113,3723,3558,52,3375,14,30,153,63,24,13,131,43
42,final_busy,311,113,3735,3570,52,3378,11,28,164,57,26,13,131,43
42,final_busy,312,112,3745,3581,52,3390,23,23,168,46,24,13,131,43
42,final_busy,313,118,3757,3587,52,3399,31,17,171,41,26,13,131,43
42,final_busy,314,126,3770,3592,52,3409,16,11,172,61,28,13,131,43
42,final_busy,315,122,3783,3609,52,3419,18,22,168,52,24,13,131,43
42,final_busy,316,125,3797,3620,52,3436,48,28,156,28,22,12,131,43
42,final_busy,317,132,3811,3627,52,3445,54,18,164,24,22,12,131,43
42,final_busy,318,136,3822,3634,52,3451,54,14,169,23,22,12,131,43
42,final_busy,319,136,3836,3641,59,3461,53,14,166,27,22,12,131,43
42,final_busy,320,134,3849,3650,65,3470,55,16,164,25,20,14,131,43
42,final_busy,321,126,3862,3661,75,3479,56,20,162,22,22,12,131,43
42,final_busy,322,125,3875,3668,82,3494,48,18,156,38,23,14,131,43
42,final_busy,323,123,3889,3684,82,3513,33,23,148,56,22,17,131,43
42,final_busy,324,117,3902,3697,88,3529,48,29,139,44,14,17,131,43
42,final_busy,325,118,3916,3710,88,3542,60,26,142,32,12,19,131,43
42,final_busy,326,120,3928,3720,88,3556,70,23,141,26,12,19,131,43
42,final_busy,327,125,3940,3727,88,3565,74,17,145,24,11,21,131,43
42,final_busy,328,133,3950,3729,88,3572,70,9,148,33,12,22,131,43
42,final_busy,329,130,3963,3745,88,3586,60,18,141,41,11,20,131,43
42,final_busy,330,136,3977,3753,88,3592,55,24,137,44,19,19,131,43
42,final_busy,331,143,3989,3758,88,3599,29,13,146,72,23,19,131,43
42,final_busy,332,141,3999,3770,88,3608,21,17,145,77,22,19,131,43
42,final_busy,333,120,4011,3803,88,3617,23,45,141,51,18,17,131,43
42,final_busy,334,121,4024,3815,88,3630,26,45,140,49,19,16,131,43
42,final_busy,335,118,4036,3830,88,3640,27,27,163,43,21,16,121,40
42,final_busy,336,103,4046,3855,88,3654,31,40,161,28,22,15,121,40
42,final_busy,337,91,4058,3879,88,3667,26,49,163,22,20,14,121,40
42,final_busy,338,94,4069,3887,88,3675,15,32,180,33,20,14,121,40
42,final_busy,339,102,4081,3891,88,3684,17,12,195,36,22,14,121,40
42,final_busy,340,99,4092,3905,88,3696,19,18,191,32,20,13,131,43
42,final_busy,341,94,4106,3924,88,3704,20,33,187,20,19,12,131,43
42,final_busy,342,93,4120,3939,88,3716,17,34,189,20,24,10,131,43
42,final_busy,343,98,4130,3944,88,3726,15,20,198,27,25,9,131,43
42,final_busy,344,101,4143,3954,88,3737,8,15,202,35,27,8,131,43
42,final_busy,345,102,4154,3964,88,3746,5,20,198,37,23,11,131,43
42,final_busy,346,107,4168,3973,88,3764,8,19,190,43,22,9,131,43
42,final_busy,347,112,4181,3981,88,3780,9,17,184,50,21,10,131,43
42,final_busy,348,106,4191,3997,88,3789,8,24,184,44,22,11,131,43
42,final_busy,349,105,4202,4009,88,3804,5,28,177,50,24,12,131,43
42,final_busy,350,102,4214,4024,88,3818,6,27,179,48,21,14,131,43
42,final_busy,351,98,4227,4041,88,3832,9,32,177,42,21,13,131,43
42,final_busy,352,103,4241,4050,88,3845,8,26,179,47,20,14,131,43
42,final_busy,353,104,4253,4061,88,3853,9,20,188,43,13,15,131,43
42,final_busy,354,109,4264,4067,88,3867,20,17,183,40,11,16,131,43
42,final_busy,355,118,4276,4070,88,3883,27,9,178,46,11,17,131,43
42,final_busy,356,121,4290,4081,88,3893,44,14,174,28,9,18,131,43
42,final_busy,357,126,4304,4090,88,3913,66,20,157,17,10,16,131,43
42,final_busy,358,132,4316,4096,88,3925,73,15,156,16,11,16,131,43
42,final_busy,359,131,4328,4109,88,3935,74,19,155,12,10,17,131,43
42,final_busy,360,133,4340,4119,88,3946,69,23,150,18,12,17,126,43
42,final_busy,361,142,4354,4124,88,3958,44,15,151,50,19,17,126,43
42,final_busy,362,144,4365,4133,88,3977,32,14,142,72,19,16,126,43
42,final_busy,363,118,4379,4173,88,3987,28,49,137,46,14,15,126,43
42,final_busy,364,106,4393,4199,88,3994,18,66,139,37,12,14,126,43
42,final_busy,365,107,4404,4209,88,4012,18,36,161,45,15,13,131,43
42,final_busy,366,115,4416,4213,88,4025,20,14,174,52,21,13,131,43
42,final_busy,367,115,4428,4225,88,4036,11,16,173,60,21,13,131,43
42,final_busy,368,102,4442,4252,88,4044,10,39,169,42,22,11,131,43
42,final_busy,369,103,4453,4262,88,4051,13,37,174,36,27,10,131,43
42,final_busy,370,107,4465,4270,88,4061,7,18,191,44,26,10,131,43
42,final_busy,371,101,4476,4287,88,4068,2,25,194,39,28,10,131,43
42,final_busy,372,103,4488,4297,88,4079,4,27,191,38,26,10,131,43
42,final_busy,373,106,4498,4304,88,4086,1,17,201,41,25,10,131,43
42,final_busy,374,109,4510,4313,88,4103,5,16,194,45,25,9,131,43
42,final_busy,375,110,4524,4326,88,4117,9,22,187,42,22,9,131,43
42,final_busy,376,114,4536,4334,88,4125,20,21,188,31,22,9,131,43
42,final_busy,377,117,4550,4345,88,4135,30,19,191,20,21,9,131,43
42,final_busy,378,124,4563,4351,88,4151,31,17,183,29,21,11,131,43
42,final_busy,379,129,4574,4357,88,4167,22,12,178,48,22,12,131,43
42,final_busy,380,126,4586,4372,88,4183,13,21,168,58,22,11,115,42
42,final_busy,381,122,4596,4386,88,4189,12,29,168,51,20,12,115,42
42,final_busy,382,112,4609,4406,91,4210,24,34,162,40,21,12,115,42
42,final_busy,383,100,4620,4420,100,4228,36,34,158,32,17,12,115,42
42,final_busy,384,93,4632,4436,103,4244,44,30,162,24,14,12,115,42
42,final_busy,385,96,4646,4447,103,4258,45,27,162,26,14,13,131,43
42,final_busy,386,104,4660,4453,103,4270,47,17,166,30,14,15,131,43
42,final_busy,387,116,4674,4455,103,4278,47,8,169,36,17,15,131,43
42,final_busy,388,125,4688,4460,103,4290,43,7,163,47,16,17,131,43
42,final_busy,389,129,4701,4469,103,4302,41,14,153,52,14,17,131,43
42,final_busy,390,130,4712,4479,103,4316,46,19,144,51,13,17,121,40
42,final_busy,391,140,4725,4482,103,4323,32,13,146,69,16,17,121,40
42,final_busy,392,125,4735,4507,103,4330,34,28,149,49,18,15,121,40
42,final_busy,393,95,4745,4547,103,4345,35,65,137,23,11,15,121,40
42,final_busy,394,99,4755,4553,103,4356,25,46,151,38,17,14,121,40
42,final_busy,395,100,4767,4564,103,4367,25,17,180,38,17,14,131,43
42,final_busy,396,103,4778,4572,103,4377,30,19,176,35,20,14,131,43
42,final_busy,397,101,4791,4587,103,4387,32,23,177,28,24,14,131,43
42,final_busy,398,95,4804,4606,103,4403,17,34,169,40,24,11,131,43
42,final_busy,399,98,4817,4616,103,4408,15,29,179,37,24,10,131,43
42,final_busy,400,97,4828,4628,103,4419,15,22,187,36,23,9,131,43
42,final_busy,401,101,4838,4634,103,4432,19,18,184,39,23,9,131,43
42,final_busy,402,91,4851,4657,103,4444,16,29,184,31,24,8,131,43
42,final_busy,403,98,4864,4663,103,4455,16,29,179,36,27,8,131,43
42,final_busy,404,100,4874,4671,103,4476,12,14,181,53,25,12,131,43
42,final_busy,405,102,4886,4681,103,4485,14,18,178,50,22,13,131,43
42,final_busy,406,106,4898,4689,103,4500,38,18,171,33,22,13,131,43
42,final_busy,407,112,4910,4695,103,4510,47,14,171,28,23,13,131,43
42,final_busy,408,101,4921,4717,103,4521,38,28,168,26,25,14,131,43
42,final_busy,409,105,4932,4724,103,4534,30,29,161,40,25,14,131,43
42,final_busy,410,107,4942,4732,103,4545,27,15,172,46,24,14,131,43
42,final_busy,411,105,4953,4745,103,4560,21,21,164,54,22,15,131,43
42,final_busy,412,109,4965,4753,103,4576,24,21,156,59,17,16,131,43
42,final_busy,413,112,4976,4761,103,4583,23,16,162,59,17,17,131,43
42,final_busy,414,108,4989,4778,103,4599,44,25,154,37,12,17,131,43
42,final_busy,415,99,5001,4799,103,4615,50,38,146,26,12,17,131,43
42,final_busy,416,102,5011,4806,103,4627,47,28,151,34,12,16,131,43
42,final_busy,417,109,5021,4809,103,4638,46,10,161,43,12,17,131,43
42,final_busy,418,115,5032,4814,103,4649,51,8,157,44,12,17,131,43
42,final_busy,419,115,5044,4826,103,4662,73,17,147,23,13,16,131,43
42,final_busy,420,110,5056,4843,103,4676,61,29,138,32,15,15,131,43
42,final_busy,421,113,5068,4852,103,4686,38,26,140,56,22,14,131,43
42,final_busy,422,116,5081,4862,103,4694,30,19,149,62,20,13,131,43
42,final_busy,423,116,5091,4872,103,4701,39,20,151,50,19,13,131,43
42,final_busy,424,95,5105,4907,103,4714,41,45,148,26,18,12,131,43
42,final_busy,425,89,5118,4926,103,4728,39,54,144,23,23,11,131,43
42,final_busy,426,92,5128,4933,103,4737,42,26,170,22,23,10,131,43
42,final_busy,427,99,5142,4940,103,4747,41,14,179,26,24,10,131,43
42,final_busy,428,105,5156,4948,103,4758,41,15,175,29,25,10,131,43
42,final_busy,429,96,5167,4968,103,4772,29,28,168,35,20,9,131,43
42,final_busy,430,99,5179,4977,103,4777,21,29,171,39,22,8,131,43
42,final_busy,431,95,5190,4992,103,4786,14,24,182,40,21,9,131,43
42,final_busy,432,99,5203,5001,103,4793,12,24,184,40,21,11,131,43
42,final_busy,433,96,5217,5018,103,4803,12,26,189,33,21,12,131,43
42,final_busy,434,93,5231,5035,103,4820,14,34,181,31,19,14,131,43
42,final_busy,435,87,5242,5052,103,4839,16,34,179,31,20,12,131,43
42,final_busy,436,89,5254,5062,103,4852,7,27,183,43,23,13,131,43
42,final_busy,437,81,5264,5080,103,4869,9,28,183,40,14,14,131,43
42,final_busy,438,84,5275,5088,103,4879,9,26,183,42,15,13,131,43
42,final_busy,439,85,5286,5098,103,4894,14,18,186,42,11,14,131,43
42,final_busy,440,93,5297,5101,103,4902,37,13,186,24,12,14,131,43
42,final_busy,441,96,5310,5111,103,4920,39,13,178,30,14,14,131,43
42,final_busy,442,109,5324,5112,103,4929,34,11,172,43,16,16,131,43
42,final_busy,443,113,5338,5122,103,4942,35,11,169,45,13,16,131,43
42,final_busy,444,118,5349,5128,103,4960,50,16,152,42,12,17,131,43
42,final_busy,445,123,5362,5136,103,4972,72,14,150,24,13,16,121,40
42,final_busy,446,132,5374,5139,103,4991,92,11,137,20,13,17,121,40
42,final_busy,447,139,5387,5145,103,5003,86,9,133,32,14,18,121,40
42,final_busy,448,140,5401,5158,103,5015,78,19,124,39,14,19,121,40
42,final_busy,449,140,5411,5168,103,5033,81,23,112,44,13,18,121,40
42,final_busy,450,136,5423,5184,103,5051,77,26,107,50,16,17,131,43
42,final_busy,451,133,5434,5198,103,5058,38,30,110,82,18,16,131,43
42,final_busy,452,127,5447,5217,103,5066,49,33,118,60,20,14,131,43
42,final_busy,453,103,5461,5255,103,5073,63,57,125,15,17,12,131,43
42,final_busy,454,107,5471,5261,103,5081,55,44,136,25,18,12,131,43
42,final_busy,455,111,5483,5269,103,5087,45,14,168,33,18,12,131,43
42,final_busy,456,115,5495,5277,103,5094,38,16,167,39,19,12,131,43
42,final_busy,457,116,5505,5286,103,5103,42,17,166,35,19,12,131,43
42,final_busy,458,115,5519,5301,103,5109,35,24,168,33,21,11,131,43
42,final_busy,459,118,5530,5309,103,5121,21,23,165,51,18,10,131,43
42,final_busy,460,122,5544,5319,103,5132,21,18,169,52,19,10,131,43
42,final_busy,461,117,5558,5338,103,5138,21,29,171,39,21,11,131,43
42,final_busy,462,106,5568,5359,103,5148,21,40,171,28,22,10,131,43
42,final_busy,463,98,5581,5380,103,5159,19,42,179,20,22,10,131,43
42,final_busy,464,104,5593,5386,103,5172,21,27,187,25,24,10,131,43
42,final_busy,465,114,5607,5390,103,5185,25,10,195,30,25,12,131,43
42,final_busy,466,111,5617,5403,103,5198,26,17,188,29,22,12,131,43
42,final_busy,467,117,5628,5408,103,5213,25,18,177,40,19,14,131,43
42,final_busy,468,117,5638,5418,103,5233,33,15,170,42,19,14,131,43
42,final_busy,469,105,5652,5444,103,5242,32,36,166,26,21,11,131,43
42,final_busy,470,100,5663,5460,103,5255,27,42,163,28,23,12,131,43
42,final_busy,471,99,5675,5473,103,5267,23,29,177,31,16,13,131,43
42,final_busy,472,103,5688,5482,103,5278,24,22,182,32,14,17,131,43
42,final_busy,473,109,5700,5488,103,5295,27,15,178,40,13,17,131,43
42,final_busy,474,111,5710,5496,103,5309,29,14,173,44,12,19,131,43
42,final_busy,475,113,5722,5506,103,5319,36,18,169,37,11,19,131,43
42,final_busy,476,117,5732,5512,103,5328,56,16,168,20,11,19,131,43
42,final_busy,477,127,5745,5515,103,5340,64,9,166,21,12,20,131,43
42,final_busy,478,133,5756,5520,103,5350,50,8,162,40,12,20,131,43
42,final_busy,479,139,5770,5528,103,5362,56,13,153,38,11,19,131,43
42,final_busy,480,150,5781,5528,103,5380,64,8,140,48,18,19,131,43
42,final_busy,481,157,5795,5535,103,5396,31,7,132,90,22,19,131,43
42,final_busy,482,140,5806,5563,103,5409,33,35,119,73,23,19,131,43
42,final_busy,483,120,5816,5593,103,5418,35,58,117,50,21,18,131,43
42,final_busy,484,115,5827,5609,103,5435,39,46,128,47,20,15,131,43
42,final_busy,485,112,5839,5624,103,5442,39,31,151,39,21,13,131,43
42,final_busy,486,111,5850,5636,103,5450,41,27,159,33,21,12,131,43
42,final_busy,487,106,5863,5654,103,5466,39,30,158,33,20,12,131,43
42,final_busy,488,112,5875,5660,103,5475,33,24,161,42,21,11,131,43
42,final_busy,489,113,5887,5671,103,5487,26,17,167,50,23,11,131,43
42,final_busy,490,115,5899,5681,103,5496,27,21,164,48,23,11,126,43
42,final_busy,491,103,5913,5707,103,5501,34,36,170,20,24,9,126,43
42,final_busy,492,112,5926,5711,103,5504,16,30,177,37,24,10,126,43
42,final_busy,493,118,5937,5716,103,5517,10,9,190,51,22,10,126,43
42,final_busy,494,123,5947,5721,103,5522,28,10,189,33,21,12,126,43
42,final_busy,495,121,5958,5734,103,5539,35,18,177,30,20,14,131,43
42,final_busy,496,129,5970,5738,103,5551,41,17,170,32,22,17,131,43
42,final_busy,497,126,5981,5752,103,5566,33,18,168,41,22,17,131,43
42,final_busy,498,134,5994,5757,103,5586,35,19,152,54,22,18,131,43
42,final_busy,499,142,6008,5763,103,5599,45,11,153,51,22,19,131,43
42,final_busy,500,144,6022,5775,103,5614,47,18,143,52,23,18,131,43
42,final_busy,501,145,6032,5784,103,5629,49,21,134,56,23,20,131,43
42,final_busy,502,144,6045,5798,103,5638,48,23,137,52,22,20,131,43
42,final_busy,503,142,6055,5805,108,5655,48,21,129,62,20,21,131,43
42,final_busy,504,136,6067,5818,113,5666,37,20,132,71,15,22,131,43
42,final_busy,505,137,6077,5827,113,5675,32,22,130,76,16,20,131,43
42,final_busy,506,136,6090,5841,113,5682,38,23,136,63,14,20,131,43
42,final_busy,507,139,6101,5849,113,5689,54,22,138,46,17,21,131,43
42,final_busy,508,148,6114,5853,113,5704,60,12,137,51,17,22,131,43
42,final_busy,509,158,6128,5857,113,5714,65,8,135,52,15,24,131,43
42,final_busy,510,164,6140,5863,113,5723,67,10,130,53,21,23,131,43
42,final_busy,511,169,6151,5869,113,5730,67,12,127,54,22,23,131,43
42,final_busy,512,167,6165,5885,113,5737,67,22,126,45,24,22,131,43
42,final_busy,513,153,6176,5910,113,5751,68,41,118,33,25,22,131,43
42,final_busy,514,145,6186,5928,113,5758,51,43,127,39,22,22,131,43
42,final_busy,515,142,6199,5944,113,5768,42,34,142,42,20,21,131,43
42,final_busy,516,146,6210,5951,113,5775,50,23,153,34,21,21,131,43
42,final_busy,517,149,6220,5958,113,5785,54,14,159,33,25,19,131,43
42,final_busy,518,143,6232,5976,113,5792,37,25,159,39,26,18,131,43
42,final_busy,519,140,6244,5991,113,5799,36,33,159,32,22,18,131,43
42,final_busy,520,145,6257,5999,113,5813,48,23,163,26,21,18,101,38
42,final_busy,521,152,6268,6003,113,5826,45,12,165,38,22,17,101,38
42,final_busy,522,156,6281,6012,113,5831,35,13,168,44,24,17,101,38
42,final_busy,523,153,6292,6026,113,5840,43,23,163,31,26,17,101,38
42,final_busy,524,155,6306,6038,113,5849,52,26,163,19,28,15,101,38
42,final_busy,525,156,6317,6048,113,5864,44,22,162,32,28,13,126,43
42,final_busy,526,155,6327,6059,113,5878,33,21,160,46,25,15,126,43
42,final_busy,527,156,6338,6069,113,5889,28,21,159,52,25,17,126,43
42,final_busy,528,156,6348,6079,113,5899,29,20,160,51,27,17,126,43
42,final_busy,529,149,6362,6097,116,5907,29,28,162,41,28,15,126,43
42,final_busy,530,129,6373,6121,123,5921,23,42,158,37,24,12,131,43
42,final_busy,531,119,6387,6140,128,5930,19,43,167,31,21,12,131,43
42,final_busy,532,115,6399,6150,134,5948,22,29,173,36,22,13,131,43
42,final_busy,533,115,6412,6156,141,5956,22,16,184,38,23,13,131,43
42,final_busy,534,106,6424,6177,141,5968,11,27,182,40,15,16,131,43
42,final_busy,535,110,6437,6186,141,5980,5,30,176,49,15,16,131,43
42,final_busy,536,116,6451,6194,141,5995,7,17,182,54,13,17,131,43
42,final_busy,537,121,6462,6200,141,6005,10,14,181,55,10,18,131,43
42,final_busy,538,132,6475,6202,141,6015,35,8,179,38,11,21,131,43
42,final_busy,539,142,6489,6206,141,6021,51,6,179,24,11,23,131,43
42,final_busy,540,145,6502,6216,141,6036,48,14,166,32,18,21,131,43
42,final_busy,541,150,6516,6225,141,6044,38,19,162,41,20,20,131,43
42,final_busy,542,148,6528,6239,141,6055,36,23,161,40,20,19,131,43
42,final_busy,543,141,6540,6258,141,6071,38,33,154,35,18,19,131,43
42,final_busy,544,137,6551,6273,141,6093,48,34,146,32,19,18,131,43
42,final_busy,545,136,6563,6286,141,6110,49,28,148,35,19,16,131,43
42,final_busy,546,125,6574,6308,141,6124,49,35,149,27,20,15,131,43
42,final_busy,547,120,6585,6324,141,6137,46,38,149,27,22,14,131,43
42,final_busy,548,121,6595,6333,141,6149,37,25,159,39,24,14,131,43
42,final_busy,549,118,6605,6346,141,6159,29,22,165,44,22,13,131,43
42,final_busy,550,121,6618,6356,141,6172,32,23,161,44,20,12,126,43
42,final_busy,551,130,6632,6361,141,6178,29,15,168,48,22,12,126,43
42,final_busy,552,127,6646,6378,141,6185,8,22,171,59,24,11,126,43
42,final_busy,553,122,6658,6395,141,6199,12,34,162,52,21,11,126,43
42,final_busy,554,123,6669,6405,141,6209,31,27,169,33,21,11,126,43
42,final_busy,555,131,6683,6411,141,6217,34,16,178,32,20,12,131,43
42,final_busy,556,130,6697,6426,141,6224,33,21,181,25,20,14,131,43
42,final_busy,557,129,6707,6437,141,6238,28,26,173,33,19,15,131,43
42,final_busy,558,134,6721,6446,141,6244,21,20,182,37,23,15,131,43
42,final_busy,559,127,6733,6465,141,6256,31,28,181,20,22,14,131,43
42,final_busy,560,138,6747,6468,141,6266,39,22,180,19,25,15,131,43
42,final_busy,561,141,6759,6475,143,6282,18,10,183,49,24,18,131,43
42,final_busy,562,132,6770,6488,150,6296,14,20,172,54,19,18,131,43
42,final_busy,563,122,6781,6499,160,6314,32,24,161,43,18,17,131,43
42,final_busy,564,115,6792,6507,170,6320,30,19,168,43,10,17,131,43
42,final_busy,565,115,6806,6521,170,6330,49,22,169,20,10,18,131,43
42,final_busy,566,123,6819,6526,170,6343,68,19,164,9,11,21,131,43
42,final_busy,567,133,6833,6530,170,6357,68,9,164,19,10,21,131,43
42,final_busy,568,140,6846,6536,170,6372,78,10,154,18,10,22,131,43
42,final_busy,569,148,6858,6540,170,6388,95,10,142,13,12,22,131,43
42,final_busy,570,144,6870,6556,170,6398,69,20,138,33,12,21,121,43
42,final_busy,571,138,6880,6572,170,6412,58,32,128,42,13,20,121,43
42,final_busy,572,140,6890,6580,170,6416,44,24,140,52,20,19,121,43
42,final_busy,573,140,6900,6590,170,6431,33,18,141,68,23,18,121,43
42,final_busy,574,127,6913,6616,170,6439,14,36,141,69,20,17,121,43
42,final_busy,575,124,6925,6631,170,6450,6,41,140,73,22,16,131,43
42,final_busy,576,128,6935,6637,170,6463,21,21,153,65,24,16,131,43
42,final_busy,577,124,6946,6652,170,6473,41,21,158,40,24,15,131,43
42,final_busy,578,122,6960,6668,170,6485,53,31,152,24,21,15,131,43
42,final_busy,579,127,6972,6675,170,6491,56,23,161,20,20,14,131,43
42,final_busy,580,131,6984,6683,170,6500,59,15,168,18,22,14,131,43
42,final_busy,581,128,6994,6696,170,6513,55,21,162,22,22,14,131,43
42,final_busy,582,127,7004,6707,170,6522,51,24,161,24,21,14,131,43
42,final_busy,583,133,7014,6711,170,6526,51,15,170,24,21,13,131,43
42,final_busy,584,138,7027,6719,170,6538,54,12,169,25,23,11,131,43
42,final_busy,585,136,7039,6733,170,6556,52,22,155,31,23,12,131,43
42,final_busy,586,135,7050,6745,170,6568,53,26,151,30,24,12,131,43
42,final_busy,587,135,7060,6755,170,6574,63,22,159,16,24,13,131,43
42,final_busy,588,136,7073,6767,170,6582,60,22,163,15,27,15,131,43
42,final_busy,589,143,7085,6772,170,6595,61,17,160,22,29,15,131,43
42,final_busy,590,147,7099,6782,170,6614,62,15,153,30,27,15,131,43
42,final_busy,591,149,7112,6791,172,6628,47,19,144,50,23,18,131,43
42,final_busy,592,141,7125,6799,185,6637,29,17,145,69,20,18,131,43
42,final_busy,593,137,7136,6806,193,6646,17,15,145,83,17,18,131,43
42,final_busy,594,138,7150,6819,193,6659,18,20,140,82,13,19,131,43
42,final_busy,595,138,7163,6832,193,6674,31,26,132,71,12,19,131,43
42,final_busy,596,131,7174,6850,193,6689,33,31,130,66,10,18,131,43
42,final_busy,597,136,7185,6856,193,6696,57,24,136,43,11,18,131,43
42,final_busy,598,143,7196,6860,193,6702,75,10,148,27,11,19,131,43
42,final_busy,599,151,7207,6863,193,6711,73,7,145,35,11,21,131,43
42,final_busy,600,150,7218,6875,193,6721,67,15,139,39,11,20,121,40
42,drama_show,1,3,8,5,0,0,122,5,0,3,3,1,131,43
42,drama_show,2,15,20,5,0,0,81,5,0,44,11,3,131,43
42,drama_show,3,26,34,8,0,0,46,3,5,76,12,4,131,43
42,drama_show,4,13,42,29,0,0,35,24,5,66,11,3,131,43
42,drama_show,5,15,54,39,0,0,43,31,8,48,9,3,131,43
42,drama_show,6,23,64,41,0,0,53,12,29,36,12,3,131,43
42,drama_show,7,29,72,43,0,0,38,4,39,49,12,5,131,43
42,drama_show,8,39,84,45,0,0,34,4,41,51,13,6,131,43
42,drama_show,9,42,98,56,0,0,28,13,43,46,15,7,131,43
42,drama_show,10,40,106,66,0,0,0,21,45,64,14,8,131,43
42,drama_show,11,50,119,69,0,0,0,13,56,61,13,10,131,43
42,drama_show,12,50,129,79,0,1,0,13,65,52,16,9,131,43
42,drama_show,13,56,140,84,0,3,19,15,66,30,14,8,131,43
42,drama_show,14,64,153,89,0,4,33,10,75,12,16,11,131,43
42,drama_show,15,74,163,89,0,7,16,5,77,32,17,12,131,43
42,drama_show,16,83,176,93,0,9,1,4,80,45,15,14,131,43
42,drama_show,17,93,188,95,0,14,9,6,75,40,18,17,131,43
42,drama_show,18,98,202,104,0,14,3,11,79,37,18,16,131,43
42,drama_show,19,102,213,111,0,19,3,16,76,35,17,17,131,43
42,drama_show,20,111,224,113,0,24,7,9,80,34,17,17,121,40
42,drama_show,21,121,235,114,0,27,7,3,84,36,19,20,121,40
42,drama_show,22,123,243,120,0,38,14,7,75,34,15,20,121,40
42,drama_show,23,134,257,123,0,45,14,9,69,38,17,20,121,40
42,drama_show,24,141,271,130,0,54,8,10,66,46,15,19,121,40
42,drama_show,25,149,285,136,0,59,9,13,64,44,11,21,126,43
42,drama_show,26,158,297,139,0,62,27,9,68,26,10,21,126,43
42,drama_show,27,164,307,143,0,69,40,7,67,16,11,22,126,43
42,drama_show,28,174,320,146,0,74,43,7,65,15,11,23,126,43
42,drama_show,29,179,328,149,0,77,32,6,66,26,13,25,126,43
42,drama_show,30,186,338,152,0,83,17,6,63,44,19,25,131,43
42,drama_show,31,192,352,160,0,89,0,11,60,59,25,23,131,43
42,drama_show,32,186,360,174,0,92,0,22,60,48,22,23,131,43
42,drama_show,33,170,371,191,10,93,0,31,67,32,22,21,131,43
42,drama_show,34,166,383,198,19,97,0,24,77,29,21,21,131,43
42,drama_show,35,168,397,201,28,102,0,10,89,31,22,20,131,43
42,drama_show,36,164,406,202,40,106,1,4,92,33,22,18,131,43
42,drama_show,37,163,416,209,44,109,6,8,92,24,20,16,131,43
42,drama_show,38,157,427,218,52,116,9,16,86,19,23,15,131,43
42,drama_show,39,155,437,221,61,120,19,12,89,10,23,14,131,43
42,drama_show,40,155,449,231,63,127,22,13,91,4,22,12,131,43
42,drama_show,41,156,459,232,71,134,24,11,87,8,23,14,131,43
42,drama_show,42,156,467,235,76,136,24,4,95,7,24,14,131,43
42,drama_show,43,154,476,239,83,146,20,7,86,17,25,14,131,43
42,drama_show,44,150,485,240,95,148,15,5,87,23,26,15,131,43
42,drama_show,45,145,495,245,105,156,11,6,83,30,24,16,131,43
42,drama_show,46,142,505,247,116,163,16,7,77,30,25,18,131,43
42,drama_show,47,137,513,252,124,170,22,7,75,26,21,20,131,43
42,drama_show,48,134,527,259,134,177,24,12,70,24,13,21,131,43
42,drama_show,49,137,541,268,136,182,24,16,70,20,14,20,131,43
42,drama_show,50,147,554,271,136,189,25,12,70,23,16,23,126,43
42,drama_show,51,145,562,281,136,193,23,13,75,19,17,22,126,43
42,drama_show,52,156,576,284,136,203,19,13,68,30,18,22,126,43
42,drama_show,53,162,588,290,136,209,11,9,72,38,13,24,126,43
42,drama_show,54,170,600,294,136,216,25,10,68,27,12,25,126,43
42,drama_show,55,176,609,297,136,218,37,7,72,14,11,27,131,43
42,drama_show,56,186,623,298,139,225,44,4,69,13,11,31,131,43
42,drama_show,57,187,635,303,145,231,43,6,66,15,12,29,131,43
42,drama_show,58,191,647,311,145,234,34,13,64,19,13,30,131,43
42,drama_show,59,193,661,318,150,238,34,15,65,16,14,30,131,43
42,drama_show,60,193,671,321,157,243,24,10,68,28,21,27,131,43
42,drama_show,61,191,679,323,165,248,2,5,70,53,20,26,131,43
42,drama_show,62,184,691,342,165,252,3,21,69,37,21,24,131,43
42,drama_show,63,172,705,368,165,258,4,45,65,16,21,24,131,43
42,drama_show,64,176,718,372,170,263,5,30,79,16,22,23,131,43
42,drama_show,65,178,731,375,178,267,6,7,101,16,23,21,131,43
42,drama_show,66,177,742,381,184,271,7,9,101,13,23,21,131,43
42,drama_show,67,174,750,387,189,276,8,12,99,11,22,20,131,43
42,drama_show,68,166,758,391,201,280,8,10,101,11,22,19,131,43
42,drama_show,69,164,769,397,208,283,6,10,104,10,24,16,131,43
42,drama_show,70,165,783,401,217,289,4,10,102,14,24,16,131,43
42,drama_show,71,166,791,404,221,293,0,7,104,19,24,16,131,43
42,drama_show,72,161,803,411,231,301,0,10,100,20,24,17,131,43
42,drama_show,73,159,814,415,240,310,3,11,94,22,24,20,131,43
42,drama_show,74,152,824,422,250,318,6,11,93,20,22,19,131,43
42,drama_show,75,154,838,428,256,327,11,13,88,18,21,19,131,43
42,drama_show,76,147,846,434,265,334,5,12,88,25,21,20,131,43
42,drama_show,77,147,860,444,269,343,5,16,85,24,22,20,131,43
42,drama_show,78,146,874,454,274,350,5,20,84,21,20,21,131,43
42,drama_show,79,147,885,460,278,360,9,16,84,21,15,22,131,43
42,drama_show,80,155,896,463,278,363,6,9,91,24,14,24,131,43
42,drama_show,81,162,904,464,278,367,4,4,93,29,14,26,131,43
42,drama_show,82,173,918,467,278,373,8,4,90,28,15,27,131,43
42,drama_show,83,174,926,474,278,381,5,10,83,32,14,27,131,43
42,drama_show,84,175,937,484,278,390,7,17,77,29,12,27,131,43
42,drama_show,85,183,946,485,278,392,22,11,82,15,11,27,131,43
42,drama_show,86,184,956,491,281,400,29,7,84,10,12,24,131,43
42,drama_show,87,186,966,496,284,406,22,11,79,18,13,26,131,43
42,drama_show,88,188,976,502,286,416,16,11,75,28,15,26,131,43
42,drama_show,89,191,987,504,292,420,15,8,76,31,17,27,131,43
42,drama_show,90,186,996,508,302,430,6,6,72,46,20,25,131,43
42,drama_show,91,186,1005,512,307,436,7,8,68,47,20,24,131,43
42,drama_show,92,176,1014,524,314,439,24,16,69,21,21,22,131,43
42,drama_show,93,168,1028,539,321,443,18,27,69,16,23,21,131,43
42,drama_show,94,167,1038,547,324,449,7,23,75,25,22,20,131,43
42,drama_show,95,166,1051,548,337,456,13,9,83,25,22,19,131,43
42,drama_show,96,169,1065,553,343,460,22,6,87,15,22,18,131,43
42,drama_show,97,165,1076,557,354,466,23,9,82,16,20,16,131,43
42,drama_show,98,160,1084,558,366,471,13,5,82,30,22,14,131,43
42,drama_show,99,161,1096,560,375,478,1,3,79,47,24,14,131,43
42,drama_show,100,156,1107,568,383,485,4,10,73,43,23,14,121,40
42,drama_show,101,155,1117,573,389,489,20,13,71,26,22,14,121,40
42,drama_show,102,152,1126,575,399,492,33,7,76,14,21,15,121,40
42,drama_show,103,156,1138,577,405,499,42,4,74,10,22,16,121,40
42,drama_show,104,153,1149,581,415,506,30,6,69,25,25,16,121,40
42,drama_show,105,145,1157,591,421,511,2,14,66,48,24,16,131,43
42,drama_show,106,143,1169,598,428,516,11,17,65,37,23,17,131,43
42,drama_show,107,143,1178,599,436,520,18,8,71,33,25,17,131,43
42,drama_show,108,142,1189,605,442,525,2,7,73,48,22,19,131,43
42,drama_show,109,133,1197,622,442,531,1,23,68,38,16,18,131,43
42,drama_show,110,143,1210,625,442,537,4,20,68,38,18,20,131,43
42,drama_show,111,153,1223,628,442,545,4,6,77,43,21,23,131,43
42,drama_show,112,157,1232,633,442,552,4,8,73,45,18,24,131,43
42,drama_show,113,163,1242,637,442,557,1,9,71,49,17,25,131,43
42,drama_show,114,170,1251,639,442,562,4,6,71,49,19,25,131,43
42,drama_show,115,169,1259,648,442,568,0,11,69,50,17,25,131,43
42,drama_show,116,165,1269,662,442,571,1,23,68,38,17,24,131,43
42,drama_show,117,161,1280,675,444,573,0,27,75,28,14,24,131,43
42,drama_show,118,162,1288,682,444,578,0,20,84,26,15,27,131,43
42,drama_show,119,163,1298,683,452,584,0,8,91,31,15,28,131,43
42,drama_show,120,161,1307,688,458,586,0,6,96,28,19,26,131,43
42,drama_show,121,161,1319,693,465,588,7,10,95,18,17,26,131,43
42,drama_show,122,162,1329,694,473,593,10,6,95,19,19,25,131,43
42,drama_show,123,150,1338,706,482,595,11,13,98,8,20,24,131,43
42,drama_show,124,147,1349,715,487,605,12,21,89,8,22,23,131,43
42,drama_show,125,149,1362,719,494,613,10,13,93,14,25,22,121,40
42,drama_show,126,149,1375,723,503,620,5,8,95,22,25,20,121,40
42,drama_show,127,154,1389,726,509,625,0,7,94,29,25,17,121,40
42,drama_show,128,155,1402,733,514,632,3,10,91,26,24,15,121,40
42,drama_show,129,161,1416,737,518,640,1,11,86,32,24,13,121,40
42,drama_show,130,160,1428,743,525,648,2,10,85,33,24,13,131,43
42,drama_show,131,158,1440,750,532,655,1,13,82,34,25,13,131,43
42,drama_show,132,151,1449,759,539,662,5,16,81,28,24,14,131,43
42,drama_show,133,142,1457,773,542,668,12,23,82,13,23,14,131,43
42,drama_show,134,143,1466,776,547,675,13,17,84,16,24,14,131,43
42,drama_show,135,141,1476,780,555,679,11,7,94,18,25,15,131,43
42,drama_show,136,139,1487,790,558,691,7,14,85,24,22,17,131,43
42,drama_show,137,136,1497,796,565,698,6,16,82,26,20,18,131,43
42,drama_show,138,134,1505,801,570,703,8,11,87,24,19,18,131,43
42,drama_show,139,134,1519,806,579,707,2,10,89,29,12,21,131,43
42,drama_show,140,139,1528,810,579,713,1,9,88,32,13,22,131,43
42,drama_show,141,143,1536,814,579,715,2,8,91,29,13,22,131,43
42,drama_show,142,147,1544,818,579,722,14,8,88,20,11,23,131,43
42,drama_show,143,150,1553,824,579,731,29,10,83,8,10,24,131,43
42,drama_show,144,157,1564,828,579,744,40,10,74,6,14,23,131,43
42,drama_show,145,166,1573,828,579,749,23,4,75,28,17,26,131,43
42,drama_show,146,168,1581,834,579,755,18,6,73,33,19,26,131,43
42,drama_show,147,174,1595,837,584,755,8,9,73,40,18,25,131,43
42,drama_show,148,169,1607,845,593,764,5,11,70,44,14,26,131,43
42,drama_show,149,167,1618,855,596,769,24,18,68,20,16,26,131,43
42,drama_show,150,167,1629,859,603,773,16,14,72,28,20,25,131,43
42,drama_show,151,172,1643,860,611,779,14,5,76,35,23,23,131,43
42,drama_show,152,166,1656,873,617,786,8,14,73,35,24,23,131,43
42,drama_show,153,169,1669,877,623,794,3,17,66,44,24,22,131,43
42,drama_show,154,171,1683,882,630,798,4,9,75,42,24,22,131,43
42,drama_show,155,166,1692,893,633,802,16,16,75,23,24,20,126,43
42,drama_show,156,166,1704,903,635,806,24,21,76,9,26,19,126,43
42,drama_show,157,165,1712,907,640,809,22,14,84,10,25,19,126,43
42,drama_show,158,168,1725,912,645,814,20,9,89,12,26,19,126,43
42,drama_show,159,167,1736,912,657,815,0,5,92,33,28,15,126,43
42,drama_show,160,164,1748,921,663,823,0,9,89,32,24,14,131,43
42,drama_show,161,169,1760,923,668,827,1,11,85,33,26,14,131,43
42,drama_show,162,165,1770,931,674,835,1,10,86,33,23,16,131,43
42,drama_show,163,158,1782,944,680,841,7,21,82,20,23,16,131,43
42,drama_show,164,157,1790,948,685,848,11,17,83,19,24,16,131,43
42,drama_show,165,159,1801,953,689,852,10,9,92,19,26,20,131,43
42,drama_show,166,161,1812,962,689,858,9,14,90,17,25,20,131,43
42,drama_show,167,159,1824,968,697,863,9,15,90,16,23,20,131,43
42,drama_show,168,157,1836,972,707,870,11,10,92,17,20,23,131,43
42,drama_show,169,155,1844,975,714,883,12,7,85,26,13,23,131,43
42,drama_show,170,162,1855,979,714,888,13,7,84,26,12,26,131,43
42,drama_show,171,157,1863,992,714,892,21,17,83,9,10,26,131,43
42,drama_show,172,163,1874,997,714,900,26,18,79,7,11,26,131,43
42,drama_show,173,165,1882,1001,716,905,18,9,87,16,11,26,131,43
42,drama_show,174,168,1896,1005,723,911,20,8,86,16,10,26,131,43
42,drama_show,175,168,1904,1007,729,914,33,6,87,4,11,27,131,43
42,drama_show,176,175,1918,1009,734,922,38,4,83,5,12,29,131,43
42,drama_show,177,177,1927,1011,739,930,40,4,77,9,13,30,131,43
42,drama_show,178,177,1936,1016,743,939,36,7,70,17,13,30,131,43
42,drama_show,179,179,1950,1023,748,947,27,12,64,27,11,32,131,43
42,drama_show,180,177,1958,1026,755,950,14,10,66,40,17,29,121,40
42,drama_show,181,181,1972,1027,764,960,7,4,63,56,21,28,121,40
42,drama_show,182,172,1983,1044,767,967,7,18,59,46,20,27,121,40
42,drama_show,183,151,1994,1070,773,968,10,43,59,18,20,25,121,40
42,drama_show,184,148,2007,1081,778,973,0,37,71,22,23,24,121,40
42,drama_show,185,149,2017,1083,785,977,0,13,93,24,24,22,131,43
42,drama_show,186,146,2026,1093,787,981,0,12,100,18,23,20,131,43
42,drama_show,187,148,2038,1097,793,984,0,14,99,17,26,19,131,43
42,drama_show,188,143,2048,1104,801,986,0,11,107,12,25,19,131,43
42,drama_show,189,149,2061,1106,806,994,0,9,103,18,26,18,131,43
42,drama_show,190,148,2071,1108,815,996,0,4,108,18,26,18,131,43
42,drama_show,191,151,2085,1113,821,1002,4,7,104,15,27,14,131,43
42,drama_show,192,154,2099,1118,827,1010,7,10,98,15,26,14,131,43
42,drama_show,193,154,2110,1122,834,1016,2,9,97,22,25,14,131,43
42,drama_show,194,145,2120,1127,848,1018,4,9,100,17,23,15,131,43
42,drama_show,195,143,2130,1132,855,1027,3,10,95,22,22,15,131,43
42,drama_show,196,142,2143,1133,868,1031,3,6,96,25,24,16,131,43
42,drama_show,197,133,2151,1146,872,1047,4,14,85,27,23,17,131,43
42,drama_show,198,135,2165,1152,878,1054,4,19,79,28,22,19,131,43
42,drama_show,199,130,2178,1160,888,1062,1,14,84,31,14,19,131,43
42,drama_show,200,135,2186,1163,888,1074,2,11,78,39,14,21,131,43
42,drama_show,201,138,2194,1168,888,1081,1,8,79,42,14,22,131,43
42,drama_show,202,143,2208,1177,888,1089,5,14,74,37,10,24,131,43
42,drama_show,203,147,2218,1183,888,1097,22,15,71,22,12,25,131,43
42,drama_show,204,153,2226,1185,888,1100,29,8,77,16,14,26,131,43
42,drama_show,205,162,2239,1189,888,1108,17,6,75,32,20,26,131,43
42,drama_show,206,169,2250,1193,888,1113,1,8,72,49,18,28,131,43
42,drama_show,207,175,2263,1200,888,1116,6,11,73,40,14,29,131,43
42,drama_show,208,180,2271,1203,888,1122,9,10,71,40,13,29,131,43
42,drama_show,209,181,2283,1207,895,1128,13,7,72,38,12,28,131,43
42,drama_show,210,178,2292,1214,900,1132,12,11,71,36,15,28,131,43
42,drama_show,211,180,2306,1221,905,1139,23,14,68,25,20,24,131,43
42,drama_show,212,177,2318,1235,906,1145,13,21,69,27,21,22,131,43
42,drama_show,213,176,2332,1241,915,1150,3,20,71,36,21,22,131,43
42,drama_show,214,178,2343,1242,923,1154,3,7,81,39,24,21,131,43
42,drama_show,215,176,2353,1246,931,1158,4,5,83,38,24,21,131,43
42,drama_show,216,175,2365,1252,938,1164,5,10,78,37,23,20,131,43
42,drama_show,217,177,2376,1253,946,1168,5,7,78,40,25,19,131,43
42,drama_show,218,176,2388,1265,947,1169,2,13,83,32,24,17,131,43
42,drama_show,219,173,2402,1272,957,1173,1,19,80,30,25,16,131,43
42,drama_show,220,174,2413,1276,963,1180,2,11,85,32,21,17,131,43
42,drama_show,221,176,2424,1278,970,1185,4,6,87,33,23,18,131,43
42,drama_show,222,166,2435,1286,983,1192,16,10,84,20,23,16,131,43
42,drama_show,223,170,2449,1292,987,1199,26,14,79,11,25,17,131,43
42,drama_show,224,169,2458,1298,991,1206,18,12,80,20,23,18,131,43
42,drama_show,225,168,2469,1304,997,1213,11,12,79,28,22,19,131,43
42,drama_show,226,168,2480,1306,1006,1217,21,8,81,20,26,21,131,43
42,drama_show,227,167,2492,1310,1015,1220,10,6,84,30,26,25,131,43
42,drama_show,228,168,2503,1316,1019,1225,1,10,81,38,30,25,131,43
42,drama_show,229,162,2512,1321,1029,1236,1,11,74,44,19,25,131,43
42,drama_show,230,171,2523,1323,1029,1241,0,7,75,48,19,28,131,43
42,drama_show,231,175,2534,1330,1029,1245,6,9,76,39,16,30,131,43
42,drama_show,232,184,2545,1332,1029,1253,9,9,70,42,19,29,131,43
42,drama_show,233,185,2555,1337,1033,1257,5,7,73,45,19,28,131,43
42,drama_show,234,186,2567,1346,1035,1262,0,14,70,46,18,29,131,43
42,drama_show,235,186,2578,1357,1035,1269,10,20,68,32,20,27,111,40
42,drama_show,236,184,2588,1366,1038,1272,12,20,74,24,18,25,111,40
42,drama_show,237,182,2598,1372,1044,1276,9,15,81,25,15,26,111,40
42,drama_show,238,179,2607,1374,1054,1280,10,8,86,26,17,25,111,40
42,drama_show,239,173,2615,1378,1064,1289,9,6,83,32,14,24,111,40
42,drama_show,240,173,2628,1380,1075,1292,0,6,82,42,24,23,131,43
42,drama_show,241,177,2642,1384,1081,1295,0,6,83,41,29,22,131,43
42,drama_show,242,169,2650,1392,1089,1305,1,12,75,42,25,22,131,43
42,drama_show,243,165,2658,1394,1099,1308,1,10,76,43,26,21,131,43
42,drama_show,244,157,2669,1407,1105,1314,0,15,78,37,25,20,131,43
42,drama_show,245,149,2677,1418,1110,1323,0,24,71,35,28,19,131,43
42,drama_show,246,141,2686,1434,1111,1325,0,27,82,21,29,18,131,43
42,drama_show,247,134,2694,1449,1111,1331,0,31,87,12,31,18,131,43
42,drama_show,248,140,2706,1455,1111,1333,0,21,101,8,32,17,131,43
42,drama_show,249,138,2715,1461,1116,1335,0,12,114,4,33,16,131,43
42,drama_show,250,139,2724,1463,1122,1342,0,8,113,9,33,14,131,43
42,drama_show,251,138,2736,1466,1132,1350,0,5,111,14,35,12,131,43
42,drama_show,252,141,2750,1470,1139,1354,0,7,109,14,37,13,131,43
42,drama_show,253,146,2764,1476,1142,1362,0,10,104,16,37,14,131,43
42,drama_show,254,140,2772,1482,1150,1367,0,12,103,15,36,15,131,43
42,drama_show,255,137,2782,1487,1158,1376,0,11,100,19,35,15,122,43
42,drama_show,256,135,2793,1492,1166,1382,0,10,100,20,36,16,122,43
42,drama_show,257,134,2807,1499,1174,1388,1,12,99,18,36,16,122,43
42,drama_show,258,136,2821,1509,1176,1393,0,17,99,14,33,18,122,43
42,drama_show,259,132,2832,1524,1176,1400,1,25,99,5,23,18,122,43
42,drama_show,260,142,2845,1527,1176,1409,1,18,100,11,22,20,131,43
42,drama_show,261,149,2856,1531,1176,1420,3,7,104,16,20,20,131,43
42,drama_show,262,157,2868,1535,1176,1432,9,8,95,18,18,21,131,43
42,drama_show,263,161,2876,1539,1176,1439,12,8,92,18,16,23,131,43
42,drama_show,264,167,2887,1544,1176,1449,7,9,86,28,14,25,131,43
42,drama_show,265,173,2895,1546,1176,1454,8,7,85,30,12,25,131,43
42,drama_show,266,179,2909,1551,1179,1461,21,7,83,19,13,25,131,43
42,drama_show,267,186,2921,1555,1180,1467,22,9,79,20,14,24,131,43
42,drama_show,268,189,2935,1560,1186,1470,12,9,81,28,14,25,131,43
42,drama_show,269,185,2943,1566,1192,1482,19,11,73,27,11,26,131,43
42,drama_show,270,185,2955,1570,1200,1488,18,10,72,30,17,25,131,43
42,drama_show,271,190,2968,1573,1205,1495,25,7,71,27,21,24,131,43
42,drama_show,272,183,2982,1588,1211,1504,33,18,66,13,20,21,131,43
42,drama_show,273,181,2990,1592,1217,1508,24,19,65,22,21,20,131,43
42,drama_show,274,184,3002,1596,1222,1516,20,8,72,30,25,19,131,43
42,drama_show,275,180,3010,1604,1226,1521,12,12,71,35,24,18,131,43
42,drama_show,276,182,3024,1612,1230,1524,4,16,72,38,26,18,131,43
42,drama_show,277,171,3036,1625,1240,1529,3,21,75,31,25,16,131,43
42,drama_show,278,157,3044,1634,1253,1536,4,22,76,28,22,15,131,43
42,drama_show,279,156,3055,1637,1262,1541,7,12,84,27,22,15,131,43
42,drama_show,280,157,3069,1642,1270,1546,8,8,88,26,25,12,131,43
42,drama_show,281,155,3082,1647,1280,1548,8,10,89,23,27,12,131,43
42,drama_show,282,154,3092,1650,1288,1550,2,8,92,28,29,12,131,43
42,drama_show,283,154,3104,1659,1291,1559,0,12,88,30,26,13,131,43
42,drama_show,284,154,3116,1661,1301,1559,4,11,91,24,27,15,131,43
42,drama_show,285,148,3124,1668,1308,1565,9,9,94,18,25,16,121,40
42,drama_show,286,141,3133,1673,1319,1569,9,12,92,17,25,17,121,40
42,drama_show,287,141,3147,1677,1329,1577,11,9,91,19,22,19,121,40
42,drama_show,288,136,3155,1682,1337,1589,12,9,84,25,18,19,121,40
42,drama_show,289,132,3163,1687,1344,1595,11,10,82,27,17,18,121,40
42,drama_show,290,132,3171,1695,1344,1599,6,13,83,28,16,18,126,43
42,drama_show,291,142,3184,1698,1344,1602,1,11,85,33,15,19,126,43
42,drama_show,292,145,3193,1704,1344,1606,4,9,89,28,12,21,126,43
42,drama_show,293,156,3205,1705,1344,1617,9,7,81,33,14,22,126,43
42,drama_show,294,152,3214,1718,1344,1625,9,14,79,28,13,21,126,43
42,drama_show,295,158,3225,1723,1344,1629,11,18,76,25,12,23,131,43
42,drama_show,296,166,3236,1726,1344,1634,5,8,84,33,15,24,131,43
42,drama_show,297,167,3249,1738,1344,1638,3,15,85,27,16,23,131,43
42,drama_show,298,167,3260,1749,1344,1647,6,23,79,22,13,23,131,43
42,drama_show,299,171,3270,1754,1345,1653,11,16,85,18,14,25,131,43
42,drama_show,300,169,3280,1758,1353,1657,3,9,92,26,18,23,131,43
42,drama_show,301,169,3291,1761,1361,1663,3,7,91,29,19,23,131,43
42,drama_show,302,167,3301,1768,1366,1667,6,10,91,23,23,22,131,43
42,drama_show,303,162,3314,1777,1375,1674,3,16,87,24,21,19,131,43
42,drama_show,304,163,3328,1781,1384,1681,4,13,87,26,23,17,131,43
42,drama_show,305,168,3342,1784,1390,1685,1,7,92,30,25,16,131,43
42,drama_show,306,166,3354,1790,1398,1695,9,9,86,26,24,15,131,43
42,drama_show,307,164,3367,1796,1407,1698,7,12,86,25,24,14,131,43
42,drama_show,308,165,3380,1801,1414,1704,9,11,86,24,22,13,131,43
42,drama_show,309,172,3392,1804,1416,1711,9,8,85,28,25,13,131,43
42,drama_show,310,171,3404,1811,1422,1719,12,10,82,26,20,15,131,43
42,drama_show,311,170,3418,1814,1434,1726,26,10,78,16,20,17,131,43
42,drama_show,312,170,3426,1822,1434,1730,29,11,81,9,21,18,131,43
42,drama_show,313,168,3435,1830,1437,1737,30,16,77,7,21,20,131,43
42,drama_show,314,171,3445,1834,1440,1744,24,12,78,16,23,22,131,43
42,drama_show,315,168,3454,1839,1447,1747,10,9,83,28,24,22,131,43
42,drama_show,316,172,3468,1847,1449,1761,4,13,73,40,23,22,131,43
42,drama_show,317,166,3476,1851,1459,1764,13,12,75,30,20,24,131,43
42,drama_show,318,160,3488,1860,1468,1773,19,13,74,24,16,24,131,43
42,drama_show,319,159,3499,1867,1473,1779,15,16,72,27,15,23,131,43
42,drama_show,320,162,3507,1872,1473,1785,7,12,75,36,13,25,131,43
42,drama_show,321,171,3519,1875,1473,1788,6,8,79,37,11,25,131,43
42,drama_show,322,183,3533,1877,1473,1790,30,5,82,13,12,26,131,43
42,drama_show,323,194,3544,1877,1473,1792,28,2,83,17,13,27,131,43
42,drama_show,324,197,3554,1880,1477,1799,31,3,78,18,12,27,131,43
42,drama_show,325,193,3562,1884,1485,1801,19,7,76,28,11,27,131,43
42,drama_show,326,191,3571,1885,1495,1804,9,5,76,40,13,28,131,43
42,drama_show,327,187,3582,1900,1495,1814,13,16,70,31,12,28,131,43
42,drama_show,328,187,3592,1903,1502,1817,11,18,68,33,14,28,131,43
42,drama_show,329,185,3601,1906,1510,1822,15,6,78,31,12,33,131,43
42,drama_show,330,182,3612,1908,1522,1831,15,5,72,38,20,30,131,43
42,drama_show,331,177,3622,1910,1535,1837,11,4,69,46,22,29,131,43
42,drama_show,332,170,3631,1920,1541,1845,18,12,63,37,19,28,131,43
42,drama_show,333,174,3644,1925,1545,1853,8,15,57,50,24,28,131,43
42,drama_show,334,167,3655,1937,1551,1857,1,17,63,49,24,27,131,43
42,drama_show,335,146,3663,1961,1556,1866,3,36,59,32,22,26,121,40
42,drama_show,336,144,3676,1965,1567,1870,4,28,67,31,24,22,121,40
42,drama_show,337,141,3684,1970,1573,1873,6,9,88,27,25,22,121,40
42,drama_show,338,142,3697,1978,1577,1876,1,13,89,27,25,18,121,40
42,drama_show,339,132,3706,1991,1583,1880,0,21,90,19,24,18,121,40
42,drama_show,340,135,3719,1993,1591,1884,2,15,94,19,26,17,131,43
42,drama_show,341,129,3727,1997,1601,1887,0,6,104,20,27,15,131,43
42,drama_show,342,125,3740,2007,1608,1890,1,14,103,12,27,13,131,43
42,drama_show,343,124,3753,2013,1616,1891,1,16,106,7,30,14,131,43
42,drama_show,344,120,3764,2019,1625,1895,1,12,112,5,33,16,131,43
42,drama_show,345,119,3772,2022,1631,1900,3,9,113,5,32,17,131,43
42,drama_show,346,122,3785,2027,1636,1910,2,8,109,11,31,17,131,43
42,drama_show,347,117,3793,2029,1647,1919,0,7,103,20,30,17,131,43
42,drama_show,348,114,3804,2039,1651,1924,0,12,103,15,23,17,131,43
42,drama_show,349,114,3816,2046,1656,1931,0,17,98,15,20,17,131,43
42,drama_show,350,126,3830,2048,1656,1937,0,9,102,19,21,19,131,43
42,drama_show,351,129,3839,2054,1656,1947,0,8,99,23,17,19,131,43
42,drama_show,352,140,3852,2056,1656,1956,4,8,92,26,17,22,131,43
42,drama_show,353,142,3861,2063,1656,1967,19,9,87,15,15,23,131,43
42,drama_show,354,149,3872,2067,1656,1977,22,11,79,18,14,23,131,43
42,drama_show,355,153,3882,2073,1656,1987,6,10,76,38,16,23,131,43
42,drama_show,356,155,3890,2079,1656,1996,5,12,71,42,16,23,131,43
42,drama_show,357,160,3901,2085,1656,2001,7,12,72,39,15,25,131,43
42,drama_show,358,166,3913,2091,1656,2009,11,12,70,37,13,26,131,43
42,drama_show,359,173,3927,2093,1661,2016,18,8,69,35,12,27,131,43
42,drama_show,360,164,3938,2102,1672,2025,24,11,66,29,14,24,126,43
42,drama_show,361,165,3951,2111,1675,2026,6,18,67,39,19,24,126,43
42,drama_show,362,162,3964,2119,1683,2030,0,17,72,41,20,21,126,43
42,drama_show,363,160,3975,2124,1691,2038,0,13,73,44,22,21,126,43
42,drama_show,364,160,3984,2127,1697,2047,2,8,72,48,23,21,126,43
42,drama_show,365,140,3995,2152,1703,2050,9,28,74,19,21,21,131,43
42,drama_show,366,139,4009,2158,1712,2052,16,31,75,8,24,19,131,43
42,drama_show,367,145,4023,2160,1718,2054,2,8,98,22,25,19,131,43
42,drama_show,368,140,4032,2165,1727,2055,2,7,103,18,23,18,131,43
42,drama_show,369,139,4043,2169,1735,2059,2,9,101,18,23,15,131,43
42,drama_show,370,138,4055,2171,1746,2060,1,6,105,18,23,13,131,43
42,drama_show,371,135,4066,2180,1751,2071,13,11,98,8,22,13,131,43
42,drama_show,372,129,4074,2183,1762,2077,14,12,94,10,20,14,131,43
42,drama_show,373,134,4088,2188,1766,2082,19,8,98,5,22,14,131,43
42,drama_show,374,138,4102,2192,1772,2089,18,9,94,9,24,16,131,43
42,drama_show,375,139,4111,2195,1777,2098,12,7,90,21,25,17,131,43
42,drama_show,376,139,4119,2201,1779,2104,11,9,88,22,22,18,131,43
42,drama_show,377,137,4129,2206,1786,2113,9,11,82,28,22,20,131,43
42,drama_show,378,133,4141,2213,1795,2120,3,12,81,34,23,19,131,43
42,drama_show,379,124,4155,2223,1808,2128,0,17,78,35,19,19,131,43
42,drama_show,380,128,4163,2227,1808,2135,1,14,78,37,19,19,115,42
42,drama_show,381,135,4173,2230,1808,2145,7,7,78,38,21,20,115,42
42,drama_show,382,141,4186,2237,1808,2153,3,10,74,43,19,20,115,42
42,drama_show,383,150,4198,2240,1808,2159,2,10,71,47,22,21,115,42
42,drama_show,384,158,4211,2245,1808,2164,3,8,73,46,20,22,115,42
42,drama_show,385,150,4221,2263,1808,2168,2,23,72,33,16,23,131,43
42,drama_show,386,148,4229,2273,1808,2176,14,28,69,19,17,23,131,43
42,drama_show,387,155,4242,2279,1808,2181,20,16,82,12,15,25,131,43
42,drama_show,388,163,4252,2281,1808,2186,11,8,87,24,14,27,131,43
42,drama_show,389,172,4263,2283,1808,2188,3,4,91,32,14,28,131,43
42,drama_show,390,173,4271,2290,1808,2194,8,9,87,26,18,28,121,40
42,drama_show,391,178,4283,2291,1814,2198,0,8,85,37,24,28,121,40
42,drama_show,392,169,4292,2302,1821,2203,0,12,87,31,23,25,121,40
42,drama_show,393,155,4305,2321,1829,2203,0,30,88,12,26,23,121,40
42,drama_show,394,150,4314,2325,1839,2211,0,23,91,16,25,21,121,40
42,drama_show,395,145,4322,2331,1846,2218,0,10,103,17,21,21,131,43
42,drama_show,396,144,4331,2335,1852,2223,5,10,102,13,24,20,131,43
42,drama_show,397,143,4339,2338,1858,2227,7,7,104,12,26,19,131,43
42,drama_show,398,142,4353,2345,1866,2236,7,10,99,14,28,19,131,43
42,drama_show,399,143,4364,2348,1873,2244,5,10,94,21,33,19,131,43
42,drama_show,400,145,4376,2355,1876,2248,5,10,97,18,32,18,131,43
42,drama_show,401,148,4390,2362,1880,2254,4,14,94,18,30,17,131,43
42,drama_show,402,146,4401,2366,1889,2261,4,11,94,21,27,15,131,43
42,drama_show,403,144,4410,2371,1895,2269,10,9,93,18,25,15,131,43
42,drama_show,404,139,4422,2375,1908,2274,11,9,92,18,24,12,131,43
42,drama_show,405,137,4433,2381,1915,2282,12,10,89,19,23,16,131,43
42,drama_show,406,145,4447,2387,1915,2290,13,12,85,20,23,16,131,43
42,drama_show,407,142,4459,2395,1922,2295,7,14,86,23,25,17,131,43
42,drama_show,408,139,4470,2400,1931,2303,2,13,84,31,22,18,131,43
42,drama_show,409,134,4481,2407,1940,2307,1,12,88,29,16,19,131,43
42,drama_show,410,141,4490,2409,1940,2316,6,9,84,31,15,20,131,43
42,drama_show,411,149,4501,2412,1940,2323,18,5,84,23,15,20,131,43
42,drama_show,412,156,4513,2417,1940,2334,20,8,75,27,14,23,131,43
42,drama_show,413,163,4522,2419,1940,2341,19,7,71,33,14,23,131,43
42,drama_show,414,166,4530,2424,1940,2346,13,7,71,39,16,23,131,43
42,drama_show,415,178,4543,2425,1940,2352,4,6,67,53,19,24,131,43
42,drama_show,416,172,4552,2440,1940,2354,1,16,70,43,17,23,131,43
42,drama_show,417,180,4565,2445,1940,2358,0,20,67,43,20,25,131,43
42,drama_show,418,178,4573,2449,1946,2363,0,9,77,44,16,24,131,43
42,drama_show,419,174,4583,2463,1946,2370,1,18,75,36,13,25,131,43
42,drama_show,420,178,4595,2465,1952,2374,6,16,75,33,22,24,131,43
42,drama_show,421,176,4608,2478,1954,2384,0,15,79,36,23,23,131,43
42,drama_show,422,160,4616,2495,1961,2385,0,30,80,20,18,23,131,43
42,drama_show,423,162,4630,2504,1964,2388,1,26,90,13,21,22,131,43
42,drama_show,424,160,4638,2505,1973,2393,0,10,102,18,25,19,131,43
42,drama_show,425,155,4649,2512,1982,2400,0,8,104,18,29,16,131,43
42,drama_show,426,147,4659,2519,1993,2404,0,14,101,15,25,15,131,43
42,drama_show,427,146,4668,2529,1993,2409,0,17,103,10,25,14,131,43
42,drama_show,428,148,4679,2529,2002,2413,0,10,106,14,30,13,131,43
42,drama_show,429,147,4691,2539,2005,2421,1,10,108,11,28,12,131,43
42,drama_show,430,146,4704,2545,2013,2427,1,16,102,11,25,12,131,43
42,drama_show,431,144,4712,2547,2021,2432,2,8,107,13,25,13,131,43
42,drama_show,432,141,4723,2552,2030,2441,3,7,104,16,25,16,131,43
42,drama_show,433,139,4731,2554,2038,2444,7,7,103,13,25,16,131,43
42,drama_show,434,142,4740,2559,2039,2453,9,7,99,15,22,17,131,43
42,drama_show,435,142,4751,2561,2048,2460,13,7,94,16,23,19,131,43
42,drama_show,436,140,4759,2569,2050,2468,8,10,91,21,20,21,131,43
42,drama_show,437,144,4772,2572,2056,2479,12,11,82,25,22,21,131,43
42,drama_show,438,144,4786,2580,2062,2490,19,11,79,21,23,21,131,43
42,drama_show,439,142,4799,2588,2069,2495,5,16,77,32,17,24,131,43
42,drama_show,440,143,4811,2599,2069,2501,12,19,79,20,12,25,131,43
42,drama_show,441,156,4824,2599,2069,2507,18,11,81,20,12,26,131,43
42,drama_show,442,170,4838,2599,2069,2513,17,0,86,27,14,26,131,43
42,drama_show,443,177,4849,2603,2069,2522,35,4,77,14,13,26,131,43
42,drama_show,444,179,4857,2609,2069,2531,30,10,68,22,13,26,131,43
42,drama_show,445,184,4867,2614,2069,2540,20,11,63,36,12,26,121,40
42,drama_show,446,186,4880,2621,2073,2541,26,12,68,24,14,28,121,40
42,drama_show,447,193,4894,2628,2073,2546,22,14,68,26,15,28,121,40
42,drama_show,448,199,4908,2631,2078,2553,9,10,68,43,14,31,121,40
42,drama_show,449,198,4919,2639,2082,2555,17,11,73,29,12,30,121,40
42,drama_show,450,199,4933,2641,2093,2561,16,10,70,34,18,27,131,43
42,drama_show,451,201,4942,2641,2100,2563,4,2,76,48,22,25,131,43
42,drama_show,452,184,4950,2666,2100,2570,5,25,71,29,21,24,131,43
42,drama_show,453,176,4959,2683,2100,2575,12,42,66,10,18,24,131,43
42,drama_show,454,176,4969,2689,2104,2581,14,23,85,8,22,24,131,43
42,drama_show,455,177,4982,2695,2110,2587,14,12,96,8,23,23,131,43
42,drama_show,456,173,4990,2701,2116,2591,10,12,98,10,22,22,131,43
42,drama_show,457,171,5000,2704,2125,2597,9,9,98,14,21,20,131,43
42,drama_show,458,173,5012,2704,2135,2603,1,3,98,28,23,17,131,43
42,drama_show,459,166,5020,2710,2144,2607,1,6,97,26,26,16,131,43
42,drama_show,460,163,5034,2724,2147,2614,0,20,90,20,24,14,131,43
42,drama_show,461,162,5048,2730,2156,2619,0,20,91,19,25,14,131,43
42,drama_show,462,160,5061,2735,2166,2621,0,11,103,16,28,13,131,43
42,drama_show,463,156,5071,2740,2175,2625,0,10,105,15,26,14,131,43
42,drama_show,464,157,5083,2744,2182,2627,0,9,108,13,26,16,131,43
42,drama_show,465,154,5091,2746,2191,2637,0,6,103,21,26,17,131,43
42,drama_show,466,151,5099,2748,2200,2641,7,4,103,16,26,18,131,43
42,drama_show,467,149,5113,2756,2208,2646,6,10,100,14,26,18,131,43
42,drama_show,468,144,5122,2762,2216,2659,7,14,89,20,23,21,131,43
42,drama_show,469,142,5134,2765,2227,2667,7,9,89,25,18,21,131,43
42,drama_show,470,145,5143,2771,2227,2674,9,9,88,24,16,22,131,43
42,drama_show,471,154,5156,2775,2227,2682,10,10,83,27,14,24,131,43
42,drama_show,472,160,5165,2778,2227,2691,19,7,80,24,11,26,131,43
42,drama_show,473,168,5173,2778,2227,2701,35,3,74,18,14,27,131,43
42,drama_show,474,178,5186,2781,2227,2712,42,3,66,19,15,29,131,43
42,drama_show,475,179,5197,2791,2227,2717,37,13,61,19,15,27,131,43
42,drama_show,476,181,5206,2796,2229,2720,29,15,61,25,13,26,131,43
42,drama_show,477,178,5214,2802,2234,2723,24,11,68,27,11,25,131,43
42,drama_show,478,177,5226,2809,2240,2729,28,13,67,22,9,25,131,43
42,drama_show,479,183,5238,2815,2240,2735,37,13,67,13,11,25,131,43
42,drama_show,480,182,5251,2820,2249,2736,23,11,73,23,19,25,131,43
42,drama_show,481,184,5265,2824,2257,2740,18,9,75,28,19,24,131,43
42,drama_show,482,173,5275,2835,2267,2745,18,15,75,22,22,21,131,43
42,drama_show,483,166,5285,2842,2277,2754,19,18,70,23,21,20,131,43
42,drama_show,484,166,5296,2847,2283,2760,16,12,75,27,24,20,131,43
42,drama_show,485,166,5307,2853,2288,2762,4,11,80,35,22,19,131,43
42,drama_show,486,166,5317,2860,2291,2765,2,13,82,33,23,18,131,43
42,drama_show,487,164,5330,2864,2302,2769,1,11,84,34,26,16,131,43
42,drama_show,488,165,5343,2869,2309,2773,0,9,87,34,31,14,131,43
42,drama_show,489,154,5355,2885,2316,2778,0,21,86,23,31,14,131,43
42,drama_show,490,153,5367,2898,2316,2783,0,29,86,15,31,11,126,43
42,drama_show,491,146,5377,2907,2324,2789,0,22,96,12,30,12,126,43
42,drama_show,492,145,5391,2914,2332,2793,0,16,105,9,28,14,126,43
42,drama_show,493,143,5399,2920,2336,2797,1,13,110,6,27,15,126,43
42,drama_show,494,138,5408,2924,2346,2802,1,10,112,7,28,13,126,43
42,drama_show,495,137,5420,2928,2355,2817,2,8,103,17,27,13,131,43
42,drama_show,496,137,5431,2933,2361,2820,2,9,104,15,29,14,131,43
42,drama_show,497,135,5445,2944,2366,2827,1,16,101,12,28,15,131,43
42,drama_show,498,137,5459,2947,2375,2833,0,14,100,16,29,16,131,43
42,drama_show,499,133,5472,2957,2382,2842,0,13,102,15,19,17,131,43
42,drama_show,500,139,5481,2960,2382,2851,2,13,96,19,17,18,131,43
42,drama_show,501,145,5489,2962,2382,2858,6,5,99,20,18,18,131,43
42,drama_show,502,149,5499,2968,2382,2867,6,8,93,23,17,19,131,43
42,drama_show,503,151,5507,2974,2382,2875,6,12,87,25,17,20,131,43
42,drama_show,504,152,5518,2984,2382,2880,3,16,88,23,15,20,131,43
42,drama_show,505,163,5531,2986,2382,2892,4,12,82,32,15,23,131,43
42,drama_show,506,172,5545,2991,2382,2897,6,7,87,30,13,23,131,43
42,drama_show,507,177,5559,3000,2382,2906,11,14,80,25,11,24,131,43
42,drama_show,508,178,5569,3007,2384,2915,17,16,76,21,11,26,131,43
42,drama_show,509,182,5582,3013,2387,2922,27,13,78,12,12,26,131,43
42,drama_show,510,183,5593,3016,2394,2925,22,9,82,17,20,24,131,43
42,drama_show,511,183,5601,3019,2399,2933,3,6,80,41,23,22,131,43
42,drama_show,512,170,5609,3031,2408,2937,0,15,79,36,22,22,131,43
42,drama_show,513,158,5619,3053,2408,2944,3,34,75,18,19,21,131,43
42,drama_show,514,159,5628,3055,2414,2948,2,24,83,21,21,20,131,43
42,drama_show,515,157,5639,3068,2414,2954,3,15,99,13,21,17,131,43
42,drama_show,516,159,5653,3076,2418,2957,2,21,98,9,22,17,131,43
42,drama_show,517,155,5663,3080,2428,2966,0,12,102,16,21,15,131,43
42,drama_show,518,155,5674,3083,2436,2972,3,7,104,16,20,13,131,43
42,drama_show,519,154,5684,3090,2440,2976,4,10,104,12,20,13,131,43
42,drama_show,520,150,5692,3093,2449,2982,8,10,101,11,20,12,101,38
42,drama_show,521,152,5705,3097,2456,2989,13,7,101,9,19,11,101,38
42,drama_show,522,150,5713,3101,2462,2993,14,8,100,8,20,13,101,38
42,drama_show,523,151,5724,3107,2466,2998,7,10,99,14,22,13,101,38
42,drama_show,524,149,5733,3111,2473,3004,2,10,97,21,21,13,101,38
42,drama_show,525,143,5742,3115,2484,3010,3,8,97,22,21,15,126,43
42,drama_show,526,139,5752,3118,2495,3016,10,7,95,18,22,17,126,43
42,drama_show,527,133,5763,3122,2508,3023,7,7,92,24,20,19,126,43
42,drama_show,528,137,5777,3125,2515,3031,5,7,87,31,20,21,126,43
42,drama_show,529,133,5788,3137,2518,3039,7,15,83,25,10,22,126,43
42,drama_show,530,142,5800,3140,2518,3045,19,15,80,16,13,22,131,43
42,drama_show,531,149,5814,3147,2518,3050,14,10,87,19,13,22,131,43
42,drama_show,532,155,5825,3152,2518,3060,17,12,80,21,14,22,131,43
42,drama_show,533,157,5834,3159,2518,3073,17,12,74,27,11,25,131,43
42,drama_show,534,167,5847,3162,2518,3081,17,10,71,32,14,27,131,43
42,drama_show,535,157,5857,3182,2518,3087,8,23,72,27,14,25,131,43
42,drama_show,536,159,5865,3188,2518,3090,13,26,72,19,12,26,131,43
42,drama_show,537,169,5876,3189,2518,3092,20,7,90,13,14,26,131,43
42,drama_show,538,178,5886,3190,2518,3097,4,2,91,33,17,28,131,43
42,drama_show,539,179,5895,3196,2520,3102,4,7,87,32,13,30,131,43
42,drama_show,540,183,5907,3199,2525,3113,16,9,77,28,19,28,131,43
42,drama_show,541,181,5920,3203,2536,3115,16,7,81,26,22,26,131,43
42,drama_show,542,179,5930,3213,2538,3122,1,14,77,38,25,25,131,43
42,drama_show,543,179,5943,3220,2544,3123,0,17,80,33,24,22,131,43
42,drama_show,544,167,5954,3234,2553,3124,8,21,89,12,26,22,131,43
42,drama_show,545,172,5967,3235,2560,3136,7,15,84,24,28,22,131,43
42,drama_show,546,173,5978,3239,2566,3141,1,5,93,31,29,21,131,43
42,drama_show,547,168,5992,3250,2574,3147,1,15,88,26,28,18,131,43
42,drama_show,548,169,6005,3252,2584,3158,0,13,81,36,30,17,131,43
42,drama_show,549,163,6013,3256,2594,3168,0,6,82,42,29,16,131,43
42,drama_show,550,158,6021,3261,2602,3175,2,9,77,42,26,14,126,43
42,drama_show,551,154,6034,3266,2614,3180,10,10,76,34,26,14,126,43
42,drama_show,552,144,6044,3280,2620,3181,18,19,80,13,29,14,126,43
42,drama_show,553,138,6053,3288,2627,3188,14,22,78,16,29,13,126,43
42,drama_show,554,135,6065,3293,2637,3191,1,13,89,27,34,13,126,43
42,drama_show,555,134,6077,3299,2644,3201,0,11,87,32,35,14,131,43
42,drama_show,556,133,6089,3307,2649,3204,0,14,89,27,32,15,131,43
42,drama_show,557,131,6100,3313,2656,3213,8,14,86,22,30,17,131,43
42,drama_show,558,137,6112,3314,2661,3215,9,7,92,22,30,18,131,43
42,drama_show,559,135,6124,3320,2669,3224,8,7,89,26,23,16,131,43
42,drama_show,560,141,6132,3322,2669,3230,9,8,84,29,22,18,131,43
42,drama_show,561,150,6144,3325,2669,3236,10,5,84,31,24,20,131,43
42,drama_show,562,153,6153,3331,2669,3245,9,9,77,35,21,22,131,43
42,drama_show,563,156,6162,3337,2669,3251,0,12,74,44,19,22,131,43
42,drama_show,564,155,6174,3350,2669,3255,0,19,76,35,21,23,131,43
42,drama_show,565,153,6183,3361,2669,3260,0,24,77,29,19,23,131,43
42,drama_show,566,159,6192,3364,2669,3267,2,14,83,31,19,22,131,43
42,drama_show,567,164,6201,3368,2669,3273,14,7,88,21,17,23,131,43
42,drama_show,568,166,6213,3371,2676,3278,10,7,86,27,17,23,131,43
42,drama_show,569,171,6226,3375,2680,3287,7,7,81,35,15,26,131,43
42,drama_show,570,176,6238,3381,2681,3295,1,10,76,43,23,26,121,43
42,drama_show,571,178,6252,3387,2687,3299,1,12,76,41,25,25,121,43
42,drama_show,572,175,6264,3401,2688,3305,3,20,76,31,28,24,121,43
42,drama_show,573,166,6272,3418,2688,3310,1,31,77,21,27,23,121,43
42,drama_show,574,170,6286,3427,2689,3315,1,26,86,17,28,22,121,43
42,drama_show,575,169,6294,3429,2696,3323,4,11,95,20,28,20,131,43
42,drama_show,576,157,6303,3441,2705,3328,2,14,99,15,26,18,131,43
42,drama_show,577,156,6316,3447,2713,3336,1,18,93,18,24,18,131,43
42,drama_show,578,149,6324,3451,2724,3338,0,10,103,17,23,17,131,43
42,drama_show,579,145,6335,3460,2730,3342,1,13,105,11,23,16,131,43
42,drama_show,580,147,6345,3463,2735,3348,2,12,103,13,22,15,131,43
42,drama_show,581,148,6356,3467,2741,3353,2,7,107,14,23,11,131,43
42,drama_show,582,148,6365,3470,2747,3360,1,7,103,19,23,13,131,43
42,drama_show,583,146,6374,3477,2751,3366,2,10,101,17,22,12,131,43
42,drama_show,584,144,6383,3483,2756,3374,10,13,96,11,20,13,131,43
42,drama_show,585,145,6393,3485,2763,3386,21,8,91,10,22,15,131,43
42,drama_show,586,144,6402,3493,2765,3390,19,10,93,8,24,17,131,43
42,drama_show,587,145,6413,3496,2772,3397,20,11,88,11,25,18,131,43
42,drama_show,588,145,6424,3498,2781,3402,11,5,91,23,25,20,131,43
42,drama_show,589,141,6435,3502,2792,3406,8,6,90,26,16,20,131,43
42,drama_show,590,148,6448,3508,2792,3416,7,10,82,31,16,21,131,43
42,drama_show,591,157,6461,3512,2792,3424,7,10,78,35,14,23,131,43
42,drama_show,592,160,6471,3519,2792,3431,6,11,77,36,15,24,131,43
42,drama_show,593,169,6485,3524,2792,3439,1,12,73,44,15,27,131,43
42,drama_show,594,167,6498,3539,2792,3449,1,20,70,39,15,25,131,43
42,drama_show,595,163,6506,3551,2792,3456,3,27,68,32,15,23,131,43
42,drama_show,596,167,6516,3557,2792,3460,12,18,79,21,14,24,131,43
42,drama_show,597,175,6527,3560,2792,3467,13,9,84,24,14,25,131,43
42,drama_show,598,176,6535,3565,2794,3472,18,8,85,19,12,25,131,43
42,drama_show,599,174,6545,3575,2796,3476,20,15,84,11,13,26,131,43
42,drama_show,600,174,6557,3579,2804,3480,9,14,85,22,20,25,121,40
