seed,combo,t,queue,generated,matched,cancelled,completed,idle,enroute,ontrip,rebal,alertCells,maxPendingCell,trafficCells15,trafficCells25
20260906,r3_d30_t1_w15,1,6,8,2,0,0,92,2,0,6,4,2,131,43
20260906,r3_d30_t1_w15,2,13,15,2,0,0,54,2,0,44,8,4,131,43
20260906,r3_d30_t1_w15,3,12,20,8,0,0,36,6,2,56,10,2,131,43
20260906,r3_d30_t1_w15,4,2,26,24,0,0,56,22,2,20,2,1,131,43
20260906,r3_d30_t1_w15,5,5,31,26,0,0,50,18,8,24,5,1,131,43
20260906,r3_d30_t1_w15,6,8,36,28,0,0,33,4,24,39,8,1,131,43
20260906,r3_d30_t1_w15,7,12,42,30,0,0,20,4,26,50,9,2,131,43
20260906,r3_d30_t1_w15,8,19,50,31,0,0,18,3,28,51,9,3,131,43
20260906,r3_d30_t1_w15,9,5,57,52,0,0,17,22,30,31,5,1,131,43
20260906,r3_d30_t1_w15,10,8,63,55,0,0,15,24,31,30,8,1,131,43
20260906,r3_d30_t1_w15,11,10,69,59,0,0,22,7,52,19,8,2,131,43
20260906,r3_d30_t1_w15,12,19,78,59,0,0,14,4,55,27,12,5,131,43
20260906,r3_d30_t1_w15,13,22,83,61,0,0,6,2,59,33,12,5,131,43
20260906,r3_d30_t1_w15,14,28,91,63,0,5,16,4,54,26,11,7,131,43
20260906,r3_d30_t1_w15,15,38,101,63,0,6,17,2,55,26,12,8,131,43
20260906,r3_d30_t1_w15,16,41,108,67,0,8,13,4,55,28,11,8,131,43
20260906,r3_d30_t1_w15,17,46,114,68,0,9,8,5,54,33,10,9,131,43
20260906,r3_d30_t1_w15,18,55,124,69,0,10,25,2,57,16,12,11,131,43
20260906,r3_d30_t1_w15,19,59,129,70,0,14,19,2,54,25,13,11,131,43
20260906,r3_d30_t1_w15,20,66,138,72,0,22,9,3,47,41,14,11,121,40
20260906,r3_d30_t1_w15,21,71,146,75,0,27,6,5,43,46,15,12,121,40
20260906,r3_d30_t1_w15,22,75,155,80,0,34,10,8,38,44,14,14,121,40
20260906,r3_d30_t1_w15,23,65,160,95,0,40,17,20,35,28,11,14,121,40
20260906,r3_d30_t1_w15,24,64,168,104,0,42,14,24,38,24,13,16,121,40
20260906,r3_d30_t1_w15,25,67,174,107,0,45,4,12,50,34,12,15,126,43
20260906,r3_d30_t1_w15,26,74,184,110,0,52,15,6,52,27,10,15,126,43
20260906,r3_d30_t1_w15,27,82,192,110,0,54,32,3,53,12,10,15,126,43
20260906,r3_d30_t1_w15,28,88,201,113,0,57,33,3,53,11,12,15,126,43
20260906,r3_d30_t1_w15,29,94,208,114,0,58,9,4,52,35,14,15,126,43
20260906,r3_d30_t1_w15,30,94,213,119,0,60,0,6,53,41,15,15,131,43
20260906,r3_d30_t1_w15,31,93,220,121,6,61,18,7,53,22,15,14,131,43
20260906,r3_d30_t1_w15,32,94,227,123,10,63,22,4,56,18,18,12,131,43
20260906,r3_d30_t1_w15,33,84,234,134,16,66,7,13,55,25,19,12,131,43
20260906,r3_d30_t1_w15,34,80,239,140,19,69,0,17,54,29,18,11,131,43
20260906,r3_d30_t1_w15,35,81,249,143,25,73,0,9,61,30,21,10,131,43
20260906,r3_d30_t1_w15,36,79,255,145,31,79,1,5,61,33,23,9,131,43
20260906,r3_d30_t1_w15,37,73,260,148,39,83,1,5,60,34,22,9,131,43
20260906,r3_d30_t1_w15,38,77,270,154,39,86,0,9,59,32,23,8,131,43
20260906,r3_d30_t1_w15,39,79,279,159,41,89,0,11,59,30,25,8,131,43
20260906,r3_d30_t1_w15,40,75,284,162,47,94,1,8,60,31,22,10,131,43
20260906,r3_d30_t1_w15,41,74,294,164,56,98,7,5,61,27,21,11,131,43
20260906,r3_d30_t1_w15,42,72,301,167,62,105,9,5,57,29,20,12,131,43
20260906,r3_d30_t1_w15,43,71,306,169,66,107,1,5,57,37,17,14,131,43
20260906,r3_d30_t1_w15,44,69,312,176,67,112,3,9,55,33,13,14,131,43
20260906,r3_d30_t1_w15,45,69,322,186,67,119,16,17,50,17,13,14,131,43
20260906,r3_d30_t1_w15,46,71,330,192,67,123,22,16,53,9,13,15,131,43
20260906,r3_d30_t1_w15,47,73,336,196,67,128,13,10,58,19,13,14,131,43
20260906,r3_d30_t1_w15,48,80,345,198,67,131,13,6,61,20,14,16,131,43
20260906,r3_d30_t1_w15,49,83,353,203,67,134,12,7,62,19,15,15,131,43
20260906,r3_d30_t1_w15,50,87,361,207,67,138,13,9,60,18,15,13,126,43
20260906,r3_d30_t1_w15,51,90,369,212,67,141,12,9,62,17,16,14,126,43
20260906,r3_d30_t1_w15,52,100,379,212,67,147,13,5,60,22,17,15,126,43
20260906,r3_d30_t1_w15,53,103,389,216,70,150,11,4,62,23,17,15,126,43
20260906,r3_d30_t1_w15,54,103,397,218,76,154,3,6,58,33,19,14,126,43
20260906,r3_d30_t1_w15,55,95,402,231,76,156,4,15,60,21,17,14,131,43
20260906,r3_d30_t1_w15,56,96,409,234,79,161,9,16,57,18,17,14,131,43
20260906,r3_d30_t1_w15,57,97,416,235,84,165,5,4,66,25,17,16,131,43
20260906,r3_d30_t1_w15,58,92,421,240,89,168,5,6,66,23,13,17,131,43
20260906,r3_d30_t1_w15,59,97,430,240,93,175,6,5,60,29,15,17,131,43
20260906,r3_d30_t1_w15,60,94,437,246,97,177,0,6,63,31,20,15,131,43
20260906,r3_d30_t1_w15,61,89,443,254,100,179,0,14,61,25,21,14,131,43
20260906,r3_d30_t1_w15,62,89,449,260,100,183,7,14,63,16,21,12,131,43
20260906,r3_d30_t1_w15,63,91,459,267,101,190,8,13,64,15,21,11,131,43
20260906,r3_d30_t1_w15,64,90,464,269,105,196,4,9,64,23,21,11,131,43
20260906,r3_d30_t1_w15,65,87,474,278,109,199,1,11,68,20,21,10,131,43
20260906,r3_d30_t1_w15,66,86,481,281,114,203,1,12,66,21,26,8,131,43
20260906,r3_d30_t1_w15,67,86,490,282,122,208,0,4,70,26,28,8,131,43
20260906,r3_d30_t1_w15,68,75,496,298,123,212,1,17,69,13,27,8,131,43
20260906,r3_d30_t1_w15,69,69,501,308,124,217,3,26,65,6,29,8,131,43
20260906,r3_d30_t1_w15,70,73,509,308,128,226,0,10,72,18,30,9,131,43
20260906,r3_d30_t1_w15,71,72,516,312,132,229,1,4,79,16,29,9,131,43
20260906,r3_d30_t1_w15,72,71,526,319,136,230,1,11,78,10,25,10,131,43
20260906,r3_d30_t1_w15,73,71,532,321,140,237,3,9,75,13,25,10,131,43
20260906,r3_d30_t1_w15,74,62,537,329,146,243,4,10,76,10,20,9,131,43
20260906,r3_d30_t1_w15,75,64,544,334,146,248,5,13,73,9,18,10,131,43
20260906,r3_d30_t1_w15,76,67,549,336,146,255,13,7,74,6,16,11,131,43
20260906,r3_d30_t1_w15,77,73,556,337,146,257,17,3,77,3,15,11,131,43
20260906,r3_d30_t1_w15,78,77,562,339,146,263,19,3,73,5,17,10,131,43
20260906,r3_d30_t1_w15,79,84,570,340,146,270,11,3,67,19,17,11,131,43
20260906,r3_d30_t1_w15,80,85,576,345,146,275,11,6,64,19,13,12,131,43
20260906,r3_d30_t1_w15,81,85,582,349,148,280,14,9,60,17,11,12,131,43
20260906,r3_d30_t1_w15,82,89,589,349,151,290,19,4,55,22,12,12,131,43
20260906,r3_d30_t1_w15,83,89,596,353,154,292,28,4,57,11,12,12,131,43
20260906,r3_d30_t1_w15,84,93,605,358,154,299,28,9,50,13,12,12,131,43
20260906,r3_d30_t1_w15,85,92,611,360,159,302,22,7,51,20,12,12,131,43
20260906,r3_d30_t1_w15,86,90,616,367,159,314,18,9,44,29,10,12,131,43
20260906,r3_d30_t1_w15,87,89,626,368,169,317,15,8,43,34,14,11,131,43
20260906,r3_d30_t1_w15,88,87,633,377,169,321,9,10,46,35,15,12,131,43
20260906,r3_d30_t1_w15,89,90,642,383,169,325,4,15,43,38,10,13,131,43
20260906,r3_d30_t1_w15,90,91,650,384,175,328,3,7,49,41,13,13,131,43
20260906,r3_d30_t1_w15,91,91,655,385,179,332,9,2,51,38,17,12,131,43
20260906,r3_d30_t1_w15,92,82,661,400,179,336,4,16,48,32,20,11,131,43
20260906,r3_d30_t1_w15,93,77,670,414,179,338,2,29,47,22,18,11,131,43
20260906,r3_d30_t1_w15,94,76,679,417,186,339,9,17,61,13,20,10,131,43
20260906,r3_d30_t1_w15,95,77,689,420,192,341,1,6,73,20,19,10,131,43
20260906,r3_d30_t1_w15,96,77,697,423,197,345,1,6,72,21,20,9,131,43
20260906,r3_d30_t1_w15,97,77,704,426,201,349,1,6,71,22,21,9,131,43
20260906,r3_d30_t1_w15,98,78,712,430,204,350,1,7,73,19,22,10,131,43
20260906,r3_d30_t1_w15,99,74,719,434,211,355,1,8,71,20,19,11,131,43
20260906,r3_d30_t1_w15,100,77,729,436,216,356,0,6,74,20,20,12,121,40
20260906,r3_d30_t1_w15,101,77,738,441,220,361,0,7,73,20,18,12,121,40
20260906,r3_d30_t1_w15,102,77,743,441,225,365,0,5,71,24,20,12,121,40
20260906,r3_d30_t1_w15,103,64,748,454,230,370,0,13,71,16,17,13,121,40
20260906,r3_d30_t1_w15,104,56,758,465,237,375,1,24,66,9,12,12,121,40
20260906,r3_d30_t1_w15,105,65,768,466,237,383,2,12,71,15,16,13,131,43
20260906,r3_d30_t1_w15,106,69,775,469,237,390,3,4,75,18,17,14,131,43
20260906,r3_d30_t1_w15,107,68,780,475,237,395,2,9,71,18,12,14,131,43
20260906,r3_d30_t1_w15,108,74,788,477,237,404,8,8,65,19,12,14,131,43
20260906,r3_d30_t1_w15,109,81,797,479,237,407,6,4,68,22,14,15,131,43
20260906,r3_d30_t1_w15,110,85,805,483,237,412,3,6,65,26,14,15,131,43
20260906,r3_d30_t1_w15,111,90,814,487,237,419,5,8,60,27,14,15,131,43
20260906,r3_d30_t1_w15,112,94,820,489,237,421,7,6,62,25,16,15,131,43
20260906,r3_d30_t1_w15,113,92,826,492,242,424,1,5,63,31,14,15,131,43
20260906,r3_d30_t1_w15,114,92,835,494,249,429,1,5,60,34,13,13,131,43
20260906,r3_d30_t1_w15,115,92,844,497,255,434,9,5,58,28,14,14,131,43
20260906,r3_d30_t1_w15,116,88,850,499,263,440,6,5,54,35,12,14,131,43
20260906,r3_d30_t1_w15,117,92,860,503,265,446,15,6,51,28,12,15,131,43
20260906,r3_d30_t1_w15,118,95,869,507,267,451,7,8,48,37,15,15,131,43
20260906,r3_d30_t1_w15,119,93,878,512,273,455,0,9,48,43,16,15,131,43
20260906,r3_d30_t1_w15,120,92,884,516,276,458,0,9,49,42,19,14,131,43
20260906,r3_d30_t1_w15,121,94,892,518,280,460,2,6,52,40,21,14,131,43
20260906,r3_d30_t1_w15,122,88,899,531,280,462,2,15,54,29,20,14,131,43
20260906,r3_d30_t1_w15,123,88,907,539,280,465,2,21,53,24,22,12,131,43
20260906,r3_d30_t1_w15,124,91,915,544,280,475,2,13,56,29,19,11,131,43
20260906,r3_d30_t1_w15,125,90,925,549,286,482,2,10,57,31,21,10,121,40
20260906,r3_d30_t1_w15,126,76,933,568,289,483,3,24,61,12,21,8,121,40
20260906,r3_d30_t1_w15,127,74,940,576,290,487,2,27,62,9,22,7,121,40
20260906,r3_d30_t1_w15,128,76,949,579,294,489,1,11,79,9,24,6,121,40
20260906,r3_d30_t1_w15,129,73,957,583,301,492,0,7,84,9,25,8,121,40
20260906,r3_d30_t1_w15,130,76,967,585,306,494,0,6,85,9,26,9,131,43
20260906,r3_d30_t1_w15,131,75,976,589,312,499,0,6,84,10,22,10,131,43
20260906,r3_d30_t1_w15,132,73,982,590,319,503,0,5,82,13,18,11,131,43
20260906,r3_d30_t1_w15,133,72,990,595,323,507,1,6,82,11,16,12,131,43
20260906,r3_d30_t1_w15,134,74,998,599,325,510,1,9,80,10,12,13,131,43
20260906,r3_d30_t1_w15,135,81,1007,601,325,513,2,6,82,10,12,16,131,43
20260906,r3_d30_t1_w15,136,86,1013,602,325,519,4,3,80,13,14,17,131,43
20260906,r3_d30_t1_w15,137,92,1023,606,325,529,3,5,72,20,12,18,131,43
20260906,r3_d30_t1_w15,138,94,1028,609,325,537,8,7,65,20,10,19,131,43
20260906,r3_d30_t1_w15,139,102,1037,610,325,545,13,4,61,22,11,20,131,43
20260906,r3_d30_t1_w15,140,101,1042,611,330,550,13,2,59,26,12,20,131,43
20260906,r3_d30_t1_w15,141,100,1050,616,334,556,27,6,54,13,12,22,131,43
20260906,r3_d30_t1_w15,142,106,1060,619,335,559,28,8,52,12,13,22,131,43
20260906,r3_d30_t1_w15,143,105,1066,620,341,566,18,4,50,28,13,20,131,43
20260906,r3_d30_t1_w15,144,104,1073,623,346,571,22,4,48,26,12,20,131,43
20260906,r3_d30_t1_w15,145,100,1079,627,352,578,35,7,42,16,12,19,131,43
20260906,r3_d30_t1_w15,146,99,1087,628,360,580,30,5,43,22,13,19,131,43
20260906,r3_d30_t1_w15,147,97,1093,633,363,583,25,6,44,25,12,17,131,43
20260906,r3_d30_t1_w15,148,93,1099,636,370,591,35,8,37,20,11,17,131,43
20260906,r3_d30_t1_w15,149,96,1108,636,376,594,40,3,39,18,15,16,131,43
20260906,r3_d30_t1_w15,150,96,1118,638,384,598,6,2,38,54,20,16,131,43
20260906,r3_d30_t1_w15,151,98,1128,642,388,601,3,6,35,56,19,15,131,43
20260906,r3_d30_t1_w15,152,83,1133,657,393,603,9,19,35,37,17,14,131,43
20260906,r3_d30_t1_w15,153,83,1141,661,397,607,9,19,35,37,19,13,131,43
20260906,r3_d30_t1_w15,154,68,1146,673,405,610,10,16,47,27,19,11,131,43
20260906,r3_d30_t1_w15,155,68,1156,681,407,613,6,20,48,26,20,10,126,43
20260906,r3_d30_t1_w15,156,68,1163,688,407,613,6,15,60,19,21,8,126,43
20260906,r3_d30_t1_w15,157,67,1170,691,412,614,4,10,67,19,23,7,126,43
20260906,r3_d30_t1_w15,158,67,1176,692,417,617,11,4,71,14,23,7,126,43
20260906,r3_d30_t1_w15,159,68,1186,695,423,620,17,4,71,8,21,7,126,43
20260906,r3_d30_t1_w15,160,73,1196,696,427,620,16,4,72,8,24,7,131,43
20260906,r3_d30_t1_w15,161,70,1201,698,433,621,6,3,74,17,23,8,131,43
20260906,r3_d30_t1_w15,162,67,1208,703,438,625,0,7,71,22,21,8,131,43
20260906,r3_d30_t1_w15,163,69,1215,705,441,632,0,7,66,27,23,8,131,43
20260906,r3_d30_t1_w15,164,67,1220,708,445,636,0,5,67,28,16,9,131,43
20260906,r3_d30_t1_w15,165,74,1230,711,445,644,0,6,61,33,17,11,131,43
20260906,r3_d30_t1_w15,166,73,1236,718,445,650,1,10,58,31,18,11,131,43
20260906,r3_d30_t1_w15,167,67,1246,734,445,655,1,23,56,20,14,10,131,43
20260906,r3_d30_t1_w15,168,73,1255,737,445,665,6,19,53,22,15,11,131,43
20260906,r3_d30_t1_w15,169,76,1261,740,445,671,7,6,63,24,13,13,131,43
20260906,r3_d30_t1_w15,170,77,1267,745,445,674,8,8,63,21,11,13,131,43
20260906,r3_d30_t1_w15,171,82,1273,746,445,677,13,6,63,18,10,13,131,43
20260906,r3_d30_t1_w15,172,88,1281,748,445,682,22,3,63,12,11,14,131,43
20260906,r3_d30_t1_w15,173,93,1290,749,448,687,21,3,59,17,12,16,131,43
20260906,r3_d30_t1_w15,174,89,1295,751,455,692,20,3,56,21,13,16,131,43
20260906,r3_d30_t1_w15,175,85,1300,756,459,696,20,7,53,20,12,15,131,43
20260906,r3_d30_t1_w15,176,87,1308,761,460,701,17,10,50,23,11,17,131,43
20260906,r3_d30_t1_w15,177,90,1316,763,463,701,26,7,55,12,11,17,131,43
20260906,r3_d30_t1_w15,178,93,1324,765,466,702,20,4,59,17,10,17,131,43
20260906,r3_d30_t1_w15,179,95,1331,766,470,705,18,3,58,21,12,18,131,43
20260906,r3_d30_t1_w15,180,98,1341,767,476,709,0,2,56,42,20,17,121,40
20260906,r3_d30_t1_w15,181,95,1346,773,478,716,0,7,50,43,21,17,121,40
20260906,r3_d30_t1_w15,182,85,1352,786,481,719,0,19,48,33,21,15,121,40
20260906,r3_d30_t1_w15,183,85,1362,790,487,723,0,17,50,33,24,12,121,40
20260906,r3_d30_t1_w15,184,73,1368,803,492,731,2,17,55,26,22,12,121,40
20260906,r3_d30_t1_w15,185,71,1375,806,498,737,8,16,53,23,24,10,131,43
20260906,r3_d30_t1_w15,186,58,1380,818,504,739,8,15,64,13,17,9,131,43
20260906,r3_d30_t1_w15,187,57,1387,820,510,741,6,14,65,15,21,7,131,43
20260906,r3_d30_t1_w15,188,52,1394,824,518,745,5,6,73,16,22,7,131,43
20260906,r3_d30_t1_w15,189,53,1400,826,521,749,1,6,71,22,22,7,131,43
20260906,r3_d30_t1_w15,190,47,1406,833,526,750,0,9,74,17,21,6,131,43
20260906,r3_d30_t1_w15,191,42,1413,838,533,752,5,12,74,9,22,5,131,43
20260906,r3_d30_t1_w15,192,43,1422,840,539,754,5,7,79,9,23,4,131,43
20260906,r3_d30_t1_w15,193,39,1427,843,545,761,5,5,77,13,21,4,131,43
20260906,r3_d30_t1_w15,194,36,1432,847,549,762,4,7,78,11,18,6,131,43
20260906,r3_d30_t1_w15,195,36,1440,854,550,767,4,11,76,9,16,7,131,43
20260906,r3_d30_t1_w15,196,40,1445,855,550,774,3,8,73,16,17,6,131,43
20260906,r3_d30_t1_w15,197,43,1452,859,550,780,2,5,74,19,14,7,131,43
20260906,r3_d30_t1_w15,198,49,1462,863,550,783,5,8,72,15,16,10,131,43
20260906,r3_d30_t1_w15,199,53,1472,869,550,796,5,10,63,22,15,11,131,43
20260906,r3_d30_t1_w15,200,56,1479,873,550,798,0,10,65,25,16,11,131,43
20260906,r3_d30_t1_w15,201,54,1484,880,550,804,5,11,65,19,12,12,131,43
20260906,r3_d30_t1_w15,202,59,1489,880,550,809,16,7,64,13,12,12,131,43
20260906,r3_d30_t1_w15,203,64,1496,882,550,813,27,2,67,4,11,14,131,43
20260906,r3_d30_t1_w15,204,71,1505,884,550,818,27,4,62,7,12,15,131,43
20260906,r3_d30_t1_w15,205,77,1513,886,550,825,5,4,57,34,14,15,131,43
20260906,r3_d30_t1_w15,206,80,1521,891,550,826,1,7,58,34,11,14,131,43
20260906,r3_d30_t1_w15,207,85,1529,894,550,832,20,8,54,18,12,14,131,43
20260906,r3_d30_t1_w15,208,93,1538,894,551,836,14,3,55,28,13,14,131,43
20260906,r3_d30_t1_w15,209,94,1544,897,553,841,14,3,53,30,14,14,131,43
20260906,r3_d30_t1_w15,210,95,1554,901,558,845,7,7,49,37,16,13,131,43
20260906,r3_d30_t1_w15,211,98,1563,902,563,851,1,5,46,48,21,12,131,43
20260906,r3_d30_t1_w15,212,91,1571,912,568,854,0,11,47,42,21,11,131,43
20260906,r3_d30_t1_w15,213,85,1577,922,570,862,10,20,40,30,20,11,131,43
20260906,r3_d30_t1_w15,214,81,1587,936,570,863,11,24,49,16,24,9,131,43
20260906,r3_d30_t1_w15,215,79,1596,947,570,867,7,25,55,13,25,8,131,43
20260906,r3_d30_t1_w15,216,86,1605,949,570,873,6,13,63,18,24,8,131,43
20260906,r3_d30_t1_w15,217,90,1614,952,572,875,6,5,72,17,25,8,131,43
20260906,r3_d30_t1_w15,218,92,1624,954,578,875,6,5,74,15,24,10,131,43
20260906,r3_d30_t1_w15,219,91,1633,958,584,879,6,6,73,15,25,10,131,43
20260906,r3_d30_t1_w15,220,90,1638,959,589,884,7,5,70,18,24,11,131,43
20260906,r3_d30_t1_w15,221,84,1645,965,596,888,7,7,70,16,23,11,131,43
20260906,r3_d30_t1_w15,222,84,1650,970,596,891,1,11,68,20,21,13,131,43
20260906,r3_d30_t1_w15,223,83,1660,973,604,891,2,8,74,16,18,13,131,43
20260906,r3_d30_t1_w15,224,84,1667,975,608,895,10,5,75,10,16,13,131,43
20260906,r3_d30_t1_w15,225,93,1677,976,608,900,10,3,73,14,17,14,131,43
20260906,r3_d30_t1_w15,226,97,1683,978,608,907,9,3,68,20,15,15,131,43
20260906,r3_d30_t1_w15,227,98,1689,982,609,914,9,6,62,23,13,15,131,43
20260906,r3_d30_t1_w15,228,101,1696,982,613,918,3,4,60,33,15,15,131,43
20260906,r3_d30_t1_w15,229,97,1702,986,619,921,3,4,61,32,11,15,131,43
20260906,r3_d30_t1_w15,230,96,1710,988,626,927,6,6,55,33,9,15,131,43
20260906,r3_d30_t1_w15,231,93,1716,990,633,934,19,4,52,25,10,15,131,43
20260906,r3_d30_t1_w15,232,91,1722,996,635,942,32,8,46,14,12,15,131,43
20260906,r3_d30_t1_w15,233,88,1729,998,643,948,14,8,42,36,13,15,131,43
20260906,r3_d30_t1_w15,234,90,1738,1000,648,953,8,4,43,45,13,16,131,43
20260906,r3_d30_t1_w15,235,88,1745,1006,651,957,5,8,41,46,11,14,111,40
20260906,r3_d30_t1_w15,236,87,1750,1007,656,960,12,7,40,41,10,13,111,40
20260906,r3_d30_t1_w15,237,87,1756,1010,659,963,30,4,43,23,11,13,111,40
20260906,r3_d30_t1_w15,238,86,1766,1021,659,964,24,14,43,19,14,15,111,40
20260906,r3_d30_t1_w15,239,87,1774,1028,659,969,5,18,41,36,14,14,111,40
20260906,r3_d30_t1_w15,240,90,1782,1030,662,971,3,9,50,38,18,13,131,43
20260906,r3_d30_t1_w15,241,88,1790,1034,668,973,4,6,55,35,18,13,131,43
20260906,r3_d30_t1_w15,242,86,1795,1037,672,979,5,7,51,37,18,13,131,43
20260906,r3_d30_t1_w15,243,76,1803,1050,677,985,14,16,49,21,19,12,131,43
20260906,r3_d30_t1_w15,244,72,1809,1057,680,986,15,20,51,14,20,12,131,43
20260906,r3_d30_t1_w15,245,69,1815,1062,684,990,16,12,60,12,19,10,131,43
20260906,r3_d30_t1_w15,246,72,1823,1063,688,994,17,6,63,14,20,10,131,43
20260906,r3_d30_t1_w15,247,74,1831,1066,691,996,18,4,66,12,19,9,131,43
20260906,r3_d30_t1_w15,248,73,1841,1077,691,1000,17,14,63,6,21,7,131,43
20260906,r3_d30_t1_w15,249,79,1850,1078,693,1003,0,12,63,25,23,7,131,43
20260906,r3_d30_t1_w15,250,78,1858,1083,697,1006,1,6,71,22,20,8,131,43
20260906,r3_d30_t1_w15,251,82,1867,1085,700,1008,16,7,70,7,19,11,131,43
20260906,r3_d30_t1_w15,252,81,1872,1087,704,1012,20,4,71,5,17,11,131,43
20260906,r3_d30_t1_w15,253,80,1878,1088,710,1020,26,3,65,6,16,11,131,43
20260906,r3_d30_t1_w15,254,81,1886,1088,717,1023,24,1,64,11,13,13,131,43
20260906,r3_d30_t1_w15,255,83,1892,1092,717,1027,15,4,61,20,14,14,122,43
20260906,r3_d30_t1_w15,256,88,1901,1096,717,1033,9,8,55,28,12,15,122,43
20260906,r3_d30_t1_w15,257,95,1910,1098,717,1035,11,6,57,26,13,15,122,43
20260906,r3_d30_t1_w15,258,100,1918,1101,717,1043,6,5,53,36,13,15,122,43
20260906,r3_d30_t1_w15,259,105,1927,1104,718,1050,15,6,48,31,16,16,122,43
20260906,r3_d30_t1_w15,260,102,1933,1108,723,1052,12,7,49,32,16,17,131,43
20260906,r3_d30_t1_w15,261,99,1939,1112,728,1057,2,8,47,43,16,18,131,43
20260906,r3_d30_t1_w15,262,100,1949,1113,736,1063,13,5,45,37,16,19,131,43
20260906,r3_d30_t1_w15,263,100,1959,1117,742,1067,23,5,45,27,14,19,131,43
20260906,r3_d30_t1_w15,264,96,1964,1119,749,1071,34,6,42,18,12,19,131,43
20260906,r3_d30_t1_w15,265,96,1972,1120,756,1075,38,3,42,17,13,18,131,43
20260906,r3_d30_t1_w15,266,96,1982,1123,763,1079,34,4,40,22,14,15,131,43
20260906,r3_d30_t1_w15,267,100,1992,1125,767,1084,22,5,36,37,15,16,131,43
20260906,r3_d30_t1_w15,268,98,1997,1128,771,1085,12,5,38,45,13,16,131,43
20260906,r3_d30_t1_w15,269,97,2005,1133,775,1087,22,8,38,32,11,15,131,43
20260906,r3_d30_t1_w15,270,101,2014,1138,775,1090,23,10,38,29,19,15,131,43
20260906,r3_d30_t1_w15,271,103,2024,1145,776,1094,16,12,39,33,21,13,131,43
20260906,r3_d30_t1_w15,272,88,2029,1165,776,1097,16,27,41,16,20,12,131,43
20260906,r3_d30_t1_w15,273,85,2039,1176,778,1099,15,31,46,8,21,11,131,43
20260906,r3_d30_t1_w15,274,85,2045,1178,782,1103,5,13,62,20,23,10,131,43
20260906,r3_d30_t1_w15,275,85,2055,1184,786,1105,0,8,71,21,25,9,131,43
20260906,r3_d30_t1_w15,276,91,2065,1186,788,1108,1,8,70,21,27,8,131,43
20260906,r3_d30_t1_w15,277,89,2074,1187,798,1108,0,3,76,21,28,8,131,43
20260906,r3_d30_t1_w15,278,83,2082,1192,807,1110,2,6,76,16,26,7,131,43
20260906,r3_d30_t1_w15,279,87,2092,1193,812,1116,5,6,71,18,29,7,131,43
20260906,r3_d30_t1_w15,280,88,2101,1194,819,1122,5,2,70,23,33,8,131,43
20260906,r3_d30_t1_w15,281,83,2109,1200,826,1123,1,7,70,22,32,9,131,43
20260906,r3_d30_t1_w15,282,81,2118,1203,834,1125,1,9,69,21,31,10,131,43
20260906,r3_d30_t1_w15,283,82,2125,1204,839,1132,4,4,68,24,30,10,131,43
20260906,r3_d30_t1_w15,284,67,2131,1217,847,1133,4,14,70,12,23,10,131,43
20260906,r3_d30_t1_w15,285,71,2141,1223,847,1138,4,19,66,11,22,11,121,40
20260906,r3_d30_t1_w15,286,76,2147,1224,847,1144,5,7,73,15,23,11,121,40
20260906,r3_d30_t1_w15,287,74,2156,1234,848,1148,3,11,75,11,23,10,121,40
20260906,r3_d30_t1_w15,288,79,2164,1237,848,1153,3,13,71,13,23,10,121,40
20260906,r3_d30_t1_w15,289,84,2174,1242,848,1160,3,8,74,15,20,11,121,40
20260906,r3_d30_t1_w15,290,92,2184,1243,849,1162,4,6,75,15,20,12,126,43
20260906,r3_d30_t1_w15,291,95,2190,1245,850,1172,4,3,70,23,19,13,126,43
20260906,r3_d30_t1_w15,292,98,2199,1250,851,1182,0,7,61,32,20,13,126,43
20260906,r3_d30_t1_w15,293,100,2207,1256,851,1184,0,11,61,28,17,14,126,43
20260906,r3_d30_t1_w15,294,96,2212,1258,858,1188,7,8,62,23,15,14,126,43
20260906,r3_d30_t1_w15,295,98,2219,1259,862,1191,8,3,65,24,15,16,131,43
20260906,r3_d30_t1_w15,296,98,2228,1263,867,1196,12,5,62,21,13,14,131,43
20260906,r3_d30_t1_w15,297,97,2236,1265,874,1202,15,6,57,22,16,13,131,43
20260906,r3_d30_t1_w15,298,96,2243,1269,878,1210,0,6,53,41,15,13,131,43
20260906,r3_d30_t1_w15,299,88,2248,1282,878,1212,0,17,53,30,11,13,131,43
20260906,r3_d30_t1_w15,300,88,2254,1283,883,1218,15,14,51,20,16,13,131,43
20260906,r3_d30_t1_w15,301,91,2262,1284,887,1224,11,2,58,29,21,13,131,43
20260906,r3_d30_t1_w15,302,85,2267,1292,890,1225,11,9,58,22,17,13,131,43
20260906,r3_d30_t1_w15,303,82,2276,1299,895,1227,11,15,57,17,18,12,131,43
20260906,r3_d30_t1_w15,304,76,2286,1309,901,1230,2,17,62,19,20,11,131,43
20260906,r3_d30_t1_w15,305,70,2291,1315,906,1235,0,16,64,20,20,11,131,43
20260906,r3_d30_t1_w15,306,72,2300,1318,910,1240,11,9,69,11,23,10,131,43
20260906,r3_d30_t1_w15,307,73,2308,1322,913,1247,15,7,68,10,24,9,131,43
20260906,r3_d30_t1_w15,308,70,2313,1324,919,1250,18,6,68,8,25,8,131,43
20260906,r3_d30_t1_w15,309,69,2320,1328,923,1255,22,6,67,5,26,5,131,43
20260906,r3_d30_t1_w15,310,67,2326,1329,930,1258,16,5,66,13,26,6,131,43
20260906,r3_d30_t1_w15,311,64,2333,1332,937,1261,16,4,67,13,28,7,131,43
20260906,r3_d30_t1_w15,312,66,2340,1333,941,1264,13,4,65,18,27,7,131,43
20260906,r3_d30_t1_w15,313,66,2348,1336,946,1267,9,4,65,22,24,8,131,43
20260906,r3_d30_t1_w15,314,69,2358,1339,950,1269,11,6,64,19,22,8,131,43
20260906,r3_d30_t1_w15,315,77,2368,1341,950,1271,12,5,65,18,22,9,131,43
20260906,r3_d30_t1_w15,316,84,2378,1343,951,1275,12,4,64,20,21,10,131,43
20260906,r3_d30_t1_w15,317,89,2387,1347,951,1283,11,6,58,25,20,11,131,43
20260906,r3_d30_t1_w15,318,96,2396,1349,951,1293,5,6,50,39,20,13,131,43
20260906,r3_d30_t1_w15,319,94,2401,1353,954,1300,0,6,47,47,19,14,131,43
20260906,r3_d30_t1_w15,320,93,2410,1363,954,1307,0,14,42,44,21,15,131,43
20260906,r3_d30_t1_w15,321,96,2418,1367,955,1309,0,14,44,42,21,16,131,43
20260906,r3_d30_t1_w15,322,94,2426,1377,955,1310,0,14,53,33,21,15,131,43
20260906,r3_d30_t1_w15,323,92,2435,1387,956,1315,1,20,52,27,18,14,131,43
20260906,r3_d30_t1_w15,324,95,2441,1389,957,1321,7,12,56,25,18,15,131,43
20260906,r3_d30_t1_w15,325,97,2449,1390,962,1325,3,3,62,32,17,16,131,43
20260906,r3_d30_t1_w15,326,91,2455,1402,962,1327,4,13,62,21,16,14,131,43
20260906,r3_d30_t1_w15,327,91,2465,1412,962,1328,4,22,62,12,16,13,131,43
20260906,r3_d30_t1_w15,328,99,2474,1413,962,1329,4,11,73,12,16,13,131,43
20260906,r3_d30_t1_w15,329,101,2480,1415,964,1333,6,3,79,12,16,13,131,43
20260906,r3_d30_t1_w15,330,101,2490,1417,972,1337,5,4,76,15,21,13,131,43
20260906,r3_d30_t1_w15,331,100,2499,1419,980,1341,3,4,74,19,23,11,131,43
20260906,r3_d30_t1_w15,332,97,2504,1423,984,1344,2,6,73,19,24,10,131,43
20260906,r3_d30_t1_w15,333,98,2514,1425,991,1349,1,6,70,23,26,9,131,43
20260906,r3_d30_t1_w15,334,101,2520,1426,993,1355,0,3,68,29,28,8,131,43
20260906,r3_d30_t1_w15,335,100,2528,1435,993,1362,0,10,63,27,27,8,121,40
20260906,r3_d30_t1_w15,336,102,2538,1441,995,1369,0,15,57,28,28,8,121,40
20260906,r3_d30_t1_w15,337,95,2545,1455,995,1376,0,20,59,21,30,8,121,40
20260906,r3_d30_t1_w15,338,92,2551,1463,996,1380,5,22,61,12,27,8,121,40
20260906,r3_d30_t1_w15,339,96,2559,1467,996,1389,9,12,66,13,27,8,121,40
20260906,r3_d30_t1_w15,340,98,2567,1469,1000,1391,0,6,72,22,25,9,131,43
20260906,r3_d30_t1_w15,341,97,2574,1477,1000,1394,0,10,73,17,25,9,131,43
20260906,r3_d30_t1_w15,342,96,2582,1479,1007,1398,4,10,71,15,24,10,131,43
20260906,r3_d30_t1_w15,343,93,2589,1481,1015,1405,4,4,72,20,20,11,131,43
20260906,r3_d30_t1_w15,344,93,2599,1486,1020,1409,7,7,70,16,14,13,131,43
20260906,r3_d30_t1_w15,345,100,2608,1488,1020,1411,11,7,70,12,14,15,131,43
20260906,r3_d30_t1_w15,346,103,2618,1490,1025,1414,10,4,72,14,17,12,131,43
20260906,r3_d30_t1_w15,347,105,2624,1493,1026,1421,3,5,67,25,16,13,131,43
20260906,r3_d30_t1_w15,348,100,2629,1499,1030,1423,0,9,67,24,15,14,131,43
20260906,r3_d30_t1_w15,349,99,2637,1502,1036,1428,1,9,65,25,13,13,131,43
20260906,r3_d30_t1_w15,350,103,2647,1502,1042,1430,1,3,69,27,14,14,131,43
20260906,r3_d30_t1_w15,351,101,2655,1506,1048,1432,2,4,70,24,13,13,131,43
20260906,r3_d30_t1_w15,352,103,2663,1509,1051,1444,9,7,58,26,14,13,131,43
20260906,r3_d30_t1_w15,353,107,2673,1510,1056,1449,16,4,57,23,13,13,131,43
20260906,r3_d30_t1_w15,354,104,2679,1516,1059,1455,23,7,54,16,11,14,131,43
20260906,r3_d30_t1_w15,355,101,2684,1518,1065,1460,37,8,50,5,11,13,131,43
20260906,r3_d30_t1_w15,356,101,2689,1520,1068,1464,39,4,52,5,12,13,131,43
20260906,r3_d30_t1_w15,357,102,2696,1521,1073,1471,29,3,47,21,15,13,131,43
20260906,r3_d30_t1_w15,358,100,2703,1525,1078,1478,10,5,42,43,13,13,131,43
20260906,r3_d30_t1_w15,359,93,2709,1533,1083,1481,12,12,40,36,11,12,131,43
20260906,r3_d30_t1_w15,360,91,2715,1536,1088,1485,22,11,40,27,16,11,126,43
20260906,r3_d30_t1_w15,361,89,2720,1536,1095,1491,8,3,42,47,21,11,126,43
20260906,r3_d30_t1_w15,362,82,2727,1546,1099,1493,7,10,43,40,20,9,126,43
20260906,r3_d30_t1_w15,363,75,2734,1559,1100,1498,7,23,38,32,16,9,126,43
20260906,r3_d30_t1_w15,364,78,2744,1560,1106,1500,1,14,46,39,24,9,126,43
20260906,r3_d30_t1_w15,365,69,2751,1569,1113,1503,2,10,56,32,20,8,131,43
20260906,r3_d30_t1_w15,366,65,2756,1572,1119,1506,4,12,54,30,20,8,131,43
20260906,r3_d30_t1_w15,367,59,2764,1580,1125,1506,10,11,63,16,19,7,131,43
20260906,r3_d30_t1_w15,368,50,2774,1589,1135,1510,1,17,62,20,23,7,131,43
20260906,r3_d30_t1_w15,369,48,2779,1590,1141,1512,1,10,68,21,24,7,131,43
20260906,r3_d30_t1_w15,370,46,2788,1601,1141,1515,8,12,74,6,23,5,131,43
20260906,r3_d30_t1_w15,371,53,2796,1601,1142,1517,2,11,73,14,22,7,131,43
20260906,r3_d30_t1_w15,372,52,2802,1604,1146,1522,2,3,79,16,19,7,131,43
20260906,r3_d30_t1_w15,373,51,2811,1607,1153,1525,10,6,76,8,16,7,131,43
20260906,r3_d30_t1_w15,374,50,2816,1608,1158,1529,14,4,75,7,12,8,131,43
20260906,r3_d30_t1_w15,375,59,2826,1609,1158,1533,18,2,74,6,11,9,131,43
20260906,r3_d30_t1_w15,376,64,2832,1610,1158,1539,22,2,69,7,13,9,131,43
20260906,r3_d30_t1_w15,377,73,2842,1611,1158,1545,16,2,64,18,13,10,131,43
20260906,r3_d30_t1_w15,378,78,2850,1614,1158,1555,17,4,55,24,12,11,131,43
20260906,r3_d30_t1_w15,379,80,2857,1619,1158,1560,17,8,51,24,12,11,131,43
20260906,r3_d30_t1_w15,380,82,2866,1626,1158,1565,17,12,49,22,15,11,115,42
20260906,r3_d30_t1_w15,381,88,2874,1628,1158,1570,9,9,49,33,15,12,115,42
20260906,r3_d30_t1_w15,382,94,2883,1631,1158,1574,5,5,52,38,14,15,115,42
20260906,r3_d30_t1_w15,383,101,2892,1633,1158,1576,5,5,52,38,14,16,115,42
20260906,r3_d30_t1_w15,384,101,2898,1639,1158,1584,5,8,47,40,14,16,115,42
20260906,r3_d30_t1_w15,385,101,2908,1649,1158,1585,3,16,48,33,13,16,131,43
20260906,r3_d30_t1_w15,386,101,2913,1652,1160,1589,1,13,50,36,12,14,131,43
20260906,r3_d30_t1_w15,387,102,2922,1657,1163,1595,4,8,54,34,11,15,131,43
20260906,r3_d30_t1_w15,388,102,2929,1664,1163,1599,8,12,53,27,11,14,131,43
20260906,r3_d30_t1_w15,389,106,2939,1666,1167,1602,8,9,55,28,12,15,131,43
20260906,r3_d30_t1_w15,390,101,2945,1669,1175,1605,4,5,59,32,15,15,121,40
20260906,r3_d30_t1_w15,391,101,2951,1674,1176,1608,4,8,58,30,16,15,121,40
20260906,r3_d30_t1_w15,392,97,2957,1676,1184,1611,8,7,58,27,17,15,121,40
20260906,r3_d30_t1_w15,393,87,2964,1688,1189,1614,8,14,60,18,18,13,121,40
20260906,r3_d30_t1_w15,394,79,2972,1702,1191,1617,2,26,59,13,18,12,121,40
20260906,r3_d30_t1_w15,395,77,2978,1706,1195,1621,1,18,67,14,21,12,131,43
20260906,r3_d30_t1_w15,396,75,2984,1707,1202,1627,1,5,75,19,24,12,131,43
20260906,r3_d30_t1_w15,397,75,2993,1711,1207,1629,0,5,77,18,24,10,131,43
20260906,r3_d30_t1_w15,398,74,3002,1716,1212,1635,0,9,72,19,27,7,131,43
20260906,r3_d30_t1_w15,399,75,3011,1720,1216,1637,0,9,74,17,26,8,131,43
20260906,r3_d30_t1_w15,400,65,3016,1727,1224,1640,0,11,76,13,21,8,131,43
20260906,r3_d30_t1_w15,401,65,3021,1728,1228,1644,0,8,76,16,23,8,131,43
20260906,r3_d30_t1_w15,402,60,3026,1730,1236,1649,4,3,78,15,23,8,131,43
20260906,r3_d30_t1_w15,403,57,3031,1734,1240,1654,5,6,74,15,20,9,131,43
20260906,r3_d30_t1_w15,404,53,3040,1739,1248,1659,7,9,71,13,14,9,131,43
20260906,r3_d30_t1_w15,405,56,3046,1742,1248,1667,10,8,67,15,13,9,131,43
20260906,r3_d30_t1_w15,406,58,3054,1748,1248,1674,15,9,65,11,13,9,131,43
20260906,r3_d30_t1_w15,407,63,3060,1749,1248,1679,7,7,63,23,12,11,131,43
20260906,r3_d30_t1_w15,408,66,3066,1752,1248,1686,9,4,62,25,10,11,131,43
20260906,r3_d30_t1_w15,409,73,3074,1753,1248,1689,20,4,60,16,10,12,131,43
20260906,r3_d30_t1_w15,410,80,3084,1756,1248,1694,26,4,58,12,11,12,131,43
20260906,r3_d30_t1_w15,411,89,3094,1757,1248,1696,18,4,57,21,12,14,131,43
20260906,r3_d30_t1_w15,412,92,3102,1761,1249,1706,19,5,50,26,11,15,131,43
20260906,r3_d30_t1_w15,413,93,3109,1763,1253,1715,29,6,42,23,12,16,131,43
20260906,r3_d30_t1_w15,414,88,3114,1766,1260,1721,22,5,40,33,12,15,131,43
20260906,r3_d30_t1_w15,415,86,3119,1769,1264,1725,20,6,38,36,10,14,131,43
20260906,r3_d30_t1_w15,416,90,3126,1771,1265,1726,24,5,40,31,10,14,131,43
20260906,r3_d30_t1_w15,417,95,3135,1773,1267,1731,41,4,38,17,13,14,131,43
20260906,r3_d30_t1_w15,418,101,3145,1777,1267,1734,39,6,37,18,15,14,131,43
20260906,r3_d30_t1_w15,419,100,3155,1782,1273,1736,29,9,37,25,11,14,131,43
20260906,r3_d30_t1_w15,420,100,3161,1785,1276,1738,15,8,39,38,15,14,131,43
20260906,r3_d30_t1_w15,421,100,3167,1785,1282,1742,24,3,40,33,19,14,131,43
20260906,r3_d30_t1_w15,422,96,3176,1795,1285,1745,33,10,40,17,22,14,131,43
20260906,r3_d30_t1_w15,423,98,3186,1801,1287,1746,33,16,39,12,22,12,131,43
20260906,r3_d30_t1_w15,424,95,3192,1802,1295,1749,33,7,46,14,22,10,131,43
20260906,r3_d30_t1_w15,425,97,3202,1802,1303,1751,33,1,50,16,25,9,131,43
20260906,r3_d30_t1_w15,426,95,3211,1813,1303,1754,24,11,48,17,25,8,131,43
20260906,r3_d30_t1_w15,427,97,3220,1817,1306,1757,17,15,45,23,25,8,131,43
20260906,r3_d30_t1_w15,428,100,3230,1819,1311,1757,16,6,56,22,25,8,131,43
20260906,r3_d30_t1_w15,429,101,3235,1820,1314,1761,17,3,56,24,25,9,131,43
20260906,r3_d30_t1_w15,430,93,3241,1830,1318,1763,17,11,56,16,23,9,131,43
20260906,r3_d30_t1_w15,431,83,3247,1841,1323,1763,16,21,57,6,24,10,131,43
20260906,r3_d30_t1_w15,432,81,3252,1842,1329,1766,7,12,64,17,24,11,131,43
20260906,r3_d30_t1_w15,433,76,3257,1844,1337,1771,4,3,70,23,23,11,131,43
20260906,r3_d30_t1_w15,434,72,3266,1849,1345,1776,13,7,66,14,18,10,131,43
20260906,r3_d30_t1_w15,435,78,3274,1851,1345,1779,16,7,65,12,18,11,131,43
20260906,r3_d30_t1_w15,436,79,3280,1855,1346,1783,14,6,66,14,15,12,131,43
20260906,r3_d30_t1_w15,437,84,3286,1855,1347,1788,17,4,63,16,14,13,131,43
20260906,r3_d30_t1_w15,438,89,3296,1860,1347,1792,18,5,63,14,12,13,131,43
20260906,r3_d30_t1_w15,439,95,3302,1860,1347,1794,18,5,61,16,13,13,131,43
20260906,r3_d30_t1_w15,440,94,3308,1861,1353,1799,20,1,61,18,13,13,131,43
20260906,r3_d30_t1_w15,441,91,3316,1870,1355,1803,18,10,57,15,12,12,131,43
20260906,r3_d30_t1_w15,442,92,3326,1872,1362,1813,20,11,48,21,10,13,131,43
20260906,r3_d30_t1_w15,443,93,3336,1875,1368,1816,20,5,54,21,11,13,131,43
20260906,r3_d30_t1_w15,444,91,3341,1877,1373,1818,22,5,54,19,11,13,131,43
20260906,r3_d30_t1_w15,445,92,3349,1882,1375,1823,17,7,52,24,12,15,121,40
20260906,r3_d30_t1_w15,446,95,3357,1883,1379,1825,16,6,52,26,12,15,121,40
20260906,r3_d30_t1_w15,447,93,3362,1890,1379,1828,14,8,54,24,12,13,121,40
20260906,r3_d30_t1_w15,448,99,3372,1893,1380,1833,11,10,50,29,13,13,121,40
20260906,r3_d30_t1_w15,449,96,3377,1900,1381,1834,2,10,56,32,14,13,121,40
20260906,r3_d30_t1_w15,450,97,3387,1909,1381,1843,1,16,50,33,18,12,131,43
20260906,r3_d30_t1_w15,451,100,3396,1911,1385,1848,2,11,52,35,21,12,131,43
20260906,r3_d30_t1_w15,452,97,3403,1918,1388,1853,2,9,56,33,20,11,131,43
20260906,r3_d30_t1_w15,453,87,3408,1926,1395,1855,0,15,56,29,20,10,131,43
20260906,r3_d30_t1_w15,454,83,3416,1934,1399,1856,10,16,62,12,20,9,131,43
20260906,r3_d30_t1_w15,455,80,3425,1941,1404,1859,13,15,67,5,22,8,131,43
20260906,r3_d30_t1_w15,456,80,3433,1942,1411,1863,3,8,71,18,22,7,131,43
20260906,r3_d30_t1_w15,457,77,3443,1946,1420,1870,0,5,71,24,20,7,131,43
20260906,r3_d30_t1_w15,458,76,3453,1950,1427,1872,10,8,70,12,22,7,131,43
20260906,r3_d30_t1_w15,459,79,3462,1954,1429,1874,16,8,72,4,25,9,131,43
20260906,r3_d30_t1_w15,460,79,3470,1957,1434,1878,13,7,72,8,26,10,131,43
20260906,r3_d30_t1_w15,461,80,3479,1958,1441,1882,0,4,72,24,28,10,131,43
20260906,r3_d30_t1_w15,462,83,3489,1962,1444,1890,0,5,67,28,24,14,131,43
20260906,r3_d30_t1_w15,463,82,3499,1966,1451,1893,0,8,65,27,20,14,131,43
20260906,r3_d30_t1_w15,464,83,3505,1970,1452,1898,6,8,64,22,19,14,131,43
20260906,r3_d30_t1_w15,465,88,3514,1974,1452,1903,14,8,63,15,16,16,131,43
20260906,r3_d30_t1_w15,466,96,3524,1976,1452,1912,16,6,58,20,15,17,131,43
20260906,r3_d30_t1_w15,467,100,3531,1979,1452,1915,20,5,59,16,14,17,131,43
20260906,r3_d30_t1_w15,468,105,3540,1983,1452,1921,24,7,55,14,13,18,131,43
20260906,r3_d30_t1_w15,469,108,3547,1987,1452,1925,24,8,54,14,14,18,131,43
20260906,r3_d30_t1_w15,470,109,3554,1993,1452,1927,24,10,56,10,14,16,131,43
20260906,r3_d30_t1_w15,471,108,3562,1999,1455,1937,26,12,50,12,14,16,131,43
20260906,r3_d30_t1_w15,472,105,3568,2001,1462,1941,16,8,52,24,14,16,131,43
20260906,r3_d30_t1_w15,473,101,3575,2007,1467,1948,7,8,51,34,14,14,131,43
20260906,r3_d30_t1_w15,474,99,3581,2011,1471,1951,4,10,50,36,13,13,131,43
20260906,r3_d30_t1_w15,475,99,3588,2016,1473,1953,11,9,54,26,14,14,131,43
20260906,r3_d30_t1_w15,476,99,3595,2017,1479,1959,7,6,52,35,14,13,131,43
20260906,r3_d30_t1_w15,477,95,3603,2020,1488,1962,4,4,54,38,12,14,131,43
20260906,r3_d30_t1_w15,478,91,3609,2023,1495,1965,21,6,52,21,12,14,131,43
20260906,r3_d30_t1_w15,479,93,3614,2024,1497,1970,17,4,50,29,13,14,131,43
20260906,r3_d30_t1_w15,480,87,3620,2029,1504,1973,11,6,50,33,13,14,131,43
20260906,r3_d30_t1_w15,481,81,3625,2032,1512,1973,14,8,51,27,15,13,131,43
20260906,r3_d30_t1_w15,482,80,3630,2033,1517,1975,15,4,54,27,17,13,131,43
20260906,r3_d30_t1_w15,483,76,3638,2037,1525,1979,14,5,53,28,20,9,131,43
20260906,r3_d30_t1_w15,484,67,3648,2052,1529,1980,4,19,53,24,23,8,131,43
20260906,r3_d30_t1_w15,485,64,3658,2060,1534,1983,0,23,54,23,23,8,131,43
20260906,r3_d30_t1_w15,486,65,3667,2063,1539,1987,8,11,65,16,27,8,131,43
20260906,r3_d30_t1_w15,487,65,3675,2067,1543,1991,7,7,69,17,24,8,131,43
20260906,r3_d30_t1_w15,488,64,3683,2070,1549,1993,7,7,70,16,21,8,131,43
20260906,r3_d30_t1_w15,489,58,3689,2077,1554,1999,10,10,68,12,22,7,131,43
20260906,r3_d30_t1_w15,490,62,3699,2079,1558,2003,10,9,67,14,22,8,126,43
20260906,r3_d30_t1_w15,491,59,3706,2083,1564,2009,13,6,68,13,19,9,126,43
20260906,r3_d30_t1_w15,492,56,3713,2086,1571,2013,11,7,66,16,16,10,126,43
20260906,r3_d30_t1_w15,493,56,3718,2088,1574,2020,12,5,63,20,16,10,126,43
20260906,r3_d30_t1_w15,494,59,3728,2091,1578,2023,8,5,63,24,11,12,126,43
20260906,r3_d30_t1_w15,495,65,3738,2095,1578,2026,14,7,62,17,13,11,131,43
20260906,r3_d30_t1_w15,496,70,3745,2097,1578,2032,6,6,59,29,15,11,131,43
20260906,r3_d30_t1_w15,497,73,3755,2104,1578,2037,4,9,58,29,13,13,131,43
20260906,r3_d30_t1_w15,498,81,3765,2106,1578,2039,4,9,58,29,12,15,131,43
20260906,r3_d30_t1_w15,499,87,3773,2108,1578,2044,5,4,60,31,12,15,131,43
20260906,r3_d30_t1_w15,500,90,3781,2113,1578,2051,15,7,55,23,14,14,131,43
20260906,r3_d30_t1_w15,501,89,3786,2119,1578,2055,17,11,53,19,11,14,131,43
20260906,r3_d30_t1_w15,502,94,3793,2121,1578,2062,33,8,51,8,13,14,131,43
20260906,r3_d30_t1_w15,503,96,3799,2121,1582,2066,20,2,53,25,14,15,131,43
20260906,r3_d30_t1_w15,504,99,3809,2126,1584,2071,11,5,50,34,14,16,131,43
20260906,r3_d30_t1_w15,505,95,3814,2126,1593,2075,10,5,46,39,15,17,131,43
20260906,r3_d30_t1_w15,506,95,3821,2128,1598,2080,10,2,46,42,15,18,131,43
20260906,r3_d30_t1_w15,507,94,3828,2131,1603,2084,21,5,42,32,14,19,131,43
20260906,r3_d30_t1_w15,508,99,3838,2133,1606,2087,19,5,41,35,17,20,131,43
20260906,r3_d30_t1_w15,509,94,3845,2140,1611,2091,7,9,40,44,15,21,131,43
20260906,r3_d30_t1_w15,510,90,3853,2146,1617,2095,5,13,38,44,17,20,131,43
20260906,r3_d30_t1_w15,511,89,3859,2148,1622,2097,21,8,43,28,17,18,131,43
20260906,r3_d30_t1_w15,512,84,3864,2151,1629,2101,25,5,45,25,18,18,131,43
20260906,r3_d30_t1_w15,513,83,3874,2154,1637,2103,13,6,45,36,22,17,131,43
20260906,r3_d30_t1_w15,514,81,3880,2160,1639,2104,0,9,47,44,23,17,131,43
20260906,r3_d30_t1_w15,515,78,3889,2167,1644,2107,0,13,47,40,22,13,131,43
20260906,r3_d30_t1_w15,516,80,3898,2170,1648,2110,0,10,50,40,24,12,131,43
20260906,r3_d30_t1_w15,517,82,3904,2170,1652,2113,1,3,54,42,25,11,131,43
20260906,r3_d30_t1_w15,518,65,3909,2192,1652,2118,0,22,52,26,23,8,131,43
20260906,r3_d30_t1_w15,519,64,3919,2203,1652,2121,5,33,49,13,25,7,131,43
20260906,r3_d30_t1_w15,520,67,3924,2205,1652,2124,2,13,68,17,26,7,101,38
20260906,r3_d30_t1_w15,521,67,3933,2210,1656,2128,1,7,75,17,28,7,101,38
20260906,r3_d30_t1_w15,522,64,3938,2214,1660,2129,1,9,76,14,27,8,101,38
20260906,r3_d30_t1_w15,523,61,3943,2218,1664,2131,1,8,79,12,25,8,101,38
20260906,r3_d30_t1_w15,524,58,3949,2221,1670,2136,1,7,78,14,17,8,101,38
20260906,r3_d30_t1_w15,525,62,3954,2222,1670,2140,1,4,78,17,16,8,126,43
20260906,r3_d30_t1_w15,526,70,3964,2224,1670,2141,1,3,80,16,16,9,126,43
20260906,r3_d30_t1_w15,527,72,3969,2227,1670,2146,2,5,76,17,15,9,126,43
20260906,r3_d30_t1_w15,528,77,3977,2230,1670,2150,1,6,74,19,14,11,126,43
20260906,r3_d30_t1_w15,529,82,3984,2232,1670,2157,4,5,70,21,14,12,126,43
20260906,r3_d30_t1_w15,530,79,3990,2236,1675,2162,7,6,68,19,13,11,131,43
20260906,r3_d30_t1_w15,531,83,4000,2238,1679,2168,7,6,64,23,15,10,131,43
20260906,r3_d30_t1_w15,532,82,4006,2241,1683,2173,0,5,63,32,15,9,131,43
20260906,r3_d30_t1_w15,533,78,4011,2245,1688,2184,3,7,54,36,13,11,131,43
20260906,r3_d30_t1_w15,534,81,4021,2247,1693,2190,2,6,51,41,14,12,131,43
20260906,r3_d30_t1_w15,535,85,4030,2250,1695,2192,6,5,53,36,16,13,131,43
20260906,r3_d30_t1_w15,536,87,4038,2255,1696,2202,11,8,45,36,13,13,131,43
20260906,r3_d30_t1_w15,537,89,4044,2258,1697,2207,7,8,43,42,14,13,131,43
20260906,r3_d30_t1_w15,538,90,4052,2261,1701,2210,13,6,45,36,11,13,131,43
20260906,r3_d30_t1_w15,539,91,4061,2263,1707,2214,18,5,44,33,10,13,131,43
20260906,r3_d30_t1_w15,540,95,4070,2264,1711,2218,10,3,43,44,16,12,131,43
20260906,r3_d30_t1_w15,541,94,4079,2269,1716,2221,1,6,42,51,20,11,131,43
20260906,r3_d30_t1_w15,542,84,4088,2288,1716,2225,0,24,39,37,21,10,131,43
20260906,r3_d30_t1_w15,543,72,4093,2305,1716,2227,2,36,42,20,15,10,131,43
20260906,r3_d30_t1_w15,544,66,4101,2315,1720,2231,3,27,57,13,15,10,131,43
20260906,r3_d30_t1_w15,545,69,4109,2316,1724,2237,0,11,68,21,21,10,131,43
20260906,r3_d30_t1_w15,546,62,4115,2322,1731,2239,0,7,76,17,18,9,131,43
20260906,r3_d30_t1_w15,547,66,4123,2322,1735,2241,2,6,75,17,22,8,131,43
20260906,r3_d30_t1_w15,548,69,4130,2322,1739,2243,0,0,79,21,23,7,131,43
20260906,r3_d30_t1_w15,549,60,4140,2334,1746,2247,0,12,75,13,22,6,131,43
20260906,r3_d30_t1_w15,550,60,4149,2337,1752,2251,1,15,71,13,23,6,126,43
20260906,r3_d30_t1_w15,551,57,4154,2342,1755,2253,1,8,81,10,24,7,126,43
20260906,r3_d30_t1_w15,552,59,4162,2345,1758,2257,1,8,80,11,22,7,126,43
20260906,r3_d30_t1_w15,553,58,4169,2345,1766,2264,0,3,78,19,22,7,126,43
20260906,r3_d30_t1_w15,554,56,4176,2349,1771,2268,0,4,77,19,16,7,126,43
20260906,r3_d30_t1_w15,555,58,4183,2354,1771,2271,4,9,74,13,15,8,131,43
20260906,r3_d30_t1_w15,556,67,4192,2354,1771,2276,8,5,73,14,18,8,131,43
20260906,r3_d30_t1_w15,557,70,4198,2357,1771,2280,3,3,74,20,18,9,131,43
20260906,r3_d30_t1_w15,558,75,4208,2362,1771,2283,3,8,71,18,17,10,131,43
20260906,r3_d30_t1_w15,559,77,4213,2365,1771,2296,11,8,61,20,15,10,131,43
20260906,r3_d30_t1_w15,560,80,4221,2370,1771,2305,14,8,57,21,14,10,131,43
20260906,r3_d30_t1_w15,561,86,4231,2374,1771,2311,10,9,54,27,12,12,131,43
20260906,r3_d30_t1_w15,562,87,4238,2380,1771,2316,11,10,54,25,10,12,131,43
20260906,r3_d30_t1_w15,563,89,4243,2383,1771,2320,24,9,54,13,12,13,131,43
20260906,r3_d30_t1_w15,564,91,4250,2386,1773,2325,24,6,55,15,13,14,131,43
20260906,r3_d30_t1_w15,565,87,4257,2392,1778,2327,16,9,56,19,12,14,131,43
20260906,r3_d30_t1_w15,566,89,4262,2394,1779,2334,25,8,52,15,12,14,131,43
20260906,r3_d30_t1_w15,567,89,4269,2395,1785,2336,22,3,56,19,14,13,131,43
20260906,r3_d30_t1_w15,568,89,4274,2398,1787,2343,16,4,51,29,14,12,131,43
20260906,r3_d30_t1_w15,569,90,4284,2402,1792,2345,5,7,50,38,13,14,131,43
20260906,r3_d30_t1_w15,570,88,4289,2405,1796,2350,11,7,48,34,14,14,121,43
20260906,r3_d30_t1_w15,571,90,4297,2406,1801,2353,25,4,49,22,18,13,121,43
20260906,r3_d30_t1_w15,572,89,4305,2413,1803,2357,28,8,48,16,22,13,121,43
20260906,r3_d30_t1_w15,573,76,4310,2424,1810,2363,22,18,43,17,20,13,121,43
20260906,r3_d30_t1_w15,574,78,4320,2428,1814,2366,8,15,47,30,24,12,121,43
20260906,r3_d30_t1_w15,575,80,4329,2432,1817,2368,4,8,56,32,24,10,131,43
20260906,r3_d30_t1_w15,576,73,4336,2437,1826,2371,3,9,57,31,24,9,131,43
20260906,r3_d30_t1_w15,577,72,4342,2439,1831,2377,0,7,55,38,24,7,131,43
20260906,r3_d30_t1_w15,578,72,4347,2441,1834,2378,0,4,59,37,22,7,131,43
20260906,r3_d30_t1_w15,579,70,4356,2448,1838,2381,5,9,58,28,24,6,131,43
20260906,r3_d30_t1_w15,580,67,4366,2461,1838,2383,0,20,58,22,27,7,131,43
20260906,r3_d30_t1_w15,581,63,4373,2472,1838,2389,0,24,59,17,25,7,131,43
20260906,r3_d30_t1_w15,582,66,4382,2478,1838,2395,0,17,66,17,24,9,131,43
20260906,r3_d30_t1_w15,583,69,4392,2482,1841,2397,0,10,75,15,21,10,131,43
20260906,r3_d30_t1_w15,584,68,4402,2485,1849,2405,0,7,73,20,18,11,131,43
20260906,r3_d30_t1_w15,585,71,4409,2489,1849,2410,0,7,72,21,17,12,131,43
20260906,r3_d30_t1_w15,586,71,4415,2495,1849,2413,1,10,72,17,14,13,131,43
20260906,r3_d30_t1_w15,587,77,4424,2497,1850,2417,4,8,72,16,12,13,131,43
20260906,r3_d30_t1_w15,588,76,4430,2504,1850,2420,4,9,75,12,13,13,131,43
20260906,r3_d30_t1_w15,589,81,4439,2508,1850,2424,7,11,73,9,12,15,131,43
20260906,r3_d30_t1_w15,590,91,4449,2508,1850,2430,13,4,74,9,15,16,131,43
20260906,r3_d30_t1_w15,591,95,4455,2510,1850,2436,12,2,72,14,14,17,131,43
20260906,r3_d30_t1_w15,592,94,4461,2517,1850,2441,12,9,67,12,12,18,131,43
20260906,r3_d30_t1_w15,593,100,4470,2518,1852,2445,13,8,65,14,13,19,131,43
20260906,r3_d30_t1_w15,594,105,4480,2520,1855,2455,16,3,62,19,15,19,131,43
20260906,r3_d30_t1_w15,595,105,4487,2524,1858,2461,13,6,57,24,15,19,131,43
20260906,r3_d30_t1_w15,596,104,4493,2526,1863,2469,6,6,51,37,17,18,131,43
20260906,r3_d30_t1_w15,597,98,4499,2534,1867,2470,8,10,54,28,14,15,131,43
20260906,r3_d30_t1_w15,598,98,4509,2542,1869,2472,5,16,54,25,15,14,131,43
20260906,r3_d30_t1_w15,599,100,4519,2545,1874,2482,2,11,52,35,17,15,131,43
20260906,r3_d30_t1_w15,600,102,4528,2552,1874,2486,3,10,56,31,22,14,121,40
20260906,r6_d30_t1_w15,1,5,8,3,0,0,92,3,0,5,4,2,131,43
20260906,r6_d30_t1_w15,2,11,14,3,0,0,55,3,0,42,8,3,131,43
20260906,r6_d30_t1_w15,3,11,19,8,0,0,53,5,3,39,8,3,131,43
20260906,r6_d30_t1_w15,4,1,29,28,0,0,69,25,3,3,1,1,131,43
20260906,r6_d30_t1_w15,5,6,38,32,0,0,57,24,8,11,5,2,131,43
20260906,r6_d30_t1_w15,6,10,43,33,0,0,46,5,28,21,7,2,131,43
20260906,r6_d30_t1_w15,7,19,52,33,0,0,40,1,32,27,13,3,131,43
20260906,r6_d30_t1_w15,8,27,62,35,0,0,19,2,33,46,14,6,131,43
20260906,r6_d30_t1_w15,9,18,67,49,0,0,0,16,33,51,11,3,131,43
20260906,r6_d30_t1_w15,10,15,74,59,0,0,10,24,35,31,10,4,131,43
20260906,r6_d30_t1_w15,11,24,84,60,0,0,27,11,49,13,11,5,131,43
20260906,r6_d30_t1_w15,12,34,94,60,0,0,25,1,59,15,14,6,131,43
20260906,r6_d30_t1_w15,13,40,101,61,0,1,7,1,59,33,13,7,131,43
20260906,r6_d30_t1_w15,14,43,106,63,0,1,0,3,59,38,14,7,131,43
20260906,r6_d30_t1_w15,15,48,112,64,0,4,10,3,57,30,15,7,131,43
20260906,r6_d30_t1_w15,16,56,122,66,0,8,15,3,55,27,15,8,131,43
20260906,r6_d30_t1_w15,17,59,129,70,0,9,7,6,55,32,13,9,131,43
20260906,r6_d30_t1_w15,18,59,134,75,0,11,4,9,55,32,12,10,131,43
20260906,r6_d30_t1_w15,19,64,139,75,0,13,15,5,57,23,13,11,131,43
20260906,r6_d30_t1_w15,20,61,146,85,0,18,21,10,57,12,13,10,121,40
20260906,r6_d30_t1_w15,21,59,153,94,0,25,19,19,50,12,15,11,121,40
20260906,r6_d30_t1_w15,22,62,159,97,0,33,18,12,52,18,14,11,121,40
20260906,r6_d30_t1_w15,23,63,164,101,0,40,16,7,54,23,11,12,121,40
20260906,r6_d30_t1_w15,24,66,172,106,0,45,18,9,52,21,11,13,121,40
20260906,r6_d30_t1_w15,25,75,182,107,0,48,21,6,53,20,13,14,126,43
20260906,r6_d30_t1_w15,26,75,188,113,0,50,17,7,56,20,13,13,126,43
20260906,r6_d30_t1_w15,27,81,198,117,0,53,9,10,54,27,11,13,126,43
20260906,r6_d30_t1_w15,28,83,204,118,3,55,9,5,58,28,14,12,126,43
20260906,r6_d30_t1_w15,29,82,214,129,3,57,2,12,60,26,13,12,126,43
20260906,r6_d30_t1_w15,30,84,221,134,3,59,1,16,59,24,16,12,131,43
20260906,r6_d30_t1_w15,31,88,227,136,3,65,3,7,64,26,18,12,131,43
20260906,r6_d30_t1_w15,32,88,234,138,8,69,2,4,65,29,20,12,131,43
20260906,r6_d30_t1_w15,33,77,244,157,10,75,1,21,61,17,22,12,131,43
20260906,r6_d30_t1_w15,34,73,251,166,12,80,2,28,58,12,19,12,131,43
20260906,r6_d30_t1_w15,35,76,261,168,17,82,1,11,75,13,21,10,131,43
20260906,r6_d30_t1_w15,36,76,270,172,22,85,1,6,81,12,20,8,131,43
20260906,r6_d30_t1_w15,37,74,275,174,27,89,5,6,79,10,18,8,131,43
20260906,r6_d30_t1_w15,38,78,284,174,32,94,5,2,78,15,19,8,131,43
20260906,r6_d30_t1_w15,39,77,293,182,34,99,3,8,75,14,20,9,131,43
20260906,r6_d30_t1_w15,40,76,302,190,36,102,3,16,72,9,18,9,131,43
20260906,r6_d30_t1_w15,41,77,307,193,37,103,4,11,79,6,17,9,131,43
20260906,r6_d30_t1_w15,42,75,317,196,46,115,7,6,75,12,18,11,131,43
20260906,r6_d30_t1_w15,43,84,327,197,46,122,11,4,71,14,19,12,131,43
20260906,r6_d30_t1_w15,44,80,336,206,50,128,6,10,68,16,11,12,131,43
20260906,r6_d30_t1_w15,45,87,346,209,50,134,11,12,63,14,9,15,131,43
20260906,r6_d30_t1_w15,46,91,352,211,50,140,21,5,66,8,10,15,131,43
20260906,r6_d30_t1_w15,47,97,359,212,50,144,16,3,65,16,10,16,131,43
20260906,r6_d30_t1_w15,48,97,364,217,50,150,13,6,61,20,12,16,131,43
20260906,r6_d30_t1_w15,49,105,374,219,50,155,17,7,57,19,14,18,131,43
20260906,r6_d30_t1_w15,50,108,380,222,50,159,13,5,58,24,13,18,126,43
20260906,r6_d30_t1_w15,51,109,389,224,56,160,9,5,59,27,14,16,126,43
20260906,r6_d30_t1_w15,52,112,399,227,60,165,7,5,57,31,15,16,126,43
20260906,r6_d30_t1_w15,53,107,405,231,67,173,3,7,51,39,13,15,126,43
20260906,r6_d30_t1_w15,54,106,415,235,74,176,0,8,51,41,11,15,126,43
20260906,r6_d30_t1_w15,55,106,425,236,83,179,7,5,52,36,12,16,131,43
20260906,r6_d30_t1_w15,56,101,434,250,83,185,8,15,50,27,12,15,131,43
20260906,r6_d30_t1_w15,57,98,440,259,83,189,8,23,47,22,13,14,131,43
20260906,r6_d30_t1_w15,58,99,445,263,83,194,9,13,56,22,13,14,131,43
20260906,r6_d30_t1_w15,59,96,451,267,88,203,9,8,56,27,13,13,131,43
20260906,r6_d30_t1_w15,60,92,460,270,98,207,7,7,56,30,19,12,131,43
20260906,r6_d30_t1_w15,61,92,467,277,98,208,0,10,59,31,20,11,131,43
20260906,r6_d30_t1_w15,62,90,475,280,105,209,0,10,61,29,22,10,131,43
20260906,r6_d30_t1_w15,63,91,480,282,107,209,0,5,68,27,23,10,131,43
20260906,r6_d30_t1_w15,64,87,490,293,110,213,0,13,67,20,24,10,131,43
20260906,r6_d30_t1_w15,65,79,497,303,115,217,0,21,65,14,23,10,131,43
20260906,r6_d30_t1_w15,66,74,503,308,121,220,0,15,73,12,21,9,131,43
20260906,r6_d30_t1_w15,67,73,509,308,128,225,2,5,78,15,23,8,131,43
20260906,r6_d30_t1_w15,68,74,518,311,133,231,2,3,77,18,24,8,131,43
20260906,r6_d30_t1_w15,69,70,525,318,137,235,0,10,73,17,27,6,131,43
20260906,r6_d30_t1_w15,70,67,534,324,143,240,0,13,71,16,29,7,131,43
20260906,r6_d30_t1_w15,71,68,544,326,150,244,0,8,74,18,26,8,131,43
20260906,r6_d30_t1_w15,72,71,553,328,154,249,0,4,75,21,24,9,131,43
20260906,r6_d30_t1_w15,73,70,560,333,157,256,0,7,70,23,21,10,131,43
20260906,r6_d30_t1_w15,74,73,568,337,158,260,0,9,68,23,18,11,131,43
20260906,r6_d30_t1_w15,75,73,576,345,158,267,7,12,66,15,16,11,131,43
20260906,r6_d30_t1_w15,76,75,584,351,158,275,12,14,62,12,16,11,131,43
20260906,r6_d30_t1_w15,77,77,591,356,158,280,12,11,65,12,16,11,131,43
20260906,r6_d30_t1_w15,78,83,600,359,158,288,5,8,63,24,19,11,131,43
20260906,r6_d30_t1_w15,79,89,608,361,158,294,3,5,62,30,18,11,131,43
20260906,r6_d30_t1_w15,80,92,618,368,158,299,10,9,60,21,23,12,131,43
20260906,r6_d30_t1_w15,81,94,627,374,159,301,5,13,60,22,19,11,131,43
20260906,r6_d30_t1_w15,82,92,632,380,160,305,0,12,63,25,16,11,131,43
20260906,r6_d30_t1_w15,83,96,641,381,164,308,10,7,66,17,17,12,131,43
20260906,r6_d30_t1_w15,84,101,649,382,166,314,16,2,66,16,17,14,131,43
20260906,r6_d30_t1_w15,85,104,659,385,170,316,18,4,65,13,15,15,131,43
20260906,r6_d30_t1_w15,86,103,669,388,178,322,16,6,60,18,17,15,131,43
20260906,r6_d30_t1_w15,87,102,679,393,184,328,14,8,57,21,18,13,131,43
20260906,r6_d30_t1_w15,88,103,686,399,184,335,8,11,53,28,20,14,131,43
20260906,r6_d30_t1_w15,89,98,691,404,189,343,0,11,50,39,17,13,131,43
20260906,r6_d30_t1_w15,90,100,701,405,196,345,10,6,54,30,23,11,131,43
20260906,r6_d30_t1_w15,91,98,708,411,199,352,14,7,52,27,24,11,131,43
20260906,r6_d30_t1_w15,92,96,716,417,203,356,11,12,49,28,24,11,131,43
20260906,r6_d30_t1_w15,93,88,724,430,206,358,1,19,53,27,23,11,131,43
20260906,r6_d30_t1_w15,94,83,733,437,213,360,0,20,57,23,22,10,131,43
20260906,r6_d30_t1_w15,95,86,742,440,216,363,0,10,67,23,22,10,131,43
20260906,r6_d30_t1_w15,96,81,747,441,225,370,1,4,67,28,23,10,131,43
20260906,r6_d30_t1_w15,97,84,755,444,227,372,11,4,68,17,22,10,131,43
20260906,r6_d30_t1_w15,98,82,763,454,227,378,15,13,63,9,23,8,131,43
20260906,r6_d30_t1_w15,99,80,771,457,234,381,4,13,63,20,25,9,131,43
20260906,r6_d30_t1_w15,100,73,779,465,241,384,2,11,70,17,21,9,121,40
20260906,r6_d30_t1_w15,101,75,789,467,247,386,0,10,71,19,25,11,121,40
20260906,r6_d30_t1_w15,102,75,796,469,252,388,0,4,77,19,26,13,121,40
20260906,r6_d30_t1_w15,103,72,802,473,257,394,0,6,73,21,21,13,121,40
20260906,r6_d30_t1_w15,104,77,812,475,260,399,0,6,70,24,17,13,121,40
20260906,r6_d30_t1_w15,105,74,822,488,260,403,0,15,70,15,15,12,131,43
20260906,r6_d30_t1_w15,106,76,830,494,260,406,3,19,69,9,14,12,131,43
20260906,r6_d30_t1_w15,107,83,839,496,260,412,6,8,76,10,15,13,131,43
20260906,r6_d30_t1_w15,108,89,846,497,260,419,0,3,75,22,15,13,131,43
20260906,r6_d30_t1_w15,109,93,856,503,260,425,2,7,71,20,14,15,131,43
20260906,r6_d30_t1_w15,110,94,863,509,260,431,4,12,66,18,12,16,131,43
20260906,r6_d30_t1_w15,111,98,871,513,260,437,6,10,66,18,12,16,131,43
20260906,r6_d30_t1_w15,112,101,878,515,262,442,6,6,67,21,15,16,131,43
20260906,r6_d30_t1_w15,113,98,883,517,268,448,5,4,65,26,13,15,131,43
20260906,r6_d30_t1_w15,114,98,892,524,270,451,10,9,64,17,12,15,131,43
20260906,r6_d30_t1_w15,115,97,900,528,275,457,19,11,60,10,11,16,131,43
20260906,r6_d30_t1_w15,116,100,910,532,278,462,21,8,62,9,11,16,131,43
20260906,r6_d30_t1_w15,117,101,915,534,280,466,14,6,62,18,11,16,131,43
20260906,r6_d30_t1_w15,118,104,925,537,284,471,11,5,61,23,10,17,131,43
20260906,r6_d30_t1_w15,119,104,934,537,293,474,25,3,60,12,12,15,131,43
20260906,r6_d30_t1_w15,120,102,941,538,301,477,18,1,60,21,18,14,131,43
20260906,r6_d30_t1_w15,121,100,948,542,306,485,8,5,52,35,18,14,131,43
20260906,r6_d30_t1_w15,122,93,955,551,311,491,21,13,47,19,15,13,131,43
20260906,r6_d30_t1_w15,123,90,964,559,315,497,28,17,45,10,17,12,131,43
20260906,r6_d30_t1_w15,124,87,971,562,322,500,23,11,51,15,18,11,131,43
20260906,r6_d30_t1_w15,125,83,979,569,327,503,25,10,56,9,22,11,121,40
20260906,r6_d30_t1_w15,126,85,989,572,332,507,21,10,55,14,22,10,121,40
20260906,r6_d30_t1_w15,127,84,995,576,335,519,22,7,50,21,21,9,121,40
20260906,r6_d30_t1_w15,128,83,1000,578,339,519,22,6,53,19,20,8,121,40
20260906,r6_d30_t1_w15,129,83,1008,582,343,523,24,6,53,17,19,9,121,40
20260906,r6_d30_t1_w15,130,82,1014,582,350,527,36,4,51,9,20,9,131,43
20260906,r6_d30_t1_w15,131,81,1023,586,356,531,40,4,51,5,22,10,131,43
20260906,r6_d30_t1_w15,132,81,1029,588,360,533,34,6,49,11,23,11,131,43
20260906,r6_d30_t1_w15,133,75,1035,591,369,537,23,5,49,23,20,13,131,43
20260906,r6_d30_t1_w15,134,75,1045,595,375,540,22,7,48,23,13,14,131,43
20260906,r6_d30_t1_w15,135,77,1053,601,375,544,28,10,47,15,13,14,131,43
20260906,r6_d30_t1_w15,136,85,1062,602,375,545,29,7,50,14,14,17,131,43
20260906,r6_d30_t1_w15,137,91,1071,605,375,551,35,4,50,11,13,17,131,43
20260906,r6_d30_t1_w15,138,91,1076,610,375,553,36,8,49,7,12,17,131,43
20260906,r6_d30_t1_w15,139,99,1086,612,375,556,36,7,49,8,13,17,131,43
20260906,r6_d30_t1_w15,140,102,1095,614,379,559,37,4,51,8,17,17,131,43
20260906,r6_d30_t1_w15,141,97,1100,618,385,562,31,6,50,13,16,16,131,43
20260906,r6_d30_t1_w15,142,98,1109,622,389,568,32,8,46,14,15,15,131,43
20260906,r6_d30_t1_w15,143,96,1115,625,394,573,41,7,45,7,12,15,131,43
20260906,r6_d30_t1_w15,144,96,1124,626,402,575,40,4,47,9,14,13,131,43
20260906,r6_d30_t1_w15,145,99,1132,627,406,579,31,2,46,21,15,13,131,43
20260906,r6_d30_t1_w15,146,97,1142,632,413,583,28,6,43,23,11,14,131,43
20260906,r6_d30_t1_w15,147,99,1147,632,416,587,33,5,40,22,11,15,131,43
20260906,r6_d30_t1_w15,148,103,1157,634,420,593,32,2,39,27,12,15,131,43
20260906,r6_d30_t1_w15,149,100,1165,638,427,593,31,6,39,24,12,15,131,43
20260906,r6_d30_t1_w15,150,101,1172,640,431,596,29,6,38,27,18,14,131,43
20260906,r6_d30_t1_w15,151,97,1177,642,438,600,19,4,38,39,19,13,131,43
20260906,r6_d30_t1_w15,152,88,1182,648,446,602,19,8,38,35,18,12,131,43
20260906,r6_d30_t1_w15,153,80,1190,660,450,604,25,18,38,19,16,12,131,43
20260906,r6_d30_t1_w15,154,81,1200,661,458,610,18,13,38,31,23,11,131,43
20260906,r6_d30_t1_w15,155,77,1206,667,462,611,3,7,49,41,20,10,126,43
20260906,r6_d30_t1_w15,156,77,1212,671,464,614,4,10,47,39,21,9,126,43
20260906,r6_d30_t1_w15,157,78,1220,672,470,616,4,5,51,40,23,8,126,43
20260906,r6_d30_t1_w15,158,65,1225,686,474,619,4,15,52,29,20,7,126,43
20260906,r6_d30_t1_w15,159,52,1232,700,480,623,5,28,49,18,17,6,126,43
20260906,r6_d30_t1_w15,160,53,1242,709,480,625,7,23,61,9,18,6,131,43
20260906,r6_d30_t1_w15,161,52,1251,715,484,629,6,15,71,8,20,7,131,43
20260906,r6_d30_t1_w15,162,54,1258,717,487,631,3,8,78,11,19,7,131,43
20260906,r6_d30_t1_w15,163,50,1267,724,493,636,1,9,79,11,17,9,131,43
20260906,r6_d30_t1_w15,164,48,1272,726,498,642,2,9,75,14,13,10,131,43
20260906,r6_d30_t1_w15,165,53,1278,727,498,642,5,3,82,10,12,12,131,43
20260906,r6_d30_t1_w15,166,56,1285,731,498,645,7,5,81,7,12,12,131,43
20260906,r6_d30_t1_w15,167,60,1290,732,498,647,7,5,80,8,12,12,131,43
20260906,r6_d30_t1_w15,168,65,1298,735,498,649,6,4,82,8,14,13,131,43
20260906,r6_d30_t1_w15,169,73,1307,736,498,654,5,4,78,13,15,15,131,43
20260906,r6_d30_t1_w15,170,76,1314,740,498,659,1,5,76,18,17,14,131,43
20260906,r6_d30_t1_w15,171,78,1321,745,498,663,0,9,73,18,19,11,131,43
20260906,r6_d30_t1_w15,172,81,1329,750,498,667,0,10,73,17,17,11,131,43
20260906,r6_d30_t1_w15,173,82,1335,755,498,674,0,10,71,19,15,13,131,43
20260906,r6_d30_t1_w15,174,86,1341,757,498,681,1,7,69,23,15,13,131,43
20260906,r6_d30_t1_w15,175,86,1348,760,502,691,10,5,64,21,16,12,131,43
20260906,r6_d30_t1_w15,176,85,1357,766,506,700,8,9,57,26,15,13,131,43
20260906,r6_d30_t1_w15,177,81,1363,773,509,707,4,13,53,30,12,14,131,43
20260906,r6_d30_t1_w15,178,79,1368,776,513,715,9,10,51,30,11,14,131,43
20260906,r6_d30_t1_w15,179,83,1376,779,514,720,15,6,53,26,13,14,131,43
20260906,r6_d30_t1_w15,180,83,1383,781,519,726,13,5,50,32,18,12,121,40
20260906,r6_d30_t1_w15,181,83,1390,787,520,729,13,8,50,29,17,12,121,40
20260906,r6_d30_t1_w15,182,82,1399,792,525,731,20,11,50,19,18,12,121,40
20260906,r6_d30_t1_w15,183,85,1407,792,530,735,14,5,52,29,20,11,121,40
20260906,r6_d30_t1_w15,184,73,1415,806,536,737,11,14,55,20,24,9,121,40
20260906,r6_d30_t1_w15,185,73,1424,815,536,742,0,23,50,27,24,9,131,43
20260906,r6_d30_t1_w15,186,80,1434,818,536,744,0,12,62,26,22,9,131,43
20260906,r6_d30_t1_w15,187,77,1441,823,541,749,8,8,66,18,23,9,131,43
20260906,r6_d30_t1_w15,188,76,1449,827,546,753,0,9,65,26,22,7,131,43
20260906,r6_d30_t1_w15,189,67,1458,841,550,755,1,18,68,13,22,7,131,43
20260906,r6_d30_t1_w15,190,65,1463,844,554,756,1,17,71,11,25,7,131,43
20260906,r6_d30_t1_w15,191,62,1469,846,561,760,1,5,81,13,22,8,131,43
20260906,r6_d30_t1_w15,192,60,1474,848,566,763,1,4,81,14,19,9,131,43
20260906,r6_d30_t1_w15,193,61,1483,851,571,765,1,5,81,13,16,11,131,43
20260906,r6_d30_t1_w15,194,58,1489,855,576,768,9,7,80,4,13,11,131,43
20260906,r6_d30_t1_w15,195,64,1496,856,576,776,0,5,75,20,16,10,131,43
20260906,r6_d30_t1_w15,196,70,1505,859,576,788,0,4,67,29,16,10,131,43
20260906,r6_d30_t1_w15,197,70,1513,867,576,791,0,11,65,24,14,12,131,43
20260906,r6_d30_t1_w15,198,71,1521,874,576,798,0,15,61,24,12,11,131,43
20260906,r6_d30_t1_w15,199,77,1528,875,576,801,1,8,66,25,11,13,131,43
20260906,r6_d30_t1_w15,200,81,1536,879,576,805,9,5,69,17,11,14,131,43
20260906,r6_d30_t1_w15,201,86,1544,882,576,811,20,7,64,9,13,14,131,43
20260906,r6_d30_t1_w15,202,94,1554,882,578,815,10,3,64,23,16,15,131,43
20260906,r6_d30_t1_w15,203,91,1561,887,583,818,0,5,64,31,16,15,131,43
20260906,r6_d30_t1_w15,204,89,1569,892,588,825,3,10,57,30,13,16,131,43
20260906,r6_d30_t1_w15,205,89,1574,897,588,835,9,10,52,29,10,15,131,43
20260906,r6_d30_t1_w15,206,90,1581,898,593,840,28,6,52,14,10,15,131,43
20260906,r6_d30_t1_w15,207,96,1591,900,595,845,36,3,52,9,13,15,131,43
20260906,r6_d30_t1_w15,208,96,1599,901,602,850,18,3,48,31,14,14,131,43
20260906,r6_d30_t1_w15,209,93,1604,905,606,852,12,5,48,35,11,14,131,43
20260906,r6_d30_t1_w15,210,93,1611,908,610,852,6,7,49,38,15,14,131,43
20260906,r6_d30_t1_w15,211,94,1617,912,611,856,1,7,49,43,18,13,131,43
20260906,r6_d30_t1_w15,212,80,1622,931,611,860,9,23,48,20,16,11,131,43
20260906,r6_d30_t1_w15,213,74,1632,947,611,865,14,35,47,4,20,10,131,43
20260906,r6_d30_t1_w15,214,81,1642,950,611,868,4,19,63,14,24,10,131,43
20260906,r6_d30_t1_w15,215,80,1648,952,616,875,3,5,72,20,26,9,131,43
20260906,r6_d30_t1_w15,216,82,1658,956,620,879,1,6,71,22,26,9,131,43
20260906,r6_d30_t1_w15,217,74,1663,962,627,881,1,10,71,18,22,7,131,43
20260906,r6_d30_t1_w15,218,78,1673,964,631,885,15,8,71,6,22,8,131,43
20260906,r6_d30_t1_w15,219,79,1683,965,639,890,18,3,72,7,23,10,131,43
20260906,r6_d30_t1_w15,220,78,1690,968,644,893,9,4,71,16,23,9,131,43
20260906,r6_d30_t1_w15,221,75,1695,971,649,894,2,6,71,21,22,9,131,43
20260906,r6_d30_t1_w15,222,77,1705,973,655,897,3,5,71,21,20,9,131,43
20260906,r6_d30_t1_w15,223,79,1714,975,660,900,1,4,71,24,21,12,131,43
20260906,r6_d30_t1_w15,224,81,1724,979,664,909,2,6,64,28,18,13,131,43
20260906,r6_d30_t1_w15,225,85,1730,981,664,915,1,6,60,33,19,13,131,43
20260906,r6_d30_t1_w15,226,90,1740,986,664,922,1,7,57,35,19,14,131,43
20260906,r6_d30_t1_w15,227,90,1746,992,664,926,2,11,55,32,15,18,131,43
20260906,r6_d30_t1_w15,228,96,1756,996,664,929,3,10,57,30,14,18,131,43
20260906,r6_d30_t1_w15,229,93,1764,1007,664,933,2,15,59,24,12,18,131,43
20260906,r6_d30_t1_w15,230,92,1771,1015,664,942,6,19,54,21,13,17,131,43
20260906,r6_d30_t1_w15,231,94,1777,1019,664,947,1,12,60,27,11,18,131,43
20260906,r6_d30_t1_w15,232,97,1784,1022,665,950,10,7,65,18,11,17,131,43
20260906,r6_d30_t1_w15,233,93,1792,1027,672,956,13,8,63,16,11,18,131,43
20260906,r6_d30_t1_w15,234,92,1799,1031,676,962,3,9,60,28,12,15,131,43
20260906,r6_d30_t1_w15,235,97,1809,1033,679,967,4,6,60,30,11,14,111,40
20260906,r6_d30_t1_w15,236,98,1817,1037,682,970,9,6,61,24,12,17,111,40
20260906,r6_d30_t1_w15,237,94,1822,1039,689,975,20,6,58,16,12,17,111,40
20260906,r6_d30_t1_w15,238,96,1830,1040,694,978,30,3,59,8,14,14,111,40
20260906,r6_d30_t1_w15,239,98,1840,1045,697,983,30,6,56,8,13,15,111,40
20260906,r6_d30_t1_w15,240,98,1845,1046,701,990,21,6,50,23,18,15,131,43
20260906,r6_d30_t1_w15,241,92,1850,1050,708,991,7,5,54,34,19,14,131,43
20260906,r6_d30_t1_w15,242,89,1856,1054,713,994,9,8,52,31,21,10,131,43
20260906,r6_d30_t1_w15,243,79,1861,1063,719,997,11,13,53,23,18,10,131,43
20260906,r6_d30_t1_w15,244,70,1869,1075,724,1002,3,21,52,24,17,9,131,43
20260906,r6_d30_t1_w15,245,66,1877,1082,729,1005,2,19,58,21,16,9,131,43
20260906,r6_d30_t1_w15,246,67,1885,1083,735,1010,6,8,65,21,19,7,131,43
20260906,r6_d30_t1_w15,247,65,1891,1086,740,1013,8,4,69,19,19,7,131,43
20260906,r6_d30_t1_w15,248,60,1896,1090,746,1022,10,7,61,22,19,6,131,43
20260906,r6_d30_t1_w15,249,57,1901,1093,751,1026,8,7,60,25,19,6,131,43
20260906,r6_d30_t1_w15,250,45,1906,1104,757,1031,9,14,59,18,16,6,131,43
20260906,r6_d30_t1_w15,251,45,1911,1106,760,1033,8,13,60,19,17,6,131,43
20260906,r6_d30_t1_w15,252,46,1919,1109,764,1039,16,5,65,14,19,6,131,43
20260906,r6_d30_t1_w15,253,44,1926,1112,770,1040,17,6,66,11,17,7,131,43
20260906,r6_d30_t1_w15,254,37,1932,1119,776,1044,18,10,65,7,11,7,131,43
20260906,r6_d30_t1_w15,255,45,1941,1120,776,1048,7,8,64,21,14,8,122,43
20260906,r6_d30_t1_w15,256,49,1947,1122,776,1056,2,3,63,32,15,9,122,43
20260906,r6_d30_t1_w15,257,46,1953,1131,776,1057,0,11,63,26,13,9,122,43
20260906,r6_d30_t1_w15,258,50,1960,1134,776,1065,5,12,57,26,12,10,122,43
20260906,r6_d30_t1_w15,259,53,1965,1136,776,1068,16,5,63,16,12,10,122,43
20260906,r6_d30_t1_w15,260,58,1975,1141,776,1071,20,7,63,10,13,10,131,43
20260906,r6_d30_t1_w15,261,65,1985,1144,776,1075,20,8,61,11,12,12,131,43
20260906,r6_d30_t1_w15,262,71,1993,1146,776,1079,21,5,62,12,10,12,131,43
20260906,r6_d30_t1_w15,263,81,2003,1146,776,1086,24,2,58,16,11,13,131,43
20260906,r6_d30_t1_w15,264,79,2009,1154,776,1090,21,8,56,15,11,11,131,43
20260906,r6_d30_t1_w15,265,79,2018,1163,776,1095,20,17,51,12,13,11,131,43
20260906,r6_d30_t1_w15,266,80,2023,1167,776,1099,8,13,55,24,12,12,131,43
20260906,r6_d30_t1_w15,267,83,2031,1172,776,1101,8,9,62,21,10,12,131,43
20260906,r6_d30_t1_w15,268,87,2036,1173,776,1107,21,6,60,13,11,13,131,43
20260906,r6_d30_t1_w15,269,94,2045,1175,776,1108,19,3,64,14,11,14,131,43
20260906,r6_d30_t1_w15,270,95,2053,1178,780,1112,14,5,61,20,15,13,131,43
20260906,r6_d30_t1_w15,271,98,2061,1182,781,1119,4,7,56,33,19,12,131,43
20260906,r6_d30_t1_w15,272,94,2067,1189,784,1124,4,11,54,31,17,11,131,43
20260906,r6_d30_t1_w15,273,88,2074,1195,791,1125,4,13,57,26,18,10,131,43
20260906,r6_d30_t1_w15,274,83,2082,1207,792,1129,6,18,60,16,19,10,131,43
20260906,r6_d30_t1_w15,275,78,2089,1210,801,1130,7,15,65,13,18,10,131,43
20260906,r6_d30_t1_w15,276,75,2097,1213,809,1135,9,6,72,13,19,9,131,43
20260906,r6_d30_t1_w15,277,72,2103,1214,817,1141,12,4,69,15,19,7,131,43
20260906,r6_d30_t1_w15,278,68,2109,1216,825,1148,17,3,65,15,21,6,131,43
20260906,r6_d30_t1_w15,279,61,2114,1226,827,1154,17,12,60,11,22,6,131,43
20260906,r6_d30_t1_w15,280,56,2119,1232,831,1156,13,16,60,11,22,5,131,43
20260906,r6_d30_t1_w15,281,55,2125,1237,833,1157,8,11,69,12,22,6,131,43
20260906,r6_d30_t1_w15,282,55,2133,1240,838,1166,12,8,66,14,21,6,131,43
20260906,r6_d30_t1_w15,283,54,2138,1242,842,1167,13,5,70,12,20,7,131,43
20260906,r6_d30_t1_w15,284,53,2148,1246,849,1171,15,6,69,10,12,8,131,43
20260906,r6_d30_t1_w15,285,58,2153,1246,849,1174,16,4,68,12,14,11,121,40
20260906,r6_d30_t1_w15,286,66,2163,1248,849,1176,14,2,70,14,14,11,121,40
20260906,r6_d30_t1_w15,287,74,2172,1249,849,1185,14,3,61,22,15,11,121,40
20260906,r6_d30_t1_w15,288,79,2179,1251,849,1185,18,3,63,16,15,11,121,40
20260906,r6_d30_t1_w15,289,81,2186,1256,849,1191,21,7,58,14,13,12,121,40
20260906,r6_d30_t1_w15,290,88,2193,1256,849,1197,21,5,54,20,13,13,126,43
20260906,r6_d30_t1_w15,291,87,2199,1258,854,1201,32,2,55,11,13,13,126,43
20260906,r6_d30_t1_w15,292,86,2204,1259,859,1213,29,3,43,25,13,13,126,43
20260906,r6_d30_t1_w15,293,86,2210,1261,863,1219,23,3,39,35,12,13,126,43
20260906,r6_d30_t1_w15,294,82,2215,1270,863,1225,22,11,34,33,12,10,126,43
20260906,r6_d30_t1_w15,295,82,2220,1275,863,1228,29,14,33,24,11,11,131,43
20260906,r6_d30_t1_w15,296,84,2228,1281,863,1234,32,11,36,21,10,12,131,43
20260906,r6_d30_t1_w15,297,89,2237,1285,863,1235,24,10,40,26,11,12,131,43
20260906,r6_d30_t1_w15,298,90,2244,1291,863,1238,23,10,43,24,15,12,131,43
20260906,r6_d30_t1_w15,299,92,2253,1294,867,1243,7,9,42,42,16,13,131,43
20260906,r6_d30_t1_w15,300,92,2260,1298,870,1245,1,7,46,46,19,13,131,43
20260906,r6_d30_t1_w15,301,92,2270,1300,878,1247,16,6,47,31,20,12,131,43
20260906,r6_d30_t1_w15,302,94,2280,1300,886,1248,21,2,50,27,27,11,131,43
20260906,r6_d30_t1_w15,303,88,2286,1307,891,1250,1,7,50,42,27,10,131,43
20260906,r6_d30_t1_w15,304,73,2291,1321,897,1250,1,21,50,28,23,9,131,43
20260906,r6_d30_t1_w15,305,64,2298,1330,904,1253,15,23,54,8,21,8,131,43
20260906,r6_d30_t1_w15,306,65,2304,1331,908,1257,4,10,64,22,26,8,131,43
20260906,r6_d30_t1_w15,307,58,2310,1340,912,1263,0,10,67,23,24,8,131,43
20260906,r6_d30_t1_w15,308,56,2316,1343,917,1271,10,12,60,18,22,6,131,43
20260906,r6_d30_t1_w15,309,61,2326,1346,919,1274,16,6,66,12,24,8,131,43
20260906,r6_d30_t1_w15,310,63,2336,1351,922,1278,5,8,65,22,24,8,131,43
20260906,r6_d30_t1_w15,311,58,2342,1354,930,1281,0,8,65,27,22,8,131,43
20260906,r6_d30_t1_w15,312,50,2347,1362,935,1283,6,11,68,15,18,9,131,43
20260906,r6_d30_t1_w15,313,53,2352,1362,937,1287,0,8,67,25,18,9,131,43
20260906,r6_d30_t1_w15,314,55,2362,1363,944,1289,0,1,73,26,12,9,131,43
20260906,r6_d30_t1_w15,315,61,2370,1365,944,1290,12,3,72,13,10,11,131,43
20260906,r6_d30_t1_w15,316,66,2377,1367,944,1298,16,4,65,15,11,11,131,43
20260906,r6_d30_t1_w15,317,73,2386,1369,944,1302,9,4,63,24,14,11,131,43
20260906,r6_d30_t1_w15,318,77,2396,1375,944,1307,1,8,60,31,13,12,131,43
20260906,r6_d30_t1_w15,319,78,2402,1380,944,1314,11,11,55,23,14,11,131,43
20260906,r6_d30_t1_w15,320,86,2412,1382,944,1318,12,7,57,24,14,13,131,43
20260906,r6_d30_t1_w15,321,91,2421,1386,944,1323,13,6,57,24,12,15,131,43
20260906,r6_d30_t1_w15,322,94,2426,1388,944,1331,10,6,51,33,13,15,131,43
20260906,r6_d30_t1_w15,323,96,2435,1395,944,1335,8,9,51,32,14,15,131,43
20260906,r6_d30_t1_w15,324,92,2441,1405,944,1337,2,17,51,30,17,13,131,43
20260906,r6_d30_t1_w15,325,93,2451,1409,949,1346,4,14,49,33,13,13,131,43
20260906,r6_d30_t1_w15,326,96,2460,1410,954,1350,14,5,55,26,12,13,131,43
20260906,r6_d30_t1_w15,327,100,2470,1414,956,1354,15,5,55,25,13,14,131,43
20260906,r6_d30_t1_w15,328,101,2477,1416,960,1359,17,6,51,26,11,14,131,43
20260906,r6_d30_t1_w15,329,98,2485,1418,969,1360,12,4,54,30,12,15,131,43
20260906,r6_d30_t1_w15,330,94,2490,1427,969,1361,1,11,55,33,16,14,131,43
20260906,r6_d30_t1_w15,331,95,2496,1431,970,1364,0,13,54,33,18,14,131,43
20260906,r6_d30_t1_w15,332,89,2503,1444,970,1367,0,17,60,23,17,11,131,43
20260906,r6_d30_t1_w15,333,88,2513,1455,970,1371,1,24,60,15,18,11,131,43
20260906,r6_d30_t1_w15,334,96,2523,1457,970,1374,2,13,70,15,21,11,131,43
20260906,r6_d30_t1_w15,335,93,2529,1461,975,1379,1,6,76,17,21,11,121,40
20260906,r6_d30_t1_w15,336,85,2538,1472,981,1386,4,15,71,10,20,10,121,40
20260906,r6_d30_t1_w15,337,86,2543,1475,982,1387,5,14,74,7,20,9,121,40
20260906,r6_d30_t1_w15,338,91,2552,1477,984,1390,7,5,82,6,19,11,121,40
20260906,r6_d30_t1_w15,339,97,2562,1478,987,1392,7,3,83,7,20,11,121,40
20260906,r6_d30_t1_w15,340,95,2572,1482,995,1394,7,5,83,5,22,11,131,43
20260906,r6_d30_t1_w15,341,91,2580,1485,1004,1400,6,7,78,9,22,12,131,43
20260906,r6_d30_t1_w15,342,88,2585,1487,1010,1405,6,5,77,12,19,13,131,43
20260906,r6_d30_t1_w15,343,84,2592,1492,1016,1417,14,7,68,11,15,13,131,43
20260906,r6_d30_t1_w15,344,82,2599,1496,1021,1425,17,9,62,12,10,13,131,43
20260906,r6_d30_t1_w15,345,88,2605,1496,1021,1431,21,4,61,14,11,14,131,43
20260906,r6_d30_t1_w15,346,92,2612,1499,1021,1439,20,3,57,20,12,14,131,43
20260906,r6_d30_t1_w15,347,95,2620,1504,1021,1445,19,8,51,22,11,16,131,43
20260906,r6_d30_t1_w15,348,100,2630,1509,1021,1448,13,10,51,26,12,16,131,43
20260906,r6_d30_t1_w15,349,103,2639,1515,1021,1449,16,11,55,18,13,19,131,43
20260906,r6_d30_t1_w15,350,106,2645,1517,1022,1453,21,8,56,15,13,19,131,43
20260906,r6_d30_t1_w15,351,104,2654,1519,1031,1455,22,4,60,14,11,17,131,43
20260906,r6_d30_t1_w15,352,103,2660,1523,1034,1459,20,6,58,16,12,16,131,43
20260906,r6_d30_t1_w15,353,99,2665,1523,1043,1462,11,4,57,28,13,17,131,43
20260906,r6_d30_t1_w15,354,97,2675,1529,1049,1469,9,6,54,31,15,17,131,43
20260906,r6_d30_t1_w15,355,98,2683,1530,1055,1474,8,7,49,36,16,17,131,43
20260906,r6_d30_t1_w15,356,95,2692,1535,1062,1477,17,6,52,25,14,16,131,43
20260906,r6_d30_t1_w15,357,97,2698,1538,1063,1479,20,8,51,21,15,15,131,43
20260906,r6_d30_t1_w15,358,94,2704,1540,1070,1485,15,5,50,30,13,13,131,43
20260906,r6_d30_t1_w15,359,95,2714,1544,1075,1489,26,6,49,19,12,14,131,43
20260906,r6_d30_t1_w15,360,93,2719,1546,1080,1497,28,6,43,23,15,13,126,43
20260906,r6_d30_t1_w15,361,97,2729,1548,1084,1497,3,4,47,46,19,13,126,43
20260906,r6_d30_t1_w15,362,95,2737,1558,1084,1500,5,12,46,37,20,13,126,43
20260906,r6_d30_t1_w15,363,81,2742,1569,1092,1506,11,21,42,26,21,12,126,43
20260906,r6_d30_t1_w15,364,84,2752,1571,1097,1508,12,13,50,25,23,11,126,43
20260906,r6_d30_t1_w15,365,82,2759,1577,1100,1511,2,8,58,32,20,11,131,43
20260906,r6_d30_t1_w15,366,76,2764,1579,1109,1513,0,8,58,34,21,8,131,43
20260906,r6_d30_t1_w15,367,70,2771,1591,1110,1515,0,14,62,24,21,7,131,43
20260906,r6_d30_t1_w15,368,74,2780,1594,1112,1520,0,15,59,26,22,6,131,43
20260906,r6_d30_t1_w15,369,74,2789,1598,1117,1522,1,7,69,23,24,6,131,43
20260906,r6_d30_t1_w15,370,72,2798,1604,1122,1528,2,10,66,22,25,7,131,43
20260906,r6_d30_t1_w15,371,70,2806,1606,1130,1532,3,8,66,23,24,8,131,43
20260906,r6_d30_t1_w15,372,68,2811,1610,1133,1535,4,6,69,21,22,8,131,43
20260906,r6_d30_t1_w15,373,67,2819,1613,1139,1541,5,7,65,23,22,8,131,43
20260906,r6_d30_t1_w15,374,62,2824,1617,1145,1544,5,7,66,22,15,9,131,43
20260906,r6_d30_t1_w15,375,62,2829,1622,1145,1546,3,9,67,21,15,9,131,43
20260906,r6_d30_t1_w15,376,64,2835,1626,1145,1551,10,9,66,15,12,9,131,43
20260906,r6_d30_t1_w15,377,70,2841,1626,1145,1557,22,4,65,9,12,9,131,43
20260906,r6_d30_t1_w15,378,73,2847,1629,1145,1560,22,3,66,9,12,10,131,43
20260906,r6_d30_t1_w15,379,78,2854,1631,1145,1562,12,5,64,19,12,12,131,43
20260906,r6_d30_t1_w15,380,84,2862,1633,1145,1565,5,4,64,27,13,14,115,42
20260906,r6_d30_t1_w15,381,83,2868,1639,1146,1573,8,8,58,26,13,13,115,42
20260906,r6_d30_t1_w15,382,87,2877,1644,1146,1582,10,11,51,28,12,15,115,42
20260906,r6_d30_t1_w15,383,87,2887,1647,1153,1585,10,8,54,28,12,17,115,42
20260906,r6_d30_t1_w15,384,88,2894,1651,1155,1591,11,7,53,29,11,16,115,42
20260906,r6_d30_t1_w15,385,87,2902,1652,1163,1597,13,5,50,32,10,18,131,43
20260906,r6_d30_t1_w15,386,82,2907,1662,1163,1599,11,11,52,26,10,18,131,43
20260906,r6_d30_t1_w15,387,74,2915,1678,1163,1606,14,26,46,14,10,14,131,43
20260906,r6_d30_t1_w15,388,76,2924,1685,1163,1610,11,23,52,14,12,14,131,43
20260906,r6_d30_t1_w15,389,79,2930,1688,1163,1610,5,10,68,17,11,14,131,43
20260906,r6_d30_t1_w15,390,85,2939,1691,1163,1614,3,6,71,20,16,14,121,40
20260906,r6_d30_t1_w15,391,94,2948,1691,1163,1617,2,3,71,24,19,14,121,40
20260906,r6_d30_t1_w15,392,95,2954,1696,1163,1620,0,5,71,24,21,14,121,40
20260906,r6_d30_t1_w15,393,89,2959,1707,1163,1624,0,16,67,17,21,12,121,40
20260906,r6_d30_t1_w15,394,94,2968,1711,1163,1630,1,15,66,18,23,11,121,40
20260906,r6_d30_t1_w15,395,91,2973,1714,1168,1632,0,7,75,18,24,9,131,43
20260906,r6_d30_t1_w15,396,87,2978,1720,1171,1638,0,9,73,18,22,9,131,43
20260906,r6_d30_t1_w15,397,86,2986,1721,1179,1641,2,7,73,18,22,9,131,43
20260906,r6_d30_t1_w15,398,81,2991,1723,1187,1644,4,3,76,17,20,7,131,43
20260906,r6_d30_t1_w15,399,77,2996,1726,1193,1649,6,5,72,17,21,6,131,43
20260906,r6_d30_t1_w15,400,70,3004,1737,1197,1655,4,14,68,14,24,6,131,43
20260906,r6_d30_t1_w15,401,68,3012,1743,1201,1659,4,17,67,12,23,7,131,43
20260906,r6_d30_t1_w15,402,66,3019,1746,1207,1664,4,9,73,14,23,9,131,43
20260906,r6_d30_t1_w15,403,67,3028,1750,1211,1670,5,7,73,15,20,10,131,43
20260906,r6_d30_t1_w15,404,66,3037,1754,1217,1676,8,8,70,14,12,11,131,43
20260906,r6_d30_t1_w15,405,74,3046,1755,1217,1681,10,5,69,16,14,11,131,43
20260906,r6_d30_t1_w15,406,79,3055,1759,1217,1684,10,5,70,15,15,12,131,43
20260906,r6_d30_t1_w15,407,83,3062,1762,1217,1691,10,7,64,19,16,12,131,43
20260906,r6_d30_t1_w15,408,79,3069,1773,1217,1703,6,14,56,24,13,12,131,43
20260906,r6_d30_t1_w15,409,83,3078,1778,1217,1706,11,16,56,17,13,13,131,43
20260906,r6_d30_t1_w15,410,87,3083,1779,1217,1709,18,6,64,12,14,15,131,43
20260906,r6_d30_t1_w15,411,93,3092,1782,1217,1712,11,4,66,19,15,15,131,43
20260906,r6_d30_t1_w15,412,89,3098,1787,1222,1717,12,8,62,18,13,15,131,43
20260906,r6_d30_t1_w15,413,88,3103,1788,1227,1719,12,6,63,19,13,14,131,43
20260906,r6_d30_t1_w15,414,89,3112,1794,1229,1726,12,7,61,20,11,14,131,43
20260906,r6_d30_t1_w15,415,94,3121,1796,1231,1730,6,8,58,28,12,13,131,43
20260906,r6_d30_t1_w15,416,93,3127,1802,1232,1733,8,8,61,23,11,13,131,43
20260906,r6_d30_t1_w15,417,94,3136,1807,1235,1738,8,11,58,23,14,12,131,43
20260906,r6_d30_t1_w15,418,89,3141,1809,1243,1744,5,7,58,30,17,11,131,43
20260906,r6_d30_t1_w15,419,85,3149,1815,1249,1752,0,8,55,37,15,10,131,43
20260906,r6_d30_t1_w15,420,86,3159,1820,1253,1756,1,11,53,35,18,10,131,43
20260906,r6_d30_t1_w15,421,83,3167,1826,1258,1757,13,11,58,18,20,9,131,43
20260906,r6_d30_t1_w15,422,83,3175,1830,1262,1759,13,10,61,16,21,9,131,43
20260906,r6_d30_t1_w15,423,77,3180,1835,1268,1763,10,9,63,18,22,8,131,43
20260906,r6_d30_t1_w15,424,80,3190,1842,1268,1765,3,12,65,20,24,8,131,43
20260906,r6_d30_t1_w15,425,79,3196,1849,1268,1770,0,14,65,21,22,7,131,43
20260906,r6_d30_t1_w15,426,80,3206,1853,1273,1773,0,11,69,20,21,6,131,43
20260906,r6_d30_t1_w15,427,80,3213,1856,1277,1776,3,7,73,17,22,7,131,43
20260906,r6_d30_t1_w15,428,77,3218,1864,1277,1781,4,11,72,13,22,7,131,43
20260906,r6_d30_t1_w15,429,78,3226,1871,1277,1788,5,15,68,12,20,8,131,43
20260906,r6_d30_t1_w15,430,78,3234,1876,1280,1794,5,12,70,13,20,9,131,43
20260906,r6_d30_t1_w15,431,74,3242,1884,1284,1797,4,13,74,9,22,12,131,43
20260906,r6_d30_t1_w15,432,76,3251,1888,1287,1801,2,12,75,11,23,12,131,43
20260906,r6_d30_t1_w15,433,80,3259,1891,1288,1804,2,7,80,11,21,13,131,43
20260906,r6_d30_t1_w15,434,72,3265,1899,1294,1809,4,11,79,6,11,12,131,43
20260906,r6_d30_t1_w15,435,80,3274,1900,1294,1812,5,9,79,7,13,12,131,43
20260906,r6_d30_t1_w15,436,87,3282,1901,1294,1817,5,2,82,11,15,13,131,43
20260906,r6_d30_t1_w15,437,95,3292,1903,1294,1822,5,3,78,14,15,16,131,43
20260906,r6_d30_t1_w15,438,99,3299,1906,1294,1831,5,5,70,20,15,17,131,43
20260906,r6_d30_t1_w15,439,96,3304,1907,1301,1839,5,4,64,27,16,16,131,43
20260906,r6_d30_t1_w15,440,98,3314,1912,1304,1845,7,6,61,26,16,17,131,43
20260906,r6_d30_t1_w15,441,94,3321,1915,1312,1848,8,8,59,25,14,17,131,43
20260906,r6_d30_t1_w15,442,95,3329,1920,1314,1852,8,8,60,24,13,17,131,43
20260906,r6_d30_t1_w15,443,95,3336,1924,1317,1858,7,9,57,27,12,17,131,43
20260906,r6_d30_t1_w15,444,95,3346,1929,1322,1863,6,9,57,28,15,16,131,43
20260906,r6_d30_t1_w15,445,95,3353,1934,1324,1868,2,10,56,32,15,17,121,40
20260906,r6_d30_t1_w15,446,94,3363,1940,1329,1875,6,11,54,29,14,17,121,40
20260906,r6_d30_t1_w15,447,99,3372,1940,1333,1875,1,6,59,34,16,17,121,40
20260906,r6_d30_t1_w15,448,97,3380,1944,1339,1882,1,4,58,37,14,16,121,40
20260906,r6_d30_t1_w15,449,98,3389,1947,1344,1884,14,7,56,23,14,14,121,40
20260906,r6_d30_t1_w15,450,98,3398,1950,1350,1891,5,6,53,36,18,13,131,43
20260906,r6_d30_t1_w15,451,102,3408,1951,1355,1893,2,4,54,40,22,13,131,43
20260906,r6_d30_t1_w15,452,92,3417,1961,1364,1896,2,11,54,33,22,11,131,43
20260906,r6_d30_t1_w15,453,91,3425,1966,1368,1901,12,15,50,23,22,10,131,43
20260906,r6_d30_t1_w15,454,81,3430,1978,1371,1904,3,17,57,23,23,10,131,43
20260906,r6_d30_t1_w15,455,76,3438,1983,1379,1908,0,17,58,25,23,8,131,43
20260906,r6_d30_t1_w15,456,76,3446,1986,1384,1913,4,8,65,23,25,8,131,43
20260906,r6_d30_t1_w15,457,72,3453,1990,1391,1916,3,7,67,23,28,6,131,43
20260906,r6_d30_t1_w15,458,69,3459,1993,1397,1921,1,7,65,27,27,6,131,43
20260906,r6_d30_t1_w15,459,69,3466,1996,1401,1926,0,6,64,30,26,6,131,43
20260906,r6_d30_t1_w15,460,69,3475,2003,1403,1928,7,10,65,18,25,6,131,43
20260906,r6_d30_t1_w15,461,67,3484,2008,1409,1934,14,12,62,12,24,7,131,43
20260906,r6_d30_t1_w15,462,63,3489,2015,1411,1937,15,12,66,7,25,8,131,43
20260906,r6_d30_t1_w15,463,61,3499,2021,1417,1947,15,13,61,11,20,9,131,43
20260906,r6_d30_t1_w15,464,63,3509,2023,1423,1950,12,8,65,15,16,12,131,43
20260906,r6_d30_t1_w15,465,62,3514,2029,1423,1953,1,8,68,23,17,10,131,43
20260906,r6_d30_t1_w15,466,67,3523,2032,1424,1956,0,9,67,24,18,11,131,43
20260906,r6_d30_t1_w15,467,68,3531,2039,1424,1960,0,10,69,21,15,11,131,43
20260906,r6_d30_t1_w15,468,70,3538,2044,1424,1963,0,12,69,19,17,11,131,43
20260906,r6_d30_t1_w15,469,71,3543,2048,1424,1968,0,9,71,20,17,11,131,43
20260906,r6_d30_t1_w15,470,79,3551,2048,1424,1972,0,4,72,24,19,12,131,43
20260906,r6_d30_t1_w15,471,78,3556,2054,1424,1977,1,6,71,22,15,12,131,43
20260906,r6_d30_t1_w15,472,83,3566,2059,1424,1984,7,11,64,18,16,14,131,43
20260906,r6_d30_t1_w15,473,85,3572,2063,1424,1991,18,9,63,10,16,16,131,43
20260906,r6_d30_t1_w15,474,87,3578,2067,1424,1993,20,8,66,6,14,15,131,43
20260906,r6_d30_t1_w15,475,86,3583,2070,1427,1998,22,7,65,6,12,16,131,43
20260906,r6_d30_t1_w15,476,85,3591,2071,1435,2002,23,4,65,8,15,14,131,43
20260906,r6_d30_t1_w15,477,86,3597,2074,1437,2005,14,4,65,17,13,15,131,43
20260906,r6_d30_t1_w15,478,83,3605,2077,1445,2009,14,6,62,18,10,13,131,43
20260906,r6_d30_t1_w15,479,81,3612,2080,1451,2014,29,6,60,5,10,13,131,43
20260906,r6_d30_t1_w15,480,82,3619,2086,1451,2018,26,9,59,6,15,12,131,43
20260906,r6_d30_t1_w15,481,83,3624,2087,1454,2020,11,7,60,22,17,12,131,43
20260906,r6_d30_t1_w15,482,77,3631,2093,1461,2031,13,7,55,25,16,11,131,43
20260906,r6_d30_t1_w15,483,68,3636,2104,1464,2037,16,17,50,17,15,11,131,43
20260906,r6_d30_t1_w15,484,65,3642,2112,1465,2040,15,19,53,13,15,10,131,43
20260906,r6_d30_t1_w15,485,64,3649,2115,1470,2042,16,11,62,11,17,9,131,43
20260906,r6_d30_t1_w15,486,68,3659,2118,1473,2044,16,6,68,10,19,9,131,43
20260906,r6_d30_t1_w15,487,59,3664,2125,1480,2047,17,10,68,5,19,8,131,43
20260906,r6_d30_t1_w15,488,60,3672,2128,1484,2054,16,10,64,10,21,8,131,43
20260906,r6_d30_t1_w15,489,59,3678,2130,1489,2059,17,5,66,12,22,8,131,43
20260906,r6_d30_t1_w15,490,60,3686,2134,1492,2062,14,6,66,14,24,8,126,43
20260906,r6_d30_t1_w15,491,63,3694,2138,1493,2068,16,8,62,14,24,9,126,43
20260906,r6_d30_t1_w15,492,60,3700,2142,1498,2072,17,8,62,13,23,9,126,43
20260906,r6_d30_t1_w15,493,60,3710,2146,1504,2078,17,8,60,15,23,10,126,43
20260906,r6_d30_t1_w15,494,58,3716,2152,1506,2084,6,10,58,26,17,12,126,43
20260906,r6_d30_t1_w15,495,59,3722,2157,1506,2088,3,11,58,28,13,12,131,43
20260906,r6_d30_t1_w15,496,66,3729,2157,1506,2094,17,5,58,20,15,14,131,43
20260906,r6_d30_t1_w15,497,72,3737,2159,1506,2097,13,2,60,25,15,14,131,43
20260906,r6_d30_t1_w15,498,74,3747,2167,1506,2099,7,10,58,25,18,12,131,43
20260906,r6_d30_t1_w15,499,77,3755,2172,1506,2103,2,13,56,29,17,12,131,43
20260906,r6_d30_t1_w15,500,81,3762,2175,1506,2106,2,8,61,29,14,12,131,43
20260906,r6_d30_t1_w15,501,84,3768,2178,1506,2113,9,6,59,26,13,15,131,43
20260906,r6_d30_t1_w15,502,86,3774,2181,1507,2121,21,6,54,19,14,15,131,43
20260906,r6_d30_t1_w15,503,86,3782,2187,1509,2128,26,9,50,15,14,16,131,43
20260906,r6_d30_t1_w15,504,86,3789,2189,1514,2131,25,8,50,17,14,14,131,43
20260906,r6_d30_t1_w15,505,89,3797,2191,1517,2136,19,4,51,26,15,15,131,43
20260906,r6_d30_t1_w15,506,87,3806,2196,1523,2136,17,7,53,23,12,14,131,43
20260906,r6_d30_t1_w15,507,83,3811,2205,1523,2140,21,14,51,14,11,14,131,43
20260906,r6_d30_t1_w15,508,87,3818,2205,1526,2141,17,9,55,19,12,14,131,43
20260906,r6_d30_t1_w15,509,86,3826,2210,1530,2148,22,5,57,16,11,14,131,43
20260906,r6_d30_t1_w15,510,85,3831,2211,1535,2153,26,6,52,16,14,13,131,43
20260906,r6_d30_t1_w15,511,86,3838,2213,1539,2155,27,3,55,15,17,13,131,43
20260906,r6_d30_t1_w15,512,83,3848,2219,1546,2157,26,8,54,12,19,13,131,43
20260906,r6_d30_t1_w15,513,85,3857,2226,1546,2164,16,13,49,22,18,11,131,43
20260906,r6_d30_t1_w15,514,78,3864,2233,1553,2168,10,14,51,25,17,11,131,43
20260906,r6_d30_t1_w15,515,75,3869,2234,1560,2172,6,8,54,32,18,10,131,43
20260906,r6_d30_t1_w15,516,75,3875,2238,1562,2174,6,5,59,30,17,10,131,43
20260906,r6_d30_t1_w15,517,65,3881,2254,1562,2176,6,20,58,16,20,9,131,43
20260906,r6_d30_t1_w15,518,62,3887,2262,1563,2178,3,24,60,13,21,9,131,43
20260906,r6_d30_t1_w15,519,62,3894,2265,1567,2185,8,11,69,12,22,7,131,43
20260906,r6_d30_t1_w15,520,64,3904,2267,1573,2188,7,5,74,14,21,6,101,38
20260906,r6_d30_t1_w15,521,59,3910,2271,1580,2191,7,6,74,13,20,7,101,38
20260906,r6_d30_t1_w15,522,55,3915,2277,1583,2193,6,10,74,10,19,9,101,38
20260906,r6_d30_t1_w15,523,51,3924,2285,1588,2195,6,14,76,4,16,9,101,38
20260906,r6_d30_t1_w15,524,53,3934,2287,1594,2201,6,10,76,8,14,9,101,38
20260906,r6_d30_t1_w15,525,60,3941,2287,1594,2206,3,2,79,16,14,11,126,43
20260906,r6_d30_t1_w15,526,61,3946,2291,1594,2206,2,4,81,13,12,12,126,43
20260906,r6_d30_t1_w15,527,67,3955,2294,1594,2214,3,7,73,17,11,13,126,43
20260906,r6_d30_t1_w15,528,76,3965,2295,1594,2226,11,4,65,20,10,14,126,43
20260906,r6_d30_t1_w15,529,80,3973,2299,1594,2231,22,5,63,10,10,14,126,43
20260906,r6_d30_t1_w15,530,79,3978,2305,1594,2232,21,10,63,6,12,12,131,43
20260906,r6_d30_t1_w15,531,81,3984,2309,1594,2240,8,10,59,23,11,12,131,43
20260906,r6_d30_t1_w15,532,85,3990,2311,1594,2246,8,6,59,27,12,12,131,43
20260906,r6_d30_t1_w15,533,93,4000,2313,1594,2253,7,4,56,33,14,13,131,43
20260906,r6_d30_t1_w15,534,94,4006,2318,1594,2258,2,7,53,38,12,14,131,43
20260906,r6_d30_t1_w15,535,88,4014,2332,1594,2264,9,19,49,23,14,13,131,43
20260906,r6_d30_t1_w15,536,88,4021,2339,1594,2270,6,21,48,25,13,13,131,43
20260906,r6_d30_t1_w15,537,94,4029,2341,1594,2272,4,9,60,27,14,13,131,43
20260906,r6_d30_t1_w15,538,96,4036,2346,1594,2275,2,7,64,27,12,13,131,43
20260906,r6_d30_t1_w15,539,93,4043,2349,1601,2281,12,8,60,20,11,13,131,43
20260906,r6_d30_t1_w15,540,91,4051,2354,1606,2287,7,8,59,26,16,12,131,43
20260906,r6_d30_t1_w15,541,91,4056,2359,1606,2289,2,10,60,28,18,11,131,43
20260906,r6_d30_t1_w15,542,88,4066,2367,1611,2292,3,13,62,22,19,11,131,43
20260906,r6_d30_t1_w15,543,84,4072,2368,1620,2295,3,9,64,24,21,9,131,43
20260906,r6_d30_t1_w15,544,73,4082,2382,1627,2298,4,15,69,12,20,8,131,43
20260906,r6_d30_t1_w15,545,73,4092,2391,1628,2305,6,23,63,8,20,8,131,43
20260906,r6_d30_t1_w15,546,76,4102,2393,1633,2307,4,11,75,10,21,7,131,43
20260906,r6_d30_t1_w15,547,79,4111,2398,1634,2313,4,7,78,11,21,7,131,43
20260906,r6_d30_t1_w15,548,79,4121,2402,1640,2321,7,9,72,12,20,8,131,43
20260906,r6_d30_t1_w15,549,79,4127,2407,1641,2324,8,9,74,9,21,8,131,43
20260906,r6_d30_t1_w15,550,80,4135,2411,1644,2329,10,9,73,8,21,9,126,43
20260906,r6_d30_t1_w15,551,79,4142,2413,1650,2334,13,6,73,8,19,10,126,43
20260906,r6_d30_t1_w15,552,75,4147,2416,1656,2338,14,5,73,8,19,12,126,43
20260906,r6_d30_t1_w15,553,73,4154,2419,1662,2343,15,6,70,9,15,13,126,43
20260906,r6_d30_t1_w15,554,76,4163,2421,1666,2347,17,5,69,9,11,13,126,43
20260906,r6_d30_t1_w15,555,79,4168,2423,1666,2358,22,4,61,13,11,12,131,43
20260906,r6_d30_t1_w15,556,84,4175,2425,1666,2363,23,4,58,15,12,13,131,43
20260906,r6_d30_t1_w15,557,81,4181,2434,1666,2368,19,11,55,15,12,12,131,43
20260906,r6_d30_t1_w15,558,82,4186,2438,1666,2371,21,13,54,12,10,12,131,43
20260906,r6_d30_t1_w15,559,89,4193,2438,1666,2376,25,4,58,13,12,13,131,43
20260906,r6_d30_t1_w15,560,95,4203,2442,1666,2381,18,4,57,21,11,15,131,43
20260906,r6_d30_t1_w15,561,96,4213,2445,1672,2387,14,7,51,28,11,14,131,43
20260906,r6_d30_t1_w15,562,98,4223,2446,1679,2395,20,4,47,29,11,15,131,43
20260906,r6_d30_t1_w15,563,97,4233,2448,1688,2398,16,3,47,34,12,16,131,43
20260906,r6_d30_t1_w15,564,96,4238,2450,1692,2405,14,4,41,41,13,15,131,43
20260906,r6_d30_t1_w15,565,96,4246,2458,1692,2411,11,10,37,42,13,15,131,43
20260906,r6_d30_t1_w15,566,95,4253,2462,1696,2413,9,12,37,42,11,15,131,43
20260906,r6_d30_t1_w15,567,95,4259,2465,1699,2415,21,7,43,29,10,14,131,43
20260906,r6_d30_t1_w15,568,97,4268,2468,1703,2420,30,6,42,22,15,15,131,43
20260906,r6_d30_t1_w15,569,97,4277,2471,1709,2422,5,6,43,46,17,14,131,43
20260906,r6_d30_t1_w15,570,93,4282,2475,1714,2423,4,7,45,44,17,14,121,43
20260906,r6_d30_t1_w15,571,96,4292,2477,1719,2424,18,6,47,29,23,14,121,43
20260906,r6_d30_t1_w15,572,99,4300,2478,1723,2427,17,3,48,32,23,14,121,43
20260906,r6_d30_t1_w15,573,93,4308,2487,1728,2430,17,10,47,26,23,13,121,43
20260906,r6_d30_t1_w15,574,95,4315,2487,1733,2431,15,9,47,29,26,11,121,43
20260906,r6_d30_t1_w15,575,82,4324,2501,1741,2434,14,14,53,19,27,10,131,43
20260906,r6_d30_t1_w15,576,67,4330,2513,1750,2438,4,26,49,21,23,9,131,43
20260906,r6_d30_t1_w15,577,62,4336,2515,1759,2441,2,14,60,24,23,8,131,43
20260906,r6_d30_t1_w15,578,56,4341,2519,1766,2449,14,6,64,16,22,6,131,43
20260906,r6_d30_t1_w15,579,58,4346,2520,1768,2450,20,5,65,10,22,6,131,43
20260906,r6_d30_t1_w15,580,57,4355,2529,1769,2454,23,10,65,2,20,5,131,43
20260906,r6_d30_t1_w15,581,57,4363,2530,1776,2454,20,10,66,4,21,6,131,43
20260906,r6_d30_t1_w15,582,57,4368,2532,1779,2457,11,3,72,14,22,6,131,43
20260906,r6_d30_t1_w15,583,58,4376,2534,1784,2463,12,4,67,17,18,6,131,43
20260906,r6_d30_t1_w15,584,60,4384,2537,1787,2465,11,5,67,17,16,8,131,43
20260906,r6_d30_t1_w15,585,62,4389,2540,1787,2467,1,6,67,26,15,8,131,43
20260906,r6_d30_t1_w15,586,66,4396,2543,1787,2478,8,6,59,27,14,9,131,43
20260906,r6_d30_t1_w15,587,72,4405,2546,1787,2482,13,6,58,23,14,9,131,43
20260906,r6_d30_t1_w15,588,73,4411,2551,1787,2485,7,8,58,27,14,10,131,43
20260906,r6_d30_t1_w15,589,82,4420,2551,1787,2490,6,5,56,33,16,10,131,43
20260906,r6_d30_t1_w15,590,84,4427,2555,1788,2496,2,4,55,39,15,13,131,43
20260906,r6_d30_t1_w15,591,84,4433,2558,1791,2501,1,7,50,42,15,14,131,43
20260906,r6_d30_t1_w15,592,81,4438,2562,1795,2505,9,7,50,34,15,13,131,43
20260906,r6_d30_t1_w15,593,81,4444,2566,1797,2509,10,8,49,33,16,12,131,43
20260906,r6_d30_t1_w15,594,83,4451,2568,1800,2513,2,6,49,43,17,12,131,43
20260906,r6_d30_t1_w15,595,80,4458,2574,1804,2521,3,8,45,44,17,12,131,43
20260906,r6_d30_t1_w15,596,84,4467,2576,1807,2524,19,8,44,29,17,13,131,43
20260906,r6_d30_t1_w15,597,86,4474,2579,1809,2526,27,5,48,20,18,13,131,43
20260906,r6_d30_t1_w15,598,86,4483,2581,1816,2530,23,5,46,26,19,13,131,43
20260906,r6_d30_t1_w15,599,81,4490,2587,1822,2536,13,8,43,36,16,12,131,43
20260906,r6_d30_t1_w15,600,80,4495,2590,1825,2537,9,9,44,38,18,12,121,40
20260906,r3_d30_t1_w20,1,6,8,2,0,0,92,2,0,6,4,2,131,43
20260906,r3_d30_t1_w20,2,13,15,2,0,0,54,2,0,44,8,4,131,43
20260906,r3_d30_t1_w20,3,12,20,8,0,0,36,6,2,56,10,2,131,43
20260906,r3_d30_t1_w20,4,2,26,24,0,0,56,22,2,20,2,1,131,43
20260906,r3_d30_t1_w20,5,5,31,26,0,0,50,18,8,24,5,1,131,43
20260906,r3_d30_t1_w20,6,8,36,28,0,0,33,4,24,39,8,1,131,43
20260906,r3_d30_t1_w20,7,12,42,30,0,0,20,4,26,50,9,2,131,43
20260906,r3_d30_t1_w20,8,19,50,31,0,0,18,3,28,51,9,3,131,43
20260906,r3_d30_t1_w20,9,5,57,52,0,0,17,22,30,31,5,1,131,43
20260906,r3_d30_t1_w20,10,8,63,55,0,0,15,24,31,30,8,1,131,43
20260906,r3_d30_t1_w20,11,10,69,59,0,0,22,7,52,19,8,2,131,43
20260906,r3_d30_t1_w20,12,19,78,59,0,0,14,4,55,27,12,5,131,43
20260906,r3_d30_t1_w20,13,22,83,61,0,0,6,2,59,33,12,5,131,43
20260906,r3_d30_t1_w20,14,28,91,63,0,5,16,4,54,26,11,7,131,43
20260906,r3_d30_t1_w20,15,38,101,63,0,6,17,2,55,26,12,8,131,43
20260906,r3_d30_t1_w20,16,41,108,67,0,8,13,4,55,28,11,8,131,43
20260906,r3_d30_t1_w20,17,46,114,68,0,9,8,5,54,33,10,9,131,43
20260906,r3_d30_t1_w20,18,55,124,69,0,10,25,2,57,16,12,11,131,43
20260906,r3_d30_t1_w20,19,59,129,70,0,14,19,2,54,25,13,11,131,43
20260906,r3_d30_t1_w20,20,66,138,72,0,22,9,3,47,41,14,11,121,40
20260906,r3_d30_t1_w20,21,71,146,75,0,27,6,5,43,46,15,12,121,40
20260906,r3_d30_t1_w20,22,75,155,80,0,34,10,8,38,44,14,14,121,40
20260906,r3_d30_t1_w20,23,65,160,95,0,40,17,20,35,28,11,14,121,40
20260906,r3_d30_t1_w20,24,64,168,104,0,42,14,24,38,24,13,16,121,40
20260906,r3_d30_t1_w20,25,67,174,107,0,45,4,12,50,34,12,15,126,43
20260906,r3_d30_t1_w20,26,74,184,110,0,52,15,6,52,27,10,15,126,43
20260906,r3_d30_t1_w20,27,82,192,110,0,54,32,3,53,12,10,15,126,43
20260906,r3_d30_t1_w20,28,88,201,113,0,57,33,3,53,11,12,15,126,43
20260906,r3_d30_t1_w20,29,94,208,114,0,58,9,4,52,35,14,15,126,43
20260906,r3_d30_t1_w20,30,94,213,119,0,60,0,6,53,41,15,15,131,43
20260906,r3_d30_t1_w20,31,99,220,121,0,61,18,7,53,22,15,15,131,43
20260906,r3_d30_t1_w20,32,104,227,123,0,63,22,4,56,18,18,14,131,43
20260906,r3_d30_t1_w20,33,100,234,134,0,66,7,13,55,25,19,14,131,43
20260906,r3_d30_t1_w20,34,99,239,140,0,69,0,17,54,29,18,14,131,43
20260906,r3_d30_t1_w20,35,106,249,143,0,73,0,9,61,30,21,14,131,43
20260906,r3_d30_t1_w20,36,108,255,145,2,79,1,5,61,33,23,14,131,43
20260906,r3_d30_t1_w20,37,104,260,148,8,83,1,5,60,34,22,12,131,43
20260906,r3_d30_t1_w20,38,105,270,154,11,86,0,9,59,32,23,12,131,43
20260906,r3_d30_t1_w20,39,109,279,159,11,89,0,11,59,30,25,11,131,43
20260906,r3_d30_t1_w20,40,105,284,162,17,94,1,8,60,31,23,10,131,43
20260906,r3_d30_t1_w20,41,107,294,164,23,98,7,5,61,27,22,11,131,43
20260906,r3_d30_t1_w20,42,105,301,167,29,105,9,5,57,29,23,12,131,43
20260906,r3_d30_t1_w20,43,106,306,169,31,107,1,5,57,37,23,14,131,43
20260906,r3_d30_t1_w20,44,102,312,177,33,112,3,10,55,32,22,14,131,43
20260906,r3_d30_t1_w20,45,96,317,188,33,119,17,19,50,14,22,14,131,43
20260906,r3_d30_t1_w20,46,97,323,193,33,123,23,16,54,7,23,15,131,43
20260906,r3_d30_t1_w20,47,96,333,197,40,128,15,9,60,16,21,16,131,43
20260906,r3_d30_t1_w20,48,97,342,200,45,131,15,7,62,16,19,17,131,43
20260906,r3_d30_t1_w20,49,97,350,204,49,134,4,7,63,26,16,17,131,43
20260906,r3_d30_t1_w20,50,104,358,205,49,138,2,5,62,31,17,17,126,43
20260906,r3_d30_t1_w20,51,105,363,209,49,141,13,5,63,19,16,18,126,43
20260906,r3_d30_t1_w20,52,109,370,212,49,147,18,7,58,17,14,18,126,43
20260906,r3_d30_t1_w20,53,114,375,212,49,150,28,3,59,10,15,18,126,43
20260906,r3_d30_t1_w20,54,120,381,212,49,154,29,0,58,13,17,18,126,43
20260906,r3_d30_t1_w20,55,119,388,215,54,155,25,3,57,15,17,19,131,43
20260906,r3_d30_t1_w20,56,117,393,218,58,159,19,6,53,22,17,17,131,43
20260906,r3_d30_t1_w20,57,120,403,221,62,163,7,6,52,35,16,17,131,43
20260906,r3_d30_t1_w20,58,116,409,226,67,167,6,8,51,35,14,19,131,43
20260906,r3_d30_t1_w20,59,119,419,228,72,174,13,7,47,33,15,18,131,43
20260906,r3_d30_t1_w20,60,113,426,241,72,178,2,15,48,35,20,17,131,43
20260906,r3_d30_t1_w20,61,118,436,246,72,181,1,18,47,34,21,16,131,43
20260906,r3_d30_t1_w20,62,117,443,251,75,186,5,10,55,30,20,16,131,43
20260906,r3_d30_t1_w20,63,117,451,257,77,191,5,11,55,29,23,16,131,43
20260906,r3_d30_t1_w20,64,122,461,260,79,197,6,9,54,31,24,16,131,43
20260906,r3_d30_t1_w20,65,125,470,264,81,200,7,7,57,29,23,15,131,43
20260906,r3_d30_t1_w20,66,124,479,272,83,203,6,12,57,25,22,14,131,43
20260906,r3_d30_t1_w20,67,116,485,279,90,206,5,15,58,22,20,13,131,43
20260906,r3_d30_t1_w20,68,113,490,282,95,206,6,10,66,18,20,10,131,43
20260906,r3_d30_t1_w20,69,111,497,290,96,210,8,11,69,12,19,9,131,43
20260906,r3_d30_t1_w20,70,111,503,290,102,210,8,8,72,12,19,11,131,43
20260906,r3_d30_t1_w20,71,114,513,293,106,214,8,3,76,13,20,12,131,43
20260906,r3_d30_t1_w20,72,111,519,302,106,218,10,12,72,6,20,12,131,43
20260906,r3_d30_t1_w20,73,115,528,307,106,222,6,14,71,9,24,14,131,43
20260906,r3_d30_t1_w20,74,118,533,309,106,229,3,7,73,17,24,14,131,43
20260906,r3_d30_t1_w20,75,113,539,316,110,235,3,9,72,16,19,14,131,43
20260906,r3_d30_t1_w20,76,119,548,319,110,243,6,10,66,18,21,14,131,43
20260906,r3_d30_t1_w20,77,115,554,325,114,248,4,9,68,19,21,14,131,43
20260906,r3_d30_t1_w20,78,110,559,335,114,254,4,16,65,15,18,16,131,43
20260906,r3_d30_t1_w20,79,108,564,338,118,266,8,13,59,20,11,17,131,43
20260906,r3_d30_t1_w20,80,114,571,339,118,271,14,4,64,18,11,17,131,43
20260906,r3_d30_t1_w20,81,115,579,346,118,275,21,8,63,8,11,17,131,43
20260906,r3_d30_t1_w20,82,119,587,350,118,278,13,11,61,15,12,17,131,43
20260906,r3_d30_t1_w20,83,122,592,352,118,284,11,6,62,21,11,18,131,43
20260906,r3_d30_t1_w20,84,121,601,354,126,288,23,4,62,11,11,17,131,43
20260906,r3_d30_t1_w20,85,121,610,357,132,292,30,5,60,5,12,16,131,43
20260906,r3_d30_t1_w20,86,122,618,359,137,295,32,5,59,4,13,18,131,43
20260906,r3_d30_t1_w20,87,126,628,363,139,297,24,6,60,10,17,16,131,43
20260906,r3_d30_t1_w20,88,129,637,364,144,303,12,5,56,27,18,18,131,43
20260906,r3_d30_t1_w20,89,128,646,369,149,308,4,6,55,35,17,17,131,43
20260906,r3_d30_t1_w20,90,128,653,371,154,314,1,7,50,42,22,17,131,43
20260906,r3_d30_t1_w20,91,126,663,374,163,317,1,5,52,42,22,16,131,43
20260906,r3_d30_t1_w20,92,126,671,381,164,322,1,10,49,40,24,16,131,43
20260906,r3_d30_t1_w20,93,129,681,384,168,328,2,10,46,42,23,16,131,43
20260906,r3_d30_t1_w20,94,119,686,396,171,330,10,15,51,24,22,16,131,43
20260906,r3_d30_t1_w20,95,108,692,407,177,335,10,23,49,18,20,13,131,43
20260906,r3_d30_t1_w20,96,108,699,412,179,341,13,16,55,16,24,12,131,43
20260906,r3_d30_t1_w20,97,100,705,426,179,344,11,19,63,7,23,11,131,43
20260906,r3_d30_t1_w20,98,104,711,428,179,345,10,16,67,7,24,10,131,43
20260906,r3_d30_t1_w20,99,104,716,432,180,347,9,6,79,6,23,10,131,43
20260906,r3_d30_t1_w20,100,101,721,434,186,348,9,6,80,5,22,9,121,40
20260906,r3_d30_t1_w20,101,98,726,435,193,351,12,3,81,4,21,9,121,40
20260906,r3_d30_t1_w20,102,96,731,436,199,356,13,2,78,7,22,8,121,40
20260906,r3_d30_t1_w20,103,99,739,438,202,359,5,3,76,16,24,10,121,40
20260906,r3_d30_t1_w20,104,94,746,445,207,363,0,9,73,18,26,9,121,40
20260906,r3_d30_t1_w20,105,88,753,449,216,369,0,11,69,20,24,11,131,43
20260906,r3_d30_t1_w20,106,87,761,451,223,371,1,6,74,19,24,11,131,43
20260906,r3_d30_t1_w20,107,84,766,455,227,375,0,6,74,20,21,10,131,43
20260906,r3_d30_t1_w20,108,81,773,458,234,380,0,7,71,22,18,12,131,43
20260906,r3_d30_t1_w20,109,81,781,460,240,386,9,5,69,17,18,12,131,43
20260906,r3_d30_t1_w20,110,83,786,463,240,389,1,5,69,25,17,11,131,43
20260906,r3_d30_t1_w20,111,89,796,467,240,399,4,7,61,28,14,15,131,43
20260906,r3_d30_t1_w20,112,92,801,469,240,407,19,6,56,19,16,15,131,43
20260906,r3_d30_t1_w20,113,93,806,473,240,411,15,6,56,23,14,16,131,43
20260906,r3_d30_t1_w20,114,97,816,479,240,419,18,10,50,22,14,17,131,43
20260906,r3_d30_t1_w20,115,104,825,481,240,420,7,8,53,32,15,18,131,43
20260906,r3_d30_t1_w20,116,108,833,485,240,426,0,6,53,41,14,19,131,43
20260906,r3_d30_t1_w20,117,101,842,501,240,427,0,20,54,26,13,18,131,43
20260906,r3_d30_t1_w20,118,101,848,507,240,435,9,22,50,19,12,18,131,43
20260906,r3_d30_t1_w20,119,103,854,511,240,439,11,10,62,17,12,18,131,43
20260906,r3_d30_t1_w20,120,107,862,515,240,444,12,8,63,17,18,17,131,43
20260906,r3_d30_t1_w20,121,112,870,516,242,449,10,5,62,23,20,17,131,43
20260906,r3_d30_t1_w20,122,112,879,523,244,451,2,8,64,26,22,16,131,43
20260906,r3_d30_t1_w20,123,107,889,536,246,455,2,20,61,17,21,15,131,43
20260906,r3_d30_t1_w20,124,114,898,538,246,460,6,15,63,16,21,15,131,43
20260906,r3_d30_t1_w20,125,117,907,541,249,464,9,5,72,14,20,15,121,40
20260906,r3_d30_t1_w20,126,114,912,544,254,465,8,6,73,13,20,14,121,40
20260906,r3_d30_t1_w20,127,117,922,546,259,470,8,5,71,16,21,14,121,40
20260906,r3_d30_t1_w20,128,113,927,555,259,472,1,11,72,16,19,13,121,40
20260906,r3_d30_t1_w20,129,115,937,562,260,477,2,16,69,13,20,12,121,40
20260906,r3_d30_t1_w20,130,117,944,563,264,480,9,8,75,8,20,12,131,43
20260906,r3_d30_t1_w20,131,116,954,567,271,484,11,5,78,6,19,11,131,43
20260906,r3_d30_t1_w20,132,121,963,571,271,490,7,8,73,12,24,13,131,43
20260906,r3_d30_t1_w20,133,126,973,572,275,495,0,5,72,23,23,14,131,43
20260906,r3_d30_t1_w20,134,122,982,581,279,503,0,10,68,22,21,15,131,43
20260906,r3_d30_t1_w20,135,123,990,582,285,509,7,10,63,20,21,17,131,43
20260906,r3_d30_t1_w20,136,121,996,584,291,514,1,3,67,29,24,17,131,43
20260906,r3_d30_t1_w20,137,117,1004,594,293,519,0,12,63,25,22,19,131,43
20260906,r3_d30_t1_w20,138,116,1013,604,293,527,0,20,57,23,21,20,131,43
20260906,r3_d30_t1_w20,139,117,1022,609,296,533,0,15,61,24,17,21,131,43
20260906,r3_d30_t1_w20,140,118,1029,615,296,541,1,11,63,25,14,20,131,43
20260906,r3_d30_t1_w20,141,124,1037,617,296,543,5,8,66,21,12,20,131,43
20260906,r3_d30_t1_w20,142,130,1047,621,296,548,11,6,67,16,13,22,131,43
20260906,r3_d30_t1_w20,143,135,1054,623,296,552,13,6,65,16,13,22,131,43
20260906,r3_d30_t1_w20,144,134,1063,633,296,556,8,12,65,15,15,22,131,43
20260906,r3_d30_t1_w20,145,142,1073,635,296,558,4,12,65,19,18,22,131,43
20260906,r3_d30_t1_w20,146,140,1078,641,297,563,6,8,70,16,14,22,131,43
20260906,r3_d30_t1_w20,147,140,1087,642,305,568,7,7,67,19,15,21,131,43
20260906,r3_d30_t1_w20,148,142,1096,644,310,573,10,3,68,19,16,21,131,43
20260906,r3_d30_t1_w20,149,142,1105,647,316,576,11,5,66,18,17,20,131,43
20260906,r3_d30_t1_w20,150,140,1113,650,323,582,4,6,62,28,22,19,131,43
20260906,r3_d30_t1_w20,151,137,1122,656,329,589,0,9,58,33,23,18,131,43
20260906,r3_d30_t1_w20,152,137,1130,662,331,590,0,12,60,28,25,17,131,43
20260906,r3_d30_t1_w20,153,127,1136,668,341,597,0,12,59,29,23,17,131,43
20260906,r3_d30_t1_w20,154,128,1146,675,343,600,0,13,62,25,27,17,131,43
20260906,r3_d30_t1_w20,155,125,1153,681,347,603,6,13,65,16,24,15,126,43
20260906,r3_d30_t1_w20,156,123,1161,689,349,606,8,14,69,9,24,15,126,43
20260906,r3_d30_t1_w20,157,122,1167,691,354,611,9,10,70,11,23,14,126,43
20260906,r3_d30_t1_w20,158,125,1177,693,359,617,9,4,72,15,23,13,126,43
20260906,r3_d30_t1_w20,159,122,1186,701,363,622,10,10,69,11,22,12,126,43
20260906,r3_d30_t1_w20,160,116,1191,705,370,627,10,12,66,12,22,11,131,43
20260906,r3_d30_t1_w20,161,111,1196,709,376,628,2,8,73,17,25,9,131,43
20260906,r3_d30_t1_w20,162,105,1204,715,384,631,2,10,74,14,23,9,131,43
20260906,r3_d30_t1_w20,163,104,1210,716,390,638,2,7,71,20,24,9,131,43
20260906,r3_d30_t1_w20,164,102,1217,720,395,642,2,5,73,20,24,10,131,43
20260906,r3_d30_t1_w20,165,102,1226,727,397,647,2,11,69,18,23,11,131,43
20260906,r3_d30_t1_w20,166,102,1233,730,401,653,4,10,67,19,22,11,131,43
20260906,r3_d30_t1_w20,167,97,1239,735,407,659,13,8,68,11,21,11,131,43
20260906,r3_d30_t1_w20,168,98,1248,738,412,665,13,8,65,14,18,13,131,43
20260906,r3_d30_t1_w20,169,99,1257,741,417,671,9,6,64,21,16,13,131,43
20260906,r3_d30_t1_w20,170,104,1266,745,417,675,9,7,63,21,16,13,131,43
20260906,r3_d30_t1_w20,171,104,1271,750,417,681,9,9,60,22,14,13,131,43
20260906,r3_d30_t1_w20,172,111,1279,751,417,686,16,6,59,19,15,15,131,43
20260906,r3_d30_t1_w20,173,113,1289,759,417,692,26,9,58,7,14,14,131,43
20260906,r3_d30_t1_w20,174,122,1299,760,417,697,31,9,54,6,15,16,131,43
20260906,r3_d30_t1_w20,175,127,1306,762,417,701,32,3,58,7,15,18,131,43
20260906,r3_d30_t1_w20,176,129,1313,766,418,707,33,6,53,8,14,18,131,43
20260906,r3_d30_t1_w20,177,133,1323,767,423,710,24,5,52,19,15,18,131,43
20260906,r3_d30_t1_w20,178,126,1328,771,431,713,18,5,53,24,14,17,131,43
20260906,r3_d30_t1_w20,179,126,1336,774,436,718,18,7,49,26,14,19,131,43
20260906,r3_d30_t1_w20,180,126,1341,775,440,720,15,4,51,30,17,19,121,40
20260906,r3_d30_t1_w20,181,131,1349,776,442,730,19,2,44,35,21,19,121,40
20260906,r3_d30_t1_w20,182,125,1354,780,449,731,20,5,44,31,21,18,121,40
20260906,r3_d30_t1_w20,183,114,1360,795,451,733,20,19,43,18,20,17,121,40
20260906,r3_d30_t1_w20,184,107,1367,805,455,739,21,25,41,13,18,16,121,40
20260906,r3_d30_t1_w20,185,102,1377,813,462,745,20,18,50,12,20,14,131,43
20260906,r3_d30_t1_w20,186,98,1385,818,469,749,20,13,56,11,20,14,131,43
20260906,r3_d30_t1_w20,187,97,1392,823,472,753,24,10,60,6,21,14,131,43
20260906,r3_d30_t1_w20,188,95,1399,826,478,757,27,8,61,4,21,13,131,43
20260906,r3_d30_t1_w20,189,95,1407,829,483,761,27,6,62,5,23,10,131,43
20260906,r3_d30_t1_w20,190,94,1414,831,489,762,18,5,64,13,22,10,131,43
20260906,r3_d30_t1_w20,191,97,1422,834,491,763,13,5,66,16,20,10,131,43
20260906,r3_d30_t1_w20,192,99,1432,834,499,765,23,3,66,8,19,10,131,43
20260906,r3_d30_t1_w20,193,94,1438,837,507,767,26,3,67,4,20,9,131,43
20260906,r3_d30_t1_w20,194,91,1445,839,515,770,15,5,64,16,22,9,131,43
20260906,r3_d30_t1_w20,195,91,1454,841,522,776,7,4,61,28,25,9,131,43
20260906,r3_d30_t1_w20,196,89,1461,845,527,780,6,6,59,29,23,11,131,43
20260906,r3_d30_t1_w20,197,85,1469,849,535,787,6,8,54,32,19,12,131,43
20260906,r3_d30_t1_w20,198,85,1477,854,538,795,14,9,50,27,16,12,131,43
20260906,r3_d30_t1_w20,199,82,1483,856,545,798,9,7,51,33,13,12,131,43
20260906,r3_d30_t1_w20,200,87,1493,861,545,801,3,7,53,37,12,12,131,43
20260906,r3_d30_t1_w20,201,95,1502,862,545,803,16,6,53,25,13,14,131,43
20260906,r3_d30_t1_w20,202,95,1507,867,545,808,24,6,53,17,12,14,131,43
20260906,r3_d30_t1_w20,203,99,1517,873,545,813,15,11,49,25,13,15,131,43
20260906,r3_d30_t1_w20,204,101,1524,878,545,820,18,11,47,24,13,14,131,43
20260906,r3_d30_t1_w20,205,98,1529,886,545,825,30,13,48,9,13,14,131,43
20260906,r3_d30_t1_w20,206,104,1538,889,545,830,22,11,48,19,11,16,131,43
20260906,r3_d30_t1_w20,207,110,1546,891,545,835,17,5,51,27,11,17,131,43
20260906,r3_d30_t1_w20,208,115,1554,894,545,837,27,5,52,16,12,18,131,43
20260906,r3_d30_t1_w20,209,117,1560,898,545,840,33,7,51,9,12,18,131,43
20260906,r3_d30_t1_w20,210,116,1566,905,545,843,31,11,51,7,13,17,131,43
20260906,r3_d30_t1_w20,211,118,1576,913,545,846,21,15,52,12,15,17,131,43
20260906,r3_d30_t1_w20,212,116,1585,914,555,847,16,9,58,17,22,16,131,43
20260906,r3_d30_t1_w20,213,114,1590,917,559,852,14,4,61,21,21,15,131,43
20260906,r3_d30_t1_w20,214,113,1598,921,564,855,9,7,59,25,21,15,131,43
20260906,r3_d30_t1_w20,215,110,1603,925,568,856,4,8,61,27,21,15,131,43
20260906,r3_d30_t1_w20,216,107,1610,928,575,862,0,7,59,34,22,15,131,43
20260906,r3_d30_t1_w20,217,108,1619,929,582,868,11,4,57,28,22,14,131,43
20260906,r3_d30_t1_w20,218,107,1628,936,585,872,21,8,56,15,22,13,131,43
20260906,r3_d30_t1_w20,219,108,1636,943,585,876,20,14,53,13,21,12,131,43
20260906,r3_d30_t1_w20,220,109,1646,944,593,880,19,8,56,17,23,11,131,43
20260906,r3_d30_t1_w20,221,103,1652,951,598,884,10,8,59,23,21,11,131,43
20260906,r3_d30_t1_w20,222,104,1660,958,598,892,5,14,52,29,20,10,131,43
20260906,r3_d30_t1_w20,223,104,1667,960,603,894,15,9,57,19,21,11,131,43
20260906,r3_d30_t1_w20,224,105,1676,965,606,898,24,7,60,9,24,10,131,43
20260906,r3_d30_t1_w20,225,109,1684,969,606,900,22,9,60,9,25,12,131,43
20260906,r3_d30_t1_w20,226,107,1694,974,613,903,21,9,62,8,23,14,131,43
20260906,r3_d30_t1_w20,227,103,1699,976,620,908,21,7,61,11,20,14,131,43
20260906,r3_d30_t1_w20,228,100,1705,979,626,915,11,5,59,25,16,14,131,43
20260906,r3_d30_t1_w20,229,98,1712,984,630,918,1,8,58,33,13,15,131,43
20260906,r3_d30_t1_w20,230,107,1722,985,630,921,4,6,58,32,15,17,131,43
20260906,r3_d30_t1_w20,231,108,1727,989,630,926,3,5,58,34,13,18,131,43
20260906,r3_d30_t1_w20,232,113,1737,994,630,932,8,9,53,30,12,20,131,43
20260906,r3_d30_t1_w20,233,121,1747,996,630,937,18,7,52,23,13,22,131,43
20260906,r3_d30_t1_w20,234,123,1754,1001,630,939,15,7,55,23,14,22,131,43
20260906,r3_d30_t1_w20,235,130,1763,1003,630,942,3,7,54,36,13,22,111,40
20260906,r3_d30_t1_w20,236,136,1772,1006,630,943,14,5,58,23,11,22,111,40
20260906,r3_d30_t1_w20,237,136,1779,1008,635,947,24,5,56,15,13,22,111,40
20260906,r3_d30_t1_w20,238,137,1787,1008,642,949,12,2,57,29,15,21,111,40
20260906,r3_d30_t1_w20,239,134,1793,1012,647,953,4,4,55,37,13,21,111,40
20260906,r3_d30_t1_w20,240,130,1800,1016,654,963,3,8,45,44,17,20,131,43
20260906,r3_d30_t1_w20,241,130,1807,1019,658,970,14,7,42,37,22,18,131,43
20260906,r3_d30_t1_w20,242,124,1817,1035,658,977,16,19,39,26,22,17,131,43
20260906,r3_d30_t1_w20,243,116,1823,1049,658,982,16,30,37,17,24,15,131,43
20260906,r3_d30_t1_w20,244,121,1831,1052,658,983,7,17,52,24,25,15,131,43
20260906,r3_d30_t1_w20,245,118,1839,1056,665,986,3,7,63,27,26,14,131,43
20260906,r3_d30_t1_w20,246,115,1847,1065,667,986,3,13,66,18,24,12,131,43
20260906,r3_d30_t1_w20,247,116,1855,1069,670,987,3,13,69,15,24,12,131,43
20260906,r3_d30_t1_w20,248,116,1863,1077,670,993,4,12,72,12,25,10,131,43
20260906,r3_d30_t1_w20,249,119,1873,1082,672,994,4,13,75,8,26,9,131,43
20260906,r3_d30_t1_w20,250,114,1879,1087,678,997,4,10,80,6,26,9,131,43
20260906,r3_d30_t1_w20,251,113,1884,1088,683,999,2,6,83,9,27,10,131,43
20260906,r3_d30_t1_w20,252,113,1893,1090,690,1000,1,3,87,9,28,10,131,43
20260906,r3_d30_t1_w20,253,106,1899,1096,697,1004,1,8,84,7,26,10,131,43
20260906,r3_d30_t1_w20,254,112,1909,1097,700,1008,4,7,82,7,28,10,131,43
20260906,r3_d30_t1_w20,255,108,1916,1101,707,1014,5,5,82,8,28,10,122,43
20260906,r3_d30_t1_w20,256,106,1923,1104,713,1018,7,7,79,7,26,11,122,43
20260906,r3_d30_t1_w20,257,106,1932,1109,717,1022,7,8,79,6,28,13,122,43
20260906,r3_d30_t1_w20,258,104,1937,1110,723,1028,1,6,76,17,26,13,122,43
20260906,r3_d30_t1_w20,259,104,1945,1113,728,1034,1,4,75,20,21,14,122,43
20260906,r3_d30_t1_w20,260,108,1951,1115,728,1043,4,5,67,24,21,14,131,43
20260906,r3_d30_t1_w20,261,117,1961,1116,728,1051,2,3,62,33,22,15,131,43
20260906,r3_d30_t1_w20,262,122,1971,1120,729,1057,3,5,58,34,19,15,131,43
20260906,r3_d30_t1_w20,263,129,1981,1123,729,1065,1,7,51,41,20,16,131,43
20260906,r3_d30_t1_w20,264,136,1991,1126,729,1072,4,6,48,42,18,17,131,43
20260906,r3_d30_t1_w20,265,136,2000,1131,733,1078,17,8,45,30,15,18,131,43
20260906,r3_d30_t1_w20,266,135,2006,1132,739,1084,39,6,42,13,15,18,131,43
20260906,r3_d30_t1_w20,267,135,2013,1136,742,1090,51,5,41,3,15,18,131,43
20260906,r3_d30_t1_w20,268,133,2019,1138,748,1093,53,6,39,2,14,21,131,43
20260906,r3_d30_t1_w20,269,132,2027,1138,757,1094,51,2,42,5,15,19,131,43
20260906,r3_d30_t1_w20,270,136,2035,1139,760,1095,24,1,43,32,21,18,131,43
20260906,r3_d30_t1_w20,271,135,2041,1144,762,1100,9,6,38,47,20,18,131,43
20260906,r3_d30_t1_w20,272,127,2049,1152,770,1101,12,13,38,37,21,17,131,43
20260906,r3_d30_t1_w20,273,124,2058,1160,774,1106,7,16,38,39,24,16,131,43
20260906,r3_d30_t1_w20,274,115,2067,1170,782,1106,0,18,46,36,23,16,131,43
20260906,r3_d30_t1_w20,275,111,2072,1176,785,1109,4,16,51,29,23,15,131,43
20260906,r3_d30_t1_w20,276,105,2077,1180,792,1113,2,10,57,31,23,14,131,43
20260906,r3_d30_t1_w20,277,106,2085,1183,796,1116,14,7,60,19,22,14,131,43
20260906,r3_d30_t1_w20,278,110,2093,1184,799,1118,20,4,62,14,25,14,131,43
20260906,r3_d30_t1_w20,279,110,2101,1185,806,1120,11,2,63,24,26,13,131,43
20260906,r3_d30_t1_w20,280,103,2106,1197,806,1127,4,13,57,26,27,12,131,43
20260906,r3_d30_t1_w20,281,98,2112,1200,814,1131,5,15,54,26,26,11,131,43
20260906,r3_d30_t1_w20,282,95,2120,1203,822,1132,6,6,65,23,26,11,131,43
20260906,r3_d30_t1_w20,283,94,2128,1207,827,1136,7,7,64,22,24,12,131,43
20260906,r3_d30_t1_w20,284,90,2136,1209,837,1137,6,6,66,22,25,14,131,43
20260906,r3_d30_t1_w20,285,90,2144,1211,843,1145,5,4,62,29,23,14,121,40
20260906,r3_d30_t1_w20,286,89,2154,1222,843,1149,2,13,60,25,23,15,121,40
20260906,r3_d30_t1_w20,287,79,2161,1239,843,1151,2,28,60,10,17,15,121,40
20260906,r3_d30_t1_w20,288,85,2169,1241,843,1153,4,19,69,8,20,15,121,40
20260906,r3_d30_t1_w20,289,83,2174,1243,848,1158,2,4,81,13,16,16,121,40
20260906,r3_d30_t1_w20,290,87,2181,1246,848,1160,3,5,81,11,14,17,126,43
20260906,r3_d30_t1_w20,291,90,2188,1250,848,1170,5,7,73,15,14,16,126,43
20260906,r3_d30_t1_w20,292,98,2196,1250,848,1174,0,4,72,24,15,16,126,43
20260906,r3_d30_t1_w20,293,99,2204,1257,848,1178,2,7,72,19,14,15,126,43
20260906,r3_d30_t1_w20,294,102,2209,1259,848,1181,6,9,69,16,15,16,126,43
20260906,r3_d30_t1_w20,295,106,2215,1261,848,1187,2,4,70,24,15,16,131,43
20260906,r3_d30_t1_w20,296,108,2222,1266,848,1193,2,7,66,25,13,17,131,43
20260906,r3_d30_t1_w20,297,111,2228,1269,848,1199,8,8,62,22,14,17,131,43
20260906,r3_d30_t1_w20,298,115,2235,1270,850,1202,10,4,64,22,16,17,131,43
20260906,r3_d30_t1_w20,299,111,2240,1273,856,1205,10,4,64,22,13,18,131,43
20260906,r3_d30_t1_w20,300,113,2247,1275,859,1210,3,5,60,32,17,18,131,43
20260906,r3_d30_t1_w20,301,116,2255,1275,864,1217,4,2,56,38,22,17,131,43
20260906,r3_d30_t1_w20,302,114,2264,1282,868,1220,4,7,55,34,21,17,131,43
20260906,r3_d30_t1_w20,303,108,2273,1291,874,1226,5,16,49,30,21,17,131,43
20260906,r3_d30_t1_w20,304,106,2278,1298,874,1231,1,16,51,32,22,17,131,43
20260906,r3_d30_t1_w20,305,95,2284,1312,877,1233,0,21,58,21,21,16,131,43
20260906,r3_d30_t1_w20,306,80,2290,1327,883,1241,0,29,57,14,19,11,131,43
20260906,r3_d30_t1_w20,307,80,2297,1328,889,1242,1,16,70,13,22,10,131,43
20260906,r3_d30_t1_w20,308,80,2305,1333,892,1252,2,6,75,17,21,10,131,43
20260906,r3_d30_t1_w20,309,82,2312,1335,895,1256,2,7,72,19,23,9,131,43
20260906,r3_d30_t1_w20,310,77,2317,1341,899,1258,2,8,75,15,22,7,131,43
20260906,r3_d30_t1_w20,311,75,2323,1344,904,1262,2,9,73,16,25,7,131,43
20260906,r3_d30_t1_w20,312,74,2330,1346,910,1264,7,5,77,11,24,7,131,43
20260906,r3_d30_t1_w20,313,68,2335,1350,917,1265,8,6,79,7,21,7,131,43
20260906,r3_d30_t1_w20,314,65,2340,1357,918,1270,8,11,76,5,20,7,131,43
20260906,r3_d30_t1_w20,315,70,2348,1359,919,1274,8,9,76,7,21,9,131,43
20260906,r3_d30_t1_w20,316,73,2358,1362,923,1279,1,5,78,16,22,9,131,43
20260906,r3_d30_t1_w20,317,78,2365,1364,923,1287,0,5,72,23,23,10,131,43
20260906,r3_d30_t1_w20,318,75,2371,1369,927,1294,0,7,68,25,18,10,131,43
20260906,r3_d30_t1_w20,319,79,2380,1373,928,1301,3,9,63,25,17,11,131,43
20260906,r3_d30_t1_w20,320,79,2387,1380,928,1306,0,11,63,26,16,12,131,43
20260906,r3_d30_t1_w20,321,83,2394,1383,928,1315,1,10,58,31,15,12,131,43
20260906,r3_d30_t1_w20,322,89,2403,1386,928,1319,8,6,61,25,12,14,131,43
20260906,r3_d30_t1_w20,323,97,2412,1387,928,1326,12,4,57,27,13,14,131,43
20260906,r3_d30_t1_w20,324,97,2420,1395,928,1332,13,9,54,24,14,14,131,43
20260906,r3_d30_t1_w20,325,97,2430,1405,928,1336,12,18,51,19,15,13,131,43
20260906,r3_d30_t1_w20,326,102,2439,1409,928,1338,1,14,57,28,15,15,131,43
20260906,r3_d30_t1_w20,327,99,2445,1418,928,1344,2,13,61,24,12,14,131,43
20260906,r3_d30_t1_w20,328,109,2455,1418,928,1348,12,9,61,18,14,15,131,43
20260906,r3_d30_t1_w20,329,116,2464,1420,928,1351,15,2,67,16,13,15,131,43
20260906,r3_d30_t1_w20,330,123,2474,1423,928,1354,12,5,64,19,19,15,131,43
20260906,r3_d30_t1_w20,331,130,2482,1424,928,1358,2,4,62,32,22,15,131,43
20260906,r3_d30_t1_w20,332,126,2491,1437,928,1362,1,14,61,24,19,15,131,43
20260906,r3_d30_t1_w20,333,124,2497,1443,930,1368,3,19,56,22,18,15,131,43
20260906,r3_d30_t1_w20,334,123,2502,1445,934,1370,2,8,67,23,20,14,131,43
20260906,r3_d30_t1_w20,335,124,2511,1453,934,1375,11,10,68,11,22,14,121,40
20260906,r3_d30_t1_w20,336,125,2519,1456,938,1380,13,11,65,11,23,14,121,40
20260906,r3_d30_t1_w20,337,126,2529,1461,942,1384,13,8,69,10,24,13,121,40
20260906,r3_d30_t1_w20,338,124,2535,1466,945,1388,15,10,68,7,25,12,121,40
20260906,r3_d30_t1_w20,339,122,2542,1470,950,1393,5,9,68,18,26,11,121,40
20260906,r3_d30_t1_w20,340,120,2549,1473,956,1394,0,7,72,21,26,10,131,43
20260906,r3_d30_t1_w20,341,119,2556,1477,960,1396,0,7,74,19,25,9,131,43
20260906,r3_d30_t1_w20,342,116,2564,1479,969,1402,3,6,71,20,26,8,131,43
20260906,r3_d30_t1_w20,343,115,2574,1483,976,1405,13,6,72,9,26,9,131,43
20260906,r3_d30_t1_w20,344,110,2582,1490,982,1411,6,11,68,15,23,10,131,43
20260906,r3_d30_t1_w20,345,113,2592,1492,987,1420,1,9,63,27,26,11,131,43
20260906,r3_d30_t1_w20,346,110,2599,1496,993,1425,1,6,65,28,24,14,131,43
20260906,r3_d30_t1_w20,347,107,2605,1505,993,1431,0,13,61,26,22,14,131,43
20260906,r3_d30_t1_w20,348,102,2611,1510,999,1441,12,14,55,19,17,16,131,43
20260906,r3_d30_t1_w20,349,100,2619,1511,1008,1444,19,6,61,14,13,17,131,43
20260906,r3_d30_t1_w20,350,103,2624,1513,1008,1446,19,3,64,14,14,17,131,43
20260906,r3_d30_t1_w20,351,106,2630,1516,1008,1451,19,5,60,16,15,18,131,43
20260906,r3_d30_t1_w20,352,110,2637,1519,1008,1454,10,6,59,25,16,18,131,43
20260906,r3_d30_t1_w20,353,112,2644,1524,1008,1460,4,8,56,32,15,19,131,43
20260906,r3_d30_t1_w20,354,118,2652,1526,1008,1466,5,7,53,35,14,20,131,43
20260906,r3_d30_t1_w20,355,125,2662,1527,1010,1473,9,3,51,37,14,20,131,43
20260906,r3_d30_t1_w20,356,120,2668,1531,1017,1476,16,5,50,29,12,20,131,43
20260906,r3_d30_t1_w20,357,121,2677,1535,1021,1483,30,8,44,18,10,20,131,43
20260906,r3_d30_t1_w20,358,121,2682,1538,1023,1487,31,7,44,18,12,20,131,43
20260906,r3_d30_t1_w20,359,120,2688,1545,1023,1489,26,10,46,18,13,19,131,43
20260906,r3_d30_t1_w20,360,122,2695,1546,1027,1493,17,8,45,30,18,18,126,43
20260906,r3_d30_t1_w20,361,123,2703,1547,1033,1498,9,2,47,42,21,17,126,43
20260906,r3_d30_t1_w20,362,112,2709,1564,1033,1502,0,18,44,38,21,14,126,43
20260906,r3_d30_t1_w20,363,111,2719,1572,1036,1504,0,25,43,32,24,14,126,43
20260906,r3_d30_t1_w20,364,107,2725,1574,1044,1508,10,10,56,24,25,13,126,43
20260906,r3_d30_t1_w20,365,101,2732,1581,1050,1511,0,9,61,30,25,11,131,43
20260906,r3_d30_t1_w20,366,98,2740,1586,1056,1512,0,12,62,26,24,10,131,43
20260906,r3_d30_t1_w20,367,97,2748,1595,1056,1515,0,14,66,20,26,10,131,43
20260906,r3_d30_t1_w20,368,100,2754,1597,1057,1520,1,11,66,22,28,10,131,43
20260906,r3_d30_t1_w20,369,101,2763,1601,1061,1524,1,6,71,22,31,9,131,43
20260906,r3_d30_t1_w20,370,98,2770,1609,1063,1529,0,12,68,20,30,9,131,43
20260906,r3_d30_t1_w20,371,98,2780,1617,1065,1530,0,16,71,13,29,9,131,43
20260906,r3_d30_t1_w20,372,96,2786,1620,1070,1533,1,11,76,12,28,8,131,43
20260906,r3_d30_t1_w20,373,100,2796,1621,1075,1536,1,4,81,14,28,8,131,43
20260906,r3_d30_t1_w20,374,98,2803,1624,1081,1541,1,4,79,16,30,9,131,43
20260906,r3_d30_t1_w20,375,95,2811,1626,1090,1544,1,5,77,17,31,10,131,43
20260906,r3_d30_t1_w20,376,92,2820,1633,1095,1550,0,9,74,17,27,11,131,43
20260906,r3_d30_t1_w20,377,88,2825,1634,1103,1556,1,8,70,21,24,11,131,43
20260906,r3_d30_t1_w20,378,89,2833,1638,1106,1566,2,5,67,26,20,13,131,43
20260906,r3_d30_t1_w20,379,93,2842,1642,1107,1569,0,8,65,27,18,14,131,43
20260906,r3_d30_t1_w20,380,99,2852,1646,1107,1573,0,8,65,27,21,13,115,42
20260906,r3_d30_t1_w20,381,105,2861,1649,1107,1578,0,7,64,29,21,14,115,42
20260906,r3_d30_t1_w20,382,107,2867,1653,1107,1581,0,7,65,28,22,15,115,42
20260906,r3_d30_t1_w20,383,111,2877,1658,1108,1589,0,9,60,31,22,15,115,42
20260906,r3_d30_t1_w20,384,113,2884,1663,1108,1600,2,10,53,35,20,16,115,42
20260906,r3_d30_t1_w20,385,115,2890,1667,1108,1603,2,9,55,34,19,17,131,43
20260906,r3_d30_t1_w20,386,118,2900,1674,1108,1607,3,11,56,30,16,17,131,43
20260906,r3_d30_t1_w20,387,124,2910,1678,1108,1612,5,11,55,29,17,18,131,43
20260906,r3_d30_t1_w20,388,125,2915,1681,1109,1615,3,7,59,31,15,18,131,43
20260906,r3_d30_t1_w20,389,123,2921,1686,1112,1619,3,8,59,30,14,17,131,43
20260906,r3_d30_t1_w20,390,127,2931,1689,1115,1622,0,8,59,33,21,15,121,40
20260906,r3_d30_t1_w20,391,126,2940,1693,1121,1631,2,7,55,36,19,15,121,40
20260906,r3_d30_t1_w20,392,125,2947,1696,1126,1633,5,7,56,32,18,15,121,40
20260906,r3_d30_t1_w20,393,120,2953,1702,1131,1637,14,9,56,21,20,12,121,40
20260906,r3_d30_t1_w20,394,117,2962,1714,1131,1639,4,18,57,21,22,11,121,40
20260906,r3_d30_t1_w20,395,116,2969,1722,1131,1643,3,20,59,18,21,11,131,43
20260906,r3_d30_t1_w20,396,124,2978,1723,1131,1646,3,9,68,20,23,11,131,43
20260906,r3_d30_t1_w20,397,126,2987,1727,1134,1650,0,5,72,23,24,11,131,43
20260906,r3_d30_t1_w20,398,126,2995,1731,1138,1652,1,8,71,20,24,12,131,43
20260906,r3_d30_t1_w20,399,128,3005,1733,1144,1655,0,6,72,22,24,14,131,43
20260906,r3_d30_t1_w20,400,128,3015,1743,1144,1659,0,12,72,16,27,15,131,43
20260906,r3_d30_t1_w20,401,132,3025,1749,1144,1667,0,16,66,18,26,16,131,43
20260906,r3_d30_t1_w20,402,137,3034,1753,1144,1675,0,10,68,22,27,16,131,43
20260906,r3_d30_t1_w20,403,134,3041,1760,1147,1677,0,11,72,17,26,16,131,43
20260906,r3_d30_t1_w20,404,134,3047,1763,1150,1683,0,10,70,20,25,16,131,43
20260906,r3_d30_t1_w20,405,133,3055,1767,1155,1687,1,7,73,19,26,16,131,43
20260906,r3_d30_t1_w20,406,126,3063,1774,1163,1694,2,11,69,18,25,16,131,43
20260906,r3_d30_t1_w20,407,126,3072,1780,1166,1701,3,13,66,18,26,16,131,43
20260906,r3_d30_t1_w20,408,121,3080,1790,1169,1703,3,16,71,10,23,17,131,43
20260906,r3_d30_t1_w20,409,119,3085,1793,1173,1703,2,13,77,8,19,16,131,43
20260906,r3_d30_t1_w20,410,122,3091,1796,1173,1712,1,6,78,15,18,17,131,43
20260906,r3_d30_t1_w20,411,129,3098,1796,1173,1717,0,3,76,21,20,17,131,43
20260906,r3_d30_t1_w20,412,126,3103,1804,1173,1727,0,8,69,23,17,17,131,43
20260906,r3_d30_t1_w20,413,132,3113,1808,1173,1728,0,12,68,20,20,17,131,43
20260906,r3_d30_t1_w20,414,131,3120,1816,1173,1733,0,12,71,17,17,16,131,43
20260906,r3_d30_t1_w20,415,128,3125,1818,1179,1738,3,10,70,17,15,17,131,43
20260906,r3_d30_t1_w20,416,125,3131,1821,1185,1745,7,5,71,17,14,17,131,43
20260906,r3_d30_t1_w20,417,124,3139,1823,1192,1752,11,5,66,18,14,15,131,43
20260906,r3_d30_t1_w20,418,125,3148,1826,1197,1757,9,5,64,22,16,17,131,43
20260906,r3_d30_t1_w20,419,125,3157,1831,1201,1762,3,8,61,28,15,16,131,43
20260906,r3_d30_t1_w20,420,121,3163,1834,1208,1770,4,8,56,32,18,15,131,43
20260906,r3_d30_t1_w20,421,121,3173,1836,1216,1778,5,5,53,37,22,14,131,43
20260906,r3_d30_t1_w20,422,120,3180,1842,1218,1779,3,8,55,34,23,13,131,43
20260906,r3_d30_t1_w20,423,116,3190,1853,1221,1782,4,17,54,25,22,12,131,43
20260906,r3_d30_t1_w20,424,106,3196,1864,1226,1786,4,22,56,18,24,12,131,43
20260906,r3_d30_t1_w20,425,108,3203,1866,1229,1790,4,13,63,20,25,12,131,43
20260906,r3_d30_t1_w20,426,104,3208,1871,1233,1797,6,7,67,20,24,10,131,43
20260906,r3_d30_t1_w20,427,101,3216,1877,1238,1801,5,11,65,19,24,8,131,43
20260906,r3_d30_t1_w20,428,101,3222,1879,1242,1809,4,8,62,26,25,8,131,43
20260906,r3_d30_t1_w20,429,98,3228,1884,1246,1819,6,7,58,29,23,7,131,43
20260906,r3_d30_t1_w20,430,94,3235,1893,1248,1820,7,14,59,20,22,7,131,43
20260906,r3_d30_t1_w20,431,86,3242,1905,1251,1822,8,21,62,9,22,7,131,43
20260906,r3_d30_t1_w20,432,86,3248,1909,1253,1824,7,16,69,8,24,7,131,43
20260906,r3_d30_t1_w20,433,88,3257,1911,1258,1826,6,6,79,9,26,7,131,43
20260906,r3_d30_t1_w20,434,91,3266,1915,1260,1833,2,6,76,16,31,7,131,43
20260906,r3_d30_t1_w20,435,92,3275,1918,1265,1836,0,7,75,18,31,8,131,43
20260906,r3_d30_t1_w20,436,92,3283,1923,1268,1840,0,8,75,17,29,8,131,43
20260906,r3_d30_t1_w20,437,89,3289,1926,1274,1844,1,8,74,17,29,9,131,43
20260906,r3_d30_t1_w20,438,90,3298,1928,1280,1848,5,5,75,15,29,10,131,43
20260906,r3_d30_t1_w20,439,89,3307,1930,1288,1851,0,4,75,21,23,12,131,43
20260906,r3_d30_t1_w20,440,90,3312,1934,1288,1855,0,6,73,21,20,12,131,43
20260906,r3_d30_t1_w20,441,93,3319,1938,1288,1862,2,8,68,22,18,12,131,43
20260906,r3_d30_t1_w20,442,98,3325,1939,1288,1868,7,5,66,22,20,13,131,43
20260906,r3_d30_t1_w20,443,106,3335,1941,1288,1880,13,3,58,26,21,13,131,43
20260906,r3_d30_t1_w20,444,111,3343,1944,1288,1882,13,5,57,25,21,15,131,43
20260906,r3_d30_t1_w20,445,114,3348,1946,1288,1885,14,5,56,25,20,15,121,40
20260906,r3_d30_t1_w20,446,117,3353,1946,1290,1891,13,2,53,32,20,15,121,40
20260906,r3_d30_t1_w20,447,114,3362,1958,1290,1896,10,12,50,28,19,15,121,40
20260906,r3_d30_t1_w20,448,115,3369,1964,1290,1899,18,18,47,17,20,15,121,40
20260906,r3_d30_t1_w20,449,117,3375,1968,1290,1905,15,10,53,22,21,17,121,40
20260906,r3_d30_t1_w20,450,116,3381,1972,1293,1913,3,8,51,38,22,16,131,43
20260906,r3_d30_t1_w20,451,116,3388,1973,1299,1918,13,5,50,32,26,16,131,43
20260906,r3_d30_t1_w20,452,113,3394,1979,1302,1922,11,7,50,32,28,16,131,43
20260906,r3_d30_t1_w20,453,104,3400,1989,1307,1924,4,16,49,31,27,16,131,43
20260906,r3_d30_t1_w20,454,103,3408,1998,1307,1926,3,19,53,25,27,15,131,43
20260906,r3_d30_t1_w20,455,100,3417,2003,1314,1931,3,14,58,25,27,13,131,43
20260906,r3_d30_t1_w20,456,98,3426,2006,1322,1933,4,8,65,23,27,11,131,43
20260906,r3_d30_t1_w20,457,100,3435,2010,1325,1935,2,7,68,23,29,10,131,43
20260906,r3_d30_t1_w20,458,97,3441,2013,1331,1941,2,7,65,26,28,10,131,43
20260906,r3_d30_t1_w20,459,94,3447,2015,1338,1943,1,5,67,27,29,8,131,43
20260906,r3_d30_t1_w20,460,92,3456,2026,1338,1947,0,13,66,21,28,8,131,43
20260906,r3_d30_t1_w20,461,91,3465,2036,1338,1950,0,21,65,14,27,9,131,43
20260906,r3_d30_t1_w20,462,93,3474,2043,1338,1956,2,17,70,11,29,10,131,43
20260906,r3_d30_t1_w20,463,92,3480,2047,1341,1957,2,11,79,8,29,9,131,43
20260906,r3_d30_t1_w20,464,88,3486,2054,1344,1962,0,11,81,8,31,8,131,43
20260906,r3_d30_t1_w20,465,89,3493,2057,1347,1969,0,10,78,12,30,9,131,43
20260906,r3_d30_t1_w20,466,88,3498,2060,1350,1973,0,6,81,13,29,10,131,43
20260906,r3_d30_t1_w20,467,83,3504,2065,1356,1976,0,8,81,11,24,11,131,43
20260906,r3_d30_t1_w20,468,85,3513,2068,1360,1981,0,8,79,13,22,11,131,43
20260906,r3_d30_t1_w20,469,87,3523,2070,1366,1988,1,5,77,17,18,12,131,43
20260906,r3_d30_t1_w20,470,94,3533,2073,1366,1994,3,5,74,18,16,14,131,43
20260906,r3_d30_t1_w20,471,100,3543,2077,1366,2000,8,7,70,15,15,15,131,43
20260906,r3_d30_t1_w20,472,105,3551,2080,1366,2007,15,7,66,12,15,16,131,43
20260906,r3_d30_t1_w20,473,109,3559,2084,1366,2012,15,7,65,13,16,16,131,43
20260906,r3_d30_t1_w20,474,110,3566,2090,1366,2020,5,10,60,25,17,15,131,43
20260906,r3_d30_t1_w20,475,112,3573,2095,1366,2025,0,11,59,30,16,15,131,43
20260906,r3_d30_t1_w20,476,117,3581,2098,1366,2030,0,8,60,32,19,15,131,43
20260906,r3_d30_t1_w20,477,120,3589,2103,1366,2036,0,8,59,33,18,16,131,43
20260906,r3_d30_t1_w20,478,126,3597,2105,1366,2042,0,7,56,37,21,16,131,43
20260906,r3_d30_t1_w20,479,132,3607,2109,1366,2047,1,6,56,37,20,17,131,43
20260906,r3_d30_t1_w20,480,126,3612,2113,1373,2056,5,8,49,38,22,15,131,43
20260906,r3_d30_t1_w20,481,125,3622,2115,1382,2060,7,6,49,38,26,14,131,43
20260906,r3_d30_t1_w20,482,122,3630,2122,1386,2063,7,9,50,34,27,13,131,43
20260906,r3_d30_t1_w20,483,121,3640,2133,1386,2066,7,18,49,26,26,13,131,43
20260906,r3_d30_t1_w20,484,118,3649,2145,1386,2069,7,23,53,17,24,11,131,43
20260906,r3_d30_t1_w20,485,121,3657,2149,1387,2072,5,16,61,18,24,10,131,43
20260906,r3_d30_t1_w20,486,116,3663,2160,1387,2079,0,15,66,19,23,10,131,43
20260906,r3_d30_t1_w20,487,122,3672,2163,1387,2081,0,14,68,18,26,10,131,43
20260906,r3_d30_t1_w20,488,121,3678,2170,1387,2083,0,10,77,13,25,9,131,43
20260906,r3_d30_t1_w20,489,126,3688,2171,1391,2086,2,8,77,13,24,9,131,43
20260906,r3_d30_t1_w20,490,122,3697,2175,1400,2090,1,5,80,14,22,10,126,43
20260906,r3_d30_t1_w20,491,119,3702,2175,1408,2094,1,4,77,18,23,11,126,43
20260906,r3_d30_t1_w20,492,113,3709,2180,1416,2098,3,5,77,15,23,11,126,43
20260906,r3_d30_t1_w20,493,110,3714,2184,1420,2102,1,9,73,17,22,11,126,43
20260906,r3_d30_t1_w20,494,107,3721,2191,1423,2105,1,11,75,13,24,11,126,43
20260906,r3_d30_t1_w20,495,111,3730,2194,1425,2110,2,10,74,14,23,11,131,43
20260906,r3_d30_t1_w20,496,111,3736,2198,1427,2119,3,7,72,18,21,11,131,43
20260906,r3_d30_t1_w20,497,110,3742,2201,1431,2124,11,7,70,12,20,12,131,43
20260906,r3_d30_t1_w20,498,115,3752,2203,1434,2129,19,5,69,7,21,13,131,43
20260906,r3_d30_t1_w20,499,113,3759,2208,1438,2138,20,7,63,10,18,13,131,43
20260906,r3_d30_t1_w20,500,120,3766,2208,1438,2146,10,5,57,28,20,15,131,43
20260906,r3_d30_t1_w20,501,119,3772,2215,1438,2150,3,7,58,32,15,15,131,43
20260906,r3_d30_t1_w20,502,119,3779,2218,1442,2155,13,10,53,24,13,16,131,43
20260906,r3_d30_t1_w20,503,114,3785,2220,1451,2159,21,5,56,18,13,16,131,43
20260906,r3_d30_t1_w20,504,114,3795,2227,1454,2166,15,9,52,24,15,16,131,43
20260906,r3_d30_t1_w20,505,111,3800,2230,1459,2169,8,10,51,31,13,15,131,43
20260906,r3_d30_t1_w20,506,112,3809,2234,1463,2173,15,7,54,24,14,15,131,43
20260906,r3_d30_t1_w20,507,113,3816,2235,1468,2176,10,5,54,31,13,17,131,43
20260906,r3_d30_t1_w20,508,117,3826,2238,1471,2182,12,4,52,32,13,17,131,43
20260906,r3_d30_t1_w20,509,109,3831,2243,1479,2184,12,8,51,29,12,18,131,43
20260906,r3_d30_t1_w20,510,110,3839,2250,1479,2187,7,12,51,30,18,18,131,43
20260906,r3_d30_t1_w20,511,107,3847,2261,1479,2191,3,18,52,27,23,15,131,43
20260906,r3_d30_t1_w20,512,104,3855,2272,1479,2192,0,22,58,20,25,15,131,43
20260906,r3_d30_t1_w20,513,103,3864,2282,1479,2196,0,21,65,14,26,13,131,43
20260906,r3_d30_t1_w20,514,107,3869,2283,1479,2200,3,11,72,14,26,13,131,43
20260906,r3_d30_t1_w20,515,111,3878,2285,1482,2204,7,3,78,12,25,13,131,43
20260906,r3_d30_t1_w20,516,109,3883,2287,1487,2210,8,4,73,15,25,12,131,43
20260906,r3_d30_t1_w20,517,107,3888,2290,1491,2212,7,5,73,15,25,11,131,43
20260906,r3_d30_t1_w20,518,108,3897,2295,1494,2217,3,8,70,19,25,9,131,43
20260906,r3_d30_t1_w20,519,109,3905,2299,1497,2223,4,9,67,20,23,9,131,43
20260906,r3_d30_t1_w20,520,112,3915,2301,1502,2224,8,6,71,15,25,9,101,38
20260906,r3_d30_t1_w20,521,115,3925,2308,1502,2229,5,9,70,16,27,10,101,38
20260906,r3_d30_t1_w20,522,106,3930,2316,1508,2237,3,15,64,18,24,10,101,38
20260906,r3_d30_t1_w20,523,109,3939,2318,1512,2239,1,10,69,20,25,11,101,38
20260906,r3_d30_t1_w20,524,103,3946,2325,1518,2243,3,9,73,15,23,12,101,38
20260906,r3_d30_t1_w20,525,104,3954,2329,1521,2247,6,11,71,12,25,12,126,43
20260906,r3_d30_t1_w20,526,102,3962,2334,1526,2252,6,9,73,12,22,13,126,43
20260906,r3_d30_t1_w20,527,97,3969,2341,1531,2254,6,12,75,7,24,14,126,43
20260906,r3_d30_t1_w20,528,94,3978,2346,1538,2264,5,12,70,13,21,15,126,43
20260906,r3_d30_t1_w20,529,95,3985,2348,1542,2270,2,7,71,20,16,16,126,43
20260906,r3_d30_t1_w20,530,99,3994,2353,1542,2276,6,7,70,17,15,16,131,43
20260906,r3_d30_t1_w20,531,101,3999,2356,1542,2282,11,8,66,15,13,16,131,43
20260906,r3_d30_t1_w20,532,106,4007,2359,1542,2284,15,6,69,10,12,17,131,43
20260906,r3_d30_t1_w20,533,110,4014,2362,1542,2288,17,6,68,9,13,17,131,43
20260906,r3_d30_t1_w20,534,115,4020,2363,1542,2296,13,4,63,20,14,18,131,43
20260906,r3_d30_t1_w20,535,114,4025,2369,1542,2302,13,7,60,20,13,18,131,43
20260906,r3_d30_t1_w20,536,120,4033,2371,1542,2306,12,8,57,23,16,16,131,43
20260906,r3_d30_t1_w20,537,124,4041,2375,1542,2307,6,6,62,26,16,17,131,43
20260906,r3_d30_t1_w20,538,124,4049,2382,1543,2313,0,11,58,31,18,17,131,43
20260906,r3_d30_t1_w20,539,125,4057,2385,1547,2321,1,10,54,35,20,16,131,43
20260906,r3_d30_t1_w20,540,123,4065,2390,1552,2327,3,8,55,34,25,16,131,43
20260906,r3_d30_t1_w20,541,120,4075,2396,1559,2331,3,11,54,32,23,16,131,43
20260906,r3_d30_t1_w20,542,121,4085,2401,1563,2339,8,11,51,30,20,15,131,43
20260906,r3_d30_t1_w20,543,121,4093,2402,1570,2345,10,6,51,33,20,14,131,43
20260906,r3_d30_t1_w20,544,114,4101,2413,1574,2348,7,12,53,28,22,13,131,43
20260906,r3_d30_t1_w20,545,104,4107,2426,1577,2353,6,24,49,21,20,11,131,43
20260906,r3_d30_t1_w20,546,93,4112,2438,1581,2355,6,25,58,11,20,10,131,43
20260906,r3_d30_t1_w20,547,88,4117,2443,1586,2359,7,17,67,9,21,9,131,43
20260906,r3_d30_t1_w20,548,88,4125,2447,1590,2362,1,9,76,14,24,8,131,43
20260906,r3_d30_t1_w20,549,89,4135,2451,1595,2365,0,8,78,14,26,7,131,43
20260906,r3_d30_t1_w20,550,89,4142,2452,1601,2367,0,5,80,15,27,7,126,43
20260906,r3_d30_t1_w20,551,92,4152,2455,1605,2370,0,4,81,15,27,8,126,43
20260906,r3_d30_t1_w20,552,91,4161,2458,1612,2375,0,6,77,17,28,9,126,43
20260906,r3_d30_t1_w20,553,92,4170,2462,1616,2384,0,7,71,22,29,9,126,43
20260906,r3_d30_t1_w20,554,83,4176,2474,1619,2387,0,16,71,13,26,9,126,43
20260906,r3_d30_t1_w20,555,83,4183,2479,1621,2394,1,17,68,14,26,9,131,43
20260906,r3_d30_t1_w20,556,84,4191,2481,1626,2399,3,7,75,15,26,12,131,43
20260906,r3_d30_t1_w20,557,79,4197,2487,1631,2404,4,8,75,13,21,11,131,43
20260906,r3_d30_t1_w20,558,80,4204,2490,1634,2408,6,9,73,12,17,12,131,43
20260906,r3_d30_t1_w20,559,76,4209,2495,1638,2413,6,8,74,12,15,13,131,43
20260906,r3_d30_t1_w20,560,82,4217,2497,1638,2419,9,7,71,13,14,13,131,43
20260906,r3_d30_t1_w20,561,85,4222,2499,1638,2424,11,4,71,14,15,13,131,43
20260906,r3_d30_t1_w20,562,89,4228,2501,1638,2431,5,4,66,25,17,13,131,43
20260906,r3_d30_t1_w20,563,92,4235,2505,1638,2438,4,6,61,29,18,14,131,43
20260906,r3_d30_t1_w20,564,94,4245,2513,1638,2446,12,12,55,21,13,15,131,43
20260906,r3_d30_t1_w20,565,92,4250,2520,1638,2451,20,15,54,11,12,17,131,43
20260906,r3_d30_t1_w20,566,93,4256,2525,1638,2456,22,12,57,9,12,18,131,43
20260906,r3_d30_t1_w20,567,99,4264,2527,1638,2458,18,7,62,13,15,18,131,43
20260906,r3_d30_t1_w20,568,105,4274,2531,1638,2461,8,6,64,22,13,17,131,43
20260906,r3_d30_t1_w20,569,109,4281,2534,1638,2464,9,7,63,21,11,18,131,43
20260906,r3_d30_t1_w20,570,114,4287,2535,1638,2468,17,4,63,16,16,18,121,43
20260906,r3_d30_t1_w20,571,119,4295,2536,1640,2475,10,2,59,29,18,18,121,43
20260906,r3_d30_t1_w20,572,112,4302,2544,1646,2482,14,9,53,24,17,16,121,43
20260906,r3_d30_t1_w20,573,101,4312,2563,1648,2489,12,27,47,14,18,14,121,43
20260906,r3_d30_t1_w20,574,105,4321,2566,1650,2495,7,22,49,22,22,13,121,43
20260906,r3_d30_t1_w20,575,105,4331,2576,1650,2497,0,13,66,21,22,12,131,43
20260906,r3_d30_t1_w20,576,101,4336,2579,1656,2498,0,13,68,19,22,12,131,43
20260906,r3_d30_t1_w20,577,105,4346,2580,1661,2504,2,4,72,22,26,11,131,43
20260906,r3_d30_t1_w20,578,95,4351,2589,1667,2509,2,10,70,18,26,11,131,43
20260906,r3_d30_t1_w20,579,96,4359,2592,1671,2512,0,12,68,20,28,11,131,43
20260906,r3_d30_t1_w20,580,93,4366,2594,1679,2514,0,5,75,20,27,9,131,43
20260906,r3_d30_t1_w20,581,93,4373,2598,1682,2515,1,6,77,16,25,9,131,43
20260906,r3_d30_t1_w20,582,98,4382,2601,1683,2519,5,7,75,13,27,12,131,43
20260906,r3_d30_t1_w20,583,101,4389,2602,1686,2523,13,4,75,8,30,13,131,43
20260906,r3_d30_t1_w20,584,97,4398,2607,1694,2529,2,6,72,20,27,14,131,43
20260906,r3_d30_t1_w20,585,100,4408,2609,1699,2533,0,7,69,24,27,15,131,43
20260906,r3_d30_t1_w20,586,99,4413,2610,1704,2540,0,3,67,30,28,15,131,43
20260906,r3_d30_t1_w20,587,103,4423,2611,1709,2543,1,2,66,31,27,16,131,43
20260906,r3_d30_t1_w20,588,97,4432,2618,1717,2546,9,8,64,19,22,17,131,43
20260906,r3_d30_t1_w20,589,96,4440,2621,1723,2549,13,10,62,15,16,18,131,43
20260906,r3_d30_t1_w20,590,99,4448,2626,1723,2556,11,8,62,19,16,17,131,43
20260906,r3_d30_t1_w20,591,106,4457,2628,1723,2567,12,7,54,27,16,18,131,43
20260906,r3_d30_t1_w20,592,108,4466,2635,1723,2570,13,9,56,22,11,19,131,43
20260906,r3_d30_t1_w20,593,113,4476,2640,1723,2575,19,12,53,16,12,19,131,43
20260906,r3_d30_t1_w20,594,119,4484,2642,1723,2581,23,7,54,16,13,20,131,43
20260906,r3_d30_t1_w20,595,123,4490,2644,1723,2584,14,4,56,26,12,20,131,43
20260906,r3_d30_t1_w20,596,125,4496,2648,1723,2591,16,6,51,27,11,20,131,43
20260906,r3_d30_t1_w20,597,126,4504,2655,1723,2599,28,11,45,16,11,18,131,43
20260906,r3_d30_t1_w20,598,125,4512,2664,1723,2600,27,16,48,9,12,18,131,43
20260906,r3_d30_t1_w20,599,129,4521,2669,1723,2602,19,14,53,14,13,17,131,43
20260906,r3_d30_t1_w20,600,134,4528,2671,1723,2606,4,7,58,31,19,17,121,40
20260906,r5_d30_t1_w20,1,5,8,3,0,0,92,3,0,5,4,2,131,43
20260906,r5_d30_t1_w20,2,11,14,3,0,0,55,3,0,42,8,3,131,43
20260906,r5_d30_t1_w20,3,11,19,8,0,0,53,5,3,39,8,3,131,43
20260906,r5_d30_t1_w20,4,2,29,27,0,0,69,24,3,4,2,1,131,43
20260906,r5_d30_t1_w20,5,7,38,31,0,0,46,23,8,23,7,1,131,43
20260906,r5_d30_t1_w20,6,13,46,33,0,0,21,6,27,46,9,4,131,43
20260906,r5_d30_t1_w20,7,21,55,34,0,0,19,3,31,47,12,5,131,43
20260906,r5_d30_t1_w20,8,26,62,36,0,0,20,3,33,44,13,4,131,43
20260906,r5_d30_t1_w20,9,21,69,48,0,0,28,14,34,24,11,4,131,43
20260906,r5_d30_t1_w20,10,19,75,56,0,0,42,20,36,2,11,4,131,43
20260906,r5_d30_t1_w20,11,26,82,56,0,0,43,8,48,1,12,5,131,43
20260906,r5_d30_t1_w20,12,36,92,56,0,0,30,0,56,14,16,5,131,43
20260906,r5_d30_t1_w20,13,45,102,57,0,0,7,1,56,36,17,6,131,43
20260906,r5_d30_t1_w20,14,48,108,60,0,2,16,4,54,26,17,6,131,43
20260906,r5_d30_t1_w20,15,54,114,60,0,3,23,3,54,20,17,7,131,43
20260906,r5_d30_t1_w20,16,58,120,62,0,5,22,2,55,21,17,8,131,43
20260906,r5_d30_t1_w20,17,62,126,64,0,6,22,4,54,20,15,9,131,43
20260906,r5_d30_t1_w20,18,70,134,64,0,7,21,2,55,22,17,10,131,43
20260906,r5_d30_t1_w20,19,74,141,67,0,8,20,3,56,21,15,12,131,43
20260906,r5_d30_t1_w20,20,81,151,70,0,14,17,6,50,27,13,15,121,40
20260906,r5_d30_t1_w20,21,89,161,72,0,17,17,5,50,28,14,15,121,40
20260906,r5_d30_t1_w20,22,95,170,75,0,22,16,5,48,31,14,15,121,40
20260906,r5_d30_t1_w20,23,99,180,81,0,30,15,9,42,34,14,16,121,40
20260906,r5_d30_t1_w20,24,98,185,87,0,37,5,12,38,45,11,16,121,40
20260906,r5_d30_t1_w20,25,103,191,88,0,42,22,7,39,32,11,16,126,43
20260906,r5_d30_t1_w20,26,109,199,90,0,49,32,3,38,27,10,16,126,43
20260906,r5_d30_t1_w20,27,109,205,96,0,52,29,8,36,27,10,15,126,43
20260906,r5_d30_t1_w20,28,115,213,98,0,53,33,8,37,22,11,17,126,43
20260906,r5_d30_t1_w20,29,117,219,102,0,56,33,6,40,21,15,17,126,43
20260906,r5_d30_t1_w20,30,111,225,114,0,60,20,16,38,26,19,15,131,43
20260906,r5_d30_t1_w20,31,113,232,119,0,63,1,17,39,43,21,14,131,43
20260906,r5_d30_t1_w20,32,114,240,126,0,64,1,12,50,37,22,14,131,43
20260906,r5_d30_t1_w20,33,107,249,138,4,65,1,19,54,26,22,14,131,43
20260906,r5_d30_t1_w20,34,110,258,144,4,68,2,18,58,22,27,13,131,43
20260906,r5_d30_t1_w20,35,111,265,146,8,68,2,8,70,20,27,13,131,43
20260906,r5_d30_t1_w20,36,105,270,157,8,69,2,13,75,10,27,12,131,43
20260906,r5_d30_t1_w20,37,106,280,166,8,71,2,20,75,3,28,12,131,43
20260906,r5_d30_t1_w20,38,112,290,167,11,73,3,10,84,3,27,11,131,43
20260906,r5_d30_t1_w20,39,115,300,169,16,78,2,3,88,7,27,10,131,43
20260906,r5_d30_t1_w20,40,113,308,169,26,83,1,2,84,13,27,10,131,43
20260906,r5_d30_t1_w20,41,108,314,173,33,89,1,4,80,15,25,9,131,43
20260906,r5_d30_t1_w20,42,110,324,176,38,93,3,7,76,14,29,9,131,43
20260906,r5_d30_t1_w20,43,110,334,182,42,97,0,9,76,15,29,11,131,43
20260906,r5_d30_t1_w20,44,112,343,187,44,104,0,11,72,17,28,12,131,43
20260906,r5_d30_t1_w20,45,114,352,192,46,106,0,10,76,14,30,14,131,43
20260906,r5_d30_t1_w20,46,105,357,199,53,111,1,12,76,11,27,14,131,43
20260906,r5_d30_t1_w20,47,105,362,201,56,119,2,9,73,16,25,15,131,43
20260906,r5_d30_t1_w20,48,100,369,206,63,126,2,7,73,18,19,17,131,43
20260906,r5_d30_t1_w20,49,102,374,209,63,136,4,8,65,23,17,17,131,43
20260906,r5_d30_t1_w20,50,111,384,210,63,144,1,4,62,33,20,18,126,43
20260906,r5_d30_t1_w20,51,108,391,220,63,151,1,11,58,30,13,19,126,43
20260906,r5_d30_t1_w20,52,109,397,225,63,154,3,15,56,26,12,19,126,43
20260906,r5_d30_t1_w20,53,117,407,227,63,158,9,7,62,22,13,19,126,43
20260906,r5_d30_t1_w20,54,124,415,228,63,165,20,3,60,17,14,19,126,43
20260906,r5_d30_t1_w20,55,122,420,235,63,168,22,8,59,11,11,21,131,43
20260906,r5_d30_t1_w20,56,126,427,238,63,173,30,10,55,5,11,21,131,43
20260906,r5_d30_t1_w20,57,127,437,240,70,178,35,5,57,3,12,22,131,43
20260906,r5_d30_t1_w20,58,124,444,243,77,180,25,5,58,12,13,20,131,43
20260906,r5_d30_t1_w20,59,122,453,245,86,183,24,5,57,14,13,20,131,43
20260906,r5_d30_t1_w20,60,119,460,247,94,186,30,4,57,9,17,18,131,43
20260906,r5_d30_t1_w20,61,121,469,250,98,189,24,5,56,15,18,16,131,43
20260906,r5_d30_t1_w20,62,118,479,257,104,191,22,10,56,12,19,16,131,43
20260906,r5_d30_t1_w20,63,108,485,265,112,196,7,15,54,24,18,13,131,43
20260906,r5_d30_t1_w20,64,107,494,269,118,203,8,12,54,26,19,12,131,43
20260906,r5_d30_t1_w20,65,109,503,272,122,210,15,7,55,23,22,12,131,43
20260906,r5_d30_t1_w20,66,116,513,273,124,216,12,4,53,31,26,11,131,43
20260906,r5_d30_t1_w20,67,100,519,291,128,219,3,19,53,25,22,11,131,43
20260906,r5_d30_t1_w20,68,101,529,298,130,224,5,25,49,21,23,11,131,43
20260906,r5_d30_t1_w20,69,101,534,301,132,227,0,10,64,26,22,11,131,43
20260906,r5_d30_t1_w20,70,99,541,305,137,230,0,7,68,25,22,10,131,43
20260906,r5_d30_t1_w20,71,100,551,308,143,233,7,7,68,18,22,10,131,43
20260906,r5_d30_t1_w20,72,103,560,314,143,234,7,9,71,13,22,11,131,43
20260906,r5_d30_t1_w20,73,104,570,323,143,238,8,15,70,7,24,12,131,43
20260906,r5_d30_t1_w20,74,107,579,326,146,242,8,12,72,8,24,14,131,43
20260906,r5_d30_t1_w20,75,106,584,328,150,245,7,5,78,10,25,15,131,43
20260906,r5_d30_t1_w20,76,110,594,332,152,252,2,6,74,18,26,16,131,43
20260906,r5_d30_t1_w20,77,106,601,338,157,258,3,10,70,17,23,16,131,43
20260906,r5_d30_t1_w20,78,105,607,343,159,261,3,11,71,15,23,15,131,43
20260906,r5_d30_t1_w20,79,104,614,345,165,269,2,7,69,22,16,16,131,43
20260906,r5_d30_t1_w20,80,106,619,348,165,275,3,5,68,24,13,16,131,43
20260906,r5_d30_t1_w20,81,109,624,350,165,279,9,5,66,20,14,16,131,43
20260906,r5_d30_t1_w20,82,113,630,352,165,283,16,4,65,15,15,18,131,43
20260906,r5_d30_t1_w20,83,116,637,356,165,288,7,6,62,25,16,19,131,43
20260906,r5_d30_t1_w20,84,118,645,361,166,291,5,9,61,25,15,20,131,43
20260906,r5_d30_t1_w20,85,122,651,363,166,295,12,7,61,20,13,21,131,43
20260906,r5_d30_t1_w20,86,122,659,368,169,303,13,7,58,22,14,19,131,43
20260906,r5_d30_t1_w20,87,126,668,369,173,309,10,6,54,30,15,19,131,43
20260906,r5_d30_t1_w20,88,119,674,378,177,315,7,10,53,30,11,19,131,43
20260906,r5_d30_t1_w20,89,124,684,378,182,319,27,9,50,14,13,19,131,43
20260906,r5_d30_t1_w20,90,125,692,379,188,325,26,1,53,20,19,19,131,43
20260906,r5_d30_t1_w20,91,122,698,384,192,329,19,6,49,26,21,18,131,43
20260906,r5_d30_t1_w20,92,115,706,399,192,332,18,20,47,15,21,17,131,43
20260906,r5_d30_t1_w20,93,108,715,407,200,335,11,23,49,17,21,16,131,43
20260906,r5_d30_t1_w20,94,106,722,410,206,339,4,11,60,25,24,15,131,43
20260906,r5_d30_t1_w20,95,106,730,415,209,345,12,8,62,18,23,15,131,43
20260906,r5_d30_t1_w20,96,104,739,419,216,348,15,9,62,14,24,13,131,43
20260906,r5_d30_t1_w20,97,105,748,423,220,348,6,8,67,19,25,11,131,43
20260906,r5_d30_t1_w20,98,109,758,427,222,351,5,8,68,19,25,10,131,43
20260906,r5_d30_t1_w20,99,108,764,428,228,354,6,5,69,20,26,10,131,43
20260906,r5_d30_t1_w20,100,108,771,430,233,354,5,3,73,19,28,10,121,40
20260906,r5_d30_t1_w20,101,107,777,435,235,362,0,7,66,27,26,10,121,40
20260906,r5_d30_t1_w20,102,108,784,437,239,363,0,7,67,26,25,10,121,40
20260906,r5_d30_t1_w20,103,103,790,444,243,369,9,9,66,16,25,11,121,40
20260906,r5_d30_t1_w20,104,103,795,448,244,374,9,11,63,17,25,11,121,40
20260906,r5_d30_t1_w20,105,99,800,452,249,380,3,8,64,25,24,12,131,43
20260906,r5_d30_t1_w20,106,96,807,458,253,386,3,10,62,25,21,12,131,43
20260906,r5_d30_t1_w20,107,89,815,466,260,394,17,14,58,11,22,15,131,43
20260906,r5_d30_t1_w20,108,90,824,470,264,398,9,12,60,19,22,15,131,43
20260906,r5_d30_t1_w20,109,83,829,474,272,405,7,8,61,24,13,15,131,43
20260906,r5_d30_t1_w20,110,84,834,478,272,408,8,8,62,22,11,15,131,43
20260906,r5_d30_t1_w20,111,90,841,479,272,412,12,5,62,21,12,17,131,43
20260906,r5_d30_t1_w20,112,94,847,481,272,417,6,3,61,30,11,18,131,43
20260906,r5_d30_t1_w20,113,94,855,489,272,424,7,10,55,28,10,18,131,43
20260906,r5_d30_t1_w20,114,85,860,503,272,428,13,22,53,12,12,14,131,43
20260906,r5_d30_t1_w20,115,88,866,506,272,432,14,17,57,12,12,15,131,43
20260906,r5_d30_t1_w20,116,94,876,510,272,436,16,7,67,10,9,15,131,43
20260906,r5_d30_t1_w20,117,100,883,511,272,444,24,5,62,9,10,14,131,43
20260906,r5_d30_t1_w20,118,106,892,514,272,447,21,4,63,12,11,15,131,43
20260906,r5_d30_t1_w20,119,109,899,518,272,451,9,7,60,24,14,15,131,43
20260906,r5_d30_t1_w20,120,112,904,520,272,455,3,6,59,32,16,15,131,43
20260906,r5_d30_t1_w20,121,116,914,526,272,462,5,8,56,31,21,15,131,43
20260906,r5_d30_t1_w20,122,114,924,535,275,463,3,15,57,25,20,14,131,43
20260906,r5_d30_t1_w20,123,109,932,548,275,470,4,22,56,18,22,12,131,43
20260906,r5_d30_t1_w20,124,118,941,548,275,473,0,13,62,25,24,12,131,43
20260906,r5_d30_t1_w20,125,119,951,555,277,475,0,7,73,20,27,11,121,40
20260906,r5_d30_t1_w20,126,118,957,557,282,481,0,9,67,24,29,11,121,40
20260906,r5_d30_t1_w20,127,121,967,558,288,482,0,3,73,24,31,11,121,40
20260906,r5_d30_t1_w20,128,114,972,564,294,488,9,7,69,15,27,10,121,40
20260906,r5_d30_t1_w20,129,115,980,566,299,492,10,8,66,16,25,9,121,40
20260906,r5_d30_t1_w20,130,115,987,572,300,496,11,8,68,13,23,10,131,43
20260906,r5_d30_t1_w20,131,118,995,576,301,499,12,10,67,11,24,11,131,43
20260906,r5_d30_t1_w20,132,115,1001,585,301,504,4,13,68,15,24,12,131,43
20260906,r5_d30_t1_w20,133,111,1006,588,307,509,2,12,67,19,23,13,131,43
20260906,r5_d30_t1_w20,134,115,1014,590,309,515,0,5,70,25,23,13,131,43
20260906,r5_d30_t1_w20,135,113,1020,593,314,522,0,5,66,29,22,13,131,43
20260906,r5_d30_t1_w20,136,104,1025,598,323,528,5,8,62,25,21,13,131,43
20260906,r5_d30_t1_w20,137,106,1034,604,324,532,5,11,61,23,19,15,131,43
20260906,r5_d30_t1_w20,138,97,1042,617,328,534,5,19,64,12,17,15,131,43
20260906,r5_d30_t1_w20,139,95,1051,624,332,541,7,20,63,10,14,14,131,43
20260906,r5_d30_t1_w20,140,101,1059,626,332,546,8,9,71,12,14,16,131,43
20260906,r5_d30_t1_w20,141,106,1069,631,332,548,1,7,76,16,17,16,131,43
20260906,r5_d30_t1_w20,142,110,1078,636,332,554,0,10,72,18,16,17,131,43
20260906,r5_d30_t1_w20,143,116,1086,638,332,561,8,7,70,15,15,17,131,43
20260906,r5_d30_t1_w20,144,121,1094,641,332,563,8,5,73,14,15,17,131,43
20260906,r5_d30_t1_w20,145,124,1100,644,332,569,12,6,69,13,12,17,131,43
20260906,r5_d30_t1_w20,146,129,1107,646,332,572,16,5,69,10,13,18,131,43
20260906,r5_d30_t1_w20,147,124,1112,647,341,574,5,3,70,22,14,17,131,43
20260906,r5_d30_t1_w20,148,122,1117,650,345,577,1,4,69,26,12,17,131,43
20260906,r5_d30_t1_w20,149,121,1125,654,350,584,9,7,63,21,13,17,131,43
20260906,r5_d30_t1_w20,150,121,1132,655,356,589,7,5,61,27,19,16,131,43
20260906,r5_d30_t1_w20,151,121,1142,660,361,594,6,6,60,28,19,15,131,43
20260906,r5_d30_t1_w20,152,123,1149,662,364,604,9,7,51,33,20,15,131,43
20260906,r5_d30_t1_w20,153,115,1157,676,366,609,9,16,51,24,20,15,131,43
20260906,r5_d30_t1_w20,154,110,1165,685,370,616,8,23,46,23,21,13,131,43
20260906,r5_d30_t1_w20,155,107,1170,688,375,622,9,12,54,25,21,13,126,43
20260906,r5_d30_t1_w20,156,107,1179,695,377,625,11,10,60,19,22,13,126,43
20260906,r5_d30_t1_w20,157,104,1188,699,385,627,14,11,61,14,20,12,126,43
20260906,r5_d30_t1_w20,158,105,1195,700,390,632,19,5,63,13,23,10,126,43
20260906,r5_d30_t1_w20,159,104,1205,703,398,639,10,4,60,26,21,10,126,43
20260906,r5_d30_t1_w20,160,95,1210,711,404,642,10,11,58,21,19,9,131,43
20260906,r5_d30_t1_w20,161,93,1216,714,409,646,10,11,57,22,21,9,131,43
20260906,r5_d30_t1_w20,162,92,1224,716,416,648,2,5,63,30,20,8,131,43
20260906,r5_d30_t1_w20,163,82,1231,733,416,651,2,19,63,16,20,7,131,43
20260906,r5_d30_t1_w20,164,83,1238,737,418,652,10,21,64,5,21,8,131,43
20260906,r5_d30_t1_w20,165,84,1247,739,424,655,11,6,78,5,24,10,131,43
20260906,r5_d30_t1_w20,166,84,1253,742,427,658,8,5,79,8,23,11,131,43
20260906,r5_d30_t1_w20,167,82,1259,747,430,666,6,8,73,13,20,12,131,43
20260906,r5_d30_t1_w20,168,82,1266,753,431,673,5,11,69,15,19,12,131,43
20260906,r5_d30_t1_w20,169,78,1273,761,434,677,0,14,70,16,13,12,131,43
20260906,r5_d30_t1_w20,170,86,1283,763,434,682,3,10,71,16,12,12,131,43
20260906,r5_d30_t1_w20,171,90,1289,765,434,687,2,4,74,20,12,12,131,43
20260906,r5_d30_t1_w20,172,95,1299,770,434,691,3,7,72,18,11,13,131,43
20260906,r5_d30_t1_w20,173,98,1308,776,434,695,3,11,70,16,11,14,131,43
20260906,r5_d30_t1_w20,174,101,1314,779,434,700,6,9,70,15,11,15,131,43
20260906,r5_d30_t1_w20,175,100,1321,787,434,704,9,11,72,8,13,14,131,43
20260906,r5_d30_t1_w20,176,103,1327,790,434,708,12,11,71,6,13,15,131,43
20260906,r5_d30_t1_w20,177,108,1337,795,434,712,10,8,75,7,14,15,131,43
20260906,r5_d30_t1_w20,178,112,1344,798,434,719,4,8,71,17,16,14,131,43
20260906,r5_d30_t1_w20,179,117,1351,800,434,724,2,5,71,22,17,15,131,43
20260906,r5_d30_t1_w20,180,120,1359,805,434,729,3,7,69,21,20,15,121,40
20260906,r5_d30_t1_w20,181,123,1367,810,434,738,0,10,62,28,21,15,121,40
20260906,r5_d30_t1_w20,182,123,1376,812,441,743,0,7,62,31,20,14,121,40
20260906,r5_d30_t1_w20,183,118,1382,818,446,746,9,8,64,19,23,12,121,40
20260906,r5_d30_t1_w20,184,106,1387,831,450,753,2,19,59,20,21,12,121,40
20260906,r5_d30_t1_w20,185,105,1394,835,454,761,3,17,57,23,22,12,131,43
20260906,r5_d30_t1_w20,186,107,1403,841,455,767,13,10,64,13,23,11,131,43
20260906,r5_d30_t1_w20,187,105,1410,847,458,769,5,12,66,17,22,11,131,43
20260906,r5_d30_t1_w20,188,103,1416,850,463,773,4,9,68,19,19,10,131,43
20260906,r5_d30_t1_w20,189,105,1423,851,467,780,13,4,67,16,21,9,131,43
20260906,r5_d30_t1_w20,190,102,1433,856,475,782,10,6,68,16,23,10,131,43
20260906,r5_d30_t1_w20,191,101,1443,865,477,786,12,14,65,9,23,10,131,43
20260906,r5_d30_t1_w20,192,96,1451,870,485,790,14,14,66,6,22,10,131,43
20260906,r5_d30_t1_w20,193,93,1459,872,494,793,14,7,72,7,24,9,131,43
20260906,r5_d30_t1_w20,194,96,1468,876,496,798,12,6,72,10,27,11,131,43
20260906,r5_d30_t1_w20,195,94,1475,880,501,804,11,8,68,13,27,10,131,43
20260906,r5_d30_t1_w20,196,93,1482,885,504,808,10,9,68,13,27,11,131,43
20260906,r5_d30_t1_w20,197,95,1491,888,508,817,12,8,63,17,28,13,131,43
20260906,r5_d30_t1_w20,198,96,1497,891,510,823,11,6,62,21,28,13,131,43
20260906,r5_d30_t1_w20,199,91,1505,901,513,825,11,13,63,13,24,12,131,43
20260906,r5_d30_t1_w20,200,93,1512,906,513,828,13,15,63,9,20,13,131,43
20260906,r5_d30_t1_w20,201,103,1522,906,513,832,12,5,69,14,21,15,131,43
20260906,r5_d30_t1_w20,202,105,1529,910,514,838,12,4,68,16,18,16,131,43
20260906,r5_d30_t1_w20,203,106,1534,914,514,842,11,8,64,17,16,17,131,43
20260906,r5_d30_t1_w20,204,110,1540,916,514,849,11,6,61,22,16,16,131,43
20260906,r5_d30_t1_w20,205,117,1549,918,514,852,9,4,62,25,19,16,131,43
20260906,r5_d30_t1_w20,206,113,1554,927,514,854,0,11,62,27,16,16,131,43
20260906,r5_d30_t1_w20,207,113,1562,935,514,860,0,17,58,25,16,16,131,43
20260906,r5_d30_t1_w20,208,114,1567,938,515,869,0,11,58,31,14,16,131,43
20260906,r5_d30_t1_w20,209,114,1573,944,515,874,0,9,61,30,15,16,131,43
20260906,r5_d30_t1_w20,210,109,1578,953,516,876,7,15,62,16,16,16,131,43
20260906,r5_d30_t1_w20,211,107,1586,957,522,881,2,13,63,22,20,16,131,43
20260906,r5_d30_t1_w20,212,102,1593,963,528,890,2,10,63,25,22,16,131,43
20260906,r5_d30_t1_w20,213,91,1600,976,533,894,3,19,63,15,18,15,131,43
20260906,r5_d30_t1_w20,214,89,1608,982,537,896,8,19,67,6,21,15,131,43
20260906,r5_d30_t1_w20,215,92,1618,985,541,902,11,9,74,6,23,13,131,43
20260906,r5_d30_t1_w20,216,96,1628,987,545,908,4,5,74,17,26,13,131,43
20260906,r5_d30_t1_w20,217,92,1634,992,550,911,4,7,74,15,25,12,131,43
20260906,r5_d30_t1_w20,218,91,1639,995,553,914,4,8,73,15,25,11,131,43
20260906,r5_d30_t1_w20,219,91,1647,998,558,919,4,6,73,17,25,9,131,43
20260906,r5_d30_t1_w20,220,87,1654,1003,564,927,4,8,68,20,23,8,131,43
20260906,r5_d30_t1_w20,221,83,1662,1006,573,932,3,8,66,23,24,8,131,43
20260906,r5_d30_t1_w20,222,79,1667,1011,577,937,3,8,66,23,22,11,131,43
20260906,r5_d30_t1_w20,223,82,1676,1016,578,940,3,10,66,21,20,12,131,43
20260906,r5_d30_t1_w20,224,78,1685,1026,581,951,9,15,60,16,21,12,131,43
20260906,r5_d30_t1_w20,225,79,1691,1028,584,955,2,12,61,25,23,12,131,43
20260906,r5_d30_t1_w20,226,75,1698,1039,584,957,2,13,69,16,21,13,131,43
20260906,r5_d30_t1_w20,227,74,1703,1045,584,960,6,17,68,9,18,14,131,43
20260906,r5_d30_t1_w20,228,75,1708,1046,587,965,6,7,74,13,15,14,131,43
20260906,r5_d30_t1_w20,229,78,1718,1049,591,973,6,4,72,18,11,15,131,43
20260906,r5_d30_t1_w20,230,85,1728,1052,591,979,8,6,67,19,10,16,131,43
20260906,r5_d30_t1_w20,231,87,1734,1056,591,983,17,7,66,10,10,16,131,43
20260906,r5_d30_t1_w20,232,92,1743,1060,591,988,16,8,64,12,11,16,131,43
20260906,r5_d30_t1_w20,233,97,1749,1061,591,990,18,5,66,11,11,17,131,43
20260906,r5_d30_t1_w20,234,103,1759,1065,591,993,11,5,67,17,12,17,131,43
20260906,r5_d30_t1_w20,235,111,1768,1066,591,998,11,5,63,21,11,19,111,40
20260906,r5_d30_t1_w20,236,118,1777,1068,591,1002,19,3,63,15,10,19,111,40
20260906,r5_d30_t1_w20,237,119,1782,1072,591,1006,21,6,60,13,11,18,111,40
20260906,r5_d30_t1_w20,238,124,1788,1073,591,1009,29,5,59,7,12,19,111,40
20260906,r5_d30_t1_w20,239,123,1793,1079,591,1021,23,7,51,19,10,20,111,40
20260906,r5_d30_t1_w20,240,123,1799,1080,596,1028,15,7,45,33,15,20,131,43
20260906,r5_d30_t1_w20,241,125,1806,1082,599,1030,13,3,49,35,20,20,131,43
20260906,r5_d30_t1_w20,242,121,1813,1092,600,1038,18,12,42,28,21,19,131,43
20260906,r5_d30_t1_w20,243,114,1823,1101,608,1041,17,19,41,23,20,18,131,43
20260906,r5_d30_t1_w20,244,113,1832,1106,613,1041,11,14,51,24,23,15,131,43
20260906,r5_d30_t1_w20,245,112,1837,1109,616,1043,10,8,58,24,22,14,131,43
20260906,r5_d30_t1_w20,246,112,1843,1109,622,1047,2,3,59,36,25,13,131,43
20260906,r5_d30_t1_w20,247,110,1848,1112,626,1052,4,3,57,36,24,13,131,43
20260906,r5_d30_t1_w20,248,111,1856,1115,630,1056,5,6,53,36,22,13,131,43
20260906,r5_d30_t1_w20,249,107,1864,1119,638,1059,3,7,53,37,24,13,131,43
20260906,r5_d30_t1_w20,250,96,1873,1134,643,1062,2,19,53,26,25,13,131,43
20260906,r5_d30_t1_w20,251,92,1878,1142,644,1066,2,23,53,22,22,12,131,43
20260906,r5_d30_t1_w20,252,92,1887,1151,644,1068,2,17,66,15,21,11,131,43
20260906,r5_d30_t1_w20,253,92,1895,1159,644,1074,4,17,68,11,22,11,131,43
20260906,r5_d30_t1_w20,254,92,1901,1161,648,1077,3,10,74,13,24,11,131,43
20260906,r5_d30_t1_w20,255,89,1910,1165,656,1081,6,6,78,10,27,11,122,43
20260906,r5_d30_t1_w20,256,80,1915,1174,661,1085,4,13,76,7,24,11,122,43
20260906,r5_d30_t1_w20,257,83,1924,1176,665,1087,0,11,78,11,23,12,122,43
20260906,r5_d30_t1_w20,258,85,1933,1180,668,1090,0,6,84,10,20,13,122,43
20260906,r5_d30_t1_w20,259,89,1942,1181,672,1091,2,5,85,8,15,15,122,43
20260906,r5_d30_t1_w20,260,92,1948,1184,672,1098,2,4,82,12,14,15,131,43
20260906,r5_d30_t1_w20,261,97,1955,1186,672,1105,5,5,76,14,14,16,131,43
20260906,r5_d30_t1_w20,262,100,1962,1190,672,1112,9,6,72,13,12,16,131,43
20260906,r5_d30_t1_w20,263,104,1968,1192,672,1120,16,6,66,12,11,17,131,43
20260906,r5_d30_t1_w20,264,109,1975,1194,672,1128,22,4,62,12,10,17,131,43
20260906,r5_d30_t1_w20,265,113,1982,1197,672,1133,21,5,59,15,13,17,131,43
20260906,r5_d30_t1_w20,266,119,1990,1199,672,1138,13,5,56,26,13,16,131,43
20260906,r5_d30_t1_w20,267,119,1997,1204,674,1147,10,7,50,33,10,16,131,43
20260906,r5_d30_t1_w20,268,117,2004,1205,682,1148,11,6,51,32,11,16,131,43
20260906,r5_d30_t1_w20,269,117,2012,1212,683,1154,13,8,50,29,11,16,131,43
20260906,r5_d30_t1_w20,270,116,2021,1220,685,1159,11,15,46,28,18,15,131,43
20260906,r5_d30_t1_w20,271,116,2029,1228,685,1165,8,16,47,29,22,13,131,43
20260906,r5_d30_t1_w20,272,111,2036,1236,689,1169,5,16,51,28,19,13,131,43
20260906,r5_d30_t1_w20,273,108,2043,1240,695,1175,16,12,53,19,21,11,131,43
20260906,r5_d30_t1_w20,274,111,2050,1243,696,1180,16,7,56,21,20,11,131,43
20260906,r5_d30_t1_w20,275,112,2057,1247,698,1181,8,7,59,26,22,11,131,43
20260906,r5_d30_t1_w20,276,111,2064,1253,700,1183,8,10,60,22,22,11,131,43
20260906,r5_d30_t1_w20,277,114,2074,1254,706,1187,8,7,60,25,23,10,131,43
20260906,r5_d30_t1_w20,278,112,2082,1257,713,1191,7,4,62,27,22,9,131,43
20260906,r5_d30_t1_w20,279,108,2090,1260,722,1192,4,6,62,28,23,8,131,43
20260906,r5_d30_t1_w20,280,97,2095,1271,727,1196,5,14,61,20,22,8,131,43
20260906,r5_d30_t1_w20,281,87,2101,1282,732,1201,4,22,59,15,23,8,131,43
20260906,r5_d30_t1_w20,282,87,2111,1287,737,1202,1,16,69,14,24,8,131,43
20260906,r5_d30_t1_w20,283,87,2118,1293,738,1207,0,11,75,14,24,9,131,43
20260906,r5_d30_t1_w20,284,89,2127,1295,743,1217,2,8,70,20,25,9,131,43
20260906,r5_d30_t1_w20,285,89,2134,1302,743,1218,3,9,75,13,21,10,121,40
20260906,r5_d30_t1_w20,286,88,2144,1305,751,1223,4,10,72,14,21,11,121,40
20260906,r5_d30_t1_w20,287,91,2154,1307,756,1229,6,5,73,16,20,12,121,40
20260906,r5_d30_t1_w20,288,88,2162,1314,760,1232,6,9,73,12,21,13,121,40
20260906,r5_d30_t1_w20,289,86,2170,1318,766,1238,8,11,69,12,13,14,121,40
20260906,r5_d30_t1_w20,290,95,2180,1319,766,1244,12,5,70,13,13,16,126,43
20260906,r5_d30_t1_w20,291,100,2187,1321,766,1251,13,3,67,17,12,16,126,43
20260906,r5_d30_t1_w20,292,101,2193,1326,766,1255,16,7,64,13,10,16,126,43
20260906,r5_d30_t1_w20,293,110,2203,1327,766,1258,23,6,63,8,11,16,126,43
20260906,r5_d30_t1_w20,294,111,2208,1331,766,1264,26,5,62,7,11,16,126,43
20260906,r5_d30_t1_w20,295,116,2215,1333,766,1269,25,6,58,11,12,17,131,43
20260906,r5_d30_t1_w20,296,120,2223,1337,766,1274,18,6,57,19,14,17,131,43
20260906,r5_d30_t1_w20,297,121,2231,1344,766,1279,18,11,54,17,13,17,131,43
20260906,r5_d30_t1_w20,298,123,2236,1347,766,1283,21,10,54,15,15,17,131,43
20260906,r5_d30_t1_w20,299,129,2246,1351,766,1290,9,7,54,30,12,18,131,43
20260906,r5_d30_t1_w20,300,134,2255,1355,766,1294,5,8,53,34,18,18,131,43
20260906,r5_d30_t1_w20,301,137,2261,1355,769,1298,5,4,53,38,22,17,131,43
20260906,r5_d30_t1_w20,302,125,2266,1368,773,1303,0,13,52,35,17,17,131,43
20260906,r5_d30_t1_w20,303,120,2276,1380,776,1309,1,25,46,28,20,16,131,43
20260906,r5_d30_t1_w20,304,117,2282,1383,782,1313,0,15,55,30,22,15,131,43
20260906,r5_d30_t1_w20,305,120,2292,1386,786,1316,1,6,64,29,22,15,131,43
20260906,r5_d30_t1_w20,306,117,2299,1392,790,1323,1,9,60,30,22,14,131,43
20260906,r5_d30_t1_w20,307,99,2305,1408,798,1326,1,22,60,17,20,12,131,43
20260906,r5_d30_t1_w20,308,94,2315,1418,803,1329,3,26,63,8,24,12,131,43
20260906,r5_d30_t1_w20,309,88,2320,1421,811,1331,3,13,77,7,22,10,131,43
20260906,r5_d30_t1_w20,310,82,2326,1424,820,1335,4,6,83,7,20,8,131,43
20260906,r5_d30_t1_w20,311,82,2334,1425,827,1336,4,4,85,7,21,9,131,43
20260906,r5_d30_t1_w20,312,85,2344,1428,831,1340,7,4,84,5,21,11,131,43
20260906,r5_d30_t1_w20,313,86,2354,1428,840,1342,6,3,83,8,23,12,131,43
20260906,r5_d30_t1_w20,314,86,2360,1431,843,1346,1,3,82,14,23,12,131,43
20260906,r5_d30_t1_w20,315,84,2367,1436,847,1351,0,8,77,15,25,13,131,43
20260906,r5_d30_t1_w20,316,81,2372,1441,850,1357,1,10,74,15,24,13,131,43
20260906,r5_d30_t1_w20,317,80,2380,1446,854,1361,2,10,75,13,25,13,131,43
20260906,r5_d30_t1_w20,318,81,2389,1451,857,1368,3,10,73,14,24,12,131,43
20260906,r5_d30_t1_w20,319,75,2395,1454,866,1377,5,8,69,18,15,14,131,43
20260906,r5_d30_t1_w20,320,73,2401,1462,866,1385,5,11,66,18,16,13,131,43
20260906,r5_d30_t1_w20,321,79,2411,1466,866,1390,5,12,64,19,16,14,131,43
20260906,r5_d30_t1_w20,322,83,2417,1468,866,1399,6,6,63,25,16,14,131,43
20260906,r5_d30_t1_w20,323,87,2425,1472,866,1404,6,6,62,26,17,13,131,43
20260906,r5_d30_t1_w20,324,87,2430,1477,866,1414,3,9,54,34,17,13,131,43
20260906,r5_d30_t1_w20,325,89,2439,1484,866,1420,0,12,52,36,16,12,131,43
20260906,r5_d30_t1_w20,326,94,2448,1488,866,1422,15,11,55,19,15,13,131,43
20260906,r5_d30_t1_w20,327,102,2457,1489,866,1425,20,5,59,16,17,16,131,43
20260906,r5_d30_t1_w20,328,107,2467,1494,866,1425,17,6,63,14,15,17,131,43
20260906,r5_d30_t1_w20,329,114,2477,1497,866,1430,16,8,59,17,16,17,131,43
20260906,r5_d30_t1_w20,330,117,2483,1500,866,1433,8,6,61,25,20,17,131,43
20260906,r5_d30_t1_w20,331,119,2489,1504,866,1437,1,7,60,32,20,17,131,43
20260906,r5_d30_t1_w20,332,120,2498,1510,868,1443,0,10,57,33,20,17,131,43
20260906,r5_d30_t1_w20,333,111,2505,1519,875,1446,11,15,58,16,21,16,131,43
20260906,r5_d30_t1_w20,334,111,2514,1525,878,1449,15,15,61,9,21,15,131,43
20260906,r5_d30_t1_w20,335,116,2524,1527,881,1457,15,8,62,15,23,14,121,40
20260906,r5_d30_t1_w20,336,112,2529,1536,881,1462,4,11,63,22,26,13,121,40
20260906,r5_d30_t1_w20,337,109,2535,1543,883,1469,1,16,58,25,21,13,121,40
20260906,r5_d30_t1_w20,338,104,2540,1545,891,1472,1,9,64,26,21,13,121,40
20260906,r5_d30_t1_w20,339,101,2545,1552,892,1475,0,9,68,23,23,11,121,40
20260906,r5_d30_t1_w20,340,93,2554,1567,894,1480,1,22,65,12,24,11,131,43
20260906,r5_d30_t1_w20,341,90,2562,1574,898,1483,3,22,69,6,27,10,131,43
20260906,r5_d30_t1_w20,342,93,2571,1578,900,1484,0,11,83,6,27,9,131,43
20260906,r5_d30_t1_w20,343,92,2577,1581,904,1492,1,7,82,10,27,9,131,43
20260906,r5_d30_t1_w20,344,98,2587,1582,907,1498,5,4,80,11,27,9,131,43
20260906,r5_d30_t1_w20,345,97,2597,1587,913,1501,4,6,80,10,26,10,131,43
20260906,r5_d30_t1_w20,346,91,2602,1590,921,1505,1,8,77,14,23,11,131,43
20260906,r5_d30_t1_w20,347,90,2610,1594,926,1509,2,7,78,13,22,12,131,43
20260906,r5_d30_t1_w20,348,86,2619,1599,934,1514,3,9,76,12,21,13,131,43
20260906,r5_d30_t1_w20,349,88,2629,1603,938,1519,3,9,75,13,19,14,131,43
20260906,r5_d30_t1_w20,350,96,2638,1604,938,1526,2,5,73,20,20,16,131,43
20260906,r5_d30_t1_w20,351,99,2643,1606,938,1528,2,3,75,20,18,17,131,43
20260906,r5_d30_t1_w20,352,101,2651,1612,938,1535,9,8,69,14,15,17,131,43
20260906,r5_d30_t1_w20,353,107,2657,1612,938,1537,13,6,69,12,17,20,131,43
20260906,r5_d30_t1_w20,354,104,2664,1622,938,1546,6,10,66,18,17,20,131,43
20260906,r5_d30_t1_w20,355,104,2669,1627,938,1556,0,15,56,29,15,20,131,43
20260906,r5_d30_t1_w20,356,106,2674,1630,938,1561,1,8,61,30,15,20,131,43
20260906,r5_d30_t1_w20,357,111,2683,1634,938,1571,3,7,56,34,15,21,131,43
20260906,r5_d30_t1_w20,358,112,2690,1640,938,1576,11,10,54,25,14,23,131,43
20260906,r5_d30_t1_w20,359,112,2699,1649,938,1584,13,15,50,22,16,23,131,43
20260906,r5_d30_t1_w20,360,120,2709,1651,938,1586,6,11,54,29,22,22,126,43
20260906,r5_d30_t1_w20,361,126,2719,1654,939,1589,7,5,60,28,26,21,126,43
20260906,r5_d30_t1_w20,362,126,2724,1656,942,1591,6,5,60,29,26,21,126,43
20260906,r5_d30_t1_w20,363,129,2734,1659,946,1594,6,5,60,29,27,21,126,43
20260906,r5_d30_t1_w20,364,125,2743,1663,955,1594,7,7,62,24,25,18,126,43
20260906,r5_d30_t1_w20,365,111,2748,1674,963,1597,9,15,62,14,26,15,131,43
20260906,r5_d30_t1_w20,366,105,2757,1684,968,1602,4,21,61,14,29,14,131,43
20260906,r5_d30_t1_w20,367,102,2763,1687,974,1607,0,13,67,20,29,13,131,43
20260906,r5_d30_t1_w20,368,97,2770,1693,980,1611,3,9,73,15,27,12,131,43
20260906,r5_d30_t1_w20,369,96,2780,1696,988,1617,1,9,70,20,29,11,131,43
20260906,r5_d30_t1_w20,370,93,2786,1698,995,1622,0,5,71,24,29,9,131,43
20260906,r5_d30_t1_w20,371,88,2793,1705,1000,1625,0,9,71,20,27,8,131,43
20260906,r5_d30_t1_w20,372,84,2799,1708,1007,1629,0,10,69,21,27,9,131,43
20260906,r5_d30_t1_w20,373,85,2806,1710,1011,1633,6,5,72,17,27,9,131,43
20260906,r5_d30_t1_w20,374,85,2813,1713,1015,1637,2,5,71,22,24,9,131,43
20260906,r5_d30_t1_w20,375,86,2820,1716,1018,1640,3,6,70,21,22,10,131,43
20260906,r5_d30_t1_w20,376,81,2825,1723,1021,1647,5,10,66,19,22,10,131,43
20260906,r5_d30_t1_w20,377,76,2832,1727,1029,1649,3,11,67,19,22,12,131,43
20260906,r5_d30_t1_w20,378,74,2839,1731,1034,1655,1,8,68,23,20,12,131,43
20260906,r5_d30_t1_w20,379,75,2848,1737,1036,1660,1,10,67,22,17,12,131,43
20260906,r5_d30_t1_w20,380,73,2854,1745,1036,1662,3,14,69,14,16,12,115,42
20260906,r5_d30_t1_w20,381,77,2859,1746,1036,1671,3,9,66,22,17,13,115,42
20260906,r5_d30_t1_w20,382,80,2864,1748,1036,1675,3,3,70,24,18,14,115,42
20260906,r5_d30_t1_w20,383,82,2872,1754,1036,1678,3,8,68,21,17,15,115,42
20260906,r5_d30_t1_w20,384,85,2877,1756,1036,1682,3,8,66,23,18,15,115,42
20260906,r5_d30_t1_w20,385,90,2885,1759,1036,1690,6,5,64,25,17,15,131,43
20260906,r5_d30_t1_w20,386,92,2894,1766,1036,1700,7,10,56,27,14,16,131,43
20260906,r5_d30_t1_w20,387,93,2901,1772,1036,1706,5,13,53,29,14,17,131,43
20260906,r5_d30_t1_w20,388,92,2911,1783,1036,1710,6,17,56,21,14,18,131,43
20260906,r5_d30_t1_w20,389,96,2918,1786,1036,1714,3,14,58,25,12,18,131,43
20260906,r5_d30_t1_w20,390,99,2923,1788,1036,1715,1,5,68,26,14,18,121,40
20260906,r5_d30_t1_w20,391,95,2932,1801,1036,1719,1,15,67,17,13,16,121,40
20260906,r5_d30_t1_w20,392,100,2940,1804,1036,1720,1,16,68,15,17,16,121,40
20260906,r5_d30_t1_w20,393,107,2950,1807,1036,1725,4,6,76,14,20,16,121,40
20260906,r5_d30_t1_w20,394,108,2956,1808,1040,1729,10,4,75,11,21,16,121,40
20260906,r5_d30_t1_w20,395,109,2965,1810,1046,1734,5,3,73,19,21,16,131,43
20260906,r5_d30_t1_w20,396,108,2971,1813,1050,1738,2,5,70,23,20,15,131,43
20260906,r5_d30_t1_w20,397,108,2979,1816,1055,1743,7,6,67,20,21,14,131,43
20260906,r5_d30_t1_w20,398,108,2986,1819,1059,1747,10,6,66,18,21,13,131,43
20260906,r5_d30_t1_w20,399,104,2991,1824,1063,1752,19,8,64,9,22,11,131,43
20260906,r5_d30_t1_w20,400,103,2997,1828,1066,1758,13,9,61,17,22,10,131,43
20260906,r5_d30_t1_w20,401,106,3006,1831,1069,1764,10,7,60,23,22,10,131,43
20260906,r5_d30_t1_w20,402,108,3012,1834,1070,1774,12,6,54,28,21,11,131,43
20260906,r5_d30_t1_w20,403,106,3017,1836,1075,1779,11,5,52,32,20,12,131,43
20260906,r5_d30_t1_w20,404,104,3023,1843,1076,1785,24,9,49,18,18,12,131,43
20260906,r5_d30_t1_w20,405,103,3031,1846,1082,1789,32,10,47,11,20,11,131,43
20260906,r5_d30_t1_w20,406,104,3041,1850,1087,1794,29,7,49,15,20,11,131,43
20260906,r5_d30_t1_w20,407,102,3051,1857,1092,1801,31,11,45,13,21,12,131,43
20260906,r5_d30_t1_w20,408,97,3056,1859,1100,1801,18,9,49,24,21,12,131,43
20260906,r5_d30_t1_w20,409,98,3066,1862,1106,1805,6,5,52,37,17,12,131,43
20260906,r5_d30_t1_w20,410,101,3072,1865,1106,1809,2,6,50,42,15,12,131,43
20260906,r5_d30_t1_w20,411,105,3078,1867,1106,1811,6,5,51,38,16,13,131,43
20260906,r5_d30_t1_w20,412,112,3087,1869,1106,1814,26,4,51,19,16,14,131,43
20260906,r5_d30_t1_w20,413,116,3095,1873,1106,1817,37,6,50,7,14,15,131,43
20260906,r5_d30_t1_w20,414,122,3102,1874,1106,1822,37,5,47,11,15,15,131,43
20260906,r5_d30_t1_w20,415,121,3107,1875,1111,1824,16,2,49,33,15,15,131,43
20260906,r5_d30_t1_w20,416,121,3115,1880,1114,1827,9,6,47,38,10,16,131,43
20260906,r5_d30_t1_w20,417,121,3122,1881,1120,1827,28,6,48,18,10,17,131,43
20260906,r5_d30_t1_w20,418,120,3129,1887,1122,1834,33,7,46,14,12,18,131,43
20260906,r5_d30_t1_w20,419,123,3137,1892,1122,1838,31,11,43,15,11,19,131,43
20260906,r5_d30_t1_w20,420,122,3143,1896,1125,1841,27,9,46,18,14,19,131,43
20260906,r5_d30_t1_w20,421,118,3148,1897,1133,1844,30,5,48,17,16,18,131,43
20260906,r5_d30_t1_w20,422,116,3155,1900,1139,1847,29,4,49,18,17,17,131,43
20260906,r5_d30_t1_w20,423,112,3161,1905,1144,1854,30,8,43,19,18,17,131,43
20260906,r5_d30_t1_w20,424,106,3171,1918,1147,1858,28,18,42,12,17,17,131,43
20260906,r5_d30_t1_w20,425,103,3177,1922,1152,1858,18,17,47,18,17,17,131,43
20260906,r5_d30_t1_w20,426,98,3185,1929,1158,1860,12,11,58,19,18,14,131,43
20260906,r5_d30_t1_w20,427,103,3195,1930,1162,1864,15,8,58,19,18,14,131,43
20260906,r5_d30_t1_w20,428,106,3202,1931,1165,1870,17,2,59,22,19,14,131,43
20260906,r5_d30_t1_w20,429,95,3209,1942,1172,1873,17,12,57,14,20,12,131,43
20260906,r5_d30_t1_w20,430,89,3219,1954,1176,1877,18,23,54,5,20,11,131,43
20260906,r5_d30_t1_w20,431,93,3228,1957,1178,1883,18,15,59,8,21,11,131,43
20260906,r5_d30_t1_w20,432,90,3233,1958,1185,1885,18,4,69,9,23,8,131,43
20260906,r5_d30_t1_w20,433,84,3240,1963,1193,1887,10,6,70,14,22,8,131,43
20260906,r5_d30_t1_w20,434,84,3247,1965,1198,1892,4,7,66,23,23,8,131,43
20260906,r5_d30_t1_w20,435,89,3257,1966,1202,1898,3,3,65,29,26,9,131,43
20260906,r5_d30_t1_w20,436,81,3264,1974,1209,1904,0,9,61,30,24,8,131,43
20260906,r5_d30_t1_w20,437,69,3273,1990,1214,1906,0,24,60,16,23,9,131,43
20260906,r5_d30_t1_w20,438,66,3282,1998,1218,1909,0,24,65,11,22,9,131,43
20260906,r5_d30_t1_w20,439,64,3287,1999,1224,1911,0,9,79,12,17,9,131,43
20260906,r5_d30_t1_w20,440,70,3295,2001,1224,1915,3,3,83,11,18,10,131,43
20260906,r5_d30_t1_w20,441,76,3304,2004,1224,1918,4,5,81,10,17,13,131,43
20260906,r5_d30_t1_w20,442,81,3312,2007,1224,1921,5,6,80,9,17,14,131,43
20260906,r5_d30_t1_w20,443,85,3318,2009,1224,1925,5,5,79,11,16,14,131,43
20260906,r5_d30_t1_w20,444,92,3327,2011,1224,1933,3,4,74,19,19,15,131,43
20260906,r5_d30_t1_w20,445,95,3333,2014,1224,1939,4,5,70,21,18,15,121,40
20260906,r5_d30_t1_w20,446,101,3343,2018,1224,1947,3,7,64,26,18,15,121,40
20260906,r5_d30_t1_w20,447,109,3352,2019,1224,1950,0,5,64,31,21,17,121,40
20260906,r5_d30_t1_w20,448,116,3362,2022,1224,1955,0,4,63,33,20,17,121,40
20260906,r5_d30_t1_w20,449,119,3370,2027,1224,1959,4,8,60,28,19,18,121,40
20260906,r5_d30_t1_w20,450,118,3378,2036,1224,1968,2,14,54,30,23,18,131,43
20260906,r5_d30_t1_w20,451,118,3383,2041,1224,1973,4,14,54,28,24,17,131,43
20260906,r5_d30_t1_w20,452,118,3389,2047,1224,1980,4,11,56,29,24,17,131,43
20260906,r5_d30_t1_w20,453,121,3398,2053,1224,1983,4,12,58,26,24,16,131,43
20260906,r5_d30_t1_w20,454,107,3403,2071,1225,1988,6,24,59,11,20,15,131,43
20260906,r5_d30_t1_w20,455,103,3408,2074,1231,1991,6,21,62,11,20,14,131,43
20260906,r5_d30_t1_w20,456,98,3417,2083,1236,1999,10,12,72,6,22,13,131,43
20260906,r5_d30_t1_w20,457,99,3426,2085,1242,2003,6,11,71,12,23,11,131,43
20260906,r5_d30_t1_w20,458,93,3431,2090,1248,2008,3,7,75,15,23,10,131,43
20260906,r5_d30_t1_w20,459,95,3439,2093,1251,2010,3,8,75,14,22,9,131,43
20260906,r5_d30_t1_w20,460,97,3448,2095,1256,2013,3,5,77,15,23,9,131,43
20260906,r5_d30_t1_w20,461,91,3454,2101,1262,2015,2,8,78,12,27,8,131,43
20260906,r5_d30_t1_w20,462,91,3463,2105,1267,2018,6,10,77,7,26,8,131,43
20260906,r5_d30_t1_w20,463,88,3468,2109,1271,2022,7,8,79,6,26,7,131,43
20260906,r5_d30_t1_w20,464,88,3475,2111,1276,2023,7,6,82,5,25,7,131,43
20260906,r5_d30_t1_w20,465,90,3484,2114,1280,2035,10,5,74,11,24,9,131,43
20260906,r5_d30_t1_w20,466,94,3494,2116,1284,2042,9,5,69,17,28,9,131,43
20260906,r5_d30_t1_w20,467,90,3501,2123,1288,2050,1,9,64,26,29,10,131,43
20260906,r5_d30_t1_w20,468,84,3509,2130,1295,2059,1,14,57,28,22,12,131,43
20260906,r5_d30_t1_w20,469,80,3519,2138,1301,2068,8,15,55,22,18,12,131,43
20260906,r5_d30_t1_w20,470,82,3526,2143,1301,2072,10,13,58,19,17,13,131,43
20260906,r5_d30_t1_w20,471,85,3532,2146,1301,2072,14,8,66,12,17,13,131,43
20260906,r5_d30_t1_w20,472,88,3539,2150,1301,2080,16,7,63,14,15,14,131,43
20260906,r5_d30_t1_w20,473,95,3548,2152,1301,2083,16,6,63,15,17,15,131,43
20260906,r5_d30_t1_w20,474,102,3558,2155,1301,2086,12,5,64,19,15,18,131,43
20260906,r5_d30_t1_w20,475,107,3565,2157,1301,2091,13,5,61,21,15,18,131,43
20260906,r5_d30_t1_w20,476,110,3571,2160,1301,2094,17,5,61,17,14,20,131,43
20260906,r5_d30_t1_w20,477,113,3577,2163,1301,2100,19,6,57,18,14,20,131,43
20260906,r5_d30_t1_w20,478,116,3585,2168,1301,2106,18,8,54,20,14,20,131,43
20260906,r5_d30_t1_w20,479,117,3592,2174,1301,2110,11,11,53,25,11,20,131,43
20260906,r5_d30_t1_w20,480,123,3600,2176,1301,2115,9,8,53,30,18,20,131,43
20260906,r5_d30_t1_w20,481,125,3607,2181,1301,2122,6,7,52,35,22,20,131,43
20260906,r5_d30_t1_w20,482,124,3617,2192,1301,2127,4,16,49,31,22,19,131,43
20260906,r5_d30_t1_w20,483,121,3623,2200,1302,2127,8,19,54,19,22,17,131,43
20260906,r5_d30_t1_w20,484,123,3633,2203,1307,2131,17,11,61,11,22,15,131,43
20260906,r5_d30_t1_w20,485,119,3639,2205,1315,2132,23,5,68,4,21,15,131,43
20260906,r5_d30_t1_w20,486,117,3645,2207,1321,2134,23,4,69,4,20,13,131,43
20260906,r5_d30_t1_w20,487,120,3651,2207,1324,2137,13,2,68,17,22,12,131,43
20260906,r5_d30_t1_w20,488,119,3661,2211,1331,2143,7,4,64,25,20,11,131,43
20260906,r5_d30_t1_w20,489,121,3671,2214,1336,2144,7,7,63,23,19,11,131,43
20260906,r5_d30_t1_w20,490,119,3680,2219,1342,2149,15,8,62,15,21,10,126,43
20260906,r5_d30_t1_w20,491,117,3690,2231,1342,2156,15,17,58,10,23,10,126,43
20260906,r5_d30_t1_w20,492,119,3699,2236,1344,2160,6,17,59,18,22,10,126,43
20260906,r5_d30_t1_w20,493,119,3709,2242,1348,2161,6,11,70,13,20,12,126,43
20260906,r5_d30_t1_w20,494,120,3719,2243,1356,2169,6,7,67,20,22,13,126,43
20260906,r5_d30_t1_w20,495,124,3729,2245,1360,2173,7,3,69,21,22,14,131,43
20260906,r5_d30_t1_w20,496,117,3736,2257,1362,2179,1,14,64,21,19,15,131,43
20260906,r5_d30_t1_w20,497,115,3741,2259,1367,2182,1,14,63,22,19,16,131,43
20260906,r5_d30_t1_w20,498,113,3750,2270,1367,2185,10,13,72,5,16,18,131,43
20260906,r5_d30_t1_w20,499,118,3760,2273,1369,2189,4,14,70,12,14,18,131,43
20260906,r5_d30_t1_w20,500,124,3768,2275,1369,2192,4,5,78,13,13,19,131,43
20260906,r5_d30_t1_w20,501,128,3774,2277,1369,2197,12,4,76,8,12,20,131,43
20260906,r5_d30_t1_w20,502,131,3779,2279,1369,2204,18,4,71,7,10,21,131,43
20260906,r5_d30_t1_w20,503,134,3786,2283,1369,2211,22,6,66,6,11,22,131,43
20260906,r5_d30_t1_w20,504,140,3794,2285,1369,2218,23,6,61,10,13,21,131,43
20260906,r5_d30_t1_w20,505,138,3800,2289,1373,2222,16,6,61,17,11,22,131,43
20260906,r5_d30_t1_w20,506,136,3805,2293,1376,2227,20,8,58,14,9,22,131,43
20260906,r5_d30_t1_w20,507,136,3810,2294,1380,2233,31,5,56,8,9,22,131,43
20260906,r5_d30_t1_w20,508,135,3819,2295,1389,2237,30,2,56,12,10,20,131,43
20260906,r5_d30_t1_w20,509,130,3825,2301,1394,2243,21,7,51,21,12,19,131,43
20260906,r5_d30_t1_w20,510,129,3831,2308,1394,2245,8,13,50,29,16,19,131,43
20260906,r5_d30_t1_w20,511,129,3839,2312,1398,2251,8,11,50,31,19,17,131,43
20260906,r5_d30_t1_w20,512,122,3846,2319,1405,2255,7,11,53,29,17,15,131,43
20260906,r5_d30_t1_w20,513,104,3851,2333,1414,2259,4,21,53,22,15,15,131,43
20260906,r5_d30_t1_w20,514,95,3856,2339,1422,2263,6,20,56,18,14,13,131,43
20260906,r5_d30_t1_w20,515,93,3865,2343,1429,2266,4,10,67,19,19,13,131,43
20260906,r5_d30_t1_w20,516,91,3874,2347,1436,2270,2,8,69,21,22,12,131,43
20260906,r5_d30_t1_w20,517,86,3882,2356,1440,2277,2,13,66,19,21,12,131,43
20260906,r5_d30_t1_w20,518,78,3891,2365,1448,2280,3,18,67,12,19,11,131,43
20260906,r5_d30_t1_w20,519,78,3899,2369,1452,2281,3,13,75,9,22,9,131,43
20260906,r5_d30_t1_w20,520,78,3908,2372,1458,2287,3,7,78,12,24,8,101,38
20260906,r5_d30_t1_w20,521,77,3915,2376,1462,2290,1,7,79,13,25,8,101,38
20260906,r5_d30_t1_w20,522,80,3925,2381,1464,2294,0,9,78,13,28,8,101,38
20260906,r5_d30_t1_w20,523,81,3932,2383,1468,2297,0,7,79,14,27,8,101,38
20260906,r5_d30_t1_w20,524,80,3939,2385,1474,2301,0,4,80,16,28,7,101,38
20260906,r5_d30_t1_w20,525,80,3947,2388,1479,2307,0,5,76,19,25,8,126,43
20260906,r5_d30_t1_w20,526,82,3955,2390,1483,2309,0,5,76,19,26,11,126,43
20260906,r5_d30_t1_w20,527,80,3960,2394,1486,2313,0,6,75,19,24,11,126,43
20260906,r5_d30_t1_w20,528,77,3968,2397,1494,2319,1,7,71,21,20,13,126,43
20260906,r5_d30_t1_w20,529,79,3978,2405,1494,2329,3,11,65,21,17,13,126,43
20260906,r5_d30_t1_w20,530,82,3984,2408,1494,2333,2,11,64,23,16,13,131,43
20260906,r5_d30_t1_w20,531,84,3991,2413,1494,2341,3,8,64,25,16,14,131,43
20260906,r5_d30_t1_w20,532,89,4000,2417,1494,2350,8,9,58,25,13,15,131,43
20260906,r5_d30_t1_w20,533,94,4006,2418,1494,2361,11,5,52,32,14,14,131,43
20260906,r5_d30_t1_w20,534,101,4016,2421,1494,2365,10,4,52,34,14,15,131,43
20260906,r5_d30_t1_w20,535,102,4024,2428,1494,2368,5,10,50,35,14,15,131,43
20260906,r5_d30_t1_w20,536,104,4030,2432,1494,2371,11,11,50,28,15,16,131,43
20260906,r5_d30_t1_w20,537,110,4039,2435,1494,2378,18,7,50,25,14,16,131,43
20260906,r5_d30_t1_w20,538,114,4045,2437,1494,2382,13,5,50,32,13,17,131,43
20260906,r5_d30_t1_w20,539,120,4054,2440,1494,2385,22,5,50,23,15,18,131,43
20260906,r5_d30_t1_w20,540,121,4062,2447,1494,2390,22,10,47,21,20,18,131,43
20260906,r5_d30_t1_w20,541,119,4068,2454,1495,2394,21,14,46,19,21,16,131,43
20260906,r5_d30_t1_w20,542,122,4078,2461,1495,2395,21,14,52,13,22,16,131,43
20260906,r5_d30_t1_w20,543,128,4087,2464,1495,2399,21,10,55,14,22,16,131,43
20260906,r5_d30_t1_w20,544,127,4097,2471,1499,2402,13,10,59,18,26,16,131,43
20260906,r5_d30_t1_w20,545,126,4106,2478,1502,2405,13,14,59,14,29,15,131,43
20260906,r5_d30_t1_w20,546,126,4113,2481,1506,2408,13,10,63,14,28,14,131,43
20260906,r5_d30_t1_w20,547,126,4119,2485,1508,2414,13,7,64,16,28,13,131,43
20260906,r5_d30_t1_w20,548,124,4126,2488,1514,2419,15,7,62,16,28,13,131,43
20260906,r5_d30_t1_w20,549,121,4134,2491,1522,2422,15,6,63,16,28,11,131,43
20260906,r5_d30_t1_w20,550,122,4144,2495,1527,2428,14,7,60,19,27,11,126,43
20260906,r5_d30_t1_w20,551,122,4151,2499,1530,2429,14,8,62,16,26,11,126,43
20260906,r5_d30_t1_w20,552,120,4161,2504,1537,2432,7,9,63,21,26,11,126,43
20260906,r5_d30_t1_w20,553,120,4168,2506,1542,2436,6,7,63,24,26,12,126,43
20260906,r5_d30_t1_w20,554,109,4173,2516,1548,2441,12,12,63,13,24,13,126,43
20260906,r5_d30_t1_w20,555,109,4181,2518,1554,2443,13,12,63,12,24,13,131,43
20260906,r5_d30_t1_w20,556,108,4187,2522,1557,2447,19,6,69,6,23,13,131,43
20260906,r5_d30_t1_w20,557,104,4193,2524,1565,2456,22,6,62,10,20,13,131,43
20260906,r5_d30_t1_w20,558,103,4198,2524,1571,2459,24,2,63,11,19,15,131,43
20260906,r5_d30_t1_w20,559,96,4204,2530,1578,2462,22,6,62,10,12,14,131,43
20260906,r5_d30_t1_w20,560,104,4213,2531,1578,2465,22,7,59,12,12,15,131,43
20260906,r5_d30_t1_w20,561,110,4222,2534,1578,2470,13,4,60,23,14,16,131,43
20260906,r5_d30_t1_w20,562,115,4230,2537,1578,2475,14,6,56,24,13,18,131,43
20260906,r5_d30_t1_w20,563,120,4237,2539,1578,2480,21,5,54,20,12,19,131,43
20260906,r5_d30_t1_w20,564,121,4242,2541,1580,2482,24,4,55,17,12,19,131,43
20260906,r5_d30_t1_w20,565,123,4251,2543,1585,2488,25,4,51,20,13,20,131,43
20260906,r5_d30_t1_w20,566,122,4258,2544,1592,2492,12,3,49,36,14,20,131,43
20260906,r5_d30_t1_w20,567,122,4265,2551,1592,2496,2,8,47,43,13,22,131,43
20260906,r5_d30_t1_w20,568,121,4271,2556,1594,2501,12,12,43,33,13,22,131,43
20260906,r5_d30_t1_w20,569,117,4276,2559,1600,2507,22,8,44,26,10,21,131,43
20260906,r5_d30_t1_w20,570,116,4284,2562,1606,2511,12,6,45,37,14,19,121,43
20260906,r5_d30_t1_w20,571,121,4294,2563,1610,2514,12,4,45,39,18,18,121,43
20260906,r5_d30_t1_w20,572,112,4300,2576,1612,2519,18,14,43,25,17,17,121,43
20260906,r5_d30_t1_w20,573,109,4306,2585,1612,2526,22,22,37,19,18,16,121,43
20260906,r5_d30_t1_w20,574,111,4316,2590,1615,2527,16,14,49,21,21,16,121,43
20260906,r5_d30_t1_w20,575,103,4321,2603,1615,2529,6,18,56,20,21,13,131,43
20260906,r5_d30_t1_w20,576,100,4326,2611,1615,2532,5,21,58,16,20,13,131,43
20260906,r5_d30_t1_w20,577,109,4336,2612,1615,2534,16,9,69,6,22,13,131,43
20260906,r5_d30_t1_w20,578,114,4346,2614,1618,2538,10,3,73,14,23,12,131,43
20260906,r5_d30_t1_w20,579,117,4356,2616,1623,2541,6,4,71,19,24,11,131,43
20260906,r5_d30_t1_w20,580,109,4362,2623,1630,2543,5,9,71,15,23,10,131,43
20260906,r5_d30_t1_w20,581,112,4372,2625,1635,2544,1,9,72,18,24,10,131,43
20260906,r5_d30_t1_w20,582,106,4378,2630,1642,2551,4,7,72,17,21,11,131,43
20260906,r5_d30_t1_w20,583,109,4387,2630,1648,2553,8,5,72,15,23,12,131,43
20260906,r5_d30_t1_w20,584,111,4397,2634,1652,2556,5,4,74,17,21,13,131,43
20260906,r5_d30_t1_w20,585,110,4405,2636,1659,2561,7,6,69,18,20,15,131,43
20260906,r5_d30_t1_w20,586,111,4413,2638,1664,2562,8,4,72,16,21,16,131,43
20260906,r5_d30_t1_w20,587,114,4422,2639,1669,2566,0,3,70,27,20,16,131,43
20260906,r5_d30_t1_w20,588,112,4428,2643,1673,2572,3,5,66,26,15,16,131,43
20260906,r5_d30_t1_w20,589,115,4438,2650,1673,2580,15,11,59,15,12,17,131,43
20260906,r5_d30_t1_w20,590,120,4448,2655,1673,2586,13,12,57,18,13,15,131,43
20260906,r5_d30_t1_w20,591,118,4453,2662,1673,2593,4,12,57,27,12,16,131,43
20260906,r5_d30_t1_w20,592,124,4461,2664,1673,2601,1,9,54,36,14,18,131,43
20260906,r5_d30_t1_w20,593,123,4466,2670,1673,2612,7,8,50,35,13,18,131,43
20260906,r5_d30_t1_w20,594,125,4474,2676,1673,2618,14,12,46,28,14,17,131,43
20260906,r5_d30_t1_w20,595,128,4481,2680,1673,2619,7,10,51,32,12,17,131,43
20260906,r5_d30_t1_w20,596,129,4486,2684,1673,2624,6,8,52,34,9,18,131,43
20260906,r5_d30_t1_w20,597,134,4496,2685,1677,2627,26,5,53,16,9,19,131,43
20260906,r5_d30_t1_w20,598,130,4501,2687,1684,2629,37,3,55,5,11,19,131,43
20260906,r5_d30_t1_w20,599,133,4511,2690,1688,2632,17,5,53,25,11,20,131,43
20260906,r5_d30_t1_w20,600,136,4520,2694,1690,2639,12,7,48,33,14,19,121,40
20260906,r6_d30_t1_w20,1,5,8,3,0,0,92,3,0,5,4,2,131,43
20260906,r6_d30_t1_w20,2,11,14,3,0,0,55,3,0,42,8,3,131,43
20260906,r6_d30_t1_w20,3,11,19,8,0,0,53,5,3,39,8,3,131,43
20260906,r6_d30_t1_w20,4,1,29,28,0,0,69,25,3,3,1,1,131,43
20260906,r6_d30_t1_w20,5,6,38,32,0,0,57,24,8,11,5,2,131,43
20260906,r6_d30_t1_w20,6,10,43,33,0,0,46,5,28,21,7,2,131,43
20260906,r6_d30_t1_w20,7,19,52,33,0,0,40,1,32,27,13,3,131,43
20260906,r6_d30_t1_w20,8,27,62,35,0,0,19,2,33,46,14,6,131,43
20260906,r6_d30_t1_w20,9,18,67,49,0,0,0,16,33,51,11,3,131,43
20260906,r6_d30_t1_w20,10,15,74,59,0,0,10,24,35,31,10,4,131,43
20260906,r6_d30_t1_w20,11,24,84,60,0,0,27,11,49,13,11,5,131,43
20260906,r6_d30_t1_w20,12,34,94,60,0,0,25,1,59,15,14,6,131,43
20260906,r6_d30_t1_w20,13,40,101,61,0,1,7,1,59,33,13,7,131,43
20260906,r6_d30_t1_w20,14,43,106,63,0,1,0,3,59,38,14,7,131,43
20260906,r6_d30_t1_w20,15,48,112,64,0,4,10,3,57,30,15,7,131,43
20260906,r6_d30_t1_w20,16,56,122,66,0,8,15,3,55,27,15,8,131,43
20260906,r6_d30_t1_w20,17,59,129,70,0,9,7,6,55,32,13,9,131,43
20260906,r6_d30_t1_w20,18,59,134,75,0,11,4,9,55,32,12,10,131,43
20260906,r6_d30_t1_w20,19,64,139,75,0,13,15,5,57,23,13,11,131,43
20260906,r6_d30_t1_w20,20,61,146,85,0,18,21,10,57,12,13,10,121,40
20260906,r6_d30_t1_w20,21,59,153,94,0,25,19,19,50,12,15,11,121,40
20260906,r6_d30_t1_w20,22,62,159,97,0,33,18,12,52,18,14,11,121,40
20260906,r6_d30_t1_w20,23,63,164,101,0,40,16,7,54,23,11,12,121,40
20260906,r6_d30_t1_w20,24,66,172,106,0,45,18,9,52,21,11,13,121,40
20260906,r6_d30_t1_w20,25,75,182,107,0,48,21,6,53,20,13,14,126,43
20260906,r6_d30_t1_w20,26,75,188,113,0,50,17,7,56,20,13,13,126,43
20260906,r6_d30_t1_w20,27,81,198,117,0,53,9,10,54,27,11,13,126,43
20260906,r6_d30_t1_w20,28,86,204,118,0,55,9,5,58,28,14,13,126,43
20260906,r6_d30_t1_w20,29,85,214,129,0,57,2,12,60,26,13,13,126,43
20260906,r6_d30_t1_w20,30,87,221,134,0,59,1,16,59,24,16,12,131,43
20260906,r6_d30_t1_w20,31,91,227,136,0,65,3,7,64,26,18,12,131,43
20260906,r6_d30_t1_w20,32,96,234,138,0,69,2,4,65,29,20,12,131,43
20260906,r6_d30_t1_w20,33,87,244,157,0,75,1,21,61,17,22,12,131,43
20260906,r6_d30_t1_w20,34,85,251,166,0,80,2,28,58,12,19,12,131,43
20260906,r6_d30_t1_w20,35,93,261,168,0,82,1,11,75,13,21,12,131,43
20260906,r6_d30_t1_w20,36,98,270,172,0,85,1,6,81,12,20,12,131,43
20260906,r6_d30_t1_w20,37,97,275,174,4,89,5,6,79,10,18,12,131,43
20260906,r6_d30_t1_w20,38,102,284,174,8,94,5,2,78,15,19,12,131,43
20260906,r6_d30_t1_w20,39,103,293,182,8,99,3,8,75,14,20,10,131,43
20260906,r6_d30_t1_w20,40,104,302,190,8,102,3,16,72,9,19,9,131,43
20260906,r6_d30_t1_w20,41,106,307,193,8,103,4,11,79,6,19,9,131,43
20260906,r6_d30_t1_w20,42,108,317,196,13,115,7,6,75,12,20,11,131,43
20260906,r6_d30_t1_w20,43,114,327,197,16,122,11,4,71,14,21,12,131,43
20260906,r6_d30_t1_w20,44,113,336,206,17,128,6,10,68,16,20,12,131,43
20260906,r6_d30_t1_w20,45,107,341,211,23,134,10,14,63,13,17,14,131,43
20260906,r6_d30_t1_w20,46,107,347,213,27,140,19,7,66,8,18,14,131,43
20260906,r6_d30_t1_w20,47,105,354,216,33,144,8,5,67,20,18,15,131,43
20260906,r6_d30_t1_w20,48,103,359,223,33,150,7,10,63,20,18,15,131,43
20260906,r6_d30_t1_w20,49,101,367,227,39,155,13,11,61,15,11,16,131,43
20260906,r6_d30_t1_w20,50,108,374,227,39,159,5,4,64,27,11,16,126,43
20260906,r6_d30_t1_w20,51,116,384,229,39,160,11,2,67,20,10,16,126,43
20260906,r6_d30_t1_w20,52,121,392,232,39,165,17,5,62,16,11,17,126,43
20260906,r6_d30_t1_w20,53,128,400,233,39,173,15,4,56,25,11,18,126,43
20260906,r6_d30_t1_w20,54,131,408,238,39,177,18,6,55,21,10,19,126,43
20260906,r6_d30_t1_w20,55,134,413,240,39,180,28,7,53,12,12,19,131,43
20260906,r6_d30_t1_w20,56,135,421,242,44,187,38,4,51,7,12,21,131,43
20260906,r6_d30_t1_w20,57,140,431,242,49,190,22,2,50,26,13,20,131,43
20260906,r6_d30_t1_w20,58,135,438,247,56,196,23,5,46,26,10,20,131,43
20260906,r6_d30_t1_w20,59,135,446,249,62,202,42,7,40,11,11,22,131,43
20260906,r6_d30_t1_w20,60,131,452,250,71,207,37,3,40,20,15,20,131,43
20260906,r6_d30_t1_w20,61,130,458,255,73,211,35,6,38,21,16,20,131,43
20260906,r6_d30_t1_w20,62,129,467,257,81,219,40,7,31,22,16,18,131,43
20260906,r6_d30_t1_w20,63,127,475,261,87,221,39,6,34,21,22,17,131,43
20260906,r6_d30_t1_w20,64,118,480,268,94,225,22,11,32,35,23,15,131,43
20260906,r6_d30_t1_w20,65,116,489,274,99,226,8,13,35,44,22,14,131,43
20260906,r6_d30_t1_w20,66,109,494,286,99,229,10,18,39,33,20,14,131,43
20260906,r6_d30_t1_w20,67,114,503,289,100,230,19,15,44,22,22,14,131,43
20260906,r6_d30_t1_w20,68,114,512,295,103,232,16,9,54,21,23,14,131,43
20260906,r6_d30_t1_w20,69,109,517,299,109,237,16,10,52,22,22,12,131,43
20260906,r6_d30_t1_w20,70,108,526,305,113,240,19,10,55,16,21,11,131,43
20260906,r6_d30_t1_w20,71,103,531,307,121,240,20,8,59,13,21,9,131,43
20260906,r6_d30_t1_w20,72,100,537,311,126,242,12,6,63,19,20,10,131,43
20260906,r6_d30_t1_w20,73,100,545,312,133,243,4,5,64,27,19,12,131,43
20260906,r6_d30_t1_w20,74,97,550,320,133,247,6,9,64,21,18,12,131,43
20260906,r6_d30_t1_w20,75,94,555,325,136,252,8,13,60,19,17,12,131,43
20260906,r6_d30_t1_w20,76,88,565,336,141,256,9,16,64,11,20,10,131,43
20260906,r6_d30_t1_w20,77,80,575,345,150,259,9,20,66,5,19,12,131,43
20260906,r6_d30_t1_w20,78,78,581,348,155,260,9,12,76,3,19,12,131,43
20260906,r6_d30_t1_w20,79,78,589,350,161,264,8,5,81,6,17,13,131,43
20260906,r6_d30_t1_w20,80,82,594,351,161,267,6,3,81,10,17,13,131,43
20260906,r6_d30_t1_w20,81,88,603,354,161,270,5,4,80,11,15,13,131,43
20260906,r6_d30_t1_w20,82,91,610,358,161,274,4,7,77,12,14,12,131,43
20260906,r6_d30_t1_w20,83,93,616,362,161,284,6,8,70,16,12,16,131,43
20260906,r6_d30_t1_w20,84,97,622,364,161,289,6,6,69,19,12,16,131,43
20260906,r6_d30_t1_w20,85,99,629,369,161,294,10,7,68,15,13,17,131,43
20260906,r6_d30_t1_w20,86,105,637,371,161,300,16,7,64,13,13,18,131,43
20260906,r6_d30_t1_w20,87,107,644,376,161,302,17,7,67,9,11,18,131,43
20260906,r6_d30_t1_w20,88,112,653,380,161,313,23,9,58,10,10,19,131,43
20260906,r6_d30_t1_w20,89,119,663,383,161,317,23,7,59,11,10,19,131,43
20260906,r6_d30_t1_w20,90,115,670,394,161,323,21,14,57,8,14,18,131,43
20260906,r6_d30_t1_w20,91,117,675,397,161,325,5,14,58,23,15,18,131,43
20260906,r6_d30_t1_w20,92,121,685,402,162,330,2,8,64,26,18,18,131,43
20260906,r6_d30_t1_w20,93,113,693,411,169,334,1,14,63,22,20,17,131,43
20260906,r6_d30_t1_w20,94,112,702,421,169,341,0,19,61,20,22,16,131,43
20260906,r6_d30_t1_w20,95,118,712,425,169,347,2,14,64,20,22,15,131,43
20260906,r6_d30_t1_w20,96,117,720,428,175,350,2,7,71,20,23,14,131,43
20260906,r6_d30_t1_w20,97,115,730,432,183,353,0,7,72,21,23,14,131,43
20260906,r6_d30_t1_w20,98,112,736,437,187,358,0,9,70,21,21,14,131,43
20260906,r6_d30_t1_w20,99,107,744,449,188,360,1,17,72,10,21,13,131,43
20260906,r6_d30_t1_w20,100,104,749,453,192,362,2,16,75,7,21,12,121,40
20260906,r6_d30_t1_w20,101,106,758,457,195,371,4,8,78,10,23,11,121,40
20260906,r6_d30_t1_w20,102,107,765,461,197,379,1,8,74,17,25,9,121,40
20260906,r6_d30_t1_w20,103,102,770,468,200,384,2,11,73,14,23,8,121,40
20260906,r6_d30_t1_w20,104,100,778,475,203,391,2,14,70,14,22,11,121,40
20260906,r6_d30_t1_w20,105,99,785,478,208,394,3,10,74,13,20,12,131,43
20260906,r6_d30_t1_w20,106,92,790,482,216,399,8,7,76,9,19,12,131,43
20260906,r6_d30_t1_w20,107,92,797,482,223,403,10,4,75,11,21,12,131,43
20260906,r6_d30_t1_w20,108,90,805,488,227,407,11,6,75,8,19,12,131,43
20260906,r6_d30_t1_w20,109,83,810,494,233,413,11,12,69,8,12,13,131,43
20260906,r6_d30_t1_w20,110,86,816,497,233,413,11,9,75,5,15,13,131,43
20260906,r6_d30_t1_w20,111,87,821,501,233,418,13,7,76,4,13,15,131,43
20260906,r6_d30_t1_w20,112,95,829,501,233,424,13,4,73,10,16,15,131,43
20260906,r6_d30_t1_w20,113,103,839,503,233,432,5,2,69,24,16,16,131,43
20260906,r6_d30_t1_w20,114,106,847,508,233,438,6,7,63,24,14,17,131,43
20260906,r6_d30_t1_w20,115,108,852,511,233,441,6,8,62,24,12,18,131,43
20260906,r6_d30_t1_w20,116,113,860,514,233,451,13,6,57,24,11,18,131,43
20260906,r6_d30_t1_w20,117,115,867,519,233,457,15,8,54,23,11,17,131,43
20260906,r6_d30_t1_w20,118,117,876,526,233,459,10,12,55,23,14,17,131,43
20260906,r6_d30_t1_w20,119,110,884,541,233,463,4,22,56,18,13,18,131,43
20260906,r6_d30_t1_w20,120,117,893,543,233,467,1,17,59,23,17,18,131,43
20260906,r6_d30_t1_w20,121,119,901,545,237,472,0,4,69,27,20,17,131,43
20260906,r6_d30_t1_w20,122,119,911,553,239,476,0,10,67,23,20,16,131,43
20260906,r6_d30_t1_w20,123,115,921,564,242,483,1,19,62,18,21,16,131,43
20260906,r6_d30_t1_w20,124,115,931,566,250,489,1,13,64,22,24,15,131,43
20260906,r6_d30_t1_w20,125,111,938,575,252,493,1,11,71,17,26,14,121,40
20260906,r6_d30_t1_w20,126,108,943,583,252,497,1,17,69,13,25,11,121,40
20260906,r6_d30_t1_w20,127,109,949,584,256,500,2,9,75,14,26,11,121,40
20260906,r6_d30_t1_w20,128,107,958,589,262,505,6,6,78,10,24,10,121,40
20260906,r6_d30_t1_w20,129,110,968,591,267,507,10,7,77,6,24,8,121,40
20260906,r6_d30_t1_w20,130,113,975,592,270,513,7,3,76,14,25,8,131,43
20260906,r6_d30_t1_w20,131,116,985,596,273,518,8,5,73,14,27,8,131,43
20260906,r6_d30_t1_w20,132,115,991,600,276,521,10,8,71,11,28,9,131,43
20260906,r6_d30_t1_w20,133,116,999,602,281,526,8,6,70,16,31,11,131,43
20260906,r6_d30_t1_w20,134,115,1006,605,286,529,14,5,71,10,32,13,131,43
20260906,r6_d30_t1_w20,135,115,1015,612,288,534,10,10,68,12,30,14,131,43
20260906,r6_d30_t1_w20,136,111,1020,614,295,538,11,9,67,13,28,14,131,43
20260906,r6_d30_t1_w20,137,110,1028,618,300,546,10,6,66,18,24,15,131,43
20260906,r6_d30_t1_w20,138,111,1034,620,303,555,14,6,59,21,22,16,131,43
20260906,r6_d30_t1_w20,139,110,1040,624,306,561,26,6,57,11,18,16,131,43
20260906,r6_d30_t1_w20,140,113,1047,628,306,562,27,8,58,7,14,17,131,43
20260906,r6_d30_t1_w20,141,112,1053,635,306,568,29,11,56,4,15,18,131,43
20260906,r6_d30_t1_w20,142,113,1058,639,306,572,20,11,56,13,16,19,131,43
20260906,r6_d30_t1_w20,143,119,1067,642,306,576,14,7,59,20,16,19,131,43
20260906,r6_d30_t1_w20,144,120,1076,645,311,583,23,6,56,15,16,18,131,43
20260906,r6_d30_t1_w20,145,121,1081,646,314,586,22,4,56,18,17,18,131,43
20260906,r6_d30_t1_w20,146,123,1090,651,316,590,22,6,55,17,15,18,131,43
20260906,r6_d30_t1_w20,147,123,1095,652,320,595,20,6,51,23,14,19,131,43
20260906,r6_d30_t1_w20,148,120,1101,656,325,599,10,5,52,33,13,18,131,43
20260906,r6_d30_t1_w20,149,118,1111,660,333,604,19,8,48,25,12,19,131,43
20260906,r6_d30_t1_w20,150,115,1116,662,339,608,15,6,48,31,17,18,131,43
20260906,r6_d30_t1_w20,151,112,1122,670,340,608,7,10,52,31,17,16,131,43
20260906,r6_d30_t1_w20,152,110,1129,676,343,610,13,14,52,21,18,16,131,43
20260906,r6_d30_t1_w20,153,110,1135,677,348,612,15,7,58,20,20,15,131,43
20260906,r6_d30_t1_w20,154,100,1142,689,353,620,17,13,56,14,18,15,131,43
20260906,r6_d30_t1_w20,155,91,1148,696,361,626,17,19,51,13,17,14,126,43
20260906,r6_d30_t1_w20,156,96,1158,697,365,632,19,8,57,16,19,11,126,43
20260906,r6_d30_t1_w20,157,88,1164,704,372,636,21,8,60,11,19,10,126,43
20260906,r6_d30_t1_w20,158,84,1169,708,377,638,22,11,59,8,19,10,126,43
20260906,r6_d30_t1_w20,159,88,1179,709,382,639,22,5,65,8,21,10,126,43
20260906,r6_d30_t1_w20,160,91,1189,714,384,643,20,6,65,9,23,9,131,43
20260906,r6_d30_t1_w20,161,91,1194,717,386,647,18,8,62,12,23,9,131,43
20260906,r6_d30_t1_w20,162,91,1201,723,387,648,19,9,66,6,22,9,131,43
20260906,r6_d30_t1_w20,163,88,1207,728,391,653,20,11,64,5,22,10,131,43
20260906,r6_d30_t1_w20,164,88,1215,730,397,654,18,7,69,6,23,12,131,43
20260906,r6_d30_t1_w20,165,88,1223,735,400,660,21,7,68,4,24,13,131,43
20260906,r6_d30_t1_w20,166,85,1230,737,408,664,23,7,66,4,23,12,131,43
20260906,r6_d30_t1_w20,167,85,1237,740,412,672,23,5,63,9,22,11,131,43
20260906,r6_d30_t1_w20,168,82,1243,743,418,678,20,6,59,15,21,11,131,43
20260906,r6_d30_t1_w20,169,77,1249,749,423,681,19,9,59,13,18,12,131,43
20260906,r6_d30_t1_w20,170,77,1255,755,423,690,21,12,53,14,17,13,131,43
20260906,r6_d30_t1_w20,171,81,1261,757,423,694,20,8,55,17,15,14,131,43
20260906,r6_d30_t1_w20,172,84,1267,760,423,696,20,5,59,16,15,16,131,43
20260906,r6_d30_t1_w20,173,89,1275,763,423,704,22,6,53,19,14,16,131,43
20260906,r6_d30_t1_w20,174,93,1282,766,423,707,22,6,53,19,16,16,131,43
20260906,r6_d30_t1_w20,175,93,1289,773,423,714,16,10,49,25,15,15,131,43
20260906,r6_d30_t1_w20,176,94,1294,777,423,718,14,11,48,27,14,16,131,43
20260906,r6_d30_t1_w20,177,94,1302,785,423,722,18,12,51,19,12,16,131,43
20260906,r6_d30_t1_w20,178,98,1309,788,423,723,19,11,54,16,16,15,131,43
20260906,r6_d30_t1_w20,179,99,1315,793,423,726,15,8,59,18,14,16,131,43
20260906,r6_d30_t1_w20,180,99,1320,798,423,732,14,10,56,20,16,15,121,40
20260906,r6_d30_t1_w20,181,103,1329,803,423,736,13,10,57,20,20,15,121,40
20260906,r6_d30_t1_w20,182,102,1334,809,423,739,4,11,59,26,22,14,121,40
20260906,r6_d30_t1_w20,183,105,1343,814,424,744,4,11,59,26,20,14,121,40
20260906,r6_d30_t1_w20,184,105,1350,816,429,746,11,7,63,19,21,12,121,40
20260906,r6_d30_t1_w20,185,106,1358,820,432,750,18,6,64,12,22,12,131,43
20260906,r6_d30_t1_w20,186,108,1367,826,433,752,16,10,64,10,25,12,131,43
20260906,r6_d30_t1_w20,187,106,1375,832,437,757,4,12,63,21,26,11,131,43
20260906,r6_d30_t1_w20,188,106,1382,836,440,764,1,10,62,27,26,11,131,43
20260906,r6_d30_t1_w20,189,108,1391,839,444,768,3,7,64,26,25,11,131,43
20260906,r6_d30_t1_w20,190,110,1400,844,446,771,7,8,65,20,24,10,131,43
20260906,r6_d30_t1_w20,191,103,1410,857,450,779,10,18,60,12,25,10,131,43
20260906,r6_d30_t1_w20,192,99,1416,862,455,782,10,18,62,10,22,10,131,43
20260906,r6_d30_t1_w20,193,91,1422,868,463,783,10,11,74,5,22,9,131,43
20260906,r6_d30_t1_w20,194,95,1432,872,465,788,8,10,74,8,24,9,131,43
20260906,r6_d30_t1_w20,195,99,1442,876,467,790,6,8,78,8,21,10,131,43
20260906,r6_d30_t1_w20,196,97,1448,881,470,794,8,9,78,5,22,10,131,43
20260906,r6_d30_t1_w20,197,95,1453,883,475,803,8,7,73,12,21,11,131,43
20260906,r6_d30_t1_w20,198,99,1461,884,478,809,7,3,72,18,22,12,131,43
20260906,r6_d30_t1_w20,199,101,1471,888,482,810,10,5,73,12,16,13,131,43
20260906,r6_d30_t1_w20,200,107,1480,891,482,814,12,7,70,11,15,15,131,43
20260906,r6_d30_t1_w20,201,113,1486,891,482,816,12,3,72,13,15,15,131,43
20260906,r6_d30_t1_w20,202,115,1492,895,482,823,12,4,68,16,14,16,131,43
20260906,r6_d30_t1_w20,203,116,1497,899,482,831,5,8,60,27,17,16,131,43
20260906,r6_d30_t1_w20,204,115,1506,909,482,836,5,14,59,22,16,15,131,43
20260906,r6_d30_t1_w20,205,120,1515,913,482,843,2,14,56,28,16,16,131,43
20260906,r6_d30_t1_w20,206,123,1522,917,482,847,2,8,62,28,15,17,131,43
20260906,r6_d30_t1_w20,207,119,1527,926,482,854,5,13,59,23,11,17,131,43
20260906,r6_d30_t1_w20,208,121,1532,926,485,862,2,9,55,34,11,19,131,43
20260906,r6_d30_t1_w20,209,119,1540,930,491,866,10,4,60,26,12,17,131,43
20260906,r6_d30_t1_w20,210,116,1545,934,495,866,14,8,60,18,17,17,131,43
20260906,r6_d30_t1_w20,211,112,1551,938,501,871,4,8,59,29,18,15,131,43
20260906,r6_d30_t1_w20,212,108,1558,944,506,878,7,10,56,27,18,14,131,43
20260906,r6_d30_t1_w20,213,102,1566,954,510,881,11,16,57,16,19,14,131,43
20260906,r6_d30_t1_w20,214,97,1571,958,516,885,0,14,59,27,19,13,131,43
20260906,r6_d30_t1_w20,215,89,1579,965,525,888,0,11,66,23,20,12,131,43
20260906,r6_d30_t1_w20,216,93,1589,969,527,891,11,11,67,11,23,12,131,43
20260906,r6_d30_t1_w20,217,94,1596,973,529,894,10,8,71,11,26,11,131,43
20260906,r6_d30_t1_w20,218,97,1604,977,530,900,2,8,69,21,26,10,131,43
20260906,r6_d30_t1_w20,219,92,1614,982,540,905,2,9,68,21,29,9,131,43
20260906,r6_d30_t1_w20,220,89,1621,985,547,910,2,8,67,23,31,9,131,43
20260906,r6_d30_t1_w20,221,86,1626,989,551,917,0,7,65,28,31,8,131,43
20260906,r6_d30_t1_w20,222,78,1631,999,554,918,0,14,67,19,28,7,131,43
20260906,r6_d30_t1_w20,223,82,1640,1004,554,922,3,15,67,15,29,7,131,43
20260906,r6_d30_t1_w20,224,82,1647,1007,558,927,3,8,72,17,27,8,131,43
20260906,r6_d30_t1_w20,225,77,1652,1011,564,935,1,7,69,23,25,8,131,43
20260906,r6_d30_t1_w20,226,71,1660,1020,569,938,0,13,69,18,23,11,131,43
20260906,r6_d30_t1_w20,227,69,1670,1032,569,942,0,21,69,10,21,11,131,43
20260906,r6_d30_t1_w20,228,72,1679,1035,572,948,1,15,72,12,21,10,131,43
20260906,r6_d30_t1_w20,229,75,1689,1039,575,952,0,7,80,13,17,11,131,43
20260906,r6_d30_t1_w20,230,78,1696,1043,575,955,0,8,80,12,15,11,131,43
20260906,r6_d30_t1_w20,231,83,1702,1044,575,959,0,5,80,15,15,11,131,43
20260906,r6_d30_t1_w20,232,86,1710,1049,575,967,4,6,76,14,11,14,131,43
20260906,r6_d30_t1_w20,233,91,1719,1053,575,975,11,9,69,11,9,14,131,43
20260906,r6_d30_t1_w20,234,94,1725,1056,575,979,16,7,70,7,9,13,131,43
20260906,r6_d30_t1_w20,235,98,1734,1061,575,982,18,8,71,3,9,15,111,40
20260906,r6_d30_t1_w20,236,102,1740,1063,575,989,18,7,67,8,12,15,111,40
20260906,r6_d30_t1_w20,237,106,1745,1064,575,999,12,3,62,23,13,15,111,40
20260906,r6_d30_t1_w20,238,103,1750,1072,575,1004,9,9,59,23,12,15,111,40
20260906,r6_d30_t1_w20,239,105,1757,1077,575,1010,10,13,54,23,13,14,111,40
20260906,r6_d30_t1_w20,240,106,1762,1081,575,1013,8,9,59,24,15,14,131,43
20260906,r6_d30_t1_w20,241,108,1768,1085,575,1017,8,8,60,24,18,14,131,43
20260906,r6_d30_t1_w20,242,112,1777,1090,575,1019,7,9,62,22,21,13,131,43
20260906,r6_d30_t1_w20,243,106,1785,1104,575,1022,9,19,63,9,26,12,131,43
20260906,r6_d30_t1_w20,244,106,1792,1111,575,1026,9,21,64,6,24,12,131,43
20260906,r6_d30_t1_w20,245,111,1798,1112,575,1032,10,8,72,10,24,12,131,43
20260906,r6_d30_t1_w20,246,120,1808,1113,575,1035,10,2,76,12,28,12,131,43
20260906,r6_d30_t1_w20,247,122,1818,1119,577,1037,9,7,75,9,28,11,131,43
20260906,r6_d30_t1_w20,248,124,1828,1124,580,1042,2,11,71,16,29,11,131,43
20260906,r6_d30_t1_w20,249,119,1838,1130,589,1047,2,11,72,15,26,10,131,43
20260906,r6_d30_t1_w20,250,119,1846,1132,595,1054,3,8,70,19,26,10,131,43
20260906,r6_d30_t1_w20,251,119,1854,1134,601,1058,4,4,72,20,28,11,131,43
20260906,r6_d30_t1_w20,252,112,1861,1141,608,1062,4,9,70,17,25,12,131,43
20260906,r6_d30_t1_w20,253,107,1867,1143,617,1066,3,9,68,20,25,12,131,43
20260906,r6_d30_t1_w20,254,107,1876,1149,620,1071,3,8,70,19,21,13,131,43
20260906,r6_d30_t1_w20,255,103,1882,1153,626,1072,6,10,71,13,20,13,122,43
20260906,r6_d30_t1_w20,256,107,1891,1158,626,1080,8,9,69,14,20,13,122,43
20260906,r6_d30_t1_w20,257,111,1899,1158,630,1088,3,5,65,27,21,13,122,43
20260906,r6_d30_t1_w20,258,107,1907,1170,630,1092,4,12,66,18,15,14,122,43
20260906,r6_d30_t1_w20,259,113,1915,1172,630,1103,16,14,55,15,14,16,122,43
20260906,r6_d30_t1_w20,260,119,1922,1173,630,1108,13,3,62,22,14,17,131,43
20260906,r6_d30_t1_w20,261,123,1932,1179,630,1113,14,7,59,20,12,17,131,43
20260906,r6_d30_t1_w20,262,124,1937,1183,630,1119,27,10,54,9,11,18,131,43
20260906,r6_d30_t1_w20,263,132,1946,1184,630,1122,28,5,57,10,11,19,131,43
20260906,r6_d30_t1_w20,264,136,1955,1184,635,1126,28,1,57,14,12,19,131,43
20260906,r6_d30_t1_w20,265,136,1965,1194,635,1126,25,10,58,7,15,20,131,43
20260906,r6_d30_t1_w20,266,140,1973,1198,635,1128,16,14,56,14,16,21,131,43
20260906,r6_d30_t1_w20,267,140,1980,1201,639,1136,17,7,58,18,17,20,131,43
20260906,r6_d30_t1_w20,268,140,1988,1201,647,1138,8,3,60,29,18,20,131,43
20260906,r6_d30_t1_w20,269,138,1995,1207,650,1140,0,6,61,33,16,21,131,43
20260906,r6_d30_t1_w20,270,137,2000,1209,654,1145,18,8,56,18,21,20,131,43
20260906,r6_d30_t1_w20,271,137,2006,1211,658,1148,8,4,59,29,24,19,131,43
20260906,r6_d30_t1_w20,272,135,2015,1220,660,1154,3,11,55,31,23,19,131,43
20260906,r6_d30_t1_w20,273,126,2024,1233,665,1159,5,22,52,21,20,19,131,43
20260906,r6_d30_t1_w20,274,123,2034,1237,674,1165,11,17,55,17,22,16,131,43
20260906,r6_d30_t1_w20,275,122,2042,1241,679,1166,16,8,67,9,22,15,131,43
20260906,r6_d30_t1_w20,276,126,2052,1244,682,1171,15,7,66,12,26,14,131,43
20260906,r6_d30_t1_w20,277,129,2059,1244,686,1174,17,3,67,13,28,13,131,43
20260906,r6_d30_t1_w20,278,126,2068,1252,690,1178,17,8,66,9,26,12,131,43
20260906,r6_d30_t1_w20,279,125,2074,1257,692,1182,16,13,62,9,28,11,131,43
20260906,r6_d30_t1_w20,280,126,2083,1260,697,1186,8,8,66,18,27,10,131,43
20260906,r6_d30_t1_w20,281,123,2091,1263,705,1191,9,6,66,19,26,10,131,43
20260906,r6_d30_t1_w20,282,128,2101,1265,708,1197,9,5,63,23,27,12,131,43
20260906,r6_d30_t1_w20,283,121,2107,1271,715,1204,11,8,59,22,27,12,131,43
20260906,r6_d30_t1_w20,284,111,2115,1289,715,1209,10,24,56,10,26,13,131,43
20260906,r6_d30_t1_w20,285,111,2124,1292,721,1212,13,21,59,7,25,13,121,40
20260906,r6_d30_t1_w20,286,114,2133,1296,723,1216,14,7,73,6,27,13,121,40
20260906,r6_d30_t1_w20,287,113,2139,1298,728,1218,10,6,74,10,25,14,121,40
20260906,r6_d30_t1_w20,288,109,2145,1301,735,1224,7,5,72,16,23,14,121,40
20260906,r6_d30_t1_w20,289,108,2152,1303,741,1229,8,5,69,18,19,14,121,40
20260906,r6_d30_t1_w20,290,114,2161,1306,741,1234,10,5,67,18,17,14,126,43
20260906,r6_d30_t1_w20,291,118,2168,1309,741,1240,13,6,63,18,15,15,126,43
20260906,r6_d30_t1_w20,292,125,2176,1310,741,1247,16,4,59,21,15,17,126,43
20260906,r6_d30_t1_w20,293,132,2185,1312,741,1252,8,3,57,32,19,18,126,43
20260906,r6_d30_t1_w20,294,136,2194,1317,741,1255,2,7,55,36,19,20,126,43
20260906,r6_d30_t1_w20,295,135,2201,1324,742,1256,12,12,56,20,17,20,131,43
20260906,r6_d30_t1_w20,296,132,2207,1328,747,1258,13,11,59,17,16,20,131,43
20260906,r6_d30_t1_w20,297,134,2215,1329,752,1265,12,5,59,24,16,19,131,43
20260906,r6_d30_t1_w20,298,128,2221,1334,759,1270,18,6,58,18,12,20,131,43
20260906,r6_d30_t1_w20,299,128,2226,1335,763,1275,21,6,54,19,12,20,131,43
20260906,r6_d30_t1_w20,300,121,2235,1349,765,1279,13,15,55,17,13,19,131,43
20260906,r6_d30_t1_w20,301,122,2244,1352,770,1284,2,17,51,30,20,19,131,43
20260906,r6_d30_t1_w20,302,120,2252,1356,776,1289,0,7,60,33,24,16,131,43
20260906,r6_d30_t1_w20,303,102,2258,1374,782,1291,0,22,61,17,17,15,131,43
20260906,r6_d30_t1_w20,304,104,2265,1376,785,1295,0,20,61,19,23,15,131,43
20260906,r6_d30_t1_w20,305,102,2273,1379,792,1300,0,5,74,21,25,14,131,43
20260906,r6_d30_t1_w20,306,101,2283,1385,797,1305,6,9,71,14,23,13,131,43
20260906,r6_d30_t1_w20,307,98,2288,1390,800,1310,8,11,69,12,22,12,131,43
20260906,r6_d30_t1_w20,308,99,2297,1395,803,1312,0,10,73,17,23,12,131,43
20260906,r6_d30_t1_w20,309,100,2305,1399,806,1316,0,9,74,17,22,12,131,43
20260906,r6_d30_t1_w20,310,96,2312,1401,815,1320,0,6,75,19,21,10,131,43
20260906,r6_d30_t1_w20,311,93,2321,1406,822,1322,1,7,77,15,22,9,131,43
20260906,r6_d30_t1_w20,312,95,2331,1407,829,1324,8,6,77,9,23,8,131,43
20260906,r6_d30_t1_w20,313,97,2340,1410,833,1331,0,4,75,21,23,9,131,43
20260906,r6_d30_t1_w20,314,93,2347,1415,839,1336,0,8,71,21,23,9,131,43
20260906,r6_d30_t1_w20,315,94,2357,1418,845,1340,9,8,70,13,24,9,131,43
20260906,r6_d30_t1_w20,316,97,2367,1422,848,1346,2,7,69,22,22,13,131,43
20260906,r6_d30_t1_w20,317,93,2372,1427,852,1349,3,9,69,19,22,13,131,43
20260906,r6_d30_t1_w20,318,94,2381,1430,857,1361,0,8,61,31,18,14,131,43
20260906,r6_d30_t1_w20,319,95,2387,1433,859,1365,0,6,62,32,14,14,131,43
20260906,r6_d30_t1_w20,320,101,2396,1436,859,1371,19,6,59,16,12,17,131,43
20260906,r6_d30_t1_w20,321,104,2404,1441,859,1378,24,8,55,13,14,17,131,43
20260906,r6_d30_t1_w20,322,103,2411,1449,859,1385,24,13,51,12,13,17,131,43
20260906,r6_d30_t1_w20,323,106,2418,1453,859,1390,24,12,51,13,12,17,131,43
20260906,r6_d30_t1_w20,324,109,2427,1459,859,1394,25,10,55,10,11,17,131,43
20260906,r6_d30_t1_w20,325,112,2432,1461,859,1397,27,8,56,9,12,17,131,43
20260906,r6_d30_t1_w20,326,116,2439,1464,859,1399,22,5,60,13,14,17,131,43
20260906,r6_d30_t1_w20,327,123,2449,1467,859,1400,19,6,61,14,13,18,131,43
20260906,r6_d30_t1_w20,328,126,2456,1471,859,1405,18,7,59,16,12,18,131,43
20260906,r6_d30_t1_w20,329,131,2463,1473,859,1410,18,6,57,19,14,20,131,43
20260906,r6_d30_t1_w20,330,127,2471,1485,859,1412,8,14,59,19,17,19,131,43
20260906,r6_d30_t1_w20,331,128,2478,1489,861,1419,11,16,54,19,17,19,131,43
20260906,r6_d30_t1_w20,332,128,2486,1490,868,1421,11,5,64,20,20,16,131,43
20260906,r6_d30_t1_w20,333,127,2496,1495,874,1425,2,6,64,28,25,16,131,43
20260906,r6_d30_t1_w20,334,121,2506,1508,877,1432,2,18,58,22,23,15,131,43
20260906,r6_d30_t1_w20,335,121,2515,1510,884,1436,11,15,59,15,24,14,121,40
20260906,r6_d30_t1_w20,336,115,2521,1516,890,1441,10,8,67,15,24,14,121,40
20260906,r6_d30_t1_w20,337,122,2531,1517,892,1443,7,7,67,19,25,13,121,40
20260906,r6_d30_t1_w20,338,118,2539,1522,899,1447,0,6,69,25,23,11,121,40
20260906,r6_d30_t1_w20,339,109,2545,1531,905,1454,3,14,63,20,23,10,121,40
20260906,r6_d30_t1_w20,340,105,2555,1536,914,1458,8,14,64,14,25,10,131,43
20260906,r6_d30_t1_w20,341,109,2565,1541,915,1459,0,10,72,18,28,10,131,43
20260906,r6_d30_t1_w20,342,103,2572,1549,920,1464,0,13,72,15,23,10,131,43
20260906,r6_d30_t1_w20,343,106,2581,1551,924,1470,3,10,71,16,23,10,131,43
20260906,r6_d30_t1_w20,344,104,2588,1555,929,1475,4,6,74,16,23,12,131,43
20260906,r6_d30_t1_w20,345,101,2596,1566,929,1478,5,15,73,7,21,12,131,43
20260906,r6_d30_t1_w20,346,104,2601,1568,929,1483,4,13,72,11,20,13,131,43
20260906,r6_d30_t1_w20,347,99,2606,1571,936,1489,4,5,77,14,17,15,131,43
20260906,r6_d30_t1_w20,348,96,2614,1578,940,1494,3,10,74,13,14,16,131,43
20260906,r6_d30_t1_w20,349,95,2620,1584,941,1499,2,13,72,13,13,17,131,43
20260906,r6_d30_t1_w20,350,95,2625,1589,941,1510,4,11,68,17,11,18,131,43
20260906,r6_d30_t1_w20,351,102,2634,1591,941,1517,6,7,67,20,10,19,131,43
20260906,r6_d30_t1_w20,352,108,2643,1594,941,1521,11,5,68,16,11,19,131,43
20260906,r6_d30_t1_w20,353,116,2653,1596,941,1523,10,5,68,17,11,21,131,43
20260906,r6_d30_t1_w20,354,118,2662,1603,941,1530,11,9,64,16,12,23,131,43
20260906,r6_d30_t1_w20,355,124,2669,1604,941,1541,7,8,55,30,12,24,131,43
20260906,r6_d30_t1_w20,356,127,2675,1607,941,1545,9,4,58,29,10,24,131,43
20260906,r6_d30_t1_w20,357,130,2684,1610,944,1548,31,6,56,7,10,25,131,43
20260906,r6_d30_t1_w20,358,131,2693,1612,950,1550,30,5,57,8,12,23,131,43
20260906,r6_d30_t1_w20,359,135,2702,1614,953,1557,19,4,53,24,14,24,131,43
20260906,r6_d30_t1_w20,360,135,2711,1616,960,1561,13,4,51,32,19,24,126,43
20260906,r6_d30_t1_w20,361,133,2717,1617,967,1564,13,3,50,34,19,23,126,43
20260906,r6_d30_t1_w20,362,133,2726,1623,970,1568,14,7,48,31,21,20,126,43
20260906,r6_d30_t1_w20,363,123,2735,1633,979,1571,14,16,46,24,23,20,126,43
20260906,r6_d30_t1_w20,364,115,2740,1641,984,1579,14,18,44,24,23,18,126,43
20260906,r6_d30_t1_w20,365,111,2746,1644,991,1582,13,11,51,25,23,18,131,43
20260906,r6_d30_t1_w20,366,107,2751,1649,995,1586,3,8,55,34,25,17,131,43
20260906,r6_d30_t1_w20,367,101,2760,1662,997,1590,0,18,54,28,23,15,131,43
20260906,r6_d30_t1_w20,368,97,2765,1671,997,1595,10,22,54,14,22,14,131,43
20260906,r6_d30_t1_w20,369,101,2774,1673,1000,1599,4,11,63,22,24,13,131,43
20260906,r6_d30_t1_w20,370,99,2782,1679,1004,1600,0,8,71,21,25,12,131,43
20260906,r6_d30_t1_w20,371,93,2789,1686,1010,1604,0,13,69,18,23,11,131,43
20260906,r6_d30_t1_w20,372,92,2797,1689,1016,1610,0,10,69,21,23,11,131,43
20260906,r6_d30_t1_w20,373,78,2806,1702,1026,1612,0,16,74,10,23,9,131,43
20260906,r6_d30_t1_w20,374,73,2815,1710,1032,1616,0,21,73,6,23,8,131,43
20260906,r6_d30_t1_w20,375,73,2825,1714,1038,1622,1,12,80,7,21,10,131,43
20260906,r6_d30_t1_w20,376,70,2830,1717,1043,1626,0,7,84,9,23,10,131,43
20260906,r6_d30_t1_w20,377,70,2839,1719,1050,1628,0,5,86,9,23,9,131,43
20260906,r6_d30_t1_w20,378,64,2844,1725,1055,1631,0,8,86,6,21,9,131,43
20260906,r6_d30_t1_w20,379,63,2849,1725,1061,1632,0,6,87,7,17,9,131,43
20260906,r6_d30_t1_w20,380,66,2855,1728,1061,1634,0,3,91,6,15,13,115,42
20260906,r6_d30_t1_w20,381,72,2862,1729,1061,1643,2,4,82,12,15,14,115,42
20260906,r6_d30_t1_w20,382,78,2871,1731,1062,1652,1,3,76,20,15,14,115,42
20260906,r6_d30_t1_w20,383,79,2876,1735,1062,1657,2,6,72,20,13,15,115,42
20260906,r6_d30_t1_w20,384,82,2882,1738,1062,1664,4,7,67,22,12,16,115,42
20260906,r6_d30_t1_w20,385,84,2887,1741,1062,1669,10,6,66,18,11,16,131,43
20260906,r6_d30_t1_w20,386,92,2896,1742,1062,1678,15,4,60,21,13,16,131,43
20260906,r6_d30_t1_w20,387,96,2906,1748,1062,1687,11,7,54,28,14,18,131,43
20260906,r6_d30_t1_w20,388,96,2911,1753,1062,1695,12,11,47,30,13,17,131,43
20260906,r6_d30_t1_w20,389,103,2921,1756,1062,1697,12,8,51,29,15,20,131,43
20260906,r6_d30_t1_w20,390,99,2929,1768,1062,1703,2,15,50,33,19,17,121,40
20260906,r6_d30_t1_w20,391,99,2937,1776,1062,1706,1,20,50,29,21,15,121,40
20260906,r6_d30_t1_w20,392,96,2943,1785,1062,1712,2,17,56,25,21,15,121,40
20260906,r6_d30_t1_w20,393,98,2949,1789,1062,1717,4,13,59,24,20,15,121,40
20260906,r6_d30_t1_w20,394,106,2959,1791,1062,1720,5,6,65,24,22,15,121,40
20260906,r6_d30_t1_w20,395,108,2968,1797,1063,1721,3,8,68,21,25,13,131,43
20260906,r6_d30_t1_w20,396,97,2974,1814,1063,1725,1,23,66,10,26,12,131,43
20260906,r6_d30_t1_w20,397,99,2980,1818,1063,1730,2,21,67,10,24,11,131,43
20260906,r6_d30_t1_w20,398,99,2985,1823,1063,1733,2,9,81,8,23,11,131,43
20260906,r6_d30_t1_w20,399,104,2993,1826,1063,1735,0,8,83,9,23,11,131,43
20260906,r6_d30_t1_w20,400,109,3003,1828,1066,1742,1,5,81,13,23,10,131,43
20260906,r6_d30_t1_w20,401,108,3010,1830,1072,1744,4,4,82,10,23,10,131,43
20260906,r6_d30_t1_w20,402,111,3020,1837,1072,1747,5,9,81,5,27,10,131,43
20260906,r6_d30_t1_w20,403,115,3030,1841,1074,1749,0,11,81,8,28,12,131,43
20260906,r6_d30_t1_w20,404,114,3036,1843,1079,1756,1,6,81,12,27,12,131,43
20260906,r6_d30_t1_w20,405,118,3046,1846,1082,1760,5,5,81,9,28,13,131,43
20260906,r6_d30_t1_w20,406,117,3055,1850,1088,1763,6,7,80,7,25,14,131,43
20260906,r6_d30_t1_w20,407,116,3065,1853,1096,1767,6,7,79,8,24,16,131,43
20260906,r6_d30_t1_w20,408,119,3074,1859,1096,1774,4,9,76,11,22,16,131,43
20260906,r6_d30_t1_w20,409,116,3080,1862,1102,1782,0,9,71,20,16,17,131,43
20260906,r6_d30_t1_w20,410,120,3090,1868,1102,1790,0,9,69,22,15,17,131,43
20260906,r6_d30_t1_w20,411,123,3098,1873,1102,1793,2,11,69,18,16,16,131,43
20260906,r6_d30_t1_w20,412,130,3107,1875,1102,1800,4,7,68,21,19,16,131,43
20260906,r6_d30_t1_w20,413,133,3116,1881,1102,1808,2,8,65,25,16,17,131,43
20260906,r6_d30_t1_w20,414,131,3124,1885,1108,1814,2,10,61,27,13,18,131,43
20260906,r6_d30_t1_w20,415,132,3134,1889,1113,1818,7,8,63,22,11,19,131,43
20260906,r6_d30_t1_w20,416,136,3144,1895,1113,1823,7,10,62,21,10,20,131,43
20260906,r6_d30_t1_w20,417,137,3152,1902,1113,1828,6,13,61,20,9,21,131,43
20260906,r6_d30_t1_w20,418,138,3157,1906,1113,1835,19,11,60,10,10,22,131,43
20260906,r6_d30_t1_w20,419,138,3162,1908,1116,1839,23,6,63,8,11,21,131,43
20260906,r6_d30_t1_w20,420,133,3168,1913,1122,1843,18,7,63,12,14,20,131,43
20260906,r6_d30_t1_w20,421,134,3176,1917,1125,1845,4,9,63,24,19,20,131,43
20260906,r6_d30_t1_w20,422,131,3184,1922,1131,1849,2,9,64,25,19,17,131,43
20260906,r6_d30_t1_w20,423,119,3193,1935,1139,1854,3,18,63,16,17,16,131,43
20260906,r6_d30_t1_w20,424,115,3200,1943,1142,1859,0,21,63,16,22,16,131,43
20260906,r6_d30_t1_w20,425,112,3205,1947,1146,1864,0,12,71,17,24,16,131,43
20260906,r6_d30_t1_w20,426,104,3210,1953,1153,1868,0,10,75,15,22,13,131,43
20260906,r6_d30_t1_w20,427,104,3218,1957,1157,1874,2,10,73,15,26,12,131,43
20260906,r6_d30_t1_w20,428,103,3227,1965,1159,1877,1,12,76,11,26,11,131,43
20260906,r6_d30_t1_w20,429,101,3233,1972,1160,1878,1,15,79,5,27,10,131,43
20260906,r6_d30_t1_w20,430,97,3239,1974,1168,1883,1,9,82,8,27,8,131,43
20260906,r6_d30_t1_w20,431,96,3244,1976,1172,1887,1,4,85,10,28,8,131,43
20260906,r6_d30_t1_w20,432,93,3250,1981,1176,1891,1,7,83,9,28,7,131,43
20260906,r6_d30_t1_w20,433,91,3258,1985,1182,1894,1,9,82,8,28,7,131,43
20260906,r6_d30_t1_w20,434,86,3265,1989,1190,1897,1,8,84,7,28,7,131,43
20260906,r6_d30_t1_w20,435,83,3274,1993,1198,1904,1,8,81,10,27,9,131,43
20260906,r6_d30_t1_w20,436,83,3284,1996,1205,1912,3,7,77,13,26,10,131,43
20260906,r6_d30_t1_w20,437,77,3289,2002,1210,1920,1,9,73,17,24,10,131,43
20260906,r6_d30_t1_w20,438,77,3297,2008,1212,1926,0,12,70,18,19,10,131,43
20260906,r6_d30_t1_w20,439,75,3304,2014,1215,1936,5,12,66,17,15,10,131,43
20260906,r6_d30_t1_w20,440,82,3313,2016,1215,1938,0,8,70,22,16,12,131,43
20260906,r6_d30_t1_w20,441,85,3321,2021,1215,1952,3,7,62,28,15,11,131,43
20260906,r6_d30_t1_w20,442,89,3329,2025,1215,1956,5,9,60,26,13,14,131,43
20260906,r6_d30_t1_w20,443,90,3336,2031,1215,1957,7,10,64,19,17,12,131,43
20260906,r6_d30_t1_w20,444,91,3341,2035,1215,1963,9,10,62,19,15,12,131,43
20260906,r6_d30_t1_w20,445,96,3349,2038,1215,1970,16,7,61,16,13,14,121,40
20260906,r6_d30_t1_w20,446,98,3354,2041,1215,1973,24,6,62,8,12,14,121,40
20260906,r6_d30_t1_w20,447,105,3362,2042,1215,1976,24,4,62,10,14,15,121,40
20260906,r6_d30_t1_w20,448,111,3369,2043,1215,1980,14,2,61,23,14,17,121,40
20260906,r6_d30_t1_w20,449,114,3378,2049,1215,1984,12,7,58,23,12,19,121,40
20260906,r6_d30_t1_w20,450,118,3383,2050,1215,1987,11,7,56,26,16,19,131,43
20260906,r6_d30_t1_w20,451,126,3393,2050,1217,1993,4,1,56,39,20,19,131,43
20260906,r6_d30_t1_w20,452,123,3403,2059,1221,2000,13,9,50,28,18,19,131,43
20260906,r6_d30_t1_w20,453,105,3408,2076,1227,2003,18,26,47,9,16,18,131,43
20260906,r6_d30_t1_w20,454,102,3415,2081,1232,2009,22,22,50,6,18,15,131,43
20260906,r6_d30_t1_w20,455,101,3422,2083,1238,2014,12,7,62,19,21,15,131,43
20260906,r6_d30_t1_w20,456,97,3429,2088,1244,2020,12,7,61,20,20,15,131,43
20260906,r6_d30_t1_w20,457,100,3436,2092,1244,2023,12,9,60,19,21,15,131,43
20260906,r6_d30_t1_w20,458,96,3441,2096,1249,2025,9,8,63,20,20,13,131,43
20260906,r6_d30_t1_w20,459,94,3450,2104,1252,2030,7,12,62,19,22,12,131,43
20260906,r6_d30_t1_w20,460,94,3459,2106,1259,2033,5,10,63,22,24,10,131,43
20260906,r6_d30_t1_w20,461,83,3467,2118,1266,2036,3,14,68,15,21,9,131,43
20260906,r6_d30_t1_w20,462,82,3477,2122,1273,2038,8,16,68,8,20,8,131,43
20260906,r6_d30_t1_w20,463,83,3483,2124,1276,2043,8,6,75,11,22,8,131,43
20260906,r6_d30_t1_w20,464,81,3489,2130,1278,2047,2,8,75,15,22,8,131,43
20260906,r6_d30_t1_w20,465,79,3497,2137,1281,2054,2,13,70,15,22,9,131,43
20260906,r6_d30_t1_w20,466,80,3504,2139,1285,2060,2,9,70,19,20,10,131,43
20260906,r6_d30_t1_w20,467,81,3514,2146,1287,2060,2,9,77,12,17,10,131,43
20260906,r6_d30_t1_w20,468,77,3521,2151,1293,2061,2,12,78,8,16,11,131,43
20260906,r6_d30_t1_w20,469,76,3529,2152,1301,2062,0,6,84,10,14,11,131,43
20260906,r6_d30_t1_w20,470,83,3537,2153,1301,2069,0,2,82,16,14,12,131,43
20260906,r6_d30_t1_w20,471,88,3543,2154,1301,2077,1,2,75,22,13,13,131,43
20260906,r6_d30_t1_w20,472,95,3553,2157,1301,2080,9,4,73,14,10,13,131,43
20260906,r6_d30_t1_w20,473,101,3562,2160,1301,2090,16,6,64,14,11,15,131,43
20260906,r6_d30_t1_w20,474,107,3568,2160,1301,2095,8,3,62,27,11,15,131,43
20260906,r6_d30_t1_w20,475,103,3573,2169,1301,2097,7,9,63,21,9,16,131,43
20260906,r6_d30_t1_w20,476,109,3581,2171,1301,2104,18,11,56,15,11,16,131,43
20260906,r6_d30_t1_w20,477,116,3590,2173,1301,2112,16,4,57,23,13,16,131,43
20260906,r6_d30_t1_w20,478,113,3599,2185,1301,2116,7,14,55,24,12,18,131,43
20260906,r6_d30_t1_w20,479,112,3604,2191,1301,2123,14,18,50,18,9,19,131,43
20260906,r6_d30_t1_w20,480,120,3613,2192,1301,2130,19,7,55,19,16,19,131,43
20260906,r6_d30_t1_w20,481,128,3622,2193,1301,2133,17,2,58,23,18,18,131,43
20260906,r6_d30_t1_w20,482,123,3632,2208,1301,2138,4,16,54,26,19,17,131,43
20260906,r6_d30_t1_w20,483,120,3640,2217,1303,2141,4,24,52,20,19,17,131,43
20260906,r6_d30_t1_w20,484,120,3645,2219,1306,2142,9,11,66,14,21,15,131,43
20260906,r6_d30_t1_w20,485,122,3655,2222,1311,2144,8,5,73,14,21,14,131,43
20260906,r6_d30_t1_w20,486,115,3663,2233,1315,2149,6,14,70,10,21,14,131,43
20260906,r6_d30_t1_w20,487,114,3673,2235,1324,2152,5,13,70,12,26,12,131,43
20260906,r6_d30_t1_w20,488,114,3681,2240,1327,2154,0,7,79,14,25,12,131,43
20260906,r6_d30_t1_w20,489,112,3689,2246,1331,2160,0,11,75,14,23,11,131,43
20260906,r6_d30_t1_w20,490,113,3698,2248,1337,2162,0,8,78,14,24,10,126,43
20260906,r6_d30_t1_w20,491,114,3708,2252,1342,2165,2,6,81,11,25,10,126,43
20260906,r6_d30_t1_w20,492,109,3715,2255,1351,2168,2,7,80,11,24,13,126,43
20260906,r6_d30_t1_w20,493,108,3723,2258,1357,2175,2,6,77,15,24,13,126,43
20260906,r6_d30_t1_w20,494,105,3729,2262,1362,2183,1,7,72,20,24,14,126,43
20260906,r6_d30_t1_w20,495,107,3736,2265,1364,2192,2,7,66,25,27,14,131,43
20260906,r6_d30_t1_w20,496,97,3741,2280,1364,2194,3,18,68,11,25,15,131,43
20260906,r6_d30_t1_w20,497,95,3751,2292,1364,2203,7,27,62,4,22,16,131,43
20260906,r6_d30_t1_w20,498,99,3759,2293,1367,2206,8,13,74,5,22,18,131,43
20260906,r6_d30_t1_w20,499,98,3767,2298,1371,2211,9,6,81,4,19,18,131,43
20260906,r6_d30_t1_w20,500,103,3774,2300,1371,2217,2,7,76,15,18,18,131,43
20260906,r6_d30_t1_w20,501,110,3784,2303,1371,2223,2,5,75,18,17,19,131,43
20260906,r6_d30_t1_w20,502,115,3792,2306,1371,2226,2,6,74,18,17,19,131,43
20260906,r6_d30_t1_w20,503,113,3797,2313,1371,2235,4,10,68,18,14,19,131,43
20260906,r6_d30_t1_w20,504,117,3802,2314,1371,2240,4,8,66,22,13,20,131,43
20260906,r6_d30_t1_w20,505,119,3812,2316,1377,2242,4,3,71,22,14,20,131,43
20260906,r6_d30_t1_w20,506,119,3819,2320,1380,2245,6,6,69,19,12,21,131,43
20260906,r6_d30_t1_w20,507,123,3826,2322,1381,2251,11,6,65,18,13,21,131,43
20260906,r6_d30_t1_w20,508,118,3833,2334,1381,2257,12,14,63,11,13,19,131,43
20260906,r6_d30_t1_w20,509,121,3840,2336,1383,2263,10,14,59,17,16,19,131,43
20260906,r6_d30_t1_w20,510,118,3847,2340,1389,2266,5,6,68,21,19,16,131,43
20260906,r6_d30_t1_w20,511,118,3855,2342,1395,2270,9,6,66,19,23,14,131,43
20260906,r6_d30_t1_w20,512,111,3861,2350,1400,2274,7,10,66,17,23,13,131,43
20260906,r6_d30_t1_w20,513,104,3867,2357,1406,2281,7,15,61,17,22,13,131,43
20260906,r6_d30_t1_w20,514,108,3876,2360,1408,2282,7,10,68,15,25,13,131,43
20260906,r6_d30_t1_w20,515,107,3885,2367,1411,2289,10,10,68,12,24,12,131,43
20260906,r6_d30_t1_w20,516,108,3890,2369,1413,2291,10,9,69,12,24,11,131,43
20260906,r6_d30_t1_w20,517,104,3898,2373,1421,2295,6,6,72,16,23,11,131,43
20260906,r6_d30_t1_w20,518,101,3903,2375,1427,2298,9,6,71,14,22,11,131,43
20260906,r6_d30_t1_w20,519,98,3908,2379,1431,2305,14,6,68,12,20,10,131,43
20260906,r6_d30_t1_w20,520,95,3914,2382,1437,2310,18,7,65,10,19,10,101,38
20260906,r6_d30_t1_w20,521,89,3923,2389,1445,2312,17,10,67,6,21,9,101,38
20260906,r6_d30_t1_w20,522,88,3928,2389,1451,2322,11,7,60,22,21,7,101,38
20260906,r6_d30_t1_w20,523,88,3933,2393,1452,2329,13,4,60,23,20,9,101,38
20260906,r6_d30_t1_w20,524,89,3942,2399,1454,2331,16,10,58,16,22,10,101,38
20260906,r6_d30_t1_w20,525,89,3952,2402,1461,2340,5,9,53,33,26,11,126,43
20260906,r6_d30_t1_w20,526,88,3962,2406,1468,2346,3,7,53,37,23,11,126,43
20260906,r6_d30_t1_w20,527,86,3969,2412,1471,2348,2,10,54,34,18,13,126,43
20260906,r6_d30_t1_w20,528,83,3974,2418,1473,2352,12,12,54,22,15,12,126,43
20260906,r6_d30_t1_w20,529,84,3981,2420,1477,2359,21,8,53,18,13,14,126,43
20260906,r6_d30_t1_w20,530,87,3986,2422,1477,2362,22,4,56,18,14,14,131,43
20260906,r6_d30_t1_w20,531,94,3996,2425,1477,2364,15,5,56,24,13,14,131,43
20260906,r6_d30_t1_w20,532,102,4005,2426,1477,2366,5,4,56,35,15,16,131,43
20260906,r6_d30_t1_w20,533,108,4012,2427,1477,2370,13,2,55,30,17,17,131,43
20260906,r6_d30_t1_w20,534,108,4019,2434,1477,2373,13,8,53,26,16,18,131,43
20260906,r6_d30_t1_w20,535,101,4024,2446,1477,2374,15,19,53,13,18,16,131,43
20260906,r6_d30_t1_w20,536,106,4031,2448,1477,2380,12,14,54,20,16,17,131,43
20260906,r6_d30_t1_w20,537,108,4037,2452,1477,2384,10,6,62,22,15,18,131,43
20260906,r6_d30_t1_w20,538,113,4044,2454,1477,2390,4,6,58,32,15,18,131,43
20260906,r6_d30_t1_w20,539,117,4051,2457,1477,2391,3,5,61,31,14,20,131,43
20260906,r6_d30_t1_w20,540,114,4059,2468,1477,2395,9,14,59,18,19,19,131,43
20260906,r6_d30_t1_w20,541,115,4064,2472,1477,2398,0,15,59,26,22,18,131,43
20260906,r6_d30_t1_w20,542,120,4074,2476,1478,2399,0,8,69,23,24,18,131,43
20260906,r6_d30_t1_w20,543,118,4079,2479,1482,2406,1,7,66,26,23,16,131,43
20260906,r6_d30_t1_w20,544,115,4085,2481,1489,2411,3,5,65,27,24,15,131,43
20260906,r6_d30_t1_w20,545,117,4095,2487,1491,2415,2,8,64,26,27,14,131,43
20260906,r6_d30_t1_w20,546,114,4105,2493,1498,2423,2,12,58,28,25,14,131,43
20260906,r6_d30_t1_w20,547,111,4114,2499,1504,2428,4,12,59,25,26,12,131,43
20260906,r6_d30_t1_w20,548,105,4122,2509,1508,2431,3,16,62,19,29,11,131,43
20260906,r6_d30_t1_w20,549,98,4131,2520,1513,2438,1,21,61,17,30,10,131,43
20260906,r6_d30_t1_w20,550,98,4140,2528,1514,2445,1,19,64,16,28,10,126,43
20260906,r6_d30_t1_w20,551,94,4147,2532,1521,2447,1,12,73,14,27,9,126,43
20260906,r6_d30_t1_w20,552,92,4157,2538,1527,2450,1,10,78,11,24,8,126,43
20260906,r6_d30_t1_w20,553,94,4166,2540,1532,2453,1,8,79,12,26,8,126,43
20260906,r6_d30_t1_w20,554,95,4174,2543,1536,2459,1,5,79,15,25,9,126,43
20260906,r6_d30_t1_w20,555,97,4181,2547,1537,2461,1,7,79,13,25,9,131,43
20260906,r6_d30_t1_w20,556,95,4189,2551,1543,2464,1,8,79,12,25,10,131,43
20260906,r6_d30_t1_w20,557,95,4194,2554,1545,2468,0,7,79,14,24,12,131,43
20260906,r6_d30_t1_w20,558,91,4199,2556,1552,2470,3,5,81,11,18,12,131,43
20260906,r6_d30_t1_w20,559,90,4205,2559,1556,2474,8,5,80,7,15,12,131,43
20260906,r6_d30_t1_w20,560,92,4210,2562,1556,2477,9,6,79,6,15,14,131,43
20260906,r6_d30_t1_w20,561,99,4219,2564,1556,2483,9,5,76,10,14,15,131,43
20260906,r6_d30_t1_w20,562,106,4227,2565,1556,2489,6,3,73,18,13,15,131,43
20260906,r6_d30_t1_w20,563,105,4232,2571,1556,2499,10,7,65,18,10,14,131,43
20260906,r6_d30_t1_w20,564,112,4242,2574,1556,2510,21,9,55,15,13,16,131,43
20260906,r6_d30_t1_w20,565,117,4252,2578,1557,2512,12,7,59,22,12,17,131,43
20260906,r6_d30_t1_w20,566,118,4259,2584,1557,2522,8,10,52,30,11,18,131,43
20260906,r6_d30_t1_w20,567,126,4268,2585,1557,2527,8,7,51,34,14,19,131,43
20260906,r6_d30_t1_w20,568,126,4273,2590,1557,2532,10,6,52,32,13,20,131,43
20260906,r6_d30_t1_w20,569,120,4281,2604,1557,2538,10,19,47,24,14,17,131,43
20260906,r6_d30_t1_w20,570,117,4289,2615,1557,2542,3,25,48,24,19,17,121,43
20260906,r6_d30_t1_w20,571,120,4298,2621,1557,2549,4,17,55,24,18,16,121,43
20260906,r6_d30_t1_w20,572,122,4308,2623,1563,2551,4,8,64,24,19,15,121,43
20260906,r6_d30_t1_w20,573,118,4313,2627,1568,2555,4,6,66,24,18,14,121,43
20260906,r6_d30_t1_w20,574,118,4323,2636,1569,2557,7,13,66,14,21,14,121,43
20260906,r6_d30_t1_w20,575,123,4332,2640,1569,2561,7,13,66,14,24,14,131,43
20260906,r6_d30_t1_w20,576,122,4341,2643,1576,2563,6,7,73,14,25,11,131,43
20260906,r6_d30_t1_w20,577,119,4347,2648,1580,2565,1,8,75,16,25,11,131,43
20260906,r6_d30_t1_w20,578,120,4356,2651,1585,2570,1,8,73,18,25,12,131,43
20260906,r6_d30_t1_w20,579,122,4364,2654,1588,2575,3,6,73,18,25,13,131,43
20260906,r6_d30_t1_w20,580,123,4372,2658,1591,2579,2,7,72,19,25,13,131,43
20260906,r6_d30_t1_w20,581,117,4381,2665,1599,2583,0,11,71,18,25,13,131,43
20260906,r6_d30_t1_w20,582,112,4390,2672,1606,2588,0,14,70,16,25,14,131,43
20260906,r6_d30_t1_w20,583,114,4400,2676,1610,2592,0,11,73,16,25,14,131,43
20260906,r6_d30_t1_w20,584,114,4408,2679,1615,2600,0,7,72,21,24,16,131,43
20260906,r6_d30_t1_w20,585,109,4414,2688,1617,2607,4,12,69,15,23,16,131,43
20260906,r6_d30_t1_w20,586,107,4424,2695,1622,2609,3,16,70,11,20,17,131,43
20260906,r6_d30_t1_w20,587,107,4433,2700,1626,2615,3,12,73,12,17,17,131,43
20260906,r6_d30_t1_w20,588,107,4438,2701,1630,2620,3,6,75,16,13,17,131,43
20260906,r6_d30_t1_w20,589,109,4446,2705,1632,2624,3,5,76,16,12,17,131,43
20260906,r6_d30_t1_w20,590,108,4451,2711,1632,2631,5,10,70,15,12,17,131,43
20260906,r6_d30_t1_w20,591,113,4460,2715,1632,2635,9,10,70,11,12,19,131,43
20260906,r6_d30_t1_w20,592,119,4470,2719,1632,2644,15,8,67,10,14,19,131,43
20260906,r6_d30_t1_w20,593,126,4477,2719,1632,2650,19,4,65,12,14,19,131,43
20260906,r6_d30_t1_w20,594,132,4486,2722,1632,2652,19,3,67,11,15,20,131,43
20260906,r6_d30_t1_w20,595,132,4491,2726,1633,2659,20,7,60,13,14,20,131,43
20260906,r6_d30_t1_w20,596,130,4500,2734,1636,2663,19,12,59,10,12,21,131,43
20260906,r6_d30_t1_w20,597,134,4509,2737,1638,2666,7,11,60,22,12,20,131,43
20260906,r6_d30_t1_w20,598,134,4517,2740,1643,2673,8,6,61,25,12,19,131,43
20260906,r6_d30_t1_w20,599,132,4523,2744,1647,2676,10,7,61,22,12,17,131,43
20260906,r6_d30_t1_w20,600,134,4533,2747,1652,2679,3,7,61,29,17,17,121,40
20260906,r3_d30_t1_w25,1,6,8,2,0,0,92,2,0,6,4,2,131,43
20260906,r3_d30_t1_w25,2,13,15,2,0,0,54,2,0,44,8,4,131,43
20260906,r3_d30_t1_w25,3,12,20,8,0,0,36,6,2,56,10,2,131,43
20260906,r3_d30_t1_w25,4,2,26,24,0,0,56,22,2,20,2,1,131,43
20260906,r3_d30_t1_w25,5,5,31,26,0,0,50,18,8,24,5,1,131,43
20260906,r3_d30_t1_w25,6,8,36,28,0,0,33,4,24,39,8,1,131,43
20260906,r3_d30_t1_w25,7,12,42,30,0,0,20,4,26,50,9,2,131,43
20260906,r3_d30_t1_w25,8,19,50,31,0,0,18,3,28,51,9,3,131,43
20260906,r3_d30_t1_w25,9,5,57,52,0,0,17,22,30,31,5,1,131,43
20260906,r3_d30_t1_w25,10,8,63,55,0,0,15,24,31,30,8,1,131,43
20260906,r3_d30_t1_w25,11,10,69,59,0,0,22,7,52,19,8,2,131,43
20260906,r3_d30_t1_w25,12,19,78,59,0,0,14,4,55,27,12,5,131,43
20260906,r3_d30_t1_w25,13,22,83,61,0,0,6,2,59,33,12,5,131,43
20260906,r3_d30_t1_w25,14,28,91,63,0,5,16,4,54,26,11,7,131,43
20260906,r3_d30_t1_w25,15,38,101,63,0,6,17,2,55,26,12,8,131,43
20260906,r3_d30_t1_w25,16,41,108,67,0,8,13,4,55,28,11,8,131,43
20260906,r3_d30_t1_w25,17,46,114,68,0,9,8,5,54,33,10,9,131,43
20260906,r3_d30_t1_w25,18,55,124,69,0,10,25,2,57,16,12,11,131,43
20260906,r3_d30_t1_w25,19,59,129,70,0,14,19,2,54,25,13,11,131,43
20260906,r3_d30_t1_w25,20,66,138,72,0,22,9,3,47,41,14,11,121,40
20260906,r3_d30_t1_w25,21,71,146,75,0,27,6,5,43,46,15,12,121,40
20260906,r3_d30_t1_w25,22,75,155,80,0,34,10,8,38,44,14,14,121,40
20260906,r3_d30_t1_w25,23,65,160,95,0,40,17,20,35,28,11,14,121,40
20260906,r3_d30_t1_w25,24,64,168,104,0,42,14,24,38,24,13,16,121,40
20260906,r3_d30_t1_w25,25,67,174,107,0,45,4,12,50,34,12,15,126,43
20260906,r3_d30_t1_w25,26,74,184,110,0,52,15,6,52,27,10,15,126,43
20260906,r3_d30_t1_w25,27,82,192,110,0,54,32,3,53,12,10,15,126,43
20260906,r3_d30_t1_w25,28,88,201,113,0,57,33,3,53,11,12,15,126,43
20260906,r3_d30_t1_w25,29,94,208,114,0,58,9,4,52,35,14,15,126,43
20260906,r3_d30_t1_w25,30,94,213,119,0,60,0,6,53,41,15,15,131,43
20260906,r3_d30_t1_w25,31,99,220,121,0,61,18,7,53,22,15,15,131,43
20260906,r3_d30_t1_w25,32,104,227,123,0,63,22,4,56,18,18,14,131,43
20260906,r3_d30_t1_w25,33,100,234,134,0,66,7,13,55,25,19,14,131,43
20260906,r3_d30_t1_w25,34,99,239,140,0,69,0,17,54,29,18,14,131,43
20260906,r3_d30_t1_w25,35,106,249,143,0,73,0,9,61,30,21,14,131,43
20260906,r3_d30_t1_w25,36,110,255,145,0,79,1,5,61,33,23,14,131,43
20260906,r3_d30_t1_w25,37,112,260,148,0,83,1,5,60,34,22,14,131,43
20260906,r3_d30_t1_w25,38,116,270,154,0,86,0,9,59,32,23,12,131,43
20260906,r3_d30_t1_w25,39,120,279,159,0,89,0,11,59,30,25,12,131,43
20260906,r3_d30_t1_w25,40,122,284,162,0,94,1,8,60,31,23,12,131,43
20260906,r3_d30_t1_w25,41,130,294,164,0,98,7,5,61,27,22,12,131,43
20260906,r3_d30_t1_w25,42,134,301,167,0,105,9,5,57,29,23,12,131,43
20260906,r3_d30_t1_w25,43,134,306,169,3,107,1,5,57,37,23,14,131,43
20260906,r3_d30_t1_w25,44,132,312,177,3,112,3,10,55,32,22,14,131,43
20260906,r3_d30_t1_w25,45,126,317,188,3,119,17,19,50,14,23,14,131,43
20260906,r3_d30_t1_w25,46,127,323,193,3,123,23,16,54,7,24,15,131,43
20260906,r3_d30_t1_w25,47,129,333,197,7,128,15,9,60,16,24,16,131,43
20260906,r3_d30_t1_w25,48,133,342,200,9,131,15,7,62,16,25,17,131,43
20260906,r3_d30_t1_w25,49,132,350,204,14,134,4,7,63,26,25,17,131,43
20260906,r3_d30_t1_w25,50,131,355,207,17,138,1,7,62,30,25,17,126,43
20260906,r3_d30_t1_w25,51,126,363,220,17,141,11,16,63,10,26,17,126,43
20260906,r3_d30_t1_w25,52,121,370,224,25,147,2,17,60,21,21,17,126,43
20260906,r3_d30_t1_w25,53,122,378,226,30,150,0,6,70,24,18,17,126,43
20260906,r3_d30_t1_w25,54,126,388,228,34,154,11,4,70,15,14,18,126,43
20260906,r3_d30_t1_w25,55,131,397,232,34,155,14,6,71,9,13,21,131,43
20260906,r3_d30_t1_w25,56,135,402,233,34,159,22,5,69,4,13,21,131,43
20260906,r3_d30_t1_w25,57,141,408,233,34,163,20,1,69,10,16,22,131,43
20260906,r3_d30_t1_w25,58,144,414,236,34,167,2,3,66,29,14,24,131,43
20260906,r3_d30_t1_w25,59,150,424,240,34,175,7,7,58,28,10,25,131,43
20260906,r3_d30_t1_w25,60,151,429,242,36,181,28,6,55,11,15,25,131,43
20260906,r3_d30_t1_w25,61,156,438,244,38,185,5,4,55,36,20,23,131,43
20260906,r3_d30_t1_w25,62,155,446,250,41,192,6,8,50,36,22,23,131,43
20260906,r3_d30_t1_w25,63,137,454,270,47,196,8,26,48,18,16,23,131,43
20260906,r3_d30_t1_w25,64,134,460,273,53,201,8,23,49,20,19,20,131,43
20260906,r3_d30_t1_w25,65,135,466,277,54,206,9,7,64,20,20,20,131,43
20260906,r3_d30_t1_w25,66,132,476,284,60,211,6,11,62,21,22,19,131,43
20260906,r3_d30_t1_w25,67,128,484,296,60,213,6,19,64,11,19,19,131,43
20260906,r3_d30_t1_w25,68,132,493,298,63,215,8,14,69,9,21,18,131,43
20260906,r3_d30_t1_w25,69,133,498,300,65,221,9,4,75,12,22,18,131,43
20260906,r3_d30_t1_w25,70,130,503,308,65,224,2,10,74,14,24,16,131,43
20260906,r3_d30_t1_w25,71,133,512,312,67,227,1,12,73,14,23,16,131,43
20260906,r3_d30_t1_w25,72,130,521,314,77,230,8,6,78,8,23,15,131,43
20260906,r3_d30_t1_w25,73,130,530,318,82,234,9,6,78,7,25,14,131,43
20260906,r3_d30_t1_w25,74,130,538,319,89,242,1,5,72,22,27,14,131,43
20260906,r3_d30_t1_w25,75,136,548,322,90,247,0,4,71,25,30,13,131,43
20260906,r3_d30_t1_w25,76,133,553,327,93,249,2,8,70,20,30,12,131,43
20260906,r3_d30_t1_w25,77,131,562,332,99,258,3,10,64,23,26,11,131,43
20260906,r3_d30_t1_w25,78,129,568,334,105,262,3,7,65,25,25,11,131,43
20260906,r3_d30_t1_w25,79,121,577,341,115,270,3,9,62,26,23,12,131,43
20260906,r3_d30_t1_w25,80,118,584,342,124,276,3,8,58,31,26,13,131,43
20260906,r3_d30_t1_w25,81,115,589,349,125,280,1,8,61,30,26,13,131,43
20260906,r3_d30_t1_w25,82,114,598,359,125,288,2,17,54,27,19,15,131,43
20260906,r3_d30_t1_w25,83,114,605,362,129,291,1,13,58,28,19,16,131,43
20260906,r3_d30_t1_w25,84,108,611,367,136,296,3,8,63,26,14,16,131,43
20260906,r3_d30_t1_w25,85,110,617,371,136,300,3,9,62,26,15,16,131,43
20260906,r3_d30_t1_w25,86,112,625,377,136,304,9,10,63,18,14,16,131,43
20260906,r3_d30_t1_w25,87,119,635,380,136,309,19,9,62,10,12,17,131,43
20260906,r3_d30_t1_w25,88,124,641,381,136,316,21,4,61,14,15,17,131,43
20260906,r3_d30_t1_w25,89,130,650,384,136,319,9,4,61,26,16,17,131,43
20260906,r3_d30_t1_w25,90,131,656,389,136,321,1,8,60,31,18,16,131,43
20260906,r3_d30_t1_w25,91,137,664,391,136,324,2,7,60,31,21,16,131,43
20260906,r3_d30_t1_w25,92,138,671,397,136,328,6,8,61,25,24,16,131,43
20260906,r3_d30_t1_w25,93,142,680,402,136,333,14,11,58,17,22,16,131,43
20260906,r3_d30_t1_w25,94,151,690,403,136,339,13,6,58,23,24,16,131,43
20260906,r3_d30_t1_w25,95,156,700,408,136,343,7,6,59,28,25,16,131,43
20260906,r3_d30_t1_w25,96,146,705,422,137,349,7,19,54,20,25,16,131,43
20260906,r3_d30_t1_w25,97,146,715,425,144,354,1,17,54,28,27,16,131,43
20260906,r3_d30_t1_w25,98,143,721,428,150,360,2,6,62,30,27,15,131,43
20260906,r3_d30_t1_w25,99,145,731,431,155,364,1,6,61,32,28,14,131,43
20260906,r3_d30_t1_w25,100,147,741,433,161,368,0,5,60,35,29,13,121,40
20260906,r3_d30_t1_w25,101,145,746,438,163,371,0,7,60,33,29,12,121,40
20260906,r3_d30_t1_w25,102,135,753,447,171,374,1,14,59,26,27,12,121,40
20260906,r3_d30_t1_w25,103,125,758,458,175,379,9,20,59,12,26,12,121,40
20260906,r3_d30_t1_w25,104,130,768,460,178,382,10,13,65,12,28,12,121,40
20260906,r3_d30_t1_w25,105,131,778,465,182,389,0,7,69,24,30,12,131,43
20260906,r3_d30_t1_w25,106,132,787,470,185,392,0,10,68,22,30,13,131,43
20260906,r3_d30_t1_w25,107,119,792,479,194,395,0,14,70,16,27,12,131,43
20260906,r3_d30_t1_w25,108,121,801,480,200,399,0,10,71,19,28,14,131,43
20260906,r3_d30_t1_w25,109,123,811,483,205,403,5,4,76,15,32,15,131,43
20260906,r3_d30_t1_w25,110,124,820,487,209,407,0,7,73,20,33,15,131,43
20260906,r3_d30_t1_w25,111,115,825,493,217,409,0,10,74,16,28,15,131,43
20260906,r3_d30_t1_w25,112,108,830,496,226,417,0,9,70,21,26,17,131,43
20260906,r3_d30_t1_w25,113,114,839,498,227,423,0,5,70,25,26,17,131,43
20260906,r3_d30_t1_w25,114,112,847,506,229,430,0,10,66,24,20,18,131,43
20260906,r3_d30_t1_w25,115,121,857,507,229,434,0,9,64,27,21,19,131,43
20260906,r3_d30_t1_w25,116,121,863,513,229,437,7,7,69,17,19,19,131,43
20260906,r3_d30_t1_w25,117,127,871,515,229,443,13,8,64,15,19,19,131,43
20260906,r3_d30_t1_w25,118,134,879,516,229,445,14,3,68,15,19,20,131,43
20260906,r3_d30_t1_w25,119,139,887,519,229,452,17,4,63,16,18,20,131,43
20260906,r3_d30_t1_w25,120,140,894,525,229,456,4,9,60,27,20,19,131,43
20260906,r3_d30_t1_w25,121,145,904,529,230,461,1,10,58,31,20,19,131,43
20260906,r3_d30_t1_w25,122,148,912,534,230,468,3,9,57,31,22,19,131,43
20260906,r3_d30_t1_w25,123,147,919,541,231,473,3,12,56,29,23,18,131,43
20260906,r3_d30_t1_w25,124,139,927,557,231,478,1,23,56,20,20,18,131,43
20260906,r3_d30_t1_w25,125,137,936,563,236,481,2,22,60,16,20,17,121,40
20260906,r3_d30_t1_w25,126,143,946,565,238,487,6,8,70,16,22,16,121,40
20260906,r3_d30_t1_w25,127,141,952,568,243,495,8,5,68,19,26,16,121,40
20260906,r3_d30_t1_w25,128,142,960,575,243,499,7,10,66,17,26,15,121,40
20260906,r3_d30_t1_w25,129,136,965,581,248,500,8,13,68,11,23,14,121,40
20260906,r3_d30_t1_w25,130,134,971,583,254,502,7,8,73,12,24,12,131,43
20260906,r3_d30_t1_w25,131,131,977,585,261,507,4,4,74,18,24,12,131,43
20260906,r3_d30_t1_w25,132,136,987,589,262,509,4,6,74,16,24,12,131,43
20260906,r3_d30_t1_w25,133,132,993,593,268,513,4,8,72,16,23,11,131,43
20260906,r3_d30_t1_w25,134,134,1001,596,271,523,6,7,66,21,23,13,131,43
20260906,r3_d30_t1_w25,135,129,1006,599,278,529,11,6,64,19,19,13,131,43
20260906,r3_d30_t1_w25,136,131,1014,601,282,533,18,5,63,14,19,12,131,43
20260906,r3_d30_t1_w25,137,130,1024,610,284,537,22,11,62,5,20,12,131,43
20260906,r3_d30_t1_w25,138,126,1029,615,288,541,21,14,60,5,21,12,131,43
20260906,r3_d30_t1_w25,139,124,1036,617,295,552,19,7,58,16,22,13,131,43
20260906,r3_d30_t1_w25,140,117,1041,622,302,554,10,7,61,22,19,14,131,43
20260906,r3_d30_t1_w25,141,117,1049,625,307,561,11,8,56,25,20,15,131,43
20260906,r3_d30_t1_w25,142,120,1059,626,313,564,14,4,58,24,20,16,131,43
20260906,r3_d30_t1_w25,143,117,1064,631,316,565,14,6,60,20,18,19,131,43
20260906,r3_d30_t1_w25,144,110,1073,641,322,571,17,15,55,13,15,18,131,43
20260906,r3_d30_t1_w25,145,106,1079,651,322,578,9,20,53,18,17,18,131,43
20260906,r3_d30_t1_w25,146,110,1086,654,322,582,9,13,59,19,15,18,131,43
20260906,r3_d30_t1_w25,147,114,1096,660,322,584,9,9,67,15,14,19,131,43
20260906,r3_d30_t1_w25,148,118,1104,664,322,589,9,10,65,16,14,18,131,43
20260906,r3_d30_t1_w25,149,121,1109,666,322,594,1,6,66,27,14,18,131,43
20260906,r3_d30_t1_w25,150,125,1118,671,322,597,0,7,67,26,18,18,131,43
20260906,r3_d30_t1_w25,151,128,1123,673,322,601,9,7,65,19,22,18,131,43
20260906,r3_d30_t1_w25,152,133,1131,676,322,603,8,5,68,19,24,17,131,43
20260906,r3_d30_t1_w25,153,135,1138,681,322,607,1,8,66,25,22,17,131,43
20260906,r3_d30_t1_w25,154,143,1148,683,322,612,3,7,64,26,22,17,131,43
20260906,r3_d30_t1_w25,155,138,1153,693,322,617,6,12,64,18,21,17,126,43
20260906,r3_d30_t1_w25,156,140,1160,698,322,619,4,15,64,17,21,17,126,43
20260906,r3_d30_t1_w25,157,145,1168,701,322,625,2,8,68,22,24,17,126,43
20260906,r3_d30_t1_w25,158,151,1178,705,322,629,1,7,69,23,27,16,126,43
20260906,r3_d30_t1_w25,159,142,1187,721,324,634,1,20,67,12,25,15,126,43
20260906,r3_d30_t1_w25,160,142,1192,723,327,639,2,18,66,14,25,14,131,43
20260906,r3_d30_t1_w25,161,142,1202,728,332,645,3,7,76,14,25,13,131,43
20260906,r3_d30_t1_w25,162,139,1208,729,340,652,1,6,71,22,27,12,131,43
20260906,r3_d30_t1_w25,163,139,1218,736,343,654,1,8,74,17,23,14,131,43
20260906,r3_d30_t1_w25,164,137,1228,748,343,657,1,19,72,8,23,13,131,43
20260906,r3_d30_t1_w25,165,142,1238,750,346,662,2,14,74,10,24,14,131,43
20260906,r3_d30_t1_w25,166,139,1243,753,351,669,4,5,79,12,24,14,131,43
20260906,r3_d30_t1_w25,167,135,1249,756,358,673,2,6,77,15,24,14,131,43
20260906,r3_d30_t1_w25,168,133,1255,759,363,680,3,6,73,18,23,15,131,43
20260906,r3_d30_t1_w25,169,131,1261,762,368,685,4,6,71,19,24,16,131,43
20260906,r3_d30_t1_w25,170,128,1268,772,368,691,3,13,68,16,26,17,131,43
20260906,r3_d30_t1_w25,171,130,1278,780,368,694,3,18,68,11,26,20,131,43
20260906,r3_d30_t1_w25,172,129,1285,783,373,701,9,11,71,9,25,20,131,43
20260906,r3_d30_t1_w25,173,130,1295,787,378,704,5,7,76,12,23,21,131,43
20260906,r3_d30_t1_w25,174,133,1305,792,380,710,5,9,73,13,18,21,131,43
20260906,r3_d30_t1_w25,175,140,1314,794,380,716,4,7,71,18,19,21,131,43
20260906,r3_d30_t1_w25,176,143,1319,796,380,726,2,4,66,28,19,21,131,43
20260906,r3_d30_t1_w25,177,146,1325,799,380,730,4,5,64,27,18,21,131,43
20260906,r3_d30_t1_w25,178,153,1335,802,380,735,6,6,61,27,18,24,131,43
20260906,r3_d30_t1_w25,179,158,1341,803,380,740,2,4,59,35,18,24,131,43
20260906,r3_d30_t1_w25,180,155,1347,810,382,744,2,8,58,32,20,23,121,40
20260906,r3_d30_t1_w25,181,155,1353,816,382,747,7,13,56,24,21,22,121,40
20260906,r3_d30_t1_w25,182,147,1359,830,382,750,1,20,60,19,22,18,121,40
20260906,r3_d30_t1_w25,183,146,1368,840,382,753,3,24,63,10,21,16,121,40
20260906,r3_d30_t1_w25,184,148,1373,843,382,760,13,13,70,4,19,16,121,40
20260906,r3_d30_t1_w25,185,153,1380,843,384,763,12,3,77,8,22,16,131,43
20260906,r3_d30_t1_w25,186,150,1387,847,390,765,1,4,78,17,23,15,131,43
20260906,r3_d30_t1_w25,187,150,1395,852,393,772,3,9,71,17,20,15,131,43
20260906,r3_d30_t1_w25,188,147,1404,854,403,776,3,7,71,19,20,15,131,43
20260906,r3_d30_t1_w25,189,142,1409,857,410,779,2,5,73,20,22,14,131,43
20260906,r3_d30_t1_w25,190,138,1417,862,417,782,1,8,72,19,24,13,131,43
20260906,r3_d30_t1_w25,191,142,1425,863,420,786,1,6,71,22,27,13,131,43
20260906,r3_d30_t1_w25,192,140,1430,866,424,794,0,4,68,28,27,13,131,43
20260906,r3_d30_t1_w25,193,141,1439,869,429,799,0,6,64,30,26,13,131,43
20260906,r3_d30_t1_w25,194,140,1448,876,432,800,0,10,66,24,25,14,131,43
20260906,r3_d30_t1_w25,195,140,1458,882,436,808,2,13,61,24,22,15,131,43
20260906,r3_d30_t1_w25,196,132,1466,890,444,816,8,14,60,18,22,16,131,43
20260906,r3_d30_t1_w25,197,125,1472,900,447,824,14,18,58,10,25,15,131,43
20260906,r3_d30_t1_w25,198,124,1482,905,453,827,4,15,63,18,25,15,131,43
20260906,r3_d30_t1_w25,199,119,1488,908,461,830,3,8,70,19,26,15,131,43
20260906,r3_d30_t1_w25,200,118,1493,908,467,838,6,3,67,24,26,16,131,43
20260906,r3_d30_t1_w25,201,122,1502,910,470,840,4,2,68,26,25,16,131,43
20260906,r3_d30_t1_w25,202,119,1508,919,470,843,6,11,65,18,23,16,131,43
20260906,r3_d30_t1_w25,203,118,1514,920,476,846,8,10,64,18,19,17,131,43
20260906,r3_d30_t1_w25,204,119,1521,923,479,854,9,4,65,22,17,18,131,43
20260906,r3_d30_t1_w25,205,125,1527,923,479,859,8,3,61,28,17,18,131,43
20260906,r3_d30_t1_w25,206,119,1535,937,479,864,6,14,59,21,17,16,131,43
20260906,r3_d30_t1_w25,207,119,1540,942,479,872,4,19,51,26,18,16,131,43
20260906,r3_d30_t1_w25,208,125,1549,945,479,876,3,8,61,28,17,17,131,43
20260906,r3_d30_t1_w25,209,127,1559,953,479,883,3,11,59,27,16,17,131,43
20260906,r3_d30_t1_w25,210,125,1564,960,479,886,1,15,59,25,19,17,131,43
20260906,r3_d30_t1_w25,211,128,1572,965,479,887,6,12,66,16,19,17,131,43
20260906,r3_d30_t1_w25,212,130,1577,968,479,893,8,8,67,17,20,17,131,43
20260906,r3_d30_t1_w25,213,130,1584,975,479,896,8,10,69,13,22,17,131,43
20260906,r3_d30_t1_w25,214,125,1589,985,479,898,8,17,70,5,18,16,131,43
20260906,r3_d30_t1_w25,215,127,1594,988,479,901,8,13,74,5,20,16,131,43
20260906,r3_d30_t1_w25,216,133,1603,990,480,903,7,5,82,6,24,16,131,43
20260906,r3_d30_t1_w25,217,137,1612,993,482,911,9,5,77,9,25,16,131,43
20260906,r3_d30_t1_w25,218,138,1622,996,488,919,10,6,71,13,26,16,131,43
20260906,r3_d30_t1_w25,219,137,1629,999,493,924,5,6,69,20,25,15,131,43
20260906,r3_d30_t1_w25,220,133,1639,1006,500,928,5,10,68,17,25,14,131,43
20260906,r3_d30_t1_w25,221,131,1646,1009,506,930,5,10,69,16,26,12,131,43
20260906,r3_d30_t1_w25,222,133,1652,1010,509,938,4,4,68,24,28,12,131,43
20260906,r3_d30_t1_w25,223,128,1659,1013,518,945,13,4,64,19,27,11,131,43
20260906,r3_d30_t1_w25,224,130,1669,1019,520,948,18,9,62,11,26,10,131,43
20260906,r3_d30_t1_w25,225,133,1676,1020,523,955,21,7,58,14,26,11,131,43
20260906,r3_d30_t1_w25,226,128,1682,1022,532,959,24,3,60,13,26,11,131,43
20260906,r3_d30_t1_w25,227,129,1692,1027,536,966,15,7,54,24,24,15,131,43
20260906,r3_d30_t1_w25,228,128,1697,1028,541,972,2,6,50,42,24,15,131,43
20260906,r3_d30_t1_w25,229,127,1706,1033,546,976,14,6,51,29,22,14,131,43
20260906,r3_d30_t1_w25,230,126,1716,1038,552,977,23,10,51,16,25,15,131,43
20260906,r3_d30_t1_w25,231,125,1724,1043,556,985,26,10,48,16,26,15,131,43
20260906,r3_d30_t1_w25,232,125,1731,1050,556,993,25,12,45,18,26,16,131,43
20260906,r3_d30_t1_w25,233,123,1739,1055,561,995,22,12,48,18,22,16,131,43
20260906,r3_d30_t1_w25,234,120,1748,1058,570,1001,14,8,49,29,18,17,131,43
20260906,r3_d30_t1_w25,235,126,1755,1059,570,1003,6,4,52,38,18,19,111,40
20260906,r3_d30_t1_w25,236,129,1761,1062,570,1008,4,4,50,42,16,20,111,40
20260906,r3_d30_t1_w25,237,133,1767,1064,570,1011,7,5,48,40,14,21,111,40
20260906,r3_d30_t1_w25,238,133,1773,1070,570,1013,12,8,49,31,12,23,111,40
20260906,r3_d30_t1_w25,239,136,1781,1075,570,1017,13,11,47,29,13,21,111,40
20260906,r3_d30_t1_w25,240,128,1789,1091,570,1020,5,21,50,24,21,20,131,43
20260906,r3_d30_t1_w25,241,120,1796,1105,571,1022,1,30,53,16,22,17,131,43
20260906,r3_d30_t1_w25,242,127,1806,1108,571,1022,1,17,69,13,21,17,131,43
20260906,r3_d30_t1_w25,243,135,1814,1108,571,1024,2,3,81,14,22,17,131,43
20260906,r3_d30_t1_w25,244,134,1822,1117,571,1031,3,9,77,11,21,17,131,43
20260906,r3_d30_t1_w25,245,135,1829,1120,574,1033,4,12,75,9,22,17,131,43
20260906,r3_d30_t1_w25,246,136,1836,1124,576,1034,4,7,83,6,23,17,131,43
20260906,r3_d30_t1_w25,247,137,1841,1128,576,1037,3,8,83,6,24,17,131,43
20260906,r3_d30_t1_w25,248,138,1846,1131,577,1046,6,7,78,9,24,17,131,43
20260906,r3_d30_t1_w25,249,143,1856,1135,578,1051,6,7,77,10,26,16,131,43
20260906,r3_d30_t1_w25,250,139,1861,1141,581,1056,4,10,75,11,24,14,131,43
20260906,r3_d30_t1_w25,251,137,1867,1146,584,1062,4,11,73,12,23,13,131,43
20260906,r3_d30_t1_w25,252,139,1873,1149,585,1066,4,8,75,13,25,13,131,43
20260906,r3_d30_t1_w25,253,136,1878,1156,586,1074,5,10,72,13,25,13,131,43
20260906,r3_d30_t1_w25,254,126,1883,1164,593,1081,6,15,68,11,23,12,131,43
20260906,r3_d30_t1_w25,255,120,1888,1171,597,1087,9,15,69,7,24,10,122,43
20260906,r3_d30_t1_w25,256,120,1898,1176,602,1091,6,12,73,9,26,11,122,43
20260906,r3_d30_t1_w25,257,125,1908,1177,606,1097,2,6,74,18,27,12,122,43
20260906,r3_d30_t1_w25,258,123,1915,1182,610,1104,3,6,72,19,24,12,122,43
20260906,r3_d30_t1_w25,259,122,1923,1185,616,1109,3,8,68,21,24,12,122,43
20260906,r3_d30_t1_w25,260,118,1928,1189,621,1112,4,7,70,19,24,13,131,43
20260906,r3_d30_t1_w25,261,119,1934,1192,623,1116,14,7,69,10,24,13,131,43
20260906,r3_d30_t1_w25,262,116,1939,1195,628,1126,19,6,63,12,24,14,131,43
20260906,r3_d30_t1_w25,263,112,1944,1199,633,1131,20,7,61,12,21,14,131,43
20260906,r3_d30_t1_w25,264,110,1953,1206,637,1138,20,11,57,12,13,15,131,43
20260906,r3_d30_t1_w25,265,116,1960,1207,637,1143,17,8,56,19,14,15,131,43
20260906,r3_d30_t1_w25,266,122,1969,1210,637,1147,18,4,59,19,13,16,131,43
20260906,r3_d30_t1_w25,267,126,1978,1215,637,1148,19,8,59,14,12,18,131,43
20260906,r3_d30_t1_w25,268,133,1986,1216,637,1151,23,6,59,12,13,19,131,43
20260906,r3_d30_t1_w25,269,141,1996,1218,637,1159,21,3,56,20,14,19,131,43
20260906,r3_d30_t1_w25,270,145,2001,1219,637,1166,22,3,50,25,17,19,131,43
20260906,r3_d30_t1_w25,271,144,2007,1226,637,1173,6,8,45,41,21,19,131,43
20260906,r3_d30_t1_w25,272,139,2012,1236,637,1179,4,17,40,39,20,18,131,43
20260906,r3_d30_t1_w25,273,134,2022,1250,638,1183,13,24,43,20,18,18,131,43
20260906,r3_d30_t1_w25,274,133,2030,1253,644,1183,17,17,53,13,20,17,131,43
20260906,r3_d30_t1_w25,275,137,2039,1254,648,1188,18,4,62,16,23,17,131,43
20260906,r3_d30_t1_w25,276,137,2046,1255,654,1189,17,2,64,17,23,16,131,43
20260906,r3_d30_t1_w25,277,127,2051,1269,655,1191,16,15,63,6,22,16,131,43
20260906,r3_d30_t1_w25,278,127,2057,1271,659,1196,6,16,59,19,23,14,131,43
20260906,r3_d30_t1_w25,279,129,2065,1273,663,1202,3,4,67,26,22,14,131,43
20260906,r3_d30_t1_w25,280,130,2073,1278,665,1204,6,7,67,20,19,14,131,43
20260906,r3_d30_t1_w25,281,129,2080,1279,672,1204,12,6,69,13,19,14,131,43
20260906,r3_d30_t1_w25,282,128,2088,1280,680,1208,20,2,70,8,22,13,131,43
20260906,r3_d30_t1_w25,283,128,2095,1282,685,1211,14,3,68,15,24,13,131,43
20260906,r3_d30_t1_w25,284,127,2104,1286,691,1218,4,6,62,28,25,12,131,43
20260906,r3_d30_t1_w25,285,127,2112,1292,693,1225,4,10,57,29,24,11,121,40
20260906,r3_d30_t1_w25,286,127,2122,1298,697,1228,1,12,58,29,26,11,121,40
20260906,r3_d30_t1_w25,287,129,2130,1301,700,1234,1,9,58,32,26,13,121,40
20260906,r3_d30_t1_w25,288,131,2139,1304,704,1239,3,6,59,32,25,14,121,40
20260906,r3_d30_t1_w25,289,123,2144,1309,712,1243,3,8,58,31,23,14,121,40
20260906,r3_d30_t1_w25,290,107,2150,1325,718,1249,3,21,55,21,22,12,126,43
20260906,r3_d30_t1_w25,291,99,2156,1334,723,1258,5,25,51,19,23,12,126,43
20260906,r3_d30_t1_w25,292,92,2161,1339,730,1262,7,14,63,16,20,12,126,43
20260906,r3_d30_t1_w25,293,88,2167,1343,736,1263,7,9,71,13,17,12,126,43
20260906,r3_d30_t1_w25,294,86,2174,1345,743,1266,9,6,73,12,12,12,126,43
20260906,r3_d30_t1_w25,295,95,2183,1345,743,1268,8,2,75,15,13,14,131,43
20260906,r3_d30_t1_w25,296,103,2191,1345,743,1271,3,0,74,23,15,14,131,43
20260906,r3_d30_t1_w25,297,104,2199,1352,743,1276,6,7,69,18,12,14,131,43
20260906,r3_d30_t1_w25,298,111,2208,1354,743,1277,11,9,68,12,13,14,131,43
20260906,r3_d30_t1_w25,299,115,2215,1357,743,1279,8,5,73,14,13,15,131,43
20260906,r3_d30_t1_w25,300,120,2222,1359,743,1286,7,5,68,20,18,15,131,43
20260906,r3_d30_t1_w25,301,128,2230,1359,743,1296,9,2,61,28,20,15,131,43
20260906,r3_d30_t1_w25,302,126,2235,1366,743,1298,3,7,61,29,20,15,131,43
20260906,r3_d30_t1_w25,303,131,2244,1370,743,1304,2,11,55,32,24,15,131,43
20260906,r3_d30_t1_w25,304,135,2251,1373,743,1309,0,7,57,36,22,15,131,43
20260906,r3_d30_t1_w25,305,128,2259,1388,743,1313,6,18,57,19,22,15,131,43
20260906,r3_d30_t1_w25,306,123,2267,1401,743,1321,10,28,52,10,21,15,131,43
20260906,r3_d30_t1_w25,307,127,2274,1401,746,1325,6,13,63,18,23,15,131,43
20260906,r3_d30_t1_w25,308,128,2284,1408,748,1331,10,7,70,13,21,13,131,43
20260906,r3_d30_t1_w25,309,129,2294,1410,755,1334,9,9,67,15,23,13,131,43
20260906,r3_d30_t1_w25,310,131,2304,1413,760,1338,0,5,70,25,23,13,131,43
20260906,r3_d30_t1_w25,311,128,2312,1417,767,1345,0,7,65,28,21,10,131,43
20260906,r3_d30_t1_w25,312,128,2320,1420,772,1349,0,7,64,29,21,11,131,43
20260906,r3_d30_t1_w25,313,123,2328,1426,779,1352,7,9,65,19,23,12,131,43
20260906,r3_d30_t1_w25,314,121,2333,1429,783,1356,13,9,64,14,22,12,131,43
20260906,r3_d30_t1_w25,315,121,2340,1434,785,1358,13,8,68,11,21,14,131,43
20260906,r3_d30_t1_w25,316,122,2347,1436,789,1364,6,7,65,22,22,14,131,43
20260906,r3_d30_t1_w25,317,121,2353,1438,794,1368,4,4,66,26,23,14,131,43
20260906,r3_d30_t1_w25,318,115,2363,1448,800,1373,0,12,63,25,23,12,131,43
20260906,r3_d30_t1_w25,319,116,2372,1451,805,1381,1,13,57,29,21,13,131,43
20260906,r3_d30_t1_w25,320,113,2380,1455,812,1384,2,7,64,27,20,14,131,43
20260906,r3_d30_t1_w25,321,115,2390,1463,812,1390,3,12,61,24,22,15,131,43
20260906,r3_d30_t1_w25,322,106,2395,1477,812,1395,4,22,60,14,18,16,131,43
20260906,r3_d30_t1_w25,323,106,2401,1479,816,1402,6,16,61,17,17,15,131,43
20260906,r3_d30_t1_w25,324,106,2410,1483,821,1404,4,6,73,17,15,15,131,43
20260906,r3_d30_t1_w25,325,110,2419,1488,821,1411,2,9,68,21,14,16,131,43
20260906,r3_d30_t1_w25,326,112,2424,1491,821,1418,3,8,65,24,13,16,131,43
20260906,r3_d30_t1_w25,327,114,2429,1494,821,1423,15,6,65,14,11,17,131,43
20260906,r3_d30_t1_w25,328,123,2438,1494,821,1424,13,3,67,17,15,17,131,43
20260906,r3_d30_t1_w25,329,130,2446,1495,821,1427,7,1,67,25,16,18,131,43
20260906,r3_d30_t1_w25,330,123,2452,1508,821,1430,8,14,64,14,19,17,131,43
20260906,r3_d30_t1_w25,331,126,2458,1511,821,1434,8,16,61,15,23,17,131,43
20260906,r3_d30_t1_w25,332,130,2464,1513,821,1441,9,5,67,19,27,17,131,43
20260906,r3_d30_t1_w25,333,124,2471,1526,821,1447,7,15,64,14,23,17,131,43
20260906,r3_d30_t1_w25,334,124,2476,1531,821,1453,8,18,60,14,21,17,131,43
20260906,r3_d30_t1_w25,335,129,2482,1532,821,1454,7,6,72,15,22,17,121,40
20260906,r3_d30_t1_w25,336,130,2490,1534,826,1459,1,3,72,24,24,16,121,40
20260906,r3_d30_t1_w25,337,125,2497,1539,833,1468,1,7,64,28,22,15,121,40
20260906,r3_d30_t1_w25,338,123,2502,1545,834,1473,1,11,61,27,22,14,121,40
20260906,r3_d30_t1_w25,339,121,2508,1549,838,1480,2,10,59,29,22,14,121,40
20260906,r3_d30_t1_w25,340,120,2517,1559,838,1486,4,14,59,23,21,12,131,43
20260906,r3_d30_t1_w25,341,116,2527,1573,838,1488,2,24,61,13,23,11,131,43
20260906,r3_d30_t1_w25,342,117,2535,1580,838,1492,3,21,67,9,23,11,131,43
20260906,r3_d30_t1_w25,343,112,2540,1585,843,1494,3,12,79,6,23,10,131,43
20260906,r3_d30_t1_w25,344,110,2550,1589,851,1496,3,9,84,4,26,10,131,43
20260906,r3_d30_t1_w25,345,108,2555,1591,856,1502,3,6,83,8,27,11,131,43
20260906,r3_d30_t1_w25,346,106,2563,1593,864,1510,5,4,79,12,28,11,131,43
20260906,r3_d30_t1_w25,347,109,2572,1596,867,1516,4,5,75,16,29,11,131,43
20260906,r3_d30_t1_w25,348,109,2580,1601,870,1516,3,8,77,12,29,11,131,43
20260906,r3_d30_t1_w25,349,105,2585,1605,875,1520,2,9,76,13,27,11,131,43
20260906,r3_d30_t1_w25,350,104,2591,1605,882,1526,5,4,75,16,27,12,131,43
20260906,r3_d30_t1_w25,351,102,2597,1610,885,1533,9,5,72,14,23,14,131,43
20260906,r3_d30_t1_w25,352,107,2607,1612,888,1538,10,7,67,16,22,14,131,43
20260906,r3_d30_t1_w25,353,105,2612,1618,889,1544,12,8,66,14,19,14,131,43
20260906,r3_d30_t1_w25,354,106,2619,1623,890,1547,13,11,65,11,14,16,131,43
20260906,r3_d30_t1_w25,355,110,2628,1628,890,1550,12,10,68,10,14,18,131,43
20260906,r3_d30_t1_w25,356,113,2634,1631,890,1558,16,8,65,11,14,19,131,43
20260906,r3_d30_t1_w25,357,116,2644,1637,891,1562,16,9,66,9,13,20,131,43
20260906,r3_d30_t1_w25,358,115,2649,1643,891,1571,15,12,60,13,11,20,131,43
20260906,r3_d30_t1_w25,359,120,2657,1646,891,1579,18,9,58,15,11,19,131,43
20260906,r3_d30_t1_w25,360,122,2662,1649,891,1584,17,6,59,18,16,19,126,43
20260906,r3_d30_t1_w25,361,123,2667,1653,891,1590,10,7,56,27,18,19,126,43
20260906,r3_d30_t1_w25,362,124,2673,1658,891,1594,17,9,55,19,17,19,126,43
20260906,r3_d30_t1_w25,363,116,2679,1672,891,1597,17,19,56,8,15,19,126,43
20260906,r3_d30_t1_w25,364,121,2689,1677,891,1598,10,19,60,11,18,19,126,43
20260906,r3_d30_t1_w25,365,127,2699,1681,891,1600,8,9,72,11,19,18,131,43
20260906,r3_d30_t1_w25,366,136,2709,1682,891,1605,13,5,72,10,21,18,131,43
20260906,r3_d30_t1_w25,367,143,2719,1683,893,1613,16,2,68,14,23,17,131,43
20260906,r3_d30_t1_w25,368,143,2725,1685,897,1614,7,3,68,22,24,17,131,43
20260906,r3_d30_t1_w25,369,142,2734,1691,901,1616,0,8,67,25,24,17,131,43
20260906,r3_d30_t1_w25,370,145,2744,1695,904,1624,2,10,61,27,22,17,131,43
20260906,r3_d30_t1_w25,371,149,2754,1697,908,1629,1,6,62,31,25,17,131,43
20260906,r3_d30_t1_w25,372,148,2764,1704,912,1631,0,9,64,27,24,16,131,43
20260906,r3_d30_t1_w25,373,151,2773,1709,913,1636,0,12,61,27,27,15,131,43
20260906,r3_d30_t1_w25,374,154,2783,1712,917,1643,0,8,61,31,25,15,131,43
20260906,r3_d30_t1_w25,375,152,2790,1718,920,1650,0,9,59,32,25,14,131,43
20260906,r3_d30_t1_w25,376,153,2799,1720,926,1654,2,8,58,32,24,14,131,43
20260906,r3_d30_t1_w25,377,148,2807,1724,935,1659,3,6,59,32,26,14,131,43
20260906,r3_d30_t1_w25,378,140,2815,1736,939,1664,1,16,56,27,26,14,131,43
20260906,r3_d30_t1_w25,379,134,2825,1745,946,1666,0,21,58,21,26,15,131,43
20260906,r3_d30_t1_w25,380,133,2832,1749,950,1672,0,13,64,23,28,16,115,42
20260906,r3_d30_t1_w25,381,134,2842,1752,956,1674,0,7,71,22,29,17,115,42
20260906,r3_d30_t1_w25,382,125,2847,1757,965,1684,6,8,65,21,25,17,115,42
20260906,r3_d30_t1_w25,383,127,2856,1759,970,1688,13,7,64,16,25,18,115,42
20260906,r3_d30_t1_w25,384,120,2862,1767,975,1694,13,10,63,14,18,18,115,42
20260906,r3_d30_t1_w25,385,129,2871,1767,975,1695,11,8,64,17,21,19,131,43
20260906,r3_d30_t1_w25,386,133,2878,1770,975,1699,1,3,68,28,20,20,131,43
20260906,r3_d30_t1_w25,387,140,2887,1772,975,1702,0,5,65,30,21,22,131,43
20260906,r3_d30_t1_w25,388,148,2897,1774,975,1705,6,4,65,25,21,23,131,43
20260906,r3_d30_t1_w25,389,153,2907,1779,975,1707,4,7,65,24,21,23,131,43
20260906,r3_d30_t1_w25,390,154,2916,1787,975,1715,0,13,59,28,26,22,121,40
20260906,r3_d30_t1_w25,391,161,2924,1788,975,1723,0,9,56,35,29,22,121,40
20260906,r3_d30_t1_w25,392,162,2930,1793,975,1725,0,6,62,32,26,22,121,40
20260906,r3_d30_t1_w25,393,160,2935,1800,975,1730,0,12,58,30,27,22,121,40
20260906,r3_d30_t1_w25,394,151,2941,1810,980,1735,0,17,58,25,25,21,121,40
20260906,r3_d30_t1_w25,395,150,2951,1813,988,1739,0,13,61,26,27,20,131,43
20260906,r3_d30_t1_w25,396,147,2961,1824,990,1744,0,14,66,20,26,17,131,43
20260906,r3_d30_t1_w25,397,144,2970,1830,996,1749,0,17,64,19,28,16,131,43
20260906,r3_d30_t1_w25,398,142,2975,1834,999,1754,0,10,70,20,29,14,131,43
20260906,r3_d30_t1_w25,399,132,2984,1846,1006,1759,0,16,71,13,31,14,131,43
20260906,r3_d30_t1_w25,400,132,2991,1852,1007,1766,0,18,68,14,30,13,131,43
20260906,r3_d30_t1_w25,401,131,2999,1854,1014,1767,0,8,79,13,30,12,131,43
20260906,r3_d30_t1_w25,402,129,3004,1859,1016,1771,1,7,81,11,29,12,131,43
20260906,r3_d30_t1_w25,403,129,3011,1862,1020,1774,1,8,80,11,30,11,131,43
20260906,r3_d30_t1_w25,404,126,3019,1867,1026,1777,0,8,82,10,29,11,131,43
20260906,r3_d30_t1_w25,405,125,3028,1872,1031,1789,0,10,73,17,29,12,131,43
20260906,r3_d30_t1_w25,406,126,3037,1877,1034,1795,0,10,72,18,30,13,131,43
20260906,r3_d30_t1_w25,407,123,3043,1885,1035,1800,0,13,72,15,29,13,131,43
20260906,r3_d30_t1_w25,408,124,3051,1890,1037,1804,0,13,73,14,30,14,131,43
20260906,r3_d30_t1_w25,409,124,3058,1895,1039,1806,0,10,79,11,30,14,131,43
20260906,r3_d30_t1_w25,410,123,3068,1900,1045,1812,0,10,78,12,31,14,131,43
20260906,r3_d30_t1_w25,411,124,3076,1903,1049,1815,0,8,80,12,32,14,131,43
20260906,r3_d30_t1_w25,412,128,3086,1905,1053,1822,0,5,78,17,34,15,131,43
20260906,r3_d30_t1_w25,413,123,3091,1908,1060,1827,0,5,76,19,33,15,131,43
20260906,r3_d30_t1_w25,414,116,3096,1912,1068,1835,0,7,70,23,25,16,131,43
20260906,r3_d30_t1_w25,415,120,3102,1914,1068,1838,0,6,70,24,24,16,131,43
20260906,r3_d30_t1_w25,416,123,3111,1920,1068,1847,2,8,65,25,19,16,131,43
20260906,r3_d30_t1_w25,417,128,3118,1922,1068,1850,5,8,64,23,18,16,131,43
20260906,r3_d30_t1_w25,418,134,3128,1926,1068,1858,5,6,62,27,19,19,131,43
20260906,r3_d30_t1_w25,419,135,3133,1930,1068,1864,4,8,58,30,19,19,131,43
20260906,r3_d30_t1_w25,420,136,3142,1938,1068,1871,6,12,55,27,18,19,131,43
20260906,r3_d30_t1_w25,421,143,3150,1939,1068,1876,9,9,54,28,21,19,131,43
20260906,r3_d30_t1_w25,422,144,3159,1947,1068,1881,15,9,57,19,23,18,131,43
20260906,r3_d30_t1_w25,423,141,3165,1956,1068,1886,14,17,53,16,23,18,131,43
20260906,r3_d30_t1_w25,424,140,3172,1964,1068,1887,13,17,60,10,23,18,131,43
20260906,r3_d30_t1_w25,425,144,3182,1969,1069,1891,13,13,65,9,24,18,131,43
20260906,r3_d30_t1_w25,426,143,3189,1970,1076,1896,14,6,68,12,25,17,131,43
20260906,r3_d30_t1_w25,427,143,3197,1974,1080,1900,15,5,69,11,25,15,131,43
20260906,r3_d30_t1_w25,428,143,3204,1980,1081,1904,5,10,66,19,27,15,131,43
20260906,r3_d30_t1_w25,429,134,3209,1987,1088,1912,2,13,62,23,25,15,131,43
20260906,r3_d30_t1_w25,430,133,3216,1990,1093,1917,10,10,63,17,26,14,131,43
20260906,r3_d30_t1_w25,431,132,3225,1994,1099,1921,1,7,66,26,29,14,131,43
20260906,r3_d30_t1_w25,432,132,3235,2001,1102,1923,0,11,67,22,31,13,131,43
20260906,r3_d30_t1_w25,433,132,3245,2006,1107,1928,1,12,66,21,29,13,131,43
20260906,r3_d30_t1_w25,434,133,3250,2007,1110,1932,0,6,69,25,29,15,131,43
20260906,r3_d30_t1_w25,435,126,3255,2012,1117,1937,2,6,69,23,25,15,131,43
20260906,r3_d30_t1_w25,436,128,3264,2013,1123,1939,2,6,68,24,25,15,131,43
20260906,r3_d30_t1_w25,437,123,3271,2020,1128,1943,11,8,69,12,25,14,131,43
20260906,r3_d30_t1_w25,438,125,3277,2024,1128,1949,16,11,64,9,25,14,131,43
20260906,r3_d30_t1_w25,439,130,3286,2028,1128,1954,14,8,66,12,25,15,131,43
20260906,r3_d30_t1_w25,440,128,3291,2030,1133,1960,0,6,64,30,24,16,131,43
20260906,r3_d30_t1_w25,441,125,3301,2034,1142,1964,0,6,64,30,23,17,131,43
20260906,r3_d30_t1_w25,442,124,3311,2042,1145,1971,3,12,59,26,24,16,131,43
20260906,r3_d30_t1_w25,443,127,3321,2048,1146,1977,0,14,57,29,22,18,131,43
20260906,r3_d30_t1_w25,444,124,3329,2056,1149,1983,3,14,59,24,15,19,131,43
20260906,r3_d30_t1_w25,445,132,3338,2057,1149,1988,13,9,60,18,16,20,121,40
20260906,r3_d30_t1_w25,446,141,3348,2058,1149,1992,19,2,64,15,16,21,121,40
20260906,r3_d30_t1_w25,447,150,3358,2059,1149,1995,13,2,62,23,19,21,121,40
20260906,r3_d30_t1_w25,448,158,3367,2060,1149,2002,0,2,56,42,21,21,121,40
20260906,r3_d30_t1_w25,449,161,3373,2063,1149,2006,0,4,53,43,20,21,121,40
20260906,r3_d30_t1_w25,450,161,3380,2069,1150,2011,0,9,49,42,21,21,131,43
20260906,r3_d30_t1_w25,451,160,3385,2075,1150,2013,0,12,50,38,23,21,131,43
20260906,r3_d30_t1_w25,452,155,3390,2085,1150,2014,0,16,55,29,21,21,131,43
20260906,r3_d30_t1_w25,453,157,3400,2089,1154,2019,7,14,56,23,22,20,131,43
20260906,r3_d30_t1_w25,454,152,3407,2096,1159,2021,20,11,64,5,22,19,131,43
20260906,r3_d30_t1_w25,455,154,3415,2099,1162,2027,20,10,62,8,25,19,131,43
20260906,r3_d30_t1_w25,456,157,3425,2101,1167,2035,13,5,61,21,26,18,131,43
20260906,r3_d30_t1_w25,457,152,3430,2105,1173,2041,6,6,58,30,27,18,131,43
20260906,r3_d30_t1_w25,458,151,3440,2107,1182,2042,5,6,59,30,29,16,131,43
20260906,r3_d30_t1_w25,459,149,3446,2111,1186,2044,0,6,61,33,27,14,131,43
20260906,r3_d30_t1_w25,460,146,3451,2114,1191,2048,0,7,59,34,26,13,131,43
20260906,r3_d30_t1_w25,461,140,3457,2117,1200,2052,0,6,59,35,26,12,131,43
20260906,r3_d30_t1_w25,462,144,3467,2119,1204,2055,1,5,59,35,27,12,131,43
20260906,r3_d30_t1_w25,463,144,3477,2129,1204,2058,0,12,59,29,26,12,131,43
20260906,r3_d30_t1_w25,464,146,3487,2132,1209,2063,1,13,56,30,27,10,131,43
20260906,r3_d30_t1_w25,465,147,3497,2137,1213,2068,1,8,61,30,29,11,131,43
20260906,r3_d30_t1_w25,466,143,3506,2143,1220,2070,1,11,62,26,29,11,131,43
20260906,r3_d30_t1_w25,467,144,3513,2144,1225,2080,2,7,57,34,31,11,131,43
20260906,r3_d30_t1_w25,468,135,3519,2151,1233,2083,2,8,60,30,30,11,131,43
20260906,r3_d30_t1_w25,469,117,3524,2169,1238,2088,2,25,56,17,27,12,131,43
20260906,r3_d30_t1_w25,470,108,3529,2176,1245,2091,2,25,60,13,28,12,131,43
20260906,r3_d30_t1_w25,471,101,3537,2182,1254,2096,3,13,73,11,25,12,131,43
20260906,r3_d30_t1_w25,472,102,3547,2184,1261,2101,5,8,75,12,22,12,131,43
20260906,r3_d30_t1_w25,473,100,3554,2189,1265,2105,4,7,77,12,19,13,131,43
20260906,r3_d30_t1_w25,474,98,3562,2195,1269,2108,5,11,76,8,15,13,131,43
20260906,r3_d30_t1_w25,475,106,3572,2197,1269,2110,6,8,79,7,14,15,131,43
20260906,r3_d30_t1_w25,476,114,3582,2199,1269,2114,2,4,81,13,15,15,131,43
20260906,r3_d30_t1_w25,477,117,3590,2204,1269,2119,1,7,78,14,16,16,131,43
20260906,r3_d30_t1_w25,478,123,3600,2208,1269,2123,5,9,76,10,15,15,131,43
20260906,r3_d30_t1_w25,479,130,3609,2210,1269,2127,5,6,77,12,14,16,131,43
20260906,r3_d30_t1_w25,480,135,3617,2213,1269,2132,0,5,76,19,17,16,131,43
20260906,r3_d30_t1_w25,481,139,3625,2217,1269,2138,0,7,72,21,20,16,131,43
20260906,r3_d30_t1_w25,482,141,3633,2223,1269,2145,0,10,68,22,21,16,131,43
20260906,r3_d30_t1_w25,483,140,3642,2233,1269,2151,0,16,66,18,21,16,131,43
20260906,r3_d30_t1_w25,484,144,3652,2239,1269,2158,0,16,65,19,23,16,131,43
20260906,r3_d30_t1_w25,485,145,3657,2243,1269,2162,0,10,71,19,23,15,131,43
20260906,r3_d30_t1_w25,486,142,3664,2253,1269,2167,0,14,72,14,22,15,131,43
20260906,r3_d30_t1_w25,487,146,3674,2259,1269,2176,0,16,67,17,24,15,131,43
20260906,r3_d30_t1_w25,488,148,3682,2263,1271,2180,1,10,73,16,24,15,131,43
20260906,r3_d30_t1_w25,489,143,3688,2270,1275,2185,1,11,74,14,24,15,131,43
20260906,r3_d30_t1_w25,490,138,3693,2274,1281,2190,2,11,73,14,24,13,126,43
20260906,r3_d30_t1_w25,491,135,3700,2279,1286,2192,1,9,78,12,23,13,126,43
20260906,r3_d30_t1_w25,492,136,3708,2285,1287,2197,0,11,77,12,23,13,126,43
20260906,r3_d30_t1_w25,493,140,3718,2286,1292,2202,1,7,77,15,23,12,126,43
20260906,r3_d30_t1_w25,494,139,3724,2289,1296,2210,2,4,75,19,23,12,126,43
20260906,r3_d30_t1_w25,495,138,3729,2293,1298,2214,3,7,72,18,23,11,131,43
20260906,r3_d30_t1_w25,496,132,3736,2303,1301,2215,3,14,74,9,22,10,131,43
20260906,r3_d30_t1_w25,497,133,3746,2306,1307,2224,4,13,69,14,27,11,131,43
20260906,r3_d30_t1_w25,498,132,3751,2307,1312,2227,0,4,76,20,27,12,131,43
20260906,r3_d30_t1_w25,499,126,3757,2314,1317,2232,1,8,74,17,22,12,131,43
20260906,r3_d30_t1_w25,500,126,3767,2315,1326,2240,1,8,67,24,23,13,131,43
20260906,r3_d30_t1_w25,501,122,3775,2320,1333,2242,1,6,72,21,26,13,131,43
20260906,r3_d30_t1_w25,502,115,3780,2332,1333,2246,0,17,69,14,24,13,131,43
20260906,r3_d30_t1_w25,503,115,3789,2335,1339,2250,0,15,70,15,23,13,131,43
20260906,r3_d30_t1_w25,504,110,3796,2339,1347,2256,0,7,76,17,18,14,131,43
20260906,r3_d30_t1_w25,505,117,3805,2341,1347,2260,0,6,75,19,18,15,131,43
20260906,r3_d30_t1_w25,506,116,3810,2347,1347,2272,0,8,67,25,15,16,131,43
20260906,r3_d30_t1_w25,507,124,3820,2349,1347,2273,1,8,68,23,15,17,131,43
20260906,r3_d30_t1_w25,508,121,3826,2358,1347,2277,2,11,70,17,12,17,131,43
20260906,r3_d30_t1_w25,509,127,3835,2361,1347,2285,4,12,64,20,13,17,131,43
20260906,r3_d30_t1_w25,510,131,3845,2367,1347,2288,5,9,70,16,18,16,131,43
20260906,r3_d30_t1_w25,511,134,3850,2369,1347,2296,6,8,65,21,21,16,131,43
20260906,r3_d30_t1_w25,512,137,3857,2373,1347,2304,9,6,63,22,20,16,131,43
20260906,r3_d30_t1_w25,513,137,3867,2383,1347,2308,6,14,61,19,21,15,131,43
20260906,r3_d30_t1_w25,514,139,3877,2391,1347,2315,5,18,58,19,21,15,131,43
20260906,r3_d30_t1_w25,515,145,3887,2394,1348,2318,2,11,65,22,20,15,131,43
20260906,r3_d30_t1_w25,516,140,3892,2400,1352,2321,2,9,70,19,18,14,131,43
20260906,r3_d30_t1_w25,517,139,3898,2402,1357,2323,2,8,71,19,20,14,131,43
20260906,r3_d30_t1_w25,518,138,3907,2406,1363,2327,2,6,73,19,23,13,131,43
20260906,r3_d30_t1_w25,519,135,3915,2417,1363,2333,2,15,69,14,26,13,131,43
20260906,r3_d30_t1_w25,520,137,3921,2421,1363,2337,0,15,69,16,26,13,101,38
20260906,r3_d30_t1_w25,521,139,3928,2426,1363,2343,0,9,74,17,24,12,101,38
20260906,r3_d30_t1_w25,522,141,3935,2428,1366,2349,0,7,72,21,23,13,101,38
20260906,r3_d30_t1_w25,523,137,3942,2438,1367,2353,1,12,73,14,25,13,101,38
20260906,r3_d30_t1_w25,524,134,3947,2443,1370,2360,8,15,68,9,24,13,101,38
20260906,r3_d30_t1_w25,525,131,3953,2445,1377,2366,13,7,72,8,24,15,126,43
20260906,r3_d30_t1_w25,526,132,3963,2450,1381,2369,12,7,74,7,26,14,126,43
20260906,r3_d30_t1_w25,527,132,3970,2454,1384,2375,11,9,70,10,26,14,126,43
20260906,r3_d30_t1_w25,528,129,3976,2458,1389,2380,12,8,70,10,27,14,126,43
20260906,r3_d30_t1_w25,529,133,3986,2460,1393,2383,4,6,71,19,28,15,126,43
20260906,r3_d30_t1_w25,530,130,3994,2465,1399,2395,5,7,63,25,27,15,131,43
20260906,r3_d30_t1_w25,531,132,4004,2468,1404,2400,9,8,60,23,24,19,131,43
20260906,r3_d30_t1_w25,532,127,4013,2473,1413,2406,9,8,59,24,23,19,131,43
20260906,r3_d30_t1_w25,533,126,4020,2477,1417,2412,5,9,56,30,22,17,131,43
20260906,r3_d30_t1_w25,534,119,4027,2488,1420,2413,5,15,60,20,13,18,131,43
20260906,r3_d30_t1_w25,535,124,4035,2491,1420,2418,19,14,59,8,13,21,131,43
20260906,r3_d30_t1_w25,536,128,4040,2492,1420,2419,17,4,69,10,16,21,131,43
20260906,r3_d30_t1_w25,537,129,4049,2500,1420,2423,7,9,68,16,18,21,131,43
20260906,r3_d30_t1_w25,538,136,4059,2503,1420,2426,5,11,66,18,17,22,131,43
20260906,r3_d30_t1_w25,539,142,4068,2506,1420,2432,4,6,68,22,19,22,131,43
20260906,r3_d30_t1_w25,540,147,4075,2508,1420,2435,1,5,68,26,24,22,131,43
20260906,r3_d30_t1_w25,541,150,4082,2512,1420,2440,1,6,66,27,24,22,131,43
20260906,r3_d30_t1_w25,542,148,4089,2521,1420,2445,1,13,63,23,22,22,131,43
20260906,r3_d30_t1_w25,543,148,4094,2526,1420,2448,10,14,64,12,22,22,131,43
20260906,r3_d30_t1_w25,544,147,4101,2530,1424,2455,11,9,66,14,22,21,131,43
20260906,r3_d30_t1_w25,545,148,4107,2533,1426,2460,12,7,66,15,22,20,131,43
20260906,r3_d30_t1_w25,546,145,4113,2536,1432,2464,13,6,66,15,21,20,131,43
20260906,r3_d30_t1_w25,547,145,4121,2540,1436,2469,13,7,64,16,22,19,131,43
20260906,r3_d30_t1_w25,548,149,4131,2544,1438,2475,13,8,61,18,24,18,131,43
20260906,r3_d30_t1_w25,549,146,4137,2553,1438,2483,12,13,57,18,24,17,131,43
20260906,r3_d30_t1_w25,550,145,4145,2562,1438,2489,12,18,55,15,20,17,126,43
20260906,r3_d30_t1_w25,551,142,4151,2566,1443,2498,16,13,55,16,19,15,126,43
20260906,r3_d30_t1_w25,552,143,4160,2568,1449,2501,15,6,61,18,20,14,126,43
20260906,r3_d30_t1_w25,553,139,4165,2577,1449,2502,13,11,64,12,21,13,126,43
20260906,r3_d30_t1_w25,554,137,4172,2586,1449,2507,14,18,61,7,21,12,126,43
20260906,r3_d30_t1_w25,555,139,4182,2589,1454,2508,13,12,69,6,23,12,131,43
20260906,r3_d30_t1_w25,556,136,4190,2592,1462,2512,13,6,74,7,22,12,131,43
20260906,r3_d30_t1_w25,557,135,4197,2595,1467,2514,12,6,75,7,23,14,131,43
20260906,r3_d30_t1_w25,558,129,4202,2599,1474,2518,6,7,74,13,20,14,131,43
20260906,r3_d30_t1_w25,559,127,4208,2600,1481,2521,3,5,74,18,22,14,131,43
20260906,r3_d30_t1_w25,560,127,4214,2601,1486,2525,0,2,74,24,22,14,131,43
20260906,r3_d30_t1_w25,561,125,4221,2609,1487,2529,0,9,71,20,21,15,131,43
20260906,r3_d30_t1_w25,562,115,4229,2622,1492,2530,0,21,71,8,23,13,131,43
20260906,r3_d30_t1_w25,563,113,4237,2625,1499,2539,0,16,70,14,23,15,131,43
20260906,r3_d30_t1_w25,564,115,4247,2628,1504,2545,0,6,77,17,22,16,131,43
20260906,r3_d30_t1_w25,565,115,4252,2633,1504,2554,3,8,71,18,22,16,131,43
20260906,r3_d30_t1_w25,566,117,4260,2639,1504,2555,3,11,73,13,19,16,131,43
20260906,r3_d30_t1_w25,567,120,4269,2645,1504,2561,5,12,72,11,16,18,131,43
20260906,r3_d30_t1_w25,568,128,4278,2646,1504,2569,7,7,70,16,17,20,131,43
20260906,r3_d30_t1_w25,569,133,4286,2649,1504,2575,7,4,70,19,18,20,131,43
20260906,r3_d30_t1_w25,570,138,4294,2652,1504,2580,0,6,66,28,23,20,121,43
20260906,r3_d30_t1_w25,571,139,4302,2659,1504,2582,0,10,67,23,22,20,121,43
20260906,r3_d30_t1_w25,572,142,4312,2666,1504,2586,0,14,66,20,23,20,121,43
20260906,r3_d30_t1_w25,573,144,4318,2670,1504,2593,0,11,66,23,24,19,121,43
20260906,r3_d30_t1_w25,574,139,4328,2683,1506,2597,0,17,69,14,28,19,121,43
20260906,r3_d30_t1_w25,575,130,4334,2690,1514,2602,0,20,68,12,26,17,131,43
20260906,r3_d30_t1_w25,576,130,4341,2693,1518,2609,0,10,74,16,28,17,131,43
20260906,r3_d30_t1_w25,577,125,4346,2696,1525,2613,0,6,77,17,28,16,131,43
20260906,r3_d30_t1_w25,578,123,4352,2702,1527,2617,0,9,76,15,26,16,131,43
20260906,r3_d30_t1_w25,579,119,4357,2706,1532,2622,0,10,74,16,24,16,131,43
20260906,r3_d30_t1_w25,580,115,4365,2711,1539,2626,0,9,76,15,25,15,131,43
20260906,r3_d30_t1_w25,581,111,4374,2719,1544,2628,0,13,78,9,24,13,131,43
20260906,r3_d30_t1_w25,582,114,4384,2723,1547,2632,0,12,79,9,23,12,131,43
20260906,r3_d30_t1_w25,583,113,4391,2727,1551,2637,0,8,82,10,23,12,131,43
20260906,r3_d30_t1_w25,584,119,4401,2730,1552,2641,0,7,82,11,23,11,131,43
20260906,r3_d30_t1_w25,585,117,4409,2735,1557,2649,0,8,78,14,22,11,131,43
20260906,r3_d30_t1_w25,586,119,4417,2738,1560,2654,3,8,76,13,20,11,131,43
20260906,r3_d30_t1_w25,587,115,4424,2744,1565,2659,6,9,76,9,20,14,131,43
20260906,r3_d30_t1_w25,588,119,4434,2748,1567,2667,5,10,71,14,24,13,131,43
20260906,r3_d30_t1_w25,589,121,4443,2750,1572,2675,1,6,69,24,25,14,131,43
20260906,r3_d30_t1_w25,590,122,4452,2757,1573,2680,1,9,68,22,24,15,131,43
20260906,r3_d30_t1_w25,591,119,4461,2764,1578,2687,2,14,63,21,23,16,131,43
20260906,r3_d30_t1_w25,592,119,4470,2767,1584,2690,0,10,67,23,22,17,131,43
20260906,r3_d30_t1_w25,593,117,4479,2772,1590,2695,5,8,69,18,19,18,131,43
20260906,r3_d30_t1_w25,594,119,4486,2773,1594,2700,9,6,67,18,17,21,131,43
20260906,r3_d30_t1_w25,595,122,4491,2775,1594,2704,10,3,68,19,17,21,131,43
20260906,r3_d30_t1_w25,596,129,4501,2778,1594,2709,10,5,64,21,18,23,131,43
20260906,r3_d30_t1_w25,597,134,4509,2781,1594,2715,1,6,60,33,19,23,131,43
20260906,r3_d30_t1_w25,598,138,4516,2784,1594,2721,1,6,57,36,18,24,131,43
20260906,r3_d30_t1_w25,599,141,4523,2788,1594,2722,1,7,59,33,17,24,131,43
20260906,r3_d30_t1_w25,600,142,4529,2793,1594,2729,7,9,55,29,19,24,121,40
20260906,r6_d30_t1_w25,1,5,8,3,0,0,92,3,0,5,4,2,131,43
20260906,r6_d30_t1_w25,2,11,14,3,0,0,55,3,0,42,8,3,131,43
20260906,r6_d30_t1_w25,3,11,19,8,0,0,53,5,3,39,8,3,131,43
20260906,r6_d30_t1_w25,4,1,29,28,0,0,69,25,3,3,1,1,131,43
20260906,r6_d30_t1_w25,5,6,38,32,0,0,57,24,8,11,5,2,131,43
20260906,r6_d30_t1_w25,6,10,43,33,0,0,46,5,28,21,7,2,131,43
20260906,r6_d30_t1_w25,7,19,52,33,0,0,40,1,32,27,13,3,131,43
20260906,r6_d30_t1_w25,8,27,62,35,0,0,19,2,33,46,14,6,131,43
20260906,r6_d30_t1_w25,9,18,67,49,0,0,0,16,33,51,11,3,131,43
20260906,r6_d30_t1_w25,10,15,74,59,0,0,10,24,35,31,10,4,131,43
20260906,r6_d30_t1_w25,11,24,84,60,0,0,27,11,49,13,11,5,131,43
20260906,r6_d30_t1_w25,12,34,94,60,0,0,25,1,59,15,14,6,131,43
20260906,r6_d30_t1_w25,13,40,101,61,0,1,7,1,59,33,13,7,131,43
20260906,r6_d30_t1_w25,14,43,106,63,0,1,0,3,59,38,14,7,131,43
20260906,r6_d30_t1_w25,15,48,112,64,0,4,10,3,57,30,15,7,131,43
20260906,r6_d30_t1_w25,16,56,122,66,0,8,15,3,55,27,15,8,131,43
20260906,r6_d30_t1_w25,17,59,129,70,0,9,7,6,55,32,13,9,131,43
20260906,r6_d30_t1_w25,18,59,134,75,0,11,4,9,55,32,12,10,131,43
20260906,r6_d30_t1_w25,19,64,139,75,0,13,15,5,57,23,13,11,131,43
20260906,r6_d30_t1_w25,20,61,146,85,0,18,21,10,57,12,13,10,121,40
20260906,r6_d30_t1_w25,21,59,153,94,0,25,19,19,50,12,15,11,121,40
20260906,r6_d30_t1_w25,22,62,159,97,0,33,18,12,52,18,14,11,121,40
20260906,r6_d30_t1_w25,23,63,164,101,0,40,16,7,54,23,11,12,121,40
20260906,r6_d30_t1_w25,24,66,172,106,0,45,18,9,52,21,11,13,121,40
20260906,r6_d30_t1_w25,25,75,182,107,0,48,21,6,53,20,13,14,126,43
20260906,r6_d30_t1_w25,26,75,188,113,0,50,17,7,56,20,13,13,126,43
20260906,r6_d30_t1_w25,27,81,198,117,0,53,9,10,54,27,11,13,126,43
20260906,r6_d30_t1_w25,28,86,204,118,0,55,9,5,58,28,14,13,126,43
20260906,r6_d30_t1_w25,29,85,214,129,0,57,2,12,60,26,13,13,126,43
20260906,r6_d30_t1_w25,30,87,221,134,0,59,1,16,59,24,16,12,131,43
20260906,r6_d30_t1_w25,31,91,227,136,0,65,3,7,64,26,18,12,131,43
20260906,r6_d30_t1_w25,32,96,234,138,0,69,2,4,65,29,20,12,131,43
20260906,r6_d30_t1_w25,33,87,244,157,0,75,1,21,61,17,22,12,131,43
20260906,r6_d30_t1_w25,34,85,251,166,0,80,2,28,58,12,19,12,131,43
20260906,r6_d30_t1_w25,35,93,261,168,0,82,1,11,75,13,21,12,131,43
20260906,r6_d30_t1_w25,36,98,270,172,0,85,1,6,81,12,20,12,131,43
20260906,r6_d30_t1_w25,37,101,275,174,0,89,5,6,79,10,18,12,131,43
20260906,r6_d30_t1_w25,38,110,284,174,0,94,5,2,78,15,19,12,131,43
20260906,r6_d30_t1_w25,39,111,293,182,0,99,3,8,75,14,20,12,131,43
20260906,r6_d30_t1_w25,40,112,302,190,0,102,3,16,72,9,19,12,131,43
20260906,r6_d30_t1_w25,41,114,307,193,0,103,4,11,79,6,19,10,131,43
20260906,r6_d30_t1_w25,42,121,317,196,0,115,7,6,75,12,20,11,131,43
20260906,r6_d30_t1_w25,43,130,327,197,0,122,11,4,71,14,21,12,131,43
20260906,r6_d30_t1_w25,44,130,336,206,0,128,6,10,68,16,20,12,131,43
20260906,r6_d30_t1_w25,45,130,341,211,0,134,10,14,63,13,18,14,131,43
20260906,r6_d30_t1_w25,46,134,347,213,0,140,19,7,66,8,20,14,131,43
20260906,r6_d30_t1_w25,47,138,354,216,0,144,8,5,67,20,20,15,131,43
20260906,r6_d30_t1_w25,48,133,359,223,3,150,7,10,63,20,20,15,131,43
20260906,r6_d30_t1_w25,49,134,367,227,6,155,13,11,61,15,20,16,131,43
20260906,r6_d30_t1_w25,50,133,375,229,13,159,2,6,64,28,22,17,126,43
20260906,r6_d30_t1_w25,51,136,383,234,13,160,0,7,67,26,20,19,126,43
20260906,r6_d30_t1_w25,52,130,388,238,20,165,11,9,64,16,20,18,126,43
20260906,r6_d30_t1_w25,53,137,398,240,21,173,14,6,61,19,21,19,126,43
20260906,r6_d30_t1_w25,54,129,403,250,24,177,14,12,61,13,13,19,126,43
20260906,r6_d30_t1_w25,55,135,410,251,24,180,16,11,60,13,13,20,131,43
20260906,r6_d30_t1_w25,56,140,416,252,24,187,18,2,63,17,13,21,131,43
20260906,r6_d30_t1_w25,57,143,426,259,24,190,18,8,61,13,10,20,131,43
20260906,r6_d30_t1_w25,58,151,436,261,24,196,24,9,56,11,10,20,131,43
20260906,r6_d30_t1_w25,59,157,443,262,24,202,30,3,57,10,10,21,131,43
20260906,r6_d30_t1_w25,60,160,448,264,24,206,30,3,55,12,14,21,131,43
20260906,r6_d30_t1_w25,61,165,457,266,26,210,33,4,52,11,18,21,131,43
20260906,r6_d30_t1_w25,62,163,465,272,30,218,38,8,46,8,19,20,131,43
20260906,r6_d30_t1_w25,63,162,475,277,36,221,38,11,45,6,18,20,131,43
20260906,r6_d30_t1_w25,64,161,484,281,42,224,36,9,48,7,22,20,131,43
20260906,r6_d30_t1_w25,65,159,491,283,49,226,17,6,51,26,24,18,131,43
20260906,r6_d30_t1_w25,66,155,497,289,53,231,11,8,50,31,22,18,131,43
20260906,r6_d30_t1_w25,67,154,506,291,61,234,6,8,49,37,24,16,131,43
20260906,r6_d30_t1_w25,68,151,515,296,68,237,6,7,52,35,23,15,131,43
20260906,r6_d30_t1_w25,69,133,523,318,72,241,5,27,50,18,22,11,131,43
20260906,r6_d30_t1_w25,70,133,531,322,76,244,0,26,52,22,24,11,131,43
20260906,r6_d30_t1_w25,71,129,537,332,76,249,0,14,69,17,25,10,131,43
20260906,r6_d30_t1_w25,72,129,543,337,77,251,0,15,71,14,25,10,131,43
20260906,r6_d30_t1_w25,73,129,549,341,79,257,0,9,75,16,26,9,131,43
20260906,r6_d30_t1_w25,74,128,554,344,82,261,2,7,76,15,26,8,131,43
20260906,r6_d30_t1_w25,75,124,559,349,86,263,2,8,78,12,25,8,131,43
20260906,r6_d30_t1_w25,76,125,569,351,93,264,1,7,80,12,26,10,131,43
20260906,r6_d30_t1_w25,77,129,579,353,97,270,1,4,79,16,28,9,131,43
20260906,r6_d30_t1_w25,78,121,585,358,106,274,1,7,77,15,27,10,131,43
20260906,r6_d30_t1_w25,79,123,593,361,109,280,1,8,73,18,26,11,131,43
20260906,r6_d30_t1_w25,80,123,603,368,112,285,1,10,73,16,28,14,131,43
20260906,r6_d30_t1_w25,81,115,608,379,114,291,2,18,70,10,20,14,131,43
20260906,r6_d30_t1_w25,82,110,614,385,119,297,1,17,71,11,19,13,131,43
20260906,r6_d30_t1_w25,83,105,619,388,126,305,0,9,74,17,20,13,131,43
20260906,r6_d30_t1_w25,84,103,628,394,131,313,1,9,72,18,14,14,131,43
20260906,r6_d30_t1_w25,85,109,636,396,131,318,3,8,70,19,18,14,131,43
20260906,r6_d30_t1_w25,86,115,644,398,131,324,1,4,70,25,17,15,131,43
20260906,r6_d30_t1_w25,87,120,653,402,131,327,5,6,69,20,14,17,131,43
20260906,r6_d30_t1_w25,88,122,658,405,131,330,18,7,68,7,14,17,131,43
20260906,r6_d30_t1_w25,89,124,665,410,131,337,25,8,65,2,14,18,131,43
20260906,r6_d30_t1_w25,90,130,673,412,131,344,18,7,61,14,19,18,131,43
20260906,r6_d30_t1_w25,91,136,681,414,131,350,7,4,60,29,20,18,131,43
20260906,r6_d30_t1_w25,92,132,688,425,131,353,7,13,59,21,20,17,131,43
20260906,r6_d30_t1_w25,93,129,695,435,131,357,6,21,57,16,21,17,131,43
20260906,r6_d30_t1_w25,94,130,702,438,134,359,6,13,66,15,18,16,131,43
20260906,r6_d30_t1_w25,95,130,710,441,139,365,9,6,70,15,20,16,131,43
20260906,r6_d30_t1_w25,96,134,719,442,143,369,11,4,69,16,20,15,131,43
20260906,r6_d30_t1_w25,97,125,727,454,148,370,10,13,71,6,20,15,131,43
20260906,r6_d30_t1_w25,98,126,735,457,152,377,11,15,65,9,22,14,131,43
20260906,r6_d30_t1_w25,99,126,741,459,156,381,2,5,73,20,22,14,131,43
20260906,r6_d30_t1_w25,100,127,750,464,159,385,0,7,72,21,23,13,121,40
20260906,r6_d30_t1_w25,101,122,755,467,166,389,0,8,70,22,22,12,121,40
20260906,r6_d30_t1_w25,102,122,763,469,172,392,4,5,72,19,23,12,121,40
20260906,r6_d30_t1_w25,103,122,769,471,176,395,9,4,72,15,23,12,121,40
20260906,r6_d30_t1_w25,104,123,779,475,181,400,9,6,69,16,25,10,121,40
20260906,r6_d30_t1_w25,105,112,785,484,189,405,6,13,66,15,24,10,131,43
20260906,r6_d30_t1_w25,106,112,794,490,192,411,5,15,64,16,24,10,131,43
20260906,r6_d30_t1_w25,107,109,800,495,196,414,4,11,70,15,23,10,131,43
20260906,r6_d30_t1_w25,108,111,808,498,199,419,4,8,71,17,25,11,131,43
20260906,r6_d30_t1_w25,109,108,817,506,203,423,1,11,72,16,26,13,131,43
20260906,r6_d30_t1_w25,110,107,825,515,203,428,0,17,70,13,26,13,131,43
20260906,r6_d30_t1_w25,111,110,833,517,206,433,0,11,73,16,27,14,131,43
20260906,r6_d30_t1_w25,112,104,839,522,213,439,0,7,76,17,25,14,131,43
20260906,r6_d30_t1_w25,113,99,844,527,218,446,0,10,71,19,22,15,131,43
20260906,r6_d30_t1_w25,114,92,849,532,225,453,2,10,69,19,14,16,131,43
20260906,r6_d30_t1_w25,115,98,857,534,225,457,1,7,70,22,13,17,131,43
20260906,r6_d30_t1_w25,116,102,863,536,225,459,2,4,73,21,13,18,131,43
20260906,r6_d30_t1_w25,117,105,870,540,225,462,1,6,72,21,12,17,131,43
20260906,r6_d30_t1_w25,118,114,879,540,225,466,5,4,70,21,12,19,131,43
20260906,r6_d30_t1_w25,119,116,888,547,225,474,14,7,66,13,10,22,131,43
20260906,r6_d30_t1_w25,120,124,897,548,225,479,7,8,61,24,16,22,131,43
20260906,r6_d30_t1_w25,121,129,905,551,225,482,0,4,65,31,20,21,131,43
20260906,r6_d30_t1_w25,122,127,911,559,225,486,1,11,62,26,19,21,131,43
20260906,r6_d30_t1_w25,123,128,920,567,225,492,9,16,59,16,20,21,131,43
20260906,r6_d30_t1_w25,124,134,927,568,225,501,2,9,58,31,22,21,131,43
20260906,r6_d30_t1_w25,125,137,934,572,225,505,2,5,62,31,24,21,121,40
20260906,r6_d30_t1_w25,126,126,939,588,225,511,7,20,57,16,20,20,121,40
20260906,r6_d30_t1_w25,127,127,946,590,229,511,8,18,61,13,21,19,121,40
20260906,r6_d30_t1_w25,128,124,951,596,231,516,10,8,72,10,20,18,121,40
20260906,r6_d30_t1_w25,129,121,957,597,239,521,13,7,69,11,23,17,121,40
20260906,r6_d30_t1_w25,130,116,967,607,244,524,13,11,72,4,23,17,131,43
20260906,r6_d30_t1_w25,131,117,977,611,249,529,10,14,68,8,23,16,131,43
20260906,r6_d30_t1_w25,132,117,984,612,255,534,4,5,73,18,23,15,131,43
20260906,r6_d30_t1_w25,133,119,994,615,260,536,5,4,75,16,22,15,131,43
20260906,r6_d30_t1_w25,134,119,1001,616,266,539,8,4,73,15,23,12,131,43
20260906,r6_d30_t1_w25,135,116,1008,621,271,542,1,6,73,20,23,12,131,43
20260906,r6_d30_t1_w25,136,116,1016,625,275,552,14,9,64,13,22,11,131,43
20260906,r6_d30_t1_w25,137,117,1023,625,281,554,22,4,67,7,22,11,131,43
20260906,r6_d30_t1_w25,138,116,1028,628,284,559,25,3,66,6,22,12,131,43
20260906,r6_d30_t1_w25,139,117,1035,634,284,566,28,9,59,4,22,13,131,43
20260906,r6_d30_t1_w25,140,118,1045,637,290,568,28,9,60,3,22,14,131,43
20260906,r6_d30_t1_w25,141,120,1054,640,294,574,26,6,60,8,23,15,131,43
20260906,r6_d30_t1_w25,142,116,1059,644,299,580,26,7,57,10,21,16,131,43
20260906,r6_d30_t1_w25,143,112,1066,647,307,584,31,7,56,6,18,16,131,43
20260906,r6_d30_t1_w25,144,112,1074,649,313,593,30,5,51,14,12,17,131,43
20260906,r6_d30_t1_w25,145,120,1084,651,313,597,25,4,50,21,13,17,131,43
20260906,r6_d30_t1_w25,146,127,1093,653,313,605,40,4,44,12,13,18,131,43
20260906,r6_d30_t1_w25,147,132,1100,655,313,609,39,4,42,15,14,19,131,43
20260906,r6_d30_t1_w25,148,135,1105,657,313,611,15,4,42,39,13,19,131,43
20260906,r6_d30_t1_w25,149,143,1115,659,313,614,14,4,41,41,15,20,131,43
20260906,r6_d30_t1_w25,150,151,1124,660,313,616,5,3,41,51,22,20,131,43
20260906,r6_d30_t1_w25,151,144,1131,674,313,619,3,15,40,42,21,19,131,43
20260906,r6_d30_t1_w25,152,140,1140,687,313,623,0,27,37,36,21,19,131,43
20260906,r6_d30_t1_w25,153,143,1147,691,313,625,0,17,49,34,19,19,131,43
20260906,r6_d30_t1_w25,154,134,1156,709,313,629,9,22,58,11,19,19,131,43
20260906,r6_d30_t1_w25,155,140,1164,711,313,632,2,20,59,19,21,19,126,43
20260906,r6_d30_t1_w25,156,143,1174,718,313,638,2,9,71,18,23,18,126,43
20260906,r6_d30_t1_w25,157,144,1182,721,317,640,10,10,71,9,25,17,126,43
20260906,r6_d30_t1_w25,158,139,1189,727,323,643,11,9,75,5,23,17,126,43
20260906,r6_d30_t1_w25,159,139,1194,729,326,648,12,8,73,7,23,15,126,43
20260906,r6_d30_t1_w25,160,141,1204,732,331,649,12,5,78,5,24,14,131,43
20260906,r6_d30_t1_w25,161,143,1213,734,336,653,3,5,76,16,28,12,131,43
20260906,r6_d30_t1_w25,162,142,1220,735,343,656,1,3,76,20,28,13,131,43
20260906,r6_d30_t1_w25,163,140,1228,743,345,664,2,9,70,19,26,13,131,43
20260906,r6_d30_t1_w25,164,139,1236,749,348,670,4,14,65,17,26,14,131,43
20260906,r6_d30_t1_w25,165,136,1245,754,355,675,4,11,68,17,25,15,131,43
20260906,r6_d30_t1_w25,166,132,1253,759,362,684,5,10,65,20,22,16,131,43
20260906,r6_d30_t1_w25,167,137,1263,762,364,690,4,8,64,24,21,16,131,43
20260906,r6_d30_t1_w25,168,140,1273,767,366,695,3,8,64,25,22,17,131,43
20260906,r6_d30_t1_w25,169,132,1279,777,370,699,10,15,63,12,21,16,131,43
20260906,r6_d30_t1_w25,170,126,1288,784,378,705,12,17,62,9,20,16,131,43
20260906,r6_d30_t1_w25,171,126,1297,786,385,708,13,9,69,9,22,19,131,43
20260906,r6_d30_t1_w25,172,125,1303,790,388,711,4,6,73,17,21,19,131,43
20260906,r6_d30_t1_w25,173,124,1310,794,392,715,4,8,71,17,18,19,131,43
20260906,r6_d30_t1_w25,174,123,1316,797,396,720,4,7,70,19,12,19,131,43
20260906,r6_d30_t1_w25,175,124,1322,802,396,727,7,8,67,18,13,19,131,43
20260906,r6_d30_t1_w25,176,124,1327,807,396,730,11,10,67,12,13,20,131,43
20260906,r6_d30_t1_w25,177,128,1334,810,396,734,4,8,68,20,16,20,131,43
20260906,r6_d30_t1_w25,178,133,1342,813,396,740,3,6,67,24,16,21,131,43
20260906,r6_d30_t1_w25,179,138,1350,816,396,740,2,6,70,22,14,22,131,43
20260906,r6_d30_t1_w25,180,140,1355,819,396,749,6,6,64,24,17,22,121,40
20260906,r6_d30_t1_w25,181,148,1364,820,396,752,2,4,64,30,21,21,121,40
20260906,r6_d30_t1_w25,182,140,1370,834,396,756,4,15,63,18,21,21,121,40
20260906,r6_d30_t1_w25,183,130,1376,850,396,759,4,30,61,5,19,21,121,40
20260906,r6_d30_t1_w25,184,137,1385,852,396,765,6,18,69,7,21,21,121,40
20260906,r6_d30_t1_w25,185,136,1391,855,400,769,8,5,81,6,22,20,131,43
20260906,r6_d30_t1_w25,186,135,1397,860,402,776,10,8,76,6,24,20,131,43
20260906,r6_d30_t1_w25,187,135,1403,862,406,780,12,7,75,6,24,20,131,43
20260906,r6_d30_t1_w25,188,134,1411,868,409,786,9,8,74,9,26,19,131,43
20260906,r6_d30_t1_w25,189,134,1417,869,414,790,5,7,72,16,28,18,131,43
20260906,r6_d30_t1_w25,190,134,1427,874,419,796,7,6,72,15,27,16,131,43
20260906,r6_d30_t1_w25,191,132,1436,879,425,801,7,10,68,15,27,13,131,43
20260906,r6_d30_t1_w25,192,129,1444,881,434,803,7,7,71,15,29,11,131,43
20260906,r6_d30_t1_w25,193,123,1454,888,443,805,2,9,74,15,28,12,131,43
20260906,r6_d30_t1_w25,194,116,1460,896,448,811,2,15,70,13,26,12,131,43
20260906,r6_d30_t1_w25,195,114,1469,898,457,816,1,10,72,17,26,12,131,43
20260906,r6_d30_t1_w25,196,113,1479,903,463,824,0,7,72,21,29,11,131,43
20260906,r6_d30_t1_w25,197,113,1486,906,467,827,0,8,71,21,27,12,131,43
20260906,r6_d30_t1_w25,198,112,1494,913,469,834,3,10,69,18,26,13,131,43
20260906,r6_d30_t1_w25,199,105,1499,919,475,842,5,13,64,18,24,13,131,43
20260906,r6_d30_t1_w25,200,108,1507,922,477,848,6,9,65,20,24,13,131,43
20260906,r6_d30_t1_w25,201,110,1516,926,480,850,6,7,69,18,25,14,131,43
20260906,r6_d30_t1_w25,202,112,1523,928,483,856,8,6,66,20,25,14,131,43
20260906,r6_d30_t1_w25,203,107,1530,940,483,861,9,14,65,12,20,14,131,43
20260906,r6_d30_t1_w25,204,109,1540,946,485,865,7,18,63,12,16,17,131,43
20260906,r6_d30_t1_w25,205,110,1545,950,485,870,6,10,70,14,16,17,131,43
20260906,r6_d30_t1_w25,206,110,1552,957,485,874,5,11,72,12,17,17,131,43
20260906,r6_d30_t1_w25,207,114,1558,959,485,876,2,9,74,15,18,17,131,43
20260906,r6_d30_t1_w25,208,117,1564,962,485,880,6,5,77,12,16,18,131,43
20260906,r6_d30_t1_w25,209,123,1571,963,485,885,16,4,74,6,16,18,131,43
20260906,r6_d30_t1_w25,210,130,1581,966,485,893,14,4,69,13,21,18,131,43
20260906,r6_d30_t1_w25,211,134,1587,968,485,900,6,5,63,26,22,18,131,43
20260906,r6_d30_t1_w25,212,130,1593,978,485,905,6,12,61,21,24,17,131,43
20260906,r6_d30_t1_w25,213,123,1601,993,485,910,5,25,58,12,21,15,131,43
20260906,r6_d30_t1_w25,214,125,1607,997,485,911,4,19,67,10,23,15,131,43
20260906,r6_d30_t1_w25,215,133,1617,999,485,915,5,6,78,11,25,14,131,43
20260906,r6_d30_t1_w25,216,136,1622,1001,485,920,6,4,77,13,25,14,131,43
20260906,r6_d30_t1_w25,217,136,1630,1007,487,924,6,8,75,11,24,14,131,43
20260906,r6_d30_t1_w25,218,131,1638,1012,495,928,6,11,73,10,24,11,131,43
20260906,r6_d30_t1_w25,219,128,1646,1019,499,936,6,12,71,11,25,11,131,43
20260906,r6_d30_t1_w25,220,124,1651,1022,505,941,6,10,71,13,24,10,131,43
20260906,r6_d30_t1_w25,221,125,1660,1026,509,945,9,7,74,10,24,10,131,43
20260906,r6_d30_t1_w25,222,124,1667,1029,514,950,10,7,72,11,25,9,131,43
20260906,r6_d30_t1_w25,223,124,1676,1033,519,958,13,7,68,12,23,11,131,43
20260906,r6_d30_t1_w25,224,123,1682,1036,523,966,16,7,63,14,23,11,131,43
20260906,r6_d30_t1_w25,225,123,1690,1038,529,970,18,5,63,14,23,13,131,43
20260906,r6_d30_t1_w25,226,120,1697,1045,532,975,18,9,61,12,22,15,131,43
20260906,r6_d30_t1_w25,227,121,1705,1048,536,980,11,10,58,21,20,16,131,43
20260906,r6_d30_t1_w25,228,124,1714,1053,537,984,8,8,61,23,23,17,131,43
20260906,r6_d30_t1_w25,229,124,1724,1055,545,987,11,7,61,21,25,17,131,43
20260906,r6_d30_t1_w25,230,127,1734,1059,548,993,0,6,60,34,24,18,131,43
20260906,r6_d30_t1_w25,231,129,1744,1063,552,997,1,8,58,33,23,18,131,43
20260906,r6_d30_t1_w25,232,128,1750,1069,553,1003,13,10,56,21,19,19,131,43
20260906,r6_d30_t1_w25,233,126,1760,1076,558,1006,14,13,57,16,17,18,131,43
20260906,r6_d30_t1_w25,234,122,1766,1079,565,1009,15,10,60,15,14,18,131,43
20260906,r6_d30_t1_w25,235,129,1776,1082,565,1017,15,6,59,20,13,20,111,40
20260906,r6_d30_t1_w25,236,135,1786,1086,565,1021,13,7,58,22,12,20,111,40
20260906,r6_d30_t1_w25,237,138,1792,1089,565,1023,17,7,59,17,12,21,111,40
20260906,r6_d30_t1_w25,238,142,1797,1090,565,1026,22,4,60,14,14,21,111,40
20260906,r6_d30_t1_w25,239,146,1804,1093,565,1032,19,4,57,20,11,21,111,40
20260906,r6_d30_t1_w25,240,154,1814,1095,565,1039,16,5,51,28,17,21,131,43
20260906,r6_d30_t1_w25,241,160,1822,1097,565,1043,2,4,50,44,18,21,131,43
20260906,r6_d30_t1_w25,242,151,1827,1111,565,1045,3,16,50,31,16,21,131,43
20260906,r6_d30_t1_w25,243,140,1835,1130,565,1048,3,33,49,15,16,20,131,43
20260906,r6_d30_t1_w25,244,141,1840,1134,565,1054,3,23,57,17,18,20,131,43
20260906,r6_d30_t1_w25,245,141,1846,1138,567,1060,6,8,70,16,17,20,131,43
20260906,r6_d30_t1_w25,246,142,1855,1143,570,1065,7,9,69,15,19,18,131,43
20260906,r6_d30_t1_w25,247,135,1863,1153,575,1067,7,15,71,7,19,16,131,43
20260906,r6_d30_t1_w25,248,131,1872,1159,582,1068,7,16,75,2,20,14,131,43
20260906,r6_d30_t1_w25,249,130,1877,1161,586,1072,5,8,81,6,21,13,131,43
20260906,r6_d30_t1_w25,250,131,1885,1161,593,1075,4,2,84,10,25,12,131,43
20260906,r6_d30_t1_w25,251,129,1891,1165,597,1079,0,4,82,14,27,12,131,43
20260906,r6_d30_t1_w25,252,125,1896,1166,605,1081,0,5,80,15,27,12,131,43
20260906,r6_d30_t1_w25,253,121,1901,1171,609,1090,0,6,75,19,26,11,131,43
20260906,r6_d30_t1_w25,254,120,1911,1178,613,1094,0,12,72,16,24,10,131,43
20260906,r6_d30_t1_w25,255,114,1921,1193,614,1096,1,22,75,2,27,10,122,43
20260906,r6_d30_t1_w25,256,114,1930,1195,621,1102,3,17,76,4,28,9,122,43
20260906,r6_d30_t1_w25,257,114,1936,1195,627,1105,3,2,88,7,30,9,122,43
20260906,r6_d30_t1_w25,258,109,1945,1201,635,1112,2,6,83,9,29,11,122,43
20260906,r6_d30_t1_w25,259,107,1950,1204,639,1114,2,9,81,8,29,11,122,43
20260906,r6_d30_t1_w25,260,106,1960,1206,648,1123,4,5,78,13,28,11,131,43
20260906,r6_d30_t1_w25,261,103,1965,1209,653,1130,4,5,74,17,28,12,131,43
20260906,r6_d30_t1_w25,262,102,1975,1218,655,1137,5,12,69,14,25,12,131,43
20260906,r6_d30_t1_w25,263,101,1980,1221,658,1145,5,12,64,19,23,13,131,43
20260906,r6_d30_t1_w25,264,99,1990,1227,664,1154,6,9,64,21,17,13,131,43
20260906,r6_d30_t1_w25,265,100,2000,1236,664,1160,11,15,61,13,16,14,131,43
20260906,r6_d30_t1_w25,266,108,2010,1238,664,1165,13,11,62,14,16,14,131,43
20260906,r6_d30_t1_w25,267,114,2017,1239,664,1167,12,3,69,16,18,16,131,43
20260906,r6_d30_t1_w25,268,114,2025,1247,664,1171,17,9,67,7,20,16,131,43
20260906,r6_d30_t1_w25,269,120,2032,1248,664,1174,18,9,65,8,19,17,131,43
20260906,r6_d30_t1_w25,270,127,2041,1250,664,1178,15,3,69,13,21,17,131,43
20260906,r6_d30_t1_w25,271,131,2048,1253,664,1182,14,5,66,15,24,17,131,43
20260906,r6_d30_t1_w25,272,133,2057,1260,664,1187,5,10,63,22,28,17,131,43
20260906,r6_d30_t1_w25,273,132,2066,1270,664,1195,1,17,58,24,29,16,131,43
20260906,r6_d30_t1_w25,274,136,2072,1272,664,1201,0,12,59,29,31,16,131,43
20260906,r6_d30_t1_w25,275,137,2079,1278,664,1206,0,8,64,28,29,16,131,43
20260906,r6_d30_t1_w25,276,137,2084,1282,665,1211,2,10,61,27,28,16,131,43
20260906,r6_d30_t1_w25,277,141,2091,1285,665,1214,2,7,64,27,28,16,131,43
20260906,r6_d30_t1_w25,278,130,2100,1302,668,1220,2,20,62,16,27,15,131,43
20260906,r6_d30_t1_w25,279,123,2107,1310,674,1224,3,25,61,11,25,14,131,43
20260906,r6_d30_t1_w25,280,125,2116,1313,678,1229,4,11,73,12,25,13,131,43
20260906,r6_d30_t1_w25,281,125,2124,1315,684,1231,3,5,79,13,27,13,131,43
20260906,r6_d30_t1_w25,282,126,2133,1323,684,1234,4,10,79,7,29,12,131,43
20260906,r6_d30_t1_w25,283,120,2138,1329,689,1244,4,14,71,11,28,12,131,43
20260906,r6_d30_t1_w25,284,125,2146,1329,692,1249,4,6,74,16,29,12,131,43
20260906,r6_d30_t1_w25,285,116,2151,1337,698,1252,1,8,77,14,27,10,121,40
20260906,r6_d30_t1_w25,286,116,2157,1339,702,1254,0,10,75,15,26,10,121,40
20260906,r6_d30_t1_w25,287,112,2166,1344,710,1259,0,7,78,15,24,11,121,40
20260906,r6_d30_t1_w25,288,112,2171,1346,713,1262,0,7,77,16,24,11,121,40
20260906,r6_d30_t1_w25,289,110,2179,1348,721,1265,1,4,79,16,24,11,121,40
20260906,r6_d30_t1_w25,290,102,2185,1355,728,1273,4,9,73,14,22,12,126,43
20260906,r6_d30_t1_w25,291,96,2190,1357,737,1278,8,9,70,13,22,11,126,43
20260906,r6_d30_t1_w25,292,96,2200,1363,741,1281,6,8,74,12,22,11,126,43
20260906,r6_d30_t1_w25,293,95,2207,1371,741,1291,0,14,66,20,19,12,126,43
20260906,r6_d30_t1_w25,294,91,2213,1374,748,1302,4,11,61,24,13,12,126,43
20260906,r6_d30_t1_w25,295,96,2221,1377,748,1308,9,6,63,22,16,13,131,43
20260906,r6_d30_t1_w25,296,99,2228,1381,748,1311,0,7,63,30,16,13,131,43
20260906,r6_d30_t1_w25,297,101,2235,1386,748,1316,0,9,61,30,14,13,131,43
20260906,r6_d30_t1_w25,298,106,2244,1390,748,1323,16,9,58,17,15,13,131,43
20260906,r6_d30_t1_w25,299,107,2250,1395,748,1328,16,9,58,17,13,13,131,43
20260906,r6_d30_t1_w25,300,110,2255,1397,748,1334,7,7,56,30,17,13,131,43
20260906,r6_d30_t1_w25,301,115,2265,1402,748,1335,1,7,60,32,19,13,131,43
20260906,r6_d30_t1_w25,302,117,2274,1409,748,1337,2,12,60,26,21,13,131,43
20260906,r6_d30_t1_w25,303,115,2279,1416,748,1340,2,14,62,22,20,13,131,43
20260906,r6_d30_t1_w25,304,110,2286,1428,748,1343,2,19,66,13,20,13,131,43
20260906,r6_d30_t1_w25,305,106,2294,1438,750,1350,3,22,66,9,19,12,131,43
20260906,r6_d30_t1_w25,306,109,2300,1441,750,1354,2,13,74,11,19,12,131,43
20260906,r6_d30_t1_w25,307,106,2305,1447,752,1358,1,9,80,10,18,12,131,43
20260906,r6_d30_t1_w25,308,105,2311,1451,755,1359,0,10,82,8,18,12,131,43
20260906,r6_d30_t1_w25,309,103,2317,1453,761,1364,5,6,83,6,19,11,131,43
20260906,r6_d30_t1_w25,310,109,2325,1455,761,1367,7,4,84,5,22,11,131,43
20260906,r6_d30_t1_w25,311,104,2331,1460,767,1372,8,7,81,4,20,10,131,43
20260906,r6_d30_t1_w25,312,102,2336,1461,773,1381,10,6,74,10,21,10,131,43
20260906,r6_d30_t1_w25,313,105,2346,1465,776,1388,11,5,72,12,22,9,131,43
20260906,r6_d30_t1_w25,314,99,2353,1473,781,1394,11,12,67,10,22,9,131,43
20260906,r6_d30_t1_w25,315,104,2363,1476,783,1397,4,11,68,17,23,9,131,43
20260906,r6_d30_t1_w25,316,104,2372,1482,786,1403,5,9,70,16,24,8,131,43
20260906,r6_d30_t1_w25,317,98,2378,1486,794,1407,10,10,69,11,24,8,131,43
20260906,r6_d30_t1_w25,318,96,2384,1491,797,1417,3,9,65,23,24,9,131,43
20260906,r6_d30_t1_w25,319,96,2392,1494,802,1424,2,8,62,28,23,9,131,43
20260906,r6_d30_t1_w25,320,97,2401,1498,806,1427,9,7,64,20,23,10,131,43
20260906,r6_d30_t1_w25,321,97,2410,1504,809,1434,12,10,60,18,22,11,131,43
20260906,r6_d30_t1_w25,322,94,2415,1508,813,1436,12,10,62,16,21,12,131,43
20260906,r6_d30_t1_w25,323,91,2421,1514,816,1439,12,10,65,13,17,11,131,43
20260906,r6_d30_t1_w25,324,95,2431,1516,820,1444,14,8,64,14,13,14,131,43
20260906,r6_d30_t1_w25,325,98,2436,1518,820,1447,14,4,67,15,14,14,131,43
20260906,r6_d30_t1_w25,326,99,2441,1522,820,1457,18,6,59,17,11,14,131,43
20260906,r6_d30_t1_w25,327,103,2447,1524,820,1458,7,6,60,27,13,14,131,43
20260906,r6_d30_t1_w25,328,102,2456,1534,820,1462,1,12,60,27,14,13,131,43
20260906,r6_d30_t1_w25,329,104,2466,1542,820,1466,10,18,58,14,13,14,131,43
20260906,r6_d30_t1_w25,330,108,2473,1545,820,1471,5,11,63,21,18,13,131,43
20260906,r6_d30_t1_w25,331,113,2481,1548,820,1476,6,6,66,22,20,13,131,43
20260906,r6_d30_t1_w25,332,114,2488,1554,820,1481,13,9,64,14,22,13,131,43
20260906,r6_d30_t1_w25,333,117,2496,1559,820,1483,13,11,65,11,22,13,131,43
20260906,r6_d30_t1_w25,334,120,2504,1564,820,1492,16,10,62,12,23,13,131,43
20260906,r6_d30_t1_w25,335,125,2511,1566,820,1499,18,7,60,15,21,13,121,40
20260906,r6_d30_t1_w25,336,126,2521,1575,820,1503,18,11,61,10,23,12,121,40
20260906,r6_d30_t1_w25,337,134,2531,1577,820,1506,17,11,60,12,23,12,121,40
20260906,r6_d30_t1_w25,338,135,2536,1581,820,1508,17,6,67,10,23,12,121,40
20260906,r6_d30_t1_w25,339,137,2541,1584,820,1514,17,7,63,13,22,12,121,40
20260906,r6_d30_t1_w25,340,133,2547,1587,827,1517,11,6,64,19,23,12,131,43
20260906,r6_d30_t1_w25,341,130,2554,1594,830,1519,11,10,65,14,23,11,131,43
20260906,r6_d30_t1_w25,342,131,2561,1598,832,1523,10,11,64,15,21,11,131,43
20260906,r6_d30_t1_w25,343,132,2570,1601,837,1531,11,7,63,19,19,12,131,43
20260906,r6_d30_t1_w25,344,125,2576,1609,842,1534,10,11,64,15,20,12,131,43
20260906,r6_d30_t1_w25,345,120,2584,1618,846,1537,6,17,64,13,25,11,131,43
20260906,r6_d30_t1_w25,346,115,2589,1624,850,1541,5,15,68,12,25,11,131,43
20260906,r6_d30_t1_w25,347,112,2594,1628,854,1548,5,10,70,15,24,11,131,43
20260906,r6_d30_t1_w25,348,114,2602,1631,857,1552,4,7,72,17,24,11,131,43
20260906,r6_d30_t1_w25,349,105,2608,1637,866,1557,7,9,71,13,22,13,131,43
20260906,r6_d30_t1_w25,350,108,2617,1640,869,1565,10,9,66,15,23,12,131,43
20260906,r6_d30_t1_w25,351,108,2622,1642,872,1570,9,5,67,19,22,13,131,43
20260906,r6_d30_t1_w25,352,109,2632,1648,875,1574,10,8,66,16,19,15,131,43
20260906,r6_d30_t1_w25,353,105,2640,1657,878,1577,8,15,65,12,20,15,131,43
20260906,r6_d30_t1_w25,354,102,2647,1663,882,1578,8,15,70,7,15,15,131,43
20260906,r6_d30_t1_w25,355,105,2654,1667,882,1581,9,10,76,5,15,17,131,43
20260906,r6_d30_t1_w25,356,113,2663,1668,882,1587,11,5,76,8,15,18,131,43
20260906,r6_d30_t1_w25,357,117,2670,1671,882,1591,13,4,76,7,16,20,131,43
20260906,r6_d30_t1_w25,358,123,2680,1675,882,1596,14,7,72,7,15,20,131,43
20260906,r6_d30_t1_w25,359,126,2686,1678,882,1601,13,7,70,10,14,20,131,43
20260906,r6_d30_t1_w25,360,130,2694,1682,882,1607,10,7,68,15,17,20,126,43
20260906,r6_d30_t1_w25,361,138,2704,1684,882,1612,8,6,66,20,20,20,126,43
20260906,r6_d30_t1_w25,362,142,2713,1689,882,1617,5,7,65,23,23,20,126,43
20260906,r6_d30_t1_w25,363,141,2723,1700,882,1623,6,16,61,17,21,20,126,43
20260906,r6_d30_t1_w25,364,142,2730,1706,882,1627,7,17,62,14,22,20,126,43
20260906,r6_d30_t1_w25,365,142,2738,1711,885,1633,6,11,67,16,22,20,131,43
20260906,r6_d30_t1_w25,366,145,2747,1712,890,1639,10,6,67,17,23,19,131,43
20260906,r6_d30_t1_w25,367,145,2755,1715,895,1645,15,4,66,15,23,19,131,43
20260906,r6_d30_t1_w25,368,139,2760,1718,903,1652,16,6,60,18,24,15,131,43
20260906,r6_d30_t1_w25,369,139,2768,1725,904,1655,5,10,60,25,22,15,131,43
20260906,r6_d30_t1_w25,370,141,2775,1728,906,1660,4,10,58,28,23,15,131,43
20260906,r6_d30_t1_w25,371,148,2785,1729,908,1666,1,4,59,36,23,15,131,43
20260906,r6_d30_t1_w25,372,139,2791,1743,909,1669,1,15,59,25,20,14,131,43
20260906,r6_d30_t1_w25,373,125,2796,1757,914,1671,0,28,58,14,21,13,131,43
20260906,r6_d30_t1_w25,374,125,2806,1761,920,1676,1,18,67,14,21,12,131,43
20260906,r6_d30_t1_w25,375,123,2814,1770,921,1677,1,13,80,6,20,11,131,43
20260906,r6_d30_t1_w25,376,126,2823,1776,921,1679,0,15,82,3,24,12,131,43
20260906,r6_d30_t1_w25,377,122,2829,1777,930,1681,0,7,89,4,25,13,131,43
20260906,r6_d30_t1_w25,378,121,2835,1780,934,1684,1,4,92,3,24,13,131,43
20260906,r6_d30_t1_w25,379,120,2841,1781,940,1692,1,4,85,10,25,13,131,43
20260906,r6_d30_t1_w25,380,122,2851,1782,947,1697,2,2,83,13,22,14,115,42
20260906,r6_d30_t1_w25,381,121,2859,1785,953,1708,5,4,73,18,22,15,115,42
20260906,r6_d30_t1_w25,382,122,2865,1787,956,1711,5,5,71,19,22,15,115,42
20260906,r6_d30_t1_w25,383,112,2874,1799,963,1716,8,14,69,9,22,14,115,42
20260906,r6_d30_t1_w25,384,111,2882,1802,969,1724,9,15,63,13,17,15,115,42
20260906,r6_d30_t1_w25,385,115,2890,1806,969,1730,3,7,69,21,19,15,131,43
20260906,r6_d30_t1_w25,386,113,2895,1813,969,1732,2,11,70,17,19,15,131,43
20260906,r6_d30_t1_w25,387,116,2903,1818,969,1741,2,12,65,21,15,16,131,43
20260906,r6_d30_t1_w25,388,121,2910,1820,969,1746,3,7,67,23,14,18,131,43
20260906,r6_d30_t1_w25,389,122,2916,1825,969,1750,10,7,68,15,11,18,131,43
20260906,r6_d30_t1_w25,390,127,2922,1826,969,1753,7,6,67,20,15,17,121,40
20260906,r6_d30_t1_w25,391,130,2930,1831,969,1755,2,6,70,22,21,16,121,40
20260906,r6_d30_t1_w25,392,131,2937,1837,969,1760,2,11,66,21,23,16,121,40
20260906,r6_d30_t1_w25,393,134,2944,1841,969,1762,5,10,69,16,22,16,121,40
20260906,r6_d30_t1_w25,394,137,2954,1848,969,1771,7,11,66,16,22,16,121,40
20260906,r6_d30_t1_w25,395,139,2959,1851,969,1776,8,10,65,17,21,16,131,43
20260906,r6_d30_t1_w25,396,134,2966,1857,975,1781,8,9,67,16,20,14,131,43
20260906,r6_d30_t1_w25,397,130,2971,1862,979,1783,7,11,68,14,21,14,131,43
20260906,r6_d30_t1_w25,398,126,2977,1869,982,1791,10,12,66,12,20,13,131,43
20260906,r6_d30_t1_w25,399,121,2982,1871,990,1793,11,9,69,11,22,13,131,43
20260906,r6_d30_t1_w25,400,122,2992,1873,997,1802,19,4,67,10,21,12,131,43
20260906,r6_d30_t1_w25,401,124,2998,1873,1001,1804,21,2,67,10,23,11,131,43
20260906,r6_d30_t1_w25,402,121,3005,1879,1005,1810,11,6,63,20,23,11,131,43
20260906,r6_d30_t1_w25,403,119,3011,1882,1010,1815,12,9,58,21,23,11,131,43
20260906,r6_d30_t1_w25,404,117,3021,1891,1013,1820,13,12,59,16,23,10,131,43
20260906,r6_d30_t1_w25,405,113,3028,1895,1020,1825,13,13,57,17,24,10,131,43
20260906,r6_d30_t1_w25,406,109,3033,1898,1026,1831,17,7,60,16,24,9,131,43
20260906,r6_d30_t1_w25,407,107,3041,1903,1031,1833,19,8,62,11,23,11,131,43
20260906,r6_d30_t1_w25,408,107,3050,1907,1036,1835,25,9,63,3,23,12,131,43
20260906,r6_d30_t1_w25,409,107,3057,1907,1043,1839,17,4,64,15,24,14,131,43
20260906,r6_d30_t1_w25,410,110,3066,1910,1046,1846,6,3,61,30,24,19,131,43
20260906,r6_d30_t1_w25,411,113,3071,1912,1046,1853,5,5,54,36,23,20,131,43
20260906,r6_d30_t1_w25,412,110,3081,1919,1052,1856,16,9,54,21,21,21,131,43
20260906,r6_d30_t1_w25,413,108,3088,1925,1055,1861,22,13,51,14,22,21,131,43
20260906,r6_d30_t1_w25,414,110,3095,1927,1058,1865,5,8,54,33,17,23,131,43
20260906,r6_d30_t1_w25,415,115,3101,1928,1058,1870,13,3,55,29,17,24,131,43
20260906,r6_d30_t1_w25,416,120,3109,1931,1058,1874,31,4,53,12,16,25,131,43
20260906,r6_d30_t1_w25,417,123,3114,1933,1058,1876,25,5,52,18,16,25,131,43
20260906,r6_d30_t1_w25,418,124,3119,1937,1058,1882,18,6,49,27,13,26,131,43
20260906,r6_d30_t1_w25,419,131,3127,1938,1058,1885,27,5,48,20,13,27,131,43
20260906,r6_d30_t1_w25,420,135,3135,1942,1058,1890,31,5,47,17,17,27,131,43
20260906,r6_d30_t1_w25,421,143,3145,1944,1058,1895,2,6,43,49,22,27,131,43
20260906,r6_d30_t1_w25,422,139,3151,1954,1058,1896,2,12,46,40,20,27,131,43
20260906,r6_d30_t1_w25,423,125,3160,1976,1059,1902,6,32,42,20,14,26,131,43
20260906,r6_d30_t1_w25,424,129,3170,1980,1061,1906,1,26,48,25,17,25,131,43
20260906,r6_d30_t1_w25,425,124,3178,1984,1070,1907,5,8,69,18,19,23,131,43
20260906,r6_d30_t1_w25,426,128,3186,1984,1074,1908,2,4,72,22,20,22,131,43
20260906,r6_d30_t1_w25,427,121,3196,1995,1080,1909,1,11,75,13,22,22,131,43
20260906,r6_d30_t1_w25,428,120,3201,1997,1084,1911,2,13,73,12,24,21,131,43
20260906,r6_d30_t1_w25,429,118,3207,1999,1090,1914,2,4,81,13,23,20,131,43
20260906,r6_d30_t1_w25,430,118,3214,2001,1095,1920,7,4,77,12,21,19,131,43
20260906,r6_d30_t1_w25,431,117,3219,2003,1099,1924,7,4,75,14,20,18,131,43
20260906,r6_d30_t1_w25,432,113,3224,2010,1101,1929,8,9,72,11,19,17,131,43
20260906,r6_d30_t1_w25,433,114,3230,2013,1103,1934,11,10,69,10,20,15,131,43
20260906,r6_d30_t1_w25,434,115,3237,2018,1104,1942,12,8,68,12,22,14,131,43
20260906,r6_d30_t1_w25,435,114,3246,2023,1109,1947,6,10,66,18,23,17,131,43
20260906,r6_d30_t1_w25,436,114,3255,2030,1111,1949,4,12,69,15,25,16,131,43
20260906,r6_d30_t1_w25,437,114,3263,2032,1117,1954,2,9,69,20,26,18,131,43
20260906,r6_d30_t1_w25,438,114,3270,2038,1118,1960,0,8,70,22,25,19,131,43
20260906,r6_d30_t1_w25,439,113,3278,2041,1124,1963,1,9,69,21,25,20,131,43
20260906,r6_d30_t1_w25,440,116,3287,2042,1129,1971,1,4,67,28,27,21,131,43
20260906,r6_d30_t1_w25,441,114,3295,2049,1132,1978,1,8,63,28,26,22,131,43
20260906,r6_d30_t1_w25,442,108,3302,2062,1132,1983,0,20,59,21,24,21,131,43
20260906,r6_d30_t1_w25,443,108,3309,2068,1133,1990,0,19,59,22,20,23,131,43
20260906,r6_d30_t1_w25,444,103,3314,2071,1140,1994,2,9,68,21,13,23,131,43
20260906,r6_d30_t1_w25,445,108,3320,2072,1140,1998,7,4,70,19,14,23,121,40
20260906,r6_d30_t1_w25,446,112,3326,2074,1140,2002,6,3,69,22,16,23,121,40
20260906,r6_d30_t1_w25,447,111,3332,2081,1140,2006,6,9,66,19,14,24,121,40
20260906,r6_d30_t1_w25,448,118,3340,2082,1140,2011,5,8,63,24,16,24,121,40
20260906,r6_d30_t1_w25,449,124,3349,2085,1140,2014,1,4,67,28,16,23,121,40
20260906,r6_d30_t1_w25,450,125,3354,2089,1140,2019,3,7,63,27,19,23,131,43
20260906,r6_d30_t1_w25,451,130,3360,2090,1140,2026,11,5,59,25,22,23,131,43
20260906,r6_d30_t1_w25,452,135,3370,2095,1140,2032,12,6,57,25,27,23,131,43
20260906,r6_d30_t1_w25,453,138,3379,2101,1140,2034,10,11,56,23,26,23,131,43
20260906,r6_d30_t1_w25,454,134,3387,2113,1140,2038,9,18,57,16,27,23,131,43
20260906,r6_d30_t1_w25,455,124,3392,2125,1143,2045,1,24,56,19,25,21,131,43
20260906,r6_d30_t1_w25,456,119,3397,2132,1146,2054,0,19,59,22,25,19,131,43
20260906,r6_d30_t1_w25,457,114,3402,2138,1150,2057,0,13,68,19,22,18,131,43
20260906,r6_d30_t1_w25,458,112,3408,2140,1156,2061,1,8,71,20,21,16,131,43
20260906,r6_d30_t1_w25,459,112,3414,2143,1159,2067,3,5,71,21,20,14,131,43
20260906,r6_d30_t1_w25,460,106,3422,2150,1166,2071,6,10,69,15,20,14,131,43
20260906,r6_d30_t1_w25,461,111,3430,2152,1167,2073,3,9,70,18,23,13,131,43
20260906,r6_d30_t1_w25,462,107,3436,2156,1173,2075,3,6,75,16,25,11,131,43
20260906,r6_d30_t1_w25,463,97,3444,2170,1177,2079,3,18,73,6,23,11,131,43
20260906,r6_d30_t1_w25,464,101,3454,2170,1183,2082,4,14,74,8,23,10,131,43
20260906,r6_d30_t1_w25,465,99,3463,2174,1190,2085,4,4,85,7,24,10,131,43
20260906,r6_d30_t1_w25,466,98,3473,2179,1196,2094,4,9,76,11,23,10,131,43
20260906,r6_d30_t1_w25,467,96,3478,2183,1199,2101,5,9,73,13,23,10,131,43
20260906,r6_d30_t1_w25,468,93,3486,2189,1204,2106,7,10,73,10,20,10,131,43
20260906,r6_d30_t1_w25,469,96,3496,2193,1207,2110,8,10,73,9,20,9,131,43
20260906,r6_d30_t1_w25,470,93,3501,2197,1211,2115,4,8,74,14,21,10,131,43
20260906,r6_d30_t1_w25,471,96,3511,2201,1214,2118,4,8,75,13,20,11,131,43
20260906,r6_d30_t1_w25,472,94,3518,2209,1215,2127,3,12,70,15,21,11,131,43
20260906,r6_d30_t1_w25,473,93,3526,2214,1219,2131,5,13,70,12,18,11,131,43
20260906,r6_d30_t1_w25,474,88,3533,2219,1226,2136,12,10,73,5,13,11,131,43
20260906,r6_d30_t1_w25,475,93,3540,2221,1226,2143,12,7,71,10,13,11,131,43
20260906,r6_d30_t1_w25,476,98,3547,2223,1226,2146,15,4,73,8,11,13,131,43
20260906,r6_d30_t1_w25,477,103,3553,2224,1226,2154,19,3,67,11,10,16,131,43
20260906,r6_d30_t1_w25,478,107,3558,2225,1226,2159,20,2,64,14,11,16,131,43
20260906,r6_d30_t1_w25,479,111,3568,2231,1226,2165,17,7,59,17,12,17,131,43
20260906,r6_d30_t1_w25,480,109,3573,2238,1226,2168,13,13,57,17,14,17,131,43
20260906,r6_d30_t1_w25,481,114,3582,2242,1226,2175,5,11,56,28,18,17,131,43
20260906,r6_d30_t1_w25,482,120,3592,2246,1226,2185,2,8,53,37,18,17,131,43
20260906,r6_d30_t1_w25,483,116,3600,2258,1226,2189,12,16,53,19,21,17,131,43
20260906,r6_d30_t1_w25,484,118,3609,2265,1226,2192,8,19,54,19,23,17,131,43
20260906,r6_d30_t1_w25,485,119,3615,2270,1226,2196,0,12,62,26,20,17,131,43
20260906,r6_d30_t1_w25,486,124,3625,2275,1226,2197,10,10,68,12,18,17,131,43
20260906,r6_d30_t1_w25,487,127,3630,2277,1226,2199,18,7,71,4,18,17,131,43
20260906,r6_d30_t1_w25,488,131,3635,2278,1226,2206,22,3,69,6,18,17,131,43
20260906,r6_d30_t1_w25,489,136,3643,2281,1226,2211,24,4,66,6,19,17,131,43
20260906,r6_d30_t1_w25,490,142,3652,2284,1226,2215,24,6,63,7,19,17,126,43
20260906,r6_d30_t1_w25,491,137,3657,2287,1233,2222,26,6,59,9,18,16,126,43
20260906,r6_d30_t1_w25,492,135,3662,2291,1236,2226,28,7,58,7,19,15,126,43
20260906,r6_d30_t1_w25,493,133,3669,2297,1239,2229,29,10,58,3,21,14,126,43
20260906,r6_d30_t1_w25,494,132,3677,2299,1246,2234,25,8,57,10,23,13,126,43
20260906,r6_d30_t1_w25,495,135,3684,2300,1249,2238,26,3,59,12,23,13,131,43
20260906,r6_d30_t1_w25,496,131,3690,2302,1257,2242,29,3,57,11,22,13,131,43
20260906,r6_d30_t1_w25,497,131,3698,2306,1261,2246,30,6,54,10,22,14,131,43
20260906,r6_d30_t1_w25,498,131,3705,2313,1261,2254,23,11,48,18,21,15,131,43
20260906,r6_d30_t1_w25,499,129,3714,2317,1268,2263,15,11,43,31,20,15,131,43
20260906,r6_d30_t1_w25,500,128,3723,2322,1273,2265,16,9,48,27,19,15,131,43
20260906,r6_d30_t1_w25,501,129,3731,2326,1276,2269,16,9,48,27,20,16,131,43
20260906,r6_d30_t1_w25,502,127,3737,2328,1282,2270,26,6,52,16,19,17,131,43
20260906,r6_d30_t1_w25,503,125,3743,2334,1284,2272,34,8,54,4,18,18,131,43
20260906,r6_d30_t1_w25,504,119,3748,2336,1293,2277,30,8,51,11,13,18,131,43
20260906,r6_d30_t1_w25,505,127,3757,2337,1293,2281,22,3,53,22,15,20,131,43
20260906,r6_d30_t1_w25,506,131,3764,2340,1293,2284,5,4,52,39,14,20,131,43
20260906,r6_d30_t1_w25,507,133,3769,2343,1293,2287,3,6,50,41,11,21,131,43
20260906,r6_d30_t1_w25,508,138,3774,2343,1293,2292,21,3,48,28,12,22,131,43
20260906,r6_d30_t1_w25,509,140,3779,2346,1293,2295,19,3,48,30,11,23,131,43
20260906,r6_d30_t1_w25,510,141,3784,2348,1295,2299,17,5,44,34,15,23,131,43
20260906,r6_d30_t1_w25,511,135,3791,2361,1295,2302,3,15,44,38,19,19,131,43
20260906,r6_d30_t1_w25,512,125,3798,2378,1295,2308,2,30,40,28,19,18,131,43
20260906,r6_d30_t1_w25,513,116,3808,2397,1295,2312,4,36,49,11,19,18,131,43
20260906,r6_d30_t1_w25,514,118,3815,2402,1295,2316,4,24,62,10,21,18,131,43
20260906,r6_d30_t1_w25,515,125,3825,2405,1295,2320,3,8,77,12,24,18,131,43
20260906,r6_d30_t1_w25,516,129,3835,2409,1297,2321,3,7,81,9,23,17,131,43
20260906,r6_d30_t1_w25,517,125,3840,2416,1299,2323,3,11,82,4,23,15,131,43
20260906,r6_d30_t1_w25,518,129,3849,2419,1301,2327,3,10,82,5,23,15,131,43
20260906,r6_d30_t1_w25,519,132,3858,2421,1305,2329,3,5,87,5,24,15,131,43
20260906,r6_d30_t1_w25,520,129,3863,2424,1310,2333,3,5,86,6,24,14,101,38
20260906,r6_d30_t1_w25,521,127,3870,2427,1316,2334,3,6,87,4,23,14,101,38
20260906,r6_d30_t1_w25,522,128,3878,2428,1322,2342,3,4,82,11,23,13,101,38
20260906,r6_d30_t1_w25,523,129,3887,2430,1328,2351,4,3,76,17,24,13,101,38
20260906,r6_d30_t1_w25,524,122,3896,2441,1333,2360,7,13,68,12,20,13,101,38
20260906,r6_d30_t1_w25,525,115,3902,2445,1342,2362,6,15,68,11,21,12,126,43
20260906,r6_d30_t1_w25,526,115,3911,2450,1346,2365,4,9,76,11,24,13,126,43
20260906,r6_d30_t1_w25,527,113,3919,2456,1350,2374,3,11,71,15,27,13,126,43
20260906,r6_d30_t1_w25,528,118,3928,2459,1351,2379,3,9,71,17,28,15,126,43
20260906,r6_d30_t1_w25,529,117,3936,2465,1354,2385,4,9,71,16,25,16,126,43
20260906,r6_d30_t1_w25,530,113,3941,2467,1361,2391,5,8,68,19,23,16,131,43
20260906,r6_d30_t1_w25,531,111,3947,2469,1367,2398,7,4,67,22,20,17,131,43
20260906,r6_d30_t1_w25,532,107,3953,2476,1370,2409,13,9,58,20,18,17,131,43
20260906,r6_d30_t1_w25,533,113,3963,2477,1373,2414,9,8,55,28,18,19,131,43
20260906,r6_d30_t1_w25,534,112,3971,2483,1376,2417,8,7,59,26,14,21,131,43
20260906,r6_d30_t1_w25,535,107,3976,2493,1376,2418,8,16,59,17,11,20,131,43
20260906,r6_d30_t1_w25,536,112,3983,2495,1376,2422,7,12,61,20,12,22,131,43
20260906,r6_d30_t1_w25,537,113,3988,2499,1376,2425,10,6,68,16,12,22,131,43
20260906,r6_d30_t1_w25,538,115,3993,2502,1376,2429,12,7,66,15,11,22,131,43
20260906,r6_d30_t1_w25,539,119,3999,2504,1376,2433,10,5,66,19,12,23,131,43
20260906,r6_d30_t1_w25,540,124,4007,2507,1376,2436,5,5,66,24,17,22,131,43
20260906,r6_d30_t1_w25,541,127,4013,2510,1376,2442,6,6,62,26,19,21,131,43
20260906,r6_d30_t1_w25,542,131,4023,2516,1376,2448,6,9,59,26,20,21,131,43
20260906,r6_d30_t1_w25,543,125,4028,2527,1376,2452,5,17,58,20,20,21,131,43
20260906,r6_d30_t1_w25,544,127,4036,2533,1376,2459,3,17,57,23,24,20,131,43
20260906,r6_d30_t1_w25,545,128,4043,2539,1376,2464,2,12,63,23,26,20,131,43
20260906,r6_d30_t1_w25,546,132,4053,2545,1376,2466,2,12,67,19,28,19,131,43
20260906,r6_d30_t1_w25,547,134,4061,2549,1378,2471,2,10,68,20,29,18,131,43
20260906,r6_d30_t1_w25,548,136,4071,2550,1385,2479,3,5,66,26,30,17,131,43
20260906,r6_d30_t1_w25,549,128,4076,2555,1393,2482,1,6,67,26,28,16,131,43
20260906,r6_d30_t1_w25,550,121,4082,2566,1395,2484,9,16,66,9,26,15,126,43
20260906,r6_d30_t1_w25,551,119,4089,2569,1401,2486,13,14,69,4,25,14,126,43
20260906,r6_d30_t1_w25,552,120,4094,2571,1403,2491,13,5,75,7,25,14,126,43
20260906,r6_d30_t1_w25,553,119,4103,2573,1411,2496,4,4,73,19,24,12,126,43
20260906,r6_d30_t1_w25,554,119,4112,2577,1416,2501,3,6,70,21,21,11,126,43
20260906,r6_d30_t1_w25,555,121,4121,2580,1420,2506,14,7,67,12,18,12,131,43
20260906,r6_d30_t1_w25,556,118,4126,2584,1424,2511,18,7,66,9,18,11,131,43
20260906,r6_d30_t1_w25,557,116,4133,2588,1429,2518,23,8,62,7,19,12,131,43
20260906,r6_d30_t1_w25,558,113,4140,2593,1434,2524,25,9,60,6,21,13,131,43
20260906,r6_d30_t1_w25,559,113,4149,2596,1440,2529,26,8,59,7,21,13,131,43
20260906,r6_d30_t1_w25,560,116,4158,2598,1444,2532,24,5,61,10,19,14,131,43
20260906,r6_d30_t1_w25,561,115,4165,2601,1449,2539,27,5,57,11,19,15,131,43
20260906,r6_d30_t1_w25,562,118,4173,2603,1452,2547,28,5,51,16,16,16,131,43
20260906,r6_d30_t1_w25,563,118,4180,2605,1457,2553,25,4,48,23,15,18,131,43
20260906,r6_d30_t1_w25,564,116,4190,2615,1459,2556,21,12,47,20,13,18,131,43
20260906,r6_d30_t1_w25,565,121,4198,2618,1459,2560,16,13,45,26,13,18,131,43
20260906,r6_d30_t1_w25,566,127,4208,2622,1459,2563,14,7,52,27,13,18,131,43
20260906,r6_d30_t1_w25,567,130,4214,2625,1459,2564,7,7,54,32,13,18,131,43
20260906,r6_d30_t1_w25,568,132,4222,2631,1459,2568,10,9,54,27,10,19,131,43
20260906,r6_d30_t1_w25,569,133,4229,2637,1459,2575,29,12,50,9,12,18,131,43
20260906,r6_d30_t1_w25,570,139,4237,2639,1459,2576,17,8,55,20,19,18,121,43
20260906,r6_d30_t1_w25,571,139,4243,2645,1459,2580,5,8,57,30,20,17,121,43
20260906,r6_d30_t1_w25,572,139,4252,2654,1459,2584,12,15,55,18,19,17,121,43
20260906,r6_d30_t1_w25,573,132,4258,2667,1459,2588,2,22,57,19,18,17,121,43
20260906,r6_d30_t1_w25,574,135,4264,2670,1459,2590,0,16,64,20,16,17,121,43
20260906,r6_d30_t1_w25,575,140,4270,2671,1459,2594,12,4,73,11,17,17,131,43
20260906,r6_d30_t1_w25,576,146,4278,2673,1459,2596,13,3,74,10,20,17,131,43
20260906,r6_d30_t1_w25,577,144,4286,2680,1462,2599,4,9,72,15,21,17,131,43
20260906,r6_d30_t1_w25,578,140,4294,2683,1471,2605,5,10,68,17,21,16,131,43
20260906,r6_d30_t1_w25,579,137,4301,2686,1478,2614,17,6,66,11,23,14,131,43
20260906,r6_d30_t1_w25,580,138,4311,2688,1485,2617,20,5,66,9,25,14,131,43
20260906,r6_d30_t1_w25,581,137,4318,2693,1488,2620,21,7,66,6,25,12,131,43
20260906,r6_d30_t1_w25,582,135,4323,2695,1493,2624,23,7,64,6,24,12,131,43
20260906,r6_d30_t1_w25,583,135,4330,2698,1497,2632,26,5,61,8,23,12,131,43
20260906,r6_d30_t1_w25,584,135,4340,2701,1504,2634,25,6,61,8,23,11,131,43
20260906,r6_d30_t1_w25,585,130,4349,2706,1513,2639,23,8,59,10,21,11,131,43
20260906,r6_d30_t1_w25,586,130,4355,2707,1518,2641,14,6,60,20,22,12,131,43
20260906,r6_d30_t1_w25,587,124,4360,2712,1524,2644,4,6,62,28,21,12,131,43
20260906,r6_d30_t1_w25,588,122,4365,2713,1530,2648,4,6,59,31,23,11,131,43
20260906,r6_d30_t1_w25,589,120,4374,2719,1535,2654,0,7,58,35,23,12,131,43
20260906,r6_d30_t1_w25,590,120,4381,2725,1536,2658,2,12,55,31,23,13,131,43
20260906,r6_d30_t1_w25,591,117,4389,2733,1539,2661,10,14,58,18,20,14,131,43
20260906,r6_d30_t1_w25,592,115,4394,2735,1544,2669,11,10,56,23,18,15,131,43
20260906,r6_d30_t1_w25,593,117,4403,2736,1550,2672,15,3,61,21,17,16,131,43
20260906,r6_d30_t1_w25,594,118,4413,2740,1555,2678,20,5,57,18,14,17,131,43
20260906,r6_d30_t1_w25,595,122,4418,2741,1555,2681,8,5,55,32,14,18,131,43
20260906,r6_d30_t1_w25,596,116,4423,2752,1555,2682,8,12,58,22,13,17,131,43
20260906,r6_d30_t1_w25,597,120,4429,2754,1555,2688,12,13,53,22,13,18,131,43
20260906,r6_d30_t1_w25,598,125,4438,2758,1555,2696,13,6,56,25,13,19,131,43
20260906,r6_d30_t1_w25,599,123,4445,2767,1555,2701,10,13,53,24,14,18,131,43
20260906,r6_d30_t1_w25,600,129,4455,2771,1555,2704,5,13,54,28,21,18,121,40
