seed,combo,t,queue,generated,matched,cancelled,completed,idle,enroute,ontrip,rebal,alertCells,maxPendingCell,trafficCells15,trafficCells25
20260808,r3_d30_t1_w15,1,6,7,1,0,0,93,1,0,6,6,1,131,43
20260808,r3_d30_t1_w15,2,13,14,1,0,0,65,1,0,34,9,2,131,43
20260808,r3_d30_t1_w15,3,16,24,8,0,0,52,7,1,40,13,3,131,43
20260808,r3_d30_t1_w15,4,12,33,21,0,0,30,20,1,49,9,4,131,43
20260808,r3_d30_t1_w15,5,19,43,24,0,0,17,16,8,59,13,6,131,43
20260808,r3_d30_t1_w15,6,23,49,26,0,0,12,5,21,62,12,6,131,43
20260808,r3_d30_t1_w15,7,30,57,27,0,0,5,3,24,68,13,7,131,43
20260808,r3_d30_t1_w15,8,27,66,39,0,0,2,13,26,59,13,5,131,43
20260808,r3_d30_t1_w15,9,32,72,40,0,0,0,13,27,60,12,6,131,43
20260808,r3_d30_t1_w15,10,27,78,51,0,0,0,12,39,49,10,5,131,43
20260808,r3_d30_t1_w15,11,17,83,66,0,0,14,26,40,20,9,4,131,43
20260808,r3_d30_t1_w15,12,19,91,72,0,0,26,21,51,2,9,4,131,43
20260808,r3_d30_t1_w15,13,29,101,72,0,2,7,6,64,23,13,4,131,43
20260808,r3_d30_t1_w15,14,33,108,75,0,5,5,3,67,25,11,5,131,43
20260808,r3_d30_t1_w15,15,39,115,76,0,7,26,4,65,5,13,6,131,43
20260808,r3_d30_t1_w15,16,48,124,76,0,11,18,1,64,17,14,7,131,43
20260808,r3_d30_t1_w15,17,57,134,77,0,13,13,1,63,23,14,8,131,43
20260808,r3_d30_t1_w15,18,62,143,81,0,13,10,5,63,22,13,9,131,43
20260808,r3_d30_t1_w15,19,69,151,82,0,15,1,5,62,32,15,10,131,43
20260808,r3_d30_t1_w15,20,75,161,86,0,20,1,5,61,33,13,11,121,40
20260808,r3_d30_t1_w15,21,73,166,93,0,23,11,11,59,19,13,11,121,40
20260808,r3_d30_t1_w15,22,72,171,99,0,27,16,13,59,12,12,12,121,40
20260808,r3_d30_t1_w15,23,80,180,100,0,31,18,7,62,13,12,12,121,40
20260808,r3_d30_t1_w15,24,86,188,102,0,40,30,3,59,8,13,13,121,40
20260808,r3_d30_t1_w15,25,93,196,103,0,46,23,3,54,20,13,14,126,43
20260808,r3_d30_t1_w15,26,101,206,105,0,49,9,3,53,35,16,15,126,43
20260808,r3_d30_t1_w15,27,103,214,111,0,55,0,8,48,44,18,15,126,43
20260808,r3_d30_t1_w15,28,99,220,118,3,60,0,13,45,42,15,15,126,43
20260808,r3_d30_t1_w15,29,97,227,121,9,63,14,10,48,28,14,14,126,43
20260808,r3_d30_t1_w15,30,96,232,124,12,66,14,6,52,28,15,13,131,43
20260808,r3_d30_t1_w15,31,96,242,126,20,71,1,5,50,44,19,12,131,43
20260808,r3_d30_t1_w15,32,86,247,141,20,77,4,17,47,32,19,11,131,43
20260808,r3_d30_t1_w15,33,75,255,160,20,80,4,34,46,16,20,10,131,43
20260808,r3_d30_t1_w15,34,78,263,164,21,81,2,23,60,15,23,9,131,43
20260808,r3_d30_t1_w15,35,73,272,175,24,86,1,15,74,10,23,9,131,43
20260808,r3_d30_t1_w15,36,78,282,176,28,89,0,12,75,13,26,9,131,43
20260808,r3_d30_t1_w15,37,81,292,180,31,93,0,5,82,13,25,8,131,43
20260808,r3_d30_t1_w15,38,77,298,183,38,97,0,7,79,14,24,9,131,43
20260808,r3_d30_t1_w15,39,76,304,185,43,98,0,5,82,13,24,10,131,43
20260808,r3_d30_t1_w15,40,75,312,190,47,100,0,7,83,10,25,10,131,43
20260808,r3_d30_t1_w15,41,77,322,193,52,101,0,8,84,8,24,10,131,43
20260808,r3_d30_t1_w15,42,80,331,195,56,108,0,5,82,13,24,10,131,43
20260808,r3_d30_t1_w15,43,78,336,197,61,117,0,4,76,20,21,11,131,43
20260808,r3_d30_t1_w15,44,77,344,202,65,119,0,7,76,17,16,11,131,43
20260808,r3_d30_t1_w15,45,81,352,206,65,129,3,9,68,20,15,11,131,43
20260808,r3_d30_t1_w15,46,87,359,207,65,133,2,5,69,24,16,12,131,43
20260808,r3_d30_t1_w15,47,85,364,214,65,139,3,8,67,22,12,12,131,43
20260808,r3_d30_t1_w15,48,84,369,220,65,144,8,13,63,16,13,13,131,43
20260808,r3_d30_t1_w15,49,84,375,226,65,153,14,12,61,13,14,12,131,43
20260808,r3_d30_t1_w15,50,84,380,231,65,157,5,11,63,21,13,13,126,43
20260808,r3_d30_t1_w15,51,84,385,235,66,160,3,9,66,22,10,12,126,43
20260808,r3_d30_t1_w15,52,85,395,237,73,165,14,6,66,14,12,12,126,43
20260808,r3_d30_t1_w15,53,87,404,243,74,169,7,8,66,19,14,13,126,43
20260808,r3_d30_t1_w15,54,89,413,249,75,174,1,12,63,24,15,13,126,43
20260808,r3_d30_t1_w15,55,89,421,253,79,178,1,10,65,24,13,12,131,43
20260808,r3_d30_t1_w15,56,88,430,256,86,183,2,7,66,25,14,12,131,43
20260808,r3_d30_t1_w15,57,89,439,259,91,189,12,6,64,18,14,13,131,43
20260808,r3_d30_t1_w15,58,94,449,263,92,194,16,7,62,15,14,13,131,43
20260808,r3_d30_t1_w15,59,97,459,268,94,199,11,9,60,20,14,12,131,43
20260808,r3_d30_t1_w15,60,100,469,272,97,202,9,9,61,21,20,12,131,43
20260808,r3_d30_t1_w15,61,103,478,273,102,207,8,5,61,26,22,11,131,43
20260808,r3_d30_t1_w15,62,101,485,277,107,211,7,5,61,27,23,11,131,43
20260808,r3_d30_t1_w15,63,94,495,294,107,216,7,21,57,15,18,11,131,43
20260808,r3_d30_t1_w15,64,95,502,300,107,223,6,23,54,17,22,11,131,43
20260808,r3_d30_t1_w15,65,97,508,304,107,227,7,10,67,16,20,11,131,43
20260808,r3_d30_t1_w15,66,104,517,306,107,233,12,6,67,15,21,13,131,43
20260808,r3_d30_t1_w15,67,100,522,309,113,235,12,5,69,14,19,14,131,43
20260808,r3_d30_t1_w15,68,101,532,318,113,243,16,12,63,9,21,15,131,43
20260808,r3_d30_t1_w15,69,102,538,320,116,244,7,11,65,17,24,15,131,43
20260808,r3_d30_t1_w15,70,96,543,326,121,246,5,8,72,15,24,13,131,43
20260808,r3_d30_t1_w15,71,95,551,329,127,247,5,9,73,13,24,13,131,43
20260808,r3_d30_t1_w15,72,90,557,333,134,251,6,7,75,12,21,14,131,43
20260808,r3_d30_t1_w15,73,86,562,334,142,254,5,5,75,15,20,14,131,43
20260808,r3_d30_t1_w15,74,81,567,336,150,257,2,3,76,19,12,14,131,43
20260808,r3_d30_t1_w15,75,86,577,341,150,267,6,7,67,20,10,15,131,43
20260808,r3_d30_t1_w15,76,89,582,343,150,276,13,7,60,20,9,15,131,43
20260808,r3_d30_t1_w15,77,84,589,355,150,278,16,14,63,7,9,15,131,43
20260808,r3_d30_t1_w15,78,90,598,358,150,287,19,15,56,10,11,15,131,43
20260808,r3_d30_t1_w15,79,92,604,358,154,294,18,3,61,18,12,15,131,43
20260808,r3_d30_t1_w15,80,88,610,368,154,299,15,10,59,16,12,15,131,43
20260808,r3_d30_t1_w15,81,87,616,372,157,303,5,14,55,26,12,15,131,43
20260808,r3_d30_t1_w15,82,84,621,375,162,309,9,7,59,25,10,15,131,43
20260808,r3_d30_t1_w15,83,87,631,380,164,312,23,8,60,9,10,17,131,43
20260808,r3_d30_t1_w15,84,93,641,382,166,317,29,7,58,6,10,16,131,43
20260808,r3_d30_t1_w15,85,99,651,383,169,321,31,3,59,7,12,17,131,43
20260808,r3_d30_t1_w15,86,96,656,387,173,326,21,5,56,18,14,13,131,43
20260808,r3_d30_t1_w15,87,96,665,390,179,328,7,7,55,31,14,15,131,43
20260808,r3_d30_t1_w15,88,99,673,392,182,329,0,5,58,37,16,14,131,43
20260808,r3_d30_t1_w15,89,100,682,395,187,332,11,5,58,26,15,15,131,43
20260808,r3_d30_t1_w15,90,95,687,400,192,336,17,8,56,19,18,14,131,43
20260808,r3_d30_t1_w15,91,95,693,402,196,340,18,7,55,20,21,13,131,43
20260808,r3_d30_t1_w15,92,94,702,405,203,349,22,5,51,22,18,13,131,43
20260808,r3_d30_t1_w15,93,87,707,411,209,351,23,9,51,17,19,13,131,43
20260808,r3_d30_t1_w15,94,76,716,428,212,355,22,23,50,5,18,13,131,43
20260808,r3_d30_t1_w15,95,80,725,429,216,356,11,18,55,16,21,13,131,43
20260808,r3_d30_t1_w15,96,82,734,431,221,366,6,3,62,29,24,12,131,43
20260808,r3_d30_t1_w15,97,81,740,433,226,370,4,4,59,33,22,10,131,43
20260808,r3_d30_t1_w15,98,71,746,443,232,375,3,12,56,29,20,9,131,43
20260808,r3_d30_t1_w15,99,66,751,444,241,377,7,11,56,26,21,6,131,43
20260808,r3_d30_t1_w15,100,65,760,448,247,379,8,5,64,23,22,6,121,40
20260808,r3_d30_t1_w15,101,69,769,451,249,386,8,7,58,27,23,6,121,40
20260808,r3_d30_t1_w15,102,66,776,455,255,389,4,7,59,30,22,8,121,40
20260808,r3_d30_t1_w15,103,58,784,468,258,391,4,17,60,19,21,8,121,40
20260808,r3_d30_t1_w15,104,57,794,471,266,394,4,16,61,19,19,8,121,40
20260808,r3_d30_t1_w15,105,64,803,473,266,398,4,5,70,21,20,9,131,43
20260808,r3_d30_t1_w15,106,71,811,474,266,403,0,3,68,29,21,11,131,43
20260808,r3_d30_t1_w15,107,76,820,478,266,405,0,5,68,27,19,11,131,43
20260808,r3_d30_t1_w15,108,85,830,479,266,412,2,5,62,31,20,12,131,43
20260808,r3_d30_t1_w15,109,89,837,482,266,418,5,4,60,31,18,14,131,43
20260808,r3_d30_t1_w15,110,87,843,489,267,423,17,10,56,17,15,14,131,43
20260808,r3_d30_t1_w15,111,94,852,491,267,425,18,9,57,16,16,14,131,43
20260808,r3_d30_t1_w15,112,94,857,496,267,432,20,7,57,16,13,15,131,43
20260808,r3_d30_t1_w15,113,96,862,497,269,433,19,6,58,17,13,16,131,43
20260808,r3_d30_t1_w15,114,97,870,501,272,437,19,5,59,17,12,16,131,43
20260808,r3_d30_t1_w15,115,100,880,502,278,444,14,5,53,28,15,18,131,43
20260808,r3_d30_t1_w15,116,97,887,505,285,450,5,4,51,40,14,16,131,43
20260808,r3_d30_t1_w15,117,98,897,509,290,453,9,7,49,35,12,14,131,43
20260808,r3_d30_t1_w15,118,97,903,510,296,457,15,5,48,32,12,15,131,43
20260808,r3_d30_t1_w15,119,94,909,514,301,462,16,5,47,32,12,15,131,43
20260808,r3_d30_t1_w15,120,93,914,515,306,467,13,5,43,39,16,13,131,43
20260808,r3_d30_t1_w15,121,95,923,517,311,472,13,3,42,42,20,11,131,43
20260808,r3_d30_t1_w15,122,83,930,536,311,478,13,21,37,29,21,10,131,43
20260808,r3_d30_t1_w15,123,76,937,550,311,481,11,33,36,20,23,10,131,43
20260808,r3_d30_t1_w15,124,69,944,564,311,486,10,28,50,12,21,9,131,43
20260808,r3_d30_t1_w15,125,74,953,568,311,490,11,18,60,11,20,9,121,40
20260808,r3_d30_t1_w15,126,80,962,571,311,490,13,7,74,6,21,8,121,40
20260808,r3_d30_t1_w15,127,85,971,575,311,494,7,7,74,12,25,8,121,40
20260808,r3_d30_t1_w15,128,89,980,576,315,496,0,5,75,20,26,8,121,40
20260808,r3_d30_t1_w15,129,84,985,581,320,497,0,6,78,16,22,9,121,40
20260808,r3_d30_t1_w15,130,83,994,584,327,502,7,8,74,11,23,9,131,43
20260808,r3_d30_t1_w15,131,83,1000,585,332,504,7,4,77,12,23,10,131,43
20260808,r3_d30_t1_w15,132,81,1008,587,340,508,7,3,76,14,22,11,131,43
20260808,r3_d30_t1_w15,133,81,1016,595,340,512,9,10,73,8,18,12,131,43
20260808,r3_d30_t1_w15,134,84,1024,598,342,517,8,11,70,11,18,11,131,43
20260808,r3_d30_t1_w15,135,93,1034,599,342,525,7,4,70,19,18,12,131,43
20260808,r3_d30_t1_w15,136,92,1042,608,342,530,7,10,68,15,16,13,131,43
20260808,r3_d30_t1_w15,137,94,1047,611,342,536,8,12,63,17,17,14,131,43
20260808,r3_d30_t1_w15,138,97,1053,614,342,545,9,6,63,22,17,14,131,43
20260808,r3_d30_t1_w15,139,96,1060,617,347,548,9,6,63,22,16,14,131,43
20260808,r3_d30_t1_w15,140,92,1066,621,353,553,2,7,61,30,15,14,131,43
20260808,r3_d30_t1_w15,141,92,1076,628,356,558,10,11,59,20,14,13,131,43
20260808,r3_d30_t1_w15,142,93,1084,633,358,562,25,12,59,4,12,15,131,43
20260808,r3_d30_t1_w15,143,95,1094,634,365,564,26,6,64,4,12,17,131,43
20260808,r3_d30_t1_w15,144,95,1100,636,369,570,16,3,63,18,12,18,131,43
20260808,r3_d30_t1_w15,145,94,1105,638,373,579,4,4,55,37,13,19,131,43
20260808,r3_d30_t1_w15,146,95,1112,644,373,587,7,8,49,36,13,20,131,43
20260808,r3_d30_t1_w15,147,94,1117,649,374,591,16,11,47,26,13,19,131,43
20260808,r3_d30_t1_w15,148,95,1127,653,379,597,22,9,47,22,11,17,131,43
20260808,r3_d30_t1_w15,149,95,1133,654,384,597,28,5,52,15,13,16,131,43
20260808,r3_d30_t1_w15,150,92,1140,655,393,598,21,2,55,22,16,14,131,43
20260808,r3_d30_t1_w15,151,93,1149,657,399,601,7,3,53,37,20,13,131,43
20260808,r3_d30_t1_w15,152,94,1159,663,402,603,7,8,52,33,23,13,131,43
20260808,r3_d30_t1_w15,153,83,1169,681,405,606,5,24,51,20,23,13,131,43
20260808,r3_d30_t1_w15,154,84,1177,686,407,610,3,23,53,21,24,12,131,43
20260808,r3_d30_t1_w15,155,84,1184,691,409,611,3,10,70,17,24,10,126,43
20260808,r3_d30_t1_w15,156,79,1191,703,409,618,3,17,68,12,25,9,126,43
20260808,r3_d30_t1_w15,157,79,1197,704,414,625,2,13,66,19,28,8,126,43
20260808,r3_d30_t1_w15,158,73,1204,713,418,632,2,10,71,17,26,8,126,43
20260808,r3_d30_t1_w15,159,73,1213,720,420,634,3,16,70,11,25,8,126,43
20260808,r3_d30_t1_w15,160,76,1222,724,422,638,4,11,75,10,24,11,131,43
20260808,r3_d30_t1_w15,161,80,1232,724,428,640,4,4,80,12,24,11,131,43
20260808,r3_d30_t1_w15,162,78,1238,731,429,645,4,7,79,10,23,11,131,43
20260808,r3_d30_t1_w15,163,74,1248,735,439,647,5,11,77,7,18,11,131,43
20260808,r3_d30_t1_w15,164,73,1254,738,443,651,5,7,80,8,17,13,131,43
20260808,r3_d30_t1_w15,165,80,1263,739,444,655,3,4,80,13,16,14,131,43
20260808,r3_d30_t1_w15,166,83,1273,745,445,663,6,7,75,12,14,15,131,43
20260808,r3_d30_t1_w15,167,88,1280,746,446,670,4,7,69,20,13,15,131,43
20260808,r3_d30_t1_w15,168,93,1287,748,446,676,3,3,69,25,13,18,131,43
20260808,r3_d30_t1_w15,169,94,1292,752,446,682,4,6,64,26,14,16,131,43
20260808,r3_d30_t1_w15,170,96,1297,755,446,690,4,7,58,31,15,17,131,43
20260808,r3_d30_t1_w15,171,96,1304,762,446,693,1,10,59,30,13,17,131,43
20260808,r3_d30_t1_w15,172,100,1314,768,446,698,6,13,57,24,11,18,131,43
20260808,r3_d30_t1_w15,173,99,1319,771,449,705,21,9,57,13,11,16,131,43
20260808,r3_d30_t1_w15,174,99,1327,771,457,708,21,3,60,16,12,17,131,43
20260808,r3_d30_t1_w15,175,97,1335,775,463,714,21,4,57,18,11,17,131,43
20260808,r3_d30_t1_w15,176,94,1341,778,469,719,21,7,52,20,11,17,131,43
20260808,r3_d30_t1_w15,177,94,1347,782,471,720,12,7,55,26,12,17,131,43
20260808,r3_d30_t1_w15,178,92,1356,787,477,727,18,9,51,22,13,17,131,43
20260808,r3_d30_t1_w15,179,92,1361,789,480,732,11,7,50,32,13,17,131,43
20260808,r3_d30_t1_w15,180,91,1370,792,487,735,0,5,52,43,18,15,121,40
20260808,r3_d30_t1_w15,181,87,1377,797,493,743,6,8,46,40,21,13,121,40
20260808,r3_d30_t1_w15,182,88,1387,805,494,743,11,13,49,27,24,12,121,40
20260808,r3_d30_t1_w15,183,86,1393,812,495,747,17,15,50,18,23,12,121,40
20260808,r3_d30_t1_w15,184,86,1399,814,499,750,14,9,55,22,23,9,121,40
20260808,r3_d30_t1_w15,185,89,1408,820,499,752,18,8,60,14,26,8,131,43
20260808,r3_d30_t1_w15,186,87,1413,824,502,758,5,10,56,29,25,8,131,43
20260808,r3_d30_t1_w15,187,84,1421,825,512,762,1,5,58,36,26,6,131,43
20260808,r3_d30_t1_w15,188,81,1427,834,512,764,19,10,60,11,27,6,131,43
20260808,r3_d30_t1_w15,189,80,1433,837,516,767,26,12,58,4,24,7,131,43
20260808,r3_d30_t1_w15,190,79,1440,838,523,770,26,4,64,6,24,10,131,43
20260808,r3_d30_t1_w15,191,80,1449,840,529,777,29,3,60,8,22,11,131,43
20260808,r3_d30_t1_w15,192,81,1455,844,530,779,29,6,59,6,22,12,131,43
20260808,r3_d30_t1_w15,193,82,1464,848,534,781,28,8,59,5,22,12,131,43
20260808,r3_d30_t1_w15,194,87,1474,850,537,785,20,6,59,15,18,12,131,43
20260808,r3_d30_t1_w15,195,92,1482,853,537,792,11,5,56,28,16,13,131,43
20260808,r3_d30_t1_w15,196,98,1489,854,537,795,22,4,55,19,17,13,131,43
20260808,r3_d30_t1_w15,197,91,1494,857,546,801,31,4,52,13,13,14,131,43
20260808,r3_d30_t1_w15,198,95,1504,859,550,805,31,5,49,15,15,12,131,43
20260808,r3_d30_t1_w15,199,93,1512,869,550,807,31,12,50,7,16,12,131,43
20260808,r3_d30_t1_w15,200,94,1517,871,552,813,35,12,46,7,16,12,131,43
20260808,r3_d30_t1_w15,201,96,1523,871,556,817,37,2,52,9,17,12,131,43
20260808,r3_d30_t1_w15,202,95,1530,874,561,820,30,3,51,16,16,13,131,43
20260808,r3_d30_t1_w15,203,95,1537,878,564,822,20,7,49,24,16,13,131,43
20260808,r3_d30_t1_w15,204,98,1547,879,570,829,9,5,45,41,18,14,131,43
20260808,r3_d30_t1_w15,205,98,1555,882,575,831,9,4,47,40,17,15,131,43
20260808,r3_d30_t1_w15,206,91,1563,897,575,837,18,18,42,22,17,15,131,43
20260808,r3_d30_t1_w15,207,90,1573,908,575,841,14,26,41,19,15,13,131,43
20260808,r3_d30_t1_w15,208,94,1583,914,575,842,13,17,55,15,15,14,131,43
20260808,r3_d30_t1_w15,209,97,1588,914,577,847,6,6,61,27,16,14,131,43
20260808,r3_d30_t1_w15,210,95,1596,917,584,850,2,3,64,31,19,13,131,43
20260808,r3_d30_t1_w15,211,97,1606,925,584,853,2,11,61,26,21,12,131,43
20260808,r3_d30_t1_w15,212,99,1613,929,585,855,1,12,62,25,23,12,131,43
20260808,r3_d30_t1_w15,213,85,1620,942,593,857,0,17,68,15,20,10,131,43
20260808,r3_d30_t1_w15,214,86,1627,944,597,861,1,15,68,16,21,9,131,43
20260808,r3_d30_t1_w15,215,86,1632,945,601,866,5,3,76,16,21,9,131,43
20260808,r3_d30_t1_w15,216,83,1640,955,602,870,8,11,74,7,21,8,131,43
20260808,r3_d30_t1_w15,217,79,1645,960,606,873,9,15,72,4,23,6,131,43
20260808,r3_d30_t1_w15,218,80,1651,961,610,877,6,6,78,10,24,6,131,43
20260808,r3_d30_t1_w15,219,76,1656,963,617,879,5,3,81,11,23,6,131,43
20260808,r3_d30_t1_w15,220,75,1665,966,624,885,5,5,76,14,25,7,131,43
20260808,r3_d30_t1_w15,221,72,1670,968,630,890,4,5,73,18,25,7,131,43
20260808,r3_d30_t1_w15,222,65,1677,972,640,898,6,6,68,20,21,8,131,43
20260808,r3_d30_t1_w15,223,60,1682,975,647,902,3,7,66,24,19,8,131,43
20260808,r3_d30_t1_w15,224,62,1691,978,651,908,4,6,64,26,14,9,131,43
20260808,r3_d30_t1_w15,225,63,1696,981,652,915,3,6,60,31,14,9,131,43
20260808,r3_d30_t1_w15,226,60,1702,990,652,921,6,12,57,25,13,8,131,43
20260808,r3_d30_t1_w15,227,65,1709,992,652,927,10,11,54,25,13,9,131,43
20260808,r3_d30_t1_w15,228,72,1717,993,652,939,9,3,51,37,14,10,131,43
20260808,r3_d30_t1_w15,229,74,1725,999,652,943,10,7,49,34,13,11,131,43
20260808,r3_d30_t1_w15,230,81,1734,1001,652,944,6,8,49,37,13,12,131,43
20260808,r3_d30_t1_w15,231,86,1744,1002,656,949,16,3,50,31,14,15,131,43
20260808,r3_d30_t1_w15,232,86,1749,1004,659,953,18,3,48,31,12,16,131,43
20260808,r3_d30_t1_w15,233,89,1756,1005,662,957,17,3,45,35,14,14,131,43
20260808,r3_d30_t1_w15,234,84,1762,1016,662,960,17,12,44,27,12,15,131,43
20260808,r3_d30_t1_w15,235,84,1771,1025,662,960,2,20,45,33,13,13,111,40
20260808,r3_d30_t1_w15,236,92,1781,1027,662,964,7,11,52,30,14,14,111,40
20260808,r3_d30_t1_w15,237,96,1789,1027,666,970,2,2,55,41,15,14,111,40
20260808,r3_d30_t1_w15,238,96,1796,1031,669,972,10,4,55,31,13,16,111,40
20260808,r3_d30_t1_w15,239,92,1802,1035,675,979,25,8,48,19,10,16,111,40
20260808,r3_d30_t1_w15,240,94,1809,1037,678,980,19,6,51,24,15,16,131,43
20260808,r3_d30_t1_w15,241,89,1815,1048,678,984,5,13,51,31,19,14,131,43
20260808,r3_d30_t1_w15,242,89,1823,1056,678,989,5,19,48,28,19,14,131,43
20260808,r3_d30_t1_w15,243,81,1832,1073,678,992,4,25,56,15,17,14,131,43
20260808,r3_d30_t1_w15,244,79,1837,1073,685,992,0,17,64,19,18,12,131,43
20260808,r3_d30_t1_w15,245,78,1845,1077,690,1000,1,4,73,22,21,11,131,43
20260808,r3_d30_t1_w15,246,74,1851,1079,698,1003,8,6,70,16,22,9,131,43
20260808,r3_d30_t1_w15,247,69,1861,1092,700,1006,8,15,71,6,25,9,131,43
20260808,r3_d30_t1_w15,248,69,1869,1095,705,1014,1,16,65,18,27,7,131,43
20260808,r3_d30_t1_w15,249,67,1874,1097,710,1015,1,5,77,17,28,5,131,43
20260808,r3_d30_t1_w15,250,65,1882,1102,715,1018,7,7,77,9,27,6,131,43
20260808,r3_d30_t1_w15,251,61,1888,1104,723,1021,8,7,76,9,27,9,131,43
20260808,r3_d30_t1_w15,252,58,1895,1108,729,1024,8,6,78,8,24,10,131,43
20260808,r3_d30_t1_w15,253,61,1904,1108,735,1034,3,4,70,23,23,11,131,43
20260808,r3_d30_t1_w15,254,61,1913,1113,739,1038,3,5,70,22,16,11,131,43
20260808,r3_d30_t1_w15,255,67,1921,1115,739,1041,9,7,67,17,16,11,122,43
20260808,r3_d30_t1_w15,256,76,1931,1115,740,1046,11,2,67,20,17,12,122,43
20260808,r3_d30_t1_w15,257,81,1941,1120,740,1054,7,5,61,27,14,15,122,43
20260808,r3_d30_t1_w15,258,86,1950,1123,741,1058,2,8,57,33,13,15,122,43
20260808,r3_d30_t1_w15,259,91,1959,1127,741,1065,3,7,55,35,11,16,122,43
20260808,r3_d30_t1_w15,260,95,1965,1129,741,1070,15,6,53,26,11,16,131,43
20260808,r3_d30_t1_w15,261,87,1970,1142,741,1078,26,15,49,10,13,14,131,43
20260808,r3_d30_t1_w15,262,87,1975,1147,741,1083,23,18,46,13,12,12,131,43
20260808,r3_d30_t1_w15,263,92,1985,1152,741,1090,23,10,52,15,11,14,131,43
20260808,r3_d30_t1_w15,264,95,1990,1154,741,1096,26,7,51,16,11,15,131,43
20260808,r3_d30_t1_w15,265,100,1998,1157,741,1096,25,5,56,14,11,15,131,43
20260808,r3_d30_t1_w15,266,98,2004,1165,741,1102,23,11,52,14,13,14,131,43
20260808,r3_d30_t1_w15,267,101,2013,1171,741,1104,24,14,53,9,12,15,131,43
20260808,r3_d30_t1_w15,268,104,2023,1174,745,1107,26,9,58,7,11,17,131,43
20260808,r3_d30_t1_w15,269,105,2033,1175,753,1108,23,4,63,10,15,15,131,43
20260808,r3_d30_t1_w15,270,104,2038,1175,759,1108,6,1,66,27,20,14,131,43
20260808,r3_d30_t1_w15,271,100,2045,1178,767,1111,0,3,64,33,20,13,131,43
20260808,r3_d30_t1_w15,272,97,2055,1182,776,1114,10,7,61,22,20,12,131,43
20260808,r3_d30_t1_w15,273,95,2062,1184,783,1117,13,6,61,20,21,12,131,43
20260808,r3_d30_t1_w15,274,82,2071,1197,792,1128,16,15,54,15,18,10,131,43
20260808,r3_d30_t1_w15,275,82,2080,1201,797,1131,6,17,53,24,21,9,131,43
20260808,r3_d30_t1_w15,276,84,2090,1208,798,1137,1,11,60,28,22,9,131,43
20260808,r3_d30_t1_w15,277,84,2097,1214,799,1142,11,13,59,17,23,7,131,43
20260808,r3_d30_t1_w15,278,81,2103,1219,803,1147,16,11,61,12,23,7,131,43
20260808,r3_d30_t1_w15,279,80,2110,1223,807,1150,16,9,64,11,23,7,131,43
20260808,r3_d30_t1_w15,280,80,2118,1225,813,1155,17,6,64,13,25,8,131,43
20260808,r3_d30_t1_w15,281,81,2127,1228,818,1158,17,5,65,13,24,9,131,43
20260808,r3_d30_t1_w15,282,78,2134,1230,826,1161,15,5,64,16,24,9,131,43
20260808,r3_d30_t1_w15,283,78,2144,1232,834,1165,2,4,63,31,23,10,131,43
20260808,r3_d30_t1_w15,284,78,2153,1241,834,1172,2,11,58,29,18,11,131,43
20260808,r3_d30_t1_w15,285,83,2160,1243,834,1178,2,11,54,33,18,13,121,40
20260808,r3_d30_t1_w15,286,86,2169,1249,834,1185,3,8,56,33,19,13,121,40
20260808,r3_d30_t1_w15,287,90,2178,1254,834,1187,2,11,56,31,19,13,121,40
20260808,r3_d30_t1_w15,288,95,2184,1255,834,1191,0,6,58,36,19,14,121,40
20260808,r3_d30_t1_w15,289,97,2192,1260,835,1195,7,6,59,28,15,14,121,40
20260808,r3_d30_t1_w15,290,95,2200,1262,843,1195,8,7,60,25,15,16,126,43
20260808,r3_d30_t1_w15,291,96,2210,1263,851,1198,5,3,62,30,17,16,126,43
20260808,r3_d30_t1_w15,292,97,2219,1271,851,1203,5,9,59,27,17,16,126,43
20260808,r3_d30_t1_w15,293,101,2229,1277,851,1210,4,14,53,29,21,17,126,43
20260808,r3_d30_t1_w15,294,103,2238,1284,851,1216,3,13,55,29,20,16,126,43
20260808,r3_d30_t1_w15,295,101,2246,1293,852,1220,3,16,57,24,17,19,131,43
20260808,r3_d30_t1_w15,296,96,2251,1296,859,1223,3,12,61,24,14,19,131,43
20260808,r3_d30_t1_w15,297,96,2257,1299,862,1229,14,6,64,16,15,18,131,43
20260808,r3_d30_t1_w15,298,97,2265,1303,865,1232,14,7,64,15,15,19,131,43
20260808,r3_d30_t1_w15,299,96,2273,1305,872,1234,16,6,65,13,15,19,131,43
20260808,r3_d30_t1_w15,300,94,2279,1307,878,1235,14,4,68,14,18,17,131,43
20260808,r3_d30_t1_w15,301,97,2289,1308,884,1240,5,3,65,27,23,17,131,43
20260808,r3_d30_t1_w15,302,91,2296,1316,889,1244,5,9,63,23,23,17,131,43
20260808,r3_d30_t1_w15,303,80,2304,1331,893,1246,6,23,62,9,19,16,131,43
20260808,r3_d30_t1_w15,304,78,2311,1334,899,1253,5,18,63,14,24,16,131,43
20260808,r3_d30_t1_w15,305,77,2318,1336,905,1257,4,5,74,17,26,13,131,43
20260808,r3_d30_t1_w15,306,72,2327,1343,912,1261,6,9,73,12,23,11,131,43
20260808,r3_d30_t1_w15,307,68,2332,1346,918,1265,10,10,71,9,20,10,131,43
20260808,r3_d30_t1_w15,308,70,2340,1346,924,1270,12,3,73,12,22,8,131,43
20260808,r3_d30_t1_w15,309,66,2345,1349,930,1274,5,3,72,20,21,8,131,43
20260808,r3_d30_t1_w15,310,62,2351,1357,932,1278,6,11,68,15,19,9,131,43
20260808,r3_d30_t1_w15,311,64,2360,1359,937,1285,16,10,64,10,21,10,131,43
20260808,r3_d30_t1_w15,312,71,2370,1361,938,1291,10,4,66,20,25,10,131,43
20260808,r3_d30_t1_w15,313,71,2379,1367,941,1296,7,8,63,22,23,11,131,43
20260808,r3_d30_t1_w15,314,71,2389,1373,945,1301,0,12,60,28,19,11,131,43
20260808,r3_d30_t1_w15,315,74,2397,1378,945,1304,0,11,63,26,19,11,131,43
20260808,r3_d30_t1_w15,316,78,2406,1383,945,1313,0,10,60,30,19,12,131,43
20260808,r3_d30_t1_w15,317,79,2411,1387,945,1315,3,9,63,25,16,15,131,43
20260808,r3_d30_t1_w15,318,82,2418,1391,945,1317,17,8,66,9,14,16,131,43
20260808,r3_d30_t1_w15,319,88,2426,1393,945,1325,18,6,62,14,12,18,131,43
20260808,r3_d30_t1_w15,320,90,2431,1396,945,1331,25,5,60,10,11,18,131,43
20260808,r3_d30_t1_w15,321,90,2438,1398,950,1335,25,5,58,12,14,16,131,43
20260808,r3_d30_t1_w15,322,90,2443,1399,954,1339,19,3,57,21,14,14,131,43
20260808,r3_d30_t1_w15,323,87,2450,1409,954,1342,17,11,56,16,11,13,131,43
20260808,r3_d30_t1_w15,324,90,2457,1411,956,1346,24,12,53,11,12,13,131,43
20260808,r3_d30_t1_w15,325,89,2463,1414,960,1351,26,5,58,11,12,12,131,43
20260808,r3_d30_t1_w15,326,87,2469,1421,961,1358,18,10,53,19,11,12,131,43
20260808,r3_d30_t1_w15,327,86,2475,1424,965,1360,14,10,54,22,10,11,131,43
20260808,r3_d30_t1_w15,328,84,2480,1427,969,1364,25,6,57,12,13,11,131,43
20260808,r3_d30_t1_w15,329,88,2489,1428,973,1366,20,4,58,18,15,13,131,43
20260808,r3_d30_t1_w15,330,88,2497,1433,976,1374,11,6,53,30,20,12,131,43
20260808,r3_d30_t1_w15,331,86,2503,1435,982,1379,17,7,49,27,23,10,131,43
20260808,r3_d30_t1_w15,332,85,2509,1440,984,1383,19,7,50,24,21,10,131,43
20260808,r3_d30_t1_w15,333,83,2514,1442,989,1387,19,7,48,26,20,9,131,43
20260808,r3_d30_t1_w15,334,81,2523,1447,995,1391,27,7,49,17,21,9,131,43
20260808,r3_d30_t1_w15,335,82,2533,1453,998,1394,28,11,48,13,22,8,121,40
20260808,r3_d30_t1_w15,336,82,2538,1457,999,1396,17,10,51,22,24,8,121,40
20260808,r3_d30_t1_w15,337,81,2547,1464,1002,1402,2,11,51,36,24,10,121,40
20260808,r3_d30_t1_w15,338,82,2553,1468,1003,1405,3,11,52,34,24,10,121,40
20260808,r3_d30_t1_w15,339,82,2563,1473,1008,1407,18,9,57,16,26,10,121,40
20260808,r3_d30_t1_w15,340,82,2570,1477,1011,1409,6,9,59,26,27,10,131,43
20260808,r3_d30_t1_w15,341,78,2575,1480,1017,1414,1,7,59,33,23,10,131,43
20260808,r3_d30_t1_w15,342,80,2584,1483,1021,1418,12,6,59,23,21,11,131,43
20260808,r3_d30_t1_w15,343,83,2593,1488,1022,1419,15,8,61,16,19,13,131,43
20260808,r3_d30_t1_w15,344,84,2601,1491,1026,1426,15,8,57,20,18,13,131,43
20260808,r3_d30_t1_w15,345,87,2608,1495,1026,1426,5,7,62,26,20,13,131,43
20260808,r3_d30_t1_w15,346,83,2618,1509,1026,1433,3,18,58,21,18,12,131,43
20260808,r3_d30_t1_w15,347,92,2627,1509,1026,1437,2,14,58,26,20,13,131,43
20260808,r3_d30_t1_w15,348,94,2634,1514,1026,1441,3,5,68,24,19,13,131,43
20260808,r3_d30_t1_w15,349,92,2643,1525,1026,1445,4,16,64,16,22,14,131,43
20260808,r3_d30_t1_w15,350,95,2652,1531,1026,1450,3,17,64,16,21,14,131,43
20260808,r3_d30_t1_w15,351,99,2659,1534,1026,1455,3,9,70,18,19,16,131,43
20260808,r3_d30_t1_w15,352,98,2664,1536,1030,1459,4,5,72,19,20,16,131,43
20260808,r3_d30_t1_w15,353,96,2670,1540,1034,1466,3,6,68,23,18,17,131,43
20260808,r3_d30_t1_w15,354,91,2675,1545,1039,1468,3,9,68,20,15,15,131,43
20260808,r3_d30_t1_w15,355,90,2682,1553,1039,1474,7,13,66,14,16,14,131,43
20260808,r3_d30_t1_w15,356,93,2692,1560,1039,1480,6,15,65,14,18,15,131,43
20260808,r3_d30_t1_w15,357,94,2697,1563,1040,1485,8,10,68,14,16,15,131,43
20260808,r3_d30_t1_w15,358,94,2704,1568,1042,1488,7,8,72,13,18,14,131,43
20260808,r3_d30_t1_w15,359,92,2712,1573,1047,1494,1,10,69,20,16,12,131,43
20260808,r3_d30_t1_w15,360,90,2717,1576,1051,1500,0,8,68,24,20,12,126,43
20260808,r3_d30_t1_w15,361,88,2726,1581,1057,1502,0,8,71,21,19,12,126,43
20260808,r3_d30_t1_w15,362,89,2735,1583,1063,1508,0,7,68,25,21,10,126,43
20260808,r3_d30_t1_w15,363,91,2744,1587,1066,1514,0,6,67,27,25,9,126,43
20260808,r3_d30_t1_w15,364,86,2753,1596,1071,1520,0,13,63,24,27,8,126,43
20260808,r3_d30_t1_w15,365,81,2760,1601,1078,1525,0,14,62,24,27,8,131,43
20260808,r3_d30_t1_w15,366,79,2767,1606,1082,1529,0,10,67,23,26,7,131,43
20260808,r3_d30_t1_w15,367,78,2773,1611,1084,1534,1,10,67,22,22,7,131,43
20260808,r3_d30_t1_w15,368,78,2780,1614,1088,1537,9,8,69,14,21,6,131,43
20260808,r3_d30_t1_w15,369,80,2789,1619,1090,1545,16,8,66,10,25,7,131,43
20260808,r3_d30_t1_w15,370,78,2794,1620,1096,1552,5,6,62,27,26,7,131,43
20260808,r3_d30_t1_w15,371,74,2802,1628,1100,1559,0,9,60,31,24,8,131,43
20260808,r3_d30_t1_w15,372,74,2808,1632,1102,1566,0,12,54,34,23,9,131,43
20260808,r3_d30_t1_w15,373,76,2816,1635,1105,1569,1,7,59,33,18,11,131,43
20260808,r3_d30_t1_w15,374,71,2823,1645,1107,1571,8,13,61,18,13,11,131,43
20260808,r3_d30_t1_w15,375,76,2831,1648,1107,1571,7,13,64,16,14,11,131,43
20260808,r3_d30_t1_w15,376,79,2838,1652,1107,1574,7,7,71,15,16,12,131,43
20260808,r3_d30_t1_w15,377,82,2846,1656,1108,1582,0,8,66,26,14,13,131,43
20260808,r3_d30_t1_w15,378,87,2853,1658,1108,1586,0,6,66,28,15,14,131,43
20260808,r3_d30_t1_w15,379,88,2859,1661,1110,1590,1,5,66,28,14,13,131,43
20260808,r3_d30_t1_w15,380,88,2865,1663,1114,1593,2,5,65,28,13,14,115,42
20260808,r3_d30_t1_w15,381,85,2873,1667,1121,1598,13,6,63,18,10,13,115,42
20260808,r3_d30_t1_w15,382,85,2879,1668,1126,1604,19,5,59,17,12,14,115,42
20260808,r3_d30_t1_w15,383,84,2886,1675,1127,1605,8,8,62,22,14,15,115,42
20260808,r3_d30_t1_w15,384,87,2896,1682,1127,1606,0,14,62,24,15,16,115,42
20260808,r3_d30_t1_w15,385,91,2904,1686,1127,1614,10,11,61,18,16,15,131,43
20260808,r3_d30_t1_w15,386,92,2910,1686,1132,1618,4,4,64,28,17,13,131,43
20260808,r3_d30_t1_w15,387,92,2919,1690,1137,1624,0,4,62,34,14,14,131,43
20260808,r3_d30_t1_w15,388,90,2926,1694,1142,1629,12,8,57,23,12,15,131,43
20260808,r3_d30_t1_w15,389,91,2934,1696,1147,1636,20,6,54,20,12,16,131,43
20260808,r3_d30_t1_w15,390,89,2941,1701,1151,1637,14,7,57,22,16,16,121,40
20260808,r3_d30_t1_w15,391,88,2946,1705,1153,1641,2,9,55,34,18,15,121,40
20260808,r3_d30_t1_w15,392,82,2952,1713,1157,1650,2,12,51,35,17,15,121,40
20260808,r3_d30_t1_w15,393,73,2959,1725,1161,1654,12,20,51,17,14,14,121,40
20260808,r3_d30_t1_w15,394,77,2969,1729,1163,1659,7,16,54,23,18,12,121,40
20260808,r3_d30_t1_w15,395,78,2979,1735,1166,1663,3,10,62,25,20,12,131,43
20260808,r3_d30_t1_w15,396,75,2985,1742,1168,1665,3,13,64,20,20,12,131,43
20260808,r3_d30_t1_w15,397,78,2994,1745,1171,1668,2,10,67,21,21,12,131,43
20260808,r3_d30_t1_w15,398,78,3001,1748,1175,1672,3,6,70,21,20,11,131,43
20260808,r3_d30_t1_w15,399,76,3010,1752,1182,1674,3,7,71,19,20,11,131,43
20260808,r3_d30_t1_w15,400,69,3016,1761,1186,1677,1,13,71,15,22,11,131,43
20260808,r3_d30_t1_w15,401,67,3026,1768,1191,1681,1,16,71,12,20,10,131,43
20260808,r3_d30_t1_w15,402,63,3032,1769,1200,1685,1,8,76,15,20,9,131,43
20260808,r3_d30_t1_w15,403,62,3040,1772,1206,1690,4,4,78,14,19,10,131,43
20260808,r3_d30_t1_w15,404,59,3046,1775,1212,1696,10,6,73,11,15,10,131,43
20260808,r3_d30_t1_w15,405,64,3052,1776,1212,1702,3,4,70,23,15,10,131,43
20260808,r3_d30_t1_w15,406,65,3058,1781,1212,1707,5,6,68,21,13,9,131,43
20260808,r3_d30_t1_w15,407,71,3067,1784,1212,1714,12,8,62,18,13,12,131,43
20260808,r3_d30_t1_w15,408,77,3076,1787,1212,1720,18,6,61,15,13,14,131,43
20260808,r3_d30_t1_w15,409,73,3083,1798,1212,1722,20,14,62,4,12,12,131,43
20260808,r3_d30_t1_w15,410,77,3090,1801,1212,1727,21,14,60,5,12,12,131,43
20260808,r3_d30_t1_w15,411,80,3095,1803,1212,1736,19,5,62,14,12,12,131,43
20260808,r3_d30_t1_w15,412,85,3102,1805,1212,1740,12,4,61,23,13,14,131,43
20260808,r3_d30_t1_w15,413,91,3111,1808,1212,1747,8,5,56,31,13,14,131,43
20260808,r3_d30_t1_w15,414,89,3117,1815,1213,1751,2,10,54,34,10,13,131,43
20260808,r3_d30_t1_w15,415,87,3124,1824,1213,1754,9,16,54,21,11,13,131,43
20260808,r3_d30_t1_w15,416,93,3134,1828,1213,1760,18,13,55,14,14,14,131,43
20260808,r3_d30_t1_w15,417,96,3141,1832,1213,1763,12,8,61,19,13,14,131,43
20260808,r3_d30_t1_w15,418,97,3150,1834,1219,1768,10,6,60,24,13,15,131,43
20260808,r3_d30_t1_w15,419,96,3155,1835,1224,1774,1,3,58,38,15,14,131,43
20260808,r3_d30_t1_w15,420,94,3161,1838,1229,1780,3,4,54,39,19,14,131,43
20260808,r3_d30_t1_w15,421,93,3169,1847,1229,1786,6,12,49,33,24,13,131,43
20260808,r3_d30_t1_w15,422,91,3176,1854,1231,1787,5,16,51,28,26,12,131,43
20260808,r3_d30_t1_w15,423,87,3186,1860,1239,1789,2,13,58,27,23,9,131,43
20260808,r3_d30_t1_w15,424,89,3196,1861,1246,1793,5,7,61,27,23,9,131,43
20260808,r3_d30_t1_w15,425,86,3204,1872,1246,1798,6,12,62,20,25,8,131,43
20260808,r3_d30_t1_w15,426,84,3211,1881,1246,1802,6,20,59,15,25,9,131,43
20260808,r3_d30_t1_w15,427,86,3217,1885,1246,1806,7,13,66,14,23,9,131,43
20260808,r3_d30_t1_w15,428,88,3223,1887,1248,1811,9,6,70,15,22,10,131,43
20260808,r3_d30_t1_w15,429,89,3232,1895,1248,1813,9,10,72,9,22,10,131,43
20260808,r3_d30_t1_w15,430,89,3237,1900,1248,1817,8,13,70,9,23,11,131,43
20260808,r3_d30_t1_w15,431,88,3243,1903,1252,1822,6,8,73,13,23,11,131,43
20260808,r3_d30_t1_w15,432,87,3250,1909,1254,1827,6,9,73,12,22,12,131,43
20260808,r3_d30_t1_w15,433,86,3256,1912,1258,1834,6,9,69,16,18,12,131,43
20260808,r3_d30_t1_w15,434,86,3261,1916,1259,1840,7,7,69,17,15,11,131,43
20260808,r3_d30_t1_w15,435,90,3266,1917,1259,1843,5,5,69,21,15,12,131,43
20260808,r3_d30_t1_w15,436,91,3271,1921,1259,1846,8,5,70,17,13,13,131,43
20260808,r3_d30_t1_w15,437,94,3279,1922,1263,1851,18,5,66,11,14,13,131,43
20260808,r3_d30_t1_w15,438,95,3289,1922,1272,1853,7,1,68,24,15,15,131,43
20260808,r3_d30_t1_w15,439,92,3297,1931,1274,1859,4,9,63,24,17,14,131,43
20260808,r3_d30_t1_w15,440,94,3307,1932,1281,1866,13,10,56,21,15,13,131,43
20260808,r3_d30_t1_w15,441,95,3315,1935,1285,1874,14,4,57,25,17,12,131,43
20260808,r3_d30_t1_w15,442,92,3325,1942,1291,1881,12,10,51,27,14,14,131,43
20260808,r3_d30_t1_w15,443,92,3331,1948,1291,1886,16,13,49,22,14,13,131,43
20260808,r3_d30_t1_w15,444,91,3340,1954,1295,1892,22,12,50,16,14,12,131,43
20260808,r3_d30_t1_w15,445,92,3346,1957,1297,1897,24,9,51,16,18,11,121,40
20260808,r3_d30_t1_w15,446,89,3351,1965,1297,1898,2,11,56,31,20,11,121,40
20260808,r3_d30_t1_w15,447,87,3357,1973,1297,1901,3,16,56,25,17,12,121,40
20260808,r3_d30_t1_w15,448,91,3363,1974,1298,1904,9,9,61,21,17,12,121,40
20260808,r3_d30_t1_w15,449,96,3373,1976,1301,1908,9,3,65,23,18,13,121,40
20260808,r3_d30_t1_w15,450,91,3378,1986,1301,1910,10,12,64,14,21,12,131,43
20260808,r3_d30_t1_w15,451,94,3384,1989,1301,1914,11,13,62,14,25,12,131,43
20260808,r3_d30_t1_w15,452,94,3390,1991,1305,1918,11,5,68,16,26,11,131,43
20260808,r3_d30_t1_w15,453,90,3395,1994,1311,1922,11,5,67,17,26,10,131,43
20260808,r3_d30_t1_w15,454,81,3400,2006,1313,1929,12,15,62,11,27,10,131,43
20260808,r3_d30_t1_w15,455,76,3407,2011,1320,1930,12,17,64,7,29,9,131,43
20260808,r3_d30_t1_w15,456,79,3417,2017,1321,1936,10,11,70,9,29,9,131,43
20260808,r3_d30_t1_w15,457,75,3423,2018,1330,1940,0,7,71,22,27,8,131,43
20260808,r3_d30_t1_w15,458,72,3429,2024,1333,1947,0,7,70,23,24,7,131,43
20260808,r3_d30_t1_w15,459,72,3439,2027,1340,1957,7,9,61,23,26,6,131,43
20260808,r3_d30_t1_w15,460,71,3444,2032,1341,1961,1,8,63,28,25,6,131,43
20260808,r3_d30_t1_w15,461,71,3454,2040,1343,1964,1,13,63,23,20,6,131,43
20260808,r3_d30_t1_w15,462,68,3460,2043,1349,1969,10,11,63,16,20,7,131,43
20260808,r3_d30_t1_w15,463,69,3470,2047,1354,1972,13,7,68,12,22,8,131,43
20260808,r3_d30_t1_w15,464,68,3480,2050,1362,1976,11,7,67,15,18,9,131,43
20260808,r3_d30_t1_w15,465,76,3490,2052,1362,1978,2,5,69,24,18,10,131,43
20260808,r3_d30_t1_w15,466,75,3495,2057,1363,1980,2,7,70,21,15,11,131,43
20260808,r3_d30_t1_w15,467,83,3505,2058,1364,1986,3,6,66,25,15,13,131,43
20260808,r3_d30_t1_w15,468,90,3514,2060,1364,1988,4,3,69,24,15,14,131,43
20260808,r3_d30_t1_w15,469,87,3524,2073,1364,1993,2,15,65,18,14,12,131,43
20260808,r3_d30_t1_w15,470,91,3534,2079,1364,1998,0,19,62,19,15,15,131,43
20260808,r3_d30_t1_w15,471,91,3540,2085,1364,2002,1,12,71,16,12,15,131,43
20260808,r3_d30_t1_w15,472,100,3550,2086,1364,2007,4,7,72,17,16,16,131,43
20260808,r3_d30_t1_w15,473,107,3560,2089,1364,2015,6,4,70,20,16,17,131,43
20260808,r3_d30_t1_w15,474,113,3568,2090,1365,2025,5,4,61,30,17,18,131,43
20260808,r3_d30_t1_w15,475,114,3578,2095,1369,2031,1,6,58,35,16,19,131,43
20260808,r3_d30_t1_w15,476,111,3588,2099,1378,2034,1,9,56,34,15,19,131,43
20260808,r3_d30_t1_w15,477,112,3596,2101,1383,2041,2,6,54,38,14,18,131,43
20260808,r3_d30_t1_w15,478,109,3601,2109,1383,2044,2,10,55,33,16,17,131,43
20260808,r3_d30_t1_w15,479,105,3607,2119,1383,2048,3,18,53,26,16,17,131,43
20260808,r3_d30_t1_w15,480,103,3613,2125,1385,2053,0,16,56,28,20,16,131,43
20260808,r3_d30_t1_w15,481,102,3620,2133,1385,2056,0,14,63,23,20,14,131,43
20260808,r3_d30_t1_w15,482,95,3626,2141,1390,2060,4,16,65,15,20,14,131,43
20260808,r3_d30_t1_w15,483,84,3633,2150,1399,2065,3,17,68,12,19,14,131,43
20260808,r3_d30_t1_w15,484,82,3641,2155,1404,2071,4,14,70,12,23,10,131,43
20260808,r3_d30_t1_w15,485,77,3647,2160,1410,2074,3,10,76,11,22,9,131,43
20260808,r3_d30_t1_w15,486,74,3653,2166,1413,2078,5,11,77,7,22,9,131,43
20260808,r3_d30_t1_w15,487,74,3663,2171,1418,2081,4,11,79,6,22,8,131,43
20260808,r3_d30_t1_w15,488,70,3668,2173,1425,2083,3,7,83,7,24,5,131,43
20260808,r3_d30_t1_w15,489,69,3675,2176,1430,2088,0,5,83,12,23,6,131,43
20260808,r3_d30_t1_w15,490,69,3684,2178,1437,2096,2,5,77,16,22,8,126,43
20260808,r3_d30_t1_w15,491,65,3693,2185,1443,2101,5,9,75,11,21,8,126,43
20260808,r3_d30_t1_w15,492,63,3703,2192,1448,2104,4,14,74,8,21,8,126,43
20260808,r3_d30_t1_w15,493,65,3709,2194,1450,2109,1,9,76,14,21,9,126,43
20260808,r3_d30_t1_w15,494,65,3715,2197,1453,2112,0,5,80,15,16,10,126,43
20260808,r3_d30_t1_w15,495,66,3720,2201,1453,2116,3,7,78,12,14,11,131,43
20260808,r3_d30_t1_w15,496,71,3726,2202,1453,2120,2,5,77,16,15,11,131,43
20260808,r3_d30_t1_w15,497,77,3736,2206,1453,2125,4,5,76,15,13,12,131,43
20260808,r3_d30_t1_w15,498,85,3746,2208,1453,2138,8,6,64,22,16,14,131,43
20260808,r3_d30_t1_w15,499,88,3751,2210,1453,2148,10,4,58,28,16,15,131,43
20260808,r3_d30_t1_w15,500,85,3757,2219,1453,2153,8,11,55,26,12,17,131,43
20260808,r3_d30_t1_w15,501,90,3765,2221,1454,2156,4,11,54,31,11,18,131,43
20260808,r3_d30_t1_w15,502,90,3773,2224,1459,2160,12,5,59,24,9,16,131,43
20260808,r3_d30_t1_w15,503,95,3782,2228,1459,2165,27,7,56,10,10,17,131,43
20260808,r3_d30_t1_w15,504,96,3789,2229,1464,2171,25,5,53,17,12,16,131,43
20260808,r3_d30_t1_w15,505,96,3798,2232,1470,2177,14,4,51,31,13,16,131,43
20260808,r3_d30_t1_w15,506,90,3803,2236,1477,2180,25,7,49,19,11,16,131,43
20260808,r3_d30_t1_w15,507,94,3812,2238,1480,2181,27,6,51,16,12,14,131,43
20260808,r3_d30_t1_w15,508,96,3819,2241,1482,2185,15,5,51,29,14,14,131,43
20260808,r3_d30_t1_w15,509,93,3824,2244,1487,2188,8,6,50,36,14,12,131,43
20260808,r3_d30_t1_w15,510,95,3833,2246,1492,2195,0,5,46,49,21,11,131,43
20260808,r3_d30_t1_w15,511,98,3843,2250,1495,2199,0,6,45,49,21,11,131,43
20260808,r3_d30_t1_w15,512,95,3850,2253,1502,2202,3,7,44,46,23,10,131,43
20260808,r3_d30_t1_w15,513,83,3856,2265,1508,2210,1,15,40,44,24,10,131,43
20260808,r3_d30_t1_w15,514,72,3866,2282,1512,2215,1,29,38,32,22,8,131,43
20260808,r3_d30_t1_w15,515,69,3874,2292,1513,2217,1,27,48,24,21,8,131,43
20260808,r3_d30_t1_w15,516,66,3880,2299,1515,2219,2,17,63,18,23,8,131,43
20260808,r3_d30_t1_w15,517,65,3890,2310,1515,2221,3,18,71,8,28,6,131,43
20260808,r3_d30_t1_w15,518,68,3900,2316,1516,2225,4,17,74,5,27,6,131,43
20260808,r3_d30_t1_w15,519,69,3906,2317,1520,2226,4,7,84,5,27,6,131,43
20260808,r3_d30_t1_w15,520,69,3915,2319,1527,2228,4,3,88,5,25,7,101,38
20260808,r3_d30_t1_w15,521,72,3924,2320,1532,2228,4,3,89,4,25,7,101,38
20260808,r3_d30_t1_w15,522,68,3933,2325,1540,2234,4,6,85,5,23,8,101,38
20260808,r3_d30_t1_w15,523,73,3941,2325,1543,2235,0,5,85,10,23,9,101,38
20260808,r3_d30_t1_w15,524,73,3947,2330,1544,2236,0,5,89,6,19,9,101,38
20260808,r3_d30_t1_w15,525,76,3952,2332,1544,2241,4,7,84,5,18,10,126,43
20260808,r3_d30_t1_w15,526,81,3957,2332,1544,2247,5,2,83,10,18,11,126,43
20260808,r3_d30_t1_w15,527,86,3965,2335,1544,2252,8,3,80,9,16,11,126,43
20260808,r3_d30_t1_w15,528,85,3970,2341,1544,2262,11,9,70,10,13,12,126,43
20260808,r3_d30_t1_w15,529,92,3979,2343,1544,2268,14,8,67,11,12,15,126,43
20260808,r3_d30_t1_w15,530,98,3989,2346,1545,2278,17,5,63,15,13,15,131,43
20260808,r3_d30_t1_w15,531,101,3995,2349,1545,2291,12,6,52,30,13,16,131,43
20260808,r3_d30_t1_w15,532,98,4004,2358,1548,2299,8,12,47,33,10,17,131,43
20260808,r3_d30_t1_w15,533,98,4013,2363,1552,2304,24,14,45,17,11,17,131,43
20260808,r3_d30_t1_w15,534,100,4021,2368,1553,2310,35,10,48,7,11,17,131,43
20260808,r3_d30_t1_w15,535,98,4026,2369,1559,2314,35,6,49,10,12,16,131,43
20260808,r3_d30_t1_w15,536,95,4033,2371,1567,2315,32,3,53,12,13,15,131,43
20260808,r3_d30_t1_w15,537,93,4039,2372,1574,2321,22,3,48,27,14,14,131,43
20260808,r3_d30_t1_w15,538,92,4048,2375,1581,2323,11,4,48,37,15,12,131,43
20260808,r3_d30_t1_w15,539,93,4054,2377,1584,2327,0,5,45,50,14,13,131,43
20260808,r3_d30_t1_w15,540,95,4063,2381,1587,2329,0,6,46,48,17,12,131,43
20260808,r3_d30_t1_w15,541,97,4072,2388,1587,2332,0,11,45,44,20,12,131,43
20260808,r3_d30_t1_w15,542,98,4081,2389,1594,2338,0,8,43,49,25,10,131,43
20260808,r3_d30_t1_w15,543,77,4086,2411,1598,2340,0,23,48,29,19,10,131,43
20260808,r3_d30_t1_w15,544,69,4092,2418,1605,2342,1,29,47,23,19,9,131,43
20260808,r3_d30_t1_w15,545,69,4101,2420,1612,2347,7,9,64,20,22,9,131,43
20260808,r3_d30_t1_w15,546,70,4109,2421,1618,2351,2,3,67,28,24,8,131,43
20260808,r3_d30_t1_w15,547,64,4117,2427,1626,2353,0,7,67,26,26,8,131,43
20260808,r3_d30_t1_w15,548,57,4125,2438,1630,2355,0,17,66,17,26,8,131,43
20260808,r3_d30_t1_w15,549,57,4133,2440,1636,2356,0,13,71,16,27,6,131,43
20260808,r3_d30_t1_w15,550,59,4142,2443,1640,2358,0,5,80,15,27,6,126,43
20260808,r3_d30_t1_w15,551,60,4149,2445,1644,2362,3,5,78,14,25,6,126,43
20260808,r3_d30_t1_w15,552,61,4154,2446,1647,2366,5,3,77,15,25,6,126,43
20260808,r3_d30_t1_w15,553,60,4162,2450,1652,2373,5,5,72,18,22,7,126,43
20260808,r3_d30_t1_w15,554,58,4170,2455,1657,2381,3,9,65,23,21,8,126,43
20260808,r3_d30_t1_w15,555,62,4176,2457,1657,2389,1,7,61,31,21,9,131,43
20260808,r3_d30_t1_w15,556,52,4181,2471,1658,2389,0,16,66,18,18,9,131,43
20260808,r3_d30_t1_w15,557,48,4186,2479,1659,2394,1,22,63,14,15,8,131,43
20260808,r3_d30_t1_w15,558,54,4194,2481,1659,2397,3,10,74,13,15,8,131,43
20260808,r3_d30_t1_w15,559,55,4199,2485,1659,2405,6,6,74,14,14,8,131,43
20260808,r3_d30_t1_w15,560,58,4205,2488,1659,2412,7,7,69,17,15,9,131,43
20260808,r3_d30_t1_w15,561,60,4213,2494,1659,2413,9,9,72,10,14,9,131,43
20260808,r3_d30_t1_w15,562,66,4223,2498,1659,2423,11,10,65,14,14,9,131,43
20260808,r3_d30_t1_w15,563,70,4229,2500,1659,2431,9,6,63,22,14,10,131,43
20260808,r3_d30_t1_w15,564,73,4236,2504,1659,2433,10,6,65,19,12,11,131,43
20260808,r3_d30_t1_w15,565,73,4244,2512,1659,2438,12,12,62,14,11,10,131,43
20260808,r3_d30_t1_w15,566,78,4249,2512,1659,2439,12,8,65,15,11,11,131,43
20260808,r3_d30_t1_w15,567,79,4256,2515,1662,2444,15,3,68,14,10,12,131,43
20260808,r3_d30_t1_w15,568,79,4261,2516,1666,2446,20,4,66,10,12,12,131,43
20260808,r3_d30_t1_w15,569,82,4270,2522,1666,2453,12,7,62,19,14,13,131,43
20260808,r3_d30_t1_w15,570,86,4280,2523,1671,2459,0,7,57,36,20,13,121,43
20260808,r3_d30_t1_w15,571,85,4286,2529,1672,2461,10,7,61,22,21,13,121,43
20260808,r3_d30_t1_w15,572,80,4292,2536,1676,2465,11,13,58,18,20,12,121,43
20260808,r3_d30_t1_w15,573,79,4298,2536,1683,2470,11,7,59,23,22,10,121,43
20260808,r3_d30_t1_w15,574,78,4306,2545,1683,2477,11,9,59,21,23,10,121,43
20260808,r3_d30_t1_w15,575,78,4312,2550,1684,2480,11,14,56,19,23,10,131,43
20260808,r3_d30_t1_w15,576,76,4321,2557,1688,2485,9,12,60,19,22,8,131,43
20260808,r3_d30_t1_w15,577,74,4327,2560,1693,2491,2,10,59,29,22,6,131,43
20260808,r3_d30_t1_w15,578,73,4334,2566,1695,2494,7,9,63,21,21,7,131,43
20260808,r3_d30_t1_w15,579,72,4342,2569,1701,2498,18,9,62,11,23,7,131,43
20260808,r3_d30_t1_w15,580,70,4349,2573,1706,2505,15,7,61,17,25,8,131,43
20260808,r3_d30_t1_w15,581,70,4358,2578,1710,2508,15,9,61,15,25,10,131,43
20260808,r3_d30_t1_w15,582,70,4366,2580,1716,2512,15,7,61,17,22,11,131,43
20260808,r3_d30_t1_w15,583,75,4374,2580,1719,2516,14,2,62,22,20,13,131,43
20260808,r3_d30_t1_w15,584,76,4384,2585,1723,2520,22,5,60,13,14,15,131,43
20260808,r3_d30_t1_w15,585,80,4389,2586,1723,2524,25,6,56,13,14,15,131,43
20260808,r3_d30_t1_w15,586,81,4394,2590,1723,2528,15,5,57,23,14,15,131,43
20260808,r3_d30_t1_w15,587,86,4404,2595,1723,2532,7,9,54,30,14,15,131,43
20260808,r3_d30_t1_w15,588,91,4412,2598,1723,2533,5,8,57,30,16,15,131,43
20260808,r3_d30_t1_w15,589,95,4418,2599,1724,2540,0,4,55,41,18,15,131,43
20260808,r3_d30_t1_w15,590,95,4427,2603,1729,2545,0,5,53,42,14,14,131,43
20260808,r3_d30_t1_w15,591,91,4432,2607,1734,2549,4,8,50,38,13,14,131,43
20260808,r3_d30_t1_w15,592,93,4442,2609,1740,2556,16,6,47,31,13,13,131,43
20260808,r3_d30_t1_w15,593,96,4452,2611,1745,2559,11,4,48,37,12,14,131,43
20260808,r3_d30_t1_w15,594,95,4459,2617,1747,2562,4,8,47,41,11,15,131,43
20260808,r3_d30_t1_w15,595,99,4468,2618,1751,2565,15,7,46,32,13,14,131,43
20260808,r3_d30_t1_w15,596,100,4476,2623,1753,2569,24,6,48,22,12,14,131,43
20260808,r3_d30_t1_w15,597,95,4481,2633,1753,2573,25,15,45,15,11,14,131,43
20260808,r3_d30_t1_w15,598,94,4487,2634,1759,2579,26,11,44,19,12,15,131,43
20260808,r3_d30_t1_w15,599,89,4493,2645,1759,2584,24,12,49,15,12,14,131,43
20260808,r3_d30_t1_w15,600,92,4500,2649,1759,2587,20,15,47,18,17,13,121,40
20260808,r6_d30_t1_w15,1,5,7,2,0,0,93,2,0,5,5,1,131,43
20260808,r6_d30_t1_w15,2,13,17,4,0,0,72,4,0,24,6,4,131,43
20260808,r6_d30_t1_w15,3,14,23,9,0,0,71,7,2,20,8,4,131,43
20260808,r6_d30_t1_w15,4,2,29,27,0,0,62,23,4,11,2,1,131,43
20260808,r6_d30_t1_w15,5,7,35,28,0,0,51,19,9,21,6,2,131,43
20260808,r6_d30_t1_w15,6,17,45,28,0,0,39,1,27,33,10,3,131,43
20260808,r6_d30_t1_w15,7,25,55,30,0,0,29,2,28,41,10,6,131,43
20260808,r6_d30_t1_w15,8,24,65,41,0,0,29,13,28,30,9,5,131,43
20260808,r6_d30_t1_w15,9,25,75,50,0,0,29,20,30,21,9,5,131,43
20260808,r6_d30_t1_w15,10,28,80,52,0,0,30,11,41,18,9,5,131,43
20260808,r6_d30_t1_w15,11,36,89,53,0,0,27,3,50,20,12,6,131,43
20260808,r6_d30_t1_w15,12,41,95,54,0,0,14,2,52,32,13,8,131,43
20260808,r6_d30_t1_w15,13,45,101,56,0,1,14,3,52,31,12,9,131,43
20260808,r6_d30_t1_w15,14,49,106,57,0,3,15,3,51,31,12,10,131,43
20260808,r6_d30_t1_w15,15,57,115,58,0,4,11,2,52,35,13,10,131,43
20260808,r6_d30_t1_w15,16,64,124,60,0,8,30,3,49,18,13,11,131,43
20260808,r6_d30_t1_w15,17,70,130,60,0,10,38,2,48,12,15,12,131,43
20260808,r6_d30_t1_w15,18,77,140,63,0,13,36,3,47,14,15,15,131,43
20260808,r6_d30_t1_w15,19,80,147,67,0,20,33,7,40,20,16,15,131,43
20260808,r6_d30_t1_w15,20,83,154,71,0,24,23,8,39,30,15,15,121,40
20260808,r6_d30_t1_w15,21,87,163,76,0,28,12,9,39,40,15,16,121,40
20260808,r6_d30_t1_w15,22,93,172,79,0,33,12,8,38,42,13,18,121,40
20260808,r6_d30_t1_w15,23,90,177,83,4,37,16,7,39,38,13,16,121,40
20260808,r6_d30_t1_w15,24,85,185,87,13,38,17,8,41,34,12,14,121,40
20260808,r6_d30_t1_w15,25,88,193,88,17,42,7,5,41,47,11,15,126,43
20260808,r6_d30_t1_w15,26,87,203,99,17,45,3,12,42,43,11,15,126,43
20260808,r6_d30_t1_w15,27,80,208,111,17,47,23,23,41,13,11,16,126,43
20260808,r6_d30_t1_w15,28,85,215,113,17,49,31,14,50,5,9,17,126,43
20260808,r6_d30_t1_w15,29,90,220,113,17,58,40,2,53,5,11,17,126,43
20260808,r6_d30_t1_w15,30,94,230,115,21,59,26,2,54,18,15,16,131,43
20260808,r6_d30_t1_w15,31,95,240,119,26,61,20,6,52,22,20,16,131,43
20260808,r6_d30_t1_w15,32,90,246,126,30,63,23,11,52,14,22,16,131,43
20260808,r6_d30_t1_w15,33,83,255,135,37,66,21,16,53,10,23,14,131,43
20260808,r6_d30_t1_w15,34,85,263,141,37,70,21,15,56,8,23,14,131,43
20260808,r6_d30_t1_w15,35,88,271,143,40,71,21,8,64,7,22,14,131,43
20260808,r6_d30_t1_w15,36,86,277,145,46,72,21,4,69,6,20,13,131,43
20260808,r6_d30_t1_w15,37,84,286,148,54,75,23,5,68,4,19,9,131,43
20260808,r6_d30_t1_w15,38,89,295,148,58,81,26,3,64,7,20,10,131,43
20260808,r6_d30_t1_w15,39,90,302,149,63,86,29,1,62,8,22,12,131,43
20260808,r6_d30_t1_w15,40,87,310,155,68,90,21,7,58,14,20,14,131,43
20260808,r6_d30_t1_w15,41,86,319,157,76,94,20,8,55,17,20,15,131,43
20260808,r6_d30_t1_w15,42,88,326,158,80,99,19,3,56,22,22,16,131,43
20260808,r6_d30_t1_w15,43,89,336,162,85,102,4,5,55,36,21,17,131,43
20260808,r6_d30_t1_w15,44,87,341,168,86,105,5,10,53,32,16,18,131,43
20260808,r6_d30_t1_w15,45,93,349,170,86,111,14,8,51,27,16,18,131,43
20260808,r6_d30_t1_w15,46,99,358,173,86,119,17,5,49,29,15,18,131,43
20260808,r6_d30_t1_w15,47,104,367,177,86,126,5,7,44,44,14,19,131,43
20260808,r6_d30_t1_w15,48,101,377,190,86,132,7,17,41,35,12,18,131,43
20260808,r6_d30_t1_w15,49,98,385,201,86,135,18,24,42,16,13,17,131,43
20260808,r6_d30_t1_w15,50,103,392,203,86,137,20,13,53,14,13,20,126,43
20260808,r6_d30_t1_w15,51,101,398,207,90,142,19,6,59,16,11,20,126,43
20260808,r6_d30_t1_w15,52,102,408,207,99,145,21,4,58,17,13,15,126,43
20260808,r6_d30_t1_w15,53,103,417,209,105,147,10,2,60,28,16,15,126,43
20260808,r6_d30_t1_w15,54,103,426,212,111,148,0,5,59,36,14,15,126,43
20260808,r6_d30_t1_w15,55,99,432,215,118,150,9,6,59,26,12,14,131,43
20260808,r6_d30_t1_w15,56,97,439,218,124,153,10,6,59,25,11,14,131,43
20260808,r6_d30_t1_w15,57,102,448,221,125,155,11,6,60,23,12,14,131,43
20260808,r6_d30_t1_w15,58,104,457,224,129,157,17,6,61,16,11,16,131,43
20260808,r6_d30_t1_w15,59,103,463,226,134,160,25,5,61,9,11,16,131,43
20260808,r6_d30_t1_w15,60,105,471,227,139,167,16,3,57,24,18,16,131,43
20260808,r6_d30_t1_w15,61,101,476,231,144,173,12,5,53,30,19,16,131,43
20260808,r6_d30_t1_w15,62,96,486,238,152,176,9,11,51,29,22,15,131,43
20260808,r6_d30_t1_w15,63,88,492,246,158,181,1,15,50,34,23,14,131,43
20260808,r6_d30_t1_w15,64,77,502,264,161,183,1,26,55,18,20,14,131,43
20260808,r6_d30_t1_w15,65,74,511,271,166,189,3,25,57,15,19,11,131,43
20260808,r6_d30_t1_w15,66,73,517,273,171,195,4,9,69,18,21,10,131,43
20260808,r6_d30_t1_w15,67,66,525,280,179,201,4,9,70,17,19,10,131,43
20260808,r6_d30_t1_w15,68,67,535,284,184,205,1,11,68,20,22,9,131,43
20260808,r6_d30_t1_w15,69,66,544,294,184,210,1,14,70,15,21,8,131,43
20260808,r6_d30_t1_w15,70,66,550,297,187,214,1,13,70,16,20,7,131,43
20260808,r6_d30_t1_w15,71,65,556,299,192,217,1,5,77,17,20,9,131,43
20260808,r6_d30_t1_w15,72,64,566,305,197,218,5,8,79,8,21,9,131,43
20260808,r6_d30_t1_w15,73,57,572,313,202,223,5,14,76,5,19,10,131,43
20260808,r6_d30_t1_w15,74,57,578,314,207,225,1,9,80,10,13,11,131,43
20260808,r6_d30_t1_w15,75,58,583,318,207,228,0,5,85,10,11,11,131,43
20260808,r6_d30_t1_w15,76,67,592,318,207,233,7,4,81,8,13,11,131,43
20260808,r6_d30_t1_w15,77,73,600,320,207,239,9,2,79,10,13,11,131,43
20260808,r6_d30_t1_w15,78,80,610,323,207,245,8,5,73,14,15,11,131,43
20260808,r6_d30_t1_w15,79,82,616,327,207,249,7,7,71,15,14,11,131,43
20260808,r6_d30_t1_w15,80,84,623,332,207,256,8,9,67,16,13,12,131,43
20260808,r6_d30_t1_w15,81,91,632,334,207,266,6,7,61,26,17,13,131,43
20260808,r6_d30_t1_w15,82,93,642,341,208,270,0,9,62,29,17,13,131,43
20260808,r6_d30_t1_w15,83,86,648,349,213,278,2,15,56,27,15,13,131,43
20260808,r6_d30_t1_w15,84,85,653,352,216,284,6,11,57,26,13,12,131,43
20260808,r6_d30_t1_w15,85,86,663,356,221,293,21,7,56,16,12,13,131,43
20260808,r6_d30_t1_w15,86,85,668,357,226,298,28,5,54,13,13,12,131,43
20260808,r6_d30_t1_w15,87,88,677,361,228,302,28,5,54,13,12,14,131,43
20260808,r6_d30_t1_w15,88,92,684,363,229,306,29,6,51,14,12,16,131,43
20260808,r6_d30_t1_w15,89,97,693,363,233,310,23,2,51,24,13,17,131,43
20260808,r6_d30_t1_w15,90,95,698,366,237,314,28,3,49,20,14,16,131,43
20260808,r6_d30_t1_w15,91,93,704,367,244,316,23,4,47,26,16,14,131,43
20260808,r6_d30_t1_w15,92,90,712,373,249,322,13,7,44,36,19,13,131,43
20260808,r6_d30_t1_w15,93,75,722,390,257,325,9,23,42,26,18,13,131,43
20260808,r6_d30_t1_w15,94,75,730,396,259,329,9,23,44,24,18,13,131,43
20260808,r6_d30_t1_w15,95,76,740,405,259,331,7,15,59,19,19,13,131,43
20260808,r6_d30_t1_w15,96,74,746,409,263,334,8,13,62,17,19,13,131,43
20260808,r6_d30_t1_w15,97,71,751,409,271,337,10,4,68,18,18,9,131,43
20260808,r6_d30_t1_w15,98,68,758,414,276,340,8,5,69,18,17,8,131,43
20260808,r6_d30_t1_w15,99,65,765,421,279,344,9,12,65,14,19,7,131,43
20260808,r6_d30_t1_w15,100,56,772,433,283,347,5,19,67,9,21,5,121,40
20260808,r6_d30_t1_w15,101,59,780,436,285,350,5,15,71,9,20,7,121,40
20260808,r6_d30_t1_w15,102,55,788,440,293,354,5,7,79,9,20,7,121,40
20260808,r6_d30_t1_w15,103,54,793,441,298,359,6,5,77,12,20,8,121,40
20260808,r6_d30_t1_w15,104,51,801,447,303,367,8,7,73,12,14,10,121,40
20260808,r6_d30_t1_w15,105,55,808,450,303,368,5,9,73,13,14,9,131,43
20260808,r6_d30_t1_w15,106,57,814,454,303,371,5,7,76,12,12,9,131,43
20260808,r6_d30_t1_w15,107,63,822,456,303,377,9,6,73,12,13,10,131,43
20260808,r6_d30_t1_w15,108,67,828,458,303,382,8,4,72,16,15,10,131,43
20260808,r6_d30_t1_w15,109,70,837,464,303,391,8,8,65,19,16,11,131,43
20260808,r6_d30_t1_w15,110,71,847,473,303,396,4,15,62,19,15,10,131,43
20260808,r6_d30_t1_w15,111,70,852,479,303,397,2,15,67,16,14,10,131,43
20260808,r6_d30_t1_w15,112,71,857,483,303,404,2,10,69,19,13,12,131,43
20260808,r6_d30_t1_w15,113,75,864,486,303,411,3,7,68,22,13,12,131,43
20260808,r6_d30_t1_w15,114,74,870,493,303,418,4,10,65,21,12,11,131,43
20260808,r6_d30_t1_w15,115,79,876,494,303,421,5,8,65,22,11,12,131,43
20260808,r6_d30_t1_w15,116,85,885,495,305,422,10,2,71,17,14,12,131,43
20260808,r6_d30_t1_w15,117,85,895,504,306,431,9,10,63,18,13,14,131,43
20260808,r6_d30_t1_w15,118,91,905,508,306,434,8,13,61,18,16,14,131,43
20260808,r6_d30_t1_w15,119,90,911,513,308,440,8,9,64,19,16,14,131,43
20260808,r6_d30_t1_w15,120,90,918,517,311,449,8,9,59,24,19,14,131,43
20260808,r6_d30_t1_w15,121,90,925,519,316,453,12,6,60,22,21,12,131,43
20260808,r6_d30_t1_w15,122,84,933,527,322,455,3,10,62,25,20,12,131,43
20260808,r6_d30_t1_w15,123,81,938,532,325,458,9,13,61,17,22,11,131,43
20260808,r6_d30_t1_w15,124,80,946,536,330,462,21,9,65,5,23,9,131,43
20260808,r6_d30_t1_w15,125,76,955,540,339,468,23,8,64,5,23,8,121,40
20260808,r6_d30_t1_w15,126,75,962,544,343,474,23,8,62,7,22,7,121,40
20260808,r6_d30_t1_w15,127,76,967,545,346,477,26,5,63,6,22,7,121,40
20260808,r6_d30_t1_w15,128,75,974,548,351,486,29,4,58,9,22,7,121,40
20260808,r6_d30_t1_w15,129,75,980,549,356,492,29,4,53,14,23,7,121,40
20260808,r6_d30_t1_w15,130,72,987,555,360,498,15,7,50,28,22,7,131,43
20260808,r6_d30_t1_w15,131,71,997,562,364,501,14,13,48,25,18,9,131,43
20260808,r6_d30_t1_w15,132,66,1002,566,370,503,32,11,52,5,20,9,131,43
20260808,r6_d30_t1_w15,133,70,1012,567,375,507,33,5,55,7,18,10,131,43
20260808,r6_d30_t1_w15,134,70,1019,569,380,508,22,3,58,17,15,11,131,43
20260808,r6_d30_t1_w15,135,70,1025,575,380,512,13,8,55,24,17,11,131,43
20260808,r6_d30_t1_w15,136,77,1033,576,380,515,25,7,54,14,19,12,131,43
20260808,r6_d30_t1_w15,137,80,1040,580,380,520,31,5,55,9,17,13,131,43
20260808,r6_d30_t1_w15,138,88,1048,580,380,524,31,4,52,13,18,14,131,43
20260808,r6_d30_t1_w15,139,91,1054,581,382,530,40,1,50,9,17,16,131,43
20260808,r6_d30_t1_w15,140,88,1061,584,389,537,45,4,43,8,14,14,131,43
20260808,r6_d30_t1_w15,141,91,1071,586,394,541,48,5,40,7,13,16,131,43
20260808,r6_d30_t1_w15,142,93,1079,589,397,545,46,5,39,10,14,17,131,43
20260808,r6_d30_t1_w15,143,92,1084,590,402,546,40,4,40,16,14,17,131,43
20260808,r6_d30_t1_w15,144,94,1094,594,406,549,30,5,40,25,14,17,131,43
20260808,r6_d30_t1_w15,145,96,1102,597,409,551,20,7,39,34,15,17,131,43
20260808,r6_d30_t1_w15,146,91,1107,598,418,554,17,4,40,39,15,16,131,43
20260808,r6_d30_t1_w15,147,91,1116,607,418,558,18,10,39,33,13,13,131,43
20260808,r6_d30_t1_w15,148,87,1122,617,418,564,28,19,34,19,14,14,131,43
20260808,r6_d30_t1_w15,149,80,1127,629,418,568,28,22,39,11,12,13,131,43
20260808,r6_d30_t1_w15,150,86,1137,633,418,569,20,16,48,16,20,13,131,43
20260808,r6_d30_t1_w15,151,92,1145,635,418,572,7,6,57,30,21,13,131,43
20260808,r6_d30_t1_w15,152,89,1151,644,418,573,9,11,60,20,20,13,131,43
20260808,r6_d30_t1_w15,153,84,1161,654,423,576,17,19,59,5,20,11,131,43
20260808,r6_d30_t1_w15,154,86,1170,655,429,581,19,11,63,7,22,10,131,43
20260808,r6_d30_t1_w15,155,84,1176,658,434,584,17,4,70,9,23,9,126,43
20260808,r6_d30_t1_w15,156,78,1182,662,442,584,16,7,71,6,22,8,126,43
20260808,r6_d30_t1_w15,157,76,1189,665,448,588,18,7,70,5,21,7,126,43
20260808,r6_d30_t1_w15,158,80,1198,666,452,591,20,4,71,5,21,8,126,43
20260808,r6_d30_t1_w15,159,78,1204,667,459,596,19,2,69,10,21,8,126,43
20260808,r6_d30_t1_w15,160,77,1210,669,464,601,15,3,65,17,22,8,131,43
20260808,r6_d30_t1_w15,161,72,1216,678,466,606,17,11,61,11,21,9,131,43
20260808,r6_d30_t1_w15,162,68,1221,680,473,610,16,11,59,14,22,8,131,43
20260808,r6_d30_t1_w15,163,70,1229,682,477,615,9,4,63,24,19,10,131,43
20260808,r6_d30_t1_w15,164,68,1235,690,477,620,7,10,60,23,13,11,131,43
20260808,r6_d30_t1_w15,165,72,1240,691,477,626,13,9,56,22,12,12,131,43
20260808,r6_d30_t1_w15,166,79,1248,692,477,631,16,2,59,23,13,12,131,43
20260808,r6_d30_t1_w15,167,76,1256,703,477,635,11,12,56,21,13,11,131,43
20260808,r6_d30_t1_w15,168,74,1263,712,477,640,10,20,52,18,12,11,131,43
20260808,r6_d30_t1_w15,169,80,1273,716,477,644,18,13,59,10,12,11,131,43
20260808,r6_d30_t1_w15,170,85,1282,720,477,649,24,8,63,5,11,12,131,43
20260808,r6_d30_t1_w15,171,92,1291,722,477,652,24,6,64,6,14,13,131,43
20260808,r6_d30_t1_w15,172,95,1299,726,478,656,17,6,64,13,13,13,131,43
20260808,r6_d30_t1_w15,173,92,1307,730,485,659,12,8,63,17,13,13,131,43
20260808,r6_d30_t1_w15,174,95,1316,731,490,665,12,5,61,22,13,15,131,43
20260808,r6_d30_t1_w15,175,99,1326,733,494,670,14,3,60,23,13,14,131,43
20260808,r6_d30_t1_w15,176,102,1334,734,498,672,4,3,59,34,14,14,131,43
20260808,r6_d30_t1_w15,177,102,1340,739,499,678,4,6,55,35,12,14,131,43
20260808,r6_d30_t1_w15,178,102,1347,741,504,683,15,7,51,27,14,13,131,43
20260808,r6_d30_t1_w15,179,105,1355,742,508,685,18,3,54,25,15,15,131,43
20260808,r6_d30_t1_w15,180,105,1363,746,512,687,16,5,54,25,18,15,121,40
20260808,r6_d30_t1_w15,181,107,1372,746,519,690,15,4,52,29,22,15,121,40
20260808,r6_d30_t1_w15,182,102,1377,751,524,701,18,5,45,32,22,14,121,40
20260808,r6_d30_t1_w15,183,89,1382,763,530,706,19,17,40,24,20,14,121,40
20260808,r6_d30_t1_w15,184,72,1389,777,540,710,21,26,41,12,14,12,121,40
20260808,r6_d30_t1_w15,185,71,1399,779,549,716,18,16,47,19,19,11,131,43
20260808,r6_d30_t1_w15,186,69,1405,781,555,717,18,4,60,18,19,11,131,43
20260808,r6_d30_t1_w15,187,68,1412,782,562,720,26,3,59,12,21,9,131,43
20260808,r6_d30_t1_w15,188,66,1419,787,566,723,26,6,58,10,19,8,131,43
20260808,r6_d30_t1_w15,189,63,1424,791,570,728,26,9,54,11,19,8,131,43
20260808,r6_d30_t1_w15,190,55,1429,797,577,730,26,10,57,7,19,6,131,43
20260808,r6_d30_t1_w15,191,56,1439,802,581,732,27,11,59,3,18,6,131,43
20260808,r6_d30_t1_w15,192,59,1447,804,584,735,27,7,62,4,19,7,131,43
20260808,r6_d30_t1_w15,193,60,1454,805,589,738,29,3,64,4,17,7,131,43
20260808,r6_d30_t1_w15,194,55,1459,808,596,740,29,4,64,3,13,8,131,43
20260808,r6_d30_t1_w15,195,59,1465,810,596,744,30,5,61,4,12,9,131,43
20260808,r6_d30_t1_w15,196,62,1471,813,596,750,31,5,58,6,12,10,131,43
20260808,r6_d30_t1_w15,197,71,1481,814,596,753,25,4,57,14,13,11,131,43
20260808,r6_d30_t1_w15,198,72,1486,818,596,756,25,5,57,13,11,11,131,43
20260808,r6_d30_t1_w15,199,76,1492,820,596,761,37,6,53,4,11,11,131,43
20260808,r6_d30_t1_w15,200,84,1502,822,596,766,42,4,52,2,11,12,131,43
20260808,r6_d30_t1_w15,201,90,1509,823,596,775,38,3,45,14,13,12,131,43
20260808,r6_d30_t1_w15,202,94,1515,825,596,780,31,3,42,24,12,12,131,43
20260808,r6_d30_t1_w15,203,95,1524,829,600,783,32,6,40,22,12,13,131,43
20260808,r6_d30_t1_w15,204,100,1534,830,604,786,33,5,39,23,14,14,131,43
20260808,r6_d30_t1_w15,205,105,1544,832,607,790,33,3,39,25,15,14,131,43
20260808,r6_d30_t1_w15,206,100,1551,835,616,793,33,5,37,25,12,14,131,43
20260808,r6_d30_t1_w15,207,98,1556,837,621,794,33,5,38,24,13,12,131,43
20260808,r6_d30_t1_w15,208,97,1562,840,625,797,31,5,38,26,13,13,131,43
20260808,r6_d30_t1_w15,209,100,1571,843,628,800,32,6,37,25,13,12,131,43
20260808,r6_d30_t1_w15,210,93,1580,854,633,805,28,14,35,23,12,12,131,43
20260808,r6_d30_t1_w15,211,91,1590,864,635,809,13,21,34,32,14,12,131,43
20260808,r6_d30_t1_w15,212,86,1595,868,641,809,9,14,45,32,17,11,131,43
20260808,r6_d30_t1_w15,213,87,1604,872,645,813,15,8,51,26,21,11,131,43
20260808,r6_d30_t1_w15,214,81,1612,881,650,817,5,13,51,31,19,9,131,43
20260808,r6_d30_t1_w15,215,70,1622,893,659,818,0,21,54,25,20,9,131,43
20260808,r6_d30_t1_w15,216,65,1628,899,664,820,0,18,61,21,17,9,131,43
20260808,r6_d30_t1_w15,217,62,1633,903,668,825,1,10,68,21,18,9,131,43
20260808,r6_d30_t1_w15,218,61,1642,908,673,827,1,9,72,18,21,7,131,43
20260808,r6_d30_t1_w15,219,60,1651,911,680,828,1,8,75,16,23,6,131,43
20260808,r6_d30_t1_w15,220,59,1661,914,688,830,0,6,78,16,24,6,131,43
20260808,r6_d30_t1_w15,221,60,1670,915,695,831,0,4,80,16,24,7,131,43
20260808,r6_d30_t1_w15,222,60,1680,925,695,835,0,11,79,10,24,8,131,43
20260808,r6_d30_t1_w15,223,60,1685,930,695,837,0,15,78,7,21,9,131,43
20260808,r6_d30_t1_w15,224,63,1695,936,696,840,0,11,85,4,16,10,131,43
20260808,r6_d30_t1_w15,225,68,1703,939,696,850,1,9,80,10,16,11,131,43
20260808,r6_d30_t1_w15,226,77,1712,939,696,853,0,3,83,14,18,14,131,43
20260808,r6_d30_t1_w15,227,81,1721,944,696,859,1,5,80,14,15,16,131,43
20260808,r6_d30_t1_w15,228,89,1731,946,696,867,3,7,72,18,14,18,131,43
20260808,r6_d30_t1_w15,229,94,1740,950,696,871,6,6,73,15,13,18,131,43
20260808,r6_d30_t1_w15,230,97,1746,953,696,878,12,7,68,13,13,18,131,43
20260808,r6_d30_t1_w15,231,99,1753,958,696,882,12,8,68,12,11,18,131,43
20260808,r6_d30_t1_w15,232,100,1758,962,696,890,14,9,63,14,11,17,131,43
20260808,r6_d30_t1_w15,233,103,1763,964,696,897,9,6,61,24,10,20,131,43
20260808,r6_d30_t1_w15,234,102,1768,968,698,903,16,6,59,19,9,20,131,43
20260808,r6_d30_t1_w15,235,103,1777,970,704,909,34,6,55,5,10,20,111,40
20260808,r6_d30_t1_w15,236,99,1782,974,709,915,28,6,53,13,12,18,111,40
20260808,r6_d30_t1_w15,237,100,1791,975,716,916,18,5,54,23,15,17,111,40
20260808,r6_d30_t1_w15,238,103,1800,980,717,919,9,6,55,30,14,18,111,40
20260808,r6_d30_t1_w15,239,95,1805,983,727,925,9,8,50,33,13,16,111,40
20260808,r6_d30_t1_w15,240,97,1815,985,733,928,7,5,52,36,17,15,131,43
20260808,r6_d30_t1_w15,241,93,1820,987,740,934,13,4,49,34,19,12,131,43
20260808,r6_d30_t1_w15,242,95,1830,989,746,937,23,4,48,25,21,10,131,43
20260808,r6_d30_t1_w15,243,89,1838,996,753,940,24,9,47,20,21,9,131,43
20260808,r6_d30_t1_w15,244,81,1848,1009,758,947,25,20,42,13,20,8,131,43
20260808,r6_d30_t1_w15,245,74,1853,1016,763,952,24,20,44,12,22,8,131,43
20260808,r6_d30_t1_w15,246,73,1858,1022,763,954,14,13,55,18,24,8,131,43
20260808,r6_d30_t1_w15,247,71,1863,1028,764,955,11,12,61,16,22,8,131,43
20260808,r6_d30_t1_w15,248,72,1869,1029,768,959,24,7,63,6,24,6,131,43
20260808,r6_d30_t1_w15,249,76,1879,1030,773,962,27,2,66,5,25,7,131,43
20260808,r6_d30_t1_w15,250,72,1886,1033,781,965,27,4,64,5,24,8,131,43
20260808,r6_d30_t1_w15,251,71,1893,1038,784,971,16,8,59,17,22,10,131,43
20260808,r6_d30_t1_w15,252,70,1898,1039,789,972,13,6,61,20,21,12,131,43
20260808,r6_d30_t1_w15,253,70,1907,1045,792,974,0,7,64,29,21,13,131,43
20260808,r6_d30_t1_w15,254,73,1916,1049,794,982,2,10,57,31,19,15,131,43
20260808,r6_d30_t1_w15,255,69,1925,1062,794,987,2,17,58,23,16,15,122,43
20260808,r6_d30_t1_w15,256,76,1935,1065,794,991,2,16,58,24,16,17,122,43
20260808,r6_d30_t1_w15,257,77,1942,1070,795,994,15,8,68,9,12,16,122,43
20260808,r6_d30_t1_w15,258,84,1952,1073,795,999,24,8,66,2,10,16,122,43
20260808,r6_d30_t1_w15,259,87,1960,1074,799,1004,25,4,66,5,12,15,122,43
20260808,r6_d30_t1_w15,260,89,1966,1075,802,1008,20,2,65,13,12,14,131,43
20260808,r6_d30_t1_w15,261,94,1974,1078,802,1009,10,4,65,21,12,15,131,43
20260808,r6_d30_t1_w15,262,97,1983,1083,803,1015,14,8,60,18,12,14,131,43
20260808,r6_d30_t1_w15,263,98,1989,1084,807,1020,26,6,58,10,14,14,131,43
20260808,r6_d30_t1_w15,264,93,1994,1088,813,1022,15,5,61,19,16,12,131,43
20260808,r6_d30_t1_w15,265,93,1999,1092,814,1029,8,8,55,29,13,13,131,43
20260808,r6_d30_t1_w15,266,96,2008,1096,816,1035,17,8,53,22,12,14,131,43
20260808,r6_d30_t1_w15,267,97,2014,1097,820,1039,28,5,53,14,14,14,131,43
20260808,r6_d30_t1_w15,268,96,2021,1099,826,1042,12,3,54,31,15,15,131,43
20260808,r6_d30_t1_w15,269,96,2029,1103,830,1043,5,6,54,35,14,15,131,43
20260808,r6_d30_t1_w15,270,94,2037,1107,836,1051,7,8,48,37,19,13,131,43
20260808,r6_d30_t1_w15,271,89,2045,1113,843,1056,1,10,47,42,18,13,131,43
20260808,r6_d30_t1_w15,272,89,2052,1116,847,1061,3,9,46,42,20,13,131,43
20260808,r6_d30_t1_w15,273,84,2062,1123,855,1066,3,10,47,40,21,13,131,43
20260808,r6_d30_t1_w15,274,70,2071,1143,858,1068,2,27,48,23,20,11,131,43
20260808,r6_d30_t1_w15,275,72,2080,1147,861,1073,6,24,50,20,21,10,131,43
20260808,r6_d30_t1_w15,276,63,2089,1157,869,1079,5,14,64,17,20,8,131,43
20260808,r6_d30_t1_w15,277,52,2094,1166,876,1081,0,19,66,15,18,8,131,43
20260808,r6_d30_t1_w15,278,54,2104,1172,878,1083,0,15,74,11,19,6,131,43
20260808,r6_d30_t1_w15,279,57,2110,1174,879,1084,2,8,82,8,21,6,131,43
20260808,r6_d30_t1_w15,280,54,2116,1178,884,1087,0,6,85,9,20,7,131,43
20260808,r6_d30_t1_w15,281,49,2122,1183,890,1090,0,9,84,7,18,7,131,43
20260808,r6_d30_t1_w15,282,52,2129,1184,893,1093,3,6,85,6,18,8,131,43
20260808,r6_d30_t1_w15,283,54,2137,1185,898,1098,0,2,85,13,17,10,131,43
20260808,r6_d30_t1_w15,284,56,2147,1187,904,1101,0,3,83,14,13,10,131,43
20260808,r6_d30_t1_w15,285,62,2155,1189,904,1108,2,4,77,17,13,10,121,40
20260808,r6_d30_t1_w15,286,65,2161,1192,904,1117,5,5,70,20,15,11,121,40
20260808,r6_d30_t1_w15,287,64,2167,1199,904,1121,4,10,68,18,12,10,121,40
20260808,r6_d30_t1_w15,288,72,2177,1201,904,1125,9,9,67,15,13,10,121,40
20260808,r6_d30_t1_w15,289,71,2183,1208,904,1131,14,9,68,9,13,9,121,40
20260808,r6_d30_t1_w15,290,74,2189,1211,904,1138,9,10,63,18,13,9,126,43
20260808,r6_d30_t1_w15,291,79,2198,1215,904,1144,7,7,64,22,13,11,126,43
20260808,r6_d30_t1_w15,292,83,2204,1217,904,1149,6,6,62,26,14,11,126,43
20260808,r6_d30_t1_w15,293,86,2214,1224,904,1157,2,9,58,31,11,12,126,43
20260808,r6_d30_t1_w15,294,93,2223,1226,904,1161,10,9,56,25,11,12,126,43
20260808,r6_d30_t1_w15,295,94,2228,1228,906,1169,12,4,55,29,10,12,131,43
20260808,r6_d30_t1_w15,296,90,2234,1238,906,1172,12,12,54,22,11,12,131,43
20260808,r6_d30_t1_w15,297,90,2239,1243,906,1178,16,15,50,19,11,13,131,43
20260808,r6_d30_t1_w15,298,92,2248,1246,910,1180,17,8,58,17,11,15,131,43
20260808,r6_d30_t1_w15,299,93,2257,1247,917,1182,17,4,61,18,12,14,131,43
20260808,r6_d30_t1_w15,300,94,2266,1248,924,1185,9,2,61,28,18,14,131,43
20260808,r6_d30_t1_w15,301,93,2273,1256,924,1189,10,9,58,23,19,12,131,43
20260808,r6_d30_t1_w15,302,86,2278,1268,924,1197,10,20,51,19,17,12,131,43
20260808,r6_d30_t1_w15,303,76,2284,1277,931,1198,9,21,58,12,18,9,131,43
20260808,r6_d30_t1_w15,304,76,2292,1282,934,1200,0,14,68,18,20,9,131,43
20260808,r6_d30_t1_w15,305,75,2300,1286,939,1202,1,9,75,15,21,9,131,43
20260808,r6_d30_t1_w15,306,71,2305,1291,943,1208,11,9,74,6,21,8,131,43
20260808,r6_d30_t1_w15,307,75,2315,1293,947,1215,8,7,71,14,25,8,131,43
20260808,r6_d30_t1_w15,308,71,2322,1296,955,1218,0,5,73,22,27,8,131,43
20260808,r6_d30_t1_w15,309,71,2332,1300,961,1224,0,7,69,24,27,9,131,43
20260808,r6_d30_t1_w15,310,73,2342,1303,966,1227,0,7,69,24,28,10,131,43
20260808,r6_d30_t1_w15,311,73,2348,1306,969,1230,0,6,70,24,26,10,131,43
20260808,r6_d30_t1_w15,312,73,2356,1309,974,1235,7,6,68,19,22,11,131,43
20260808,r6_d30_t1_w15,313,71,2362,1311,980,1238,9,5,68,18,20,12,131,43
20260808,r6_d30_t1_w15,314,65,2367,1315,987,1247,11,6,62,21,15,12,131,43
20260808,r6_d30_t1_w15,315,68,2372,1317,987,1250,1,6,61,32,14,12,131,43
20260808,r6_d30_t1_w15,316,70,2379,1322,987,1255,1,7,60,32,14,10,131,43
20260808,r6_d30_t1_w15,317,74,2386,1325,987,1265,2,8,52,38,15,12,131,43
20260808,r6_d30_t1_w15,318,72,2391,1332,987,1271,4,10,51,35,13,12,131,43
20260808,r6_d30_t1_w15,319,69,2397,1341,987,1277,16,16,48,20,11,12,131,43
20260808,r6_d30_t1_w15,320,74,2404,1343,987,1282,24,11,50,15,10,13,131,43
20260808,r6_d30_t1_w15,321,80,2413,1346,987,1285,23,5,56,16,11,13,131,43
20260808,r6_d30_t1_w15,322,87,2422,1348,987,1289,12,5,54,29,14,13,131,43
20260808,r6_d30_t1_w15,323,91,2431,1352,988,1293,0,6,53,41,15,13,131,43
20260808,r6_d30_t1_w15,324,87,2438,1358,993,1296,1,10,52,37,13,13,131,43
20260808,r6_d30_t1_w15,325,87,2448,1368,993,1298,13,16,54,17,13,15,131,43
20260808,r6_d30_t1_w15,326,86,2453,1371,996,1300,23,13,58,6,11,14,131,43
20260808,r6_d30_t1_w15,327,85,2462,1374,1003,1306,26,6,62,6,12,14,131,43
20260808,r6_d30_t1_w15,328,89,2470,1374,1007,1308,15,3,63,19,13,16,131,43
20260808,r6_d30_t1_w15,329,90,2479,1379,1010,1313,15,5,61,19,12,16,131,43
20260808,r6_d30_t1_w15,330,94,2487,1381,1012,1315,5,7,59,29,17,15,131,43
20260808,r6_d30_t1_w15,331,92,2492,1386,1014,1319,0,7,60,33,18,14,131,43
20260808,r6_d30_t1_w15,332,88,2502,1396,1018,1325,0,15,56,29,22,13,131,43
20260808,r6_d30_t1_w15,333,86,2509,1404,1019,1328,0,18,58,24,20,12,131,43
20260808,r6_d30_t1_w15,334,83,2518,1416,1019,1329,0,20,67,13,19,11,131,43
20260808,r6_d30_t1_w15,335,86,2525,1418,1021,1334,2,14,70,14,21,10,121,40
20260808,r6_d30_t1_w15,336,83,2530,1426,1021,1338,5,10,78,7,21,8,121,40
20260808,r6_d30_t1_w15,337,83,2536,1431,1022,1343,6,13,75,6,21,8,121,40
20260808,r6_d30_t1_w15,338,80,2543,1434,1029,1353,7,8,73,12,21,7,121,40
20260808,r6_d30_t1_w15,339,79,2551,1438,1034,1356,7,7,75,11,22,8,121,40
20260808,r6_d30_t1_w15,340,70,2556,1444,1042,1363,4,10,71,15,24,7,131,43
20260808,r6_d30_t1_w15,341,68,2562,1448,1046,1366,3,10,72,15,23,7,131,43
20260808,r6_d30_t1_w15,342,72,2572,1452,1048,1369,3,8,75,14,22,8,131,43
20260808,r6_d30_t1_w15,343,72,2581,1455,1054,1374,3,7,74,16,20,11,131,43
20260808,r6_d30_t1_w15,344,71,2589,1458,1060,1380,1,6,72,21,15,11,131,43
20260808,r6_d30_t1_w15,345,73,2594,1461,1060,1383,0,6,72,22,18,11,131,43
20260808,r6_d30_t1_w15,346,77,2604,1467,1060,1386,2,9,72,17,17,13,131,43
20260808,r6_d30_t1_w15,347,83,2610,1467,1060,1390,1,6,71,22,18,14,131,43
20260808,r6_d30_t1_w15,348,84,2615,1471,1060,1392,5,4,75,16,16,14,131,43
20260808,r6_d30_t1_w15,349,84,2622,1476,1062,1394,10,9,73,8,15,14,131,43
20260808,r6_d30_t1_w15,350,85,2627,1476,1066,1401,17,5,70,8,15,14,131,43
20260808,r6_d30_t1_w15,351,85,2633,1479,1069,1407,19,3,69,9,16,13,131,43
20260808,r6_d30_t1_w15,352,84,2638,1482,1072,1416,14,6,60,20,15,13,131,43
20260808,r6_d30_t1_w15,353,86,2648,1486,1076,1426,8,7,53,32,14,14,131,43
20260808,r6_d30_t1_w15,354,87,2658,1490,1081,1432,11,8,50,31,14,14,131,43
20260808,r6_d30_t1_w15,355,90,2666,1493,1083,1436,14,7,50,29,13,13,131,43
20260808,r6_d30_t1_w15,356,92,2675,1499,1084,1440,14,9,50,27,15,14,131,43
20260808,r6_d30_t1_w15,357,92,2685,1501,1092,1445,7,8,48,37,17,14,131,43
20260808,r6_d30_t1_w15,358,93,2695,1505,1097,1449,5,6,50,39,17,16,131,43
20260808,r6_d30_t1_w15,359,84,2701,1517,1100,1455,18,16,46,20,14,13,131,43
20260808,r6_d30_t1_w15,360,83,2708,1525,1100,1460,14,20,45,21,15,12,126,43
20260808,r6_d30_t1_w15,361,87,2715,1527,1101,1463,3,10,54,33,17,12,126,43
20260808,r6_d30_t1_w15,362,86,2721,1531,1104,1463,12,6,62,20,19,11,126,43
20260808,r6_d30_t1_w15,363,73,2726,1544,1109,1470,13,17,57,13,16,10,126,43
20260808,r6_d30_t1_w15,364,72,2733,1548,1113,1474,14,17,57,12,18,8,126,43
20260808,r6_d30_t1_w15,365,71,2742,1558,1113,1475,14,14,69,3,20,7,131,43
20260808,r6_d30_t1_w15,366,77,2750,1560,1113,1478,13,12,70,5,21,7,131,43
20260808,r6_d30_t1_w15,367,80,2759,1562,1117,1481,11,4,77,8,20,7,131,43
20260808,r6_d30_t1_w15,368,76,2765,1566,1123,1484,12,6,76,6,20,7,131,43
20260808,r6_d30_t1_w15,369,75,2771,1567,1129,1486,12,5,76,7,21,8,131,43
20260808,r6_d30_t1_w15,370,74,2778,1569,1135,1491,13,3,75,9,21,10,131,43
20260808,r6_d30_t1_w15,371,76,2787,1575,1136,1495,13,8,72,7,21,11,131,43
20260808,r6_d30_t1_w15,372,72,2795,1580,1143,1497,12,11,72,5,17,11,131,43
20260808,r6_d30_t1_w15,373,68,2800,1583,1149,1499,12,8,76,4,15,11,131,43
20260808,r6_d30_t1_w15,374,66,2806,1586,1154,1503,12,6,77,5,11,13,131,43
20260808,r6_d30_t1_w15,375,71,2812,1587,1154,1511,15,4,72,9,13,13,131,43
20260808,r6_d30_t1_w15,376,73,2817,1590,1154,1520,17,4,66,13,12,13,131,43
20260808,r6_d30_t1_w15,377,78,2827,1595,1154,1526,15,8,61,16,11,13,131,43
20260808,r6_d30_t1_w15,378,83,2834,1597,1154,1530,10,7,60,23,10,15,131,43
20260808,r6_d30_t1_w15,379,87,2841,1600,1154,1535,11,5,60,24,10,15,131,43
20260808,r6_d30_t1_w15,380,90,2849,1605,1154,1544,22,8,53,17,12,15,115,42
20260808,r6_d30_t1_w15,381,97,2858,1607,1154,1549,22,7,51,20,13,15,115,42
20260808,r6_d30_t1_w15,382,93,2864,1614,1157,1556,23,9,49,19,11,14,115,42
20260808,r6_d30_t1_w15,383,93,2871,1615,1163,1563,36,8,44,12,10,15,115,42
20260808,r6_d30_t1_w15,384,95,2880,1619,1166,1566,37,5,48,10,11,13,115,42
20260808,r6_d30_t1_w15,385,96,2887,1625,1166,1571,30,10,44,16,11,15,131,43
20260808,r6_d30_t1_w15,386,95,2893,1630,1168,1575,22,11,44,23,12,15,131,43
20260808,r6_d30_t1_w15,387,94,2899,1632,1173,1578,12,7,47,34,14,15,131,43
20260808,r6_d30_t1_w15,388,95,2907,1635,1177,1582,9,5,48,38,14,15,131,43
20260808,r6_d30_t1_w15,389,89,2913,1647,1177,1584,18,15,48,19,16,15,131,43
20260808,r6_d30_t1_w15,390,97,2922,1648,1177,1586,9,13,49,29,24,15,121,40
20260808,r6_d30_t1_w15,391,99,2930,1651,1180,1589,7,4,58,31,27,14,121,40
20260808,r6_d30_t1_w15,392,97,2940,1663,1180,1590,4,15,58,23,27,13,121,40
20260808,r6_d30_t1_w15,393,99,2950,1669,1182,1597,4,18,54,24,26,13,121,40
20260808,r6_d30_t1_w15,394,90,2959,1682,1187,1599,6,19,64,11,23,12,121,40
20260808,r6_d30_t1_w15,395,87,2965,1685,1193,1601,7,16,68,9,22,11,131,43
20260808,r6_d30_t1_w15,396,85,2973,1689,1199,1603,7,7,79,7,23,9,131,43
20260808,r6_d30_t1_w15,397,83,2978,1694,1201,1607,8,9,78,5,23,8,131,43
20260808,r6_d30_t1_w15,398,86,2988,1696,1206,1610,8,7,79,6,23,9,131,43
20260808,r6_d30_t1_w15,399,82,2993,1698,1213,1613,9,4,81,6,23,11,131,43
20260808,r6_d30_t1_w15,400,84,3003,1700,1219,1621,12,4,75,9,21,11,131,43
20260808,r6_d30_t1_w15,401,84,3009,1704,1221,1624,14,6,74,6,19,11,131,43
20260808,r6_d30_t1_w15,402,83,3015,1710,1222,1629,15,10,71,4,18,13,131,43
20260808,r6_d30_t1_w15,403,82,3020,1712,1226,1630,13,8,74,5,17,13,131,43
20260808,r6_d30_t1_w15,404,85,3029,1716,1228,1636,14,6,74,6,16,13,131,43
20260808,r6_d30_t1_w15,405,91,3038,1718,1229,1643,10,6,69,15,18,13,131,43
20260808,r6_d30_t1_w15,406,91,3043,1723,1229,1646,8,7,70,15,18,13,131,43
20260808,r6_d30_t1_w15,407,92,3051,1727,1232,1655,10,9,63,18,18,13,131,43
20260808,r6_d30_t1_w15,408,93,3057,1728,1236,1660,13,5,63,19,17,13,131,43
20260808,r6_d30_t1_w15,409,88,3063,1735,1240,1666,13,8,61,18,18,12,131,43
20260808,r6_d30_t1_w15,410,89,3071,1737,1245,1674,8,9,54,29,17,12,131,43
20260808,r6_d30_t1_w15,411,84,3077,1743,1250,1679,3,8,56,33,13,11,131,43
20260808,r6_d30_t1_w15,412,86,3086,1747,1253,1682,8,10,55,27,14,12,131,43
20260808,r6_d30_t1_w15,413,83,3095,1754,1258,1684,13,11,59,17,17,12,131,43
20260808,r6_d30_t1_w15,414,82,3103,1763,1258,1691,7,16,56,21,15,12,131,43
20260808,r6_d30_t1_w15,415,80,3109,1765,1264,1694,3,11,60,26,15,11,131,43
20260808,r6_d30_t1_w15,416,78,3116,1768,1270,1700,6,5,63,26,14,12,131,43
20260808,r6_d30_t1_w15,417,78,3123,1770,1275,1705,5,5,60,30,13,11,131,43
20260808,r6_d30_t1_w15,418,70,3130,1785,1275,1708,4,17,60,19,12,10,131,43
20260808,r6_d30_t1_w15,419,69,3135,1791,1275,1711,4,21,59,16,13,10,131,43
20260808,r6_d30_t1_w15,420,71,3141,1795,1275,1714,4,10,71,15,16,10,131,43
20260808,r6_d30_t1_w15,421,74,3146,1797,1275,1716,4,6,75,15,18,10,131,43
20260808,r6_d30_t1_w15,422,80,3153,1798,1275,1720,4,3,75,18,22,10,131,43
20260808,r6_d30_t1_w15,423,77,3161,1806,1278,1723,3,9,74,14,24,10,131,43
20260808,r6_d30_t1_w15,424,81,3170,1810,1279,1726,0,12,72,16,24,10,131,43
20260808,r6_d30_t1_w15,425,77,3176,1818,1281,1731,0,12,75,13,23,9,131,43
20260808,r6_d30_t1_w15,426,83,3186,1819,1284,1737,4,9,73,14,24,7,131,43
20260808,r6_d30_t1_w15,427,84,3195,1823,1288,1745,5,5,73,17,24,8,131,43
20260808,r6_d30_t1_w15,428,84,3201,1827,1290,1750,4,8,69,19,23,9,131,43
20260808,r6_d30_t1_w15,429,80,3209,1834,1295,1757,4,11,66,19,21,10,131,43
20260808,r6_d30_t1_w15,430,84,3218,1837,1297,1760,7,10,67,16,22,11,131,43
20260808,r6_d30_t1_w15,431,84,3226,1842,1300,1765,10,8,69,13,20,10,131,43
20260808,r6_d30_t1_w15,432,82,3234,1846,1306,1770,13,9,67,11,17,12,131,43
20260808,r6_d30_t1_w15,433,81,3241,1851,1309,1777,14,9,65,12,14,12,131,43
20260808,r6_d30_t1_w15,434,82,3246,1852,1312,1781,11,6,65,18,12,12,131,43
20260808,r6_d30_t1_w15,435,85,3254,1857,1312,1785,11,6,66,17,11,12,131,43
20260808,r6_d30_t1_w15,436,86,3264,1866,1312,1789,6,14,63,17,12,12,131,43
20260808,r6_d30_t1_w15,437,89,3270,1869,1312,1793,9,12,64,15,12,13,131,43
20260808,r6_d30_t1_w15,438,87,3277,1878,1312,1800,9,12,66,13,12,12,131,43
20260808,r6_d30_t1_w15,439,95,3287,1880,1312,1804,7,11,65,17,14,13,131,43
20260808,r6_d30_t1_w15,440,95,3292,1885,1312,1808,5,7,70,18,12,13,131,43
20260808,r6_d30_t1_w15,441,103,3302,1887,1312,1815,11,7,65,17,12,15,131,43
20260808,r6_d30_t1_w15,442,103,3310,1888,1319,1817,15,3,68,14,11,15,131,43
20260808,r6_d30_t1_w15,443,105,3319,1890,1324,1820,17,3,67,13,14,15,131,43
20260808,r6_d30_t1_w15,444,103,3325,1892,1330,1826,18,4,62,16,13,15,131,43
20260808,r6_d30_t1_w15,445,101,3332,1897,1334,1830,16,7,60,17,12,16,121,40
20260808,r6_d30_t1_w15,446,102,3340,1898,1340,1834,17,6,58,19,15,17,121,40
20260808,r6_d30_t1_w15,447,104,3350,1900,1346,1836,1,3,61,35,17,19,121,40
20260808,r6_d30_t1_w15,448,95,3355,1914,1346,1842,0,16,56,28,13,18,121,40
20260808,r6_d30_t1_w15,449,100,3362,1916,1346,1852,15,16,48,21,15,17,121,40
20260808,r6_d30_t1_w15,450,100,3371,1918,1353,1855,12,4,59,25,20,15,131,43
20260808,r6_d30_t1_w15,451,94,3379,1932,1353,1859,0,16,57,27,21,14,131,43
20260808,r6_d30_t1_w15,452,91,3387,1943,1353,1864,0,25,54,21,23,11,131,43
20260808,r6_d30_t1_w15,453,88,3393,1952,1353,1867,4,20,65,11,21,11,131,43
20260808,r6_d30_t1_w15,454,86,3401,1954,1361,1869,4,11,74,11,23,11,131,43
20260808,r6_d30_t1_w15,455,90,3410,1956,1364,1873,3,4,79,14,25,10,131,43
20260808,r6_d30_t1_w15,456,82,3416,1963,1371,1880,0,9,74,17,23,10,131,43
20260808,r6_d30_t1_w15,457,77,3423,1967,1379,1884,1,11,72,16,23,7,131,43
20260808,r6_d30_t1_w15,458,76,3430,1969,1385,1888,8,6,75,11,23,7,131,43
20260808,r6_d30_t1_w15,459,75,3439,1979,1385,1891,7,12,76,5,22,7,131,43
20260808,r6_d30_t1_w15,460,77,3448,1980,1391,1894,3,11,75,11,22,9,131,43
20260808,r6_d30_t1_w15,461,78,3457,1984,1395,1899,4,5,80,11,23,9,131,43
20260808,r6_d30_t1_w15,462,76,3467,1989,1402,1901,3,9,79,9,22,12,131,43
20260808,r6_d30_t1_w15,463,78,3476,1991,1407,1908,4,7,76,13,20,14,131,43
20260808,r6_d30_t1_w15,464,77,3483,1996,1410,1911,5,7,78,10,15,14,131,43
20260808,r6_d30_t1_w15,465,81,3492,2001,1410,1917,8,10,74,8,12,16,131,43
20260808,r6_d30_t1_w15,466,86,3498,2001,1411,1923,6,5,73,16,12,18,131,43
20260808,r6_d30_t1_w15,467,91,3505,2003,1411,1928,7,2,73,18,11,17,131,43
20260808,r6_d30_t1_w15,468,96,3514,2007,1411,1937,16,6,64,14,9,20,131,43
20260808,r6_d30_t1_w15,469,101,3521,2009,1411,1940,23,6,63,8,9,21,131,43
20260808,r6_d30_t1_w15,470,98,3526,2017,1411,1947,27,10,60,3,10,20,131,43
20260808,r6_d30_t1_w15,471,102,3533,2019,1412,1952,22,10,57,11,11,20,131,43
20260808,r6_d30_t1_w15,472,103,3539,2020,1416,1961,13,3,56,28,12,20,131,43
20260808,r6_d30_t1_w15,473,101,3547,2024,1422,1967,13,5,52,30,12,18,131,43
20260808,r6_d30_t1_w15,474,101,3556,2031,1424,1972,12,11,48,29,12,19,131,43
20260808,r6_d30_t1_w15,475,100,3565,2036,1429,1977,11,12,47,30,12,18,131,43
20260808,r6_d30_t1_w15,476,99,3570,2039,1432,1982,15,8,49,28,13,17,131,43
20260808,r6_d30_t1_w15,477,99,3580,2042,1439,1983,14,6,53,27,13,16,131,43
20260808,r6_d30_t1_w15,478,98,3587,2044,1445,1987,16,5,52,27,13,15,131,43
20260808,r6_d30_t1_w15,479,95,3592,2046,1451,1992,15,4,50,31,15,15,131,43
20260808,r6_d30_t1_w15,480,89,3597,2050,1458,1993,2,6,51,41,16,14,131,43
20260808,r6_d30_t1_w15,481,87,3603,2053,1463,1997,0,7,49,44,17,13,131,43
20260808,r6_d30_t1_w15,482,81,3609,2059,1469,2000,3,9,50,38,15,12,131,43
20260808,r6_d30_t1_w15,483,70,3619,2072,1477,2003,9,19,50,22,17,11,131,43
20260808,r6_d30_t1_w15,484,59,3625,2083,1483,2007,5,24,52,19,14,9,131,43
20260808,r6_d30_t1_w15,485,62,3633,2086,1485,2012,6,14,60,20,16,9,131,43
20260808,r6_d30_t1_w15,486,65,3642,2088,1489,2014,14,5,69,12,19,8,131,43
20260808,r6_d30_t1_w15,487,67,3650,2090,1493,2015,2,4,71,23,23,7,131,43
20260808,r6_d30_t1_w15,488,66,3658,2094,1498,2019,6,6,69,19,25,6,131,43
20260808,r6_d30_t1_w15,489,67,3666,2094,1505,2019,8,4,71,17,26,6,131,43
20260808,r6_d30_t1_w15,490,63,3671,2097,1511,2021,5,3,73,19,25,7,126,43
20260808,r6_d30_t1_w15,491,64,3678,2100,1514,2027,3,6,67,24,25,7,126,43
20260808,r6_d30_t1_w15,492,60,3686,2103,1523,2034,2,6,63,29,22,7,126,43
20260808,r6_d30_t1_w15,493,58,3692,2105,1529,2039,2,5,61,32,18,8,126,43
20260808,r6_d30_t1_w15,494,59,3699,2111,1529,2043,6,8,60,26,15,9,126,43
20260808,r6_d30_t1_w15,495,56,3706,2121,1529,2047,6,16,58,20,14,10,131,43
20260808,r6_d30_t1_w15,496,62,3715,2124,1529,2054,6,13,57,24,11,12,131,43
20260808,r6_d30_t1_w15,497,65,3721,2127,1529,2058,18,6,63,13,14,12,131,43
20260808,r6_d30_t1_w15,498,72,3729,2128,1529,2065,19,4,59,18,13,13,131,43
20260808,r6_d30_t1_w15,499,76,3735,2130,1529,2070,10,3,57,30,13,13,131,43
20260808,r6_d30_t1_w15,500,80,3742,2133,1529,2078,16,5,50,29,13,13,131,43
20260808,r6_d30_t1_w15,501,81,3747,2137,1529,2082,25,7,48,20,10,13,131,43
20260808,r6_d30_t1_w15,502,79,3752,2139,1534,2087,36,6,46,12,12,13,131,43
20260808,r6_d30_t1_w15,503,82,3759,2143,1534,2088,17,6,49,28,14,13,131,43
20260808,r6_d30_t1_w15,504,78,3764,2149,1537,2091,4,10,48,38,11,13,131,43
20260808,r6_d30_t1_w15,505,80,3771,2154,1537,2093,14,11,50,25,10,13,131,43
20260808,r6_d30_t1_w15,506,85,3780,2154,1541,2095,23,5,54,18,10,14,131,43
20260808,r6_d30_t1_w15,507,84,3790,2157,1549,2102,29,3,52,16,12,11,131,43
20260808,r6_d30_t1_w15,508,82,3796,2165,1549,2105,19,11,49,21,13,11,131,43
20260808,r6_d30_t1_w15,509,83,3804,2172,1549,2108,13,15,49,23,12,12,131,43
20260808,r6_d30_t1_w15,510,88,3811,2173,1550,2112,9,8,53,30,18,11,131,43
20260808,r6_d30_t1_w15,511,86,3819,2174,1559,2116,1,2,56,41,21,11,131,43
20260808,r6_d30_t1_w15,512,81,3826,2184,1561,2118,2,11,55,32,19,11,131,43
20260808,r6_d30_t1_w15,513,78,3832,2192,1562,2125,8,18,49,25,21,10,131,43
20260808,r6_d30_t1_w15,514,77,3837,2195,1565,2128,4,11,56,29,21,9,131,43
20260808,r6_d30_t1_w15,515,75,3843,2202,1566,2130,2,10,62,26,21,9,131,43
20260808,r6_d30_t1_w15,516,77,3853,2205,1571,2134,4,10,61,25,21,8,131,43
20260808,r6_d30_t1_w15,517,83,3862,2207,1572,2138,13,5,64,18,22,8,131,43
20260808,r6_d30_t1_w15,518,85,3872,2215,1572,2141,12,10,64,14,21,10,131,43
20260808,r6_d30_t1_w15,519,83,3877,2218,1576,2143,6,11,64,19,23,10,131,43
20260808,r6_d30_t1_w15,520,86,3886,2219,1581,2144,2,4,71,23,26,10,101,38
20260808,r6_d30_t1_w15,521,83,3894,2221,1590,2149,0,3,69,28,25,13,101,38
20260808,r6_d30_t1_w15,522,80,3901,2225,1596,2153,11,6,66,17,21,13,101,38
20260808,r6_d30_t1_w15,523,83,3911,2227,1601,2155,21,6,66,7,18,13,101,38
20260808,r6_d30_t1_w15,524,85,3920,2232,1603,2159,16,7,66,11,16,14,101,38
20260808,r6_d30_t1_w15,525,88,3925,2234,1603,2167,9,7,60,24,16,14,126,43
20260808,r6_d30_t1_w15,526,91,3932,2237,1604,2172,3,5,60,32,17,14,126,43
20260808,r6_d30_t1_w15,527,93,3939,2238,1608,2177,4,4,57,35,18,13,126,43
20260808,r6_d30_t1_w15,528,93,3946,2244,1609,2181,4,7,56,33,14,13,126,43
20260808,r6_d30_t1_w15,529,93,3952,2249,1610,2186,9,11,52,28,14,14,126,43
20260808,r6_d30_t1_w15,530,97,3962,2251,1614,2194,18,7,50,25,14,14,131,43
20260808,r6_d30_t1_w15,531,92,3967,2254,1621,2198,21,5,51,23,11,12,131,43
20260808,r6_d30_t1_w15,532,91,3977,2261,1625,2202,24,10,49,17,12,12,131,43
20260808,r6_d30_t1_w15,533,84,3983,2268,1631,2210,27,14,44,15,13,13,131,43
20260808,r6_d30_t1_w15,534,87,3990,2271,1632,2215,31,10,46,13,11,13,131,43
20260808,r6_d30_t1_w15,535,88,3996,2276,1632,2221,34,8,47,11,11,13,131,43
20260808,r6_d30_t1_w15,536,90,4001,2278,1633,2223,35,7,48,10,11,13,131,43
20260808,r6_d30_t1_w15,537,93,4011,2284,1634,2225,37,8,51,4,11,14,131,43
20260808,r6_d30_t1_w15,538,92,4019,2284,1643,2227,32,6,51,11,14,14,131,43
20260808,r6_d30_t1_w15,539,93,4029,2286,1650,2228,31,2,56,11,13,15,131,43
20260808,r6_d30_t1_w15,540,93,4036,2290,1653,2235,30,6,49,15,16,15,131,43
20260808,r6_d30_t1_w15,541,96,4043,2290,1657,2237,5,4,49,42,20,15,131,43
20260808,r6_d30_t1_w15,542,89,4048,2302,1657,2237,1,12,53,34,18,12,131,43
20260808,r6_d30_t1_w15,543,78,4058,2319,1661,2242,1,29,48,22,17,12,131,43
20260808,r6_d30_t1_w15,544,81,4067,2320,1666,2245,2,18,57,23,17,11,131,43
20260808,r6_d30_t1_w15,545,73,4072,2326,1673,2248,2,7,71,20,16,10,131,43
20260808,r6_d30_t1_w15,546,71,4078,2332,1675,2252,4,12,68,16,18,8,131,43
20260808,r6_d30_t1_w15,547,64,4087,2345,1678,2262,9,19,64,8,17,7,131,43
20260808,r6_d30_t1_w15,548,64,4093,2346,1683,2264,8,14,68,10,20,7,131,43
20260808,r6_d30_t1_w15,549,65,4103,2349,1689,2269,7,4,76,13,23,7,131,43
20260808,r6_d30_t1_w15,550,65,4109,2351,1693,2273,3,5,73,19,22,10,126,43
20260808,r6_d30_t1_w15,551,60,4114,2356,1698,2276,3,7,73,17,20,9,126,43
20260808,r6_d30_t1_w15,552,59,4123,2357,1707,2282,12,6,69,13,18,9,126,43
20260808,r6_d30_t1_w15,553,59,4133,2362,1712,2282,11,6,74,9,18,8,126,43
20260808,r6_d30_t1_w15,554,55,4141,2369,1717,2289,5,12,68,15,12,8,126,43
20260808,r6_d30_t1_w15,555,61,4149,2371,1717,2294,3,9,68,20,13,10,131,43
20260808,r6_d30_t1_w15,556,68,4158,2373,1717,2298,3,4,71,22,13,13,131,43
20260808,r6_d30_t1_w15,557,72,4167,2378,1717,2307,4,7,64,25,11,12,131,43
20260808,r6_d30_t1_w15,558,77,4174,2380,1717,2309,7,7,64,22,12,10,131,43
20260808,r6_d30_t1_w15,559,78,4181,2386,1717,2313,12,8,65,15,11,11,131,43
20260808,r6_d30_t1_w15,560,87,4191,2387,1717,2321,20,7,59,14,11,12,131,43
20260808,r6_d30_t1_w15,561,91,4201,2393,1717,2325,17,7,61,15,11,12,131,43
20260808,r6_d30_t1_w15,562,98,4210,2395,1717,2331,6,8,56,30,14,13,131,43
20260808,r6_d30_t1_w15,563,99,4216,2400,1717,2337,2,7,56,35,14,12,131,43
20260808,r6_d30_t1_w15,564,98,4223,2407,1718,2345,6,12,50,32,11,14,131,43
20260808,r6_d30_t1_w15,565,100,4230,2408,1722,2348,15,8,52,25,11,15,131,43
20260808,r6_d30_t1_w15,566,100,4235,2412,1723,2353,36,5,54,5,11,14,131,43
20260808,r6_d30_t1_w15,567,99,4243,2413,1731,2360,41,5,48,6,13,14,131,43
20260808,r6_d30_t1_w15,568,99,4253,2416,1738,2363,33,4,49,14,14,15,131,43
20260808,r6_d30_t1_w15,569,101,4262,2420,1741,2365,23,7,48,22,13,16,131,43
20260808,r6_d30_t1_w15,570,101,4268,2422,1745,2369,19,6,47,28,17,16,121,43
20260808,r6_d30_t1_w15,571,101,4276,2424,1751,2371,18,4,49,29,20,15,121,43
20260808,r6_d30_t1_w15,572,100,4286,2427,1759,2374,17,5,48,30,22,13,121,43
20260808,r6_d30_t1_w15,573,97,4293,2433,1763,2382,21,9,42,28,21,12,121,43
20260808,r6_d30_t1_w15,574,86,4298,2449,1763,2385,19,22,42,17,23,11,121,43
20260808,r6_d30_t1_w15,575,77,4304,2460,1767,2388,9,27,45,19,21,9,131,43
20260808,r6_d30_t1_w15,576,75,4311,2465,1771,2392,2,16,57,25,20,8,131,43
20260808,r6_d30_t1_w15,577,71,4317,2468,1778,2393,13,8,67,12,21,8,131,43
20260808,r6_d30_t1_w15,578,74,4325,2470,1781,2397,21,5,68,6,22,8,131,43
20260808,r6_d30_t1_w15,579,73,4333,2472,1788,2400,20,4,68,8,23,6,131,43
20260808,r6_d30_t1_w15,580,71,4341,2476,1794,2404,19,6,66,9,25,8,131,43
20260808,r6_d30_t1_w15,581,73,4346,2477,1796,2405,0,5,67,28,25,9,131,43
20260808,r6_d30_t1_w15,582,68,4351,2484,1799,2407,0,8,69,23,20,11,131,43
20260808,r6_d30_t1_w15,583,63,4356,2486,1807,2409,20,9,68,3,17,12,131,43
20260808,r6_d30_t1_w15,584,59,4361,2487,1815,2413,21,3,71,5,13,11,131,43
20260808,r6_d30_t1_w15,585,67,4370,2488,1815,2417,20,2,69,9,13,11,131,43
20260808,r6_d30_t1_w15,586,70,4377,2492,1815,2422,11,5,65,19,12,11,131,43
20260808,r6_d30_t1_w15,587,73,4384,2496,1815,2427,3,8,61,28,11,11,131,43
20260808,r6_d30_t1_w15,588,77,4391,2499,1815,2431,11,7,61,21,12,12,131,43
20260808,r6_d30_t1_w15,589,83,4399,2501,1815,2438,13,5,58,24,12,12,131,43
20260808,r6_d30_t1_w15,590,88,4407,2504,1815,2444,15,5,55,25,12,12,131,43
20260808,r6_d30_t1_w15,591,83,4414,2516,1815,2449,18,15,52,15,12,12,131,43
20260808,r6_d30_t1_w15,592,84,4421,2522,1815,2456,22,18,48,12,13,12,131,43
20260808,r6_d30_t1_w15,593,89,4429,2525,1815,2460,7,9,56,28,14,13,131,43
20260808,r6_d30_t1_w15,594,89,4436,2528,1819,2462,5,6,60,29,12,14,131,43
20260808,r6_d30_t1_w15,595,88,4443,2532,1823,2468,27,7,57,9,10,14,131,43
20260808,r6_d30_t1_w15,596,94,4453,2533,1826,2471,27,5,57,11,14,15,131,43
20260808,r6_d30_t1_w15,597,98,4463,2537,1828,2474,13,5,58,24,16,16,131,43
20260808,r6_d30_t1_w15,598,98,4471,2545,1828,2478,15,12,55,18,12,16,131,43
20260808,r6_d30_t1_w15,599,103,4480,2545,1832,2480,28,8,57,7,14,17,131,43
20260808,r6_d30_t1_w15,600,98,4485,2547,1840,2481,8,2,64,26,16,15,121,40
20260808,r3_d30_t1_w20,1,6,7,1,0,0,93,1,0,6,6,1,131,43
20260808,r3_d30_t1_w20,2,13,14,1,0,0,65,1,0,34,9,2,131,43
20260808,r3_d30_t1_w20,3,16,24,8,0,0,52,7,1,40,13,3,131,43
20260808,r3_d30_t1_w20,4,12,33,21,0,0,30,20,1,49,9,4,131,43
20260808,r3_d30_t1_w20,5,19,43,24,0,0,17,16,8,59,13,6,131,43
20260808,r3_d30_t1_w20,6,23,49,26,0,0,12,5,21,62,12,6,131,43
20260808,r3_d30_t1_w20,7,30,57,27,0,0,5,3,24,68,13,7,131,43
20260808,r3_d30_t1_w20,8,27,66,39,0,0,2,13,26,59,13,5,131,43
20260808,r3_d30_t1_w20,9,32,72,40,0,0,0,13,27,60,12,6,131,43
20260808,r3_d30_t1_w20,10,27,78,51,0,0,0,12,39,49,10,5,131,43
20260808,r3_d30_t1_w20,11,17,83,66,0,0,14,26,40,20,9,4,131,43
20260808,r3_d30_t1_w20,12,19,91,72,0,0,26,21,51,2,9,4,131,43
20260808,r3_d30_t1_w20,13,29,101,72,0,2,7,6,64,23,13,4,131,43
20260808,r3_d30_t1_w20,14,33,108,75,0,5,5,3,67,25,11,5,131,43
20260808,r3_d30_t1_w20,15,39,115,76,0,7,26,4,65,5,13,6,131,43
20260808,r3_d30_t1_w20,16,48,124,76,0,11,18,1,64,17,14,7,131,43
20260808,r3_d30_t1_w20,17,57,134,77,0,13,13,1,63,23,14,8,131,43
20260808,r3_d30_t1_w20,18,62,143,81,0,13,10,5,63,22,13,9,131,43
20260808,r3_d30_t1_w20,19,69,151,82,0,15,1,5,62,32,15,10,131,43
20260808,r3_d30_t1_w20,20,75,161,86,0,20,1,5,61,33,13,11,121,40
20260808,r3_d30_t1_w20,21,73,166,93,0,23,11,11,59,19,13,11,121,40
20260808,r3_d30_t1_w20,22,72,171,99,0,27,16,13,59,12,12,12,121,40
20260808,r3_d30_t1_w20,23,80,180,100,0,31,18,7,62,13,12,12,121,40
20260808,r3_d30_t1_w20,24,86,188,102,0,40,30,3,59,8,13,13,121,40
20260808,r3_d30_t1_w20,25,93,196,103,0,46,23,3,54,20,13,14,126,43
20260808,r3_d30_t1_w20,26,101,206,105,0,49,9,3,53,35,16,15,126,43
20260808,r3_d30_t1_w20,27,103,214,111,0,55,0,8,48,44,18,15,126,43
20260808,r3_d30_t1_w20,28,102,220,118,0,60,0,13,45,42,15,15,126,43
20260808,r3_d30_t1_w20,29,106,227,121,0,63,14,10,48,28,14,15,126,43
20260808,r3_d30_t1_w20,30,108,232,124,0,66,14,6,52,28,15,15,131,43
20260808,r3_d30_t1_w20,31,116,242,126,0,71,1,5,50,44,19,15,131,43
20260808,r3_d30_t1_w20,32,106,247,141,0,77,4,17,47,32,19,14,131,43
20260808,r3_d30_t1_w20,33,95,255,160,0,80,4,34,46,16,20,12,131,43
20260808,r3_d30_t1_w20,34,99,263,164,0,81,2,23,60,15,23,12,131,43
20260808,r3_d30_t1_w20,35,97,272,175,0,86,1,15,74,10,23,12,131,43
20260808,r3_d30_t1_w20,36,106,282,176,0,89,0,12,75,13,26,11,131,43
20260808,r3_d30_t1_w20,37,110,292,180,2,93,0,5,82,13,25,11,131,43
20260808,r3_d30_t1_w20,38,108,298,183,7,97,0,7,79,14,24,10,131,43
20260808,r3_d30_t1_w20,39,107,304,185,12,98,0,5,82,13,24,10,131,43
20260808,r3_d30_t1_w20,40,104,312,190,18,100,0,7,83,10,25,10,131,43
20260808,r3_d30_t1_w20,41,107,322,193,22,101,0,8,84,8,25,10,131,43
20260808,r3_d30_t1_w20,42,111,331,195,25,108,0,5,82,13,26,10,131,43
20260808,r3_d30_t1_w20,43,106,336,197,33,117,0,4,76,20,26,11,131,43
20260808,r3_d30_t1_w20,44,105,344,202,37,119,0,7,76,17,25,11,131,43
20260808,r3_d30_t1_w20,45,103,353,209,41,129,3,12,68,17,25,12,131,43
20260808,r3_d30_t1_w20,46,101,358,212,45,133,4,10,69,17,24,13,131,43
20260808,r3_d30_t1_w20,47,100,367,220,47,139,5,11,70,14,24,13,131,43
20260808,r3_d30_t1_w20,48,102,376,222,52,144,4,10,68,18,21,14,131,43
20260808,r3_d30_t1_w20,49,105,385,225,55,153,6,5,67,22,20,16,131,43
20260808,r3_d30_t1_w20,50,109,395,231,55,157,4,9,65,22,17,17,126,43
20260808,r3_d30_t1_w20,51,111,401,235,55,160,1,10,65,24,16,17,126,43
20260808,r3_d30_t1_w20,52,115,409,239,55,165,1,8,66,25,16,17,126,43
20260808,r3_d30_t1_w20,53,118,414,241,55,169,1,6,66,27,15,17,126,43
20260808,r3_d30_t1_w20,54,121,424,248,55,175,1,9,64,26,14,19,126,43
20260808,r3_d30_t1_w20,55,126,434,253,55,180,1,12,61,26,14,20,131,43
20260808,r3_d30_t1_w20,56,127,441,254,60,185,0,6,63,31,14,20,131,43
20260808,r3_d30_t1_w20,57,124,449,265,60,193,5,12,60,23,12,19,131,43
20260808,r3_d30_t1_w20,58,119,457,278,60,199,8,24,55,13,11,19,131,43
20260808,r3_d30_t1_w20,59,123,466,283,60,205,11,18,60,11,11,19,131,43
20260808,r3_d30_t1_w20,60,126,475,289,60,209,6,11,69,14,15,19,131,43
20260808,r3_d30_t1_w20,61,125,480,293,62,211,3,10,72,15,16,16,131,43
20260808,r3_d30_t1_w20,62,120,489,303,66,217,3,14,72,11,20,15,131,43
20260808,r3_d30_t1_w20,63,127,499,303,69,225,0,10,68,22,23,15,131,43
20260808,r3_d30_t1_w20,64,124,505,306,75,227,0,3,76,21,23,14,131,43
20260808,r3_d30_t1_w20,65,121,510,309,80,232,11,6,71,12,22,14,131,43
20260808,r3_d30_t1_w20,66,124,517,309,84,236,11,3,70,16,24,14,131,43
20260808,r3_d30_t1_w20,67,124,525,312,89,239,4,3,70,23,27,13,131,43
20260808,r3_d30_t1_w20,68,122,535,316,97,243,0,7,66,27,27,12,131,43
20260808,r3_d30_t1_w20,69,115,540,324,101,246,0,12,66,22,26,11,131,43
20260808,r3_d30_t1_w20,70,111,547,327,109,251,8,11,65,16,25,12,131,43
20260808,r3_d30_t1_w20,71,110,555,332,113,254,9,8,70,13,25,11,131,43
20260808,r3_d30_t1_w20,72,109,563,337,117,262,4,10,65,21,25,10,131,43
20260808,r3_d30_t1_w20,73,105,569,344,120,269,3,12,63,22,24,10,131,43
20260808,r3_d30_t1_w20,74,100,576,348,128,274,3,11,63,23,25,10,131,43
20260808,r3_d30_t1_w20,75,100,586,351,135,279,3,7,65,25,24,12,131,43
20260808,r3_d30_t1_w20,76,94,591,357,140,287,5,9,61,25,24,12,131,43
20260808,r3_d30_t1_w20,77,91,600,364,145,291,5,13,60,22,23,14,131,43
20260808,r3_d30_t1_w20,78,91,609,370,148,293,3,13,64,20,21,16,131,43
20260808,r3_d30_t1_w20,79,87,614,373,154,298,3,9,66,22,16,16,131,43
20260808,r3_d30_t1_w20,80,93,623,376,154,299,1,6,71,22,15,16,131,43
20260808,r3_d30_t1_w20,81,94,629,381,154,306,5,8,67,20,15,16,131,43
20260808,r3_d30_t1_w20,82,98,635,383,154,311,14,7,65,14,13,17,131,43
20260808,r3_d30_t1_w20,83,104,644,386,154,313,17,5,68,10,14,18,131,43
20260808,r3_d30_t1_w20,84,105,650,391,154,316,11,8,67,14,12,18,131,43
20260808,r3_d30_t1_w20,85,114,660,392,154,322,11,6,64,19,11,19,131,43
20260808,r3_d30_t1_w20,86,123,669,392,154,324,12,1,67,20,12,21,131,43
20260808,r3_d30_t1_w20,87,129,678,395,154,327,14,3,65,18,13,21,131,43
20260808,r3_d30_t1_w20,88,133,687,397,157,335,9,5,57,29,13,20,131,43
20260808,r3_d30_t1_w20,89,136,697,401,160,344,7,6,51,36,12,20,131,43
20260808,r3_d30_t1_w20,90,134,702,403,165,349,11,6,48,35,16,20,131,43
20260808,r3_d30_t1_w20,91,135,711,406,170,354,7,5,47,41,20,20,131,43
20260808,r3_d30_t1_w20,92,131,720,414,175,356,1,11,47,41,24,19,131,43
20260808,r3_d30_t1_w20,93,127,727,424,176,360,0,18,46,36,21,19,131,43
20260808,r3_d30_t1_w20,94,122,737,435,180,363,0,21,51,28,19,18,131,43
20260808,r3_d30_t1_w20,95,114,742,439,189,365,0,15,59,26,18,16,131,43
20260808,r3_d30_t1_w20,96,119,752,443,190,369,8,8,66,18,19,15,131,43
20260808,r3_d30_t1_w20,97,116,758,445,197,372,8,6,67,19,20,13,131,43
20260808,r3_d30_t1_w20,98,114,765,448,203,377,0,5,66,29,21,12,131,43
20260808,r3_d30_t1_w20,99,104,771,461,206,381,2,16,64,18,19,12,131,43
20260808,r3_d30_t1_w20,100,98,779,469,212,384,8,21,64,7,20,10,121,40
20260808,r3_d30_t1_w20,101,99,786,471,216,387,7,10,74,9,21,11,121,40
20260808,r3_d30_t1_w20,102,98,795,476,221,391,2,7,78,13,19,11,121,40
20260808,r3_d30_t1_w20,103,95,800,481,224,395,3,10,76,11,18,11,121,40
20260808,r3_d30_t1_w20,104,96,808,484,228,398,9,8,78,5,20,10,121,40
20260808,r3_d30_t1_w20,105,96,818,486,236,405,9,5,76,10,23,11,131,43
20260808,r3_d30_t1_w20,106,96,828,489,243,408,1,5,76,18,26,12,131,43
20260808,r3_d30_t1_w20,107,89,833,495,249,412,1,9,74,16,23,11,131,43
20260808,r3_d30_t1_w20,108,85,840,498,257,413,9,9,76,6,18,12,131,43
20260808,r3_d30_t1_w20,109,84,847,499,264,423,11,4,72,13,14,12,131,43
20260808,r3_d30_t1_w20,110,92,856,500,264,431,4,2,67,27,13,14,131,43
20260808,r3_d30_t1_w20,111,93,862,505,264,437,5,6,62,27,14,14,131,43
20260808,r3_d30_t1_w20,112,98,871,509,264,443,17,9,57,17,13,17,131,43
20260808,r3_d30_t1_w20,113,100,879,515,264,446,20,10,59,11,12,18,131,43
20260808,r3_d30_t1_w20,114,103,886,519,264,456,19,10,53,18,14,17,131,43
20260808,r3_d30_t1_w20,115,106,891,521,264,461,10,6,54,30,12,18,131,43
20260808,r3_d30_t1_w20,116,113,901,524,264,463,17,5,56,22,11,20,131,43
20260808,r3_d30_t1_w20,117,118,907,525,264,469,14,4,52,30,11,20,131,43
20260808,r3_d30_t1_w20,118,121,913,528,264,474,9,4,50,37,11,20,131,43
20260808,r3_d30_t1_w20,119,123,921,534,264,476,9,9,49,33,12,18,131,43
20260808,r3_d30_t1_w20,120,123,926,535,268,481,8,7,47,38,15,17,131,43
20260808,r3_d30_t1_w20,121,119,931,540,272,491,19,6,43,32,15,17,131,43
20260808,r3_d30_t1_w20,122,115,940,544,281,495,23,9,40,28,19,17,131,43
20260808,r3_d30_t1_w20,123,110,948,552,286,497,15,12,43,30,19,15,131,43
20260808,r3_d30_t1_w20,124,114,958,554,290,504,25,10,40,25,23,13,131,43
20260808,r3_d30_t1_w20,125,112,965,556,297,505,12,4,47,37,22,13,121,40
20260808,r3_d30_t1_w20,126,111,972,561,300,506,3,7,48,42,19,12,121,40
20260808,r3_d30_t1_w20,127,107,977,566,304,507,23,10,49,18,21,11,121,40
20260808,r3_d30_t1_w20,128,108,986,569,309,508,22,8,53,17,22,11,121,40
20260808,r3_d30_t1_w20,129,106,995,575,314,510,7,9,56,28,22,10,121,40
20260808,r3_d30_t1_w20,130,106,1005,576,323,513,4,7,56,33,21,10,131,43
20260808,r3_d30_t1_w20,131,107,1010,577,326,519,5,2,56,37,22,10,131,43
20260808,r3_d30_t1_w20,132,100,1015,580,335,522,6,4,54,36,21,10,131,43
20260808,r3_d30_t1_w20,133,98,1021,584,339,526,7,7,51,35,21,10,131,43
20260808,r3_d30_t1_w20,134,91,1030,595,344,534,8,15,46,31,25,8,131,43
20260808,r3_d30_t1_w20,135,84,1039,606,349,535,17,22,49,12,25,10,131,43
20260808,r3_d30_t1_w20,136,82,1049,612,355,540,18,17,55,10,24,11,131,43
20260808,r3_d30_t1_w20,137,81,1054,613,360,542,9,7,64,20,21,11,131,43
20260808,r3_d30_t1_w20,138,77,1060,623,360,546,6,11,66,17,20,10,131,43
20260808,r3_d30_t1_w20,139,74,1065,625,366,551,4,12,62,22,17,10,131,43
20260808,r3_d30_t1_w20,140,75,1070,629,366,556,5,6,67,22,16,10,131,43
20260808,r3_d30_t1_w20,141,69,1078,643,366,559,6,18,66,10,14,11,131,43
20260808,r3_d30_t1_w20,142,72,1083,645,366,561,6,16,68,10,14,12,131,43
20260808,r3_d30_t1_w20,143,79,1092,647,366,564,6,4,79,11,14,13,131,43
20260808,r3_d30_t1_w20,144,84,1098,648,366,565,4,3,80,13,14,15,131,43
20260808,r3_d30_t1_w20,145,88,1106,652,366,572,8,5,75,12,13,16,131,43
20260808,r3_d30_t1_w20,146,94,1116,656,366,576,10,8,72,10,14,17,131,43
20260808,r3_d30_t1_w20,147,100,1123,657,366,583,5,5,69,21,14,17,131,43
20260808,r3_d30_t1_w20,148,101,1129,662,366,588,3,6,68,23,14,17,131,43
20260808,r3_d30_t1_w20,149,103,1139,670,366,590,4,13,67,16,14,16,131,43
20260808,r3_d30_t1_w20,150,111,1148,671,366,591,4,9,71,16,19,16,131,43
20260808,r3_d30_t1_w20,151,114,1153,673,366,599,2,3,71,24,21,15,131,43
20260808,r3_d30_t1_w20,152,116,1163,681,366,605,2,10,66,22,23,15,131,43
20260808,r3_d30_t1_w20,153,108,1172,695,369,611,4,22,62,12,18,15,131,43
20260808,r3_d30_t1_w20,154,109,1179,696,374,620,7,15,61,17,22,15,131,43
20260808,r3_d30_t1_w20,155,105,1185,702,378,623,9,7,72,12,23,13,126,43
20260808,r3_d30_t1_w20,156,95,1190,712,383,628,8,16,68,8,22,12,126,43
20260808,r3_d30_t1_w20,157,99,1198,713,386,631,6,11,71,12,26,12,126,43
20260808,r3_d30_t1_w20,158,97,1204,719,388,636,0,7,76,17,24,12,126,43
20260808,r3_d30_t1_w20,159,98,1211,723,390,640,0,10,73,17,24,11,126,43
20260808,r3_d30_t1_w20,160,103,1220,725,392,648,5,6,71,18,26,11,131,43
20260808,r3_d30_t1_w20,161,101,1228,730,397,654,0,7,69,24,27,9,131,43
20260808,r3_d30_t1_w20,162,99,1236,740,397,656,0,15,69,16,26,10,131,43
20260808,r3_d30_t1_w20,163,100,1244,741,403,657,0,11,73,16,30,10,131,43
20260808,r3_d30_t1_w20,164,97,1251,746,408,662,0,6,78,16,29,9,131,43
20260808,r3_d30_t1_w20,165,91,1258,751,416,665,0,10,76,14,28,10,131,43
20260808,r3_d30_t1_w20,166,90,1268,755,423,670,1,9,76,14,25,13,131,43
20260808,r3_d30_t1_w20,167,92,1276,757,427,678,1,6,73,20,26,13,131,43
20260808,r3_d30_t1_w20,168,94,1286,762,430,684,1,7,71,21,26,14,131,43
20260808,r3_d30_t1_w20,169,89,1294,773,432,690,3,16,67,14,18,15,131,43
20260808,r3_d30_t1_w20,170,94,1303,777,432,697,0,15,65,20,19,17,131,43
20260808,r3_d30_t1_w20,171,102,1313,779,432,702,0,6,71,23,18,18,131,43
20260808,r3_d30_t1_w20,172,103,1320,785,432,709,1,8,68,23,17,18,131,43
20260808,r3_d30_t1_w20,173,104,1325,789,432,718,1,10,61,28,15,18,131,43
20260808,r3_d30_t1_w20,174,106,1331,793,432,722,0,8,63,29,13,19,131,43
20260808,r3_d30_t1_w20,175,110,1340,798,432,724,6,9,65,20,12,20,131,43
20260808,r3_d30_t1_w20,176,110,1345,803,432,727,9,10,66,15,13,21,131,43
20260808,r3_d30_t1_w20,177,114,1353,807,432,731,9,9,67,15,15,22,131,43
20260808,r3_d30_t1_w20,178,118,1358,808,432,736,5,5,67,23,17,22,131,43
20260808,r3_d30_t1_w20,179,119,1363,812,432,740,4,5,67,24,17,22,131,43
20260808,r3_d30_t1_w20,180,120,1369,816,433,746,0,8,62,30,20,22,121,40
20260808,r3_d30_t1_w20,181,119,1377,818,440,751,0,6,61,33,23,20,121,40
20260808,r3_d30_t1_w20,182,119,1385,826,440,756,0,10,60,30,27,18,121,40
20260808,r3_d30_t1_w20,183,118,1392,832,442,765,1,14,53,32,26,17,121,40
20260808,r3_d30_t1_w20,184,116,1399,834,449,767,14,8,59,19,27,17,121,40
20260808,r3_d30_t1_w20,185,114,1408,839,455,772,20,7,60,13,25,14,131,43
20260808,r3_d30_t1_w20,186,111,1415,840,464,775,20,6,59,15,24,14,131,43
20260808,r3_d30_t1_w20,187,110,1425,846,469,777,21,7,62,10,26,11,131,43
20260808,r3_d30_t1_w20,188,111,1435,849,475,779,20,9,61,10,28,10,131,43
20260808,r3_d30_t1_w20,189,109,1442,852,481,782,10,6,64,20,29,9,131,43
20260808,r3_d30_t1_w20,190,109,1450,855,486,786,1,6,63,30,28,10,131,43
20260808,r3_d30_t1_w20,191,109,1460,856,495,791,0,4,61,35,30,11,131,43
20260808,r3_d30_t1_w20,192,109,1470,863,498,796,0,8,59,33,30,9,131,43
20260808,r3_d30_t1_w20,193,110,1480,870,500,804,0,14,52,34,27,10,131,43
20260808,r3_d30_t1_w20,194,110,1487,874,503,809,9,11,54,26,29,12,131,43
20260808,r3_d30_t1_w20,195,96,1493,888,509,813,10,18,57,15,28,12,131,43
20260808,r3_d30_t1_w20,196,96,1503,895,512,817,10,21,57,12,27,13,131,43
20260808,r3_d30_t1_w20,197,93,1512,901,518,824,11,13,64,12,24,14,131,43
20260808,r3_d30_t1_w20,198,99,1522,905,518,828,11,10,67,12,25,15,131,43
20260808,r3_d30_t1_w20,199,98,1527,907,522,833,3,6,68,23,23,15,131,43
20260808,r3_d30_t1_w20,200,98,1532,912,522,835,0,7,70,23,21,16,131,43
20260808,r3_d30_t1_w20,201,99,1537,916,522,838,1,9,69,21,20,17,131,43
20260808,r3_d30_t1_w20,202,106,1546,917,523,842,0,5,70,25,20,17,131,43
20260808,r3_d30_t1_w20,203,112,1556,921,523,844,0,5,72,23,21,18,131,43
20260808,r3_d30_t1_w20,204,113,1563,925,525,850,3,8,67,22,20,19,131,43
20260808,r3_d30_t1_w20,205,115,1572,928,529,855,3,7,66,24,22,20,131,43
20260808,r3_d30_t1_w20,206,116,1582,933,533,858,0,8,67,25,20,20,131,43
20260808,r3_d30_t1_w20,207,117,1590,937,536,860,0,9,68,23,19,19,131,43
20260808,r3_d30_t1_w20,208,121,1599,939,539,870,2,6,63,29,20,19,131,43
20260808,r3_d30_t1_w20,209,124,1607,941,542,873,5,4,64,27,20,21,131,43
20260808,r3_d30_t1_w20,210,125,1615,946,544,880,0,7,59,34,25,21,131,43
20260808,r3_d30_t1_w20,211,128,1624,947,549,884,0,6,57,37,32,20,131,43
20260808,r3_d30_t1_w20,212,122,1634,960,552,889,1,14,57,28,31,19,131,43
20260808,r3_d30_t1_w20,213,108,1640,974,558,895,1,27,52,20,25,16,131,43
20260808,r3_d30_t1_w20,214,109,1647,980,558,900,2,20,60,18,30,14,131,43
20260808,r3_d30_t1_w20,215,108,1653,986,559,908,2,12,66,20,28,13,131,43
20260808,r3_d30_t1_w20,216,100,1662,995,567,909,2,15,71,12,27,12,131,43
20260808,r3_d30_t1_w20,217,96,1669,1002,571,911,2,16,75,7,25,12,131,43
20260808,r3_d30_t1_w20,218,96,1678,1005,577,915,2,10,80,8,24,12,131,43
20260808,r3_d30_t1_w20,219,99,1684,1007,578,922,5,5,80,10,25,11,131,43
20260808,r3_d30_t1_w20,220,103,1694,1012,579,927,7,7,78,8,23,10,131,43
20260808,r3_d30_t1_w20,221,105,1702,1016,581,930,7,9,77,7,26,10,131,43
20260808,r3_d30_t1_w20,222,101,1709,1019,589,933,6,7,79,8,24,11,131,43
20260808,r3_d30_t1_w20,223,103,1719,1020,596,937,2,4,79,15,25,14,131,43
20260808,r3_d30_t1_w20,224,104,1726,1021,601,943,0,2,76,22,24,14,131,43
20260808,r3_d30_t1_w20,225,104,1734,1029,601,950,1,9,70,20,24,16,131,43
20260808,r3_d30_t1_w20,226,101,1741,1033,607,955,2,12,66,20,24,16,131,43
20260808,r3_d30_t1_w20,227,99,1751,1040,612,960,4,11,69,16,21,17,131,43
20260808,r3_d30_t1_w20,228,96,1757,1043,618,964,4,10,69,17,18,17,131,43
20260808,r3_d30_t1_w20,229,94,1765,1049,622,970,6,9,70,15,16,16,131,43
20260808,r3_d30_t1_w20,230,97,1771,1052,622,974,3,9,69,19,14,16,131,43
20260808,r3_d30_t1_w20,231,105,1781,1054,622,977,4,5,72,19,15,18,131,43
20260808,r3_d30_t1_w20,232,108,1791,1061,622,985,4,9,67,20,12,20,131,43
20260808,r3_d30_t1_w20,233,114,1797,1061,622,991,1,7,63,29,15,20,131,43
20260808,r3_d30_t1_w20,234,117,1804,1065,622,995,1,4,66,29,15,22,131,43
20260808,r3_d30_t1_w20,235,119,1810,1069,622,1002,0,8,59,33,16,22,111,40
20260808,r3_d30_t1_w20,236,125,1820,1073,622,1009,0,8,56,36,15,22,111,40
20260808,r3_d30_t1_w20,237,131,1830,1077,622,1014,0,8,55,37,14,22,111,40
20260808,r3_d30_t1_w20,238,132,1838,1077,629,1018,0,4,55,41,15,21,111,40
20260808,r3_d30_t1_w20,239,132,1845,1080,633,1023,2,3,54,41,12,21,111,40
20260808,r3_d30_t1_w20,240,127,1851,1082,642,1025,13,5,52,30,15,19,131,43
20260808,r3_d30_t1_w20,241,129,1859,1085,645,1032,24,5,48,23,18,19,131,43
20260808,r3_d30_t1_w20,242,128,1866,1092,646,1035,18,10,47,25,20,18,131,43
20260808,r3_d30_t1_w20,243,123,1873,1102,648,1039,8,17,46,29,23,15,131,43
20260808,r3_d30_t1_w20,244,126,1883,1106,651,1042,9,14,50,27,23,15,131,43
20260808,r3_d30_t1_w20,245,125,1890,1109,656,1047,17,7,55,21,24,14,131,43
20260808,r3_d30_t1_w20,246,125,1900,1112,663,1052,19,6,54,21,24,13,131,43
20260808,r3_d30_t1_w20,247,123,1909,1114,672,1056,17,5,53,25,25,11,131,43
20260808,r3_d30_t1_w20,248,124,1919,1118,677,1061,9,6,51,34,25,11,131,43
20260808,r3_d30_t1_w20,249,125,1927,1120,682,1064,10,6,50,34,24,11,131,43
20260808,r3_d30_t1_w20,250,129,1937,1122,686,1067,8,4,51,37,26,10,131,43
20260808,r3_d30_t1_w20,251,129,1946,1126,691,1071,1,6,49,44,26,11,131,43
20260808,r3_d30_t1_w20,252,124,1953,1133,696,1077,2,11,45,42,25,12,131,43
20260808,r3_d30_t1_w20,253,128,1962,1136,698,1080,1,10,46,43,27,14,131,43
20260808,r3_d30_t1_w20,254,119,1967,1150,698,1081,0,17,52,31,23,15,131,43
20260808,r3_d30_t1_w20,255,125,1975,1152,698,1085,1,16,51,32,24,16,122,43
20260808,r3_d30_t1_w20,256,122,1981,1154,705,1086,0,4,64,32,26,17,122,43
20260808,r3_d30_t1_w20,257,122,1989,1159,708,1089,0,7,63,30,23,17,122,43
20260808,r3_d30_t1_w20,258,114,1997,1168,715,1096,0,14,58,28,19,17,122,43
20260808,r3_d30_t1_w20,259,105,2005,1178,722,1097,0,19,62,19,15,16,122,43
20260808,r3_d30_t1_w20,260,108,2014,1184,722,1099,0,16,69,15,14,16,131,43
20260808,r3_d30_t1_w20,261,116,2024,1186,722,1104,0,8,74,18,17,19,131,43
20260808,r3_d30_t1_w20,262,120,2030,1188,722,1108,0,4,76,20,18,21,131,43
20260808,r3_d30_t1_w20,263,123,2039,1194,722,1112,2,8,74,16,14,21,131,43
20260808,r3_d30_t1_w20,264,131,2048,1195,722,1116,8,7,72,13,16,21,131,43
20260808,r3_d30_t1_w20,265,139,2058,1197,722,1121,16,3,73,8,16,21,131,43
20260808,r3_d30_t1_w20,266,138,2064,1199,727,1125,17,4,70,9,16,21,131,43
20260808,r3_d30_t1_w20,267,136,2070,1201,733,1128,16,4,69,11,16,22,131,43
20260808,r3_d30_t1_w20,268,136,2080,1204,740,1132,16,5,67,12,16,22,131,43
20260808,r3_d30_t1_w20,269,131,2086,1208,747,1138,9,7,63,21,17,21,131,43
20260808,r3_d30_t1_w20,270,130,2094,1210,754,1145,6,6,59,29,22,19,131,43
20260808,r3_d30_t1_w20,271,126,2100,1216,758,1150,8,8,58,26,24,18,131,43
20260808,r3_d30_t1_w20,272,129,2109,1222,758,1155,7,12,55,26,25,18,131,43
20260808,r3_d30_t1_w20,273,129,2116,1225,762,1161,4,9,55,32,25,17,131,43
20260808,r3_d30_t1_w20,274,125,2121,1230,766,1163,4,8,59,29,27,16,131,43
20260808,r3_d30_t1_w20,275,116,2128,1243,769,1166,4,18,59,19,26,16,131,43
20260808,r3_d30_t1_w20,276,110,2135,1253,772,1173,3,23,57,17,25,15,131,43
20260808,r3_d30_t1_w20,277,110,2145,1255,780,1181,4,12,62,22,26,14,131,43
20260808,r3_d30_t1_w20,278,108,2152,1257,787,1187,3,4,66,27,27,13,131,43
20260808,r3_d30_t1_w20,279,104,2158,1261,793,1192,5,6,63,26,25,10,131,43
20260808,r3_d30_t1_w20,280,95,2164,1270,799,1195,6,13,62,19,23,10,131,43
20260808,r3_d30_t1_w20,281,86,2169,1284,799,1199,6,23,62,9,24,7,131,43
20260808,r3_d30_t1_w20,282,86,2175,1289,800,1201,6,19,69,6,20,6,131,43
20260808,r3_d30_t1_w20,283,83,2181,1291,807,1203,9,7,81,3,21,7,131,43
20260808,r3_d30_t1_w20,284,80,2188,1294,814,1207,10,5,82,3,21,8,131,43
20260808,r3_d30_t1_w20,285,79,2196,1294,823,1211,9,3,80,8,21,9,121,40
20260808,r3_d30_t1_w20,286,82,2206,1297,827,1214,2,3,80,15,24,10,121,40
20260808,r3_d30_t1_w20,287,84,2216,1302,830,1217,0,8,77,15,22,10,121,40
20260808,r3_d30_t1_w20,288,82,2223,1305,836,1221,6,8,76,10,19,10,121,40
20260808,r3_d30_t1_w20,289,82,2228,1307,839,1225,1,5,77,17,17,11,121,40
20260808,r3_d30_t1_w20,290,85,2234,1310,839,1230,1,5,75,19,17,12,126,43
20260808,r3_d30_t1_w20,291,87,2239,1313,839,1234,2,6,73,19,17,11,126,43
20260808,r3_d30_t1_w20,292,90,2246,1317,839,1240,4,7,70,19,19,11,126,43
20260808,r3_d30_t1_w20,293,94,2254,1321,839,1249,4,8,64,24,19,11,126,43
20260808,r3_d30_t1_w20,294,100,2262,1323,839,1257,5,6,60,29,23,12,126,43
20260808,r3_d30_t1_w20,295,100,2268,1329,839,1259,5,8,62,25,22,13,131,43
20260808,r3_d30_t1_w20,296,103,2275,1333,839,1269,8,10,54,28,18,15,131,43
20260808,r3_d30_t1_w20,297,110,2283,1334,839,1277,9,5,52,34,19,15,131,43
20260808,r3_d30_t1_w20,298,114,2292,1339,839,1281,10,6,52,32,18,15,131,43
20260808,r3_d30_t1_w20,299,112,2298,1346,840,1290,11,12,44,33,13,17,131,43
20260808,r3_d30_t1_w20,300,110,2306,1351,845,1292,12,12,47,29,20,16,131,43
20260808,r3_d30_t1_w20,301,107,2313,1357,849,1294,6,11,52,31,23,15,131,43
20260808,r3_d30_t1_w20,302,104,2323,1367,852,1298,4,16,53,27,21,14,131,43
20260808,r3_d30_t1_w20,303,92,2329,1381,856,1300,0,24,57,19,18,13,131,43
20260808,r3_d30_t1_w20,304,94,2337,1384,859,1307,0,17,60,23,23,13,131,43
20260808,r3_d30_t1_w20,305,91,2345,1388,866,1309,6,7,72,15,22,12,131,43
20260808,r3_d30_t1_w20,306,87,2350,1391,872,1310,1,7,74,18,23,12,131,43
20260808,r3_d30_t1_w20,307,80,2356,1397,879,1315,1,9,73,17,23,11,131,43
20260808,r3_d30_t1_w20,308,78,2362,1400,884,1322,1,9,69,21,22,10,131,43
20260808,r3_d30_t1_w20,309,83,2371,1403,885,1326,1,6,71,22,25,10,131,43
20260808,r3_d30_t1_w20,310,80,2377,1410,887,1331,2,10,69,19,23,9,131,43
20260808,r3_d30_t1_w20,311,85,2387,1412,890,1333,2,9,70,19,25,9,131,43
20260808,r3_d30_t1_w20,312,84,2395,1418,893,1336,3,8,74,15,23,9,131,43
20260808,r3_d30_t1_w20,313,85,2402,1420,897,1341,6,8,71,15,23,9,131,43
20260808,r3_d30_t1_w20,314,88,2408,1422,898,1345,3,4,73,20,22,10,131,43
20260808,r3_d30_t1_w20,315,86,2413,1426,901,1351,3,6,69,22,22,10,131,43
20260808,r3_d30_t1_w20,316,88,2421,1428,905,1357,11,6,65,18,22,11,131,43
20260808,r3_d30_t1_w20,317,88,2431,1434,909,1362,15,8,64,13,20,13,131,43
20260808,r3_d30_t1_w20,318,86,2438,1437,915,1369,17,9,59,15,18,15,131,43
20260808,r3_d30_t1_w20,319,85,2444,1438,921,1373,11,4,61,24,13,16,131,43
20260808,r3_d30_t1_w20,320,89,2450,1440,921,1379,9,3,58,30,13,16,131,43
20260808,r3_d30_t1_w20,321,98,2459,1440,921,1385,13,2,53,32,14,17,131,43
20260808,r3_d30_t1_w20,322,91,2464,1452,921,1391,2,12,49,37,14,16,131,43
20260808,r3_d30_t1_w20,323,96,2471,1454,921,1395,0,14,45,41,14,16,131,43
20260808,r3_d30_t1_w20,324,96,2478,1461,921,1397,1,9,55,35,14,15,131,43
20260808,r3_d30_t1_w20,325,101,2487,1465,921,1402,4,11,52,33,14,14,131,43
20260808,r3_d30_t1_w20,326,109,2495,1465,921,1404,12,4,57,27,16,15,131,43
20260808,r3_d30_t1_w20,327,108,2500,1471,921,1411,4,6,54,36,13,16,131,43
20260808,r3_d30_t1_w20,328,111,2506,1474,921,1415,7,9,50,34,11,17,131,43
20260808,r3_d30_t1_w20,329,110,2514,1483,921,1420,15,12,51,22,11,15,131,43
20260808,r3_d30_t1_w20,330,111,2523,1491,921,1423,7,17,51,25,17,13,131,43
20260808,r3_d30_t1_w20,331,108,2533,1504,921,1425,4,21,58,17,18,13,131,43
20260808,r3_d30_t1_w20,332,109,2542,1512,921,1428,2,21,63,14,20,13,131,43
20260808,r3_d30_t1_w20,333,112,2550,1516,922,1428,1,12,76,11,21,13,131,43
20260808,r3_d30_t1_w20,334,103,2556,1525,928,1436,1,13,76,10,19,12,131,43
20260808,r3_d30_t1_w20,335,109,2566,1527,930,1442,2,11,74,13,20,11,121,40
20260808,r3_d30_t1_w20,336,107,2572,1531,934,1444,1,6,81,12,20,11,121,40
20260808,r3_d30_t1_w20,337,104,2581,1536,941,1450,3,9,77,11,19,10,121,40
20260808,r3_d30_t1_w20,338,102,2586,1539,945,1452,7,8,79,6,20,9,121,40
20260808,r3_d30_t1_w20,339,101,2592,1542,949,1455,8,6,81,5,22,9,121,40
20260808,r3_d30_t1_w20,340,101,2597,1544,952,1458,7,5,81,7,25,9,131,43
20260808,r3_d30_t1_w20,341,99,2606,1547,960,1460,2,5,82,11,23,8,131,43
20260808,r3_d30_t1_w20,342,99,2612,1550,963,1465,3,6,79,12,23,8,131,43
20260808,r3_d30_t1_w20,343,99,2619,1551,969,1470,3,4,77,16,23,9,131,43
20260808,r3_d30_t1_w20,344,96,2625,1556,973,1478,5,6,72,17,23,9,131,43
20260808,r3_d30_t1_w20,345,89,2630,1561,980,1487,6,10,64,20,20,9,131,43
20260808,r3_d30_t1_w20,346,84,2635,1567,984,1496,5,11,60,24,20,9,131,43
20260808,r3_d30_t1_w20,347,81,2643,1577,985,1503,5,16,58,21,18,10,131,43
20260808,r3_d30_t1_w20,348,78,2648,1579,991,1508,7,12,59,22,15,10,131,43
20260808,r3_d30_t1_w20,349,74,2653,1586,993,1514,14,9,63,14,9,11,131,43
20260808,r3_d30_t1_w20,350,82,2663,1588,993,1518,21,9,61,9,12,12,131,43
20260808,r3_d30_t1_w20,351,86,2669,1590,993,1523,11,4,63,22,13,12,131,43
20260808,r3_d30_t1_w20,352,86,2675,1596,993,1527,10,8,61,21,10,12,131,43
20260808,r3_d30_t1_w20,353,89,2684,1602,993,1532,19,12,58,11,11,13,131,43
20260808,r3_d30_t1_w20,354,95,2690,1602,993,1533,17,6,63,14,12,15,131,43
20260808,r3_d30_t1_w20,355,96,2695,1606,993,1537,15,4,65,16,13,15,131,43
20260808,r3_d30_t1_w20,356,99,2700,1608,993,1541,8,6,61,25,12,15,131,43
20260808,r3_d30_t1_w20,357,104,2708,1611,993,1545,5,5,61,29,12,15,131,43
20260808,r3_d30_t1_w20,358,107,2716,1616,993,1549,14,8,59,19,14,16,131,43
20260808,r3_d30_t1_w20,359,111,2726,1622,993,1555,18,11,56,15,16,17,131,43
20260808,r3_d30_t1_w20,360,115,2732,1624,993,1562,3,8,54,35,19,17,126,43
20260808,r3_d30_t1_w20,361,109,2739,1630,1000,1569,4,8,53,35,20,14,126,43
20260808,r3_d30_t1_w20,362,108,2749,1637,1004,1571,6,13,53,28,23,13,126,43
20260808,r3_d30_t1_w20,363,110,2759,1641,1008,1572,0,11,58,31,24,13,126,43
20260808,r3_d30_t1_w20,364,91,2765,1662,1012,1577,0,25,60,15,20,12,126,43
20260808,r3_d30_t1_w20,365,94,2774,1664,1016,1581,3,23,60,14,24,12,131,43
20260808,r3_d30_t1_w20,366,95,2780,1665,1020,1584,2,3,78,17,26,12,131,43
20260808,r3_d30_t1_w20,367,91,2788,1670,1027,1586,0,6,78,16,25,9,131,43
20260808,r3_d30_t1_w20,368,93,2798,1673,1032,1591,0,8,74,18,26,8,131,43
20260808,r3_d30_t1_w20,369,91,2803,1675,1037,1600,0,5,70,25,25,8,131,43
20260808,r3_d30_t1_w20,370,85,2809,1680,1044,1603,0,7,70,23,24,7,131,43
20260808,r3_d30_t1_w20,371,81,2818,1693,1044,1610,1,18,65,16,25,7,131,43
20260808,r3_d30_t1_w20,372,81,2825,1700,1044,1612,0,20,68,12,24,7,131,43
20260808,r3_d30_t1_w20,373,79,2830,1705,1046,1618,3,12,75,10,22,9,131,43
20260808,r3_d30_t1_w20,374,81,2837,1705,1051,1619,4,5,81,10,21,10,131,43
20260808,r3_d30_t1_w20,375,81,2844,1712,1051,1628,4,7,77,12,20,9,131,43
20260808,r3_d30_t1_w20,376,82,2850,1714,1054,1632,2,9,73,16,21,10,131,43
20260808,r3_d30_t1_w20,377,81,2860,1723,1056,1635,1,11,77,11,21,10,131,43
20260808,r3_d30_t1_w20,378,83,2868,1726,1059,1643,4,12,71,13,22,11,131,43
20260808,r3_d30_t1_w20,379,81,2875,1731,1063,1648,3,8,75,14,19,11,131,43
20260808,r3_d30_t1_w20,380,85,2884,1736,1063,1649,0,10,77,13,16,14,115,42
20260808,r3_d30_t1_w20,381,93,2894,1738,1063,1658,0,7,73,20,18,13,115,42
20260808,r3_d30_t1_w20,382,98,2904,1743,1063,1667,3,7,69,21,18,14,115,42
20260808,r3_d30_t1_w20,383,95,2912,1754,1063,1674,4,16,64,16,15,15,115,42
20260808,r3_d30_t1_w20,384,100,2920,1757,1063,1680,4,14,63,19,19,15,115,42
20260808,r3_d30_t1_w20,385,106,2929,1760,1063,1685,0,6,69,25,18,16,131,43
20260808,r3_d30_t1_w20,386,105,2934,1766,1063,1690,0,9,67,24,16,17,131,43
20260808,r3_d30_t1_w20,387,107,2939,1769,1063,1692,1,9,68,22,15,18,131,43
20260808,r3_d30_t1_w20,388,112,2947,1772,1063,1697,8,6,69,17,15,18,131,43
20260808,r3_d30_t1_w20,389,119,2957,1775,1063,1706,15,6,63,16,15,19,131,43
20260808,r3_d30_t1_w20,390,123,2962,1776,1063,1709,17,4,63,16,19,19,121,40
20260808,r3_d30_t1_w20,391,125,2972,1779,1068,1716,6,4,59,31,24,17,121,40
20260808,r3_d30_t1_w20,392,124,2981,1783,1074,1722,0,7,54,39,27,16,121,40
20260808,r3_d30_t1_w20,393,118,2991,1794,1079,1724,0,15,55,30,23,16,121,40
20260808,r3_d30_t1_w20,394,117,3000,1797,1086,1728,0,14,55,31,24,15,121,40
20260808,r3_d30_t1_w20,395,116,3006,1804,1086,1735,0,10,59,31,24,13,131,43
20260808,r3_d30_t1_w20,396,116,3013,1811,1086,1737,4,14,60,22,24,13,131,43
20260808,r3_d30_t1_w20,397,116,3023,1815,1092,1741,12,11,63,14,23,11,131,43
20260808,r3_d30_t1_w20,398,118,3031,1816,1097,1749,13,5,62,20,24,10,131,43
20260808,r3_d30_t1_w20,399,117,3037,1821,1099,1751,18,6,64,12,23,10,131,43
20260808,r3_d30_t1_w20,400,109,3042,1826,1107,1756,26,10,60,4,22,8,131,43
20260808,r3_d30_t1_w20,401,113,3052,1826,1113,1759,22,5,62,11,25,10,131,43
20260808,r3_d30_t1_w20,402,108,3061,1830,1123,1763,8,4,63,25,21,11,131,43
20260808,r3_d30_t1_w20,403,109,3071,1833,1129,1764,5,7,62,26,21,12,131,43
20260808,r3_d30_t1_w20,404,111,3078,1836,1131,1771,16,6,59,19,20,12,131,43
20260808,r3_d30_t1_w20,405,111,3086,1841,1134,1779,22,8,54,16,19,13,131,43
20260808,r3_d30_t1_w20,406,112,3095,1848,1135,1784,24,12,52,12,20,13,131,43
20260808,r3_d30_t1_w20,407,113,3100,1852,1135,1787,15,11,54,20,20,14,131,43
20260808,r3_d30_t1_w20,408,112,3106,1857,1137,1792,4,9,56,31,18,14,131,43
20260808,r3_d30_t1_w20,409,113,3116,1858,1145,1794,15,6,58,21,12,17,131,43
20260808,r3_d30_t1_w20,410,120,3126,1861,1145,1800,28,4,57,11,12,17,131,43
20260808,r3_d30_t1_w20,411,125,3132,1862,1145,1802,18,4,56,22,12,18,131,43
20260808,r3_d30_t1_w20,412,124,3138,1869,1145,1807,15,8,54,23,13,18,131,43
20260808,r3_d30_t1_w20,413,125,3143,1873,1145,1812,12,11,50,27,11,19,131,43
20260808,r3_d30_t1_w20,414,126,3150,1876,1148,1816,15,7,53,25,9,20,131,43
20260808,r3_d30_t1_w20,415,119,3155,1888,1148,1819,19,15,54,12,10,17,131,43
20260808,r3_d30_t1_w20,416,120,3163,1895,1148,1821,19,19,55,7,12,17,131,43
20260808,r3_d30_t1_w20,417,125,3173,1900,1148,1825,7,12,63,18,15,18,131,43
20260808,r3_d30_t1_w20,418,130,3182,1902,1150,1829,1,7,66,26,15,19,131,43
20260808,r3_d30_t1_w20,419,128,3189,1906,1155,1834,2,6,66,26,14,20,131,43
20260808,r3_d30_t1_w20,420,128,3195,1909,1158,1835,0,7,67,26,17,20,131,43
20260808,r3_d30_t1_w20,421,127,3201,1909,1165,1841,3,3,65,29,21,19,131,43
20260808,r3_d30_t1_w20,422,122,3210,1915,1173,1847,7,6,62,25,21,17,131,43
20260808,r3_d30_t1_w20,423,112,3217,1926,1179,1851,9,17,58,16,19,16,131,43
20260808,r3_d30_t1_w20,424,112,3227,1930,1185,1853,8,15,62,15,21,15,131,43
20260808,r3_d30_t1_w20,425,105,3232,1934,1193,1860,4,8,66,22,21,15,131,43
20260808,r3_d30_t1_w20,426,105,3240,1937,1198,1863,4,7,67,22,20,13,131,43
20260808,r3_d30_t1_w20,427,101,3245,1946,1198,1868,8,12,66,14,23,13,131,43
20260808,r3_d30_t1_w20,428,104,3251,1948,1199,1869,9,11,68,12,24,13,131,43
20260808,r3_d30_t1_w20,429,101,3261,1953,1207,1875,2,7,71,20,24,10,131,43
20260808,r3_d30_t1_w20,430,98,3267,1954,1215,1878,0,6,70,24,25,10,131,43
20260808,r3_d30_t1_w20,431,97,3276,1964,1215,1880,0,11,73,16,22,9,131,43
20260808,r3_d30_t1_w20,432,102,3286,1969,1215,1884,0,15,70,15,24,8,131,43
20260808,r3_d30_t1_w20,433,102,3292,1971,1219,1888,0,7,76,17,25,10,131,43
20260808,r3_d30_t1_w20,434,101,3300,1975,1224,1898,2,6,71,21,26,13,131,43
20260808,r3_d30_t1_w20,435,104,3308,1978,1226,1902,2,7,69,22,27,14,131,43
20260808,r3_d30_t1_w20,436,99,3314,1984,1231,1908,0,9,67,24,26,13,131,43
20260808,r3_d30_t1_w20,437,95,3321,1995,1231,1914,0,17,64,19,24,14,131,43
20260808,r3_d30_t1_w20,438,91,3330,2001,1238,1917,2,17,67,14,20,14,131,43
20260808,r3_d30_t1_w20,439,92,3340,2005,1243,1923,1,10,72,17,16,15,131,43
20260808,r3_d30_t1_w20,440,96,3348,2009,1243,1929,1,8,72,19,14,15,131,43
20260808,r3_d30_t1_w20,441,101,3353,2009,1243,1931,3,4,74,19,15,15,131,43
20260808,r3_d30_t1_w20,442,103,3358,2012,1243,1940,4,3,69,24,13,15,131,43
20260808,r3_d30_t1_w20,443,109,3367,2015,1243,1942,5,6,67,22,11,16,131,43
20260808,r3_d30_t1_w20,444,112,3374,2017,1245,1945,13,5,67,15,11,16,131,43
20260808,r3_d30_t1_w20,445,117,3381,2017,1247,1949,10,2,66,22,12,17,121,40
20260808,r3_d30_t1_w20,446,114,3386,2021,1251,1955,8,4,62,26,10,16,121,40
20260808,r3_d30_t1_w20,447,120,3395,2024,1251,1957,18,7,60,15,11,17,121,40
20260808,r3_d30_t1_w20,448,123,3402,2028,1251,1965,17,7,56,20,12,18,121,40
20260808,r3_d30_t1_w20,449,119,3408,2032,1257,1974,19,8,50,23,12,16,121,40
20260808,r3_d30_t1_w20,450,120,3413,2036,1257,1976,17,8,52,23,16,15,131,43
20260808,r3_d30_t1_w20,451,113,3418,2040,1265,1980,5,8,52,35,17,14,131,43
20260808,r3_d30_t1_w20,452,110,3427,2045,1272,1985,5,9,51,35,17,14,131,43
20260808,r3_d30_t1_w20,453,103,3434,2055,1276,1987,3,15,53,29,18,14,131,43
20260808,r3_d30_t1_w20,454,96,3441,2069,1276,1993,5,24,52,19,20,14,131,43
20260808,r3_d30_t1_w20,455,89,3447,2082,1276,1996,4,27,59,10,22,13,131,43
20260808,r3_d30_t1_w20,456,92,3455,2087,1276,1998,3,18,71,8,22,13,131,43
20260808,r3_d30_t1_w20,457,100,3465,2089,1276,2002,1,7,80,12,24,13,131,43
20260808,r3_d30_t1_w20,458,99,3471,2091,1281,2009,2,4,78,16,22,13,131,43
20260808,r3_d30_t1_w20,459,101,3481,2092,1288,2015,1,3,74,22,24,11,131,43
20260808,r3_d30_t1_w20,460,101,3489,2094,1294,2018,3,3,73,21,26,10,131,43
20260808,r3_d30_t1_w20,461,101,3498,2103,1294,2021,1,11,71,17,24,10,131,43
20260808,r3_d30_t1_w20,462,101,3503,2104,1298,2024,1,10,70,19,23,13,131,43
20260808,r3_d30_t1_w20,463,97,3511,2107,1307,2028,8,4,75,13,23,13,131,43
20260808,r3_d30_t1_w20,464,100,3520,2110,1310,2029,12,6,75,7,23,14,131,43
20260808,r3_d30_t1_w20,465,102,3530,2112,1316,2034,5,5,73,17,24,17,131,43
20260808,r3_d30_t1_w20,466,99,3535,2115,1321,2043,1,5,67,27,22,17,131,43
20260808,r3_d30_t1_w20,467,96,3540,2119,1325,2050,12,7,62,19,20,17,131,43
20260808,r3_d30_t1_w20,468,93,3546,2124,1329,2055,19,9,60,12,17,18,131,43
20260808,r3_d30_t1_w20,469,91,3551,2130,1330,2058,19,11,61,9,14,18,131,43
20260808,r3_d30_t1_w20,470,94,3556,2132,1330,2062,20,8,62,10,14,19,131,43
20260808,r3_d30_t1_w20,471,97,3561,2134,1330,2067,21,4,63,12,15,18,131,43
20260808,r3_d30_t1_w20,472,101,3567,2136,1330,2071,11,4,61,24,13,19,131,43
20260808,r3_d30_t1_w20,473,104,3572,2138,1330,2075,4,4,59,33,12,19,131,43
20260808,r3_d30_t1_w20,474,111,3581,2140,1330,2083,2,4,53,41,13,19,131,43
20260808,r3_d30_t1_w20,475,117,3590,2143,1330,2088,5,5,50,40,13,20,131,43
20260808,r3_d30_t1_w20,476,107,3596,2159,1330,2093,5,19,47,29,12,15,131,43
20260808,r3_d30_t1_w20,477,107,3606,2169,1330,2101,4,26,42,28,13,16,131,43
20260808,r3_d30_t1_w20,478,115,3615,2170,1330,2103,5,11,56,28,12,17,131,43
20260808,r3_d30_t1_w20,479,116,3620,2174,1330,2106,5,5,63,27,10,17,131,43
20260808,r3_d30_t1_w20,480,122,3629,2176,1331,2112,17,6,58,19,16,16,131,43
20260808,r3_d30_t1_w20,481,118,3635,2179,1338,2117,14,5,57,24,18,16,131,43
20260808,r3_d30_t1_w20,482,114,3643,2187,1342,2119,13,11,57,19,18,15,131,43
20260808,r3_d30_t1_w20,483,114,3652,2193,1345,2121,13,14,58,15,22,14,131,43
20260808,r3_d30_t1_w20,484,113,3661,2195,1353,2123,0,8,64,28,25,12,131,43
20260808,r3_d30_t1_w20,485,113,3671,2196,1362,2125,8,3,68,21,28,12,131,43
20260808,r3_d30_t1_w20,486,112,3677,2198,1367,2126,0,3,69,28,28,12,131,43
20260808,r3_d30_t1_w20,487,112,3687,2203,1372,2131,0,7,65,28,29,12,131,43
20260808,r3_d30_t1_w20,488,114,3696,2205,1377,2134,0,7,64,29,30,12,131,43
20260808,r3_d30_t1_w20,489,112,3701,2209,1380,2140,0,6,63,31,28,12,131,43
20260808,r3_d30_t1_w20,490,112,3711,2214,1385,2144,0,9,61,30,25,11,126,43
20260808,r3_d30_t1_w20,491,118,3721,2215,1388,2148,0,6,61,33,25,11,126,43
20260808,r3_d30_t1_w20,492,107,3726,2231,1388,2153,0,17,61,22,24,11,126,43
20260808,r3_d30_t1_w20,493,106,3735,2240,1389,2159,1,25,56,18,23,11,126,43
20260808,r3_d30_t1_w20,494,100,3740,2246,1394,2165,3,15,66,16,24,10,126,43
20260808,r3_d30_t1_w20,495,97,3748,2252,1399,2169,2,12,71,15,24,10,131,43
20260808,r3_d30_t1_w20,496,95,3755,2261,1399,2172,5,15,74,6,26,10,131,43
20260808,r3_d30_t1_w20,497,94,3761,2266,1401,2176,5,14,76,5,21,11,131,43
20260808,r3_d30_t1_w20,498,90,3767,2267,1410,2181,8,6,80,6,20,12,131,43
20260808,r3_d30_t1_w20,499,87,3772,2270,1415,2185,4,4,81,11,13,13,131,43
20260808,r3_d30_t1_w20,500,93,3780,2272,1415,2187,3,5,80,12,13,13,131,43
20260808,r3_d30_t1_w20,501,97,3786,2274,1415,2194,10,4,76,10,15,14,131,43
20260808,r3_d30_t1_w20,502,103,3794,2276,1415,2198,5,4,74,17,15,15,131,43
20260808,r3_d30_t1_w20,503,108,3803,2280,1415,2208,6,6,66,22,14,16,131,43
20260808,r3_d30_t1_w20,504,112,3808,2281,1415,2212,3,5,64,28,17,17,131,43
20260808,r3_d30_t1_w20,505,112,3814,2287,1415,2216,3,7,64,26,15,19,131,43
20260808,r3_d30_t1_w20,506,115,3824,2294,1415,2218,7,13,63,17,15,18,131,43
20260808,r3_d30_t1_w20,507,120,3833,2298,1415,2225,2,11,62,25,13,19,131,43
20260808,r3_d30_t1_w20,508,119,3839,2299,1421,2228,5,5,66,24,12,20,131,43
20260808,r3_d30_t1_w20,509,120,3846,2302,1424,2239,19,4,59,18,12,20,131,43
20260808,r3_d30_t1_w20,510,118,3851,2303,1430,2243,13,4,56,27,15,20,131,43
20260808,r3_d30_t1_w20,511,116,3860,2309,1435,2248,12,7,54,27,19,17,131,43
20260808,r3_d30_t1_w20,512,117,3868,2314,1437,2249,22,11,54,13,22,16,131,43
20260808,r3_d30_t1_w20,513,108,3876,2325,1443,2252,23,16,57,4,24,16,131,43
20260808,r3_d30_t1_w20,514,110,3884,2327,1447,2261,17,13,53,17,25,16,131,43
20260808,r3_d30_t1_w20,515,108,3891,2330,1453,2266,19,5,59,17,26,15,131,43
20260808,r3_d30_t1_w20,516,108,3899,2335,1456,2270,24,8,57,11,27,14,131,43
20260808,r3_d30_t1_w20,517,111,3909,2336,1462,2275,24,6,55,15,26,13,131,43
20260808,r3_d30_t1_w20,518,108,3914,2342,1464,2277,25,7,58,10,24,12,131,43
20260808,r3_d30_t1_w20,519,106,3920,2348,1466,2278,25,12,58,5,22,11,131,43
20260808,r3_d30_t1_w20,520,110,3930,2350,1470,2282,26,8,60,6,25,11,101,38
20260808,r3_d30_t1_w20,521,109,3935,2352,1474,2285,25,4,63,8,25,10,101,38
20260808,r3_d30_t1_w20,522,106,3941,2354,1481,2288,15,4,62,19,26,10,101,38
20260808,r3_d30_t1_w20,523,107,3951,2358,1486,2292,12,6,60,22,24,11,101,38
20260808,r3_d30_t1_w20,524,113,3959,2359,1487,2295,14,5,59,22,25,12,101,38
20260808,r3_d30_t1_w20,525,114,3964,2361,1489,2301,14,3,57,26,26,13,126,43
20260808,r3_d30_t1_w20,526,101,3972,2374,1497,2308,16,15,51,18,26,12,126,43
20260808,r3_d30_t1_w20,527,87,3979,2386,1506,2316,17,25,45,13,26,13,126,43
20260808,r3_d30_t1_w20,528,81,3984,2393,1510,2318,17,19,56,8,26,13,126,43
20260808,r3_d30_t1_w20,529,76,3990,2399,1515,2323,18,13,63,6,18,14,126,43
20260808,r3_d30_t1_w20,530,84,3999,2400,1515,2325,16,7,68,9,18,14,131,43
20260808,r3_d30_t1_w20,531,90,4009,2404,1515,2325,15,5,74,6,16,14,131,43
20260808,r3_d30_t1_w20,532,95,4016,2406,1515,2331,16,6,69,9,16,14,131,43
20260808,r3_d30_t1_w20,533,101,4023,2407,1515,2336,16,3,68,13,17,15,131,43
20260808,r3_d30_t1_w20,534,101,4031,2414,1516,2339,16,8,67,9,17,15,131,43
20260808,r3_d30_t1_w20,535,105,4038,2416,1517,2343,14,9,64,13,17,15,131,43
20260808,r3_d30_t1_w20,536,110,4046,2418,1518,2347,13,4,67,16,17,16,131,43
20260808,r3_d30_t1_w20,537,114,4054,2420,1520,2350,13,4,66,17,19,16,131,43
20260808,r3_d30_t1_w20,538,119,4064,2423,1522,2357,13,5,61,21,18,17,131,43
20260808,r3_d30_t1_w20,539,119,4070,2428,1523,2364,12,8,56,24,17,19,131,43
20260808,r3_d30_t1_w20,540,118,4077,2433,1526,2368,7,10,55,28,22,17,131,43
20260808,r3_d30_t1_w20,541,121,4084,2436,1527,2369,0,8,59,33,23,16,131,43
20260808,r3_d30_t1_w20,542,119,4092,2442,1531,2377,0,9,56,35,24,16,131,43
20260808,r3_d30_t1_w20,543,109,4101,2456,1536,2381,2,20,55,23,23,15,131,43
20260808,r3_d30_t1_w20,544,103,4108,2463,1542,2388,9,21,54,16,23,14,131,43
20260808,r3_d30_t1_w20,545,106,4118,2466,1546,2394,9,10,62,19,26,12,131,43
20260808,r3_d30_t1_w20,546,100,4126,2475,1551,2398,1,12,65,22,26,12,131,43
20260808,r3_d30_t1_w20,547,96,4135,2483,1556,2403,1,17,63,19,25,12,131,43
20260808,r3_d30_t1_w20,548,98,4144,2486,1560,2406,1,11,69,19,24,12,131,43
20260808,r3_d30_t1_w20,549,97,4150,2488,1565,2408,3,5,75,17,25,10,131,43
20260808,r3_d30_t1_w20,550,94,4159,2493,1572,2414,12,7,72,9,26,9,126,43
20260808,r3_d30_t1_w20,551,92,4169,2497,1580,2417,14,9,71,6,25,8,126,43
20260808,r3_d30_t1_w20,552,88,4174,2502,1584,2419,14,9,74,3,24,8,126,43
20260808,r3_d30_t1_w20,553,93,4184,2503,1588,2426,17,6,71,6,26,10,126,43
20260808,r3_d30_t1_w20,554,92,4192,2506,1594,2432,13,4,70,13,28,10,126,43
20260808,r3_d30_t1_w20,555,96,4202,2508,1598,2437,6,5,66,23,29,11,131,43
20260808,r3_d30_t1_w20,556,95,4212,2515,1602,2438,3,9,68,20,24,13,131,43
20260808,r3_d30_t1_w20,557,95,4217,2519,1603,2446,9,11,62,18,20,13,131,43
20260808,r3_d30_t1_w20,558,94,4226,2522,1610,2449,9,7,66,18,18,14,131,43
20260808,r3_d30_t1_w20,559,95,4236,2527,1614,2453,10,8,66,16,16,15,131,43
20260808,r3_d30_t1_w20,560,101,4246,2531,1614,2462,8,9,60,23,14,16,131,43
20260808,r3_d30_t1_w20,561,106,4254,2534,1614,2463,8,7,64,21,14,16,131,43
20260808,r3_d30_t1_w20,562,113,4264,2537,1614,2469,8,6,62,24,15,15,131,43
20260808,r3_d30_t1_w20,563,118,4270,2538,1614,2474,8,4,60,28,15,16,131,43
20260808,r3_d30_t1_w20,564,120,4276,2542,1614,2483,7,5,54,34,14,16,131,43
20260808,r3_d30_t1_w20,565,125,4284,2545,1614,2488,3,7,50,40,15,18,131,43
20260808,r3_d30_t1_w20,566,125,4290,2551,1614,2492,3,9,50,38,12,18,131,43
20260808,r3_d30_t1_w20,567,129,4297,2554,1614,2499,10,9,46,35,12,19,131,43
20260808,r3_d30_t1_w20,568,133,4304,2557,1614,2502,19,6,49,26,10,19,131,43
20260808,r3_d30_t1_w20,569,136,4312,2561,1615,2504,22,7,50,21,11,19,131,43
20260808,r3_d30_t1_w20,570,135,4318,2561,1622,2506,20,4,51,25,16,17,121,43
20260808,r3_d30_t1_w20,571,130,4324,2562,1632,2510,19,1,51,29,18,16,121,43
20260808,r3_d30_t1_w20,572,129,4334,2568,1637,2513,18,7,48,27,21,16,121,43
20260808,r3_d30_t1_w20,573,116,4341,2580,1645,2517,12,18,45,25,20,15,121,43
20260808,r3_d30_t1_w20,574,118,4349,2584,1647,2522,10,16,46,28,21,15,121,43
20260808,r3_d30_t1_w20,575,114,4354,2585,1655,2526,4,5,54,37,21,14,131,43
20260808,r3_d30_t1_w20,576,102,4363,2599,1662,2530,4,15,54,27,20,12,131,43
20260808,r3_d30_t1_w20,577,89,4368,2612,1667,2536,11,27,49,13,19,11,131,43
20260808,r3_d30_t1_w20,578,86,4378,2617,1675,2540,13,18,59,10,20,10,131,43
20260808,r3_d30_t1_w20,579,82,4384,2622,1680,2543,14,10,69,7,22,10,131,43
20260808,r3_d30_t1_w20,580,78,4390,2624,1688,2545,4,7,72,17,24,8,131,43
20260808,r3_d30_t1_w20,581,73,4395,2628,1694,2548,2,6,74,18,22,7,131,43
20260808,r3_d30_t1_w20,582,72,4404,2633,1699,2551,2,9,73,16,22,6,131,43
20260808,r3_d30_t1_w20,583,72,4411,2636,1703,2553,0,8,75,17,26,6,131,43
20260808,r3_d30_t1_w20,584,71,4416,2638,1707,2559,0,5,74,21,27,7,131,43
20260808,r3_d30_t1_w20,585,68,4422,2644,1710,2564,0,8,72,20,26,8,131,43
20260808,r3_d30_t1_w20,586,65,4429,2651,1713,2569,0,13,69,18,24,9,131,43
20260808,r3_d30_t1_w20,587,67,4438,2654,1717,2574,1,10,70,19,22,10,131,43
20260808,r3_d30_t1_w20,588,67,4446,2658,1721,2578,6,7,73,14,19,11,131,43
20260808,r3_d30_t1_w20,589,68,4455,2662,1725,2582,7,8,72,13,18,13,131,43
20260808,r3_d30_t1_w20,590,72,4460,2663,1725,2587,4,5,71,20,17,15,131,43
20260808,r3_d30_t1_w20,591,77,4469,2667,1725,2594,3,5,68,24,15,15,131,43
20260808,r3_d30_t1_w20,592,82,4475,2668,1725,2600,9,5,63,23,18,15,131,43
20260808,r3_d30_t1_w20,593,86,4483,2672,1725,2606,6,5,61,28,16,16,131,43
20260808,r3_d30_t1_w20,594,88,4489,2676,1725,2613,11,8,55,26,13,17,131,43
20260808,r3_d30_t1_w20,595,92,4494,2677,1725,2615,25,5,57,13,12,19,131,43
20260808,r3_d30_t1_w20,596,97,4503,2681,1725,2618,32,5,58,5,13,20,131,43
20260808,r3_d30_t1_w20,597,106,4512,2681,1725,2622,22,4,55,19,15,20,131,43
20260808,r3_d30_t1_w20,598,110,4521,2685,1726,2629,13,4,52,31,13,20,131,43
20260808,r3_d30_t1_w20,599,114,4530,2687,1729,2635,6,6,46,42,13,23,131,43
20260808,r3_d30_t1_w20,600,115,4535,2688,1732,2643,7,3,42,48,17,22,121,40
20260808,r5_d30_t1_w20,1,6,7,1,0,0,93,1,0,6,6,1,131,43
20260808,r5_d30_t1_w20,2,13,14,1,0,0,65,1,0,34,9,2,131,43
20260808,r5_d30_t1_w20,3,16,24,8,0,0,52,7,1,40,13,3,131,43
20260808,r5_d30_t1_w20,4,11,33,22,0,0,30,21,1,48,8,4,131,43
20260808,r5_d30_t1_w20,5,12,38,26,0,0,25,18,8,49,8,4,131,43
20260808,r5_d30_t1_w20,6,18,47,29,0,0,17,7,22,54,11,5,131,43
20260808,r5_d30_t1_w20,7,24,55,31,0,0,10,5,26,59,10,6,131,43
20260808,r5_d30_t1_w20,8,14,64,50,0,0,22,21,29,28,11,3,131,43
20260808,r5_d30_t1_w20,9,12,71,59,0,0,20,28,31,21,9,4,131,43
20260808,r5_d30_t1_w20,10,8,77,69,0,0,10,19,50,21,8,1,131,43
20260808,r5_d30_t1_w20,11,15,84,69,0,0,5,10,59,26,15,1,131,43
20260808,r5_d30_t1_w20,12,24,94,70,0,0,2,1,69,28,18,4,131,43
20260808,r5_d30_t1_w20,13,20,102,82,0,1,0,13,68,19,15,4,131,43
20260808,r5_d30_t1_w20,14,26,110,84,0,3,2,14,67,17,17,4,131,43
20260808,r5_d30_t1_w20,15,26,115,89,0,5,3,7,77,13,15,4,131,43
20260808,r5_d30_t1_w20,16,24,122,98,0,8,4,14,76,6,17,3,131,43
20260808,r5_d30_t1_w20,17,31,132,101,0,12,4,12,77,7,18,5,131,43
20260808,r5_d30_t1_w20,18,34,137,103,0,15,4,5,83,8,16,5,131,43
20260808,r5_d30_t1_w20,19,37,146,109,0,19,4,8,82,6,13,8,131,43
20260808,r5_d30_t1_w20,20,42,154,112,0,26,6,9,77,8,15,6,121,40
20260808,r5_d30_t1_w20,21,49,163,114,0,30,0,5,79,16,18,6,121,40
20260808,r5_d30_t1_w20,22,54,173,119,0,34,1,7,78,14,16,7,121,40
20260808,r5_d30_t1_w20,23,62,182,120,0,40,6,6,74,14,17,7,121,40
20260808,r5_d30_t1_w20,24,63,187,124,0,47,8,5,72,15,15,8,121,40
20260808,r5_d30_t1_w20,25,65,195,130,0,54,10,10,66,14,14,9,126,43
20260808,r5_d30_t1_w20,26,69,200,131,0,60,13,7,64,16,14,9,126,43
20260808,r5_d30_t1_w20,27,73,210,137,0,65,18,7,65,10,12,11,126,43
20260808,r5_d30_t1_w20,28,74,215,141,0,68,20,10,63,7,10,11,126,43
20260808,r5_d30_t1_w20,29,78,221,143,0,78,21,6,59,14,10,13,126,43
20260808,r5_d30_t1_w20,30,79,227,148,0,87,21,7,54,18,15,12,131,43
20260808,r5_d30_t1_w20,31,79,235,156,0,93,13,13,50,24,17,12,131,43
20260808,r5_d30_t1_w20,32,80,242,162,0,94,6,14,54,26,20,12,131,43
20260808,r5_d30_t1_w20,33,73,248,175,0,96,6,19,60,15,18,12,131,43
20260808,r5_d30_t1_w20,34,80,256,176,0,100,6,14,62,18,24,12,131,43
20260808,r5_d30_t1_w20,35,82,262,180,0,104,5,5,71,19,21,12,131,43
20260808,r5_d30_t1_w20,36,85,270,185,0,108,4,9,68,19,23,12,131,43
20260808,r5_d30_t1_w20,37,90,278,188,0,112,1,8,68,23,23,12,131,43
20260808,r5_d30_t1_w20,38,91,283,192,0,117,1,7,68,24,22,12,131,43
20260808,r5_d30_t1_w20,39,94,288,194,0,119,10,6,69,15,20,12,131,43
20260808,r5_d30_t1_w20,40,93,295,198,4,126,21,6,66,7,22,11,131,43
20260808,r5_d30_t1_w20,41,92,301,200,9,132,17,6,62,15,23,8,131,43
20260808,r5_d30_t1_w20,42,86,309,207,16,138,16,9,60,15,22,8,131,43
20260808,r5_d30_t1_w20,43,85,318,210,23,140,11,10,60,19,23,7,131,43
20260808,r5_d30_t1_w20,44,82,323,214,27,144,0,7,63,30,24,7,131,43
20260808,r5_d30_t1_w20,45,81,333,218,34,147,0,8,63,29,24,8,131,43
20260808,r5_d30_t1_w20,46,84,341,219,38,152,0,5,62,33,24,9,131,43
20260808,r5_d30_t1_w20,47,79,346,222,45,159,0,4,59,37,23,9,131,43
20260808,r5_d30_t1_w20,48,78,353,227,48,167,5,8,52,35,20,11,131,43
20260808,r5_d30_t1_w20,49,71,358,234,53,171,2,12,51,35,15,11,131,43
20260808,r5_d30_t1_w20,50,71,363,239,53,172,2,12,55,31,16,11,126,43
20260808,r5_d30_t1_w20,51,66,368,249,53,175,1,15,59,25,16,10,126,43
20260808,r5_d30_t1_w20,52,59,373,261,53,181,5,22,58,15,15,11,126,43
20260808,r5_d30_t1_w20,53,64,382,265,53,182,10,16,67,7,14,12,126,43
20260808,r5_d30_t1_w20,54,69,390,268,53,192,15,7,69,9,13,12,126,43
20260808,r5_d30_t1_w20,55,74,397,270,53,196,16,5,69,10,14,13,131,43
20260808,r5_d30_t1_w20,56,73,402,276,53,200,10,8,68,14,14,14,131,43
20260808,r5_d30_t1_w20,57,80,412,279,53,201,7,9,69,15,15,17,131,43
20260808,r5_d30_t1_w20,58,85,419,281,53,204,7,5,72,16,15,17,131,43
20260808,r5_d30_t1_w20,59,88,425,284,53,208,4,5,71,20,15,17,131,43
20260808,r5_d30_t1_w20,60,93,431,285,53,212,14,4,69,13,19,17,131,43
20260808,r5_d30_t1_w20,61,98,438,287,53,217,18,3,67,12,24,16,131,43
20260808,r5_d30_t1_w20,62,101,447,293,53,223,18,8,62,12,27,16,131,43
20260808,r5_d30_t1_w20,63,101,454,300,53,231,19,13,56,12,27,16,131,43
20260808,r5_d30_t1_w20,64,105,461,303,53,234,18,10,59,13,27,16,131,43
20260808,r5_d30_t1_w20,65,104,471,311,56,240,18,11,60,11,24,15,131,43
20260808,r5_d30_t1_w20,66,105,480,315,60,243,17,12,60,11,23,13,131,43
20260808,r5_d30_t1_w20,67,103,487,320,64,247,18,9,64,9,21,12,131,43
20260808,r5_d30_t1_w20,68,98,492,324,70,253,18,9,62,11,22,11,131,43
20260808,r5_d30_t1_w20,69,96,497,328,73,262,11,8,58,23,23,10,131,43
20260808,r5_d30_t1_w20,70,94,503,336,73,265,4,12,59,25,21,12,131,43
20260808,r5_d30_t1_w20,71,99,513,340,74,268,4,12,60,24,22,13,131,43
20260808,r5_d30_t1_w20,72,99,518,341,78,273,0,5,63,32,22,15,131,43
20260808,r5_d30_t1_w20,73,100,528,346,82,280,0,6,60,34,20,15,131,43
20260808,r5_d30_t1_w20,74,87,533,358,88,284,6,17,57,20,19,13,131,43
20260808,r5_d30_t1_w20,75,78,541,372,91,287,6,26,59,9,19,10,131,43
20260808,r5_d30_t1_w20,76,82,551,375,94,289,2,17,69,12,18,10,131,43
20260808,r5_d30_t1_w20,77,77,556,379,100,293,3,7,79,11,15,10,131,43
20260808,r5_d30_t1_w20,78,79,564,381,104,295,7,6,80,7,16,10,131,43
20260808,r5_d30_t1_w20,79,78,569,384,107,297,7,5,82,6,12,11,131,43
20260808,r5_d30_t1_w20,80,85,577,385,107,299,7,4,82,7,12,12,131,43
20260808,r5_d30_t1_w20,81,90,583,386,107,306,9,2,78,11,12,13,131,43
20260808,r5_d30_t1_w20,82,95,590,388,107,311,10,3,74,13,11,14,131,43
20260808,r5_d30_t1_w20,83,102,599,390,107,316,12,4,70,14,11,14,131,43
20260808,r5_d30_t1_w20,84,107,606,392,107,324,18,4,64,14,12,15,131,43
20260808,r5_d30_t1_w20,85,114,614,393,107,333,28,3,57,12,14,16,131,43
20260808,r5_d30_t1_w20,86,118,623,398,107,341,30,6,51,13,12,17,131,43
20260808,r5_d30_t1_w20,87,121,628,400,107,346,32,7,47,14,11,17,131,43
20260808,r5_d30_t1_w20,88,128,636,401,107,349,26,3,49,22,12,17,131,43
20260808,r5_d30_t1_w20,89,127,643,409,107,354,21,9,46,24,12,17,131,43
20260808,r5_d30_t1_w20,90,125,648,416,107,363,24,15,38,23,15,16,131,43
20260808,r5_d30_t1_w20,91,129,658,418,111,368,22,9,41,28,19,16,131,43
20260808,r5_d30_t1_w20,92,130,668,423,115,371,22,7,45,26,18,16,131,43
20260808,r5_d30_t1_w20,93,122,677,432,123,378,23,14,40,23,20,13,131,43
20260808,r5_d30_t1_w20,94,124,686,435,127,380,21,12,43,24,21,13,131,43
20260808,r5_d30_t1_w20,95,116,695,446,133,382,18,14,50,18,22,11,131,43
20260808,r5_d30_t1_w20,96,105,703,455,143,383,4,20,52,24,22,11,131,43
20260808,r5_d30_t1_w20,97,103,709,461,145,386,1,15,60,24,21,10,131,43
20260808,r5_d30_t1_w20,98,101,714,461,152,388,2,6,67,25,21,10,131,43
20260808,r5_d30_t1_w20,99,104,722,462,156,390,1,1,71,27,25,10,131,43
20260808,r5_d30_t1_w20,100,99,729,474,156,392,0,13,69,18,25,8,121,40
20260808,r5_d30_t1_w20,101,102,738,477,159,393,0,15,69,16,24,8,121,40
20260808,r5_d30_t1_w20,102,95,747,486,166,396,0,12,78,10,27,8,121,40
20260808,r5_d30_t1_w20,103,91,754,488,175,402,0,11,75,14,25,8,121,40
20260808,r5_d30_t1_w20,104,92,763,493,178,406,0,7,80,13,24,10,121,40
20260808,r5_d30_t1_w20,105,86,770,501,183,407,0,13,81,6,24,11,131,43
20260808,r5_d30_t1_w20,106,82,776,502,192,411,0,9,82,9,24,13,131,43
20260808,r5_d30_t1_w20,107,81,781,504,196,415,0,3,86,11,23,13,131,43
20260808,r5_d30_t1_w20,108,82,790,507,201,425,0,5,77,18,21,13,131,43
20260808,r5_d30_t1_w20,109,86,800,508,206,433,1,4,71,24,18,14,131,43
20260808,r5_d30_t1_w20,110,86,809,517,206,440,5,10,67,18,16,15,131,43
20260808,r5_d30_t1_w20,111,89,816,521,206,445,10,13,63,14,15,17,131,43
20260808,r5_d30_t1_w20,112,97,825,522,206,450,18,5,67,10,14,17,131,43
20260808,r5_d30_t1_w20,113,102,834,526,206,453,16,5,68,11,16,17,131,43
20260808,r5_d30_t1_w20,114,109,844,529,206,457,5,7,65,23,19,18,131,43
20260808,r5_d30_t1_w20,115,114,854,534,206,466,5,8,60,27,16,22,131,43
20260808,r5_d30_t1_w20,116,120,863,537,206,474,5,8,55,32,16,23,131,43
20260808,r5_d30_t1_w20,117,125,871,540,206,479,2,6,55,37,15,24,131,43
20260808,r5_d30_t1_w20,118,124,881,551,206,483,2,14,54,30,14,21,131,43
20260808,r5_d30_t1_w20,119,130,891,555,206,486,2,15,54,29,14,22,131,43
20260808,r5_d30_t1_w20,120,134,899,559,206,491,1,8,60,31,20,22,131,43
20260808,r5_d30_t1_w20,121,134,904,564,206,498,5,9,57,29,19,22,131,43
20260808,r5_d30_t1_w20,122,134,913,568,211,499,16,9,60,15,22,21,131,43
20260808,r5_d30_t1_w20,123,125,922,579,218,501,16,15,63,6,19,20,131,43
20260808,r5_d30_t1_w20,124,122,928,581,225,503,17,13,65,5,20,18,131,43
20260808,r5_d30_t1_w20,125,124,937,582,231,507,19,3,72,6,21,16,121,40
20260808,r5_d30_t1_w20,126,129,946,583,234,512,10,2,69,19,21,16,121,40
20260808,r5_d30_t1_w20,127,127,952,588,237,513,1,6,69,24,19,15,121,40
20260808,r5_d30_t1_w20,128,125,958,590,243,518,14,7,65,14,19,15,121,40
20260808,r5_d30_t1_w20,129,126,966,590,250,524,25,2,64,9,21,14,121,40
20260808,r5_d30_t1_w20,130,124,973,594,255,530,17,4,60,19,21,12,131,43
20260808,r5_d30_t1_w20,131,125,983,599,259,536,9,9,54,28,22,11,131,43
20260808,r5_d30_t1_w20,132,120,989,603,266,541,14,9,53,24,21,12,131,43
20260808,r5_d30_t1_w20,133,122,998,607,269,544,23,8,55,14,22,13,131,43
20260808,r5_d30_t1_w20,134,126,1008,609,273,550,23,6,53,18,23,14,131,43
20260808,r5_d30_t1_w20,135,120,1013,614,279,561,24,7,46,23,21,15,131,43
20260808,r5_d30_t1_w20,136,120,1023,617,286,562,25,8,47,20,23,17,131,43
20260808,r5_d30_t1_w20,137,118,1032,622,292,567,11,8,47,34,21,18,131,43
20260808,r5_d30_t1_w20,138,112,1038,626,300,573,3,9,44,44,17,19,131,43
20260808,r5_d30_t1_w20,139,106,1043,631,306,576,9,9,46,36,10,18,131,43
20260808,r5_d30_t1_w20,140,108,1050,636,306,578,19,10,48,23,11,17,131,43
20260808,r5_d30_t1_w20,141,114,1056,636,306,582,29,5,49,17,12,20,131,43
20260808,r5_d30_t1_w20,142,120,1064,638,306,585,27,2,51,20,11,21,131,43
20260808,r5_d30_t1_w20,143,126,1072,640,306,585,27,4,51,18,11,21,131,43
20260808,r5_d30_t1_w20,144,133,1080,641,306,590,32,3,48,17,12,21,131,43
20260808,r5_d30_t1_w20,145,136,1088,642,310,594,33,2,46,19,12,22,131,43
20260808,r5_d30_t1_w20,146,136,1098,646,316,600,27,5,41,27,12,22,131,43
20260808,r5_d30_t1_w20,147,138,1107,648,321,601,16,6,41,37,13,22,131,43
20260808,r5_d30_t1_w20,148,135,1112,651,326,602,9,5,44,42,12,22,131,43
20260808,r5_d30_t1_w20,149,133,1118,659,326,606,10,11,42,37,12,21,131,43
20260808,r5_d30_t1_w20,150,132,1125,661,332,607,3,10,44,43,16,21,131,43
20260808,r5_d30_t1_w20,151,132,1135,665,338,611,5,6,48,41,17,20,131,43
20260808,r5_d30_t1_w20,152,126,1144,680,338,615,10,19,46,25,18,17,131,43
20260808,r5_d30_t1_w20,153,122,1152,692,338,617,8,27,48,17,20,15,131,43
20260808,r5_d30_t1_w20,154,120,1161,703,338,620,8,23,60,9,21,12,131,43
20260808,r5_d30_t1_w20,155,121,1166,707,338,626,6,15,66,13,20,12,126,43
20260808,r5_d30_t1_w20,156,123,1171,710,338,632,6,7,71,16,22,12,126,43
20260808,r5_d30_t1_w20,157,121,1177,715,341,635,5,8,72,15,21,11,126,43
20260808,r5_d30_t1_w20,158,119,1185,719,347,636,6,9,74,11,24,11,126,43
20260808,r5_d30_t1_w20,159,124,1195,721,350,637,4,6,78,12,27,10,126,43
20260808,r5_d30_t1_w20,160,122,1203,725,356,639,5,6,80,9,25,11,131,43
20260808,r5_d30_t1_w20,161,124,1211,727,360,645,5,6,76,13,25,11,131,43
20260808,r5_d30_t1_w20,162,126,1220,727,367,646,0,2,79,19,26,12,131,43
20260808,r5_d30_t1_w20,163,124,1230,735,371,654,0,8,73,19,29,11,131,43
20260808,r5_d30_t1_w20,164,122,1237,739,376,658,4,12,69,15,28,12,131,43
20260808,r5_d30_t1_w20,165,113,1243,749,381,664,5,14,71,10,27,13,131,43
20260808,r5_d30_t1_w20,166,111,1251,754,386,670,6,15,69,10,27,13,131,43
20260808,r5_d30_t1_w20,167,105,1256,761,390,674,6,12,75,7,25,12,131,43
20260808,r5_d30_t1_w20,168,111,1265,764,390,682,7,10,72,11,23,13,131,43
20260808,r5_d30_t1_w20,169,108,1270,768,394,689,7,7,72,14,18,14,131,43
20260808,r5_d30_t1_w20,170,112,1276,770,394,696,9,6,68,17,18,14,131,43
20260808,r5_d30_t1_w20,171,118,1285,773,394,701,8,5,67,20,19,14,131,43
20260808,r5_d30_t1_w20,172,121,1293,778,394,706,4,8,64,24,19,16,131,43
20260808,r5_d30_t1_w20,173,122,1299,782,395,711,7,9,62,22,15,17,131,43
20260808,r5_d30_t1_w20,174,117,1305,786,402,717,19,8,61,12,15,18,131,43
20260808,r5_d30_t1_w20,175,120,1311,787,404,723,28,5,59,8,16,18,131,43
20260808,r5_d30_t1_w20,176,125,1321,790,406,726,17,4,60,19,18,18,131,43
20260808,r5_d30_t1_w20,177,121,1326,796,409,734,10,9,53,28,15,18,131,43
20260808,r5_d30_t1_w20,178,125,1336,800,411,739,12,10,51,27,14,19,131,43
20260808,r5_d30_t1_w20,179,120,1341,803,418,739,12,7,57,24,14,17,131,43
20260808,r5_d30_t1_w20,180,119,1349,809,421,744,10,9,56,25,19,16,121,40
20260808,r5_d30_t1_w20,181,123,1359,809,427,746,10,6,57,27,22,16,121,40
20260808,r5_d30_t1_w20,182,118,1369,816,435,750,3,7,59,31,21,13,121,40
20260808,r5_d30_t1_w20,183,109,1377,829,439,757,2,20,52,26,19,12,121,40
20260808,r5_d30_t1_w20,184,100,1384,840,444,765,3,24,51,22,19,12,121,40
20260808,r5_d30_t1_w20,185,94,1389,845,450,768,2,16,61,21,21,11,131,43
20260808,r5_d30_t1_w20,186,95,1397,850,452,775,11,10,65,14,23,10,131,43
20260808,r5_d30_t1_w20,187,95,1402,851,456,781,14,6,64,16,23,9,131,43
20260808,r5_d30_t1_w20,188,86,1408,859,463,784,15,9,66,10,25,9,131,43
20260808,r5_d30_t1_w20,189,84,1415,866,465,786,14,15,65,6,24,9,131,43
20260808,r5_d30_t1_w20,190,84,1424,870,470,789,12,11,70,7,26,8,131,43
20260808,r5_d30_t1_w20,191,86,1433,874,473,791,11,8,75,6,25,8,131,43
20260808,r5_d30_t1_w20,192,86,1442,877,479,794,11,7,76,6,23,7,131,43
20260808,r5_d30_t1_w20,193,89,1451,879,483,797,11,5,77,7,25,7,131,43
20260808,r5_d30_t1_w20,194,91,1458,881,486,801,11,4,76,9,26,7,131,43
20260808,r5_d30_t1_w20,195,92,1468,886,490,805,11,7,74,8,25,9,131,43
20260808,r5_d30_t1_w20,196,93,1477,887,497,813,12,6,68,14,26,11,131,43
20260808,r5_d30_t1_w20,197,94,1487,892,501,818,11,6,68,15,24,11,131,43
20260808,r5_d30_t1_w20,198,89,1492,895,508,826,12,8,61,19,19,11,131,43
20260808,r5_d30_t1_w20,199,88,1498,899,511,829,12,7,63,18,16,12,131,43
20260808,r5_d30_t1_w20,200,93,1507,903,511,832,11,8,63,18,17,13,131,43
20260808,r5_d30_t1_w20,201,97,1512,904,511,839,1,5,60,34,18,13,131,43
20260808,r5_d30_t1_w20,202,91,1521,919,511,844,2,16,59,23,14,14,131,43
20260808,r5_d30_t1_w20,203,95,1531,925,511,852,1,21,52,26,15,14,131,43
20260808,r5_d30_t1_w20,204,101,1540,928,511,858,1,9,61,29,14,15,131,43
20260808,r5_d30_t1_w20,205,103,1548,934,511,862,13,9,63,15,12,16,131,43
20260808,r5_d30_t1_w20,206,112,1557,934,511,868,9,6,60,25,13,18,131,43
20260808,r5_d30_t1_w20,207,114,1563,938,511,870,1,4,64,31,16,18,131,43
20260808,r5_d30_t1_w20,208,117,1572,944,511,876,2,10,58,30,14,19,131,43
20260808,r5_d30_t1_w20,209,116,1578,951,511,877,1,13,61,25,12,20,131,43
20260808,r5_d30_t1_w20,210,122,1588,955,511,879,5,11,65,19,18,20,131,43
20260808,r5_d30_t1_w20,211,128,1595,956,511,887,6,5,64,25,21,20,131,43
20260808,r5_d30_t1_w20,212,128,1600,957,515,893,2,2,62,34,22,20,131,43
20260808,r5_d30_t1_w20,213,121,1605,963,521,897,3,7,59,31,20,19,131,43
20260808,r5_d30_t1_w20,214,112,1613,978,523,903,9,21,54,16,20,19,131,43
20260808,r5_d30_t1_w20,215,103,1623,988,532,904,9,25,59,7,19,18,131,43
20260808,r5_d30_t1_w20,216,100,1628,989,539,906,1,11,72,16,21,18,131,43
20260808,r5_d30_t1_w20,217,99,1637,992,546,910,1,4,78,17,23,17,131,43
20260808,r5_d30_t1_w20,218,99,1646,997,550,915,0,8,74,18,24,15,131,43
20260808,r5_d30_t1_w20,219,98,1651,1000,553,919,0,8,73,19,28,13,131,43
20260808,r5_d30_t1_w20,220,95,1657,1009,553,925,0,12,72,16,26,11,131,43
20260808,r5_d30_t1_w20,221,101,1666,1012,553,930,1,12,70,17,25,11,131,43
20260808,r5_d30_t1_w20,222,95,1672,1017,560,933,6,8,76,10,24,9,131,43
20260808,r5_d30_t1_w20,223,91,1677,1021,565,938,7,9,74,10,25,9,131,43
20260808,r5_d30_t1_w20,224,92,1687,1022,573,940,4,5,77,14,25,10,131,43
20260808,r5_d30_t1_w20,225,89,1693,1026,578,952,10,5,69,16,21,11,131,43
20260808,r5_d30_t1_w20,226,86,1703,1031,586,955,15,9,67,9,21,11,131,43
20260808,r5_d30_t1_w20,227,90,1713,1037,586,963,17,11,63,9,21,13,131,43
20260808,r5_d30_t1_w20,228,90,1720,1039,591,968,14,8,63,15,19,13,131,43
20260808,r5_d30_t1_w20,229,91,1730,1045,594,972,14,8,65,13,14,13,131,43
20260808,r5_d30_t1_w20,230,93,1735,1048,594,979,13,9,60,18,13,14,131,43
20260808,r5_d30_t1_w20,231,97,1743,1052,594,989,14,7,56,23,12,16,131,43
20260808,r5_d30_t1_w20,232,98,1748,1056,594,993,19,8,55,18,13,15,131,43
20260808,r5_d30_t1_w20,233,101,1756,1061,594,998,24,9,54,13,10,16,131,43
20260808,r5_d30_t1_w20,234,109,1764,1061,594,1004,30,5,52,13,11,16,131,43
20260808,r5_d30_t1_w20,235,115,1773,1064,594,1008,26,3,53,18,13,17,111,40
20260808,r5_d30_t1_w20,236,114,1779,1071,594,1009,23,10,52,15,13,18,111,40
20260808,r5_d30_t1_w20,237,122,1789,1073,594,1012,20,9,52,19,13,18,111,40
20260808,r5_d30_t1_w20,238,123,1797,1075,599,1015,20,4,56,20,12,19,111,40
20260808,r5_d30_t1_w20,239,128,1804,1077,599,1024,24,4,49,23,12,19,111,40
20260808,r5_d30_t1_w20,240,131,1813,1079,603,1027,21,4,48,27,17,18,131,43
20260808,r5_d30_t1_w20,241,123,1819,1093,603,1032,13,16,45,26,20,15,131,43
20260808,r5_d30_t1_w20,242,123,1829,1103,603,1035,12,24,44,20,21,15,131,43
20260808,r5_d30_t1_w20,243,113,1836,1120,603,1037,12,27,56,5,17,15,131,43
20260808,r5_d30_t1_w20,244,113,1843,1121,609,1041,5,18,62,15,22,14,131,43
20260808,r5_d30_t1_w20,245,113,1851,1123,615,1047,4,3,73,20,24,14,131,43
20260808,r5_d30_t1_w20,246,106,1856,1126,624,1050,0,5,71,24,23,12,131,43
20260808,r5_d30_t1_w20,247,99,1862,1131,632,1054,0,8,69,23,22,11,131,43
20260808,r5_d30_t1_w20,248,101,1871,1135,635,1059,5,9,67,19,22,10,131,43
20260808,r5_d30_t1_w20,249,99,1879,1138,642,1060,7,7,71,15,22,9,131,43
20260808,r5_d30_t1_w20,250,94,1887,1151,642,1066,9,16,69,6,22,9,131,43
20260808,r5_d30_t1_w20,251,95,1892,1152,645,1069,10,14,69,7,22,8,131,43
20260808,r5_d30_t1_w20,252,97,1900,1156,647,1072,10,5,79,6,21,8,131,43
20260808,r5_d30_t1_w20,253,100,1910,1160,650,1074,11,8,78,3,21,10,131,43
20260808,r5_d30_t1_w20,254,98,1916,1163,655,1079,10,7,77,6,23,11,131,43
20260808,r5_d30_t1_w20,255,102,1926,1163,661,1084,10,3,76,11,24,12,122,43
20260808,r5_d30_t1_w20,256,96,1931,1170,665,1089,4,7,74,15,22,12,122,43
20260808,r5_d30_t1_w20,257,93,1937,1174,670,1095,6,11,68,15,21,13,122,43
20260808,r5_d30_t1_w20,258,93,1947,1176,678,1103,7,6,67,20,20,14,122,43
20260808,r5_d30_t1_w20,259,91,1955,1181,683,1106,5,7,68,20,17,14,122,43
20260808,r5_d30_t1_w20,260,92,1961,1186,683,1108,1,10,68,21,14,13,131,43
20260808,r5_d30_t1_w20,261,98,1971,1190,683,1116,1,9,65,25,13,13,131,43
20260808,r5_d30_t1_w20,262,103,1977,1191,683,1124,10,5,62,23,12,14,131,43
20260808,r5_d30_t1_w20,263,105,1986,1198,683,1131,9,8,59,24,12,14,131,43
20260808,r5_d30_t1_w20,264,111,1995,1201,683,1137,18,10,54,18,14,14,131,43
20260808,r5_d30_t1_w20,265,117,2002,1202,683,1141,18,4,57,21,14,15,131,43
20260808,r5_d30_t1_w20,266,121,2012,1208,683,1147,11,7,54,28,13,16,131,43
20260808,r5_d30_t1_w20,267,123,2018,1212,683,1148,0,10,54,36,12,16,131,43
20260808,r5_d30_t1_w20,268,124,2025,1218,683,1157,9,10,51,30,11,16,131,43
20260808,r5_d30_t1_w20,269,124,2033,1226,683,1159,15,14,53,18,11,15,131,43
20260808,r5_d30_t1_w20,270,128,2042,1231,683,1163,7,13,55,25,16,14,131,43
20260808,r5_d30_t1_w20,271,132,2047,1232,683,1164,10,6,62,22,18,14,131,43
20260808,r5_d30_t1_w20,272,125,2056,1244,687,1171,16,13,60,11,18,14,131,43
20260808,r5_d30_t1_w20,273,118,2062,1250,694,1174,17,18,58,7,18,14,131,43
20260808,r5_d30_t1_w20,274,121,2072,1254,697,1176,16,10,68,6,22,14,131,43
20260808,r5_d30_t1_w20,275,116,2078,1256,706,1177,5,6,73,16,21,13,131,43
20260808,r5_d30_t1_w20,276,116,2086,1260,710,1181,1,6,73,20,20,13,131,43
20260808,r5_d30_t1_w20,277,116,2093,1262,715,1188,12,6,68,14,21,13,131,43
20260808,r5_d30_t1_w20,278,113,2101,1265,723,1192,7,5,68,20,22,11,131,43
20260808,r5_d30_t1_w20,279,111,2107,1269,727,1197,4,7,65,24,21,11,131,43
20260808,r5_d30_t1_w20,280,111,2116,1273,732,1203,12,8,62,18,23,10,131,43
20260808,r5_d30_t1_w20,281,103,2123,1279,741,1206,16,10,63,11,24,12,131,43
20260808,r5_d30_t1_w20,282,104,2132,1281,747,1212,21,8,61,10,25,13,131,43
20260808,r5_d30_t1_w20,283,103,2140,1283,754,1217,11,4,62,23,24,13,131,43
20260808,r5_d30_t1_w20,284,95,2145,1290,760,1223,4,9,58,29,23,13,131,43
20260808,r5_d30_t1_w20,285,91,2150,1295,764,1225,2,12,58,28,23,14,121,40
20260808,r5_d30_t1_w20,286,91,2160,1300,769,1227,1,10,63,26,25,16,121,40
20260808,r5_d30_t1_w20,287,92,2169,1306,771,1231,2,11,64,23,21,16,121,40
20260808,r5_d30_t1_w20,288,93,2177,1308,776,1235,3,8,65,24,21,17,121,40
20260808,r5_d30_t1_w20,289,93,2186,1311,782,1242,1,5,64,30,17,17,121,40
20260808,r5_d30_t1_w20,290,97,2192,1313,782,1245,1,5,63,31,18,17,126,43
20260808,r5_d30_t1_w20,291,92,2198,1324,782,1248,5,13,63,19,16,14,126,43
20260808,r5_d30_t1_w20,292,90,2207,1335,782,1255,7,22,58,13,16,12,126,43
20260808,r5_d30_t1_w20,293,92,2212,1338,782,1264,9,14,60,17,16,14,126,43
20260808,r5_d30_t1_w20,294,99,2222,1341,782,1269,7,6,66,21,14,17,126,43
20260808,r5_d30_t1_w20,295,105,2230,1343,782,1270,6,5,68,21,15,16,131,43
20260808,r5_d30_t1_w20,296,108,2240,1350,782,1276,7,9,65,19,14,17,131,43
20260808,r5_d30_t1_w20,297,114,2249,1353,782,1277,7,10,66,17,17,19,131,43
20260808,r5_d30_t1_w20,298,119,2259,1358,782,1280,7,8,70,15,15,20,131,43
20260808,r5_d30_t1_w20,299,126,2267,1359,782,1284,14,6,69,11,14,23,131,43
20260808,r5_d30_t1_w20,300,132,2277,1362,783,1290,12,4,68,16,19,23,131,43
20260808,r5_d30_t1_w20,301,135,2285,1364,786,1292,12,5,67,16,20,23,131,43
20260808,r5_d30_t1_w20,302,128,2294,1375,791,1302,14,13,60,13,19,22,131,43
20260808,r5_d30_t1_w20,303,123,2300,1379,798,1308,2,15,56,27,20,21,131,43
20260808,r5_d30_t1_w20,304,123,2310,1389,798,1314,0,14,61,25,25,20,131,43
20260808,r5_d30_t1_w20,305,131,2320,1391,798,1318,0,12,61,27,28,20,131,43
20260808,r5_d30_t1_w20,306,125,2325,1396,804,1320,0,7,69,24,29,19,131,43
20260808,r5_d30_t1_w20,307,123,2334,1403,808,1325,0,12,66,22,28,17,131,43
20260808,r5_d30_t1_w20,308,122,2341,1405,814,1331,0,9,65,26,28,17,131,43
20260808,r5_d30_t1_w20,309,119,2350,1411,820,1333,3,8,70,19,27,15,131,43
20260808,r5_d30_t1_w20,310,118,2356,1415,823,1334,0,10,71,19,27,15,131,43
20260808,r5_d30_t1_w20,311,112,2364,1424,828,1338,0,13,73,14,26,15,131,43
20260808,r5_d30_t1_w20,312,112,2372,1425,835,1343,0,10,72,18,29,13,131,43
20260808,r5_d30_t1_w20,313,116,2382,1430,836,1349,0,6,75,19,29,11,131,43
20260808,r5_d30_t1_w20,314,112,2392,1435,845,1355,0,10,70,20,26,11,131,43
20260808,r5_d30_t1_w20,315,109,2400,1441,850,1359,0,11,71,18,26,11,131,43
20260808,r5_d30_t1_w20,316,102,2407,1450,855,1364,0,15,71,14,25,10,131,43
20260808,r5_d30_t1_w20,317,99,2413,1453,861,1368,1,12,73,14,23,11,131,43
20260808,r5_d30_t1_w20,318,88,2420,1462,870,1372,1,12,78,9,19,13,131,43
20260808,r5_d30_t1_w20,319,87,2430,1465,878,1380,0,12,73,15,14,14,131,43
20260808,r5_d30_t1_w20,320,92,2437,1467,878,1383,2,5,79,14,14,15,131,43
20260808,r5_d30_t1_w20,321,95,2447,1474,878,1389,3,9,76,12,13,15,131,43
20260808,r5_d30_t1_w20,322,102,2454,1474,878,1392,2,7,75,16,15,15,131,43
20260808,r5_d30_t1_w20,323,107,2462,1477,878,1398,1,3,76,20,16,16,131,43
20260808,r5_d30_t1_w20,324,112,2470,1480,878,1402,2,6,72,20,19,17,131,43
20260808,r5_d30_t1_w20,325,113,2477,1486,878,1408,7,9,69,15,16,16,131,43
20260808,r5_d30_t1_w20,326,115,2482,1489,878,1414,9,9,66,16,14,17,131,43
20260808,r5_d30_t1_w20,327,122,2490,1490,878,1417,13,4,69,14,18,17,131,43
20260808,r5_d30_t1_w20,328,128,2499,1493,878,1427,12,4,62,22,20,18,131,43
20260808,r5_d30_t1_w20,329,127,2508,1500,881,1433,14,10,57,19,18,18,131,43
20260808,r5_d30_t1_w20,330,129,2517,1505,883,1433,10,12,60,18,24,17,131,43
20260808,r5_d30_t1_w20,331,129,2525,1507,889,1442,0,7,58,35,28,16,131,43
20260808,r5_d30_t1_w20,332,123,2531,1519,889,1450,0,14,55,31,25,15,131,43
20260808,r5_d30_t1_w20,333,114,2538,1529,895,1454,0,22,53,25,24,14,131,43
20260808,r5_d30_t1_w20,334,105,2545,1538,902,1460,0,19,59,22,23,14,131,43
20260808,r5_d30_t1_w20,335,104,2555,1542,909,1463,0,13,66,21,21,14,121,40
20260808,r5_d30_t1_w20,336,104,2562,1545,913,1468,0,7,70,23,21,13,121,40
20260808,r5_d30_t1_w20,337,104,2568,1551,913,1474,3,9,68,20,22,13,121,40
20260808,r5_d30_t1_w20,338,100,2573,1558,915,1476,3,13,69,15,24,13,121,40
20260808,r5_d30_t1_w20,339,95,2582,1568,919,1480,3,17,71,9,21,10,121,40
20260808,r5_d30_t1_w20,340,91,2590,1574,925,1484,3,16,74,7,20,9,131,43
20260808,r5_d30_t1_w20,341,92,2600,1578,930,1486,3,10,82,5,21,9,131,43
20260808,r5_d30_t1_w20,342,91,2606,1580,935,1486,4,6,88,2,22,11,131,43
20260808,r5_d30_t1_w20,343,93,2616,1583,940,1491,1,5,87,7,25,12,131,43
20260808,r5_d30_t1_w20,344,97,2624,1583,944,1498,0,3,82,15,26,13,131,43
20260808,r5_d30_t1_w20,345,92,2629,1590,947,1504,0,7,79,14,24,14,131,43
20260808,r5_d30_t1_w20,346,94,2639,1597,948,1510,3,14,73,10,24,13,131,43
20260808,r5_d30_t1_w20,347,99,2649,1602,948,1514,2,12,76,10,25,14,131,43
20260808,r5_d30_t1_w20,348,101,2656,1605,950,1521,2,8,76,14,24,15,131,43
20260808,r5_d30_t1_w20,349,97,2662,1611,954,1529,2,9,73,16,21,16,131,43
20260808,r5_d30_t1_w20,350,97,2667,1616,954,1534,2,11,71,16,21,16,131,43
20260808,r5_d30_t1_w20,351,99,2674,1621,954,1545,5,10,66,19,21,16,131,43
20260808,r5_d30_t1_w20,352,105,2680,1621,954,1548,6,5,68,21,22,16,131,43
20260808,r5_d30_t1_w20,353,107,2689,1628,954,1554,8,7,67,18,16,18,131,43
20260808,r5_d30_t1_w20,354,114,2697,1629,954,1557,10,8,64,18,18,19,131,43
20260808,r5_d30_t1_w20,355,121,2705,1630,954,1565,13,2,63,22,17,19,131,43
20260808,r5_d30_t1_w20,356,120,2712,1638,954,1572,14,9,57,20,16,21,131,43
20260808,r5_d30_t1_w20,357,119,2718,1645,954,1574,16,15,56,13,15,19,131,43
20260808,r5_d30_t1_w20,358,122,2724,1648,954,1579,18,10,59,13,14,17,131,43
20260808,r5_d30_t1_w20,359,123,2731,1651,957,1583,18,6,62,14,13,18,131,43
20260808,r5_d30_t1_w20,360,122,2738,1653,963,1587,9,5,61,25,19,16,126,43
20260808,r5_d30_t1_w20,361,120,2746,1658,968,1590,10,7,61,22,18,15,126,43
20260808,r5_d30_t1_w20,362,119,2753,1663,971,1596,13,10,57,20,21,15,126,43
20260808,r5_d30_t1_w20,363,120,2761,1666,975,1603,7,8,55,30,22,13,126,43
20260808,r5_d30_t1_w20,364,107,2767,1683,977,1607,6,20,56,18,20,13,126,43
20260808,r5_d30_t1_w20,365,111,2777,1685,981,1609,5,19,57,19,21,13,131,43
20260808,r5_d30_t1_w20,366,109,2785,1687,989,1611,4,4,72,20,22,13,131,43
20260808,r5_d30_t1_w20,367,109,2794,1692,993,1617,4,7,68,21,23,11,131,43
20260808,r5_d30_t1_w20,368,111,2803,1695,997,1620,3,8,67,22,23,12,131,43
20260808,r5_d30_t1_w20,369,109,2808,1699,1000,1624,4,7,68,21,23,11,131,43
20260808,r5_d30_t1_w20,370,108,2813,1701,1004,1628,2,6,67,25,23,11,131,43
20260808,r5_d30_t1_w20,371,108,2820,1706,1006,1631,5,7,68,20,20,12,131,43
20260808,r5_d30_t1_w20,372,108,2826,1707,1011,1637,12,6,64,18,20,14,131,43
20260808,r5_d30_t1_w20,373,102,2831,1709,1020,1644,14,3,62,21,19,16,131,43
20260808,r5_d30_t1_w20,374,98,2839,1718,1023,1649,15,11,58,16,19,16,131,43
20260808,r5_d30_t1_w20,375,86,2845,1730,1029,1653,15,21,56,8,21,14,131,43
20260808,r5_d30_t1_w20,376,88,2854,1734,1032,1658,7,16,60,17,22,13,131,43
20260808,r5_d30_t1_w20,377,85,2859,1738,1036,1663,4,8,67,21,21,13,131,43
20260808,r5_d30_t1_w20,378,84,2867,1741,1042,1665,4,7,69,20,21,13,131,43
20260808,r5_d30_t1_w20,379,85,2874,1743,1046,1671,4,5,67,24,17,15,131,43
20260808,r5_d30_t1_w20,380,89,2881,1746,1046,1676,3,5,65,27,16,15,115,42
20260808,r5_d30_t1_w20,381,92,2887,1749,1046,1679,4,6,64,26,14,15,115,42
20260808,r5_d30_t1_w20,382,99,2897,1752,1046,1684,6,6,62,26,15,15,115,42
20260808,r5_d30_t1_w20,383,101,2904,1757,1046,1688,4,8,61,27,15,14,115,42
20260808,r5_d30_t1_w20,384,103,2912,1763,1046,1692,1,11,60,28,15,14,115,42
20260808,r5_d30_t1_w20,385,109,2922,1767,1046,1696,3,10,61,26,13,14,131,43
20260808,r5_d30_t1_w20,386,115,2929,1768,1046,1703,7,5,60,28,12,17,131,43
20260808,r5_d30_t1_w20,387,121,2939,1770,1048,1705,9,3,62,26,15,18,131,43
20260808,r5_d30_t1_w20,388,122,2949,1775,1052,1707,11,7,61,21,16,19,131,43
20260808,r5_d30_t1_w20,389,122,2957,1783,1052,1712,9,13,58,20,15,19,131,43
20260808,r5_d30_t1_w20,390,127,2966,1784,1055,1718,3,9,57,31,18,18,121,40
20260808,r5_d30_t1_w20,391,127,2975,1787,1061,1722,0,4,61,35,20,18,121,40
20260808,r5_d30_t1_w20,392,120,2984,1798,1066,1728,4,14,56,26,19,17,121,40
20260808,r5_d30_t1_w20,393,118,2994,1806,1070,1731,4,19,56,21,20,16,121,40
20260808,r5_d30_t1_w20,394,111,3002,1820,1071,1736,5,22,62,11,20,16,121,40
20260808,r5_d30_t1_w20,395,110,3007,1826,1071,1740,7,20,66,7,19,15,131,43
20260808,r5_d30_t1_w20,396,106,3012,1828,1078,1750,15,8,70,7,20,14,131,43
20260808,r5_d30_t1_w20,397,110,3020,1830,1080,1754,16,4,72,8,22,13,131,43
20260808,r5_d30_t1_w20,398,112,3030,1835,1083,1756,7,7,72,14,23,13,131,43
20260808,r5_d30_t1_w20,399,112,3038,1838,1088,1758,6,8,72,14,23,13,131,43
20260808,r5_d30_t1_w20,400,110,3044,1841,1093,1763,6,6,72,16,21,12,131,43
20260808,r5_d30_t1_w20,401,109,3049,1842,1098,1766,7,4,72,17,23,11,131,43
20260808,r5_d30_t1_w20,402,108,3057,1845,1104,1771,9,4,70,17,22,10,131,43
20260808,r5_d30_t1_w20,403,109,3066,1848,1109,1775,7,6,67,20,24,12,131,43
20260808,r5_d30_t1_w20,404,105,3072,1853,1114,1781,6,8,64,22,22,14,131,43
20260808,r5_d30_t1_w20,405,101,3082,1858,1123,1788,7,10,60,23,20,14,131,43
20260808,r5_d30_t1_w20,406,100,3092,1869,1123,1791,7,16,62,15,24,14,131,43
20260808,r5_d30_t1_w20,407,103,3102,1876,1123,1797,1,18,61,20,21,13,131,43
20260808,r5_d30_t1_w20,408,101,3108,1881,1126,1801,0,12,68,20,19,14,131,43
20260808,r5_d30_t1_w20,409,99,3114,1885,1130,1805,0,9,71,20,15,13,131,43
20260808,r5_d30_t1_w20,410,104,3124,1890,1130,1814,0,9,67,24,15,15,131,43
20260808,r5_d30_t1_w20,411,113,3134,1891,1130,1819,1,6,66,27,20,16,131,43
20260808,r5_d30_t1_w20,412,117,3139,1892,1130,1826,4,2,64,30,20,18,131,43
20260808,r5_d30_t1_w20,413,112,3145,1903,1130,1828,4,12,63,21,16,17,131,43
20260808,r5_d30_t1_w20,414,118,3153,1905,1130,1834,11,13,58,18,15,17,131,43
20260808,r5_d30_t1_w20,415,121,3158,1907,1130,1838,12,4,65,19,16,17,131,43
20260808,r5_d30_t1_w20,416,125,3168,1913,1130,1840,5,8,65,22,17,17,131,43
20260808,r5_d30_t1_w20,417,123,3175,1917,1135,1842,0,10,65,25,14,19,131,43
20260808,r5_d30_t1_w20,418,117,3181,1920,1144,1847,0,7,66,27,13,18,131,43
20260808,r5_d30_t1_w20,419,115,3188,1923,1150,1852,1,6,65,28,14,20,131,43
20260808,r5_d30_t1_w20,420,116,3194,1928,1150,1853,6,8,67,19,19,20,131,43
20260808,r5_d30_t1_w20,421,117,3202,1935,1150,1857,0,12,66,22,20,20,131,43
20260808,r5_d30_t1_w20,422,111,3207,1941,1155,1861,0,13,67,20,19,17,131,43
20260808,r5_d30_t1_w20,423,100,3213,1952,1161,1869,9,17,66,8,17,15,131,43
20260808,r5_d30_t1_w20,424,103,3223,1954,1166,1872,13,13,69,5,18,13,131,43
20260808,r5_d30_t1_w20,425,96,3228,1957,1175,1877,14,5,75,6,19,13,131,43
20260808,r5_d30_t1_w20,426,101,3238,1958,1179,1882,17,4,72,7,20,13,131,43
20260808,r5_d30_t1_w20,427,96,3243,1961,1186,1891,18,4,66,12,22,13,131,43
20260808,r5_d30_t1_w20,428,96,3250,1966,1188,1901,8,8,57,27,22,12,131,43
20260808,r5_d30_t1_w20,429,92,3259,1975,1192,1902,3,14,59,24,21,12,131,43
20260808,r5_d30_t1_w20,430,92,3269,1979,1198,1904,12,13,62,13,22,11,131,43
20260808,r5_d30_t1_w20,431,95,3279,1981,1203,1907,16,6,68,10,21,11,131,43
20260808,r5_d30_t1_w20,432,98,3287,1986,1203,1915,17,7,64,12,23,12,131,43
20260808,r5_d30_t1_w20,433,102,3296,1987,1207,1917,17,6,64,13,25,14,131,43
20260808,r5_d30_t1_w20,434,97,3304,1993,1214,1923,17,7,63,13,23,13,131,43
20260808,r5_d30_t1_w20,435,104,3313,1993,1216,1931,18,6,56,20,24,13,131,43
20260808,r5_d30_t1_w20,436,96,3318,2002,1220,1933,17,9,60,14,22,10,131,43
20260808,r5_d30_t1_w20,437,92,3327,2012,1223,1937,18,19,56,7,19,12,131,43
20260808,r5_d30_t1_w20,438,94,3335,2015,1226,1941,20,13,61,6,19,15,131,43
20260808,r5_d30_t1_w20,439,99,3345,2019,1227,1945,17,7,67,9,18,14,131,43
20260808,r5_d30_t1_w20,440,102,3350,2021,1227,1951,2,6,64,28,18,15,131,43
20260808,r5_d30_t1_w20,441,107,3360,2026,1227,1958,3,7,61,29,14,14,131,43
20260808,r5_d30_t1_w20,442,115,3370,2028,1227,1960,19,7,61,13,18,14,131,43
20260808,r5_d30_t1_w20,443,121,3379,2031,1227,1964,11,5,62,22,19,15,131,43
20260808,r5_d30_t1_w20,444,126,3389,2036,1227,1970,1,8,58,33,16,16,131,43
20260808,r5_d30_t1_w20,445,129,3394,2038,1227,1976,3,7,55,35,15,17,121,40
20260808,r5_d30_t1_w20,446,132,3399,2040,1227,1981,9,4,55,32,13,18,121,40
20260808,r5_d30_t1_w20,447,132,3404,2044,1228,1985,21,6,53,20,11,18,121,40
20260808,r5_d30_t1_w20,448,130,3409,2046,1233,1986,33,6,54,7,10,18,121,40
20260808,r5_d30_t1_w20,449,130,3418,2048,1240,1993,42,4,51,3,10,18,121,40
20260808,r5_d30_t1_w20,450,128,3424,2048,1248,1996,37,2,50,11,16,17,131,43
20260808,r5_d30_t1_w20,451,125,3431,2051,1255,1999,19,3,49,29,18,15,131,43
20260808,r5_d30_t1_w20,452,118,3436,2060,1258,2002,18,12,46,24,17,14,131,43
20260808,r5_d30_t1_w20,453,106,3444,2075,1263,2006,14,24,45,17,15,14,131,43
20260808,r5_d30_t1_w20,454,106,3453,2077,1270,2012,10,17,48,25,21,14,131,43
20260808,r5_d30_t1_w20,455,105,3461,2081,1275,2017,9,6,58,27,22,14,131,43
20260808,r5_d30_t1_w20,456,106,3470,2085,1279,2020,6,8,57,29,22,12,131,43
20260808,r5_d30_t1_w20,457,105,3478,2091,1282,2023,13,10,58,19,24,12,131,43
20260808,r5_d30_t1_w20,458,102,3486,2096,1288,2028,10,11,57,22,23,10,131,43
20260808,r5_d30_t1_w20,459,99,3493,2099,1295,2030,0,8,61,31,22,10,131,43
20260808,r5_d30_t1_w20,460,98,3498,2102,1298,2035,6,6,61,27,22,10,131,43
20260808,r5_d30_t1_w20,461,94,3505,2104,1307,2036,12,5,63,20,22,8,131,43
20260808,r5_d30_t1_w20,462,84,3513,2116,1313,2038,2,14,64,20,20,9,131,43
20260808,r5_d30_t1_w20,463,79,3518,2120,1319,2046,3,16,58,23,20,9,131,43
20260808,r5_d30_t1_w20,464,78,3527,2122,1327,2048,4,6,68,22,20,9,131,43
20260808,r5_d30_t1_w20,465,80,3537,2127,1330,2052,4,7,68,21,21,10,131,43
20260808,r5_d30_t1_w20,466,80,3545,2130,1335,2054,10,8,68,14,20,10,131,43
20260808,r5_d30_t1_w20,467,83,3554,2134,1337,2062,17,7,65,11,24,10,131,43
20260808,r5_d30_t1_w20,468,84,3559,2136,1339,2066,16,6,64,14,25,10,131,43
20260808,r5_d30_t1_w20,469,77,3565,2142,1346,2072,19,8,62,11,19,9,131,43
20260808,r5_d30_t1_w20,470,79,3571,2146,1346,2073,19,10,63,8,16,10,131,43
20260808,r5_d30_t1_w20,471,88,3580,2146,1346,2079,21,4,63,12,17,12,131,43
20260808,r5_d30_t1_w20,472,94,3587,2147,1346,2083,20,1,63,16,17,13,131,43
20260808,r5_d30_t1_w20,473,98,3594,2150,1346,2086,21,4,60,15,15,15,131,43
20260808,r5_d30_t1_w20,474,107,3604,2151,1346,2097,22,4,50,24,16,17,131,43
20260808,r5_d30_t1_w20,475,112,3613,2155,1346,2099,19,5,51,25,15,17,131,43
20260808,r5_d30_t1_w20,476,113,3619,2160,1346,2100,21,9,51,19,15,17,131,43
20260808,r5_d30_t1_w20,477,114,3624,2164,1346,2106,16,9,49,26,12,19,131,43
20260808,r5_d30_t1_w20,478,118,3629,2165,1346,2107,10,5,53,32,11,19,131,43
20260808,r5_d30_t1_w20,479,120,3638,2168,1350,2113,22,4,51,23,13,19,131,43
20260808,r5_d30_t1_w20,480,115,3644,2179,1350,2117,25,14,48,13,14,18,131,43
20260808,r5_d30_t1_w20,481,111,3651,2189,1351,2118,19,21,50,10,13,18,131,43
20260808,r5_d30_t1_w20,482,102,3656,2196,1358,2127,20,17,52,11,12,17,131,43
20260808,r5_d30_t1_w20,483,108,3666,2197,1361,2135,10,8,54,28,18,16,131,43
20260808,r5_d30_t1_w20,484,105,3676,2205,1366,2139,9,9,57,25,20,16,131,43
20260808,r5_d30_t1_w20,485,102,3682,2210,1370,2141,9,13,56,22,22,14,131,43
20260808,r5_d30_t1_w20,486,101,3688,2212,1375,2143,7,7,62,24,23,14,131,43
20260808,r5_d30_t1_w20,487,93,3697,2229,1375,2144,4,19,66,11,22,13,131,43
20260808,r5_d30_t1_w20,488,96,3704,2232,1376,2147,10,20,65,5,23,13,131,43
20260808,r5_d30_t1_w20,489,105,3714,2233,1376,2152,10,4,77,9,24,13,131,43
20260808,r5_d30_t1_w20,490,104,3720,2234,1382,2152,2,2,80,16,24,13,126,43
20260808,r5_d30_t1_w20,491,97,3727,2241,1389,2156,3,8,77,12,24,11,126,43
20260808,r5_d30_t1_w20,492,100,3737,2242,1395,2161,3,8,73,16,24,9,126,43
20260808,r5_d30_t1_w20,493,99,3746,2246,1401,2165,5,5,76,14,25,10,126,43
20260808,r5_d30_t1_w20,494,94,3753,2252,1407,2174,6,10,68,16,24,10,126,43
20260808,r5_d30_t1_w20,495,94,3762,2255,1413,2176,4,9,70,17,22,11,131,43
20260808,r5_d30_t1_w20,496,90,3767,2262,1415,2182,2,10,70,18,21,12,131,43
20260808,r5_d30_t1_w20,497,92,3774,2263,1419,2189,1,8,66,25,23,13,131,43
20260808,r5_d30_t1_w20,498,81,3780,2278,1421,2193,1,16,69,14,16,12,131,43
20260808,r5_d30_t1_w20,499,80,3789,2285,1424,2196,1,22,67,10,14,12,131,43
20260808,r5_d30_t1_w20,500,87,3798,2287,1424,2205,0,9,73,18,15,15,131,43
20260808,r5_d30_t1_w20,501,91,3806,2291,1424,2211,3,6,74,17,12,15,131,43
20260808,r5_d30_t1_w20,502,90,3811,2297,1424,2214,8,10,73,9,12,15,131,43
20260808,r5_d30_t1_w20,503,97,3819,2298,1424,2218,11,7,73,9,14,15,131,43
20260808,r5_d30_t1_w20,504,103,3829,2302,1424,2225,5,5,72,18,12,17,131,43
20260808,r5_d30_t1_w20,505,108,3836,2304,1424,2230,5,6,68,21,11,18,131,43
20260808,r5_d30_t1_w20,506,110,3842,2308,1424,2234,10,6,68,16,11,17,131,43
20260808,r5_d30_t1_w20,507,114,3852,2314,1424,2236,9,10,68,13,13,18,131,43
20260808,r5_d30_t1_w20,508,119,3860,2317,1424,2241,9,9,67,15,14,19,131,43
20260808,r5_d30_t1_w20,509,122,3865,2319,1424,2247,8,5,67,20,13,20,131,43
20260808,r5_d30_t1_w20,510,123,3872,2322,1427,2253,14,5,64,17,18,19,131,43
20260808,r5_d30_t1_w20,511,129,3882,2325,1428,2256,8,6,63,23,23,17,131,43
20260808,r5_d30_t1_w20,512,122,3887,2331,1434,2262,2,9,60,29,22,16,131,43
20260808,r5_d30_t1_w20,513,113,3896,2346,1437,2269,0,21,56,23,20,15,131,43
20260808,r5_d30_t1_w20,514,111,3902,2351,1440,2270,2,20,61,17,22,13,131,43
20260808,r5_d30_t1_w20,515,105,3907,2356,1446,2276,4,10,70,16,21,13,131,43
20260808,r5_d30_t1_w20,516,109,3914,2357,1448,2279,11,6,72,11,23,13,131,43
20260808,r5_d30_t1_w20,517,110,3921,2360,1451,2284,19,4,72,5,23,12,131,43
20260808,r5_d30_t1_w20,518,111,3930,2363,1456,2292,18,6,65,11,23,12,131,43
20260808,r5_d30_t1_w20,519,113,3939,2365,1461,2296,8,5,64,23,24,12,131,43
20260808,r5_d30_t1_w20,520,107,3944,2372,1465,2302,2,9,61,28,23,11,101,38
20260808,r5_d30_t1_w20,521,105,3952,2376,1471,2304,2,11,61,26,23,11,101,38
20260808,r5_d30_t1_w20,522,108,3960,2380,1472,2308,0,8,64,28,23,11,101,38
20260808,r5_d30_t1_w20,523,100,3969,2392,1477,2310,0,16,66,18,22,9,101,38
20260808,r5_d30_t1_w20,524,96,3978,2396,1486,2316,8,16,64,12,22,10,101,38
20260808,r5_d30_t1_w20,525,95,3985,2398,1492,2322,10,6,70,14,21,11,126,43
20260808,r5_d30_t1_w20,526,92,3994,2406,1496,2328,13,10,68,9,17,11,126,43
20260808,r5_d30_t1_w20,527,86,3999,2412,1501,2334,14,14,64,8,17,10,126,43
20260808,r5_d30_t1_w20,528,84,4006,2416,1506,2338,2,10,68,20,17,12,126,43
20260808,r5_d30_t1_w20,529,83,4012,2418,1511,2345,2,6,67,25,11,12,126,43
20260808,r5_d30_t1_w20,530,88,4019,2420,1511,2351,6,4,65,25,12,13,131,43
20260808,r5_d30_t1_w20,531,93,4029,2425,1511,2356,5,7,62,26,12,15,131,43
20260808,r5_d30_t1_w20,532,85,4036,2440,1511,2360,2,20,60,18,13,13,131,43
20260808,r5_d30_t1_w20,533,84,4041,2446,1511,2363,5,21,62,12,11,13,131,43
20260808,r5_d30_t1_w20,534,89,4048,2448,1511,2367,6,8,73,13,11,13,131,43
20260808,r5_d30_t1_w20,535,98,4057,2448,1511,2372,12,2,74,12,12,14,131,43
20260808,r5_d30_t1_w20,536,102,4065,2452,1511,2378,19,4,70,7,11,15,131,43
20260808,r5_d30_t1_w20,537,107,4071,2453,1511,2380,19,5,68,8,11,16,131,43
20260808,r5_d30_t1_w20,538,109,4079,2459,1511,2385,18,7,67,8,12,17,131,43
20260808,r5_d30_t1_w20,539,111,4084,2462,1511,2390,15,9,63,13,14,17,131,43
20260808,r5_d30_t1_w20,540,114,4091,2466,1511,2396,1,7,63,29,17,17,131,43
20260808,r5_d30_t1_w20,541,118,4098,2469,1511,2403,0,7,59,34,21,17,131,43
20260808,r5_d30_t1_w20,542,125,4107,2471,1511,2412,0,5,54,41,24,17,131,43
20260808,r5_d30_t1_w20,543,120,4114,2478,1516,2418,1,9,51,39,23,14,131,43
20260808,r5_d30_t1_w20,544,109,4124,2496,1519,2422,6,25,49,20,21,13,131,43
20260808,r5_d30_t1_w20,545,108,4134,2502,1524,2424,11,24,54,11,23,13,131,43
20260808,r5_d30_t1_w20,546,107,4142,2506,1529,2427,10,10,69,11,26,12,131,43
20260808,r5_d30_t1_w20,547,109,4150,2509,1532,2432,3,7,70,20,25,12,131,43
20260808,r5_d30_t1_w20,548,108,4157,2512,1537,2436,3,6,70,21,24,12,131,43
20260808,r5_d30_t1_w20,549,106,4163,2514,1543,2438,10,5,71,14,23,11,131,43
20260808,r5_d30_t1_w20,550,106,4172,2519,1547,2444,9,7,68,16,22,10,126,43
20260808,r5_d30_t1_w20,551,105,4182,2522,1555,2449,9,8,65,18,24,9,126,43
20260808,r5_d30_t1_w20,552,106,4190,2529,1555,2452,7,10,67,16,27,10,126,43
20260808,r5_d30_t1_w20,553,102,4196,2536,1558,2453,6,14,69,11,26,10,126,43
20260808,r5_d30_t1_w20,554,93,4201,2544,1564,2455,2,15,74,9,24,10,126,43
20260808,r5_d30_t1_w20,555,92,4209,2545,1572,2458,2,9,78,11,25,11,131,43
20260808,r5_d30_t1_w20,556,93,4217,2546,1578,2460,8,2,84,6,25,13,131,43
20260808,r5_d30_t1_w20,557,94,4226,2549,1583,2468,7,4,77,12,26,14,131,43
20260808,r5_d30_t1_w20,558,95,4233,2551,1587,2469,6,5,77,12,23,15,131,43
20260808,r5_d30_t1_w20,559,98,4240,2552,1590,2473,6,3,76,15,21,15,131,43
20260808,r5_d30_t1_w20,560,104,4248,2554,1590,2479,6,3,72,19,19,17,131,43
20260808,r5_d30_t1_w20,561,107,4256,2559,1590,2487,8,7,65,20,17,17,131,43
20260808,r5_d30_t1_w20,562,110,4262,2562,1590,2493,9,8,61,22,18,20,131,43
20260808,r5_d30_t1_w20,563,111,4270,2569,1590,2500,10,10,59,21,17,19,131,43
20260808,r5_d30_t1_w20,564,115,4279,2574,1590,2506,3,12,56,29,21,18,131,43
20260808,r5_d30_t1_w20,565,119,4286,2577,1590,2513,3,8,56,33,19,19,131,43
20260808,r5_d30_t1_w20,566,118,4291,2581,1592,2521,6,7,53,34,17,19,131,43
20260808,r5_d30_t1_w20,567,112,4296,2585,1599,2528,6,8,49,37,14,17,131,43
20260808,r5_d30_t1_w20,568,112,4304,2588,1604,2529,3,7,52,38,13,19,131,43
20260808,r5_d30_t1_w20,569,111,4310,2593,1606,2532,8,8,53,31,12,18,131,43
20260808,r5_d30_t1_w20,570,112,4320,2602,1606,2541,14,14,47,25,21,17,121,43
20260808,r5_d30_t1_w20,571,112,4329,2611,1606,2543,10,18,50,22,23,16,121,43
20260808,r5_d30_t1_w20,572,110,4338,2622,1606,2549,1,20,53,26,20,16,121,43
20260808,r5_d30_t1_w20,573,113,4345,2623,1609,2551,1,12,60,27,21,16,121,43
20260808,r5_d30_t1_w20,574,116,4353,2627,1610,2551,11,5,71,13,24,16,121,43
20260808,r5_d30_t1_w20,575,110,4360,2633,1617,2553,12,10,70,8,24,15,131,43
20260808,r5_d30_t1_w20,576,109,4367,2635,1623,2554,9,8,73,10,23,14,131,43
20260808,r5_d30_t1_w20,577,106,4372,2638,1628,2559,1,5,74,20,23,14,131,43
20260808,r5_d30_t1_w20,578,108,4381,2640,1633,2563,1,5,72,22,23,12,131,43
20260808,r5_d30_t1_w20,579,108,4390,2645,1637,2566,11,7,72,10,20,12,131,43
20260808,r5_d30_t1_w20,580,105,4398,2648,1645,2573,12,8,67,13,21,11,131,43
20260808,r5_d30_t1_w20,581,99,4403,2652,1652,2578,13,7,67,13,21,9,131,43
20260808,r5_d30_t1_w20,582,97,4411,2661,1653,2587,15,13,61,11,19,9,131,43
20260808,r5_d30_t1_w20,583,99,4418,2665,1654,2597,12,13,55,20,19,10,131,43
20260808,r5_d30_t1_w20,584,100,4426,2671,1655,2602,16,10,59,15,18,10,131,43
20260808,r5_d30_t1_w20,585,95,4431,2677,1659,2606,26,12,59,3,18,11,131,43
20260808,r5_d30_t1_w20,586,96,4437,2679,1662,2610,18,8,61,13,18,11,131,43
20260808,r5_d30_t1_w20,587,100,4446,2680,1666,2613,10,3,64,23,19,11,131,43
20260808,r5_d30_t1_w20,588,96,4451,2682,1673,2619,12,3,60,25,18,12,131,43
20260808,r5_d30_t1_w20,589,93,4457,2687,1677,2622,21,7,58,14,12,14,131,43
20260808,r5_d30_t1_w20,590,100,4466,2689,1677,2629,31,7,53,9,12,15,131,43
20260808,r5_d30_t1_w20,591,105,4471,2689,1677,2631,20,2,56,22,13,15,131,43
20260808,r5_d30_t1_w20,592,104,4477,2696,1677,2635,7,7,54,32,12,15,131,43
20260808,r5_d30_t1_w20,593,109,4483,2697,1677,2640,18,8,49,25,11,16,131,43
20260808,r5_d30_t1_w20,594,113,4490,2700,1677,2642,25,4,54,17,11,16,131,43
20260808,r5_d30_t1_w20,595,118,4495,2700,1677,2645,31,3,52,14,11,16,131,43
20260808,r5_d30_t1_w20,596,121,4504,2703,1680,2649,39,3,51,7,11,17,131,43
20260808,r5_d30_t1_w20,597,121,4509,2704,1684,2653,25,4,47,24,12,17,131,43
20260808,r5_d30_t1_w20,598,120,4518,2707,1691,2660,16,4,43,37,13,16,131,43
20260808,r5_d30_t1_w20,599,118,4526,2710,1698,2662,22,6,42,30,13,17,131,43
20260808,r5_d30_t1_w20,600,120,4534,2713,1701,2663,22,6,44,28,20,17,121,40
20260808,r6_d30_t1_w20,1,5,7,2,0,0,93,2,0,5,5,1,131,43
20260808,r6_d30_t1_w20,2,13,17,4,0,0,72,4,0,24,6,4,131,43
20260808,r6_d30_t1_w20,3,14,23,9,0,0,71,7,2,20,8,4,131,43
20260808,r6_d30_t1_w20,4,2,29,27,0,0,62,23,4,11,2,1,131,43
20260808,r6_d30_t1_w20,5,7,35,28,0,0,51,19,9,21,6,2,131,43
20260808,r6_d30_t1_w20,6,17,45,28,0,0,39,1,27,33,10,3,131,43
20260808,r6_d30_t1_w20,7,25,55,30,0,0,29,2,28,41,10,6,131,43
20260808,r6_d30_t1_w20,8,24,65,41,0,0,29,13,28,30,9,5,131,43
20260808,r6_d30_t1_w20,9,25,75,50,0,0,29,20,30,21,9,5,131,43
20260808,r6_d30_t1_w20,10,28,80,52,0,0,30,11,41,18,9,5,131,43
20260808,r6_d30_t1_w20,11,36,89,53,0,0,27,3,50,20,12,6,131,43
20260808,r6_d30_t1_w20,12,41,95,54,0,0,14,2,52,32,13,8,131,43
20260808,r6_d30_t1_w20,13,45,101,56,0,1,14,3,52,31,12,9,131,43
20260808,r6_d30_t1_w20,14,49,106,57,0,3,15,3,51,31,12,10,131,43
20260808,r6_d30_t1_w20,15,57,115,58,0,4,11,2,52,35,13,10,131,43
20260808,r6_d30_t1_w20,16,64,124,60,0,8,30,3,49,18,13,11,131,43
20260808,r6_d30_t1_w20,17,70,130,60,0,10,38,2,48,12,15,12,131,43
20260808,r6_d30_t1_w20,18,77,140,63,0,13,36,3,47,14,15,15,131,43
20260808,r6_d30_t1_w20,19,80,147,67,0,20,33,7,40,20,16,15,131,43
20260808,r6_d30_t1_w20,20,83,154,71,0,24,23,8,39,30,15,15,121,40
20260808,r6_d30_t1_w20,21,87,163,76,0,28,12,9,39,40,15,16,121,40
20260808,r6_d30_t1_w20,22,93,172,79,0,33,12,8,38,42,13,18,121,40
20260808,r6_d30_t1_w20,23,94,177,83,0,37,16,7,39,38,13,17,121,40
20260808,r6_d30_t1_w20,24,98,185,87,0,38,17,8,41,34,12,17,121,40
20260808,r6_d30_t1_w20,25,105,193,88,0,42,7,5,41,47,11,19,126,43
20260808,r6_d30_t1_w20,26,104,203,99,0,45,3,12,42,43,11,18,126,43
20260808,r6_d30_t1_w20,27,97,208,111,0,47,23,23,41,13,11,16,126,43
20260808,r6_d30_t1_w20,28,102,215,113,0,49,31,14,50,5,9,17,126,43
20260808,r6_d30_t1_w20,29,107,220,113,0,58,40,2,53,5,11,17,126,43
20260808,r6_d30_t1_w20,30,115,230,115,0,59,26,2,54,18,15,17,131,43
20260808,r6_d30_t1_w20,31,121,240,119,0,61,20,6,52,22,20,17,131,43
20260808,r6_d30_t1_w20,32,117,246,126,3,63,23,11,52,14,22,17,131,43
20260808,r6_d30_t1_w20,33,113,255,135,7,66,21,16,53,10,23,17,131,43
20260808,r6_d30_t1_w20,34,114,263,141,8,70,21,15,56,8,24,17,131,43
20260808,r6_d30_t1_w20,35,115,271,143,13,71,21,8,64,7,23,16,131,43
20260808,r6_d30_t1_w20,36,112,277,145,20,72,21,4,69,6,21,16,131,43
20260808,r6_d30_t1_w20,37,115,286,148,23,75,23,5,68,4,20,16,131,43
20260808,r6_d30_t1_w20,38,117,295,148,30,81,26,3,64,7,21,14,131,43
20260808,r6_d30_t1_w20,39,121,302,149,32,86,29,1,62,8,22,14,131,43
20260808,r6_d30_t1_w20,40,120,310,155,35,90,21,7,58,14,21,14,131,43
20260808,r6_d30_t1_w20,41,122,319,157,40,94,20,8,55,17,21,15,131,43
20260808,r6_d30_t1_w20,42,119,326,158,49,99,19,3,56,22,23,16,131,43
20260808,r6_d30_t1_w20,43,121,336,162,53,102,4,5,55,36,26,17,131,43
20260808,r6_d30_t1_w20,44,116,342,169,57,105,4,11,53,32,28,17,131,43
20260808,r6_d30_t1_w20,45,118,351,174,59,111,6,12,51,31,30,17,131,43
20260808,r6_d30_t1_w20,46,114,360,180,66,119,0,11,50,39,25,17,131,43
20260808,r6_d30_t1_w20,47,114,370,185,71,126,1,11,48,40,22,18,131,43
20260808,r6_d30_t1_w20,48,106,380,196,78,132,10,16,48,26,17,16,131,43
20260808,r6_d30_t1_w20,49,101,388,207,80,135,7,22,50,21,15,16,131,43
20260808,r6_d30_t1_w20,50,101,394,213,80,137,0,17,59,24,15,17,126,43
20260808,r6_d30_t1_w20,51,105,402,217,80,142,3,10,65,22,14,18,126,43
20260808,r6_d30_t1_w20,52,112,411,219,80,145,5,6,68,21,15,18,126,43
20260808,r6_d30_t1_w20,53,114,417,223,80,147,5,6,70,19,14,19,126,43
20260808,r6_d30_t1_w20,54,121,425,224,80,147,5,5,72,18,13,19,126,43
20260808,r6_d30_t1_w20,55,127,431,224,80,147,13,1,76,10,16,19,131,43
20260808,r6_d30_t1_w20,56,134,439,225,80,151,19,1,73,7,16,19,131,43
20260808,r6_d30_t1_w20,57,131,444,228,85,152,17,4,72,7,15,20,131,43
20260808,r6_d30_t1_w20,58,131,452,230,91,159,15,5,66,14,16,21,131,43
20260808,r6_d30_t1_w20,59,129,459,233,97,166,5,5,62,28,14,21,131,43
20260808,r6_d30_t1_w20,60,129,469,238,102,174,4,8,56,32,19,20,131,43
20260808,r6_d30_t1_w20,61,127,477,243,107,184,14,10,49,27,21,18,131,43
20260808,r6_d30_t1_w20,62,123,483,253,107,189,18,15,49,18,21,18,131,43
20260808,r6_d30_t1_w20,63,124,493,262,107,194,8,19,49,24,22,16,131,43
20260808,r6_d30_t1_w20,64,125,503,271,107,202,6,18,51,25,21,16,131,43
20260808,r6_d30_t1_w20,65,128,513,277,108,206,5,15,56,24,23,16,131,43
20260808,r6_d30_t1_w20,66,120,519,284,115,208,5,13,63,19,24,15,131,43
20260808,r6_d30_t1_w20,67,105,526,299,122,212,6,22,65,7,26,13,131,43
20260808,r6_d30_t1_w20,68,99,531,301,131,215,2,17,69,12,27,12,131,43
20260808,r6_d30_t1_w20,69,98,539,304,137,218,2,5,81,12,25,11,131,43
20260808,r6_d30_t1_w20,70,100,546,307,139,222,2,6,79,13,28,11,131,43
20260808,r6_d30_t1_w20,71,96,551,310,145,224,3,6,80,11,27,11,131,43
20260808,r6_d30_t1_w20,72,91,559,319,149,228,4,12,79,5,25,11,131,43
20260808,r6_d30_t1_w20,73,92,566,322,152,231,4,12,79,5,27,9,131,43
20260808,r6_d30_t1_w20,74,93,576,323,160,234,2,4,85,9,28,10,131,43
20260808,r6_d30_t1_w20,75,95,583,325,163,240,0,3,82,15,28,12,131,43
20260808,r6_d30_t1_w20,76,95,593,328,170,245,2,5,78,15,28,12,131,43
20260808,r6_d30_t1_w20,77,92,598,332,174,251,5,7,74,14,25,12,131,43
20260808,r6_d30_t1_w20,78,90,605,335,180,257,5,7,71,17,22,13,131,43
20260808,r6_d30_t1_w20,79,94,615,336,185,261,6,4,71,19,18,15,131,43
20260808,r6_d30_t1_w20,80,94,622,343,185,269,6,8,66,20,17,15,131,43
20260808,r6_d30_t1_w20,81,101,631,345,185,274,5,9,62,24,18,15,131,43
20260808,r6_d30_t1_w20,82,100,638,353,185,279,0,10,64,26,15,15,131,43
20260808,r6_d30_t1_w20,83,106,648,357,185,285,6,12,60,22,14,15,131,43
20260808,r6_d30_t1_w20,84,113,657,359,185,294,20,6,59,15,16,16,131,43
20260808,r6_d30_t1_w20,85,116,665,364,185,299,19,7,58,16,15,15,131,43
20260808,r6_d30_t1_w20,86,120,672,367,185,307,11,8,52,29,16,17,131,43
20260808,r6_d30_t1_w20,87,123,679,371,185,315,1,7,49,43,16,18,131,43
20260808,r6_d30_t1_w20,88,120,684,379,185,320,4,12,47,37,14,18,131,43
20260808,r6_d30_t1_w20,89,120,692,384,188,321,3,13,50,34,14,16,131,43
20260808,r6_d30_t1_w20,90,123,697,384,190,324,3,5,55,37,18,15,131,43
20260808,r6_d30_t1_w20,91,122,702,387,193,329,5,3,55,37,19,15,131,43
20260808,r6_d30_t1_w20,92,120,710,393,197,330,3,9,54,34,24,14,131,43
20260808,r6_d30_t1_w20,93,119,717,397,201,331,0,10,56,34,24,13,131,43
20260808,r6_d30_t1_w20,94,106,725,409,210,335,0,16,58,26,21,13,131,43
20260808,r6_d30_t1_w20,95,90,734,429,215,340,0,32,57,11,16,12,131,43
20260808,r6_d30_t1_w20,96,89,744,433,222,343,0,24,66,10,21,12,131,43
20260808,r6_d30_t1_w20,97,92,752,435,225,343,0,6,86,8,24,12,131,43
20260808,r6_d30_t1_w20,98,87,757,439,231,348,0,6,85,9,23,10,131,43
20260808,r6_d30_t1_w20,99,82,765,443,240,357,2,8,78,12,22,10,131,43
20260808,r6_d30_t1_w20,100,89,775,444,242,363,5,5,76,14,25,9,121,40
20260808,r6_d30_t1_w20,101,84,781,450,247,368,5,7,75,13,24,9,121,40
20260808,r6_d30_t1_w20,102,85,788,456,247,369,1,12,75,12,25,9,121,40
20260808,r6_d30_t1_w20,103,79,796,462,255,374,0,12,76,12,22,7,121,40
20260808,r6_d30_t1_w20,104,80,805,463,262,377,5,7,79,9,25,10,121,40
20260808,r6_d30_t1_w20,105,82,811,466,263,383,0,4,79,17,25,11,131,43
20260808,r6_d30_t1_w20,106,84,821,469,268,388,2,6,75,17,23,13,131,43
20260808,r6_d30_t1_w20,107,88,831,472,271,392,10,6,74,10,23,13,131,43
20260808,r6_d30_t1_w20,108,88,838,475,275,398,0,6,71,23,21,14,131,43
20260808,r6_d30_t1_w20,109,82,844,481,281,406,0,9,66,25,17,14,131,43
20260808,r6_d30_t1_w20,110,88,853,484,281,408,0,9,67,24,18,15,131,43
20260808,r6_d30_t1_w20,111,91,860,488,281,413,4,7,68,21,16,17,131,43
20260808,r6_d30_t1_w20,112,99,869,489,281,417,1,5,67,27,21,17,131,43
20260808,r6_d30_t1_w20,113,98,874,495,281,426,0,7,62,31,16,18,131,43
20260808,r6_d30_t1_w20,114,103,884,500,281,433,3,11,56,30,14,19,131,43
20260808,r6_d30_t1_w20,115,103,889,505,281,437,4,10,58,28,14,20,131,43
20260808,r6_d30_t1_w20,116,103,895,510,282,446,13,10,54,23,11,20,131,43
20260808,r6_d30_t1_w20,117,108,903,513,282,451,19,8,54,19,11,20,131,43
20260808,r6_d30_t1_w20,118,116,912,514,282,455,12,4,55,29,12,21,131,43
20260808,r6_d30_t1_w20,119,121,919,516,282,463,15,3,50,32,12,21,131,43
20260808,r6_d30_t1_w20,120,123,927,522,282,468,9,8,46,37,16,20,131,43
20260808,r6_d30_t1_w20,121,126,936,526,284,471,2,10,45,43,19,20,131,43
20260808,r6_d30_t1_w20,122,111,941,546,284,475,14,24,47,15,18,19,131,43
20260808,r6_d30_t1_w20,123,111,948,553,284,476,20,27,50,3,18,18,131,43
20260808,r6_d30_t1_w20,124,110,953,555,288,478,22,9,68,1,20,15,131,43
20260808,r6_d30_t1_w20,125,113,961,555,293,479,23,2,74,1,21,14,121,40
20260808,r6_d30_t1_w20,126,111,968,555,302,481,22,0,74,4,23,12,121,40
20260808,r6_d30_t1_w20,127,112,978,557,309,483,11,2,72,15,23,11,121,40
20260808,r6_d30_t1_w20,128,113,986,560,313,489,5,5,66,24,24,10,121,40
20260808,r6_d30_t1_w20,129,112,991,562,317,492,5,5,65,25,25,10,121,40
20260808,r6_d30_t1_w20,130,109,998,566,323,496,3,6,64,27,25,9,131,43
20260808,r6_d30_t1_w20,131,108,1005,570,327,502,0,8,60,32,26,9,131,43
20260808,r6_d30_t1_w20,132,106,1012,575,331,504,1,9,62,28,23,10,131,43
20260808,r6_d30_t1_w20,133,98,1020,591,331,512,3,21,58,18,23,10,131,43
20260808,r6_d30_t1_w20,134,98,1025,596,331,515,2,21,60,17,22,12,131,43
20260808,r6_d30_t1_w20,135,99,1032,602,331,520,2,11,71,16,19,12,131,43
20260808,r6_d30_t1_w20,136,102,1040,603,335,524,11,7,72,10,21,14,131,43
20260808,r6_d30_t1_w20,137,105,1049,605,339,526,3,3,76,18,22,15,131,43
20260808,r6_d30_t1_w20,138,100,1054,608,346,532,1,5,71,23,16,16,131,43
20260808,r6_d30_t1_w20,139,102,1064,611,351,544,16,6,61,17,13,18,131,43
20260808,r6_d30_t1_w20,140,108,1073,614,351,552,22,6,56,16,14,18,131,43
20260808,r6_d30_t1_w20,141,111,1083,621,351,556,21,10,55,14,12,18,131,43
20260808,r6_d30_t1_w20,142,111,1089,627,351,558,23,13,56,8,10,18,131,43
20260808,r6_d30_t1_w20,143,117,1097,629,351,561,28,8,60,4,11,18,131,43
20260808,r6_d30_t1_w20,144,122,1102,629,351,564,32,2,63,3,11,18,131,43
20260808,r6_d30_t1_w20,145,126,1111,632,353,569,34,3,60,3,13,18,131,43
20260808,r6_d30_t1_w20,146,126,1116,632,358,572,20,3,57,20,13,18,131,43
20260808,r6_d30_t1_w20,147,124,1125,636,365,572,10,4,60,26,13,16,131,43
20260808,r6_d30_t1_w20,148,122,1130,636,372,577,13,4,55,28,13,17,131,43
20260808,r6_d30_t1_w20,149,128,1139,636,375,582,9,0,54,37,16,17,131,43
20260808,r6_d30_t1_w20,150,126,1146,641,379,586,14,5,50,31,19,17,131,43
20260808,r6_d30_t1_w20,151,125,1152,644,383,593,3,8,43,46,19,16,131,43
20260808,r6_d30_t1_w20,152,122,1162,651,389,604,8,10,37,45,19,15,131,43
20260808,r6_d30_t1_w20,153,104,1171,672,395,608,10,28,36,26,16,14,131,43
20260808,r6_d30_t1_w20,154,102,1176,679,395,610,9,28,41,22,16,14,131,43
20260808,r6_d30_t1_w20,155,96,1181,683,402,613,8,11,59,22,18,14,126,43
20260808,r6_d30_t1_w20,156,100,1191,685,406,614,6,6,65,23,21,12,126,43
20260808,r6_d30_t1_w20,157,94,1196,690,412,616,0,7,67,26,19,11,126,43
20260808,r6_d30_t1_w20,158,92,1205,697,416,621,2,12,64,22,22,11,126,43
20260808,r6_d30_t1_w20,159,91,1211,699,421,624,8,9,66,17,23,9,126,43
20260808,r6_d30_t1_w20,160,92,1220,701,427,627,9,4,70,17,27,9,131,43
20260808,r6_d30_t1_w20,161,84,1225,705,436,631,9,6,68,17,25,8,131,43
20260808,r6_d30_t1_w20,162,86,1235,707,442,634,0,6,67,27,28,8,131,43
20260808,r6_d30_t1_w20,163,77,1241,719,445,637,0,14,68,18,24,8,131,43
20260808,r6_d30_t1_w20,164,79,1251,725,447,641,0,18,66,16,23,9,131,43
20260808,r6_d30_t1_w20,165,84,1261,725,452,645,0,6,74,20,24,10,131,43
20260808,r6_d30_t1_w20,166,82,1266,729,455,650,0,4,75,21,23,11,131,43
20260808,r6_d30_t1_w20,167,85,1276,732,459,652,4,7,73,16,18,11,131,43
20260808,r6_d30_t1_w20,168,89,1286,735,462,658,8,6,71,15,17,13,131,43
20260808,r6_d30_t1_w20,169,88,1292,737,467,665,8,5,67,20,15,14,131,43
20260808,r6_d30_t1_w20,170,90,1299,742,467,670,9,7,65,19,13,15,131,43
20260808,r6_d30_t1_w20,171,95,1309,747,467,678,3,10,59,28,13,15,131,43
20260808,r6_d30_t1_w20,172,98,1316,751,467,685,12,9,57,22,13,17,131,43
20260808,r6_d30_t1_w20,173,98,1323,758,467,692,22,11,55,12,14,17,131,43
20260808,r6_d30_t1_w20,174,102,1330,761,467,698,21,10,53,16,14,17,131,43
20260808,r6_d30_t1_w20,175,103,1337,767,467,702,22,9,56,13,13,17,131,43
20260808,r6_d30_t1_w20,176,110,1344,767,467,707,16,6,54,24,14,17,131,43
20260808,r6_d30_t1_w20,177,113,1351,771,467,712,17,4,55,24,11,17,131,43
20260808,r6_d30_t1_w20,178,115,1356,774,467,713,28,7,54,11,11,17,131,43
20260808,r6_d30_t1_w20,179,122,1366,777,467,716,26,6,55,13,13,17,131,43
20260808,r6_d30_t1_w20,180,123,1371,781,467,719,18,7,55,20,16,16,121,40
20260808,r6_d30_t1_w20,181,123,1377,787,467,721,8,10,56,26,17,15,121,40
20260808,r6_d30_t1_w20,182,126,1385,790,469,726,0,9,55,36,20,15,121,40
20260808,r6_d30_t1_w20,183,119,1395,802,474,731,0,15,56,29,21,14,121,40
20260808,r6_d30_t1_w20,184,116,1403,809,478,734,1,19,56,24,25,13,121,40
20260808,r6_d30_t1_w20,185,113,1412,814,485,741,1,12,61,26,26,12,131,43
20260808,r6_d30_t1_w20,186,106,1421,825,490,743,1,16,66,17,28,11,131,43
20260808,r6_d30_t1_w20,187,99,1428,829,500,749,2,15,65,18,30,10,131,43
20260808,r6_d30_t1_w20,188,96,1435,831,508,750,10,6,75,9,29,9,131,43
20260808,r6_d30_t1_w20,189,98,1445,835,512,752,11,6,77,6,28,9,131,43
20260808,r6_d30_t1_w20,190,101,1454,835,518,754,6,4,77,13,29,9,131,43
20260808,r6_d30_t1_w20,191,96,1463,840,527,761,1,5,74,20,25,7,131,43
20260808,r6_d30_t1_w20,192,92,1469,844,533,767,2,9,68,21,24,7,131,43
20260808,r6_d30_t1_w20,193,94,1479,847,538,777,4,7,63,26,20,8,131,43
20260808,r6_d30_t1_w20,194,92,1486,850,544,779,9,6,65,20,19,9,131,43
20260808,r6_d30_t1_w20,195,90,1493,858,545,781,16,11,66,7,18,10,131,43
20260808,r6_d30_t1_w20,196,91,1501,861,549,786,16,11,64,9,20,10,131,43
20260808,r6_d30_t1_w20,197,90,1507,863,554,790,15,5,68,12,21,11,131,43
20260808,r6_d30_t1_w20,198,87,1515,871,557,795,14,10,66,10,17,11,131,43
20260808,r6_d30_t1_w20,199,88,1522,875,559,797,12,12,66,10,13,11,131,43
20260808,r6_d30_t1_w20,200,91,1527,877,559,806,5,6,65,24,14,13,131,43
20260808,r6_d30_t1_w20,201,94,1534,881,559,811,1,6,64,29,14,13,131,43
20260808,r6_d30_t1_w20,202,99,1542,884,559,817,1,7,60,32,15,13,131,43
20260808,r6_d30_t1_w20,203,99,1547,889,559,822,0,8,59,33,12,15,131,43
20260808,r6_d30_t1_w20,204,101,1553,893,559,827,6,9,57,28,13,15,131,43
20260808,r6_d30_t1_w20,205,109,1563,895,559,831,5,6,58,31,13,16,131,43
20260808,r6_d30_t1_w20,206,115,1572,898,559,835,6,5,58,31,12,19,131,43
20260808,r6_d30_t1_w20,207,123,1582,900,559,839,11,5,56,28,13,20,131,43
20260808,r6_d30_t1_w20,208,129,1592,903,560,844,7,5,54,34,11,20,131,43
20260808,r6_d30_t1_w20,209,125,1598,907,566,846,7,7,54,32,10,18,131,43
20260808,r6_d30_t1_w20,210,122,1603,910,571,850,25,7,53,15,12,17,131,43
20260808,r6_d30_t1_w20,211,123,1612,910,579,856,20,3,51,26,19,16,131,43
20260808,r6_d30_t1_w20,212,121,1618,914,583,862,4,4,48,44,21,15,131,43
20260808,r6_d30_t1_w20,213,103,1627,933,591,864,0,23,46,31,17,13,131,43
20260808,r6_d30_t1_w20,214,102,1633,937,594,868,22,23,46,9,18,13,131,43
20260808,r6_d30_t1_w20,215,100,1641,941,600,873,28,8,60,4,16,13,131,43
20260808,r6_d30_t1_w20,216,103,1650,942,605,876,27,5,61,7,18,13,131,43
20260808,r6_d30_t1_w20,217,104,1659,945,610,879,15,4,62,19,20,12,131,43
20260808,r6_d30_t1_w20,218,104,1668,949,615,880,2,7,62,29,20,11,131,43
20260808,r6_d30_t1_w20,219,100,1673,954,619,884,12,9,61,18,19,10,131,43
20260808,r6_d30_t1_w20,220,107,1683,955,621,889,19,6,60,15,20,9,131,43
20260808,r6_d30_t1_w20,221,106,1688,958,624,894,14,4,60,22,23,9,131,43
20260808,r6_d30_t1_w20,222,107,1695,960,628,894,3,5,61,31,23,11,131,43
20260808,r6_d30_t1_w20,223,107,1701,963,631,899,2,5,59,34,23,13,131,43
20260808,r6_d30_t1_w20,224,106,1706,966,634,906,3,6,54,37,22,14,131,43
20260808,r6_d30_t1_w20,225,101,1713,969,643,912,12,6,51,31,23,14,131,43
20260808,r6_d30_t1_w20,226,95,1718,973,650,919,21,7,47,25,22,15,131,43
20260808,r6_d30_t1_w20,227,95,1728,978,655,923,21,9,46,24,22,15,131,43
20260808,r6_d30_t1_w20,228,90,1734,984,660,928,6,11,45,38,19,15,131,43
20260808,r6_d30_t1_w20,229,88,1741,988,665,934,8,10,44,38,13,16,131,43
20260808,r6_d30_t1_w20,230,97,1751,989,665,935,10,5,49,36,14,18,131,43
20260808,r6_d30_t1_w20,231,103,1761,993,665,939,0,5,49,46,14,19,131,43
20260808,r6_d30_t1_w20,232,109,1771,997,665,941,6,8,48,38,12,19,131,43
20260808,r6_d30_t1_w20,233,111,1776,1000,665,942,2,7,51,40,12,19,131,43
20260808,r6_d30_t1_w20,234,116,1783,1002,665,947,14,5,50,31,13,21,131,43
20260808,r6_d30_t1_w20,235,123,1793,1005,665,949,3,5,51,41,13,24,111,40
20260808,r6_d30_t1_w20,236,126,1803,1008,669,951,1,6,51,42,15,24,111,40
20260808,r6_d30_t1_w20,237,126,1813,1018,669,954,10,13,51,26,17,26,111,40
20260808,r6_d30_t1_w20,238,123,1819,1021,675,958,1,13,50,36,14,23,111,40
20260808,r6_d30_t1_w20,239,126,1829,1023,680,962,12,5,56,27,13,23,111,40
20260808,r6_d30_t1_w20,240,125,1839,1026,688,964,21,5,57,17,18,20,131,43
20260808,r6_d30_t1_w20,241,130,1847,1028,689,968,22,5,55,18,21,19,131,43
20260808,r6_d30_t1_w20,242,127,1852,1031,694,971,22,5,55,18,19,17,131,43
20260808,r6_d30_t1_w20,243,128,1860,1033,699,977,21,5,51,23,22,15,131,43
20260808,r6_d30_t1_w20,244,128,1868,1037,703,984,20,6,47,27,19,14,131,43
20260808,r6_d30_t1_w20,245,130,1878,1043,705,985,12,10,48,30,19,14,131,43
20260808,r6_d30_t1_w20,246,128,1883,1050,705,991,16,13,46,25,19,13,131,43
20260808,r6_d30_t1_w20,247,127,1890,1054,709,992,16,11,51,22,19,13,131,43
20260808,r6_d30_t1_w20,248,130,1899,1056,713,995,18,6,55,21,20,13,131,43
20260808,r6_d30_t1_w20,249,128,1905,1059,718,997,10,5,57,28,21,12,131,43
20260808,r6_d30_t1_w20,250,114,1911,1070,727,1001,6,14,55,25,21,10,131,43
20260808,r6_d30_t1_w20,251,101,1917,1082,734,1004,4,23,55,18,21,9,131,43
20260808,r6_d30_t1_w20,252,95,1922,1085,742,1009,5,15,61,19,22,9,131,43
20260808,r6_d30_t1_w20,253,97,1929,1087,745,1013,4,5,69,22,24,9,131,43
20260808,r6_d30_t1_w20,254,97,1936,1090,749,1016,2,5,69,24,22,9,131,43
20260808,r6_d30_t1_w20,255,86,1946,1103,757,1018,2,16,69,13,22,10,122,43
20260808,r6_d30_t1_w20,256,85,1956,1109,762,1022,3,19,68,10,25,12,122,43
20260808,r6_d30_t1_w20,257,83,1962,1111,768,1030,4,8,73,15,24,12,122,43
20260808,r6_d30_t1_w20,258,83,1970,1116,771,1031,2,7,78,13,23,13,122,43
20260808,r6_d30_t1_w20,259,82,1979,1119,778,1036,0,8,75,17,17,13,122,43
20260808,r6_d30_t1_w20,260,87,1988,1123,778,1044,0,7,72,21,18,15,131,43
20260808,r6_d30_t1_w20,261,93,1996,1125,778,1046,0,6,73,21,17,15,131,43
20260808,r6_d30_t1_w20,262,99,2006,1129,778,1050,0,6,73,21,15,17,131,43
20260808,r6_d30_t1_w20,263,100,2011,1133,778,1055,8,8,70,14,14,17,131,43
20260808,r6_d30_t1_w20,264,104,2019,1137,778,1059,13,8,70,9,13,19,131,43
20260808,r6_d30_t1_w20,265,109,2028,1141,778,1067,16,8,66,10,12,21,131,43
20260808,r6_d30_t1_w20,266,115,2037,1144,778,1071,17,7,66,10,13,20,131,43
20260808,r6_d30_t1_w20,267,113,2043,1152,778,1080,18,11,61,10,10,19,131,43
20260808,r6_d30_t1_w20,268,116,2050,1156,778,1085,23,12,59,6,10,18,131,43
20260808,r6_d30_t1_w20,269,122,2059,1159,778,1087,22,7,65,6,12,18,131,43
20260808,r6_d30_t1_w20,270,126,2069,1162,781,1094,8,6,62,24,18,17,131,43
20260808,r6_d30_t1_w20,271,125,2074,1167,782,1097,5,8,62,25,18,16,131,43
20260808,r6_d30_t1_w20,272,120,2079,1176,783,1105,7,14,57,22,18,16,131,43
20260808,r6_d30_t1_w20,273,121,2088,1181,786,1109,8,14,58,20,21,15,131,43
20260808,r6_d30_t1_w20,274,109,2093,1197,787,1118,7,21,58,14,18,15,131,43
20260808,r6_d30_t1_w20,275,106,2099,1200,793,1122,5,19,59,17,21,13,131,43
20260808,r6_d30_t1_w20,276,106,2109,1206,797,1125,3,9,72,16,23,12,131,43
20260808,r6_d30_t1_w20,277,106,2118,1210,802,1130,0,10,70,20,25,12,131,43
20260808,r6_d30_t1_w20,278,103,2126,1216,807,1132,1,10,74,15,23,12,131,43
20260808,r6_d30_t1_w20,279,101,2134,1219,814,1136,1,9,74,16,23,12,131,43
20260808,r6_d30_t1_w20,280,103,2142,1222,817,1139,1,6,77,16,23,11,131,43
20260808,r6_d30_t1_w20,281,100,2150,1226,824,1144,0,7,75,18,24,9,131,43
20260808,r6_d30_t1_w20,282,98,2159,1229,832,1146,2,7,76,15,25,9,131,43
20260808,r6_d30_t1_w20,283,90,2166,1243,833,1149,0,17,77,6,27,10,131,43
20260808,r6_d30_t1_w20,284,87,2174,1247,840,1156,0,18,73,9,25,10,131,43
20260808,r6_d30_t1_w20,285,84,2180,1252,844,1163,0,9,80,11,23,10,121,40
20260808,r6_d30_t1_w20,286,84,2190,1254,852,1168,0,7,79,14,24,10,121,40
20260808,r6_d30_t1_w20,287,83,2198,1258,857,1175,1,6,77,16,22,11,121,40
20260808,r6_d30_t1_w20,288,80,2208,1265,863,1182,0,11,72,17,19,11,121,40
20260808,r6_d30_t1_w20,289,80,2217,1272,865,1184,0,14,74,12,19,12,121,40
20260808,r6_d30_t1_w20,290,87,2226,1274,865,1190,1,9,75,15,18,14,126,43
20260808,r6_d30_t1_w20,291,96,2235,1274,865,1194,1,2,78,19,19,14,126,43
20260808,r6_d30_t1_w20,292,95,2241,1281,865,1198,1,7,76,16,15,13,126,43
20260808,r6_d30_t1_w20,293,100,2248,1283,865,1207,5,9,67,19,14,14,126,43
20260808,r6_d30_t1_w20,294,104,2257,1288,865,1213,6,7,68,19,13,15,126,43
20260808,r6_d30_t1_w20,295,112,2266,1289,865,1222,6,6,61,27,13,15,131,43
20260808,r6_d30_t1_w20,296,119,2276,1292,865,1228,9,4,60,27,11,17,131,43
20260808,r6_d30_t1_w20,297,120,2281,1296,865,1232,18,7,57,18,11,18,131,43
20260808,r6_d30_t1_w20,298,120,2286,1301,865,1235,17,9,57,17,11,19,131,43
20260808,r6_d30_t1_w20,299,127,2296,1304,865,1238,27,8,58,7,9,19,131,43
20260808,r6_d30_t1_w20,300,127,2301,1304,870,1244,32,3,57,8,13,19,131,43
20260808,r6_d30_t1_w20,301,129,2308,1304,875,1249,30,0,55,15,17,18,131,43
20260808,r6_d30_t1_w20,302,121,2313,1312,880,1256,32,8,48,12,17,17,131,43
20260808,r6_d30_t1_w20,303,122,2322,1319,881,1259,31,15,45,9,17,17,131,43
20260808,r6_d30_t1_w20,304,116,2328,1324,888,1263,32,12,49,7,18,16,131,43
20260808,r6_d30_t1_w20,305,115,2336,1328,893,1270,21,9,49,21,22,16,131,43
20260808,r6_d30_t1_w20,306,112,2342,1330,900,1272,8,6,52,34,24,13,131,43
20260808,r6_d30_t1_w20,307,105,2347,1338,904,1278,9,10,50,31,23,12,131,43
20260808,r6_d30_t1_w20,308,104,2357,1345,908,1285,13,15,45,27,20,12,131,43
20260808,r6_d30_t1_w20,309,103,2364,1350,911,1287,14,12,51,23,19,12,131,43
20260808,r6_d30_t1_w20,310,101,2372,1352,919,1290,23,7,55,15,21,10,131,43
20260808,r6_d30_t1_w20,311,98,2381,1360,923,1290,19,10,60,11,23,10,131,43
20260808,r6_d30_t1_w20,312,98,2388,1364,926,1292,13,12,60,15,24,11,131,43
20260808,r6_d30_t1_w20,313,93,2395,1370,932,1295,3,10,65,22,23,13,131,43
20260808,r6_d30_t1_w20,314,94,2405,1373,938,1297,3,9,67,21,25,12,131,43
20260808,r6_d30_t1_w20,315,92,2414,1376,946,1301,4,6,69,21,27,12,131,43
20260808,r6_d30_t1_w20,316,90,2424,1378,956,1304,5,5,69,21,29,11,131,43
20260808,r6_d30_t1_w20,317,84,2430,1388,958,1315,3,12,61,24,23,11,131,43
20260808,r6_d30_t1_w20,318,82,2439,1396,961,1321,0,18,57,25,22,12,131,43
20260808,r6_d30_t1_w20,319,75,2446,1402,969,1325,12,14,63,11,13,14,131,43
20260808,r6_d30_t1_w20,320,79,2453,1405,969,1332,20,9,64,7,12,14,131,43
20260808,r6_d30_t1_w20,321,87,2462,1406,969,1336,22,4,66,8,15,14,131,43
20260808,r6_d30_t1_w20,322,88,2467,1410,969,1336,14,5,69,12,16,13,131,43
20260808,r6_d30_t1_w20,323,92,2475,1414,969,1345,6,8,61,25,16,13,131,43
20260808,r6_d30_t1_w20,324,98,2483,1416,969,1350,8,6,60,26,17,15,131,43
20260808,r6_d30_t1_w20,325,99,2489,1421,969,1351,3,7,63,27,17,16,131,43
20260808,r6_d30_t1_w20,326,102,2494,1423,969,1355,4,7,61,28,17,16,131,43
20260808,r6_d30_t1_w20,327,103,2500,1428,969,1360,1,7,61,31,18,15,131,43
20260808,r6_d30_t1_w20,328,98,2505,1438,969,1365,2,15,58,25,16,16,131,43
20260808,r6_d30_t1_w20,329,106,2515,1440,969,1367,14,12,61,13,18,17,131,43
20260808,r6_d30_t1_w20,330,114,2525,1442,969,1371,2,4,67,27,26,17,131,43
20260808,r6_d30_t1_w20,331,112,2531,1450,969,1380,3,10,60,27,20,16,131,43
20260808,r6_d30_t1_w20,332,120,2541,1451,970,1382,18,9,60,13,23,16,131,43
20260808,r6_d30_t1_w20,333,114,2547,1458,975,1388,18,8,62,12,25,16,131,43
20260808,r6_d30_t1_w20,334,112,2553,1462,979,1391,7,11,60,22,27,16,131,43
20260808,r6_d30_t1_w20,335,104,2558,1471,983,1395,2,13,63,22,26,15,121,40
20260808,r6_d30_t1_w20,336,103,2567,1475,989,1399,11,13,63,13,27,13,121,40
20260808,r6_d30_t1_w20,337,105,2575,1476,994,1409,18,5,62,15,28,12,121,40
20260808,r6_d30_t1_w20,338,101,2584,1481,1002,1414,18,6,61,15,26,10,121,40
20260808,r6_d30_t1_w20,339,102,2594,1483,1009,1422,19,7,54,20,29,8,121,40
20260808,r6_d30_t1_w20,340,100,2600,1485,1015,1426,16,4,55,25,29,10,131,43
20260808,r6_d30_t1_w20,341,89,2605,1499,1017,1431,5,16,52,27,27,10,131,43
20260808,r6_d30_t1_w20,342,92,2614,1504,1018,1433,0,19,52,29,28,9,131,43
20260808,r6_d30_t1_w20,343,85,2620,1513,1022,1437,1,14,62,23,26,8,131,43
20260808,r6_d30_t1_w20,344,86,2629,1516,1027,1439,1,12,65,22,26,10,131,43
20260808,r6_d30_t1_w20,345,85,2634,1519,1030,1440,1,6,73,20,24,11,131,43
20260808,r6_d30_t1_w20,346,88,2644,1523,1033,1443,1,7,73,19,20,12,131,43
20260808,r6_d30_t1_w20,347,84,2649,1532,1033,1448,1,13,71,15,18,13,131,43
20260808,r6_d30_t1_w20,348,83,2655,1539,1033,1454,3,16,69,12,12,13,131,43
20260808,r6_d30_t1_w20,349,86,2663,1544,1033,1458,3,12,74,11,13,16,131,43
20260808,r6_d30_t1_w20,350,89,2668,1546,1033,1459,3,7,80,10,13,16,131,43
20260808,r6_d30_t1_w20,351,92,2673,1548,1033,1463,2,4,81,13,13,16,131,43
20260808,r6_d30_t1_w20,352,98,2681,1550,1033,1466,4,4,80,12,12,16,131,43
20260808,r6_d30_t1_w20,353,105,2690,1552,1033,1470,9,4,78,9,11,17,131,43
20260808,r6_d30_t1_w20,354,112,2699,1554,1033,1473,9,4,77,10,11,18,131,43
20260808,r6_d30_t1_w20,355,117,2708,1558,1033,1479,9,6,73,12,12,18,131,43
20260808,r6_d30_t1_w20,356,123,2717,1561,1033,1487,4,7,67,22,13,20,131,43
20260808,r6_d30_t1_w20,357,124,2725,1568,1033,1492,6,10,66,18,10,20,131,43
20260808,r6_d30_t1_w20,358,124,2732,1572,1036,1495,9,11,66,14,10,19,131,43
20260808,r6_d30_t1_w20,359,123,2738,1572,1043,1511,17,4,57,22,11,18,131,43
20260808,r6_d30_t1_w20,360,125,2746,1575,1046,1515,13,3,57,27,17,18,126,43
20260808,r6_d30_t1_w20,361,128,2752,1576,1048,1516,6,4,56,34,20,18,126,43
20260808,r6_d30_t1_w20,362,122,2760,1583,1055,1522,1,8,53,38,20,18,126,43
20260808,r6_d30_t1_w20,363,121,2766,1586,1059,1528,7,10,48,35,20,17,126,43
20260808,r6_d30_t1_w20,364,117,2774,1593,1064,1533,7,10,50,33,20,15,126,43
20260808,r6_d30_t1_w20,365,108,2781,1607,1066,1538,0,21,48,31,19,14,131,43
20260808,r6_d30_t1_w20,366,92,2787,1620,1075,1540,1,27,53,19,19,12,131,43
20260808,r6_d30_t1_w20,367,95,2797,1623,1079,1541,2,16,66,16,23,12,131,43
20260808,r6_d30_t1_w20,368,92,2802,1626,1084,1547,2,6,73,19,22,11,131,43
20260808,r6_d30_t1_w20,369,90,2811,1636,1085,1553,1,13,70,16,23,11,131,43
20260808,r6_d30_t1_w20,370,89,2821,1645,1087,1553,0,19,73,8,23,11,131,43
20260808,r6_d30_t1_w20,371,85,2826,1652,1089,1557,0,16,79,5,20,11,131,43
20260808,r6_d30_t1_w20,372,84,2831,1653,1094,1562,4,8,83,5,20,10,131,43
20260808,r6_d30_t1_w20,373,83,2840,1655,1102,1568,7,3,84,6,22,7,131,43
20260808,r6_d30_t1_w20,374,79,2846,1657,1110,1571,7,4,82,7,23,8,131,43
20260808,r6_d30_t1_w20,375,78,2852,1659,1115,1574,8,4,81,7,23,9,131,43
20260808,r6_d30_t1_w20,376,77,2858,1659,1122,1579,6,2,78,14,26,9,131,43
20260808,r6_d30_t1_w20,377,74,2865,1663,1128,1583,5,4,76,15,27,10,131,43
20260808,r6_d30_t1_w20,378,70,2873,1669,1134,1590,6,10,69,15,23,11,131,43
20260808,r6_d30_t1_w20,379,71,2880,1671,1138,1595,1,8,68,23,20,11,131,43
20260808,r6_d30_t1_w20,380,74,2886,1674,1138,1601,1,5,68,26,17,12,115,42
20260808,r6_d30_t1_w20,381,78,2893,1677,1138,1611,2,6,60,32,17,12,115,42
20260808,r6_d30_t1_w20,382,80,2900,1682,1138,1618,8,8,56,28,12,12,115,42
20260808,r6_d30_t1_w20,383,82,2907,1687,1138,1626,25,10,51,14,10,13,115,42
20260808,r6_d30_t1_w20,384,87,2913,1688,1138,1629,30,6,53,11,10,14,115,42
20260808,r6_d30_t1_w20,385,88,2918,1692,1138,1633,32,5,54,9,9,15,131,43
20260808,r6_d30_t1_w20,386,92,2926,1696,1138,1638,36,8,50,6,11,14,131,43
20260808,r6_d30_t1_w20,387,99,2934,1697,1138,1642,33,5,50,12,13,17,131,43
20260808,r6_d30_t1_w20,388,105,2943,1700,1138,1645,11,4,51,34,14,18,131,43
20260808,r6_d30_t1_w20,389,109,2950,1703,1138,1651,3,6,46,45,14,19,131,43
20260808,r6_d30_t1_w20,390,110,2957,1705,1142,1655,1,5,45,49,17,18,121,40
20260808,r6_d30_t1_w20,391,106,2962,1714,1142,1659,10,11,44,35,19,17,121,40
20260808,r6_d30_t1_w20,392,102,2970,1726,1142,1664,22,21,41,16,18,15,121,40
20260808,r6_d30_t1_w20,393,101,2980,1731,1148,1667,23,17,47,13,18,14,121,40
20260808,r6_d30_t1_w20,394,101,2985,1733,1151,1670,23,7,56,14,19,13,121,40
20260808,r6_d30_t1_w20,395,103,2995,1736,1156,1672,22,5,59,14,21,12,131,43
20260808,r6_d30_t1_w20,396,105,3000,1737,1158,1677,16,4,56,24,22,12,131,43
20260808,r6_d30_t1_w20,397,104,3006,1741,1161,1679,14,5,57,24,22,12,131,43
20260808,r6_d30_t1_w20,398,97,3016,1752,1167,1682,5,15,55,25,26,10,131,43
20260808,r6_d30_t1_w20,399,97,3023,1755,1171,1684,3,14,57,26,25,10,131,43
20260808,r6_d30_t1_w20,400,92,3031,1768,1171,1690,3,16,62,19,23,8,131,43
20260808,r6_d30_t1_w20,401,96,3037,1769,1172,1694,3,14,61,22,24,9,131,43
20260808,r6_d30_t1_w20,402,94,3047,1774,1179,1698,0,6,70,24,26,8,131,43
20260808,r6_d30_t1_w20,403,93,3057,1779,1185,1704,0,10,65,25,28,9,131,43
20260808,r6_d30_t1_w20,404,92,3065,1782,1191,1707,0,8,67,25,28,9,131,43
20260808,r6_d30_t1_w20,405,91,3070,1787,1192,1710,0,8,69,23,27,9,131,43
20260808,r6_d30_t1_w20,406,88,3075,1791,1196,1717,4,9,65,22,25,10,131,43
20260808,r6_d30_t1_w20,407,87,3084,1796,1201,1720,3,9,67,21,21,12,131,43
20260808,r6_d30_t1_w20,408,82,3089,1804,1203,1726,4,13,65,18,19,12,131,43
20260808,r6_d30_t1_w20,409,83,3097,1808,1206,1729,5,12,67,16,17,13,131,43
20260808,r6_d30_t1_w20,410,77,3102,1819,1206,1731,4,15,73,8,17,11,131,43
20260808,r6_d30_t1_w20,411,83,3111,1822,1206,1735,3,14,73,10,18,11,131,43
20260808,r6_d30_t1_w20,412,86,3118,1826,1206,1738,3,7,81,9,16,13,131,43
20260808,r6_d30_t1_w20,413,91,3126,1829,1206,1748,4,7,74,15,15,13,131,43
20260808,r6_d30_t1_w20,414,94,3132,1832,1206,1755,3,6,71,20,15,14,131,43
20260808,r6_d30_t1_w20,415,100,3142,1836,1206,1759,5,7,70,18,18,15,131,43
20260808,r6_d30_t1_w20,416,105,3151,1840,1206,1763,3,8,69,20,16,15,131,43
20260808,r6_d30_t1_w20,417,108,3158,1844,1206,1768,10,8,68,14,12,16,131,43
20260808,r6_d30_t1_w20,418,115,3166,1845,1206,1772,18,5,68,9,11,17,131,43
20260808,r6_d30_t1_w20,419,119,3175,1847,1209,1778,17,3,66,14,12,17,131,43
20260808,r6_d30_t1_w20,420,119,3182,1851,1212,1783,14,6,62,18,19,14,131,43
20260808,r6_d30_t1_w20,421,121,3191,1855,1215,1789,10,8,58,24,17,14,131,43
20260808,r6_d30_t1_w20,422,118,3196,1861,1217,1796,10,10,55,25,17,14,131,43
20260808,r6_d30_t1_w20,423,117,3202,1867,1218,1803,10,12,52,26,18,14,131,43
20260808,r6_d30_t1_w20,424,118,3209,1871,1220,1810,9,10,51,30,20,13,131,43
20260808,r6_d30_t1_w20,425,109,3215,1886,1220,1814,9,19,53,19,18,12,131,43
20260808,r6_d30_t1_w20,426,105,3221,1896,1220,1818,13,25,53,9,19,12,131,43
20260808,r6_d30_t1_w20,427,108,3229,1899,1222,1822,7,13,64,16,20,12,131,43
20260808,r6_d30_t1_w20,428,104,3234,1904,1226,1823,7,8,73,12,19,11,131,43
20260808,r6_d30_t1_w20,429,103,3240,1908,1229,1827,6,9,72,13,21,11,131,43
20260808,r6_d30_t1_w20,430,103,3245,1909,1233,1831,4,5,73,18,21,11,131,43
20260808,r6_d30_t1_w20,431,100,3252,1915,1237,1835,5,7,73,15,23,9,131,43
20260808,r6_d30_t1_w20,432,101,3261,1918,1242,1839,8,9,70,13,24,9,131,43
20260808,r6_d30_t1_w20,433,92,3268,1927,1249,1839,5,12,76,7,27,9,131,43
20260808,r6_d30_t1_w20,434,91,3274,1931,1252,1843,5,13,75,7,26,8,131,43
20260808,r6_d30_t1_w20,435,91,3279,1931,1257,1852,7,4,75,14,26,9,131,43
20260808,r6_d30_t1_w20,436,82,3284,1938,1264,1860,6,7,71,16,21,10,131,43
20260808,r6_d30_t1_w20,437,84,3294,1941,1269,1865,6,10,66,18,20,11,131,43
20260808,r6_d30_t1_w20,438,83,3304,1946,1275,1872,1,8,66,25,19,11,131,43
20260808,r6_d30_t1_w20,439,73,3311,1958,1280,1874,0,17,67,16,15,11,131,43
20260808,r6_d30_t1_w20,440,74,3316,1962,1280,1879,6,16,67,11,16,11,131,43
20260808,r6_d30_t1_w20,441,81,3324,1963,1280,1884,7,5,74,14,16,12,131,43
20260808,r6_d30_t1_w20,442,85,3332,1967,1280,1885,8,5,77,10,15,14,131,43
20260808,r6_d30_t1_w20,443,89,3340,1971,1280,1893,9,8,70,13,14,15,131,43
20260808,r6_d30_t1_w20,444,93,3346,1973,1280,1898,10,6,69,15,12,18,131,43
20260808,r6_d30_t1_w20,445,97,3354,1977,1280,1903,20,6,68,6,10,18,121,40
20260808,r6_d30_t1_w20,446,101,3360,1979,1280,1906,24,6,67,3,11,18,121,40
20260808,r6_d30_t1_w20,447,111,3370,1979,1280,1915,17,2,62,19,15,18,121,40
20260808,r6_d30_t1_w20,448,115,3377,1982,1280,1920,6,3,59,32,14,19,121,40
20260808,r6_d30_t1_w20,449,115,3385,1990,1280,1926,10,11,53,26,12,20,121,40
20260808,r6_d30_t1_w20,450,117,3391,1991,1283,1930,6,9,52,33,17,19,131,43
20260808,r6_d30_t1_w20,451,117,3397,1993,1287,1932,2,3,58,37,16,18,131,43
20260808,r6_d30_t1_w20,452,119,3407,1996,1292,1935,11,5,56,28,20,17,131,43
20260808,r6_d30_t1_w20,453,120,3412,2000,1292,1941,15,7,52,26,22,17,131,43
20260808,r6_d30_t1_w20,454,117,3418,2005,1296,1945,16,9,51,24,22,16,131,43
20260808,r6_d30_t1_w20,455,116,3428,2012,1300,1952,18,12,48,22,23,16,131,43
20260808,r6_d30_t1_w20,456,117,3435,2015,1303,1956,16,10,49,25,24,14,131,43
20260808,r6_d30_t1_w20,457,108,3442,2024,1310,1960,8,12,52,28,24,13,131,43
20260808,r6_d30_t1_w20,458,100,3449,2033,1316,1963,2,18,52,28,23,12,131,43
20260808,r6_d30_t1_w20,459,97,3454,2036,1321,1969,4,12,55,29,23,11,131,43
20260808,r6_d30_t1_w20,460,96,3464,2045,1323,1973,5,12,60,23,24,11,131,43
20260808,r6_d30_t1_w20,461,93,3470,2050,1327,1979,6,14,57,23,24,9,131,43
20260808,r6_d30_t1_w20,462,91,3475,2054,1330,1983,7,9,62,22,24,8,131,43
20260808,r6_d30_t1_w20,463,90,3485,2060,1335,1985,6,10,65,19,24,8,131,43
20260808,r6_d30_t1_w20,464,92,3493,2061,1340,1987,4,7,67,22,25,9,131,43
20260808,r6_d30_t1_w20,465,83,3501,2072,1346,1989,4,12,71,13,24,11,131,43
20260808,r6_d30_t1_w20,466,78,3507,2079,1350,1993,7,18,68,7,22,11,131,43
20260808,r6_d30_t1_w20,467,76,3512,2081,1355,1998,6,9,74,11,20,12,131,43
20260808,r6_d30_t1_w20,468,74,3522,2087,1361,2002,5,8,77,10,21,13,131,43
20260808,r6_d30_t1_w20,469,70,3528,2093,1365,2006,4,12,75,9,13,13,131,43
20260808,r6_d30_t1_w20,470,75,3536,2096,1365,2011,8,9,76,7,11,15,131,43
20260808,r6_d30_t1_w20,471,79,3541,2097,1365,2014,5,4,79,12,12,15,131,43
20260808,r6_d30_t1_w20,472,83,3546,2098,1365,2021,6,2,75,17,12,16,131,43
20260808,r6_d30_t1_w20,473,88,3555,2102,1365,2026,14,5,71,10,12,18,131,43
20260808,r6_d30_t1_w20,474,92,3563,2106,1365,2030,16,8,68,8,12,18,131,43
20260808,r6_d30_t1_w20,475,99,3571,2107,1365,2036,19,5,66,10,11,19,131,43
20260808,r6_d30_t1_w20,476,108,3580,2107,1365,2040,24,1,66,9,12,21,131,43
20260808,r6_d30_t1_w20,477,112,3588,2111,1365,2046,24,4,61,11,10,21,131,43
20260808,r6_d30_t1_w20,478,115,3593,2113,1365,2051,27,6,56,11,12,21,131,43
20260808,r6_d30_t1_w20,479,122,3602,2115,1365,2056,20,4,55,21,15,20,131,43
20260808,r6_d30_t1_w20,480,127,3611,2119,1365,2064,11,6,49,34,19,19,131,43
20260808,r6_d30_t1_w20,481,126,3617,2126,1365,2070,11,11,45,33,20,17,131,43
20260808,r6_d30_t1_w20,482,127,3627,2133,1367,2073,4,14,46,36,25,17,131,43
20260808,r6_d30_t1_w20,483,121,3636,2140,1375,2079,5,14,47,34,23,17,131,43
20260808,r6_d30_t1_w20,484,115,3641,2147,1379,2083,7,14,50,29,24,15,131,43
20260808,r6_d30_t1_w20,485,100,3646,2159,1387,2090,10,19,50,21,21,15,131,43
20260808,r6_d30_t1_w20,486,102,3654,2160,1392,2092,12,13,55,20,22,13,131,43
20260808,r6_d30_t1_w20,487,103,3661,2161,1397,2093,11,2,66,21,23,11,131,43
20260808,r6_d30_t1_w20,488,101,3669,2171,1397,2095,3,11,65,21,25,10,131,43
20260808,r6_d30_t1_w20,489,104,3679,2178,1397,2099,4,17,62,17,26,10,131,43
20260808,r6_d30_t1_w20,490,102,3686,2180,1404,2100,0,9,71,20,28,9,126,43
20260808,r6_d30_t1_w20,491,100,3691,2183,1408,2103,0,5,75,20,28,7,126,43
20260808,r6_d30_t1_w20,492,99,3696,2188,1409,2108,0,8,72,20,28,8,126,43
20260808,r6_d30_t1_w20,493,93,3701,2192,1416,2113,0,9,70,21,24,9,126,43
20260808,r6_d30_t1_w20,494,81,3706,2204,1421,2115,5,16,73,6,22,10,126,43
20260808,r6_d30_t1_w20,495,79,3713,2205,1429,2117,9,13,75,3,22,13,131,43
20260808,r6_d30_t1_w20,496,80,3722,2207,1435,2125,13,3,79,5,21,14,131,43
20260808,r6_d30_t1_w20,497,80,3730,2208,1442,2131,5,3,74,18,20,14,131,43
20260808,r6_d30_t1_w20,498,80,3737,2213,1444,2136,3,6,71,20,17,14,131,43
20260808,r6_d30_t1_w20,499,79,3742,2215,1448,2140,5,7,68,20,14,14,131,43
20260808,r6_d30_t1_w20,500,85,3750,2217,1448,2150,9,4,63,24,16,16,131,43
20260808,r6_d30_t1_w20,501,90,3758,2220,1448,2155,11,5,60,24,18,18,131,43
20260808,r6_d30_t1_w20,502,87,3764,2229,1448,2163,4,12,54,30,14,19,131,43
20260808,r6_d30_t1_w20,503,89,3770,2233,1448,2167,8,13,53,26,13,20,131,43
20260808,r6_d30_t1_w20,504,94,3778,2236,1448,2172,18,7,57,18,12,22,131,43
20260808,r6_d30_t1_w20,505,100,3784,2236,1448,2179,15,3,54,28,14,24,131,43
20260808,r6_d30_t1_w20,506,98,3790,2244,1448,2183,8,8,53,31,12,23,131,43
20260808,r6_d30_t1_w20,507,103,3798,2247,1448,2187,17,11,49,23,13,25,131,43
20260808,r6_d30_t1_w20,508,109,3806,2249,1448,2188,15,5,56,24,14,26,131,43
20260808,r6_d30_t1_w20,509,111,3816,2253,1452,2192,22,6,55,17,13,26,131,43
20260808,r6_d30_t1_w20,510,112,3821,2254,1455,2198,22,5,51,22,16,25,131,43
20260808,r6_d30_t1_w20,511,120,3831,2254,1457,2202,21,1,51,27,20,24,131,43
20260808,r6_d30_t1_w20,512,116,3836,2263,1457,2203,29,9,51,11,21,23,131,43
20260808,r6_d30_t1_w20,513,115,3844,2270,1459,2209,33,16,45,6,20,22,131,43
20260808,r6_d30_t1_w20,514,114,3849,2271,1464,2212,34,8,51,7,20,20,131,43
20260808,r6_d30_t1_w20,515,114,3859,2275,1470,2217,34,5,53,8,19,17,131,43
20260808,r6_d30_t1_w20,516,112,3867,2278,1477,2219,33,7,52,8,21,16,131,43
20260808,r6_d30_t1_w20,517,108,3877,2287,1482,2228,32,12,47,9,20,16,131,43
20260808,r6_d30_t1_w20,518,106,3883,2289,1488,2231,33,11,47,9,20,16,131,43
20260808,r6_d30_t1_w20,519,104,3890,2297,1489,2233,29,10,54,7,23,16,131,43
20260808,r6_d30_t1_w20,520,104,3897,2299,1494,2236,21,10,53,16,24,14,101,38
20260808,r6_d30_t1_w20,521,103,3907,2304,1500,2240,3,7,57,33,24,12,101,38
20260808,r6_d30_t1_w20,522,102,3913,2308,1503,2245,0,9,54,37,23,11,101,38
20260808,r6_d30_t1_w20,523,105,3922,2310,1507,2248,11,6,56,27,24,14,101,38
20260808,r6_d30_t1_w20,524,105,3930,2316,1509,2248,10,8,60,22,24,14,101,38
20260808,r6_d30_t1_w20,525,101,3939,2327,1511,2252,0,17,58,25,25,14,126,43
20260808,r6_d30_t1_w20,526,96,3945,2335,1514,2255,0,19,61,20,23,14,126,43
20260808,r6_d30_t1_w20,527,100,3955,2340,1515,2263,2,13,64,21,20,15,126,43
20260808,r6_d30_t1_w20,528,103,3963,2345,1515,2267,2,10,68,20,19,16,126,43
20260808,r6_d30_t1_w20,529,99,3971,2350,1522,2269,1,10,71,18,16,17,126,43
20260808,r6_d30_t1_w20,530,103,3978,2353,1522,2275,0,8,70,22,16,18,131,43
20260808,r6_d30_t1_w20,531,109,3986,2355,1522,2281,0,5,69,26,18,18,131,43
20260808,r6_d30_t1_w20,532,110,3992,2360,1522,2285,0,7,68,25,15,19,131,43
20260808,r6_d30_t1_w20,533,114,3999,2363,1522,2289,8,8,66,18,16,19,131,43
20260808,r6_d30_t1_w20,534,119,4007,2366,1522,2292,6,6,68,20,16,19,131,43
20260808,r6_d30_t1_w20,535,126,4017,2369,1522,2297,15,6,66,13,20,20,131,43
20260808,r6_d30_t1_w20,536,127,4024,2371,1526,2300,14,5,66,15,21,19,131,43
20260808,r6_d30_t1_w20,537,129,4034,2372,1533,2303,18,3,66,13,20,19,131,43
20260808,r6_d30_t1_w20,538,127,4040,2374,1539,2311,31,3,60,6,19,18,131,43
20260808,r6_d30_t1_w20,539,132,4049,2376,1541,2317,31,4,55,10,19,20,131,43
20260808,r6_d30_t1_w20,540,130,4054,2380,1544,2321,17,6,53,24,21,17,131,43
20260808,r6_d30_t1_w20,541,127,4061,2387,1547,2326,11,11,50,28,23,17,131,43
20260808,r6_d30_t1_w20,542,128,4071,2394,1549,2333,13,14,47,26,24,17,131,43
20260808,r6_d30_t1_w20,543,124,4079,2399,1556,2341,11,12,46,31,25,17,131,43
20260808,r6_d30_t1_w20,544,117,4087,2414,1556,2344,12,20,50,18,25,16,131,43
20260808,r6_d30_t1_w20,545,118,4096,2421,1557,2348,12,22,51,15,23,15,131,43
20260808,r6_d30_t1_w20,546,122,4106,2423,1561,2355,14,9,59,18,22,13,131,43
20260808,r6_d30_t1_w20,547,109,4115,2436,1570,2358,13,15,63,9,22,12,131,43
20260808,r6_d30_t1_w20,548,105,4123,2442,1576,2363,14,19,60,7,24,11,131,43
20260808,r6_d30_t1_w20,549,103,4128,2445,1580,2366,14,9,70,7,24,10,131,43
20260808,r6_d30_t1_w20,550,100,4134,2450,1584,2368,11,8,74,7,24,10,126,43
20260808,r6_d30_t1_w20,551,100,4139,2451,1588,2370,9,6,75,10,25,9,126,43
20260808,r6_d30_t1_w20,552,102,4148,2454,1592,2374,9,4,76,11,24,10,126,43
20260808,r6_d30_t1_w20,553,104,4155,2455,1596,2374,8,4,77,11,24,11,126,43
20260808,r6_d30_t1_w20,554,99,4160,2459,1602,2377,3,5,77,15,23,12,126,43
20260808,r6_d30_t1_w20,555,96,4167,2466,1605,2382,4,11,73,12,24,13,131,43
20260808,r6_d30_t1_w20,556,96,4172,2467,1609,2388,6,8,71,15,24,15,131,43
20260808,r6_d30_t1_w20,557,90,4178,2469,1619,2393,5,3,73,19,23,15,131,43
20260808,r6_d30_t1_w20,558,92,4188,2472,1624,2399,4,5,68,23,19,16,131,43
20260808,r6_d30_t1_w20,559,84,4193,2479,1630,2405,2,10,64,24,13,16,131,43
20260808,r6_d30_t1_w20,560,85,4198,2483,1630,2414,7,11,58,24,13,15,131,43
20260808,r6_d30_t1_w20,561,88,4204,2486,1630,2424,10,7,55,28,13,15,131,43
20260808,r6_d30_t1_w20,562,82,4209,2497,1630,2428,8,14,55,23,13,13,131,43
20260808,r6_d30_t1_w20,563,80,4214,2504,1630,2429,1,18,57,24,12,13,131,43
20260808,r6_d30_t1_w20,564,82,4222,2510,1630,2433,2,13,64,21,12,12,131,43
20260808,r6_d30_t1_w20,565,84,4229,2515,1630,2443,12,11,61,16,12,13,131,43
20260808,r6_d30_t1_w20,566,89,4238,2519,1630,2448,17,9,62,12,13,14,131,43
20260808,r6_d30_t1_w20,567,92,4244,2522,1630,2453,8,7,62,23,14,14,131,43
20260808,r6_d30_t1_w20,568,95,4249,2524,1630,2457,8,5,62,25,14,15,131,43
20260808,r6_d30_t1_w20,569,99,4258,2529,1630,2460,9,7,62,22,11,16,131,43
20260808,r6_d30_t1_w20,570,103,4266,2532,1631,2463,11,8,61,20,16,15,121,43
20260808,r6_d30_t1_w20,571,105,4272,2534,1633,2465,18,5,64,13,21,13,121,43
20260808,r6_d30_t1_w20,572,99,4278,2538,1641,2466,11,6,66,17,21,12,121,43
20260808,r6_d30_t1_w20,573,88,4283,2548,1647,2470,11,14,64,11,18,12,121,43
20260808,r6_d30_t1_w20,574,88,4289,2551,1650,2477,12,13,61,14,16,11,121,43
20260808,r6_d30_t1_w20,575,93,4299,2555,1651,2482,11,7,66,16,21,11,131,43
20260808,r6_d30_t1_w20,576,95,4309,2560,1654,2487,12,9,64,15,22,11,131,43
20260808,r6_d30_t1_w20,577,94,4315,2564,1657,2492,10,9,63,18,24,10,131,43
20260808,r6_d30_t1_w20,578,91,4322,2567,1664,2496,1,7,64,28,26,9,131,43
20260808,r6_d30_t1_w20,579,87,4327,2573,1667,2503,1,9,61,29,24,8,131,43
20260808,r6_d30_t1_w20,580,93,4337,2575,1669,2508,15,8,59,18,24,7,131,43
20260808,r6_d30_t1_w20,581,93,4342,2580,1669,2513,15,7,60,18,25,7,131,43
20260808,r6_d30_t1_w20,582,91,4352,2590,1671,2516,14,15,59,12,28,7,131,43
20260808,r6_d30_t1_w20,583,89,4359,2599,1671,2519,10,19,61,10,26,8,131,43
20260808,r6_d30_t1_w20,584,86,4364,2602,1676,2521,10,12,69,9,26,9,131,43
20260808,r6_d30_t1_w20,585,86,4371,2605,1680,2525,11,6,74,9,28,9,131,43
20260808,r6_d30_t1_w20,586,85,4377,2606,1686,2532,15,4,70,11,26,10,131,43
20260808,r6_d30_t1_w20,587,85,4385,2611,1689,2536,15,6,69,10,25,11,131,43
20260808,r6_d30_t1_w20,588,90,4395,2616,1689,2540,7,10,66,17,25,11,131,43
20260808,r6_d30_t1_w20,589,84,4404,2623,1697,2545,3,12,66,19,18,11,131,43
20260808,r6_d30_t1_w20,590,87,4409,2625,1697,2551,5,9,65,21,17,12,131,43
20260808,r6_d30_t1_w20,591,92,4418,2629,1697,2553,1,6,70,23,15,13,131,43
20260808,r6_d30_t1_w20,592,99,4428,2632,1697,2556,0,7,69,24,16,15,131,43
20260808,r6_d30_t1_w20,593,103,4435,2635,1697,2562,1,6,67,26,15,16,131,43
20260808,r6_d30_t1_w20,594,99,4444,2648,1697,2565,1,16,67,16,15,16,131,43
20260808,r6_d30_t1_w20,595,98,4449,2654,1697,2571,6,19,64,11,14,15,131,43
20260808,r6_d30_t1_w20,596,102,4458,2659,1697,2576,2,11,72,15,14,16,131,43
20260808,r6_d30_t1_w20,597,103,4465,2665,1697,2582,3,11,72,14,14,15,131,43
20260808,r6_d30_t1_w20,598,106,4472,2669,1697,2590,12,10,69,9,15,15,131,43
20260808,r6_d30_t1_w20,599,111,4482,2674,1697,2596,5,9,69,17,13,16,131,43
20260808,r6_d30_t1_w20,600,116,4490,2676,1698,2596,0,7,73,20,19,16,121,40
20260808,r3_d30_t1_w25,1,6,7,1,0,0,93,1,0,6,6,1,131,43
20260808,r3_d30_t1_w25,2,13,14,1,0,0,65,1,0,34,9,2,131,43
20260808,r3_d30_t1_w25,3,16,24,8,0,0,52,7,1,40,13,3,131,43
20260808,r3_d30_t1_w25,4,12,33,21,0,0,30,20,1,49,9,4,131,43
20260808,r3_d30_t1_w25,5,19,43,24,0,0,17,16,8,59,13,6,131,43
20260808,r3_d30_t1_w25,6,23,49,26,0,0,12,5,21,62,12,6,131,43
20260808,r3_d30_t1_w25,7,30,57,27,0,0,5,3,24,68,13,7,131,43
20260808,r3_d30_t1_w25,8,27,66,39,0,0,2,13,26,59,13,5,131,43
20260808,r3_d30_t1_w25,9,32,72,40,0,0,0,13,27,60,12,6,131,43
20260808,r3_d30_t1_w25,10,27,78,51,0,0,0,12,39,49,10,5,131,43
20260808,r3_d30_t1_w25,11,17,83,66,0,0,14,26,40,20,9,4,131,43
20260808,r3_d30_t1_w25,12,19,91,72,0,0,26,21,51,2,9,4,131,43
20260808,r3_d30_t1_w25,13,29,101,72,0,2,7,6,64,23,13,4,131,43
20260808,r3_d30_t1_w25,14,33,108,75,0,5,5,3,67,25,11,5,131,43
20260808,r3_d30_t1_w25,15,39,115,76,0,7,26,4,65,5,13,6,131,43
20260808,r3_d30_t1_w25,16,48,124,76,0,11,18,1,64,17,14,7,131,43
20260808,r3_d30_t1_w25,17,57,134,77,0,13,13,1,63,23,14,8,131,43
20260808,r3_d30_t1_w25,18,62,143,81,0,13,10,5,63,22,13,9,131,43
20260808,r3_d30_t1_w25,19,69,151,82,0,15,1,5,62,32,15,10,131,43
20260808,r3_d30_t1_w25,20,75,161,86,0,20,1,5,61,33,13,11,121,40
20260808,r3_d30_t1_w25,21,73,166,93,0,23,11,11,59,19,13,11,121,40
20260808,r3_d30_t1_w25,22,72,171,99,0,27,16,13,59,12,12,12,121,40
20260808,r3_d30_t1_w25,23,80,180,100,0,31,18,7,62,13,12,12,121,40
20260808,r3_d30_t1_w25,24,86,188,102,0,40,30,3,59,8,13,13,121,40
20260808,r3_d30_t1_w25,25,93,196,103,0,46,23,3,54,20,13,14,126,43
20260808,r3_d30_t1_w25,26,101,206,105,0,49,9,3,53,35,16,15,126,43
20260808,r3_d30_t1_w25,27,103,214,111,0,55,0,8,48,44,18,15,126,43
20260808,r3_d30_t1_w25,28,102,220,118,0,60,0,13,45,42,15,15,126,43
20260808,r3_d30_t1_w25,29,106,227,121,0,63,14,10,48,28,14,15,126,43
20260808,r3_d30_t1_w25,30,108,232,124,0,66,14,6,52,28,15,15,131,43
20260808,r3_d30_t1_w25,31,116,242,126,0,71,1,5,50,44,19,15,131,43
20260808,r3_d30_t1_w25,32,106,247,141,0,77,4,17,47,32,19,14,131,43
20260808,r3_d30_t1_w25,33,95,255,160,0,80,4,34,46,16,20,12,131,43
20260808,r3_d30_t1_w25,34,99,263,164,0,81,2,23,60,15,23,12,131,43
20260808,r3_d30_t1_w25,35,97,272,175,0,86,1,15,74,10,23,12,131,43
20260808,r3_d30_t1_w25,36,106,282,176,0,89,0,12,75,13,26,11,131,43
20260808,r3_d30_t1_w25,37,112,292,180,0,93,0,5,82,13,25,11,131,43
20260808,r3_d30_t1_w25,38,115,298,183,0,97,0,7,79,14,24,11,131,43
20260808,r3_d30_t1_w25,39,119,304,185,0,98,0,5,82,13,24,11,131,43
20260808,r3_d30_t1_w25,40,122,312,190,0,100,0,7,83,10,25,10,131,43
20260808,r3_d30_t1_w25,41,129,322,193,0,101,0,8,84,8,25,10,131,43
20260808,r3_d30_t1_w25,42,136,331,195,0,108,0,5,82,13,26,10,131,43
20260808,r3_d30_t1_w25,43,137,336,197,2,117,0,4,76,20,26,11,131,43
20260808,r3_d30_t1_w25,44,136,344,202,6,119,0,7,76,17,25,11,131,43
20260808,r3_d30_t1_w25,45,132,353,209,12,129,3,12,68,17,25,12,131,43
20260808,r3_d30_t1_w25,46,131,358,212,15,133,4,10,69,17,25,13,131,43
20260808,r3_d30_t1_w25,47,131,367,220,16,139,5,11,70,14,26,13,131,43
20260808,r3_d30_t1_w25,48,130,376,222,24,144,4,10,68,18,26,14,131,43
20260808,r3_d30_t1_w25,49,133,385,225,27,153,6,5,67,22,29,16,131,43
20260808,r3_d30_t1_w25,50,130,395,231,34,157,4,9,65,22,26,17,126,43
20260808,r3_d30_t1_w25,51,126,401,235,40,160,1,10,65,24,24,17,126,43
20260808,r3_d30_t1_w25,52,123,406,240,43,165,0,9,66,25,21,17,126,43
20260808,r3_d30_t1_w25,53,121,411,242,48,169,0,7,66,27,17,18,126,43
20260808,r3_d30_t1_w25,54,117,419,249,53,175,4,9,65,22,12,18,126,43
20260808,r3_d30_t1_w25,55,122,428,253,53,180,6,11,62,21,16,18,131,43
20260808,r3_d30_t1_w25,56,125,433,255,53,185,7,6,64,23,15,20,131,43
20260808,r3_d30_t1_w25,57,128,439,258,53,193,10,5,60,25,12,21,131,43
20260808,r3_d30_t1_w25,58,137,449,259,53,199,10,4,56,30,15,23,131,43
20260808,r3_d30_t1_w25,59,138,456,265,53,205,4,7,53,36,16,22,131,43
20260808,r3_d30_t1_w25,60,133,464,278,53,209,2,19,50,29,19,21,131,43
20260808,r3_d30_t1_w25,61,128,472,291,53,210,2,26,55,17,22,19,131,43
20260808,r3_d30_t1_w25,62,131,477,293,53,214,4,15,64,17,21,19,131,43
20260808,r3_d30_t1_w25,63,133,483,297,53,221,8,6,70,16,20,19,131,43
20260808,r3_d30_t1_w25,64,139,493,301,53,224,11,8,69,12,21,18,131,43
20260808,r3_d30_t1_w25,65,140,503,310,53,228,8,13,69,10,28,17,131,43
20260808,r3_d30_t1_w25,66,143,512,313,56,233,1,12,68,19,28,15,131,43
20260808,r3_d30_t1_w25,67,140,521,320,61,238,2,10,72,16,25,14,131,43
20260808,r3_d30_t1_w25,68,140,526,324,62,241,3,11,72,14,25,14,131,43
20260808,r3_d30_t1_w25,69,140,535,328,67,244,3,8,76,13,27,14,131,43
20260808,r3_d30_t1_w25,70,140,543,335,68,246,0,11,78,11,28,13,131,43
20260808,r3_d30_t1_w25,71,137,548,340,71,256,0,12,72,16,26,13,131,43
20260808,r3_d30_t1_w25,72,140,556,342,74,259,0,7,76,17,27,12,131,43
20260808,r3_d30_t1_w25,73,132,561,348,81,261,0,8,79,13,24,10,131,43
20260808,r3_d30_t1_w25,74,129,567,355,83,268,2,13,74,11,24,10,131,43
20260808,r3_d30_t1_w25,75,128,576,357,91,272,1,9,76,14,26,10,131,43
20260808,r3_d30_t1_w25,76,127,584,365,92,278,4,10,77,9,25,11,131,43
20260808,r3_d30_t1_w25,77,128,593,372,93,286,6,15,71,8,24,12,131,43
20260808,r3_d30_t1_w25,78,132,602,373,97,291,7,8,74,11,23,14,131,43
20260808,r3_d30_t1_w25,79,127,610,379,104,297,1,7,75,17,22,14,131,43
20260808,r3_d30_t1_w25,80,129,619,383,107,302,1,10,71,18,22,15,131,43
20260808,r3_d30_t1_w25,81,133,629,387,109,309,0,8,70,22,25,14,131,43
20260808,r3_d30_t1_w25,82,134,639,392,113,316,0,9,67,24,25,14,131,43
20260808,r3_d30_t1_w25,83,127,645,398,120,321,0,11,66,23,18,15,131,43
20260808,r3_d30_t1_w25,84,126,651,401,124,328,0,9,64,27,15,16,131,43
20260808,r3_d30_t1_w25,85,131,658,403,124,329,2,5,69,24,17,16,131,43
20260808,r3_d30_t1_w25,86,134,664,406,124,331,0,5,70,25,17,17,131,43
20260808,r3_d30_t1_w25,87,140,672,408,124,335,0,5,68,27,16,18,131,43
20260808,r3_d30_t1_w25,88,149,682,409,124,338,1,3,68,28,16,20,131,43
20260808,r3_d30_t1_w25,89,151,687,412,124,346,1,4,62,33,16,20,131,43
20260808,r3_d30_t1_w25,90,160,697,413,124,353,3,4,56,37,23,20,131,43
20260808,r3_d30_t1_w25,91,154,703,423,126,360,2,11,52,35,21,19,131,43
20260808,r3_d30_t1_w25,92,151,711,427,133,363,1,14,50,35,19,18,131,43
20260808,r3_d30_t1_w25,93,155,721,429,137,367,2,6,56,36,20,18,131,43
20260808,r3_d30_t1_w25,94,157,730,432,141,373,4,5,54,37,20,17,131,43
20260808,r3_d30_t1_w25,95,144,735,450,141,379,5,21,50,24,21,16,131,43
20260808,r3_d30_t1_w25,96,140,742,461,141,386,6,29,46,19,22,16,131,43
20260808,r3_d30_t1_w25,97,147,752,464,141,391,10,14,59,17,22,15,131,43
20260808,r3_d30_t1_w25,98,144,762,477,141,393,9,16,68,7,23,15,131,43
20260808,r3_d30_t1_w25,99,145,768,482,141,398,8,18,66,8,23,15,131,43
20260808,r3_d30_t1_w25,100,146,776,485,145,402,9,8,75,8,22,14,121,40
20260808,r3_d30_t1_w25,101,146,783,487,150,404,10,5,78,7,23,13,121,40
20260808,r3_d30_t1_w25,102,140,788,489,159,408,9,4,77,10,23,12,121,40
20260808,r3_d30_t1_w25,103,138,796,492,166,410,10,5,77,8,22,12,121,40
20260808,r3_d30_t1_w25,104,137,804,498,169,413,10,9,76,5,23,12,121,40
20260808,r3_d30_t1_w25,105,137,812,499,176,415,7,7,77,9,23,13,131,43
20260808,r3_d30_t1_w25,106,136,821,503,182,418,8,5,80,7,22,14,131,43
20260808,r3_d30_t1_w25,107,138,831,504,189,425,3,5,74,18,24,14,131,43
20260808,r3_d30_t1_w25,108,141,840,506,193,435,4,3,68,25,24,17,131,43
20260808,r3_d30_t1_w25,109,138,848,514,196,439,6,10,65,19,22,17,131,43
20260808,r3_d30_t1_w25,110,143,858,517,198,445,5,11,61,23,24,17,131,43
20260808,r3_d30_t1_w25,111,147,867,518,202,449,0,4,65,31,25,17,131,43
20260808,r3_d30_t1_w25,112,141,875,527,207,457,1,10,60,29,17,19,131,43
20260808,r3_d30_t1_w25,113,137,883,531,215,461,2,13,57,28,17,18,131,43
20260808,r3_d30_t1_w25,114,139,892,535,218,472,4,8,55,33,12,19,131,43
20260808,r3_d30_t1_w25,115,139,901,544,218,480,6,13,51,30,12,19,131,43
20260808,r3_d30_t1_w25,116,138,911,555,218,484,6,20,51,23,11,18,131,43
20260808,r3_d30_t1_w25,117,134,916,564,218,488,6,20,56,18,14,17,131,43
20260808,r3_d30_t1_w25,118,136,925,571,218,489,2,16,66,16,13,18,131,43
20260808,r3_d30_t1_w25,119,142,933,573,218,494,2,9,70,19,12,19,131,43
20260808,r3_d30_t1_w25,120,149,940,573,218,497,8,2,74,16,18,19,131,43
20260808,r3_d30_t1_w25,121,146,945,581,218,499,9,8,74,9,19,18,131,43
20260808,r3_d30_t1_w25,122,153,954,583,218,502,3,10,71,16,22,17,131,43
20260808,r3_d30_t1_w25,123,154,960,588,218,503,2,7,78,13,21,17,131,43
20260808,r3_d30_t1_w25,124,160,968,590,218,507,7,7,76,10,21,17,131,43
20260808,r3_d30_t1_w25,125,158,974,592,224,512,6,4,76,14,19,16,121,40
20260808,r3_d30_t1_w25,126,157,982,596,229,517,9,6,73,12,20,16,121,40
20260808,r3_d30_t1_w25,127,161,990,597,232,521,7,5,71,17,23,16,121,40
20260808,r3_d30_t1_w25,128,159,1000,603,238,527,8,7,69,16,24,15,121,40
20260808,r3_d30_t1_w25,129,154,1008,612,242,531,11,15,66,8,24,14,121,40
20260808,r3_d30_t1_w25,130,149,1013,614,250,532,12,11,71,6,23,14,131,43
20260808,r3_d30_t1_w25,131,145,1019,617,257,539,12,5,73,10,23,12,131,43
20260808,r3_d30_t1_w25,132,144,1026,619,263,544,12,5,70,13,26,12,131,43
20260808,r3_d30_t1_w25,133,138,1031,623,270,552,7,6,65,22,27,12,131,43
20260808,r3_d30_t1_w25,134,135,1039,629,275,562,8,10,57,25,26,11,131,43
20260808,r3_d30_t1_w25,135,131,1047,636,280,570,7,13,53,27,29,11,131,43
20260808,r3_d30_t1_w25,136,131,1057,640,286,575,0,11,54,35,29,12,131,43
20260808,r3_d30_t1_w25,137,123,1062,648,291,578,1,12,58,29,23,13,131,43
20260808,r3_d30_t1_w25,138,121,1070,654,295,580,9,14,60,17,22,14,131,43
20260808,r3_d30_t1_w25,139,114,1076,660,302,582,9,12,66,13,22,15,131,43
20260808,r3_d30_t1_w25,140,105,1081,666,310,588,12,12,66,10,21,14,131,43
20260808,r3_d30_t1_w25,141,103,1090,669,318,592,11,9,68,12,23,13,131,43
20260808,r3_d30_t1_w25,142,110,1100,670,320,595,5,4,71,20,24,16,131,43
20260808,r3_d30_t1_w25,143,103,1110,680,327,603,5,11,66,18,22,16,131,43
20260808,r3_d30_t1_w25,144,104,1119,683,332,608,1,13,62,24,17,17,131,43
20260808,r3_d30_t1_w25,145,106,1127,689,332,611,1,9,69,21,15,17,131,43
20260808,r3_d30_t1_w25,146,109,1132,691,332,616,10,8,67,15,13,18,131,43
20260808,r3_d30_t1_w25,147,118,1142,692,332,618,11,3,71,15,17,18,131,43
20260808,r3_d30_t1_w25,148,117,1150,701,332,625,16,10,66,8,16,18,131,43
20260808,r3_d30_t1_w25,149,119,1156,705,332,628,17,13,64,6,16,17,131,43
20260808,r3_d30_t1_w25,150,126,1165,707,332,630,12,6,71,11,23,17,131,43
20260808,r3_d30_t1_w25,151,134,1174,708,332,636,4,3,69,24,26,17,131,43
20260808,r3_d30_t1_w25,152,131,1179,716,332,642,5,9,65,21,25,17,131,43
20260808,r3_d30_t1_w25,153,124,1186,730,332,646,5,22,62,11,21,16,131,43
20260808,r3_d30_t1_w25,154,129,1195,734,332,652,4,18,64,14,24,16,131,43
20260808,r3_d30_t1_w25,155,130,1200,738,332,657,4,8,73,15,26,16,126,43
20260808,r3_d30_t1_w25,156,133,1210,745,332,663,6,11,71,12,26,16,126,43
20260808,r3_d30_t1_w25,157,137,1217,747,333,667,7,9,71,13,26,16,126,43
20260808,r3_d30_t1_w25,158,140,1226,750,336,669,5,5,76,14,29,15,126,43
20260808,r3_d30_t1_w25,159,140,1236,753,343,676,1,6,71,22,29,14,126,43
20260808,r3_d30_t1_w25,160,143,1246,756,347,678,0,6,72,22,28,14,131,43
20260808,r3_d30_t1_w25,161,136,1251,759,356,684,11,6,69,14,25,12,131,43
20260808,r3_d30_t1_w25,162,136,1256,761,359,687,15,5,69,11,24,12,131,43
20260808,r3_d30_t1_w25,163,132,1266,768,366,695,15,9,64,12,27,11,131,43
20260808,r3_d30_t1_w25,164,133,1273,771,369,700,7,10,61,22,29,11,131,43
20260808,r3_d30_t1_w25,165,129,1278,780,369,706,8,12,62,18,29,10,131,43
20260808,r3_d30_t1_w25,166,126,1283,784,373,711,9,13,60,18,28,12,131,43
20260808,r3_d30_t1_w25,167,120,1290,790,380,716,9,10,64,17,25,13,131,43
20260808,r3_d30_t1_w25,168,121,1300,793,386,719,9,9,65,17,25,15,131,43
20260808,r3_d30_t1_w25,169,115,1307,797,395,725,12,7,65,16,26,15,131,43
20260808,r3_d30_t1_w25,170,106,1312,811,395,731,9,18,62,11,28,14,131,43
20260808,r3_d30_t1_w25,171,111,1320,814,395,735,5,17,62,16,27,17,131,43
20260808,r3_d30_t1_w25,172,109,1329,821,399,736,4,10,75,11,23,16,131,43
20260808,r3_d30_t1_w25,173,108,1338,824,406,741,3,10,73,14,23,17,131,43
20260808,r3_d30_t1_w25,174,110,1347,827,410,747,1,6,74,19,19,17,131,43
20260808,r3_d30_t1_w25,175,111,1352,831,410,751,1,7,73,19,16,17,131,43
20260808,r3_d30_t1_w25,176,114,1357,833,410,756,2,6,71,21,16,20,131,43
20260808,r3_d30_t1_w25,177,119,1363,834,410,760,2,3,71,24,16,23,131,43
20260808,r3_d30_t1_w25,178,122,1370,838,410,763,1,5,70,24,17,23,131,43
20260808,r3_d30_t1_w25,179,124,1376,842,410,769,5,8,65,22,16,23,131,43
20260808,r3_d30_t1_w25,180,126,1381,845,410,775,1,7,63,29,18,23,121,40
20260808,r3_d30_t1_w25,181,127,1386,849,410,779,0,7,63,30,18,23,121,40
20260808,r3_d30_t1_w25,182,133,1395,852,410,785,5,7,60,28,21,23,121,40
20260808,r3_d30_t1_w25,183,132,1401,858,411,792,1,9,57,33,19,22,121,40
20260808,r3_d30_t1_w25,184,138,1411,862,411,797,13,10,55,22,19,22,121,40
20260808,r3_d30_t1_w25,185,139,1421,866,416,802,21,8,56,15,22,21,131,43
20260808,r3_d30_t1_w25,186,138,1427,870,419,812,13,8,50,29,23,20,131,43
20260808,r3_d30_t1_w25,187,131,1435,881,423,815,12,15,51,22,23,20,131,43
20260808,r3_d30_t1_w25,188,127,1441,889,425,817,13,19,53,15,23,20,131,43
20260808,r3_d30_t1_w25,189,127,1447,891,429,819,8,10,62,20,25,18,131,43
20260808,r3_d30_t1_w25,190,127,1453,893,433,821,9,4,68,19,24,17,131,43
20260808,r3_d30_t1_w25,191,127,1460,895,438,826,9,4,65,22,25,16,131,43
20260808,r3_d30_t1_w25,192,129,1469,895,445,828,9,2,65,24,27,14,131,43
20260808,r3_d30_t1_w25,193,128,1479,900,451,833,4,5,62,29,28,13,131,43
20260808,r3_d30_t1_w25,194,127,1486,905,454,840,4,10,55,31,27,13,131,43
20260808,r3_d30_t1_w25,195,130,1492,907,455,846,3,7,54,36,28,12,131,43
20260808,r3_d30_t1_w25,196,121,1500,917,462,849,3,12,56,29,27,13,131,43
20260808,r3_d30_t1_w25,197,108,1507,931,468,853,9,24,54,13,26,10,131,43
20260808,r3_d30_t1_w25,198,110,1516,933,473,859,13,16,58,13,27,11,131,43
20260808,r3_d30_t1_w25,199,107,1522,939,476,864,4,8,67,21,27,13,131,43
20260808,r3_d30_t1_w25,200,105,1527,944,478,869,3,11,64,22,25,13,131,43
20260808,r3_d30_t1_w25,201,105,1536,949,482,871,4,10,68,18,22,14,131,43
20260808,r3_d30_t1_w25,202,103,1544,954,487,873,1,10,71,18,24,15,131,43
20260808,r3_d30_t1_w25,203,100,1551,964,487,874,0,15,75,10,20,15,131,43
20260808,r3_d30_t1_w25,204,101,1557,969,487,881,0,15,73,12,19,15,131,43
20260808,r3_d30_t1_w25,205,106,1563,970,487,884,1,6,80,13,19,17,131,43
20260808,r3_d30_t1_w25,206,112,1573,974,487,887,4,5,82,9,22,18,131,43
20260808,r3_d30_t1_w25,207,119,1581,975,487,894,4,5,76,15,21,19,131,43
20260808,r3_d30_t1_w25,208,119,1587,981,487,899,3,7,75,15,17,20,131,43
20260808,r3_d30_t1_w25,209,122,1593,984,487,906,0,9,69,22,18,20,131,43
20260808,r3_d30_t1_w25,210,124,1599,987,488,915,1,6,66,27,20,19,131,43
20260808,r3_d30_t1_w25,211,123,1606,995,488,917,7,11,67,15,19,19,131,43
20260808,r3_d30_t1_w25,212,123,1611,1000,488,920,0,13,67,20,21,18,131,43
20260808,r3_d30_t1_w25,213,130,1621,1003,488,928,2,8,67,23,21,17,131,43
20260808,r3_d30_t1_w25,214,131,1628,1009,488,934,3,9,66,22,22,16,131,43
20260808,r3_d30_t1_w25,215,134,1638,1016,488,940,4,13,63,20,21,16,131,43
20260808,r3_d30_t1_w25,216,131,1648,1029,488,947,5,20,62,13,19,16,131,43
20260808,r3_d30_t1_w25,217,141,1658,1029,488,951,4,13,65,18,20,16,131,43
20260808,r3_d30_t1_w25,218,140,1667,1034,493,959,0,5,70,25,21,15,131,43
20260808,r3_d30_t1_w25,219,139,1674,1042,493,961,0,13,68,19,20,15,131,43
20260808,r3_d30_t1_w25,220,140,1682,1049,493,963,0,15,71,14,20,14,131,43
20260808,r3_d30_t1_w25,221,141,1691,1051,499,970,1,9,72,18,22,12,131,43
20260808,r3_d30_t1_w25,222,139,1697,1053,505,970,0,4,79,17,24,11,131,43
20260808,r3_d30_t1_w25,223,133,1702,1061,508,975,1,10,76,13,21,11,131,43
20260808,r3_d30_t1_w25,224,138,1712,1061,513,979,1,8,74,17,23,11,131,43
20260808,r3_d30_t1_w25,225,141,1719,1063,515,984,0,2,77,21,23,11,131,43
20260808,r3_d30_t1_w25,226,139,1727,1070,518,988,0,9,73,18,23,12,131,43
20260808,r3_d30_t1_w25,227,140,1735,1075,520,994,0,12,69,19,24,14,131,43
20260808,r3_d30_t1_w25,228,139,1744,1085,520,1002,0,15,68,17,27,14,131,43
20260808,r3_d30_t1_w25,229,138,1750,1092,520,1003,2,17,72,9,27,16,131,43
20260808,r3_d30_t1_w25,230,137,1758,1099,522,1008,2,14,77,7,24,15,131,43
20260808,r3_d30_t1_w25,231,141,1767,1101,525,1014,2,9,78,11,25,17,131,43
20260808,r3_d30_t1_w25,232,136,1775,1106,533,1021,1,7,78,14,21,17,131,43
20260808,r3_d30_t1_w25,233,139,1785,1109,537,1025,1,8,76,15,17,18,131,43
20260808,r3_d30_t1_w25,234,142,1794,1115,537,1029,0,9,77,14,16,20,131,43
20260808,r3_d30_t1_w25,235,146,1799,1116,537,1037,5,7,72,16,16,21,111,40
20260808,r3_d30_t1_w25,236,151,1809,1121,537,1040,5,6,75,14,13,22,111,40
20260808,r3_d30_t1_w25,237,156,1814,1121,537,1050,10,5,66,19,13,22,111,40
20260808,r3_d30_t1_w25,238,161,1824,1126,537,1056,11,5,65,19,13,22,111,40
20260808,r3_d30_t1_w25,239,160,1832,1135,537,1060,10,14,61,15,12,23,111,40
20260808,r3_d30_t1_w25,240,163,1839,1139,537,1068,6,13,58,23,15,23,131,43
20260808,r3_d30_t1_w25,241,163,1844,1143,538,1071,6,8,64,22,19,22,131,43
20260808,r3_d30_t1_w25,242,158,1853,1151,544,1075,5,12,64,19,21,21,131,43
20260808,r3_d30_t1_w25,243,150,1859,1159,550,1082,5,16,61,18,21,21,131,43
20260808,r3_d30_t1_w25,244,142,1866,1170,554,1086,5,19,65,11,21,21,131,43
20260808,r3_d30_t1_w25,245,141,1873,1175,557,1088,3,16,71,10,24,21,131,43
20260808,r3_d30_t1_w25,246,142,1880,1177,561,1095,6,7,75,12,24,20,131,43
20260808,r3_d30_t1_w25,247,142,1888,1183,563,1097,5,8,78,9,24,19,131,43
20260808,r3_d30_t1_w25,248,140,1893,1187,566,1099,4,10,78,8,24,18,131,43
20260808,r3_d30_t1_w25,249,138,1901,1190,573,1106,4,7,77,12,23,17,131,43
20260808,r3_d30_t1_w25,250,142,1911,1193,576,1113,5,6,74,15,28,16,131,43
20260808,r3_d30_t1_w25,251,142,1921,1198,581,1121,0,8,69,23,29,14,131,43
20260808,r3_d30_t1_w25,252,139,1927,1203,585,1125,0,10,68,22,27,14,131,43
20260808,r3_d30_t1_w25,253,140,1937,1208,589,1132,0,10,66,24,26,14,131,43
20260808,r3_d30_t1_w25,254,139,1942,1212,591,1134,0,9,69,22,27,14,131,43
20260808,r3_d30_t1_w25,255,130,1948,1223,595,1138,0,15,70,15,26,11,122,43
20260808,r3_d30_t1_w25,256,125,1954,1226,603,1142,0,14,70,16,25,11,122,43
20260808,r3_d30_t1_w25,257,122,1960,1231,607,1147,3,8,76,13,25,11,122,43
20260808,r3_d30_t1_w25,258,121,1969,1232,616,1153,8,6,73,13,25,13,122,43
20260808,r3_d30_t1_w25,259,122,1978,1235,621,1158,7,4,73,16,26,13,122,43
20260808,r3_d30_t1_w25,260,120,1983,1241,622,1163,7,9,69,15,25,14,131,43
20260808,r3_d30_t1_w25,261,118,1991,1245,628,1166,11,10,69,10,24,15,131,43
20260808,r3_d30_t1_w25,262,116,1996,1251,629,1174,11,10,67,12,23,16,131,43
20260808,r3_d30_t1_w25,263,113,2002,1256,633,1184,10,11,61,18,27,17,131,43
20260808,r3_d30_t1_w25,264,111,2011,1261,639,1190,8,10,61,21,21,17,131,43
20260808,r3_d30_t1_w25,265,112,2020,1269,639,1193,0,13,63,24,20,17,131,43
20260808,r3_d30_t1_w25,266,117,2030,1273,640,1198,0,12,63,25,17,18,131,43
20260808,r3_d30_t1_w25,267,120,2035,1275,640,1204,0,6,65,29,17,20,131,43
20260808,r3_d30_t1_w25,268,121,2041,1280,640,1207,0,7,66,27,15,20,131,43
20260808,r3_d30_t1_w25,269,127,2050,1283,640,1209,10,8,66,16,12,22,131,43
20260808,r3_d30_t1_w25,270,134,2058,1284,640,1216,15,4,64,17,17,22,131,43
20260808,r3_d30_t1_w25,271,142,2068,1286,640,1225,5,3,58,34,24,22,131,43
20260808,r3_d30_t1_w25,272,143,2078,1295,640,1225,5,11,59,25,23,22,131,43
20260808,r3_d30_t1_w25,273,134,2083,1309,640,1232,7,23,54,16,21,22,131,43
20260808,r3_d30_t1_w25,274,141,2092,1311,640,1238,8,16,57,19,25,22,131,43
20260808,r3_d30_t1_w25,275,139,2101,1321,641,1239,6,12,70,12,23,22,131,43
20260808,r3_d30_t1_w25,276,139,2111,1323,649,1245,7,12,66,15,26,19,131,43
20260808,r3_d30_t1_w25,277,141,2121,1328,652,1247,7,7,74,12,24,18,131,43
20260808,r3_d30_t1_w25,278,142,2131,1332,657,1251,6,9,72,13,27,17,131,43
20260808,r3_d30_t1_w25,279,144,2140,1335,661,1256,1,7,72,20,27,15,131,43
20260808,r3_d30_t1_w25,280,143,2147,1339,665,1261,2,7,71,20,25,15,131,43
20260808,r3_d30_t1_w25,281,139,2153,1344,670,1266,0,9,69,22,24,14,131,43
20260808,r3_d30_t1_w25,282,134,2159,1351,674,1271,0,12,68,20,23,12,131,43
20260808,r3_d30_t1_w25,283,128,2165,1358,679,1278,7,14,66,13,23,12,131,43
20260808,r3_d30_t1_w25,284,128,2173,1361,684,1283,10,10,68,12,24,11,131,43
20260808,r3_d30_t1_w25,285,127,2180,1366,687,1284,10,8,74,8,24,12,121,40
20260808,r3_d30_t1_w25,286,126,2189,1371,692,1287,10,10,74,6,25,14,121,40
20260808,r3_d30_t1_w25,287,128,2197,1374,695,1290,13,8,76,3,25,15,121,40
20260808,r3_d30_t1_w25,288,134,2206,1377,695,1299,13,6,72,9,25,15,121,40
20260808,r3_d30_t1_w25,289,134,2212,1377,701,1306,12,3,68,17,26,16,121,40
20260808,r3_d30_t1_w25,290,130,2220,1384,706,1308,11,7,69,13,24,16,126,43
20260808,r3_d30_t1_w25,291,128,2227,1389,710,1312,1,12,65,22,23,15,126,43
20260808,r3_d30_t1_w25,292,130,2237,1393,714,1318,2,9,66,23,24,16,126,43
20260808,r3_d30_t1_w25,293,132,2246,1397,717,1328,2,8,61,29,22,17,126,43
20260808,r3_d30_t1_w25,294,124,2251,1401,726,1339,1,8,54,37,17,17,126,43
20260808,r3_d30_t1_w25,295,122,2257,1409,726,1344,11,12,53,24,16,17,131,43
20260808,r3_d30_t1_w25,296,123,2262,1413,726,1346,4,12,55,29,14,17,131,43
20260808,r3_d30_t1_w25,297,123,2267,1418,726,1349,2,9,60,29,13,17,131,43
20260808,r3_d30_t1_w25,298,132,2277,1419,726,1355,8,6,58,28,16,18,131,43
20260808,r3_d30_t1_w25,299,138,2287,1423,726,1358,5,5,60,30,15,21,131,43
20260808,r3_d30_t1_w25,300,140,2294,1428,726,1363,6,9,56,29,18,21,131,43
20260808,r3_d30_t1_w25,301,146,2303,1431,726,1366,6,8,57,29,19,21,131,43
20260808,r3_d30_t1_w25,302,153,2311,1432,726,1368,7,4,60,29,20,21,131,43
20260808,r3_d30_t1_w25,303,151,2318,1440,727,1369,0,9,62,29,22,21,131,43
20260808,r3_d30_t1_w25,304,139,2324,1452,733,1371,1,20,61,18,22,20,131,43
20260808,r3_d30_t1_w25,305,140,2334,1455,739,1379,1,15,61,23,21,20,131,43
20260808,r3_d30_t1_w25,306,143,2344,1456,745,1389,3,4,63,30,21,19,131,43
20260808,r3_d30_t1_w25,307,133,2353,1469,751,1391,1,14,64,21,20,19,131,43
20260808,r3_d30_t1_w25,308,136,2363,1473,754,1396,8,17,60,15,21,16,131,43
20260808,r3_d30_t1_w25,309,134,2371,1477,760,1402,11,8,67,14,21,15,131,43
20260808,r3_d30_t1_w25,310,133,2381,1482,766,1407,4,9,66,21,23,14,131,43
20260808,r3_d30_t1_w25,311,133,2390,1486,771,1409,2,9,68,21,23,12,131,43
20260808,r3_d30_t1_w25,312,130,2396,1489,777,1410,11,7,72,10,23,12,131,43
20260808,r3_d30_t1_w25,313,124,2401,1492,785,1417,3,6,69,22,25,11,131,43
20260808,r3_d30_t1_w25,314,123,2406,1494,789,1423,0,5,66,29,24,11,131,43
20260808,r3_d30_t1_w25,315,115,2411,1502,794,1428,10,10,64,16,22,10,131,43
20260808,r3_d30_t1_w25,316,113,2419,1508,798,1432,6,14,62,18,21,12,131,43
20260808,r3_d30_t1_w25,317,111,2428,1514,803,1433,4,12,69,15,22,13,131,43
20260808,r3_d30_t1_w25,318,111,2438,1517,810,1441,15,9,67,9,22,13,131,43
20260808,r3_d30_t1_w25,319,114,2444,1517,813,1445,9,3,69,19,23,14,131,43
20260808,r3_d30_t1_w25,320,112,2449,1519,818,1452,8,2,65,25,21,14,131,43
20260808,r3_d30_t1_w25,321,111,2454,1521,822,1456,18,4,61,17,20,16,131,43
20260808,r3_d30_t1_w25,322,111,2461,1528,822,1459,13,9,60,18,19,16,131,43
20260808,r3_d30_t1_w25,323,111,2467,1532,824,1464,9,11,57,23,15,16,131,43
20260808,r3_d30_t1_w25,324,112,2477,1536,829,1470,19,8,58,15,13,18,131,43
20260808,r3_d30_t1_w25,325,115,2482,1538,829,1477,25,6,55,14,15,17,131,43
20260808,r3_d30_t1_w25,326,117,2487,1541,829,1481,15,5,55,25,13,17,131,43
20260808,r3_d30_t1_w25,327,121,2496,1546,829,1487,17,8,51,24,12,17,131,43
20260808,r3_d30_t1_w25,328,123,2501,1549,829,1491,16,8,50,26,13,17,131,43
20260808,r3_d30_t1_w25,329,126,2507,1552,829,1497,14,6,49,31,12,16,131,43
20260808,r3_d30_t1_w25,330,122,2517,1566,829,1502,7,17,47,29,20,15,131,43
20260808,r3_d30_t1_w25,331,126,2527,1572,829,1504,10,20,48,22,21,15,131,43
20260808,r3_d30_t1_w25,332,120,2534,1585,829,1507,9,19,59,13,20,15,131,43
20260808,r3_d30_t1_w25,333,120,2539,1590,829,1507,4,18,65,13,19,14,131,43
20260808,r3_d30_t1_w25,334,122,2547,1596,829,1509,4,11,76,9,18,14,131,43
20260808,r3_d30_t1_w25,335,129,2555,1597,829,1514,10,7,76,7,20,14,121,40
20260808,r3_d30_t1_w25,336,130,2565,1600,835,1521,10,4,75,11,23,14,121,40
20260808,r3_d30_t1_w25,337,131,2574,1604,839,1523,10,7,74,9,26,14,121,40
20260808,r3_d30_t1_w25,338,129,2580,1610,841,1527,9,10,73,8,27,13,121,40
20260808,r3_d30_t1_w25,339,133,2588,1612,843,1531,8,8,73,11,26,13,121,40
20260808,r3_d30_t1_w25,340,136,2596,1613,847,1533,8,3,77,12,25,12,131,43
20260808,r3_d30_t1_w25,341,137,2605,1615,853,1536,9,3,76,12,25,11,131,43
20260808,r3_d30_t1_w25,342,135,2610,1617,858,1541,9,4,72,15,29,10,131,43
20260808,r3_d30_t1_w25,343,129,2615,1620,866,1544,9,5,71,15,29,10,131,43
20260808,r3_d30_t1_w25,344,127,2624,1630,867,1551,7,13,66,14,29,11,131,43
20260808,r3_d30_t1_w25,345,131,2633,1635,867,1557,1,15,63,21,28,13,131,43
20260808,r3_d30_t1_w25,346,131,2639,1641,867,1564,1,11,66,22,27,14,131,43
20260808,r3_d30_t1_w25,347,137,2649,1642,870,1575,10,7,60,23,27,15,131,43
20260808,r3_d30_t1_w25,348,138,2659,1645,876,1578,10,4,63,23,26,17,131,43
20260808,r3_d30_t1_w25,349,134,2669,1656,879,1583,10,14,59,17,24,18,131,43
20260808,r3_d30_t1_w25,350,131,2676,1664,881,1586,10,19,59,12,24,16,131,43
20260808,r3_d30_t1_w25,351,126,2682,1672,884,1591,3,16,65,16,23,18,131,43
20260808,r3_d30_t1_w25,352,125,2689,1674,890,1598,4,10,66,20,21,18,131,43
20260808,r3_d30_t1_w25,353,128,2698,1676,894,1601,4,4,71,21,21,18,131,43
20260808,r3_d30_t1_w25,354,129,2707,1682,896,1605,3,8,69,20,17,18,131,43
20260808,r3_d30_t1_w25,355,135,2716,1685,896,1609,3,9,67,21,17,19,131,43
20260808,r3_d30_t1_w25,356,140,2723,1687,896,1612,3,5,70,22,19,19,131,43
20260808,r3_d30_t1_w25,357,145,2729,1688,896,1613,3,3,72,22,20,19,131,43
20260808,r3_d30_t1_w25,358,146,2735,1693,896,1622,11,6,65,18,15,20,131,43
20260808,r3_d30_t1_w25,359,155,2744,1693,896,1628,19,5,60,16,17,22,131,43
20260808,r3_d30_t1_w25,360,158,2750,1696,896,1631,5,3,62,30,21,22,126,43
20260808,r3_d30_t1_w25,361,161,2758,1701,896,1635,0,8,58,34,22,21,126,43
20260808,r3_d30_t1_w25,362,161,2767,1707,899,1636,0,11,60,29,23,21,126,43
20260808,r3_d30_t1_w25,363,156,2772,1717,899,1643,1,16,58,25,24,19,126,43
20260808,r3_d30_t1_w25,364,149,2779,1731,899,1647,1,24,60,15,24,16,126,43
20260808,r3_d30_t1_w25,365,147,2788,1742,899,1654,1,25,63,11,23,16,131,43
20260808,r3_d30_t1_w25,366,147,2795,1745,903,1661,2,14,70,14,25,16,131,43
20260808,r3_d30_t1_w25,367,148,2800,1749,903,1668,2,7,74,17,23,16,131,43
20260808,r3_d30_t1_w25,368,150,2810,1754,906,1671,1,9,74,16,26,16,131,43
20260808,r3_d30_t1_w25,369,150,2820,1757,913,1678,5,8,71,16,27,14,131,43
20260808,r3_d30_t1_w25,370,143,2825,1763,919,1680,0,9,74,17,27,12,131,43
20260808,r3_d30_t1_w25,371,142,2830,1768,920,1685,2,11,72,15,26,12,131,43
20260808,r3_d30_t1_w25,372,139,2836,1768,929,1687,2,5,76,17,27,12,131,43
20260808,r3_d30_t1_w25,373,135,2843,1773,935,1689,3,5,79,13,27,11,131,43
20260808,r3_d30_t1_w25,374,133,2853,1776,944,1698,10,8,70,12,28,11,131,43
20260808,r3_d30_t1_w25,375,131,2858,1778,949,1706,3,5,67,25,29,11,131,43
20260808,r3_d30_t1_w25,376,130,2867,1784,953,1709,3,8,67,22,26,12,131,43
20260808,r3_d30_t1_w25,377,130,2875,1786,959,1714,3,8,64,25,25,13,131,43
20260808,r3_d30_t1_w25,378,131,2885,1788,966,1719,1,4,65,30,26,14,131,43
20260808,r3_d30_t1_w25,379,121,2894,1800,973,1722,4,14,64,18,28,13,131,43
20260808,r3_d30_t1_w25,380,117,2903,1807,979,1727,4,19,61,16,26,14,115,42
20260808,r3_d30_t1_w25,381,113,2909,1814,982,1727,4,14,73,9,25,14,115,42
20260808,r3_d30_t1_w25,382,111,2916,1819,986,1737,4,12,70,14,27,14,115,42
20260808,r3_d30_t1_w25,383,113,2924,1820,991,1743,0,6,71,23,26,15,115,42
20260808,r3_d30_t1_w25,384,106,2932,1833,993,1751,0,14,68,18,15,16,115,42
20260808,r3_d30_t1_w25,385,113,2941,1835,993,1756,5,15,64,16,18,16,131,43
20260808,r3_d30_t1_w25,386,120,2949,1836,993,1762,10,3,71,16,21,16,131,43
20260808,r3_d30_t1_w25,387,119,2954,1842,993,1769,3,7,66,24,18,16,131,43
20260808,r3_d30_t1_w25,388,123,2961,1845,993,1774,4,9,62,25,17,17,131,43
20260808,r3_d30_t1_w25,389,126,2966,1847,993,1775,6,5,67,22,16,17,131,43
20260808,r3_d30_t1_w25,390,129,2975,1853,993,1777,3,8,68,21,22,16,121,40
20260808,r3_d30_t1_w25,391,135,2984,1856,993,1782,1,9,65,25,24,16,121,40
20260808,r3_d30_t1_w25,392,136,2990,1861,993,1786,1,8,67,24,26,16,121,40
20260808,r3_d30_t1_w25,393,136,2996,1866,994,1792,1,10,64,25,25,16,121,40
20260808,r3_d30_t1_w25,394,142,3004,1868,994,1796,1,7,65,27,26,16,121,40
20260808,r3_d30_t1_w25,395,139,3011,1878,994,1806,1,12,60,27,26,16,131,43
20260808,r3_d30_t1_w25,396,140,3017,1883,994,1812,1,15,56,28,29,16,131,43
20260808,r3_d30_t1_w25,397,135,3027,1898,994,1815,2,20,63,15,28,16,131,43
20260808,r3_d30_t1_w25,398,132,3034,1907,995,1817,3,24,66,7,25,15,131,43
20260808,r3_d30_t1_w25,399,137,3041,1908,996,1821,3,10,77,10,25,15,131,43
20260808,r3_d30_t1_w25,400,136,3046,1910,1000,1829,5,3,78,14,25,14,131,43
20260808,r3_d30_t1_w25,401,133,3055,1915,1007,1832,5,7,76,12,25,13,131,43
20260808,r3_d30_t1_w25,402,130,3062,1917,1015,1837,4,7,73,16,26,11,131,43
20260808,r3_d30_t1_w25,403,125,3067,1920,1022,1841,0,5,74,21,25,11,131,43
20260808,r3_d30_t1_w25,404,122,3073,1924,1027,1845,0,7,72,21,25,10,131,43
20260808,r3_d30_t1_w25,405,123,3081,1925,1033,1846,0,5,74,21,26,10,131,43
20260808,r3_d30_t1_w25,406,123,3089,1930,1036,1851,0,6,73,21,26,11,131,43
20260808,r3_d30_t1_w25,407,126,3099,1932,1041,1854,0,7,71,22,27,11,131,43
20260808,r3_d30_t1_w25,408,120,3106,1938,1048,1857,2,8,73,17,24,12,131,43
20260808,r3_d30_t1_w25,409,114,3111,1942,1055,1864,8,10,68,14,21,13,131,43
20260808,r3_d30_t1_w25,410,113,3117,1944,1060,1866,10,6,72,12,22,13,131,43
20260808,r3_d30_t1_w25,411,116,3125,1947,1062,1872,11,5,70,14,23,14,131,43
20260808,r3_d30_t1_w25,412,121,3135,1949,1065,1880,13,5,64,18,23,16,131,43
20260808,r3_d30_t1_w25,413,123,3145,1957,1065,1885,4,10,62,24,19,16,131,43
20260808,r3_d30_t1_w25,414,122,3150,1959,1069,1891,1,10,58,31,13,17,131,43
20260808,r3_d30_t1_w25,415,125,3158,1964,1069,1897,2,7,60,31,13,18,131,43
20260808,r3_d30_t1_w25,416,128,3163,1966,1069,1904,13,7,55,25,12,18,131,43
20260808,r3_d30_t1_w25,417,136,3173,1968,1069,1911,18,4,53,25,12,19,131,43
20260808,r3_d30_t1_w25,418,144,3183,1970,1069,1917,13,4,49,34,12,21,131,43
20260808,r3_d30_t1_w25,419,152,3193,1972,1069,1920,16,4,48,32,11,25,131,43
20260808,r3_d30_t1_w25,420,156,3199,1974,1069,1922,11,4,48,37,16,24,131,43
20260808,r3_d30_t1_w25,421,151,3209,1989,1069,1924,4,17,48,31,19,23,131,43
20260808,r3_d30_t1_w25,422,142,3214,2003,1069,1927,5,29,47,19,19,20,131,43
20260808,r3_d30_t1_w25,423,141,3222,2012,1069,1932,6,23,57,14,18,20,131,43
20260808,r3_d30_t1_w25,424,146,3229,2014,1069,1935,7,11,68,14,22,20,131,43
20260808,r3_d30_t1_w25,425,150,3239,2016,1073,1941,6,4,71,19,24,20,131,43
20260808,r3_d30_t1_w25,426,150,3249,2026,1073,1947,4,12,67,17,25,20,131,43
20260808,r3_d30_t1_w25,427,149,3255,2033,1073,1951,2,17,65,16,24,20,131,43
20260808,r3_d30_t1_w25,428,155,3265,2035,1075,1952,6,9,74,11,23,19,131,43
20260808,r3_d30_t1_w25,429,157,3273,2037,1079,1957,12,4,76,8,22,19,131,43
20260808,r3_d30_t1_w25,430,157,3282,2039,1086,1961,11,4,74,11,22,19,131,43
20260808,r3_d30_t1_w25,431,156,3287,2042,1089,1965,5,5,72,18,22,18,131,43
20260808,r3_d30_t1_w25,432,148,3293,2048,1097,1967,4,9,72,15,21,17,131,43
20260808,r3_d30_t1_w25,433,145,3299,2053,1101,1968,1,11,74,14,22,15,131,43
20260808,r3_d30_t1_w25,434,145,3305,2056,1104,1969,0,8,79,13,22,13,131,43
20260808,r3_d30_t1_w25,435,150,3315,2057,1108,1974,2,4,79,15,21,14,131,43
20260808,r3_d30_t1_w25,436,152,3324,2059,1113,1984,4,3,72,21,23,14,131,43
20260808,r3_d30_t1_w25,437,142,3334,2071,1121,1993,7,14,64,15,22,15,131,43
20260808,r3_d30_t1_w25,438,136,3340,2076,1128,2000,6,17,59,18,23,15,131,43
20260808,r3_d30_t1_w25,439,132,3345,2082,1131,2006,4,11,65,20,22,15,131,43
20260808,r3_d30_t1_w25,440,128,3352,2089,1135,2013,7,13,63,17,20,16,131,43
20260808,r3_d30_t1_w25,441,125,3357,2094,1138,2021,10,12,61,17,21,15,131,43
20260808,r3_d30_t1_w25,442,123,3367,2101,1143,2027,11,12,62,15,21,17,131,43
20260808,r3_d30_t1_w25,443,123,3377,2108,1146,2030,14,14,64,8,21,20,131,43
20260808,r3_d30_t1_w25,444,120,3384,2109,1155,2034,17,8,67,8,16,22,131,43
20260808,r3_d30_t1_w25,445,125,3390,2110,1155,2037,12,2,71,15,17,22,121,40
20260808,r3_d30_t1_w25,446,129,3399,2115,1155,2040,7,6,69,18,16,23,121,40
20260808,r3_d30_t1_w25,447,132,3404,2117,1155,2045,7,7,65,21,14,24,121,40
20260808,r3_d30_t1_w25,448,138,3412,2119,1155,2049,9,4,66,21,14,26,121,40
20260808,r3_d30_t1_w25,449,140,3422,2127,1155,2053,11,10,64,15,15,23,121,40
20260808,r3_d30_t1_w25,450,139,3430,2136,1155,2061,6,17,58,19,19,22,131,43
20260808,r3_d30_t1_w25,451,146,3440,2138,1156,2067,0,11,60,29,26,22,131,43
20260808,r3_d30_t1_w25,452,141,3447,2150,1156,2074,0,14,62,24,23,20,131,43
20260808,r3_d30_t1_w25,453,140,3457,2161,1156,2078,0,23,60,17,23,20,131,43
20260808,r3_d30_t1_w25,454,140,3463,2167,1156,2080,0,17,70,13,26,20,131,43
20260808,r3_d30_t1_w25,455,149,3473,2168,1156,2087,0,7,74,19,29,20,131,43
20260808,r3_d30_t1_w25,456,150,3480,2172,1158,2092,0,5,75,20,27,20,131,43
20260808,r3_d30_t1_w25,457,148,3487,2181,1158,2099,0,13,69,18,26,20,131,43
20260808,r3_d30_t1_w25,458,151,3497,2185,1161,2101,1,13,71,15,28,20,131,43
20260808,r3_d30_t1_w25,459,149,3506,2193,1164,2105,5,12,76,7,29,19,131,43
20260808,r3_d30_t1_w25,460,147,3515,2194,1174,2109,0,9,76,15,32,18,131,43
20260808,r3_d30_t1_w25,461,142,3520,2198,1180,2112,0,5,81,14,29,17,131,43
20260808,r3_d30_t1_w25,462,140,3530,2200,1190,2118,6,6,76,12,27,14,131,43
20260808,r3_d30_t1_w25,463,144,3540,2203,1193,2123,5,5,75,15,31,13,131,43
20260808,r3_d30_t1_w25,464,142,3547,2210,1195,2128,5,10,72,13,30,13,131,43
20260808,r3_d30_t1_w25,465,137,3553,2216,1200,2133,4,13,70,13,28,13,131,43
20260808,r3_d30_t1_w25,466,139,3562,2221,1202,2141,6,11,69,14,27,14,131,43
20260808,r3_d30_t1_w25,467,136,3567,2223,1208,2142,10,7,74,9,28,14,131,43
20260808,r3_d30_t1_w25,468,131,3573,2229,1213,2150,4,8,71,17,29,14,131,43
20260808,r3_d30_t1_w25,469,132,3581,2231,1218,2159,4,8,64,24,28,15,131,43
20260808,r3_d30_t1_w25,470,131,3590,2238,1221,2162,5,9,67,19,27,14,131,43
20260808,r3_d30_t1_w25,471,128,3599,2243,1228,2169,5,12,62,21,28,16,131,43
20260808,r3_d30_t1_w25,472,130,3608,2247,1231,2172,3,9,66,22,28,17,131,43
20260808,r3_d30_t1_w25,473,130,3617,2256,1231,2176,0,13,67,20,23,19,131,43
20260808,r3_d30_t1_w25,474,129,3627,2267,1231,2182,0,20,65,15,18,20,131,43
20260808,r3_d30_t1_w25,475,138,3637,2268,1231,2188,7,12,68,13,18,22,131,43
20260808,r3_d30_t1_w25,476,144,3644,2269,1231,2195,1,2,72,25,20,22,131,43
20260808,r3_d30_t1_w25,477,146,3652,2274,1232,2199,0,6,69,25,17,25,131,43
20260808,r3_d30_t1_w25,478,149,3660,2279,1232,2204,10,10,65,15,16,25,131,43
20260808,r3_d30_t1_w25,479,152,3665,2281,1232,2207,12,7,67,14,16,25,131,43
20260808,r3_d30_t1_w25,480,158,3673,2283,1232,2207,4,4,72,20,24,24,131,43
20260808,r3_d30_t1_w25,481,163,3683,2288,1232,2211,0,7,70,23,26,24,131,43
20260808,r3_d30_t1_w25,482,160,3689,2297,1232,2214,0,14,69,17,23,24,131,43
20260808,r3_d30_t1_w25,483,163,3699,2302,1234,2219,0,14,69,17,25,22,131,43
20260808,r3_d30_t1_w25,484,163,3708,2305,1240,2223,0,8,74,18,26,21,131,43
20260808,r3_d30_t1_w25,485,159,3713,2311,1243,2228,0,9,74,17,25,20,131,43
20260808,r3_d30_t1_w25,486,161,3722,2316,1245,2233,0,11,72,17,25,19,131,43
20260808,r3_d30_t1_w25,487,154,3728,2323,1251,2238,0,12,73,15,24,18,131,43
20260808,r3_d30_t1_w25,488,154,3737,2330,1253,2244,0,14,72,14,25,17,131,43
20260808,r3_d30_t1_w25,489,155,3747,2336,1256,2252,0,13,71,16,26,16,131,43
20260808,r3_d30_t1_w25,490,156,3757,2343,1258,2255,0,13,75,12,26,16,126,43
20260808,r3_d30_t1_w25,491,150,3764,2348,1266,2262,0,12,74,14,24,15,126,43
20260808,r3_d30_t1_w25,492,153,3773,2350,1270,2267,0,7,76,17,25,15,126,43
20260808,r3_d30_t1_w25,493,151,3779,2358,1270,2273,2,10,75,13,23,15,126,43
20260808,r3_d30_t1_w25,494,146,3785,2363,1276,2279,3,13,71,13,22,15,126,43
20260808,r3_d30_t1_w25,495,143,3793,2368,1282,2282,3,10,76,11,21,14,131,43
20260808,r3_d30_t1_w25,496,143,3802,2371,1288,2290,6,8,73,13,22,15,131,43
20260808,r3_d30_t1_w25,497,141,3811,2375,1295,2297,8,7,71,14,22,16,131,43
20260808,r3_d30_t1_w25,498,139,3820,2380,1301,2297,11,9,74,6,22,16,131,43
20260808,r3_d30_t1_w25,499,133,3825,2382,1310,2303,14,7,72,7,23,16,131,43
20260808,r3_d30_t1_w25,500,130,3832,2383,1319,2307,13,3,73,11,24,17,131,43
20260808,r3_d30_t1_w25,501,129,3840,2388,1323,2312,8,6,70,16,21,19,131,43
20260808,r3_d30_t1_w25,502,128,3849,2392,1329,2313,6,9,70,15,19,18,131,43
20260808,r3_d30_t1_w25,503,131,3859,2392,1336,2319,15,4,69,12,17,19,131,43
20260808,r3_d30_t1_w25,504,134,3867,2394,1339,2324,14,2,68,16,14,21,131,43
20260808,r3_d30_t1_w25,505,141,3876,2396,1339,2332,7,4,60,29,13,22,131,43
20260808,r3_d30_t1_w25,506,150,3886,2397,1339,2336,8,3,58,31,15,24,131,43
20260808,r3_d30_t1_w25,507,150,3892,2403,1339,2342,11,7,54,28,13,25,131,43
20260808,r3_d30_t1_w25,508,153,3901,2409,1339,2348,9,12,49,30,13,24,131,43
20260808,r3_d30_t1_w25,509,160,3911,2412,1339,2354,8,9,49,34,12,27,131,43
20260808,r3_d30_t1_w25,510,158,3918,2421,1339,2362,10,12,47,31,15,27,131,43
20260808,r3_d30_t1_w25,511,149,3924,2436,1339,2366,4,24,46,26,17,27,131,43
20260808,r3_d30_t1_w25,512,150,3931,2442,1339,2374,7,21,47,25,16,27,131,43
20260808,r3_d30_t1_w25,513,145,3936,2452,1339,2377,12,16,59,13,18,27,131,43
20260808,r3_d30_t1_w25,514,143,3942,2460,1339,2378,4,18,64,14,19,27,131,43
20260808,r3_d30_t1_w25,515,144,3948,2465,1339,2380,3,13,72,12,21,27,131,43
20260808,r3_d30_t1_w25,516,152,3957,2466,1339,2381,2,6,79,13,26,27,131,43
20260808,r3_d30_t1_w25,517,154,3966,2468,1344,2386,2,3,79,16,27,27,131,43
20260808,r3_d30_t1_w25,518,155,3975,2470,1350,2390,2,4,76,18,27,27,131,43
20260808,r3_d30_t1_w25,519,153,3982,2473,1356,2392,0,5,76,19,28,24,131,43
20260808,r3_d30_t1_w25,520,154,3992,2475,1363,2393,0,5,77,18,30,23,101,38
20260808,r3_d30_t1_w25,521,147,3999,2481,1371,2397,0,8,76,16,29,23,101,38
20260808,r3_d30_t1_w25,522,146,4009,2485,1378,2402,0,10,73,17,26,20,101,38
20260808,r3_d30_t1_w25,523,144,4016,2486,1386,2408,0,5,73,22,28,18,101,38
20260808,r3_d30_t1_w25,524,141,4022,2492,1389,2417,10,7,68,15,23,18,101,38
20260808,r3_d30_t1_w25,525,140,4027,2494,1393,2423,16,8,63,13,24,17,126,43
20260808,r3_d30_t1_w25,526,138,4037,2499,1400,2430,19,7,62,12,26,15,126,43
20260808,r3_d30_t1_w25,527,136,4045,2507,1402,2433,19,13,61,7,29,14,126,43
20260808,r3_d30_t1_w25,528,131,4051,2511,1409,2440,18,12,59,11,29,12,126,43
20260808,r3_d30_t1_w25,529,129,4057,2513,1415,2450,19,6,57,18,29,12,126,43
20260808,r3_d30_t1_w25,530,122,4063,2518,1423,2457,19,7,54,20,26,12,131,43
20260808,r3_d30_t1_w25,531,121,4072,2521,1430,2463,19,8,50,23,25,13,131,43
20260808,r3_d30_t1_w25,532,117,4078,2526,1435,2467,18,8,51,23,22,13,131,43
20260808,r3_d30_t1_w25,533,109,4083,2534,1440,2470,8,13,51,28,20,14,131,43
20260808,r3_d30_t1_w25,534,103,4092,2544,1445,2471,1,18,55,26,16,14,131,43
20260808,r3_d30_t1_w25,535,112,4102,2545,1445,2474,4,11,60,25,20,14,131,43
20260808,r3_d30_t1_w25,536,120,4112,2547,1445,2480,5,3,64,28,20,15,131,43
20260808,r3_d30_t1_w25,537,128,4122,2549,1445,2484,11,4,61,24,20,17,131,43
20260808,r3_d30_t1_w25,538,136,4131,2550,1445,2490,6,3,57,34,19,18,131,43
20260808,r3_d30_t1_w25,539,140,4138,2553,1445,2491,5,4,58,33,17,19,131,43
20260808,r3_d30_t1_w25,540,146,4145,2554,1445,2495,11,4,55,30,21,19,131,43
20260808,r3_d30_t1_w25,541,155,4154,2554,1445,2499,6,1,54,39,25,19,131,43
20260808,r3_d30_t1_w25,542,150,4159,2564,1445,2505,4,10,49,37,25,19,131,43
20260808,r3_d30_t1_w25,543,146,4167,2575,1446,2507,4,21,47,28,23,19,131,43
20260808,r3_d30_t1_w25,544,143,4177,2588,1446,2511,3,24,53,20,23,19,131,43
20260808,r3_d30_t1_w25,545,140,4185,2599,1446,2515,4,24,60,12,25,17,131,43
20260808,r3_d30_t1_w25,546,139,4192,2607,1446,2518,4,19,70,7,26,17,131,43
20260808,r3_d30_t1_w25,547,143,4201,2612,1446,2523,4,13,76,7,26,16,131,43
20260808,r3_d30_t1_w25,548,146,4209,2614,1449,2528,2,7,79,12,26,16,131,43
20260808,r3_d30_t1_w25,549,147,4216,2617,1452,2533,0,5,79,16,28,15,131,43
20260808,r3_d30_t1_w25,550,146,4223,2623,1454,2537,0,9,77,14,26,13,126,43
20260808,r3_d30_t1_w25,551,145,4231,2627,1459,2540,0,10,77,13,25,13,126,43
20260808,r3_d30_t1_w25,552,148,4240,2632,1460,2545,0,9,78,13,27,13,126,43
20260808,r3_d30_t1_w25,553,149,4249,2637,1463,2549,0,10,78,12,27,12,126,43
20260808,r3_d30_t1_w25,554,149,4255,2640,1466,2553,0,8,79,13,26,12,126,43
20260808,r3_d30_t1_w25,555,150,4265,2644,1471,2559,2,7,78,13,26,12,131,43
20260808,r3_d30_t1_w25,556,142,4270,2648,1480,2560,0,8,80,12,25,11,131,43
20260808,r3_d30_t1_w25,557,143,4279,2652,1484,2565,1,8,79,12,26,12,131,43
20260808,r3_d30_t1_w25,558,146,4286,2652,1488,2570,0,4,78,18,27,13,131,43
20260808,r3_d30_t1_w25,559,141,4291,2656,1494,2577,1,4,75,20,24,14,131,43
20260808,r3_d30_t1_w25,560,138,4300,2662,1500,2583,6,10,69,15,20,15,131,43
20260808,r3_d30_t1_w25,561,132,4305,2665,1508,2587,6,9,69,16,22,16,131,43
20260808,r3_d30_t1_w25,562,129,4313,2669,1515,2599,6,7,63,24,21,16,131,43
20260808,r3_d30_t1_w25,563,123,4322,2678,1521,2608,8,13,57,22,16,16,131,43
20260808,r3_d30_t1_w25,564,119,4331,2686,1526,2610,8,17,59,16,14,16,131,43
20260808,r3_d30_t1_w25,565,123,4338,2689,1526,2616,5,11,62,22,12,17,131,43
20260808,r3_d30_t1_w25,566,125,4343,2692,1526,2619,7,6,67,20,11,17,131,43
20260808,r3_d30_t1_w25,567,129,4349,2694,1526,2622,9,5,67,19,13,18,131,43
20260808,r3_d30_t1_w25,568,133,4355,2696,1526,2627,14,4,65,17,13,18,131,43
20260808,r3_d30_t1_w25,569,132,4360,2702,1526,2629,13,8,65,14,10,19,131,43
20260808,r3_d30_t1_w25,570,138,4370,2706,1526,2637,11,10,59,20,19,19,121,43
20260808,r3_d30_t1_w25,571,145,4377,2706,1526,2639,15,4,63,18,21,19,121,43
20260808,r3_d30_t1_w25,572,141,4384,2717,1526,2645,15,11,61,13,18,19,121,43
20260808,r3_d30_t1_w25,573,143,4393,2724,1526,2647,0,18,59,23,25,19,121,43
20260808,r3_d30_t1_w25,574,145,4403,2729,1529,2651,0,12,66,22,25,18,121,43
20260808,r3_d30_t1_w25,575,144,4409,2729,1536,2657,0,5,67,28,27,17,131,43
20260808,r3_d30_t1_w25,576,145,4418,2730,1543,2662,0,1,67,32,26,17,131,43
20260808,r3_d30_t1_w25,577,140,4426,2736,1550,2667,9,7,62,22,21,15,131,43
20260808,r3_d30_t1_w25,578,137,4436,2741,1558,2672,14,11,58,17,21,15,131,43
20260808,r3_d30_t1_w25,579,137,4445,2744,1564,2675,22,8,61,9,22,14,131,43
20260808,r3_d30_t1_w25,580,134,4450,2748,1568,2678,22,7,63,8,24,14,131,43
20260808,r3_d30_t1_w25,581,131,4455,2755,1569,2685,23,11,59,7,23,14,131,43
20260808,r3_d30_t1_w25,582,134,4464,2757,1573,2691,27,9,57,7,26,14,131,43
20260808,r3_d30_t1_w25,583,132,4470,2761,1577,2694,17,6,61,16,26,13,131,43
20260808,r3_d30_t1_w25,584,129,4475,2764,1582,2696,13,7,61,19,25,13,131,43
20260808,r3_d30_t1_w25,585,129,4484,2767,1588,2699,11,6,62,21,25,14,131,43
20260808,r3_d30_t1_w25,586,129,4489,2769,1591,2707,10,5,57,28,24,14,131,43
20260808,r3_d30_t1_w25,587,117,4494,2779,1598,2711,13,12,56,19,23,14,131,43
20260808,r3_d30_t1_w25,588,109,4501,2787,1605,2712,12,18,57,13,19,15,131,43
20260808,r3_d30_t1_w25,589,108,4510,2790,1612,2716,13,11,63,13,22,15,131,43
20260808,r3_d30_t1_w25,590,107,4517,2792,1618,2722,12,5,65,18,23,15,131,43
20260808,r3_d30_t1_w25,591,108,4524,2798,1618,2729,12,8,61,19,21,15,131,43
20260808,r3_d30_t1_w25,592,105,4531,2808,1618,2731,12,16,61,11,17,15,131,43
20260808,r3_d30_t1_w25,593,107,4539,2814,1618,2735,14,16,63,7,14,15,131,43
20260808,r3_d30_t1_w25,594,113,4549,2816,1620,2738,13,8,70,9,14,18,131,43
20260808,r3_d30_t1_w25,595,115,4554,2819,1620,2743,8,5,71,16,12,20,131,43
20260808,r3_d30_t1_w25,596,116,4561,2825,1620,2750,10,9,66,15,12,18,131,43
20260808,r3_d30_t1_w25,597,124,4570,2826,1620,2755,14,7,64,15,16,18,131,43
20260808,r3_d30_t1_w25,598,129,4580,2831,1620,2761,3,6,64,27,16,19,131,43
20260808,r3_d30_t1_w25,599,131,4586,2835,1620,2762,0,9,64,27,15,20,131,43
20260808,r3_d30_t1_w25,600,137,4593,2836,1620,2764,3,5,67,25,19,20,121,40
20260808,r6_d30_t1_w25,1,5,7,2,0,0,93,2,0,5,5,1,131,43
20260808,r6_d30_t1_w25,2,13,17,4,0,0,72,4,0,24,6,4,131,43
20260808,r6_d30_t1_w25,3,14,23,9,0,0,71,7,2,20,8,4,131,43
20260808,r6_d30_t1_w25,4,2,29,27,0,0,62,23,4,11,2,1,131,43
20260808,r6_d30_t1_w25,5,7,35,28,0,0,51,19,9,21,6,2,131,43
20260808,r6_d30_t1_w25,6,17,45,28,0,0,39,1,27,33,10,3,131,43
20260808,r6_d30_t1_w25,7,25,55,30,0,0,29,2,28,41,10,6,131,43
20260808,r6_d30_t1_w25,8,24,65,41,0,0,29,13,28,30,9,5,131,43
20260808,r6_d30_t1_w25,9,25,75,50,0,0,29,20,30,21,9,5,131,43
20260808,r6_d30_t1_w25,10,28,80,52,0,0,30,11,41,18,9,5,131,43
20260808,r6_d30_t1_w25,11,36,89,53,0,0,27,3,50,20,12,6,131,43
20260808,r6_d30_t1_w25,12,41,95,54,0,0,14,2,52,32,13,8,131,43
20260808,r6_d30_t1_w25,13,45,101,56,0,1,14,3,52,31,12,9,131,43
20260808,r6_d30_t1_w25,14,49,106,57,0,3,15,3,51,31,12,10,131,43
20260808,r6_d30_t1_w25,15,57,115,58,0,4,11,2,52,35,13,10,131,43
20260808,r6_d30_t1_w25,16,64,124,60,0,8,30,3,49,18,13,11,131,43
20260808,r6_d30_t1_w25,17,70,130,60,0,10,38,2,48,12,15,12,131,43
20260808,r6_d30_t1_w25,18,77,140,63,0,13,36,3,47,14,15,15,131,43
20260808,r6_d30_t1_w25,19,80,147,67,0,20,33,7,40,20,16,15,131,43
20260808,r6_d30_t1_w25,20,83,154,71,0,24,23,8,39,30,15,15,121,40
20260808,r6_d30_t1_w25,21,87,163,76,0,28,12,9,39,40,15,16,121,40
20260808,r6_d30_t1_w25,22,93,172,79,0,33,12,8,38,42,13,18,121,40
20260808,r6_d30_t1_w25,23,94,177,83,0,37,16,7,39,38,13,17,121,40
20260808,r6_d30_t1_w25,24,98,185,87,0,38,17,8,41,34,12,17,121,40
20260808,r6_d30_t1_w25,25,105,193,88,0,42,7,5,41,47,11,19,126,43
20260808,r6_d30_t1_w25,26,104,203,99,0,45,3,12,42,43,11,18,126,43
20260808,r6_d30_t1_w25,27,97,208,111,0,47,23,23,41,13,11,16,126,43
20260808,r6_d30_t1_w25,28,102,215,113,0,49,31,14,50,5,9,17,126,43
20260808,r6_d30_t1_w25,29,107,220,113,0,58,40,2,53,5,11,17,126,43
20260808,r6_d30_t1_w25,30,115,230,115,0,59,26,2,54,18,15,17,131,43
20260808,r6_d30_t1_w25,31,121,240,119,0,61,20,6,52,22,20,17,131,43
20260808,r6_d30_t1_w25,32,120,246,126,0,63,23,11,52,14,22,17,131,43
20260808,r6_d30_t1_w25,33,120,255,135,0,66,21,16,53,10,23,17,131,43
20260808,r6_d30_t1_w25,34,122,263,141,0,70,21,15,56,8,24,17,131,43
20260808,r6_d30_t1_w25,35,128,271,143,0,71,21,8,64,7,23,17,131,43
20260808,r6_d30_t1_w25,36,132,277,145,0,72,21,4,69,6,21,17,131,43
20260808,r6_d30_t1_w25,37,138,286,148,0,75,23,5,68,4,20,17,131,43
20260808,r6_d30_t1_w25,38,146,295,148,1,81,26,3,64,7,21,17,131,43
20260808,r6_d30_t1_w25,39,150,302,149,3,86,29,1,62,8,23,17,131,43
20260808,r6_d30_t1_w25,40,147,310,155,8,90,21,7,58,14,22,16,131,43
20260808,r6_d30_t1_w25,41,148,319,157,14,94,20,8,55,17,22,16,131,43
20260808,r6_d30_t1_w25,42,150,326,158,18,99,19,3,56,22,24,16,131,43
20260808,r6_d30_t1_w25,43,150,336,162,24,102,4,5,55,36,27,17,131,43
20260808,r6_d30_t1_w25,44,147,342,169,26,105,4,11,53,32,28,17,131,43
20260808,r6_d30_t1_w25,45,150,351,174,27,111,6,12,51,31,30,17,131,43
20260808,r6_d30_t1_w25,46,149,360,180,31,119,0,11,50,39,25,17,131,43
20260808,r6_d30_t1_w25,47,145,370,185,40,126,1,11,48,40,23,18,131,43
20260808,r6_d30_t1_w25,48,140,380,196,44,132,10,16,48,26,22,16,131,43
20260808,r6_d30_t1_w25,49,132,388,207,49,135,7,22,50,21,23,16,131,43
20260808,r6_d30_t1_w25,50,125,394,213,56,137,0,17,59,24,24,17,126,43
20260808,r6_d30_t1_w25,51,123,404,217,64,142,1,10,65,24,26,17,126,43
20260808,r6_d30_t1_w25,52,122,411,221,68,145,2,8,68,22,24,18,126,43
20260808,r6_d30_t1_w25,53,117,419,227,75,147,1,10,70,19,17,18,126,43
20260808,r6_d30_t1_w25,54,120,426,228,78,147,1,7,74,18,13,18,126,43
20260808,r6_d30_t1_w25,55,127,433,228,78,147,2,1,80,17,13,20,131,43
20260808,r6_d30_t1_w25,56,135,443,230,78,151,4,2,77,17,11,20,131,43
20260808,r6_d30_t1_w25,57,142,451,231,78,152,4,3,76,17,12,21,131,43
20260808,r6_d30_t1_w25,58,142,460,240,78,159,8,10,71,11,12,21,131,43
20260808,r6_d30_t1_w25,59,138,466,250,78,166,11,19,65,5,13,20,131,43
20260808,r6_d30_t1_w25,60,144,475,253,78,174,5,13,66,16,17,19,131,43
20260808,r6_d30_t1_w25,61,147,484,259,78,184,5,9,66,20,19,19,131,43
20260808,r6_d30_t1_w25,62,148,491,265,78,186,8,12,67,13,18,18,131,43
20260808,r6_d30_t1_w25,63,150,498,270,78,192,12,11,67,10,17,17,131,43
20260808,r6_d30_t1_w25,64,152,505,275,78,202,11,10,63,16,20,16,131,43
20260808,r6_d30_t1_w25,65,155,514,281,78,210,7,11,60,22,20,16,131,43
20260808,r6_d30_t1_w25,66,155,524,291,78,210,6,16,65,13,21,15,131,43
20260808,r6_d30_t1_w25,67,156,532,298,78,213,5,17,68,10,20,15,131,43
20260808,r6_d30_t1_w25,68,156,538,300,82,216,5,9,75,11,18,15,131,43
20260808,r6_d30_t1_w25,69,156,543,305,82,219,4,7,79,10,19,14,131,43
20260808,r6_d30_t1_w25,70,159,550,307,84,221,4,7,79,10,19,13,131,43
20260808,r6_d30_t1_w25,71,150,556,314,92,225,3,9,80,8,20,12,131,43
20260808,r6_d30_t1_w25,72,150,566,316,100,230,4,9,77,10,21,11,131,43
20260808,r6_d30_t1_w25,73,147,575,319,109,238,2,5,76,17,22,11,131,43
20260808,r6_d30_t1_w25,74,148,584,323,113,242,3,7,74,16,21,11,131,43
20260808,r6_d30_t1_w25,75,143,589,330,116,248,8,11,71,10,20,12,131,43
20260808,r6_d30_t1_w25,76,146,598,332,120,252,10,9,71,10,22,14,131,43
20260808,r6_d30_t1_w25,77,142,603,339,122,256,9,9,74,8,23,14,131,43
20260808,r6_d30_t1_w25,78,142,613,343,128,261,5,11,71,13,24,16,131,43
20260808,r6_d30_t1_w25,79,136,618,347,135,269,7,8,70,15,24,15,131,43
20260808,r6_d30_t1_w25,80,136,627,350,141,275,1,7,68,24,23,18,131,43
20260808,r6_d30_t1_w25,81,131,636,356,149,281,0,9,66,25,23,19,131,43
20260808,r6_d30_t1_w25,82,123,642,368,151,287,8,18,63,11,21,17,131,43
20260808,r6_d30_t1_w25,83,116,649,376,157,293,8,20,63,9,18,18,131,43
20260808,r6_d30_t1_w25,84,119,658,378,161,298,9,10,70,11,16,18,131,43
20260808,r6_d30_t1_w25,85,122,664,381,161,303,8,5,73,14,17,17,131,43
20260808,r6_d30_t1_w25,86,121,670,388,161,308,0,10,70,20,16,18,131,43
20260808,r6_d30_t1_w25,87,121,675,393,161,312,0,12,69,19,15,18,131,43
20260808,r6_d30_t1_w25,88,125,681,395,161,316,5,7,72,16,16,18,131,43
20260808,r6_d30_t1_w25,89,123,686,402,161,324,0,9,69,22,15,18,131,43
20260808,r6_d30_t1_w25,90,128,694,405,161,327,1,10,68,21,20,17,131,43
20260808,r6_d30_t1_w25,91,132,703,410,161,331,2,8,71,19,22,17,131,43
20260808,r6_d30_t1_w25,92,129,710,420,161,335,1,15,70,14,22,17,131,43
20260808,r6_d30_t1_w25,93,129,720,430,161,340,0,20,70,10,23,17,131,43
20260808,r6_d30_t1_w25,94,135,729,433,161,344,0,13,76,11,27,17,131,43
20260808,r6_d30_t1_w25,95,138,736,436,162,351,4,6,79,11,25,17,131,43
20260808,r6_d30_t1_w25,96,139,745,440,166,355,4,7,78,11,24,16,131,43
20260808,r6_d30_t1_w25,97,133,752,446,173,359,1,10,77,12,22,15,131,43
20260808,r6_d30_t1_w25,98,132,759,449,178,367,3,9,73,15,23,13,131,43
20260808,r6_d30_t1_w25,99,128,767,452,187,372,10,6,74,10,24,12,131,43
20260808,r6_d30_t1_w25,100,124,772,459,189,377,11,10,72,7,23,12,121,40
20260808,r6_d30_t1_w25,101,120,777,462,195,380,11,10,72,7,22,12,121,40
20260808,r6_d30_t1_w25,102,125,786,465,196,385,12,6,74,8,24,12,121,40
20260808,r6_d30_t1_w25,103,123,794,469,202,394,2,7,68,23,26,11,121,40
20260808,r6_d30_t1_w25,104,121,799,473,205,402,0,8,63,29,24,13,121,40
20260808,r6_d30_t1_w25,105,118,808,479,211,407,1,10,62,27,24,13,131,43
20260808,r6_d30_t1_w25,106,117,814,481,216,409,0,8,64,28,25,13,131,43
20260808,r6_d30_t1_w25,107,112,819,489,218,412,1,10,67,22,23,13,131,43
20260808,r6_d30_t1_w25,108,110,826,494,222,419,0,13,62,25,22,14,131,43
20260808,r6_d30_t1_w25,109,107,832,496,229,423,0,7,66,27,22,14,131,43
20260808,r6_d30_t1_w25,110,106,838,500,232,431,2,6,63,29,22,14,131,43
20260808,r6_d30_t1_w25,111,105,844,504,235,435,0,8,61,31,19,14,131,43
20260808,r6_d30_t1_w25,112,105,849,509,235,442,1,9,58,32,17,15,131,43
20260808,r6_d30_t1_w25,113,105,855,512,238,445,0,8,59,33,18,16,131,43
20260808,r6_d30_t1_w25,114,107,865,518,240,450,2,9,59,30,15,17,131,43
20260808,r6_d30_t1_w25,115,114,875,521,240,455,15,9,57,19,13,18,131,43
20260808,r6_d30_t1_w25,116,118,881,523,240,459,27,5,59,9,13,19,131,43
20260808,r6_d30_t1_w25,117,121,887,526,240,462,23,5,59,13,11,20,131,43
20260808,r6_d30_t1_w25,118,130,897,527,240,468,18,4,55,23,11,22,131,43
20260808,r6_d30_t1_w25,119,136,906,530,240,470,16,4,56,24,14,22,131,43
20260808,r6_d30_t1_w25,120,138,913,535,240,474,10,8,53,29,19,22,131,43
20260808,r6_d30_t1_w25,121,139,920,541,240,479,6,11,51,32,17,21,131,43
20260808,r6_d30_t1_w25,122,134,925,548,243,482,9,13,53,25,17,20,131,43
20260808,r6_d30_t1_w25,123,136,932,548,248,488,15,7,53,25,20,20,131,43
20260808,r6_d30_t1_w25,124,133,939,558,248,493,5,10,55,30,22,20,131,43
20260808,r6_d30_t1_w25,125,132,944,563,249,497,1,15,51,33,21,19,121,40
20260808,r6_d30_t1_w25,126,129,949,571,249,499,3,13,59,25,20,18,121,40
20260808,r6_d30_t1_w25,127,126,957,582,249,504,10,19,59,12,21,17,121,40
20260808,r6_d30_t1_w25,128,132,964,583,249,506,19,12,65,4,22,17,121,40
20260808,r6_d30_t1_w25,129,136,974,585,253,511,10,3,71,16,26,16,121,40
20260808,r6_d30_t1_w25,130,136,982,587,259,514,3,4,69,24,25,15,131,43
20260808,r6_d30_t1_w25,131,134,988,591,263,519,5,6,66,23,24,13,131,43
20260808,r6_d30_t1_w25,132,139,997,591,267,525,10,4,62,24,25,12,131,43
20260808,r6_d30_t1_w25,133,138,1004,594,272,530,12,3,61,24,25,11,131,43
20260808,r6_d30_t1_w25,134,141,1014,596,277,531,6,5,60,29,26,11,131,43
20260808,r6_d30_t1_w25,135,136,1021,608,277,534,1,14,60,25,24,13,131,43
20260808,r6_d30_t1_w25,136,131,1027,619,277,537,1,23,59,17,24,13,131,43
20260808,r6_d30_t1_w25,137,138,1035,620,277,541,9,12,67,12,23,14,131,43
20260808,r6_d30_t1_w25,138,142,1040,621,277,552,16,2,67,15,23,14,131,43
20260808,r6_d30_t1_w25,139,143,1048,623,282,556,19,3,64,14,21,15,131,43
20260808,r6_d30_t1_w25,140,136,1053,631,286,561,20,10,60,10,20,15,131,43
20260808,r6_d30_t1_w25,141,136,1060,635,289,568,22,12,55,11,20,19,131,43
20260808,r6_d30_t1_w25,142,135,1068,642,291,574,22,11,57,10,20,18,131,43
20260808,r6_d30_t1_w25,143,133,1076,644,299,577,22,9,58,11,17,18,131,43
20260808,r6_d30_t1_w25,144,131,1081,646,304,581,7,4,61,28,15,18,131,43
20260808,r6_d30_t1_w25,145,136,1090,650,304,585,1,6,59,34,15,18,131,43
20260808,r6_d30_t1_w25,146,142,1100,654,304,591,1,8,55,36,12,22,131,43
20260808,r6_d30_t1_w25,147,149,1108,655,304,595,7,5,55,33,12,22,131,43
20260808,r6_d30_t1_w25,148,148,1115,663,304,598,7,9,56,28,13,22,131,43
20260808,r6_d30_t1_w25,149,152,1122,666,304,605,8,11,50,31,12,22,131,43
20260808,r6_d30_t1_w25,150,145,1129,680,304,606,2,17,57,24,15,20,131,43
20260808,r6_d30_t1_w25,151,141,1134,689,304,609,5,23,57,15,18,18,131,43
20260808,r6_d30_t1_w25,152,146,1141,691,304,614,10,11,66,13,20,18,131,43
20260808,r6_d30_t1_w25,153,151,1148,693,304,617,9,4,72,15,21,18,131,43
20260808,r6_d30_t1_w25,154,147,1156,704,305,623,13,13,68,6,18,18,131,43
20260808,r6_d30_t1_w25,155,146,1163,706,311,628,15,13,65,7,20,17,126,43
20260808,r6_d30_t1_w25,156,145,1168,708,315,629,12,4,75,9,20,16,126,43
20260808,r6_d30_t1_w25,157,141,1176,713,322,636,12,7,70,11,19,16,126,43
20260808,r6_d30_t1_w25,158,143,1185,716,326,640,11,8,68,13,19,15,126,43
20260808,r6_d30_t1_w25,159,137,1191,722,332,641,9,9,72,10,20,13,126,43
20260808,r6_d30_t1_w25,160,132,1197,728,337,650,10,12,66,12,21,12,131,43
20260808,r6_d30_t1_w25,161,132,1203,730,341,655,8,8,67,17,23,12,131,43
20260808,r6_d30_t1_w25,162,130,1213,738,345,659,0,10,69,21,23,11,131,43
20260808,r6_d30_t1_w25,163,125,1218,745,348,662,0,15,68,17,20,11,131,43
20260808,r6_d30_t1_w25,164,121,1223,747,355,671,3,9,67,21,19,11,131,43
20260808,r6_d30_t1_w25,165,126,1232,747,359,674,4,2,71,23,19,14,131,43
20260808,r6_d30_t1_w25,166,116,1237,761,360,679,4,14,68,14,20,14,131,43
20260808,r6_d30_t1_w25,167,114,1245,768,363,685,1,21,62,16,23,14,131,43
20260808,r6_d30_t1_w25,168,112,1251,773,366,687,3,12,74,11,23,15,131,43
20260808,r6_d30_t1_w25,169,114,1259,779,366,690,4,11,78,7,22,15,131,43
20260808,r6_d30_t1_w25,170,115,1268,783,370,697,3,10,76,11,21,16,131,43
20260808,r6_d30_t1_w25,171,112,1277,788,377,708,2,9,71,18,22,16,131,43
20260808,r6_d30_t1_w25,172,114,1287,793,380,710,2,10,73,15,23,17,131,43
20260808,r6_d30_t1_w25,173,112,1294,800,382,718,1,12,70,17,20,18,131,43
20260808,r6_d30_t1_w25,174,113,1302,803,386,723,1,10,70,19,16,20,131,43
20260808,r6_d30_t1_w25,175,118,1312,808,386,726,0,8,74,18,12,21,131,43
20260808,r6_d30_t1_w25,176,127,1321,808,386,732,1,5,71,23,12,21,131,43
20260808,r6_d30_t1_w25,177,131,1327,810,386,734,5,2,74,19,11,22,131,43
20260808,r6_d30_t1_w25,178,137,1335,812,386,739,3,4,69,24,13,21,131,43
20260808,r6_d30_t1_w25,179,135,1343,822,386,746,3,12,64,21,12,22,131,43
20260808,r6_d30_t1_w25,180,134,1351,831,386,751,8,19,61,12,18,22,121,40
20260808,r6_d30_t1_w25,181,138,1356,832,386,754,1,10,68,21,20,22,121,40
20260808,r6_d30_t1_w25,182,143,1366,837,386,756,0,6,75,19,23,22,121,40
20260808,r6_d30_t1_w25,183,147,1376,843,386,761,0,11,71,18,23,22,121,40
20260808,r6_d30_t1_w25,184,150,1384,848,386,771,0,11,66,23,22,22,121,40
20260808,r6_d30_t1_w25,185,154,1392,850,388,776,4,7,67,22,23,21,131,43
20260808,r6_d30_t1_w25,186,151,1397,856,390,778,3,8,70,19,26,20,131,43
20260808,r6_d30_t1_w25,187,143,1403,870,390,784,3,20,66,11,23,18,131,43
20260808,r6_d30_t1_w25,188,149,1413,874,390,793,6,18,63,13,24,18,131,43
20260808,r6_d30_t1_w25,189,150,1422,879,393,797,6,9,73,12,22,18,131,43
20260808,r6_d30_t1_w25,190,146,1430,886,398,800,6,12,74,8,22,15,131,43
20260808,r6_d30_t1_w25,191,148,1438,889,401,804,7,10,75,8,23,15,131,43
20260808,r6_d30_t1_w25,192,149,1446,892,405,807,6,6,79,9,24,14,131,43
20260808,r6_d30_t1_w25,193,149,1451,894,408,812,6,5,77,12,25,13,131,43
20260808,r6_d30_t1_w25,194,145,1457,899,413,817,4,7,75,14,24,11,131,43
20260808,r6_d30_t1_w25,195,139,1462,905,418,819,4,11,75,10,22,10,131,43
20260808,r6_d30_t1_w25,196,141,1472,907,424,823,4,8,76,12,21,11,131,43
20260808,r6_d30_t1_w25,197,139,1480,910,431,830,5,5,75,15,21,12,131,43
20260808,r6_d30_t1_w25,198,140,1489,915,434,836,6,8,71,15,24,13,131,43
20260808,r6_d30_t1_w25,199,137,1496,921,438,841,0,11,69,20,23,15,131,43
20260808,r6_d30_t1_w25,200,132,1506,929,445,850,2,14,65,19,23,16,131,43
20260808,r6_d30_t1_w25,201,128,1511,932,451,856,7,11,65,17,24,16,131,43
20260808,r6_d30_t1_w25,202,125,1518,939,454,860,8,10,69,13,24,17,131,43
20260808,r6_d30_t1_w25,203,128,1528,943,457,860,2,11,72,15,21,18,131,43
20260808,r6_d30_t1_w25,204,127,1536,946,463,869,1,7,70,22,20,18,131,43
20260808,r6_d30_t1_w25,205,129,1546,954,463,876,2,11,67,20,18,17,131,43
20260808,r6_d30_t1_w25,206,128,1552,961,463,877,1,15,69,15,16,16,131,43
20260808,r6_d30_t1_w25,207,130,1560,967,463,884,2,13,70,15,11,17,131,43
20260808,r6_d30_t1_w25,208,136,1567,968,463,886,3,7,75,15,13,18,131,43
20260808,r6_d30_t1_w25,209,138,1576,975,463,892,4,8,75,13,16,18,131,43
20260808,r6_d30_t1_w25,210,136,1581,982,463,897,0,14,71,15,16,17,131,43
20260808,r6_d30_t1_w25,211,137,1587,987,463,901,1,12,74,13,16,17,131,43
20260808,r6_d30_t1_w25,212,139,1592,990,463,907,9,8,75,8,19,17,131,43
20260808,r6_d30_t1_w25,213,143,1602,996,463,909,10,9,78,3,18,16,131,43
20260808,r6_d30_t1_w25,214,150,1611,998,463,915,11,8,75,6,20,16,131,43
20260808,r6_d30_t1_w25,215,151,1618,999,468,919,11,3,77,9,21,16,131,43
20260808,r6_d30_t1_w25,216,147,1625,1006,472,925,13,8,73,6,23,14,131,43
20260808,r6_d30_t1_w25,217,151,1635,1008,476,933,6,9,66,19,27,13,131,43
20260808,r6_d30_t1_w25,218,149,1640,1011,480,939,4,5,67,24,27,13,131,43
20260808,r6_d30_t1_w25,219,150,1649,1019,480,944,4,11,64,21,25,13,131,43
20260808,r6_d30_t1_w25,220,150,1654,1022,482,948,3,11,63,23,25,13,131,43
20260808,r6_d30_t1_w25,221,142,1661,1028,491,953,0,9,66,25,23,12,131,43
20260808,r6_d30_t1_w25,222,138,1668,1037,493,954,0,15,68,17,20,11,131,43
20260808,r6_d30_t1_w25,223,138,1676,1044,494,958,2,16,70,12,21,10,131,43
20260808,r6_d30_t1_w25,224,139,1685,1046,500,964,0,9,73,18,20,11,131,43
20260808,r6_d30_t1_w25,225,132,1692,1052,508,968,1,8,76,15,21,11,131,43
20260808,r6_d30_t1_w25,226,133,1698,1055,510,972,1,9,74,16,22,12,131,43
20260808,r6_d30_t1_w25,227,130,1707,1061,516,978,1,9,74,16,21,13,131,43
20260808,r6_d30_t1_w25,228,128,1716,1066,522,985,6,11,70,13,22,14,131,43
20260808,r6_d30_t1_w25,229,128,1722,1070,524,989,10,9,72,9,21,15,131,43
20260808,r6_d30_t1_w25,230,121,1728,1076,531,995,10,10,71,9,20,14,131,43
20260808,r6_d30_t1_w25,231,120,1733,1077,536,1001,4,7,69,20,23,15,131,43
20260808,r6_d30_t1_w25,232,118,1743,1081,544,1005,5,5,71,19,20,16,131,43
20260808,r6_d30_t1_w25,233,115,1748,1086,547,1013,2,9,64,25,18,16,131,43
20260808,r6_d30_t1_w25,234,112,1756,1091,553,1016,0,10,65,25,14,18,131,43
20260808,r6_d30_t1_w25,235,113,1764,1098,553,1020,0,12,66,22,15,19,111,40
20260808,r6_d30_t1_w25,236,118,1770,1099,553,1026,0,8,65,27,16,19,111,40
20260808,r6_d30_t1_w25,237,121,1779,1105,553,1032,2,7,66,25,13,19,111,40
20260808,r6_d30_t1_w25,238,127,1787,1107,553,1034,4,8,65,23,14,19,111,40
20260808,r6_d30_t1_w25,239,134,1796,1109,553,1040,5,4,65,26,20,18,111,40
20260808,r6_d30_t1_w25,240,135,1802,1114,553,1045,0,7,62,31,22,18,131,43
20260808,r6_d30_t1_w25,241,136,1812,1123,553,1050,0,14,59,27,22,17,131,43
20260808,r6_d30_t1_w25,242,137,1819,1129,553,1056,3,15,58,24,22,17,131,43
20260808,r6_d30_t1_w25,243,134,1828,1141,553,1061,1,18,62,19,21,16,131,43
20260808,r6_d30_t1_w25,244,132,1833,1148,553,1064,1,19,65,15,22,16,131,43
20260808,r6_d30_t1_w25,245,135,1842,1152,555,1065,3,11,76,10,22,16,131,43
20260808,r6_d30_t1_w25,246,131,1847,1156,560,1070,0,8,78,14,22,15,131,43
20260808,r6_d30_t1_w25,247,132,1857,1160,565,1073,0,8,79,13,24,14,131,43
20260808,r6_d30_t1_w25,248,130,1865,1165,570,1081,0,9,75,16,24,14,131,43
20260808,r6_d30_t1_w25,249,125,1870,1167,578,1090,1,7,70,22,23,12,131,43
20260808,r6_d30_t1_w25,250,121,1875,1172,582,1091,8,7,74,11,21,10,131,43
20260808,r6_d30_t1_w25,251,123,1883,1173,587,1096,5,6,71,18,21,11,131,43
20260808,r6_d30_t1_w25,252,123,1891,1174,594,1101,5,2,71,22,20,12,131,43
20260808,r6_d30_t1_w25,253,122,1900,1180,598,1104,14,7,69,10,22,13,131,43
20260808,r6_d30_t1_w25,254,123,1909,1186,600,1113,15,12,61,12,24,13,131,43
20260808,r6_d30_t1_w25,255,120,1915,1190,605,1117,13,10,63,14,24,14,122,43
20260808,r6_d30_t1_w25,256,117,1921,1199,605,1123,4,13,63,20,22,14,122,43
20260808,r6_d30_t1_w25,257,118,1929,1202,609,1127,4,12,63,21,19,14,122,43
20260808,r6_d30_t1_w25,258,123,1939,1207,609,1133,3,8,66,23,19,16,122,43
20260808,r6_d30_t1_w25,259,121,1944,1211,612,1135,3,9,67,21,18,16,122,43
20260808,r6_d30_t1_w25,260,119,1949,1215,615,1143,5,8,64,23,17,17,131,43
20260808,r6_d30_t1_w25,261,118,1956,1218,620,1154,5,7,57,31,17,17,131,43
20260808,r6_d30_t1_w25,262,109,1965,1236,620,1155,5,21,60,14,11,17,131,43
20260808,r6_d30_t1_w25,263,109,1970,1241,620,1158,8,23,60,9,11,17,131,43
20260808,r6_d30_t1_w25,264,117,1980,1243,620,1159,8,7,77,8,11,20,131,43
20260808,r6_d30_t1_w25,265,122,1988,1246,620,1166,15,5,75,5,12,21,131,43
20260808,r6_d30_t1_w25,266,132,1998,1246,620,1173,17,3,70,10,13,21,131,43
20260808,r6_d30_t1_w25,267,132,2003,1251,620,1178,15,5,68,12,13,20,131,43
20260808,r6_d30_t1_w25,268,138,2012,1254,620,1182,7,8,64,21,13,20,131,43
20260808,r6_d30_t1_w25,269,144,2019,1255,620,1183,11,4,68,17,15,20,131,43
20260808,r6_d30_t1_w25,270,144,2026,1262,620,1187,8,8,67,17,17,19,131,43
20260808,r6_d30_t1_w25,271,146,2032,1266,620,1193,6,11,62,21,18,19,131,43
20260808,r6_d30_t1_w25,272,140,2038,1278,620,1199,7,16,63,14,20,18,131,43
20260808,r6_d30_t1_w25,273,139,2044,1285,620,1206,8,19,60,13,23,18,131,43
20260808,r6_d30_t1_w25,274,139,2051,1292,620,1213,8,14,65,13,25,17,131,43
20260808,r6_d30_t1_w25,275,137,2056,1299,620,1217,8,14,68,10,25,17,131,43
20260808,r6_d30_t1_w25,276,140,2062,1302,620,1222,9,10,70,11,25,17,131,43
20260808,r6_d30_t1_w25,277,141,2072,1305,626,1225,9,6,74,11,24,16,131,43
20260808,r6_d30_t1_w25,278,137,2079,1309,633,1230,11,7,72,10,22,16,131,43
20260808,r6_d30_t1_w25,279,138,2088,1311,639,1234,10,6,71,13,24,15,131,43
20260808,r6_d30_t1_w25,280,137,2094,1318,639,1238,8,9,71,12,25,15,131,43
20260808,r6_d30_t1_w25,281,139,2104,1322,643,1241,7,11,70,12,27,15,131,43
20260808,r6_d30_t1_w25,282,134,2113,1328,651,1246,0,10,72,18,26,13,131,43
20260808,r6_d30_t1_w25,283,127,2118,1331,660,1251,1,9,71,19,26,13,131,43
20260808,r6_d30_t1_w25,284,125,2124,1334,665,1256,3,6,72,19,25,13,131,43
20260808,r6_d30_t1_w25,285,125,2129,1339,665,1264,5,8,67,20,25,12,121,40
20260808,r6_d30_t1_w25,286,123,2135,1343,669,1268,15,9,66,10,25,12,121,40
20260808,r6_d30_t1_w25,287,123,2143,1346,674,1269,14,7,70,9,24,13,121,40
20260808,r6_d30_t1_w25,288,124,2150,1348,678,1274,13,5,69,13,25,13,121,40
20260808,r6_d30_t1_w25,289,120,2160,1355,685,1279,3,9,67,21,24,12,121,40
20260808,r6_d30_t1_w25,290,114,2168,1363,691,1285,1,15,63,21,21,14,126,43
20260808,r6_d30_t1_w25,291,111,2176,1367,698,1290,12,12,65,11,19,15,126,43
20260808,r6_d30_t1_w25,292,113,2183,1368,702,1296,20,5,67,8,19,16,126,43
20260808,r6_d30_t1_w25,293,107,2189,1373,709,1306,20,6,61,13,18,16,126,43
20260808,r6_d30_t1_w25,294,106,2195,1378,711,1311,10,10,57,23,17,15,126,43
20260808,r6_d30_t1_w25,295,110,2205,1384,711,1316,1,11,57,31,16,16,131,43
20260808,r6_d30_t1_w25,296,119,2215,1385,711,1317,10,7,61,22,17,16,131,43
20260808,r6_d30_t1_w25,297,123,2224,1390,711,1320,19,6,64,11,13,16,131,43
20260808,r6_d30_t1_w25,298,128,2231,1392,711,1326,20,7,59,14,13,18,131,43
20260808,r6_d30_t1_w25,299,130,2237,1396,711,1329,21,6,61,12,13,18,131,43
20260808,r6_d30_t1_w25,300,128,2246,1407,711,1332,16,15,60,9,14,17,131,43
20260808,r6_d30_t1_w25,301,126,2252,1415,711,1335,15,19,61,5,15,17,131,43
20260808,r6_d30_t1_w25,302,123,2258,1424,711,1344,16,17,63,4,14,17,131,43
20260808,r6_d30_t1_w25,303,131,2266,1424,711,1348,8,9,67,16,19,17,131,43
20260808,r6_d30_t1_w25,304,138,2275,1426,711,1351,7,2,73,18,20,17,131,43
20260808,r6_d30_t1_w25,305,131,2282,1440,711,1354,5,16,70,9,20,17,131,43
20260808,r6_d30_t1_w25,306,132,2290,1443,715,1356,6,17,70,7,19,17,131,43
20260808,r6_d30_t1_w25,307,133,2300,1444,723,1358,9,4,82,5,21,17,131,43
20260808,r6_d30_t1_w25,308,137,2308,1445,726,1363,10,2,80,8,22,17,131,43
20260808,r6_d30_t1_w25,309,136,2314,1446,732,1371,10,2,73,15,24,16,131,43
20260808,r6_d30_t1_w25,310,137,2322,1451,734,1376,7,6,69,18,25,16,131,43
20260808,r6_d30_t1_w25,311,133,2327,1458,736,1382,7,12,64,17,21,16,131,43
20260808,r6_d30_t1_w25,312,131,2337,1464,742,1391,10,13,60,17,18,15,131,43
20260808,r6_d30_t1_w25,313,125,2342,1472,745,1394,12,14,64,10,18,13,131,43
20260808,r6_d30_t1_w25,314,119,2348,1479,750,1398,16,15,66,3,18,11,131,43
20260808,r6_d30_t1_w25,315,118,2356,1480,758,1404,19,8,68,5,19,10,131,43
20260808,r6_d30_t1_w25,316,119,2366,1484,763,1409,13,5,70,12,20,11,131,43
20260808,r6_d30_t1_w25,317,119,2375,1487,769,1411,10,7,69,14,23,11,131,43
20260808,r6_d30_t1_w25,318,124,2382,1488,770,1416,6,4,68,22,25,11,131,43
20260808,r6_d30_t1_w25,319,123,2387,1492,772,1418,6,5,69,20,22,12,131,43
20260808,r6_d30_t1_w25,320,117,2392,1495,780,1426,7,7,62,24,21,14,131,43
20260808,r6_d30_t1_w25,321,112,2397,1497,788,1434,12,5,58,25,21,13,131,43
20260808,r6_d30_t1_w25,322,109,2407,1504,794,1438,19,9,57,15,22,14,131,43
20260808,r6_d30_t1_w25,323,111,2416,1506,799,1444,10,9,53,28,20,14,131,43
20260808,r6_d30_t1_w25,324,107,2422,1512,803,1448,5,8,56,31,16,15,131,43
20260808,r6_d30_t1_w25,325,113,2431,1515,803,1452,4,9,54,33,18,16,131,43
20260808,r6_d30_t1_w25,326,116,2438,1519,803,1457,0,7,55,38,16,16,131,43
20260808,r6_d30_t1_w25,327,122,2447,1522,803,1462,2,7,53,38,15,15,131,43
20260808,r6_d30_t1_w25,328,129,2457,1525,803,1465,11,6,54,29,13,17,131,43
20260808,r6_d30_t1_w25,329,133,2465,1529,803,1468,9,7,54,30,15,17,131,43
20260808,r6_d30_t1_w25,330,135,2470,1532,803,1475,10,7,50,33,17,17,131,43
20260808,r6_d30_t1_w25,331,137,2479,1539,803,1482,8,10,47,35,18,17,131,43
20260808,r6_d30_t1_w25,332,141,2487,1543,803,1485,13,11,47,29,18,17,131,43
20260808,r6_d30_t1_w25,333,132,2496,1560,804,1489,16,21,50,13,19,16,131,43
20260808,r6_d30_t1_w25,334,131,2502,1567,804,1492,3,24,51,22,22,16,131,43
20260808,r6_d30_t1_w25,335,133,2510,1573,804,1495,3,13,65,19,20,16,121,40
20260808,r6_d30_t1_w25,336,129,2515,1578,808,1498,10,11,69,10,19,15,121,40
20260808,r6_d30_t1_w25,337,125,2521,1582,814,1502,8,9,71,12,20,14,121,40
20260808,r6_d30_t1_w25,338,126,2529,1587,816,1504,6,9,74,11,20,14,121,40
20260808,r6_d30_t1_w25,339,129,2538,1587,822,1507,6,5,75,14,23,14,121,40
20260808,r6_d30_t1_w25,340,125,2545,1593,827,1510,6,6,77,11,23,13,131,43
20260808,r6_d30_t1_w25,341,114,2552,1602,836,1512,5,15,75,5,22,12,131,43
20260808,r6_d30_t1_w25,342,115,2561,1606,840,1516,6,13,77,4,23,11,131,43
20260808,r6_d30_t1_w25,343,115,2567,1608,844,1521,6,6,81,7,22,10,131,43
20260808,r6_d30_t1_w25,344,115,2573,1610,848,1526,6,4,80,10,24,10,131,43
20260808,r6_d30_t1_w25,345,111,2579,1616,852,1530,5,8,78,9,23,10,131,43
20260808,r6_d30_t1_w25,346,114,2587,1621,852,1532,0,11,78,11,24,9,131,43
20260808,r6_d30_t1_w25,347,114,2595,1624,857,1539,0,8,77,15,22,10,131,43
20260808,r6_d30_t1_w25,348,115,2604,1625,864,1546,9,4,75,12,23,11,131,43
20260808,r6_d30_t1_w25,349,119,2614,1629,866,1554,11,5,70,14,21,13,131,43
20260808,r6_d30_t1_w25,350,117,2621,1633,871,1560,10,8,65,17,24,13,131,43
20260808,r6_d30_t1_w25,351,114,2629,1644,871,1569,11,15,60,14,24,14,131,43
20260808,r6_d30_t1_w25,352,111,2636,1648,877,1574,1,15,59,25,23,14,131,43
20260808,r6_d30_t1_w25,353,103,2644,1655,886,1578,0,11,66,23,16,16,131,43
20260808,r6_d30_t1_w25,354,105,2654,1663,886,1582,2,15,66,17,13,17,131,43
20260808,r6_d30_t1_w25,355,109,2662,1667,886,1589,6,12,66,16,12,18,131,43
20260808,r6_d30_t1_w25,356,115,2670,1669,886,1594,19,6,69,6,15,18,131,43
20260808,r6_d30_t1_w25,357,124,2680,1670,886,1598,19,3,69,9,17,18,131,43
20260808,r6_d30_t1_w25,358,129,2688,1673,886,1601,2,4,68,26,17,19,131,43
20260808,r6_d30_t1_w25,359,134,2696,1676,886,1603,0,6,67,27,16,19,131,43
20260808,r6_d30_t1_w25,360,137,2701,1678,886,1607,4,5,66,25,20,19,126,43
20260808,r6_d30_t1_w25,361,141,2710,1683,886,1612,3,7,64,26,19,19,126,43
20260808,r6_d30_t1_w25,362,138,2716,1692,886,1617,4,14,61,21,18,19,126,43
20260808,r6_d30_t1_w25,363,143,2726,1697,886,1622,1,14,61,24,23,19,126,43
20260808,r6_d30_t1_w25,364,138,2733,1709,886,1625,1,17,67,15,24,19,126,43
20260808,r6_d30_t1_w25,365,137,2742,1719,886,1632,1,22,65,12,25,18,131,43
20260808,r6_d30_t1_w25,366,134,2747,1722,891,1637,2,13,72,13,24,18,131,43
20260808,r6_d30_t1_w25,367,130,2755,1728,897,1639,2,9,80,9,22,17,131,43
20260808,r6_d30_t1_w25,368,127,2760,1730,903,1646,4,8,76,12,24,17,131,43
20260808,r6_d30_t1_w25,369,127,2766,1732,907,1650,5,4,78,13,24,16,131,43
20260808,r6_d30_t1_w25,370,126,2771,1736,909,1655,7,6,75,12,23,15,131,43
20260808,r6_d30_t1_w25,371,123,2776,1738,915,1658,7,6,74,13,23,15,131,43
20260808,r6_d30_t1_w25,372,121,2783,1742,920,1667,11,6,69,14,22,14,131,43
20260808,r6_d30_t1_w25,373,113,2790,1750,927,1678,10,12,60,18,23,13,131,43
20260808,r6_d30_t1_w25,374,108,2799,1755,936,1680,3,13,62,22,25,12,131,43
20260808,r6_d30_t1_w25,375,102,2804,1766,936,1683,4,16,67,13,23,10,131,43
20260808,r6_d30_t1_w25,376,102,2812,1770,940,1686,4,15,69,12,23,9,131,43
20260808,r6_d30_t1_w25,377,106,2822,1772,944,1692,6,6,74,14,24,8,131,43
20260808,r6_d30_t1_w25,378,103,2831,1784,944,1695,6,14,75,5,23,9,131,43
20260808,r6_d30_t1_w25,379,100,2837,1788,949,1702,7,16,70,7,24,11,131,43
20260808,r6_d30_t1_w25,380,99,2843,1788,956,1709,8,4,75,13,24,11,115,42
20260808,r6_d30_t1_w25,381,95,2848,1794,959,1713,0,6,75,19,24,11,115,42
20260808,r6_d30_t1_w25,382,93,2854,1800,961,1719,1,12,69,18,22,11,115,42
20260808,r6_d30_t1_w25,383,94,2863,1802,967,1725,12,8,69,11,20,11,115,42
20260808,r6_d30_t1_w25,384,92,2868,1806,970,1730,4,6,70,20,16,11,115,42
20260808,r6_d30_t1_w25,385,93,2874,1811,970,1736,0,9,66,25,13,12,131,43
20260808,r6_d30_t1_w25,386,98,2882,1814,970,1738,0,8,68,24,12,12,131,43
20260808,r6_d30_t1_w25,387,102,2887,1815,970,1741,3,4,70,23,11,13,131,43
20260808,r6_d30_t1_w25,388,103,2892,1819,970,1744,6,5,70,19,9,15,131,43
20260808,r6_d30_t1_w25,389,109,2900,1821,970,1748,17,6,67,10,9,15,131,43
20260808,r6_d30_t1_w25,390,114,2907,1823,970,1756,25,4,63,8,15,15,121,40
20260808,r6_d30_t1_w25,391,119,2913,1824,970,1763,13,3,58,26,17,15,121,40
20260808,r6_d30_t1_w25,392,120,2922,1832,970,1770,16,9,53,22,17,15,121,40
20260808,r6_d30_t1_w25,393,107,2927,1850,970,1771,17,26,53,4,13,15,121,40
20260808,r6_d30_t1_w25,394,108,2932,1854,970,1774,17,22,58,3,15,15,121,40
20260808,r6_d30_t1_w25,395,116,2940,1854,970,1777,16,4,73,7,18,15,131,43
20260808,r6_d30_t1_w25,396,122,2949,1857,970,1780,13,3,74,10,20,15,131,43
20260808,r6_d30_t1_w25,397,126,2957,1860,971,1786,5,6,68,21,22,14,131,43
20260808,r6_d30_t1_w25,398,125,2965,1866,974,1791,4,9,66,21,20,14,131,43
20260808,r6_d30_t1_w25,399,121,2970,1873,976,1795,10,13,65,12,20,13,131,43
20260808,r6_d30_t1_w25,400,121,2975,1876,978,1797,11,10,69,10,21,13,131,43
20260808,r6_d30_t1_w25,401,124,2985,1882,979,1802,9,9,71,11,22,11,131,43
20260808,r6_d30_t1_w25,402,119,2994,1887,988,1807,10,11,69,10,21,10,131,43
20260808,r6_d30_t1_w25,403,113,2999,1891,995,1816,14,9,66,11,20,10,131,43
20260808,r6_d30_t1_w25,404,112,3005,1894,999,1821,14,7,66,13,22,9,131,43
20260808,r6_d30_t1_w25,405,111,3013,1902,1000,1828,8,11,63,18,22,9,131,43
20260808,r6_d30_t1_w25,406,111,3021,1908,1002,1833,10,14,61,15,21,10,131,43
20260808,r6_d30_t1_w25,407,111,3029,1912,1006,1836,21,10,66,3,23,10,131,43
20260808,r6_d30_t1_w25,408,111,3036,1913,1012,1839,22,5,69,4,23,12,131,43
20260808,r6_d30_t1_w25,409,113,3043,1915,1015,1843,22,3,69,6,24,12,131,43
20260808,r6_d30_t1_w25,410,111,3049,1919,1019,1849,11,6,64,19,23,11,131,43
20260808,r6_d30_t1_w25,411,111,3058,1921,1026,1854,0,6,61,33,24,13,131,43
20260808,r6_d30_t1_w25,412,109,3064,1926,1029,1858,0,7,61,32,23,14,131,43
20260808,r6_d30_t1_w25,413,111,3074,1930,1033,1865,3,9,56,32,19,15,131,43
20260808,r6_d30_t1_w25,414,106,3079,1934,1039,1868,6,8,58,28,12,16,131,43
20260808,r6_d30_t1_w25,415,112,3086,1935,1039,1876,18,5,54,23,11,16,131,43
20260808,r6_d30_t1_w25,416,116,3091,1936,1039,1880,29,2,54,15,12,16,131,43
20260808,r6_d30_t1_w25,417,125,3100,1936,1039,1882,32,1,53,14,13,16,131,43
20260808,r6_d30_t1_w25,418,128,3105,1938,1039,1886,33,2,50,15,13,16,131,43
20260808,r6_d30_t1_w25,419,136,3115,1940,1039,1891,17,4,45,34,13,18,131,43
20260808,r6_d30_t1_w25,420,138,3120,1943,1039,1894,3,5,44,48,15,18,131,43
20260808,r6_d30_t1_w25,421,131,3125,1955,1039,1896,2,15,44,39,16,17,131,43
20260808,r6_d30_t1_w25,422,132,3132,1961,1039,1900,2,18,43,37,16,17,131,43
20260808,r6_d30_t1_w25,423,126,3138,1972,1040,1906,2,17,49,32,15,17,131,43
20260808,r6_d30_t1_w25,424,121,3144,1980,1043,1910,3,19,51,27,14,16,131,43
20260808,r6_d30_t1_w25,425,121,3149,1981,1047,1914,7,9,58,26,17,16,131,43
20260808,r6_d30_t1_w25,426,108,3154,1991,1055,1918,7,11,62,20,13,15,131,43
20260808,r6_d30_t1_w25,427,98,3160,2000,1062,1922,9,19,59,13,12,14,131,43
20260808,r6_d30_t1_w25,428,101,3169,2002,1066,1924,10,11,67,12,17,14,131,43
20260808,r6_d30_t1_w25,429,105,3178,2003,1070,1926,10,3,74,13,19,13,131,43
20260808,r6_d30_t1_w25,430,106,3187,2007,1074,1930,8,5,72,15,20,13,131,43
20260808,r6_d30_t1_w25,431,97,3192,2017,1078,1934,8,14,69,9,19,11,131,43
20260808,r6_d30_t1_w25,432,98,3201,2021,1082,1936,9,14,71,6,21,11,131,43
20260808,r6_d30_t1_w25,433,95,3206,2023,1088,1941,9,6,76,9,22,9,131,43
20260808,r6_d30_t1_w25,434,95,3212,2025,1092,1943,9,4,78,9,21,10,131,43
20260808,r6_d30_t1_w25,435,99,3222,2028,1095,1946,7,5,77,11,24,10,131,43
20260808,r6_d30_t1_w25,436,96,3228,2031,1101,1949,3,6,76,15,24,12,131,43
20260808,r6_d30_t1_w25,437,94,3236,2039,1103,1955,4,11,73,12,24,12,131,43
20260808,r6_d30_t1_w25,438,93,3246,2042,1111,1963,5,11,68,16,23,14,131,43
20260808,r6_d30_t1_w25,439,94,3253,2044,1115,1966,5,5,73,17,23,14,131,43
20260808,r6_d30_t1_w25,440,93,3263,2051,1119,1970,8,9,72,11,22,14,131,43
20260808,r6_d30_t1_w25,441,92,3269,2056,1121,1977,10,12,67,11,19,16,131,43
20260808,r6_d30_t1_w25,442,91,3279,2062,1126,1985,9,11,66,14,21,17,131,43
20260808,r6_d30_t1_w25,443,91,3284,2067,1126,1992,4,11,64,21,22,17,131,43
20260808,r6_d30_t1_w25,444,86,3294,2075,1133,1997,6,13,65,16,16,17,131,43
20260808,r6_d30_t1_w25,445,92,3304,2079,1133,2002,9,12,65,14,16,16,121,40
20260808,r6_d30_t1_w25,446,99,3314,2082,1133,2003,6,7,72,15,15,17,121,40
20260808,r6_d30_t1_w25,447,107,3324,2084,1133,2011,8,5,68,19,15,16,121,40
20260808,r6_d30_t1_w25,448,113,3332,2086,1133,2017,6,4,65,25,15,16,121,40
20260808,r6_d30_t1_w25,449,119,3341,2089,1133,2020,16,5,64,15,15,17,121,40
20260808,r6_d30_t1_w25,450,124,3349,2092,1133,2027,6,6,59,29,20,17,131,43
20260808,r6_d30_t1_w25,451,128,3358,2097,1133,2032,3,8,57,32,20,16,131,43
20260808,r6_d30_t1_w25,452,126,3366,2107,1133,2036,6,15,56,23,23,16,131,43
20260808,r6_d30_t1_w25,453,128,3376,2115,1133,2041,5,18,56,21,24,16,131,43
20260808,r6_d30_t1_w25,454,125,3386,2127,1134,2042,5,20,65,10,21,15,131,43
20260808,r6_d30_t1_w25,455,128,3394,2132,1134,2048,8,17,67,8,22,15,131,43
20260808,r6_d30_t1_w25,456,132,3401,2135,1134,2051,9,8,76,7,23,15,131,43
20260808,r6_d30_t1_w25,457,134,3411,2142,1135,2056,7,10,76,7,21,15,131,43
20260808,r6_d30_t1_w25,458,138,3416,2143,1135,2064,10,8,71,11,22,15,131,43
20260808,r6_d30_t1_w25,459,141,3423,2147,1135,2068,10,5,74,11,24,15,131,43
20260808,r6_d30_t1_w25,460,141,3431,2154,1136,2071,4,11,72,13,25,14,131,43
20260808,r6_d30_t1_w25,461,140,3438,2158,1140,2073,4,11,74,11,25,13,131,43
20260808,r6_d30_t1_w25,462,138,3445,2162,1145,2077,9,8,77,6,24,12,131,43
20260808,r6_d30_t1_w25,463,133,3450,2162,1155,2083,0,4,75,21,26,10,131,43
20260808,r6_d30_t1_w25,464,133,3460,2166,1161,2087,1,4,75,20,23,10,131,43
20260808,r6_d30_t1_w25,465,128,3467,2173,1166,2091,9,11,71,9,23,11,131,43
20260808,r6_d30_t1_w25,466,128,3475,2176,1171,2098,10,10,68,12,23,12,131,43
20260808,r6_d30_t1_w25,467,126,3481,2179,1176,2101,5,6,72,17,23,13,131,43
20260808,r6_d30_t1_w25,468,129,3491,2184,1178,2106,3,8,70,19,21,13,131,43
20260808,r6_d30_t1_w25,469,128,3499,2186,1185,2113,18,7,66,9,20,13,131,43
20260808,r6_d30_t1_w25,470,121,3504,2189,1194,2117,25,5,67,3,20,13,131,43
20260808,r6_d30_t1_w25,471,118,3510,2190,1202,2121,15,4,65,16,24,13,131,43
20260808,r6_d30_t1_w25,472,116,3520,2193,1211,2128,5,4,61,30,23,14,131,43
20260808,r6_d30_t1_w25,473,116,3528,2196,1216,2134,4,6,56,34,25,14,131,43
20260808,r6_d30_t1_w25,474,110,3535,2206,1219,2144,2,13,49,36,17,15,131,43
20260808,r6_d30_t1_w25,475,111,3541,2211,1219,2149,12,15,47,26,16,15,131,43
20260808,r6_d30_t1_w25,476,112,3546,2215,1219,2154,25,9,52,14,17,15,131,43
20260808,r6_d30_t1_w25,477,116,3554,2219,1219,2158,25,8,53,14,15,17,131,43
20260808,r6_d30_t1_w25,478,121,3560,2220,1219,2164,29,5,51,15,14,19,131,43
20260808,r6_d30_t1_w25,479,119,3566,2228,1219,2170,30,9,49,12,11,19,131,43
20260808,r6_d30_t1_w25,480,124,3576,2233,1219,2173,22,13,47,18,16,18,131,43
20260808,r6_d30_t1_w25,481,128,3583,2236,1219,2174,4,8,54,34,18,18,131,43
20260808,r6_d30_t1_w25,482,123,3591,2249,1219,2177,5,16,56,23,18,18,131,43
20260808,r6_d30_t1_w25,483,111,3597,2267,1219,2179,5,31,57,7,15,18,131,43
20260808,r6_d30_t1_w25,484,119,3607,2269,1219,2184,3,20,65,12,20,17,131,43
20260808,r6_d30_t1_w25,485,124,3614,2271,1219,2190,2,4,77,17,18,17,131,43
20260808,r6_d30_t1_w25,486,126,3623,2276,1221,2192,1,7,77,15,20,17,131,43
20260808,r6_d30_t1_w25,487,125,3628,2280,1223,2193,0,9,78,13,22,17,131,43
20260808,r6_d30_t1_w25,488,129,3636,2282,1225,2198,0,6,78,16,22,17,131,43
20260808,r6_d30_t1_w25,489,126,3643,2284,1233,2201,0,4,79,17,23,16,131,43
20260808,r6_d30_t1_w25,490,128,3652,2287,1237,2207,0,5,75,20,25,16,126,43
20260808,r6_d30_t1_w25,491,128,3661,2293,1240,2213,1,9,71,19,23,15,126,43
20260808,r6_d30_t1_w25,492,125,3667,2298,1244,2214,0,11,73,16,22,13,126,43
20260808,r6_d30_t1_w25,493,119,3677,2304,1254,2221,2,11,72,15,24,12,126,43
20260808,r6_d30_t1_w25,494,113,3686,2311,1262,2227,0,13,71,16,24,11,126,43
20260808,r6_d30_t1_w25,495,115,3696,2315,1266,2239,3,11,65,21,22,11,131,43
20260808,r6_d30_t1_w25,496,115,3701,2318,1268,2245,4,7,66,23,21,12,131,43
20260808,r6_d30_t1_w25,497,112,3708,2328,1268,2245,4,13,70,13,22,15,131,43
20260808,r6_d30_t1_w25,498,110,3715,2334,1271,2253,4,16,65,15,21,15,131,43
20260808,r6_d30_t1_w25,499,110,3721,2335,1276,2258,3,7,70,20,21,15,131,43
20260808,r6_d30_t1_w25,500,107,3728,2341,1280,2264,1,7,70,22,21,15,131,43
20260808,r6_d30_t1_w25,501,109,3735,2346,1280,2267,0,11,68,21,20,15,131,43
20260808,r6_d30_t1_w25,502,102,3742,2352,1288,2271,0,11,70,19,19,15,131,43
20260808,r6_d30_t1_w25,503,101,3750,2355,1294,2276,0,9,70,21,16,15,131,43
20260808,r6_d30_t1_w25,504,102,3757,2357,1298,2280,1,5,72,22,13,16,131,43
20260808,r6_d30_t1_w25,505,105,3765,2362,1298,2282,4,7,73,16,11,16,131,43
20260808,r6_d30_t1_w25,506,109,3771,2364,1298,2284,16,7,73,4,11,18,131,43
20260808,r6_d30_t1_w25,507,113,3778,2367,1298,2298,21,5,64,10,12,18,131,43
20260808,r6_d30_t1_w25,508,116,3783,2369,1298,2303,21,5,61,13,12,20,131,43
20260808,r6_d30_t1_w25,509,122,3793,2373,1298,2308,21,6,59,14,14,21,131,43
20260808,r6_d30_t1_w25,510,129,3803,2376,1298,2314,12,7,55,26,22,20,131,43
20260808,r6_d30_t1_w25,511,127,3810,2385,1298,2318,6,12,55,27,21,18,131,43
20260808,r6_d30_t1_w25,512,123,3818,2397,1298,2323,8,21,53,18,18,18,131,43
20260808,r6_d30_t1_w25,513,125,3827,2404,1298,2330,9,19,55,17,23,18,131,43
20260808,r6_d30_t1_w25,514,125,3832,2409,1298,2333,7,12,64,17,24,18,131,43
20260808,r6_d30_t1_w25,515,123,3839,2418,1298,2337,4,14,67,15,21,18,131,43
20260808,r6_d30_t1_w25,516,123,3845,2424,1298,2341,4,15,68,13,20,17,131,43
20260808,r6_d30_t1_w25,517,130,3853,2425,1298,2343,4,7,75,14,22,17,131,43
20260808,r6_d30_t1_w25,518,133,3862,2429,1300,2349,4,5,75,16,25,17,131,43
20260808,r6_d30_t1_w25,519,121,3867,2440,1306,2355,4,15,70,11,24,15,131,43
20260808,r6_d30_t1_w25,520,116,3874,2448,1310,2356,3,19,73,5,24,13,101,38
20260808,r6_d30_t1_w25,521,120,3884,2449,1315,2359,2,9,81,8,26,11,101,38
20260808,r6_d30_t1_w25,522,118,3890,2451,1321,2363,0,3,85,12,26,11,101,38
20260808,r6_d30_t1_w25,523,118,3899,2456,1325,2367,1,7,82,10,26,11,101,38
20260808,r6_d30_t1_w25,524,116,3904,2459,1329,2369,1,8,82,9,26,11,101,38
20260808,r6_d30_t1_w25,525,115,3909,2461,1333,2373,3,5,83,9,25,11,126,43
20260808,r6_d30_t1_w25,526,110,3914,2467,1337,2381,5,8,78,9,24,12,126,43
20260808,r6_d30_t1_w25,527,113,3922,2472,1337,2388,6,11,73,10,25,13,126,43
20260808,r6_d30_t1_w25,528,113,3932,2476,1343,2391,0,9,76,15,30,12,126,43
20260808,r6_d30_t1_w25,529,113,3942,2479,1350,2397,0,7,75,18,30,13,126,43
20260808,r6_d30_t1_w25,530,114,3952,2484,1354,2403,0,8,73,19,30,16,131,43
20260808,r6_d30_t1_w25,531,110,3958,2491,1357,2408,0,12,71,17,27,16,131,43
20260808,r6_d30_t1_w25,532,107,3965,2496,1362,2413,8,12,71,9,22,18,131,43
20260808,r6_d30_t1_w25,533,109,3972,2499,1364,2419,10,8,72,10,21,18,131,43
20260808,r6_d30_t1_w25,534,109,3981,2502,1370,2427,12,6,69,13,13,18,131,43
20260808,r6_d30_t1_w25,535,114,3989,2505,1370,2434,13,6,65,16,14,19,131,43
20260808,r6_d30_t1_w25,536,120,3997,2507,1370,2438,2,5,64,29,16,20,131,43
20260808,r6_d30_t1_w25,537,121,4006,2515,1370,2447,2,10,58,30,15,19,131,43
20260808,r6_d30_t1_w25,538,124,4013,2519,1370,2451,5,12,56,27,13,20,131,43
20260808,r6_d30_t1_w25,539,128,4019,2521,1370,2456,5,6,59,30,16,20,131,43
20260808,r6_d30_t1_w25,540,134,4029,2525,1370,2462,2,6,57,35,19,20,131,43
20260808,r6_d30_t1_w25,541,130,4035,2535,1370,2465,3,14,56,27,16,20,131,43
20260808,r6_d30_t1_w25,542,131,4044,2543,1370,2466,5,18,59,18,22,20,131,43
20260808,r6_d30_t1_w25,543,134,4053,2549,1370,2469,5,14,66,15,24,19,131,43
20260808,r6_d30_t1_w25,544,136,4060,2554,1370,2473,5,11,70,14,24,18,131,43
20260808,r6_d30_t1_w25,545,142,4069,2557,1370,2476,2,8,73,17,23,18,131,43
20260808,r6_d30_t1_w25,546,145,4078,2560,1373,2479,1,6,75,18,21,17,131,43
20260808,r6_d30_t1_w25,547,146,4083,2562,1375,2486,7,5,71,17,22,17,131,43
20260808,r6_d30_t1_w25,548,133,4088,2575,1380,2491,2,15,69,14,21,16,131,43
20260808,r6_d30_t1_w25,549,137,4098,2580,1381,2498,3,18,64,15,22,15,131,43
20260808,r6_d30_t1_w25,550,138,4106,2582,1386,2505,3,7,70,20,22,14,126,43
20260808,r6_d30_t1_w25,551,136,4112,2587,1389,2507,3,7,73,17,20,14,126,43
20260808,r6_d30_t1_w25,552,134,4118,2592,1392,2514,14,10,68,8,21,14,126,43
20260808,r6_d30_t1_w25,553,135,4123,2594,1394,2518,15,7,69,9,22,14,126,43
20260808,r6_d30_t1_w25,554,134,4132,2600,1398,2525,13,8,67,12,23,13,126,43
20260808,r6_d30_t1_w25,555,128,4137,2603,1406,2526,3,9,68,20,23,13,131,43
20260808,r6_d30_t1_w25,556,124,4143,2609,1410,2530,2,9,70,19,23,14,131,43
20260808,r6_d30_t1_w25,557,120,4149,2613,1416,2540,4,10,63,23,21,13,131,43
20260808,r6_d30_t1_w25,558,114,4154,2619,1421,2550,6,10,59,25,20,15,131,43
20260808,r6_d30_t1_w25,559,110,4160,2625,1425,2552,6,12,61,21,20,15,131,43
20260808,r6_d30_t1_w25,560,110,4168,2633,1425,2556,8,14,63,15,20,15,131,43
20260808,r6_d30_t1_w25,561,100,4173,2646,1427,2561,4,21,64,11,19,13,131,43
20260808,r6_d30_t1_w25,562,101,4182,2649,1432,2568,4,16,65,15,16,16,131,43
20260808,r6_d30_t1_w25,563,105,4192,2652,1435,2571,4,6,75,15,13,18,131,43
20260808,r6_d30_t1_w25,564,107,4200,2658,1435,2574,5,9,75,11,12,18,131,43
20260808,r6_d30_t1_w25,565,112,4205,2658,1435,2578,7,6,74,13,13,19,131,43
20260808,r6_d30_t1_w25,566,115,4210,2660,1435,2580,8,2,78,12,13,19,131,43
20260808,r6_d30_t1_w25,567,122,4218,2661,1435,2587,13,3,71,13,15,19,131,43
20260808,r6_d30_t1_w25,568,128,4225,2662,1435,2589,15,2,71,12,15,20,131,43
20260808,r6_d30_t1_w25,569,127,4230,2668,1435,2593,15,7,68,10,15,21,131,43
20260808,r6_d30_t1_w25,570,133,4236,2668,1435,2599,10,6,63,21,21,21,121,43
20260808,r6_d30_t1_w25,571,132,4241,2674,1435,2604,4,6,64,26,18,21,121,43
20260808,r6_d30_t1_w25,572,130,4248,2683,1435,2608,3,15,60,22,19,21,121,43
20260808,r6_d30_t1_w25,573,123,4253,2695,1435,2612,1,21,62,16,17,21,121,43
20260808,r6_d30_t1_w25,574,121,4261,2702,1438,2618,0,19,65,16,17,20,121,43
20260808,r6_d30_t1_w25,575,120,4269,2705,1444,2625,1,10,70,19,19,18,131,43
20260808,r6_d30_t1_w25,576,120,4279,2711,1448,2633,0,9,69,22,23,18,131,43
20260808,r6_d30_t1_w25,577,121,4287,2717,1449,2637,3,12,68,17,23,17,131,43
20260808,r6_d30_t1_w25,578,118,4294,2725,1451,2640,6,14,71,9,21,17,131,43
20260808,r6_d30_t1_w25,579,117,4301,2726,1458,2648,13,9,69,9,21,15,131,43
20260808,r6_d30_t1_w25,580,118,4307,2729,1460,2653,14,4,72,10,23,14,131,43
20260808,r6_d30_t1_w25,581,115,4315,2735,1465,2657,5,9,69,17,22,13,131,43
20260808,r6_d30_t1_w25,582,111,4321,2740,1470,2659,1,11,70,18,21,12,131,43
20260808,r6_d30_t1_w25,583,113,4328,2742,1473,2663,2,7,72,19,22,12,131,43
20260808,r6_d30_t1_w25,584,114,4335,2743,1478,2666,3,3,74,20,22,12,131,43
20260808,r6_d30_t1_w25,585,109,4341,2747,1485,2671,15,5,71,9,22,11,131,43
20260808,r6_d30_t1_w25,586,110,4346,2748,1488,2676,18,5,67,10,23,11,131,43
20260808,r6_d30_t1_w25,587,109,4355,2751,1495,2678,18,4,69,9,24,13,131,43
20260808,r6_d30_t1_w25,588,104,4363,2756,1503,2687,17,8,61,14,22,16,131,43
20260808,r6_d30_t1_w25,589,107,4373,2758,1508,2691,16,7,60,17,19,18,131,43
20260808,r6_d30_t1_w25,590,103,4378,2767,1508,2697,17,11,59,13,18,17,131,43
20260808,r6_d30_t1_w25,591,106,4385,2770,1509,2707,20,12,51,17,18,20,131,43
20260808,r6_d30_t1_w25,592,110,4393,2773,1510,2710,21,6,57,16,18,21,131,43
20260808,r6_d30_t1_w25,593,105,4401,2782,1514,2718,22,12,52,14,16,21,131,43
20260808,r6_d30_t1_w25,594,99,4407,2790,1518,2725,26,17,48,9,14,21,131,43
20260808,r6_d30_t1_w25,595,101,4415,2796,1518,2730,29,14,52,5,13,20,131,43
20260808,r6_d30_t1_w25,596,104,4420,2798,1518,2734,29,8,56,7,15,21,131,43
20260808,r6_d30_t1_w25,597,106,4425,2801,1518,2738,23,5,58,14,14,23,131,43
20260808,r6_d30_t1_w25,598,110,4431,2803,1518,2742,5,5,56,34,13,24,131,43
20260808,r6_d30_t1_w25,599,117,4440,2805,1518,2745,5,4,56,35,13,24,131,43
20260808,r6_d30_t1_w25,600,125,4450,2807,1518,2746,14,4,57,25,17,24,121,40
