seed,combo,t,queue,generated,matched,cancelled,completed,idle,enroute,ontrip,rebal,alertCells,maxPendingCell,trafficCells15,trafficCells25
20260808,r6_d30_t1_w20,1,5,7,2,0,0,98,2,0,0,0,1,131,43
20260808,r6_d30_t1_w20,2,11,13,2,0,0,93,2,0,5,3,3,131,43
20260808,r6_d30_t1_w20,3,17,19,2,0,0,74,2,0,24,4,4,131,43
20260808,r6_d30_t1_w20,4,17,24,7,0,0,73,6,1,20,4,5,131,43
20260808,r6_d30_t1_w20,5,3,29,26,0,0,73,23,3,1,0,1,131,43
20260808,r6_d30_t1_w20,6,8,35,27,0,0,73,11,16,0,2,2,131,43
20260808,r6_d30_t1_w20,7,14,41,27,0,0,73,7,20,0,4,4,131,43
20260808,r6_d30_t1_w20,8,23,50,27,0,0,73,4,23,0,7,5,131,43
20260808,r6_d30_t1_w20,9,32,59,27,0,0,73,3,24,0,7,6,131,43
20260808,r6_d30_t1_w20,10,38,66,28,0,0,71,3,25,1,8,7,131,43
20260808,r6_d30_t1_w20,11,47,75,28,0,0,71,2,26,1,8,7,131,43
20260808,r6_d30_t1_w20,12,51,81,30,0,0,70,4,26,0,8,8,131,43
20260808,r6_d30_t1_w20,13,61,91,30,0,1,71,3,26,0,9,8,131,43
20260808,r6_d30_t1_w20,14,65,96,31,0,1,69,3,27,1,9,9,131,43
20260808,r6_d30_t1_w20,15,74,106,32,0,4,71,4,24,1,9,9,131,43
20260808,r6_d30_t1_w20,16,79,113,34,0,4,70,5,25,0,9,10,131,43
20260808,r6_d30_t1_w20,17,86,121,35,0,4,69,5,26,0,9,11,131,43
20260808,r6_d30_t1_w20,18,91,127,36,0,6,70,6,24,0,9,12,131,43
20260808,r6_d30_t1_w20,19,97,134,37,0,10,69,5,22,4,9,13,131,43
20260808,r6_d30_t1_w20,20,102,141,39,0,13,70,5,21,4,9,14,121,40
20260808,r6_d30_t1_w20,21,103,146,43,0,13,70,8,22,0,9,15,121,40
20260808,r6_d30_t1_w20,22,109,153,44,0,14,70,7,23,0,9,15,121,40
20260808,r6_d30_t1_w20,23,112,160,47,1,17,68,10,20,2,9,16,121,40
20260808,r6_d30_t1_w20,24,118,168,49,1,21,69,12,16,3,9,17,121,40
20260808,r6_d30_t1_w20,25,124,177,52,1,25,69,14,13,4,9,18,126,43
20260808,r6_d30_t1_w20,26,127,182,54,1,26,69,11,17,3,9,18,126,43
20260808,r6_d30_t1_w20,27,129,190,57,4,26,69,13,18,0,9,20,126,43
20260808,r6_d30_t1_w20,28,129,197,57,11,27,69,10,20,1,9,21,126,43
20260808,r6_d30_t1_w20,29,126,203,58,19,28,68,9,21,2,9,20,126,43
20260808,r6_d30_t1_w20,30,126,212,63,23,28,63,12,23,2,10,18,131,43
20260808,r6_d30_t1_w20,31,124,219,64,31,29,49,10,25,16,12,17,131,43
20260808,r6_d30_t1_w20,32,126,228,65,37,31,39,9,25,27,15,17,131,43
20260808,r6_d30_t1_w20,33,111,237,81,45,32,39,24,25,12,12,16,131,43
20260808,r6_d30_t1_w20,34,106,247,93,48,32,39,30,31,0,10,16,131,43
20260808,r6_d30_t1_w20,35,106,257,94,57,35,41,28,31,0,14,15,131,43
20260808,r6_d30_t1_w20,36,111,267,94,62,36,41,22,36,1,15,13,131,43
20260808,r6_d30_t1_w20,37,111,274,96,67,40,42,13,43,2,15,12,131,43
20260808,r6_d30_t1_w20,38,113,283,99,71,40,39,10,49,2,17,12,131,43
20260808,r6_d30_t1_w20,39,115,291,100,76,40,39,9,51,1,17,11,131,43
20260808,r6_d30_t1_w20,40,115,301,103,83,40,37,10,53,0,18,10,131,43
20260808,r6_d30_t1_w20,41,117,307,103,87,43,38,8,52,2,18,10,131,43
20260808,r6_d30_t1_w20,42,119,316,104,93,44,37,7,53,3,18,10,131,43
20260808,r6_d30_t1_w20,43,118,322,107,97,48,38,9,50,3,18,10,131,43
20260808,r6_d30_t1_w20,44,117,331,111,103,54,40,11,46,3,18,11,131,43
20260808,r6_d30_t1_w20,45,116,340,114,110,56,40,12,46,2,17,10,131,43
20260808,r6_d30_t1_w20,46,117,348,117,114,58,39,11,48,2,16,11,131,43
20260808,r6_d30_t1_w20,47,118,358,118,122,60,41,11,47,1,14,13,131,43
20260808,r6_d30_t1_w20,48,118,368,121,129,68,42,13,40,5,10,14,131,43
20260808,r6_d30_t1_w20,49,119,376,122,135,72,43,10,40,7,9,15,131,43
20260808,r6_d30_t1_w20,50,122,382,125,135,75,48,11,39,2,9,14,126,43
20260808,r6_d30_t1_w20,51,127,389,126,136,79,52,10,37,1,9,15,126,43
20260808,r6_d30_t1_w20,52,132,399,131,136,83,51,12,36,1,9,16,126,43
20260808,r6_d30_t1_w20,53,138,408,133,137,87,54,12,34,0,9,17,126,43
20260808,r6_d30_t1_w20,54,145,416,133,138,90,53,10,33,4,9,18,126,43
20260808,r6_d30_t1_w20,55,150,425,133,142,93,55,8,32,5,9,18,131,43
20260808,r6_d30_t1_w20,56,147,434,139,148,96,56,12,31,1,9,18,131,43
20260808,r6_d30_t1_w20,57,148,441,141,152,98,56,12,31,1,9,18,131,43
20260808,r6_d30_t1_w20,58,147,447,142,158,101,57,10,31,2,9,18,131,43
20260808,r6_d30_t1_w20,59,145,453,143,165,103,57,8,32,3,9,18,131,43
20260808,r6_d30_t1_w20,60,144,460,145,171,104,55,7,34,4,10,18,131,43
20260808,r6_d30_t1_w20,61,146,468,148,174,105,41,9,34,16,13,18,131,43
20260808,r6_d30_t1_w20,62,144,475,151,180,107,14,10,34,42,15,16,131,43
20260808,r6_d30_t1_w20,63,132,483,166,185,111,15,25,30,30,11,16,131,43
20260808,r6_d30_t1_w20,64,120,493,179,194,113,32,33,33,2,9,15,131,43
20260808,r6_d30_t1_w20,65,116,500,182,202,114,31,26,42,1,9,15,131,43
20260808,r6_d30_t1_w20,66,107,507,190,210,118,26,26,46,2,9,15,131,43
20260808,r6_d30_t1_w20,67,97,512,197,218,119,21,28,50,1,9,14,131,43
20260808,r6_d30_t1_w20,68,89,518,204,225,123,18,27,54,1,9,14,131,43
20260808,r6_d30_t1_w20,69,92,527,204,231,124,17,19,61,3,11,14,131,43
20260808,r6_d30_t1_w20,70,93,534,206,235,126,15,17,63,5,14,13,131,43
20260808,r6_d30_t1_w20,71,91,542,209,242,129,15,17,63,5,15,13,131,43
20260808,r6_d30_t1_w20,72,88,547,212,247,131,16,13,68,3,15,12,131,43
20260808,r6_d30_t1_w20,73,82,553,216,255,136,16,13,67,4,15,11,131,43
20260808,r6_d30_t1_w20,74,81,559,217,261,138,16,9,70,5,13,10,131,43
20260808,r6_d30_t1_w20,75,75,564,221,268,143,18,9,69,4,14,9,131,43
20260808,r6_d30_t1_w20,76,69,570,225,276,147,19,11,67,3,13,8,131,43
20260808,r6_d30_t1_w20,77,70,580,229,281,148,17,11,70,2,11,7,131,43
20260808,r6_d30_t1_w20,78,70,586,230,286,151,18,9,70,3,10,7,131,43
20260808,r6_d30_t1_w20,79,68,592,232,292,156,20,10,66,4,8,8,131,43
20260808,r6_d30_t1_w20,80,71,599,236,292,161,21,12,63,4,8,10,131,43
20260808,r6_d30_t1_w20,81,71,604,240,293,169,27,14,57,2,9,9,131,43
20260808,r6_d30_t1_w20,82,74,612,244,294,174,29,18,52,1,9,10,131,43
20260808,r6_d30_t1_w20,83,79,618,244,295,179,33,16,49,2,9,11,131,43
20260808,r6_d30_t1_w20,84,82,623,246,295,185,37,16,45,2,9,12,131,43
20260808,r6_d30_t1_w20,85,85,629,249,295,193,40,15,41,4,9,14,131,43
20260808,r6_d30_t1_w20,86,93,639,251,295,195,41,15,41,3,9,15,131,43
20260808,r6_d30_t1_w20,87,97,646,254,295,197,42,13,44,1,9,15,131,43
20260808,r6_d30_t1_w20,88,100,653,257,296,204,44,14,39,3,9,16,131,43
20260808,r6_d30_t1_w20,89,106,662,259,297,208,47,13,38,2,9,15,131,43
20260808,r6_d30_t1_w20,90,104,669,266,299,210,43,17,39,1,9,15,131,43
20260808,r6_d30_t1_w20,91,106,674,269,299,212,41,18,39,2,9,15,131,43
20260808,r6_d30_t1_w20,92,107,680,272,301,215,39,20,37,4,10,15,131,43
20260808,r6_d30_t1_w20,93,106,687,277,304,218,22,21,38,19,13,15,131,43
20260808,r6_d30_t1_w20,94,105,695,284,306,222,21,23,39,17,16,14,131,43
20260808,r6_d30_t1_w20,95,92,700,300,308,226,24,34,40,2,11,14,131,43
20260808,r6_d30_t1_w20,96,93,705,302,310,226,23,30,46,1,13,14,131,43
20260808,r6_d30_t1_w20,97,96,715,303,316,230,24,24,49,3,16,12,131,43
20260808,r6_d30_t1_w20,98,98,722,304,320,230,23,17,57,3,17,12,131,43
20260808,r6_d30_t1_w20,99,99,728,307,322,233,25,18,56,1,17,10,131,43
20260808,r6_d30_t1_w20,100,103,738,307,328,236,28,13,58,1,17,8,121,40
20260808,r6_d30_t1_w20,101,105,744,308,331,239,26,8,61,5,17,8,121,40
20260808,r6_d30_t1_w20,102,106,751,308,337,240,27,6,62,5,17,8,121,40
20260808,r6_d30_t1_w20,103,105,758,313,340,241,25,6,66,3,18,9,121,40
20260808,r6_d30_t1_w20,104,107,764,313,344,245,26,3,65,6,18,10,121,40
20260808,r6_d30_t1_w20,105,106,774,319,349,249,25,6,64,5,18,11,131,43
20260808,r6_d30_t1_w20,106,104,783,324,355,253,24,11,60,5,14,11,131,43
20260808,r6_d30_t1_w20,107,104,792,328,360,258,25,13,57,5,11,12,131,43
20260808,r6_d30_t1_w20,108,104,800,332,364,261,25,15,56,4,9,13,131,43
20260808,r6_d30_t1_w20,109,100,808,338,370,270,27,20,48,5,9,12,131,43
20260808,r6_d30_t1_w20,110,105,816,341,370,274,28,19,48,5,9,12,131,43
20260808,r6_d30_t1_w20,111,106,821,344,371,276,29,17,51,3,9,13,131,43
20260808,r6_d30_t1_w20,112,106,827,349,372,280,29,19,50,2,9,16,131,43
20260808,r6_d30_t1_w20,113,110,832,350,372,288,35,15,47,3,9,16,131,43
20260808,r6_d30_t1_w20,114,116,841,353,372,296,36,14,43,7,9,16,131,43
20260808,r6_d30_t1_w20,115,122,850,356,372,302,39,14,40,7,9,16,131,43
20260808,r6_d30_t1_w20,116,121,858,363,374,306,41,18,39,2,9,16,131,43
20260808,r6_d30_t1_w20,117,128,867,365,374,308,43,18,39,0,9,17,131,43
20260808,r6_d30_t1_w20,118,133,872,365,374,308,43,12,45,0,9,18,131,43
20260808,r6_d30_t1_w20,119,136,879,367,376,311,44,12,44,0,9,18,131,43
20260808,r6_d30_t1_w20,120,128,886,373,385,314,40,14,45,1,9,18,131,43
20260808,r6_d30_t1_w20,121,129,893,374,390,316,39,11,47,3,11,18,131,43
20260808,r6_d30_t1_w20,122,131,903,376,396,317,24,11,48,17,14,17,131,43
20260808,r6_d30_t1_w20,123,127,911,382,402,322,24,15,45,16,15,17,131,43
20260808,r6_d30_t1_w20,124,116,921,398,407,323,23,29,46,2,13,17,131,43
20260808,r6_d30_t1_w20,125,112,926,399,415,325,24,26,48,2,15,17,121,40
20260808,r6_d30_t1_w20,126,110,931,400,421,328,26,21,51,2,15,17,121,40
20260808,r6_d30_t1_w20,127,109,938,401,428,329,25,15,57,3,15,15,121,40
20260808,r6_d30_t1_w20,128,105,945,405,435,335,25,11,59,5,15,14,121,40
20260808,r6_d30_t1_w20,129,104,953,409,440,338,26,12,59,3,16,11,121,40
20260808,r6_d30_t1_w20,130,100,960,414,446,343,24,15,56,5,17,10,131,43
20260808,r6_d30_t1_w20,131,103,968,415,450,347,25,14,54,7,17,9,131,43
20260808,r6_d30_t1_w20,132,100,974,422,452,349,24,19,54,3,17,10,131,43
20260808,r6_d30_t1_w20,133,100,980,425,455,352,24,18,55,3,17,10,131,43
20260808,r6_d30_t1_w20,134,94,985,429,462,357,23,18,54,5,16,9,131,43
20260808,r6_d30_t1_w20,135,95,994,434,465,362,25,18,54,3,16,9,131,43
20260808,r6_d30_t1_w20,136,94,1001,437,470,366,26,16,55,3,15,10,131,43
20260808,r6_d30_t1_w20,137,92,1008,439,477,369,26,16,54,4,14,10,131,43
20260808,r6_d30_t1_w20,138,93,1016,443,480,372,26,17,54,3,10,11,131,43
20260808,r6_d30_t1_w20,139,94,1026,446,486,376,26,16,54,4,9,12,131,43
20260808,r6_d30_t1_w20,140,101,1036,449,486,380,29,16,53,2,9,14,131,43
20260808,r6_d30_t1_w20,141,102,1041,453,486,383,29,15,55,1,9,15,131,43
20260808,r6_d30_t1_w20,142,106,1046,454,486,388,31,12,54,3,9,15,131,43
20260808,r6_d30_t1_w20,143,112,1054,456,486,391,32,12,53,3,9,14,131,43
20260808,r6_d30_t1_w20,144,115,1060,459,486,395,35,12,52,1,9,16,131,43
20260808,r6_d30_t1_w20,145,118,1067,462,487,398,36,13,51,0,9,19,131,43
20260808,r6_d30_t1_w20,146,120,1073,464,489,402,36,14,48,2,9,18,131,43
20260808,r6_d30_t1_w20,147,118,1078,466,494,412,38,13,41,8,9,17,131,43
20260808,r6_d30_t1_w20,148,117,1086,470,499,416,38,15,39,8,9,18,131,43
20260808,r6_d30_t1_w20,149,116,1091,476,499,418,39,19,39,3,9,19,131,43
20260808,r6_d30_t1_w20,150,117,1098,481,500,419,35,21,41,3,10,19,131,43
20260808,r6_d30_t1_w20,151,117,1106,484,505,421,13,19,44,24,11,19,131,43
20260808,r6_d30_t1_w20,152,118,1114,487,509,427,15,18,42,25,13,19,131,43
20260808,r6_d30_t1_w20,153,99,1122,510,513,430,17,32,48,3,9,19,131,43
20260808,r6_d30_t1_w20,154,96,1127,514,517,436,20,29,49,2,9,18,131,43
20260808,r6_d30_t1_w20,155,98,1134,514,522,442,23,21,51,5,11,17,126,43
20260808,r6_d30_t1_w20,156,100,1143,516,527,443,21,13,60,6,15,17,126,43
20260808,r6_d30_t1_w20,157,96,1149,519,534,446,21,11,62,6,15,16,126,43
20260808,r6_d30_t1_w20,158,92,1157,524,541,448,20,9,67,4,16,15,126,43
20260808,r6_d30_t1_w20,159,89,1162,527,546,450,22,10,67,1,16,14,126,43
20260808,r6_d30_t1_w20,160,87,1170,528,555,451,23,7,70,0,16,13,131,43
20260808,r6_d30_t1_w20,161,88,1175,528,559,453,25,4,71,0,16,12,131,43
20260808,r6_d30_t1_w20,162,93,1184,528,563,455,25,4,69,2,15,11,131,43
20260808,r6_d30_t1_w20,163,90,1189,530,569,462,28,5,63,4,14,11,131,43
20260808,r6_d30_t1_w20,164,90,1197,532,575,468,30,5,59,6,16,10,131,43
20260808,r6_d30_t1_w20,165,90,1206,536,580,472,31,9,55,5,16,10,131,43
20260808,r6_d30_t1_w20,166,90,1214,541,583,476,31,13,52,4,14,11,131,43
20260808,r6_d30_t1_w20,167,92,1220,543,585,481,31,12,50,7,13,11,131,43
20260808,r6_d30_t1_w20,168,90,1228,548,590,490,33,16,42,9,10,12,131,43
20260808,r6_d30_t1_w20,169,89,1234,552,593,491,32,17,44,7,9,12,131,43
20260808,r6_d30_t1_w20,170,92,1243,558,593,499,37,21,38,4,9,13,131,43
20260808,r6_d30_t1_w20,171,97,1251,560,594,503,40,21,36,3,9,13,131,43
20260808,r6_d30_t1_w20,172,100,1257,563,594,507,40,23,33,4,9,14,131,43
20260808,r6_d30_t1_w20,173,99,1262,569,594,515,42,24,30,4,9,14,131,43
20260808,r6_d30_t1_w20,174,100,1267,573,594,518,42,21,34,3,9,15,131,43
20260808,r6_d30_t1_w20,175,107,1277,576,594,523,42,19,34,5,9,16,131,43
20260808,r6_d30_t1_w20,176,112,1286,579,595,525,42,17,37,4,9,18,131,43
20260808,r6_d30_t1_w20,177,115,1292,582,595,525,41,16,41,2,9,18,131,43
20260808,r6_d30_t1_w20,178,120,1301,584,597,526,41,13,45,1,9,18,131,43
20260808,r6_d30_t1_w20,179,126,1308,585,597,528,41,10,47,2,9,18,131,43
20260808,r6_d30_t1_w20,180,126,1314,590,598,530,38,14,46,2,9,18,121,40
20260808,r6_d30_t1_w20,181,129,1324,594,601,533,35,15,46,4,10,18,121,40
20260808,r6_d30_t1_w20,182,127,1331,594,610,534,19,12,48,21,14,16,121,40
20260808,r6_d30_t1_w20,183,128,1339,599,612,538,17,15,46,22,15,16,121,40
20260808,r6_d30_t1_w20,184,111,1344,617,616,543,18,28,46,8,13,16,121,40
20260808,r6_d30_t1_w20,185,110,1353,623,620,545,19,28,50,3,13,16,131,43
20260808,r6_d30_t1_w20,186,107,1359,627,625,548,18,23,56,3,17,14,131,43
20260808,r6_d30_t1_w20,187,107,1364,628,629,550,19,18,60,3,18,13,131,43
20260808,r6_d30_t1_w20,188,103,1369,631,635,553,19,17,61,3,17,13,131,43
20260808,r6_d30_t1_w20,189,102,1374,633,639,557,19,13,63,5,17,11,131,43
20260808,r6_d30_t1_w20,190,97,1380,636,647,561,19,11,64,6,17,10,131,43
20260808,r6_d30_t1_w20,191,98,1390,640,652,568,20,13,59,8,17,8,131,43
20260808,r6_d30_t1_w20,192,102,1399,644,653,573,21,14,57,8,18,8,131,43
20260808,r6_d30_t1_w20,193,101,1404,650,653,576,20,13,61,6,18,8,131,43
20260808,r6_d30_t1_w20,194,101,1411,655,655,581,21,11,63,5,17,8,131,43
20260808,r6_d30_t1_w20,195,98,1419,657,664,586,22,13,58,7,17,10,131,43
20260808,r6_d30_t1_w20,196,99,1428,660,669,588,23,10,62,5,15,10,131,43
20260808,r6_d30_t1_w20,197,98,1434,666,670,593,23,11,62,4,12,10,131,43
20260808,r6_d30_t1_w20,198,97,1443,669,677,597,23,11,61,5,10,13,131,43
20260808,r6_d30_t1_w20,199,96,1450,672,682,599,24,10,63,3,9,16,131,43
20260808,r6_d30_t1_w20,200,102,1459,675,682,602,26,12,61,1,9,16,131,43
20260808,r6_d30_t1_w20,201,109,1469,678,682,605,27,11,62,0,9,16,131,43
20260808,r6_d30_t1_w20,202,116,1478,680,682,609,28,13,58,1,9,17,131,43
20260808,r6_d30_t1_w20,203,125,1487,680,682,614,31,11,55,3,10,18,131,43
20260808,r6_d30_t1_w20,204,128,1492,682,682,618,27,12,52,9,10,17,131,43
20260808,r6_d30_t1_w20,205,132,1499,685,682,625,31,13,47,9,9,18,131,43
20260808,r6_d30_t1_w20,206,132,1506,691,683,631,34,14,46,6,9,18,131,43
20260808,r6_d30_t1_w20,207,132,1512,694,686,635,36,14,45,5,9,19,131,43
20260808,r6_d30_t1_w20,208,136,1521,698,687,636,37,16,46,1,9,17,131,43
20260808,r6_d30_t1_w20,209,136,1528,701,691,639,37,15,47,1,9,19,131,43
20260808,r6_d30_t1_w20,210,136,1537,704,697,643,37,16,45,2,9,17,131,43
20260808,r6_d30_t1_w20,211,134,1544,706,704,646,37,13,47,3,10,17,131,43
20260808,r6_d30_t1_w20,212,132,1551,710,709,653,26,15,42,17,13,16,131,43
20260808,r6_d30_t1_w20,213,134,1559,714,711,657,27,18,39,16,15,16,131,43
20260808,r6_d30_t1_w20,214,123,1569,729,717,661,30,29,39,2,13,16,131,43
20260808,r6_d30_t1_w20,215,121,1575,731,723,663,29,25,43,3,16,14,131,43
20260808,r6_d30_t1_w20,216,119,1583,733,731,667,31,20,46,3,16,14,131,43
20260808,r6_d30_t1_w20,217,114,1588,737,737,671,30,18,48,4,16,14,131,43
20260808,r6_d30_t1_w20,218,113,1597,738,746,672,30,16,50,4,16,13,131,43
20260808,r6_d30_t1_w20,219,108,1602,742,752,675,30,18,49,3,15,13,131,43
20260808,r6_d30_t1_w20,220,105,1609,745,759,679,29,16,50,5,16,10,131,43
20260808,r6_d30_t1_w20,221,98,1614,750,766,682,27,16,52,5,16,9,131,43
20260808,r6_d30_t1_w20,222,94,1619,753,772,683,28,13,57,2,16,8,131,43
20260808,r6_d30_t1_w20,223,94,1627,755,778,688,30,13,54,3,17,8,131,43
20260808,r6_d30_t1_w20,224,98,1635,755,782,691,29,9,55,7,17,9,131,43
20260808,r6_d30_t1_w20,225,95,1644,762,787,695,29,12,55,4,17,11,131,43
20260808,r6_d30_t1_w20,226,91,1650,767,792,698,30,14,55,1,15,10,131,43
20260808,r6_d30_t1_w20,227,97,1660,768,795,700,31,12,56,1,14,12,131,43
20260808,r6_d30_t1_w20,228,95,1668,770,803,702,30,11,57,2,12,13,131,43
20260808,r6_d30_t1_w20,229,92,1674,773,809,707,31,10,56,3,9,14,131,43
20260808,r6_d30_t1_w20,230,95,1679,775,809,710,31,10,55,4,9,14,131,43
20260808,r6_d30_t1_w20,231,98,1685,777,810,714,34,9,54,3,9,15,131,43
20260808,r6_d30_t1_w20,232,104,1695,781,810,719,35,9,53,3,9,14,131,43
20260808,r6_d30_t1_w20,233,110,1704,784,810,726,39,11,47,3,9,15,131,43
20260808,r6_d30_t1_w20,234,112,1710,788,810,732,43,12,44,1,9,15,131,43
20260808,r6_d30_t1_w20,235,117,1716,789,810,737,45,13,39,3,9,16,111,40
20260808,r6_d30_t1_w20,236,116,1726,795,815,742,43,17,36,4,9,16,111,40
20260808,r6_d30_t1_w20,237,119,1733,799,815,746,45,18,35,2,9,18,111,40
20260808,r6_d30_t1_w20,238,120,1743,803,820,749,46,20,34,0,9,18,111,40
20260808,r6_d30_t1_w20,239,123,1751,804,824,753,48,19,32,1,9,20,111,40
20260808,r6_d30_t1_w20,240,123,1759,806,830,757,48,18,31,3,10,18,131,43
20260808,r6_d30_t1_w20,241,123,1764,809,832,762,36,15,32,17,12,18,131,43
20260808,r6_d30_t1_w20,242,127,1774,812,835,764,15,14,34,37,15,17,131,43
20260808,r6_d30_t1_w20,243,110,1779,828,841,766,14,27,35,24,10,17,131,43
20260808,r6_d30_t1_w20,244,99,1787,840,848,767,25,35,38,2,9,13,131,43
20260808,r6_d30_t1_w20,245,95,1792,843,854,768,24,28,47,1,9,13,131,43
20260808,r6_d30_t1_w20,246,90,1800,851,859,770,17,29,52,2,9,13,131,43
20260808,r6_d30_t1_w20,247,84,1807,856,867,774,16,26,56,2,9,12,131,43
20260808,r6_d30_t1_w20,248,85,1815,857,873,774,13,23,60,4,11,10,131,43
20260808,r6_d30_t1_w20,249,86,1821,859,876,777,15,19,63,3,14,9,131,43
20260808,r6_d30_t1_w20,250,87,1829,862,880,782,17,18,62,3,16,9,131,43
20260808,r6_d30_t1_w20,251,91,1839,862,886,785,17,11,66,6,18,9,131,43
20260808,r6_d30_t1_w20,252,88,1847,867,892,786,16,14,67,3,18,8,131,43
20260808,r6_d30_t1_w20,253,86,1853,870,897,789,16,15,66,3,17,8,131,43
20260808,r6_d30_t1_w20,254,89,1861,870,902,789,16,12,69,3,17,8,131,43
20260808,r6_d30_t1_w20,255,92,1870,873,905,791,16,11,71,2,16,8,122,43
20260808,r6_d30_t1_w20,256,93,1879,876,910,797,18,13,66,3,16,11,122,43
20260808,r6_d30_t1_w20,257,88,1885,880,917,803,19,12,65,4,14,13,122,43
20260808,r6_d30_t1_w20,258,84,1891,882,925,810,22,11,61,6,10,14,122,43
20260808,r6_d30_t1_w20,259,77,1897,889,931,818,24,16,55,5,9,14,122,43
20260808,r6_d30_t1_w20,260,81,1904,892,931,823,28,17,52,3,9,15,131,43
20260808,r6_d30_t1_w20,261,86,1914,897,931,833,32,20,44,4,9,17,131,43
20260808,r6_d30_t1_w20,262,94,1924,899,931,834,31,19,46,4,9,16,131,43
20260808,r6_d30_t1_w20,263,101,1934,902,931,837,30,17,48,5,9,16,131,43
20260808,r6_d30_t1_w20,264,109,1944,904,931,842,30,14,48,8,9,16,131,43
20260808,r6_d30_t1_w20,265,109,1949,909,931,847,34,18,44,4,9,16,131,43
20260808,r6_d30_t1_w20,266,107,1955,917,931,852,33,21,44,2,9,16,131,43
20260808,r6_d30_t1_w20,267,112,1962,919,931,854,33,20,45,2,9,17,131,43
20260808,r6_d30_t1_w20,268,117,1971,922,932,857,35,19,46,0,9,19,131,43
20260808,r6_d30_t1_w20,269,121,1976,923,932,858,35,18,47,0,9,20,131,43
20260808,r6_d30_t1_w20,270,128,1986,926,932,865,39,19,42,0,9,20,131,43
20260808,r6_d30_t1_w20,271,132,1991,926,933,869,35,13,44,8,12,20,131,43
20260808,r6_d30_t1_w20,272,135,1999,927,937,870,19,12,45,24,12,20,131,43
20260808,r6_d30_t1_w20,273,134,2009,937,938,874,18,18,45,19,13,19,131,43
20260808,r6_d30_t1_w20,274,119,2017,953,945,877,18,27,49,6,13,17,131,43
20260808,r6_d30_t1_w20,275,115,2024,956,953,878,18,19,59,4,14,16,131,43
20260808,r6_d30_t1_w20,276,113,2034,961,960,882,14,20,59,7,15,15,131,43
20260808,r6_d30_t1_w20,277,116,2043,964,963,883,13,15,66,6,17,15,131,43
20260808,r6_d30_t1_w20,278,112,2050,972,966,884,11,19,69,1,17,14,131,43
20260808,r6_d30_t1_w20,279,114,2057,976,967,891,11,19,66,4,18,13,131,43
20260808,r6_d30_t1_w20,280,117,2067,978,972,895,13,17,66,4,18,11,131,43
20260808,r6_d30_t1_w20,281,112,2075,982,981,900,15,15,67,3,17,11,131,43
20260808,r6_d30_t1_w20,282,110,2082,983,989,904,8,11,68,13,17,10,131,43
20260808,r6_d30_t1_w20,283,108,2090,985,997,907,10,8,70,12,17,11,131,43
20260808,r6_d30_t1_w20,284,104,2097,988,1005,909,11,4,75,10,16,12,131,43
20260808,r6_d30_t1_w20,285,106,2104,990,1008,912,11,6,72,11,15,13,121,40
20260808,r6_d30_t1_w20,286,105,2113,1000,1008,918,11,12,70,7,13,15,121,40
20260808,r6_d30_t1_w20,287,104,2119,1006,1009,928,13,14,64,9,12,15,121,40
20260808,r6_d30_t1_w20,288,97,2124,1013,1014,934,14,17,62,7,10,16,121,40
20260808,r6_d30_t1_w20,289,92,2129,1021,1016,941,14,22,58,6,9,17,121,40
20260808,r6_d30_t1_w20,290,96,2135,1023,1016,946,19,20,57,4,9,17,126,43
20260808,r6_d30_t1_w20,291,101,2145,1028,1016,953,24,23,52,1,9,17,126,43
20260808,r6_d30_t1_w20,292,105,2152,1031,1016,955,23,19,57,1,9,18,126,43
20260808,r6_d30_t1_w20,293,110,2158,1032,1016,958,23,19,55,3,9,19,126,43
20260808,r6_d30_t1_w20,294,114,2164,1034,1016,960,24,15,59,2,9,19,126,43
20260808,r6_d30_t1_w20,295,118,2171,1037,1016,963,24,14,60,2,9,20,131,43
20260808,r6_d30_t1_w20,296,120,2176,1039,1017,972,28,14,53,5,9,20,131,43
20260808,r6_d30_t1_w20,297,120,2184,1041,1023,973,28,12,56,4,9,19,131,43
20260808,r6_d30_t1_w20,298,122,2193,1046,1025,981,32,14,51,3,9,18,131,43
20260808,r6_d30_t1_w20,299,123,2199,1047,1029,981,31,12,54,3,9,18,131,43
20260808,r6_d30_t1_w20,300,121,2209,1051,1037,983,29,12,56,3,10,14,131,43
20260808,r6_d30_t1_w20,301,126,2218,1052,1040,986,20,13,53,14,14,14,131,43
20260808,r6_d30_t1_w20,302,127,2228,1054,1047,990,20,11,53,16,15,14,131,43
20260808,r6_d30_t1_w20,303,118,2237,1066,1053,994,22,18,54,6,15,12,131,43
20260808,r6_d30_t1_w20,304,114,2244,1070,1060,1000,25,18,52,5,15,12,131,43
20260808,r6_d30_t1_w20,305,114,2252,1074,1064,1005,26,19,50,5,16,12,131,43
20260808,r6_d30_t1_w20,306,112,2261,1078,1071,1008,26,21,49,4,17,11,131,43
20260808,r6_d30_t1_w20,307,110,2266,1082,1074,1016,30,17,49,4,17,11,131,43
20260808,r6_d30_t1_w20,308,111,2273,1084,1078,1016,30,10,58,2,18,10,131,43
20260808,r6_d30_t1_w20,309,116,2283,1087,1080,1021,33,12,54,1,18,12,131,43
20260808,r6_d30_t1_w20,310,121,2292,1087,1084,1024,34,7,56,3,18,14,131,43
20260808,r6_d30_t1_w20,311,119,2301,1091,1091,1028,33,8,55,4,16,15,131,43
20260808,r6_d30_t1_w20,312,121,2307,1093,1093,1031,34,7,55,4,16,16,131,43
20260808,r6_d30_t1_w20,313,123,2314,1095,1096,1033,35,6,56,3,16,16,131,43
20260808,r6_d30_t1_w20,314,123,2321,1098,1100,1037,36,8,53,3,16,15,131,43
20260808,r6_d30_t1_w20,315,122,2327,1101,1104,1039,35,9,53,3,16,14,131,43
20260808,r6_d30_t1_w20,316,123,2337,1106,1108,1047,36,11,48,5,14,13,131,43
20260808,r6_d30_t1_w20,317,120,2343,1107,1116,1050,37,11,46,6,11,14,131,43
20260808,r6_d30_t1_w20,318,113,2349,1113,1123,1058,39,16,39,6,9,15,131,43
20260808,r6_d30_t1_w20,319,110,2354,1117,1127,1061,38,16,40,6,9,15,131,43
20260808,r6_d30_t1_w20,320,114,2362,1121,1127,1065,40,17,39,4,9,16,131,43
20260808,r6_d30_t1_w20,321,116,2370,1126,1128,1069,40,20,37,3,9,16,131,43
20260808,r6_d30_t1_w20,322,121,2378,1129,1128,1073,42,19,37,2,9,17,131,43
20260808,r6_d30_t1_w20,323,126,2384,1130,1128,1076,45,16,38,1,9,18,131,43
20260808,r6_d30_t1_w20,324,130,2391,1133,1128,1078,45,16,39,0,9,18,131,43
20260808,r6_d30_t1_w20,325,131,2400,1134,1135,1079,45,14,41,0,9,18,131,43
20260808,r6_d30_t1_w20,326,130,2407,1135,1142,1082,45,15,38,2,9,18,131,43
20260808,r6_d30_t1_w20,327,129,2412,1136,1147,1084,46,14,38,2,9,19,131,43
20260808,r6_d30_t1_w20,328,132,2422,1139,1151,1088,48,12,39,1,9,19,131,43
20260808,r6_d30_t1_w20,329,130,2429,1141,1158,1088,45,11,42,2,9,21,131,43
20260808,r6_d30_t1_w20,330,130,2439,1144,1165,1092,46,12,40,2,9,19,131,43
20260808,r6_d30_t1_w20,331,123,2446,1150,1173,1096,41,17,37,5,11,18,131,43
20260808,r6_d30_t1_w20,332,126,2455,1151,1178,1099,13,17,35,35,16,17,131,43
20260808,r6_d30_t1_w20,333,123,2462,1157,1182,1102,10,18,37,35,14,17,131,43
20260808,r6_d30_t1_w20,334,100,2467,1179,1188,1103,20,35,41,4,9,17,131,43
20260808,r6_d30_t1_w20,335,97,2475,1186,1192,1104,17,32,50,1,9,13,121,40
20260808,r6_d30_t1_w20,336,91,2483,1193,1199,1107,12,27,59,2,9,12,121,40
20260808,r6_d30_t1_w20,337,94,2492,1195,1203,1111,12,22,62,4,10,12,121,40
20260808,r6_d30_t1_w20,338,94,2498,1196,1208,1112,12,13,71,4,10,11,121,40
20260808,r6_d30_t1_w20,339,92,2504,1201,1211,1115,12,13,73,2,14,10,121,40
20260808,r6_d30_t1_w20,340,87,2509,1204,1218,1119,13,10,75,2,14,9,131,43
20260808,r6_d30_t1_w20,341,88,2518,1206,1224,1123,14,8,75,3,15,9,131,43
20260808,r6_d30_t1_w20,342,85,2523,1209,1229,1126,14,10,73,3,16,8,131,43
20260808,r6_d30_t1_w20,343,87,2533,1213,1233,1128,14,13,72,1,18,7,131,43
20260808,r6_d30_t1_w20,344,89,2541,1215,1237,1134,16,12,69,3,18,6,131,43
20260808,r6_d30_t1_w20,345,89,2551,1217,1245,1137,16,10,70,4,15,8,131,43
20260808,r6_d30_t1_w20,346,87,2558,1222,1249,1144,17,14,64,5,14,8,131,43
20260808,r6_d30_t1_w20,347,90,2566,1223,1253,1150,19,11,62,8,14,9,131,43
20260808,r6_d30_t1_w20,348,84,2572,1227,1261,1160,23,11,56,10,9,10,131,43
20260808,r6_d30_t1_w20,349,83,2577,1231,1263,1162,23,11,58,8,9,11,131,43
20260808,r6_d30_t1_w20,350,80,2583,1239,1264,1169,28,15,55,2,9,11,131,43
20260808,r6_d30_t1_w20,351,84,2590,1242,1264,1171,28,13,58,1,9,12,131,43
20260808,r6_d30_t1_w20,352,89,2599,1243,1267,1176,29,12,55,4,9,13,131,43
20260808,r6_d30_t1_w20,353,90,2605,1248,1267,1182,30,13,53,4,9,14,131,43
20260808,r6_d30_t1_w20,354,92,2612,1253,1267,1189,32,16,48,4,9,15,131,43
20260808,r6_d30_t1_w20,355,98,2620,1254,1268,1190,32,14,50,4,9,16,131,43
20260808,r6_d30_t1_w20,356,104,2630,1258,1268,1197,34,16,45,5,9,20,131,43
20260808,r6_d30_t1_w20,357,109,2639,1261,1269,1201,36,17,43,4,9,20,131,43
20260808,r6_d30_t1_w20,358,109,2646,1268,1269,1206,36,22,40,2,9,20,131,43
20260808,r6_d30_t1_w20,359,117,2655,1269,1269,1209,36,19,41,4,9,21,131,43
20260808,r6_d30_t1_w20,360,120,2665,1276,1269,1212,31,24,40,5,10,20,126,43
20260808,r6_d30_t1_w20,361,126,2674,1278,1270,1213,26,19,46,9,12,19,126,43
20260808,r6_d30_t1_w20,362,129,2682,1283,1270,1215,25,18,50,7,15,19,126,43
20260808,r6_d30_t1_w20,363,130,2689,1289,1270,1217,26,18,54,2,15,19,126,43
20260808,r6_d30_t1_w20,364,129,2697,1290,1278,1218,26,14,58,2,16,16,126,43
20260808,r6_d30_t1_w20,365,122,2703,1294,1287,1221,25,16,57,2,16,14,131,43
20260808,r6_d30_t1_w20,366,118,2710,1299,1293,1225,23,17,57,3,16,14,131,43
20260808,r6_d30_t1_w20,367,114,2716,1304,1298,1229,21,20,55,4,16,13,131,43
20260808,r6_d30_t1_w20,368,113,2721,1306,1302,1231,21,20,55,4,17,12,131,43
20260808,r6_d30_t1_w20,369,117,2729,1309,1303,1232,21,19,58,2,17,11,131,43
20260808,r6_d30_t1_w20,370,118,2739,1313,1308,1236,22,20,57,1,17,11,131,43
20260808,r6_d30_t1_w20,371,115,2744,1316,1313,1243,24,18,55,3,18,11,131,43
20260808,r6_d30_t1_w20,372,109,2750,1320,1321,1247,23,20,53,4,18,11,131,43
20260808,r6_d30_t1_w20,373,109,2758,1324,1325,1251,24,18,55,3,18,10,131,43
20260808,r6_d30_t1_w20,374,106,2766,1329,1331,1255,25,18,56,1,17,11,131,43
20260808,r6_d30_t1_w20,375,103,2775,1334,1338,1258,23,20,56,1,16,11,131,43
20260808,r6_d30_t1_w20,376,102,2782,1335,1345,1263,24,18,54,4,15,12,131,43
20260808,r6_d30_t1_w20,377,102,2791,1337,1352,1264,23,17,56,4,13,12,131,43
20260808,r6_d30_t1_w20,378,97,2797,1345,1355,1274,26,20,51,3,11,12,131,43
20260808,r6_d30_t1_w20,379,92,2802,1347,1363,1276,25,13,58,4,9,12,131,43
20260808,r6_d30_t1_w20,380,99,2812,1349,1364,1281,29,13,55,3,9,14,115,42
20260808,r6_d30_t1_w20,381,103,2818,1351,1364,1286,34,9,56,1,9,16,115,42
20260808,r6_d30_t1_w20,382,111,2828,1353,1364,1289,35,10,54,1,9,17,115,42
20260808,r6_d30_t1_w20,383,114,2833,1353,1366,1292,38,8,53,1,9,16,115,42
20260808,r6_d30_t1_w20,384,111,2838,1355,1372,1295,40,9,51,0,9,16,115,42
20260808,r6_d30_t1_w20,385,116,2848,1358,1374,1300,38,9,49,4,9,17,131,43
20260808,r6_d30_t1_w20,386,117,2853,1358,1378,1303,41,9,46,4,9,19,131,43
20260808,r6_d30_t1_w20,387,121,2862,1363,1378,1306,42,13,44,1,9,19,131,43
20260808,r6_d30_t1_w20,388,122,2867,1364,1381,1309,44,12,43,1,9,19,131,43
20260808,r6_d30_t1_w20,389,121,2873,1366,1386,1313,47,11,42,0,9,19,131,43
20260808,r6_d30_t1_w20,390,116,2883,1371,1396,1322,49,14,35,2,10,17,121,40
20260808,r6_d30_t1_w20,391,116,2889,1372,1401,1325,37,13,34,16,13,17,121,40
20260808,r6_d30_t1_w20,392,116,2895,1375,1404,1329,35,14,32,19,14,16,121,40
20260808,r6_d30_t1_w20,393,101,2900,1390,1409,1334,39,28,28,5,10,16,121,40
20260808,r6_d30_t1_w20,394,94,2905,1396,1415,1337,41,27,32,0,11,15,121,40
20260808,r6_d30_t1_w20,395,94,2910,1396,1420,1337,41,21,38,0,13,15,131,43
20260808,r6_d30_t1_w20,396,95,2918,1397,1426,1338,41,17,42,0,16,14,131,43
20260808,r6_d30_t1_w20,397,96,2928,1399,1433,1341,41,10,48,1,16,14,131,43
20260808,r6_d30_t1_w20,398,98,2934,1400,1436,1343,40,10,47,3,16,14,131,43
20260808,r6_d30_t1_w20,399,99,2941,1403,1439,1347,40,9,47,4,17,14,131,43
20260808,r6_d30_t1_w20,400,98,2949,1406,1445,1351,41,12,43,4,18,12,131,43
20260808,r6_d30_t1_w20,401,104,2959,1408,1447,1352,42,13,43,2,18,10,131,43
20260808,r6_d30_t1_w20,402,97,2964,1412,1455,1358,44,14,40,2,18,9,131,43
20260808,r6_d30_t1_w20,403,97,2969,1412,1460,1359,44,12,41,3,17,9,131,43
20260808,r6_d30_t1_w20,404,98,2977,1415,1464,1360,43,13,42,2,17,11,131,43
20260808,r6_d30_t1_w20,405,94,2982,1416,1472,1365,46,11,40,3,16,11,131,43
20260808,r6_d30_t1_w20,406,91,2987,1419,1477,1365,43,9,45,3,16,11,131,43
20260808,r6_d30_t1_w20,407,91,2996,1421,1484,1367,44,10,44,2,11,12,131,43
20260808,r6_d30_t1_w20,408,90,3003,1425,1488,1376,47,12,37,4,10,12,131,43
20260808,r6_d30_t1_w20,409,93,3010,1426,1491,1379,49,6,41,4,9,13,131,43
20260808,r6_d30_t1_w20,410,96,3017,1430,1491,1380,48,9,41,2,9,13,131,43
20260808,r6_d30_t1_w20,411,101,3024,1432,1491,1384,48,10,38,4,10,14,131,43
20260808,r6_d30_t1_w20,412,108,3032,1433,1491,1388,41,7,38,14,10,14,131,43
20260808,r6_d30_t1_w20,413,109,3037,1437,1491,1392,42,10,35,13,9,14,131,43
20260808,r6_d30_t1_w20,414,110,3043,1442,1491,1395,43,14,33,10,9,14,131,43
20260808,r6_d30_t1_w20,415,116,3051,1444,1491,1395,43,16,33,8,9,16,131,43
20260808,r6_d30_t1_w20,416,112,3056,1453,1491,1399,46,22,32,0,9,16,131,43
20260808,r6_d30_t1_w20,417,120,3066,1454,1492,1405,50,18,31,1,9,16,131,43
20260808,r6_d30_t1_w20,418,124,3075,1454,1497,1406,51,13,35,1,9,17,131,43
20260808,r6_d30_t1_w20,419,122,3082,1459,1501,1407,48,14,38,0,9,20,131,43
20260808,r6_d30_t1_w20,420,119,3087,1460,1508,1409,47,13,38,2,10,16,131,43
20260808,r6_d30_t1_w20,421,116,3094,1460,1518,1410,34,12,38,16,12,14,131,43
20260808,r6_d30_t1_w20,422,116,3100,1464,1520,1413,10,12,39,39,15,14,131,43
20260808,r6_d30_t1_w20,423,105,3106,1479,1522,1416,10,23,40,27,10,14,131,43
20260808,r6_d30_t1_w20,424,94,3114,1493,1527,1421,25,33,39,3,9,14,131,43
20260808,r6_d30_t1_w20,425,90,3121,1500,1531,1422,21,33,45,1,9,12,131,43
20260808,r6_d30_t1_w20,426,88,3127,1506,1533,1424,18,31,51,0,9,12,131,43
20260808,r6_d30_t1_w20,427,83,3134,1509,1542,1426,14,25,58,3,10,12,131,43
20260808,r6_d30_t1_w20,428,82,3139,1510,1547,1431,12,20,59,9,12,12,131,43
20260808,r6_d30_t1_w20,429,82,3147,1513,1552,1434,13,18,61,8,13,9,131,43
20260808,r6_d30_t1_w20,430,78,3154,1519,1557,1438,15,15,66,4,12,8,131,43
20260808,r6_d30_t1_w20,431,81,3164,1521,1562,1440,15,15,66,4,14,7,131,43
20260808,r6_d30_t1_w20,432,74,3169,1527,1568,1443,14,16,68,2,13,7,131,43
20260808,r6_d30_t1_w20,433,77,3179,1532,1570,1448,14,15,69,2,16,7,131,43
20260808,r6_d30_t1_w20,434,81,3187,1532,1574,1449,14,11,72,3,17,7,131,43
20260808,r6_d30_t1_w20,435,78,3195,1535,1582,1454,16,11,70,3,17,7,131,43
20260808,r6_d30_t1_w20,436,81,3204,1537,1586,1458,16,11,68,5,15,9,131,43
20260808,r6_d30_t1_w20,437,77,3212,1542,1593,1465,16,14,63,7,13,9,131,43
20260808,r6_d30_t1_w20,438,69,3218,1548,1601,1468,15,19,61,5,10,10,131,43
20260808,r6_d30_t1_w20,439,67,3224,1553,1604,1469,15,19,65,1,9,11,131,43
20260808,r6_d30_t1_w20,440,73,3231,1554,1604,1476,20,16,62,2,9,12,131,43
20260808,r6_d30_t1_w20,441,82,3240,1554,1604,1478,21,11,65,3,9,13,131,43
20260808,r6_d30_t1_w20,442,87,3248,1557,1604,1488,27,13,56,4,9,13,131,43
20260808,r6_d30_t1_w20,443,93,3255,1558,1604,1492,30,13,53,4,9,14,131,43
20260808,r6_d30_t1_w20,444,95,3263,1563,1605,1496,32,13,54,1,9,15,131,43
20260808,r6_d30_t1_w20,445,99,3269,1565,1605,1502,35,14,49,2,9,17,121,40
20260808,r6_d30_t1_w20,446,105,3276,1566,1605,1506,36,12,48,4,9,20,121,40
20260808,r6_d30_t1_w20,447,112,3286,1568,1606,1509,38,10,49,3,9,21,121,40
20260808,r6_d30_t1_w20,448,117,3295,1572,1606,1514,40,13,45,2,9,21,121,40
20260808,r6_d30_t1_w20,449,122,3304,1574,1608,1519,41,14,41,4,9,21,121,40
20260808,r6_d30_t1_w20,450,125,3312,1579,1608,1521,36,15,43,6,11,21,131,43
20260808,r6_d30_t1_w20,451,126,3317,1582,1609,1526,27,18,38,17,11,20,131,43
20260808,r6_d30_t1_w20,452,131,3327,1587,1609,1528,25,16,43,16,15,20,131,43
20260808,r6_d30_t1_w20,453,126,3337,1602,1609,1530,24,22,50,4,12,20,131,43
20260808,r6_d30_t1_w20,454,125,3342,1605,1612,1534,24,21,50,5,12,19,131,43
20260808,r6_d30_t1_w20,455,121,3349,1609,1619,1536,23,23,50,4,13,17,131,43
20260808,r6_d30_t1_w20,456,121,3358,1614,1623,1543,24,20,51,5,15,16,131,43
20260808,r6_d30_t1_w20,457,120,3367,1618,1629,1546,23,18,54,5,16,15,131,43
20260808,r6_d30_t1_w20,458,119,3376,1623,1634,1548,23,20,55,2,17,15,131,43
20260808,r6_d30_t1_w20,459,119,3384,1626,1639,1553,22,21,52,5,18,15,131,43
20260808,r6_d30_t1_w20,460,118,3390,1629,1643,1556,22,20,53,5,18,15,131,43
20260808,r6_d30_t1_w20,461,117,3400,1634,1649,1558,22,22,54,2,16,13,131,43
20260808,r6_d30_t1_w20,462,114,3407,1636,1657,1560,22,17,59,2,16,11,131,43
20260808,r6_d30_t1_w20,463,116,3417,1638,1663,1563,22,17,58,3,16,12,131,43
20260808,r6_d30_t1_w20,464,110,3422,1642,1670,1568,22,16,58,4,16,12,131,43
20260808,r6_d30_t1_w20,465,107,3427,1646,1674,1575,25,18,53,4,16,11,131,43
20260808,r6_d30_t1_w20,466,106,3433,1648,1679,1578,26,16,54,4,15,11,131,43
20260808,r6_d30_t1_w20,467,105,3442,1651,1686,1587,29,16,48,7,12,12,131,43
20260808,r6_d30_t1_w20,468,103,3448,1653,1692,1590,30,11,52,7,11,13,131,43
20260808,r6_d30_t1_w20,469,104,3457,1658,1695,1593,31,11,54,4,9,14,131,43
20260808,r6_d30_t1_w20,470,109,3463,1659,1695,1596,34,7,56,3,9,14,131,43
20260808,r6_d30_t1_w20,471,105,3468,1666,1697,1598,31,10,58,1,9,15,131,43
20260808,r6_d30_t1_w20,472,110,3474,1667,1697,1604,37,9,54,0,9,15,131,43
20260808,r6_d30_t1_w20,473,114,3480,1669,1697,1609,40,11,49,0,9,16,131,43
20260808,r6_d30_t1_w20,474,121,3489,1670,1698,1611,41,11,48,0,9,17,131,43
20260808,r6_d30_t1_w20,475,128,3497,1671,1698,1615,41,11,45,3,9,17,131,43
20260808,r6_d30_t1_w20,476,130,3507,1674,1703,1618,41,13,43,3,9,19,131,43
20260808,r6_d30_t1_w20,477,130,3515,1677,1708,1618,41,13,46,0,9,22,131,43
20260808,r6_d30_t1_w20,478,129,3524,1679,1716,1624,42,13,42,3,9,21,131,43
20260808,r6_d30_t1_w20,479,130,3533,1680,1723,1629,46,11,40,3,9,22,131,43
20260808,r6_d30_t1_w20,480,131,3540,1685,1724,1634,48,15,36,1,9,20,131,43
20260808,r6_d30_t1_w20,481,133,3548,1685,1730,1641,43,12,32,13,14,20,131,43
20260808,r6_d30_t1_w20,482,136,3558,1686,1736,1647,34,11,28,27,14,18,131,43
20260808,r6_d30_t1_w20,483,128,3566,1699,1739,1650,36,21,28,15,14,17,131,43
20260808,r6_d30_t1_w20,484,114,3571,1716,1741,1651,34,31,34,1,12,17,131,43
20260808,r6_d30_t1_w20,485,119,3580,1716,1745,1652,35,20,44,1,15,16,131,43
20260808,r6_d30_t1_w20,486,121,3590,1718,1751,1656,37,14,48,1,16,16,131,43
20260808,r6_d30_t1_w20,487,119,3597,1719,1759,1656,36,10,53,1,16,14,131,43
20260808,r6_d30_t1_w20,488,119,3602,1720,1763,1658,36,7,55,2,18,13,131,43
20260808,r6_d30_t1_w20,489,119,3612,1723,1770,1662,36,10,51,3,18,12,131,43
20260808,r6_d30_t1_w20,490,118,3621,1727,1776,1665,33,12,50,5,18,11,126,43
20260808,r6_d30_t1_w20,491,121,3631,1731,1779,1667,31,12,52,5,18,11,126,43
20260808,r6_d30_t1_w20,492,121,3640,1737,1782,1669,30,16,52,2,18,11,126,43
20260808,r6_d30_t1_w20,493,121,3645,1738,1786,1671,31,13,54,2,18,10,126,43
20260808,r6_d30_t1_w20,494,119,3654,1741,1794,1675,29,12,54,5,17,12,126,43
20260808,r6_d30_t1_w20,495,115,3662,1745,1802,1680,30,13,52,5,16,13,131,43
20260808,r6_d30_t1_w20,496,107,3670,1753,1810,1687,31,19,47,3,13,12,131,43
20260808,r6_d30_t1_w20,497,107,3680,1756,1817,1695,32,19,42,7,13,12,131,43
20260808,r6_d30_t1_w20,498,110,3690,1758,1822,1697,34,19,42,5,11,14,131,43
20260808,r6_d30_t1_w20,499,107,3700,1764,1829,1699,35,22,43,0,9,13,131,43
20260808,r6_d30_t1_w20,500,112,3708,1767,1829,1705,35,19,43,3,9,13,131,43
20260808,r6_d30_t1_w20,501,119,3718,1770,1829,1707,34,18,45,3,9,14,131,43
20260808,r6_d30_t1_w20,502,121,3725,1774,1830,1709,34,18,47,1,9,15,131,43
20260808,r6_d30_t1_w20,503,124,3731,1777,1830,1715,34,15,47,4,9,15,131,43
20260808,r6_d30_t1_w20,504,129,3738,1779,1830,1717,34,13,49,4,9,16,131,43
20260808,r6_d30_t1_w20,505,130,3743,1782,1831,1720,37,12,50,1,9,18,131,43
20260808,r6_d30_t1_w20,506,134,3752,1784,1834,1721,37,13,50,0,9,19,131,43
20260808,r6_d30_t1_w20,507,138,3761,1785,1838,1727,39,11,47,3,9,19,131,43
20260808,r6_d30_t1_w20,508,141,3769,1785,1843,1732,44,9,44,3,9,21,131,43
20260808,r6_d30_t1_w20,509,138,3774,1788,1848,1733,45,10,45,0,9,21,131,43
20260808,r6_d30_t1_w20,510,134,3779,1790,1855,1737,43,11,42,4,10,21,131,43
20260808,r6_d30_t1_w20,511,133,3786,1790,1863,1737,30,8,45,17,13,20,131,43
20260808,r6_d30_t1_w20,512,133,3795,1795,1867,1739,9,12,44,35,15,19,131,43
20260808,r6_d30_t1_w20,513,125,3805,1808,1872,1740,8,21,47,24,13,19,131,43
20260808,r6_d30_t1_w20,514,106,3811,1825,1880,1741,14,34,50,2,9,18,131,43
20260808,r6_d30_t1_w20,515,103,3821,1832,1886,1746,13,36,50,1,9,18,131,43
20260808,r6_d30_t1_w20,516,104,3829,1834,1891,1748,13,25,61,1,12,18,131,43
20260808,r6_d30_t1_w20,517,104,3837,1835,1898,1756,18,21,58,3,16,17,131,43
20260808,r6_d30_t1_w20,518,102,3845,1836,1907,1762,17,16,58,9,16,16,131,43
20260808,r6_d30_t1_w20,519,98,3850,1839,1913,1766,19,13,60,8,16,16,131,43
20260808,r6_d30_t1_w20,520,97,3857,1845,1915,1769,21,14,62,3,17,13,101,38
20260808,r6_d30_t1_w20,521,95,3864,1849,1920,1772,21,14,63,2,16,11,101,38
20260808,r6_d30_t1_w20,522,93,3869,1851,1925,1774,20,13,64,3,16,11,101,38
20260808,r6_d30_t1_w20,523,91,3874,1853,1930,1777,19,9,67,5,16,10,101,38
20260808,r6_d30_t1_w20,524,92,3884,1856,1936,1784,23,11,61,5,16,10,101,38
20260808,r6_d30_t1_w20,525,90,3890,1860,1940,1786,23,12,62,3,15,11,126,43
20260808,r6_d30_t1_w20,526,90,3900,1862,1948,1786,22,9,67,2,14,12,126,43
20260808,r6_d30_t1_w20,527,83,3906,1867,1956,1790,21,12,65,2,11,13,126,43
20260808,r6_d30_t1_w20,528,82,3916,1870,1964,1793,21,13,64,2,9,14,126,43
20260808,r6_d30_t1_w20,529,81,3922,1873,1968,1800,25,15,58,2,8,14,126,43
20260808,r6_d30_t1_w20,530,89,3932,1875,1968,1804,26,16,55,3,8,15,131,43
20260808,r6_d30_t1_w20,531,95,3940,1877,1968,1812,32,14,51,3,8,15,131,43
20260808,r6_d30_t1_w20,532,97,3950,1883,1970,1819,34,17,47,2,8,17,131,43
20260808,r6_d30_t1_w20,533,103,3957,1884,1970,1824,37,18,42,3,10,18,131,43
20260808,r6_d30_t1_w20,534,109,3965,1885,1971,1829,31,13,43,13,9,19,131,43
20260808,r6_d30_t1_w20,535,110,3970,1889,1971,1834,32,15,40,13,9,19,131,43
20260808,r6_d30_t1_w20,536,115,3978,1892,1971,1836,33,14,42,11,9,20,131,43
20260808,r6_d30_t1_w20,537,117,3983,1895,1971,1840,34,15,40,11,9,21,131,43
20260808,r6_d30_t1_w20,538,114,3990,1905,1971,1845,34,21,39,6,9,20,131,43
20260808,r6_d30_t1_w20,539,119,3999,1909,1971,1850,36,23,36,5,9,20,131,43
20260808,r6_d30_t1_w20,540,116,4005,1918,1971,1855,35,29,34,2,9,20,131,43
20260808,r6_d30_t1_w20,541,120,4011,1920,1971,1857,32,24,39,5,12,19,131,43
20260808,r6_d30_t1_w20,542,124,4016,1921,1971,1861,19,19,41,21,13,19,131,43
20260808,r6_d30_t1_w20,543,128,4026,1925,1973,1864,19,19,42,20,15,18,131,43
20260808,r6_d30_t1_w20,544,105,4031,1944,1982,1864,17,34,46,3,9,15,131,43
20260808,r6_d30_t1_w20,545,103,4038,1949,1986,1867,18,27,55,0,12,14,131,43
20260808,r6_d30_t1_w20,546,99,4043,1949,1995,1868,19,20,61,0,13,12,131,43
20260808,r6_d30_t1_w20,547,103,4052,1949,2000,1868,19,12,69,0,16,11,131,43
20260808,r6_d30_t1_w20,548,98,4059,1953,2008,1872,18,11,70,1,17,9,131,43
20260808,r6_d30_t1_w20,549,101,4067,1955,2011,1877,19,11,67,3,18,9,131,43
20260808,r6_d30_t1_w20,550,100,4074,1956,2018,1881,19,11,64,6,17,8,126,43
20260808,r6_d30_t1_w20,551,101,4081,1959,2021,1882,19,11,66,4,17,8,126,43
20260808,r6_d30_t1_w20,552,100,4091,1963,2028,1884,18,15,64,3,17,9,126,43
20260808,r6_d30_t1_w20,553,103,4101,1965,2033,1892,20,15,58,7,17,10,126,43
20260808,r6_d30_t1_w20,554,101,4108,1969,2038,1895,21,15,59,5,16,10,126,43
20260808,r6_d30_t1_w20,555,101,4113,1974,2038,1898,22,14,62,2,15,10,131,43
20260808,r6_d30_t1_w20,556,102,4122,1977,2043,1905,24,14,58,4,14,13,131,43
20260808,r6_d30_t1_w20,557,103,4129,1979,2047,1910,26,11,58,5,12,15,131,43
20260808,r6_d30_t1_w20,558,99,4134,1984,2051,1919,30,13,52,5,9,15,131,43
20260808,r6_d30_t1_w20,559,100,4144,1988,2056,1923,32,12,53,3,9,15,131,43
20260808,r6_d30_t1_w20,560,107,4153,1990,2056,1928,36,13,49,2,9,16,131,43
20260808,r6_d30_t1_w20,561,113,4160,1991,2056,1932,39,10,49,2,9,19,131,43
20260808,r6_d30_t1_w20,562,112,4166,1998,2056,1940,42,15,43,0,9,18,131,43
20260808,r6_d30_t1_w20,563,117,4172,1998,2057,1944,44,12,42,2,9,19,131,43
20260808,r6_d30_t1_w20,564,125,4182,2000,2057,1944,42,13,43,2,9,20,131,43
20260808,r6_d30_t1_w20,565,127,4188,2003,2058,1946,42,14,43,1,9,20,131,43
20260808,r6_d30_t1_w20,566,133,4194,2003,2058,1951,46,10,42,2,9,20,131,43
20260808,r6_d30_t1_w20,567,130,4200,2005,2065,1954,47,9,42,2,9,20,131,43
20260808,r6_d30_t1_w20,568,129,4205,2007,2069,1955,47,6,46,1,9,20,131,43
20260808,r6_d30_t1_w20,569,128,4212,2008,2076,1956,48,6,46,0,9,20,131,43
20260808,r6_d30_t1_w20,570,128,4222,2013,2081,1961,46,9,43,2,9,18,121,43
20260808,r6_d30_t1_w20,571,127,4228,2013,2088,1967,50,8,38,4,10,17,121,43
20260808,r6_d30_t1_w20,572,124,4236,2018,2094,1971,31,10,37,22,14,16,121,43
20260808,r6_d30_t1_w20,573,122,4246,2020,2104,1974,33,11,35,21,17,15,121,43
20260808,r6_d30_t1_w20,574,103,4254,2040,2111,1975,33,28,37,2,12,15,121,43
20260808,r6_d30_t1_w20,575,107,4263,2041,2115,1977,33,24,40,3,14,15,131,43
20260808,r6_d30_t1_w20,576,105,4269,2042,2122,1979,34,21,42,3,15,13,131,43
20260808,r6_d30_t1_w20,577,103,4276,2045,2128,1984,35,19,42,4,16,13,131,43
20260808,r6_d30_t1_w20,578,109,4286,2046,2131,1984,35,16,46,3,17,12,131,43
20260808,r6_d30_t1_w20,579,106,4293,2049,2138,1989,38,14,46,2,17,10,131,43
20260808,r6_d30_t1_w20,580,107,4302,2050,2145,1992,40,12,46,2,17,9,131,43
20260808,r6_d30_t1_w20,581,107,4310,2053,2150,1992,39,11,50,0,18,9,131,43
20260808,r6_d30_t1_w20,582,110,4318,2055,2153,1994,39,12,49,0,18,10,131,43
20260808,r6_d30_t1_w20,583,111,4325,2055,2159,1996,40,10,49,1,18,11,131,43
20260808,r6_d30_t1_w20,584,113,4335,2055,2167,1998,41,7,50,2,17,12,131,43
20260808,r6_d30_t1_w20,585,112,4341,2058,2171,2003,40,8,47,5,16,12,131,43
20260808,r6_d30_t1_w20,586,110,4347,2060,2177,2007,41,6,47,6,14,12,131,43
20260808,r6_d30_t1_w20,587,107,4354,2066,2181,2009,41,11,46,2,12,14,131,43
20260808,r6_d30_t1_w20,588,104,4359,2072,2183,2015,40,13,44,3,11,14,131,43
20260808,r6_d30_t1_w20,589,101,4364,2073,2190,2018,39,12,43,6,9,14,131,43
20260808,r6_d30_t1_w20,590,103,4370,2077,2190,2020,38,14,43,5,9,15,131,43
20260808,r6_d30_t1_w20,591,110,4380,2080,2190,2023,41,15,42,2,9,17,131,43
20260808,r6_d30_t1_w20,592,116,4389,2083,2190,2026,42,17,40,1,9,16,131,43
20260808,r6_d30_t1_w20,593,126,4399,2083,2190,2030,44,14,39,3,9,17,131,43
20260808,r6_d30_t1_w20,594,132,4408,2086,2190,2035,47,13,38,2,9,18,131,43
20260808,r6_d30_t1_w20,595,132,4413,2091,2190,2040,47,15,36,2,9,20,131,43
20260808,r6_d30_t1_w20,596,133,4418,2093,2192,2043,48,12,38,2,9,20,131,43
20260808,r6_d30_t1_w20,597,132,4427,2098,2197,2047,48,15,36,1,9,18,131,43
20260808,r6_d30_t1_w20,598,133,4435,2099,2203,2052,49,15,32,4,9,18,131,43
20260808,r6_d30_t1_w20,599,135,4444,2101,2208,2054,50,13,34,3,9,18,131,43
20260808,r6_d30_t1_w20,600,133,4453,2105,2215,2054,47,16,35,2,11,17,121,40
20260808,r3_d30_t1_w15,1,6,7,1,0,0,99,1,0,0,0,1,131,43
20260808,r3_d30_t1_w15,2,12,13,1,0,0,96,1,0,3,3,2,131,43
20260808,r3_d30_t1_w15,3,18,20,2,0,0,74,2,0,24,5,3,131,43
20260808,r3_d30_t1_w15,4,23,28,5,0,0,74,4,1,21,6,4,131,43
20260808,r3_d30_t1_w15,5,6,33,27,0,0,73,22,5,0,0,1,131,43
20260808,r3_d30_t1_w15,6,9,38,29,0,0,71,17,12,0,0,1,131,43
20260808,r3_d30_t1_w15,7,16,46,30,0,0,70,13,17,0,4,3,131,43
20260808,r3_d30_t1_w15,8,23,53,30,0,0,70,9,21,0,6,4,131,43
20260808,r3_d30_t1_w15,9,29,59,30,0,0,70,5,25,0,7,4,131,43
20260808,r3_d30_t1_w15,10,35,67,32,0,0,67,5,27,1,8,4,131,43
20260808,r3_d30_t1_w15,11,41,73,32,0,0,66,2,30,2,8,5,131,43
20260808,r3_d30_t1_w15,12,49,82,33,0,0,66,2,31,1,9,7,131,43
20260808,r3_d30_t1_w15,13,55,90,35,0,0,65,4,31,0,9,8,131,43
20260808,r3_d30_t1_w15,14,58,95,37,0,3,65,5,29,1,9,8,131,43
20260808,r3_d30_t1_w15,15,65,103,38,0,3,64,5,30,1,9,8,131,43
20260808,r3_d30_t1_w15,16,70,111,40,1,4,64,6,30,0,9,9,131,43
20260808,r3_d30_t1_w15,17,77,121,42,2,6,64,5,31,0,9,10,131,43
20260808,r3_d30_t1_w15,18,84,128,42,2,8,65,4,30,1,9,11,131,43
20260808,r3_d30_t1_w15,19,93,138,42,3,11,67,3,28,2,9,12,131,43
20260808,r3_d30_t1_w15,20,101,147,43,3,13,67,2,28,3,9,15,121,40
20260808,r3_d30_t1_w15,21,106,154,45,3,17,69,2,26,3,9,15,121,40
20260808,r3_d30_t1_w15,22,104,160,47,9,20,71,4,23,2,9,15,121,40
20260808,r3_d30_t1_w15,23,105,168,49,14,25,71,6,18,5,9,15,121,40
20260808,r3_d30_t1_w15,24,108,177,50,19,28,72,7,15,6,10,16,121,40
20260808,r3_d30_t1_w15,25,110,186,54,22,28,62,8,18,12,10,19,126,43
20260808,r3_d30_t1_w15,26,111,193,56,26,28,56,7,21,16,9,19,126,43
20260808,r3_d30_t1_w15,27,109,201,57,35,30,56,6,21,17,9,17,126,43
20260808,r3_d30_t1_w15,28,111,209,57,41,30,56,5,22,17,9,16,126,43
20260808,r3_d30_t1_w15,29,109,219,69,41,33,58,16,20,6,9,16,126,43
20260808,r3_d30_t1_w15,30,105,226,79,42,33,53,25,21,1,10,15,131,43
20260808,r3_d30_t1_w15,31,111,235,81,43,34,41,25,22,12,11,15,131,43
20260808,r3_d30_t1_w15,32,111,244,82,51,36,28,22,24,26,14,14,131,43
20260808,r3_d30_t1_w15,33,98,249,93,58,38,27,27,28,18,11,13,131,43
20260808,r3_d30_t1_w15,34,82,258,108,68,38,27,30,40,3,9,12,131,43
20260808,r3_d30_t1_w15,35,82,268,112,74,40,27,25,47,1,10,11,131,43
20260808,r3_d30_t1_w15,36,85,277,112,80,42,28,20,50,2,12,10,131,43
20260808,r3_d30_t1_w15,37,89,286,113,84,42,27,13,58,2,17,10,131,43
20260808,r3_d30_t1_w15,38,88,295,115,92,44,26,5,66,3,18,9,131,43
20260808,r3_d30_t1_w15,39,86,304,118,100,46,21,6,66,7,19,6,131,43
20260808,r3_d30_t1_w15,40,81,310,120,109,48,21,8,64,7,18,6,131,43
20260808,r3_d30_t1_w15,41,80,319,123,116,49,23,8,66,3,14,7,131,43
20260808,r3_d30_t1_w15,42,81,327,124,122,53,25,5,66,4,13,8,131,43
20260808,r3_d30_t1_w15,43,82,335,125,128,58,25,4,63,8,12,8,131,43
20260808,r3_d30_t1_w15,44,76,343,129,138,63,18,7,59,16,10,9,131,43
20260808,r3_d30_t1_w15,45,83,352,131,138,66,15,8,57,20,9,9,131,43
20260808,r3_d30_t1_w15,46,88,361,132,141,68,16,3,61,20,9,12,131,43
20260808,r3_d30_t1_w15,47,94,370,134,142,74,21,4,56,19,9,13,131,43
20260808,r3_d30_t1_w15,48,90,378,145,143,76,23,14,55,8,9,13,131,43
20260808,r3_d30_t1_w15,49,85,385,155,145,84,27,23,48,2,9,12,131,43
20260808,r3_d30_t1_w15,50,91,393,157,145,90,29,21,46,4,9,13,126,43
20260808,r3_d30_t1_w15,51,92,398,159,147,95,33,21,43,3,9,13,126,43
20260808,r3_d30_t1_w15,52,97,405,161,147,101,37,20,40,3,9,13,126,43
20260808,r3_d30_t1_w15,53,103,413,162,148,103,38,18,41,3,9,13,126,43
20260808,r3_d30_t1_w15,54,104,418,165,149,108,40,13,44,3,9,12,126,43
20260808,r3_d30_t1_w15,55,110,428,169,149,110,39,13,46,2,9,13,131,43
20260808,r3_d30_t1_w15,56,106,434,172,156,113,39,14,45,2,9,13,131,43
20260808,r3_d30_t1_w15,57,106,440,172,162,117,41,8,47,4,9,13,131,43
20260808,r3_d30_t1_w15,58,108,449,174,167,118,41,7,49,3,9,13,131,43
20260808,r3_d30_t1_w15,59,106,455,176,173,124,46,6,46,2,9,13,131,43
20260808,r3_d30_t1_w15,60,102,464,181,181,127,42,11,43,4,11,12,131,43
20260808,r3_d30_t1_w15,61,99,470,182,189,129,21,11,42,26,13,11,131,43
20260808,r3_d30_t1_w15,62,97,478,185,196,132,22,12,41,25,13,11,131,43
20260808,r3_d30_t1_w15,63,73,484,207,204,137,26,32,38,4,9,11,131,43
20260808,r3_d30_t1_w15,64,75,494,211,208,140,24,28,43,5,11,10,131,43
20260808,r3_d30_t1_w15,65,75,502,214,213,145,24,24,45,7,13,9,131,43
20260808,r3_d30_t1_w15,66,72,509,220,217,150,22,23,47,8,14,9,131,43
20260808,r3_d30_t1_w15,67,71,517,224,222,151,22,17,56,5,15,8,131,43
20260808,r3_d30_t1_w15,68,67,523,229,227,154,22,13,62,3,13,7,131,43
20260808,r3_d30_t1_w15,69,70,531,231,230,156,22,10,65,3,14,7,131,43
20260808,r3_d30_t1_w15,70,68,539,234,237,159,24,5,70,1,13,7,131,43
20260808,r3_d30_t1_w15,71,67,546,238,241,161,21,7,70,2,12,5,131,43
20260808,r3_d30_t1_w15,72,73,556,238,245,165,23,6,67,4,12,5,131,43
20260808,r3_d30_t1_w15,73,71,564,241,252,171,25,7,63,5,11,7,131,43
20260808,r3_d30_t1_w15,74,71,571,243,257,175,25,7,61,7,9,9,131,43
20260808,r3_d30_t1_w15,75,76,580,246,258,177,25,7,62,6,9,12,131,43
20260808,r3_d30_t1_w15,76,79,585,248,258,183,31,7,58,4,9,12,131,43
20260808,r3_d30_t1_w15,77,81,591,250,260,185,32,7,58,3,9,12,131,43
20260808,r3_d30_t1_w15,78,89,601,252,260,187,34,8,57,1,9,12,131,43
20260808,r3_d30_t1_w15,79,91,606,253,262,190,35,8,55,2,9,12,131,43
20260808,r3_d30_t1_w15,80,98,616,256,262,194,36,9,53,2,9,12,131,43
20260808,r3_d30_t1_w15,81,101,621,258,262,197,38,9,52,1,9,14,131,43
20260808,r3_d30_t1_w15,82,100,626,261,265,207,40,12,42,6,9,14,131,43
20260808,r3_d30_t1_w15,83,99,631,262,270,216,47,8,38,7,9,14,131,43
20260808,r3_d30_t1_w15,84,99,640,268,273,222,50,11,35,4,9,15,131,43
20260808,r3_d30_t1_w15,85,103,650,272,275,226,51,13,33,3,9,15,131,43
20260808,r3_d30_t1_w15,86,100,655,275,280,229,52,13,33,2,9,14,131,43
20260808,r3_d30_t1_w15,87,95,661,278,288,234,53,12,32,3,9,13,131,43
20260808,r3_d30_t1_w15,88,92,668,282,294,237,52,12,33,3,9,12,131,43
20260808,r3_d30_t1_w15,89,93,676,284,299,238,53,12,34,1,9,13,131,43
20260808,r3_d30_t1_w15,90,93,686,286,307,238,50,10,38,2,10,12,131,43
20260808,r3_d30_t1_w15,91,97,694,286,311,240,39,5,41,15,11,12,131,43
20260808,r3_d30_t1_w15,92,100,704,289,315,243,28,6,40,26,13,10,131,43
20260808,r3_d30_t1_w15,93,88,713,302,323,244,28,16,42,14,13,9,131,43
20260808,r3_d30_t1_w15,94,80,722,315,327,246,29,27,42,2,12,9,131,43
20260808,r3_d30_t1_w15,95,80,730,316,334,249,31,26,41,2,12,8,131,43
20260808,r3_d30_t1_w15,96,83,739,318,338,251,31,19,48,2,13,7,131,43
20260808,r3_d30_t1_w15,97,81,744,321,342,252,28,17,52,3,16,6,131,43
20260808,r3_d30_t1_w15,98,80,750,323,347,254,26,14,55,5,15,6,131,43
20260808,r3_d30_t1_w15,99,77,755,326,352,255,25,9,62,4,14,7,131,43
20260808,r3_d30_t1_w15,100,70,760,329,361,258,25,8,63,4,12,7,121,40
20260808,r3_d30_t1_w15,101,68,765,331,366,263,27,5,63,5,12,8,121,40
20260808,r3_d30_t1_w15,102,68,772,334,370,264,27,4,66,3,12,7,121,40
20260808,r3_d30_t1_w15,103,68,779,338,373,268,27,6,64,3,10,8,121,40
20260808,r3_d30_t1_w15,104,65,786,340,381,271,28,7,62,3,9,9,121,40
20260808,r3_d30_t1_w15,105,73,796,341,382,276,34,6,59,1,9,11,131,43
20260808,r3_d30_t1_w15,106,76,801,341,384,279,37,5,57,1,9,11,131,43
20260808,r3_d30_t1_w15,107,81,807,342,384,283,39,2,57,2,9,12,131,43
20260808,r3_d30_t1_w15,108,87,816,344,385,286,39,4,54,3,9,13,131,43
20260808,r3_d30_t1_w15,109,93,826,347,386,292,39,6,49,6,9,14,131,43
20260808,r3_d30_t1_w15,110,94,834,351,389,298,40,8,45,7,9,15,131,43
20260808,r3_d30_t1_w15,111,93,843,356,394,303,44,12,41,3,9,16,131,43
20260808,r3_d30_t1_w15,112,93,848,360,395,306,45,13,41,1,9,14,131,43
20260808,r3_d30_t1_w15,113,96,855,361,398,310,46,10,41,3,9,15,131,43
20260808,r3_d30_t1_w15,114,98,861,362,401,314,49,9,39,3,9,14,131,43
20260808,r3_d30_t1_w15,115,99,868,365,404,318,50,10,37,3,9,14,131,43
20260808,r3_d30_t1_w15,116,104,876,366,406,324,55,7,35,3,9,14,131,43
20260808,r3_d30_t1_w15,117,102,881,368,411,325,55,8,35,2,9,15,131,43
20260808,r3_d30_t1_w15,118,104,891,370,417,328,56,7,35,2,9,14,131,43
20260808,r3_d30_t1_w15,119,104,899,372,423,331,52,7,34,7,9,14,131,43
20260808,r3_d30_t1_w15,120,103,909,374,432,331,49,7,36,8,10,13,131,43
20260808,r3_d30_t1_w15,121,101,916,382,433,332,32,12,38,18,14,13,131,43
20260808,r3_d30_t1_w15,122,101,921,386,434,337,32,13,36,19,14,13,131,43
20260808,r3_d30_t1_w15,123,84,926,403,439,341,34,24,38,4,10,12,131,43
20260808,r3_d30_t1_w15,124,78,932,407,447,343,35,23,41,1,9,11,131,43
20260808,r3_d30_t1_w15,125,75,937,409,453,344,35,21,44,0,12,10,121,40
20260808,r3_d30_t1_w15,126,76,947,410,461,344,33,12,54,1,15,8,121,40
20260808,r3_d30_t1_w15,127,76,953,411,466,347,33,6,58,3,16,6,121,40
20260808,r3_d30_t1_w15,128,79,963,412,472,350,34,6,56,4,17,7,121,40
20260808,r3_d30_t1_w15,129,78,969,414,477,355,34,5,54,7,17,6,121,40
20260808,r3_d30_t1_w15,130,79,979,418,482,357,32,5,56,7,15,7,131,43
20260808,r3_d30_t1_w15,131,77,989,423,489,360,32,10,53,5,15,11,131,43
20260808,r3_d30_t1_w15,132,82,997,425,490,366,34,10,49,7,13,12,131,43
20260808,r3_d30_t1_w15,133,83,1007,429,495,368,32,11,50,7,11,13,131,43
20260808,r3_d30_t1_w15,134,76,1012,436,500,374,33,12,50,5,9,13,131,43
20260808,r3_d30_t1_w15,135,79,1019,439,501,376,35,12,51,2,9,14,131,43
20260808,r3_d30_t1_w15,136,85,1029,443,501,379,35,13,51,1,9,14,131,43
20260808,r3_d30_t1_w15,137,89,1035,444,502,384,37,10,50,3,9,15,131,43
20260808,r3_d30_t1_w15,138,94,1041,445,502,386,37,9,50,4,9,16,131,43
20260808,r3_d30_t1_w15,139,98,1048,447,503,391,39,8,48,5,9,15,131,43
20260808,r3_d30_t1_w15,140,105,1057,449,503,397,43,7,45,5,9,16,131,43
20260808,r3_d30_t1_w15,141,104,1062,453,505,404,47,8,41,4,9,16,131,43
20260808,r3_d30_t1_w15,142,106,1067,455,506,406,48,7,42,3,9,16,131,43
20260808,r3_d30_t1_w15,143,99,1072,459,514,409,48,9,41,2,9,16,131,43
20260808,r3_d30_t1_w15,144,102,1081,460,519,410,49,8,42,1,9,16,131,43
20260808,r3_d30_t1_w15,145,98,1086,462,526,415,50,10,37,3,9,14,131,43
20260808,r3_d30_t1_w15,146,91,1091,464,536,419,50,10,35,5,9,12,131,43
20260808,r3_d30_t1_w15,147,91,1097,468,538,423,52,11,34,3,9,12,131,43
20260808,r3_d30_t1_w15,148,90,1105,470,545,429,58,10,31,1,9,11,131,43
20260808,r3_d30_t1_w15,149,92,1111,471,548,431,59,7,33,1,9,12,131,43
20260808,r3_d30_t1_w15,150,90,1116,472,554,433,58,8,31,3,10,12,131,43
20260808,r3_d30_t1_w15,151,90,1126,474,562,434,42,6,34,18,13,12,131,43
20260808,r3_d30_t1_w15,152,89,1132,476,567,435,24,7,34,35,13,11,131,43
20260808,r3_d30_t1_w15,153,73,1137,492,572,436,22,18,38,22,10,11,131,43
20260808,r3_d30_t1_w15,154,61,1142,503,578,438,32,24,41,3,9,11,131,43
20260808,r3_d30_t1_w15,155,54,1148,509,585,440,31,24,45,0,9,9,126,43
20260808,r3_d30_t1_w15,156,53,1158,517,588,441,24,25,51,0,9,9,126,43
20260808,r3_d30_t1_w15,157,55,1165,517,593,445,24,21,51,4,9,9,126,43
20260808,r3_d30_t1_w15,158,56,1171,517,598,449,25,9,59,7,9,8,126,43
20260808,r3_d30_t1_w15,159,55,1180,521,604,453,25,9,59,7,13,6,126,43
20260808,r3_d30_t1_w15,160,58,1190,524,608,454,25,7,63,5,13,6,131,43
20260808,r3_d30_t1_w15,161,61,1200,529,610,458,25,10,61,4,13,6,131,43
20260808,r3_d30_t1_w15,162,60,1206,530,616,463,29,8,59,4,10,6,131,43
20260808,r3_d30_t1_w15,163,57,1214,534,623,466,28,9,59,4,9,7,131,43
20260808,r3_d30_t1_w15,164,58,1222,536,628,469,28,8,59,5,8,7,131,43
20260808,r3_d30_t1_w15,165,61,1228,539,628,472,29,10,57,4,8,8,131,43
20260808,r3_d30_t1_w15,166,69,1238,540,629,476,34,8,56,2,8,10,131,43
20260808,r3_d30_t1_w15,167,72,1244,543,629,480,34,10,53,3,8,10,131,43
20260808,r3_d30_t1_w15,168,77,1250,543,630,487,38,4,52,6,8,11,131,43
20260808,r3_d30_t1_w15,169,78,1255,546,631,487,38,7,52,3,8,10,131,43
20260808,r3_d30_t1_w15,170,83,1265,550,632,493,42,10,47,1,8,10,131,43
20260808,r3_d30_t1_w15,171,88,1271,550,633,498,45,7,45,3,8,12,131,43
20260808,r3_d30_t1_w15,172,91,1277,551,635,504,48,6,41,5,8,13,131,43
20260808,r3_d30_t1_w15,173,98,1287,554,635,507,49,6,41,4,9,13,131,43
20260808,r3_d30_t1_w15,174,100,1294,558,636,510,50,8,40,2,9,15,131,43
20260808,r3_d30_t1_w15,175,101,1303,564,638,516,48,12,36,4,9,14,131,43
20260808,r3_d30_t1_w15,176,99,1309,565,645,521,51,12,32,5,9,14,131,43
20260808,r3_d30_t1_w15,177,97,1314,568,649,522,52,8,38,2,9,13,131,43
20260808,r3_d30_t1_w15,178,100,1323,570,653,525,52,7,38,3,9,14,131,43
20260808,r3_d30_t1_w15,179,100,1330,570,660,531,55,5,34,6,9,13,131,43
20260808,r3_d30_t1_w15,180,104,1339,573,662,534,53,8,31,8,12,13,121,40
20260808,r3_d30_t1_w15,181,99,1344,577,668,536,30,11,30,29,14,13,121,40
20260808,r3_d30_t1_w15,182,97,1353,583,673,539,30,15,29,26,15,13,121,40
20260808,r3_d30_t1_w15,183,76,1361,607,678,542,29,36,29,6,9,12,121,40
20260808,r3_d30_t1_w15,184,77,1369,611,681,543,27,27,41,5,10,11,121,40
20260808,r3_d30_t1_w15,185,77,1379,615,687,549,30,21,45,4,13,10,131,43
20260808,r3_d30_t1_w15,186,77,1386,616,693,549,30,10,57,3,15,10,131,43
20260808,r3_d30_t1_w15,187,77,1394,619,698,551,30,8,60,2,16,10,131,43
20260808,r3_d30_t1_w15,188,77,1403,620,706,551,29,6,63,2,17,10,131,43
20260808,r3_d30_t1_w15,189,77,1410,622,711,553,29,7,62,2,16,9,131,43
20260808,r3_d30_t1_w15,190,78,1419,624,717,555,29,7,62,2,15,9,131,43
20260808,r3_d30_t1_w15,191,76,1427,628,723,556,28,9,63,0,15,8,131,43
20260808,r3_d30_t1_w15,192,80,1436,629,727,559,28,8,62,2,15,9,131,43
20260808,r3_d30_t1_w15,193,79,1444,629,736,561,27,5,63,5,11,10,131,43
20260808,r3_d30_t1_w15,194,76,1449,632,741,566,27,7,59,7,9,10,131,43
20260808,r3_d30_t1_w15,195,79,1455,635,741,572,31,6,57,6,9,10,131,43
20260808,r3_d30_t1_w15,196,81,1460,638,741,581,40,7,50,3,9,11,131,43
20260808,r3_d30_t1_w15,197,85,1467,641,741,586,44,9,46,1,9,12,131,43
20260808,r3_d30_t1_w15,198,90,1475,643,742,593,48,8,42,2,9,11,131,43
20260808,r3_d30_t1_w15,199,96,1483,644,743,594,46,9,41,4,9,12,131,43
20260808,r3_d30_t1_w15,200,95,1488,648,745,599,48,11,38,3,9,11,131,43
20260808,r3_d30_t1_w15,201,98,1496,651,747,601,49,8,42,1,9,11,131,43
20260808,r3_d30_t1_w15,202,98,1503,652,753,607,53,7,38,2,9,12,131,43
20260808,r3_d30_t1_w15,203,96,1509,652,761,612,56,5,35,4,9,11,131,43
20260808,r3_d30_t1_w15,204,95,1516,656,765,617,57,8,31,4,9,11,131,43
20260808,r3_d30_t1_w15,205,92,1523,660,771,620,56,11,29,4,9,10,131,43
20260808,r3_d30_t1_w15,206,88,1528,664,776,623,57,14,27,2,9,13,131,43
20260808,r3_d30_t1_w15,207,85,1534,668,781,625,57,15,28,0,9,13,131,43
20260808,r3_d30_t1_w15,208,86,1542,668,788,627,59,9,32,0,9,14,131,43
20260808,r3_d30_t1_w15,209,85,1547,669,793,629,59,8,32,1,9,14,131,43
20260808,r3_d30_t1_w15,210,82,1552,672,798,631,57,10,31,2,9,11,131,43
20260808,r3_d30_t1_w15,211,84,1558,673,801,633,58,6,34,2,10,11,131,43
20260808,r3_d30_t1_w15,212,86,1566,674,806,635,43,5,34,18,13,11,131,43
20260808,r3_d30_t1_w15,213,87,1575,675,813,637,40,5,33,22,15,10,131,43
20260808,r3_d30_t1_w15,214,70,1581,693,818,638,39,21,34,6,13,10,131,43
20260808,r3_d30_t1_w15,215,70,1588,698,820,643,38,23,32,7,12,9,131,43
20260808,r3_d30_t1_w15,216,69,1594,699,826,643,38,16,40,6,16,8,131,43
20260808,r3_d30_t1_w15,217,64,1601,706,831,645,37,19,42,2,14,8,131,43
20260808,r3_d30_t1_w15,218,66,1610,707,837,652,38,13,42,7,16,6,131,43
20260808,r3_d30_t1_w15,219,67,1619,710,842,653,37,10,47,6,15,6,131,43
20260808,r3_d30_t1_w15,220,70,1629,715,844,654,37,11,50,2,15,7,131,43
20260808,r3_d30_t1_w15,221,77,1639,716,846,656,37,11,49,3,15,7,131,43
20260808,r3_d30_t1_w15,222,79,1648,717,852,656,37,5,56,2,12,10,131,43
20260808,r3_d30_t1_w15,223,81,1657,719,857,658,39,4,57,0,9,10,131,43
20260808,r3_d30_t1_w15,224,81,1662,719,862,662,42,3,54,1,9,10,131,43
20260808,r3_d30_t1_w15,225,86,1668,719,863,664,43,1,54,2,9,11,131,43
20260808,r3_d30_t1_w15,226,93,1676,720,863,669,44,1,50,5,9,12,131,43
20260808,r3_d30_t1_w15,227,97,1682,721,864,671,43,1,49,7,9,13,131,43
20260808,r3_d30_t1_w15,228,97,1687,725,865,672,44,3,50,3,9,14,131,43
20260808,r3_d30_t1_w15,229,103,1697,729,865,674,43,7,48,2,9,14,131,43
20260808,r3_d30_t1_w15,230,112,1706,729,865,683,46,6,40,8,9,17,131,43
20260808,r3_d30_t1_w15,231,117,1714,732,865,687,44,9,36,11,9,18,131,43
20260808,r3_d30_t1_w15,232,115,1720,740,865,691,45,16,33,6,9,17,131,43
20260808,r3_d30_t1_w15,233,112,1726,745,869,693,47,17,35,1,9,17,131,43
20260808,r3_d30_t1_w15,234,112,1735,748,875,702,53,16,30,1,9,16,131,43
20260808,r3_d30_t1_w15,235,108,1741,748,885,704,54,12,32,2,9,16,111,40
20260808,r3_d30_t1_w15,236,104,1748,750,894,707,55,12,31,2,9,17,111,40
20260808,r3_d30_t1_w15,237,104,1757,751,902,711,57,8,32,3,9,16,111,40
20260808,r3_d30_t1_w15,238,98,1762,754,910,714,56,10,30,4,9,15,111,40
20260808,r3_d30_t1_w15,239,102,1771,756,913,715,54,7,34,5,9,15,111,40
20260808,r3_d30_t1_w15,240,102,1778,759,917,717,51,9,33,7,10,14,131,43
20260808,r3_d30_t1_w15,241,101,1786,762,923,718,36,9,35,20,13,12,131,43
20260808,r3_d30_t1_w15,242,101,1793,767,925,721,17,12,34,37,14,12,131,43
20260808,r3_d30_t1_w15,243,88,1800,783,929,722,17,22,39,22,13,11,131,43
20260808,r3_d30_t1_w15,244,74,1810,800,936,725,23,31,44,2,9,10,131,43
20260808,r3_d30_t1_w15,245,70,1819,805,944,727,20,26,52,2,9,10,131,43
20260808,r3_d30_t1_w15,246,69,1826,806,951,728,19,17,61,3,12,10,131,43
20260808,r3_d30_t1_w15,247,72,1833,807,954,730,18,11,66,5,14,10,131,43
20260808,r3_d30_t1_w15,248,73,1841,809,959,733,20,7,69,4,14,7,131,43
20260808,r3_d30_t1_w15,249,67,1846,812,967,734,20,7,71,2,13,6,131,43
20260808,r3_d30_t1_w15,250,66,1851,813,972,739,22,6,68,4,13,6,131,43
20260808,r3_d30_t1_w15,251,68,1861,814,979,741,21,6,67,6,14,6,131,43
20260808,r3_d30_t1_w15,252,65,1869,819,985,745,21,8,66,5,11,7,131,43
20260808,r3_d30_t1_w15,253,67,1878,822,989,750,25,8,64,3,10,7,131,43
20260808,r3_d30_t1_w15,254,64,1886,824,998,754,25,8,62,5,9,10,131,43
20260808,r3_d30_t1_w15,255,70,1892,824,998,758,27,6,60,7,9,10,122,43
20260808,r3_d30_t1_w15,256,76,1902,828,998,766,32,8,54,6,9,11,122,43
20260808,r3_d30_t1_w15,257,78,1911,833,1000,771,33,12,50,5,9,9,122,43
20260808,r3_d30_t1_w15,258,79,1916,837,1000,776,33,12,49,6,9,9,122,43
20260808,r3_d30_t1_w15,259,80,1921,839,1002,780,35,10,49,6,9,9,122,43
20260808,r3_d30_t1_w15,260,80,1927,844,1003,786,38,13,45,4,8,10,131,43
20260808,r3_d30_t1_w15,261,86,1936,846,1004,788,39,13,45,3,8,10,131,43
20260808,r3_d30_t1_w15,262,85,1941,851,1005,798,42,14,39,5,9,11,131,43
20260808,r3_d30_t1_w15,263,89,1948,853,1006,802,44,14,37,5,9,11,131,43
20260808,r3_d30_t1_w15,264,88,1955,859,1008,804,44,14,41,1,9,11,131,43
20260808,r3_d30_t1_w15,265,91,1961,860,1010,806,46,13,41,0,9,12,131,43
20260808,r3_d30_t1_w15,266,99,1970,860,1011,809,47,10,41,2,9,14,131,43
20260808,r3_d30_t1_w15,267,101,1980,862,1017,814,49,10,38,3,9,15,131,43
20260808,r3_d30_t1_w15,268,97,1985,865,1023,816,50,9,40,1,9,14,131,43
20260808,r3_d30_t1_w15,269,95,1991,866,1030,818,51,10,38,1,9,16,131,43
20260808,r3_d30_t1_w15,270,97,1998,868,1033,821,50,9,38,3,10,15,131,43
20260808,r3_d30_t1_w15,271,96,2005,869,1040,824,40,6,39,15,12,15,131,43
20260808,r3_d30_t1_w15,272,94,2012,871,1047,828,36,7,36,21,15,12,131,43
20260808,r3_d30_t1_w15,273,83,2018,884,1051,828,34,16,40,10,11,11,131,43
20260808,r3_d30_t1_w15,274,81,2028,892,1055,831,35,19,42,4,14,11,131,43
20260808,r3_d30_t1_w15,275,84,2038,894,1060,833,36,16,45,3,17,10,131,43
20260808,r3_d30_t1_w15,276,84,2047,896,1067,837,34,14,45,7,18,10,131,43
20260808,r3_d30_t1_w15,277,87,2056,897,1072,840,32,9,48,11,17,10,131,43
20260808,r3_d30_t1_w15,278,83,2064,905,1076,843,31,13,49,7,16,8,131,43
20260808,r3_d30_t1_w15,279,84,2071,911,1076,845,29,17,49,5,17,7,131,43
20260808,r3_d30_t1_w15,280,85,2081,915,1081,851,27,15,49,9,16,7,131,43
20260808,r3_d30_t1_w15,281,84,2089,918,1087,853,27,14,51,8,15,8,131,43
20260808,r3_d30_t1_w15,282,79,2097,924,1094,858,32,13,53,2,11,9,131,43
20260808,r3_d30_t1_w15,283,79,2102,926,1097,860,33,11,55,1,10,10,131,43
20260808,r3_d30_t1_w15,284,79,2110,928,1103,861,31,7,60,2,9,10,131,43
20260808,r3_d30_t1_w15,285,82,2115,930,1103,864,31,6,60,3,9,12,121,40
20260808,r3_d30_t1_w15,286,86,2120,931,1103,868,35,7,56,2,9,12,121,40
20260808,r3_d30_t1_w15,287,89,2126,934,1103,869,32,7,58,3,9,13,121,40
20260808,r3_d30_t1_w15,288,98,2135,934,1103,875,36,3,56,5,9,13,121,40
20260808,r3_d30_t1_w15,289,103,2144,937,1104,879,40,6,52,2,9,14,121,40
20260808,r3_d30_t1_w15,290,104,2150,940,1106,881,40,9,50,1,9,14,126,43
20260808,r3_d30_t1_w15,291,101,2155,940,1114,883,42,7,50,1,9,14,126,43
20260808,r3_d30_t1_w15,292,102,2165,942,1121,888,44,7,47,2,9,13,126,43
20260808,r3_d30_t1_w15,293,105,2175,942,1128,897,48,5,40,7,9,14,126,43
20260808,r3_d30_t1_w15,294,106,2183,944,1133,901,50,5,38,7,9,14,126,43
20260808,r3_d30_t1_w15,295,104,2192,949,1139,905,52,7,37,4,9,14,131,43
20260808,r3_d30_t1_w15,296,108,2202,952,1142,908,54,8,36,2,9,14,131,43
20260808,r3_d30_t1_w15,297,110,2212,954,1148,911,57,10,33,0,9,14,131,43
20260808,r3_d30_t1_w15,298,110,2217,954,1153,913,58,9,32,1,9,15,131,43
20260808,r3_d30_t1_w15,299,109,2222,954,1159,916,59,6,32,3,9,14,131,43
20260808,r3_d30_t1_w15,300,110,2229,958,1161,918,57,9,31,3,9,12,131,43
20260808,r3_d30_t1_w15,301,109,2234,961,1164,922,57,11,28,4,10,12,131,43
20260808,r3_d30_t1_w15,302,111,2243,964,1168,926,42,10,28,20,14,12,131,43
20260808,r3_d30_t1_w15,303,106,2248,967,1175,929,31,11,27,31,15,11,131,43
20260808,r3_d30_t1_w15,304,91,2256,984,1181,931,32,23,30,15,12,11,131,43
20260808,r3_d30_t1_w15,305,78,2263,999,1186,932,32,32,35,1,9,10,131,43
20260808,r3_d30_t1_w15,306,80,2270,1000,1190,932,31,22,46,1,10,9,131,43
20260808,r3_d30_t1_w15,307,80,2280,1000,1200,935,33,13,52,2,12,8,131,43
20260808,r3_d30_t1_w15,308,76,2286,1001,1209,935,32,10,56,2,13,6,131,43
20260808,r3_d30_t1_w15,309,75,2295,1004,1216,937,31,10,57,2,14,6,131,43
20260808,r3_d30_t1_w15,310,71,2300,1005,1224,938,31,4,63,2,14,5,131,43
20260808,r3_d30_t1_w15,311,69,2309,1006,1234,941,32,2,63,3,13,6,131,43
20260808,r3_d30_t1_w15,312,67,2319,1008,1244,947,34,3,58,5,11,6,131,43
20260808,r3_d30_t1_w15,313,68,2328,1012,1248,948,33,7,57,3,11,7,131,43
20260808,r3_d30_t1_w15,314,69,2336,1015,1252,949,33,10,56,1,9,8,131,43
20260808,r3_d30_t1_w15,315,73,2341,1015,1253,954,38,5,56,1,9,9,131,43
20260808,r3_d30_t1_w15,316,76,2346,1016,1254,959,42,4,53,1,9,9,131,43
20260808,r3_d30_t1_w15,317,80,2352,1017,1255,966,45,5,46,4,9,9,131,43
20260808,r3_d30_t1_w15,318,82,2359,1022,1255,969,44,9,44,3,9,9,131,43
20260808,r3_d30_t1_w15,319,83,2364,1025,1256,971,46,7,47,0,9,11,131,43
20260808,r3_d30_t1_w15,320,88,2372,1026,1258,977,48,7,42,3,9,11,131,43
20260808,r3_d30_t1_w15,321,97,2382,1026,1259,982,50,5,39,6,9,13,131,43
20260808,r3_d30_t1_w15,322,100,2392,1030,1262,985,51,7,38,4,9,13,131,43
20260808,r3_d30_t1_w15,323,103,2401,1033,1265,990,54,9,34,3,9,13,131,43
20260808,r3_d30_t1_w15,324,107,2411,1035,1269,996,59,10,29,2,9,16,131,43
20260808,r3_d30_t1_w15,325,111,2421,1037,1273,1000,61,10,27,2,9,17,131,43
20260808,r3_d30_t1_w15,326,109,2428,1038,1281,1001,60,9,28,3,9,17,131,43
20260808,r3_d30_t1_w15,327,108,2438,1042,1288,1003,59,10,29,2,9,16,131,43
20260808,r3_d30_t1_w15,328,109,2447,1045,1293,1008,59,13,24,4,9,16,131,43
20260808,r3_d30_t1_w15,329,108,2454,1047,1299,1008,58,11,28,3,8,15,131,43
20260808,r3_d30_t1_w15,330,110,2463,1051,1302,1010,53,11,30,6,10,15,131,43
20260808,r3_d30_t1_w15,331,113,2472,1053,1306,1011,22,10,32,36,13,15,131,43
20260808,r3_d30_t1_w15,332,112,2478,1059,1307,1011,16,12,36,36,11,13,131,43
20260808,r3_d30_t1_w15,333,93,2484,1078,1313,1014,30,27,37,6,8,12,131,43
20260808,r3_d30_t1_w15,334,90,2492,1084,1318,1018,32,23,43,2,8,12,131,43
20260808,r3_d30_t1_w15,335,86,2497,1088,1323,1020,30,17,51,2,8,12,121,40
20260808,r3_d30_t1_w15,336,77,2502,1094,1331,1024,29,14,56,1,8,10,121,40
20260808,r3_d30_t1_w15,337,68,2507,1099,1340,1025,25,12,62,1,8,10,121,40
20260808,r3_d30_t1_w15,338,69,2516,1100,1347,1028,25,10,62,3,8,8,121,40
20260808,r3_d30_t1_w15,339,69,2525,1100,1356,1031,20,8,61,11,11,7,121,40
20260808,r3_d30_t1_w15,340,64,2532,1104,1364,1031,17,9,64,10,9,6,131,43
20260808,r3_d30_t1_w15,341,59,2539,1112,1368,1033,17,15,64,4,10,7,131,43
20260808,r3_d30_t1_w15,342,60,2549,1114,1375,1036,18,10,68,4,10,7,131,43
20260808,r3_d30_t1_w15,343,61,2559,1116,1382,1039,20,10,67,3,9,7,131,43
20260808,r3_d30_t1_w15,344,57,2564,1119,1388,1042,21,9,68,2,8,7,131,43
20260808,r3_d30_t1_w15,345,60,2569,1120,1389,1045,23,8,67,2,8,7,131,43
20260808,r3_d30_t1_w15,346,66,2577,1120,1391,1049,26,5,66,3,9,7,131,43
20260808,r3_d30_t1_w15,347,71,2586,1122,1393,1054,26,4,64,6,9,8,131,43
20260808,r3_d30_t1_w15,348,77,2595,1124,1394,1057,28,5,62,5,9,10,131,43
20260808,r3_d30_t1_w15,349,74,2600,1130,1396,1064,31,10,56,3,9,10,131,43
20260808,r3_d30_t1_w15,350,80,2609,1132,1397,1066,32,12,54,2,9,10,131,43
20260808,r3_d30_t1_w15,351,83,2616,1135,1398,1073,37,12,50,1,9,11,131,43
20260808,r3_d30_t1_w15,352,87,2621,1136,1398,1077,36,10,49,5,9,11,131,43
20260808,r3_d30_t1_w15,353,92,2630,1137,1401,1083,41,4,50,5,9,13,131,43
20260808,r3_d30_t1_w15,354,93,2636,1141,1402,1093,50,7,41,2,9,13,131,43
20260808,r3_d30_t1_w15,355,97,2643,1143,1403,1099,54,9,35,2,9,14,131,43
20260808,r3_d30_t1_w15,356,102,2652,1145,1405,1100,51,11,34,4,9,16,131,43
20260808,r3_d30_t1_w15,357,100,2659,1147,1412,1103,50,8,36,6,9,15,131,43
20260808,r3_d30_t1_w15,358,99,2668,1151,1418,1105,51,7,39,3,9,12,131,43
20260808,r3_d30_t1_w15,359,99,2674,1156,1419,1109,51,12,35,2,9,13,131,43
20260808,r3_d30_t1_w15,360,105,2684,1157,1422,1114,51,12,31,6,12,13,126,43
20260808,r3_d30_t1_w15,361,104,2690,1159,1427,1117,29,10,32,29,14,13,126,43
20260808,r3_d30_t1_w15,362,103,2699,1163,1433,1119,30,11,33,26,15,12,126,43
20260808,r3_d30_t1_w15,363,76,2704,1188,1440,1119,30,35,34,1,9,11,126,43
20260808,r3_d30_t1_w15,364,79,2713,1190,1444,1120,30,25,45,0,10,9,126,43
20260808,r3_d30_t1_w15,365,76,2719,1190,1453,1123,31,14,53,2,11,8,131,43
20260808,r3_d30_t1_w15,366,78,2728,1191,1459,1125,30,11,55,4,14,7,131,43
20260808,r3_d30_t1_w15,367,82,2738,1194,1462,1126,29,9,59,3,15,7,131,43
20260808,r3_d30_t1_w15,368,76,2743,1196,1471,1130,31,5,61,3,15,6,131,43
20260808,r3_d30_t1_w15,369,75,2749,1198,1476,1131,29,4,63,4,15,6,131,43
20260808,r3_d30_t1_w15,370,74,2756,1200,1482,1133,31,4,63,2,15,6,131,43
20260808,r3_d30_t1_w15,371,76,2766,1202,1488,1135,32,6,61,1,14,8,131,43
20260808,r3_d30_t1_w15,372,78,2776,1204,1494,1139,30,7,58,5,11,9,131,43
20260808,r3_d30_t1_w15,373,76,2782,1205,1501,1142,31,6,57,6,9,10,131,43
20260808,r3_d30_t1_w15,374,72,2787,1210,1505,1148,34,7,55,4,9,11,131,43
20260808,r3_d30_t1_w15,375,78,2796,1212,1506,1154,37,7,51,5,9,12,131,43
20260808,r3_d30_t1_w15,376,84,2806,1215,1507,1160,42,10,45,3,9,14,131,43
20260808,r3_d30_t1_w15,377,89,2814,1218,1507,1165,46,11,42,1,9,12,131,43
20260808,r3_d30_t1_w15,378,95,2822,1220,1507,1170,49,11,39,1,9,13,131,43
20260808,r3_d30_t1_w15,379,96,2828,1222,1510,1172,50,11,39,0,9,13,131,43
20260808,r3_d30_t1_w15,380,102,2835,1222,1511,1176,53,8,38,1,9,13,115,42
20260808,r3_d30_t1_w15,381,109,2845,1222,1514,1184,60,6,32,2,9,16,115,42
20260808,r3_d30_t1_w15,382,103,2850,1225,1522,1185,59,8,32,1,9,15,115,42
20260808,r3_d30_t1_w15,383,104,2855,1226,1525,1189,61,8,29,2,9,15,115,42
20260808,r3_d30_t1_w15,384,106,2865,1228,1531,1193,61,8,27,4,9,15,115,42
20260808,r3_d30_t1_w15,385,105,2873,1232,1536,1195,59,8,29,4,9,15,131,43
20260808,r3_d30_t1_w15,386,104,2882,1234,1544,1198,60,6,30,4,9,14,131,43
20260808,r3_d30_t1_w15,387,105,2890,1237,1548,1200,61,9,28,2,9,13,131,43
20260808,r3_d30_t1_w15,388,104,2897,1242,1551,1202,59,11,29,1,9,13,131,43
20260808,r3_d30_t1_w15,389,108,2903,1242,1553,1202,59,7,33,1,9,14,131,43
20260808,r3_d30_t1_w15,390,105,2911,1245,1561,1205,60,10,30,0,9,13,121,40
20260808,r3_d30_t1_w15,391,102,2919,1246,1571,1206,57,10,30,3,10,13,121,40
20260808,r3_d30_t1_w15,392,102,2926,1246,1578,1208,42,9,29,20,14,12,121,40
20260808,r3_d30_t1_w15,393,103,2936,1250,1583,1211,33,8,31,28,16,11,121,40
20260808,r3_d30_t1_w15,394,89,2945,1268,1588,1213,33,24,31,12,13,10,121,40
20260808,r3_d30_t1_w15,395,83,2954,1279,1592,1214,34,32,33,1,10,9,131,43
20260808,r3_d30_t1_w15,396,83,2964,1280,1601,1216,34,23,41,2,14,9,131,43
20260808,r3_d30_t1_w15,397,84,2972,1283,1605,1218,33,19,46,2,15,8,131,43
20260808,r3_d30_t1_w15,398,86,2980,1285,1609,1220,33,15,50,2,16,8,131,43
20260808,r3_d30_t1_w15,399,83,2986,1286,1617,1221,32,11,54,3,15,7,131,43
20260808,r3_d30_t1_w15,400,78,2991,1289,1624,1225,33,6,58,3,15,6,131,43
20260808,r3_d30_t1_w15,401,77,3000,1292,1631,1228,32,7,57,4,13,8,131,43
20260808,r3_d30_t1_w15,402,76,3009,1294,1639,1228,30,8,58,4,9,9,131,43
20260808,r3_d30_t1_w15,403,76,3014,1296,1642,1229,30,8,59,3,9,10,131,43
20260808,r3_d30_t1_w15,404,78,3023,1299,1646,1231,29,7,61,3,9,11,131,43
20260808,r3_d30_t1_w15,405,80,3029,1300,1649,1239,33,6,55,6,9,12,131,43
20260808,r3_d30_t1_w15,406,83,3035,1302,1650,1240,34,6,56,4,9,11,131,43
20260808,r3_d30_t1_w15,407,82,3040,1308,1650,1244,35,8,56,1,9,12,131,43
20260808,r3_d30_t1_w15,408,85,3045,1309,1651,1247,37,8,54,1,9,12,131,43
20260808,r3_d30_t1_w15,409,88,3051,1311,1652,1250,39,7,54,0,9,12,131,43
20260808,r3_d30_t1_w15,410,88,3056,1314,1654,1258,42,9,47,2,9,13,131,43
20260808,r3_d30_t1_w15,411,89,3062,1314,1659,1262,44,8,44,4,9,14,131,43
20260808,r3_d30_t1_w15,412,91,3072,1316,1665,1265,46,6,45,3,9,15,131,43
20260808,r3_d30_t1_w15,413,91,3078,1318,1669,1273,53,7,38,2,9,14,131,43
20260808,r3_d30_t1_w15,414,92,3086,1320,1674,1276,54,8,36,2,9,14,131,43
20260808,r3_d30_t1_w15,415,93,3093,1322,1678,1279,55,8,35,2,9,16,131,43
20260808,r3_d30_t1_w15,416,89,3099,1325,1685,1284,57,10,31,2,9,14,131,43
20260808,r3_d30_t1_w15,417,90,3109,1326,1693,1289,62,11,26,1,9,12,131,43
20260808,r3_d30_t1_w15,418,95,3119,1328,1696,1294,64,10,24,2,9,13,131,43
20260808,r3_d30_t1_w15,419,96,3128,1328,1704,1295,65,8,25,2,9,13,131,43
20260808,r3_d30_t1_w15,420,95,3137,1335,1707,1298,61,9,28,2,9,13,131,43
20260808,r3_d30_t1_w15,421,95,3143,1336,1712,1301,61,10,25,4,11,13,131,43
20260808,r3_d30_t1_w15,422,99,3150,1338,1713,1303,38,10,25,27,12,13,131,43
20260808,r3_d30_t1_w15,423,97,3155,1340,1718,1304,27,11,25,37,14,13,131,43
20260808,r3_d30_t1_w15,424,78,3163,1364,1721,1308,30,34,22,14,9,11,131,43
20260808,r3_d30_t1_w15,425,74,3172,1373,1725,1309,34,32,32,2,9,10,131,43
20260808,r3_d30_t1_w15,426,73,3182,1380,1729,1309,29,32,39,0,9,9,131,43
20260808,r3_d30_t1_w15,427,69,3187,1380,1738,1310,28,23,47,2,10,9,131,43
20260808,r3_d30_t1_w15,428,70,3195,1381,1744,1312,26,13,56,5,12,8,131,43
20260808,r3_d30_t1_w15,429,72,3205,1383,1750,1315,25,9,59,7,13,8,131,43
20260808,r3_d30_t1_w15,430,68,3211,1387,1756,1315,23,8,64,5,12,8,131,43
20260808,r3_d30_t1_w15,431,65,3217,1391,1761,1319,24,11,61,4,11,7,131,43
20260808,r3_d30_t1_w15,432,59,3223,1393,1771,1320,23,11,62,4,11,5,131,43
20260808,r3_d30_t1_w15,433,56,3233,1396,1781,1322,24,11,63,2,7,5,131,43
20260808,r3_d30_t1_w15,434,56,3243,1397,1790,1325,26,12,60,2,7,8,131,43
20260808,r3_d30_t1_w15,435,63,3252,1398,1791,1328,28,11,59,2,8,10,131,43
20260808,r3_d30_t1_w15,436,68,3258,1399,1791,1332,29,8,59,4,9,9,131,43
20260808,r3_d30_t1_w15,437,71,3266,1402,1793,1336,30,7,59,4,9,11,131,43
20260808,r3_d30_t1_w15,438,76,3275,1405,1794,1339,33,8,58,1,9,11,131,43
20260808,r3_d30_t1_w15,439,81,3282,1406,1795,1345,38,8,53,1,9,12,131,43
20260808,r3_d30_t1_w15,440,88,3291,1407,1796,1348,38,6,53,3,9,12,131,43
20260808,r3_d30_t1_w15,441,92,3299,1409,1798,1356,45,5,48,2,9,14,131,43
20260808,r3_d30_t1_w15,442,93,3304,1411,1800,1363,44,7,41,8,9,13,131,43
20260808,r3_d30_t1_w15,443,101,3313,1411,1801,1367,47,5,39,9,9,14,131,43
20260808,r3_d30_t1_w15,444,96,3318,1421,1801,1373,48,12,36,4,9,12,131,43
20260808,r3_d30_t1_w15,445,104,3328,1422,1802,1375,50,10,37,3,9,13,121,40
20260808,r3_d30_t1_w15,446,108,3338,1425,1805,1381,53,12,32,3,9,14,121,40
20260808,r3_d30_t1_w15,447,115,3347,1425,1807,1383,54,10,32,4,9,15,121,40
20260808,r3_d30_t1_w15,448,117,3354,1428,1809,1386,55,10,32,3,9,16,121,40
20260808,r3_d30_t1_w15,449,113,3363,1433,1817,1389,54,12,32,2,9,17,121,40
20260808,r3_d30_t1_w15,450,109,3369,1438,1822,1390,51,15,33,1,9,17,131,43
20260808,r3_d30_t1_w15,451,111,3377,1438,1828,1392,48,13,33,6,11,14,131,43
20260808,r3_d30_t1_w15,452,108,3383,1440,1835,1396,25,10,34,31,12,13,131,43
20260808,r3_d30_t1_w15,453,101,3388,1445,1842,1397,25,13,35,27,12,11,131,43
20260808,r3_d30_t1_w15,454,79,3396,1469,1848,1398,26,30,41,3,9,11,131,43
20260808,r3_d30_t1_w15,455,77,3406,1474,1855,1402,22,26,46,6,10,10,131,43
20260808,r3_d30_t1_w15,456,79,3415,1476,1860,1403,22,20,53,5,12,9,131,43
20260808,r3_d30_t1_w15,457,77,3421,1480,1864,1405,23,15,60,2,14,8,131,43
20260808,r3_d30_t1_w15,458,75,3428,1481,1872,1409,23,7,65,5,15,8,131,43
20260808,r3_d30_t1_w15,459,77,3437,1484,1876,1413,22,5,66,7,16,7,131,43
20260808,r3_d30_t1_w15,460,74,3446,1488,1884,1415,23,7,66,4,16,6,131,43
20260808,r3_d30_t1_w15,461,75,3456,1491,1890,1417,24,6,68,2,15,6,131,43
20260808,r3_d30_t1_w15,462,77,3466,1492,1897,1422,24,6,64,6,13,8,131,43
20260808,r3_d30_t1_w15,463,81,3476,1493,1902,1423,24,4,66,6,11,9,131,43
20260808,r3_d30_t1_w15,464,76,3483,1498,1909,1426,25,6,66,3,9,12,131,43
20260808,r3_d30_t1_w15,465,79,3488,1500,1909,1435,31,7,58,4,9,13,131,43
20260808,r3_d30_t1_w15,466,88,3498,1501,1909,1438,35,5,58,2,9,15,131,43
20260808,r3_d30_t1_w15,467,94,3507,1503,1910,1440,36,6,57,1,9,14,131,43
20260808,r3_d30_t1_w15,468,100,3514,1503,1911,1444,39,6,53,2,9,16,131,43
20260808,r3_d30_t1_w15,469,103,3519,1505,1911,1447,39,6,52,3,9,16,131,43
20260808,r3_d30_t1_w15,470,105,3524,1507,1912,1453,43,7,47,3,9,18,131,43
20260808,r3_d30_t1_w15,471,107,3531,1509,1915,1456,45,8,45,2,9,18,131,43
20260808,r3_d30_t1_w15,472,112,3538,1510,1916,1462,51,7,41,1,9,19,131,43
20260808,r3_d30_t1_w15,473,111,3544,1511,1922,1465,52,6,40,2,9,18,131,43
20260808,r3_d30_t1_w15,474,108,3550,1513,1929,1474,58,4,35,3,9,20,131,43
20260808,r3_d30_t1_w15,475,106,3558,1516,1936,1477,59,7,32,2,9,19,131,43
20260808,r3_d30_t1_w15,476,101,3564,1518,1945,1479,60,7,32,1,9,18,131,43
20260808,r3_d30_t1_w15,477,95,3571,1522,1954,1480,58,10,32,0,9,15,131,43
20260808,r3_d30_t1_w15,478,93,3579,1525,1961,1484,58,10,31,1,9,15,131,43
20260808,r3_d30_t1_w15,479,95,3588,1525,1968,1486,59,8,31,2,9,14,131,43
20260808,r3_d30_t1_w15,480,95,3594,1528,1971,1491,61,8,29,2,10,14,131,43
20260808,r3_d30_t1_w15,481,94,3603,1529,1980,1494,47,6,29,18,13,13,131,43
20260808,r3_d30_t1_w15,482,95,3612,1531,1986,1496,40,6,29,25,17,13,131,43
20260808,r3_d30_t1_w15,483,83,3621,1548,1990,1497,40,22,29,9,13,12,131,43
20260808,r3_d30_t1_w15,484,76,3626,1556,1994,1499,40,21,36,3,13,11,131,43
20260808,r3_d30_t1_w15,485,77,3632,1557,1998,1499,39,17,41,3,14,10,131,43
20260808,r3_d30_t1_w15,486,78,3639,1559,2002,1501,40,16,42,2,15,9,131,43
20260808,r3_d30_t1_w15,487,77,3647,1561,2009,1503,40,15,43,2,16,9,131,43
20260808,r3_d30_t1_w15,488,78,3655,1562,2015,1504,41,10,48,1,16,8,131,43
20260808,r3_d30_t1_w15,489,77,3663,1565,2021,1506,39,11,48,2,15,8,131,43
20260808,r3_d30_t1_w15,490,76,3670,1565,2029,1509,39,8,48,5,14,8,126,43
20260808,r3_d30_t1_w15,491,75,3676,1568,2033,1511,38,9,48,5,14,9,126,43
20260808,r3_d30_t1_w15,492,77,3684,1572,2035,1514,39,8,50,3,12,9,126,43
20260808,r3_d30_t1_w15,493,76,3693,1576,2041,1515,35,9,52,4,11,9,126,43
20260808,r3_d30_t1_w15,494,73,3701,1579,2049,1521,36,6,52,6,9,9,126,43
20260808,r3_d30_t1_w15,495,76,3708,1583,2049,1523,35,9,51,5,9,9,131,43
20260808,r3_d30_t1_w15,496,84,3718,1585,2049,1525,38,10,50,2,9,13,131,43
20260808,r3_d30_t1_w15,497,87,3724,1588,2049,1527,37,8,53,2,9,13,131,43
20260808,r3_d30_t1_w15,498,93,3731,1588,2050,1532,39,8,48,5,9,13,131,43
20260808,r3_d30_t1_w15,499,96,3738,1592,2050,1534,37,8,50,5,9,13,131,43
20260808,r3_d30_t1_w15,500,99,3748,1597,2052,1537,36,12,48,4,9,12,131,43
20260808,r3_d30_t1_w15,501,105,3756,1599,2052,1541,39,12,46,3,9,12,131,43
20260808,r3_d30_t1_w15,502,102,3761,1602,2057,1547,40,11,44,5,9,13,131,43
20260808,r3_d30_t1_w15,503,101,3768,1604,2063,1550,39,10,44,7,9,13,131,43
20260808,r3_d30_t1_w15,504,96,3773,1608,2069,1555,43,12,41,4,9,13,131,43
20260808,r3_d30_t1_w15,505,98,3781,1612,2071,1558,42,13,41,4,9,14,131,43
20260808,r3_d30_t1_w15,506,100,3786,1613,2073,1564,45,10,39,6,9,14,131,43
20260808,r3_d30_t1_w15,507,104,3796,1616,2076,1565,46,10,41,3,9,14,131,43
20260808,r3_d30_t1_w15,508,103,3802,1619,2080,1570,50,9,40,1,9,14,131,43
20260808,r3_d30_t1_w15,509,102,3808,1619,2087,1571,49,8,40,3,9,12,131,43
20260808,r3_d30_t1_w15,510,101,3816,1622,2093,1574,48,10,38,4,10,11,131,43
20260808,r3_d30_t1_w15,511,99,3825,1625,2101,1579,34,6,40,20,14,11,131,43
20260808,r3_d30_t1_w15,512,100,3832,1627,2105,1580,11,6,41,42,15,11,131,43
20260808,r3_d30_t1_w15,513,90,3842,1645,2107,1582,10,21,42,27,10,10,131,43
20260808,r3_d30_t1_w15,514,75,3852,1665,2112,1586,17,40,39,4,9,9,131,43
20260808,r3_d30_t1_w15,515,67,3858,1671,2120,1588,16,36,47,1,9,9,131,43
20260808,r3_d30_t1_w15,516,62,3864,1674,2128,1589,15,27,58,0,9,8,131,43
20260808,r3_d30_t1_w15,517,68,3874,1674,2132,1592,15,19,63,3,12,7,131,43
20260808,r3_d30_t1_w15,518,73,3884,1675,2136,1594,15,10,71,4,16,6,131,43
20260808,r3_d30_t1_w15,519,76,3894,1678,2140,1599,17,8,71,4,18,6,131,43
20260808,r3_d30_t1_w15,520,75,3903,1680,2148,1604,18,7,69,6,17,6,101,38
20260808,r3_d30_t1_w15,521,76,3913,1684,2153,1606,18,9,69,4,15,7,101,38
20260808,r3_d30_t1_w15,522,69,3918,1687,2162,1608,19,10,69,2,11,7,101,38
20260808,r3_d30_t1_w15,523,68,3924,1688,2168,1609,19,9,70,2,10,7,101,38
20260808,r3_d30_t1_w15,524,70,3932,1689,2173,1614,20,9,66,5,8,8,101,38
20260808,r3_d30_t1_w15,525,73,3939,1691,2175,1621,25,10,60,5,9,9,126,43
20260808,r3_d30_t1_w15,526,78,3947,1693,2176,1629,31,9,55,5,9,10,126,43
20260808,r3_d30_t1_w15,527,83,3956,1695,2178,1632,31,10,53,6,9,10,126,43
20260808,r3_d30_t1_w15,528,86,3965,1699,2180,1635,30,12,52,6,9,11,126,43
20260808,r3_d30_t1_w15,529,88,3970,1702,2180,1641,34,8,53,5,9,12,126,43
20260808,r3_d30_t1_w15,530,87,3976,1708,2181,1646,36,14,48,2,9,13,131,43
20260808,r3_d30_t1_w15,531,92,3984,1710,2182,1653,40,13,44,3,9,13,131,43
20260808,r3_d30_t1_w15,532,97,3992,1711,2184,1658,43,11,42,4,9,13,131,43
20260808,r3_d30_t1_w15,533,101,4000,1714,2185,1660,42,14,40,4,9,14,131,43
20260808,r3_d30_t1_w15,534,101,4006,1716,2189,1663,42,11,42,5,9,15,131,43
20260808,r3_d30_t1_w15,535,103,4013,1718,2192,1672,49,11,35,5,9,16,131,43
20260808,r3_d30_t1_w15,536,100,4022,1723,2199,1676,48,12,35,5,9,16,131,43
20260808,r3_d30_t1_w15,537,105,4030,1725,2200,1677,46,11,37,6,9,16,131,43
20260808,r3_d30_t1_w15,538,104,4036,1729,2203,1678,45,12,39,4,9,15,131,43
20260808,r3_d30_t1_w15,539,104,4043,1733,2206,1679,44,13,41,2,9,15,131,43
20260808,r3_d30_t1_w15,540,106,4053,1735,2212,1682,40,13,40,7,12,14,131,43
20260808,r3_d30_t1_w15,541,107,4062,1737,2218,1682,28,12,43,17,14,13,131,43
20260808,r3_d30_t1_w15,542,102,4070,1744,2224,1686,28,16,42,14,16,12,131,43
20260808,r3_d30_t1_w15,543,90,4077,1755,2232,1688,30,18,49,3,12,10,131,43
20260808,r3_d30_t1_w15,544,91,4085,1759,2235,1690,29,16,53,2,14,8,131,43
20260808,r3_d30_t1_w15,545,92,4091,1759,2240,1691,30,9,59,2,16,8,131,43
20260808,r3_d30_t1_w15,546,92,4101,1762,2247,1695,31,9,58,2,17,7,131,43
20260808,r3_d30_t1_w15,547,91,4110,1764,2255,1698,29,10,56,5,18,7,131,43
20260808,r3_d30_t1_w15,548,88,4115,1766,2261,1701,30,6,59,5,18,8,131,43
20260808,r3_d30_t1_w15,549,90,4123,1770,2263,1706,31,7,57,5,17,10,131,43
20260808,r3_d30_t1_w15,550,87,4129,1774,2268,1711,28,9,54,9,17,11,126,43
20260808,r3_d30_t1_w15,551,88,4138,1777,2273,1714,28,6,57,9,16,11,126,43
20260808,r3_d30_t1_w15,552,86,4147,1784,2277,1718,28,11,55,6,11,12,126,43
20260808,r3_d30_t1_w15,553,90,4157,1787,2280,1722,29,10,55,6,10,13,126,43
20260808,r3_d30_t1_w15,554,85,4162,1791,2286,1728,31,10,53,6,9,14,126,43
20260808,r3_d30_t1_w15,555,91,4170,1792,2287,1731,35,9,52,4,9,15,131,43
20260808,r3_d30_t1_w15,556,95,4180,1796,2289,1736,37,10,50,3,9,15,131,43
20260808,r3_d30_t1_w15,557,101,4188,1798,2289,1740,38,8,50,4,9,15,131,43
20260808,r3_d30_t1_w15,558,108,4197,1800,2289,1744,41,7,49,3,9,16,131,43
20260808,r3_d30_t1_w15,559,109,4202,1803,2290,1747,42,7,49,2,9,16,131,43
20260808,r3_d30_t1_w15,560,113,4212,1805,2294,1752,43,9,44,4,9,15,131,43
20260808,r3_d30_t1_w15,561,110,4218,1806,2302,1757,47,9,40,4,9,16,131,43
20260808,r3_d30_t1_w15,562,111,4228,1811,2306,1763,51,11,37,1,9,15,131,43
20260808,r3_d30_t1_w15,563,115,4237,1812,2310,1768,56,11,33,0,9,16,131,43
20260808,r3_d30_t1_w15,564,112,4242,1813,2317,1771,57,11,31,1,9,17,131,43
20260808,r3_d30_t1_w15,565,113,4252,1816,2323,1776,58,10,30,2,9,15,131,43
20260808,r3_d30_t1_w15,566,111,4259,1818,2330,1777,58,10,31,1,9,16,131,43
20260808,r3_d30_t1_w15,567,107,4264,1819,2338,1779,58,7,33,2,9,14,131,43
20260808,r3_d30_t1_w15,568,103,4269,1820,2346,1781,58,6,33,3,9,13,131,43
20260808,r3_d30_t1_w15,569,101,4274,1824,2349,1783,58,6,35,1,9,13,131,43
20260808,r3_d30_t1_w15,570,101,4283,1826,2356,1784,56,7,35,2,10,12,121,43
20260808,r3_d30_t1_w15,571,95,4288,1828,2365,1786,42,7,35,16,12,12,121,43
20260808,r3_d30_t1_w15,572,97,4298,1830,2371,1789,33,8,33,26,14,11,121,43
20260808,r3_d30_t1_w15,573,85,4308,1845,2378,1789,31,21,35,13,14,9,121,43
20260808,r3_d30_t1_w15,574,78,4315,1857,2380,1794,35,26,37,2,10,9,121,43
20260808,r3_d30_t1_w15,575,74,4322,1858,2390,1796,37,21,41,1,15,8,131,43
20260808,r3_d30_t1_w15,576,75,4330,1860,2395,1798,34,13,49,4,15,7,131,43
20260808,r3_d30_t1_w15,577,73,4335,1860,2402,1801,37,8,51,4,15,6,131,43
20260808,r3_d30_t1_w15,578,69,4341,1864,2408,1805,39,10,49,2,15,6,131,43
20260808,r3_d30_t1_w15,579,70,4348,1865,2413,1809,40,10,46,4,14,7,131,43
20260808,r3_d30_t1_w15,580,68,4354,1867,2419,1811,39,7,49,5,13,7,131,43
20260808,r3_d30_t1_w15,581,68,4361,1869,2424,1811,39,5,53,3,12,7,131,43
20260808,r3_d30_t1_w15,582,68,4370,1875,2427,1814,39,9,52,0,11,7,131,43
20260808,r3_d30_t1_w15,583,70,4376,1875,2431,1819,39,7,49,5,10,8,131,43
20260808,r3_d30_t1_w15,584,73,4385,1877,2435,1822,38,7,48,7,9,8,131,43
20260808,r3_d30_t1_w15,585,76,4393,1881,2436,1825,42,8,48,2,9,9,131,43
20260808,r3_d30_t1_w15,586,80,4398,1882,2436,1830,46,8,44,2,9,9,131,43
20260808,r3_d30_t1_w15,587,87,4406,1883,2436,1836,50,5,42,3,9,10,131,43
20260808,r3_d30_t1_w15,588,90,4412,1886,2436,1838,51,6,42,1,9,10,131,43
20260808,r3_d30_t1_w15,589,91,4417,1888,2438,1840,52,8,40,0,9,12,131,43
20260808,r3_d30_t1_w15,590,94,4425,1889,2442,1845,55,6,38,1,9,12,131,43
20260808,r3_d30_t1_w15,591,95,4435,1890,2450,1846,52,5,39,4,9,14,131,43
20260808,r3_d30_t1_w15,592,97,4442,1892,2453,1850,55,5,37,3,9,16,131,43
20260808,r3_d30_t1_w15,593,98,4450,1896,2456,1855,59,8,33,0,9,16,131,43
20260808,r3_d30_t1_w15,594,98,4456,1896,2462,1858,59,6,32,3,9,16,131,43
20260808,r3_d30_t1_w15,595,97,4463,1898,2468,1863,61,7,28,4,9,16,131,43
20260808,r3_d30_t1_w15,596,95,4472,1904,2473,1867,59,13,24,4,9,14,131,43
20260808,r3_d30_t1_w15,597,97,4479,1908,2474,1868,55,11,29,5,9,14,131,43
20260808,r3_d30_t1_w15,598,101,4489,1911,2477,1868,54,12,31,3,9,16,131,43
20260808,r3_d30_t1_w15,599,99,4497,1916,2482,1872,53,13,31,3,9,17,131,43
20260808,r3_d30_t1_w15,600,99,4505,1919,2487,1873,50,14,32,4,10,16,121,40
20260808,r3_d30_t1_w20,1,6,7,1,0,0,99,1,0,0,0,1,131,43
20260808,r3_d30_t1_w20,2,12,13,1,0,0,96,1,0,3,3,2,131,43
20260808,r3_d30_t1_w20,3,18,20,2,0,0,74,2,0,24,5,3,131,43
20260808,r3_d30_t1_w20,4,23,28,5,0,0,74,4,1,21,6,4,131,43
20260808,r3_d30_t1_w20,5,6,33,27,0,0,73,22,5,0,0,1,131,43
20260808,r3_d30_t1_w20,6,9,38,29,0,0,71,17,12,0,0,1,131,43
20260808,r3_d30_t1_w20,7,16,46,30,0,0,70,13,17,0,4,3,131,43
20260808,r3_d30_t1_w20,8,23,53,30,0,0,70,9,21,0,6,4,131,43
20260808,r3_d30_t1_w20,9,29,59,30,0,0,70,5,25,0,7,4,131,43
20260808,r3_d30_t1_w20,10,35,67,32,0,0,67,5,27,1,8,4,131,43
20260808,r3_d30_t1_w20,11,41,73,32,0,0,66,2,30,2,8,5,131,43
20260808,r3_d30_t1_w20,12,49,82,33,0,0,66,2,31,1,9,7,131,43
20260808,r3_d30_t1_w20,13,55,90,35,0,0,65,4,31,0,9,8,131,43
20260808,r3_d30_t1_w20,14,58,95,37,0,3,65,5,29,1,9,8,131,43
20260808,r3_d30_t1_w20,15,65,103,38,0,3,64,5,30,1,9,8,131,43
20260808,r3_d30_t1_w20,16,71,111,40,0,4,64,6,30,0,9,9,131,43
20260808,r3_d30_t1_w20,17,79,121,42,0,6,64,5,31,0,9,10,131,43
20260808,r3_d30_t1_w20,18,86,128,42,0,8,65,4,30,1,9,11,131,43
20260808,r3_d30_t1_w20,19,96,138,42,0,11,67,3,28,2,9,12,131,43
20260808,r3_d30_t1_w20,20,104,147,43,0,13,67,2,28,3,9,15,121,40
20260808,r3_d30_t1_w20,21,108,154,45,1,17,69,2,26,3,9,15,121,40
20260808,r3_d30_t1_w20,22,111,160,47,2,20,71,4,23,2,9,16,121,40
20260808,r3_d30_t1_w20,23,116,167,49,2,25,72,5,19,4,9,17,121,40
20260808,r3_d30_t1_w20,24,120,173,50,3,28,73,6,16,5,9,17,121,40
20260808,r3_d30_t1_w20,25,123,180,54,3,28,72,8,18,2,9,17,126,43
20260808,r3_d30_t1_w20,26,127,189,59,3,28,68,9,22,1,9,18,126,43
20260808,r3_d30_t1_w20,27,135,198,60,3,30,67,9,21,3,9,18,126,43
20260808,r3_d30_t1_w20,28,137,205,61,7,30,66,9,22,3,9,19,126,43
20260808,r3_d30_t1_w20,29,136,211,64,11,33,68,9,22,1,9,18,126,43
20260808,r3_d30_t1_w20,30,135,217,66,16,33,67,8,25,0,9,17,131,43
20260808,r3_d30_t1_w20,31,135,223,66,22,34,64,5,27,4,11,17,131,43
20260808,r3_d30_t1_w20,32,132,229,66,31,36,42,5,25,28,14,17,131,43
20260808,r3_d30_t1_w20,33,128,234,70,36,38,43,8,24,25,14,16,131,43
20260808,r3_d30_t1_w20,34,110,244,94,40,38,43,26,30,1,9,16,131,43
20260808,r3_d30_t1_w20,35,106,249,96,47,41,44,22,33,1,10,15,131,43
20260808,r3_d30_t1_w20,36,107,257,96,54,43,45,21,32,2,13,14,131,43
20260808,r3_d30_t1_w20,37,105,264,98,61,43,44,15,40,1,14,12,131,43
20260808,r3_d30_t1_w20,38,105,272,99,68,46,45,11,42,2,15,10,131,43
20260808,r3_d30_t1_w20,39,102,279,99,78,49,44,6,44,6,15,9,131,43
20260808,r3_d30_t1_w20,40,103,289,101,85,50,43,5,46,6,18,7,131,43
20260808,r3_d30_t1_w20,41,99,297,107,91,52,43,9,46,2,18,7,131,43
20260808,r3_d30_t1_w20,42,98,303,111,94,53,42,10,48,0,18,7,131,43
20260808,r3_d30_t1_w20,43,99,311,111,101,55,44,7,49,0,16,8,131,43
20260808,r3_d30_t1_w20,44,101,320,113,106,56,43,6,51,0,16,8,131,43
20260808,r3_d30_t1_w20,45,102,328,115,111,61,43,6,48,3,16,10,131,43
20260808,r3_d30_t1_w20,46,99,333,118,116,66,45,6,46,3,14,10,131,43
20260808,r3_d30_t1_w20,47,97,341,122,122,68,45,9,45,1,13,11,131,43
20260808,r3_d30_t1_w20,48,96,349,124,129,71,45,7,46,2,11,12,131,43
20260808,r3_d30_t1_w20,49,93,354,126,135,74,43,8,44,5,10,13,131,43
20260808,r3_d30_t1_w20,50,98,362,128,136,80,46,8,40,6,9,13,126,43
20260808,r3_d30_t1_w20,51,99,368,133,136,82,47,10,41,2,9,14,126,43
20260808,r3_d30_t1_w20,52,106,378,136,136,83,47,9,44,0,9,14,126,43
20260808,r3_d30_t1_w20,53,113,388,139,136,87,48,10,42,0,9,15,126,43
20260808,r3_d30_t1_w20,54,118,393,139,136,90,50,9,40,1,9,16,126,43
20260808,r3_d30_t1_w20,55,124,400,140,136,97,54,7,36,3,9,17,131,43
20260808,r3_d30_t1_w20,56,128,406,141,137,104,59,6,31,4,9,17,131,43
20260808,r3_d30_t1_w20,57,130,411,143,138,106,61,6,31,2,9,17,131,43
20260808,r3_d30_t1_w20,58,129,418,147,142,106,58,7,34,1,9,18,131,43
20260808,r3_d30_t1_w20,59,131,428,149,148,109,58,8,32,2,9,19,131,43
20260808,r3_d30_t1_w20,60,127,435,151,157,111,59,9,31,1,9,18,131,43
20260808,r3_d30_t1_w20,61,128,444,153,163,112,56,10,31,3,12,18,131,43
20260808,r3_d30_t1_w20,62,128,451,156,167,116,22,10,30,38,15,17,131,43
20260808,r3_d30_t1_w20,63,125,459,160,174,118,19,12,30,39,14,17,131,43
20260808,r3_d30_t1_w20,64,96,467,190,181,120,26,33,37,4,9,15,131,43
20260808,r3_d30_t1_w20,65,89,474,197,188,123,25,31,43,1,9,15,131,43
20260808,r3_d30_t1_w20,66,88,484,203,193,126,20,30,47,3,9,15,131,43
20260808,r3_d30_t1_w20,67,91,491,205,195,130,19,21,54,6,11,15,131,43
20260808,r3_d30_t1_w20,68,88,497,207,202,132,18,16,59,7,12,15,131,43
20260808,r3_d30_t1_w20,69,92,506,211,203,137,18,11,63,8,14,15,131,43
20260808,r3_d30_t1_w20,70,93,516,214,209,137,18,7,70,5,15,15,131,43
20260808,r3_d30_t1_w20,71,95,526,220,211,139,18,13,68,1,16,15,131,43
20260808,r3_d30_t1_w20,72,92,533,221,220,144,19,9,68,4,15,13,131,43
20260808,r3_d30_t1_w20,73,91,542,223,228,147,20,8,68,4,14,11,131,43
20260808,r3_d30_t1_w20,74,89,547,227,231,151,21,9,67,3,13,11,131,43
20260808,r3_d30_t1_w20,75,91,556,229,236,152,20,8,69,3,13,10,131,43
20260808,r3_d30_t1_w20,76,94,565,232,239,156,22,11,65,2,13,10,131,43
20260808,r3_d30_t1_w20,77,95,573,234,244,163,25,9,62,4,12,13,131,43
20260808,r3_d30_t1_w20,78,97,582,236,249,169,27,7,60,6,11,16,131,43
20260808,r3_d30_t1_w20,79,92,587,239,256,174,27,6,59,8,9,15,131,43
20260808,r3_d30_t1_w20,80,98,596,241,257,178,32,8,55,5,9,15,131,43
20260808,r3_d30_t1_w20,81,102,605,245,258,184,36,11,50,3,9,13,131,43
20260808,r3_d30_t1_w20,82,111,615,246,258,191,42,12,43,3,9,15,131,43
20260808,r3_d30_t1_w20,83,114,622,249,259,197,46,13,39,2,9,15,131,43
20260808,r3_d30_t1_w20,84,121,630,250,259,203,49,10,37,4,9,15,131,43
20260808,r3_d30_t1_w20,85,121,635,253,261,206,48,11,36,5,9,15,131,43
20260808,r3_d30_t1_w20,86,126,642,255,261,209,50,10,36,4,9,15,131,43
20260808,r3_d30_t1_w20,87,127,649,259,263,215,54,10,34,2,9,17,131,43
20260808,r3_d30_t1_w20,88,134,659,260,265,220,56,7,33,4,9,19,131,43
20260808,r3_d30_t1_w20,89,137,665,262,266,223,56,7,32,5,9,19,131,43
20260808,r3_d30_t1_w20,90,140,675,268,267,226,55,13,29,3,9,17,131,43
20260808,r3_d30_t1_w20,91,140,681,271,270,227,50,14,30,6,12,17,131,43
20260808,r3_d30_t1_w20,92,143,688,274,271,229,28,13,32,27,16,17,131,43
20260808,r3_d30_t1_w20,93,140,696,279,277,230,28,17,32,23,15,16,131,43
20260808,r3_d30_t1_w20,94,122,705,301,282,232,28,30,39,3,9,15,131,43
20260808,r3_d30_t1_w20,95,122,714,303,289,234,25,25,44,6,12,14,131,43
20260808,r3_d30_t1_w20,96,121,723,306,296,237,25,20,49,6,14,14,131,43
20260808,r3_d30_t1_w20,97,119,732,310,303,243,24,16,51,9,17,13,131,43
20260808,r3_d30_t1_w20,98,118,742,313,311,245,23,13,55,9,18,11,131,43
20260808,r3_d30_t1_w20,99,117,749,320,312,246,23,18,56,3,18,11,131,43
20260808,r3_d30_t1_w20,100,115,755,322,318,248,25,10,64,1,17,10,121,40
20260808,r3_d30_t1_w20,101,110,761,324,327,250,24,8,66,2,17,9,121,40
20260808,r3_d30_t1_w20,102,111,770,324,335,251,25,4,69,2,17,9,121,40
20260808,r3_d30_t1_w20,103,114,780,326,340,254,25,6,66,3,17,10,121,40
20260808,r3_d30_t1_w20,104,115,789,327,347,257,26,5,65,4,16,11,121,40
20260808,r3_d30_t1_w20,105,116,797,332,349,263,26,8,61,5,15,13,131,43
20260808,r3_d30_t1_w20,106,118,805,333,354,264,25,8,61,6,12,13,131,43
20260808,r3_d30_t1_w20,107,116,813,337,360,269,27,9,59,5,12,12,131,43
20260808,r3_d30_t1_w20,108,112,822,340,370,274,30,7,59,4,10,13,131,43
20260808,r3_d30_t1_w20,109,112,830,343,375,276,31,8,59,2,9,13,131,43
20260808,r3_d30_t1_w20,110,115,835,345,375,281,34,10,54,2,9,14,131,43
20260808,r3_d30_t1_w20,111,120,843,348,375,287,35,12,49,4,9,15,131,43
20260808,r3_d30_t1_w20,112,126,850,349,375,292,39,10,47,4,9,16,131,43
20260808,r3_d30_t1_w20,113,126,855,352,377,295,41,10,47,2,9,16,131,43
20260808,r3_d30_t1_w20,114,132,863,354,377,300,44,9,45,2,9,16,131,43
20260808,r3_d30_t1_w20,115,138,872,356,378,306,48,8,42,2,9,17,131,43
20260808,r3_d30_t1_w20,116,143,879,357,379,306,47,5,46,2,9,19,131,43
20260808,r3_d30_t1_w20,117,148,885,358,379,313,53,4,41,2,9,19,131,43
20260808,r3_d30_t1_w20,118,143,890,360,387,317,54,4,39,3,9,19,131,43
20260808,r3_d30_t1_w20,119,144,898,361,393,320,57,4,37,2,9,19,131,43
20260808,r3_d30_t1_w20,120,144,908,367,397,323,56,10,34,0,9,19,131,43
20260808,r3_d30_t1_w20,121,147,917,368,402,326,53,10,32,5,12,17,131,43
20260808,r3_d30_t1_w20,122,142,922,369,411,327,19,9,33,39,15,17,131,43
20260808,r3_d30_t1_w20,123,139,932,374,419,331,20,14,29,37,17,16,131,43
20260808,r3_d30_t1_w20,124,114,942,400,428,332,29,36,32,3,9,13,131,43
20260808,r3_d30_t1_w20,125,106,951,411,434,335,24,33,43,0,9,13,121,40
20260808,r3_d30_t1_w20,126,108,961,412,441,339,26,24,49,1,11,12,121,40
20260808,r3_d30_t1_w20,127,107,968,412,449,343,28,12,57,3,12,11,121,40
20260808,r3_d30_t1_w20,128,107,977,413,457,344,29,4,65,2,14,11,121,40
20260808,r3_d30_t1_w20,129,103,983,417,463,348,28,6,63,3,14,10,121,40
20260808,r3_d30_t1_w20,130,103,989,418,468,351,30,3,64,3,14,9,131,43
20260808,r3_d30_t1_w20,131,102,997,422,473,351,29,6,65,0,16,8,131,43
20260808,r3_d30_t1_w20,132,104,1005,422,479,354,30,5,63,2,17,8,131,43
20260808,r3_d30_t1_w20,133,107,1013,422,484,355,30,3,64,3,17,9,131,43
20260808,r3_d30_t1_w20,134,106,1023,426,491,358,29,7,61,3,18,9,131,43
20260808,r3_d30_t1_w20,135,105,1031,427,499,363,32,7,57,4,17,9,131,43
20260808,r3_d30_t1_w20,136,106,1041,431,504,369,31,8,54,7,14,10,131,43
20260808,r3_d30_t1_w20,137,105,1049,435,509,378,33,12,45,10,12,11,131,43
20260808,r3_d30_t1_w20,138,106,1058,440,512,383,35,15,42,8,11,13,131,43
20260808,r3_d30_t1_w20,139,103,1065,446,516,389,38,16,41,5,9,13,131,43
20260808,r3_d30_t1_w20,140,105,1071,449,517,395,41,13,41,5,9,14,131,43
20260808,r3_d30_t1_w20,141,109,1080,453,518,396,40,11,46,3,9,15,131,43
20260808,r3_d30_t1_w20,142,113,1087,456,518,400,43,12,44,1,9,15,131,43
20260808,r3_d30_t1_w20,143,117,1093,457,519,403,43,11,43,3,9,15,131,43
20260808,r3_d30_t1_w20,144,121,1102,461,520,408,44,15,38,3,9,15,131,43
20260808,r3_d30_t1_w20,145,125,1110,465,520,412,43,14,39,4,9,15,131,43
20260808,r3_d30_t1_w20,146,124,1115,467,524,418,46,13,36,5,9,15,131,43
20260808,r3_d30_t1_w20,147,125,1122,472,525,420,45,12,40,3,9,16,131,43
20260808,r3_d30_t1_w20,148,130,1130,474,526,422,45,12,40,3,9,17,131,43
20260808,r3_d30_t1_w20,149,135,1138,475,528,422,45,10,43,2,9,18,131,43
20260808,r3_d30_t1_w20,150,141,1148,479,528,423,44,11,45,0,9,17,131,43
20260808,r3_d30_t1_w20,151,144,1153,479,530,425,44,8,46,2,11,17,131,43
20260808,r3_d30_t1_w20,152,142,1161,482,537,431,30,10,41,19,15,17,131,43
20260808,r3_d30_t1_w20,153,138,1168,485,545,437,26,13,35,26,16,15,131,43
20260808,r3_d30_t1_w20,154,123,1177,502,552,437,26,24,41,9,13,13,131,43
20260808,r3_d30_t1_w20,155,117,1187,511,559,441,25,30,40,5,12,13,126,43
20260808,r3_d30_t1_w20,156,119,1196,511,566,445,27,23,43,7,14,13,126,43
20260808,r3_d30_t1_w20,157,116,1202,516,570,446,28,18,52,2,14,12,126,43
20260808,r3_d30_t1_w20,158,113,1211,519,579,449,28,15,55,2,14,11,126,43
20260808,r3_d30_t1_w20,159,115,1221,520,586,451,29,9,60,2,16,10,126,43
20260808,r3_d30_t1_w20,160,113,1227,522,592,455,27,7,60,6,17,8,131,43
20260808,r3_d30_t1_w20,161,112,1235,522,601,459,27,5,58,10,18,9,131,43
20260808,r3_d30_t1_w20,162,108,1243,528,607,459,27,10,59,4,18,8,131,43
20260808,r3_d30_t1_w20,163,108,1251,533,610,462,26,12,59,3,18,8,131,43
20260808,r3_d30_t1_w20,164,105,1257,534,618,466,26,11,57,6,17,9,131,43
20260808,r3_d30_t1_w20,165,106,1267,537,624,468,26,12,57,5,15,12,131,43
20260808,r3_d30_t1_w20,166,107,1277,543,627,472,26,15,56,3,15,12,131,43
20260808,r3_d30_t1_w20,167,110,1287,545,632,479,27,13,53,7,13,13,131,43
20260808,r3_d30_t1_w20,168,109,1296,547,640,483,27,13,51,9,9,14,131,43
20260808,r3_d30_t1_w20,169,105,1306,555,646,484,25,16,55,4,9,14,131,43
20260808,r3_d30_t1_w20,170,108,1313,558,647,487,27,13,58,2,9,15,131,43
20260808,r3_d30_t1_w20,171,110,1318,560,648,489,28,12,59,1,9,16,131,43
20260808,r3_d30_t1_w20,172,118,1327,561,648,495,31,8,58,3,9,17,131,43
20260808,r3_d30_t1_w20,173,121,1332,563,648,503,33,9,51,7,9,17,131,43
20260808,r3_d30_t1_w20,174,127,1342,567,648,513,34,11,43,12,9,19,131,43
20260808,r3_d30_t1_w20,175,129,1352,574,649,516,32,14,44,10,9,19,131,43
20260808,r3_d30_t1_w20,176,126,1359,582,651,520,34,17,45,4,9,19,131,43
20260808,r3_d30_t1_w20,177,129,1364,584,651,522,34,19,43,4,9,20,131,43
20260808,r3_d30_t1_w20,178,134,1372,586,652,524,33,14,48,5,9,21,131,43
20260808,r3_d30_t1_w20,179,142,1382,588,652,527,35,12,49,4,9,22,131,43
20260808,r3_d30_t1_w20,180,142,1388,594,652,528,32,15,51,2,10,22,121,40
20260808,r3_d30_t1_w20,181,143,1393,596,654,531,19,15,50,16,12,20,121,40
20260808,r3_d30_t1_w20,182,143,1401,597,661,533,19,11,53,17,12,20,121,40
20260808,r3_d30_t1_w20,183,127,1406,613,666,537,20,22,54,4,9,19,121,40
20260808,r3_d30_t1_w20,184,130,1414,615,669,540,22,17,58,3,12,19,121,40
20260808,r3_d30_t1_w20,185,129,1423,617,677,546,22,11,60,7,16,15,131,43
20260808,r3_d30_t1_w20,186,125,1430,621,684,551,21,10,60,9,16,14,131,43
20260808,r3_d30_t1_w20,187,123,1438,627,688,554,18,9,64,9,16,13,131,43
20260808,r3_d30_t1_w20,188,121,1444,630,693,557,18,6,67,9,17,12,131,43
20260808,r3_d30_t1_w20,189,120,1453,636,697,561,21,9,66,4,18,10,131,43
20260808,r3_d30_t1_w20,190,119,1460,639,702,562,22,8,69,1,18,11,131,43
20260808,r3_d30_t1_w20,191,123,1468,640,705,564,23,5,71,1,18,12,131,43
20260808,r3_d30_t1_w20,192,121,1475,641,713,569,23,3,69,5,17,14,131,43
20260808,r3_d30_t1_w20,193,123,1482,642,717,574,25,3,65,7,17,14,131,43
20260808,r3_d30_t1_w20,194,120,1491,647,724,577,24,6,64,6,17,15,131,43
20260808,r3_d30_t1_w20,195,114,1496,652,730,581,25,7,64,4,16,15,131,43
20260808,r3_d30_t1_w20,196,112,1505,656,737,588,28,8,60,4,14,15,131,43
20260808,r3_d30_t1_w20,197,115,1512,657,740,595,29,7,55,9,14,15,131,43
20260808,r3_d30_t1_w20,198,107,1517,662,748,601,31,9,52,8,11,15,131,43
20260808,r3_d30_t1_w20,199,106,1527,669,752,607,32,15,47,6,9,15,131,43
20260808,r3_d30_t1_w20,200,112,1535,671,752,611,35,15,45,5,9,17,131,43
20260808,r3_d30_t1_w20,201,117,1543,674,752,616,39,14,44,3,9,18,131,43
20260808,r3_d30_t1_w20,202,123,1553,676,754,620,39,10,46,5,9,18,131,43
20260808,r3_d30_t1_w20,203,127,1560,678,755,624,42,8,46,4,9,18,131,43
20260808,r3_d30_t1_w20,204,132,1568,681,755,627,42,11,43,4,9,18,131,43
20260808,r3_d30_t1_w20,205,137,1575,683,755,630,43,10,43,4,9,18,131,43
20260808,r3_d30_t1_w20,206,142,1585,688,755,633,44,13,42,1,9,18,131,43
20260808,r3_d30_t1_w20,207,146,1592,689,757,637,48,14,38,0,9,18,131,43
20260808,r3_d30_t1_w20,208,148,1601,690,763,641,50,9,40,1,9,20,131,43
20260808,r3_d30_t1_w20,209,145,1607,690,772,643,51,7,40,2,9,21,131,43
20260808,r3_d30_t1_w20,210,144,1617,695,778,644,48,11,40,1,9,21,131,43
20260808,r3_d30_t1_w20,211,143,1625,698,784,649,48,11,38,3,11,20,131,43
20260808,r3_d30_t1_w20,212,142,1631,699,790,653,30,11,35,24,15,20,131,43
20260808,r3_d30_t1_w20,213,141,1639,703,795,654,30,11,38,21,15,20,131,43
20260808,r3_d30_t1_w20,214,122,1647,724,801,657,31,29,38,2,12,18,131,43
20260808,r3_d30_t1_w20,215,124,1655,726,805,662,32,22,42,4,14,17,131,43
20260808,r3_d30_t1_w20,216,124,1665,728,813,664,33,22,42,3,16,16,131,43
20260808,r3_d30_t1_w20,217,127,1673,730,816,667,34,18,45,3,16,14,131,43
20260808,r3_d30_t1_w20,218,130,1681,731,820,669,34,10,52,4,18,14,131,43
20260808,r3_d30_t1_w20,219,126,1691,736,829,672,33,10,54,3,18,11,131,43
20260808,r3_d30_t1_w20,220,127,1701,739,835,672,31,12,55,2,18,10,131,43
20260808,r3_d30_t1_w20,221,125,1708,741,842,677,34,11,53,2,18,12,131,43
20260808,r3_d30_t1_w20,222,121,1713,742,850,681,35,8,53,4,17,12,131,43
20260808,r3_d30_t1_w20,223,118,1718,745,855,683,35,6,56,3,17,12,131,43
20260808,r3_d30_t1_w20,224,121,1728,748,859,685,35,7,56,2,16,13,131,43
20260808,r3_d30_t1_w20,225,123,1737,749,865,688,35,5,56,4,15,14,131,43
20260808,r3_d30_t1_w20,226,124,1747,752,871,691,35,5,56,4,14,15,131,43
20260808,r3_d30_t1_w20,227,121,1753,756,876,696,36,8,52,4,12,16,131,43
20260808,r3_d30_t1_w20,228,119,1762,759,884,701,38,9,49,4,11,16,131,43
20260808,r3_d30_t1_w20,229,117,1770,763,890,707,40,11,45,4,9,17,131,43
20260808,r3_d30_t1_w20,230,118,1775,766,891,708,39,10,48,3,9,17,131,43
20260808,r3_d30_t1_w20,231,124,1783,767,892,713,42,7,47,4,9,18,131,43
20260808,r3_d30_t1_w20,232,127,1789,770,892,719,46,8,43,3,9,18,131,43
20260808,r3_d30_t1_w20,233,129,1794,773,892,723,48,6,44,2,9,19,131,43
20260808,r3_d30_t1_w20,234,138,1804,774,892,726,49,6,42,3,9,20,131,43
20260808,r3_d30_t1_w20,235,142,1811,777,892,728,49,9,40,2,9,21,111,40
20260808,r3_d30_t1_w20,236,137,1819,783,899,736,49,13,34,4,9,20,111,40
20260808,r3_d30_t1_w20,237,135,1824,784,905,739,52,10,35,3,9,20,111,40
20260808,r3_d30_t1_w20,238,134,1830,787,909,744,53,11,32,4,9,21,111,40
20260808,r3_d30_t1_w20,239,133,1840,789,918,746,53,9,34,4,9,18,111,40
20260808,r3_d30_t1_w20,240,129,1846,794,923,748,53,12,34,1,10,16,131,43
20260808,r3_d30_t1_w20,241,130,1853,795,928,750,40,11,34,15,12,16,131,43
20260808,r3_d30_t1_w20,242,129,1858,796,933,752,13,10,34,43,12,13,131,43
20260808,r3_d30_t1_w20,243,117,1864,810,937,753,13,22,35,30,11,13,131,43
20260808,r3_d30_t1_w20,244,102,1870,823,945,757,32,26,40,2,9,13,131,43
20260808,r3_d30_t1_w20,245,97,1877,831,949,761,27,22,48,3,9,13,131,43
20260808,r3_d30_t1_w20,246,88,1883,837,958,765,24,19,53,4,9,10,131,43
20260808,r3_d30_t1_w20,247,83,1889,845,961,766,19,20,59,2,9,10,131,43
20260808,r3_d30_t1_w20,248,82,1896,847,967,766,19,19,62,0,9,10,131,43
20260808,r3_d30_t1_w20,249,82,1902,848,972,767,16,12,69,3,10,10,131,43
20260808,r3_d30_t1_w20,250,85,1909,848,976,770,13,8,70,9,15,9,131,43
20260808,r3_d30_t1_w20,251,80,1914,851,983,772,12,8,71,9,14,8,131,43
20260808,r3_d30_t1_w20,252,75,1920,857,988,776,14,12,69,5,15,6,131,43
20260808,r3_d30_t1_w20,253,72,1926,861,993,782,15,12,67,6,15,6,131,43
20260808,r3_d30_t1_w20,254,67,1932,864,1001,783,13,15,66,6,17,6,131,43
20260808,r3_d30_t1_w20,255,69,1942,868,1005,787,13,16,65,6,16,6,122,43
20260808,r3_d30_t1_w20,256,69,1949,870,1010,795,17,12,63,8,14,7,122,43
20260808,r3_d30_t1_w20,257,73,1959,874,1012,797,19,12,65,4,12,7,122,43
20260808,r3_d30_t1_w20,258,71,1965,879,1015,806,23,13,60,4,9,8,122,43
20260808,r3_d30_t1_w20,259,72,1975,881,1022,811,23,13,57,7,9,10,122,43
20260808,r3_d30_t1_w20,260,75,1984,886,1023,816,24,13,57,6,9,10,131,43
20260808,r3_d30_t1_w20,261,79,1991,889,1023,822,27,11,56,6,9,12,131,43
20260808,r3_d30_t1_w20,262,85,2001,892,1024,826,30,9,57,4,9,12,131,43
20260808,r3_d30_t1_w20,263,89,2010,895,1026,830,33,11,54,2,9,13,131,43
20260808,r3_d30_t1_w20,264,96,2019,897,1026,836,35,11,50,4,9,12,131,43
20260808,r3_d30_t1_w20,265,104,2029,899,1026,843,40,11,45,4,9,12,131,43
20260808,r3_d30_t1_w20,266,109,2039,903,1027,846,40,13,44,3,9,12,131,43
20260808,r3_d30_t1_w20,267,112,2045,905,1028,851,41,13,41,5,9,12,131,43
20260808,r3_d30_t1_w20,268,115,2051,907,1029,852,40,10,45,5,9,14,131,43
20260808,r3_d30_t1_w20,269,122,2061,910,1029,853,40,10,47,3,9,14,131,43
20260808,r3_d30_t1_w20,270,126,2068,913,1029,855,38,13,45,4,11,13,131,43
20260808,r3_d30_t1_w20,271,130,2075,915,1030,857,23,15,43,19,12,13,131,43
20260808,r3_d30_t1_w20,272,132,2081,919,1030,862,24,13,44,19,13,13,131,43
20260808,r3_d30_t1_w20,273,125,2091,936,1030,865,24,28,43,5,10,13,131,43
20260808,r3_d30_t1_w20,274,124,2096,941,1031,869,25,23,49,3,11,12,131,43
20260808,r3_d30_t1_w20,275,125,2101,944,1032,873,24,21,50,5,14,12,131,43
20260808,r3_d30_t1_w20,276,132,2111,945,1034,875,23,13,57,7,14,12,131,43
20260808,r3_d30_t1_w20,277,125,2116,949,1042,878,21,13,58,8,14,11,131,43
20260808,r3_d30_t1_w20,278,126,2123,952,1045,879,22,10,63,5,16,11,131,43
20260808,r3_d30_t1_w20,279,123,2133,958,1052,881,23,10,67,0,17,9,131,43
20260808,r3_d30_t1_w20,280,125,2143,959,1059,884,22,7,68,3,17,9,131,43
20260808,r3_d30_t1_w20,281,122,2148,960,1066,887,24,4,69,3,18,9,131,43
20260808,r3_d30_t1_w20,282,114,2153,964,1075,892,23,8,64,5,18,9,131,43
20260808,r3_d30_t1_w20,283,115,2162,964,1083,898,26,6,60,8,17,11,131,43
20260808,r3_d30_t1_w20,284,111,2170,971,1088,901,25,9,61,5,16,11,131,43
20260808,r3_d30_t1_w20,285,107,2179,977,1095,904,21,15,58,6,15,12,121,40
20260808,r3_d30_t1_w20,286,109,2188,979,1100,909,21,15,55,9,13,13,121,40
20260808,r3_d30_t1_w20,287,111,2197,983,1103,914,21,12,57,10,12,14,121,40
20260808,r3_d30_t1_w20,288,106,2202,988,1108,918,24,14,56,6,11,14,121,40
20260808,r3_d30_t1_w20,289,102,2209,993,1114,923,26,12,58,4,9,15,121,40
20260808,r3_d30_t1_w20,290,108,2218,995,1115,927,28,13,55,4,9,17,126,43
20260808,r3_d30_t1_w20,291,109,2223,997,1117,934,32,13,50,5,9,17,126,43
20260808,r3_d30_t1_w20,292,118,2233,998,1117,938,34,8,52,6,9,18,126,43
20260808,r3_d30_t1_w20,293,121,2241,1002,1118,941,34,8,53,5,9,19,126,43
20260808,r3_d30_t1_w20,294,125,2248,1005,1118,944,36,11,50,3,9,19,126,43
20260808,r3_d30_t1_w20,295,127,2255,1010,1118,949,37,12,49,2,9,18,131,43
20260808,r3_d30_t1_w20,296,129,2260,1011,1120,953,40,12,46,2,9,18,131,43
20260808,r3_d30_t1_w20,297,135,2268,1013,1120,956,42,9,48,1,9,18,131,43
20260808,r3_d30_t1_w20,298,138,2273,1013,1122,961,44,8,44,4,9,19,131,43
20260808,r3_d30_t1_w20,299,139,2280,1015,1126,965,46,8,42,4,9,19,131,43
20260808,r3_d30_t1_w20,300,134,2286,1018,1134,969,49,9,40,2,9,19,131,43
20260808,r3_d30_t1_w20,301,136,2292,1020,1136,972,48,8,40,4,12,19,131,43
20260808,r3_d30_t1_w20,302,138,2298,1021,1139,973,26,7,41,26,13,19,131,43
20260808,r3_d30_t1_w20,303,132,2304,1025,1147,978,25,9,38,28,15,16,131,43
20260808,r3_d30_t1_w20,304,111,2313,1048,1154,981,27,29,38,6,9,15,131,43
20260808,r3_d30_t1_w20,305,107,2319,1053,1159,981,27,26,46,1,10,14,131,43
20260808,r3_d30_t1_w20,306,103,2324,1054,1167,985,27,19,50,4,12,12,131,43
20260808,r3_d30_t1_w20,307,100,2332,1056,1176,992,28,14,50,8,14,11,131,43
20260808,r3_d30_t1_w20,308,97,2337,1060,1180,993,28,16,51,5,14,10,131,43
20260808,r3_d30_t1_w20,309,92,2344,1066,1186,1001,26,18,47,9,17,9,131,43
20260808,r3_d30_t1_w20,310,92,2351,1067,1192,1001,26,11,55,8,17,8,131,43
20260808,r3_d30_t1_w20,311,91,2360,1076,1193,1005,27,16,55,2,16,7,131,43
20260808,r3_d30_t1_w20,312,88,2368,1078,1202,1009,28,13,56,3,16,6,131,43
20260808,r3_d30_t1_w20,313,88,2377,1080,1209,1012,28,8,60,4,15,6,131,43
20260808,r3_d30_t1_w20,314,88,2382,1081,1213,1014,27,6,61,6,15,7,131,43
20260808,r3_d30_t1_w20,315,88,2391,1084,1219,1016,28,6,62,4,15,9,131,43
20260808,r3_d30_t1_w20,316,88,2398,1088,1222,1020,30,7,61,2,14,9,131,43
20260808,r3_d30_t1_w20,317,88,2405,1089,1228,1024,31,8,57,4,12,10,131,43
20260808,r3_d30_t1_w20,318,85,2411,1093,1233,1031,32,9,53,6,9,9,131,43
20260808,r3_d30_t1_w20,319,85,2419,1097,1237,1033,32,10,54,4,9,10,131,43
20260808,r3_d30_t1_w20,320,91,2428,1100,1237,1039,35,12,49,4,9,12,131,43
20260808,r3_d30_t1_w20,321,96,2435,1102,1237,1043,38,10,49,3,9,13,131,43
20260808,r3_d30_t1_w20,322,96,2443,1108,1239,1047,38,14,47,1,9,11,131,43
20260808,r3_d30_t1_w20,323,101,2448,1108,1239,1051,41,12,45,2,9,11,131,43
20260808,r3_d30_t1_w20,324,105,2454,1110,1239,1057,42,11,42,5,9,12,131,43
20260808,r3_d30_t1_w20,325,107,2460,1113,1240,1061,43,13,39,5,9,13,131,43
20260808,r3_d30_t1_w20,326,109,2467,1117,1241,1063,45,14,40,1,9,14,131,43
20260808,r3_d30_t1_w20,327,114,2474,1119,1241,1066,46,13,40,1,9,14,131,43
20260808,r3_d30_t1_w20,328,118,2480,1121,1241,1071,48,10,40,2,9,14,131,43
20260808,r3_d30_t1_w20,329,124,2489,1123,1242,1075,51,10,38,1,9,15,131,43
20260808,r3_d30_t1_w20,330,128,2497,1127,1242,1077,50,10,40,0,9,15,131,43
20260808,r3_d30_t1_w20,331,130,2506,1129,1247,1080,45,9,40,6,13,15,131,43
20260808,r3_d30_t1_w20,332,129,2511,1130,1252,1081,12,9,40,39,13,15,131,43
20260808,r3_d30_t1_w20,333,123,2518,1136,1259,1084,14,12,40,34,13,14,131,43
20260808,r3_d30_t1_w20,334,106,2523,1153,1264,1087,32,27,39,2,9,14,131,43
20260808,r3_d30_t1_w20,335,99,2532,1161,1272,1090,28,27,44,1,9,14,121,40
20260808,r3_d30_t1_w20,336,94,2541,1169,1278,1092,21,22,55,2,9,13,121,40
20260808,r3_d30_t1_w20,337,89,2547,1173,1285,1097,19,24,52,5,10,13,121,40
20260808,r3_d30_t1_w20,338,90,2554,1175,1289,1098,15,21,56,8,11,12,121,40
20260808,r3_d30_t1_w20,339,92,2564,1178,1294,1098,13,17,63,7,14,11,121,40
20260808,r3_d30_t1_w20,340,89,2574,1184,1301,1101,14,13,70,3,14,11,131,43
20260808,r3_d30_t1_w20,341,89,2584,1187,1308,1102,14,14,71,1,16,11,131,43
20260808,r3_d30_t1_w20,342,92,2593,1189,1312,1108,15,11,70,4,16,10,131,43
20260808,r3_d30_t1_w20,343,97,2603,1189,1317,1109,14,9,71,6,17,8,131,43
20260808,r3_d30_t1_w20,344,97,2610,1193,1320,1113,15,10,70,5,17,8,131,43
20260808,r3_d30_t1_w20,345,100,2620,1196,1324,1123,17,6,67,10,16,9,131,43
20260808,r3_d30_t1_w20,346,100,2630,1200,1330,1124,16,5,71,8,16,10,131,43
20260808,r3_d30_t1_w20,347,92,2635,1208,1335,1131,19,13,64,4,13,11,131,43
20260808,r3_d30_t1_w20,348,91,2641,1209,1341,1137,21,13,59,7,10,11,131,43
20260808,r3_d30_t1_w20,349,89,2651,1213,1349,1142,24,15,56,5,9,12,131,43
20260808,r3_d30_t1_w20,350,92,2659,1217,1350,1146,26,17,54,3,9,14,131,43
20260808,r3_d30_t1_w20,351,97,2664,1217,1350,1150,29,13,54,4,9,15,131,43
20260808,r3_d30_t1_w20,352,104,2674,1220,1350,1158,32,10,52,6,9,14,131,43
20260808,r3_d30_t1_w20,353,107,2683,1223,1353,1162,32,8,53,7,9,15,131,43
20260808,r3_d30_t1_w20,354,104,2688,1231,1353,1167,31,15,49,5,9,15,131,43
20260808,r3_d30_t1_w20,355,107,2695,1234,1354,1169,33,16,49,2,9,14,131,43
20260808,r3_d30_t1_w20,356,110,2701,1236,1355,1173,32,15,48,5,9,16,131,43
20260808,r3_d30_t1_w20,357,119,2711,1237,1355,1177,34,9,51,6,9,18,131,43
20260808,r3_d30_t1_w20,358,116,2716,1243,1357,1182,37,12,49,2,9,17,131,43
20260808,r3_d30_t1_w20,359,122,2724,1245,1357,1184,36,10,51,3,9,17,131,43
20260808,r3_d30_t1_w20,360,128,2734,1248,1358,1186,34,11,51,4,10,17,126,43
20260808,r3_d30_t1_w20,361,131,2740,1250,1359,1190,29,11,49,11,13,16,126,43
20260808,r3_d30_t1_w20,362,134,2747,1253,1360,1195,28,11,47,14,15,16,126,43
20260808,r3_d30_t1_w20,363,130,2753,1262,1361,1198,26,17,47,10,13,16,126,43
20260808,r3_d30_t1_w20,364,131,2762,1269,1362,1203,23,18,48,11,17,15,126,43
20260808,r3_d30_t1_w20,365,130,2769,1274,1365,1206,22,14,54,10,17,14,131,43
20260808,r3_d30_t1_w20,366,121,2774,1280,1373,1212,26,14,54,6,17,13,131,43
20260808,r3_d30_t1_w20,367,117,2779,1284,1378,1214,27,12,58,3,17,13,131,43
20260808,r3_d30_t1_w20,368,118,2786,1287,1381,1216,26,11,60,3,18,12,131,43
20260808,r3_d30_t1_w20,369,115,2792,1288,1389,1223,27,7,58,8,18,10,131,43
20260808,r3_d30_t1_w20,370,115,2801,1290,1396,1228,27,7,55,11,18,9,131,43
20260808,r3_d30_t1_w20,371,111,2806,1296,1399,1231,28,11,54,7,18,8,131,43
20260808,r3_d30_t1_w20,372,105,2814,1302,1407,1233,28,13,56,3,17,8,131,43
20260808,r3_d30_t1_w20,373,100,2819,1304,1415,1235,28,11,58,3,17,8,131,43
20260808,r3_d30_t1_w20,374,103,2827,1305,1419,1238,29,10,57,4,17,9,131,43
20260808,r3_d30_t1_w20,375,101,2833,1307,1425,1243,30,9,55,6,17,9,131,43
20260808,r3_d30_t1_w20,376,100,2839,1311,1428,1247,28,11,53,8,16,9,131,43
20260808,r3_d30_t1_w20,377,92,2844,1316,1436,1250,30,14,52,4,12,10,131,43
20260808,r3_d30_t1_w20,378,96,2854,1320,1438,1257,32,15,48,5,10,10,131,43
20260808,r3_d30_t1_w20,379,98,2863,1320,1445,1257,32,11,52,5,9,11,131,43
20260808,r3_d30_t1_w20,380,97,2868,1325,1446,1262,37,12,51,0,9,11,115,42
20260808,r3_d30_t1_w20,381,104,2877,1327,1446,1268,40,9,50,1,9,11,115,42
20260808,r3_d30_t1_w20,382,111,2884,1327,1446,1274,45,7,46,2,9,14,115,42
20260808,r3_d30_t1_w20,383,114,2889,1328,1447,1275,46,3,50,1,9,13,115,42
20260808,r3_d30_t1_w20,384,122,2898,1329,1447,1275,46,4,50,0,9,13,115,42
20260808,r3_d30_t1_w20,385,128,2907,1330,1449,1280,47,4,46,3,9,14,131,43
20260808,r3_d30_t1_w20,386,136,2917,1330,1451,1284,51,4,42,3,9,15,131,43
20260808,r3_d30_t1_w20,387,139,2926,1335,1452,1293,56,8,34,2,9,15,131,43
20260808,r3_d30_t1_w20,388,138,2931,1335,1458,1296,59,5,34,2,9,16,131,43
20260808,r3_d30_t1_w20,389,141,2940,1338,1461,1297,59,8,33,0,9,17,131,43
20260808,r3_d30_t1_w20,390,133,2945,1342,1470,1301,55,11,30,4,10,17,121,40
20260808,r3_d30_t1_w20,391,136,2955,1344,1475,1305,43,11,28,18,12,16,121,40
20260808,r3_d30_t1_w20,392,130,2961,1350,1481,1311,35,14,25,26,14,15,121,40
20260808,r3_d30_t1_w20,393,120,2968,1364,1484,1312,36,23,29,12,10,14,121,40
20260808,r3_d30_t1_w20,394,107,2974,1376,1491,1313,36,29,34,1,9,14,121,40
20260808,r3_d30_t1_w20,395,111,2983,1377,1495,1316,35,19,42,4,12,13,131,43
20260808,r3_d30_t1_w20,396,115,2993,1378,1500,1318,35,13,47,5,16,12,131,43
20260808,r3_d30_t1_w20,397,116,2999,1381,1502,1320,37,13,48,2,18,12,131,43
20260808,r3_d30_t1_w20,398,111,3005,1383,1511,1322,38,11,50,1,19,11,131,43
20260808,r3_d30_t1_w20,399,113,3014,1383,1518,1324,40,5,54,1,19,10,131,43
20260808,r3_d30_t1_w20,400,114,3021,1384,1523,1325,41,4,55,0,19,9,131,43
20260808,r3_d30_t1_w20,401,115,3031,1387,1529,1329,41,6,52,1,18,8,131,43
20260808,r3_d30_t1_w20,402,115,3038,1387,1536,1331,41,5,51,3,18,9,131,43
20260808,r3_d30_t1_w20,403,118,3047,1390,1539,1332,39,7,51,3,18,11,131,43
20260808,r3_d30_t1_w20,404,112,3052,1393,1547,1336,40,7,50,3,18,12,131,43
20260808,r3_d30_t1_w20,405,109,3059,1394,1556,1339,41,6,49,4,17,13,131,43
20260808,r3_d30_t1_w20,406,105,3069,1399,1565,1344,40,9,46,5,15,14,131,43
20260808,r3_d30_t1_w20,407,100,3074,1402,1572,1349,42,9,44,5,13,14,131,43
20260808,r3_d30_t1_w20,408,101,3082,1405,1576,1353,44,8,44,4,11,15,131,43
20260808,r3_d30_t1_w20,409,103,3092,1407,1582,1358,44,9,40,7,9,15,131,43
20260808,r3_d30_t1_w20,410,110,3101,1409,1582,1360,45,10,39,6,9,15,131,43
20260808,r3_d30_t1_w20,411,115,3111,1414,1582,1364,47,9,41,3,9,15,131,43
20260808,r3_d30_t1_w20,412,124,3121,1415,1582,1369,51,8,38,3,9,17,131,43
20260808,r3_d30_t1_w20,413,125,3127,1418,1584,1371,52,10,37,1,9,17,131,43
20260808,r3_d30_t1_w20,414,131,3134,1419,1584,1376,55,7,36,2,9,19,131,43
20260808,r3_d30_t1_w20,415,136,3139,1419,1584,1379,57,6,34,3,9,19,131,43
20260808,r3_d30_t1_w20,416,141,3147,1421,1585,1386,62,6,29,3,9,19,131,43
20260808,r3_d30_t1_w20,417,144,3156,1424,1588,1387,61,6,31,2,9,20,131,43
20260808,r3_d30_t1_w20,418,149,3165,1426,1590,1387,61,8,31,0,9,21,131,43
20260808,r3_d30_t1_w20,419,147,3173,1427,1599,1391,63,9,27,1,9,21,131,43
20260808,r3_d30_t1_w20,420,144,3179,1429,1606,1392,61,8,29,2,9,20,131,43
20260808,r3_d30_t1_w20,421,139,3185,1431,1615,1394,60,8,29,3,10,18,131,43
20260808,r3_d30_t1_w20,422,137,3191,1433,1621,1395,44,7,31,18,13,18,131,43
20260808,r3_d30_t1_w20,423,135,3197,1435,1627,1395,19,6,34,41,14,16,131,43
20260808,r3_d30_t1_w20,424,125,3207,1452,1630,1399,19,19,34,28,11,16,131,43
20260808,r3_d30_t1_w20,425,109,3216,1472,1635,1404,29,35,33,3,9,16,131,43
20260808,r3_d30_t1_w20,426,104,3225,1483,1638,1407,23,32,44,1,9,16,131,43
20260808,r3_d30_t1_w20,427,109,3235,1483,1643,1408,20,19,56,5,12,16,131,43
20260808,r3_d30_t1_w20,428,107,3241,1484,1650,1409,18,13,62,7,13,15,131,43
20260808,r3_d30_t1_w20,429,107,3251,1488,1656,1409,18,11,68,3,16,13,131,43
20260808,r3_d30_t1_w20,430,105,3259,1491,1663,1413,20,9,69,2,17,11,131,43
20260808,r3_d30_t1_w20,431,103,3265,1492,1670,1414,19,8,70,3,17,11,131,43
20260808,r3_d30_t1_w20,432,100,3274,1494,1680,1415,19,8,71,2,17,8,131,43
20260808,r3_d30_t1_w20,433,99,3280,1495,1686,1418,20,7,70,3,17,7,131,43
20260808,r3_d30_t1_w20,434,97,3287,1497,1693,1421,21,7,69,3,17,8,131,43
20260808,r3_d30_t1_w20,435,97,3294,1500,1697,1423,20,6,71,3,16,10,131,43
20260808,r3_d30_t1_w20,436,94,3301,1502,1705,1430,21,8,64,7,15,9,131,43
20260808,r3_d30_t1_w20,437,89,3307,1505,1713,1435,20,9,61,10,12,11,131,43
20260808,r3_d30_t1_w20,438,85,3314,1510,1719,1437,20,10,63,7,10,12,131,43
20260808,r3_d30_t1_w20,439,78,3319,1516,1725,1443,23,13,60,4,9,11,131,43
20260808,r3_d30_t1_w20,440,82,3326,1519,1725,1450,27,12,57,4,9,10,131,43
20260808,r3_d30_t1_w20,441,86,3333,1520,1727,1455,30,11,54,5,9,12,131,43
20260808,r3_d30_t1_w20,442,90,3341,1523,1728,1461,33,12,50,5,9,13,131,43
20260808,r3_d30_t1_w20,443,96,3350,1526,1728,1470,37,14,42,7,9,13,131,43
20260808,r3_d30_t1_w20,444,102,3360,1529,1729,1474,37,14,41,8,9,13,131,43
20260808,r3_d30_t1_w20,445,105,3369,1534,1730,1478,40,15,41,4,9,15,121,40
20260808,r3_d30_t1_w20,446,108,3378,1539,1731,1484,44,16,39,1,9,16,121,40
20260808,r3_d30_t1_w20,447,109,3383,1541,1733,1486,43,13,42,2,9,15,121,40
20260808,r3_d30_t1_w20,448,119,3393,1541,1733,1489,45,11,41,3,9,15,121,40
20260808,r3_d30_t1_w20,449,127,3403,1543,1733,1491,46,11,41,2,9,16,121,40
20260808,r3_d30_t1_w20,450,132,3412,1547,1733,1494,43,10,43,4,10,16,131,43
20260808,r3_d30_t1_w20,451,139,3422,1549,1734,1496,28,9,44,19,13,16,131,43
20260808,r3_d30_t1_w20,452,143,3430,1552,1735,1498,22,9,45,24,16,16,131,43
20260808,r3_d30_t1_w20,453,130,3435,1569,1736,1501,22,24,44,10,10,16,131,43
20260808,r3_d30_t1_w20,454,126,3444,1578,1740,1503,22,28,47,3,12,15,131,43
20260808,r3_d30_t1_w20,455,124,3449,1580,1745,1505,22,22,53,3,13,14,131,43
20260808,r3_d30_t1_w20,456,121,3454,1581,1752,1508,24,16,57,3,14,13,131,43
20260808,r3_d30_t1_w20,457,117,3459,1585,1757,1513,26,16,56,2,14,13,131,43
20260808,r3_d30_t1_w20,458,115,3465,1587,1763,1519,28,10,58,4,15,12,131,43
20260808,r3_d30_t1_w20,459,115,3471,1590,1766,1521,27,8,61,4,15,12,131,43
20260808,r3_d30_t1_w20,460,116,3481,1593,1772,1521,27,6,66,1,16,10,131,43
20260808,r3_d30_t1_w20,461,115,3488,1595,1778,1527,28,5,63,4,16,12,131,43
20260808,r3_d30_t1_w20,462,112,3493,1595,1786,1527,28,3,65,4,16,13,131,43
20260808,r3_d30_t1_w20,463,107,3500,1599,1794,1531,30,5,63,2,16,12,131,43
20260808,r3_d30_t1_w20,464,108,3509,1599,1802,1533,32,3,63,2,16,14,131,43
20260808,r3_d30_t1_w20,465,108,3518,1602,1808,1543,36,4,55,5,16,14,131,43
20260808,r3_d30_t1_w20,466,104,3523,1604,1815,1545,33,4,55,8,14,15,131,43
20260808,r3_d30_t1_w20,467,102,3531,1609,1820,1553,34,8,48,10,12,16,131,43
20260808,r3_d30_t1_w20,468,100,3537,1613,1824,1557,37,12,44,7,11,17,131,43
20260808,r3_d30_t1_w20,469,96,3547,1622,1829,1560,36,17,45,2,9,16,131,43
20260808,r3_d30_t1_w20,470,103,3556,1623,1830,1565,38,13,45,4,9,17,131,43
20260808,r3_d30_t1_w20,471,108,3562,1624,1830,1570,43,10,44,3,9,18,131,43
20260808,r3_d30_t1_w20,472,114,3572,1627,1831,1574,45,8,45,2,10,18,131,43
20260808,r3_d30_t1_w20,473,121,3582,1629,1832,1580,47,7,42,4,10,19,131,43
20260808,r3_d30_t1_w20,474,124,3588,1630,1834,1587,53,5,38,4,9,20,131,43
20260808,r3_d30_t1_w20,475,126,3593,1633,1834,1589,54,6,38,2,9,21,131,43
20260808,r3_d30_t1_w20,476,135,3603,1634,1834,1590,55,4,40,1,9,21,131,43
20260808,r3_d30_t1_w20,477,143,3613,1636,1834,1590,54,6,40,0,9,22,131,43
20260808,r3_d30_t1_w20,478,148,3623,1636,1839,1591,55,4,41,0,9,22,131,43
20260808,r3_d30_t1_w20,479,151,3631,1636,1844,1592,56,2,42,0,9,22,131,43
20260808,r3_d30_t1_w20,480,143,3637,1640,1854,1597,56,5,38,1,9,21,131,43
20260808,r3_d30_t1_w20,481,146,3647,1641,1860,1602,53,5,34,8,13,18,131,43
20260808,r3_d30_t1_w20,482,150,3656,1643,1863,1605,33,5,33,29,16,17,131,43
20260808,r3_d30_t1_w20,483,144,3663,1651,1868,1608,32,12,31,25,15,17,131,43
20260808,r3_d30_t1_w20,484,121,3668,1673,1874,1610,34,26,37,3,9,15,131,43
20260808,r3_d30_t1_w20,485,119,3677,1676,1882,1614,37,18,44,1,11,14,131,43
20260808,r3_d30_t1_w20,486,119,3683,1678,1886,1619,36,18,41,5,14,13,131,43
20260808,r3_d30_t1_w20,487,119,3690,1680,1891,1623,37,12,45,6,15,12,131,43
20260808,r3_d30_t1_w20,488,119,3699,1684,1896,1624,37,13,47,3,18,11,131,43
20260808,r3_d30_t1_w20,489,115,3704,1687,1902,1628,37,8,51,4,18,11,131,43
20260808,r3_d30_t1_w20,490,113,3712,1688,1911,1633,38,6,49,7,18,10,126,43
20260808,r3_d30_t1_w20,491,112,3719,1691,1916,1634,38,6,51,5,18,10,126,43
20260808,r3_d30_t1_w20,492,105,3724,1696,1923,1634,36,9,53,2,18,9,126,43
20260808,r3_d30_t1_w20,493,103,3732,1698,1931,1637,36,7,54,3,18,8,126,43
20260808,r3_d30_t1_w20,494,104,3741,1700,1937,1640,38,7,53,2,18,9,126,43
20260808,r3_d30_t1_w20,495,104,3747,1702,1941,1642,38,8,52,2,18,10,131,43
20260808,r3_d30_t1_w20,496,102,3755,1703,1950,1645,39,6,52,3,15,12,131,43
20260808,r3_d30_t1_w20,497,98,3763,1706,1959,1646,39,7,53,1,12,13,131,43
20260808,r3_d30_t1_w20,498,95,3768,1707,1966,1649,40,6,52,2,11,13,131,43
20260808,r3_d30_t1_w20,499,95,3778,1711,1972,1653,40,9,49,2,9,16,131,43
20260808,r3_d30_t1_w20,500,102,3787,1713,1972,1656,41,7,50,2,9,15,131,43
20260808,r3_d30_t1_w20,501,107,3793,1714,1972,1661,41,6,47,6,9,17,131,43
20260808,r3_d30_t1_w20,502,110,3798,1716,1972,1667,47,6,43,4,9,17,131,43
20260808,r3_d30_t1_w20,503,112,3804,1720,1972,1672,51,8,40,1,9,18,131,43
20260808,r3_d30_t1_w20,504,119,3813,1720,1974,1679,56,6,35,3,9,18,131,43
20260808,r3_d30_t1_w20,505,125,3821,1722,1974,1682,58,7,33,2,9,18,131,43
20260808,r3_d30_t1_w20,506,130,3831,1726,1975,1685,58,7,34,1,9,21,131,43
20260808,r3_d30_t1_w20,507,134,3836,1726,1976,1687,58,6,33,3,9,21,131,43
20260808,r3_d30_t1_w20,508,135,3842,1727,1980,1692,62,6,29,3,9,20,131,43
20260808,r3_d30_t1_w20,509,134,3847,1731,1982,1694,62,8,29,1,9,20,131,43
20260808,r3_d30_t1_w20,510,130,3852,1733,1989,1697,61,8,28,3,11,18,131,43
20260808,r3_d30_t1_w20,511,132,3860,1734,1994,1698,38,7,29,26,12,17,131,43
20260808,r3_d30_t1_w20,512,133,3867,1737,1997,1701,19,8,28,45,13,16,131,43
20260808,r3_d30_t1_w20,513,112,3875,1758,2005,1704,22,27,27,24,9,15,131,43
20260808,r3_d30_t1_w20,514,105,3884,1766,2013,1707,39,27,32,2,9,14,131,43
20260808,r3_d30_t1_w20,515,101,3894,1777,2016,1709,31,30,38,1,9,13,131,43
20260808,r3_d30_t1_w20,516,95,3903,1784,2024,1712,26,24,48,2,9,12,131,43
20260808,r3_d30_t1_w20,517,90,3908,1787,2031,1713,25,18,56,1,9,10,131,43
20260808,r3_d30_t1_w20,518,94,3916,1788,2034,1714,24,16,58,2,11,9,131,43
20260808,r3_d30_t1_w20,519,91,3922,1788,2043,1715,21,8,65,6,14,9,131,43
20260808,r3_d30_t1_w20,520,86,3928,1790,2052,1715,21,7,68,4,14,8,101,38
20260808,r3_d30_t1_w20,521,81,3933,1794,2058,1716,20,9,69,2,15,8,101,38
20260808,r3_d30_t1_w20,522,82,3939,1794,2063,1717,18,3,74,5,17,7,101,38
20260808,r3_d30_t1_w20,523,86,3949,1796,2067,1722,19,5,69,7,17,7,101,38
20260808,r3_d30_t1_w20,524,81,3956,1799,2076,1723,19,8,68,5,18,7,101,38
20260808,r3_d30_t1_w20,525,81,3964,1803,2080,1731,21,11,61,7,16,7,126,43
20260808,r3_d30_t1_w20,526,74,3969,1807,2088,1735,19,11,61,9,13,7,126,43
20260808,r3_d30_t1_w20,527,73,3977,1814,2090,1740,21,15,59,5,11,8,126,43
20260808,r3_d30_t1_w20,528,70,3982,1817,2095,1743,22,15,59,4,9,9,126,43
20260808,r3_d30_t1_w20,529,74,3989,1819,2096,1749,25,7,63,5,9,10,126,43
20260808,r3_d30_t1_w20,530,75,3994,1823,2096,1757,26,6,60,8,9,11,131,43
20260808,r3_d30_t1_w20,531,77,3999,1826,2096,1762,26,8,56,10,9,10,131,43
20260808,r3_d30_t1_w20,532,77,4007,1832,2098,1768,27,13,51,9,9,9,131,43
20260808,r3_d30_t1_w20,533,75,4012,1838,2099,1774,30,16,48,6,9,10,131,43
20260808,r3_d30_t1_w20,534,74,4017,1843,2100,1778,31,21,44,4,9,11,131,43
20260808,r3_d30_t1_w20,535,78,4024,1846,2100,1781,33,17,48,2,9,11,131,43
20260808,r3_d30_t1_w20,536,86,4034,1848,2100,1785,35,16,47,2,9,11,131,43
20260808,r3_d30_t1_w20,537,90,4040,1849,2101,1788,36,12,49,3,9,11,131,43
20260808,r3_d30_t1_w20,538,94,4049,1852,2103,1789,36,11,52,1,9,11,131,43
20260808,r3_d30_t1_w20,539,100,4058,1855,2103,1793,36,9,53,2,9,13,131,43
20260808,r3_d30_t1_w20,540,103,4063,1856,2104,1800,40,9,47,4,10,13,131,43
20260808,r3_d30_t1_w20,541,108,4071,1859,2104,1801,29,8,50,13,10,13,131,43
20260808,r3_d30_t1_w20,542,113,4078,1861,2104,1803,23,8,50,19,14,13,131,43
20260808,r3_d30_t1_w20,543,105,4085,1874,2106,1808,20,16,50,14,13,13,131,43
20260808,r3_d30_t1_w20,544,101,4090,1882,2107,1811,20,20,51,9,10,12,131,43
20260808,r3_d30_t1_w20,545,100,4096,1889,2107,1813,18,24,52,6,13,12,131,43
20260808,r3_d30_t1_w20,546,101,4102,1892,2109,1816,20,23,53,4,13,12,131,43
20260808,r3_d30_t1_w20,547,100,4111,1897,2114,1819,21,22,56,1,15,12,131,43
20260808,r3_d30_t1_w20,548,101,4117,1899,2117,1822,21,19,58,2,16,12,131,43
20260808,r3_d30_t1_w20,549,102,4125,1899,2124,1825,22,9,65,4,16,11,131,43
20260808,r3_d30_t1_w20,550,105,4132,1901,2126,1828,23,7,66,4,16,10,126,43
20260808,r3_d30_t1_w20,551,103,4137,1904,2130,1833,24,6,65,5,15,10,126,43
20260808,r3_d30_t1_w20,552,104,4147,1906,2137,1836,25,4,66,5,16,11,126,43
20260808,r3_d30_t1_w20,553,104,4155,1911,2140,1843,27,8,60,5,16,12,126,43
20260808,r3_d30_t1_w20,554,107,4164,1916,2141,1852,27,10,54,9,17,12,126,43
20260808,r3_d30_t1_w20,555,105,4170,1919,2146,1855,27,11,53,9,17,13,131,43
20260808,r3_d30_t1_w20,556,101,4177,1925,2151,1859,26,13,53,8,14,13,131,43
20260808,r3_d30_t1_w20,557,104,4186,1928,2154,1861,27,9,58,6,13,14,131,43
20260808,r3_d30_t1_w20,558,105,4196,1934,2157,1865,27,12,57,4,11,16,131,43
20260808,r3_d30_t1_w20,559,104,4201,1935,2162,1868,29,9,58,4,9,16,131,43
20260808,r3_d30_t1_w20,560,109,4206,1935,2162,1872,36,7,56,1,9,16,131,43
20260808,r3_d30_t1_w20,561,115,4212,1935,2162,1876,39,2,57,2,9,16,131,43
20260808,r3_d30_t1_w20,562,119,4218,1937,2162,1878,38,3,56,3,9,16,131,43
20260808,r3_d30_t1_w20,563,122,4225,1939,2164,1879,38,4,56,2,9,17,131,43
20260808,r3_d30_t1_w20,564,125,4231,1941,2165,1884,42,6,51,1,9,18,131,43
20260808,r3_d30_t1_w20,565,132,4240,1943,2165,1886,43,6,51,0,9,19,131,43
20260808,r3_d30_t1_w20,566,141,4249,1943,2165,1891,46,6,46,2,9,20,131,43
20260808,r3_d30_t1_w20,567,136,4254,1944,2174,1897,50,7,40,3,9,20,131,43
20260808,r3_d30_t1_w20,568,138,4263,1947,2178,1904,56,7,36,1,9,18,131,43
20260808,r3_d30_t1_w20,569,135,4269,1948,2186,1908,56,5,35,4,9,16,131,43
20260808,r3_d30_t1_w20,570,135,4277,1951,2191,1911,54,7,33,6,10,15,121,43
20260808,r3_d30_t1_w20,571,137,4287,1957,2193,1916,43,12,29,16,13,15,121,43
20260808,r3_d30_t1_w20,572,134,4293,1959,2200,1918,36,12,29,23,15,14,121,43
20260808,r3_d30_t1_w20,573,118,4300,1976,2206,1923,36,27,26,11,12,14,121,43
20260808,r3_d30_t1_w20,574,109,4308,1985,2214,1927,37,24,34,5,11,13,121,43
20260808,r3_d30_t1_w20,575,111,4317,1988,2218,1928,37,21,39,3,14,12,131,43
20260808,r3_d30_t1_w20,576,113,4327,1991,2223,1930,39,19,42,0,14,12,131,43
20260808,r3_d30_t1_w20,577,114,4337,1991,2232,1933,40,8,50,2,15,12,131,43
20260808,r3_d30_t1_w20,578,112,4345,1992,2241,1934,38,6,52,4,16,12,131,43
20260808,r3_d30_t1_w20,579,113,4350,1994,2243,1937,35,5,52,8,17,10,131,43
20260808,r3_d30_t1_w20,580,117,4360,1997,2246,1937,34,7,53,6,18,10,131,43
20260808,r3_d30_t1_w20,581,115,4369,2005,2249,1939,32,15,51,2,17,9,131,43
20260808,r3_d30_t1_w20,582,120,4378,2005,2253,1941,33,9,55,3,17,10,131,43
20260808,r3_d30_t1_w20,583,119,4386,2008,2259,1944,32,11,53,4,17,10,131,43
20260808,r3_d30_t1_w20,584,121,4394,2009,2264,1946,33,10,53,4,17,11,131,43
20260808,r3_d30_t1_w20,585,114,4399,2013,2272,1949,33,8,56,3,15,11,131,43
20260808,r3_d30_t1_w20,586,109,4405,2016,2280,1952,33,10,54,3,15,11,131,43
20260808,r3_d30_t1_w20,587,112,4414,2019,2283,1958,35,9,52,4,13,11,131,43
20260808,r3_d30_t1_w20,588,111,4422,2020,2291,1960,37,8,52,3,9,12,131,43
20260808,r3_d30_t1_w20,589,108,4428,2024,2296,1967,43,10,47,0,9,11,131,43
20260808,r3_d30_t1_w20,590,111,4433,2025,2297,1969,43,6,50,1,9,13,131,43
20260808,r3_d30_t1_w20,591,118,4442,2026,2298,1973,44,4,49,3,9,15,131,43
20260808,r3_d30_t1_w20,592,125,4451,2027,2299,1976,46,3,48,3,9,15,131,43
20260808,r3_d30_t1_w20,593,128,4457,2030,2299,1982,49,4,44,3,9,15,131,43
20260808,r3_d30_t1_w20,594,132,4465,2033,2300,1988,51,7,38,4,9,16,131,43
20260808,r3_d30_t1_w20,595,139,4475,2035,2301,1988,51,8,39,2,9,17,131,43
20260808,r3_d30_t1_w20,596,143,4483,2038,2302,1993,53,10,35,2,9,19,131,43
20260808,r3_d30_t1_w20,597,143,4492,2039,2310,1997,54,7,35,4,9,19,131,43
20260808,r3_d30_t1_w20,598,140,4499,2043,2316,2002,53,10,31,6,9,20,131,43
20260808,r3_d30_t1_w20,599,146,4509,2045,2318,2006,56,11,28,5,9,21,131,43
20260808,r3_d30_t1_w20,600,145,4516,2049,2322,2009,56,12,28,4,10,20,121,40
20260808,r6_d30_t1_w15,1,5,7,2,0,0,98,2,0,0,0,1,131,43
20260808,r6_d30_t1_w15,2,11,13,2,0,0,93,2,0,5,3,3,131,43
20260808,r6_d30_t1_w15,3,17,19,2,0,0,74,2,0,24,4,4,131,43
20260808,r6_d30_t1_w15,4,17,24,7,0,0,73,6,1,20,4,5,131,43
20260808,r6_d30_t1_w15,5,3,29,26,0,0,73,23,3,1,0,1,131,43
20260808,r6_d30_t1_w15,6,8,35,27,0,0,73,11,16,0,2,2,131,43
20260808,r6_d30_t1_w15,7,14,41,27,0,0,73,7,20,0,4,4,131,43
20260808,r6_d30_t1_w15,8,23,50,27,0,0,73,4,23,0,7,5,131,43
20260808,r6_d30_t1_w15,9,32,59,27,0,0,73,3,24,0,7,6,131,43
20260808,r6_d30_t1_w15,10,38,66,28,0,0,71,3,25,1,8,7,131,43
20260808,r6_d30_t1_w15,11,47,75,28,0,0,71,2,26,1,8,7,131,43
20260808,r6_d30_t1_w15,12,51,81,30,0,0,70,4,26,0,8,8,131,43
20260808,r6_d30_t1_w15,13,61,91,30,0,1,71,3,26,0,9,8,131,43
20260808,r6_d30_t1_w15,14,65,96,31,0,1,69,3,27,1,9,9,131,43
20260808,r6_d30_t1_w15,15,74,106,32,0,4,71,4,24,1,9,9,131,43
20260808,r6_d30_t1_w15,16,79,113,34,0,4,70,5,25,0,9,10,131,43
20260808,r6_d30_t1_w15,17,86,121,35,0,4,69,5,26,0,9,11,131,43
20260808,r6_d30_t1_w15,18,90,127,36,1,6,70,6,24,0,9,12,131,43
20260808,r6_d30_t1_w15,19,96,134,37,1,10,69,5,22,4,9,13,131,43
20260808,r6_d30_t1_w15,20,101,141,39,1,13,70,5,21,4,9,14,121,40
20260808,r6_d30_t1_w15,21,101,146,43,2,13,70,8,22,0,9,15,121,40
20260808,r6_d30_t1_w15,22,101,153,44,8,14,70,7,23,0,9,15,121,40
20260808,r6_d30_t1_w15,23,96,160,47,17,17,68,10,20,2,9,15,121,40
20260808,r6_d30_t1_w15,24,94,168,49,25,21,69,12,16,3,9,15,121,40
20260808,r6_d30_t1_w15,25,96,177,52,29,25,69,14,13,4,9,14,126,43
20260808,r6_d30_t1_w15,26,92,182,54,36,26,69,11,17,3,9,14,126,43
20260808,r6_d30_t1_w15,27,92,190,57,41,26,69,13,18,0,9,15,126,43
20260808,r6_d30_t1_w15,28,92,197,57,48,27,70,9,21,0,9,14,126,43
20260808,r6_d30_t1_w15,29,98,207,57,52,28,70,8,21,1,9,16,126,43
20260808,r6_d30_t1_w15,30,92,215,62,61,28,65,10,24,1,8,15,131,43
20260808,r6_d30_t1_w15,31,93,225,67,65,29,58,11,27,4,10,13,131,43
20260808,r6_d30_t1_w15,32,95,233,67,71,31,40,9,27,24,13,12,131,43
20260808,r6_d30_t1_w15,33,97,243,72,74,32,40,14,26,20,13,12,131,43
20260808,r6_d30_t1_w15,34,81,252,92,79,32,39,32,28,1,11,12,131,43
20260808,r6_d30_t1_w15,35,81,260,93,86,35,41,30,28,1,13,10,131,43
20260808,r6_d30_t1_w15,36,85,269,94,90,37,43,25,32,0,14,10,131,43
20260808,r6_d30_t1_w15,37,87,279,97,95,42,43,20,35,2,14,8,131,43
20260808,r6_d30_t1_w15,38,90,288,99,99,42,41,17,40,2,15,8,131,43
20260808,r6_d30_t1_w15,39,89,295,102,104,42,40,15,45,0,15,9,131,43
20260808,r6_d30_t1_w15,40,89,303,102,112,43,40,12,47,1,15,11,131,43
20260808,r6_d30_t1_w15,41,91,309,102,116,47,39,8,47,6,15,11,131,43
20260808,r6_d30_t1_w15,42,89,315,103,123,48,37,6,49,8,15,12,131,43
20260808,r6_d30_t1_w15,43,85,324,109,130,49,36,10,50,4,12,13,131,43
20260808,r6_d30_t1_w15,44,79,331,113,139,53,37,13,47,3,9,13,131,43
20260808,r6_d30_t1_w15,45,80,336,115,141,55,38,13,47,2,9,13,131,43
20260808,r6_d30_t1_w15,46,84,342,117,141,59,41,12,46,1,9,16,131,43
20260808,r6_d30_t1_w15,47,88,347,118,141,62,41,10,46,3,9,16,131,43
20260808,r6_d30_t1_w15,48,96,357,120,141,68,46,10,42,2,9,16,131,43
20260808,r6_d30_t1_w15,49,98,363,123,142,70,46,11,42,1,9,17,131,43
20260808,r6_d30_t1_w15,50,102,372,123,147,72,48,8,43,1,9,16,126,43
20260808,r6_d30_t1_w15,51,98,378,125,155,77,48,8,40,4,9,14,126,43
20260808,r6_d30_t1_w15,52,98,388,126,164,80,50,8,38,4,9,12,126,43
20260808,r6_d30_t1_w15,53,96,396,131,169,83,52,12,36,0,9,12,126,43
20260808,r6_d30_t1_w15,54,98,402,131,173,85,54,10,36,0,9,12,126,43
20260808,r6_d30_t1_w15,55,97,408,133,178,90,56,8,35,1,9,11,131,43
20260808,r6_d30_t1_w15,56,98,417,135,184,96,59,10,29,2,9,12,131,43
20260808,r6_d30_t1_w15,57,100,425,137,188,97,58,10,30,2,9,12,131,43
20260808,r6_d30_t1_w15,58,100,434,139,195,99,58,10,30,2,9,13,131,43
20260808,r6_d30_t1_w15,59,101,444,143,200,102,58,14,27,1,9,15,131,43
20260808,r6_d30_t1_w15,60,100,453,149,204,109,57,17,23,3,10,14,131,43
20260808,r6_d30_t1_w15,61,103,463,151,209,110,44,18,23,15,11,12,131,43
20260808,r6_d30_t1_w15,62,108,473,154,211,114,22,18,22,38,13,11,131,43
20260808,r6_d30_t1_w15,63,95,480,166,219,115,22,23,28,27,11,11,131,43
20260808,r6_d30_t1_w15,64,82,488,184,222,118,32,35,31,2,9,10,131,43
20260808,r6_d30_t1_w15,65,74,498,194,230,118,23,39,37,1,9,10,131,43
20260808,r6_d30_t1_w15,66,71,503,197,235,119,22,32,46,0,10,10,131,43
20260808,r6_d30_t1_w15,67,71,513,198,244,122,20,19,57,4,10,9,131,43
20260808,r6_d30_t1_w15,68,72,522,199,251,124,19,13,62,6,13,9,131,43
20260808,r6_d30_t1_w15,69,73,532,204,255,127,17,11,66,6,12,9,131,43
20260808,r6_d30_t1_w15,70,73,539,207,259,129,16,12,66,6,14,8,131,43
20260808,r6_d30_t1_w15,71,65,544,212,267,131,16,13,68,3,11,7,131,43
20260808,r6_d30_t1_w15,72,67,552,214,271,133,16,12,69,3,11,7,131,43
20260808,r6_d30_t1_w15,73,70,562,215,277,135,16,10,70,4,10,9,131,43
20260808,r6_d30_t1_w15,74,65,567,217,285,136,16,8,73,3,8,9,131,43
20260808,r6_d30_t1_w15,75,68,572,219,285,138,18,8,73,1,9,9,131,43
20260808,r6_d30_t1_w15,76,72,581,223,286,145,21,11,67,1,9,10,131,43
20260808,r6_d30_t1_w15,77,75,587,225,287,152,26,12,61,1,9,11,131,43
20260808,r6_d30_t1_w15,78,76,593,228,289,159,27,15,54,4,9,11,131,43
20260808,r6_d30_t1_w15,79,84,603,230,289,166,31,12,52,5,9,13,131,43
20260808,r6_d30_t1_w15,80,87,612,236,289,168,30,17,51,2,9,12,131,43
20260808,r6_d30_t1_w15,81,91,618,238,289,171,30,15,52,3,9,13,131,43
20260808,r6_d30_t1_w15,82,94,624,240,290,176,32,12,52,4,9,12,131,43
20260808,r6_d30_t1_w15,83,98,630,242,290,182,36,11,49,4,9,13,131,43
20260808,r6_d30_t1_w15,84,98,640,247,295,185,35,14,48,3,9,14,131,43
20260808,r6_d30_t1_w15,85,95,645,250,300,191,37,17,42,4,9,13,131,43
20260808,r6_d30_t1_w15,86,99,655,252,304,195,39,15,42,4,9,13,131,43
20260808,r6_d30_t1_w15,87,97,664,257,310,202,41,15,40,4,9,13,131,43
20260808,r6_d30_t1_w15,88,98,673,259,316,206,42,13,40,5,9,14,131,43
20260808,r6_d30_t1_w15,89,101,682,263,318,207,41,14,42,3,9,15,131,43
20260808,r6_d30_t1_w15,90,101,688,268,319,211,40,14,43,3,11,15,131,43
20260808,r6_d30_t1_w15,91,100,697,270,327,212,28,13,45,14,14,15,131,43
20260808,r6_d30_t1_w15,92,100,704,272,332,215,29,12,45,14,14,14,131,43
20260808,r6_d30_t1_w15,93,86,709,287,336,219,27,24,44,5,11,14,131,43
20260808,r6_d30_t1_w15,94,86,719,289,344,222,30,18,49,3,15,13,131,43
20260808,r6_d30_t1_w15,95,81,725,293,351,223,27,14,56,3,15,11,131,43
20260808,r6_d30_t1_w15,96,82,733,294,357,225,28,12,57,3,16,10,131,43
20260808,r6_d30_t1_w15,97,82,741,298,361,228,28,10,60,2,16,9,131,43
20260808,r6_d30_t1_w15,98,82,749,301,366,232,26,12,57,5,16,8,131,43
20260808,r6_d30_t1_w15,99,77,757,307,373,237,24,15,55,6,15,8,131,43
20260808,r6_d30_t1_w15,100,80,765,312,373,240,23,16,56,5,16,9,121,40
20260808,r6_d30_t1_w15,101,74,772,317,381,244,23,15,58,4,15,9,121,40
20260808,r6_d30_t1_w15,102,74,780,319,387,247,23,16,56,5,13,9,121,40
20260808,r6_d30_t1_w15,103,72,785,322,391,250,23,15,57,5,11,9,121,40
20260808,r6_d30_t1_w15,104,72,794,326,396,256,25,14,56,5,9,9,121,40
20260808,r6_d30_t1_w15,105,77,800,327,396,259,27,11,57,5,9,9,131,43
20260808,r6_d30_t1_w15,106,78,805,331,396,268,34,15,48,3,9,11,131,43
20260808,r6_d30_t1_w15,107,83,814,335,396,271,35,14,50,1,9,12,131,43
20260808,r6_d30_t1_w15,108,86,819,336,397,273,36,10,53,1,9,12,131,43
20260808,r6_d30_t1_w15,109,85,824,339,400,278,37,10,51,2,9,13,131,43
20260808,r6_d30_t1_w15,110,87,829,340,402,283,41,10,47,2,9,13,131,43
20260808,r6_d30_t1_w15,111,83,835,344,408,289,43,14,41,2,9,12,131,43
20260808,r6_d30_t1_w15,112,83,842,346,413,291,43,13,42,2,9,13,131,43
20260808,r6_d30_t1_w15,113,86,850,349,415,291,41,13,45,1,9,12,131,43
20260808,r6_d30_t1_w15,114,83,855,351,421,296,45,14,41,0,9,11,131,43
20260808,r6_d30_t1_w15,115,83,864,352,429,300,47,10,42,1,9,11,131,43
20260808,r6_d30_t1_w15,116,85,874,354,435,302,47,11,41,1,9,14,131,43
20260808,r6_d30_t1_w15,117,84,881,357,440,303,46,13,41,0,9,11,131,43
20260808,r6_d30_t1_w15,118,87,888,357,444,310,51,10,37,2,9,12,131,43
20260808,r6_d30_t1_w15,119,90,898,358,450,312,52,9,37,2,9,12,131,43
20260808,r6_d30_t1_w15,120,87,903,364,452,314,49,13,37,1,9,11,131,43
20260808,r6_d30_t1_w15,121,91,911,364,456,319,51,12,33,4,11,11,131,43
20260808,r6_d30_t1_w15,122,92,921,366,463,322,31,12,32,25,14,10,131,43
20260808,r6_d30_t1_w15,123,94,931,370,467,327,33,13,30,24,15,10,131,43
20260808,r6_d30_t1_w15,124,75,938,394,469,330,33,35,29,3,9,10,131,43
20260808,r6_d30_t1_w15,125,75,944,396,473,331,33,28,37,2,10,9,121,40
20260808,r6_d30_t1_w15,126,74,949,398,477,333,33,22,43,2,12,9,121,40
20260808,r6_d30_t1_w15,127,74,956,400,482,337,33,19,44,4,16,9,121,40
20260808,r6_d30_t1_w15,128,71,961,401,489,338,33,14,49,4,16,6,121,40
20260808,r6_d30_t1_w15,129,73,970,405,492,341,33,13,51,3,15,7,121,40
20260808,r6_d30_t1_w15,130,73,978,407,498,342,31,13,52,4,16,7,131,43
20260808,r6_d30_t1_w15,131,66,983,411,506,345,29,11,55,5,14,8,131,43
20260808,r6_d30_t1_w15,132,65,988,413,510,346,30,10,57,3,13,9,131,43
20260808,r6_d30_t1_w15,133,64,994,416,514,348,31,8,60,1,10,9,131,43
20260808,r6_d30_t1_w15,134,62,1003,418,523,351,31,7,60,2,8,11,131,43
20260808,r6_d30_t1_w15,135,68,1012,420,524,357,34,7,56,3,9,11,131,43
20260808,r6_d30_t1_w15,136,74,1020,421,525,360,36,7,54,3,9,12,131,43
20260808,r6_d30_t1_w15,137,79,1029,424,526,365,39,8,51,2,9,13,131,43
20260808,r6_d30_t1_w15,138,84,1037,426,527,371,43,9,46,2,9,12,131,43
20260808,r6_d30_t1_w15,139,88,1042,427,527,374,45,9,44,2,9,13,131,43
20260808,r6_d30_t1_w15,140,93,1050,430,527,378,46,9,43,2,9,13,131,43
20260808,r6_d30_t1_w15,141,97,1056,432,527,384,50,9,39,2,9,14,131,43
20260808,r6_d30_t1_w15,142,101,1066,433,532,388,53,8,37,2,9,14,131,43
20260808,r6_d30_t1_w15,143,103,1074,434,537,392,55,6,36,3,9,13,131,43
20260808,r6_d30_t1_w15,144,104,1082,435,543,393,56,7,35,2,9,13,131,43
20260808,r6_d30_t1_w15,145,102,1089,440,547,400,59,10,30,1,9,14,131,43
20260808,r6_d30_t1_w15,146,104,1098,443,551,403,58,9,31,2,9,14,131,43
20260808,r6_d30_t1_w15,147,106,1104,444,554,405,59,9,30,2,9,15,131,43
20260808,r6_d30_t1_w15,148,105,1113,451,557,409,56,15,27,2,9,15,131,43
20260808,r6_d30_t1_w15,149,106,1122,452,564,411,58,13,28,1,9,14,131,43
20260808,r6_d30_t1_w15,150,104,1131,456,571,415,57,17,24,2,10,13,131,43
20260808,r6_d30_t1_w15,151,100,1136,457,579,418,48,13,26,13,11,12,131,43
20260808,r6_d30_t1_w15,152,100,1144,459,585,419,29,11,29,31,12,11,131,43
20260808,r6_d30_t1_w15,153,89,1153,472,592,420,28,20,32,20,13,11,131,43
20260808,r6_d30_t1_w15,154,75,1160,488,597,423,34,31,34,1,9,10,131,43
20260808,r6_d30_t1_w15,155,73,1169,493,603,425,30,28,40,2,11,9,126,43
20260808,r6_d30_t1_w15,156,72,1177,496,609,427,27,25,44,4,13,8,126,43
20260808,r6_d30_t1_w15,157,71,1186,498,617,430,27,22,46,5,14,7,126,43
20260808,r6_d30_t1_w15,158,70,1196,502,624,431,26,15,56,3,15,7,126,43
20260808,r6_d30_t1_w15,159,66,1202,505,631,432,26,15,58,1,17,6,126,43
20260808,r6_d30_t1_w15,160,69,1212,506,637,433,26,10,63,1,16,6,131,43
20260808,r6_d30_t1_w15,161,69,1218,507,642,433,25,10,64,1,15,8,131,43
20260808,r6_d30_t1_w15,162,71,1226,508,647,437,27,10,61,2,13,10,131,43
20260808,r6_d30_t1_w15,163,76,1236,508,652,440,29,7,61,3,10,11,131,43
20260808,r6_d30_t1_w15,164,76,1246,510,660,445,29,6,59,6,9,11,131,43
20260808,r6_d30_t1_w15,165,82,1256,512,662,447,27,7,58,8,9,12,131,43
20260808,r6_d30_t1_w15,166,85,1262,514,663,451,32,9,54,5,9,13,131,43
20260808,r6_d30_t1_w15,167,89,1270,518,663,457,32,12,49,7,9,13,131,43
20260808,r6_d30_t1_w15,168,94,1277,520,663,459,34,13,48,5,9,13,131,43
20260808,r6_d30_t1_w15,169,95,1286,528,663,465,36,19,44,1,9,14,131,43
20260808,r6_d30_t1_w15,170,96,1291,531,664,473,39,19,39,3,9,14,131,43
20260808,r6_d30_t1_w15,171,97,1296,534,665,476,37,15,43,5,9,14,131,43
20260808,r6_d30_t1_w15,172,95,1301,541,665,484,37,21,36,6,9,14,131,43
20260808,r6_d30_t1_w15,173,99,1309,545,665,485,37,23,37,3,9,14,131,43
20260808,r6_d30_t1_w15,174,100,1314,548,666,487,37,22,39,2,9,14,131,43
20260808,r6_d30_t1_w15,175,99,1323,548,676,493,41,17,38,4,9,14,131,43
20260808,r6_d30_t1_w15,176,95,1328,553,680,498,41,19,36,4,9,12,131,43
20260808,r6_d30_t1_w15,177,91,1333,557,685,499,40,18,40,2,9,12,131,43
20260808,r6_d30_t1_w15,178,85,1338,560,693,501,39,17,42,2,9,13,131,43
20260808,r6_d30_t1_w15,179,85,1347,561,701,502,38,16,43,3,9,11,131,43
20260808,r6_d30_t1_w15,180,88,1357,563,706,503,34,16,44,6,13,10,121,40
20260808,r6_d30_t1_w15,181,91,1366,565,710,505,20,15,45,20,14,10,121,40
20260808,r6_d30_t1_w15,182,87,1375,573,715,509,19,19,45,17,14,10,121,40
20260808,r6_d30_t1_w15,183,72,1383,590,721,510,16,30,50,4,10,10,121,40
20260808,r6_d30_t1_w15,184,72,1391,593,726,512,17,23,58,2,12,10,121,40
20260808,r6_d30_t1_w15,185,76,1401,597,728,513,15,22,62,1,13,9,131,43
20260808,r6_d30_t1_w15,186,79,1409,598,732,517,17,15,66,2,16,7,131,43
20260808,r6_d30_t1_w15,187,80,1416,600,736,521,19,11,68,2,17,7,131,43
20260808,r6_d30_t1_w15,188,81,1422,601,740,525,19,10,66,5,16,7,131,43
20260808,r6_d30_t1_w15,189,81,1428,603,744,529,22,7,67,4,16,7,131,43
20260808,r6_d30_t1_w15,190,75,1434,608,751,535,24,11,62,3,16,8,131,43
20260808,r6_d30_t1_w15,191,81,1444,608,755,539,27,7,62,4,16,8,131,43
20260808,r6_d30_t1_w15,192,81,1449,611,757,546,31,8,57,4,13,8,131,43
20260808,r6_d30_t1_w15,193,84,1459,614,761,548,30,10,56,4,10,9,131,43
20260808,r6_d30_t1_w15,194,78,1464,618,768,552,28,11,55,6,9,10,131,43
20260808,r6_d30_t1_w15,195,82,1470,620,768,556,29,7,57,7,9,11,131,43
20260808,r6_d30_t1_w15,196,88,1479,622,769,559,35,8,55,2,9,11,131,43
20260808,r6_d30_t1_w15,197,89,1484,625,770,563,36,9,53,2,9,12,131,43
20260808,r6_d30_t1_w15,198,94,1491,626,771,570,41,8,48,3,9,14,131,43
20260808,r6_d30_t1_w15,199,95,1498,631,772,576,42,13,42,3,9,14,131,43
20260808,r6_d30_t1_w15,200,92,1505,636,777,579,41,17,40,2,9,16,131,43
20260808,r6_d30_t1_w15,201,93,1515,639,783,581,41,17,41,1,9,15,131,43
20260808,r6_d30_t1_w15,202,96,1524,640,788,589,47,16,35,2,9,14,131,43
20260808,r6_d30_t1_w15,203,95,1531,643,793,593,49,17,33,1,9,14,131,43
20260808,r6_d30_t1_w15,204,94,1536,645,797,597,51,17,31,1,9,15,131,43
20260808,r6_d30_t1_w15,205,96,1545,646,803,602,53,11,33,3,9,13,131,43
20260808,r6_d30_t1_w15,206,92,1551,647,812,603,53,9,35,3,9,12,131,43
20260808,r6_d30_t1_w15,207,95,1560,651,814,604,52,11,36,1,9,12,131,43
20260808,r6_d30_t1_w15,208,96,1570,653,821,604,50,8,41,1,9,12,131,43
20260808,r6_d30_t1_w15,209,97,1575,653,825,607,52,7,39,2,9,13,131,43
20260808,r6_d30_t1_w15,210,94,1583,660,829,609,47,13,38,2,9,13,131,43
20260808,r6_d30_t1_w15,211,94,1591,662,835,612,45,12,38,5,11,12,131,43
20260808,r6_d30_t1_w15,212,94,1596,663,839,613,29,10,40,21,11,11,131,43
20260808,r6_d30_t1_w15,213,86,1603,672,845,619,27,18,35,20,12,10,131,43
20260808,r6_d30_t1_w15,214,73,1609,687,849,619,28,31,37,4,9,9,131,43
20260808,r6_d30_t1_w15,215,71,1617,694,852,623,28,33,38,1,10,9,131,43
20260808,r6_d30_t1_w15,216,72,1627,696,859,625,29,27,44,0,11,9,131,43
20260808,r6_d30_t1_w15,217,70,1636,698,868,629,29,22,47,2,12,7,131,43
20260808,r6_d30_t1_w15,218,75,1646,698,873,630,27,17,51,5,14,7,131,43
20260808,r6_d30_t1_w15,219,74,1652,701,877,633,27,14,54,5,14,6,131,43
20260808,r6_d30_t1_w15,220,71,1658,704,883,634,28,14,56,2,15,6,131,43
20260808,r6_d30_t1_w15,221,72,1668,709,887,634,25,14,61,0,14,7,131,43
20260808,r6_d30_t1_w15,222,72,1674,709,893,637,26,12,60,2,14,7,131,43
20260808,r6_d30_t1_w15,223,70,1680,709,901,639,27,6,64,3,10,10,131,43
20260808,r6_d30_t1_w15,224,70,1687,712,905,642,27,8,62,3,9,11,131,43
20260808,r6_d30_t1_w15,225,72,1692,713,907,647,29,7,59,5,9,11,131,43
20260808,r6_d30_t1_w15,226,76,1700,716,908,650,31,9,57,3,9,13,131,43
20260808,r6_d30_t1_w15,227,72,1705,722,911,657,33,13,52,2,9,13,131,43
20260808,r6_d30_t1_w15,228,80,1714,723,911,665,35,13,45,7,9,14,131,43
20260808,r6_d30_t1_w15,229,84,1722,727,911,668,35,16,43,6,9,15,131,43
20260808,r6_d30_t1_w15,230,87,1731,733,911,672,37,20,41,2,9,15,131,43
20260808,r6_d30_t1_w15,231,87,1740,740,913,679,38,21,40,1,9,17,131,43
20260808,r6_d30_t1_w15,232,94,1748,741,913,682,40,19,40,1,9,17,131,43
20260808,r6_d30_t1_w15,233,93,1757,744,920,685,39,21,38,2,9,16,131,43
20260808,r6_d30_t1_w15,234,98,1766,745,923,690,42,15,40,3,9,17,131,43
20260808,r6_d30_t1_w15,235,99,1776,748,929,694,43,13,41,3,9,16,111,40
20260808,r6_d30_t1_w15,236,97,1781,750,934,694,43,11,45,1,9,15,111,40
20260808,r6_d30_t1_w15,237,101,1789,751,937,698,44,12,41,3,9,18,111,40
20260808,r6_d30_t1_w15,238,102,1799,754,943,702,42,13,39,6,9,17,111,40
20260808,r6_d30_t1_w15,239,104,1806,757,945,706,44,14,37,5,9,16,111,40
20260808,r6_d30_t1_w15,240,108,1816,761,947,707,38,14,40,8,12,14,131,43
20260808,r6_d30_t1_w15,241,107,1822,766,949,710,10,15,41,34,13,14,131,43
20260808,r6_d30_t1_w15,242,104,1827,773,950,712,11,19,42,28,12,14,131,43
20260808,r6_d30_t1_w15,243,88,1833,787,958,714,27,28,45,0,9,13,131,43
20260808,r6_d30_t1_w15,244,81,1839,793,965,721,25,26,46,3,9,12,131,43
20260808,r6_d30_t1_w15,245,75,1848,802,971,722,17,24,56,3,9,10,131,43
20260808,r6_d30_t1_w15,246,67,1853,809,977,727,16,25,57,2,9,8,131,43
20260808,r6_d30_t1_w15,247,65,1860,811,984,729,13,19,63,5,11,8,131,43
20260808,r6_d30_t1_w15,248,62,1865,813,990,732,15,18,63,4,12,6,131,43
20260808,r6_d30_t1_w15,249,59,1871,817,995,735,17,16,66,1,11,5,131,43
20260808,r6_d30_t1_w15,250,56,1878,818,1004,735,16,15,68,1,13,5,131,43
20260808,r6_d30_t1_w15,251,55,1885,821,1009,741,15,15,65,5,14,5,131,43
20260808,r6_d30_t1_w15,252,52,1890,823,1015,742,15,14,67,4,12,6,131,43
20260808,r6_d30_t1_w15,253,49,1897,828,1020,744,13,15,69,3,10,6,131,43
20260808,r6_d30_t1_w15,254,50,1907,830,1027,748,15,15,67,3,9,7,131,43
20260808,r6_d30_t1_w15,255,52,1912,833,1027,754,17,14,65,4,9,7,122,43
20260808,r6_d30_t1_w15,256,58,1920,835,1027,763,21,14,58,7,9,10,122,43
20260808,r6_d30_t1_w15,257,59,1926,840,1027,769,22,17,54,7,9,13,122,43
20260808,r6_d30_t1_w15,258,62,1934,844,1028,772,23,20,52,5,9,12,122,43
20260808,r6_d30_t1_w15,259,66,1944,850,1028,777,23,18,55,4,9,11,122,43
20260808,r6_d30_t1_w15,260,71,1953,853,1029,781,23,18,54,5,9,11,131,43
20260808,r6_d30_t1_w15,261,72,1961,859,1030,789,26,20,50,4,9,10,131,43
20260808,r6_d30_t1_w15,262,79,1971,862,1030,793,28,19,50,3,9,13,131,43
20260808,r6_d30_t1_w15,263,83,1977,864,1030,796,29,18,50,3,9,14,131,43
20260808,r6_d30_t1_w15,264,87,1982,865,1030,802,32,14,49,5,9,14,131,43
20260808,r6_d30_t1_w15,265,92,1990,868,1030,806,34,11,51,4,9,13,131,43
20260808,r6_d30_t1_w15,266,94,1997,873,1030,809,35,14,50,1,9,16,131,43
20260808,r6_d30_t1_w15,267,101,2006,875,1030,814,37,14,47,2,9,18,131,43
20260808,r6_d30_t1_w15,268,105,2015,876,1034,816,36,13,47,4,9,18,131,43
20260808,r6_d30_t1_w15,269,103,2021,878,1040,820,40,10,48,2,9,18,131,43
20260808,r6_d30_t1_w15,270,107,2031,883,1041,820,33,14,49,4,10,17,131,43
20260808,r6_d30_t1_w15,271,107,2038,885,1046,825,21,15,45,19,12,17,131,43
20260808,r6_d30_t1_w15,272,110,2047,890,1047,829,23,14,47,16,14,17,131,43
20260808,r6_d30_t1_w15,273,96,2054,905,1053,831,24,28,46,2,12,16,131,43
20260808,r6_d30_t1_w15,274,92,2059,906,1061,836,24,23,47,6,12,15,131,43
20260808,r6_d30_t1_w15,275,90,2065,909,1066,843,25,21,45,9,12,12,131,43
20260808,r6_d30_t1_w15,276,87,2075,917,1071,845,24,19,53,4,16,12,131,43
20260808,r6_d30_t1_w15,277,84,2083,921,1078,847,25,18,56,1,15,8,131,43
20260808,r6_d30_t1_w15,278,82,2088,922,1084,850,25,15,57,3,15,7,131,43
20260808,r6_d30_t1_w15,279,83,2095,925,1087,856,28,14,55,3,16,8,131,43
20260808,r6_d30_t1_w15,280,79,2101,929,1093,860,26,15,54,5,15,8,131,43
20260808,r6_d30_t1_w15,281,78,2108,930,1100,861,26,12,57,5,14,8,131,43
20260808,r6_d30_t1_w15,282,76,2114,931,1107,865,30,10,56,4,12,9,131,43
20260808,r6_d30_t1_w15,283,71,2119,933,1115,866,28,10,57,5,9,10,131,43
20260808,r6_d30_t1_w15,284,71,2127,937,1119,871,29,11,55,5,8,10,131,43
20260808,r6_d30_t1_w15,285,74,2133,940,1119,876,33,8,56,3,8,11,121,40
20260808,r6_d30_t1_w15,286,76,2138,942,1120,882,37,9,51,3,8,11,121,40
20260808,r6_d30_t1_w15,287,83,2147,944,1120,886,37,9,49,5,9,11,121,40
20260808,r6_d30_t1_w15,288,84,2153,949,1120,891,38,14,44,4,9,12,121,40
20260808,r6_d30_t1_w15,289,88,2159,951,1120,895,41,15,41,3,9,14,121,40
20260808,r6_d30_t1_w15,290,93,2166,953,1120,898,43,13,42,2,9,15,126,43
20260808,r6_d30_t1_w15,291,87,2171,956,1128,901,44,14,41,1,9,15,126,43
20260808,r6_d30_t1_w15,292,87,2178,957,1134,903,45,13,41,1,9,15,126,43
20260808,r6_d30_t1_w15,293,87,2187,961,1139,908,45,13,40,2,9,15,126,43
20260808,r6_d30_t1_w15,294,90,2195,963,1142,911,47,13,39,1,9,17,126,43
20260808,r6_d30_t1_w15,295,91,2203,965,1147,913,47,14,38,1,9,16,131,43
20260808,r6_d30_t1_w15,296,91,2212,967,1154,916,47,12,39,2,9,15,131,43
20260808,r6_d30_t1_w15,297,92,2220,969,1159,920,50,11,38,1,9,14,131,43
20260808,r6_d30_t1_w15,298,94,2227,970,1163,923,53,11,36,0,9,13,131,43
20260808,r6_d30_t1_w15,299,95,2237,972,1170,924,52,11,37,0,9,13,131,43
20260808,r6_d30_t1_w15,300,90,2242,976,1176,930,51,14,32,3,9,12,131,43
20260808,r6_d30_t1_w15,301,92,2250,978,1180,930,47,12,36,5,10,12,131,43
20260808,r6_d30_t1_w15,302,94,2259,982,1183,936,33,12,34,21,12,12,131,43
20260808,r6_d30_t1_w15,303,91,2264,985,1188,940,23,11,34,32,12,11,131,43
20260808,r6_d30_t1_w15,304,74,2270,1005,1191,941,22,26,38,14,9,9,131,43
20260808,r6_d30_t1_w15,305,67,2278,1015,1196,945,27,31,39,3,9,9,131,43
20260808,r6_d30_t1_w15,306,70,2288,1019,1199,946,24,28,45,3,10,9,131,43
20260808,r6_d30_t1_w15,307,70,2296,1021,1205,948,24,19,54,3,12,9,131,43
20260808,r6_d30_t1_w15,308,70,2304,1024,1210,948,22,14,62,2,12,8,131,43
20260808,r6_d30_t1_w15,309,69,2313,1029,1215,952,22,11,66,1,13,7,131,43
20260808,r6_d30_t1_w15,310,67,2318,1029,1222,954,24,6,69,1,16,5,131,43
20260808,r6_d30_t1_w15,311,67,2326,1030,1229,958,24,6,66,4,14,5,131,43
20260808,r6_d30_t1_w15,312,69,2336,1030,1237,959,24,4,67,5,13,6,131,43
20260808,r6_d30_t1_w15,313,65,2342,1035,1242,961,24,8,66,2,11,6,131,43
20260808,r6_d30_t1_w15,314,66,2351,1037,1248,964,25,7,66,2,9,7,131,43
20260808,r6_d30_t1_w15,315,75,2361,1038,1248,967,25,5,66,4,9,9,131,43
20260808,r6_d30_t1_w15,316,82,2371,1040,1249,971,28,6,63,3,9,10,131,43
20260808,r6_d30_t1_w15,317,88,2380,1043,1249,980,35,9,54,2,9,11,131,43
20260808,r6_d30_t1_w15,318,89,2385,1046,1250,988,39,12,46,3,9,11,131,43
20260808,r6_d30_t1_w15,319,91,2392,1051,1250,994,41,14,43,2,9,12,131,43
20260808,r6_d30_t1_w15,320,95,2400,1054,1251,1000,43,15,39,3,9,13,131,43
20260808,r6_d30_t1_w15,321,100,2409,1057,1252,1005,44,16,36,4,9,16,131,43
20260808,r6_d30_t1_w15,322,106,2419,1061,1252,1006,43,16,39,2,9,16,131,43
20260808,r6_d30_t1_w15,323,107,2425,1064,1254,1013,45,18,33,4,9,17,131,43
20260808,r6_d30_t1_w15,324,111,2435,1066,1258,1021,48,17,28,7,9,19,131,43
20260808,r6_d30_t1_w15,325,114,2444,1071,1259,1025,49,17,29,5,9,20,131,43
20260808,r6_d30_t1_w15,326,116,2453,1074,1263,1027,50,17,30,3,9,23,131,43
20260808,r6_d30_t1_w15,327,114,2462,1077,1271,1028,50,17,32,1,9,21,131,43
20260808,r6_d30_t1_w15,328,113,2469,1079,1277,1030,51,16,33,0,9,20,131,43
20260808,r6_d30_t1_w15,329,112,2475,1079,1284,1030,51,12,37,0,9,19,131,43
20260808,r6_d30_t1_w15,330,103,2481,1085,1293,1031,44,13,41,2,9,17,131,43
20260808,r6_d30_t1_w15,331,102,2490,1086,1302,1032,41,13,41,5,11,16,131,43
20260808,r6_d30_t1_w15,332,101,2500,1090,1309,1036,12,15,39,34,15,14,131,43
20260808,r6_d30_t1_w15,333,101,2506,1093,1312,1039,13,16,38,33,14,14,131,43
20260808,r6_d30_t1_w15,334,78,2516,1120,1318,1040,17,40,40,3,9,14,131,43
20260808,r6_d30_t1_w15,335,73,2522,1124,1325,1042,17,32,50,1,9,13,121,40
20260808,r6_d30_t1_w15,336,73,2531,1127,1331,1043,15,27,57,1,10,9,121,40
20260808,r6_d30_t1_w15,337,72,2540,1128,1340,1045,13,21,62,4,14,9,121,40
20260808,r6_d30_t1_w15,338,72,2546,1129,1345,1046,13,17,66,4,15,9,121,40
20260808,r6_d30_t1_w15,339,68,2555,1133,1354,1051,14,13,69,4,17,6,121,40
20260808,r6_d30_t1_w15,340,65,2561,1135,1361,1056,14,10,69,7,18,4,131,43
20260808,r6_d30_t1_w15,341,64,2570,1138,1368,1058,14,11,69,6,17,5,131,43
20260808,r6_d30_t1_w15,342,61,2577,1143,1373,1062,14,13,68,5,13,6,131,43
20260808,r6_d30_t1_w15,343,63,2585,1145,1377,1064,14,11,70,5,11,7,131,43
20260808,r6_d30_t1_w15,344,63,2593,1148,1382,1068,15,12,68,5,9,8,131,43
20260808,r6_d30_t1_w15,345,64,2599,1153,1382,1073,14,12,68,6,9,9,131,43
20260808,r6_d30_t1_w15,346,71,2609,1156,1382,1078,17,13,65,5,9,9,131,43
20260808,r6_d30_t1_w15,347,72,2614,1160,1382,1079,16,14,67,3,9,9,131,43
20260808,r6_d30_t1_w15,348,77,2624,1164,1383,1086,19,15,63,3,9,11,131,43
20260808,r6_d30_t1_w15,349,84,2634,1165,1385,1092,24,12,61,3,9,12,131,43
20260808,r6_d30_t1_w15,350,89,2643,1169,1385,1097,26,11,61,2,9,12,131,43
20260808,r6_d30_t1_w15,351,95,2652,1172,1385,1101,26,12,59,3,9,13,131,43
20260808,r6_d30_t1_w15,352,96,2659,1178,1385,1109,28,15,54,3,9,14,131,43
20260808,r6_d30_t1_w15,353,96,2664,1183,1385,1116,28,18,49,5,9,14,131,43
20260808,r6_d30_t1_w15,354,100,2672,1186,1386,1120,29,18,48,5,9,15,131,43
20260808,r6_d30_t1_w15,355,102,2681,1193,1386,1128,32,24,41,3,9,14,131,43
20260808,r6_d30_t1_w15,356,103,2691,1196,1392,1130,31,24,42,3,9,14,131,43
20260808,r6_d30_t1_w15,357,107,2700,1198,1395,1133,32,21,44,3,9,14,131,43
20260808,r6_d30_t1_w15,358,107,2709,1201,1401,1138,32,22,41,5,9,13,131,43
20260808,r6_d30_t1_w15,359,104,2715,1204,1407,1139,32,20,45,3,9,15,131,43
20260808,r6_d30_t1_w15,360,105,2724,1211,1408,1142,29,25,44,2,9,15,126,43
20260808,r6_d30_t1_w15,361,108,2734,1212,1414,1143,26,21,48,5,12,14,126,43
20260808,r6_d30_t1_w15,362,111,2742,1215,1416,1146,15,19,50,16,16,13,126,43
20260808,r6_d30_t1_w15,363,103,2747,1218,1426,1149,17,17,52,14,14,12,126,43
20260808,r6_d30_t1_w15,364,87,2756,1234,1435,1154,16,28,52,4,13,11,126,43
20260808,r6_d30_t1_w15,365,86,2765,1237,1442,1162,19,24,51,6,17,9,131,43
20260808,r6_d30_t1_w15,366,84,2772,1242,1446,1165,17,21,56,6,17,8,131,43
20260808,r6_d30_t1_w15,367,86,2781,1246,1449,1169,19,22,55,4,17,7,131,43
20260808,r6_d30_t1_w15,368,89,2789,1249,1451,1173,20,13,63,4,16,7,131,43
20260808,r6_d30_t1_w15,369,87,2794,1251,1456,1175,21,12,64,3,16,7,131,43
20260808,r6_d30_t1_w15,370,87,2802,1254,1461,1175,21,10,69,0,15,7,131,43
20260808,r6_d30_t1_w15,371,83,2807,1256,1468,1180,23,9,67,1,14,7,131,43
20260808,r6_d30_t1_w15,372,81,2816,1258,1477,1183,24,8,67,1,11,10,131,43
20260808,r6_d30_t1_w15,373,78,2822,1262,1482,1184,22,8,70,0,10,12,131,43
20260808,r6_d30_t1_w15,374,83,2832,1262,1487,1189,24,7,66,3,9,12,131,43
20260808,r6_d30_t1_w15,375,86,2839,1265,1488,1197,26,10,58,6,9,12,131,43
20260808,r6_d30_t1_w15,376,92,2848,1268,1488,1203,32,12,53,3,9,14,131,43
20260808,r6_d30_t1_w15,377,95,2857,1273,1489,1207,33,13,53,1,9,14,131,43
20260808,r6_d30_t1_w15,378,101,2865,1275,1489,1211,33,15,49,3,9,15,131,43
20260808,r6_d30_t1_w15,379,105,2873,1276,1492,1216,37,13,47,3,9,15,131,43
20260808,r6_d30_t1_w15,380,101,2878,1279,1498,1219,37,13,47,3,9,14,115,42
20260808,r6_d30_t1_w15,381,102,2888,1283,1503,1224,39,14,45,2,9,16,115,42
20260808,r6_d30_t1_w15,382,102,2897,1285,1510,1230,44,15,40,1,9,14,115,42
20260808,r6_d30_t1_w15,383,103,2906,1286,1517,1234,47,14,38,1,9,15,115,42
20260808,r6_d30_t1_w15,384,103,2913,1288,1522,1239,51,14,35,0,9,14,115,42
20260808,r6_d30_t1_w15,385,102,2919,1290,1527,1245,54,12,33,1,9,14,131,43
20260808,r6_d30_t1_w15,386,106,2926,1290,1530,1248,57,11,31,1,9,14,131,43
20260808,r6_d30_t1_w15,387,103,2934,1293,1538,1254,60,11,28,1,9,15,131,43
20260808,r6_d30_t1_w15,388,103,2940,1294,1543,1257,62,8,29,1,9,17,131,43
20260808,r6_d30_t1_w15,389,97,2947,1297,1553,1257,59,10,30,1,9,17,131,43
20260808,r6_d30_t1_w15,390,99,2955,1299,1557,1259,58,12,28,2,9,17,121,40
20260808,r6_d30_t1_w15,391,101,2965,1301,1563,1260,53,10,31,6,13,16,121,40
20260808,r6_d30_t1_w15,392,100,2973,1303,1570,1261,33,11,31,25,14,15,121,40
20260808,r6_d30_t1_w15,393,97,2980,1308,1575,1262,33,15,31,21,15,14,121,40
20260808,r6_d30_t1_w15,394,79,2990,1328,1583,1263,33,29,36,2,12,11,121,40
20260808,r6_d30_t1_w15,395,83,2999,1331,1585,1267,34,20,44,2,12,10,131,43
20260808,r6_d30_t1_w15,396,84,3008,1332,1592,1267,34,12,53,1,16,10,131,43
20260808,r6_d30_t1_w15,397,83,3017,1334,1600,1273,38,12,49,1,17,9,131,43
20260808,r6_d30_t1_w15,398,80,3024,1335,1609,1275,38,10,50,2,16,9,131,43
20260808,r6_d30_t1_w15,399,77,3029,1336,1616,1279,39,6,51,4,16,7,131,43
20260808,r6_d30_t1_w15,400,77,3034,1338,1619,1282,39,7,49,5,15,9,131,43
20260808,r6_d30_t1_w15,401,73,3042,1343,1626,1284,36,9,50,5,12,9,131,43
20260808,r6_d30_t1_w15,402,73,3049,1345,1631,1285,36,8,52,4,12,10,131,43
20260808,r6_d30_t1_w15,403,73,3057,1349,1635,1287,34,9,53,4,10,11,131,43
20260808,r6_d30_t1_w15,404,75,3066,1352,1639,1288,33,10,54,3,9,11,131,43
20260808,r6_d30_t1_w15,405,78,3073,1355,1640,1294,39,10,51,0,9,11,131,43
20260808,r6_d30_t1_w15,406,87,3082,1355,1640,1298,41,8,49,2,9,12,131,43
20260808,r6_d30_t1_w15,407,92,3092,1359,1641,1305,43,10,44,3,9,13,131,43
20260808,r6_d30_t1_w15,408,98,3102,1361,1643,1306,44,9,46,1,9,14,131,43
20260808,r6_d30_t1_w15,409,103,3110,1364,1643,1309,45,10,45,0,9,14,131,43
20260808,r6_d30_t1_w15,410,106,3117,1365,1646,1311,45,11,43,1,9,15,131,43
20260808,r6_d30_t1_w15,411,105,3127,1368,1654,1315,45,12,41,2,9,15,131,43
20260808,r6_d30_t1_w15,412,101,3134,1371,1662,1321,46,12,38,4,9,14,131,43
20260808,r6_d30_t1_w15,413,103,3143,1373,1667,1326,49,13,34,4,9,14,131,43
20260808,r6_d30_t1_w15,414,103,3152,1379,1670,1329,48,17,33,2,9,14,131,43
20260808,r6_d30_t1_w15,415,102,3158,1384,1672,1334,48,19,31,2,9,12,131,43
20260808,r6_d30_t1_w15,416,104,3165,1386,1675,1338,50,20,28,2,9,13,131,43
20260808,r6_d30_t1_w15,417,107,3175,1388,1680,1339,50,20,29,1,9,14,131,43
20260808,r6_d30_t1_w15,418,107,3183,1390,1686,1341,50,16,33,1,9,14,131,43
20260808,r6_d30_t1_w15,419,107,3189,1390,1692,1343,51,11,36,2,9,14,131,43
20260808,r6_d30_t1_w15,420,105,3194,1394,1695,1345,48,10,39,3,9,14,131,43
20260808,r6_d30_t1_w15,421,103,3202,1397,1702,1347,44,11,39,6,12,14,131,43
20260808,r6_d30_t1_w15,422,104,3210,1400,1706,1348,14,14,38,34,13,14,131,43
20260808,r6_d30_t1_w15,423,100,3218,1404,1714,1350,14,14,40,32,14,14,131,43
20260808,r6_d30_t1_w15,424,72,3226,1432,1722,1351,17,36,45,2,9,11,131,43
20260808,r6_d30_t1_w15,425,70,3234,1437,1727,1354,16,31,52,1,10,10,131,43
20260808,r6_d30_t1_w15,426,67,3241,1439,1735,1356,14,23,60,3,11,10,131,43
20260808,r6_d30_t1_w15,427,68,3248,1440,1740,1358,15,17,65,3,12,10,131,43
20260808,r6_d30_t1_w15,428,62,3253,1443,1748,1363,18,15,65,2,13,9,131,43
20260808,r6_d30_t1_w15,429,60,3260,1446,1754,1367,19,15,64,2,12,6,131,43
20260808,r6_d30_t1_w15,430,64,3269,1447,1758,1368,18,10,69,3,14,7,131,43
20260808,r6_d30_t1_w15,431,63,3276,1449,1764,1370,17,10,69,4,14,9,131,43
20260808,r6_d30_t1_w15,432,57,3283,1452,1774,1374,19,9,69,3,10,11,131,43
20260808,r6_d30_t1_w15,433,57,3292,1456,1779,1380,20,13,63,4,10,10,131,43
20260808,r6_d30_t1_w15,434,59,3302,1458,1785,1387,21,10,61,8,9,10,131,43
20260808,r6_d30_t1_w15,435,66,3311,1459,1786,1392,27,9,58,6,9,10,131,43
20260808,r6_d30_t1_w15,436,69,3319,1464,1786,1397,30,11,56,3,9,10,131,43
20260808,r6_d30_t1_w15,437,72,3324,1466,1786,1403,31,10,53,6,9,12,131,43
20260808,r6_d30_t1_w15,438,76,3330,1468,1786,1407,33,12,49,6,8,12,131,43
20260808,r6_d30_t1_w15,439,73,3336,1477,1786,1413,33,20,44,3,8,13,131,43
20260808,r6_d30_t1_w15,440,75,3341,1480,1786,1414,33,20,46,1,8,14,131,43
20260808,r6_d30_t1_w15,441,80,3348,1482,1786,1420,35,17,45,3,8,14,131,43
20260808,r6_d30_t1_w15,442,83,3353,1483,1787,1421,32,14,48,6,9,14,131,43
20260808,r6_d30_t1_w15,443,84,3358,1486,1788,1423,34,15,48,3,9,13,131,43
20260808,r6_d30_t1_w15,444,86,3363,1489,1788,1428,39,15,46,0,9,12,131,43
20260808,r6_d30_t1_w15,445,93,3373,1489,1791,1431,41,9,49,1,9,14,121,40
20260808,r6_d30_t1_w15,446,98,3383,1490,1795,1435,41,8,47,4,9,13,121,40
20260808,r6_d30_t1_w15,447,100,3393,1492,1801,1439,43,9,44,4,9,14,121,40
20260808,r6_d30_t1_w15,448,96,3398,1495,1807,1443,43,10,42,5,9,13,121,40
20260808,r6_d30_t1_w15,449,94,3405,1497,1814,1447,44,11,39,6,9,12,121,40
20260808,r6_d30_t1_w15,450,95,3414,1501,1818,1451,42,13,37,8,11,12,131,43
20260808,r6_d30_t1_w15,451,95,3419,1505,1819,1453,31,15,37,17,12,12,131,43
20260808,r6_d30_t1_w15,452,95,3428,1512,1821,1456,28,20,36,16,15,12,131,43
20260808,r6_d30_t1_w15,453,84,3433,1523,1826,1457,29,24,42,5,11,10,131,43
20260808,r6_d30_t1_w15,454,83,3441,1529,1829,1461,27,23,45,5,13,10,131,43
20260808,r6_d30_t1_w15,455,84,3446,1529,1833,1463,28,19,47,6,14,9,131,43
20260808,r6_d30_t1_w15,456,80,3452,1535,1837,1468,28,17,50,5,16,8,131,43
20260808,r6_d30_t1_w15,457,84,3462,1536,1842,1470,29,15,51,5,17,7,131,43
20260808,r6_d30_t1_w15,458,83,3468,1540,1845,1473,28,7,60,5,17,7,131,43
20260808,r6_d30_t1_w15,459,85,3478,1543,1850,1481,32,9,53,6,17,7,131,43
20260808,r6_d30_t1_w15,460,77,3484,1547,1860,1481,32,12,54,2,16,8,131,43
20260808,r6_d30_t1_w15,461,73,3489,1549,1867,1482,32,10,57,1,14,9,131,43
20260808,r6_d30_t1_w15,462,69,3496,1552,1875,1486,31,9,57,3,12,9,131,43
20260808,r6_d30_t1_w15,463,70,3505,1557,1878,1490,26,10,57,7,9,10,131,43
20260808,r6_d30_t1_w15,464,70,3515,1562,1883,1491,24,15,56,5,9,12,131,43
20260808,r6_d30_t1_w15,465,77,3525,1564,1884,1496,30,16,52,2,9,14,131,43
20260808,r6_d30_t1_w15,466,84,3535,1567,1884,1502,31,16,49,4,9,16,131,43
20260808,r6_d30_t1_w15,467,87,3542,1570,1885,1503,31,18,49,2,9,15,131,43
20260808,r6_d30_t1_w15,468,90,3547,1572,1885,1510,37,16,46,1,9,15,131,43
20260808,r6_d30_t1_w15,469,99,3557,1573,1885,1515,41,14,44,1,9,15,131,43
20260808,r6_d30_t1_w15,470,99,3563,1577,1887,1518,41,15,44,0,9,16,131,43
20260808,r6_d30_t1_w15,471,96,3568,1579,1893,1521,42,14,44,0,9,15,131,43
20260808,r6_d30_t1_w15,472,92,3574,1581,1901,1528,46,14,39,1,9,15,131,43
20260808,r6_d30_t1_w15,473,92,3580,1582,1906,1531,48,14,37,1,9,14,131,43
20260808,r6_d30_t1_w15,474,92,3589,1583,1914,1532,48,10,41,1,9,14,131,43
20260808,r6_d30_t1_w15,475,96,3599,1583,1920,1540,53,8,35,4,9,13,131,43
20260808,r6_d30_t1_w15,476,98,3606,1584,1924,1540,53,6,38,3,9,13,131,43
20260808,r6_d30_t1_w15,477,99,3611,1587,1925,1542,55,6,39,0,9,14,131,43
20260808,r6_d30_t1_w15,478,101,3620,1589,1930,1547,56,8,34,2,9,13,131,43
20260808,r6_d30_t1_w15,479,98,3625,1589,1938,1548,57,8,33,2,9,14,131,43
20260808,r6_d30_t1_w15,480,92,3630,1596,1942,1550,52,13,33,2,9,13,131,43
20260808,r6_d30_t1_w15,481,91,3638,1596,1951,1550,49,12,34,5,11,13,131,43
20260808,r6_d30_t1_w15,482,90,3647,1602,1955,1556,37,16,30,17,13,13,131,43
20260808,r6_d30_t1_w15,483,92,3657,1606,1959,1558,36,19,29,16,15,12,131,43
20260808,r6_d30_t1_w15,484,78,3667,1621,1968,1561,36,28,32,4,14,9,131,43
20260808,r6_d30_t1_w15,485,77,3673,1623,1973,1563,38,20,40,2,14,8,131,43
20260808,r6_d30_t1_w15,486,76,3680,1627,1977,1567,38,18,42,2,14,7,131,43
20260808,r6_d30_t1_w15,487,81,3689,1627,1981,1568,38,15,44,3,16,7,131,43
20260808,r6_d30_t1_w15,488,84,3698,1630,1984,1573,41,15,42,2,17,7,131,43
20260808,r6_d30_t1_w15,489,82,3706,1632,1992,1576,42,9,47,2,16,8,131,43
20260808,r6_d30_t1_w15,490,81,3716,1633,2002,1577,43,8,48,1,15,10,126,43
20260808,r6_d30_t1_w15,491,80,3721,1634,2007,1577,43,6,51,0,13,10,126,43
20260808,r6_d30_t1_w15,492,83,3730,1635,2012,1579,44,6,50,0,12,10,126,43
20260808,r6_d30_t1_w15,493,84,3739,1635,2020,1582,47,4,49,0,10,10,126,43
20260808,r6_d30_t1_w15,494,84,3744,1635,2025,1587,50,4,44,2,9,11,126,43
20260808,r6_d30_t1_w15,495,91,3752,1636,2025,1591,52,3,42,3,9,12,131,43
20260808,r6_d30_t1_w15,496,97,3761,1639,2025,1595,55,6,38,1,9,12,131,43
20260808,r6_d30_t1_w15,497,105,3771,1641,2025,1597,55,7,37,1,9,12,131,43
20260808,r6_d30_t1_w15,498,114,3781,1642,2025,1599,56,7,36,1,9,14,131,43
20260808,r6_d30_t1_w15,499,117,3790,1645,2028,1603,57,9,33,1,9,14,131,43
20260808,r6_d30_t1_w15,500,119,3799,1646,2034,1607,60,8,31,1,9,15,131,43
20260808,r6_d30_t1_w15,501,119,3806,1649,2038,1612,62,11,26,1,9,16,131,43
20260808,r6_d30_t1_w15,502,118,3816,1651,2047,1613,61,9,29,1,9,16,131,43
20260808,r6_d30_t1_w15,503,116,3824,1654,2054,1617,62,12,25,1,9,16,131,43
20260808,r6_d30_t1_w15,504,118,3834,1655,2061,1622,64,13,20,3,9,16,131,43
20260808,r6_d30_t1_w15,505,112,3839,1657,2070,1624,63,12,21,4,9,16,131,43
20260808,r6_d30_t1_w15,506,116,3848,1660,2072,1625,61,15,20,4,9,17,131,43
20260808,r6_d30_t1_w15,507,113,3853,1663,2077,1627,61,13,23,3,9,18,131,43
20260808,r6_d30_t1_w15,508,109,3860,1667,2084,1629,61,12,26,1,9,18,131,43
20260808,r6_d30_t1_w15,509,108,3865,1670,2087,1631,61,13,26,0,9,17,131,43
20260808,r6_d30_t1_w15,510,109,3873,1670,2094,1633,60,8,29,3,10,16,131,43
20260808,r6_d30_t1_w15,511,106,3879,1670,2103,1636,47,8,26,19,13,15,131,43
20260808,r6_d30_t1_w15,512,106,3889,1674,2109,1637,23,10,27,40,16,14,131,43
20260808,r6_d30_t1_w15,513,92,3897,1690,2115,1638,22,22,30,26,11,13,131,43
20260808,r6_d30_t1_w15,514,72,3902,1706,2124,1638,30,31,37,2,9,13,131,43
20260808,r6_d30_t1_w15,515,65,3907,1709,2133,1639,29,26,44,1,9,13,131,43
20260808,r6_d30_t1_w15,516,63,3912,1711,2138,1640,28,16,55,1,9,13,131,43
20260808,r6_d30_t1_w15,517,57,3919,1717,2145,1640,23,17,60,0,9,11,131,43
20260808,r6_d30_t1_w15,518,58,3929,1718,2153,1643,22,13,62,3,10,10,131,43
20260808,r6_d30_t1_w15,519,56,3936,1718,2162,1645,20,7,66,7,10,6,131,43
20260808,r6_d30_t1_w15,520,56,3945,1722,2167,1647,19,9,66,6,10,5,101,38
20260808,r6_d30_t1_w15,521,53,3955,1727,2175,1652,19,9,66,6,9,5,101,38
20260808,r6_d30_t1_w15,522,53,3961,1729,2179,1655,19,8,66,7,9,5,101,38
20260808,r6_d30_t1_w15,523,48,3966,1736,2182,1658,19,12,66,3,7,4,101,38
20260808,r6_d30_t1_w15,524,50,3976,1740,2186,1659,18,14,67,1,8,6,101,38
20260808,r6_d30_t1_w15,525,58,3986,1741,2187,1663,20,12,66,2,9,6,126,43
20260808,r6_d30_t1_w15,526,59,3991,1744,2188,1667,21,15,62,2,9,8,126,43
20260808,r6_d30_t1_w15,527,67,4001,1746,2188,1671,22,12,63,3,9,8,126,43
20260808,r6_d30_t1_w15,528,71,4009,1748,2190,1674,22,10,64,4,9,10,126,43
20260808,r6_d30_t1_w15,529,77,4018,1750,2191,1679,25,10,61,4,9,11,126,43
20260808,r6_d30_t1_w15,530,81,4027,1754,2192,1683,24,13,58,5,9,12,131,43
20260808,r6_d30_t1_w15,531,84,4036,1759,2193,1687,25,15,57,3,9,13,131,43
20260808,r6_d30_t1_w15,532,84,4043,1765,2194,1695,27,19,51,3,9,13,131,43
20260808,r6_d30_t1_w15,533,89,4053,1768,2196,1700,28,18,50,4,9,14,131,43
20260808,r6_d30_t1_w15,534,88,4058,1773,2197,1711,32,19,43,6,9,15,131,43
20260808,r6_d30_t1_w15,535,92,4065,1776,2197,1714,31,19,43,7,9,16,131,43
20260808,r6_d30_t1_w15,536,92,4071,1782,2197,1718,32,22,42,4,9,16,131,43
20260808,r6_d30_t1_w15,537,99,4080,1784,2197,1724,36,22,38,4,9,17,131,43
20260808,r6_d30_t1_w15,538,99,4085,1788,2198,1727,35,22,39,4,9,17,131,43
20260808,r6_d30_t1_w15,539,96,4090,1791,2203,1729,35,19,43,3,9,18,131,43
20260808,r6_d30_t1_w15,540,93,4098,1796,2209,1732,32,19,45,4,10,17,131,43
20260808,r6_d30_t1_w15,541,95,4104,1797,2212,1735,27,18,44,11,12,16,131,43
20260808,r6_d30_t1_w15,542,90,4109,1801,2218,1738,26,16,47,11,12,13,131,43
20260808,r6_d30_t1_w15,543,86,4119,1810,2223,1741,27,19,50,4,13,10,131,43
20260808,r6_d30_t1_w15,544,86,4128,1814,2228,1743,27,20,51,2,14,10,131,43
20260808,r6_d30_t1_w15,545,87,4135,1815,2233,1744,27,14,57,2,16,9,131,43
20260808,r6_d30_t1_w15,546,88,4144,1816,2240,1745,27,13,58,2,16,8,131,43
20260808,r6_d30_t1_w15,547,84,4149,1818,2247,1747,27,10,61,2,17,7,131,43
20260808,r6_d30_t1_w15,548,85,4158,1819,2254,1751,29,8,60,3,16,6,131,43
20260808,r6_d30_t1_w15,549,86,4166,1823,2257,1755,29,12,56,3,16,7,131,43
20260808,r6_d30_t1_w15,550,86,4175,1828,2261,1760,29,14,54,3,15,8,126,43
20260808,r6_d30_t1_w15,551,84,4182,1832,2266,1766,28,13,53,6,13,9,126,43
20260808,r6_d30_t1_w15,552,80,4189,1838,2271,1774,30,19,45,6,12,9,126,43
20260808,r6_d30_t1_w15,553,79,4196,1843,2274,1777,31,21,45,3,10,10,126,43
20260808,r6_d30_t1_w15,554,77,4201,1847,2277,1781,32,21,45,2,9,10,126,43
20260808,r6_d30_t1_w15,555,81,4208,1850,2277,1786,33,24,40,3,9,10,131,43
20260808,r6_d30_t1_w15,556,85,4214,1852,2277,1788,34,21,43,2,9,10,131,43
20260808,r6_d30_t1_w15,557,88,4223,1857,2278,1790,33,20,47,0,9,12,131,43
20260808,r6_d30_t1_w15,558,90,4229,1858,2281,1793,32,19,46,3,9,13,131,43
20260808,r6_d30_t1_w15,559,90,4234,1858,2286,1799,36,13,46,5,9,13,131,43
20260808,r6_d30_t1_w15,560,91,4244,1864,2289,1802,36,17,45,2,9,12,131,43
20260808,r6_d30_t1_w15,561,86,4249,1866,2297,1805,38,18,43,1,9,11,131,43
20260808,r6_d30_t1_w15,562,91,4259,1868,2300,1809,40,17,42,1,9,12,131,43
20260808,r6_d30_t1_w15,563,93,4268,1870,2305,1811,41,15,44,0,9,12,131,43
20260808,r6_d30_t1_w15,564,94,4278,1871,2313,1815,44,12,44,0,9,13,131,43
20260808,r6_d30_t1_w15,565,93,4285,1872,2320,1818,46,8,46,0,9,12,131,43
20260808,r6_d30_t1_w15,566,92,4290,1873,2325,1824,50,7,42,1,9,12,131,43
20260808,r6_d30_t1_w15,567,94,4299,1874,2331,1825,50,5,44,1,9,13,131,43
20260808,r6_d30_t1_w15,568,93,4304,1876,2335,1827,50,6,43,1,9,13,131,43
20260808,r6_d30_t1_w15,569,95,4311,1877,2339,1830,51,6,41,2,9,14,131,43
20260808,r6_d30_t1_w15,570,93,4317,1883,2341,1832,48,11,40,1,9,14,121,43
20260808,r6_d30_t1_w15,571,94,4326,1886,2346,1834,47,11,41,1,10,13,121,43
20260808,r6_d30_t1_w15,572,93,4333,1887,2353,1835,34,10,42,14,11,12,121,43
20260808,r6_d30_t1_w15,573,91,4339,1890,2358,1840,31,12,38,19,13,11,121,43
20260808,r6_d30_t1_w15,574,80,4346,1904,2362,1845,32,25,34,9,11,11,121,43
20260808,r6_d30_t1_w15,575,72,4354,1914,2368,1851,33,30,33,4,10,10,131,43
20260808,r6_d30_t1_w15,576,72,4363,1920,2371,1853,30,32,35,3,12,9,131,43
20260808,r6_d30_t1_w15,577,71,4368,1921,2376,1853,30,30,38,2,13,8,131,43
20260808,r6_d30_t1_w15,578,71,4378,1924,2383,1857,30,26,41,3,14,7,131,43
20260808,r6_d30_t1_w15,579,69,4387,1925,2393,1857,29,21,47,3,15,6,131,43
20260808,r6_d30_t1_w15,580,67,4394,1929,2398,1864,30,21,44,5,13,5,131,43
20260808,r6_d30_t1_w15,581,67,4399,1931,2401,1869,31,16,46,7,15,7,131,43
20260808,r6_d30_t1_w15,582,63,4406,1937,2406,1869,30,20,48,2,13,6,131,43
20260808,r6_d30_t1_w15,583,63,4414,1940,2411,1872,30,17,51,2,11,7,131,43
20260808,r6_d30_t1_w15,584,63,4423,1942,2418,1875,30,15,52,3,9,8,131,43
20260808,r6_d30_t1_w15,585,65,4428,1945,2418,1879,32,14,52,2,9,8,131,43
20260808,r6_d30_t1_w15,586,67,4434,1948,2419,1882,33,13,53,1,9,8,131,43
20260808,r6_d30_t1_w15,587,75,4443,1949,2419,1882,33,12,55,0,9,11,131,43
20260808,r6_d30_t1_w15,588,79,4449,1951,2419,1884,33,12,55,0,9,12,131,43
20260808,r6_d30_t1_w15,589,82,4454,1953,2419,1888,33,12,53,2,9,12,131,43
20260808,r6_d30_t1_w15,590,86,4460,1955,2419,1892,34,13,50,3,9,13,131,43
20260808,r6_d30_t1_w15,591,89,4466,1957,2420,1894,36,10,53,1,9,14,131,43
20260808,r6_d30_t1_w15,592,94,4473,1958,2421,1895,36,8,55,1,9,14,131,43
20260808,r6_d30_t1_w15,593,93,4480,1958,2429,1900,39,6,52,3,9,15,131,43
20260808,r6_d30_t1_w15,594,92,4488,1960,2436,1908,42,6,46,6,9,13,131,43
20260808,r6_d30_t1_w15,595,92,4498,1965,2441,1916,44,10,39,7,9,13,131,43
20260808,r6_d30_t1_w15,596,95,4506,1969,2442,1917,44,12,40,4,9,13,131,43
20260808,r6_d30_t1_w15,597,97,4514,1972,2445,1921,47,14,37,2,9,14,131,43
20260808,r6_d30_t1_w15,598,101,4521,1973,2447,1925,50,13,35,2,9,15,131,43
20260808,r6_d30_t1_w15,599,102,4531,1974,2455,1927,52,10,37,1,9,15,131,43
20260808,r6_d30_t1_w15,600,106,4541,1976,2459,1931,52,7,38,3,11,15,121,40
20260808,r6_d30_t1_w25,1,5,7,2,0,0,98,2,0,0,0,1,131,43
20260808,r6_d30_t1_w25,2,11,13,2,0,0,93,2,0,5,3,3,131,43
20260808,r6_d30_t1_w25,3,17,19,2,0,0,74,2,0,24,4,4,131,43
20260808,r6_d30_t1_w25,4,17,24,7,0,0,73,6,1,20,4,5,131,43
20260808,r6_d30_t1_w25,5,3,29,26,0,0,73,23,3,1,0,1,131,43
20260808,r6_d30_t1_w25,6,8,35,27,0,0,73,11,16,0,2,2,131,43
20260808,r6_d30_t1_w25,7,14,41,27,0,0,73,7,20,0,4,4,131,43
20260808,r6_d30_t1_w25,8,23,50,27,0,0,73,4,23,0,7,5,131,43
20260808,r6_d30_t1_w25,9,32,59,27,0,0,73,3,24,0,7,6,131,43
20260808,r6_d30_t1_w25,10,38,66,28,0,0,71,3,25,1,8,7,131,43
20260808,r6_d30_t1_w25,11,47,75,28,0,0,71,2,26,1,8,7,131,43
20260808,r6_d30_t1_w25,12,51,81,30,0,0,70,4,26,0,8,8,131,43
20260808,r6_d30_t1_w25,13,61,91,30,0,1,71,3,26,0,9,8,131,43
20260808,r6_d30_t1_w25,14,65,96,31,0,1,69,3,27,1,9,9,131,43
20260808,r6_d30_t1_w25,15,74,106,32,0,4,71,4,24,1,9,9,131,43
20260808,r6_d30_t1_w25,16,79,113,34,0,4,70,5,25,0,9,10,131,43
20260808,r6_d30_t1_w25,17,86,121,35,0,4,69,5,26,0,9,11,131,43
20260808,r6_d30_t1_w25,18,91,127,36,0,6,70,6,24,0,9,12,131,43
20260808,r6_d30_t1_w25,19,97,134,37,0,10,69,5,22,4,9,13,131,43
20260808,r6_d30_t1_w25,20,102,141,39,0,13,70,5,21,4,9,14,121,40
20260808,r6_d30_t1_w25,21,103,146,43,0,13,70,8,22,0,9,15,121,40
20260808,r6_d30_t1_w25,22,109,153,44,0,14,70,7,23,0,9,15,121,40
20260808,r6_d30_t1_w25,23,113,160,47,0,17,68,10,20,2,9,16,121,40
20260808,r6_d30_t1_w25,24,119,168,49,0,21,69,12,16,3,9,17,121,40
20260808,r6_d30_t1_w25,25,125,177,52,0,25,69,14,13,4,9,18,126,43
20260808,r6_d30_t1_w25,26,128,182,54,0,26,69,11,17,3,9,18,126,43
20260808,r6_d30_t1_w25,27,133,190,57,0,26,69,13,18,0,9,20,126,43
20260808,r6_d30_t1_w25,28,139,197,57,1,27,69,10,20,1,9,22,126,43
20260808,r6_d30_t1_w25,29,144,203,58,1,28,68,10,20,2,9,22,126,43
20260808,r6_d30_t1_w25,30,148,212,63,1,28,63,12,23,2,10,22,131,43
20260808,r6_d30_t1_w25,31,153,219,65,1,29,49,11,25,15,12,22,131,43
20260808,r6_d30_t1_w25,32,156,224,67,1,31,36,12,24,28,13,22,131,43
20260808,r6_d30_t1_w25,33,142,233,83,8,32,35,25,26,14,10,21,131,43
20260808,r6_d30_t1_w25,34,128,240,98,14,32,34,34,32,0,9,20,131,43
20260808,r6_d30_t1_w25,35,129,249,101,19,35,34,31,35,0,10,18,131,43
20260808,r6_d30_t1_w25,36,127,257,102,28,36,34,23,43,0,13,17,131,43
20260808,r6_d30_t1_w25,37,125,263,105,33,40,33,17,48,2,15,16,131,43
20260808,r6_d30_t1_w25,38,124,270,105,41,40,33,15,50,2,15,16,131,43
20260808,r6_d30_t1_w25,39,126,278,108,44,40,32,10,58,0,17,16,131,43
20260808,r6_d30_t1_w25,40,124,286,109,53,40,31,7,62,0,17,15,131,43
20260808,r6_d30_t1_w25,41,125,294,111,58,43,29,8,60,3,18,13,131,43
20260808,r6_d30_t1_w25,42,126,301,111,64,44,29,6,61,4,18,12,131,43
20260808,r6_d30_t1_w25,43,123,308,116,69,47,28,9,60,3,18,11,131,43
20260808,r6_d30_t1_w25,44,125,318,119,74,51,28,11,57,4,18,11,131,43
20260808,r6_d30_t1_w25,45,124,327,123,80,55,29,15,53,3,18,10,131,43
20260808,r6_d30_t1_w25,46,122,332,126,84,58,28,15,53,4,18,11,131,43
20260808,r6_d30_t1_w25,47,121,338,128,89,66,31,14,48,7,18,11,131,43
20260808,r6_d30_t1_w25,48,122,347,134,91,71,32,13,50,5,18,12,131,43
20260808,r6_d30_t1_w25,49,116,354,140,98,74,30,19,47,4,17,11,131,43
20260808,r6_d30_t1_w25,50,111,361,144,106,79,32,17,48,3,15,10,126,43
20260808,r6_d30_t1_w25,51,113,370,149,108,82,32,17,50,1,15,11,126,43
20260808,r6_d30_t1_w25,52,110,376,150,116,86,32,14,50,4,12,11,126,43
20260808,r6_d30_t1_w25,53,109,384,152,123,91,35,12,49,4,9,12,126,43
20260808,r6_d30_t1_w25,54,111,393,156,126,96,38,10,50,2,9,13,126,43
20260808,r6_d30_t1_w25,55,120,403,157,126,99,40,9,49,2,9,15,131,43
20260808,r6_d30_t1_w25,56,126,413,161,126,103,41,11,47,1,9,16,131,43
20260808,r6_d30_t1_w25,57,126,418,165,127,107,41,11,47,1,9,17,131,43
20260808,r6_d30_t1_w25,58,132,424,165,127,109,42,11,45,2,9,17,131,43
20260808,r6_d30_t1_w25,59,141,434,166,127,111,39,12,43,6,9,18,131,43
20260808,r6_d30_t1_w25,60,143,440,170,127,114,38,14,42,6,10,17,131,43
20260808,r6_d30_t1_w25,61,141,446,177,128,119,27,16,42,15,11,17,131,43
20260808,r6_d30_t1_w25,62,145,452,179,128,122,8,11,46,35,14,17,131,43
20260808,r6_d30_t1_w25,63,138,459,193,128,124,10,23,46,21,10,17,131,43
20260808,r6_d30_t1_w25,64,133,468,206,129,128,22,29,49,0,9,17,131,43
20260808,r6_d30_t1_w25,65,129,477,215,133,133,17,31,51,1,9,16,131,43
20260808,r6_d30_t1_w25,66,126,482,218,138,136,17,30,52,1,9,16,131,43
20260808,r6_d30_t1_w25,67,128,490,219,143,139,17,22,58,3,12,15,131,43
20260808,r6_d30_t1_w25,68,133,500,221,146,140,12,18,63,7,15,14,131,43
20260808,r6_d30_t1_w25,69,133,510,226,151,144,12,15,67,6,16,14,131,43
20260808,r6_d30_t1_w25,70,130,520,230,160,146,12,13,71,4,17,13,131,43
20260808,r6_d30_t1_w25,71,125,525,235,165,152,12,15,68,5,15,13,131,43
20260808,r6_d30_t1_w25,72,126,534,239,169,156,12,14,69,5,17,11,131,43
20260808,r6_d30_t1_w25,73,126,542,242,174,158,13,14,70,3,18,10,131,43
20260808,r6_d30_t1_w25,74,121,547,247,179,163,14,17,67,2,18,10,131,43
20260808,r6_d30_t1_w25,75,120,554,251,183,167,14,21,63,2,18,11,131,43
20260808,r6_d30_t1_w25,76,121,564,253,190,170,15,17,66,2,17,13,131,43
20260808,r6_d30_t1_w25,77,121,573,258,194,174,14,18,66,2,16,13,131,43
20260808,r6_d30_t1_w25,78,119,579,260,200,181,17,15,64,4,15,14,131,43
20260808,r6_d30_t1_w25,79,119,588,262,207,183,18,15,64,3,15,15,131,43
20260808,r6_d30_t1_w25,80,117,596,266,213,188,19,18,60,3,15,17,131,43
20260808,r6_d30_t1_w25,81,112,602,269,221,195,21,17,57,5,14,19,131,43
20260808,r6_d30_t1_w25,82,112,609,276,221,204,21,16,56,7,13,19,131,43
20260808,r6_d30_t1_w25,83,117,618,278,223,208,22,11,59,8,12,20,131,43
20260808,r6_d30_t1_w25,84,112,626,285,229,212,22,14,59,5,9,20,131,43
20260808,r6_d30_t1_w25,85,109,631,291,231,219,24,13,59,4,9,23,131,43
20260808,r6_d30_t1_w25,86,114,638,293,231,225,27,15,53,5,9,23,131,43
20260808,r6_d30_t1_w25,87,121,648,295,232,227,27,13,55,5,9,23,131,43
20260808,r6_d30_t1_w25,88,124,655,299,232,231,30,15,53,2,9,25,131,43
20260808,r6_d30_t1_w25,89,129,663,302,232,234,30,16,52,2,9,25,131,43
20260808,r6_d30_t1_w25,90,130,668,306,232,238,30,14,54,2,9,25,131,43
20260808,r6_d30_t1_w25,91,136,677,309,232,242,27,16,51,6,12,25,131,43
20260808,r6_d30_t1_w25,92,145,686,309,232,245,18,15,49,18,14,25,131,43
20260808,r6_d30_t1_w25,93,147,696,317,232,248,18,20,49,13,15,24,131,43
20260808,r6_d30_t1_w25,94,140,701,329,232,249,18,24,56,2,13,24,131,43
20260808,r6_d30_t1_w25,95,146,710,332,232,257,20,23,52,5,17,24,131,43
20260808,r6_d30_t1_w25,96,152,719,334,233,260,21,18,56,5,17,23,131,43
20260808,r6_d30_t1_w25,97,152,728,338,238,264,23,17,57,3,18,21,131,43
20260808,r6_d30_t1_w25,98,149,734,342,243,268,22,18,56,4,18,20,131,43
20260808,r6_d30_t1_w25,99,147,740,347,246,273,24,16,58,2,18,20,131,43
20260808,r6_d30_t1_w25,100,150,750,349,251,277,28,13,59,0,18,17,121,40
20260808,r6_d30_t1_w25,101,152,760,349,259,278,29,9,62,0,18,15,121,40
20260808,r6_d30_t1_w25,102,154,767,349,264,281,29,8,60,3,18,15,121,40
20260808,r6_d30_t1_w25,103,157,777,351,269,287,30,7,57,6,18,14,121,40
20260808,r6_d30_t1_w25,104,156,784,356,272,288,29,10,58,3,18,14,121,40
20260808,r6_d30_t1_w25,105,155,793,359,279,293,29,10,56,5,18,15,131,43
20260808,r6_d30_t1_w25,106,156,803,363,284,300,27,13,50,10,18,15,131,43
20260808,r6_d30_t1_w25,107,159,813,368,286,302,27,15,51,7,18,15,131,43
20260808,r6_d30_t1_w25,108,155,822,376,291,305,25,20,51,4,18,15,131,43
20260808,r6_d30_t1_w25,109,153,830,379,298,313,27,18,48,7,16,17,131,43
20260808,r6_d30_t1_w25,110,155,838,382,301,317,27,15,50,8,16,18,131,43
20260808,r6_d30_t1_w25,111,154,846,390,302,323,24,15,52,9,15,19,131,43
20260808,r6_d30_t1_w25,112,147,854,395,312,326,23,13,56,8,11,19,131,43
20260808,r6_d30_t1_w25,113,146,860,402,312,329,22,18,55,5,10,18,131,43
20260808,r6_d30_t1_w25,114,147,869,404,318,333,24,16,55,5,9,19,131,43
20260808,r6_d30_t1_w25,115,152,877,407,318,338,29,14,55,2,9,20,131,43
20260808,r6_d30_t1_w25,116,158,886,410,318,338,28,16,56,0,9,20,131,43
20260808,r6_d30_t1_w25,117,165,895,411,319,340,29,13,58,0,9,20,131,43
20260808,r6_d30_t1_w25,118,171,903,413,319,345,32,12,56,0,9,21,131,43
20260808,r6_d30_t1_w25,119,177,913,417,319,351,33,13,53,1,9,22,131,43
20260808,r6_d30_t1_w25,120,182,921,419,320,356,34,10,53,3,10,22,131,43
20260808,r6_d30_t1_w25,121,180,931,424,327,359,19,12,53,16,13,22,131,43
20260808,r6_d30_t1_w25,122,173,936,428,335,364,14,14,50,22,14,19,131,43
20260808,r6_d30_t1_w25,123,159,941,443,339,366,15,28,49,8,12,18,131,43
20260808,r6_d30_t1_w25,124,152,947,451,344,371,20,30,50,0,9,18,131,43
20260808,r6_d30_t1_w25,125,147,952,452,353,373,20,22,57,1,10,17,121,40
20260808,r6_d30_t1_w25,126,145,960,453,362,377,21,18,58,3,13,16,121,40
20260808,r6_d30_t1_w25,127,142,968,457,369,380,21,14,63,2,16,15,121,40
20260808,r6_d30_t1_w25,128,136,973,461,376,384,21,16,61,2,15,14,121,40
20260808,r6_d30_t1_w25,129,136,978,461,381,390,24,11,60,5,17,14,121,40
20260808,r6_d30_t1_w25,130,133,986,466,387,394,23,13,59,5,18,12,131,43
20260808,r6_d30_t1_w25,131,130,994,472,392,399,24,18,55,3,18,11,131,43
20260808,r6_d30_t1_w25,132,131,1004,474,399,399,24,17,58,1,18,11,131,43
20260808,r6_d30_t1_w25,133,130,1013,477,406,403,23,15,59,3,18,11,131,43
20260808,r6_d30_t1_w25,134,130,1019,478,411,407,23,16,55,6,18,11,131,43
20260808,r6_d30_t1_w25,135,131,1028,484,413,412,23,20,52,5,18,12,131,43
20260808,r6_d30_t1_w25,136,129,1037,489,419,416,25,21,52,2,18,12,131,43
20260808,r6_d30_t1_w25,137,125,1046,495,426,426,30,18,51,1,18,11,131,43
20260808,r6_d30_t1_w25,138,128,1055,497,430,429,30,15,53,2,17,13,131,43
20260808,r6_d30_t1_w25,139,126,1062,500,436,433,32,15,52,1,16,15,131,43
20260808,r6_d30_t1_w25,140,127,1072,503,442,438,35,17,48,0,15,15,131,43
20260808,r6_d30_t1_w25,141,131,1081,504,446,443,36,15,46,3,15,16,131,43
20260808,r6_d30_t1_w25,142,128,1088,505,455,445,37,12,48,3,13,17,131,43
20260808,r6_d30_t1_w25,143,125,1093,508,460,449,39,11,48,2,9,18,131,43
20260808,r6_d30_t1_w25,144,124,1099,509,466,452,41,9,48,2,9,19,131,43
20260808,r6_d30_t1_w25,145,126,1104,512,466,454,41,10,48,1,9,19,131,43
20260808,r6_d30_t1_w25,146,129,1113,517,467,460,40,13,44,3,9,19,131,43
20260808,r6_d30_t1_w25,147,134,1119,518,467,463,43,14,41,2,9,20,131,43
20260808,r6_d30_t1_w25,148,138,1127,522,467,468,46,14,40,0,9,20,131,43
20260808,r6_d30_t1_w25,149,143,1135,524,468,474,50,15,35,0,9,20,131,43
20260808,r6_d30_t1_w25,150,147,1141,526,468,477,48,14,35,3,10,20,131,43
20260808,r6_d30_t1_w25,151,153,1149,528,468,479,36,13,36,15,11,20,131,43
20260808,r6_d30_t1_w25,152,153,1154,532,469,480,8,15,37,40,13,19,131,43
20260808,r6_d30_t1_w25,153,148,1164,545,471,482,6,21,42,31,12,19,131,43
20260808,r6_d30_t1_w25,154,136,1174,564,474,483,16,37,44,3,9,18,131,43
20260808,r6_d30_t1_w25,155,129,1179,570,480,485,15,39,46,0,9,18,126,43
20260808,r6_d30_t1_w25,156,126,1189,577,486,493,15,38,46,1,9,16,126,43
20260808,r6_d30_t1_w25,157,121,1198,581,496,495,11,31,55,3,10,16,126,43
20260808,r6_d30_t1_w25,158,121,1206,583,502,497,8,26,60,6,14,14,126,43
20260808,r6_d30_t1_w25,159,120,1212,586,506,503,10,19,64,7,15,14,126,43
20260808,r6_d30_t1_w25,160,117,1221,592,512,505,10,23,64,3,14,12,131,43
20260808,r6_d30_t1_w25,161,117,1229,596,516,508,12,21,67,0,15,12,131,43
20260808,r6_d30_t1_w25,162,115,1236,597,524,510,11,18,69,2,17,10,131,43
20260808,r6_d30_t1_w25,163,115,1244,598,531,512,11,11,75,3,18,10,131,43
20260808,r6_d30_t1_w25,164,112,1250,601,537,513,10,10,78,2,17,10,131,43
20260808,r6_d30_t1_w25,165,109,1257,602,546,514,10,8,80,2,18,9,131,43
20260808,r6_d30_t1_w25,166,107,1265,604,554,517,11,8,79,2,17,9,131,43
20260808,r6_d30_t1_w25,167,102,1270,607,561,526,15,10,71,4,17,9,131,43
20260808,r6_d30_t1_w25,168,106,1279,609,564,533,18,10,66,6,17,9,131,43
20260808,r6_d30_t1_w25,169,107,1288,614,567,534,16,14,66,4,16,11,131,43
20260808,r6_d30_t1_w25,170,106,1295,620,569,540,17,18,62,3,16,11,131,43
20260808,r6_d30_t1_w25,171,104,1302,622,576,544,16,15,63,6,15,11,131,43
20260808,r6_d30_t1_w25,172,104,1311,627,580,548,17,17,62,4,14,12,131,43
20260808,r6_d30_t1_w25,173,105,1321,633,583,552,18,18,63,1,11,12,131,43
20260808,r6_d30_t1_w25,174,104,1330,637,589,562,19,21,54,6,9,13,131,43
20260808,r6_d30_t1_w25,175,110,1340,641,589,571,23,22,48,7,9,14,131,43
20260808,r6_d30_t1_w25,176,111,1346,646,589,576,27,19,51,3,9,14,131,43
20260808,r6_d30_t1_w25,177,115,1354,650,589,579,27,20,51,2,9,14,131,43
20260808,r6_d30_t1_w25,178,117,1360,653,590,584,29,18,51,2,9,16,131,43
20260808,r6_d30_t1_w25,179,122,1369,655,592,588,32,18,49,1,9,17,131,43
20260808,r6_d30_t1_w25,180,123,1377,662,592,589,26,20,53,1,10,17,121,40
20260808,r6_d30_t1_w25,181,127,1384,664,593,592,20,18,54,8,11,17,121,40
20260808,r6_d30_t1_w25,182,129,1390,667,594,598,19,17,52,12,13,17,121,40
20260808,r6_d30_t1_w25,183,130,1399,675,594,600,19,22,53,6,13,16,121,40
20260808,r6_d30_t1_w25,184,134,1409,681,594,604,21,25,52,2,13,16,121,40
20260808,r6_d30_t1_w25,185,139,1416,683,594,610,23,22,51,4,15,16,131,43
20260808,r6_d30_t1_w25,186,147,1425,684,594,612,22,19,53,6,17,16,131,43
20260808,r6_d30_t1_w25,187,152,1434,688,594,617,24,17,54,5,17,15,131,43
20260808,r6_d30_t1_w25,188,158,1444,691,595,618,25,16,57,2,16,15,131,43
20260808,r6_d30_t1_w25,189,161,1453,697,595,623,25,17,57,1,17,15,131,43
20260808,r6_d30_t1_w25,190,160,1459,698,601,627,27,14,57,2,17,13,131,43
20260808,r6_d30_t1_w25,191,160,1467,700,607,629,26,12,59,3,18,13,131,43
20260808,r6_d30_t1_w25,192,161,1472,701,610,633,29,10,58,3,18,13,131,43
20260808,r6_d30_t1_w25,193,156,1477,704,617,638,30,11,55,4,18,12,131,43
20260808,r6_d30_t1_w25,194,155,1486,709,622,642,29,10,57,4,18,11,131,43
20260808,r6_d30_t1_w25,195,153,1491,712,626,646,31,10,56,3,18,11,131,43
20260808,r6_d30_t1_w25,196,153,1496,715,628,649,31,10,56,3,17,12,131,43
20260808,r6_d30_t1_w25,197,149,1505,720,636,654,31,12,54,3,17,15,131,43
20260808,r6_d30_t1_w25,198,144,1511,722,645,655,31,11,56,2,17,15,131,43
20260808,r6_d30_t1_w25,199,142,1518,724,652,664,31,10,50,9,17,16,131,43
20260808,r6_d30_t1_w25,200,142,1528,725,661,668,30,10,47,13,17,16,131,43
20260808,r6_d30_t1_w25,201,140,1535,734,661,671,30,13,50,7,16,16,131,43
20260808,r6_d30_t1_w25,202,135,1543,741,667,673,29,19,49,3,13,15,131,43
20260808,r6_d30_t1_w25,203,134,1551,748,669,677,28,21,50,1,11,15,131,43
20260808,r6_d30_t1_w25,204,130,1559,752,677,682,29,19,51,1,9,16,131,43
20260808,r6_d30_t1_w25,205,135,1565,753,677,686,33,18,49,0,9,16,131,43
20260808,r6_d30_t1_w25,206,140,1572,755,677,689,33,13,53,1,9,18,131,43
20260808,r6_d30_t1_w25,207,149,1582,756,677,690,33,11,55,1,9,19,131,43
20260808,r6_d30_t1_w25,208,156,1591,758,677,696,37,10,52,1,9,20,131,43
20260808,r6_d30_t1_w25,209,165,1601,759,677,700,40,8,51,1,9,20,131,43
20260808,r6_d30_t1_w25,210,165,1611,764,682,703,38,12,49,1,10,19,131,43
20260808,r6_d30_t1_w25,211,164,1617,764,689,706,25,12,46,17,11,19,131,43
20260808,r6_d30_t1_w25,212,160,1623,765,698,707,24,11,47,18,14,19,131,43
20260808,r6_d30_t1_w25,213,148,1633,781,704,712,25,22,47,6,14,19,131,43
20260808,r6_d30_t1_w25,214,145,1641,784,712,717,26,21,46,7,14,18,131,43
20260808,r6_d30_t1_w25,215,143,1647,788,716,720,27,20,48,5,14,18,131,43
20260808,r6_d30_t1_w25,216,143,1657,792,722,727,28,21,44,7,17,17,131,43
20260808,r6_d30_t1_w25,217,145,1664,794,725,733,31,17,44,8,17,17,131,43
20260808,r6_d30_t1_w25,218,142,1671,801,728,736,32,15,50,3,17,16,131,43
20260808,r6_d30_t1_w25,219,142,1679,805,732,738,30,16,51,3,18,16,131,43
20260808,r6_d30_t1_w25,220,146,1689,806,737,739,29,11,56,4,18,15,131,43
20260808,r6_d30_t1_w25,221,148,1695,809,738,742,30,10,57,3,18,14,131,43
20260808,r6_d30_t1_w25,222,148,1704,812,744,747,33,12,53,2,18,14,131,43
20260808,r6_d30_t1_w25,223,147,1709,815,747,751,35,11,53,1,18,13,131,43
20260808,r6_d30_t1_w25,224,145,1714,815,754,752,33,9,54,4,18,13,131,43
20260808,r6_d30_t1_w25,225,145,1724,817,762,753,31,8,56,5,18,13,131,43
20260808,r6_d30_t1_w25,226,145,1733,821,767,756,30,9,56,5,18,14,131,43
20260808,r6_d30_t1_w25,227,141,1738,826,771,763,31,14,49,6,18,14,131,43
20260808,r6_d30_t1_w25,228,141,1746,830,775,769,34,17,44,5,18,14,131,43
20260808,r6_d30_t1_w25,229,139,1752,833,780,771,32,17,45,6,17,15,131,43
20260808,r6_d30_t1_w25,230,139,1760,837,784,774,30,14,49,7,17,16,131,43
20260808,r6_d30_t1_w25,231,137,1769,845,787,779,29,19,47,5,16,15,131,43
20260808,r6_d30_t1_w25,232,134,1778,850,794,783,31,21,46,2,13,16,131,43
20260808,r6_d30_t1_w25,233,135,1788,852,801,787,33,19,46,2,13,17,131,43
20260808,r6_d30_t1_w25,234,134,1798,853,811,792,35,13,48,4,9,19,131,43
20260808,r6_d30_t1_w25,235,137,1805,857,811,797,38,13,47,2,9,20,111,40
20260808,r6_d30_t1_w25,236,145,1815,859,811,798,39,15,46,0,9,21,111,40
20260808,r6_d30_t1_w25,237,153,1824,860,811,798,38,13,49,0,9,23,111,40
20260808,r6_d30_t1_w25,238,160,1834,863,811,802,37,11,50,2,9,23,111,40
20260808,r6_d30_t1_w25,239,163,1839,865,811,807,40,9,49,2,9,24,111,40
20260808,r6_d30_t1_w25,240,166,1846,868,812,809,40,9,50,1,10,24,131,43
20260808,r6_d30_t1_w25,241,173,1854,868,813,810,26,7,51,16,12,24,131,43
20260808,r6_d30_t1_w25,242,175,1864,871,818,814,25,10,47,18,16,23,131,43
20260808,r6_d30_t1_w25,243,161,1871,887,823,816,24,24,47,5,12,22,131,43
20260808,r6_d30_t1_w25,244,157,1880,892,831,818,20,24,50,6,14,20,131,43
20260808,r6_d30_t1_w25,245,151,1885,896,838,823,20,25,48,7,14,20,131,43
20260808,r6_d30_t1_w25,246,147,1890,901,842,826,21,23,52,4,15,19,131,43
20260808,r6_d30_t1_w25,247,142,1895,905,848,829,23,21,55,1,16,18,131,43
20260808,r6_d30_t1_w25,248,143,1903,910,850,835,25,20,55,0,18,18,131,43
20260808,r6_d30_t1_w25,249,146,1911,910,855,837,25,13,60,2,18,18,131,43
20260808,r6_d30_t1_w25,250,141,1916,911,864,841,24,7,63,6,18,16,131,43
20260808,r6_d30_t1_w25,251,138,1923,915,870,844,22,9,62,7,18,16,131,43
20260808,r6_d30_t1_w25,252,138,1932,920,874,848,22,13,59,6,18,14,131,43
20260808,r6_d30_t1_w25,253,134,1939,925,880,851,23,18,56,3,18,14,131,43
20260808,r6_d30_t1_w25,254,134,1944,929,881,853,22,16,60,2,18,14,131,43
20260808,r6_d30_t1_w25,255,137,1953,929,887,855,23,14,60,3,18,13,122,43
20260808,r6_d30_t1_w25,256,133,1960,934,893,862,25,15,57,3,18,12,122,43
20260808,r6_d30_t1_w25,257,129,1966,938,899,870,27,18,50,5,18,12,122,43
20260808,r6_d30_t1_w25,258,130,1975,940,905,875,28,14,51,7,18,13,122,43
20260808,r6_d30_t1_w25,259,125,1985,946,914,880,28,19,47,6,16,14,122,43
20260808,r6_d30_t1_w25,260,125,1990,951,914,883,27,19,49,5,16,15,131,43
20260808,r6_d30_t1_w25,261,122,1997,955,920,886,26,17,52,5,15,16,131,43
20260808,r6_d30_t1_w25,262,117,2003,958,928,888,27,13,57,3,12,17,131,43
20260808,r6_d30_t1_w25,263,116,2010,960,934,892,27,12,56,5,9,17,131,43
20260808,r6_d30_t1_w25,264,120,2019,962,937,896,27,13,53,7,9,18,131,43
20260808,r6_d30_t1_w25,265,122,2026,967,937,899,28,14,54,4,9,18,131,43
20260808,r6_d30_t1_w25,266,127,2035,971,937,900,28,15,56,1,9,18,131,43
20260808,r6_d30_t1_w25,267,132,2043,973,938,902,27,14,57,2,9,18,131,43
20260808,r6_d30_t1_w25,268,140,2052,974,938,910,32,12,52,4,9,19,131,43
20260808,r6_d30_t1_w25,269,146,2061,977,938,910,31,12,55,2,9,19,131,43
20260808,r6_d30_t1_w25,270,150,2067,979,938,915,33,13,51,3,10,19,131,43
20260808,r6_d30_t1_w25,271,154,2072,979,939,919,18,9,51,22,11,19,131,43
20260808,r6_d30_t1_w25,272,157,2079,983,939,924,20,12,47,21,12,19,131,43
20260808,r6_d30_t1_w25,273,145,2087,1002,940,928,22,27,47,4,9,19,131,43
20260808,r6_d30_t1_w25,274,141,2092,1005,946,935,25,20,50,5,9,18,131,43
20260808,r6_d30_t1_w25,275,143,2097,1008,946,937,24,20,51,5,11,17,131,43
20260808,r6_d30_t1_w25,276,142,2104,1014,948,942,20,22,50,8,13,16,131,43
20260808,r6_d30_t1_w25,277,139,2112,1016,957,944,19,22,50,9,12,15,131,43
20260808,r6_d30_t1_w25,278,137,2121,1024,960,947,19,19,58,4,13,14,131,43
20260808,r6_d30_t1_w25,279,138,2130,1030,962,951,20,20,59,1,15,14,131,43
20260808,r6_d30_t1_w25,280,134,2136,1034,968,957,19,20,57,4,16,13,131,43
20260808,r6_d30_t1_w25,281,136,2146,1036,974,960,17,20,56,7,17,12,131,43
20260808,r6_d30_t1_w25,282,139,2155,1041,975,964,17,19,58,6,18,11,131,43
20260808,r6_d30_t1_w25,283,139,2165,1046,980,968,17,22,56,5,18,10,131,43
20260808,r6_d30_t1_w25,284,136,2173,1050,987,972,18,18,60,4,18,10,131,43
20260808,r6_d30_t1_w25,285,136,2181,1053,992,974,19,15,64,2,17,10,121,40
20260808,r6_d30_t1_w25,286,138,2190,1057,995,978,19,13,66,2,18,12,121,40
20260808,r6_d30_t1_w25,287,138,2197,1058,1001,982,21,13,63,3,18,12,121,40
20260808,r6_d30_t1_w25,288,138,2204,1061,1005,987,25,12,62,1,18,13,121,40
20260808,r6_d30_t1_w25,289,136,2211,1062,1013,993,27,7,62,4,18,15,121,40
20260808,r6_d30_t1_w25,290,137,2218,1062,1019,996,27,5,61,7,18,15,126,43
20260808,r6_d30_t1_w25,291,132,2226,1068,1026,1001,26,9,58,7,14,16,126,43
20260808,r6_d30_t1_w25,292,129,2232,1072,1031,1003,26,12,57,5,14,16,126,43
20260808,r6_d30_t1_w25,293,127,2242,1076,1039,1011,29,14,51,6,10,18,126,43
20260808,r6_d30_t1_w25,294,125,2247,1076,1046,1013,31,10,53,6,9,18,126,43
20260808,r6_d30_t1_w25,295,129,2254,1079,1046,1018,38,9,52,1,9,18,131,43
20260808,r6_d30_t1_w25,296,133,2259,1079,1047,1021,42,8,50,0,9,19,131,43
20260808,r6_d30_t1_w25,297,142,2268,1079,1047,1026,45,6,47,2,9,19,131,43
20260808,r6_d30_t1_w25,298,149,2276,1080,1047,1033,49,4,43,4,9,20,131,43
20260808,r6_d30_t1_w25,299,155,2284,1082,1047,1036,50,5,41,4,9,20,131,43
20260808,r6_d30_t1_w25,300,154,2289,1088,1047,1040,47,10,38,5,9,20,131,43
20260808,r6_d30_t1_w25,301,157,2298,1093,1048,1042,42,15,36,7,10,20,131,43
20260808,r6_d30_t1_w25,302,161,2308,1098,1049,1048,30,20,30,20,12,20,131,43
20260808,r6_d30_t1_w25,303,163,2316,1103,1050,1052,31,20,31,18,14,19,131,43
20260808,r6_d30_t1_w25,304,149,2321,1121,1051,1055,32,31,35,2,11,18,131,43
20260808,r6_d30_t1_w25,305,153,2328,1124,1051,1056,31,28,40,1,12,18,131,43
20260808,r6_d30_t1_w25,306,151,2335,1125,1059,1059,32,24,42,2,14,17,131,43
20260808,r6_d30_t1_w25,307,150,2344,1128,1066,1062,32,22,44,2,15,17,131,43
20260808,r6_d30_t1_w25,308,146,2349,1131,1072,1065,33,19,47,1,16,16,131,43
20260808,r6_d30_t1_w25,309,144,2357,1134,1079,1068,32,19,47,2,16,14,131,43
20260808,r6_d30_t1_w25,310,145,2367,1136,1086,1071,31,15,50,4,16,13,131,43
20260808,r6_d30_t1_w25,311,142,2375,1139,1094,1072,30,15,52,3,17,12,131,43
20260808,r6_d30_t1_w25,312,139,2380,1141,1100,1074,31,14,53,2,18,11,131,43
20260808,r6_d30_t1_w25,313,139,2387,1142,1106,1077,31,11,54,4,18,11,131,43
20260808,r6_d30_t1_w25,314,136,2392,1144,1112,1081,33,8,55,4,18,11,131,43
20260808,r6_d30_t1_w25,315,132,2397,1147,1118,1084,34,10,53,3,18,10,131,43
20260808,r6_d30_t1_w25,316,134,2407,1148,1125,1087,33,9,52,6,18,11,131,43
20260808,r6_d30_t1_w25,317,129,2413,1155,1129,1091,31,12,52,5,18,13,131,43
20260808,r6_d30_t1_w25,318,126,2423,1159,1138,1091,31,12,56,1,17,15,131,43
20260808,r6_d30_t1_w25,319,127,2428,1160,1141,1092,32,10,58,0,16,15,131,43
20260808,r6_d30_t1_w25,320,125,2434,1161,1148,1096,35,9,56,0,16,15,131,43
20260808,r6_d30_t1_w25,321,125,2439,1161,1153,1097,34,8,56,2,15,16,131,43
20260808,r6_d30_t1_w25,322,124,2449,1163,1162,1106,37,7,50,6,13,16,131,43
20260808,r6_d30_t1_w25,323,120,2455,1166,1169,1112,39,8,46,7,11,17,131,43
20260808,r6_d30_t1_w25,324,116,2462,1171,1175,1115,38,13,43,6,9,16,131,43
20260808,r6_d30_t1_w25,325,123,2471,1173,1175,1123,43,12,38,7,9,17,131,43
20260808,r6_d30_t1_w25,326,125,2477,1176,1176,1125,45,12,39,4,9,19,131,43
20260808,r6_d30_t1_w25,327,129,2485,1180,1176,1129,46,14,37,3,9,18,131,43
20260808,r6_d30_t1_w25,328,131,2490,1181,1178,1131,46,14,36,4,9,17,131,43
20260808,r6_d30_t1_w25,329,132,2495,1185,1178,1134,46,16,35,3,9,17,131,43
20260808,r6_d30_t1_w25,330,133,2500,1189,1178,1136,43,14,39,4,9,17,131,43
20260808,r6_d30_t1_w25,331,134,2506,1193,1179,1137,40,17,39,4,10,16,131,43
20260808,r6_d30_t1_w25,332,134,2512,1198,1180,1140,27,20,38,15,11,16,131,43
20260808,r6_d30_t1_w25,333,137,2520,1203,1180,1144,10,19,40,31,13,16,131,43
20260808,r6_d30_t1_w25,334,129,2526,1217,1180,1146,11,30,41,18,9,16,131,43
20260808,r6_d30_t1_w25,335,116,2535,1233,1186,1149,16,39,45,0,9,15,121,40
20260808,r6_d30_t1_w25,336,111,2544,1240,1193,1156,14,36,48,2,10,13,121,40
20260808,r6_d30_t1_w25,337,114,2552,1240,1198,1156,11,24,60,5,12,13,121,40
20260808,r6_d30_t1_w25,338,112,2558,1243,1203,1158,10,19,66,5,14,13,121,40
20260808,r6_d30_t1_w25,339,114,2568,1246,1208,1159,10,16,71,3,16,13,121,40
20260808,r6_d30_t1_w25,340,115,2577,1250,1212,1160,8,14,76,2,18,12,131,43
20260808,r6_d30_t1_w25,341,111,2583,1252,1220,1163,8,12,77,3,17,11,131,43
20260808,r6_d30_t1_w25,342,110,2588,1254,1224,1168,10,12,74,4,18,11,131,43
20260808,r6_d30_t1_w25,343,104,2594,1256,1234,1170,12,12,74,2,18,10,131,43
20260808,r6_d30_t1_w25,344,104,2601,1258,1239,1174,14,8,76,2,18,10,131,43
20260808,r6_d30_t1_w25,345,107,2609,1259,1243,1178,13,7,74,6,17,9,131,43
20260808,r6_d30_t1_w25,346,106,2617,1264,1247,1182,13,10,72,5,17,9,131,43
20260808,r6_d30_t1_w25,347,100,2625,1271,1254,1190,13,15,66,6,17,9,131,43
20260808,r6_d30_t1_w25,348,102,2634,1274,1258,1199,14,15,60,11,17,9,131,43
20260808,r6_d30_t1_w25,349,104,2644,1279,1261,1209,17,18,52,13,17,10,131,43
20260808,r6_d30_t1_w25,350,100,2652,1288,1264,1214,17,21,53,9,15,10,131,43
20260808,r6_d30_t1_w25,351,95,2659,1298,1266,1218,17,26,54,3,12,12,131,43
20260808,r6_d30_t1_w25,352,95,2666,1303,1268,1228,21,28,47,4,12,12,131,43
20260808,r6_d30_t1_w25,353,94,2672,1306,1272,1232,21,24,50,5,9,13,131,43
20260808,r6_d30_t1_w25,354,94,2680,1311,1275,1233,20,24,54,2,9,14,131,43
20260808,r6_d30_t1_w25,355,99,2688,1314,1275,1238,24,19,57,0,9,15,131,43
20260808,r6_d30_t1_w25,356,106,2696,1315,1275,1242,25,18,55,2,9,15,131,43
20260808,r6_d30_t1_w25,357,109,2701,1317,1275,1248,28,15,54,3,9,16,131,43
20260808,r6_d30_t1_w25,358,112,2709,1321,1276,1253,30,16,52,2,9,16,131,43
20260808,r6_d30_t1_w25,359,116,2715,1323,1276,1254,30,16,53,1,9,18,131,43
20260808,r6_d30_t1_w25,360,117,2724,1331,1276,1259,27,22,50,1,10,18,126,43
20260808,r6_d30_t1_w25,361,122,2729,1331,1276,1260,15,18,53,14,11,18,126,43
20260808,r6_d30_t1_w25,362,129,2738,1333,1276,1263,12,18,52,18,14,18,126,43
20260808,r6_d30_t1_w25,363,124,2748,1348,1276,1266,13,28,54,5,11,18,126,43
20260808,r6_d30_t1_w25,364,126,2756,1354,1276,1269,13,28,57,2,13,18,126,43
20260808,r6_d30_t1_w25,365,136,2766,1354,1276,1273,16,22,59,3,15,18,131,43
20260808,r6_d30_t1_w25,366,139,2771,1356,1276,1275,17,20,61,2,15,17,131,43
20260808,r6_d30_t1_w25,367,142,2776,1357,1277,1280,18,12,65,5,16,17,131,43
20260808,r6_d30_t1_w25,368,143,2784,1360,1281,1283,17,10,67,6,17,17,131,43
20260808,r6_d30_t1_w25,369,143,2791,1365,1283,1286,14,14,65,7,18,15,131,43
20260808,r6_d30_t1_w25,370,140,2796,1369,1287,1289,15,11,69,5,18,15,131,43
20260808,r6_d30_t1_w25,371,137,2805,1376,1292,1293,15,15,68,2,18,13,131,43
20260808,r6_d30_t1_w25,372,135,2813,1378,1300,1299,16,14,65,5,18,13,131,43
20260808,r6_d30_t1_w25,373,131,2819,1383,1305,1305,15,17,61,7,18,11,131,43
20260808,r6_d30_t1_w25,374,125,2824,1388,1311,1308,15,17,63,5,18,9,131,43
20260808,r6_d30_t1_w25,375,122,2831,1392,1317,1312,17,17,63,3,18,9,131,43
20260808,r6_d30_t1_w25,376,126,2840,1394,1320,1314,18,15,65,2,18,12,131,43
20260808,r6_d30_t1_w25,377,127,2850,1398,1325,1317,16,14,67,3,17,12,131,43
20260808,r6_d30_t1_w25,378,127,2858,1401,1330,1325,17,12,64,7,17,12,131,43
20260808,r6_d30_t1_w25,379,127,2867,1407,1333,1328,15,15,64,6,16,12,131,43
20260808,r6_d30_t1_w25,380,126,2876,1413,1337,1334,16,19,60,5,15,13,115,42
20260808,r6_d30_t1_w25,381,128,2884,1416,1340,1340,17,19,57,7,13,14,115,42
20260808,r6_d30_t1_w25,382,127,2889,1419,1343,1344,18,18,57,7,11,15,115,42
20260808,r6_d30_t1_w25,383,126,2896,1425,1345,1348,19,17,60,4,11,14,115,42
20260808,r6_d30_t1_w25,384,125,2905,1430,1350,1356,21,18,56,5,9,15,115,42
20260808,r6_d30_t1_w25,385,132,2915,1433,1350,1360,23,16,57,4,9,17,131,43
20260808,r6_d30_t1_w25,386,136,2920,1434,1350,1362,28,10,62,0,9,17,131,43
20260808,r6_d30_t1_w25,387,144,2929,1435,1350,1367,32,9,59,0,9,19,131,43
20260808,r6_d30_t1_w25,388,152,2939,1436,1351,1369,33,9,58,0,9,20,131,43
20260808,r6_d30_t1_w25,389,158,2947,1438,1351,1376,37,10,52,1,9,20,131,43
20260808,r6_d30_t1_w25,390,160,2957,1444,1353,1377,31,14,53,2,10,20,121,40
20260808,r6_d30_t1_w25,391,165,2966,1448,1353,1381,17,17,50,16,12,20,121,40
20260808,r6_d30_t1_w25,392,163,2975,1454,1358,1387,15,20,47,18,13,19,121,40
20260808,r6_d30_t1_w25,393,152,2984,1469,1363,1390,16,31,48,5,12,18,121,40
20260808,r6_d30_t1_w25,394,154,2994,1473,1367,1396,18,33,44,5,15,18,121,40
20260808,r6_d30_t1_w25,395,159,3004,1475,1370,1401,20,30,44,6,15,17,131,43
20260808,r6_d30_t1_w25,396,159,3014,1480,1375,1404,20,31,45,4,17,15,131,43
20260808,r6_d30_t1_w25,397,154,3021,1486,1381,1412,20,29,45,6,17,15,131,43
20260808,r6_d30_t1_w25,398,153,3027,1488,1386,1417,21,25,46,8,17,14,131,43
20260808,r6_d30_t1_w25,399,152,3034,1493,1389,1418,21,22,53,4,18,14,131,43
20260808,r6_d30_t1_w25,400,154,3043,1496,1393,1422,23,16,58,3,18,14,131,43
20260808,r6_d30_t1_w25,401,151,3048,1497,1400,1427,27,16,54,3,18,14,131,43
20260808,r6_d30_t1_w25,402,151,3056,1500,1405,1427,26,16,57,1,18,14,131,43
20260808,r6_d30_t1_w25,403,146,3061,1503,1412,1429,25,15,59,1,18,13,131,43
20260808,r6_d30_t1_w25,404,147,3070,1503,1420,1433,28,10,60,2,18,11,131,43
20260808,r6_d30_t1_w25,405,147,3079,1505,1427,1435,28,11,59,2,18,12,131,43
20260808,r6_d30_t1_w25,406,150,3087,1507,1430,1435,27,11,61,1,18,13,131,43
20260808,r6_d30_t1_w25,407,153,3095,1509,1433,1437,27,11,61,1,18,18,131,43
20260808,r6_d30_t1_w25,408,156,3105,1511,1438,1441,26,8,62,4,18,19,131,43
20260808,r6_d30_t1_w25,409,150,3111,1515,1446,1447,28,10,58,4,17,19,131,43
20260808,r6_d30_t1_w25,410,140,3116,1521,1455,1452,30,14,55,1,16,18,131,43
20260808,r6_d30_t1_w25,411,139,3121,1523,1459,1454,31,16,53,0,16,18,131,43
20260808,r6_d30_t1_w25,412,134,3126,1525,1467,1461,33,13,51,3,14,19,131,43
20260808,r6_d30_t1_w25,413,130,3134,1527,1477,1471,36,14,42,8,9,19,131,43
20260808,r6_d30_t1_w25,414,133,3144,1530,1481,1472,37,17,41,5,9,20,131,43
20260808,r6_d30_t1_w25,415,134,3153,1538,1481,1477,38,22,39,1,9,24,131,43
20260808,r6_d30_t1_w25,416,139,3161,1541,1481,1482,40,19,40,1,9,25,131,43
20260808,r6_d30_t1_w25,417,145,3169,1543,1481,1484,41,18,41,0,9,25,131,43
20260808,r6_d30_t1_w25,418,147,3177,1548,1482,1489,41,20,39,0,9,26,131,43
20260808,r6_d30_t1_w25,419,153,3184,1549,1482,1494,41,16,39,4,9,27,131,43
20260808,r6_d30_t1_w25,420,156,3190,1551,1483,1497,41,14,40,5,9,27,131,43
20260808,r6_d30_t1_w25,421,156,3200,1558,1486,1499,36,20,39,5,12,26,131,43
20260808,r6_d30_t1_w25,422,154,3205,1560,1491,1501,17,14,45,24,14,26,131,43
20260808,r6_d30_t1_w25,423,154,3215,1564,1497,1505,17,17,42,24,15,26,131,43
20260808,r6_d30_t1_w25,424,137,3224,1584,1503,1505,17,30,49,4,11,25,131,43
20260808,r6_d30_t1_w25,425,134,3229,1589,1506,1507,17,29,53,1,13,23,131,43
20260808,r6_d30_t1_w25,426,136,3237,1590,1511,1507,15,19,64,2,14,23,131,43
20260808,r6_d30_t1_w25,427,135,3243,1591,1517,1509,14,16,66,4,16,21,131,43
20260808,r6_d30_t1_w25,428,137,3250,1593,1520,1512,14,12,69,5,16,20,131,43
20260808,r6_d30_t1_w25,429,136,3259,1596,1527,1515,16,13,68,3,17,20,131,43
20260808,r6_d30_t1_w25,430,134,3269,1601,1534,1522,16,16,63,5,17,17,131,43
20260808,r6_d30_t1_w25,431,129,3275,1605,1541,1525,16,15,65,4,17,15,131,43
20260808,r6_d30_t1_w25,432,127,3285,1611,1547,1528,14,19,64,3,17,15,131,43
20260808,r6_d30_t1_w25,433,125,3293,1614,1554,1531,13,19,64,4,18,14,131,43
20260808,r6_d30_t1_w25,434,129,3302,1618,1555,1537,14,17,64,5,18,15,131,43
20260808,r6_d30_t1_w25,435,131,3311,1620,1560,1541,14,13,66,7,18,16,131,43
20260808,r6_d30_t1_w25,436,130,3318,1625,1563,1545,15,12,68,5,18,17,131,43
20260808,r6_d30_t1_w25,437,132,3326,1628,1566,1549,15,12,67,6,18,18,131,43
20260808,r6_d30_t1_w25,438,132,3335,1631,1572,1553,16,12,66,6,18,19,131,43
20260808,r6_d30_t1_w25,439,128,3341,1637,1576,1557,16,15,65,4,17,19,131,43
20260808,r6_d30_t1_w25,440,128,3351,1641,1582,1562,18,17,62,3,16,19,131,43
20260808,r6_d30_t1_w25,441,130,3359,1643,1586,1568,21,17,58,4,16,20,131,43
20260808,r6_d30_t1_w25,442,123,3364,1648,1593,1572,20,16,60,4,13,21,131,43
20260808,r6_d30_t1_w25,443,125,3373,1651,1597,1575,22,15,61,2,10,19,131,43
20260808,r6_d30_t1_w25,444,122,3379,1654,1603,1584,25,14,56,5,9,18,131,43
20260808,r6_d30_t1_w25,445,130,3389,1655,1604,1586,26,14,55,5,9,18,121,40
20260808,r6_d30_t1_w25,446,136,3399,1659,1604,1595,33,15,49,3,9,19,121,40
20260808,r6_d30_t1_w25,447,141,3407,1662,1604,1597,33,15,50,2,9,18,121,40
20260808,r6_d30_t1_w25,448,146,3415,1665,1604,1602,32,16,47,5,9,19,121,40
20260808,r6_d30_t1_w25,449,152,3422,1666,1604,1605,32,14,47,7,9,19,121,40
20260808,r6_d30_t1_w25,450,150,3428,1674,1604,1614,34,20,40,6,10,19,131,43
20260808,r6_d30_t1_w25,451,154,3434,1676,1604,1619,27,18,39,16,10,18,131,43
20260808,r6_d30_t1_w25,452,156,3440,1680,1604,1621,25,19,40,16,12,17,131,43
20260808,r6_d30_t1_w25,453,153,3450,1693,1604,1623,25,25,45,5,11,17,131,43
20260808,r6_d30_t1_w25,454,154,3457,1698,1605,1629,27,24,45,4,13,17,131,43
20260808,r6_d30_t1_w25,455,159,3465,1699,1607,1631,27,17,51,5,14,17,131,43
20260808,r6_d30_t1_w25,456,160,3473,1704,1609,1633,24,18,53,5,16,17,131,43
20260808,r6_d30_t1_w25,457,161,3481,1706,1614,1636,26,13,57,4,16,16,131,43
20260808,r6_d30_t1_w25,458,156,3487,1712,1619,1639,25,17,56,2,17,16,131,43
20260808,r6_d30_t1_w25,459,153,3493,1715,1625,1642,25,15,58,2,18,15,131,43
20260808,r6_d30_t1_w25,460,147,3498,1718,1633,1648,28,14,56,2,18,13,131,43
20260808,r6_d30_t1_w25,461,148,3508,1722,1638,1650,26,16,56,2,18,13,131,43
20260808,r6_d30_t1_w25,462,145,3513,1724,1644,1652,25,14,58,3,18,13,131,43
20260808,r6_d30_t1_w25,463,143,3520,1726,1651,1655,23,14,57,6,18,13,131,43
20260808,r6_d30_t1_w25,464,145,3529,1729,1655,1659,24,14,56,6,18,13,131,43
20260808,r6_d30_t1_w25,465,141,3538,1735,1662,1664,25,15,56,4,18,11,131,43
20260808,r6_d30_t1_w25,466,140,3545,1739,1666,1666,23,13,60,4,18,12,131,43
20260808,r6_d30_t1_w25,467,142,3554,1744,1668,1672,23,14,58,5,18,12,131,43
20260808,r6_d30_t1_w25,468,138,3562,1748,1676,1677,24,13,58,5,18,15,131,43
20260808,r6_d30_t1_w25,469,138,3569,1754,1677,1680,22,15,59,4,18,16,131,43
20260808,r6_d30_t1_w25,470,132,3574,1759,1683,1687,23,15,57,5,17,16,131,43
20260808,r6_d30_t1_w25,471,128,3579,1762,1689,1690,23,12,60,5,14,16,131,43
20260808,r6_d30_t1_w25,472,127,3586,1765,1694,1692,25,11,62,2,12,17,131,43
20260808,r6_d30_t1_w25,473,123,3591,1768,1700,1694,25,14,60,1,9,17,131,43
20260808,r6_d30_t1_w25,474,125,3600,1769,1706,1698,27,11,60,2,9,19,131,43
20260808,r6_d30_t1_w25,475,130,3608,1772,1706,1709,35,13,50,2,9,20,131,43
20260808,r6_d30_t1_w25,476,136,3615,1773,1706,1715,40,12,46,2,9,22,131,43
20260808,r6_d30_t1_w25,477,141,3622,1775,1706,1718,42,10,47,1,9,23,131,43
20260808,r6_d30_t1_w25,478,144,3628,1777,1707,1720,43,10,47,0,9,23,131,43
20260808,r6_d30_t1_w25,479,148,3633,1778,1707,1726,46,8,44,2,9,23,131,43
20260808,r6_d30_t1_w25,480,146,3642,1786,1710,1732,42,14,40,4,10,23,131,43
20260808,r6_d30_t1_w25,481,147,3648,1788,1713,1733,30,15,40,15,13,23,131,43
20260808,r6_d30_t1_w25,482,145,3655,1792,1718,1734,26,17,41,16,15,23,131,43
20260808,r6_d30_t1_w25,483,136,3665,1806,1723,1739,29,28,39,4,13,23,131,43
20260808,r6_d30_t1_w25,484,136,3674,1810,1728,1745,34,26,39,1,13,23,131,43
20260808,r6_d30_t1_w25,485,140,3684,1812,1732,1748,33,23,41,3,16,22,131,43
20260808,r6_d30_t1_w25,486,138,3690,1812,1740,1750,34,19,43,4,16,20,131,43
20260808,r6_d30_t1_w25,487,142,3700,1816,1742,1753,34,16,47,3,18,20,131,43
20260808,r6_d30_t1_w25,488,140,3705,1818,1747,1755,33,14,49,4,18,20,131,43
20260808,r6_d30_t1_w25,489,141,3715,1821,1753,1757,33,10,54,3,18,17,131,43
20260808,r6_d30_t1_w25,490,137,3721,1824,1760,1760,33,8,56,3,18,14,126,43
20260808,r6_d30_t1_w25,491,135,3729,1827,1767,1763,33,9,55,3,18,14,126,43
20260808,r6_d30_t1_w25,492,130,3736,1833,1773,1766,30,15,52,3,18,14,126,43
20260808,r6_d30_t1_w25,493,129,3744,1834,1781,1770,33,14,50,3,18,13,126,43
20260808,r6_d30_t1_w25,494,128,3750,1837,1785,1773,33,15,49,3,18,13,126,43
20260808,r6_d30_t1_w25,495,129,3755,1840,1786,1777,33,16,47,4,18,13,131,43
20260808,r6_d30_t1_w25,496,128,3761,1843,1790,1779,34,13,51,2,18,14,131,43
20260808,r6_d30_t1_w25,497,124,3767,1847,1796,1784,36,12,51,1,17,14,131,43
20260808,r6_d30_t1_w25,498,126,3777,1850,1801,1791,37,14,45,4,17,15,131,43
20260808,r6_d30_t1_w25,499,123,3782,1851,1808,1795,38,11,45,6,16,15,131,43
20260808,r6_d30_t1_w25,500,117,3787,1854,1816,1799,41,12,43,4,15,14,131,43
20260808,r6_d30_t1_w25,501,112,3792,1858,1822,1804,43,11,43,3,12,14,131,43
20260808,r6_d30_t1_w25,502,114,3802,1860,1828,1806,44,12,42,2,9,15,131,43
20260808,r6_d30_t1_w25,503,117,3812,1864,1831,1810,45,11,43,1,9,16,131,43
20260808,r6_d30_t1_w25,504,122,3817,1864,1831,1811,46,8,45,1,9,18,131,43
20260808,r6_d30_t1_w25,505,127,3824,1866,1831,1815,47,9,42,2,9,19,131,43
20260808,r6_d30_t1_w25,506,132,3832,1869,1831,1817,45,12,40,3,9,20,131,43
20260808,r6_d30_t1_w25,507,139,3842,1872,1831,1819,46,13,40,1,9,21,131,43
20260808,r6_d30_t1_w25,508,145,3850,1874,1831,1821,46,13,40,1,9,22,131,43
20260808,r6_d30_t1_w25,509,152,3858,1874,1832,1824,48,12,38,2,9,23,131,43
20260808,r6_d30_t1_w25,510,154,3863,1877,1832,1825,47,10,42,1,9,23,131,43
20260808,r6_d30_t1_w25,511,153,3870,1880,1837,1828,45,10,42,3,12,23,131,43
20260808,r6_d30_t1_w25,512,152,3877,1881,1844,1833,15,8,40,37,14,22,131,43
20260808,r6_d30_t1_w25,513,152,3886,1886,1848,1836,9,13,37,41,15,22,131,43
20260808,r6_d30_t1_w25,514,129,3896,1914,1853,1841,17,37,36,10,9,21,131,43
20260808,r6_d30_t1_w25,515,121,3902,1923,1858,1845,19,37,41,3,9,21,131,43
20260808,r6_d30_t1_w25,516,119,3908,1927,1862,1849,20,32,46,2,9,20,131,43
20260808,r6_d30_t1_w25,517,115,3917,1937,1865,1851,12,27,59,2,9,20,131,43
20260808,r6_d30_t1_w25,518,115,3924,1940,1869,1853,11,19,68,2,10,20,131,43
20260808,r6_d30_t1_w25,519,115,3929,1941,1873,1855,6,13,73,8,12,20,131,43
20260808,r6_d30_t1_w25,520,114,3934,1944,1876,1857,5,11,76,8,14,19,101,38
20260808,r6_d30_t1_w25,521,108,3940,1951,1881,1860,6,16,75,3,13,18,101,38
20260808,r6_d30_t1_w25,522,108,3948,1954,1886,1862,7,13,79,1,16,17,101,38
20260808,r6_d30_t1_w25,523,104,3955,1955,1896,1865,7,12,78,3,16,16,101,38
20260808,r6_d30_t1_w25,524,105,3961,1955,1901,1869,9,8,78,5,17,14,101,38
20260808,r6_d30_t1_w25,525,105,3968,1959,1904,1873,10,9,77,4,17,12,126,43
20260808,r6_d30_t1_w25,526,106,3974,1962,1906,1879,12,8,75,5,17,10,126,43
20260808,r6_d30_t1_w25,527,107,3984,1967,1910,1886,13,12,69,6,15,10,126,43
20260808,r6_d30_t1_w25,528,103,3993,1971,1919,1891,13,11,69,7,15,10,126,43
20260808,r6_d30_t1_w25,529,101,4000,1978,1921,1900,14,16,62,8,15,10,126,43
20260808,r6_d30_t1_w25,530,96,4006,1985,1925,1905,15,19,61,5,14,10,131,43
20260808,r6_d30_t1_w25,531,96,4015,1990,1929,1909,16,23,58,3,14,12,131,43
20260808,r6_d30_t1_w25,532,92,4021,1994,1935,1914,18,19,61,2,12,11,131,43
20260808,r6_d30_t1_w25,533,89,4027,1998,1940,1920,21,22,56,1,10,11,131,43
20260808,r6_d30_t1_w25,534,87,4035,2000,1948,1925,19,19,56,6,9,12,131,43
20260808,r6_d30_t1_w25,535,93,4042,2001,1948,1933,25,19,49,7,9,13,131,43
20260808,r6_d30_t1_w25,536,100,4051,2003,1948,1940,32,15,48,5,9,14,131,43
20260808,r6_d30_t1_w25,537,103,4056,2005,1948,1943,30,14,48,8,9,15,131,43
20260808,r6_d30_t1_w25,538,105,4061,2008,1948,1947,33,13,48,6,9,16,131,43
20260808,r6_d30_t1_w25,539,108,4071,2014,1949,1951,34,14,49,3,9,18,131,43
20260808,r6_d30_t1_w25,540,113,4079,2017,1949,1952,32,15,50,3,10,18,131,43
20260808,r6_d30_t1_w25,541,121,4089,2019,1949,1955,19,16,48,17,14,18,131,43
20260808,r6_d30_t1_w25,542,127,4098,2022,1949,1958,19,17,47,17,15,18,131,43
20260808,r6_d30_t1_w25,543,116,4104,2039,1949,1962,19,28,49,4,12,18,131,43
20260808,r6_d30_t1_w25,544,122,4113,2042,1949,1968,18,23,51,8,15,18,131,43
20260808,r6_d30_t1_w25,545,129,4123,2045,1949,1970,19,19,56,6,16,18,131,43
20260808,r6_d30_t1_w25,546,129,4128,2050,1949,1970,19,18,62,1,16,16,131,43
20260808,r6_d30_t1_w25,547,130,4134,2055,1949,1974,17,16,65,2,18,16,131,43
20260808,r6_d30_t1_w25,548,131,4141,2059,1951,1985,17,15,59,9,18,16,131,43
20260808,r6_d30_t1_w25,549,136,4150,2063,1951,1988,17,16,59,8,18,16,131,43
20260808,r6_d30_t1_w25,550,133,4155,2071,1951,1988,15,18,65,2,18,15,126,43
20260808,r6_d30_t1_w25,551,136,4160,2072,1952,1989,15,17,66,2,18,15,126,43
20260808,r6_d30_t1_w25,552,136,4169,2074,1959,1993,18,16,65,1,18,12,126,43
20260808,r6_d30_t1_w25,553,137,4177,2076,1964,1997,19,16,63,2,18,11,126,43
20260808,r6_d30_t1_w25,554,138,4184,2077,1969,2000,20,12,65,3,18,12,126,43
20260808,r6_d30_t1_w25,555,136,4189,2079,1974,2006,24,8,65,3,18,12,131,43
20260808,r6_d30_t1_w25,556,132,4197,2082,1983,2009,24,9,64,3,18,14,131,43
20260808,r6_d30_t1_w25,557,129,4202,2085,1988,2013,25,11,61,3,18,14,131,43
20260808,r6_d30_t1_w25,558,131,4207,2086,1990,2018,26,8,60,6,17,14,131,43
20260808,r6_d30_t1_w25,559,130,4215,2090,1995,2024,27,8,58,7,17,15,131,43
20260808,r6_d30_t1_w25,560,128,4224,2097,1999,2027,25,13,57,5,16,15,131,43
20260808,r6_d30_t1_w25,561,127,4234,2101,2006,2033,25,14,54,7,13,17,131,43
20260808,r6_d30_t1_w25,562,128,4240,2104,2008,2039,27,17,48,8,12,17,131,43
20260808,r6_d30_t1_w25,563,132,4250,2110,2008,2042,27,19,49,5,11,18,131,43
20260808,r6_d30_t1_w25,564,132,4260,2114,2014,2045,27,18,51,4,9,19,131,43
20260808,r6_d30_t1_w25,565,136,4266,2116,2014,2050,29,14,52,5,9,20,131,43
20260808,r6_d30_t1_w25,566,140,4272,2118,2014,2054,33,13,51,3,9,20,131,43
20260808,r6_d30_t1_w25,567,141,4279,2124,2014,2059,35,14,51,0,9,21,131,43
20260808,r6_d30_t1_w25,568,146,4287,2127,2014,2063,36,14,50,0,9,21,131,43
20260808,r6_d30_t1_w25,569,152,4294,2128,2014,2065,36,12,51,1,9,22,131,43
20260808,r6_d30_t1_w25,570,151,4300,2133,2016,2068,34,15,50,1,9,22,121,43
20260808,r6_d30_t1_w25,571,154,4309,2135,2020,2071,30,15,49,6,12,22,121,43
20260808,r6_d30_t1_w25,572,154,4317,2138,2025,2075,17,15,48,20,14,21,121,43
20260808,r6_d30_t1_w25,573,150,4323,2144,2029,2078,19,17,49,15,14,21,121,43
20260808,r6_d30_t1_w25,574,137,4333,2159,2037,2083,19,27,49,5,12,19,121,43
20260808,r6_d30_t1_w25,575,142,4343,2161,2040,2088,22,26,47,5,15,19,131,43
20260808,r6_d30_t1_w25,576,146,4352,2165,2041,2091,23,23,51,3,16,17,131,43
20260808,r6_d30_t1_w25,577,145,4361,2167,2049,2093,23,21,53,3,18,16,131,43
20260808,r6_d30_t1_w25,578,146,4370,2171,2053,2095,22,18,58,2,18,16,131,43
20260808,r6_d30_t1_w25,579,143,4376,2173,2060,2100,25,15,58,2,18,15,131,43
20260808,r6_d30_t1_w25,580,143,4384,2176,2065,2103,26,17,56,1,18,14,131,43
20260808,r6_d30_t1_w25,581,141,4389,2177,2071,2105,27,11,61,1,18,13,131,43
20260808,r6_d30_t1_w25,582,143,4397,2178,2076,2110,29,9,59,3,18,12,131,43
20260808,r6_d30_t1_w25,583,145,4404,2180,2079,2114,31,9,57,3,18,12,131,43
20260808,r6_d30_t1_w25,584,143,4410,2183,2084,2119,32,10,54,4,17,12,131,43
20260808,r6_d30_t1_w25,585,143,4418,2186,2089,2123,31,11,52,6,17,12,131,43
20260808,r6_d30_t1_w25,586,141,4427,2189,2097,2124,32,11,54,3,17,12,131,43
20260808,r6_d30_t1_w25,587,138,4434,2193,2103,2130,34,11,52,3,17,14,131,43
20260808,r6_d30_t1_w25,588,133,4441,2197,2111,2141,38,15,41,6,17,14,131,43
20260808,r6_d30_t1_w25,589,131,4449,2200,2118,2143,38,16,41,5,16,14,131,43
20260808,r6_d30_t1_w25,590,132,4459,2204,2123,2147,39,14,43,4,15,15,131,43
20260808,r6_d30_t1_w25,591,135,4468,2207,2126,2149,39,14,44,3,14,14,131,43
20260808,r6_d30_t1_w25,592,135,4475,2211,2129,2154,42,15,42,1,13,16,131,43
20260808,r6_d30_t1_w25,593,137,4483,2213,2133,2156,42,15,42,1,10,16,131,43
20260808,r6_d30_t1_w25,594,139,4493,2215,2139,2158,41,13,44,2,9,18,131,43
20260808,r6_d30_t1_w25,595,145,4501,2217,2139,2162,42,10,45,3,9,21,131,43
20260808,r6_d30_t1_w25,596,151,4508,2218,2139,2164,42,8,46,4,9,21,131,43
20260808,r6_d30_t1_w25,597,156,4517,2222,2139,2165,40,11,46,3,9,23,131,43
20260808,r6_d30_t1_w25,598,158,4522,2224,2140,2170,45,9,45,1,9,23,131,43
20260808,r6_d30_t1_w25,599,164,4531,2226,2141,2174,47,11,41,1,9,22,131,43
20260808,r6_d30_t1_w25,600,168,4540,2229,2143,2176,44,12,41,3,10,22,121,40
20260808,r6_d30_t2_w20,1,5,7,2,0,0,98,2,0,0,0,1,131,43
20260808,r6_d30_t2_w20,2,11,13,2,0,0,96,2,0,2,2,3,131,43
20260808,r6_d30_t2_w20,3,21,23,2,0,0,74,2,0,24,4,4,131,43
20260808,r6_d30_t2_w20,4,27,32,5,0,0,73,4,1,22,5,7,131,43
20260808,r6_d30_t2_w20,5,8,37,29,0,0,71,28,1,0,0,2,131,43
20260808,r6_d30_t2_w20,6,12,43,31,0,0,69,28,3,0,1,3,131,43
20260808,r6_d30_t2_w20,7,17,48,31,0,0,69,21,10,0,3,4,131,43
20260808,r6_d30_t2_w20,8,22,54,32,0,0,68,17,15,0,3,5,131,43
20260808,r6_d30_t2_w20,9,30,63,33,0,0,67,14,19,0,6,5,131,43
20260808,r6_d30_t2_w20,10,37,72,35,0,0,65,11,24,0,6,6,131,43
20260808,r6_d30_t2_w20,11,46,82,36,0,0,64,6,30,0,6,7,131,43
20260808,r6_d30_t2_w20,12,54,92,38,0,0,62,5,33,0,8,9,131,43
20260808,r6_d30_t2_w20,13,60,98,38,0,0,62,5,33,0,9,9,131,43
20260808,r6_d30_t2_w20,14,67,108,41,0,0,59,7,34,0,9,10,131,43
20260808,r6_d30_t2_w20,15,73,115,42,0,0,56,8,34,2,9,10,131,43
20260808,r6_d30_t2_w20,16,78,120,42,0,0,56,7,35,2,9,11,131,43
20260808,r6_d30_t2_w20,17,80,125,45,0,2,57,8,35,0,9,11,131,43
20260808,r6_d30_t2_w20,18,88,135,47,0,6,58,7,34,1,9,12,131,43
20260808,r6_d30_t2_w20,19,93,141,48,0,7,57,7,34,2,9,12,131,43
20260808,r6_d30_t2_w20,20,97,147,50,0,8,57,9,33,1,9,13,121,40
20260808,r6_d30_t2_w20,21,104,157,53,0,9,55,10,34,1,9,13,121,40
20260808,r6_d30_t2_w20,22,112,167,55,0,12,55,10,33,2,9,14,121,40
20260808,r6_d30_t2_w20,23,121,177,56,0,13,56,10,33,1,9,16,121,40
20260808,r6_d30_t2_w20,24,125,186,60,1,17,56,8,35,1,9,17,121,40
20260808,r6_d30_t2_w20,25,134,196,61,1,21,59,7,33,1,9,17,126,43
20260808,r6_d30_t2_w20,26,132,202,65,5,25,60,11,29,0,9,16,126,43
20260808,r6_d30_t2_w20,27,134,210,67,9,30,62,13,24,1,9,18,126,43
20260808,r6_d30_t2_w20,28,133,215,68,14,31,60,13,24,3,9,19,126,43
20260808,r6_d30_t2_w20,29,133,223,70,20,35,61,13,22,4,9,19,126,43
20260808,r6_d30_t2_w20,30,130,230,75,25,36,58,15,24,3,9,18,131,43
20260808,r6_d30_t2_w20,31,129,240,80,31,40,57,17,23,3,10,17,131,43
20260808,r6_d30_t2_w20,32,128,248,83,37,41,44,15,27,14,12,17,131,43
20260808,r6_d30_t2_w20,33,130,256,85,41,41,35,17,27,21,14,16,131,43
20260808,r6_d30_t2_w20,34,118,262,98,46,44,36,25,29,10,12,15,131,43
20260808,r6_d30_t2_w20,35,107,267,108,52,46,36,26,36,2,9,14,131,43
20260808,r6_d30_t2_w20,36,107,273,110,56,46,35,22,42,1,9,13,131,43
20260808,r6_d30_t2_w20,37,106,278,113,59,47,34,21,45,0,11,12,131,43
20260808,r6_d30_t2_w20,38,105,287,114,68,50,35,14,50,1,15,12,131,43
20260808,r6_d30_t2_w20,39,105,292,114,73,50,35,11,53,1,16,11,131,43
20260808,r6_d30_t2_w20,40,108,302,116,78,52,35,12,52,1,15,11,131,43
20260808,r6_d30_t2_w20,41,103,308,119,86,55,34,11,53,2,15,10,131,43
20260808,r6_d30_t2_w20,42,103,316,120,93,57,35,9,54,2,16,8,131,43
20260808,r6_d30_t2_w20,43,100,324,124,100,61,34,11,52,3,16,8,131,43
20260808,r6_d30_t2_w20,44,98,329,126,105,63,33,10,53,4,15,9,131,43
20260808,r6_d30_t2_w20,45,96,337,131,110,68,34,12,51,3,12,9,131,43
20260808,r6_d30_t2_w20,46,92,342,135,115,73,35,14,48,3,11,9,131,43
20260808,r6_d30_t2_w20,47,95,352,136,121,76,37,10,50,3,10,11,131,43
20260808,r6_d30_t2_w20,48,96,358,139,123,80,39,12,47,2,10,11,131,43
20260808,r6_d30_t2_w20,49,93,364,141,130,81,39,13,47,1,9,12,131,43
20260808,r6_d30_t2_w20,50,101,374,143,130,81,37,10,52,1,9,13,126,43
20260808,r6_d30_t2_w20,51,107,381,144,130,86,38,9,49,4,9,13,126,43
20260808,r6_d30_t2_w20,52,113,391,148,130,90,37,10,48,5,9,15,126,43
20260808,r6_d30_t2_w20,53,119,401,152,130,93,38,11,48,3,9,15,126,43
20260808,r6_d30_t2_w20,54,123,411,157,131,99,40,15,43,2,9,16,126,43
20260808,r6_d30_t2_w20,55,126,419,162,131,108,43,20,34,3,9,16,131,43
20260808,r6_d30_t2_w20,56,134,429,164,131,112,43,20,32,5,9,17,131,43
20260808,r6_d30_t2_w20,57,139,438,168,131,117,44,22,29,5,9,19,131,43
20260808,r6_d30_t2_w20,58,140,446,171,135,122,49,20,29,2,9,18,131,43
20260808,r6_d30_t2_w20,59,145,456,174,137,123,48,16,35,1,9,19,131,43
20260808,r6_d30_t2_w20,60,140,462,177,145,124,46,16,37,1,9,19,131,43
20260808,r6_d30_t2_w20,61,138,469,182,149,127,43,20,35,2,10,18,131,43
20260808,r6_d30_t2_w20,62,138,474,182,154,127,31,17,38,14,10,18,131,43
20260808,r6_d30_t2_w20,63,133,479,186,160,130,14,14,42,30,11,17,131,43
20260808,r6_d30_t2_w20,64,124,486,198,164,134,17,24,40,19,9,17,131,43
20260808,r6_d30_t2_w20,65,110,492,211,171,134,22,33,44,1,9,15,131,43
20260808,r6_d30_t2_w20,66,109,501,217,175,138,19,33,46,2,9,13,131,43
20260808,r6_d30_t2_w20,67,108,510,217,185,139,19,25,53,3,10,13,131,43
20260808,r6_d30_t2_w20,68,110,520,221,189,145,16,18,58,8,12,12,131,43
20260808,r6_d30_t2_w20,69,113,530,224,193,148,15,14,62,9,14,11,131,43
20260808,r6_d30_t2_w20,70,103,536,232,201,150,14,17,65,4,13,11,131,43
20260808,r6_d30_t2_w20,71,103,543,234,206,153,15,17,64,4,14,10,131,43
20260808,r6_d30_t2_w20,72,102,552,237,213,155,16,14,68,2,16,8,131,43
20260808,r6_d30_t2_w20,73,101,562,240,221,157,16,16,67,1,16,10,131,43
20260808,r6_d30_t2_w20,74,98,572,243,231,160,14,17,66,3,14,11,131,43
20260808,r6_d30_t2_w20,75,95,577,245,237,164,16,11,70,3,14,10,131,43
20260808,r6_d30_t2_w20,76,91,584,248,245,170,19,10,68,3,12,12,131,43
20260808,r6_d30_t2_w20,77,88,590,252,250,174,19,12,66,3,11,12,131,43
20260808,r6_d30_t2_w20,78,86,597,255,256,181,20,14,60,6,9,13,131,43
20260808,r6_d30_t2_w20,79,85,605,257,263,184,21,12,61,6,9,14,131,43
20260808,r6_d30_t2_w20,80,87,612,262,263,188,23,14,60,3,9,14,131,43
20260808,r6_d30_t2_w20,81,93,620,264,263,195,25,14,55,6,9,17,131,43
20260808,r6_d30_t2_w20,82,100,630,267,263,204,32,14,49,5,9,17,131,43
20260808,r6_d30_t2_w20,83,102,636,271,263,207,33,15,49,3,9,17,131,43
20260808,r6_d30_t2_w20,84,106,641,272,263,211,37,13,48,2,9,16,131,43
20260808,r6_d30_t2_w20,85,107,647,276,264,211,35,14,51,0,9,16,131,43
20260808,r6_d30_t2_w20,86,110,653,279,264,217,37,14,48,1,9,16,131,43
20260808,r6_d30_t2_w20,87,118,662,280,264,220,39,14,46,1,9,17,131,43
20260808,r6_d30_t2_w20,88,123,670,282,265,222,39,16,44,1,9,18,131,43
20260808,r6_d30_t2_w20,89,127,677,284,266,228,39,13,43,5,9,19,131,43
20260808,r6_d30_t2_w20,90,128,684,290,266,232,35,13,45,7,9,19,131,43
20260808,r6_d30_t2_w20,91,129,692,295,268,234,35,15,46,4,9,17,131,43
20260808,r6_d30_t2_w20,92,127,699,300,272,237,34,14,49,3,10,16,131,43
20260808,r6_d30_t2_w20,93,124,705,301,280,240,25,12,49,14,11,16,131,43
20260808,r6_d30_t2_w20,94,120,711,304,287,245,23,10,49,18,12,15,131,43
20260808,r6_d30_t2_w20,95,110,718,316,292,250,25,20,46,9,11,15,131,43
20260808,r6_d30_t2_w20,96,103,725,325,297,254,24,25,46,5,11,15,131,43
20260808,r6_d30_t2_w20,97,105,734,328,301,257,26,23,48,3,13,14,131,43
20260808,r6_d30_t2_w20,98,108,744,330,306,258,26,17,55,2,17,13,131,43
20260808,r6_d30_t2_w20,99,104,749,332,313,262,27,15,55,3,17,12,131,43
20260808,r6_d30_t2_w20,100,107,757,335,315,267,27,12,56,5,18,10,121,40
20260808,r6_d30_t2_w20,101,108,766,338,320,271,27,11,56,6,18,8,121,40
20260808,r6_d30_t2_w20,102,105,772,341,326,273,28,10,58,4,16,8,121,40
20260808,r6_d30_t2_w20,103,104,777,344,329,275,28,8,61,3,16,8,121,40
20260808,r6_d30_t2_w20,104,105,786,349,332,279,25,12,58,5,15,9,121,40
20260808,r6_d30_t2_w20,105,105,793,351,337,283,26,11,57,6,15,11,131,43
20260808,r6_d30_t2_w20,106,102,798,355,341,287,28,15,53,4,12,11,131,43
20260808,r6_d30_t2_w20,107,97,803,359,347,289,28,13,57,2,9,12,131,43
20260808,r6_d30_t2_w20,108,98,813,362,353,294,31,12,56,1,9,13,131,43
20260808,r6_d30_t2_w20,109,98,820,364,358,295,31,11,58,0,9,13,131,43
20260808,r6_d30_t2_w20,110,102,830,368,360,297,29,13,58,0,9,13,131,43
20260808,r6_d30_t2_w20,111,108,837,369,360,303,33,14,52,1,9,14,131,43
20260808,r6_d30_t2_w20,112,112,843,370,361,307,35,9,54,2,9,16,131,43
20260808,r6_d30_t2_w20,113,118,852,373,361,310,36,10,53,1,9,16,131,43
20260808,r6_d30_t2_w20,114,123,859,375,361,316,41,10,49,0,9,16,131,43
20260808,r6_d30_t2_w20,115,130,869,378,361,319,40,12,47,1,9,17,131,43
20260808,r6_d30_t2_w20,116,128,875,381,366,325,43,12,44,1,9,17,131,43
20260808,r6_d30_t2_w20,117,127,884,384,373,330,44,14,40,2,9,17,131,43
20260808,r6_d30_t2_w20,118,120,890,388,382,336,45,16,36,3,9,16,131,43
20260808,r6_d30_t2_w20,119,123,898,392,383,337,42,18,37,3,9,16,131,43
20260808,r6_d30_t2_w20,120,122,907,398,387,338,38,24,36,2,9,16,131,43
20260808,r6_d30_t2_w20,121,121,915,403,391,343,39,26,34,1,9,15,131,43
20260808,r6_d30_t2_w20,122,126,924,403,395,345,39,19,39,3,11,15,131,43
20260808,r6_d30_t2_w20,123,127,929,404,398,348,21,14,42,23,13,15,131,43
20260808,r6_d30_t2_w20,124,123,937,408,406,354,23,13,41,23,14,13,131,43
20260808,r6_d30_t2_w20,125,103,946,431,412,358,25,35,38,2,9,12,121,40
20260808,r6_d30_t2_w20,126,102,951,435,414,358,22,31,46,1,10,12,121,40
20260808,r6_d30_t2_w20,127,105,959,435,419,361,23,28,46,3,13,12,121,40
20260808,r6_d30_t2_w20,128,103,968,437,428,362,22,21,54,3,13,11,121,40
20260808,r6_d30_t2_w20,129,104,978,441,433,364,22,14,63,1,14,11,121,40
20260808,r6_d30_t2_w20,130,103,987,444,440,370,26,15,59,0,14,11,131,43
20260808,r6_d30_t2_w20,131,104,995,445,446,373,27,14,58,1,16,10,131,43
20260808,r6_d30_t2_w20,132,107,1003,445,451,373,27,9,63,1,17,9,131,43
20260808,r6_d30_t2_w20,133,104,1009,446,459,376,29,7,63,1,17,9,131,43
20260808,r6_d30_t2_w20,134,104,1018,449,465,380,29,9,60,2,16,10,131,43
20260808,r6_d30_t2_w20,135,104,1028,452,472,383,30,9,60,1,12,13,131,43
20260808,r6_d30_t2_w20,136,106,1036,453,477,386,31,8,59,2,11,13,131,43
20260808,r6_d30_t2_w20,137,107,1044,453,484,392,34,6,55,5,9,13,131,43
20260808,r6_d30_t2_w20,138,107,1050,457,486,398,36,7,52,5,9,12,131,43
20260808,r6_d30_t2_w20,139,104,1057,462,491,400,35,10,52,3,9,12,131,43
20260808,r6_d30_t2_w20,140,108,1067,466,493,405,36,14,47,3,9,12,131,43
20260808,r6_d30_t2_w20,141,114,1077,470,493,410,37,16,44,3,9,14,131,43
20260808,r6_d30_t2_w20,142,117,1083,473,493,414,36,15,44,5,9,14,131,43
20260808,r6_d30_t2_w20,143,116,1090,480,494,422,36,21,37,6,9,14,131,43
20260808,r6_d30_t2_w20,144,118,1096,484,494,428,39,20,36,5,9,14,131,43
20260808,r6_d30_t2_w20,145,123,1103,486,494,430,39,20,36,5,9,15,131,43
20260808,r6_d30_t2_w20,146,127,1110,489,494,432,40,19,38,3,9,16,131,43
20260808,r6_d30_t2_w20,147,131,1118,493,494,435,41,21,37,1,9,18,131,43
20260808,r6_d30_t2_w20,148,135,1126,496,495,439,43,18,39,0,9,19,131,43
20260808,r6_d30_t2_w20,149,136,1135,497,502,441,42,14,42,2,9,18,131,43
20260808,r6_d30_t2_w20,150,136,1145,498,511,445,45,11,42,2,9,16,131,43
20260808,r6_d30_t2_w20,151,135,1151,501,515,448,45,12,41,2,10,16,131,43
20260808,r6_d30_t2_w20,152,134,1161,505,522,450,29,15,40,16,12,14,131,43
20260808,r6_d30_t2_w20,153,135,1171,509,527,452,14,11,46,29,13,14,131,43
20260808,r6_d30_t2_w20,154,120,1178,524,534,453,13,24,47,16,12,13,131,43
20260808,r6_d30_t2_w20,155,106,1188,540,542,455,13,31,54,2,11,11,126,43
20260808,r6_d30_t2_w20,156,105,1197,543,549,458,12,30,55,3,11,10,126,43
20260808,r6_d30_t2_w20,157,102,1203,545,556,459,12,23,63,2,13,10,126,43
20260808,r6_d30_t2_w20,158,103,1211,549,559,462,12,19,68,1,14,10,126,43
20260808,r6_d30_t2_w20,159,105,1220,551,564,468,13,18,65,4,14,10,126,43
20260808,r6_d30_t2_w20,160,99,1225,553,573,471,12,15,67,6,14,9,131,43
20260808,r6_d30_t2_w20,161,95,1231,556,580,474,13,13,69,5,14,9,131,43
20260808,r6_d30_t2_w20,162,96,1239,560,583,478,13,13,69,5,13,9,131,43
20260808,r6_d30_t2_w20,163,99,1247,563,585,482,14,7,74,5,14,8,131,43
20260808,r6_d30_t2_w20,164,96,1252,567,589,486,15,9,72,4,13,8,131,43
20260808,r6_d30_t2_w20,165,92,1258,570,596,491,15,10,69,6,13,8,131,43
20260808,r6_d30_t2_w20,166,94,1268,572,602,495,16,11,66,7,13,8,131,43
20260808,r6_d30_t2_w20,167,89,1274,577,608,501,19,15,61,5,11,9,131,43
20260808,r6_d30_t2_w20,168,89,1284,583,612,508,19,19,56,6,9,9,131,43
20260808,r6_d30_t2_w20,169,83,1289,588,618,514,20,24,50,6,9,9,131,43
20260808,r6_d30_t2_w20,170,86,1299,594,619,519,22,25,50,3,9,10,131,43
20260808,r6_d30_t2_w20,171,90,1306,597,619,524,24,21,52,3,9,11,131,43
20260808,r6_d30_t2_w20,172,93,1312,599,620,533,29,18,48,5,9,13,131,43
20260808,r6_d30_t2_w20,173,96,1318,601,621,535,30,15,51,4,9,13,131,43
20260808,r6_d30_t2_w20,174,96,1323,606,621,539,31,15,52,2,9,14,131,43
20260808,r6_d30_t2_w20,175,101,1329,607,621,542,32,13,52,3,9,15,131,43
20260808,r6_d30_t2_w20,176,104,1335,608,623,547,35,11,50,4,9,15,131,43
20260808,r6_d30_t2_w20,177,110,1343,610,623,549,35,12,49,4,9,16,131,43
20260808,r6_d30_t2_w20,178,114,1351,614,623,556,37,13,45,5,9,17,131,43
20260808,r6_d30_t2_w20,179,116,1358,618,624,560,39,15,43,3,9,17,131,43
20260808,r6_d30_t2_w20,180,120,1367,623,624,560,35,20,43,2,9,16,121,40
20260808,r6_d30_t2_w20,181,127,1377,626,624,564,32,16,46,6,11,16,121,40
20260808,r6_d30_t2_w20,182,127,1383,631,625,569,24,18,44,14,12,16,121,40
20260808,r6_d30_t2_w20,183,127,1393,636,630,570,22,22,44,12,14,15,121,40
20260808,r6_d30_t2_w20,184,120,1401,648,633,574,20,29,45,6,11,14,121,40
20260808,r6_d30_t2_w20,185,123,1410,650,637,574,19,18,58,5,15,13,131,43
20260808,r6_d30_t2_w20,186,120,1418,654,644,577,20,14,63,3,14,13,131,43
20260808,r6_d30_t2_w20,187,120,1426,657,649,582,21,11,64,4,16,13,131,43
20260808,r6_d30_t2_w20,188,117,1434,660,657,586,23,14,60,3,16,13,131,43
20260808,r6_d30_t2_w20,189,117,1439,662,660,590,23,10,62,5,16,12,131,43
20260808,r6_d30_t2_w20,190,115,1447,664,668,595,26,10,59,5,17,9,131,43
20260808,r6_d30_t2_w20,191,113,1453,669,671,600,26,11,58,5,17,10,131,43
20260808,r6_d30_t2_w20,192,113,1458,670,675,602,26,8,60,6,18,10,131,43
20260808,r6_d30_t2_w20,193,115,1468,674,679,605,26,11,58,5,17,11,131,43
20260808,r6_d30_t2_w20,194,114,1473,677,682,610,26,12,55,7,17,14,131,43
20260808,r6_d30_t2_w20,195,117,1483,681,685,611,26,13,57,4,13,16,131,43
20260808,r6_d30_t2_w20,196,113,1491,688,690,615,26,18,55,1,11,16,131,43
20260808,r6_d30_t2_w20,197,110,1497,690,697,617,24,17,56,3,10,16,131,43
20260808,r6_d30_t2_w20,198,110,1506,694,702,621,25,15,58,2,9,17,131,43
20260808,r6_d30_t2_w20,199,111,1513,697,705,625,28,12,60,0,9,17,131,43
20260808,r6_d30_t2_w20,200,115,1520,699,706,630,31,11,58,0,9,18,131,43
20260808,r6_d30_t2_w20,201,120,1526,700,706,634,32,10,56,2,9,18,131,43
20260808,r6_d30_t2_w20,202,128,1535,701,706,641,36,8,52,4,9,19,131,43
20260808,r6_d30_t2_w20,203,130,1542,705,707,648,40,9,48,3,9,21,131,43
20260808,r6_d30_t2_w20,204,135,1552,708,709,652,42,11,45,2,9,20,131,43
20260808,r6_d30_t2_w20,205,132,1558,710,716,654,43,11,45,1,9,19,131,43
20260808,r6_d30_t2_w20,206,131,1563,711,721,659,45,10,42,3,9,20,131,43
20260808,r6_d30_t2_w20,207,128,1571,714,729,666,48,10,38,4,9,19,131,43
20260808,r6_d30_t2_w20,208,126,1578,720,732,670,48,14,36,2,9,19,131,43
20260808,r6_d30_t2_w20,209,128,1588,723,737,674,50,14,35,1,9,21,131,43
20260808,r6_d30_t2_w20,210,123,1593,728,742,675,47,18,35,0,9,20,131,43
20260808,r6_d30_t2_w20,211,123,1601,730,748,676,46,16,38,0,9,18,131,43
20260808,r6_d30_t2_w20,212,123,1607,732,752,678,44,13,41,2,10,18,131,43
20260808,r6_d30_t2_w20,213,117,1613,734,762,681,32,12,41,15,12,17,131,43
20260808,r6_d30_t2_w20,214,119,1622,738,765,687,27,15,36,22,13,17,131,43
20260808,r6_d30_t2_w20,215,109,1631,751,771,688,28,26,37,9,11,16,131,43
20260808,r6_d30_t2_w20,216,100,1636,760,776,690,29,25,45,1,10,16,131,43
20260808,r6_d30_t2_w20,217,100,1641,761,780,691,28,22,48,2,11,14,131,43
20260808,r6_d30_t2_w20,218,96,1646,762,788,694,30,13,55,2,11,13,131,43
20260808,r6_d30_t2_w20,219,94,1652,764,794,696,30,11,57,2,11,12,131,43
20260808,r6_d30_t2_w20,220,92,1657,765,800,698,30,8,59,3,12,11,131,43
20260808,r6_d30_t2_w20,221,91,1666,769,806,700,28,8,61,3,16,10,131,43
20260808,r6_d30_t2_w20,222,87,1673,774,812,706,29,10,58,3,16,7,131,43
20260808,r6_d30_t2_w20,223,90,1683,776,817,708,29,12,56,3,15,7,131,43
20260808,r6_d30_t2_w20,224,84,1689,779,826,711,29,13,55,3,14,7,131,43
20260808,r6_d30_t2_w20,225,85,1698,782,831,717,31,14,51,4,10,9,131,43
20260808,r6_d30_t2_w20,226,87,1708,786,835,722,31,16,48,5,10,11,131,43
20260808,r6_d30_t2_w20,227,84,1713,789,840,726,34,16,47,3,9,11,131,43
20260808,r6_d30_t2_w20,228,83,1718,793,842,727,32,16,50,2,9,11,131,43
20260808,r6_d30_t2_w20,229,82,1726,794,850,732,35,13,49,3,9,12,131,43
20260808,r6_d30_t2_w20,230,86,1736,800,850,740,39,18,42,1,9,14,131,43
20260808,r6_d30_t2_w20,231,92,1744,802,850,743,40,17,42,1,9,15,131,43
20260808,r6_d30_t2_w20,232,100,1752,802,850,745,41,13,44,2,9,15,131,43
20260808,r6_d30_t2_w20,233,105,1759,804,850,750,45,13,41,1,9,15,131,43
20260808,r6_d30_t2_w20,234,108,1765,807,850,753,44,15,39,2,9,15,131,43
20260808,r6_d30_t2_w20,235,113,1771,808,850,756,46,13,39,2,9,15,111,40
20260808,r6_d30_t2_w20,236,118,1780,812,850,759,47,14,39,0,9,15,111,40
20260808,r6_d30_t2_w20,237,122,1785,813,850,763,48,11,39,2,9,16,111,40
20260808,r6_d30_t2_w20,238,128,1794,816,850,767,46,11,38,5,9,17,111,40
20260808,r6_d30_t2_w20,239,130,1800,818,852,769,47,12,37,4,9,17,111,40
20260808,r6_d30_t2_w20,240,133,1806,821,852,770,47,12,39,2,9,16,131,43
20260808,r6_d30_t2_w20,241,130,1812,823,859,774,45,12,37,6,10,15,131,43
20260808,r6_d30_t2_w20,242,131,1819,826,862,778,36,12,36,16,10,14,131,43
20260808,r6_d30_t2_w20,243,129,1828,831,868,779,22,14,38,26,13,13,131,43
20260808,r6_d30_t2_w20,244,119,1835,843,873,781,20,23,39,18,12,12,131,43
20260808,r6_d30_t2_w20,245,101,1842,859,882,786,23,34,39,4,9,11,131,43
20260808,r6_d30_t2_w20,246,98,1849,862,889,790,24,29,43,4,10,11,131,43
20260808,r6_d30_t2_w20,247,102,1858,863,893,790,24,21,52,3,12,11,131,43
20260808,r6_d30_t2_w20,248,106,1868,867,895,796,26,19,52,3,12,10,131,43
20260808,r6_d30_t2_w20,249,104,1877,870,903,798,23,16,56,5,13,9,131,43
20260808,r6_d30_t2_w20,250,100,1883,873,910,801,25,16,56,3,16,9,131,43
20260808,r6_d30_t2_w20,251,100,1891,875,916,802,23,12,61,4,15,9,131,43
20260808,r6_d30_t2_w20,252,99,1898,878,921,806,23,13,59,5,17,11,131,43
20260808,r6_d30_t2_w20,253,98,1903,881,924,807,22,13,61,4,17,10,131,43
20260808,r6_d30_t2_w20,254,97,1909,883,929,810,23,14,59,4,16,11,131,43
20260808,r6_d30_t2_w20,255,102,1919,885,932,813,25,16,56,3,15,11,122,43
20260808,r6_d30_t2_w20,256,93,1924,891,940,815,23,19,57,1,11,11,122,43
20260808,r6_d30_t2_w20,257,92,1929,893,944,819,24,14,60,2,9,12,122,43
20260808,r6_d30_t2_w20,258,92,1936,893,951,824,26,9,60,5,9,12,122,43
20260808,r6_d30_t2_w20,259,91,1946,899,956,827,23,11,61,5,9,12,122,43
20260808,r6_d30_t2_w20,260,90,1953,907,956,836,27,18,53,2,9,12,131,43
20260808,r6_d30_t2_w20,261,92,1960,911,957,839,27,20,52,1,9,12,131,43
20260808,r6_d30_t2_w20,262,99,1970,913,958,843,28,19,51,2,9,13,131,43
20260808,r6_d30_t2_w20,263,106,1979,915,958,845,28,15,55,2,9,14,131,43
20260808,r6_d30_t2_w20,264,112,1989,919,958,852,32,14,53,1,9,16,131,43
20260808,r6_d30_t2_w20,265,115,1995,922,958,861,38,13,48,1,9,17,131,43
20260808,r6_d30_t2_w20,266,121,2001,922,958,866,42,12,44,2,9,17,131,43
20260808,r6_d30_t2_w20,267,124,2006,924,958,869,43,12,43,2,9,19,131,43
20260808,r6_d30_t2_w20,268,123,2013,926,964,872,43,12,42,3,9,21,131,43
20260808,r6_d30_t2_w20,269,123,2019,927,969,875,46,9,43,2,9,20,131,43
20260808,r6_d30_t2_w20,270,124,2028,932,972,880,46,12,40,2,10,20,131,43
20260808,r6_d30_t2_w20,271,128,2037,932,977,883,35,7,42,16,10,19,131,43
20260808,r6_d30_t2_w20,272,127,2044,934,983,885,23,9,40,28,11,17,131,43
20260808,r6_d30_t2_w20,273,118,2051,949,984,888,20,22,39,19,11,17,131,43
20260808,r6_d30_t2_w20,274,103,2057,964,990,891,22,30,43,5,9,16,131,43
20260808,r6_d30_t2_w20,275,100,2064,970,994,894,22,33,43,2,10,16,131,43
20260808,r6_d30_t2_w20,276,102,2074,973,999,900,22,26,47,5,13,16,131,43
20260808,r6_d30_t2_w20,277,103,2080,976,1001,903,22,16,57,5,12,15,131,43
20260808,r6_d30_t2_w20,278,103,2088,979,1006,906,24,12,61,3,13,15,131,43
20260808,r6_d30_t2_w20,279,95,2093,985,1013,910,23,15,60,2,13,15,131,43
20260808,r6_d30_t2_w20,280,95,2099,987,1017,912,23,16,59,2,14,14,131,43
20260808,r6_d30_t2_w20,281,95,2108,991,1022,915,21,19,57,3,15,12,131,43
20260808,r6_d30_t2_w20,282,98,2118,992,1028,918,22,18,56,4,15,11,131,43
20260808,r6_d30_t2_w20,283,95,2125,997,1033,921,22,19,57,2,15,10,131,43
20260808,r6_d30_t2_w20,284,95,2135,999,1041,922,22,16,61,1,13,11,131,43
20260808,r6_d30_t2_w20,285,95,2140,999,1046,925,23,9,65,3,11,11,121,40
20260808,r6_d30_t2_w20,286,99,2150,1001,1050,927,23,10,64,3,9,13,121,40
20260808,r6_d30_t2_w20,287,97,2155,1004,1054,931,25,11,62,2,10,13,121,40
20260808,r6_d30_t2_w20,288,97,2163,1007,1059,937,25,13,57,5,9,14,121,40
20260808,r6_d30_t2_w20,289,94,2169,1010,1065,943,27,15,52,6,9,15,121,40
20260808,r6_d30_t2_w20,290,96,2174,1013,1065,947,32,12,54,2,9,16,126,43
20260808,r6_d30_t2_w20,291,99,2181,1015,1067,950,35,13,52,0,9,17,126,43
20260808,r6_d30_t2_w20,292,106,2189,1015,1068,960,45,8,47,0,9,17,126,43
20260808,r6_d30_t2_w20,293,112,2195,1015,1068,966,50,6,43,1,9,20,126,43
20260808,r6_d30_t2_w20,294,116,2201,1017,1068,969,50,6,42,2,9,20,126,43
20260808,r6_d30_t2_w20,295,124,2211,1019,1068,972,50,7,40,3,9,19,131,43
20260808,r6_d30_t2_w20,296,128,2218,1022,1068,975,50,7,40,3,9,19,131,43
20260808,r6_d30_t2_w20,297,129,2224,1025,1070,976,50,9,40,1,9,19,131,43
20260808,r6_d30_t2_w20,298,132,2233,1027,1074,980,51,10,37,2,9,19,131,43
20260808,r6_d30_t2_w20,299,133,2240,1030,1077,984,51,12,34,3,9,18,131,43
20260808,r6_d30_t2_w20,300,126,2245,1038,1081,991,50,16,31,3,9,16,131,43
20260808,r6_d30_t2_w20,301,123,2250,1040,1087,995,51,18,27,4,9,15,131,43
20260808,r6_d30_t2_w20,302,119,2256,1044,1093,997,47,19,28,6,11,14,131,43
20260808,r6_d30_t2_w20,303,118,2261,1046,1097,998,34,16,32,18,12,13,131,43
20260808,r6_d30_t2_w20,304,115,2271,1052,1104,1002,35,21,29,15,13,12,131,43
20260808,r6_d30_t2_w20,305,106,2279,1068,1105,1003,33,29,36,2,9,12,131,43
20260808,r6_d30_t2_w20,306,104,2287,1069,1114,1003,33,22,44,1,10,11,131,43
20260808,r6_d30_t2_w20,307,105,2292,1070,1117,1003,31,15,52,2,12,10,131,43
20260808,r6_d30_t2_w20,308,107,2301,1070,1124,1004,31,12,54,3,15,10,131,43
20260808,r6_d30_t2_w20,309,107,2308,1072,1129,1006,32,10,56,2,15,9,131,43
20260808,r6_d30_t2_w20,310,105,2314,1075,1134,1011,34,8,56,2,15,9,131,43
20260808,r6_d30_t2_w20,311,104,2323,1079,1140,1016,35,9,54,2,16,8,131,43
20260808,r6_d30_t2_w20,312,100,2329,1081,1148,1018,35,8,55,2,17,8,131,43
20260808,r6_d30_t2_w20,313,101,2338,1083,1154,1019,35,8,56,1,17,9,131,43
20260808,r6_d30_t2_w20,314,103,2347,1085,1159,1022,36,9,54,1,16,9,131,43
20260808,r6_d30_t2_w20,315,99,2353,1086,1168,1025,38,10,51,1,15,10,131,43
20260808,r6_d30_t2_w20,316,99,2359,1087,1173,1028,41,9,50,0,11,11,131,43
20260808,r6_d30_t2_w20,317,100,2366,1088,1178,1031,41,7,50,2,10,12,131,43
20260808,r6_d30_t2_w20,318,100,2375,1089,1186,1041,48,5,43,4,9,13,131,43
20260808,r6_d30_t2_w20,319,101,2385,1094,1190,1047,51,9,38,2,9,13,131,43
20260808,r6_d30_t2_w20,320,104,2392,1097,1191,1050,52,8,39,1,9,13,131,43
20260808,r6_d30_t2_w20,321,109,2400,1099,1192,1051,51,10,38,1,9,14,131,43
20260808,r6_d30_t2_w20,322,114,2408,1102,1192,1056,52,11,35,2,9,14,131,43
20260808,r6_d30_t2_w20,323,118,2414,1103,1193,1060,55,10,33,2,9,15,131,43
20260808,r6_d30_t2_w20,324,120,2423,1109,1194,1064,54,14,31,1,9,15,131,43
20260808,r6_d30_t2_w20,325,128,2432,1109,1195,1067,56,12,30,2,9,16,131,43
20260808,r6_d30_t2_w20,326,131,2438,1112,1195,1072,57,14,26,3,9,17,131,43
20260808,r6_d30_t2_w20,327,131,2444,1116,1197,1075,57,15,26,2,9,16,131,43
20260808,r6_d30_t2_w20,328,129,2450,1118,1203,1076,58,16,26,0,9,18,131,43
20260808,r6_d30_t2_w20,329,128,2455,1119,1208,1080,58,14,25,3,9,17,131,43
20260808,r6_d30_t2_w20,330,130,2465,1123,1212,1082,55,13,28,4,10,17,131,43
20260808,r6_d30_t2_w20,331,129,2472,1126,1217,1084,45,13,29,13,11,16,131,43
20260808,r6_d30_t2_w20,332,124,2477,1130,1223,1087,15,16,27,42,11,16,131,43
20260808,r6_d30_t2_w20,333,113,2486,1142,1231,1087,14,22,33,31,9,15,131,43
20260808,r6_d30_t2_w20,334,94,2496,1163,1239,1087,23,36,40,1,9,12,131,43
20260808,r6_d30_t2_w20,335,89,2501,1167,1245,1088,21,28,51,0,9,12,121,40
20260808,r6_d30_t2_w20,336,85,2508,1172,1251,1089,17,24,59,0,9,12,121,40
20260808,r6_d30_t2_w20,337,82,2514,1174,1258,1093,17,19,62,2,9,10,121,40
20260808,r6_d30_t2_w20,338,83,2524,1174,1267,1093,16,11,70,3,10,8,121,40
20260808,r6_d30_t2_w20,339,80,2529,1176,1273,1097,14,9,70,7,10,8,121,40
20260808,r6_d30_t2_w20,340,78,2535,1179,1278,1100,13,11,68,8,11,7,131,43
20260808,r6_d30_t2_w20,341,72,2541,1185,1284,1100,13,11,74,2,9,7,131,43
20260808,r6_d30_t2_w20,342,68,2546,1187,1291,1101,13,13,73,1,9,7,131,43
20260808,r6_d30_t2_w20,343,66,2553,1191,1296,1104,12,13,74,1,10,6,131,43
20260808,r6_d30_t2_w20,344,65,2560,1193,1302,1111,13,13,69,5,11,5,131,43
20260808,r6_d30_t2_w20,345,62,2566,1194,1310,1113,11,11,70,8,9,5,131,43
20260808,r6_d30_t2_w20,346,60,2573,1200,1313,1117,12,15,68,5,9,7,131,43
20260808,r6_d30_t2_w20,347,60,2581,1205,1316,1122,13,18,65,4,8,9,131,43
20260808,r6_d30_t2_w20,348,60,2589,1209,1320,1131,17,15,63,5,9,9,131,43
20260808,r6_d30_t2_w20,349,62,2596,1212,1322,1137,19,15,60,6,9,9,131,43
20260808,r6_d30_t2_w20,350,62,2601,1217,1322,1145,21,15,57,7,8,9,131,43
20260808,r6_d30_t2_w20,351,67,2610,1221,1322,1151,24,13,57,6,8,10,131,43
20260808,r6_d30_t2_w20,352,68,2617,1227,1322,1156,26,18,53,3,8,11,131,43
20260808,r6_d30_t2_w20,353,69,2622,1231,1322,1163,27,17,51,5,9,11,131,43
20260808,r6_d30_t2_w20,354,75,2632,1235,1322,1172,29,18,45,8,9,11,131,43
20260808,r6_d30_t2_w20,355,77,2640,1241,1322,1177,30,19,45,6,9,10,131,43
20260808,r6_d30_t2_w20,356,78,2647,1245,1324,1179,30,21,45,4,9,11,131,43
20260808,r6_d30_t2_w20,357,84,2657,1249,1324,1180,28,21,48,3,9,12,131,43
20260808,r6_d30_t2_w20,358,88,2664,1251,1325,1181,28,21,49,2,9,14,131,43
20260808,r6_d30_t2_w20,359,94,2673,1253,1326,1183,27,20,50,3,9,15,131,43
20260808,r6_d30_t2_w20,360,99,2681,1256,1326,1186,26,19,51,4,10,15,126,43
20260808,r6_d30_t2_w20,361,104,2689,1259,1326,1188,16,18,53,13,10,15,126,43
20260808,r6_d30_t2_w20,362,110,2698,1262,1326,1193,13,18,51,18,13,15,126,43
20260808,r6_d30_t2_w20,363,104,2703,1273,1326,1195,14,24,54,8,11,15,126,43
20260808,r6_d30_t2_w20,364,101,2708,1281,1326,1198,15,26,57,2,11,14,126,43
20260808,r6_d30_t2_w20,365,106,2715,1283,1326,1202,14,21,60,5,13,13,131,43
20260808,r6_d30_t2_w20,366,113,2725,1286,1326,1208,14,21,57,8,14,13,131,43
20260808,r6_d30_t2_w20,367,115,2733,1292,1326,1214,14,21,57,8,15,13,131,43
20260808,r6_d30_t2_w20,368,113,2738,1297,1328,1216,14,15,66,5,16,13,131,43
20260808,r6_d30_t2_w20,369,113,2748,1302,1333,1218,14,16,68,2,16,12,131,43
20260808,r6_d30_t2_w20,370,117,2756,1304,1335,1223,14,14,67,5,16,11,131,43
20260808,r6_d30_t2_w20,371,113,2765,1308,1344,1227,15,14,67,4,17,9,131,43
20260808,r6_d30_t2_w20,372,111,2771,1314,1346,1232,17,19,63,1,16,9,131,43
20260808,r6_d30_t2_w20,373,115,2779,1314,1350,1235,18,16,63,3,17,10,131,43
20260808,r6_d30_t2_w20,374,108,2785,1317,1360,1241,18,15,61,6,17,11,131,43
20260808,r6_d30_t2_w20,375,104,2791,1322,1365,1246,19,16,60,5,15,12,131,43
20260808,r6_d30_t2_w20,376,100,2796,1327,1369,1247,18,19,61,2,13,12,131,43
20260808,r6_d30_t2_w20,377,99,2803,1328,1376,1248,18,15,65,2,10,12,131,43
20260808,r6_d30_t2_w20,378,96,2808,1330,1382,1251,17,11,68,4,9,12,131,43
20260808,r6_d30_t2_w20,379,96,2816,1331,1389,1257,22,9,65,4,9,15,131,43
20260808,r6_d30_t2_w20,380,101,2824,1334,1389,1262,25,10,62,3,9,15,115,42
20260808,r6_d30_t2_w20,381,105,2830,1336,1389,1264,25,9,63,3,9,15,115,42
20260808,r6_d30_t2_w20,382,111,2840,1340,1389,1270,28,12,58,2,9,16,115,42
20260808,r6_d30_t2_w20,383,114,2848,1345,1389,1276,30,16,53,1,9,15,115,42
20260808,r6_d30_t2_w20,384,120,2858,1349,1389,1282,32,15,52,1,9,16,115,42
20260808,r6_d30_t2_w20,385,127,2867,1351,1389,1291,37,15,45,3,9,16,131,43
20260808,r6_d30_t2_w20,386,132,2874,1352,1390,1296,41,12,44,3,9,18,131,43
20260808,r6_d30_t2_w20,387,130,2880,1356,1394,1299,42,14,43,1,9,17,131,43
20260808,r6_d30_t2_w20,388,133,2889,1358,1398,1304,44,13,41,2,9,18,131,43
20260808,r6_d30_t2_w20,389,134,2899,1360,1405,1306,44,15,39,2,9,18,131,43
20260808,r6_d30_t2_w20,390,124,2905,1370,1411,1308,38,21,41,0,9,16,121,40
20260808,r6_d30_t2_w20,391,118,2910,1373,1419,1314,40,21,38,1,9,15,121,40
20260808,r6_d30_t2_w20,392,118,2916,1373,1425,1316,41,18,39,2,9,13,121,40
20260808,r6_d30_t2_w20,393,118,2923,1374,1431,1321,43,16,37,4,10,13,121,40
20260808,r6_d30_t2_w20,394,117,2928,1375,1436,1324,25,15,36,24,13,13,121,40
20260808,r6_d30_t2_w20,395,111,2933,1381,1441,1328,24,20,33,23,14,11,131,43
20260808,r6_d30_t2_w20,396,96,2943,1402,1445,1330,25,36,36,3,9,11,131,43
20260808,r6_d30_t2_w20,397,95,2952,1406,1451,1333,26,31,42,1,10,10,131,43
20260808,r6_d30_t2_w20,398,99,2961,1409,1453,1334,24,29,46,1,11,10,131,43
20260808,r6_d30_t2_w20,399,97,2969,1411,1461,1336,22,27,48,3,14,10,131,43
20260808,r6_d30_t2_w20,400,98,2977,1412,1467,1338,22,23,51,4,15,9,131,43
20260808,r6_d30_t2_w20,401,99,2984,1414,1471,1341,22,19,54,5,15,9,131,43
20260808,r6_d30_t2_w20,402,95,2991,1417,1479,1343,23,13,61,3,16,9,131,43
20260808,r6_d30_t2_w20,403,96,3001,1422,1483,1345,21,15,62,2,15,8,131,43
20260808,r6_d30_t2_w20,404,96,3008,1422,1490,1345,21,12,65,2,14,8,131,43
20260808,r6_d30_t2_w20,405,98,3018,1426,1494,1351,22,12,63,3,11,9,131,43
20260808,r6_d30_t2_w20,406,99,3025,1426,1500,1355,22,11,60,7,9,11,131,43
20260808,r6_d30_t2_w20,407,104,3035,1431,1500,1357,22,12,62,4,10,13,131,43
20260808,r6_d30_t2_w20,408,104,3045,1435,1506,1360,22,10,65,3,9,14,131,43
20260808,r6_d30_t2_w20,409,102,3050,1435,1513,1366,26,7,62,5,9,15,131,43
20260808,r6_d30_t2_w20,410,106,3059,1439,1514,1370,28,8,61,3,9,16,131,43
20260808,r6_d30_t2_w20,411,108,3065,1443,1514,1375,31,10,58,1,9,17,131,43
20260808,r6_d30_t2_w20,412,110,3072,1447,1515,1380,33,11,56,0,9,17,131,43
20260808,r6_d30_t2_w20,413,117,3081,1449,1515,1386,37,13,50,0,9,18,131,43
20260808,r6_d30_t2_w20,414,121,3086,1450,1515,1393,41,13,44,2,9,19,131,43
20260808,r6_d30_t2_w20,415,126,3091,1450,1515,1399,46,12,39,3,9,19,131,43
20260808,r6_d30_t2_w20,416,130,3101,1455,1516,1402,46,13,40,1,9,20,131,43
20260808,r6_d30_t2_w20,417,133,3106,1456,1517,1403,46,12,41,1,9,20,131,43
20260808,r6_d30_t2_w20,418,139,3114,1457,1518,1408,50,9,40,1,9,21,131,43
20260808,r6_d30_t2_w20,419,138,3120,1458,1524,1409,50,10,39,1,9,19,131,43
20260808,r6_d30_t2_w20,420,129,3126,1465,1532,1414,47,11,40,2,9,19,131,43
20260808,r6_d30_t2_w20,421,127,3132,1467,1538,1420,50,13,34,3,9,19,131,43
20260808,r6_d30_t2_w20,422,128,3139,1468,1543,1422,48,12,34,6,11,18,131,43
20260808,r6_d30_t2_w20,423,126,3147,1471,1550,1425,25,13,33,29,12,15,131,43
20260808,r6_d30_t2_w20,424,124,3154,1478,1552,1430,20,19,29,32,15,14,131,43
20260808,r6_d30_t2_w20,425,96,3160,1506,1558,1435,20,41,30,9,9,13,131,43
20260808,r6_d30_t2_w20,426,92,3167,1513,1562,1435,20,37,41,2,9,11,131,43
20260808,r6_d30_t2_w20,427,89,3173,1515,1569,1435,19,32,48,1,10,10,131,43
20260808,r6_d30_t2_w20,428,84,3178,1516,1578,1438,21,27,51,1,10,10,131,43
20260808,r6_d30_t2_w20,429,87,3187,1518,1582,1439,19,16,63,2,13,9,131,43
20260808,r6_d30_t2_w20,430,90,3197,1518,1589,1442,19,10,66,5,16,9,131,43
20260808,r6_d30_t2_w20,431,86,3202,1521,1595,1443,19,8,70,3,15,8,131,43
20260808,r6_d30_t2_w20,432,84,3207,1524,1599,1443,19,9,72,0,15,8,131,43
20260808,r6_d30_t2_w20,433,84,3215,1526,1605,1447,20,10,69,1,15,7,131,43
20260808,r6_d30_t2_w20,434,81,3221,1530,1610,1451,18,12,67,3,14,7,131,43
20260808,r6_d30_t2_w20,435,84,3231,1533,1614,1456,20,13,64,3,14,7,131,43
20260808,r6_d30_t2_w20,436,82,3238,1536,1620,1459,21,11,66,2,10,8,131,43
20260808,r6_d30_t2_w20,437,82,3245,1539,1624,1461,21,9,69,1,10,9,131,43
20260808,r6_d30_t2_w20,438,81,3252,1541,1630,1467,23,10,64,3,9,10,131,43
20260808,r6_d30_t2_w20,439,81,3262,1546,1635,1473,23,15,58,4,9,10,131,43
20260808,r6_d30_t2_w20,440,88,3271,1548,1635,1485,30,14,49,7,9,11,131,43
20260808,r6_d30_t2_w20,441,93,3279,1551,1635,1488,29,14,49,8,9,11,131,43
20260808,r6_d30_t2_w20,442,92,3285,1558,1635,1491,28,20,47,5,9,12,131,43
20260808,r6_d30_t2_w20,443,98,3295,1562,1635,1496,28,23,43,6,9,13,131,43
20260808,r6_d30_t2_w20,444,102,3303,1566,1635,1500,30,27,39,4,9,13,131,43
20260808,r6_d30_t2_w20,445,108,3312,1569,1635,1505,33,23,41,3,9,13,121,40
20260808,r6_d30_t2_w20,446,114,3320,1571,1635,1511,38,18,42,2,9,14,121,40
20260808,r6_d30_t2_w20,447,118,3329,1576,1635,1517,41,19,40,0,9,14,121,40
20260808,r6_d30_t2_w20,448,122,3337,1579,1636,1521,40,19,39,2,9,15,121,40
20260808,r6_d30_t2_w20,449,124,3343,1582,1637,1523,39,18,41,2,9,16,121,40
20260808,r6_d30_t2_w20,450,126,3351,1587,1638,1526,36,21,40,3,9,16,131,43
20260808,r6_d30_t2_w20,451,129,3360,1589,1642,1528,33,18,43,6,10,16,131,43
20260808,r6_d30_t2_w20,452,128,3365,1592,1645,1528,23,19,45,13,11,16,131,43
20260808,r6_d30_t2_w20,453,131,3373,1595,1647,1530,24,17,48,11,12,15,131,43
20260808,r6_d30_t2_w20,454,125,3381,1606,1650,1532,24,21,53,2,11,14,131,43
20260808,r6_d30_t2_w20,455,126,3389,1607,1656,1535,26,14,58,2,13,12,131,43
20260808,r6_d30_t2_w20,456,123,3396,1610,1663,1538,27,14,58,1,16,11,131,43
20260808,r6_d30_t2_w20,457,124,3403,1611,1668,1541,28,14,56,2,17,11,131,43
20260808,r6_d30_t2_w20,458,126,3411,1613,1672,1544,27,11,58,4,18,11,131,43
20260808,r6_d30_t2_w20,459,126,3421,1615,1680,1548,28,11,56,5,17,11,131,43
20260808,r6_d30_t2_w20,460,127,3431,1619,1685,1551,26,11,57,6,17,11,131,43
20260808,r6_d30_t2_w20,461,126,3440,1623,1691,1555,28,14,54,4,17,11,131,43
20260808,r6_d30_t2_w20,462,124,3445,1626,1695,1558,28,14,54,4,17,11,131,43
20260808,r6_d30_t2_w20,463,120,3450,1627,1703,1563,28,11,53,8,17,11,131,43
20260808,r6_d30_t2_w20,464,113,3456,1633,1710,1571,31,14,48,7,15,11,131,43
20260808,r6_d30_t2_w20,465,106,3461,1639,1716,1574,30,16,49,5,14,11,131,43
20260808,r6_d30_t2_w20,466,104,3468,1642,1722,1577,30,13,52,5,12,12,131,43
20260808,r6_d30_t2_w20,467,105,3478,1645,1728,1581,30,14,50,6,10,12,131,43
20260808,r6_d30_t2_w20,468,103,3483,1647,1733,1586,33,13,48,6,9,11,131,43
20260808,r6_d30_t2_w20,469,100,3489,1653,1736,1589,34,17,47,2,9,11,131,43
20260808,r6_d30_t2_w20,470,104,3495,1655,1736,1592,36,11,52,1,9,12,131,43
20260808,r6_d30_t2_w20,471,111,3503,1656,1736,1596,37,11,49,3,9,13,131,43
20260808,r6_d30_t2_w20,472,117,3513,1660,1736,1599,37,10,51,2,9,14,131,43
20260808,r6_d30_t2_w20,473,120,3521,1665,1736,1603,36,14,48,2,9,14,131,43
20260808,r6_d30_t2_w20,474,129,3531,1666,1736,1608,40,13,45,2,9,15,131,43
20260808,r6_d30_t2_w20,475,135,3541,1670,1736,1610,39,15,45,1,9,17,131,43
20260808,r6_d30_t2_w20,476,134,3549,1672,1743,1612,36,14,46,4,9,17,131,43
20260808,r6_d30_t2_w20,477,134,3555,1674,1747,1615,38,14,45,3,9,16,131,43
20260808,r6_d30_t2_w20,478,129,3561,1680,1752,1616,36,17,47,0,9,16,131,43
20260808,r6_d30_t2_w20,479,124,3568,1683,1761,1621,38,16,46,0,9,15,131,43
20260808,r6_d30_t2_w20,480,120,3573,1685,1768,1628,42,17,40,1,9,14,131,43
20260808,r6_d30_t2_w20,481,116,3580,1688,1776,1631,41,16,41,2,9,13,131,43
20260808,r6_d30_t2_w20,482,115,3585,1691,1779,1634,40,15,42,3,10,13,131,43
20260808,r6_d30_t2_w20,483,116,3592,1694,1782,1639,30,16,39,15,12,12,131,43
20260808,r6_d30_t2_w20,484,121,3602,1696,1785,1641,25,13,42,20,15,12,131,43
20260808,r6_d30_t2_w20,485,110,3612,1712,1790,1646,25,26,40,9,13,11,131,43
20260808,r6_d30_t2_w20,486,102,3618,1720,1796,1646,24,31,43,2,12,11,131,43
20260808,r6_d30_t2_w20,487,99,3626,1724,1803,1649,22,24,51,3,13,10,131,43
20260808,r6_d30_t2_w20,488,100,3632,1725,1807,1653,22,19,53,6,13,9,131,43
20260808,r6_d30_t2_w20,489,103,3640,1729,1808,1657,23,20,52,5,15,9,131,43
20260808,r6_d30_t2_w20,490,102,3646,1732,1812,1658,24,19,55,2,16,8,126,43
20260808,r6_d30_t2_w20,491,102,3653,1734,1817,1660,25,16,58,1,17,8,126,43
20260808,r6_d30_t2_w20,492,99,3658,1735,1824,1662,24,10,63,3,16,10,126,43
20260808,r6_d30_t2_w20,493,100,3664,1736,1828,1664,23,8,64,5,15,11,126,43
20260808,r6_d30_t2_w20,494,97,3672,1740,1835,1670,24,9,61,6,16,12,126,43
20260808,r6_d30_t2_w20,495,97,3682,1743,1842,1674,25,10,59,6,12,12,131,43
20260808,r6_d30_t2_w20,496,99,3692,1747,1846,1678,26,12,57,5,11,14,131,43
20260808,r6_d30_t2_w20,497,98,3698,1750,1850,1685,29,12,53,6,10,13,131,43
20260808,r6_d30_t2_w20,498,100,3704,1752,1852,1687,30,12,53,5,9,14,131,43
20260808,r6_d30_t2_w20,499,94,3711,1759,1858,1690,28,17,52,3,9,16,131,43
20260808,r6_d30_t2_w20,500,97,3716,1761,1858,1695,30,16,50,4,9,16,131,43
20260808,r6_d30_t2_w20,501,101,3725,1765,1859,1701,32,18,46,4,9,15,131,43
20260808,r6_d30_t2_w20,502,105,3732,1767,1860,1706,36,18,43,3,9,15,131,43
20260808,r6_d30_t2_w20,503,110,3742,1771,1861,1709,36,17,45,2,9,18,131,43
20260808,r6_d30_t2_w20,504,114,3749,1773,1862,1715,38,15,43,4,9,18,131,43
20260808,r6_d30_t2_w20,505,117,3754,1774,1863,1718,39,8,48,5,9,18,131,43
20260808,r6_d30_t2_w20,506,119,3761,1778,1864,1722,42,9,47,2,9,19,131,43
20260808,r6_d30_t2_w20,507,125,3771,1782,1864,1727,43,12,43,2,9,19,131,43
20260808,r6_d30_t2_w20,508,131,3779,1783,1865,1730,43,12,41,4,9,20,131,43
20260808,r6_d30_t2_w20,509,136,3788,1785,1867,1732,43,13,40,4,9,21,131,43
20260808,r6_d30_t2_w20,510,135,3798,1791,1872,1733,39,16,42,3,10,20,131,43
20260808,r6_d30_t2_w20,511,135,3805,1794,1876,1739,29,18,37,16,11,18,131,43
20260808,r6_d30_t2_w20,512,135,3810,1795,1880,1744,17,14,37,32,10,16,131,43
20260808,r6_d30_t2_w20,513,123,3818,1811,1884,1748,16,26,37,21,10,15,131,43
20260808,r6_d30_t2_w20,514,111,3827,1829,1887,1750,17,42,37,4,9,14,131,43
20260808,r6_d30_t2_w20,515,102,3833,1835,1896,1753,17,35,47,1,9,13,131,43
20260808,r6_d30_t2_w20,516,102,3843,1835,1906,1756,17,27,52,4,11,11,131,43
20260808,r6_d30_t2_w20,517,106,3853,1836,1911,1759,14,22,55,9,12,11,131,43
20260808,r6_d30_t2_w20,518,104,3861,1841,1916,1762,13,22,57,8,13,10,131,43
20260808,r6_d30_t2_w20,519,99,3867,1847,1921,1763,12,20,64,4,13,10,131,43
20260808,r6_d30_t2_w20,520,101,3874,1849,1924,1764,12,13,72,3,14,10,101,38
20260808,r6_d30_t2_w20,521,99,3882,1852,1931,1769,12,10,73,5,15,10,101,38
20260808,r6_d30_t2_w20,522,95,3887,1854,1938,1773,13,12,69,6,15,10,101,38
20260808,r6_d30_t2_w20,523,97,3897,1858,1942,1773,13,12,73,2,15,10,101,38
20260808,r6_d30_t2_w20,524,94,3902,1861,1947,1777,13,11,73,3,15,10,101,38
20260808,r6_d30_t2_w20,525,94,3909,1863,1952,1782,14,11,70,5,15,10,126,43
20260808,r6_d30_t2_w20,526,95,3919,1867,1957,1787,14,10,70,6,15,10,126,43
20260808,r6_d30_t2_w20,527,96,3929,1871,1962,1793,16,12,66,6,11,13,126,43
20260808,r6_d30_t2_w20,528,93,3937,1876,1968,1797,16,14,65,5,10,13,126,43
20260808,r6_d30_t2_w20,529,86,3942,1880,1976,1799,15,14,67,4,9,13,126,43
20260808,r6_d30_t2_w20,530,89,3947,1882,1976,1802,18,15,65,2,9,13,131,43
20260808,r6_d30_t2_w20,531,93,3954,1884,1977,1806,20,16,62,2,9,13,131,43
20260808,r6_d30_t2_w20,532,97,3962,1888,1977,1820,27,16,52,5,9,14,131,43
20260808,r6_d30_t2_w20,533,102,3970,1891,1977,1822,24,16,53,7,9,14,131,43
20260808,r6_d30_t2_w20,534,105,3979,1897,1977,1830,28,17,50,5,9,14,131,43
20260808,r6_d30_t2_w20,535,105,3985,1903,1977,1833,28,22,48,2,9,14,131,43
20260808,r6_d30_t2_w20,536,108,3990,1905,1977,1837,30,20,48,2,9,14,131,43
20260808,r6_d30_t2_w20,537,112,3995,1906,1977,1841,32,19,46,3,9,14,131,43
20260808,r6_d30_t2_w20,538,115,4002,1909,1978,1846,35,19,44,2,9,16,131,43
20260808,r6_d30_t2_w20,539,119,4007,1910,1978,1851,38,13,46,3,9,16,131,43
20260808,r6_d30_t2_w20,540,121,4015,1914,1980,1855,37,13,46,4,9,16,131,43
20260808,r6_d30_t2_w20,541,121,4025,1919,1985,1855,33,14,50,3,10,15,131,43
20260808,r6_d30_t2_w20,542,124,4034,1923,1987,1860,23,17,46,14,14,15,131,43
20260808,r6_d30_t2_w20,543,118,4039,1924,1997,1863,25,13,48,14,14,15,131,43
20260808,r6_d30_t2_w20,544,108,4046,1939,1999,1868,23,23,48,6,12,15,131,43
20260808,r6_d30_t2_w20,545,105,4051,1942,2004,1875,23,23,44,10,12,14,131,43
20260808,r6_d30_t2_w20,546,102,4060,1948,2010,1876,23,26,46,5,13,12,131,43
20260808,r6_d30_t2_w20,547,93,4065,1955,2017,1880,24,23,52,1,13,12,131,43
20260808,r6_d30_t2_w20,548,91,4071,1956,2024,1883,25,15,58,2,15,11,131,43
20260808,r6_d30_t2_w20,549,96,4079,1958,2025,1884,23,11,63,3,16,10,131,43
20260808,r6_d30_t2_w20,550,97,4086,1960,2029,1888,24,10,62,4,15,10,126,43
20260808,r6_d30_t2_w20,551,99,4095,1963,2033,1893,25,11,59,5,16,8,126,43
20260808,r6_d30_t2_w20,552,99,4103,1966,2038,1896,22,12,58,8,16,8,126,43
20260808,r6_d30_t2_w20,553,101,4112,1969,2042,1897,22,13,59,6,16,8,126,43
20260808,r6_d30_t2_w20,554,99,4119,1974,2046,1901,23,15,58,4,12,8,126,43
20260808,r6_d30_t2_w20,555,99,4125,1976,2050,1903,23,14,59,4,11,8,131,43
20260808,r6_d30_t2_w20,556,97,4134,1982,2055,1908,22,15,59,4,10,10,131,43
20260808,r6_d30_t2_w20,557,99,4142,1985,2058,1912,23,18,55,4,9,11,131,43
20260808,r6_d30_t2_w20,558,96,4149,1992,2061,1918,22,23,51,4,9,12,131,43
20260808,r6_d30_t2_w20,559,99,4158,1995,2064,1921,22,18,56,4,9,14,131,43
20260808,r6_d30_t2_w20,560,101,4165,1999,2065,1925,25,19,55,1,9,14,131,43
20260808,r6_d30_t2_w20,561,104,4170,2001,2065,1933,29,19,49,3,9,14,131,43
20260808,r6_d30_t2_w20,562,111,4178,2002,2065,1937,31,14,51,4,9,14,131,43
20260808,r6_d30_t2_w20,563,116,4187,2006,2065,1943,35,16,47,2,9,16,131,43
20260808,r6_d30_t2_w20,564,122,4196,2008,2066,1944,35,11,53,1,9,16,131,43
20260808,r6_d30_t2_w20,565,126,4203,2011,2066,1947,35,11,53,1,9,16,131,43
20260808,r6_d30_t2_w20,566,130,4211,2014,2067,1953,37,11,50,2,9,18,131,43
20260808,r6_d30_t2_w20,567,133,4217,2015,2069,1955,36,11,49,4,9,18,131,43
20260808,r6_d30_t2_w20,568,136,4227,2018,2073,1959,36,12,47,5,9,18,131,43
20260808,r6_d30_t2_w20,569,134,4232,2021,2077,1962,37,14,45,4,9,18,131,43
20260808,r6_d30_t2_w20,570,129,4238,2028,2081,1966,34,17,45,4,9,17,121,43
20260808,r6_d30_t2_w20,571,128,4246,2032,2086,1968,34,20,44,2,9,17,121,43
20260808,r6_d30_t2_w20,572,130,4256,2035,2091,1969,28,18,48,6,12,17,121,43
20260808,r6_d30_t2_w20,573,128,4263,2035,2100,1974,19,15,46,20,12,16,121,43
20260808,r6_d30_t2_w20,574,126,4273,2042,2105,1977,21,17,48,14,12,16,121,43
20260808,r6_d30_t2_w20,575,120,4283,2056,2107,1982,24,26,48,2,12,15,131,43
20260808,r6_d30_t2_w20,576,121,4293,2057,2115,1986,26,16,55,3,14,15,131,43
20260808,r6_d30_t2_w20,577,124,4303,2059,2120,1991,28,13,55,4,16,14,131,43
20260808,r6_d30_t2_w20,578,125,4312,2062,2125,1994,27,11,57,5,16,13,131,43
20260808,r6_d30_t2_w20,579,123,4321,2066,2132,1998,28,14,54,4,18,12,131,43
20260808,r6_d30_t2_w20,580,124,4328,2068,2136,2001,30,13,54,3,18,12,131,43
20260808,r6_d30_t2_w20,581,127,4338,2071,2140,2003,29,12,56,3,17,11,131,43
20260808,r6_d30_t2_w20,582,123,4348,2077,2148,2008,27,15,54,4,16,11,131,43
20260808,r6_d30_t2_w20,583,120,4355,2080,2155,2013,29,16,51,4,15,12,131,43
20260808,r6_d30_t2_w20,584,119,4360,2082,2159,2015,31,15,52,2,15,12,131,43
20260808,r6_d30_t2_w20,585,121,4368,2084,2163,2018,32,13,53,2,14,12,131,43
20260808,r6_d30_t2_w20,586,120,4374,2084,2170,2024,34,8,52,6,13,13,131,43
20260808,r6_d30_t2_w20,587,115,4379,2088,2176,2030,36,10,48,6,11,14,131,43
20260808,r6_d30_t2_w20,588,113,4387,2093,2181,2034,38,12,47,3,9,15,131,43
20260808,r6_d30_t2_w20,589,114,4396,2096,2186,2037,39,11,48,2,9,16,131,43
20260808,r6_d30_t2_w20,590,115,4401,2100,2186,2040,38,11,49,2,9,16,131,43
20260808,r6_d30_t2_w20,591,117,4406,2103,2186,2043,38,12,48,2,9,16,131,43
20260808,r6_d30_t2_w20,592,124,4416,2106,2186,2047,39,15,44,2,9,17,131,43
20260808,r6_d30_t2_w20,593,128,4422,2108,2186,2049,40,15,44,1,9,19,131,43
20260808,r6_d30_t2_w20,594,133,4429,2110,2186,2053,43,16,41,0,9,18,131,43
20260808,r6_d30_t2_w20,595,139,4439,2113,2187,2056,42,18,39,1,9,19,131,43
20260808,r6_d30_t2_w20,596,139,4448,2115,2194,2060,44,15,40,1,9,20,131,43
20260808,r6_d30_t2_w20,597,137,4458,2118,2203,2064,44,13,41,2,9,20,131,43
20260808,r6_d30_t2_w20,598,136,4466,2120,2210,2067,45,13,40,2,9,21,131,43
20260808,r6_d30_t2_w20,599,132,4476,2127,2217,2071,43,16,40,1,9,20,131,43
20260808,r6_d30_t2_w20,600,126,4481,2131,2224,2074,40,19,38,3,9,20,121,40
20260808,r6_d20_t1_w20,1,5,7,2,0,0,98,2,0,0,0,1,131,43
20260808,r6_d20_t1_w20,2,11,13,2,0,0,93,2,0,5,3,3,131,43
20260808,r6_d20_t1_w20,3,15,19,4,0,0,77,4,0,19,5,3,131,43
20260808,r6_d20_t1_w20,4,14,24,10,0,0,75,9,1,15,4,3,131,43
20260808,r6_d20_t1_w20,5,8,34,26,0,0,73,24,2,1,1,2,131,43
20260808,r6_d20_t1_w20,6,12,40,28,0,0,72,18,10,0,3,2,131,43
20260808,r6_d20_t1_w20,7,20,50,30,0,0,70,15,15,0,7,3,131,43
20260808,r6_d20_t1_w20,8,29,59,30,0,0,70,11,19,0,8,5,131,43
20260808,r6_d20_t1_w20,9,38,69,31,0,0,69,9,22,0,8,6,131,43
20260808,r6_d20_t1_w20,10,42,75,33,0,0,67,9,24,0,8,9,131,43
20260808,r6_d20_t1_w20,11,50,84,34,0,0,66,10,24,0,8,11,131,43
20260808,r6_d20_t1_w20,12,59,93,34,0,1,67,8,25,0,9,13,131,43
20260808,r6_d20_t1_w20,13,63,98,35,0,1,66,5,29,0,9,13,131,43
20260808,r6_d20_t1_w20,14,69,105,36,0,2,66,5,29,0,9,15,131,43
20260808,r6_d20_t1_w20,15,77,113,36,0,4,68,4,28,0,9,16,131,43
20260808,r6_d20_t1_w20,16,85,122,37,0,5,68,4,28,0,9,19,131,43
20260808,r6_d20_t1_w20,17,90,128,38,0,6,68,5,27,0,9,19,131,43
20260808,r6_d20_t1_w20,18,93,133,40,0,8,68,6,26,0,9,20,131,43
20260808,r6_d20_t1_w20,19,98,139,41,0,14,73,6,21,0,9,21,131,43
20260808,r6_d20_t1_w20,20,103,146,43,0,16,73,6,21,0,9,22,121,40
20260808,r6_d20_t1_w20,21,108,151,43,0,17,74,5,21,0,9,22,121,40
20260808,r6_d20_t1_w20,22,115,160,45,0,19,72,6,20,2,9,22,121,40
20260808,r6_d20_t1_w20,23,123,170,47,0,20,70,7,20,3,9,22,121,40
20260808,r6_d20_t1_w20,24,126,178,51,1,23,71,9,19,1,9,23,121,40
20260808,r6_d20_t1_w20,25,133,187,53,1,25,71,10,18,1,9,23,126,43
20260808,r6_d20_t1_w20,26,133,196,57,6,25,65,11,21,3,9,23,126,43
20260808,r6_d20_t1_w20,27,129,202,59,14,26,65,13,20,2,9,23,126,43
20260808,r6_d20_t1_w20,28,126,209,62,21,28,65,15,19,1,9,24,126,43
20260808,r6_d20_t1_w20,29,127,219,63,29,29,64,12,22,2,9,23,126,43
20260808,r6_d20_t1_w20,30,127,226,67,32,31,63,12,24,1,9,21,131,43
20260808,r6_d20_t1_w20,31,128,236,69,39,33,57,10,26,7,13,21,131,43
20260808,r6_d20_t1_w20,32,125,243,70,48,34,48,7,29,16,15,21,131,43
20260808,r6_d20_t1_w20,33,121,252,79,52,37,48,16,26,10,12,19,131,43
20260808,r6_d20_t1_w20,34,111,257,88,58,37,48,20,31,1,12,19,131,43
20260808,r6_d20_t1_w20,35,109,264,89,66,37,47,13,39,1,13,17,131,43
20260808,r6_d20_t1_w20,36,106,269,90,73,38,47,11,41,1,14,17,131,43
20260808,r6_d20_t1_w20,37,108,276,91,77,40,48,10,41,1,17,16,131,43
20260808,r6_d20_t1_w20,38,109,282,92,81,42,47,11,39,3,17,15,131,43
20260808,r6_d20_t1_w20,39,110,289,93,86,42,47,11,40,2,17,15,131,43
20260808,r6_d20_t1_w20,40,115,299,95,89,43,46,10,42,2,18,15,131,43
20260808,r6_d20_t1_w20,41,113,305,98,94,45,45,9,44,2,18,13,131,43
20260808,r6_d20_t1_w20,42,112,312,101,99,48,46,10,43,1,18,13,131,43
20260808,r6_d20_t1_w20,43,110,321,102,109,52,49,8,42,1,16,11,131,43
20260808,r6_d20_t1_w20,44,110,330,105,115,55,49,10,40,1,14,10,131,43
20260808,r6_d20_t1_w20,45,107,337,107,123,58,48,8,41,3,14,11,131,43
20260808,r6_d20_t1_w20,46,108,347,111,128,61,45,11,39,5,14,12,131,43
20260808,r6_d20_t1_w20,47,106,355,115,134,62,44,13,40,3,13,13,131,43
20260808,r6_d20_t1_w20,48,103,364,123,138,68,45,16,39,0,11,15,131,43
20260808,r6_d20_t1_w20,49,103,373,124,146,72,46,17,35,2,9,16,131,43
20260808,r6_d20_t1_w20,50,111,382,125,146,76,47,15,34,4,9,18,126,43
20260808,r6_d20_t1_w20,51,117,392,129,146,78,47,17,34,2,9,18,126,43
20260808,r6_d20_t1_w20,52,120,399,133,146,83,50,16,34,0,9,19,126,43
20260808,r6_d20_t1_w20,53,125,406,134,147,85,51,15,34,0,9,19,126,43
20260808,r6_d20_t1_w20,54,132,413,134,147,87,52,14,33,1,9,19,126,43
20260808,r6_d20_t1_w20,55,133,421,137,151,89,49,13,35,3,9,21,131,43
20260808,r6_d20_t1_w20,56,137,430,138,155,90,49,12,36,3,9,19,131,43
20260808,r6_d20_t1_w20,57,136,436,140,160,92,51,12,36,1,9,20,131,43
20260808,r6_d20_t1_w20,58,135,441,142,164,96,52,9,37,2,9,19,131,43
20260808,r6_d20_t1_w20,59,136,449,143,170,99,53,10,34,3,9,20,131,43
20260808,r6_d20_t1_w20,60,131,454,146,177,100,52,10,36,2,9,19,131,43
20260808,r6_d20_t1_w20,61,131,461,149,181,101,50,11,37,2,10,18,131,43
20260808,r6_d20_t1_w20,62,130,466,150,186,104,39,9,37,15,12,17,131,43
20260808,r6_d20_t1_w20,63,127,472,152,193,106,31,9,37,23,13,17,131,43
20260808,r6_d20_t1_w20,64,110,478,168,200,110,28,22,36,14,12,16,131,43
20260808,r6_d20_t1_w20,65,104,485,177,204,112,29,27,38,6,11,16,131,43
20260808,r6_d20_t1_w20,66,101,494,183,210,112,27,29,42,2,11,15,131,43
20260808,r6_d20_t1_w20,67,99,499,184,216,114,26,24,46,4,13,14,131,43
20260808,r6_d20_t1_w20,68,95,505,186,224,119,28,22,45,5,14,14,131,43
20260808,r6_d20_t1_w20,69,85,510,192,233,123,24,17,52,7,14,14,131,43
20260808,r6_d20_t1_w20,70,83,518,196,239,125,22,18,53,7,16,14,131,43
20260808,r6_d20_t1_w20,71,79,526,201,246,128,21,17,56,6,16,13,131,43
20260808,r6_d20_t1_w20,72,81,535,203,251,132,22,17,54,7,17,10,131,43
20260808,r6_d20_t1_w20,73,80,543,209,254,135,22,18,56,4,16,10,131,43
20260808,r6_d20_t1_w20,74,80,553,213,260,138,20,20,55,5,17,8,131,43
20260808,r6_d20_t1_w20,75,80,561,215,266,139,18,18,58,6,16,9,131,43
20260808,r6_d20_t1_w20,76,77,567,219,271,141,19,17,61,3,14,8,131,43
20260808,r6_d20_t1_w20,77,80,577,221,276,144,20,12,65,3,12,10,131,43
20260808,r6_d20_t1_w20,78,82,587,224,281,152,23,9,63,5,11,11,131,43
20260808,r6_d20_t1_w20,79,83,597,227,287,153,22,9,65,4,9,12,131,43
20260808,r6_d20_t1_w20,80,84,603,232,287,158,23,13,61,3,9,13,131,43
20260808,r6_d20_t1_w20,81,91,610,232,287,162,26,12,58,4,9,13,131,43
20260808,r6_d20_t1_w20,82,95,619,237,287,164,25,15,58,2,9,13,131,43
20260808,r6_d20_t1_w20,83,101,629,241,287,171,28,16,54,2,9,14,131,43
20260808,r6_d20_t1_w20,84,110,638,241,287,178,32,13,50,5,9,15,131,43
20260808,r6_d20_t1_w20,85,112,645,244,289,183,32,14,47,7,9,17,131,43
20260808,r6_d20_t1_w20,86,114,655,251,290,187,32,18,46,4,9,16,131,43
20260808,r6_d20_t1_w20,87,115,663,258,290,191,30,24,43,3,9,17,131,43
20260808,r6_d20_t1_w20,88,123,673,259,291,198,36,19,42,3,9,18,131,43
20260808,r6_d20_t1_w20,89,125,682,266,291,201,35,23,42,0,9,18,131,43
20260808,r6_d20_t1_w20,90,132,690,267,291,204,36,20,43,1,10,18,131,43
20260808,r6_d20_t1_w20,91,141,699,267,291,207,34,13,47,6,13,18,131,43
20260808,r6_d20_t1_w20,92,143,704,269,292,209,35,13,47,5,14,18,131,43
20260808,r6_d20_t1_w20,93,141,711,275,295,212,34,13,50,3,16,18,131,43
20260808,r6_d20_t1_w20,94,139,718,276,303,216,32,11,49,8,16,18,131,43
20260808,r6_d20_t1_w20,95,136,727,282,309,223,32,13,46,9,16,17,131,43
20260808,r6_d20_t1_w20,96,136,735,287,312,226,34,12,49,5,16,17,131,43
20260808,r6_d20_t1_w20,97,132,744,292,320,229,33,14,49,4,16,16,131,43
20260808,r6_d20_t1_w20,98,128,753,296,329,231,31,14,51,4,17,13,131,43
20260808,r6_d20_t1_w20,99,122,758,301,335,232,30,16,53,1,17,11,131,43
20260808,r6_d20_t1_w20,100,125,768,303,340,233,28,16,54,2,17,11,121,40
20260808,r6_d20_t1_w20,101,124,774,303,347,239,31,14,50,5,17,12,121,40
20260808,r6_d20_t1_w20,102,123,781,305,353,240,31,11,54,4,18,12,121,40
20260808,r6_d20_t1_w20,103,119,789,310,360,244,31,15,51,3,18,12,121,40
20260808,r6_d20_t1_w20,104,119,796,312,365,252,36,14,46,4,18,13,121,40
20260808,r6_d20_t1_w20,105,116,803,315,372,256,36,12,47,5,18,14,131,43
20260808,r6_d20_t1_w20,106,109,808,319,380,259,36,14,46,4,16,15,131,43
20260808,r6_d20_t1_w20,107,109,817,323,385,262,37,16,45,2,15,14,131,43
20260808,r6_d20_t1_w20,108,108,825,324,393,264,37,13,47,3,9,14,131,43
20260808,r6_d20_t1_w20,109,105,830,326,399,268,39,15,43,3,9,14,131,43
20260808,r6_d20_t1_w20,110,109,840,332,399,274,41,18,40,1,9,15,131,43
20260808,r6_d20_t1_w20,111,113,846,334,399,279,45,17,38,0,9,16,131,43
20260808,r6_d20_t1_w20,112,118,853,336,399,281,45,18,37,0,9,19,131,43
20260808,r6_d20_t1_w20,113,123,859,336,400,284,48,14,38,0,9,21,131,43
20260808,r6_d20_t1_w20,114,125,864,337,402,289,52,9,39,0,9,21,131,43
20260808,r6_d20_t1_w20,115,122,869,338,409,289,51,10,39,0,9,21,131,43
20260808,r6_d20_t1_w20,116,123,877,339,415,294,54,8,37,1,9,20,131,43
20260808,r6_d20_t1_w20,117,120,883,339,424,298,58,7,34,1,9,19,131,43
20260808,r6_d20_t1_w20,118,119,891,342,430,298,56,7,37,0,9,18,131,43
20260808,r6_d20_t1_w20,119,124,901,344,433,300,56,9,35,0,9,19,131,43
20260808,r6_d20_t1_w20,120,117,906,347,442,302,55,11,34,0,9,17,131,43
20260808,r6_d20_t1_w20,121,115,916,353,448,306,52,14,33,1,10,16,131,43
20260808,r6_d20_t1_w20,122,111,921,356,454,311,43,16,29,12,11,16,131,43
20260808,r6_d20_t1_w20,123,115,931,358,458,315,40,14,29,17,13,15,131,43
20260808,r6_d20_t1_w20,124,104,937,369,464,317,41,23,29,7,11,14,131,43
20260808,r6_d20_t1_w20,125,100,944,376,468,320,42,26,30,2,12,13,121,40
20260808,r6_d20_t1_w20,126,101,954,382,471,321,36,30,31,3,15,13,121,40
20260808,r6_d20_t1_w20,127,97,961,384,480,322,35,25,37,3,15,12,121,40
20260808,r6_d20_t1_w20,128,93,967,387,487,322,33,24,41,2,15,11,121,40
20260808,r6_d20_t1_w20,129,93,973,390,490,327,34,17,46,3,17,11,121,40
20260808,r6_d20_t1_w20,130,92,982,392,498,331,37,17,44,2,16,9,131,43
20260808,r6_d20_t1_w20,131,96,992,394,502,333,38,14,47,1,15,9,131,43
20260808,r6_d20_t1_w20,132,94,998,396,508,336,37,10,50,3,15,10,131,43
20260808,r6_d20_t1_w20,133,97,1007,397,513,337,36,9,51,4,15,11,131,43
20260808,r6_d20_t1_w20,134,94,1012,401,517,337,34,9,55,2,15,10,131,43
20260808,r6_d20_t1_w20,135,95,1020,404,521,339,35,11,54,0,14,10,131,43
20260808,r6_d20_t1_w20,136,95,1029,406,528,342,35,11,53,1,14,11,131,43
20260808,r6_d20_t1_w20,137,99,1038,406,533,345,36,9,52,3,13,12,131,43
20260808,r6_d20_t1_w20,138,99,1045,408,538,348,36,8,52,4,11,12,131,43
20260808,r6_d20_t1_w20,139,94,1050,410,546,351,37,8,51,4,9,13,131,43
20260808,r6_d20_t1_w20,140,98,1059,415,546,355,38,12,48,2,9,14,131,43
20260808,r6_d20_t1_w20,141,101,1064,417,546,363,43,11,43,3,9,15,131,43
20260808,r6_d20_t1_w20,142,109,1074,419,546,366,44,11,42,3,9,17,131,43
20260808,r6_d20_t1_w20,143,112,1083,424,547,367,41,15,42,2,9,17,131,43
20260808,r6_d20_t1_w20,144,118,1089,424,547,372,46,14,38,2,9,17,131,43
20260808,r6_d20_t1_w20,145,123,1098,427,548,376,49,17,34,0,9,17,131,43
20260808,r6_d20_t1_w20,146,129,1105,428,548,381,51,9,38,2,9,18,131,43
20260808,r6_d20_t1_w20,147,130,1111,431,550,384,51,9,38,2,9,19,131,43
20260808,r6_d20_t1_w20,148,130,1118,435,553,386,50,11,38,1,9,21,131,43
20260808,r6_d20_t1_w20,149,129,1124,436,559,388,50,10,38,2,9,22,131,43
20260808,r6_d20_t1_w20,150,123,1132,441,568,394,52,14,33,1,9,22,131,43
20260808,r6_d20_t1_w20,151,120,1138,444,574,398,49,16,30,5,11,21,131,43
20260808,r6_d20_t1_w20,152,122,1146,445,579,401,43,17,27,13,11,20,131,43
20260808,r6_d20_t1_w20,153,117,1154,451,586,403,41,17,31,11,14,19,131,43
20260808,r6_d20_t1_w20,154,112,1159,459,588,403,39,19,37,5,12,19,131,43
20260808,r6_d20_t1_w20,155,112,1168,462,594,404,40,18,40,2,15,19,126,43
20260808,r6_d20_t1_w20,156,109,1176,465,602,405,39,16,44,1,17,17,126,43
20260808,r6_d20_t1_w20,157,107,1184,466,611,409,39,12,45,4,18,14,126,43
20260808,r6_d20_t1_w20,158,108,1189,469,612,412,40,11,46,3,18,13,126,43
20260808,r6_d20_t1_w20,159,103,1194,474,617,414,39,12,48,1,17,13,126,43
20260808,r6_d20_t1_w20,160,103,1203,475,625,415,39,11,49,1,17,11,131,43
20260808,r6_d20_t1_w20,161,103,1210,477,630,416,38,11,50,1,17,11,131,43
20260808,r6_d20_t1_w20,162,100,1217,480,637,417,36,10,53,1,17,12,131,43
20260808,r6_d20_t1_w20,163,101,1225,481,643,419,35,9,53,3,16,13,131,43
20260808,r6_d20_t1_w20,164,99,1230,483,648,427,35,10,46,9,15,13,131,43
20260808,r6_d20_t1_w20,165,96,1237,488,653,432,36,12,44,8,13,15,131,43
20260808,r6_d20_t1_w20,166,90,1242,495,657,434,34,19,42,5,12,14,131,43
20260808,r6_d20_t1_w20,167,93,1252,497,662,437,33,19,41,7,10,14,131,43
20260808,r6_d20_t1_w20,168,94,1262,501,667,441,33,16,44,7,9,13,131,43
20260808,r6_d20_t1_w20,169,90,1268,507,671,443,33,15,49,3,9,14,131,43
20260808,r6_d20_t1_w20,170,93,1276,511,672,448,36,18,45,1,9,13,131,43
20260808,r6_d20_t1_w20,171,98,1282,512,672,453,39,15,44,2,9,13,131,43
20260808,r6_d20_t1_w20,172,100,1288,516,672,455,37,16,45,2,9,13,131,43
20260808,r6_d20_t1_w20,173,100,1293,519,674,460,39,15,44,2,9,13,131,43
20260808,r6_d20_t1_w20,174,105,1300,521,674,462,38,13,46,3,9,14,131,43
20260808,r6_d20_t1_w20,175,113,1309,522,674,464,38,12,46,4,9,17,131,43
20260808,r6_d20_t1_w20,176,115,1318,529,674,470,38,16,43,3,9,18,131,43
20260808,r6_d20_t1_w20,177,116,1323,532,675,473,39,15,44,2,9,18,131,43
20260808,r6_d20_t1_w20,178,119,1331,533,679,473,37,12,48,3,9,18,131,43
20260808,r6_d20_t1_w20,179,125,1341,536,680,474,35,13,49,3,9,19,131,43
20260808,r6_d20_t1_w20,180,124,1351,541,686,476,32,17,48,3,11,18,121,40
20260808,r6_d20_t1_w20,181,127,1360,542,691,480,32,16,46,6,13,17,121,40
20260808,r6_d20_t1_w20,182,125,1367,545,697,482,32,15,48,5,15,17,121,40
20260808,r6_d20_t1_w20,183,121,1376,552,703,487,33,19,46,2,16,17,121,40
20260808,r6_d20_t1_w20,184,127,1386,553,706,493,37,14,46,3,18,15,121,40
20260808,r6_d20_t1_w20,185,122,1393,559,712,497,35,11,51,3,18,14,131,43
20260808,r6_d20_t1_w20,186,123,1401,563,715,503,38,15,45,2,18,13,131,43
20260808,r6_d20_t1_w20,187,122,1411,565,724,506,39,13,46,2,18,12,131,43
20260808,r6_d20_t1_w20,188,120,1420,568,732,506,37,15,47,1,18,10,131,43
20260808,r6_d20_t1_w20,189,124,1430,571,735,508,36,17,46,1,18,10,131,43
20260808,r6_d20_t1_w20,190,127,1439,572,740,508,35,12,52,1,18,12,131,43
20260808,r6_d20_t1_w20,191,127,1444,574,743,512,37,9,53,1,17,14,131,43
20260808,r6_d20_t1_w20,192,130,1453,576,747,517,37,9,50,4,17,14,131,43
20260808,r6_d20_t1_w20,193,133,1461,578,750,522,38,10,46,6,17,15,131,43
20260808,r6_d20_t1_w20,194,132,1466,581,753,527,40,11,43,6,17,16,131,43
20260808,r6_d20_t1_w20,195,128,1472,585,759,530,40,13,42,5,15,16,131,43
20260808,r6_d20_t1_w20,196,130,1482,589,763,533,42,10,46,2,15,16,131,43
20260808,r6_d20_t1_w20,197,132,1492,592,768,534,42,10,48,0,13,16,131,43
20260808,r6_d20_t1_w20,198,132,1501,594,775,540,45,10,44,1,10,17,131,43
20260808,r6_d20_t1_w20,199,128,1507,596,783,542,45,8,46,1,9,18,131,43
20260808,r6_d20_t1_w20,200,136,1517,598,783,546,48,10,42,0,9,20,131,43
20260808,r6_d20_t1_w20,201,145,1526,598,783,549,51,8,41,0,9,23,131,43
20260808,r6_d20_t1_w20,202,146,1536,603,787,554,50,12,37,1,9,22,131,43
20260808,r6_d20_t1_w20,203,146,1544,604,794,556,51,11,37,1,9,21,131,43
20260808,r6_d20_t1_w20,204,142,1550,606,802,559,53,10,37,0,9,20,131,43
20260808,r6_d20_t1_w20,205,142,1555,607,806,566,57,9,32,2,9,21,131,43
20260808,r6_d20_t1_w20,206,144,1564,608,812,569,59,9,30,2,9,21,131,43
20260808,r6_d20_t1_w20,207,139,1569,610,820,570,59,10,30,1,9,20,131,43
20260808,r6_d20_t1_w20,208,139,1576,612,825,572,58,10,30,2,9,19,131,43
20260808,r6_d20_t1_w20,209,135,1581,613,833,573,58,10,30,2,9,18,131,43
20260808,r6_d20_t1_w20,210,135,1591,617,839,576,56,13,28,3,11,17,131,43
20260808,r6_d20_t1_w20,211,134,1596,619,843,578,47,10,31,12,12,17,131,43
20260808,r6_d20_t1_w20,212,131,1603,622,850,579,47,11,32,10,13,15,131,43
20260808,r6_d20_t1_w20,213,118,1608,632,858,583,50,18,31,1,10,14,131,43
20260808,r6_d20_t1_w20,214,121,1617,633,863,588,51,16,29,4,14,13,131,43
20260808,r6_d20_t1_w20,215,122,1627,636,869,590,49,17,29,5,16,13,131,43
20260808,r6_d20_t1_w20,216,119,1635,639,877,592,50,17,30,3,16,12,131,43
20260808,r6_d20_t1_w20,217,114,1641,642,885,594,48,15,33,4,16,12,131,43
20260808,r6_d20_t1_w20,218,108,1647,645,894,597,47,14,34,5,16,11,131,43
20260808,r6_d20_t1_w20,219,107,1653,648,898,597,47,13,38,2,16,10,131,43
20260808,r6_d20_t1_w20,220,105,1660,650,905,600,48,12,38,2,16,9,131,43
20260808,r6_d20_t1_w20,221,105,1669,651,913,603,49,8,40,3,17,9,131,43
20260808,r6_d20_t1_w20,222,104,1677,655,918,606,48,10,39,3,18,9,131,43
20260808,r6_d20_t1_w20,223,101,1687,660,926,610,47,14,36,3,18,11,131,43
20260808,r6_d20_t1_w20,224,99,1694,664,931,611,43,15,38,4,18,11,131,43
20260808,r6_d20_t1_w20,225,98,1700,666,936,613,43,13,40,4,16,12,131,43
20260808,r6_d20_t1_w20,226,94,1709,670,945,614,43,16,40,1,14,12,131,43
20260808,r6_d20_t1_w20,227,97,1717,671,949,614,43,12,45,0,12,13,131,43
20260808,r6_d20_t1_w20,228,95,1722,672,955,615,40,11,46,3,10,14,131,43
20260808,r6_d20_t1_w20,229,93,1728,675,960,619,40,10,46,4,9,15,131,43
20260808,r6_d20_t1_w20,230,100,1738,677,961,620,42,11,46,1,9,16,131,43
20260808,r6_d20_t1_w20,231,105,1745,678,962,623,43,11,44,2,9,17,131,43
20260808,r6_d20_t1_w20,232,113,1753,678,962,625,44,8,45,3,9,20,131,43
20260808,r6_d20_t1_w20,233,114,1758,682,962,630,47,10,42,1,9,20,131,43
20260808,r6_d20_t1_w20,234,116,1767,686,965,632,46,13,41,0,9,21,131,43
20260808,r6_d20_t1_w20,235,121,1777,689,967,640,51,14,35,0,9,21,111,40
20260808,r6_d20_t1_w20,236,125,1787,691,971,643,51,14,34,1,9,20,111,40
20260808,r6_d20_t1_w20,237,127,1793,691,975,648,55,12,31,2,9,19,111,40
20260808,r6_d20_t1_w20,238,127,1798,693,978,650,56,13,30,1,9,20,111,40
20260808,r6_d20_t1_w20,239,125,1805,696,984,651,55,13,32,0,9,20,111,40
20260808,r6_d20_t1_w20,240,123,1811,699,989,658,59,12,29,0,9,19,131,43
20260808,r6_d20_t1_w20,241,127,1821,700,994,660,53,10,30,7,13,18,131,43
20260808,r6_d20_t1_w20,242,125,1826,701,1000,661,43,11,29,17,14,18,131,43
20260808,r6_d20_t1_w20,243,118,1835,710,1007,664,42,17,29,12,14,17,131,43
20260808,r6_d20_t1_w20,244,107,1840,720,1013,668,46,24,28,2,13,16,131,43
20260808,r6_d20_t1_w20,245,105,1846,723,1018,670,47,17,36,0,14,16,131,43
20260808,r6_d20_t1_w20,246,101,1851,724,1026,672,44,16,36,4,15,16,131,43
20260808,r6_d20_t1_w20,247,101,1857,724,1032,674,42,11,39,8,16,16,131,43
20260808,r6_d20_t1_w20,248,100,1863,728,1035,676,40,13,39,8,16,14,131,43
20260808,r6_d20_t1_w20,249,97,1869,733,1039,678,40,15,40,5,17,13,131,43
20260808,r6_d20_t1_w20,250,96,1879,737,1046,680,42,13,44,1,18,10,131,43
20260808,r6_d20_t1_w20,251,94,1885,739,1052,681,40,14,44,2,18,9,131,43
20260808,r6_d20_t1_w20,252,96,1895,740,1059,684,41,14,42,3,17,9,131,43
20260808,r6_d20_t1_w20,253,96,1902,743,1063,684,39,12,47,2,17,9,131,43
20260808,r6_d20_t1_w20,254,96,1908,744,1068,690,43,12,42,3,15,8,131,43
20260808,r6_d20_t1_w20,255,95,1918,746,1077,691,40,10,45,5,13,8,122,43
20260808,r6_d20_t1_w20,256,87,1924,750,1087,693,39,9,48,4,13,8,122,43
20260808,r6_d20_t1_w20,257,84,1931,754,1093,696,37,12,46,5,11,8,122,43
20260808,r6_d20_t1_w20,258,86,1939,756,1097,699,37,13,44,6,10,9,122,43
20260808,r6_d20_t1_w20,259,82,1945,762,1101,701,35,16,45,4,9,10,122,43
20260808,r6_d20_t1_w20,260,86,1952,764,1102,706,39,17,41,3,9,11,131,43
20260808,r6_d20_t1_w20,261,91,1959,766,1102,708,41,13,45,1,9,11,131,43
20260808,r6_d20_t1_w20,262,96,1965,767,1102,711,43,8,48,1,9,12,131,43
20260808,r6_d20_t1_w20,263,100,1973,770,1103,717,46,8,45,1,9,14,131,43
20260808,r6_d20_t1_w20,264,103,1979,773,1103,721,48,9,43,0,9,15,131,43
20260808,r6_d20_t1_w20,265,106,1984,775,1103,724,48,8,43,1,9,15,131,43
20260808,r6_d20_t1_w20,266,116,1994,775,1103,727,50,8,40,2,9,15,131,43
20260808,r6_d20_t1_w20,267,122,2004,778,1104,730,51,9,39,1,9,15,131,43
20260808,r6_d20_t1_w20,268,126,2009,779,1104,734,50,9,36,5,9,16,131,43
20260808,r6_d20_t1_w20,269,130,2016,781,1105,736,49,10,35,6,9,17,131,43
20260808,r6_d20_t1_w20,270,121,2025,794,1110,741,44,21,32,3,9,16,131,43
20260808,r6_d20_t1_w20,271,125,2035,798,1112,744,43,20,34,3,10,16,131,43
20260808,r6_d20_t1_w20,272,121,2041,801,1119,748,32,18,35,15,13,16,131,43
20260808,r6_d20_t1_w20,273,120,2049,805,1124,749,28,21,35,16,13,16,131,43
20260808,r6_d20_t1_w20,274,110,2058,819,1129,751,28,29,39,4,13,14,131,43
20260808,r6_d20_t1_w20,275,108,2066,821,1137,755,30,24,42,4,13,13,131,43
20260808,r6_d20_t1_w20,276,110,2072,823,1139,759,30,22,42,6,16,13,131,43
20260808,r6_d20_t1_w20,277,113,2082,826,1143,761,29,20,45,6,17,13,131,43
20260808,r6_d20_t1_w20,278,110,2091,831,1150,762,28,15,54,3,17,11,131,43
20260808,r6_d20_t1_w20,279,106,2096,835,1155,768,29,15,52,4,16,10,131,43
20260808,r6_d20_t1_w20,280,105,2104,837,1162,769,28,15,53,4,18,10,131,43
20260808,r6_d20_t1_w20,281,102,2110,840,1168,771,30,17,52,1,18,8,131,43
20260808,r6_d20_t1_w20,282,98,2117,845,1174,774,28,16,55,1,18,8,131,43
20260808,r6_d20_t1_w20,283,97,2125,848,1180,777,27,14,57,2,18,10,131,43
20260808,r6_d20_t1_w20,284,102,2134,850,1182,779,27,15,56,2,18,11,131,43
20260808,r6_d20_t1_w20,285,105,2142,852,1185,781,27,14,57,2,17,12,121,40
20260808,r6_d20_t1_w20,286,100,2148,853,1195,785,29,12,56,3,15,14,121,40
20260808,r6_d20_t1_w20,287,97,2154,854,1203,787,30,12,55,3,12,14,121,40
20260808,r6_d20_t1_w20,288,101,2164,856,1207,791,30,10,55,5,10,15,121,40
20260808,r6_d20_t1_w20,289,101,2170,857,1212,796,33,7,54,6,9,15,121,40
20260808,r6_d20_t1_w20,290,104,2180,863,1213,799,33,10,54,3,9,16,126,43
20260808,r6_d20_t1_w20,291,106,2187,867,1214,803,35,12,52,1,9,19,126,43
20260808,r6_d20_t1_w20,292,109,2195,871,1215,807,34,13,51,2,9,19,126,43
20260808,r6_d20_t1_w20,293,114,2201,871,1216,814,40,13,44,3,9,21,126,43
20260808,r6_d20_t1_w20,294,117,2207,874,1216,819,44,14,41,1,9,21,126,43
20260808,r6_d20_t1_w20,295,121,2216,878,1217,830,49,16,32,3,9,22,131,43
20260808,r6_d20_t1_w20,296,129,2225,879,1217,832,50,11,36,3,9,22,131,43
20260808,r6_d20_t1_w20,297,134,2235,883,1218,833,49,11,39,1,9,21,131,43
20260808,r6_d20_t1_w20,298,134,2243,883,1226,834,49,7,42,2,9,20,131,43
20260808,r6_d20_t1_w20,299,138,2251,886,1227,837,50,7,42,1,9,21,131,43
20260808,r6_d20_t1_w20,300,134,2258,891,1233,838,47,11,42,0,9,19,131,43
20260808,r6_d20_t1_w20,301,137,2267,892,1238,842,47,12,38,3,11,18,131,43
20260808,r6_d20_t1_w20,302,140,2276,892,1244,845,35,11,36,18,15,17,131,43
20260808,r6_d20_t1_w20,303,138,2284,897,1249,849,37,15,33,15,15,14,131,43
20260808,r6_d20_t1_w20,304,123,2294,914,1257,850,36,30,34,0,10,13,131,43
20260808,r6_d20_t1_w20,305,120,2299,914,1265,853,37,24,37,2,13,12,131,43
20260808,r6_d20_t1_w20,306,119,2305,915,1271,856,38,19,40,3,14,12,131,43
20260808,r6_d20_t1_w20,307,115,2310,919,1276,864,41,20,35,4,13,11,131,43
20260808,r6_d20_t1_w20,308,110,2317,922,1285,865,40,13,44,3,15,9,131,43
20260808,r6_d20_t1_w20,309,107,2324,927,1290,866,39,18,43,0,16,9,131,43
20260808,r6_d20_t1_w20,310,107,2333,930,1296,869,38,15,46,1,17,8,131,43
20260808,r6_d20_t1_w20,311,107,2340,931,1302,871,38,11,49,2,18,10,131,43
20260808,r6_d20_t1_w20,312,109,2348,933,1306,873,39,10,50,1,18,11,131,43
20260808,r6_d20_t1_w20,313,107,2354,935,1312,876,41,10,49,0,18,12,131,43
20260808,r6_d20_t1_w20,314,111,2363,936,1316,879,41,9,48,2,18,13,131,43
20260808,r6_d20_t1_w20,315,109,2370,937,1324,881,42,8,48,2,17,13,131,43
20260808,r6_d20_t1_w20,316,107,2376,941,1328,884,43,11,46,0,15,15,131,43
20260808,r6_d20_t1_w20,317,106,2383,941,1336,888,46,8,45,1,13,15,131,43
20260808,r6_d20_t1_w20,318,106,2392,944,1342,892,47,6,46,1,10,15,131,43
20260808,r6_d20_t1_w20,319,106,2401,947,1348,892,45,9,46,0,9,14,131,43
20260808,r6_d20_t1_w20,320,111,2410,950,1349,899,48,11,40,1,9,15,131,43
20260808,r6_d20_t1_w20,321,118,2418,951,1349,901,48,10,40,2,9,16,131,43
20260808,r6_d20_t1_w20,322,123,2425,952,1350,905,49,10,37,4,9,17,131,43
20260808,r6_d20_t1_w20,323,131,2435,953,1351,906,50,8,39,3,9,18,131,43
20260808,r6_d20_t1_w20,324,135,2444,957,1352,911,53,10,36,1,9,20,131,43
20260808,r6_d20_t1_w20,325,133,2449,960,1356,914,52,9,37,2,9,20,131,43
20260808,r6_d20_t1_w20,326,134,2456,961,1361,918,56,7,36,1,9,21,131,43
20260808,r6_d20_t1_w20,327,136,2463,964,1363,922,57,9,33,1,9,22,131,43
20260808,r6_d20_t1_w20,328,138,2470,964,1368,924,59,8,32,1,9,21,131,43
20260808,r6_d20_t1_w20,329,139,2477,966,1372,928,60,10,28,2,9,21,131,43
20260808,r6_d20_t1_w20,330,135,2484,968,1381,930,56,9,29,6,10,20,131,43
20260808,r6_d20_t1_w20,331,132,2489,972,1385,932,45,10,30,15,10,18,131,43
20260808,r6_d20_t1_w20,332,127,2495,977,1391,934,41,14,29,16,11,17,131,43
20260808,r6_d20_t1_w20,333,121,2503,988,1394,936,42,22,30,6,10,17,131,43
20260808,r6_d20_t1_w20,334,115,2513,996,1402,937,37,26,33,4,11,17,131,43
20260808,r6_d20_t1_w20,335,117,2522,997,1408,941,37,20,36,7,13,16,121,40
20260808,r6_d20_t1_w20,336,117,2532,1001,1414,943,36,20,38,6,14,15,121,40
20260808,r6_d20_t1_w20,337,111,2540,1008,1421,945,33,23,40,4,16,13,121,40
20260808,r6_d20_t1_w20,338,110,2548,1010,1428,948,36,20,42,2,16,12,121,40
20260808,r6_d20_t1_w20,339,111,2558,1013,1434,951,34,19,43,4,18,12,121,40
20260808,r6_d20_t1_w20,340,112,2568,1013,1443,951,34,13,49,4,18,11,131,43
20260808,r6_d20_t1_w20,341,106,2573,1017,1450,953,34,12,52,2,18,9,131,43
20260808,r6_d20_t1_w20,342,105,2578,1018,1455,954,33,10,54,3,18,8,131,43
20260808,r6_d20_t1_w20,343,101,2587,1022,1464,957,33,12,53,2,18,8,131,43
20260808,r6_d20_t1_w20,344,99,2597,1026,1472,960,31,12,54,3,17,10,131,43
20260808,r6_d20_t1_w20,345,97,2604,1031,1476,965,28,12,54,6,18,11,131,43
20260808,r6_d20_t1_w20,346,96,2609,1033,1480,967,29,11,55,5,16,11,131,43
20260808,r6_d20_t1_w20,347,92,2617,1040,1485,971,28,16,53,3,13,11,131,43
20260808,r6_d20_t1_w20,348,88,2622,1042,1492,978,32,15,49,4,11,11,131,43
20260808,r6_d20_t1_w20,349,87,2631,1046,1498,981,31,15,50,4,9,11,131,43
20260808,r6_d20_t1_w20,350,92,2638,1048,1498,983,30,15,50,5,9,12,131,43
20260808,r6_d20_t1_w20,351,97,2646,1051,1498,986,31,15,50,4,9,13,131,43
20260808,r6_d20_t1_w20,352,101,2654,1055,1498,992,35,14,49,2,9,15,131,43
20260808,r6_d20_t1_w20,353,106,2663,1058,1499,996,35,15,47,3,9,15,131,43
20260808,r6_d20_t1_w20,354,112,2671,1060,1499,999,35,14,47,4,9,16,131,43
20260808,r6_d20_t1_w20,355,118,2681,1064,1499,1005,38,16,43,3,9,17,131,43
20260808,r6_d20_t1_w20,356,120,2690,1070,1500,1006,33,20,44,3,9,18,131,43
20260808,r6_d20_t1_w20,357,126,2700,1074,1500,1009,33,19,46,2,9,19,131,43
20260808,r6_d20_t1_w20,358,132,2708,1076,1500,1014,37,18,44,1,9,19,131,43
20260808,r6_d20_t1_w20,359,132,2717,1078,1507,1016,36,18,44,2,9,18,131,43
20260808,r6_d20_t1_w20,360,128,2722,1079,1515,1018,36,13,48,3,10,18,126,43
20260808,r6_d20_t1_w20,361,128,2729,1081,1520,1022,32,14,45,9,11,18,126,43
20260808,r6_d20_t1_w20,362,132,2737,1083,1522,1024,31,15,44,10,13,17,126,43
20260808,r6_d20_t1_w20,363,129,2747,1094,1524,1029,31,15,50,4,14,16,126,43
20260808,r6_d20_t1_w20,364,127,2755,1099,1529,1032,31,15,52,2,15,15,126,43
20260808,r6_d20_t1_w20,365,130,2763,1101,1532,1037,34,13,51,2,16,14,131,43
20260808,r6_d20_t1_w20,366,131,2770,1103,1536,1040,34,14,49,3,16,14,131,43
20260808,r6_d20_t1_w20,367,131,2778,1104,1543,1044,36,12,48,4,16,13,131,43
20260808,r6_d20_t1_w20,368,131,2784,1106,1547,1048,38,11,47,4,16,13,131,43
20260808,r6_d20_t1_w20,369,130,2794,1110,1554,1051,38,10,49,3,18,11,131,43
20260808,r6_d20_t1_w20,370,128,2802,1114,1560,1056,40,11,47,2,18,10,131,43
20260808,r6_d20_t1_w20,371,132,2812,1117,1563,1062,44,13,42,1,18,9,131,43
20260808,r6_d20_t1_w20,372,129,2817,1118,1570,1064,46,12,42,0,18,9,131,43
20260808,r6_d20_t1_w20,373,126,2824,1121,1577,1067,45,10,44,1,18,10,131,43
20260808,r6_d20_t1_w20,374,122,2830,1123,1585,1070,44,9,44,3,18,11,131,43
20260808,r6_d20_t1_w20,375,121,2840,1126,1593,1073,42,10,43,5,17,14,131,43
20260808,r6_d20_t1_w20,376,115,2846,1133,1598,1076,39,13,44,4,16,15,131,43
20260808,r6_d20_t1_w20,377,110,2854,1140,1604,1078,36,20,42,2,12,15,131,43
20260808,r6_d20_t1_w20,378,111,2863,1142,1610,1080,37,18,44,1,10,15,131,43
20260808,r6_d20_t1_w20,379,108,2872,1146,1618,1084,37,18,44,1,9,16,131,43
20260808,r6_d20_t1_w20,380,117,2882,1147,1618,1088,40,15,44,1,9,17,115,42
20260808,r6_d20_t1_w20,381,120,2887,1149,1618,1092,43,15,42,0,9,18,115,42
20260808,r6_d20_t1_w20,382,125,2895,1151,1619,1095,44,13,43,0,9,17,115,42
20260808,r6_d20_t1_w20,383,132,2905,1153,1620,1097,44,12,44,0,9,20,115,42
20260808,r6_d20_t1_w20,384,132,2912,1156,1624,1099,43,14,43,0,9,21,115,42
20260808,r6_d20_t1_w20,385,133,2921,1158,1630,1103,45,14,41,0,9,22,131,43
20260808,r6_d20_t1_w20,386,133,2929,1160,1636,1105,45,13,42,0,9,22,131,43
20260808,r6_d20_t1_w20,387,131,2935,1160,1644,1106,45,11,43,1,9,22,131,43
20260808,r6_d20_t1_w20,388,133,2943,1161,1649,1112,50,8,41,1,9,23,131,43
20260808,r6_d20_t1_w20,389,129,2951,1165,1657,1117,51,11,37,1,9,21,131,43
20260808,r6_d20_t1_w20,390,129,2958,1166,1663,1118,50,11,37,2,10,21,121,40
20260808,r6_d20_t1_w20,391,129,2965,1168,1668,1122,41,11,35,13,11,20,121,40
20260808,r6_d20_t1_w20,392,128,2973,1172,1673,1128,42,11,33,14,13,20,121,40
20260808,r6_d20_t1_w20,393,119,2982,1186,1677,1129,41,23,34,2,12,19,121,40
20260808,r6_d20_t1_w20,394,120,2992,1189,1683,1131,39,24,34,3,13,18,121,40
20260808,r6_d20_t1_w20,395,120,2999,1190,1689,1133,39,18,39,4,14,17,131,43
20260808,r6_d20_t1_w20,396,120,3005,1193,1692,1134,39,17,42,2,14,17,131,43
20260808,r6_d20_t1_w20,397,119,3013,1196,1698,1137,40,13,46,1,16,15,131,43
20260808,r6_d20_t1_w20,398,116,3020,1197,1707,1141,40,9,47,4,16,14,131,43
20260808,r6_d20_t1_w20,399,113,3028,1200,1715,1143,39,11,46,4,17,13,131,43
20260808,r6_d20_t1_w20,400,109,3033,1205,1719,1146,39,13,46,2,17,11,131,43
20260808,r6_d20_t1_w20,401,110,3040,1207,1723,1148,38,12,47,3,17,12,131,43
20260808,r6_d20_t1_w20,402,107,3047,1209,1731,1151,40,12,46,2,17,13,131,43
20260808,r6_d20_t1_w20,403,108,3056,1210,1738,1154,43,10,46,1,17,15,131,43
20260808,r6_d20_t1_w20,404,111,3063,1211,1741,1155,44,10,46,0,17,15,131,43
20260808,r6_d20_t1_w20,405,113,3071,1211,1747,1159,46,6,46,2,17,16,131,43
20260808,r6_d20_t1_w20,406,111,3076,1211,1754,1163,48,3,45,4,15,16,131,43
20260808,r6_d20_t1_w20,407,112,3085,1214,1759,1166,49,4,44,3,13,16,131,43
20260808,r6_d20_t1_w20,408,113,3095,1218,1764,1170,50,7,41,2,10,16,131,43
20260808,r6_d20_t1_w20,409,112,3101,1219,1770,1175,54,6,38,2,9,16,131,43
20260808,r6_d20_t1_w20,410,117,3109,1221,1771,1179,57,8,34,1,9,18,131,43
20260808,r6_d20_t1_w20,411,122,3116,1223,1771,1182,59,9,32,0,9,19,131,43
20260808,r6_d20_t1_w20,412,128,3123,1223,1772,1186,62,7,30,1,9,19,131,43
20260808,r6_d20_t1_w20,413,133,3131,1226,1772,1190,63,9,27,1,9,19,131,43
20260808,r6_d20_t1_w20,414,135,3141,1229,1777,1194,65,11,24,0,9,20,131,43
20260808,r6_d20_t1_w20,415,136,3149,1230,1783,1199,68,11,20,1,9,18,131,43
20260808,r6_d20_t1_w20,416,138,3157,1230,1789,1199,68,9,22,1,9,17,131,43
20260808,r6_d20_t1_w20,417,134,3163,1234,1795,1202,68,12,20,0,9,16,131,43
20260808,r6_d20_t1_w20,418,131,3170,1238,1801,1207,69,14,17,0,9,16,131,43
20260808,r6_d20_t1_w20,419,133,3178,1239,1806,1207,68,13,19,0,9,18,131,43
20260808,r6_d20_t1_w20,420,130,3184,1244,1810,1210,66,16,18,0,9,17,131,43
20260808,r6_d20_t1_w20,421,127,3190,1248,1815,1211,63,18,19,0,9,16,131,43
20260808,r6_d20_t1_w20,422,129,3200,1249,1822,1212,61,18,19,2,10,15,131,43
20260808,r6_d20_t1_w20,423,126,3208,1251,1831,1214,42,17,20,21,12,14,131,43
20260808,r6_d20_t1_w20,424,122,3213,1253,1838,1216,42,15,22,21,13,13,131,43
20260808,r6_d20_t1_w20,425,106,3223,1273,1844,1217,40,32,24,4,13,13,131,43
20260808,r6_d20_t1_w20,426,107,3232,1276,1849,1218,38,29,29,4,14,13,131,43
20260808,r6_d20_t1_w20,427,107,3242,1278,1857,1219,37,25,34,4,14,12,131,43
20260808,r6_d20_t1_w20,428,103,3248,1281,1864,1220,34,21,40,5,14,11,131,43
20260808,r6_d20_t1_w20,429,100,3255,1286,1869,1221,31,21,44,4,14,11,131,43
20260808,r6_d20_t1_w20,430,97,3263,1289,1877,1221,30,18,50,2,16,11,131,43
20260808,r6_d20_t1_w20,431,100,3273,1291,1882,1222,29,16,53,2,17,12,131,43
20260808,r6_d20_t1_w20,432,101,3282,1292,1889,1224,29,13,55,3,17,12,131,43
20260808,r6_d20_t1_w20,433,102,3290,1293,1895,1226,29,13,54,4,17,12,131,43
20260808,r6_d20_t1_w20,434,97,3297,1297,1903,1226,27,13,58,2,18,12,131,43
20260808,r6_d20_t1_w20,435,99,3307,1299,1909,1228,29,13,58,0,16,12,131,43
20260808,r6_d20_t1_w20,436,97,3315,1301,1917,1231,28,13,57,2,13,12,131,43
20260808,r6_d20_t1_w20,437,97,3322,1303,1922,1236,29,12,55,4,13,14,131,43
20260808,r6_d20_t1_w20,438,96,3330,1306,1928,1240,31,9,57,3,10,14,131,43
20260808,r6_d20_t1_w20,439,97,3338,1309,1932,1248,35,11,50,4,9,15,131,43
20260808,r6_d20_t1_w20,440,101,3346,1313,1932,1257,39,14,42,5,9,16,131,43
20260808,r6_d20_t1_w20,441,111,3356,1313,1932,1259,42,10,44,4,9,19,131,43
20260808,r6_d20_t1_w20,442,116,3364,1315,1933,1262,43,8,45,4,9,19,131,43
20260808,r6_d20_t1_w20,443,122,3373,1318,1933,1263,41,10,45,4,9,21,131,43
20260808,r6_d20_t1_w20,444,128,3383,1322,1933,1268,41,14,40,5,9,21,131,43
20260808,r6_d20_t1_w20,445,132,3390,1325,1933,1273,44,13,39,4,9,21,121,40
20260808,r6_d20_t1_w20,446,134,3399,1332,1933,1276,42,17,39,2,9,21,121,40
20260808,r6_d20_t1_w20,447,136,3404,1335,1933,1276,40,17,42,1,9,21,121,40
20260808,r6_d20_t1_w20,448,144,3413,1336,1933,1279,40,15,42,3,9,22,121,40
20260808,r6_d20_t1_w20,449,148,3421,1338,1935,1285,42,15,38,5,9,21,121,40
20260808,r6_d20_t1_w20,450,148,3430,1342,1940,1288,40,17,37,6,12,20,131,43
20260808,r6_d20_t1_w20,451,142,3437,1346,1949,1290,33,14,42,11,13,19,131,43
20260808,r6_d20_t1_w20,452,138,3444,1351,1955,1292,33,13,46,8,13,18,131,43
20260808,r6_d20_t1_w20,453,132,3454,1360,1962,1297,34,20,43,3,14,16,131,43
20260808,r6_d20_t1_w20,454,136,3464,1361,1967,1298,35,14,49,2,17,15,131,43
20260808,r6_d20_t1_w20,455,132,3471,1363,1976,1300,37,12,51,0,18,14,131,43
20260808,r6_d20_t1_w20,456,134,3479,1363,1982,1303,40,7,53,0,18,14,131,43
20260808,r6_d20_t1_w20,457,136,3487,1363,1988,1305,41,6,52,1,18,12,131,43
20260808,r6_d20_t1_w20,458,139,3496,1363,1994,1305,41,3,55,1,18,12,131,43
20260808,r6_d20_t1_w20,459,138,3506,1366,2002,1308,41,4,54,1,18,11,131,43
20260808,r6_d20_t1_w20,460,135,3515,1371,2009,1314,41,7,50,2,18,11,131,43
20260808,r6_d20_t1_w20,461,132,3524,1375,2017,1319,41,11,45,3,18,11,131,43
20260808,r6_d20_t1_w20,462,133,3533,1377,2023,1322,42,11,44,3,18,12,131,43
20260808,r6_d20_t1_w20,463,132,3541,1379,2030,1326,45,11,42,2,18,15,131,43
20260808,r6_d20_t1_w20,464,128,3547,1381,2038,1328,46,12,41,1,17,16,131,43
20260808,r6_d20_t1_w20,465,129,3554,1382,2043,1330,47,10,42,1,16,16,131,43
20260808,r6_d20_t1_w20,466,126,3561,1385,2050,1340,50,10,35,5,15,16,131,43
20260808,r6_d20_t1_w20,467,127,3570,1390,2053,1342,48,14,34,4,14,16,131,43
20260808,r6_d20_t1_w20,468,121,3577,1395,2061,1346,50,15,34,1,10,16,131,43
20260808,r6_d20_t1_w20,469,122,3586,1396,2068,1348,51,16,32,1,9,18,131,43
20260808,r6_d20_t1_w20,470,126,3593,1399,2068,1354,53,15,30,2,9,19,131,43
20260808,r6_d20_t1_w20,471,135,3603,1400,2068,1357,55,13,30,2,9,20,131,43
20260808,r6_d20_t1_w20,472,137,3608,1403,2068,1360,56,11,32,1,9,20,131,43
20260808,r6_d20_t1_w20,473,140,3616,1407,2069,1363,55,14,30,1,9,22,131,43
20260808,r6_d20_t1_w20,474,135,3622,1409,2078,1365,56,13,31,0,9,21,131,43
20260808,r6_d20_t1_w20,475,137,3631,1410,2084,1365,55,11,34,0,9,23,131,43
20260808,r6_d20_t1_w20,476,135,3637,1413,2089,1368,54,11,34,1,9,22,131,43
20260808,r6_d20_t1_w20,477,137,3646,1413,2096,1368,54,9,36,1,9,23,131,43
20260808,r6_d20_t1_w20,478,132,3651,1415,2104,1371,55,9,35,1,9,22,131,43
20260808,r6_d20_t1_w20,479,131,3656,1415,2110,1374,58,8,33,1,9,23,131,43
20260808,r6_d20_t1_w20,480,126,3665,1423,2116,1379,55,13,31,1,9,22,131,43
20260808,r6_d20_t1_w20,481,126,3675,1425,2124,1380,50,13,32,5,12,20,131,43
20260808,r6_d20_t1_w20,482,126,3685,1429,2130,1382,39,16,31,14,16,20,131,43
20260808,r6_d20_t1_w20,483,123,3695,1434,2138,1383,39,15,36,10,17,19,131,43
20260808,r6_d20_t1_w20,484,114,3702,1445,2143,1386,41,21,38,0,14,18,131,43
20260808,r6_d20_t1_w20,485,115,3708,1445,2148,1390,45,14,41,0,15,17,131,43
20260808,r6_d20_t1_w20,486,117,3718,1446,2155,1394,48,12,40,0,17,16,131,43
20260808,r6_d20_t1_w20,487,115,3724,1447,2162,1398,51,10,39,0,17,14,131,43
20260808,r6_d20_t1_w20,488,115,3732,1448,2169,1399,50,9,40,1,18,13,131,43
20260808,r6_d20_t1_w20,489,112,3739,1451,2176,1400,47,8,43,2,18,11,131,43
20260808,r6_d20_t1_w20,490,114,3747,1453,2180,1402,47,9,42,2,18,10,126,43
20260808,r6_d20_t1_w20,491,113,3756,1454,2189,1404,48,5,45,2,18,9,126,43
20260808,r6_d20_t1_w20,492,114,3762,1457,2191,1408,49,7,42,2,18,9,126,43
20260808,r6_d20_t1_w20,493,114,3771,1460,2197,1411,48,10,39,3,17,9,126,43
20260808,r6_d20_t1_w20,494,114,3778,1462,2202,1415,48,9,38,5,16,10,126,43
20260808,r6_d20_t1_w20,495,112,3786,1465,2209,1415,44,11,39,6,14,10,131,43
20260808,r6_d20_t1_w20,496,108,3791,1471,2212,1417,43,14,40,3,13,11,131,43
20260808,r6_d20_t1_w20,497,105,3800,1474,2221,1419,44,15,40,1,12,11,131,43
20260808,r6_d20_t1_w20,498,109,3809,1475,2225,1424,47,13,38,2,10,12,131,43
20260808,r6_d20_t1_w20,499,111,3817,1477,2229,1425,46,10,42,2,9,13,131,43
20260808,r6_d20_t1_w20,500,117,3825,1478,2230,1430,49,11,37,3,9,15,131,43
20260808,r6_d20_t1_w20,501,122,3833,1480,2231,1435,51,8,37,4,9,16,131,43
20260808,r6_d20_t1_w20,502,124,3839,1483,2232,1437,52,8,38,2,9,17,131,43
20260808,r6_d20_t1_w20,503,125,3846,1488,2233,1444,54,12,32,2,9,18,131,43
20260808,r6_d20_t1_w20,504,126,3851,1492,2233,1448,53,13,31,3,9,19,131,43
20260808,r6_d20_t1_w20,505,126,3858,1494,2238,1450,55,13,31,1,9,18,131,43
20260808,r6_d20_t1_w20,506,131,3866,1496,2239,1451,53,13,32,2,9,18,131,43
20260808,r6_d20_t1_w20,507,132,3872,1496,2244,1452,54,9,35,2,9,18,131,43
20260808,r6_d20_t1_w20,508,131,3880,1499,2250,1453,54,8,38,0,9,18,131,43
20260808,r6_d20_t1_w20,509,135,3890,1500,2255,1456,55,8,36,1,9,19,131,43
20260808,r6_d20_t1_w20,510,131,3897,1503,2263,1457,52,10,36,2,9,19,131,43
20260808,r6_d20_t1_w20,511,129,3903,1504,2270,1459,50,9,36,5,11,17,131,43
20260808,r6_d20_t1_w20,512,131,3910,1505,2274,1461,36,8,36,20,12,16,131,43
20260808,r6_d20_t1_w20,513,130,3919,1509,2280,1462,34,11,36,19,15,14,131,43
20260808,r6_d20_t1_w20,514,113,3924,1525,2286,1464,34,23,38,5,9,13,131,43
20260808,r6_d20_t1_w20,515,109,3931,1530,2292,1465,31,22,43,4,11,13,131,43
20260808,r6_d20_t1_w20,516,110,3936,1533,2293,1467,32,17,49,2,13,13,131,43
20260808,r6_d20_t1_w20,517,104,3943,1537,2302,1473,35,19,45,1,12,11,131,43
20260808,r6_d20_t1_w20,518,98,3949,1540,2311,1478,36,19,43,2,14,11,131,43
20260808,r6_d20_t1_w20,519,95,3954,1541,2318,1480,36,14,47,3,15,8,131,43
20260808,r6_d20_t1_w20,520,91,3960,1543,2326,1483,35,14,46,5,15,8,101,38
20260808,r6_d20_t1_w20,521,90,3968,1545,2333,1484,33,14,47,6,16,9,101,38
20260808,r6_d20_t1_w20,522,87,3973,1548,2338,1486,32,11,51,6,16,8,101,38
20260808,r6_d20_t1_w20,523,85,3982,1552,2345,1488,33,11,53,3,18,7,101,38
20260808,r6_d20_t1_w20,524,86,3991,1557,2348,1493,35,14,50,1,18,8,101,38
20260808,r6_d20_t1_w20,525,83,3997,1560,2354,1495,33,12,53,2,17,8,126,43
20260808,r6_d20_t1_w20,526,80,4005,1564,2361,1501,33,14,49,4,17,9,126,43
20260808,r6_d20_t1_w20,527,79,4011,1565,2367,1504,34,11,50,5,14,8,126,43
20260808,r6_d20_t1_w20,528,73,4016,1569,2374,1507,33,14,48,5,12,9,126,43
20260808,r6_d20_t1_w20,529,71,4024,1570,2383,1509,35,14,47,4,9,10,126,43
20260808,r6_d20_t1_w20,530,76,4033,1574,2383,1514,37,15,45,3,9,11,131,43
20260808,r6_d20_t1_w20,531,82,4039,1574,2383,1518,41,11,45,3,9,11,131,43
20260808,r6_d20_t1_w20,532,84,4045,1577,2384,1522,43,7,48,2,9,12,131,43
20260808,r6_d20_t1_w20,533,88,4052,1580,2384,1526,45,9,45,1,9,13,131,43
20260808,r6_d20_t1_w20,534,93,4060,1583,2384,1530,46,10,43,1,9,13,131,43
20260808,r6_d20_t1_w20,535,101,4070,1585,2384,1534,48,11,40,1,9,15,131,43
20260808,r6_d20_t1_w20,536,104,4077,1589,2384,1538,48,12,39,1,9,16,131,43
20260808,r6_d20_t1_w20,537,110,4084,1590,2384,1542,49,11,37,3,9,17,131,43
20260808,r6_d20_t1_w20,538,116,4093,1593,2384,1543,48,12,38,2,9,18,131,43
20260808,r6_d20_t1_w20,539,120,4100,1596,2384,1547,50,12,37,1,9,18,131,43
20260808,r6_d20_t1_w20,540,125,4108,1599,2384,1553,49,13,33,5,9,18,131,43
20260808,r6_d20_t1_w20,541,127,4113,1602,2384,1556,46,12,34,8,11,17,131,43
20260808,r6_d20_t1_w20,542,129,4122,1608,2385,1557,37,15,36,12,13,15,131,43
20260808,r6_d20_t1_w20,543,128,4131,1612,2391,1560,40,14,38,8,15,15,131,43
20260808,r6_d20_t1_w20,544,119,4136,1622,2395,1563,37,20,39,4,13,14,131,43
20260808,r6_d20_t1_w20,545,122,4145,1623,2400,1565,36,17,41,6,15,14,131,43
20260808,r6_d20_t1_w20,546,121,4154,1627,2406,1568,38,14,45,3,16,14,131,43
20260808,r6_d20_t1_w20,547,120,4164,1633,2411,1570,34,16,47,3,16,13,131,43
20260808,r6_d20_t1_w20,548,122,4171,1635,2414,1571,33,17,47,3,17,13,131,43
20260808,r6_d20_t1_w20,549,120,4179,1639,2420,1572,31,17,50,2,18,10,131,43
20260808,r6_d20_t1_w20,550,120,4187,1641,2426,1576,33,16,49,2,18,12,126,43
20260808,r6_d20_t1_w20,551,118,4194,1645,2431,1576,29,15,54,2,18,14,126,43
20260808,r6_d20_t1_w20,552,121,4203,1647,2435,1581,32,13,53,2,18,16,126,43
20260808,r6_d20_t1_w20,553,121,4212,1650,2441,1585,31,15,50,4,18,16,126,43
20260808,r6_d20_t1_w20,554,120,4218,1651,2447,1588,33,13,50,4,16,17,126,43
20260808,r6_d20_t1_w20,555,116,4227,1655,2456,1592,35,16,47,2,16,18,131,43
20260808,r6_d20_t1_w20,556,113,4232,1660,2459,1595,33,11,54,2,16,18,131,43
20260808,r6_d20_t1_w20,557,115,4240,1661,2464,1597,34,8,56,2,14,19,131,43
20260808,r6_d20_t1_w20,558,112,4246,1665,2469,1600,32,10,55,3,10,20,131,43
20260808,r6_d20_t1_w20,559,114,4255,1667,2474,1604,33,11,52,4,9,20,131,43
20260808,r6_d20_t1_w20,560,119,4262,1668,2475,1607,37,11,50,2,9,20,131,43
20260808,r6_d20_t1_w20,561,127,4272,1670,2475,1611,40,8,51,1,9,21,131,43
20260808,r6_d20_t1_w20,562,133,4281,1671,2477,1615,43,8,48,1,9,23,131,43
20260808,r6_d20_t1_w20,563,136,4286,1673,2477,1619,44,10,44,2,9,23,131,43
20260808,r6_d20_t1_w20,564,137,4291,1675,2479,1624,46,9,42,3,9,24,131,43
20260808,r6_d20_t1_w20,565,133,4297,1678,2486,1631,49,10,37,4,9,22,131,43
20260808,r6_d20_t1_w20,566,128,4302,1681,2493,1634,50,12,35,3,9,21,131,43
20260808,r6_d20_t1_w20,567,128,4311,1685,2498,1636,51,14,35,0,9,19,131,43
20260808,r6_d20_t1_w20,568,130,4321,1688,2503,1639,51,14,35,0,9,19,131,43
20260808,r6_d20_t1_w20,569,131,4330,1689,2510,1643,54,12,34,0,9,18,131,43
20260808,r6_d20_t1_w20,570,126,4340,1696,2518,1646,49,16,34,1,10,17,121,43
20260808,r6_d20_t1_w20,571,129,4349,1697,2523,1651,40,16,30,14,12,15,121,43
20260808,r6_d20_t1_w20,572,126,4356,1698,2532,1652,40,16,30,14,14,14,121,43
20260808,r6_d20_t1_w20,573,114,4366,1712,2540,1655,42,28,29,1,11,13,121,43
20260808,r6_d20_t1_w20,574,115,4376,1715,2546,1658,43,26,31,0,13,12,121,43
20260808,r6_d20_t1_w20,575,117,4385,1715,2553,1662,46,20,33,1,15,12,131,43
20260808,r6_d20_t1_w20,576,120,4392,1716,2556,1663,46,14,39,1,17,12,131,43
20260808,r6_d20_t1_w20,577,121,4401,1717,2563,1665,48,12,40,0,18,11,131,43
20260808,r6_d20_t1_w20,578,123,4408,1717,2568,1666,49,9,42,0,18,10,131,43
20260808,r6_d20_t1_w20,579,120,4414,1717,2577,1666,49,5,46,0,18,10,131,43
20260808,r6_d20_t1_w20,580,119,4419,1717,2583,1668,49,4,45,2,18,11,131,43
20260808,r6_d20_t1_w20,581,117,4427,1720,2590,1672,50,6,42,2,18,11,131,43
20260808,r6_d20_t1_w20,582,112,4432,1723,2597,1675,52,7,41,0,18,14,131,43
20260808,r6_d20_t1_w20,583,116,4440,1724,2600,1676,51,8,40,1,18,15,131,43
20260808,r6_d20_t1_w20,584,120,4449,1725,2604,1678,52,4,43,1,18,15,131,43
20260808,r6_d20_t1_w20,585,124,4459,1727,2608,1679,52,5,43,0,16,17,131,43
20260808,r6_d20_t1_w20,586,127,4468,1729,2612,1681,52,6,42,0,16,17,131,43
20260808,r6_d20_t1_w20,587,127,4477,1730,2620,1686,55,6,38,1,14,19,131,43
20260808,r6_d20_t1_w20,588,127,4485,1730,2628,1690,57,6,34,3,11,19,131,43
20260808,r6_d20_t1_w20,589,121,4490,1733,2636,1693,58,9,31,2,9,18,131,43
20260808,r6_d20_t1_w20,590,127,4498,1735,2636,1694,58,8,33,1,9,19,131,43
20260808,r6_d20_t1_w20,591,131,4503,1736,2636,1700,63,7,29,1,9,20,131,43
20260808,r6_d20_t1_w20,592,134,4508,1738,2636,1703,64,9,26,1,9,20,131,43
20260808,r6_d20_t1_w20,593,140,4517,1739,2638,1705,65,9,25,1,9,20,131,43
20260808,r6_d20_t1_w20,594,135,4524,1742,2647,1707,65,8,27,0,9,20,131,43
20260808,r6_d20_t1_w20,595,131,4530,1743,2656,1710,66,7,26,1,9,18,131,43
20260808,r6_d20_t1_w20,596,130,4538,1745,2663,1717,71,8,20,1,9,18,131,43
20260808,r6_d20_t1_w20,597,124,4545,1750,2671,1718,68,10,22,0,9,17,131,43
20260808,r6_d20_t1_w20,598,121,4550,1752,2677,1719,67,11,22,0,9,17,131,43
20260808,r6_d20_t1_w20,599,123,4557,1752,2682,1723,71,11,18,0,9,18,131,43
20260808,r6_d20_t1_w20,600,124,4564,1753,2687,1723,67,9,21,3,11,18,121,40
20260808,ctrl_d1_t5_w20,1,8,10,2,0,0,98,2,0,0,0,2,131,43
20260808,ctrl_d1_t5_w20,2,15,19,4,0,0,96,4,0,0,0,3,131,43
20260808,ctrl_d1_t5_w20,3,20,24,4,0,0,96,4,0,0,0,4,131,43
20260808,ctrl_d1_t5_w20,4,28,32,4,0,0,96,3,1,0,1,6,131,43
20260808,ctrl_d1_t5_w20,5,32,37,5,0,0,95,3,2,0,1,8,131,43
20260808,ctrl_d1_t5_w20,6,39,47,8,0,0,92,6,2,0,1,9,131,43
20260808,ctrl_d1_t5_w20,7,43,53,10,0,0,90,8,2,0,3,9,131,43
20260808,ctrl_d1_t5_w20,8,50,61,11,0,0,89,7,4,0,3,12,131,43
20260808,ctrl_d1_t5_w20,9,57,71,14,0,0,86,9,5,0,3,12,131,43
20260808,ctrl_d1_t5_w20,10,65,79,14,0,0,86,6,8,0,5,13,131,43
20260808,ctrl_d1_t5_w20,11,71,86,15,0,0,85,7,8,0,7,14,131,43
20260808,ctrl_d1_t5_w20,12,74,91,17,0,0,83,7,10,0,7,14,131,43
20260808,ctrl_d1_t5_w20,13,79,97,18,0,0,82,7,11,0,7,14,131,43
20260808,ctrl_d1_t5_w20,14,83,102,19,0,0,81,4,15,0,8,15,131,43
20260808,ctrl_d1_t5_w20,15,92,112,20,0,0,80,4,16,0,9,16,131,43
20260808,ctrl_d1_t5_w20,16,97,118,21,0,0,79,4,17,0,9,18,131,43
20260808,ctrl_d1_t5_w20,17,102,126,24,0,0,76,5,19,0,9,18,131,43
20260808,ctrl_d1_t5_w20,18,105,131,26,0,0,74,7,19,0,9,19,131,43
20260808,ctrl_d1_t5_w20,19,111,139,28,0,0,72,9,19,0,9,19,131,43
20260808,ctrl_d1_t5_w20,20,120,149,29,0,2,73,9,18,0,9,20,121,40
20260808,ctrl_d1_t5_w20,21,119,154,31,4,2,71,9,20,0,9,18,121,40
20260808,ctrl_d1_t5_w20,22,118,160,32,10,4,72,10,18,0,9,19,121,40
20260808,ctrl_d1_t5_w20,23,121,169,33,15,6,73,10,17,0,8,20,121,40
20260808,ctrl_d1_t5_w20,24,118,175,36,21,7,71,11,18,0,9,19,121,40
20260808,ctrl_d1_t5_w20,25,124,184,36,24,8,72,10,18,0,9,18,126,43
20260808,ctrl_d1_t5_w20,26,122,191,37,32,9,72,8,20,0,9,17,126,43
20260808,ctrl_d1_t5_w20,27,123,196,37,36,9,72,5,23,0,9,16,126,43
20260808,ctrl_d1_t5_w20,28,120,202,40,42,11,71,8,21,0,9,16,126,43
20260808,ctrl_d1_t5_w20,29,120,211,43,48,16,73,10,17,0,9,16,126,43
20260808,ctrl_d1_t5_w20,30,121,220,45,54,16,71,11,18,0,9,15,131,43
20260808,ctrl_d1_t5_w20,31,124,230,46,60,17,71,9,20,0,9,15,131,43
20260808,ctrl_d1_t5_w20,32,127,236,46,63,19,73,7,20,0,9,15,131,43
20260808,ctrl_d1_t5_w20,33,128,246,50,68,21,71,10,19,0,10,15,131,43
20260808,ctrl_d1_t5_w20,34,130,252,51,71,22,71,10,19,0,11,15,131,43
20260808,ctrl_d1_t5_w20,35,131,262,54,77,23,69,11,20,0,11,14,131,43
20260808,ctrl_d1_t5_w20,36,129,268,56,83,23,67,13,20,0,11,13,131,43
20260808,ctrl_d1_t5_w20,37,131,276,56,89,23,67,12,21,0,11,11,131,43
20260808,ctrl_d1_t5_w20,38,134,285,57,94,27,70,11,19,0,11,11,131,43
20260808,ctrl_d1_t5_w20,39,132,291,59,100,29,70,10,20,0,11,10,131,43
20260808,ctrl_d1_t5_w20,40,130,301,61,110,29,68,9,23,0,10,10,131,43
20260808,ctrl_d1_t5_w20,41,134,311,63,114,29,66,10,24,0,12,11,131,43
20260808,ctrl_d1_t5_w20,42,137,321,66,118,30,64,10,26,0,12,13,131,43
20260808,ctrl_d1_t5_w20,43,135,327,66,126,31,65,10,25,0,12,13,131,43
20260808,ctrl_d1_t5_w20,44,135,333,67,131,33,66,8,26,0,10,15,131,43
20260808,ctrl_d1_t5_w20,45,135,343,68,140,37,69,8,23,0,9,16,131,43
20260808,ctrl_d1_t5_w20,46,133,348,69,146,40,71,5,24,0,9,16,131,43
20260808,ctrl_d1_t5_w20,47,138,358,70,150,41,71,5,24,0,9,16,131,43
20260808,ctrl_d1_t5_w20,48,141,367,72,154,43,71,5,24,0,9,17,131,43
20260808,ctrl_d1_t5_w20,49,142,377,74,161,45,71,5,24,0,9,17,131,43
20260808,ctrl_d1_t5_w20,50,145,387,77,165,48,71,8,21,0,9,18,126,43
20260808,ctrl_d1_t5_w20,51,143,392,78,171,48,70,8,22,0,9,17,126,43
20260808,ctrl_d1_t5_w20,52,142,398,79,177,48,69,8,23,0,9,17,126,43
20260808,ctrl_d1_t5_w20,53,140,404,81,183,48,67,9,24,0,9,17,126,43
20260808,ctrl_d1_t5_w20,54,141,413,85,187,50,65,13,22,0,9,18,126,43
20260808,ctrl_d1_t5_w20,55,139,421,86,196,52,66,11,23,0,9,19,131,43
20260808,ctrl_d1_t5_w20,56,140,430,89,201,55,66,13,21,0,9,17,131,43
20260808,ctrl_d1_t5_w20,57,140,437,90,207,56,66,13,21,0,9,20,131,43
20260808,ctrl_d1_t5_w20,58,141,446,90,215,57,67,13,20,0,9,20,131,43
20260808,ctrl_d1_t5_w20,59,139,451,93,219,59,66,12,22,0,9,21,131,43
20260808,ctrl_d1_t5_w20,60,139,460,94,227,61,67,10,23,0,9,21,131,43
20260808,ctrl_d1_t5_w20,61,139,468,95,234,63,68,7,25,0,9,20,131,43
20260808,ctrl_d1_t5_w20,62,136,473,96,241,64,68,8,24,0,9,20,131,43
20260808,ctrl_d1_t5_w20,63,138,480,96,246,67,71,7,22,0,11,18,131,43
20260808,ctrl_d1_t5_w20,64,141,489,97,251,69,72,6,22,0,11,16,131,43
20260808,ctrl_d1_t5_w20,65,137,495,99,259,70,71,8,21,0,12,15,131,43
20260808,ctrl_d1_t5_w20,66,138,502,100,264,71,71,9,20,0,12,15,131,43
20260808,ctrl_d1_t5_w20,67,135,509,102,272,72,70,9,21,0,9,15,131,43
20260808,ctrl_d1_t5_w20,68,133,517,105,279,73,68,10,22,0,9,14,131,43
20260808,ctrl_d1_t5_w20,69,133,526,107,286,74,67,11,22,0,9,14,131,43
20260808,ctrl_d1_t5_w20,70,125,532,111,296,78,67,14,19,0,7,16,131,43
20260808,ctrl_d1_t5_w20,71,127,541,113,301,80,67,14,19,0,8,16,131,43
20260808,ctrl_d1_t5_w20,72,130,550,113,307,81,68,10,22,0,10,16,131,43
20260808,ctrl_d1_t5_w20,73,129,557,115,313,82,67,12,21,0,10,17,131,43
20260808,ctrl_d1_t5_w20,74,127,566,120,319,84,64,13,23,0,10,19,131,43
20260808,ctrl_d1_t5_w20,75,126,573,122,325,84,62,12,26,0,10,18,131,43
20260808,ctrl_d1_t5_w20,76,124,579,123,332,87,64,10,26,0,10,18,131,43
20260808,ctrl_d1_t5_w20,77,126,588,124,338,88,64,11,25,0,9,18,131,43
20260808,ctrl_d1_t5_w20,78,126,597,125,346,88,63,12,25,0,8,21,131,43
20260808,ctrl_d1_t5_w20,79,130,607,126,351,89,63,11,26,0,8,21,131,43
20260808,ctrl_d1_t5_w20,80,133,616,129,354,90,61,12,27,0,8,24,131,43
20260808,ctrl_d1_t5_w20,81,138,625,129,358,93,64,11,25,0,8,24,131,43
20260808,ctrl_d1_t5_w20,82,137,630,131,362,93,62,11,27,0,8,23,131,43
20260808,ctrl_d1_t5_w20,83,140,638,131,367,94,63,7,30,0,8,23,131,43
20260808,ctrl_d1_t5_w20,84,139,645,133,373,97,64,6,30,0,8,21,131,43
20260808,ctrl_d1_t5_w20,85,144,654,133,377,101,68,6,26,0,8,21,131,43
20260808,ctrl_d1_t5_w20,86,144,663,136,383,103,67,9,24,0,8,21,131,43
20260808,ctrl_d1_t5_w20,87,146,671,136,389,104,68,9,23,0,8,21,131,43
20260808,ctrl_d1_t5_w20,88,144,676,137,395,105,68,8,24,0,8,20,131,43
20260808,ctrl_d1_t5_w20,89,143,684,140,401,107,67,9,24,0,8,20,131,43
20260808,ctrl_d1_t5_w20,90,142,689,143,404,110,67,11,22,0,8,18,131,43
20260808,ctrl_d1_t5_w20,91,138,694,146,410,112,66,12,22,0,8,18,131,43
20260808,ctrl_d1_t5_w20,92,137,701,146,418,116,70,11,19,0,8,18,131,43
20260808,ctrl_d1_t5_w20,93,135,706,146,425,117,71,9,20,0,8,16,131,43
20260808,ctrl_d1_t5_w20,94,135,716,148,433,119,71,9,20,0,9,14,131,43
20260808,ctrl_d1_t5_w20,95,136,725,149,440,120,71,10,19,0,9,14,131,43
20260808,ctrl_d1_t5_w20,96,137,732,150,445,121,71,7,22,0,10,14,131,43
20260808,ctrl_d1_t5_w20,97,138,740,150,452,122,72,5,23,0,12,14,131,43
20260808,ctrl_d1_t5_w20,98,138,747,150,459,125,75,4,21,0,13,12,131,43
20260808,ctrl_d1_t5_w20,99,137,756,151,468,127,76,5,19,0,13,11,131,43
20260808,ctrl_d1_t5_w20,100,133,764,155,476,128,73,8,19,0,13,10,121,40
20260808,ctrl_d1_t5_w20,101,134,774,156,484,130,74,7,19,0,11,11,121,40
20260808,ctrl_d1_t5_w20,102,130,779,160,489,132,72,10,18,0,11,11,121,40
20260808,ctrl_d1_t5_w20,103,128,784,160,496,133,73,10,17,0,9,13,121,40
20260808,ctrl_d1_t5_w20,104,127,791,161,503,135,74,9,17,0,7,14,121,40
20260808,ctrl_d1_t5_w20,105,127,801,163,511,135,72,10,18,0,8,15,131,43
20260808,ctrl_d1_t5_w20,106,125,806,164,517,137,73,8,19,0,8,18,131,43
20260808,ctrl_d1_t5_w20,107,123,813,166,524,138,72,7,21,0,9,18,131,43
20260808,ctrl_d1_t5_w20,108,127,823,168,528,139,71,8,21,0,9,19,131,43
20260808,ctrl_d1_t5_w20,109,130,831,168,533,139,71,7,22,0,9,22,131,43
20260808,ctrl_d1_t5_w20,110,132,841,172,537,140,68,11,21,0,9,23,131,43
20260808,ctrl_d1_t5_w20,111,132,848,174,542,142,68,13,19,0,9,22,131,43
20260808,ctrl_d1_t5_w20,112,134,856,174,548,142,68,7,25,0,9,21,131,43
20260808,ctrl_d1_t5_w20,113,135,862,174,553,144,70,5,25,0,9,21,131,43
20260808,ctrl_d1_t5_w20,114,131,868,175,562,144,69,5,26,0,9,19,131,43
20260808,ctrl_d1_t5_w20,115,130,874,176,568,145,69,5,26,0,9,20,131,43
20260808,ctrl_d1_t5_w20,116,130,881,177,574,148,71,4,25,0,9,21,131,43
20260808,ctrl_d1_t5_w20,117,132,889,177,580,151,74,3,23,0,9,22,131,43
20260808,ctrl_d1_t5_w20,118,132,896,178,586,153,75,2,23,0,9,23,131,43
20260808,ctrl_d1_t5_w20,119,131,904,179,594,154,75,3,22,0,9,23,131,43
20260808,ctrl_d1_t5_w20,120,126,913,186,601,154,68,9,23,0,8,22,131,43
20260808,ctrl_d1_t5_w20,121,122,920,188,610,156,68,11,21,0,8,21,131,43
20260808,ctrl_d1_t5_w20,122,123,926,189,614,160,71,8,21,0,7,20,131,43
20260808,ctrl_d1_t5_w20,123,128,936,190,618,165,75,9,16,0,8,18,131,43
20260808,ctrl_d1_t5_w20,124,131,946,192,623,166,74,10,16,0,8,17,131,43
20260808,ctrl_d1_t5_w20,125,124,951,195,632,168,73,10,17,0,8,16,121,40
20260808,ctrl_d1_t5_w20,126,124,957,196,637,170,74,11,15,0,8,15,121,40
20260808,ctrl_d1_t5_w20,127,124,965,199,642,170,71,11,18,0,8,14,121,40
20260808,ctrl_d1_t5_w20,128,124,975,201,650,172,71,11,18,0,10,12,121,40
20260808,ctrl_d1_t5_w20,129,119,980,203,658,172,69,12,19,0,10,10,121,40
20260808,ctrl_d1_t5_w20,130,116,986,205,665,173,68,11,21,0,10,8,131,43
20260808,ctrl_d1_t5_w20,131,119,994,205,670,174,69,10,21,0,11,9,131,43
20260808,ctrl_d1_t5_w20,132,119,1002,205,678,174,69,9,22,0,11,11,131,43
20260808,ctrl_d1_t5_w20,133,121,1011,206,684,175,69,6,25,0,11,13,131,43
20260808,ctrl_d1_t5_w20,134,126,1020,207,687,177,70,4,26,0,11,15,131,43
20260808,ctrl_d1_t5_w20,135,127,1027,208,692,178,70,4,26,0,10,15,131,43
20260808,ctrl_d1_t5_w20,136,129,1035,208,698,180,72,4,24,0,9,16,131,43
20260808,ctrl_d1_t5_w20,137,127,1041,208,706,181,73,4,23,0,9,16,131,43
20260808,ctrl_d1_t5_w20,138,126,1049,211,712,181,70,7,23,0,9,16,131,43
20260808,ctrl_d1_t5_w20,139,126,1058,213,719,182,69,5,26,0,9,17,131,43
20260808,ctrl_d1_t5_w20,140,132,1067,215,720,185,70,6,24,0,9,18,131,43
20260808,ctrl_d1_t5_w20,141,133,1072,219,720,186,67,10,23,0,9,19,131,43
20260808,ctrl_d1_t5_w20,142,134,1078,220,724,189,69,11,20,0,9,19,131,43
20260808,ctrl_d1_t5_w20,143,135,1088,220,733,190,70,8,22,0,9,19,131,43
20260808,ctrl_d1_t5_w20,144,132,1094,222,740,191,69,8,23,0,9,20,131,43
20260808,ctrl_d1_t5_w20,145,135,1101,223,743,192,69,8,23,0,9,20,131,43
20260808,ctrl_d1_t5_w20,146,138,1111,225,748,195,70,9,21,0,9,21,131,43
20260808,ctrl_d1_t5_w20,147,137,1117,225,755,196,71,9,20,0,9,24,131,43
20260808,ctrl_d1_t5_w20,148,134,1122,225,763,200,75,6,19,0,9,24,131,43
20260808,ctrl_d1_t5_w20,149,137,1131,227,767,200,73,7,20,0,9,24,131,43
20260808,ctrl_d1_t5_w20,150,139,1139,230,770,203,73,9,18,0,9,24,131,43
20260808,ctrl_d1_t5_w20,151,139,1148,231,778,203,72,10,18,0,9,23,131,43
20260808,ctrl_d1_t5_w20,152,140,1158,232,786,204,72,10,18,0,9,19,131,43
20260808,ctrl_d1_t5_w20,153,137,1165,234,794,209,75,10,15,0,10,17,131,43
20260808,ctrl_d1_t5_w20,154,137,1174,235,802,211,76,9,15,0,11,15,131,43
20260808,ctrl_d1_t5_w20,155,137,1180,236,807,213,77,10,13,0,11,15,126,43
20260808,ctrl_d1_t5_w20,156,137,1187,236,814,213,77,9,14,0,11,14,126,43
20260808,ctrl_d1_t5_w20,157,134,1193,239,820,214,75,11,14,0,12,14,126,43
20260808,ctrl_d1_t5_w20,158,132,1200,241,827,215,74,11,15,0,12,14,126,43
20260808,ctrl_d1_t5_w20,159,131,1207,241,835,215,74,8,18,0,11,13,126,43
20260808,ctrl_d1_t5_w20,160,130,1212,241,841,216,75,6,19,0,11,12,131,43
20260808,ctrl_d1_t5_w20,161,132,1219,243,844,216,73,7,20,0,13,12,131,43
20260808,ctrl_d1_t5_w20,162,136,1229,243,850,217,74,6,20,0,12,12,131,43
20260808,ctrl_d1_t5_w20,163,129,1234,245,860,218,73,6,21,0,10,12,131,43
20260808,ctrl_d1_t5_w20,164,131,1242,246,865,218,72,6,22,0,10,12,131,43
20260808,ctrl_d1_t5_w20,165,131,1250,247,872,223,76,7,17,0,10,13,131,43
20260808,ctrl_d1_t5_w20,166,128,1257,248,881,223,75,8,17,0,9,13,131,43
20260808,ctrl_d1_t5_w20,167,129,1265,249,887,224,75,8,17,0,9,14,131,43
20260808,ctrl_d1_t5_w20,168,132,1275,252,891,224,72,10,18,0,9,15,131,43
20260808,ctrl_d1_t5_w20,169,127,1280,253,900,225,72,10,18,0,9,16,131,43
20260808,ctrl_d1_t5_w20,170,130,1286,253,903,228,75,9,16,0,9,16,131,43
20260808,ctrl_d1_t5_w20,171,136,1295,253,906,230,77,7,16,0,9,17,131,43
20260808,ctrl_d1_t5_w20,172,136,1302,255,911,231,76,8,16,0,9,18,131,43
20260808,ctrl_d1_t5_w20,173,137,1311,256,918,232,76,8,16,0,9,21,131,43
20260808,ctrl_d1_t5_w20,174,137,1320,258,925,233,75,9,16,0,9,19,131,43
20260808,ctrl_d1_t5_w20,175,137,1326,259,930,233,74,9,17,0,9,21,131,43
20260808,ctrl_d1_t5_w20,176,136,1334,261,937,234,73,10,17,0,9,22,131,43
20260808,ctrl_d1_t5_w20,177,139,1344,263,942,238,75,12,13,0,9,20,131,43
20260808,ctrl_d1_t5_w20,178,139,1354,268,947,240,72,13,15,0,9,20,131,43
20260808,ctrl_d1_t5_w20,179,140,1361,269,952,240,71,11,18,0,9,22,131,43
20260808,ctrl_d1_t5_w20,180,138,1366,271,957,241,70,12,18,0,9,20,121,40
20260808,ctrl_d1_t5_w20,181,135,1371,274,962,242,68,12,20,0,9,20,121,40
20260808,ctrl_d1_t5_w20,182,132,1377,274,971,242,68,10,22,0,9,19,121,40
20260808,ctrl_d1_t5_w20,183,133,1383,274,976,242,68,10,22,0,9,19,121,40
20260808,ctrl_d1_t5_w20,184,136,1393,275,982,243,68,9,23,0,8,18,121,40
20260808,ctrl_d1_t5_w20,185,138,1403,276,989,243,67,7,26,0,8,17,131,43
20260808,ctrl_d1_t5_w20,186,138,1410,277,995,244,67,6,27,0,11,15,131,43
20260808,ctrl_d1_t5_w20,187,134,1416,279,1003,246,67,7,26,0,12,14,131,43
20260808,ctrl_d1_t5_w20,188,133,1425,281,1011,246,65,9,26,0,14,12,131,43
20260808,ctrl_d1_t5_w20,189,134,1431,283,1014,250,67,8,25,0,14,11,131,43
20260808,ctrl_d1_t5_w20,190,132,1436,284,1020,253,69,8,23,0,14,11,131,43
20260808,ctrl_d1_t5_w20,191,132,1446,285,1029,254,69,8,23,0,12,11,131,43
20260808,ctrl_d1_t5_w20,192,132,1451,286,1033,254,68,9,23,0,11,11,131,43
20260808,ctrl_d1_t5_w20,193,128,1458,289,1041,258,69,10,21,0,10,12,131,43
20260808,ctrl_d1_t5_w20,194,129,1468,290,1049,261,71,10,19,0,9,14,131,43
20260808,ctrl_d1_t5_w20,195,132,1478,292,1054,263,71,9,20,0,9,16,131,43
20260808,ctrl_d1_t5_w20,196,129,1484,294,1061,266,72,10,18,0,9,16,131,43
20260808,ctrl_d1_t5_w20,197,127,1494,299,1068,268,69,15,16,0,9,16,131,43
20260808,ctrl_d1_t5_w20,198,126,1501,299,1076,268,69,13,18,0,9,17,131,43
20260808,ctrl_d1_t5_w20,199,123,1507,301,1083,269,68,11,21,0,9,17,131,43
20260808,ctrl_d1_t5_w20,200,128,1513,302,1083,270,68,10,22,0,9,19,131,43
20260808,ctrl_d1_t5_w20,201,133,1520,302,1085,271,69,9,22,0,9,19,131,43
20260808,ctrl_d1_t5_w20,202,134,1527,302,1091,272,70,5,25,0,9,17,131,43
20260808,ctrl_d1_t5_w20,203,136,1537,305,1096,273,68,7,25,0,9,18,131,43
20260808,ctrl_d1_t5_w20,204,134,1544,306,1104,274,68,6,26,0,9,20,131,43
20260808,ctrl_d1_t5_w20,205,126,1550,311,1113,277,66,10,24,0,9,18,131,43
20260808,ctrl_d1_t5_w20,206,131,1559,311,1117,279,68,8,24,0,9,19,131,43
20260808,ctrl_d1_t5_w20,207,135,1568,313,1120,280,67,9,24,0,9,20,131,43
20260808,ctrl_d1_t5_w20,208,133,1575,314,1128,281,67,10,23,0,9,19,131,43
20260808,ctrl_d1_t5_w20,209,135,1583,314,1134,281,67,9,24,0,9,20,131,43
20260808,ctrl_d1_t5_w20,210,136,1590,315,1139,281,66,7,27,0,9,20,131,43
20260808,ctrl_d1_t5_w20,211,136,1600,317,1147,281,64,8,28,0,9,19,131,43
20260808,ctrl_d1_t5_w20,212,136,1606,318,1152,283,65,8,27,0,9,19,131,43
20260808,ctrl_d1_t5_w20,213,135,1613,321,1157,287,66,8,26,0,8,19,131,43
20260808,ctrl_d1_t5_w20,214,133,1620,322,1165,290,68,8,24,0,8,19,131,43
20260808,ctrl_d1_t5_w20,215,133,1630,323,1174,292,69,8,23,0,9,18,131,43
20260808,ctrl_d1_t5_w20,216,133,1636,324,1179,293,69,6,25,0,10,17,131,43
20260808,ctrl_d1_t5_w20,217,133,1643,325,1185,294,69,6,25,0,10,15,131,43
20260808,ctrl_d1_t5_w20,218,130,1648,326,1192,297,71,7,22,0,10,14,131,43
20260808,ctrl_d1_t5_w20,219,131,1657,328,1198,299,71,8,21,0,10,12,131,43
20260808,ctrl_d1_t5_w20,220,133,1667,331,1203,299,68,11,21,0,10,12,131,43
20260808,ctrl_d1_t5_w20,221,132,1674,332,1210,301,69,7,24,0,10,11,131,43
20260808,ctrl_d1_t5_w20,222,136,1684,332,1216,304,72,3,25,0,12,12,131,43
20260808,ctrl_d1_t5_w20,223,132,1689,333,1224,308,75,4,21,0,11,12,131,43
20260808,ctrl_d1_t5_w20,224,133,1697,335,1229,309,74,6,20,0,10,13,131,43
20260808,ctrl_d1_t5_w20,225,134,1704,335,1235,311,76,6,18,0,10,14,131,43
20260808,ctrl_d1_t5_w20,226,128,1711,339,1244,313,74,8,18,0,9,14,131,43
20260808,ctrl_d1_t5_w20,227,129,1720,339,1252,314,75,7,18,0,9,16,131,43
20260808,ctrl_d1_t5_w20,228,131,1730,341,1258,315,74,8,18,0,9,16,131,43
20260808,ctrl_d1_t5_w20,229,126,1735,344,1265,315,71,9,20,0,9,17,131,43
20260808,ctrl_d1_t5_w20,230,129,1742,345,1268,315,70,8,22,0,9,16,131,43
20260808,ctrl_d1_t5_w20,231,127,1751,348,1276,317,69,9,22,0,9,17,131,43
20260808,ctrl_d1_t5_w20,232,131,1760,348,1281,318,70,7,23,0,9,18,131,43
20260808,ctrl_d1_t5_w20,233,134,1770,350,1286,321,71,7,22,0,9,17,131,43
20260808,ctrl_d1_t5_w20,234,137,1779,351,1291,322,71,7,22,0,9,18,131,43
20260808,ctrl_d1_t5_w20,235,136,1788,352,1300,325,73,6,21,0,9,21,111,40
20260808,ctrl_d1_t5_w20,236,141,1797,352,1304,326,74,4,22,0,9,20,111,40
20260808,ctrl_d1_t5_w20,237,144,1806,352,1310,326,74,3,23,0,9,20,111,40
20260808,ctrl_d1_t5_w20,238,142,1812,355,1315,327,72,5,23,0,9,18,111,40
20260808,ctrl_d1_t5_w20,239,142,1822,357,1323,328,71,7,22,0,9,19,111,40
20260808,ctrl_d1_t5_w20,240,141,1831,358,1332,330,72,7,21,0,9,18,131,43
20260808,ctrl_d1_t5_w20,241,141,1837,360,1336,332,72,8,20,0,9,18,131,43
20260808,ctrl_d1_t5_w20,242,137,1843,360,1346,333,73,7,20,0,9,17,131,43
20260808,ctrl_d1_t5_w20,243,138,1852,364,1350,334,70,10,20,0,10,17,131,43
20260808,ctrl_d1_t5_w20,244,136,1859,365,1358,335,70,8,22,0,10,14,131,43
20260808,ctrl_d1_t5_w20,245,135,1865,366,1364,336,70,8,22,0,10,13,131,43
20260808,ctrl_d1_t5_w20,246,138,1872,366,1368,339,73,6,21,0,10,13,131,43
20260808,ctrl_d1_t5_w20,247,135,1879,368,1376,341,73,8,19,0,12,13,131,43
20260808,ctrl_d1_t5_w20,248,135,1887,369,1383,345,76,8,16,0,12,12,131,43
20260808,ctrl_d1_t5_w20,249,139,1894,370,1385,348,78,5,17,0,12,11,131,43
20260808,ctrl_d1_t5_w20,250,141,1902,370,1391,349,79,5,16,0,12,11,131,43
20260808,ctrl_d1_t5_w20,251,137,1909,373,1399,349,76,7,17,0,12,11,131,43
20260808,ctrl_d1_t5_w20,252,134,1915,373,1408,351,78,7,15,0,9,12,131,43
20260808,ctrl_d1_t5_w20,253,134,1924,374,1416,352,78,6,16,0,10,13,131,43
20260808,ctrl_d1_t5_w20,254,133,1930,374,1423,353,79,6,15,0,10,15,131,43
20260808,ctrl_d1_t5_w20,255,130,1936,375,1431,353,78,4,18,0,9,15,122,43
20260808,ctrl_d1_t5_w20,256,128,1942,376,1438,354,78,3,19,0,9,15,122,43
20260808,ctrl_d1_t5_w20,257,127,1951,377,1447,356,79,4,17,0,9,15,122,43
20260808,ctrl_d1_t5_w20,258,133,1960,377,1450,360,83,3,14,0,9,17,122,43
20260808,ctrl_d1_t5_w20,259,134,1970,379,1457,361,82,5,13,0,9,16,122,43
20260808,ctrl_d1_t5_w20,260,138,1980,380,1462,361,81,6,13,0,9,18,131,43
20260808,ctrl_d1_t5_w20,261,137,1985,381,1467,361,80,7,13,0,9,18,131,43
20260808,ctrl_d1_t5_w20,262,140,1995,382,1473,361,79,6,15,0,9,20,131,43
20260808,ctrl_d1_t5_w20,263,138,2000,382,1480,365,83,5,12,0,9,21,131,43
20260808,ctrl_d1_t5_w20,264,136,2006,384,1486,368,84,6,10,0,9,20,131,43
20260808,ctrl_d1_t5_w20,265,138,2014,386,1490,368,82,7,11,0,9,20,131,43
20260808,ctrl_d1_t5_w20,266,140,2023,386,1497,370,84,5,11,0,9,21,131,43
20260808,ctrl_d1_t5_w20,267,142,2031,386,1503,370,84,3,13,0,9,20,131,43
20260808,ctrl_d1_t5_w20,268,140,2038,388,1510,370,82,4,14,0,9,20,131,43
20260808,ctrl_d1_t5_w20,269,138,2043,388,1517,372,84,4,12,0,9,20,131,43
20260808,ctrl_d1_t5_w20,270,133,2048,390,1525,372,82,4,14,0,9,18,131,43
20260808,ctrl_d1_t5_w20,271,135,2056,391,1530,373,82,5,13,0,9,18,131,43
20260808,ctrl_d1_t5_w20,272,135,2062,391,1536,373,82,5,13,0,9,18,131,43
20260808,ctrl_d1_t5_w20,273,132,2070,394,1544,374,80,7,13,0,9,17,131,43
20260808,ctrl_d1_t5_w20,274,133,2077,395,1549,376,81,8,11,0,8,17,131,43
20260808,ctrl_d1_t5_w20,275,137,2087,396,1554,376,80,9,11,0,9,16,131,43
20260808,ctrl_d1_t5_w20,276,137,2094,397,1560,378,81,7,12,0,9,14,131,43
20260808,ctrl_d1_t5_w20,277,132,2100,399,1569,379,80,9,11,0,11,14,131,43
20260808,ctrl_d1_t5_w20,278,131,2107,400,1576,380,80,8,12,0,11,12,131,43
20260808,ctrl_d1_t5_w20,279,128,2113,401,1584,382,81,7,12,0,10,12,131,43
20260808,ctrl_d1_t5_w20,280,126,2122,402,1594,382,80,7,13,0,9,10,131,43
20260808,ctrl_d1_t5_w20,281,126,2127,402,1599,382,80,7,13,0,10,10,131,43
20260808,ctrl_d1_t5_w20,282,126,2135,402,1607,384,82,6,12,0,10,12,131,43
20260808,ctrl_d1_t5_w20,283,126,2141,403,1612,385,82,5,13,0,11,13,131,43
20260808,ctrl_d1_t5_w20,284,125,2146,404,1617,385,81,4,15,0,11,13,131,43
20260808,ctrl_d1_t5_w20,285,125,2153,404,1624,385,81,3,16,0,11,13,121,40
20260808,ctrl_d1_t5_w20,286,125,2163,405,1633,386,81,4,15,0,9,14,121,40
20260808,ctrl_d1_t5_w20,287,124,2172,407,1641,387,80,5,15,0,9,16,121,40
20260808,ctrl_d1_t5_w20,288,122,2177,409,1646,387,78,6,16,0,9,16,121,40
20260808,ctrl_d1_t5_w20,289,124,2186,411,1651,388,77,8,15,0,9,17,121,40
20260808,ctrl_d1_t5_w20,290,132,2196,411,1653,389,78,8,14,0,9,20,126,43
20260808,ctrl_d1_t5_w20,291,132,2203,413,1658,390,77,8,15,0,9,19,126,43
20260808,ctrl_d1_t5_w20,292,131,2208,413,1664,391,78,5,17,0,9,19,126,43
20260808,ctrl_d1_t5_w20,293,134,2217,414,1669,392,78,3,19,0,9,19,126,43
20260808,ctrl_d1_t5_w20,294,136,2225,414,1675,394,80,2,18,0,9,19,126,43
20260808,ctrl_d1_t5_w20,295,135,2234,415,1684,394,79,3,18,0,9,20,131,43
20260808,ctrl_d1_t5_w20,296,137,2241,415,1689,395,80,3,17,0,9,20,131,43
20260808,ctrl_d1_t5_w20,297,138,2248,415,1695,395,80,3,17,0,9,20,131,43
20260808,ctrl_d1_t5_w20,298,137,2255,418,1700,398,80,6,14,0,9,21,131,43
20260808,ctrl_d1_t5_w20,299,140,2265,420,1705,400,80,6,14,0,9,20,131,43
20260808,ctrl_d1_t5_w20,300,140,2275,421,1714,400,79,6,15,0,9,19,131,43
20260808,ctrl_d1_t5_w20,301,140,2282,423,1719,403,80,8,12,0,8,18,131,43
20260808,ctrl_d1_t5_w20,302,137,2288,425,1726,404,79,8,13,0,8,17,131,43
20260808,ctrl_d1_t5_w20,303,137,2294,425,1732,405,80,8,12,0,8,16,131,43
20260808,ctrl_d1_t5_w20,304,140,2304,427,1737,405,78,9,13,0,8,16,131,43
20260808,ctrl_d1_t5_w20,305,141,2313,428,1744,405,77,7,16,0,7,15,131,43
20260808,ctrl_d1_t5_w20,306,137,2319,429,1753,406,77,4,19,0,8,15,131,43
20260808,ctrl_d1_t5_w20,307,133,2324,430,1761,407,77,4,19,0,9,13,131,43
20260808,ctrl_d1_t5_w20,308,137,2334,432,1765,407,75,6,19,0,12,13,131,43
20260808,ctrl_d1_t5_w20,309,139,2343,432,1772,410,78,6,16,0,14,13,131,43
20260808,ctrl_d1_t5_w20,310,134,2348,432,1782,410,78,5,17,0,13,11,131,43
20260808,ctrl_d1_t5_w20,311,134,2354,433,1787,410,77,6,17,0,11,11,131,43
20260808,ctrl_d1_t5_w20,312,136,2362,434,1792,413,79,7,14,0,11,13,131,43
20260808,ctrl_d1_t5_w20,313,134,2369,435,1800,414,79,4,17,0,10,13,131,43
20260808,ctrl_d1_t5_w20,314,134,2379,438,1807,415,77,6,17,0,9,13,131,43
20260808,ctrl_d1_t5_w20,315,135,2388,439,1814,415,76,5,19,0,9,14,131,43
20260808,ctrl_d1_t5_w20,316,134,2393,440,1819,418,78,4,18,0,9,14,131,43
20260808,ctrl_d1_t5_w20,317,132,2398,440,1826,419,79,4,17,0,9,16,131,43
20260808,ctrl_d1_t5_w20,318,129,2403,441,1833,419,78,5,17,0,9,16,131,43
20260808,ctrl_d1_t5_w20,319,127,2410,442,1841,420,78,5,17,0,9,16,131,43
20260808,ctrl_d1_t5_w20,320,129,2418,443,1846,421,78,5,17,0,9,15,131,43
20260808,ctrl_d1_t5_w20,321,129,2423,445,1849,421,76,6,18,0,9,15,131,43
20260808,ctrl_d1_t5_w20,322,131,2431,446,1854,423,77,6,17,0,9,15,131,43
20260808,ctrl_d1_t5_w20,323,130,2436,447,1859,424,77,6,17,0,9,15,131,43
20260808,ctrl_d1_t5_w20,324,130,2444,447,1867,424,77,5,18,0,9,15,131,43
20260808,ctrl_d1_t5_w20,325,126,2450,448,1876,428,80,4,16,0,9,15,131,43
20260808,ctrl_d1_t5_w20,326,128,2459,449,1882,430,81,4,15,0,9,14,131,43
20260808,ctrl_d1_t5_w20,327,132,2469,450,1887,431,81,4,15,0,9,15,131,43
20260808,ctrl_d1_t5_w20,328,131,2477,451,1895,431,80,4,16,0,9,15,131,43
20260808,ctrl_d1_t5_w20,329,126,2482,452,1904,432,80,5,15,0,9,15,131,43
20260808,ctrl_d1_t5_w20,330,126,2489,454,1909,433,79,6,15,0,9,15,131,43
20260808,ctrl_d1_t5_w20,331,128,2498,456,1914,433,77,7,16,0,9,15,131,43
20260808,ctrl_d1_t5_w20,332,129,2505,456,1920,436,80,5,15,0,9,15,131,43
20260808,ctrl_d1_t5_w20,333,130,2512,456,1926,437,81,2,17,0,9,15,131,43
20260808,ctrl_d1_t5_w20,334,127,2518,457,1934,438,81,3,16,0,9,12,131,43
20260808,ctrl_d1_t5_w20,335,128,2528,458,1942,438,80,4,16,0,12,12,121,40
20260808,ctrl_d1_t5_w20,336,131,2537,459,1947,438,79,4,17,0,10,12,121,40
20260808,ctrl_d1_t5_w20,337,131,2543,460,1952,438,78,4,18,0,10,11,121,40
20260808,ctrl_d1_t5_w20,338,131,2549,461,1957,440,79,4,17,0,12,11,121,40
20260808,ctrl_d1_t5_w20,339,132,2556,461,1963,441,80,3,17,0,13,10,121,40
20260808,ctrl_d1_t5_w20,340,132,2564,462,1970,442,80,3,17,0,13,12,131,43
20260808,ctrl_d1_t5_w20,341,135,2572,463,1974,445,82,4,14,0,13,14,131,43
20260808,ctrl_d1_t5_w20,342,135,2579,464,1980,445,81,4,15,0,12,14,131,43
20260808,ctrl_d1_t5_w20,343,136,2588,467,1985,446,79,6,15,0,10,14,131,43
20260808,ctrl_d1_t5_w20,344,135,2597,469,1993,449,80,8,12,0,9,16,131,43
20260808,ctrl_d1_t5_w20,345,133,2602,470,1999,452,82,6,12,0,8,17,131,43
20260808,ctrl_d1_t5_w20,346,129,2608,472,2007,453,81,8,11,0,9,17,131,43
20260808,ctrl_d1_t5_w20,347,126,2614,473,2015,454,81,7,12,0,9,17,131,43
20260808,ctrl_d1_t5_w20,348,125,2622,475,2022,454,79,8,13,0,9,17,131,43
20260808,ctrl_d1_t5_w20,349,128,2629,476,2025,454,78,9,13,0,9,17,131,43
20260808,ctrl_d1_t5_w20,350,136,2639,476,2027,455,79,9,12,0,9,19,131,43
20260808,ctrl_d1_t5_w20,351,135,2645,477,2033,456,79,8,13,0,9,19,131,43
20260808,ctrl_d1_t5_w20,352,132,2651,479,2040,458,79,7,14,0,9,17,131,43
20260808,ctrl_d1_t5_w20,353,132,2658,479,2047,458,79,6,15,0,9,18,131,43
20260808,ctrl_d1_t5_w20,354,136,2667,479,2052,459,80,5,15,0,9,19,131,43
20260808,ctrl_d1_t5_w20,355,134,2676,481,2061,460,79,6,15,0,9,22,131,43
20260808,ctrl_d1_t5_w20,356,135,2684,481,2068,462,81,6,13,0,9,19,131,43
20260808,ctrl_d1_t5_w20,357,136,2691,481,2074,462,81,3,16,0,9,21,131,43
20260808,ctrl_d1_t5_w20,358,137,2697,482,2078,462,80,4,16,0,9,23,131,43
20260808,ctrl_d1_t5_w20,359,139,2706,483,2084,462,79,4,17,0,9,21,131,43
20260808,ctrl_d1_t5_w20,360,141,2716,484,2091,462,78,5,17,0,9,21,126,43
20260808,ctrl_d1_t5_w20,361,141,2725,485,2099,462,77,5,18,0,9,20,126,43
20260808,ctrl_d1_t5_w20,362,140,2731,486,2105,463,77,5,18,0,9,19,126,43
20260808,ctrl_d1_t5_w20,363,138,2738,488,2112,464,76,5,19,0,8,17,126,43
20260808,ctrl_d1_t5_w20,364,136,2748,491,2121,465,74,7,19,0,8,16,126,43
20260808,ctrl_d1_t5_w20,365,136,2754,492,2126,466,74,7,19,0,8,14,131,43
20260808,ctrl_d1_t5_w20,366,138,2762,493,2131,469,76,7,17,0,10,14,131,43
20260808,ctrl_d1_t5_w20,367,138,2768,493,2137,471,78,5,17,0,11,12,131,43
20260808,ctrl_d1_t5_w20,368,136,2775,495,2144,472,77,5,18,0,12,12,131,43
20260808,ctrl_d1_t5_w20,369,136,2785,499,2150,473,74,9,17,0,12,11,131,43
20260808,ctrl_d1_t5_w20,370,135,2795,500,2160,473,73,7,20,0,10,10,131,43
20260808,ctrl_d1_t5_w20,371,139,2805,501,2165,473,72,8,20,0,12,10,131,43
20260808,ctrl_d1_t5_w20,372,143,2812,502,2167,474,72,9,19,0,11,11,131,43
20260808,ctrl_d1_t5_w20,373,141,2818,503,2174,475,72,9,19,0,11,12,131,43
20260808,ctrl_d1_t5_w20,374,137,2825,505,2183,478,73,7,20,0,9,12,131,43
20260808,ctrl_d1_t5_w20,375,135,2832,505,2192,480,75,7,18,0,9,14,131,43
20260808,ctrl_d1_t5_w20,376,133,2837,505,2199,480,75,5,20,0,9,14,131,43
20260808,ctrl_d1_t5_w20,377,131,2844,508,2205,482,74,7,19,0,9,15,131,43
20260808,ctrl_d1_t5_w20,378,129,2849,510,2210,483,73,9,18,0,9,15,131,43
20260808,ctrl_d1_t5_w20,379,125,2854,511,2218,485,74,6,20,0,9,15,131,43
20260808,ctrl_d1_t5_w20,380,123,2859,511,2225,486,75,5,20,0,9,16,115,42
20260808,ctrl_d1_t5_w20,381,120,2864,512,2232,487,75,5,20,0,9,16,115,42
20260808,ctrl_d1_t5_w20,382,118,2870,514,2238,488,74,5,21,0,9,13,115,42
20260808,ctrl_d1_t5_w20,383,122,2880,514,2244,493,79,4,17,0,9,14,115,42
20260808,ctrl_d1_t5_w20,384,123,2888,514,2251,494,80,4,16,0,9,14,115,42
20260808,ctrl_d1_t5_w20,385,123,2893,515,2255,494,79,3,18,0,9,14,131,43
20260808,ctrl_d1_t5_w20,386,124,2901,515,2262,496,81,3,16,0,9,15,131,43
20260808,ctrl_d1_t5_w20,387,125,2909,516,2268,499,83,3,14,0,9,15,131,43
20260808,ctrl_d1_t5_w20,388,128,2918,517,2273,500,83,3,14,0,9,15,131,43
20260808,ctrl_d1_t5_w20,389,126,2925,519,2280,501,82,4,14,0,9,15,131,43
20260808,ctrl_d1_t5_w20,390,127,2935,520,2288,501,81,4,15,0,9,14,121,40
20260808,ctrl_d1_t5_w20,391,122,2941,522,2297,501,79,5,16,0,9,13,121,40
20260808,ctrl_d1_t5_w20,392,125,2950,522,2303,502,80,5,15,0,9,13,121,40
20260808,ctrl_d1_t5_w20,393,123,2955,524,2308,503,79,6,15,0,10,12,121,40
20260808,ctrl_d1_t5_w20,394,122,2961,525,2314,504,79,6,15,0,10,12,121,40
20260808,ctrl_d1_t5_w20,395,120,2966,525,2321,505,80,4,16,0,10,11,131,43
20260808,ctrl_d1_t5_w20,396,122,2974,527,2325,506,79,6,15,0,10,11,131,43
20260808,ctrl_d1_t5_w20,397,121,2982,530,2331,508,78,7,15,0,10,10,131,43
20260808,ctrl_d1_t5_w20,398,122,2988,531,2335,508,77,6,17,0,11,10,131,43
20260808,ctrl_d1_t5_w20,399,121,2994,534,2339,512,78,9,13,0,11,8,131,43
20260808,ctrl_d1_t5_w20,400,121,3000,535,2344,513,78,7,15,0,9,9,131,43
20260808,ctrl_d1_t5_w20,401,121,3005,536,2348,513,77,6,17,0,9,9,131,43
20260808,ctrl_d1_t5_w20,402,120,3010,537,2353,513,76,7,17,0,9,10,131,43
20260808,ctrl_d1_t5_w20,403,112,3015,540,2363,515,75,9,16,0,8,10,131,43
20260808,ctrl_d1_t5_w20,404,111,3021,540,2370,515,75,9,16,0,8,11,131,43
20260808,ctrl_d1_t5_w20,405,113,3029,542,2374,516,74,7,19,0,7,11,131,43
20260808,ctrl_d1_t5_w20,406,111,3035,542,2382,516,74,6,20,0,8,13,131,43
20260808,ctrl_d1_t5_w20,407,109,3040,543,2388,516,73,5,22,0,8,13,131,43
20260808,ctrl_d1_t5_w20,408,108,3048,546,2394,518,72,8,20,0,8,16,131,43
20260808,ctrl_d1_t5_w20,409,112,3058,547,2399,520,73,7,20,0,8,16,131,43
20260808,ctrl_d1_t5_w20,410,109,3065,550,2406,523,73,10,17,0,8,15,131,43
20260808,ctrl_d1_t5_w20,411,113,3073,551,2409,526,75,9,16,0,8,16,131,43
20260808,ctrl_d1_t5_w20,412,109,3078,552,2417,527,75,10,15,0,8,15,131,43
20260808,ctrl_d1_t5_w20,413,112,3085,554,2419,527,73,9,18,0,8,16,131,43
20260808,ctrl_d1_t5_w20,414,116,3094,555,2423,527,72,10,18,0,8,17,131,43
20260808,ctrl_d1_t5_w20,415,121,3104,555,2428,528,73,6,21,0,8,18,131,43
20260808,ctrl_d1_t5_w20,416,121,3111,555,2435,528,73,5,22,0,8,17,131,43
20260808,ctrl_d1_t5_w20,417,123,3118,556,2439,531,75,6,19,0,9,18,131,43
20260808,ctrl_d1_t5_w20,418,124,3128,559,2445,532,73,8,19,0,9,16,131,43
20260808,ctrl_d1_t5_w20,419,126,3136,560,2450,533,73,8,19,0,9,17,131,43
20260808,ctrl_d1_t5_w20,420,125,3141,561,2455,534,73,7,20,0,9,17,131,43
20260808,ctrl_d1_t5_w20,421,130,3151,561,2460,536,75,7,18,0,8,16,131,43
20260808,ctrl_d1_t5_w20,422,131,3158,562,2465,536,74,5,21,0,8,15,131,43
20260808,ctrl_d1_t5_w20,423,139,3168,562,2467,537,75,4,21,0,9,15,131,43
20260808,ctrl_d1_t5_w20,424,140,3175,563,2472,539,76,4,20,0,9,14,131,43
20260808,ctrl_d1_t5_w20,425,139,3182,566,2477,542,76,6,18,0,9,14,131,43
20260808,ctrl_d1_t5_w20,426,142,3192,567,2483,543,76,5,19,0,8,13,131,43
20260808,ctrl_d1_t5_w20,427,145,3200,568,2487,545,77,5,18,0,10,13,131,43
20260808,ctrl_d1_t5_w20,428,147,3210,569,2494,546,77,5,18,0,13,13,131,43
20260808,ctrl_d1_t5_w20,429,148,3220,569,2503,549,80,3,17,0,14,11,131,43
20260808,ctrl_d1_t5_w20,430,149,3230,571,2510,549,78,5,17,0,13,12,131,43
20260808,ctrl_d1_t5_w20,431,148,3236,571,2517,550,79,5,16,0,13,12,131,43
20260808,ctrl_d1_t5_w20,432,152,3244,571,2521,552,81,5,14,0,13,13,131,43
20260808,ctrl_d1_t5_w20,433,152,3250,571,2527,552,81,3,16,0,12,13,131,43
20260808,ctrl_d1_t5_w20,434,149,3255,571,2535,553,82,2,16,0,12,14,131,43
20260808,ctrl_d1_t5_w20,435,145,3263,573,2545,556,83,4,13,0,9,15,131,43
20260808,ctrl_d1_t5_w20,436,145,3270,573,2552,557,84,2,14,0,9,15,131,43
20260808,ctrl_d1_t5_w20,437,144,3278,575,2559,557,82,4,14,0,9,16,131,43
20260808,ctrl_d1_t5_w20,438,142,3287,577,2568,557,80,6,14,0,9,16,131,43
20260808,ctrl_d1_t5_w20,439,143,3295,577,2575,557,80,6,14,0,9,18,131,43
20260808,ctrl_d1_t5_w20,440,147,3304,578,2579,558,80,7,13,0,9,19,131,43
20260808,ctrl_d1_t5_w20,441,143,3312,581,2588,560,79,8,13,0,9,19,131,43
20260808,ctrl_d1_t5_w20,442,146,3321,582,2593,560,78,7,15,0,9,20,131,43
20260808,ctrl_d1_t5_w20,443,143,3329,584,2602,561,77,8,15,0,9,21,131,43
20260808,ctrl_d1_t5_w20,444,148,3339,584,2607,564,80,6,14,0,9,22,131,43
20260808,ctrl_d1_t5_w20,445,151,3348,586,2611,566,80,7,13,0,9,23,121,40
20260808,ctrl_d1_t5_w20,446,150,3355,586,2619,567,81,7,12,0,9,24,121,40
20260808,ctrl_d1_t5_w20,447,150,3362,586,2626,567,81,5,14,0,9,24,121,40
20260808,ctrl_d1_t5_w20,448,152,3372,587,2633,567,80,4,16,0,9,25,121,40
20260808,ctrl_d1_t5_w20,449,148,3378,587,2643,567,80,2,18,0,9,27,121,40
20260808,ctrl_d1_t5_w20,450,144,3384,588,2652,570,82,3,15,0,9,26,131,43
20260808,ctrl_d1_t5_w20,451,145,3394,591,2658,572,81,6,13,0,9,24,131,43
20260808,ctrl_d1_t5_w20,452,145,3401,591,2665,573,82,6,12,0,9,24,131,43
20260808,ctrl_d1_t5_w20,453,145,3407,591,2671,574,83,5,12,0,10,24,131,43
20260808,ctrl_d1_t5_w20,454,149,3417,593,2675,575,82,6,12,0,9,24,131,43
20260808,ctrl_d1_t5_w20,455,146,3422,593,2683,576,83,4,13,0,9,21,131,43
20260808,ctrl_d1_t5_w20,456,149,3432,594,2689,576,82,4,14,0,9,20,131,43
20260808,ctrl_d1_t5_w20,457,148,3440,596,2696,581,85,5,10,0,10,17,131,43
20260808,ctrl_d1_t5_w20,458,146,3447,598,2703,583,85,7,8,0,11,17,131,43
20260808,ctrl_d1_t5_w20,459,148,3455,598,2709,583,85,5,10,0,12,16,131,43
20260808,ctrl_d1_t5_w20,460,145,3460,598,2717,583,85,2,13,0,10,16,131,43
20260808,ctrl_d1_t5_w20,461,142,3466,601,2723,584,83,5,12,0,10,17,131,43
20260808,ctrl_d1_t5_w20,462,143,3476,602,2731,584,82,5,13,0,9,17,131,43
20260808,ctrl_d1_t5_w20,463,146,3486,603,2737,585,82,5,13,0,10,20,131,43
20260808,ctrl_d1_t5_w20,464,143,3494,604,2747,587,83,6,11,0,11,21,131,43
20260808,ctrl_d1_t5_w20,465,145,3504,605,2754,587,82,7,11,0,10,23,131,43
20260808,ctrl_d1_t5_w20,466,148,3514,605,2761,588,83,6,11,0,9,24,131,43
20260808,ctrl_d1_t5_w20,467,148,3520,605,2767,588,83,4,13,0,9,24,131,43
20260808,ctrl_d1_t5_w20,468,146,3528,606,2776,588,82,3,15,0,9,24,131,43
20260808,ctrl_d1_t5_w20,469,148,3536,608,2780,588,80,4,16,0,9,24,131,43
20260808,ctrl_d1_t5_w20,470,152,3544,608,2784,588,80,3,17,0,9,25,131,43
20260808,ctrl_d1_t5_w20,471,150,3551,608,2793,591,83,3,14,0,9,23,131,43
20260808,ctrl_d1_t5_w20,472,148,3557,609,2800,592,83,4,13,0,9,21,131,43
20260808,ctrl_d1_t5_w20,473,148,3563,609,2806,593,84,3,13,0,9,20,131,43
20260808,ctrl_d1_t5_w20,474,147,3572,610,2815,594,84,4,12,0,9,18,131,43
20260808,ctrl_d1_t5_w20,475,150,3580,610,2820,596,86,4,10,0,9,19,131,43
20260808,ctrl_d1_t5_w20,476,149,3589,612,2828,597,85,4,11,0,9,19,131,43
20260808,ctrl_d1_t5_w20,477,148,3596,613,2835,598,85,5,10,0,9,19,131,43
20260808,ctrl_d1_t5_w20,478,151,3605,613,2841,599,86,4,10,0,9,21,131,43
20260808,ctrl_d1_t5_w20,479,148,3611,614,2849,600,86,5,9,0,9,21,131,43
20260808,ctrl_d1_t5_w20,480,148,3616,615,2853,601,86,6,8,0,9,20,131,43
20260808,ctrl_d1_t5_w20,481,152,3626,615,2859,602,87,5,8,0,9,19,131,43
20260808,ctrl_d1_t5_w20,482,148,3631,615,2868,602,87,2,11,0,9,17,131,43
20260808,ctrl_d1_t5_w20,483,146,3639,615,2878,602,87,1,12,0,9,16,131,43
20260808,ctrl_d1_t5_w20,484,144,3647,618,2885,603,85,4,11,0,9,16,131,43
20260808,ctrl_d1_t5_w20,485,141,3655,620,2894,604,84,6,10,0,10,16,131,43
20260808,ctrl_d1_t5_w20,486,141,3665,620,2904,605,85,6,9,0,13,15,131,43
20260808,ctrl_d1_t5_w20,487,142,3673,621,2910,605,84,7,9,0,14,14,131,43
20260808,ctrl_d1_t5_w20,488,138,3678,623,2917,605,82,7,11,0,13,11,131,43
20260808,ctrl_d1_t5_w20,489,139,3688,625,2924,606,81,8,11,0,12,11,131,43
20260808,ctrl_d1_t5_w20,490,135,3693,626,2932,608,82,6,12,0,12,12,126,43
20260808,ctrl_d1_t5_w20,491,134,3703,632,2937,609,77,10,13,0,11,14,126,43
20260808,ctrl_d1_t5_w20,492,135,3710,632,2943,609,77,8,15,0,11,14,126,43
20260808,ctrl_d1_t5_w20,493,136,3718,634,2948,609,75,10,15,0,8,15,126,43
20260808,ctrl_d1_t5_w20,494,134,3725,634,2957,609,75,8,17,0,7,16,126,43
20260808,ctrl_d1_t5_w20,495,136,3735,634,2965,610,76,4,20,0,9,17,131,43
20260808,ctrl_d1_t5_w20,496,132,3740,635,2973,610,75,4,21,0,8,17,131,43
20260808,ctrl_d1_t5_w20,497,137,3750,635,2978,612,77,4,19,0,8,19,131,43
20260808,ctrl_d1_t5_w20,498,137,3760,636,2987,614,78,4,18,0,9,20,131,43
20260808,ctrl_d1_t5_w20,499,139,3767,636,2992,614,78,3,19,0,9,21,131,43
20260808,ctrl_d1_t5_w20,500,143,3775,637,2995,616,79,3,18,0,9,21,131,43
20260808,ctrl_d1_t5_w20,501,142,3783,637,3004,617,80,3,17,0,9,19,131,43
20260808,ctrl_d1_t5_w20,502,147,3793,638,3008,617,79,4,17,0,9,20,131,43
20260808,ctrl_d1_t5_w20,503,146,3801,639,3016,620,81,3,16,0,9,21,131,43
20260808,ctrl_d1_t5_w20,504,146,3807,639,3022,620,81,3,16,0,9,20,131,43
20260808,ctrl_d1_t5_w20,505,147,3816,641,3028,622,81,4,15,0,9,19,131,43
20260808,ctrl_d1_t5_w20,506,144,3824,642,3038,625,83,4,13,0,9,18,131,43
20260808,ctrl_d1_t5_w20,507,142,3829,643,3044,628,85,5,10,0,9,18,131,43
20260808,ctrl_d1_t5_w20,508,145,3838,645,3048,628,83,7,10,0,9,17,131,43
20260808,ctrl_d1_t5_w20,509,141,3843,647,3055,629,82,9,9,0,9,16,131,43
20260808,ctrl_d1_t5_w20,510,146,3852,647,3059,631,84,7,9,0,9,16,131,43
20260808,ctrl_d1_t5_w20,511,147,3860,647,3066,631,84,4,12,0,9,15,131,43
20260808,ctrl_d1_t5_w20,512,149,3870,648,3073,632,84,4,12,0,9,13,131,43
20260808,ctrl_d1_t5_w20,513,144,3875,650,3081,633,83,6,11,0,9,12,131,43
20260808,ctrl_d1_t5_w20,514,145,3884,651,3088,633,82,5,13,0,10,12,131,43
20260808,ctrl_d1_t5_w20,515,144,3893,652,3097,634,82,5,13,0,10,12,131,43
20260808,ctrl_d1_t5_w20,516,145,3898,652,3101,634,82,5,13,0,12,12,131,43
20260808,ctrl_d1_t5_w20,517,143,3905,652,3110,635,83,5,12,0,13,11,131,43
20260808,ctrl_d1_t5_w20,518,142,3914,653,3119,635,82,6,12,0,13,10,131,43
20260808,ctrl_d1_t5_w20,519,141,3921,654,3126,636,82,5,13,0,12,9,131,43
20260808,ctrl_d1_t5_w20,520,138,3926,655,3133,637,82,5,13,0,13,10,101,38
20260808,ctrl_d1_t5_w20,521,136,3935,658,3141,637,79,7,14,0,9,12,101,38
20260808,ctrl_d1_t5_w20,522,135,3945,660,3150,637,77,9,14,0,10,13,101,38
20260808,ctrl_d1_t5_w20,523,133,3953,662,3158,638,76,9,15,0,9,13,101,38
20260808,ctrl_d1_t5_w20,524,132,3958,662,3164,639,77,8,15,0,8,13,101,38
20260808,ctrl_d1_t5_w20,525,130,3963,665,3168,641,76,10,14,0,8,14,126,43
20260808,ctrl_d1_t5_w20,526,130,3971,665,3176,644,79,9,12,0,8,15,126,43
20260808,ctrl_d1_t5_w20,527,130,3977,666,3181,645,79,7,14,0,8,16,126,43
20260808,ctrl_d1_t5_w20,528,127,3983,669,3187,646,77,10,13,0,8,17,126,43
20260808,ctrl_d1_t5_w20,529,131,3993,670,3192,646,76,10,14,0,8,17,126,43
20260808,ctrl_d1_t5_w20,530,133,4001,673,3195,647,74,12,14,0,8,17,131,43
20260808,ctrl_d1_t5_w20,531,133,4009,675,3201,648,73,12,15,0,8,17,131,43
20260808,ctrl_d1_t5_w20,532,132,4017,675,3210,648,73,7,20,0,9,18,131,43
20260808,ctrl_d1_t5_w20,533,135,4024,675,3214,648,73,5,22,0,9,19,131,43
20260808,ctrl_d1_t5_w20,534,134,4033,677,3222,649,72,4,24,0,9,18,131,43
20260808,ctrl_d1_t5_w20,535,132,4039,677,3230,652,75,4,21,0,9,17,131,43
20260808,ctrl_d1_t5_w20,536,133,4046,678,3235,654,76,5,19,0,9,19,131,43
20260808,ctrl_d1_t5_w20,537,134,4054,678,3242,656,78,4,18,0,9,18,131,43
20260808,ctrl_d1_t5_w20,538,136,4064,679,3249,656,77,4,19,0,9,18,131,43
20260808,ctrl_d1_t5_w20,539,134,4070,680,3256,656,76,4,20,0,9,18,131,43
20260808,ctrl_d1_t5_w20,540,137,4078,681,3260,657,76,4,20,0,9,17,131,43
20260808,ctrl_d1_t5_w20,541,134,4083,681,3268,657,76,4,20,0,9,16,131,43
20260808,ctrl_d1_t5_w20,542,134,4093,682,3277,659,77,3,20,0,8,16,131,43
20260808,ctrl_d1_t5_w20,543,138,4102,682,3282,659,77,2,21,0,8,16,131,43
20260808,ctrl_d1_t5_w20,544,142,4111,683,3286,661,78,2,20,0,9,16,131,43
20260808,ctrl_d1_t5_w20,545,146,4121,686,3289,664,78,4,18,0,12,15,131,43
20260808,ctrl_d1_t5_w20,546,145,4129,687,3297,666,79,5,16,0,12,14,131,43
20260808,ctrl_d1_t5_w20,547,142,4135,690,3303,668,78,8,14,0,12,13,131,43
20260808,ctrl_d1_t5_w20,548,142,4140,690,3308,670,80,8,12,0,13,13,131,43
20260808,ctrl_d1_t5_w20,549,140,4148,691,3317,671,80,8,12,0,13,11,131,43
20260808,ctrl_d1_t5_w20,550,141,4155,691,3323,672,81,6,13,0,14,12,126,43
20260808,ctrl_d1_t5_w20,551,139,4160,691,3330,673,82,3,15,0,14,12,126,43
20260808,ctrl_d1_t5_w20,552,136,4166,692,3338,676,84,2,14,0,12,12,126,43
20260808,ctrl_d1_t5_w20,553,137,4175,693,3345,678,85,3,12,0,10,15,126,43
20260808,ctrl_d1_t5_w20,554,135,4181,693,3353,678,85,2,13,0,8,15,126,43
20260808,ctrl_d1_t5_w20,555,139,4191,694,3358,680,86,3,11,0,9,17,131,43
20260808,ctrl_d1_t5_w20,556,141,4201,695,3365,680,85,4,11,0,9,17,131,43
20260808,ctrl_d1_t5_w20,557,141,4210,697,3372,680,83,6,11,0,9,18,131,43
20260808,ctrl_d1_t5_w20,558,140,4219,698,3381,680,82,7,11,0,9,19,131,43
20260808,ctrl_d1_t5_w20,559,142,4226,698,3386,680,82,7,11,0,9,20,131,43
20260808,ctrl_d1_t5_w20,560,144,4233,698,3391,680,82,6,12,0,9,20,131,43
20260808,ctrl_d1_t5_w20,561,146,4240,700,3394,681,81,5,14,0,9,24,131,43
20260808,ctrl_d1_t5_w20,562,142,4245,700,3403,683,83,5,12,0,9,21,131,43
20260808,ctrl_d1_t5_w20,563,143,4255,701,3411,684,83,4,13,0,9,22,131,43
20260808,ctrl_d1_t5_w20,564,139,4260,702,3419,685,83,3,14,0,9,22,131,43
20260808,ctrl_d1_t5_w20,565,135,4265,705,3425,686,81,6,13,0,8,20,131,43
20260808,ctrl_d1_t5_w20,566,133,4270,705,3432,687,82,6,12,0,8,20,131,43
20260808,ctrl_d1_t5_w20,567,134,4277,706,3437,689,83,5,12,0,8,20,131,43
20260808,ctrl_d1_t5_w20,568,139,4287,706,3442,690,84,5,11,0,8,19,131,43
20260808,ctrl_d1_t5_w20,569,139,4295,708,3448,691,83,6,11,0,8,20,131,43
20260808,ctrl_d1_t5_w20,570,136,4300,709,3455,691,82,7,11,0,8,17,121,43
20260808,ctrl_d1_t5_w20,571,141,4309,709,3459,691,82,5,13,0,8,17,121,43
20260808,ctrl_d1_t5_w20,572,141,4317,711,3465,691,80,6,14,0,8,17,121,43
20260808,ctrl_d1_t5_w20,573,138,4323,711,3474,691,80,5,15,0,9,14,121,43
20260808,ctrl_d1_t5_w20,574,140,4330,712,3478,692,80,5,15,0,9,14,121,43
20260808,ctrl_d1_t5_w20,575,138,4338,712,3488,692,80,3,17,0,9,13,131,43
20260808,ctrl_d1_t5_w20,576,136,4347,714,3497,693,79,5,16,0,11,12,131,43
20260808,ctrl_d1_t5_w20,577,133,4353,715,3505,694,79,5,16,0,10,11,131,43
20260808,ctrl_d1_t5_w20,578,131,4360,715,3514,696,81,5,14,0,12,11,131,43
20260808,ctrl_d1_t5_w20,579,131,4368,716,3521,697,81,3,16,0,10,10,131,43
20260808,ctrl_d1_t5_w20,580,129,4373,716,3528,697,81,3,16,0,10,11,131,43
20260808,ctrl_d1_t5_w20,581,127,4379,717,3535,699,82,3,15,0,11,11,131,43
20260808,ctrl_d1_t5_w20,582,129,4387,718,3540,700,82,4,14,0,10,11,131,43
20260808,ctrl_d1_t5_w20,583,126,4393,720,3547,701,81,5,14,0,8,11,131,43
20260808,ctrl_d1_t5_w20,584,128,4401,721,3552,701,80,4,16,0,9,11,131,43
20260808,ctrl_d1_t5_w20,585,133,4411,721,3557,701,80,4,16,0,9,14,131,43
20260808,ctrl_d1_t5_w20,586,134,4418,722,3562,703,81,4,15,0,9,15,131,43
20260808,ctrl_d1_t5_w20,587,133,4424,722,3569,704,82,4,14,0,9,16,131,43
20260808,ctrl_d1_t5_w20,588,132,4432,722,3578,704,82,3,15,0,9,17,131,43
20260808,ctrl_d1_t5_w20,589,129,4439,726,3584,706,80,4,16,0,9,17,131,43
20260808,ctrl_d1_t5_w20,590,131,4445,726,3588,706,80,4,16,0,9,17,131,43
20260808,ctrl_d1_t5_w20,591,128,4452,727,3597,707,80,5,15,0,9,15,131,43
20260808,ctrl_d1_t5_w20,592,125,4459,730,3604,708,78,8,14,0,9,16,131,43
20260808,ctrl_d1_t5_w20,593,128,4468,731,3609,711,80,9,11,0,9,16,131,43
20260808,ctrl_d1_t5_w20,594,129,4474,731,3614,711,80,8,12,0,9,18,131,43
20260808,ctrl_d1_t5_w20,595,127,4479,731,3621,712,81,2,17,0,9,17,131,43
20260808,ctrl_d1_t5_w20,596,124,4484,732,3628,712,80,3,17,0,9,18,131,43
20260808,ctrl_d1_t5_w20,597,124,4491,733,3634,714,81,2,17,0,9,16,131,43
20260808,ctrl_d1_t5_w20,598,125,4499,733,3641,715,82,2,16,0,9,16,131,43
20260808,ctrl_d1_t5_w20,599,124,4506,734,3648,716,82,3,15,0,9,16,131,43
20260808,ctrl_d1_t5_w20,600,131,4516,734,3651,716,82,3,15,0,9,16,121,40
20260808,pure_default,1,8,10,2,0,0,98,2,0,0,0,2,131,43
20260808,pure_default,2,14,17,3,0,0,97,3,0,0,0,2,131,43
20260808,pure_default,3,19,24,5,0,0,93,5,0,2,1,5,131,43
20260808,pure_default,4,25,31,6,0,0,89,5,1,5,3,5,131,43
20260808,pure_default,5,33,41,8,0,0,87,6,2,5,5,6,131,43
20260808,pure_default,6,38,50,12,0,0,85,9,3,3,7,5,131,43
20260808,pure_default,7,45,60,15,0,0,83,9,6,2,7,6,131,43
20260808,pure_default,8,50,68,18,0,0,79,11,7,3,8,7,131,43
20260808,pure_default,9,54,73,19,0,0,79,11,8,2,8,9,131,43
20260808,pure_default,10,59,81,22,0,0,78,13,9,0,8,9,131,43
20260808,pure_default,11,63,86,22,1,0,78,8,14,0,8,10,131,43
20260808,pure_default,12,67,92,22,3,0,77,6,16,1,8,11,131,43
20260808,pure_default,13,68,100,24,8,0,75,5,19,1,9,11,131,43
20260808,pure_default,14,66,107,28,13,0,71,7,21,1,9,11,131,43
20260808,pure_default,15,63,114,29,22,1,70,8,20,2,8,10,131,43
20260808,pure_default,16,63,123,31,29,1,69,8,22,1,9,9,131,43
20260808,pure_default,17,65,133,33,35,4,71,9,20,0,9,9,131,43
20260808,pure_default,18,64,140,34,42,4,70,7,23,0,9,10,131,43
20260808,pure_default,19,64,145,34,47,4,68,6,24,2,9,9,131,43
20260808,pure_default,20,67,154,34,53,4,68,3,27,2,9,9,121,40
20260808,pure_default,21,67,159,36,56,4,67,4,28,1,9,9,121,40
20260808,pure_default,22,71,168,36,61,5,68,3,28,1,9,10,121,40
20260808,pure_default,23,68,173,38,67,9,71,2,27,0,8,11,121,40
20260808,pure_default,24,69,180,38,73,12,74,2,24,0,8,11,121,40
20260808,pure_default,25,69,187,39,79,13,74,3,23,0,9,10,126,43
20260808,pure_default,26,69,197,40,88,19,78,4,17,1,9,12,126,43
20260808,pure_default,27,66,203,40,97,21,80,3,16,1,9,13,126,43
20260808,pure_default,28,64,208,42,102,23,80,5,14,1,8,13,126,43
20260808,pure_default,29,69,218,43,106,23,79,4,16,1,8,13,126,43
20260808,pure_default,30,65,225,46,114,23,77,6,17,0,8,10,131,43
20260808,pure_default,31,67,234,48,119,27,77,5,16,2,9,10,131,43
20260808,pure_default,32,67,244,49,128,28,72,6,15,7,10,8,131,43
20260808,pure_default,33,70,253,52,131,30,72,7,15,6,12,7,131,43
20260808,pure_default,34,65,258,57,136,30,72,9,18,1,12,6,131,43
20260808,pure_default,35,62,263,58,143,32,74,6,20,0,11,6,131,43
20260808,pure_default,36,60,272,59,153,35,76,5,19,0,8,7,131,43
20260808,pure_default,37,58,277,60,159,35,75,5,20,0,7,8,131,43
20260808,pure_default,38,63,287,61,163,35,74,4,22,0,8,8,131,43
20260808,pure_default,39,65,297,61,171,36,75,4,21,0,8,9,131,43
20260808,pure_default,40,72,304,61,171,37,76,3,21,0,8,9,131,43
20260808,pure_default,41,73,314,63,178,38,75,3,22,0,8,11,131,43
20260808,pure_default,42,74,322,63,185,38,74,2,23,1,8,11,131,43
20260808,pure_default,43,72,328,63,193,39,75,2,22,1,8,10,131,43
20260808,pure_default,44,73,333,64,196,39,74,2,23,1,8,10,131,43
20260808,pure_default,45,74,339,64,201,43,78,1,20,1,9,10,131,43
20260808,pure_default,46,74,347,66,207,44,78,3,19,0,9,10,131,43
20260808,pure_default,47,79,356,66,211,47,81,3,16,0,9,9,131,43
20260808,pure_default,48,74,366,71,221,50,79,6,15,0,9,9,131,43
20260808,pure_default,49,71,372,72,229,53,80,6,13,1,8,10,131,43
20260808,pure_default,50,70,378,72,236,54,81,5,13,1,9,12,126,43
20260808,pure_default,51,69,387,73,245,55,82,4,14,0,9,10,126,43
20260808,pure_default,52,70,396,73,253,56,83,3,14,0,9,12,126,43
20260808,pure_default,53,71,403,73,259,56,82,1,16,1,9,10,126,43
20260808,pure_default,54,75,412,73,264,58,82,1,14,3,9,15,126,43
20260808,pure_default,55,75,417,74,268,60,83,2,12,3,9,15,131,43
20260808,pure_default,56,73,425,77,275,61,82,4,12,2,9,15,131,43
20260808,pure_default,57,70,431,79,282,62,82,5,12,1,9,17,131,43
20260808,pure_default,58,72,441,80,289,63,82,6,11,1,9,17,131,43
20260808,pure_default,59,76,450,80,294,64,81,6,10,3,8,17,131,43
20260808,pure_default,60,74,455,82,299,64,80,7,11,2,8,15,131,43
20260808,pure_default,61,69,460,86,305,66,80,7,13,0,8,13,131,43
20260808,pure_default,62,69,469,86,314,66,78,4,16,2,10,12,131,43
20260808,pure_default,63,73,479,86,320,67,76,4,15,5,12,11,131,43
20260808,pure_default,64,72,489,88,329,68,75,5,15,5,13,6,131,43
20260808,pure_default,65,74,499,91,334,68,74,7,16,3,12,6,131,43
20260808,pure_default,66,73,508,94,341,69,74,8,17,1,11,6,131,43
20260808,pure_default,67,75,517,95,347,69,74,8,18,0,12,6,131,43
20260808,pure_default,68,69,523,97,357,69,72,8,20,0,9,6,131,43
20260808,pure_default,69,68,532,98,366,71,73,6,21,0,9,8,131,43
20260808,pure_default,70,72,538,99,367,76,76,6,17,1,9,9,131,43
20260808,pure_default,71,74,543,100,369,77,76,6,17,1,9,11,131,43
20260808,pure_default,72,76,550,102,372,79,76,6,17,1,9,11,131,43
20260808,pure_default,73,75,558,102,381,79,76,5,18,1,9,9,131,43
20260808,pure_default,74,74,568,104,390,80,76,6,18,0,8,9,131,43
20260808,pure_default,75,70,575,105,400,81,76,6,18,0,8,10,131,43
20260808,pure_default,76,67,582,107,408,82,75,7,18,0,9,9,131,43
20260808,pure_default,77,67,591,108,416,83,75,6,19,0,9,9,131,43
20260808,pure_default,78,70,598,108,420,84,75,4,20,1,9,10,131,43
20260808,pure_default,79,70,608,109,429,84,73,2,23,2,9,10,131,43
20260808,pure_default,80,70,615,111,434,84,72,4,23,1,9,10,131,43
20260808,pure_default,81,75,625,112,438,84,72,4,24,0,9,11,131,43
20260808,pure_default,82,76,634,114,444,87,73,5,22,0,9,12,131,43
20260808,pure_default,83,77,643,114,452,89,75,5,20,0,9,11,131,43
20260808,pure_default,84,73,648,114,461,91,77,1,22,0,9,13,131,43
20260808,pure_default,85,75,656,114,467,92,75,0,22,3,8,13,131,43
20260808,pure_default,86,76,663,115,472,94,76,1,20,3,8,13,131,43
20260808,pure_default,87,75,670,118,477,97,78,4,17,1,9,12,131,43
20260808,pure_default,88,74,675,118,483,97,78,3,18,1,9,12,131,43
20260808,pure_default,89,74,685,119,492,98,79,4,17,0,9,11,131,43
20260808,pure_default,90,75,693,119,499,99,80,4,16,0,9,10,131,43
20260808,pure_default,91,75,703,119,509,102,83,3,14,0,12,9,131,43
20260808,pure_default,92,74,709,119,516,102,82,3,14,1,12,6,131,43
20260808,pure_default,93,73,717,119,525,103,80,1,15,4,13,7,131,43
20260808,pure_default,94,74,723,120,529,104,80,2,14,4,13,7,131,43
20260808,pure_default,95,70,728,123,535,105,81,2,16,1,12,9,131,43
20260808,pure_default,96,73,737,124,540,108,82,1,15,2,12,10,131,43
20260808,pure_default,97,73,745,125,547,109,82,2,14,2,10,10,131,43
20260808,pure_default,98,72,750,127,551,110,83,4,13,0,9,11,131,43
20260808,pure_default,99,67,755,127,561,111,84,4,12,0,9,11,131,43
20260808,pure_default,100,66,760,127,567,111,84,2,14,0,9,11,121,40
20260808,pure_default,101,63,767,127,577,112,85,1,14,0,9,8,121,40
20260808,pure_default,102,63,774,128,583,112,84,1,15,0,9,8,121,40
20260808,pure_default,103,62,781,128,591,113,84,1,14,1,9,8,121,40
20260808,pure_default,104,62,787,128,597,116,86,1,11,2,9,9,121,40
20260808,pure_default,105,64,795,130,601,117,86,2,11,1,9,9,131,43
20260808,pure_default,106,60,800,131,609,119,88,2,10,0,9,9,131,43
20260808,pure_default,107,59,807,132,616,119,87,3,10,0,9,10,131,43
20260808,pure_default,108,64,817,132,621,119,85,3,10,2,9,9,131,43
20260808,pure_default,109,67,826,133,626,120,85,4,9,2,9,9,131,43
20260808,pure_default,110,67,833,137,629,122,85,6,9,0,9,9,131,43
20260808,pure_default,111,68,840,137,635,124,87,4,9,0,9,10,131,43
20260808,pure_default,112,69,847,137,641,124,87,4,9,0,9,9,131,43
20260808,pure_default,113,69,853,137,647,124,85,3,10,2,9,9,131,43
20260808,pure_default,114,72,862,137,653,124,83,2,11,4,9,11,131,43
20260808,pure_default,115,71,869,140,658,125,81,3,12,4,9,11,131,43
20260808,pure_default,116,75,878,142,661,127,80,5,10,5,9,11,131,43
20260808,pure_default,117,76,887,145,666,127,77,7,11,5,9,12,131,43
20260808,pure_default,118,75,896,149,672,127,76,11,11,2,9,12,131,43
20260808,pure_default,119,72,902,153,677,127,74,10,16,0,9,12,131,43
20260808,pure_default,120,69,907,154,684,128,74,8,18,0,8,10,131,43
20260808,pure_default,121,68,912,154,690,129,75,4,21,0,8,10,131,43
20260808,pure_default,122,71,922,154,697,129,73,3,22,2,11,9,131,43
20260808,pure_default,123,71,928,154,703,130,72,3,21,4,12,8,131,43
20260808,pure_default,124,68,936,157,711,132,72,4,21,3,13,7,131,43
20260808,pure_default,125,65,943,160,718,132,71,7,21,1,13,6,121,40
20260808,pure_default,126,61,949,161,727,133,70,6,22,2,10,7,121,40
20260808,pure_default,127,61,957,161,735,135,72,5,21,2,10,7,121,40
20260808,pure_default,128,59,965,164,742,136,72,7,21,0,9,7,121,40
20260808,pure_default,129,62,974,165,747,137,72,6,22,0,9,8,121,40
20260808,pure_default,130,70,984,167,747,137,70,6,24,0,9,10,131,43
20260808,pure_default,131,72,991,168,751,140,72,5,23,0,9,11,131,43
20260808,pure_default,132,68,997,168,761,142,74,3,23,0,9,12,131,43
20260808,pure_default,133,70,1007,170,767,142,72,4,24,0,9,11,131,43
20260808,pure_default,134,70,1013,170,773,144,73,2,24,1,9,10,131,43
20260808,pure_default,135,72,1022,170,780,145,74,2,23,1,9,9,131,43
20260808,pure_default,136,71,1029,173,785,149,75,4,20,1,9,9,131,43
20260808,pure_default,137,73,1039,173,793,150,74,2,21,3,8,9,131,43
20260808,pure_default,138,71,1044,174,799,151,75,3,20,2,8,9,131,43
20260808,pure_default,139,73,1054,177,804,152,75,6,19,0,9,10,131,43
20260808,pure_default,140,71,1061,178,812,155,77,6,17,0,9,10,131,43
20260808,pure_default,141,74,1071,179,818,155,76,6,18,0,9,10,131,43
20260808,pure_default,142,77,1080,180,823,157,77,7,16,0,9,11,131,43
20260808,pure_default,143,74,1085,180,831,157,77,4,19,0,9,10,131,43
20260808,pure_default,144,73,1091,181,837,157,76,3,21,0,9,12,131,43
20260808,pure_default,145,72,1099,182,845,159,74,2,21,3,9,13,131,43
20260808,pure_default,146,75,1108,182,851,164,78,1,17,4,8,15,131,43
20260808,pure_default,147,75,1118,185,858,165,78,4,16,2,9,15,131,43
20260808,pure_default,148,78,1125,186,861,165,78,5,16,1,9,17,131,43
20260808,pure_default,149,77,1135,189,869,167,78,7,15,0,9,17,131,43
20260808,pure_default,150,79,1144,190,875,168,78,7,15,0,9,14,131,43
20260808,pure_default,151,74,1149,191,884,169,77,8,14,1,9,13,131,43
20260808,pure_default,152,74,1158,192,892,171,78,6,15,1,12,12,131,43
20260808,pure_default,153,76,1166,194,896,174,80,5,15,0,12,11,131,43
20260808,pure_default,154,75,1171,194,902,175,81,2,17,0,14,8,131,43
20260808,pure_default,155,77,1181,194,910,176,82,1,17,0,14,6,126,43
20260808,pure_default,156,79,1191,194,918,176,82,1,17,0,13,9,126,43
20260808,pure_default,157,74,1196,194,928,176,81,0,18,1,9,9,126,43
20260808,pure_default,158,75,1205,195,935,179,83,1,15,1,9,9,126,43
20260808,pure_default,159,72,1211,196,943,180,84,2,14,0,9,10,126,43
20260808,pure_default,160,71,1219,197,951,182,84,3,12,1,9,10,131,43
20260808,pure_default,161,74,1226,197,955,182,84,2,13,1,9,10,131,43
20260808,pure_default,162,70,1232,198,964,184,85,1,13,1,8,11,131,43
20260808,pure_default,163,71,1238,198,969,186,87,1,11,1,8,10,131,43
20260808,pure_default,164,73,1245,199,973,186,87,2,11,0,8,10,131,43
20260808,pure_default,165,73,1255,199,983,186,87,2,11,0,9,10,131,43
20260808,pure_default,166,73,1265,199,993,187,88,1,11,0,8,10,131,43
20260808,pure_default,167,75,1272,199,998,187,87,1,11,1,9,11,131,43
20260808,pure_default,168,70,1277,201,1006,187,84,3,11,2,9,9,131,43
20260808,pure_default,169,72,1285,202,1011,187,84,4,11,1,9,10,131,43
20260808,pure_default,170,68,1291,205,1018,191,85,6,8,1,9,10,131,43
20260808,pure_default,171,67,1296,205,1024,192,84,5,8,3,9,9,131,43
20260808,pure_default,172,67,1302,206,1029,193,84,5,8,3,9,9,131,43
20260808,pure_default,173,66,1308,208,1034,194,84,3,11,2,9,10,131,43
20260808,pure_default,174,67,1315,209,1039,194,84,4,11,1,9,9,131,43
20260808,pure_default,175,66,1324,211,1047,195,82,5,11,2,9,8,131,43
20260808,pure_default,176,65,1332,211,1056,195,81,4,12,3,8,8,131,43
20260808,pure_default,177,63,1340,216,1061,196,79,8,12,1,9,8,131,43
20260808,pure_default,178,67,1348,217,1064,196,78,7,14,1,9,9,131,43
20260808,pure_default,179,66,1356,218,1072,197,78,7,14,1,8,10,131,43
20260808,pure_default,180,67,1365,221,1077,198,76,6,17,1,9,10,121,40
20260808,pure_default,181,71,1373,221,1081,198,76,5,18,1,10,9,121,40
20260808,pure_default,182,72,1381,223,1086,198,74,3,22,1,10,7,121,40
20260808,pure_default,183,76,1390,223,1091,198,73,2,23,2,11,8,121,40
20260808,pure_default,184,77,1398,224,1097,199,74,3,22,1,11,9,121,40
20260808,pure_default,185,76,1404,225,1103,199,74,3,23,0,9,11,131,43
20260808,pure_default,186,73,1410,226,1111,202,76,3,21,0,8,11,131,43
20260808,pure_default,187,71,1415,226,1118,202,76,2,22,0,8,12,131,43
20260808,pure_default,188,70,1422,226,1126,202,76,1,23,0,9,12,131,43
20260808,pure_default,189,71,1431,227,1133,204,77,1,22,0,9,13,131,43
20260808,pure_default,190,74,1441,227,1140,207,80,1,19,0,9,12,131,43
20260808,pure_default,191,76,1451,227,1148,208,81,1,18,0,9,12,131,43
20260808,pure_default,192,73,1456,227,1156,208,81,0,19,0,9,9,131,43
20260808,pure_default,193,72,1464,227,1165,210,83,0,17,0,9,9,131,43
20260808,pure_default,194,69,1469,227,1173,212,85,0,15,0,9,11,131,43
20260808,pure_default,195,71,1477,227,1179,214,86,0,13,1,9,10,131,43
20260808,pure_default,196,72,1484,228,1184,217,88,1,10,1,9,10,131,43
20260808,pure_default,197,72,1489,229,1188,217,88,2,10,0,9,10,131,43
20260808,pure_default,198,70,1494,229,1195,219,89,2,8,1,9,10,131,43
20260808,pure_default,199,71,1503,229,1203,221,91,1,7,1,9,9,131,43
20260808,pure_default,200,67,1510,231,1212,221,89,3,7,1,9,8,131,43
20260808,pure_default,201,66,1520,232,1222,222,88,3,7,2,9,8,131,43
20260808,pure_default,202,70,1529,233,1226,225,89,4,4,3,9,9,131,43
20260808,pure_default,203,69,1536,234,1233,226,90,3,5,2,9,10,131,43
20260808,pure_default,204,71,1544,237,1236,226,89,4,7,0,9,10,131,43
20260808,pure_default,205,69,1550,237,1244,227,90,4,6,0,8,10,131,43
20260808,pure_default,206,73,1560,237,1250,227,88,3,7,2,8,12,131,43
20260808,pure_default,207,76,1568,238,1254,227,87,3,8,2,8,11,131,43
20260808,pure_default,208,78,1575,240,1257,227,86,3,10,1,8,13,131,43
20260808,pure_default,209,74,1580,240,1266,227,83,1,12,4,9,13,131,43
20260808,pure_default,210,75,1590,243,1272,228,81,3,12,4,9,12,131,43
20260808,pure_default,211,73,1598,247,1278,228,80,7,12,1,9,11,131,43
20260808,pure_default,212,72,1607,249,1286,228,77,7,14,2,12,10,131,43
20260808,pure_default,213,74,1616,249,1293,228,77,5,16,2,14,8,131,43
20260808,pure_default,214,73,1624,252,1299,229,77,7,16,0,15,7,131,43
20260808,pure_default,215,75,1633,253,1305,230,75,7,16,2,15,10,131,43
20260808,pure_default,216,69,1638,254,1315,230,73,6,18,3,12,10,131,43
20260808,pure_default,217,68,1648,259,1321,231,71,9,19,1,10,10,131,43
20260808,pure_default,218,70,1657,261,1326,232,71,9,20,0,9,11,131,43
20260808,pure_default,219,73,1665,261,1331,232,71,7,22,0,9,12,131,43
20260808,pure_default,220,73,1671,262,1336,234,71,5,23,1,9,11,131,43
20260808,pure_default,221,72,1677,262,1343,235,71,4,23,2,9,12,131,43
20260808,pure_default,222,73,1687,263,1351,236,72,2,25,1,9,13,131,43
20260808,pure_default,223,71,1693,264,1358,236,72,3,25,0,9,10,131,43
20260808,pure_default,224,70,1699,264,1365,239,74,2,23,1,9,10,131,43
20260808,pure_default,225,71,1707,264,1372,240,75,2,22,1,9,11,131,43
20260808,pure_default,226,76,1717,265,1376,243,78,2,20,0,9,13,131,43
20260808,pure_default,227,76,1727,266,1385,244,78,3,19,0,9,14,131,43
20260808,pure_default,228,74,1734,267,1393,246,78,3,18,1,9,12,131,43
20260808,pure_default,229,76,1744,267,1401,246,78,3,18,1,9,13,131,43
20260808,pure_default,230,76,1749,268,1405,249,81,3,16,0,9,14,131,43
20260808,pure_default,231,77,1756,268,1411,252,82,2,14,2,9,14,131,43
20260808,pure_default,232,75,1763,268,1420,254,84,1,13,2,9,12,131,43
20260808,pure_default,233,76,1770,270,1424,255,85,3,12,0,9,12,131,43
20260808,pure_default,234,77,1777,270,1430,257,87,2,11,0,9,12,131,43
20260808,pure_default,235,75,1783,270,1438,257,87,1,12,0,9,11,111,40
20260808,pure_default,236,71,1791,272,1448,259,86,3,10,1,9,10,111,40
20260808,pure_default,237,70,1801,273,1458,259,84,2,12,2,9,10,111,40
20260808,pure_default,238,68,1807,276,1463,259,82,5,12,1,9,10,111,40
20260808,pure_default,239,64,1814,278,1472,259,81,7,12,0,9,9,111,40
20260808,pure_default,240,64,1819,279,1476,259,80,6,14,0,9,8,131,43
20260808,pure_default,241,66,1828,279,1483,261,82,5,13,0,9,8,131,43
20260808,pure_default,242,63,1833,280,1490,261,80,4,15,1,9,8,131,43
20260808,pure_default,243,64,1843,282,1497,263,78,5,14,3,10,7,131,43
20260808,pure_default,244,63,1849,283,1503,263,77,5,15,3,9,7,131,43
20260808,pure_default,245,61,1855,285,1509,265,76,6,14,4,9,4,131,43
20260808,pure_default,246,61,1862,286,1515,266,77,6,14,3,10,5,131,43
20260808,pure_default,247,55,1869,291,1523,267,76,8,16,0,9,6,131,43
20260808,pure_default,248,60,1879,291,1528,267,73,7,17,3,9,7,131,43
20260808,pure_default,249,62,1887,291,1534,268,74,3,20,3,9,8,131,43
20260808,pure_default,250,63,1893,294,1536,270,76,6,18,0,9,8,131,43
20260808,pure_default,251,69,1903,295,1539,271,75,6,18,1,9,9,131,43
20260808,pure_default,252,74,1912,297,1541,271,72,7,19,2,9,11,131,43
20260808,pure_default,253,68,1917,299,1550,271,70,7,21,2,9,11,131,43
20260808,pure_default,254,66,1922,300,1556,275,74,7,18,1,9,11,131,43
20260808,pure_default,255,68,1930,302,1560,276,74,7,19,0,8,12,122,43
20260808,pure_default,256,71,1940,302,1567,276,73,5,21,1,8,13,122,43
20260808,pure_default,257,73,1946,302,1571,277,74,2,23,1,8,15,122,43
20260808,pure_default,258,71,1954,304,1579,279,75,3,22,0,8,14,122,43
20260808,pure_default,259,71,1962,304,1587,279,75,3,22,0,9,12,122,43
20260808,pure_default,260,71,1968,304,1593,280,76,1,23,0,9,12,131,43
20260808,pure_default,261,71,1978,305,1602,280,75,1,24,0,9,11,131,43
20260808,pure_default,262,71,1985,305,1609,281,76,1,23,0,9,10,131,43
20260808,pure_default,263,72,1990,305,1613,281,75,1,23,1,9,10,131,43
20260808,pure_default,264,75,1998,305,1618,283,77,1,21,1,9,11,131,43
20260808,pure_default,265,76,2008,307,1625,285,78,2,20,0,9,10,131,43
20260808,pure_default,266,70,2015,310,1635,290,79,4,16,1,9,10,131,43
20260808,pure_default,267,70,2022,311,1641,291,79,5,15,1,9,10,131,43
20260808,pure_default,268,73,2032,312,1647,294,81,5,13,1,8,13,131,43
20260808,pure_default,269,74,2041,312,1655,294,81,4,14,1,8,15,131,43
20260808,pure_default,270,74,2047,313,1660,296,83,4,13,0,8,14,131,43
20260808,pure_default,271,69,2053,315,1669,297,81,5,13,1,8,12,131,43
20260808,pure_default,272,72,2063,315,1676,298,81,4,13,2,11,11,131,43
20260808,pure_default,273,76,2072,316,1680,300,83,4,12,1,12,11,131,43
20260808,pure_default,274,79,2082,317,1686,302,82,3,12,3,15,9,131,43
20260808,pure_default,275,75,2088,318,1695,304,83,4,10,3,15,8,131,43
20260808,pure_default,276,78,2098,322,1698,305,83,5,12,0,13,8,131,43
20260808,pure_default,277,78,2104,323,1703,307,83,4,12,1,11,8,131,43
20260808,pure_default,278,76,2112,324,1712,307,82,3,14,1,10,10,131,43
20260808,pure_default,279,71,2118,327,1720,308,79,5,14,2,9,12,131,43
20260808,pure_default,280,73,2124,327,1724,308,79,2,17,2,9,12,131,43
20260808,pure_default,281,75,2131,329,1727,308,79,3,18,0,9,11,131,43
20260808,pure_default,282,70,2137,330,1737,308,78,4,18,0,9,10,131,43
20260808,pure_default,283,64,2142,332,1746,308,75,5,19,1,9,9,131,43
20260808,pure_default,284,63,2151,332,1756,309,76,5,18,1,9,10,131,43
20260808,pure_default,285,66,2161,334,1761,309,73,5,20,2,9,10,121,40
20260808,pure_default,286,63,2167,334,1770,310,73,4,20,3,9,10,121,40
20260808,pure_default,287,64,2175,337,1774,312,73,5,20,2,8,12,121,40
20260808,pure_default,288,63,2181,338,1780,313,74,6,19,1,8,13,121,40
20260808,pure_default,289,64,2187,340,1783,315,75,7,18,0,8,13,121,40
20260808,pure_default,290,63,2192,341,1788,316,75,5,20,0,9,15,126,43
20260808,pure_default,291,63,2199,341,1795,317,76,3,21,0,9,14,126,43
20260808,pure_default,292,68,2209,342,1799,320,78,4,18,0,8,14,126,43
20260808,pure_default,293,68,2215,344,1803,320,76,6,18,0,9,14,126,43
20260808,pure_default,294,65,2221,344,1812,321,75,3,20,2,9,12,126,43
20260808,pure_default,295,64,2228,345,1819,322,72,4,19,5,9,12,131,43
20260808,pure_default,296,66,2238,349,1823,323,71,6,20,3,9,12,131,43
20260808,pure_default,297,66,2246,352,1828,325,71,6,21,2,8,11,131,43
20260808,pure_default,298,69,2255,352,1834,328,72,6,18,4,8,10,131,43
20260808,pure_default,299,71,2264,355,1838,328,69,7,20,4,8,12,131,43
20260808,pure_default,300,69,2271,361,1841,330,65,12,19,4,8,12,131,43
20260808,pure_default,301,71,2280,363,1846,332,65,13,18,4,10,12,131,43
20260808,pure_default,302,73,2290,365,1852,333,63,13,19,5,10,11,131,43
20260808,pure_default,303,75,2299,367,1857,334,64,12,21,3,11,11,131,43
20260808,pure_default,304,71,2304,370,1863,335,64,10,25,1,11,10,131,43
20260808,pure_default,305,70,2310,372,1868,337,64,8,27,1,10,10,131,43
20260808,pure_default,306,69,2319,374,1876,337,61,7,30,2,9,8,131,43
20260808,pure_default,307,67,2325,374,1884,338,62,4,32,2,8,9,131,43
20260808,pure_default,308,65,2335,377,1893,342,63,5,30,2,9,8,131,43
20260808,pure_default,309,63,2345,380,1902,345,61,5,30,4,9,9,131,43
20260808,pure_default,310,65,2350,383,1902,345,60,8,30,2,9,11,131,43
20260808,pure_default,311,70,2359,385,1904,346,61,8,31,0,8,11,131,43
20260808,pure_default,312,70,2366,385,1911,346,61,4,35,0,8,10,131,43
20260808,pure_default,313,66,2371,385,1920,346,59,3,36,2,8,11,131,43
20260808,pure_default,314,68,2377,385,1924,350,63,1,34,2,8,10,131,43
20260808,pure_default,315,71,2385,387,1927,351,64,3,33,0,8,10,131,43
20260808,pure_default,316,71,2393,387,1935,354,67,3,30,0,8,10,131,43
20260808,pure_default,317,73,2402,388,1941,357,68,3,28,1,8,10,131,43
20260808,pure_default,318,67,2407,389,1951,358,68,4,27,1,8,10,131,43
20260808,pure_default,319,68,2416,390,1958,361,71,4,25,0,9,10,131,43
20260808,pure_default,320,73,2425,390,1962,364,74,3,23,0,9,10,131,43
20260808,pure_default,321,69,2431,391,1971,367,75,3,21,1,9,9,131,43
20260808,pure_default,322,68,2437,391,1978,367,75,1,23,1,9,9,131,43
20260808,pure_default,323,70,2443,392,1981,371,78,1,20,1,9,9,131,43
20260808,pure_default,324,71,2450,393,1986,375,81,2,16,1,8,10,131,43
20260808,pure_default,325,68,2456,395,1993,377,81,4,14,1,8,9,131,43
20260808,pure_default,326,65,2462,396,2001,380,83,5,11,1,9,7,131,43
20260808,pure_default,327,67,2472,397,2008,380,83,5,12,0,9,7,131,43
20260808,pure_default,328,68,2480,399,2013,383,84,5,11,0,9,8,131,43
20260808,pure_default,329,65,2486,400,2021,384,84,4,12,0,9,9,131,43
20260808,pure_default,330,67,2495,400,2028,385,84,4,11,1,10,7,131,43
20260808,pure_default,331,70,2504,400,2034,386,84,2,12,2,10,7,131,43
20260808,pure_default,332,72,2514,403,2039,387,83,4,12,1,10,6,131,43
20260808,pure_default,333,74,2523,404,2045,387,83,5,12,0,12,6,131,43
20260808,pure_default,334,77,2533,405,2051,387,81,5,13,1,15,7,131,43
20260808,pure_default,335,77,2539,405,2057,388,81,5,12,2,13,7,121,40
20260808,pure_default,336,77,2547,407,2063,389,81,5,13,1,13,8,121,40
20260808,pure_default,337,72,2552,408,2072,392,82,3,13,2,10,9,121,40
20260808,pure_default,338,72,2561,409,2080,392,81,3,14,2,9,11,121,40
20260808,pure_default,339,72,2568,411,2085,393,82,3,15,0,9,11,121,40
20260808,pure_default,340,74,2575,412,2089,393,81,3,16,0,9,10,131,43
20260808,pure_default,341,74,2584,412,2098,394,81,3,15,1,9,10,131,43
20260808,pure_default,342,71,2590,413,2106,396,81,3,14,2,9,11,131,43
20260808,pure_default,343,69,2599,416,2114,396,78,6,14,2,9,11,131,43
20260808,pure_default,344,67,2606,417,2122,396,77,7,14,2,9,8,131,43
20260808,pure_default,345,71,2615,419,2125,397,77,7,15,1,9,9,131,43
20260808,pure_default,346,72,2624,420,2132,398,78,5,17,0,9,9,131,43
20260808,pure_default,347,72,2631,422,2137,400,78,5,17,0,9,10,131,43
20260808,pure_default,348,71,2638,422,2145,401,78,5,16,1,9,8,131,43
20260808,pure_default,349,70,2644,422,2152,403,80,4,15,1,9,9,131,43
20260808,pure_default,350,72,2654,425,2157,405,80,7,13,0,9,8,131,43
20260808,pure_default,351,68,2659,425,2166,407,82,5,13,0,9,9,131,43
20260808,pure_default,352,68,2664,425,2171,407,82,4,14,0,9,9,131,43
20260808,pure_default,353,67,2672,426,2179,408,82,3,15,0,9,11,131,43
20260808,pure_default,354,68,2681,427,2186,409,81,3,15,1,9,10,131,43
20260808,pure_default,355,67,2689,428,2194,409,80,3,16,1,9,9,131,43
20260808,pure_default,356,66,2697,429,2202,409,79,3,17,1,9,9,131,43
20260808,pure_default,357,66,2702,429,2207,409,78,2,18,2,9,9,131,43
20260808,pure_default,358,67,2710,430,2213,410,78,2,18,2,9,8,131,43
20260808,pure_default,359,66,2716,431,2219,410,77,2,19,2,9,9,131,43
20260808,pure_default,360,64,2721,432,2225,410,77,3,19,1,9,8,126,43
20260808,pure_default,361,66,2728,433,2229,412,77,4,17,2,10,8,126,43
20260808,pure_default,362,71,2738,434,2233,415,79,4,15,2,9,7,126,43
20260808,pure_default,363,70,2746,437,2239,416,78,7,14,1,13,7,126,43
20260808,pure_default,364,70,2755,438,2247,419,78,6,13,3,14,6,126,43
20260808,pure_default,365,69,2763,440,2254,420,78,5,15,2,13,8,131,43
20260808,pure_default,366,65,2768,443,2260,421,77,7,15,1,10,8,131,43
20260808,pure_default,367,67,2776,444,2265,422,76,4,18,2,9,9,131,43
20260808,pure_default,368,70,2786,445,2271,424,77,5,16,2,8,10,131,43
20260808,pure_default,369,71,2794,447,2276,424,76,5,18,1,8,10,131,43
20260808,pure_default,370,74,2799,448,2277,424,76,3,21,0,9,10,131,43
20260808,pure_default,371,76,2809,449,2284,428,79,2,19,0,9,10,131,43
20260808,pure_default,372,73,2816,449,2294,428,79,1,20,0,9,10,131,43
20260808,pure_default,373,75,2825,449,2301,430,81,0,19,0,9,11,131,43
20260808,pure_default,374,77,2835,449,2309,430,79,0,19,2,9,10,131,43
20260808,pure_default,375,79,2845,449,2317,430,79,0,19,2,9,10,131,43
20260808,pure_default,376,79,2850,451,2320,430,79,2,19,0,9,9,131,43
20260808,pure_default,377,81,2859,451,2327,430,79,2,19,0,9,10,131,43
20260808,pure_default,378,81,2869,451,2337,432,81,1,18,0,9,10,131,43
20260808,pure_default,379,80,2876,452,2344,433,81,2,17,0,9,10,131,43
20260808,pure_default,380,82,2885,454,2349,434,79,3,17,1,9,11,115,42
20260808,pure_default,381,78,2890,454,2358,435,79,3,16,2,9,12,115,42
20260808,pure_default,382,80,2899,455,2364,438,82,3,14,1,8,13,115,42
20260808,pure_default,383,79,2907,457,2371,443,85,4,10,1,8,11,115,42
20260808,pure_default,384,75,2914,458,2381,444,85,4,10,1,8,11,115,42
20260808,pure_default,385,70,2919,459,2390,444,84,4,11,1,8,10,131,43
20260808,pure_default,386,70,2924,459,2395,444,80,3,12,5,8,10,131,43
20260808,pure_default,387,71,2934,460,2403,447,81,2,11,6,8,12,131,43
20260808,pure_default,388,68,2940,464,2408,449,82,5,10,3,9,11,131,43
20260808,pure_default,389,69,2947,466,2412,449,82,6,11,1,9,11,131,43
20260808,pure_default,390,68,2953,467,2418,449,80,7,11,2,10,9,121,40
20260808,pure_default,391,70,2960,467,2423,451,77,5,11,7,10,8,121,40
20260808,pure_default,392,66,2966,469,2431,451,77,6,12,5,8,6,121,40
20260808,pure_default,393,62,2975,475,2438,451,76,10,14,0,11,6,121,40
20260808,pure_default,394,62,2983,476,2445,451,74,8,17,1,11,5,121,40
20260808,pure_default,395,67,2993,476,2450,452,75,7,17,1,11,5,131,43
20260808,pure_default,396,70,3003,478,2455,453,74,5,20,1,11,6,131,43
20260808,pure_default,397,68,3012,479,2465,453,73,3,23,1,9,7,131,43
20260808,pure_default,398,70,3020,480,2470,456,75,2,22,1,9,7,131,43
20260808,pure_default,399,70,3026,481,2475,456,74,2,23,1,9,9,131,43
20260808,pure_default,400,78,3036,482,2476,456,74,3,23,0,9,10,131,43
20260808,pure_default,401,81,3044,482,2481,456,74,2,24,0,9,11,131,43
20260808,pure_default,402,82,3052,483,2487,457,74,2,24,0,9,12,131,43
20260808,pure_default,403,78,3057,483,2496,458,75,2,23,0,9,12,131,43
20260808,pure_default,404,76,3065,485,2504,462,77,4,19,0,9,10,131,43
20260808,pure_default,405,71,3070,485,2514,462,77,4,19,0,8,10,131,43
20260808,pure_default,406,68,3077,486,2523,465,78,4,17,1,8,11,131,43
20260808,pure_default,407,67,3085,487,2531,467,79,4,16,1,8,10,131,43
20260808,pure_default,408,65,3090,488,2537,468,79,3,17,1,9,10,131,43
20260808,pure_default,409,66,3097,489,2542,470,78,3,16,3,9,10,131,43
20260808,pure_default,410,64,3105,490,2551,472,80,3,15,2,9,9,131,43
20260808,pure_default,411,64,3112,492,2556,474,81,5,13,1,9,9,131,43
20260808,pure_default,412,65,3121,494,2562,476,81,7,11,1,9,9,131,43
20260808,pure_default,413,68,3130,496,2566,476,80,9,11,0,9,10,131,43
20260808,pure_default,414,66,3136,496,2574,478,81,7,11,1,9,9,131,43
20260808,pure_default,415,67,3142,496,2579,478,80,6,12,2,9,9,131,43
20260808,pure_default,416,66,3149,498,2585,479,80,5,14,1,9,9,131,43
20260808,pure_default,417,66,3156,500,2590,482,81,5,13,1,9,9,131,43
20260808,pure_default,418,66,3162,501,2595,483,79,5,13,3,9,9,131,43
20260808,pure_default,419,66,3168,502,2600,483,79,4,15,2,9,10,131,43
20260808,pure_default,420,65,3178,507,2606,484,77,7,16,0,9,8,131,43
20260808,pure_default,421,63,3184,508,2613,487,79,7,14,0,10,7,131,43
20260808,pure_default,422,66,3193,508,2619,487,78,6,15,1,10,6,131,43
20260808,pure_default,423,67,3203,509,2627,487,77,5,17,1,12,6,131,43
20260808,pure_default,424,68,3210,510,2632,488,78,6,16,0,12,7,131,43
20260808,pure_default,425,69,3217,510,2638,489,77,4,17,2,10,7,131,43
20260808,pure_default,426,69,3222,510,2643,490,78,0,20,2,9,7,131,43
20260808,pure_default,427,66,3229,513,2650,490,77,3,20,0,7,8,131,43
20260808,pure_default,428,69,3239,515,2655,490,75,5,20,0,8,9,131,43
20260808,pure_default,429,70,3245,515,2660,493,77,4,18,1,8,9,131,43
20260808,pure_default,430,68,3250,516,2666,493,76,5,18,1,8,10,131,43
20260808,pure_default,431,68,3258,519,2671,496,76,7,16,1,8,9,131,43
20260808,pure_default,432,66,3266,520,2680,497,76,4,19,1,9,9,131,43
20260808,pure_default,433,63,3272,521,2688,498,77,5,18,0,9,8,131,43
20260808,pure_default,434,66,3282,521,2695,500,79,4,17,0,9,8,131,43
20260808,pure_default,435,65,3289,522,2702,502,78,2,18,2,9,9,131,43
20260808,pure_default,436,71,3299,522,2706,505,80,1,16,3,9,9,131,43
20260808,pure_default,437,72,3308,526,2710,507,80,5,14,1,9,8,131,43
20260808,pure_default,438,71,3315,527,2717,508,81,5,14,0,9,9,131,43
20260808,pure_default,439,73,3325,529,2723,509,78,5,15,2,9,9,131,43
20260808,pure_default,440,78,3335,531,2726,509,76,4,18,2,9,10,131,43
20260808,pure_default,441,80,3343,533,2730,509,75,5,19,1,9,10,131,43
20260808,pure_default,442,79,3349,533,2737,509,72,4,20,4,9,11,131,43
20260808,pure_default,443,80,3356,534,2742,510,73,1,23,3,9,14,131,43
20260808,pure_default,444,75,3362,538,2749,512,72,5,21,2,9,12,131,43
20260808,pure_default,445,77,3370,538,2755,512,72,4,22,2,9,12,121,40
20260808,pure_default,446,72,3376,541,2763,514,73,7,20,0,9,13,121,40
20260808,pure_default,447,70,3383,541,2772,515,73,6,20,1,9,13,121,40
20260808,pure_default,448,74,3393,541,2778,519,76,6,16,2,9,13,121,40
20260808,pure_default,449,70,3398,542,2786,521,78,5,16,1,9,13,121,40
20260808,pure_default,450,68,3404,543,2793,521,77,4,18,1,10,10,131,43
20260808,pure_default,451,68,3412,544,2800,522,73,3,19,5,11,10,131,43
20260808,pure_default,452,66,3417,545,2806,523,74,3,19,4,11,10,131,43
20260808,pure_default,453,63,3424,550,2811,526,75,5,19,1,11,6,131,43
20260808,pure_default,454,63,3432,552,2817,527,74,5,20,1,10,6,131,43
20260808,pure_default,455,60,3438,553,2825,528,75,5,20,0,9,5,131,43
20260808,pure_default,456,62,3445,553,2830,528,75,3,22,0,8,7,131,43
20260808,pure_default,457,64,3455,554,2837,529,75,3,22,0,9,10,131,43
20260808,pure_default,458,60,3461,555,2846,529,73,4,22,1,8,10,131,43
20260808,pure_default,459,63,3468,555,2850,530,73,2,23,2,8,11,131,43
20260808,pure_default,460,67,3475,556,2852,534,76,1,21,2,8,12,131,43
20260808,pure_default,461,67,3484,559,2858,535,75,4,20,1,8,13,131,43
20260808,pure_default,462,67,3489,560,2862,539,77,4,17,2,8,13,131,43
20260808,pure_default,463,65,3494,560,2869,540,78,4,16,2,8,12,131,43
20260808,pure_default,464,64,3502,563,2875,541,78,7,15,0,8,10,131,43
20260808,pure_default,465,66,3508,563,2879,544,81,5,14,0,8,11,131,43
20260808,pure_default,466,66,3514,564,2884,544,80,6,14,0,8,12,131,43
20260808,pure_default,467,62,3520,564,2894,545,81,4,15,0,8,13,131,43
20260808,pure_default,468,67,3530,564,2899,547,83,2,15,0,9,13,131,43
20260808,pure_default,469,67,3537,564,2906,548,84,2,14,0,9,13,131,43
20260808,pure_default,470,66,3544,565,2913,548,83,3,14,0,9,13,131,43
20260808,pure_default,471,63,3550,566,2921,550,84,2,14,0,9,12,131,43
20260808,pure_default,472,66,3558,566,2926,551,84,2,13,1,9,11,131,43
20260808,pure_default,473,71,3568,566,2931,551,83,1,14,2,9,10,131,43
20260808,pure_default,474,71,3576,567,2938,551,83,2,14,1,9,10,131,43
20260808,pure_default,475,74,3584,568,2942,551,81,2,15,2,9,11,131,43
20260808,pure_default,476,75,3591,568,2948,552,82,1,15,2,9,10,131,43
20260808,pure_default,477,76,3598,570,2952,555,84,3,12,1,9,10,131,43
20260808,pure_default,478,76,3608,570,2962,557,85,3,10,2,9,13,131,43
20260808,pure_default,479,73,3614,572,2969,559,83,5,8,4,9,12,131,43
20260808,pure_default,480,76,3624,575,2973,559,81,7,9,3,9,12,131,43
20260808,pure_default,481,79,3633,579,2975,560,77,11,8,4,12,11,131,43
20260808,pure_default,482,81,3643,579,2983,561,76,4,14,6,14,9,131,43
20260808,pure_default,483,73,3648,583,2992,562,77,7,14,2,12,9,131,43
20260808,pure_default,484,70,3655,585,3000,563,77,9,13,1,12,9,131,43
20260808,pure_default,485,71,3665,586,3008,564,73,7,15,5,10,8,131,43
20260808,pure_default,486,72,3673,587,3014,564,73,5,18,4,11,8,131,43
20260808,pure_default,487,71,3682,591,3020,564,73,4,23,0,11,8,131,43
20260808,pure_default,488,66,3688,592,3030,565,71,4,23,2,9,9,131,43
20260808,pure_default,489,69,3698,594,3035,565,69,5,24,2,9,11,131,43
20260808,pure_default,490,77,3708,596,3035,566,70,5,25,0,9,14,126,43
20260808,pure_default,491,80,3717,596,3041,566,69,5,25,1,9,12,126,43
20260808,pure_default,492,79,3726,596,3051,567,70,2,27,1,9,11,126,43
20260808,pure_default,493,81,3733,597,3055,568,71,1,28,0,9,10,126,43
20260808,pure_default,494,83,3743,598,3062,568,70,2,28,0,9,10,126,43
20260808,pure_default,495,83,3751,598,3070,571,72,2,25,1,9,11,131,43
20260808,pure_default,496,80,3757,599,3078,575,75,3,21,1,8,11,131,43
20260808,pure_default,497,78,3766,602,3086,576,74,5,21,0,8,11,131,43
20260808,pure_default,498,82,3774,602,3090,578,76,4,20,0,8,12,131,43
20260808,pure_default,499,82,3784,604,3098,581,77,5,18,0,8,13,131,43
20260808,pure_default,500,81,3793,604,3108,581,77,5,18,0,8,13,131,43
20260808,pure_default,501,82,3803,605,3116,583,78,5,17,0,8,13,131,43
20260808,pure_default,502,81,3810,605,3124,585,80,3,17,0,8,12,131,43
20260808,pure_default,503,78,3815,606,3131,587,81,4,15,0,9,12,131,43
20260808,pure_default,504,75,3823,607,3141,590,83,3,14,0,8,13,131,43
20260808,pure_default,505,73,3829,607,3149,591,82,3,13,2,8,14,131,43
20260808,pure_default,506,71,3834,609,3154,591,80,4,14,2,8,12,131,43
20260808,pure_default,507,69,3841,611,3161,593,81,4,14,1,9,13,131,43
20260808,pure_default,508,69,3849,611,3169,593,81,4,14,1,9,12,131,43
20260808,pure_default,509,66,3855,612,3177,594,82,4,14,0,9,10,131,43
20260808,pure_default,510,62,3862,614,3186,596,81,5,13,1,9,9,131,43
20260808,pure_default,511,60,3869,615,3194,596,78,5,14,3,9,8,131,43
20260808,pure_default,512,62,3879,617,3200,600,78,6,11,5,11,6,131,43
20260808,pure_default,513,61,3884,619,3204,600,77,6,13,4,11,6,131,43
20260808,pure_default,514,58,3890,622,3210,602,79,8,12,1,10,6,131,43
20260808,pure_default,515,60,3899,623,3216,603,79,6,14,1,9,6,131,43
20260808,pure_default,516,61,3906,625,3220,603,77,5,17,1,7,7,131,43
20260808,pure_default,517,63,3916,627,3226,604,77,7,16,0,7,7,131,43
20260808,pure_default,518,64,3926,628,3234,604,76,6,18,0,7,9,131,43
20260808,pure_default,519,68,3936,628,3240,604,75,2,22,1,9,9,131,43
20260808,pure_default,520,73,3943,628,3242,609,80,1,18,1,9,11,101,38
20260808,pure_default,521,76,3951,630,3245,610,80,3,17,0,9,11,101,38
20260808,pure_default,522,77,3961,630,3254,611,80,2,17,1,9,9,101,38
20260808,pure_default,523,78,3967,630,3259,611,78,2,17,3,9,10,101,38
20260808,pure_default,524,77,3972,631,3264,611,78,3,17,2,9,10,101,38
20260808,pure_default,525,74,3979,634,3271,611,77,5,18,0,9,9,126,43
20260808,pure_default,526,77,3987,634,3276,612,78,5,17,0,9,8,126,43
20260808,pure_default,527,75,3994,634,3285,614,79,5,15,1,9,9,126,43
20260808,pure_default,528,72,4001,635,3294,616,79,4,15,2,9,9,126,43
20260808,pure_default,529,71,4010,636,3303,617,80,4,15,1,9,10,126,43
20260808,pure_default,530,73,4019,637,3309,618,79,5,14,2,9,10,131,43
20260808,pure_default,531,76,4029,637,3316,618,79,2,17,2,9,10,131,43
20260808,pure_default,532,72,4035,639,3324,618,79,4,17,0,8,10,131,43
20260808,pure_default,533,74,4044,641,3329,621,79,6,14,1,9,12,131,43
20260808,pure_default,534,78,4053,641,3334,624,81,5,12,2,9,14,131,43
20260808,pure_default,535,79,4061,643,3339,624,80,4,15,1,9,19,131,43
20260808,pure_default,536,79,4069,644,3346,626,82,4,14,0,9,19,131,43
20260808,pure_default,537,78,4075,644,3353,627,83,3,14,0,9,19,131,43
20260808,pure_default,538,77,4080,644,3359,628,83,2,14,1,9,21,131,43
20260808,pure_default,539,77,4090,645,3368,631,85,1,13,1,8,20,131,43
20260808,pure_default,540,75,4098,647,3376,632,83,3,12,2,9,17,131,43
20260808,pure_default,541,75,4108,647,3386,633,82,3,11,4,10,15,131,43
20260808,pure_default,542,76,4117,650,3391,634,80,5,11,4,12,13,131,43
20260808,pure_default,543,71,4122,652,3399,635,81,4,13,2,11,11,131,43
20260808,pure_default,544,68,4128,654,3406,636,80,5,13,2,12,9,131,43
20260808,pure_default,545,67,4135,654,3414,637,81,4,13,2,10,9,131,43
20260808,pure_default,546,69,4145,657,3419,637,79,6,14,1,8,10,131,43
20260808,pure_default,547,69,4151,657,3425,639,80,4,14,2,7,11,131,43
20260808,pure_default,548,69,4157,659,3429,640,80,4,15,1,7,12,131,43
20260808,pure_default,549,67,4166,662,3437,640,78,4,18,0,8,12,131,43
20260808,pure_default,550,69,4171,662,3440,640,78,4,18,0,8,13,126,43
20260808,pure_default,551,65,4178,663,3450,641,78,4,18,0,8,11,126,43
20260808,pure_default,552,63,4187,665,3459,643,78,5,17,0,9,10,126,43
20260808,pure_default,553,67,4196,666,3463,643,77,6,17,0,9,9,126,43
20260808,pure_default,554,70,4205,666,3469,644,77,4,18,1,9,11,126,43
20260808,pure_default,555,71,4212,666,3475,646,79,3,17,1,9,12,131,43
20260808,pure_default,556,70,4220,667,3483,646,79,2,19,0,9,11,131,43
20260808,pure_default,557,74,4230,667,3489,647,80,1,19,0,9,9,131,43
20260808,pure_default,558,77,4238,667,3494,648,79,1,18,2,9,11,131,43
20260808,pure_default,559,73,4244,669,3502,651,80,3,15,2,8,12,131,43
20260808,pure_default,560,73,4249,671,3505,652,81,5,14,0,8,13,131,43
20260808,pure_default,561,72,4254,672,3510,654,79,5,13,3,8,13,131,43
20260808,pure_default,562,73,4263,672,3518,656,80,2,14,4,9,11,131,43
20260808,pure_default,563,74,4272,675,3523,658,80,5,12,3,8,12,131,43
20260808,pure_default,564,76,4282,676,3530,658,78,4,14,4,9,11,131,43
20260808,pure_default,565,76,4289,678,3535,660,80,6,12,2,9,11,131,43
20260808,pure_default,566,70,4296,685,3541,663,76,12,10,2,9,10,131,43
20260808,pure_default,567,66,4302,685,3551,663,75,9,13,3,9,9,131,43
20260808,pure_default,568,63,4307,687,3557,663,74,9,15,2,9,8,131,43
20260808,pure_default,569,62,4313,689,3562,664,72,10,15,3,9,8,131,43
20260808,pure_default,570,67,4323,691,3565,665,72,7,19,2,9,7,121,43
20260808,pure_default,571,72,4333,694,3567,666,71,10,18,1,10,7,121,43
20260808,pure_default,572,70,4340,694,3576,666,69,6,22,3,12,5,121,43
20260808,pure_default,573,65,4345,695,3585,667,70,5,23,2,8,5,121,43
20260808,pure_default,574,64,4354,697,3593,668,71,6,23,0,9,6,121,43
20260808,pure_default,575,62,4359,697,3600,668,70,2,27,1,9,6,131,43
20260808,pure_default,576,69,4369,697,3603,670,69,1,26,4,9,8,131,43
20260808,pure_default,577,68,4376,699,3609,672,70,3,24,3,8,9,131,43
20260808,pure_default,578,70,4384,702,3612,673,70,6,23,1,8,10,131,43
20260808,pure_default,579,70,4391,703,3618,675,71,7,21,1,8,10,131,43
20260808,pure_default,580,71,4396,705,3620,678,73,6,21,0,8,11,131,43
20260808,pure_default,581,69,4405,706,3630,681,74,6,19,1,9,12,131,43
20260808,pure_default,582,68,4412,707,3637,681,73,5,21,1,9,11,131,43
20260808,pure_default,583,73,4422,709,3640,684,74,6,19,1,8,12,131,43
20260808,pure_default,584,71,4429,709,3649,685,74,3,21,2,8,12,131,43
20260808,pure_default,585,69,4435,712,3654,690,77,4,18,1,8,10,131,43
20260808,pure_default,586,66,4442,714,3662,693,79,5,16,0,7,11,131,43
20260808,pure_default,587,67,4449,715,3667,693,78,5,17,0,8,12,131,43
20260808,pure_default,588,68,4458,715,3675,693,78,4,18,0,8,11,131,43
20260808,pure_default,589,68,4465,716,3681,694,78,5,17,0,8,11,131,43
20260808,pure_default,590,67,4470,717,3686,695,77,4,18,1,8,12,131,43
20260808,pure_default,591,66,4478,718,3694,697,77,4,17,2,8,11,131,43
20260808,pure_default,592,65,4484,719,3700,697,77,4,18,1,8,9,131,43
20260808,pure_default,593,64,4490,720,3706,698,78,3,19,0,8,8,131,43
20260808,pure_default,594,63,4495,720,3712,698,78,3,19,0,8,8,131,43
20260808,pure_default,595,66,4503,720,3717,699,79,2,19,0,8,8,131,43
20260808,pure_default,596,66,4510,721,3723,701,80,2,18,0,8,7,131,43
20260808,pure_default,597,66,4518,722,3730,702,80,3,17,0,8,8,131,43
20260808,pure_default,598,60,4523,724,3739,704,80,4,16,0,9,7,131,43
20260808,pure_default,599,61,4532,725,3746,705,79,4,16,1,9,8,131,43
20260808,pure_default,600,65,4542,726,3751,707,80,4,15,1,9,8,121,40
20260808,r8_d30_t1_w20,1,4,7,3,0,0,97,3,0,0,0,1,131,43
20260808,r8_d30_t1_w20,2,11,15,4,0,0,92,4,0,4,4,2,131,43
20260808,r8_d30_t1_w20,3,18,24,6,0,0,72,5,1,22,5,4,131,43
20260808,r8_d30_t1_w20,4,20,31,11,0,0,71,9,2,18,5,5,131,43
20260808,r8_d30_t1_w20,5,6,36,30,0,0,70,26,4,0,1,2,131,43
20260808,r8_d30_t1_w20,6,12,44,32,0,0,68,23,9,0,3,2,131,43
20260808,r8_d30_t1_w20,7,16,49,33,0,0,65,20,13,2,5,3,131,43
20260808,r8_d30_t1_w20,8,21,55,34,0,0,64,15,19,2,7,4,131,43
20260808,r8_d30_t1_w20,9,27,64,37,0,0,63,14,23,0,8,5,131,43
20260808,r8_d30_t1_w20,10,32,72,40,0,0,60,12,28,0,9,5,131,43
20260808,r8_d30_t1_w20,11,36,79,43,0,0,57,13,30,0,9,8,131,43
20260808,r8_d30_t1_w20,12,41,84,43,0,0,57,12,31,0,9,8,131,43
20260808,r8_d30_t1_w20,13,49,92,43,0,0,57,9,34,0,9,8,131,43
20260808,r8_d30_t1_w20,14,58,102,44,0,0,56,8,36,0,9,9,131,43
20260808,r8_d30_t1_w20,15,67,112,45,0,1,56,7,37,0,9,12,131,43
20260808,r8_d30_t1_w20,16,69,117,48,0,3,55,9,36,0,9,12,131,43
20260808,r8_d30_t1_w20,17,77,127,50,0,6,56,9,35,0,9,13,131,43
20260808,r8_d30_t1_w20,18,85,136,51,0,7,56,7,37,0,9,14,131,43
20260808,r8_d30_t1_w20,19,89,143,54,0,10,56,9,35,0,9,14,131,43
20260808,r8_d30_t1_w20,20,94,148,54,0,15,60,8,31,1,9,14,121,40
20260808,r8_d30_t1_w20,21,102,158,56,0,19,60,7,30,3,9,16,121,40
20260808,r8_d30_t1_w20,22,106,164,58,0,25,64,7,26,3,9,16,121,40
20260808,r8_d30_t1_w20,23,107,169,62,0,26,63,9,27,1,9,16,121,40
20260808,r8_d30_t1_w20,24,112,175,63,0,30,64,9,24,3,9,17,121,40
20260808,r8_d30_t1_w20,25,122,185,63,0,30,64,7,26,3,9,18,126,43
20260808,r8_d30_t1_w20,26,123,192,68,1,30,62,11,27,0,9,18,126,43
20260808,r8_d30_t1_w20,27,125,200,69,6,35,64,10,24,2,9,19,126,43
20260808,r8_d30_t1_w20,28,127,207,69,11,38,66,8,23,3,9,18,126,43
20260808,r8_d30_t1_w20,29,128,215,71,16,40,67,8,23,2,9,18,126,43
20260808,r8_d30_t1_w20,30,126,222,76,20,40,63,11,25,1,9,17,131,43
20260808,r8_d30_t1_w20,31,123,227,80,24,40,60,13,27,0,9,17,131,43
20260808,r8_d30_t1_w20,32,123,232,81,28,40,58,14,27,1,10,17,131,43
20260808,r8_d30_t1_w20,33,123,240,81,36,40,44,10,31,15,12,15,131,43
20260808,r8_d30_t1_w20,34,120,247,82,45,43,42,10,29,19,15,14,131,43
20260808,r8_d30_t1_w20,35,106,255,96,53,44,43,22,30,5,12,14,131,43
20260808,r8_d30_t1_w20,36,104,261,102,55,46,42,21,35,2,13,14,131,43
20260808,r8_d30_t1_w20,37,100,266,103,63,50,42,21,32,5,15,14,131,43
20260808,r8_d30_t1_w20,38,100,274,105,69,53,43,17,35,5,16,12,131,43
20260808,r8_d30_t1_w20,39,100,282,111,71,56,42,16,39,3,18,11,131,43
20260808,r8_d30_t1_w20,40,100,290,114,76,58,42,19,37,2,18,11,131,43
20260808,r8_d30_t1_w20,41,99,300,118,83,60,40,17,41,2,18,11,131,43
20260808,r8_d30_t1_w20,42,100,306,119,87,62,41,15,42,2,18,10,131,43
20260808,r8_d30_t1_w20,43,100,311,121,90,62,38,13,46,3,18,10,131,43
20260808,r8_d30_t1_w20,44,102,320,123,95,65,38,12,46,4,18,11,131,43
20260808,r8_d30_t1_w20,45,97,326,125,104,66,37,13,46,4,17,13,131,43
20260808,r8_d30_t1_w20,46,98,335,128,109,73,41,11,44,4,16,13,131,43
20260808,r8_d30_t1_w20,47,94,340,131,115,74,40,13,44,3,13,14,131,43
20260808,r8_d30_t1_w20,48,97,350,133,120,78,40,11,44,5,10,14,131,43
20260808,r8_d30_t1_w20,49,92,355,136,127,80,40,9,47,4,9,14,131,43
20260808,r8_d30_t1_w20,50,90,360,143,127,84,41,14,45,0,9,14,126,43
20260808,r8_d30_t1_w20,51,98,368,143,127,86,41,11,46,2,9,16,126,43
20260808,r8_d30_t1_w20,52,99,373,147,127,91,40,14,42,4,9,17,126,43
20260808,r8_d30_t1_w20,53,103,381,151,127,93,39,16,42,3,9,17,126,43
20260808,r8_d30_t1_w20,54,109,390,153,128,98,43,18,37,2,9,16,126,43
20260808,r8_d30_t1_w20,55,117,400,155,128,100,43,16,39,2,9,16,131,43
20260808,r8_d30_t1_w20,56,124,409,157,128,102,43,14,41,2,9,18,131,43
20260808,r8_d30_t1_w20,57,132,418,158,128,104,45,12,42,1,9,20,131,43
20260808,r8_d30_t1_w20,58,131,425,160,134,108,47,11,41,1,9,19,131,43
20260808,r8_d30_t1_w20,59,134,434,160,140,112,50,10,38,2,9,20,131,43
20260808,r8_d30_t1_w20,60,127,439,166,146,116,48,14,36,2,9,19,131,43
20260808,r8_d30_t1_w20,61,123,447,172,152,118,45,18,36,1,9,19,131,43
20260808,r8_d30_t1_w20,62,120,452,176,156,123,44,19,34,3,10,17,131,43
20260808,r8_d30_t1_w20,63,120,457,177,160,125,23,19,33,25,11,15,131,43
20260808,r8_d30_t1_w20,64,118,466,181,167,128,14,20,33,33,13,15,131,43
20260808,r8_d30_t1_w20,65,99,476,205,172,130,14,43,32,11,9,14,131,43
20260808,r8_d30_t1_w20,66,95,482,210,177,131,21,42,37,0,10,13,131,43
20260808,r8_d30_t1_w20,67,90,490,218,182,137,16,43,38,3,10,12,131,43
20260808,r8_d30_t1_w20,68,85,495,219,191,139,17,39,41,3,10,10,131,43
20260808,r8_d30_t1_w20,69,84,502,225,193,143,15,36,46,3,11,9,131,43
20260808,r8_d30_t1_w20,70,85,507,227,195,143,11,27,57,5,12,9,131,43
20260808,r8_d30_t1_w20,71,84,516,231,201,148,10,26,57,7,14,8,131,43
20260808,r8_d30_t1_w20,72,89,526,234,203,151,9,25,58,8,18,8,131,43
20260808,r8_d30_t1_w20,73,88,533,240,205,152,9,24,64,3,18,7,131,43
20260808,r8_d30_t1_w20,74,86,543,246,211,154,6,26,66,2,18,7,131,43
20260808,r8_d30_t1_w20,75,87,553,247,219,155,4,20,72,4,18,8,131,43
20260808,r8_d30_t1_w20,76,87,561,249,225,156,5,18,75,2,15,9,131,43
20260808,r8_d30_t1_w20,77,83,568,253,232,161,6,16,76,2,12,9,131,43
20260808,r8_d30_t1_w20,78,82,574,253,239,162,5,12,79,4,12,10,131,43
20260808,r8_d30_t1_w20,79,77,581,257,247,165,5,15,77,3,9,11,131,43
20260808,r8_d30_t1_w20,80,78,586,261,247,168,4,17,76,3,8,11,131,43
20260808,r8_d30_t1_w20,81,81,592,263,248,175,7,17,71,5,8,12,131,43
20260808,r8_d30_t1_w20,82,86,598,264,248,181,13,14,69,4,8,13,131,43
20260808,r8_d30_t1_w20,83,91,608,269,248,189,16,14,66,4,9,13,131,43
20260808,r8_d30_t1_w20,84,97,616,271,248,194,19,13,64,4,9,16,131,43
20260808,r8_d30_t1_w20,85,97,621,276,248,203,24,15,58,3,9,15,131,43
20260808,r8_d30_t1_w20,86,98,628,282,248,210,24,18,54,4,9,14,131,43
20260808,r8_d30_t1_w20,87,99,633,286,248,213,24,20,53,3,9,14,131,43
20260808,r8_d30_t1_w20,88,100,640,292,248,220,25,25,47,3,9,14,131,43
20260808,r8_d30_t1_w20,89,105,649,296,248,226,27,24,46,3,9,16,131,43
20260808,r8_d30_t1_w20,90,111,659,300,248,231,24,26,43,7,11,15,131,43
20260808,r8_d30_t1_w20,91,116,668,302,250,232,14,24,46,16,14,15,131,43
20260808,r8_d30_t1_w20,92,117,675,308,250,235,16,29,44,11,16,14,131,43
20260808,r8_d30_t1_w20,93,115,684,319,250,237,15,33,49,3,14,14,131,43
20260808,r8_d30_t1_w20,94,122,694,320,252,241,16,28,51,5,16,14,131,43
20260808,r8_d30_t1_w20,95,122,704,323,259,243,16,23,57,4,17,13,131,43
20260808,r8_d30_t1_w20,96,122,712,327,263,247,17,18,62,3,18,12,131,43
20260808,r8_d30_t1_w20,97,121,718,330,267,250,18,18,62,2,18,12,131,43
20260808,r8_d30_t1_w20,98,118,724,333,273,256,20,13,64,3,18,12,131,43
20260808,r8_d30_t1_w20,99,118,734,337,279,259,19,14,64,3,18,11,131,43
20260808,r8_d30_t1_w20,100,118,741,340,283,262,19,15,63,3,17,11,121,40
20260808,r8_d30_t1_w20,101,121,749,341,287,264,19,12,65,4,17,11,121,40
20260808,r8_d30_t1_w20,102,121,756,346,289,268,18,16,62,4,17,12,121,40
20260808,r8_d30_t1_w20,103,118,764,349,297,277,23,19,53,5,16,13,121,40
20260808,r8_d30_t1_w20,104,111,769,356,302,283,23,20,53,4,15,13,121,40
20260808,r8_d30_t1_w20,105,116,779,358,305,287,25,20,51,4,14,14,131,43
20260808,r8_d30_t1_w20,106,119,789,361,309,289,26,20,52,2,13,15,131,43
20260808,r8_d30_t1_w20,107,120,794,364,310,292,27,15,57,1,11,15,131,43
20260808,r8_d30_t1_w20,108,120,803,367,316,299,27,14,54,5,10,16,131,43
20260808,r8_d30_t1_w20,109,121,811,368,322,299,27,14,55,4,9,17,131,43
20260808,r8_d30_t1_w20,110,130,821,369,322,306,35,10,53,2,9,17,131,43
20260808,r8_d30_t1_w20,111,137,830,370,323,311,36,9,50,5,9,18,131,43
20260808,r8_d30_t1_w20,112,138,835,373,324,312,36,10,51,3,9,18,131,43
20260808,r8_d30_t1_w20,113,142,844,378,324,317,37,15,46,2,9,19,131,43
20260808,r8_d30_t1_w20,114,143,853,381,329,325,42,16,40,2,9,19,131,43
20260808,r8_d30_t1_w20,115,138,858,384,336,326,42,15,43,0,9,17,131,43
20260808,r8_d30_t1_w20,116,135,866,388,343,330,41,18,40,1,9,18,131,43
20260808,r8_d30_t1_w20,117,136,873,390,347,333,42,18,39,1,9,19,131,43
20260808,r8_d30_t1_w20,118,135,881,395,351,337,41,20,38,1,9,19,131,43
20260808,r8_d30_t1_w20,119,130,888,399,359,340,39,20,39,2,9,19,131,43
20260808,r8_d30_t1_w20,120,127,896,404,365,344,37,25,35,3,11,18,131,43
20260808,r8_d30_t1_w20,121,126,902,405,371,346,25,23,36,16,13,18,131,43
20260808,r8_d30_t1_w20,122,124,907,407,376,347,25,21,39,15,14,17,131,43
20260808,r8_d30_t1_w20,123,108,915,424,383,348,22,31,45,2,10,15,131,43
20260808,r8_d30_t1_w20,124,110,921,426,385,353,23,27,46,4,11,15,131,43
20260808,r8_d30_t1_w20,125,107,929,429,393,359,24,26,44,6,14,14,121,40
20260808,r8_d30_t1_w20,126,104,935,433,398,362,24,26,45,5,15,14,121,40
20260808,r8_d30_t1_w20,127,108,944,438,398,366,25,28,44,3,15,12,121,40
20260808,r8_d30_t1_w20,128,111,954,440,403,366,25,23,51,1,17,12,121,40
20260808,r8_d30_t1_w20,129,109,962,442,411,367,24,18,57,1,18,10,121,40
20260808,r8_d30_t1_w20,130,104,969,444,421,368,23,16,60,1,18,9,131,43
20260808,r8_d30_t1_w20,131,100,974,445,429,370,24,14,61,1,18,8,131,43
20260808,r8_d30_t1_w20,132,101,980,446,433,374,23,14,58,5,18,8,131,43
20260808,r8_d30_t1_w20,133,99,986,448,439,377,23,11,60,6,18,8,131,43
20260808,r8_d30_t1_w20,134,96,996,454,446,380,20,15,59,6,18,10,131,43
20260808,r8_d30_t1_w20,135,96,1001,456,449,382,22,16,58,4,16,10,131,43
20260808,r8_d30_t1_w20,136,92,1008,462,454,389,25,21,52,2,13,9,131,43
20260808,r8_d30_t1_w20,137,93,1016,462,461,393,27,15,54,4,12,11,131,43
20260808,r8_d30_t1_w20,138,98,1026,464,464,402,30,14,48,8,11,12,131,43
20260808,r8_d30_t1_w20,139,100,1036,468,468,407,32,14,47,7,9,14,131,43
20260808,r8_d30_t1_w20,140,100,1042,474,468,409,34,16,49,1,9,13,131,43
20260808,r8_d30_t1_w20,141,107,1052,477,468,413,36,12,52,0,9,14,131,43
20260808,r8_d30_t1_w20,142,110,1058,479,469,418,39,12,49,0,9,14,131,43
20260808,r8_d30_t1_w20,143,114,1064,481,469,421,40,12,48,0,9,14,131,43
20260808,r8_d30_t1_w20,144,122,1074,483,469,423,40,13,47,0,9,15,131,43
20260808,r8_d30_t1_w20,145,128,1083,486,469,426,38,14,46,2,9,16,131,43
20260808,r8_d30_t1_w20,146,129,1088,488,471,428,38,14,46,2,9,16,131,43
20260808,r8_d30_t1_w20,147,129,1097,492,476,432,39,15,45,1,9,18,131,43
20260808,r8_d30_t1_w20,148,128,1105,492,485,438,42,13,41,4,9,17,131,43
20260808,r8_d30_t1_w20,149,126,1111,495,490,440,41,15,40,4,9,17,131,43
20260808,r8_d30_t1_w20,150,126,1119,502,491,440,37,19,43,1,9,16,131,43
20260808,r8_d30_t1_w20,151,127,1128,506,495,446,34,20,40,6,12,16,131,43
20260808,r8_d30_t1_w20,152,125,1133,508,500,451,15,19,38,28,13,15,131,43
20260808,r8_d30_t1_w20,153,121,1139,515,503,455,17,24,36,23,14,14,131,43
20260808,r8_d30_t1_w20,154,102,1149,539,508,460,19,43,36,2,9,14,131,43
20260808,r8_d30_t1_w20,155,103,1154,541,510,461,18,29,51,2,10,14,126,43
20260808,r8_d30_t1_w20,156,104,1164,545,515,465,17,26,54,3,13,14,126,43
20260808,r8_d30_t1_w20,157,100,1169,546,523,467,17,20,59,4,13,12,126,43
20260808,r8_d30_t1_w20,158,100,1179,549,530,470,19,19,60,2,17,11,126,43
20260808,r8_d30_t1_w20,159,91,1184,555,538,474,17,22,59,2,17,10,126,43
20260808,r8_d30_t1_w20,160,96,1194,556,542,475,17,20,61,2,17,9,131,43
20260808,r8_d30_t1_w20,161,96,1200,559,545,477,17,22,60,1,18,10,131,43
20260808,r8_d30_t1_w20,162,95,1205,559,551,479,17,20,60,3,17,10,131,43
20260808,r8_d30_t1_w20,163,100,1215,561,554,483,18,15,63,4,17,10,131,43
20260808,r8_d30_t1_w20,164,96,1221,564,561,485,19,16,63,2,17,12,131,43
20260808,r8_d30_t1_w20,165,96,1228,566,566,488,19,13,65,3,16,12,131,43
20260808,r8_d30_t1_w20,166,95,1236,571,570,496,19,14,61,6,15,12,131,43
20260808,r8_d30_t1_w20,167,88,1241,578,575,503,19,17,58,6,13,12,131,43
20260808,r8_d30_t1_w20,168,86,1248,582,580,507,18,17,58,7,11,12,131,43
20260808,r8_d30_t1_w20,169,87,1258,586,585,512,19,18,56,7,9,14,131,43
20260808,r8_d30_t1_w20,170,89,1263,589,585,519,26,20,50,4,9,13,131,43
20260808,r8_d30_t1_w20,171,96,1272,591,585,525,31,19,47,3,9,12,131,43
20260808,r8_d30_t1_w20,172,103,1281,593,585,525,28,19,49,4,9,13,131,43
20260808,r8_d30_t1_w20,173,110,1290,595,585,530,30,16,49,5,9,14,131,43
20260808,r8_d30_t1_w20,174,111,1296,600,585,531,27,17,52,4,9,14,131,43
20260808,r8_d30_t1_w20,175,116,1305,604,585,537,29,20,47,4,9,13,131,43
20260808,r8_d30_t1_w20,176,120,1313,608,585,543,31,20,45,4,9,14,131,43
20260808,r8_d30_t1_w20,177,125,1323,613,585,547,32,22,44,2,9,15,131,43
20260808,r8_d30_t1_w20,178,133,1333,615,585,549,32,17,49,2,9,17,131,43
20260808,r8_d30_t1_w20,179,134,1338,617,587,549,31,16,52,1,9,17,131,43
20260808,r8_d30_t1_w20,180,126,1344,623,595,551,26,22,50,2,10,17,121,40
20260808,r8_d30_t1_w20,181,128,1353,625,600,557,18,20,48,14,10,17,121,40
20260808,r8_d30_t1_w20,182,129,1361,630,602,560,16,21,49,14,13,17,121,40
20260808,r8_d30_t1_w20,183,118,1370,643,609,564,16,27,52,5,12,16,121,40
20260808,r8_d30_t1_w20,184,119,1378,645,614,565,16,22,58,4,14,16,121,40
20260808,r8_d30_t1_w20,185,115,1383,648,620,569,17,23,56,4,15,15,131,43
20260808,r8_d30_t1_w20,186,113,1389,650,626,575,19,22,53,6,17,15,131,43
20260808,r8_d30_t1_w20,187,111,1394,653,630,577,19,21,55,5,17,15,131,43
20260808,r8_d30_t1_w20,188,111,1399,657,631,581,18,21,55,6,17,15,131,43
20260808,r8_d30_t1_w20,189,103,1404,661,640,582,14,21,58,7,17,14,131,43
20260808,r8_d30_t1_w20,190,104,1414,666,644,585,13,22,59,6,17,13,131,43
20260808,r8_d30_t1_w20,191,102,1421,670,649,590,17,18,62,3,17,10,131,43
20260808,r8_d30_t1_w20,192,96,1426,674,656,595,18,21,58,3,18,9,131,43
20260808,r8_d30_t1_w20,193,95,1434,676,663,601,19,19,56,6,17,12,131,43
20260808,r8_d30_t1_w20,194,94,1442,681,667,607,19,17,57,7,15,12,131,43
20260808,r8_d30_t1_w20,195,92,1449,685,672,612,21,16,57,6,14,13,131,43
20260808,r8_d30_t1_w20,196,89,1455,689,677,614,22,19,56,3,13,13,131,43
20260808,r8_d30_t1_w20,197,90,1465,692,683,619,21,17,56,6,10,13,131,43
20260808,r8_d30_t1_w20,198,89,1471,693,689,625,24,15,53,8,9,13,131,43
20260808,r8_d30_t1_w20,199,89,1478,698,691,627,24,15,56,5,9,13,131,43
20260808,r8_d30_t1_w20,200,96,1488,701,691,633,28,12,56,4,9,15,131,43
20260808,r8_d30_t1_w20,201,102,1497,703,692,635,29,11,57,3,9,15,131,43
20260808,r8_d30_t1_w20,202,110,1507,705,692,637,30,10,58,2,9,16,131,43
20260808,r8_d30_t1_w20,203,114,1513,707,692,640,31,10,57,2,9,17,131,43
20260808,r8_d30_t1_w20,204,120,1521,709,692,644,33,9,56,2,9,17,131,43
20260808,r8_d30_t1_w20,205,123,1526,711,692,648,36,11,52,1,9,16,131,43
20260808,r8_d30_t1_w20,206,126,1531,713,692,655,42,12,46,0,9,16,131,43
20260808,r8_d30_t1_w20,207,135,1540,713,692,657,44,9,47,0,9,18,131,43
20260808,r8_d30_t1_w20,208,139,1549,716,694,661,43,11,44,2,9,20,131,43
20260808,r8_d30_t1_w20,209,141,1555,716,698,663,45,10,43,2,9,22,131,43
20260808,r8_d30_t1_w20,210,132,1565,727,706,669,41,20,38,1,9,21,131,43
20260808,r8_d30_t1_w20,211,132,1574,731,711,671,37,19,41,3,10,21,131,43
20260808,r8_d30_t1_w20,212,130,1581,736,715,674,22,22,40,16,13,20,131,43
20260808,r8_d30_t1_w20,213,125,1588,741,722,678,21,26,37,16,14,18,131,43
20260808,r8_d30_t1_w20,214,112,1597,755,730,679,22,36,40,2,10,18,131,43
20260808,r8_d30_t1_w20,215,110,1605,759,736,683,23,36,40,1,11,15,131,43
20260808,r8_d30_t1_w20,216,112,1613,760,741,683,22,35,42,1,14,15,131,43
20260808,r8_d30_t1_w20,217,108,1621,764,749,691,25,35,38,2,15,14,131,43
20260808,r8_d30_t1_w20,218,111,1630,765,754,694,26,25,46,3,17,13,131,43
20260808,r8_d30_t1_w20,219,108,1635,769,758,699,25,22,48,5,17,13,131,43
20260808,r8_d30_t1_w20,220,101,1640,773,766,701,24,21,51,4,18,12,131,43
20260808,r8_d30_t1_w20,221,99,1649,778,772,701,22,23,54,1,18,11,131,43
20260808,r8_d30_t1_w20,222,97,1658,779,782,702,21,19,58,2,18,10,131,43
20260808,r8_d30_t1_w20,223,97,1667,783,787,705,19,18,60,3,18,9,131,43
20260808,r8_d30_t1_w20,224,96,1675,785,794,709,21,18,58,3,16,9,131,43
20260808,r8_d30_t1_w20,225,97,1683,788,798,714,25,19,55,1,15,10,131,43
20260808,r8_d30_t1_w20,226,97,1688,791,800,718,26,20,53,1,15,10,131,43
20260808,r8_d30_t1_w20,227,93,1694,793,808,723,28,15,55,2,12,11,131,43
20260808,r8_d30_t1_w20,228,91,1703,797,815,728,29,14,55,2,10,11,131,43
20260808,r8_d30_t1_w20,229,91,1710,798,821,731,31,14,53,2,9,11,131,43
20260808,r8_d30_t1_w20,230,96,1717,800,821,736,35,15,49,1,9,12,131,43
20260808,r8_d30_t1_w20,231,98,1722,803,821,737,34,15,51,0,9,12,131,43
20260808,r8_d30_t1_w20,232,102,1727,804,821,740,36,13,51,0,9,14,131,43
20260808,r8_d30_t1_w20,233,108,1737,808,821,743,34,14,51,1,9,15,131,43
20260808,r8_d30_t1_w20,234,111,1744,812,821,749,35,17,46,2,9,16,131,43
20260808,r8_d30_t1_w20,235,115,1750,814,821,750,35,18,46,1,9,16,111,40
20260808,r8_d30_t1_w20,236,120,1757,816,821,756,38,19,41,2,9,17,111,40
20260808,r8_d30_t1_w20,237,121,1766,817,828,760,39,17,40,4,9,17,111,40
20260808,r8_d30_t1_w20,238,119,1775,824,832,765,39,21,38,2,9,18,111,40
20260808,r8_d30_t1_w20,239,121,1781,827,833,768,40,21,38,1,9,18,111,40
20260808,r8_d30_t1_w20,240,121,1787,831,835,772,39,21,38,2,9,18,131,43
20260808,r8_d30_t1_w20,241,121,1795,832,842,773,36,17,42,5,12,17,131,43
20260808,r8_d30_t1_w20,242,120,1802,835,847,776,19,19,40,22,13,15,131,43
20260808,r8_d30_t1_w20,243,114,1809,844,851,781,18,26,37,19,13,15,131,43
20260808,r8_d30_t1_w20,244,94,1814,863,857,783,19,39,41,1,9,15,131,43
20260808,r8_d30_t1_w20,245,93,1823,866,864,787,19,36,43,2,10,14,131,43
20260808,r8_d30_t1_w20,246,96,1829,866,867,788,18,28,50,4,13,13,131,43
20260808,r8_d30_t1_w20,247,97,1839,869,873,791,19,27,51,3,15,13,131,43
20260808,r8_d30_t1_w20,248,94,1845,871,880,793,21,26,52,1,16,12,131,43
20260808,r8_d30_t1_w20,249,95,1852,872,885,795,20,19,58,3,17,12,131,43
20260808,r8_d30_t1_w20,250,96,1859,872,891,797,18,11,64,7,17,10,131,43
20260808,r8_d30_t1_w20,251,93,1864,878,893,800,15,14,64,7,17,10,131,43
20260808,r8_d30_t1_w20,252,90,1871,883,898,802,16,18,63,3,17,9,131,43
20260808,r8_d30_t1_w20,253,87,1878,887,904,804,16,19,64,1,18,9,131,43
20260808,r8_d30_t1_w20,254,88,1885,888,909,807,15,17,64,4,18,8,131,43
20260808,r8_d30_t1_w20,255,87,1891,891,913,811,15,16,64,5,18,8,122,43
20260808,r8_d30_t1_w20,256,83,1897,895,919,814,15,17,64,4,15,8,122,43
20260808,r8_d30_t1_w20,257,78,1902,897,927,818,16,17,62,5,12,8,122,43
20260808,r8_d30_t1_w20,258,77,1911,901,933,823,17,15,63,5,10,9,122,43
20260808,r8_d30_t1_w20,259,74,1918,906,938,832,19,18,56,7,9,9,122,43
20260808,r8_d30_t1_w20,260,75,1923,910,938,835,17,19,56,8,9,10,131,43
20260808,r8_d30_t1_w20,261,80,1932,914,938,838,20,20,56,4,9,10,131,43
20260808,r8_d30_t1_w20,262,83,1938,917,938,842,24,20,55,1,9,10,131,43
20260808,r8_d30_t1_w20,263,88,1945,919,938,850,27,18,51,4,9,11,131,43
20260808,r8_d30_t1_w20,264,93,1952,921,938,854,28,17,50,5,9,12,131,43
20260808,r8_d30_t1_w20,265,95,1961,928,938,858,27,20,50,3,9,13,131,43
20260808,r8_d30_t1_w20,266,97,1966,930,939,862,29,19,49,3,9,13,131,43
20260808,r8_d30_t1_w20,267,96,1971,934,941,870,32,22,42,4,9,13,131,43
20260808,r8_d30_t1_w20,268,102,1981,937,942,877,36,18,42,4,9,15,131,43
20260808,r8_d30_t1_w20,269,104,1986,940,942,879,38,18,43,1,9,16,131,43
20260808,r8_d30_t1_w20,270,104,1991,945,942,881,35,20,44,1,9,16,131,43
20260808,r8_d30_t1_w20,271,107,1996,947,942,883,35,18,46,1,9,16,131,43
20260808,r8_d30_t1_w20,272,109,2004,952,943,886,29,21,45,5,11,16,131,43
20260808,r8_d30_t1_w20,273,108,2009,952,949,889,25,16,47,12,13,14,131,43
20260808,r8_d30_t1_w20,274,103,2014,958,953,890,25,20,48,7,12,14,131,43
20260808,r8_d30_t1_w20,275,100,2023,965,958,892,26,22,51,1,13,13,131,43
20260808,r8_d30_t1_w20,276,97,2028,967,964,895,27,16,56,1,14,13,131,43
20260808,r8_d30_t1_w20,277,99,2036,971,966,900,28,16,55,1,14,12,131,43
20260808,r8_d30_t1_w20,278,99,2043,972,972,903,27,15,54,4,17,12,131,43
20260808,r8_d30_t1_w20,279,100,2052,974,978,905,26,14,55,5,17,12,131,43
20260808,r8_d30_t1_w20,280,105,2062,978,979,908,27,14,56,3,18,10,131,43
20260808,r8_d30_t1_w20,281,106,2072,981,985,914,27,16,51,6,18,11,131,43
20260808,r8_d30_t1_w20,282,105,2079,984,990,918,27,17,49,7,17,11,131,43
20260808,r8_d30_t1_w20,283,107,2088,990,991,923,27,20,47,6,17,10,131,43
20260808,r8_d30_t1_w20,284,110,2098,992,996,927,29,16,49,6,15,12,131,43
20260808,r8_d30_t1_w20,285,108,2105,998,999,931,27,18,49,6,14,12,121,40
20260808,r8_d30_t1_w20,286,111,2114,1002,1001,935,28,18,49,5,13,13,121,40
20260808,r8_d30_t1_w20,287,115,2124,1007,1002,936,27,21,50,2,12,15,121,40
20260808,r8_d30_t1_w20,288,109,2129,1010,1010,942,27,14,54,5,9,15,121,40
20260808,r8_d30_t1_w20,289,110,2137,1012,1015,943,27,15,54,4,9,15,121,40
20260808,r8_d30_t1_w20,290,114,2146,1017,1015,949,32,16,52,0,9,15,126,43
20260808,r8_d30_t1_w20,291,124,2156,1017,1015,952,35,16,49,0,9,15,126,43
20260808,r8_d30_t1_w20,292,132,2166,1019,1015,955,36,14,50,0,9,15,126,43
20260808,r8_d30_t1_w20,293,138,2176,1021,1017,957,36,13,51,0,9,16,126,43
20260808,r8_d30_t1_w20,294,144,2184,1023,1017,962,38,13,48,1,9,16,126,43
20260808,r8_d30_t1_w20,295,148,2191,1026,1017,965,37,11,50,2,9,16,131,43
20260808,r8_d30_t1_w20,296,150,2200,1030,1020,972,39,15,43,3,9,19,131,43
20260808,r8_d30_t1_w20,297,150,2207,1032,1025,974,40,14,44,2,9,20,131,43
20260808,r8_d30_t1_w20,298,150,2216,1036,1030,977,41,16,43,0,9,21,131,43
20260808,r8_d30_t1_w20,299,148,2225,1039,1038,980,41,17,42,0,9,21,131,43
20260808,r8_d30_t1_w20,300,138,2230,1044,1048,982,37,21,41,1,9,21,131,43
20260808,r8_d30_t1_w20,301,128,2239,1054,1057,986,31,28,40,1,9,18,131,43
20260808,r8_d30_t1_w20,302,124,2245,1060,1061,990,30,29,41,0,9,17,131,43
20260808,r8_d30_t1_w20,303,126,2255,1062,1067,993,26,29,40,5,12,16,131,43
20260808,r8_d30_t1_w20,304,125,2264,1065,1074,998,18,28,39,15,15,15,131,43
20260808,r8_d30_t1_w20,305,125,2274,1071,1078,1002,20,31,38,11,16,13,131,43
20260808,r8_d30_t1_w20,306,114,2280,1082,1084,1006,19,36,40,5,15,13,131,43
20260808,r8_d30_t1_w20,307,109,2285,1083,1093,1007,19,28,48,5,16,12,131,43
20260808,r8_d30_t1_w20,308,105,2290,1089,1096,1009,17,28,52,3,16,11,131,43
20260808,r8_d30_t1_w20,309,105,2295,1090,1100,1011,18,26,53,3,17,11,131,43
20260808,r8_d30_t1_w20,310,104,2302,1094,1104,1013,18,25,56,1,17,10,131,43
20260808,r8_d30_t1_w20,311,103,2312,1096,1113,1014,18,21,61,0,18,9,131,43
20260808,r8_d30_t1_w20,312,99,2317,1096,1122,1018,21,15,63,1,18,9,131,43
20260808,r8_d30_t1_w20,313,100,2327,1099,1128,1026,23,14,59,4,18,10,131,43
20260808,r8_d30_t1_w20,314,98,2334,1103,1133,1028,22,15,60,3,17,10,131,43
20260808,r8_d30_t1_w20,315,98,2343,1109,1136,1031,22,18,60,0,16,12,131,43
20260808,r8_d30_t1_w20,316,95,2349,1110,1144,1034,23,16,60,1,14,12,131,43
20260808,r8_d30_t1_w20,317,93,2354,1110,1151,1036,25,13,61,1,13,13,131,43
20260808,r8_d30_t1_w20,318,94,2363,1112,1157,1040,27,12,60,1,11,14,131,43
20260808,r8_d30_t1_w20,319,95,2373,1114,1164,1043,28,11,60,1,9,15,131,43
20260808,r8_d30_t1_w20,320,100,2379,1115,1164,1044,29,10,61,0,9,15,131,43
20260808,r8_d30_t1_w20,321,106,2386,1116,1164,1054,37,7,55,1,9,16,131,43
20260808,r8_d30_t1_w20,322,109,2391,1118,1164,1061,41,9,48,2,9,18,131,43
20260808,r8_d30_t1_w20,323,113,2399,1121,1165,1066,42,9,46,3,9,18,131,43
20260808,r8_d30_t1_w20,324,118,2405,1122,1165,1067,42,10,45,3,9,19,131,43
20260808,r8_d30_t1_w20,325,120,2413,1126,1167,1074,46,12,40,2,9,20,131,43
20260808,r8_d30_t1_w20,326,119,2418,1127,1172,1079,48,11,37,4,9,19,131,43
20260808,r8_d30_t1_w20,327,121,2424,1128,1175,1082,49,8,38,5,9,19,131,43
20260808,r8_d30_t1_w20,328,122,2430,1133,1175,1087,49,10,36,5,9,19,131,43
20260808,r8_d30_t1_w20,329,128,2440,1137,1175,1089,49,14,34,3,9,20,131,43
20260808,r8_d30_t1_w20,330,124,2449,1147,1178,1094,46,22,31,1,9,17,131,43
20260808,r8_d30_t1_w20,331,121,2456,1149,1186,1097,46,19,33,2,10,16,131,43
20260808,r8_d30_t1_w20,332,121,2461,1150,1190,1098,36,13,39,12,10,16,131,43
20260808,r8_d30_t1_w20,333,117,2468,1153,1198,1101,16,15,37,32,11,15,131,43
20260808,r8_d30_t1_w20,334,105,2473,1165,1203,1102,14,23,40,23,10,15,131,43
20260808,r8_d30_t1_w20,335,93,2481,1179,1209,1104,22,35,40,3,9,15,121,40
20260808,r8_d30_t1_w20,336,88,2487,1184,1215,1104,19,35,45,1,9,13,121,40
20260808,r8_d30_t1_w20,337,84,2492,1190,1218,1107,16,35,48,1,9,13,121,40
20260808,r8_d30_t1_w20,338,83,2502,1194,1225,1111,14,32,51,3,10,12,121,40
20260808,r8_d30_t1_w20,339,81,2510,1196,1233,1115,13,28,53,6,13,10,121,40
20260808,r8_d30_t1_w20,340,78,2515,1199,1238,1117,11,23,59,7,13,10,131,43
20260808,r8_d30_t1_w20,341,79,2524,1203,1242,1118,12,17,68,3,15,9,131,43
20260808,r8_d30_t1_w20,342,80,2533,1208,1245,1124,14,17,67,2,15,9,131,43
20260808,r8_d30_t1_w20,343,79,2542,1211,1252,1127,13,16,68,3,16,7,131,43
20260808,r8_d30_t1_w20,344,79,2550,1213,1258,1130,16,15,68,1,17,8,131,43
20260808,r8_d30_t1_w20,345,82,2558,1214,1262,1130,15,13,71,1,15,8,131,43
20260808,r8_d30_t1_w20,346,82,2565,1216,1267,1136,17,12,68,3,15,10,131,43
20260808,r8_d30_t1_w20,347,77,2570,1220,1273,1144,20,13,63,4,13,12,131,43
20260808,r8_d30_t1_w20,348,80,2578,1222,1276,1145,20,12,65,3,11,12,131,43
20260808,r8_d30_t1_w20,349,74,2584,1227,1283,1148,19,17,62,2,9,13,131,43
20260808,r8_d30_t1_w20,350,77,2591,1231,1283,1155,22,20,56,2,9,13,131,43
20260808,r8_d30_t1_w20,351,81,2599,1235,1283,1161,25,20,54,1,9,13,131,43
20260808,r8_d30_t1_w20,352,85,2606,1238,1283,1167,26,18,53,3,9,14,131,43
20260808,r8_d30_t1_w20,353,93,2614,1238,1283,1171,28,18,49,5,9,16,131,43
20260808,r8_d30_t1_w20,354,98,2623,1242,1283,1173,26,21,48,5,9,15,131,43
20260808,r8_d30_t1_w20,355,104,2632,1245,1283,1174,26,20,51,3,9,15,131,43
20260808,r8_d30_t1_w20,356,109,2642,1249,1284,1177,28,19,53,0,9,16,131,43
20260808,r8_d30_t1_w20,357,117,2651,1250,1284,1181,28,17,52,3,9,18,131,43
20260808,r8_d30_t1_w20,358,124,2659,1251,1284,1188,30,17,46,7,9,18,131,43
20260808,r8_d30_t1_w20,359,127,2665,1254,1284,1196,35,16,42,7,9,18,131,43
20260808,r8_d30_t1_w20,360,127,2671,1260,1284,1203,35,20,37,8,10,17,126,43
20260808,r8_d30_t1_w20,361,131,2679,1264,1284,1207,25,18,39,18,12,16,126,43
20260808,r8_d30_t1_w20,362,129,2686,1273,1284,1211,23,24,38,15,12,16,126,43
20260808,r8_d30_t1_w20,363,120,2692,1288,1284,1213,23,33,42,2,10,16,126,43
20260808,r8_d30_t1_w20,364,115,2697,1291,1291,1215,23,29,47,1,11,15,126,43
20260808,r8_d30_t1_w20,365,113,2702,1291,1298,1216,22,22,53,3,13,14,131,43
20260808,r8_d30_t1_w20,366,117,2712,1292,1303,1219,21,17,56,6,16,14,131,43
20260808,r8_d30_t1_w20,367,120,2722,1296,1306,1222,21,18,56,5,17,13,131,43
20260808,r8_d30_t1_w20,368,121,2730,1300,1309,1225,20,17,58,5,17,12,131,43
20260808,r8_d30_t1_w20,369,122,2739,1302,1315,1228,20,12,62,6,18,11,131,43
20260808,r8_d30_t1_w20,370,119,2746,1308,1319,1233,21,17,58,4,18,11,131,43
20260808,r8_d30_t1_w20,371,119,2753,1310,1324,1236,22,10,64,4,18,10,131,43
20260808,r8_d30_t1_w20,372,121,2762,1314,1327,1239,22,13,62,3,18,10,131,43
20260808,r8_d30_t1_w20,373,121,2770,1316,1333,1243,24,13,60,3,18,10,131,43
20260808,r8_d30_t1_w20,374,115,2775,1319,1341,1247,24,13,59,4,18,10,131,43
20260808,r8_d30_t1_w20,375,106,2781,1327,1348,1253,24,18,56,2,18,11,131,43
20260808,r8_d30_t1_w20,376,105,2789,1329,1355,1256,25,16,57,2,16,13,131,43
20260808,r8_d30_t1_w20,377,105,2799,1331,1363,1261,26,14,56,4,14,16,131,43
20260808,r8_d30_t1_w20,378,101,2806,1336,1369,1268,24,17,51,8,10,16,131,43
20260808,r8_d30_t1_w20,379,104,2816,1338,1374,1271,25,17,50,8,9,18,131,43
20260808,r8_d30_t1_w20,380,107,2825,1344,1374,1279,32,22,43,3,9,17,115,42
20260808,r8_d30_t1_w20,381,113,2835,1348,1374,1282,32,20,46,2,9,19,115,42
20260808,r8_d30_t1_w20,382,118,2845,1353,1374,1283,29,25,45,1,9,20,115,42
20260808,r8_d30_t1_w20,383,121,2852,1356,1375,1286,29,22,48,1,9,22,115,42
20260808,r8_d30_t1_w20,384,127,2861,1358,1376,1289,30,21,48,1,9,23,115,42
20260808,r8_d30_t1_w20,385,129,2866,1361,1376,1293,31,16,52,1,9,24,131,43
20260808,r8_d30_t1_w20,386,131,2871,1363,1377,1298,33,17,48,2,9,26,131,43
20260808,r8_d30_t1_w20,387,135,2879,1364,1380,1301,36,14,49,1,9,28,131,43
20260808,r8_d30_t1_w20,388,134,2888,1368,1386,1303,35,14,51,0,9,27,131,43
20260808,r8_d30_t1_w20,389,131,2893,1370,1392,1309,38,15,46,1,9,26,131,43
20260808,r8_d30_t1_w20,390,125,2898,1375,1398,1309,33,18,48,1,9,25,121,40
20260808,r8_d30_t1_w20,391,121,2905,1380,1404,1314,34,20,46,0,9,24,121,40
20260808,r8_d30_t1_w20,392,122,2915,1381,1412,1317,27,18,46,9,13,20,121,40
20260808,r8_d30_t1_w20,393,121,2922,1382,1419,1321,20,16,45,19,16,20,121,40
20260808,r8_d30_t1_w20,394,115,2927,1392,1420,1324,20,24,44,12,16,20,121,40
20260808,r8_d30_t1_w20,395,109,2937,1402,1426,1325,20,29,48,3,15,19,131,43
20260808,r8_d30_t1_w20,396,106,2945,1405,1434,1330,22,22,53,3,16,17,131,43
20260808,r8_d30_t1_w20,397,102,2951,1407,1442,1333,19,20,54,7,17,14,131,43
20260808,r8_d30_t1_w20,398,105,2959,1412,1442,1335,18,22,55,5,17,14,131,43
20260808,r8_d30_t1_w20,399,104,2968,1417,1447,1339,21,21,57,1,18,12,131,43
20260808,r8_d30_t1_w20,400,100,2973,1419,1454,1344,22,19,56,3,18,11,131,43
20260808,r8_d30_t1_w20,401,100,2982,1421,1461,1348,24,15,58,3,18,10,131,43
20260808,r8_d30_t1_w20,402,98,2989,1424,1467,1351,25,14,59,2,18,10,131,43
20260808,r8_d30_t1_w20,403,95,2994,1427,1472,1354,26,16,57,1,18,11,131,43
20260808,r8_d30_t1_w20,404,94,3001,1429,1478,1360,28,14,55,3,16,13,131,43
20260808,r8_d30_t1_w20,405,100,3011,1429,1482,1361,28,12,56,4,13,14,131,43
20260808,r8_d30_t1_w20,406,104,3020,1432,1484,1366,32,14,52,2,13,15,131,43
20260808,r8_d30_t1_w20,407,100,3027,1436,1491,1369,31,14,53,2,11,15,131,43
20260808,r8_d30_t1_w20,408,101,3037,1438,1498,1374,32,15,49,4,9,17,131,43
20260808,r8_d30_t1_w20,409,103,3044,1441,1500,1380,35,12,49,4,9,18,131,43
20260808,r8_d30_t1_w20,410,109,3050,1441,1500,1380,38,11,50,1,9,19,131,43
20260808,r8_d30_t1_w20,411,111,3055,1444,1500,1388,42,12,44,2,9,20,131,43
20260808,r8_d30_t1_w20,412,116,3060,1444,1500,1390,43,12,42,3,9,20,131,43
20260808,r8_d30_t1_w20,413,119,3066,1447,1500,1391,43,13,43,1,9,21,131,43
20260808,r8_d30_t1_w20,414,125,3076,1451,1500,1393,40,13,45,2,9,21,131,43
20260808,r8_d30_t1_w20,415,127,3084,1455,1502,1399,40,15,41,4,9,21,131,43
20260808,r8_d30_t1_w20,416,125,3089,1458,1506,1402,40,15,41,4,9,20,131,43
20260808,r8_d30_t1_w20,417,124,3094,1461,1509,1406,42,17,38,3,9,20,131,43
20260808,r8_d30_t1_w20,418,125,3101,1463,1513,1410,44,17,36,3,9,18,131,43
20260808,r8_d30_t1_w20,419,125,3111,1465,1521,1414,44,16,35,5,9,18,131,43
20260808,r8_d30_t1_w20,420,124,3116,1470,1522,1417,43,17,36,4,9,18,131,43
20260808,r8_d30_t1_w20,421,126,3125,1474,1525,1420,41,16,38,5,11,16,131,43
20260808,r8_d30_t1_w20,422,126,3131,1475,1530,1423,17,14,38,31,12,16,131,43
20260808,r8_d30_t1_w20,423,122,3137,1480,1535,1426,15,16,38,31,14,16,131,43
20260808,r8_d30_t1_w20,424,101,3144,1504,1539,1427,19,35,42,4,9,15,131,43
20260808,r8_d30_t1_w20,425,93,3150,1509,1548,1430,19,29,50,2,9,15,131,43
20260808,r8_d30_t1_w20,426,90,3160,1514,1556,1431,15,20,63,2,10,13,131,43
20260808,r8_d30_t1_w20,427,90,3168,1517,1561,1433,15,20,64,1,11,11,131,43
20260808,r8_d30_t1_w20,428,92,3178,1517,1569,1437,16,14,66,4,15,11,131,43
20260808,r8_d30_t1_w20,429,92,3183,1518,1573,1439,17,12,67,4,15,11,131,43
20260808,r8_d30_t1_w20,430,88,3188,1522,1578,1441,17,10,71,2,16,11,131,43
20260808,r8_d30_t1_w20,431,85,3193,1525,1583,1445,16,12,68,4,16,9,131,43
20260808,r8_d30_t1_w20,432,85,3199,1528,1586,1451,17,14,63,6,18,7,131,43
20260808,r8_d30_t1_w20,433,80,3204,1533,1591,1455,18,15,63,4,18,6,131,43
20260808,r8_d30_t1_w20,434,78,3213,1538,1597,1457,18,17,64,1,17,7,131,43
20260808,r8_d30_t1_w20,435,75,3223,1544,1604,1463,16,19,62,3,17,8,131,43
20260808,r8_d30_t1_w20,436,78,3233,1546,1609,1476,24,20,50,6,17,8,131,43
20260808,r8_d30_t1_w20,437,77,3242,1551,1614,1477,23,20,54,3,14,10,131,43
20260808,r8_d30_t1_w20,438,79,3251,1556,1616,1479,23,24,53,0,11,10,131,43
20260808,r8_d30_t1_w20,439,76,3259,1558,1625,1480,22,23,55,0,9,10,131,43
20260808,r8_d30_t1_w20,440,82,3266,1559,1625,1486,23,18,55,4,9,11,131,43
20260808,r8_d30_t1_w20,441,86,3274,1563,1625,1491,24,19,53,4,9,13,131,43
20260808,r8_d30_t1_w20,442,84,3279,1570,1625,1497,25,23,50,2,9,13,131,43
20260808,r8_d30_t1_w20,443,92,3287,1570,1625,1501,27,18,51,4,9,13,131,43
20260808,r8_d30_t1_w20,444,92,3293,1576,1625,1506,28,18,52,2,9,14,131,43
20260808,r8_d30_t1_w20,445,95,3301,1580,1626,1508,28,20,52,0,9,13,121,40
20260808,r8_d30_t1_w20,446,98,3306,1581,1627,1513,31,18,50,1,9,13,121,40
20260808,r8_d30_t1_w20,447,106,3316,1583,1627,1518,32,16,49,3,9,16,121,40
20260808,r8_d30_t1_w20,448,111,3324,1586,1627,1523,33,17,46,4,9,17,121,40
20260808,r8_d30_t1_w20,449,116,3334,1591,1627,1525,31,20,46,3,9,18,121,40
20260808,r8_d30_t1_w20,450,115,3341,1599,1627,1526,25,25,48,2,9,18,131,43
20260808,r8_d30_t1_w20,451,119,3348,1602,1627,1531,25,22,49,4,11,18,131,43
20260808,r8_d30_t1_w20,452,122,3356,1604,1630,1536,22,19,49,10,12,17,131,43
20260808,r8_d30_t1_w20,453,121,3362,1608,1633,1538,23,17,53,7,14,17,131,43
20260808,r8_d30_t1_w20,454,119,3370,1618,1633,1543,25,24,51,0,14,16,131,43
20260808,r8_d30_t1_w20,455,116,3375,1619,1640,1546,26,20,53,1,14,13,131,43
20260808,r8_d30_t1_w20,456,115,3384,1619,1650,1550,28,16,53,3,16,12,131,43
20260808,r8_d30_t1_w20,457,115,3392,1622,1655,1552,25,15,55,5,17,10,131,43
20260808,r8_d30_t1_w20,458,114,3399,1625,1660,1555,25,15,55,5,17,9,131,43
20260808,r8_d30_t1_w20,459,113,3405,1630,1662,1559,25,16,55,4,17,9,131,43
20260808,r8_d30_t1_w20,460,112,3412,1633,1667,1564,26,16,53,5,17,9,131,43
20260808,r8_d30_t1_w20,461,108,3418,1637,1673,1568,27,15,54,4,17,9,131,43
20260808,r8_d30_t1_w20,462,110,3424,1640,1674,1571,28,14,55,3,18,9,131,43
20260808,r8_d30_t1_w20,463,108,3431,1643,1680,1575,29,15,53,3,16,9,131,43
20260808,r8_d30_t1_w20,464,110,3440,1647,1683,1579,30,16,52,2,16,11,131,43
20260808,r8_d30_t1_w20,465,113,3450,1649,1688,1581,30,16,52,2,16,13,131,43
20260808,r8_d30_t1_w20,466,112,3457,1652,1693,1584,31,13,55,1,16,13,131,43
20260808,r8_d30_t1_w20,467,107,3463,1655,1701,1587,31,14,54,1,13,13,131,43
20260808,r8_d30_t1_w20,468,111,3473,1655,1707,1591,34,10,54,2,9,14,131,43
20260808,r8_d30_t1_w20,469,113,3483,1658,1712,1596,36,12,50,2,9,16,131,43
20260808,r8_d30_t1_w20,470,117,3489,1660,1712,1601,39,12,47,2,9,17,131,43
20260808,r8_d30_t1_w20,471,122,3499,1665,1712,1604,38,13,48,1,9,18,131,43
20260808,r8_d30_t1_w20,472,123,3505,1670,1712,1613,42,16,41,1,9,18,131,43
20260808,r8_d30_t1_w20,473,131,3514,1671,1712,1616,43,16,39,2,9,18,131,43
20260808,r8_d30_t1_w20,474,130,3523,1675,1718,1622,44,20,33,3,9,18,131,43
20260808,r8_d30_t1_w20,475,129,3528,1677,1722,1622,43,22,33,2,9,19,131,43
20260808,r8_d30_t1_w20,476,125,3534,1680,1729,1626,46,20,34,0,9,18,131,43
20260808,r8_d30_t1_w20,477,124,3539,1680,1735,1627,47,16,37,0,9,18,131,43
20260808,r8_d30_t1_w20,478,127,3549,1681,1741,1630,48,17,34,1,9,19,131,43
20260808,r8_d30_t1_w20,479,128,3555,1682,1745,1636,51,13,33,3,9,20,131,43
20260808,r8_d30_t1_w20,480,121,3565,1693,1751,1643,46,21,29,4,9,20,131,43
20260808,r8_d30_t1_w20,481,119,3573,1699,1755,1644,42,23,32,3,10,18,131,43
20260808,r8_d30_t1_w20,482,120,3578,1701,1757,1646,34,23,32,11,11,18,131,43
20260808,r8_d30_t1_w20,483,120,3587,1703,1764,1647,32,22,34,12,14,16,131,43
20260808,r8_d30_t1_w20,484,107,3593,1713,1773,1647,32,27,39,2,13,14,131,43
20260808,r8_d30_t1_w20,485,104,3601,1716,1781,1649,33,24,43,0,15,13,131,43
20260808,r8_d30_t1_w20,486,103,3607,1719,1785,1652,32,24,43,1,16,13,131,43
20260808,r8_d30_t1_w20,487,104,3613,1719,1790,1654,33,13,52,2,16,12,131,43
20260808,r8_d30_t1_w20,488,102,3620,1722,1796,1659,33,15,48,4,16,11,131,43
20260808,r8_d30_t1_w20,489,97,3628,1726,1805,1662,31,18,46,5,16,11,131,43
20260808,r8_d30_t1_w20,490,98,3635,1729,1808,1663,32,19,47,2,16,11,126,43
20260808,r8_d30_t1_w20,491,97,3644,1733,1814,1663,29,20,50,1,17,9,126,43
20260808,r8_d30_t1_w20,492,99,3651,1734,1818,1664,28,16,54,2,18,8,126,43
20260808,r8_d30_t1_w20,493,97,3660,1737,1826,1670,31,15,52,2,18,10,126,43
20260808,r8_d30_t1_w20,494,97,3666,1738,1831,1672,31,14,52,3,17,10,126,43
20260808,r8_d30_t1_w20,495,95,3672,1742,1835,1678,33,14,50,3,16,11,131,43
20260808,r8_d30_t1_w20,496,94,3678,1745,1839,1683,35,15,47,3,13,11,131,43
20260808,r8_d30_t1_w20,497,94,3687,1749,1844,1685,33,14,50,3,12,12,131,43
20260808,r8_d30_t1_w20,498,94,3697,1753,1850,1688,34,12,53,1,9,13,131,43
20260808,r8_d30_t1_w20,499,94,3704,1756,1854,1694,36,15,47,2,9,14,131,43
20260808,r8_d30_t1_w20,500,100,3713,1759,1854,1699,38,15,45,2,9,14,131,43
20260808,r8_d30_t1_w20,501,106,3723,1763,1854,1702,39,18,43,0,9,15,131,43
20260808,r8_d30_t1_w20,502,115,3733,1764,1854,1708,43,17,39,1,9,16,131,43
20260808,r8_d30_t1_w20,503,119,3740,1767,1854,1713,44,17,37,2,9,16,131,43
20260808,r8_d30_t1_w20,504,123,3745,1768,1854,1717,47,15,36,2,9,17,131,43
20260808,r8_d30_t1_w20,505,126,3754,1770,1858,1719,47,15,36,2,9,18,131,43
20260808,r8_d30_t1_w20,506,130,3764,1774,1860,1723,48,17,34,1,9,18,131,43
20260808,r8_d30_t1_w20,507,130,3769,1776,1863,1725,49,16,35,0,9,18,131,43
20260808,r8_d30_t1_w20,508,131,3777,1777,1869,1726,49,9,42,0,9,18,131,43
20260808,r8_d30_t1_w20,509,134,3787,1778,1875,1729,51,9,40,0,9,19,131,43
20260808,r8_d30_t1_w20,510,129,3793,1783,1881,1732,49,13,38,0,9,17,131,43
20260808,r8_d30_t1_w20,511,126,3798,1784,1888,1734,49,14,36,1,9,17,131,43
20260808,r8_d30_t1_w20,512,124,3803,1786,1893,1736,47,14,36,3,11,16,131,43
20260808,r8_d30_t1_w20,513,126,3812,1787,1899,1738,23,13,36,28,15,16,131,43
20260808,r8_d30_t1_w20,514,123,3819,1792,1904,1744,18,14,34,34,13,15,131,43
20260808,r8_d30_t1_w20,515,102,3827,1817,1908,1746,21,39,32,8,9,14,131,43
20260808,r8_d30_t1_w20,516,98,3836,1826,1912,1749,21,41,36,2,9,13,131,43
20260808,r8_d30_t1_w20,517,94,3844,1831,1919,1750,16,34,47,3,9,12,131,43
20260808,r8_d30_t1_w20,518,95,3853,1834,1924,1752,17,26,56,1,10,11,131,43
20260808,r8_d30_t1_w20,519,98,3863,1837,1928,1754,17,20,63,0,12,11,131,43
20260808,r8_d30_t1_w20,520,94,3869,1840,1935,1756,16,18,66,0,13,10,101,38
20260808,r8_d30_t1_w20,521,90,3877,1842,1945,1759,15,18,65,2,15,8,101,38
20260808,r8_d30_t1_w20,522,84,3882,1843,1955,1761,12,18,64,6,14,8,101,38
20260808,r8_d30_t1_w20,523,82,3890,1847,1961,1766,11,19,62,8,14,7,101,38
20260808,r8_d30_t1_w20,524,79,3895,1851,1965,1766,11,20,65,4,15,8,101,38
20260808,r8_d30_t1_w20,525,71,3900,1857,1972,1769,12,23,65,0,17,7,126,43
20260808,r8_d30_t1_w20,526,70,3910,1860,1980,1775,13,23,62,2,15,7,126,43
20260808,r8_d30_t1_w20,527,73,3918,1862,1983,1779,13,23,60,4,13,9,126,43
20260808,r8_d30_t1_w20,528,74,3928,1867,1987,1784,14,24,59,3,9,11,126,43
20260808,r8_d30_t1_w20,529,67,3933,1871,1995,1791,17,22,58,3,9,12,126,43
20260808,r8_d30_t1_w20,530,73,3941,1872,1996,1795,20,18,59,3,9,14,131,43
20260808,r8_d30_t1_w20,531,72,3947,1879,1996,1800,19,20,59,2,9,15,131,43
20260808,r8_d30_t1_w20,532,74,3952,1882,1996,1810,23,22,50,5,9,15,131,43
20260808,r8_d30_t1_w20,533,81,3962,1885,1996,1813,24,20,52,4,9,15,131,43
20260808,r8_d30_t1_w20,534,82,3969,1891,1996,1818,25,24,49,2,9,15,131,43
20260808,r8_d30_t1_w20,535,88,3976,1892,1996,1821,27,21,50,2,9,15,131,43
20260808,r8_d30_t1_w20,536,91,3984,1897,1996,1825,27,24,48,1,9,15,131,43
20260808,r8_d30_t1_w20,537,100,3994,1897,1997,1827,28,17,53,2,9,15,131,43
20260808,r8_d30_t1_w20,538,106,4001,1898,1997,1830,31,15,53,1,9,15,131,43
20260808,r8_d30_t1_w20,539,110,4008,1901,1997,1833,32,13,55,0,9,16,131,43
20260808,r8_d30_t1_w20,540,113,4015,1905,1997,1836,30,12,57,1,10,16,131,43
20260808,r8_d30_t1_w20,541,119,4023,1907,1997,1839,20,14,54,12,11,16,131,43
20260808,r8_d30_t1_w20,542,124,4031,1910,1997,1844,20,13,53,14,14,16,131,43
20260808,r8_d30_t1_w20,543,116,4039,1923,2000,1851,20,26,46,8,14,16,131,43
20260808,r8_d30_t1_w20,544,114,4044,1927,2003,1856,21,24,47,8,15,14,131,43
20260808,r8_d30_t1_w20,545,116,4054,1932,2006,1858,23,25,49,3,15,13,131,43
20260808,r8_d30_t1_w20,546,111,4059,1937,2011,1862,22,20,55,3,15,12,131,43
20260808,r8_d30_t1_w20,547,109,4068,1941,2018,1866,20,21,54,5,17,10,131,43
20260808,r8_d30_t1_w20,548,107,4076,1945,2024,1870,20,21,54,5,17,12,131,43
20260808,r8_d30_t1_w20,549,107,4082,1947,2028,1871,19,16,60,5,17,12,131,43
20260808,r8_d30_t1_w20,550,107,4089,1950,2032,1875,18,16,59,7,18,13,126,43
20260808,r8_d30_t1_w20,551,109,4097,1953,2035,1882,19,17,54,10,17,15,126,43
20260808,r8_d30_t1_w20,552,109,4106,1959,2038,1882,18,21,56,5,16,15,126,43
20260808,r8_d30_t1_w20,553,103,4112,1965,2044,1883,18,22,60,0,16,15,126,43
20260808,r8_d30_t1_w20,554,103,4119,1966,2050,1887,21,17,62,0,16,15,126,43
20260808,r8_d30_t1_w20,555,103,4126,1967,2056,1890,22,14,63,1,15,15,131,43
20260808,r8_d30_t1_w20,556,104,4135,1969,2062,1896,24,14,59,3,12,15,131,43
20260808,r8_d30_t1_w20,557,106,4145,1970,2069,1897,24,11,62,3,9,18,131,43
20260808,r8_d30_t1_w20,558,105,4155,1977,2073,1903,21,15,59,5,9,18,131,43
20260808,r8_d30_t1_w20,559,104,4161,1980,2077,1909,23,16,55,6,8,20,131,43
20260808,r8_d30_t1_w20,560,108,4169,1984,2077,1912,25,16,56,3,8,20,131,43
20260808,r8_d30_t1_w20,561,110,4174,1987,2077,1919,31,15,53,1,8,19,131,43
20260808,r8_d30_t1_w20,562,113,4179,1989,2077,1924,35,17,48,0,8,19,131,43
20260808,r8_d30_t1_w20,563,117,4184,1990,2077,1930,40,16,44,0,8,18,131,43
20260808,r8_d30_t1_w20,564,124,4193,1992,2077,1935,43,14,43,0,8,19,131,43
20260808,r8_d30_t1_w20,565,125,4199,1993,2081,1938,45,15,40,0,9,18,131,43
20260808,r8_d30_t1_w20,566,125,4204,1995,2084,1940,45,15,40,0,9,17,131,43
20260808,r8_d30_t1_w20,567,128,4214,1996,2090,1944,47,12,40,1,9,18,131,43
20260808,r8_d30_t1_w20,568,125,4222,1999,2098,1946,43,13,40,4,9,19,131,43
20260808,r8_d30_t1_w20,569,124,4228,2001,2103,1951,46,13,37,4,9,18,131,43
20260808,r8_d30_t1_w20,570,120,4237,2012,2105,1954,41,22,36,1,9,17,121,43
20260808,r8_d30_t1_w20,571,117,4243,2015,2111,1956,41,25,34,0,9,17,121,43
20260808,r8_d30_t1_w20,572,114,4249,2019,2116,1962,42,25,32,1,10,16,121,43
20260808,r8_d30_t1_w20,573,111,4254,2023,2120,1964,28,28,31,13,12,15,121,43
20260808,r8_d30_t1_w20,574,107,4261,2028,2126,1968,24,28,32,16,13,15,121,43
20260808,r8_d30_t1_w20,575,97,4270,2042,2131,1969,22,34,39,5,10,15,131,43
20260808,r8_d30_t1_w20,576,91,4275,2046,2138,1971,22,35,40,3,10,15,131,43
20260808,r8_d30_t1_w20,577,82,4280,2050,2148,1973,20,39,38,3,13,14,131,43
20260808,r8_d30_t1_w20,578,82,4287,2052,2153,1975,22,34,43,1,15,13,131,43
20260808,r8_d30_t1_w20,579,86,4297,2054,2157,1978,23,29,47,1,16,13,131,43
20260808,r8_d30_t1_w20,580,87,4306,2055,2164,1980,23,25,50,2,17,11,131,43
20260808,r8_d30_t1_w20,581,89,4315,2057,2169,1983,22,20,54,4,17,9,131,43
20260808,r8_d30_t1_w20,582,91,4323,2059,2173,1984,22,17,58,3,18,7,131,43
20260808,r8_d30_t1_w20,583,90,4329,2064,2175,1988,23,14,62,1,18,7,131,43
20260808,r8_d30_t1_w20,584,88,4334,2064,2182,1992,24,11,61,4,15,7,131,43
20260808,r8_d30_t1_w20,585,88,4343,2067,2188,1996,24,12,59,5,13,8,131,43
20260808,r8_d30_t1_w20,586,86,4348,2070,2192,1998,25,14,58,3,13,9,131,43
20260808,r8_d30_t1_w20,587,88,4356,2072,2196,2000,26,12,60,2,11,10,131,43
20260808,r8_d30_t1_w20,588,86,4361,2075,2200,2004,26,12,59,3,9,10,131,43
20260808,r8_d30_t1_w20,589,83,4368,2081,2204,2011,27,15,55,3,9,11,131,43
20260808,r8_d30_t1_w20,590,84,4373,2084,2205,2018,30,13,53,4,9,13,131,43
20260808,r8_d30_t1_w20,591,91,4383,2087,2205,2024,32,15,48,5,9,14,131,43
20260808,r8_d30_t1_w20,592,94,4390,2091,2205,2026,33,14,51,2,9,14,131,43
20260808,r8_d30_t1_w20,593,100,4400,2095,2205,2031,35,17,47,1,9,16,131,43
20260808,r8_d30_t1_w20,594,105,4407,2097,2205,2034,35,18,45,2,9,16,131,43
20260808,r8_d30_t1_w20,595,110,4416,2101,2205,2039,35,19,43,3,9,16,131,43
20260808,r8_d30_t1_w20,596,118,4426,2103,2205,2042,35,19,42,4,9,17,131,43
20260808,r8_d30_t1_w20,597,122,4434,2107,2205,2046,35,21,40,4,9,18,131,43
20260808,r8_d30_t1_w20,598,127,4441,2109,2205,2049,37,19,41,3,9,19,131,43
20260808,r8_d30_t1_w20,599,129,4446,2111,2206,2052,39,16,43,2,9,19,131,43
20260808,r8_d30_t1_w20,600,122,4453,2119,2212,2054,34,23,42,1,9,18,121,40
20260808,r10_d30_t1_w20,1,2,7,5,0,0,95,5,0,0,0,1,131,43
20260808,r10_d30_t1_w20,2,9,16,7,0,0,89,7,0,4,4,2,131,43
20260808,r10_d30_t1_w20,3,15,23,8,0,0,73,8,0,19,5,3,131,43
20260808,r10_d30_t1_w20,4,18,31,13,0,0,72,12,1,15,6,4,131,43
20260808,r10_d30_t1_w20,5,6,37,31,0,0,69,25,6,0,2,2,131,43
20260808,r10_d30_t1_w20,6,12,47,35,0,0,65,22,13,0,2,4,131,43
20260808,r10_d30_t1_w20,7,22,57,35,0,0,64,16,19,1,5,6,131,43
20260808,r10_d30_t1_w20,8,26,62,36,0,0,63,16,20,1,6,6,131,43
20260808,r10_d30_t1_w20,9,30,67,37,0,0,63,13,24,0,7,8,131,43
20260808,r10_d30_t1_w20,10,37,75,38,0,0,62,13,25,0,7,8,131,43
20260808,r10_d30_t1_w20,11,46,85,39,0,0,61,13,26,0,8,10,131,43
20260808,r10_d30_t1_w20,12,54,95,41,0,0,59,13,28,0,8,14,131,43
20260808,r10_d30_t1_w20,13,60,102,42,0,0,58,13,29,0,8,14,131,43
20260808,r10_d30_t1_w20,14,69,112,43,0,1,58,11,31,0,9,15,131,43
20260808,r10_d30_t1_w20,15,76,121,45,0,3,57,13,29,1,9,14,131,43
20260808,r10_d30_t1_w20,16,81,126,45,0,4,57,8,33,2,9,14,131,43
20260808,r10_d30_t1_w20,17,88,136,48,0,5,56,11,32,1,9,15,131,43
20260808,r10_d30_t1_w20,18,94,145,51,0,6,55,14,31,0,9,17,131,43
20260808,r10_d30_t1_w20,19,102,155,53,0,6,53,15,32,0,9,18,131,43
20260808,r10_d30_t1_w20,20,106,161,55,0,11,56,14,30,0,9,18,121,40
20260808,r10_d30_t1_w20,21,113,169,56,0,13,56,15,28,1,9,19,121,40
20260808,r10_d30_t1_w20,22,122,179,57,0,16,57,11,30,2,9,20,121,40
20260808,r10_d30_t1_w20,23,125,185,60,0,19,58,13,28,1,9,20,121,40
20260808,r10_d30_t1_w20,24,125,190,64,1,21,56,15,28,1,9,20,121,40
20260808,r10_d30_t1_w20,25,130,195,64,1,24,58,14,26,2,9,21,126,43
20260808,r10_d30_t1_w20,26,131,200,65,4,26,60,13,26,1,9,21,126,43
20260808,r10_d30_t1_w20,27,128,207,66,13,27,61,13,26,0,9,18,126,43
20260808,r10_d30_t1_w20,28,128,212,67,17,29,62,14,24,0,9,18,126,43
20260808,r10_d30_t1_w20,29,129,219,68,22,31,61,12,25,2,9,17,126,43
20260808,r10_d30_t1_w20,30,123,226,75,28,32,54,16,27,3,9,17,131,43
20260808,r10_d30_t1_w20,31,114,234,84,36,37,50,22,25,3,9,15,131,43
20260808,r10_d30_t1_w20,32,113,243,88,42,39,47,21,28,4,10,13,131,43
20260808,r10_d30_t1_w20,33,115,252,91,46,41,32,22,28,18,14,12,131,43
20260808,r10_d30_t1_w20,34,113,259,94,52,41,30,20,33,17,15,12,131,43
20260808,r10_d30_t1_w20,35,98,269,111,60,42,29,35,34,2,13,10,131,43
20260808,r10_d30_t1_w20,36,100,278,113,65,42,28,29,42,1,16,10,131,43
20260808,r10_d30_t1_w20,37,97,283,114,72,43,29,27,44,0,16,10,131,43
20260808,r10_d30_t1_w20,38,95,290,115,80,47,31,24,44,1,17,9,131,43
20260808,r10_d30_t1_w20,39,92,296,117,87,51,31,22,44,3,17,8,131,43
20260808,r10_d30_t1_w20,40,91,301,118,92,53,31,18,47,4,17,9,131,43
20260808,r10_d30_t1_w20,41,93,311,122,96,57,31,17,48,4,17,12,131,43
20260808,r10_d30_t1_w20,42,90,317,125,102,58,31,17,50,2,17,12,131,43
20260808,r10_d30_t1_w20,43,95,327,127,105,60,32,14,53,1,17,12,131,43
20260808,r10_d30_t1_w20,44,99,336,128,109,62,33,11,55,1,16,13,131,43
20260808,r10_d30_t1_w20,45,98,342,131,113,65,33,14,52,1,15,14,131,43
20260808,r10_d30_t1_w20,46,97,348,134,117,69,33,15,50,2,14,15,131,43
20260808,r10_d30_t1_w20,47,93,354,137,124,72,34,16,49,1,12,16,131,43
20260808,r10_d30_t1_w20,48,95,362,140,127,75,34,18,47,1,10,16,131,43
20260808,r10_d30_t1_w20,49,97,370,141,132,78,35,17,46,2,9,16,131,43
20260808,r10_d30_t1_w20,50,99,377,146,132,82,35,19,45,1,9,17,126,43
20260808,r10_d30_t1_w20,51,101,383,149,133,84,35,20,45,0,9,16,126,43
20260808,r10_d30_t1_w20,52,108,391,150,133,88,38,17,45,0,9,17,126,43
20260808,r10_d30_t1_w20,53,113,398,152,133,90,38,16,46,0,9,18,126,43
20260808,r10_d30_t1_w20,54,119,404,152,133,94,41,16,42,1,9,18,126,43
20260808,r10_d30_t1_w20,55,127,414,152,135,102,47,13,37,3,9,21,131,43
20260808,r10_d30_t1_w20,56,126,423,157,140,106,47,17,34,2,9,20,131,43
20260808,r10_d30_t1_w20,57,123,428,162,143,110,48,22,30,0,9,20,131,43
20260808,r10_d30_t1_w20,58,120,435,166,149,112,46,21,33,0,9,20,131,43
20260808,r10_d30_t1_w20,59,120,443,168,155,116,45,22,30,3,9,19,131,43
20260808,r10_d30_t1_w20,60,115,449,174,160,124,45,26,24,5,9,17,131,43
20260808,r10_d30_t1_w20,61,111,458,181,166,126,42,29,26,3,10,16,131,43
20260808,r10_d30_t1_w20,62,111,465,186,168,127,27,31,28,14,12,16,131,43
20260808,r10_d30_t1_w20,63,109,471,187,175,128,11,25,34,30,13,16,131,43
20260808,r10_d30_t1_w20,64,96,478,200,182,129,11,31,40,18,10,16,131,43
20260808,r10_d30_t1_w20,65,84,485,214,187,131,16,42,41,1,9,15,131,43
20260808,r10_d30_t1_w20,66,82,491,219,190,131,12,37,51,0,10,14,131,43
20260808,r10_d30_t1_w20,67,82,499,221,196,134,11,37,50,2,10,14,131,43
20260808,r10_d30_t1_w20,68,81,504,222,201,135,11,32,55,2,12,13,131,43
20260808,r10_d30_t1_w20,69,80,511,225,206,136,11,28,61,0,13,13,131,43
20260808,r10_d30_t1_w20,70,84,520,225,211,139,12,21,65,2,16,13,131,43
20260808,r10_d30_t1_w20,71,85,526,225,216,141,14,16,68,2,16,13,131,43
20260808,r10_d30_t1_w20,72,84,535,227,224,142,13,15,70,2,16,10,131,43
20260808,r10_d30_t1_w20,73,85,544,229,230,143,12,14,72,2,17,12,131,43
20260808,r10_d30_t1_w20,74,84,551,234,233,148,10,18,68,4,16,12,131,43
20260808,r10_d30_t1_w20,75,79,557,237,241,153,11,18,66,5,13,12,131,43
20260808,r10_d30_t1_w20,76,78,565,242,245,157,11,22,63,4,12,12,131,43
20260808,r10_d30_t1_w20,77,79,570,244,247,160,10,18,66,6,11,12,131,43
20260808,r10_d30_t1_w20,78,79,578,250,249,167,11,22,61,6,11,12,131,43
20260808,r10_d30_t1_w20,79,80,588,254,254,174,13,18,62,7,9,11,131,43
20260808,r10_d30_t1_w20,80,79,593,260,254,180,14,20,60,6,9,11,131,43
20260808,r10_d30_t1_w20,81,79,598,265,254,185,16,24,56,4,9,12,131,43
20260808,r10_d30_t1_w20,82,85,608,269,254,191,20,25,53,2,9,12,131,43
20260808,r10_d30_t1_w20,83,85,613,274,254,195,20,30,49,1,9,12,131,43
20260808,r10_d30_t1_w20,84,89,619,276,254,198,20,26,52,2,9,13,131,43
20260808,r10_d30_t1_w20,85,93,625,278,254,201,21,25,52,2,9,14,131,43
20260808,r10_d30_t1_w20,86,99,633,280,254,209,25,24,47,4,9,16,131,43
20260808,r10_d30_t1_w20,87,106,642,282,254,212,24,23,47,6,9,15,131,43
20260808,r10_d30_t1_w20,88,109,650,287,254,220,28,22,45,5,9,15,131,43
20260808,r10_d30_t1_w20,89,110,655,291,254,223,30,23,45,2,9,15,131,43
20260808,r10_d30_t1_w20,90,110,665,301,254,228,25,30,43,2,10,15,131,43
20260808,r10_d30_t1_w20,91,119,674,301,254,232,17,24,45,14,11,15,131,43
20260808,r10_d30_t1_w20,92,112,679,305,262,235,17,24,46,13,12,13,131,43
20260808,r10_d30_t1_w20,93,100,684,317,267,236,18,35,46,1,10,13,131,43
20260808,r10_d30_t1_w20,94,104,694,319,271,237,17,33,49,1,11,12,131,43
20260808,r10_d30_t1_w20,95,104,701,321,276,241,16,27,53,4,13,11,131,43
20260808,r10_d30_t1_w20,96,100,707,325,282,244,16,24,57,3,14,11,131,43
20260808,r10_d30_t1_w20,97,102,714,328,284,245,17,25,58,0,16,10,131,43
20260808,r10_d30_t1_w20,98,102,721,329,290,251,19,22,56,3,18,9,131,43
20260808,r10_d30_t1_w20,99,103,730,329,298,253,21,17,59,3,18,8,131,43
20260808,r10_d30_t1_w20,100,101,735,334,300,257,22,18,59,1,18,8,121,40
20260808,r10_d30_t1_w20,101,102,740,334,304,261,22,16,57,5,18,8,121,40
20260808,r10_d30_t1_w20,102,97,746,337,312,266,22,16,55,7,18,10,121,40
20260808,r10_d30_t1_w20,103,98,754,341,315,270,25,17,54,4,18,9,121,40
20260808,r10_d30_t1_w20,104,97,759,345,317,272,25,18,55,2,18,9,121,40
20260808,r10_d30_t1_w20,105,101,769,347,321,274,26,18,55,1,16,9,131,43
20260808,r10_d30_t1_w20,106,100,776,351,325,281,24,17,53,6,14,11,131,43
20260808,r10_d30_t1_w20,107,100,786,352,334,287,24,16,49,11,12,12,131,43
20260808,r10_d30_t1_w20,108,95,794,359,340,291,25,21,47,7,9,11,131,43
20260808,r10_d30_t1_w20,109,95,799,364,340,295,27,22,47,4,9,12,131,43
20260808,r10_d30_t1_w20,110,100,805,365,340,299,32,20,46,2,9,13,131,43
20260808,r10_d30_t1_w20,111,104,812,368,340,305,35,19,44,2,9,13,131,43
20260808,r10_d30_t1_w20,112,113,821,368,340,308,37,16,44,3,9,14,131,43
20260808,r10_d30_t1_w20,113,119,831,372,340,308,35,18,46,1,9,15,131,43
20260808,r10_d30_t1_w20,114,124,838,374,340,311,37,19,44,0,9,16,131,43
20260808,r10_d30_t1_w20,115,129,846,377,340,315,38,19,43,0,9,17,131,43
20260808,r10_d30_t1_w20,116,134,854,377,343,317,39,18,42,1,9,17,131,43
20260808,r10_d30_t1_w20,117,133,862,379,350,321,40,18,40,2,9,18,131,43
20260808,r10_d30_t1_w20,118,135,871,380,356,327,44,19,34,3,9,19,131,43
20260808,r10_d30_t1_w20,119,131,877,382,364,330,46,17,35,2,9,19,131,43
20260808,r10_d30_t1_w20,120,127,887,394,366,333,38,23,38,1,9,18,131,43
20260808,r10_d30_t1_w20,121,126,895,398,371,337,38,24,37,1,9,17,131,43
20260808,r10_d30_t1_w20,122,125,902,403,374,343,38,29,31,2,11,17,131,43
20260808,r10_d30_t1_w20,123,125,910,403,382,344,19,25,34,22,14,17,131,43
20260808,r10_d30_t1_w20,124,124,917,406,387,345,18,24,37,21,14,16,131,43
20260808,r10_d30_t1_w20,125,100,925,429,396,351,20,43,35,2,11,15,121,40
20260808,r10_d30_t1_w20,126,101,933,431,401,353,21,39,39,1,12,15,121,40
20260808,r10_d30_t1_w20,127,97,941,433,411,354,20,30,49,1,15,13,121,40
20260808,r10_d30_t1_w20,128,96,949,436,417,359,22,28,49,1,17,11,121,40
20260808,r10_d30_t1_w20,129,101,959,438,420,360,22,20,58,0,17,11,121,40
20260808,r10_d30_t1_w20,130,101,966,439,426,363,24,19,57,0,18,11,131,43
20260808,r10_d30_t1_w20,131,102,974,441,431,366,25,19,56,0,18,9,131,43
20260808,r10_d30_t1_w20,132,104,983,441,438,367,26,17,57,0,18,11,131,43
20260808,r10_d30_t1_w20,133,98,988,444,446,370,25,17,57,1,16,11,131,43
20260808,r10_d30_t1_w20,134,98,994,444,452,370,25,13,61,1,16,11,131,43
20260808,r10_d30_t1_w20,135,98,1000,447,455,373,26,14,60,0,15,12,131,43
20260808,r10_d30_t1_w20,136,95,1006,450,461,378,28,16,56,0,12,13,131,43
20260808,r10_d30_t1_w20,137,92,1011,453,466,385,31,17,51,1,12,13,131,43
20260808,r10_d30_t1_w20,138,88,1016,454,474,387,32,14,53,1,9,13,131,43
20260808,r10_d30_t1_w20,139,84,1021,457,480,388,30,14,55,1,9,13,131,43
20260808,r10_d30_t1_w20,140,90,1030,460,480,394,30,17,49,4,9,13,131,43
20260808,r10_d30_t1_w20,141,92,1036,464,480,402,35,19,43,3,9,14,131,43
20260808,r10_d30_t1_w20,142,92,1042,470,480,404,34,23,43,0,9,13,131,43
20260808,r10_d30_t1_w20,143,95,1047,471,481,407,36,21,43,0,9,14,131,43
20260808,r10_d30_t1_w20,144,99,1053,473,481,410,37,20,43,0,9,14,131,43
20260808,r10_d30_t1_w20,145,106,1060,473,481,415,42,20,38,0,9,15,131,43
20260808,r10_d30_t1_w20,146,112,1067,474,481,421,45,19,34,2,9,17,131,43
20260808,r10_d30_t1_w20,147,116,1076,475,485,423,45,17,35,3,9,18,131,43
20260808,r10_d30_t1_w20,148,112,1085,482,491,429,46,22,31,1,9,17,131,43
20260808,r10_d30_t1_w20,149,114,1095,483,498,429,45,20,34,1,9,17,131,43
20260808,r10_d30_t1_w20,150,111,1101,488,502,429,39,21,38,2,9,15,131,43
20260808,r10_d30_t1_w20,151,114,1111,490,507,432,39,19,39,3,10,15,131,43
20260808,r10_d30_t1_w20,152,112,1118,492,514,436,16,20,36,28,14,14,131,43
20260808,r10_d30_t1_w20,153,112,1124,494,518,438,15,19,37,29,14,13,131,43
20260808,r10_d30_t1_w20,154,88,1131,521,522,443,17,41,37,5,9,12,131,43
20260808,r10_d30_t1_w20,155,87,1140,525,528,446,18,37,42,3,11,11,126,43
20260808,r10_d30_t1_w20,156,88,1148,529,531,448,17,35,46,2,14,11,126,43
20260808,r10_d30_t1_w20,157,90,1154,531,533,450,17,28,53,2,14,10,126,43
20260808,r10_d30_t1_w20,158,92,1162,534,536,455,18,25,54,3,16,10,126,43
20260808,r10_d30_t1_w20,159,97,1171,535,539,456,19,23,56,2,17,10,126,43
20260808,r10_d30_t1_w20,160,92,1177,540,545,459,17,22,59,2,17,8,131,43
20260808,r10_d30_t1_w20,161,95,1186,543,548,460,14,21,62,3,17,8,131,43
20260808,r10_d30_t1_w20,162,94,1193,548,551,465,16,19,64,1,18,8,131,43
20260808,r10_d30_t1_w20,163,94,1199,550,555,469,17,19,62,2,18,9,131,43
20260808,r10_d30_t1_w20,164,98,1208,550,560,473,20,13,64,3,18,9,131,43
20260808,r10_d30_t1_w20,165,100,1218,552,566,474,21,15,63,1,17,10,131,43
20260808,r10_d30_t1_w20,166,102,1226,554,570,477,19,13,64,4,15,11,131,43
20260808,r10_d30_t1_w20,167,103,1236,556,577,481,21,11,64,4,14,14,131,43
20260808,r10_d30_t1_w20,168,101,1245,563,581,483,20,16,64,0,12,14,131,43
20260808,r10_d30_t1_w20,169,95,1251,565,591,486,21,16,63,0,9,15,131,43
20260808,r10_d30_t1_w20,170,102,1261,568,591,491,23,15,62,0,9,15,131,43
20260808,r10_d30_t1_w20,171,107,1269,571,591,496,25,17,58,0,9,18,131,43
20260808,r10_d30_t1_w20,172,113,1275,571,591,505,31,17,49,3,9,19,131,43
20260808,r10_d30_t1_w20,173,115,1285,579,591,514,32,23,42,3,9,20,131,43
20260808,r10_d30_t1_w20,174,117,1291,583,591,518,31,25,40,4,9,20,131,43
20260808,r10_d30_t1_w20,175,122,1296,583,591,523,33,20,40,7,9,21,131,43
20260808,r10_d30_t1_w20,176,126,1306,589,591,529,35,24,36,5,9,21,131,43
20260808,r10_d30_t1_w20,177,128,1311,592,591,531,36,24,37,3,9,21,131,43
20260808,r10_d30_t1_w20,178,132,1319,596,591,533,35,23,40,2,9,21,131,43
20260808,r10_d30_t1_w20,179,128,1325,600,597,540,38,27,33,2,9,20,131,43
20260808,r10_d30_t1_w20,180,127,1334,608,599,541,30,32,35,3,9,20,121,40
20260808,r10_d30_t1_w20,181,128,1340,611,601,544,30,30,37,3,10,19,121,40
20260808,r10_d30_t1_w20,182,127,1347,614,606,547,20,29,38,13,12,18,121,40
20260808,r10_d30_t1_w20,183,126,1355,617,612,549,18,30,38,14,12,17,121,40
20260808,r10_d30_t1_w20,184,111,1361,631,619,553,17,35,43,5,12,16,121,40
20260808,r10_d30_t1_w20,185,105,1366,633,628,553,17,29,51,3,13,15,131,43
20260808,r10_d30_t1_w20,186,103,1373,636,634,553,17,27,56,0,15,14,131,43
20260808,r10_d30_t1_w20,187,100,1379,636,643,557,19,22,57,2,17,12,131,43
20260808,r10_d30_t1_w20,188,103,1388,636,649,558,20,15,63,2,18,11,131,43
20260808,r10_d30_t1_w20,189,99,1395,641,655,561,19,18,62,1,18,9,131,43
20260808,r10_d30_t1_w20,190,98,1404,644,662,562,16,19,63,2,18,8,131,43
20260808,r10_d30_t1_w20,191,98,1411,645,668,563,16,17,65,2,18,9,131,43
20260808,r10_d30_t1_w20,192,100,1421,649,672,565,15,19,65,1,18,10,131,43
20260808,r10_d30_t1_w20,193,96,1427,651,680,572,18,20,59,3,18,11,131,43
20260808,r10_d30_t1_w20,194,96,1434,654,684,579,21,21,54,4,17,13,131,43
20260808,r10_d30_t1_w20,195,98,1444,659,687,584,21,22,53,4,17,13,131,43
20260808,r10_d30_t1_w20,196,99,1454,661,694,588,22,22,51,5,15,14,131,43
20260808,r10_d30_t1_w20,197,100,1463,666,697,592,23,17,57,3,13,14,131,43
20260808,r10_d30_t1_w20,198,97,1471,670,704,595,22,17,58,3,9,14,131,43
20260808,r10_d30_t1_w20,199,98,1478,673,707,597,22,17,59,2,9,14,131,43
20260808,r10_d30_t1_w20,200,101,1485,677,707,603,25,20,54,1,9,16,131,43
20260808,r10_d30_t1_w20,201,106,1493,680,707,607,25,18,55,2,9,16,131,43
20260808,r10_d30_t1_w20,202,114,1503,682,707,612,26,18,52,4,9,17,131,43
20260808,r10_d30_t1_w20,203,123,1513,683,707,619,33,17,47,3,9,17,131,43
20260808,r10_d30_t1_w20,204,123,1521,691,707,623,32,24,44,0,9,17,131,43
20260808,r10_d30_t1_w20,205,126,1526,693,707,630,35,23,40,2,9,19,131,43
20260808,r10_d30_t1_w20,206,131,1534,696,707,631,33,22,43,2,9,19,131,43
20260808,r10_d30_t1_w20,207,134,1544,700,710,632,31,25,43,1,9,19,131,43
20260808,r10_d30_t1_w20,208,132,1554,705,717,639,32,27,39,2,9,20,131,43
20260808,r10_d30_t1_w20,209,136,1563,706,721,641,33,26,39,2,9,20,131,43
20260808,r10_d30_t1_w20,210,132,1568,712,724,643,29,28,41,2,9,20,131,43
20260808,r10_d30_t1_w20,211,131,1574,713,730,644,28,28,41,3,10,19,131,43
20260808,r10_d30_t1_w20,212,128,1580,715,737,651,23,28,36,13,12,18,131,43
20260808,r10_d30_t1_w20,213,130,1590,718,742,654,22,25,39,14,13,18,131,43
20260808,r10_d30_t1_w20,214,117,1599,734,748,658,20,37,39,4,10,18,131,43
20260808,r10_d30_t1_w20,215,114,1607,738,755,663,22,37,38,3,11,18,131,43
20260808,r10_d30_t1_w20,216,113,1616,741,762,666,23,35,40,2,16,16,131,43
20260808,r10_d30_t1_w20,217,114,1626,743,769,666,23,26,51,0,17,16,131,43
20260808,r10_d30_t1_w20,218,118,1636,745,773,667,22,23,55,0,17,16,131,43
20260808,r10_d30_t1_w20,219,118,1642,747,777,671,22,21,55,2,18,14,131,43
20260808,r10_d30_t1_w20,220,120,1651,748,783,673,22,21,54,3,18,13,131,43
20260808,r10_d30_t1_w20,221,118,1658,751,789,673,21,20,58,1,18,11,131,43
20260808,r10_d30_t1_w20,222,114,1667,755,798,679,24,24,52,0,18,11,131,43
20260808,r10_d30_t1_w20,223,113,1676,755,808,680,24,19,56,1,17,11,131,43
20260808,r10_d30_t1_w20,224,114,1684,758,812,686,25,15,57,3,16,13,131,43
20260808,r10_d30_t1_w20,225,117,1693,759,817,691,30,14,54,2,16,15,131,43
20260808,r10_d30_t1_w20,226,118,1701,763,820,692,28,14,57,1,15,17,131,43
20260808,r10_d30_t1_w20,227,119,1710,765,826,698,28,13,54,5,15,17,131,43
20260808,r10_d30_t1_w20,228,114,1715,769,832,706,32,15,48,5,11,17,131,43
20260808,r10_d30_t1_w20,229,109,1723,776,838,707,30,18,51,1,9,17,131,43
20260808,r10_d30_t1_w20,230,117,1732,777,838,712,33,17,48,2,9,17,131,43
20260808,r10_d30_t1_w20,231,120,1737,779,838,719,37,15,45,3,9,18,131,43
20260808,r10_d30_t1_w20,232,123,1742,781,838,720,38,15,46,1,9,18,131,43
20260808,r10_d30_t1_w20,233,126,1749,784,839,723,39,16,45,0,9,20,131,43
20260808,r10_d30_t1_w20,234,131,1757,787,839,730,40,16,41,3,9,22,131,43
20260808,r10_d30_t1_w20,235,135,1763,788,840,732,41,17,39,3,9,22,111,40
20260808,r10_d30_t1_w20,236,133,1770,792,845,735,43,20,37,0,9,21,111,40
20260808,r10_d30_t1_w20,237,128,1775,793,854,737,43,19,37,1,9,20,111,40
20260808,r10_d30_t1_w20,238,124,1780,794,862,742,46,17,35,2,9,19,111,40
20260808,r10_d30_t1_w20,239,124,1788,798,866,748,48,17,33,2,9,19,111,40
20260808,r10_d30_t1_w20,240,116,1793,804,873,749,44,19,36,1,9,19,131,43
20260808,r10_d30_t1_w20,241,112,1798,810,876,753,42,22,35,1,9,19,131,43
20260808,r10_d30_t1_w20,242,108,1805,814,883,756,40,25,33,2,9,17,131,43
20260808,r10_d30_t1_w20,243,107,1813,815,891,760,37,24,31,8,13,14,131,43
20260808,r10_d30_t1_w20,244,109,1822,816,897,761,11,21,34,34,15,13,131,43
20260808,r10_d30_t1_w20,245,105,1831,823,903,762,11,26,35,28,15,12,131,43
20260808,r10_d30_t1_w20,246,80,1840,851,909,765,12,54,32,2,9,12,131,43
20260808,r10_d30_t1_w20,247,75,1847,855,917,766,10,46,43,1,9,11,131,43
20260808,r10_d30_t1_w20,248,75,1852,857,920,767,10,37,53,0,10,10,131,43
20260808,r10_d30_t1_w20,249,74,1858,859,925,770,9,31,58,2,12,9,131,43
20260808,r10_d30_t1_w20,250,70,1866,862,934,772,6,28,62,4,14,8,131,43
20260808,r10_d30_t1_w20,251,71,1876,866,939,775,7,28,63,2,15,7,131,43
20260808,r10_d30_t1_w20,252,71,1882,868,943,777,8,25,66,1,15,6,131,43
20260808,r10_d30_t1_w20,253,69,1889,871,949,781,6,22,68,4,16,7,131,43
20260808,r10_d30_t1_w20,254,69,1895,873,953,784,6,21,68,5,16,8,131,43
20260808,r10_d30_t1_w20,255,71,1904,876,957,785,7,19,72,2,15,8,122,43
20260808,r10_d30_t1_w20,256,70,1910,880,960,789,7,20,71,2,13,8,122,43
20260808,r10_d30_t1_w20,257,71,1920,884,965,795,8,19,70,3,11,10,122,43
20260808,r10_d30_t1_w20,258,73,1928,887,968,798,7,19,70,4,9,10,122,43
20260808,r10_d30_t1_w20,259,70,1936,892,974,806,10,20,66,4,9,10,122,43
20260808,r10_d30_t1_w20,260,71,1941,896,974,812,15,23,61,1,9,11,131,43
20260808,r10_d30_t1_w20,261,75,1947,898,974,814,15,21,63,1,9,11,131,43
20260808,r10_d30_t1_w20,262,78,1952,900,974,823,20,21,56,3,9,11,131,43
20260808,r10_d30_t1_w20,263,82,1957,901,974,824,21,19,58,2,9,12,131,43
20260808,r10_d30_t1_w20,264,86,1965,905,974,829,22,20,56,2,9,12,131,43
20260808,r10_d30_t1_w20,265,93,1974,906,975,831,22,16,59,3,9,13,131,43
20260808,r10_d30_t1_w20,266,97,1982,910,975,836,24,15,59,2,9,14,131,43
20260808,r10_d30_t1_w20,267,101,1991,915,975,841,24,18,56,2,9,14,131,43
20260808,r10_d30_t1_w20,268,102,1996,919,975,846,26,18,55,1,9,15,131,43
20260808,r10_d30_t1_w20,269,107,2004,922,975,853,30,21,48,1,9,15,131,43
20260808,r10_d30_t1_w20,270,111,2012,926,975,856,26,24,46,4,10,15,131,43
20260808,r10_d30_t1_w20,271,117,2022,928,977,860,19,21,47,13,12,15,131,43
20260808,r10_d30_t1_w20,272,114,2027,933,980,865,20,20,48,12,13,14,131,43
20260808,r10_d30_t1_w20,273,106,2037,947,984,869,17,31,47,5,13,13,131,43
20260808,r10_d30_t1_w20,274,105,2042,950,987,873,17,32,45,6,16,13,131,43
20260808,r10_d30_t1_w20,275,102,2049,954,993,875,16,29,50,5,16,12,131,43
20260808,r10_d30_t1_w20,276,102,2057,958,997,876,15,28,54,3,16,10,131,43
20260808,r10_d30_t1_w20,277,100,2066,961,1005,880,14,27,54,5,18,9,131,43
20260808,r10_d30_t1_w20,278,100,2072,964,1008,884,14,27,53,6,18,9,131,43
20260808,r10_d30_t1_w20,279,97,2078,969,1012,888,13,23,58,6,17,8,131,43
20260808,r10_d30_t1_w20,280,99,2087,972,1016,892,14,23,57,6,18,9,131,43
20260808,r10_d30_t1_w20,281,99,2097,979,1019,899,14,28,52,6,18,10,131,43
20260808,r10_d30_t1_w20,282,101,2104,983,1020,901,13,27,55,5,18,11,131,43
20260808,r10_d30_t1_w20,283,101,2111,988,1022,905,14,24,59,3,18,11,131,43
20260808,r10_d30_t1_w20,284,104,2121,990,1027,909,16,19,62,3,17,11,131,43
20260808,r10_d30_t1_w20,285,101,2126,993,1032,913,16,18,62,4,16,12,121,40
20260808,r10_d30_t1_w20,286,101,2133,995,1037,916,16,18,61,5,15,12,121,40
20260808,r10_d30_t1_w20,287,102,2142,999,1041,918,17,19,62,2,13,14,121,40
20260808,r10_d30_t1_w20,288,105,2150,1002,1043,924,22,18,60,0,11,15,121,40
20260808,r10_d30_t1_w20,289,106,2159,1002,1051,928,24,13,61,2,9,16,121,40
20260808,r10_d30_t1_w20,290,108,2165,1006,1051,933,25,15,58,2,9,17,126,43
20260808,r10_d30_t1_w20,291,111,2172,1010,1051,935,25,18,57,0,9,17,126,43
20260808,r10_d30_t1_w20,292,118,2180,1011,1051,938,26,16,57,1,9,18,126,43
20260808,r10_d30_t1_w20,293,122,2187,1014,1051,942,27,18,54,1,9,19,126,43
20260808,r10_d30_t1_w20,294,124,2194,1019,1051,948,29,20,51,0,9,20,126,43
20260808,r10_d30_t1_w20,295,129,2201,1021,1051,953,32,20,48,0,9,20,131,43
20260808,r10_d30_t1_w20,296,123,2206,1026,1057,960,34,24,42,0,9,20,131,43
20260808,r10_d30_t1_w20,297,118,2211,1027,1066,964,35,23,40,2,9,20,131,43
20260808,r10_d30_t1_w20,298,116,2217,1030,1071,970,37,23,37,3,9,20,131,43
20260808,r10_d30_t1_w20,299,116,2225,1035,1074,975,38,25,35,2,9,20,131,43
20260808,r10_d30_t1_w20,300,109,2235,1045,1081,980,33,32,33,2,9,20,131,43
20260808,r10_d30_t1_w20,301,105,2244,1049,1090,984,31,36,29,4,11,17,131,43
20260808,r10_d30_t1_w20,302,104,2249,1051,1094,987,20,32,32,16,12,16,131,43
20260808,r10_d30_t1_w20,303,103,2256,1054,1099,990,21,33,31,15,14,15,131,43
20260808,r10_d30_t1_w20,304,84,2261,1069,1108,995,23,41,33,3,11,15,131,43
20260808,r10_d30_t1_w20,305,85,2267,1072,1110,997,24,36,39,1,12,15,131,43
20260808,r10_d30_t1_w20,306,87,2276,1073,1116,997,24,34,42,0,15,13,131,43
20260808,r10_d30_t1_w20,307,87,2282,1073,1122,998,25,24,51,0,16,13,131,43
20260808,r10_d30_t1_w20,308,88,2289,1073,1128,1000,25,22,51,2,17,11,131,43
20260808,r10_d30_t1_w20,309,88,2299,1075,1136,1002,24,17,56,3,16,10,131,43
20260808,r10_d30_t1_w20,310,89,2307,1078,1140,1003,24,19,56,1,17,10,131,43
20260808,r10_d30_t1_w20,311,94,2316,1079,1143,1003,24,19,57,0,17,8,131,43
20260808,r10_d30_t1_w20,312,93,2324,1082,1149,1005,22,16,61,1,17,8,131,43
20260808,r10_d30_t1_w20,313,95,2333,1084,1154,1007,21,15,62,2,17,11,131,43
20260808,r10_d30_t1_w20,314,97,2343,1088,1158,1013,23,17,58,2,14,11,131,43
20260808,r10_d30_t1_w20,315,93,2349,1092,1164,1016,22,20,56,2,12,11,131,43
20260808,r10_d30_t1_w20,316,99,2359,1094,1166,1019,22,19,56,3,12,12,131,43
20260808,r10_d30_t1_w20,317,102,2368,1098,1168,1024,23,19,55,3,11,12,131,43
20260808,r10_d30_t1_w20,318,110,2378,1100,1168,1027,24,19,54,3,10,14,131,43
20260808,r10_d30_t1_w20,319,107,2385,1106,1172,1034,25,23,49,3,9,16,131,43
20260808,r10_d30_t1_w20,320,114,2395,1109,1172,1036,25,22,51,2,9,14,131,43
20260808,r10_d30_t1_w20,321,118,2405,1115,1172,1044,28,25,46,1,9,16,131,43
20260808,r10_d30_t1_w20,322,124,2412,1116,1172,1048,30,23,45,2,9,16,131,43
20260808,r10_d30_t1_w20,323,130,2420,1118,1172,1052,31,22,44,3,9,16,131,43
20260808,r10_d30_t1_w20,324,129,2426,1125,1172,1059,33,26,40,1,9,18,131,43
20260808,r10_d30_t1_w20,325,135,2436,1129,1172,1062,33,24,43,0,9,19,131,43
20260808,r10_d30_t1_w20,326,140,2445,1130,1175,1064,34,24,42,0,9,19,131,43
20260808,r10_d30_t1_w20,327,140,2452,1131,1181,1065,34,22,44,0,9,19,131,43
20260808,r10_d30_t1_w20,328,139,2459,1134,1186,1067,33,23,44,0,9,20,131,43
20260808,r10_d30_t1_w20,329,138,2469,1136,1195,1070,33,21,45,1,9,20,131,43
20260808,r10_d30_t1_w20,330,134,2476,1141,1201,1072,30,21,48,1,9,20,131,43
20260808,r10_d30_t1_w20,331,134,2486,1145,1207,1074,25,24,47,4,13,20,131,43
20260808,r10_d30_t1_w20,332,135,2494,1147,1212,1081,13,24,42,21,14,19,131,43
20260808,r10_d30_t1_w20,333,132,2503,1151,1220,1083,13,24,44,19,16,17,131,43
20260808,r10_d30_t1_w20,334,113,2511,1171,1227,1086,12,40,45,3,13,15,131,43
20260808,r10_d30_t1_w20,335,114,2519,1174,1231,1090,14,34,50,2,15,15,121,40
20260808,r10_d30_t1_w20,336,115,2529,1176,1238,1093,14,29,54,3,17,15,121,40
20260808,r10_d30_t1_w20,337,113,2534,1179,1242,1096,15,27,56,2,17,14,121,40
20260808,r10_d30_t1_w20,338,109,2539,1184,1246,1100,16,28,56,0,17,12,121,40
20260808,r10_d30_t1_w20,339,107,2545,1187,1251,1104,15,27,56,2,17,10,121,40
20260808,r10_d30_t1_w20,340,107,2555,1188,1260,1107,15,24,57,4,18,10,131,43
20260808,r10_d30_t1_w20,341,97,2562,1197,1268,1114,14,28,55,3,18,10,131,43
20260808,r10_d30_t1_w20,342,95,2569,1202,1272,1115,12,24,63,1,18,10,131,43
20260808,r10_d30_t1_w20,343,95,2579,1207,1277,1118,10,28,61,1,16,9,131,43
20260808,r10_d30_t1_w20,344,98,2588,1208,1282,1119,10,26,63,1,16,10,131,43
20260808,r10_d30_t1_w20,345,100,2598,1210,1288,1121,10,27,62,1,15,11,131,43
20260808,r10_d30_t1_w20,346,97,2605,1213,1295,1126,10,27,60,3,14,11,131,43
20260808,r10_d30_t1_w20,347,96,2610,1215,1299,1131,10,23,61,6,13,11,131,43
20260808,r10_d30_t1_w20,348,95,2615,1219,1301,1137,12,24,58,6,12,12,131,43
20260808,r10_d30_t1_w20,349,93,2624,1224,1307,1143,15,23,58,4,9,13,131,43
20260808,r10_d30_t1_w20,350,100,2634,1227,1307,1149,17,22,56,5,9,14,131,43
20260808,r10_d30_t1_w20,351,106,2644,1231,1307,1152,16,18,61,5,9,15,131,43
20260808,r10_d30_t1_w20,352,109,2652,1236,1307,1157,16,19,60,5,9,16,131,43
20260808,r10_d30_t1_w20,353,110,2659,1241,1308,1160,16,21,60,3,9,16,131,43
20260808,r10_d30_t1_w20,354,112,2665,1245,1308,1163,17,20,62,1,9,16,131,43
20260808,r10_d30_t1_w20,355,121,2674,1245,1308,1168,22,15,62,1,9,17,131,43
20260808,r10_d30_t1_w20,356,125,2681,1248,1308,1172,22,15,61,2,9,17,131,43
20260808,r10_d30_t1_w20,357,129,2689,1250,1310,1178,25,16,56,3,9,20,131,43
20260808,r10_d30_t1_w20,358,132,2699,1254,1313,1179,24,15,60,1,9,20,131,43
20260808,r10_d30_t1_w20,359,135,2709,1257,1317,1182,25,17,58,0,9,20,131,43
20260808,r10_d30_t1_w20,360,129,2716,1263,1324,1189,23,20,54,3,9,20,126,43
20260808,r10_d30_t1_w20,361,131,2726,1266,1329,1194,20,21,51,8,12,20,126,43
20260808,r10_d30_t1_w20,362,133,2736,1272,1331,1200,16,24,48,12,13,20,126,43
20260808,r10_d30_t1_w20,363,126,2744,1281,1337,1202,12,30,49,9,15,20,126,43
20260808,r10_d30_t1_w20,364,119,2750,1289,1342,1204,13,35,50,2,13,20,126,43
20260808,r10_d30_t1_w20,365,117,2760,1295,1348,1215,17,35,45,3,16,19,131,43
20260808,r10_d30_t1_w20,366,119,2768,1296,1353,1220,19,28,48,5,18,17,131,43
20260808,r10_d30_t1_w20,367,118,2777,1302,1357,1227,21,32,43,4,18,16,131,43
20260808,r10_d30_t1_w20,368,119,2783,1305,1359,1228,21,30,47,2,18,16,131,43
20260808,r10_d30_t1_w20,369,122,2793,1307,1364,1231,22,25,51,2,18,15,131,43
20260808,r10_d30_t1_w20,370,119,2799,1307,1373,1232,22,20,55,3,18,15,131,43
20260808,r10_d30_t1_w20,371,115,2807,1310,1382,1234,22,18,58,2,18,12,131,43
20260808,r10_d30_t1_w20,372,112,2814,1315,1387,1240,23,21,54,2,18,11,131,43
20260808,r10_d30_t1_w20,373,111,2821,1318,1392,1242,22,20,56,2,18,11,131,43
20260808,r10_d30_t1_w20,374,111,2828,1320,1397,1244,23,19,57,1,17,11,131,43
20260808,r10_d30_t1_w20,375,110,2836,1322,1404,1245,22,20,57,1,15,12,131,43
20260808,r10_d30_t1_w20,376,113,2842,1322,1407,1246,23,15,61,1,14,12,131,43
20260808,r10_d30_t1_w20,377,110,2848,1326,1412,1253,25,15,58,2,13,12,131,43
20260808,r10_d30_t1_w20,378,108,2853,1327,1418,1257,26,13,57,4,12,13,131,43
20260808,r10_d30_t1_w20,379,101,2858,1332,1425,1265,27,17,50,6,9,15,131,43
20260808,r10_d30_t1_w20,380,108,2866,1333,1425,1273,34,14,46,6,9,17,115,42
20260808,r10_d30_t1_w20,381,111,2873,1337,1425,1275,36,17,45,2,9,18,115,42
20260808,r10_d30_t1_w20,382,115,2882,1342,1425,1279,36,21,42,1,9,17,115,42
20260808,r10_d30_t1_w20,383,121,2890,1344,1425,1282,37,20,42,1,9,18,115,42
20260808,r10_d30_t1_w20,384,119,2897,1351,1427,1287,36,24,40,0,9,18,115,42
20260808,r10_d30_t1_w20,385,117,2903,1351,1435,1291,40,22,38,0,9,18,131,43
20260808,r10_d30_t1_w20,386,117,2908,1351,1440,1292,41,19,40,0,9,18,131,43
20260808,r10_d30_t1_w20,387,118,2915,1351,1446,1294,43,14,43,0,9,17,131,43
20260808,r10_d30_t1_w20,388,117,2923,1354,1452,1299,45,17,38,0,9,18,131,43
20260808,r10_d30_t1_w20,389,112,2930,1356,1462,1301,45,17,38,0,9,18,131,43
20260808,r10_d30_t1_w20,390,110,2940,1364,1466,1304,40,24,36,0,9,18,121,40
20260808,r10_d30_t1_w20,391,113,2950,1368,1469,1312,39,26,30,5,11,16,121,40
20260808,r10_d30_t1_w20,392,114,2956,1368,1474,1313,30,22,33,15,13,16,121,40
20260808,r10_d30_t1_w20,393,109,2961,1373,1479,1316,31,24,33,12,13,15,121,40
20260808,r10_d30_t1_w20,394,98,2968,1385,1485,1317,29,33,35,3,11,14,121,40
20260808,r10_d30_t1_w20,395,98,2978,1390,1490,1322,29,33,35,3,13,12,131,43
20260808,r10_d30_t1_w20,396,100,2988,1393,1495,1325,27,28,40,5,14,11,131,43
20260808,r10_d30_t1_w20,397,101,2994,1396,1497,1327,28,28,41,3,16,11,131,43
20260808,r10_d30_t1_w20,398,103,3003,1400,1500,1329,28,23,48,1,16,10,131,43
20260808,r10_d30_t1_w20,399,107,3011,1401,1503,1330,28,18,53,1,16,10,131,43
20260808,r10_d30_t1_w20,400,106,3020,1404,1510,1333,29,21,50,0,16,10,131,43
20260808,r10_d30_t1_w20,401,108,3028,1404,1516,1334,30,16,54,0,17,10,131,43
20260808,r10_d30_t1_w20,402,104,3036,1409,1523,1341,31,17,51,1,17,10,131,43
20260808,r10_d30_t1_w20,403,100,3042,1411,1531,1341,29,16,54,1,16,11,131,43
20260808,r10_d30_t1_w20,404,100,3050,1415,1535,1347,30,18,50,2,15,12,131,43
20260808,r10_d30_t1_w20,405,103,3060,1416,1541,1349,31,18,49,2,14,14,131,43
20260808,r10_d30_t1_w20,406,100,3066,1421,1545,1351,30,20,50,0,14,14,131,43
20260808,r10_d30_t1_w20,407,102,3075,1423,1550,1354,30,20,49,1,12,14,131,43
20260808,r10_d30_t1_w20,408,100,3082,1426,1556,1357,29,19,50,2,10,16,131,43
20260808,r10_d30_t1_w20,409,101,3092,1430,1561,1359,28,21,50,1,9,17,131,43
20260808,r10_d30_t1_w20,410,109,3102,1432,1561,1365,31,21,46,2,9,17,131,43
20260808,r10_d30_t1_w20,411,117,3112,1434,1561,1369,33,20,45,2,9,16,131,43
20260808,r10_d30_t1_w20,412,119,3118,1437,1562,1376,38,20,41,1,9,17,131,43
20260808,r10_d30_t1_w20,413,127,3128,1439,1562,1381,41,22,36,1,9,18,131,43
20260808,r10_d30_t1_w20,414,134,3137,1441,1562,1385,43,23,33,1,9,19,131,43
20260808,r10_d30_t1_w20,415,138,3142,1442,1562,1389,46,19,34,1,9,19,131,43
20260808,r10_d30_t1_w20,416,141,3152,1445,1566,1393,48,20,32,0,9,19,131,43
20260808,r10_d30_t1_w20,417,142,3161,1447,1572,1395,48,20,32,0,9,19,131,43
20260808,r10_d30_t1_w20,418,140,3169,1448,1581,1396,47,19,33,1,9,19,131,43
20260808,r10_d30_t1_w20,419,139,3177,1450,1588,1398,46,21,31,2,9,18,131,43
20260808,r10_d30_t1_w20,420,134,3182,1454,1594,1399,44,21,34,1,9,18,131,43
20260808,r10_d30_t1_w20,421,133,3191,1458,1600,1401,41,25,32,2,10,17,131,43
20260808,r10_d30_t1_w20,422,134,3200,1460,1606,1404,17,26,30,27,14,16,131,43
20260808,r10_d30_t1_w20,423,137,3208,1462,1609,1408,18,27,27,28,14,16,131,43
20260808,r10_d30_t1_w20,424,114,3216,1488,1614,1412,21,47,29,3,9,15,131,43
20260808,r10_d30_t1_w20,425,112,3225,1491,1622,1413,20,38,40,2,11,14,131,43
20260808,r10_d30_t1_w20,426,114,3232,1491,1627,1416,22,29,46,3,13,14,131,43
20260808,r10_d30_t1_w20,427,111,3239,1494,1634,1420,23,27,47,3,13,13,131,43
20260808,r10_d30_t1_w20,428,114,3249,1496,1639,1422,23,22,52,3,13,13,131,43
20260808,r10_d30_t1_w20,429,108,3254,1499,1647,1423,22,16,60,2,13,11,131,43
20260808,r10_d30_t1_w20,430,107,3262,1502,1653,1424,21,16,62,1,14,10,131,43
20260808,r10_d30_t1_w20,431,104,3269,1503,1662,1425,20,15,63,2,16,10,131,43
20260808,r10_d30_t1_w20,432,106,3279,1505,1668,1426,19,15,64,2,16,11,131,43
20260808,r10_d30_t1_w20,433,105,3289,1509,1675,1428,17,17,64,2,18,13,131,43
20260808,r10_d30_t1_w20,434,105,3299,1513,1681,1435,17,17,61,5,17,15,131,43
20260808,r10_d30_t1_w20,435,101,3306,1519,1686,1439,16,22,58,4,16,16,131,43
20260808,r10_d30_t1_w20,436,97,3311,1523,1691,1444,19,22,57,2,15,15,131,43
20260808,r10_d30_t1_w20,437,93,3317,1525,1699,1445,18,23,57,2,12,15,131,43
20260808,r10_d30_t1_w20,438,90,3325,1528,1707,1452,21,21,55,3,10,15,131,43
20260808,r10_d30_t1_w20,439,89,3332,1530,1713,1454,19,21,55,5,9,15,131,43
20260808,r10_d30_t1_w20,440,90,3337,1534,1713,1457,20,23,54,3,9,15,131,43
20260808,r10_d30_t1_w20,441,93,3346,1540,1713,1463,23,25,52,0,9,16,131,43
20260808,r10_d30_t1_w20,442,97,3353,1543,1713,1466,23,26,51,0,9,16,131,43
20260808,r10_d30_t1_w20,443,102,3360,1545,1713,1468,22,26,51,1,9,17,131,43
20260808,r10_d30_t1_w20,444,105,3366,1548,1713,1474,25,26,48,1,9,19,131,43
20260808,r10_d30_t1_w20,445,108,3371,1550,1713,1478,25,26,46,3,9,19,121,40
20260808,r10_d30_t1_w20,446,111,3380,1555,1714,1487,25,27,41,7,9,20,121,40
20260808,r10_d30_t1_w20,447,115,3389,1560,1714,1489,23,28,43,6,9,21,121,40
20260808,r10_d30_t1_w20,448,116,3397,1567,1714,1492,21,32,43,4,9,21,121,40
20260808,r10_d30_t1_w20,449,119,3403,1570,1714,1495,22,29,46,3,9,20,121,40
20260808,r10_d30_t1_w20,450,121,3413,1575,1717,1498,19,28,49,4,10,19,131,43
20260808,r10_d30_t1_w20,451,124,3422,1577,1721,1501,16,25,51,8,13,18,131,43
20260808,r10_d30_t1_w20,452,120,3429,1582,1727,1505,18,25,52,5,15,17,131,43
20260808,r10_d30_t1_w20,453,116,3439,1591,1732,1511,20,29,51,0,14,15,131,43
20260808,r10_d30_t1_w20,454,112,3445,1592,1741,1512,20,26,54,0,15,13,131,43
20260808,r10_d30_t1_w20,455,110,3450,1592,1748,1514,20,21,57,2,15,12,131,43
20260808,r10_d30_t1_w20,456,109,3455,1593,1753,1516,21,18,59,2,15,11,131,43
20260808,r10_d30_t1_w20,457,109,3460,1596,1755,1518,20,18,60,2,18,10,131,43
20260808,r10_d30_t1_w20,458,107,3465,1596,1762,1521,22,12,63,3,18,9,131,43
20260808,r10_d30_t1_w20,459,108,3472,1598,1766,1524,23,8,66,3,18,9,131,43
20260808,r10_d30_t1_w20,460,114,3481,1599,1768,1529,24,7,63,6,18,9,131,43
20260808,r10_d30_t1_w20,461,109,3487,1603,1775,1532,24,9,62,5,18,9,131,43
20260808,r10_d30_t1_w20,462,106,3493,1611,1776,1539,26,12,60,2,17,9,131,43
20260808,r10_d30_t1_w20,463,107,3500,1614,1779,1542,26,14,58,2,16,11,131,43
20260808,r10_d30_t1_w20,464,107,3510,1618,1785,1544,25,16,58,1,15,11,131,43
20260808,r10_d30_t1_w20,465,109,3517,1622,1786,1550,27,18,54,1,14,12,131,43
20260808,r10_d30_t1_w20,466,107,3523,1623,1793,1556,28,18,49,5,12,13,131,43
20260808,r10_d30_t1_w20,467,106,3531,1626,1799,1559,28,19,48,5,11,13,131,43
20260808,r10_d30_t1_w20,468,107,3540,1632,1801,1564,29,25,43,3,9,14,131,43
20260808,r10_d30_t1_w20,469,110,3548,1635,1803,1569,32,25,41,2,9,15,131,43
20260808,r10_d30_t1_w20,470,112,3553,1638,1803,1570,32,23,45,0,9,16,131,43
20260808,r10_d30_t1_w20,471,117,3563,1643,1803,1579,34,24,40,2,9,15,131,43
20260808,r10_d30_t1_w20,472,117,3570,1646,1807,1582,34,23,41,2,9,16,131,43
20260808,r10_d30_t1_w20,473,117,3580,1649,1814,1585,36,25,39,0,9,16,131,43
20260808,r10_d30_t1_w20,474,119,3587,1650,1818,1590,39,25,35,1,9,16,131,43
20260808,r10_d30_t1_w20,475,119,3594,1653,1822,1593,39,25,35,1,9,17,131,43
20260808,r10_d30_t1_w20,476,122,3601,1655,1824,1593,38,25,37,0,9,17,131,43
20260808,r10_d30_t1_w20,477,127,3611,1656,1828,1597,40,23,36,1,9,18,131,43
20260808,r10_d30_t1_w20,478,132,3621,1658,1831,1599,40,19,40,1,9,19,131,43
20260808,r10_d30_t1_w20,479,134,3630,1660,1836,1602,42,21,37,0,9,21,131,43
20260808,r10_d30_t1_w20,480,125,3640,1670,1845,1603,33,30,37,0,9,18,131,43
20260808,r10_d30_t1_w20,481,123,3648,1676,1849,1608,31,29,39,1,10,18,131,43
20260808,r10_d30_t1_w20,482,122,3653,1677,1854,1612,21,26,39,14,12,17,131,43
20260808,r10_d30_t1_w20,483,117,3658,1681,1860,1617,19,29,35,17,11,15,131,43
20260808,r10_d30_t1_w20,484,105,3666,1696,1865,1619,18,41,36,5,9,15,131,43
20260808,r10_d30_t1_w20,485,102,3676,1702,1872,1621,18,42,39,1,11,14,131,43
20260808,r10_d30_t1_w20,486,105,3686,1704,1877,1624,18,42,38,2,15,13,131,43
20260808,r10_d30_t1_w20,487,102,3691,1706,1883,1626,18,33,47,2,17,13,131,43
20260808,r10_d30_t1_w20,488,101,3700,1711,1888,1629,17,34,48,1,18,12,131,43
20260808,r10_d30_t1_w20,489,100,3707,1714,1893,1632,17,27,55,1,18,11,131,43
20260808,r10_d30_t1_w20,490,107,3717,1715,1895,1634,17,19,62,2,18,10,126,43
20260808,r10_d30_t1_w20,491,104,3723,1715,1904,1636,18,17,62,3,18,10,126,43
20260808,r10_d30_t1_w20,492,106,3732,1718,1908,1638,17,17,63,3,18,9,126,43
20260808,r10_d30_t1_w20,493,100,3737,1720,1917,1642,18,17,61,4,18,10,126,43
20260808,r10_d30_t1_w20,494,100,3744,1722,1922,1647,20,15,60,5,18,11,126,43
20260808,r10_d30_t1_w20,495,98,3750,1726,1926,1649,19,16,61,4,17,12,131,43
20260808,r10_d30_t1_w20,496,101,3760,1729,1930,1652,21,16,61,2,16,14,131,43
20260808,r10_d30_t1_w20,497,95,3765,1731,1939,1655,21,13,63,3,12,15,131,43
20260808,r10_d30_t1_w20,498,94,3773,1734,1945,1659,23,12,63,2,11,15,131,43
20260808,r10_d30_t1_w20,499,90,3779,1738,1951,1663,24,16,59,1,9,15,131,43
20260808,r10_d30_t1_w20,500,97,3786,1738,1951,1670,31,14,54,1,9,16,131,43
20260808,r10_d30_t1_w20,501,101,3794,1742,1951,1676,33,15,51,1,9,16,131,43
20260808,r10_d30_t1_w20,502,109,3803,1743,1951,1677,33,15,51,1,9,17,131,43
20260808,r10_d30_t1_w20,503,113,3810,1745,1952,1681,35,16,48,1,9,18,131,43
20260808,r10_d30_t1_w20,504,120,3818,1746,1952,1684,36,14,48,2,9,19,131,43
20260808,r10_d30_t1_w20,505,127,3827,1748,1952,1693,39,15,40,6,9,21,131,43
20260808,r10_d30_t1_w20,506,129,3837,1754,1954,1696,37,20,38,5,9,21,131,43
20260808,r10_d30_t1_w20,507,133,3847,1760,1954,1701,40,23,36,1,9,18,131,43
20260808,r10_d30_t1_w20,508,135,3856,1762,1959,1704,41,21,37,1,9,20,131,43
20260808,r10_d30_t1_w20,509,133,3861,1766,1962,1710,43,21,35,1,9,19,131,43
20260808,r10_d30_t1_w20,510,128,3867,1770,1969,1711,38,21,38,3,9,18,131,43
20260808,r10_d30_t1_w20,511,126,3872,1772,1974,1714,38,19,39,4,10,18,131,43
20260808,r10_d30_t1_w20,512,123,3879,1776,1980,1717,25,22,37,16,13,17,131,43
20260808,r10_d30_t1_w20,513,122,3887,1782,1983,1721,11,24,37,28,14,17,131,43
20260808,r10_d30_t1_w20,514,113,3897,1796,1988,1723,9,37,36,18,12,17,131,43
20260808,r10_d30_t1_w20,515,103,3902,1808,1991,1723,11,44,41,4,9,16,131,43
20260808,r10_d30_t1_w20,516,92,3907,1815,2000,1726,10,42,47,1,9,14,131,43
20260808,r10_d30_t1_w20,517,95,3917,1818,2004,1728,9,36,54,1,11,13,131,43
20260808,r10_d30_t1_w20,518,95,3927,1820,2012,1732,8,33,55,4,14,12,131,43
20260808,r10_d30_t1_w20,519,97,3934,1822,2015,1734,8,27,61,4,15,12,131,43
20260808,r10_d30_t1_w20,520,93,3940,1828,2019,1739,9,28,61,2,16,10,101,38
20260808,r10_d30_t1_w20,521,98,3950,1829,2023,1741,9,25,63,3,18,10,101,38
20260808,r10_d30_t1_w20,522,91,3955,1833,2031,1743,8,27,63,2,17,8,101,38
20260808,r10_d30_t1_w20,523,91,3964,1836,2037,1746,9,25,65,1,18,8,101,38
20260808,r10_d30_t1_w20,524,89,3971,1840,2042,1748,7,27,65,1,18,8,101,38
20260808,r10_d30_t1_w20,525,89,3981,1843,2049,1752,7,27,64,2,16,10,126,43
20260808,r10_d30_t1_w20,526,87,3989,1846,2056,1756,8,26,64,2,15,11,126,43
20260808,r10_d30_t1_w20,527,82,3994,1849,2063,1761,11,23,65,1,14,11,126,43
20260808,r10_d30_t1_w20,528,78,4001,1851,2072,1764,10,20,67,3,10,11,126,43
20260808,r10_d30_t1_w20,529,79,4010,1855,2076,1774,11,21,60,8,9,12,126,43
20260808,r10_d30_t1_w20,530,79,4017,1862,2076,1784,14,25,53,8,9,12,131,43
20260808,r10_d30_t1_w20,531,80,4024,1868,2076,1787,15,29,52,4,9,12,131,43
20260808,r10_d30_t1_w20,532,85,4033,1872,2076,1789,15,31,52,2,9,11,131,43
20260808,r10_d30_t1_w20,533,89,4039,1874,2076,1793,17,32,49,2,9,12,131,43
20260808,r10_d30_t1_w20,534,94,4046,1876,2076,1794,17,28,54,1,9,13,131,43
20260808,r10_d30_t1_w20,535,99,4055,1879,2077,1798,18,24,57,1,9,14,131,43
20260808,r10_d30_t1_w20,536,103,4062,1882,2077,1801,18,21,60,1,9,14,131,43
20260808,r10_d30_t1_w20,537,107,4070,1886,2077,1806,18,23,57,2,9,14,131,43
20260808,r10_d30_t1_w20,538,117,4080,1886,2077,1811,20,18,57,5,9,16,131,43
20260808,r10_d30_t1_w20,539,120,4087,1890,2077,1817,24,18,55,3,9,17,131,43
20260808,r10_d30_t1_w20,540,123,4096,1895,2078,1822,25,22,51,2,10,17,131,43
20260808,r10_d30_t1_w20,541,124,4101,1895,2082,1827,17,20,48,15,12,16,131,43
20260808,r10_d30_t1_w20,542,125,4108,1899,2084,1832,19,19,48,14,13,16,131,43
20260808,r10_d30_t1_w20,543,111,4115,1914,2090,1836,21,29,49,1,12,15,131,43
20260808,r10_d30_t1_w20,544,112,4124,1917,2095,1839,21,28,50,1,13,15,131,43
20260808,r10_d30_t1_w20,545,112,4130,1917,2101,1842,24,23,52,1,15,15,131,43
20260808,r10_d30_t1_w20,546,110,4137,1919,2108,1845,26,21,53,0,16,14,131,43
20260808,r10_d30_t1_w20,547,111,4143,1920,2112,1847,27,15,58,0,16,13,131,43
20260808,r10_d30_t1_w20,548,111,4149,1920,2118,1849,28,11,60,1,16,12,131,43
20260808,r10_d30_t1_w20,549,110,4157,1922,2125,1853,28,11,58,3,17,11,131,43
20260808,r10_d30_t1_w20,550,109,4162,1924,2129,1855,28,11,58,3,18,11,126,43
20260808,r10_d30_t1_w20,551,111,4171,1927,2133,1858,30,14,55,1,18,11,126,43
20260808,r10_d30_t1_w20,552,107,4177,1930,2140,1864,32,12,54,2,18,12,126,43
20260808,r10_d30_t1_w20,553,108,4186,1932,2146,1873,33,13,46,8,17,12,126,43
20260808,r10_d30_t1_w20,554,109,4193,1934,2150,1875,34,14,45,7,16,12,126,43
20260808,r10_d30_t1_w20,555,104,4200,1944,2152,1880,35,21,43,1,14,13,131,43
20260808,r10_d30_t1_w20,556,101,4206,1948,2157,1886,34,22,40,4,14,13,131,43
20260808,r10_d30_t1_w20,557,99,4211,1949,2163,1890,35,21,38,6,13,13,131,43
20260808,r10_d30_t1_w20,558,94,4217,1954,2169,1895,35,20,39,6,10,13,131,43
20260808,r10_d30_t1_w20,559,91,4222,1957,2174,1896,35,21,40,4,9,14,131,43
20260808,r10_d30_t1_w20,560,97,4232,1961,2174,1899,38,18,44,0,9,15,131,43
20260808,r10_d30_t1_w20,561,101,4238,1963,2174,1903,39,18,42,1,9,15,131,43
20260808,r10_d30_t1_w20,562,105,4243,1964,2174,1909,43,13,42,2,9,15,131,43
20260808,r10_d30_t1_w20,563,112,4251,1965,2174,1912,46,14,39,1,9,16,131,43
20260808,r10_d30_t1_w20,564,114,4260,1971,2175,1915,44,19,37,0,9,17,131,43
20260808,r10_d30_t1_w20,565,115,4266,1971,2180,1916,44,19,36,1,9,18,131,43
20260808,r10_d30_t1_w20,566,116,4274,1971,2187,1920,48,15,36,1,9,17,131,43
20260808,r10_d30_t1_w20,567,117,4281,1973,2191,1921,48,14,38,0,9,18,131,43
20260808,r10_d30_t1_w20,568,116,4288,1976,2196,1924,47,17,35,1,9,19,131,43
20260808,r10_d30_t1_w20,569,114,4293,1977,2202,1926,47,17,34,2,9,19,131,43
20260808,r10_d30_t1_w20,570,110,4300,1985,2205,1931,43,22,32,3,9,19,121,43
20260808,r10_d30_t1_w20,571,104,4305,1990,2211,1932,40,22,36,2,9,19,121,43
20260808,r10_d30_t1_w20,572,101,4311,1996,2214,1936,40,24,36,0,9,18,121,43
20260808,r10_d30_t1_w20,573,104,4321,1997,2220,1938,34,23,36,7,13,17,121,43
20260808,r10_d30_t1_w20,574,102,4328,2001,2225,1943,24,23,35,18,13,15,121,43
20260808,r10_d30_t1_w20,575,96,4333,2009,2228,1947,26,26,36,12,14,14,131,43
20260808,r10_d30_t1_w20,576,87,4340,2020,2233,1950,28,30,40,2,13,13,131,43
20260808,r10_d30_t1_w20,577,88,4345,2021,2236,1951,28,26,44,2,14,13,131,43
20260808,r10_d30_t1_w20,578,88,4352,2023,2241,1954,30,24,45,1,15,11,131,43
20260808,r10_d30_t1_w20,579,92,4361,2025,2244,1956,31,22,47,0,17,11,131,43
20260808,r10_d30_t1_w20,580,94,4371,2026,2251,1958,31,18,50,1,18,10,131,43
20260808,r10_d30_t1_w20,581,93,4376,2026,2257,1960,31,15,51,3,18,8,131,43
20260808,r10_d30_t1_w20,582,97,4384,2027,2260,1961,30,14,52,4,17,8,131,43
20260808,r10_d30_t1_w20,583,97,4391,2030,2264,1964,29,16,50,5,17,8,131,43
20260808,r10_d30_t1_w20,584,96,4400,2033,2271,1965,28,12,56,4,17,10,131,43
20260808,r10_d30_t1_w20,585,96,4410,2039,2275,1967,26,16,56,2,15,12,131,43
20260808,r10_d30_t1_w20,586,93,4419,2043,2283,1969,25,17,57,1,13,13,131,43
20260808,r10_d30_t1_w20,587,91,4425,2046,2288,1974,27,16,56,1,12,13,131,43
20260808,r10_d30_t1_w20,588,93,4434,2047,2294,1980,30,15,52,3,9,13,131,43
20260808,r10_d30_t1_w20,589,94,4440,2050,2296,1986,32,15,49,4,9,15,131,43
20260808,r10_d30_t1_w20,590,97,4447,2054,2296,1990,34,18,46,2,9,15,131,43
20260808,r10_d30_t1_w20,591,99,4454,2059,2296,1994,35,19,46,0,9,15,131,43
20260808,r10_d30_t1_w20,592,106,4463,2061,2296,1997,36,18,46,0,9,18,131,43
20260808,r10_d30_t1_w20,593,114,4473,2063,2296,2002,39,17,44,0,9,19,131,43
20260808,r10_d30_t1_w20,594,121,4482,2065,2296,2006,40,16,43,1,9,19,131,43
20260808,r10_d30_t1_w20,595,127,4492,2069,2296,2013,40,19,37,4,9,20,131,43
20260808,r10_d30_t1_w20,596,134,4500,2070,2296,2017,42,17,36,5,9,22,131,43
20260808,r10_d30_t1_w20,597,133,4506,2075,2298,2018,41,20,37,2,9,21,131,43
20260808,r10_d30_t1_w20,598,133,4511,2078,2300,2019,41,20,39,0,9,21,131,43
20260808,r10_d30_t1_w20,599,133,4520,2080,2307,2020,40,21,39,0,9,21,131,43
20260808,r10_d30_t1_w20,600,129,4530,2084,2317,2025,39,20,39,2,10,19,121,40
20260808,r12_d30_t1_w20,1,0,7,7,0,0,93,7,0,0,0,0,131,43
20260808,r12_d30_t1_w20,2,0,13,13,0,0,87,13,0,0,0,0,131,43
20260808,r12_d30_t1_w20,3,4,19,15,0,0,84,15,0,1,1,2,131,43
20260808,r12_d30_t1_w20,4,13,29,16,0,0,70,15,1,14,3,3,131,43
20260808,r12_d30_t1_w20,5,17,35,18,0,0,69,16,2,13,4,5,131,43
20260808,r12_d30_t1_w20,6,13,44,31,0,0,69,27,4,0,4,4,131,43
20260808,r12_d30_t1_w20,7,20,53,33,0,0,67,22,11,0,6,4,131,43
20260808,r12_d30_t1_w20,8,27,60,33,0,0,67,19,14,0,7,6,131,43
20260808,r12_d30_t1_w20,9,35,70,35,0,0,65,16,19,0,7,6,131,43
20260808,r12_d30_t1_w20,10,39,77,38,0,0,61,18,20,1,7,7,131,43
20260808,r12_d30_t1_w20,11,46,84,38,0,0,61,18,20,1,8,9,131,43
20260808,r12_d30_t1_w20,12,51,93,42,0,0,58,18,24,0,9,10,131,43
20260808,r12_d30_t1_w20,13,59,102,43,0,0,57,18,25,0,9,11,131,43
20260808,r12_d30_t1_w20,14,64,109,45,0,0,55,20,25,0,9,12,131,43
20260808,r12_d30_t1_w20,15,72,117,45,0,1,56,19,25,0,9,13,131,43
20260808,r12_d30_t1_w20,16,76,123,47,0,2,55,19,26,0,9,13,131,43
20260808,r12_d30_t1_w20,17,82,130,48,0,2,54,18,28,0,9,15,131,43
20260808,r12_d30_t1_w20,18,87,137,50,0,2,52,18,30,0,9,15,131,43
20260808,r12_d30_t1_w20,19,94,145,51,0,4,52,14,33,1,9,16,131,43
20260808,r12_d30_t1_w20,20,99,150,51,0,5,51,12,34,3,9,16,121,40
20260808,r12_d30_t1_w20,21,102,157,55,0,8,51,14,33,2,9,19,121,40
20260808,r12_d30_t1_w20,22,105,164,59,0,11,50,15,33,2,9,19,121,40
20260808,r12_d30_t1_w20,23,109,169,60,0,14,52,16,30,2,9,20,121,40
20260808,r12_d30_t1_w20,24,113,179,66,0,16,49,18,32,1,9,19,121,40
20260808,r12_d30_t1_w20,25,120,189,69,0,17,47,18,34,1,9,18,126,43
20260808,r12_d30_t1_w20,26,121,195,71,3,18,46,15,38,1,9,17,126,43
20260808,r12_d30_t1_w20,27,123,205,72,10,21,48,15,36,1,9,19,126,43
20260808,r12_d30_t1_w20,28,125,214,73,16,23,50,14,36,0,9,20,126,43
20260808,r12_d30_t1_w20,29,124,223,75,24,27,49,15,33,3,9,23,126,43
20260808,r12_d30_t1_w20,30,120,228,80,28,30,46,19,31,4,9,22,131,43
20260808,r12_d30_t1_w20,31,118,236,86,32,32,45,24,30,1,9,19,131,43
20260808,r12_d30_t1_w20,32,117,241,87,37,34,43,19,34,4,11,18,131,43
20260808,r12_d30_t1_w20,33,116,249,88,45,38,26,18,32,24,15,17,131,43
20260808,r12_d30_t1_w20,34,114,255,92,49,41,29,19,32,20,14,16,131,43
20260808,r12_d30_t1_w20,35,93,265,116,56,42,26,39,35,0,10,15,131,43
20260808,r12_d30_t1_w20,36,96,272,117,59,44,27,37,36,0,13,15,131,43
20260808,r12_d30_t1_w20,37,96,280,119,65,46,27,32,41,0,14,13,131,43
20260808,r12_d30_t1_w20,38,97,286,119,70,47,28,25,47,0,16,13,131,43
20260808,r12_d30_t1_w20,39,95,293,121,77,51,30,21,49,0,18,12,131,43
20260808,r12_d30_t1_w20,40,98,303,124,81,52,27,21,51,1,18,12,131,43
20260808,r12_d30_t1_w20,41,102,312,124,86,53,28,18,53,1,18,9,131,43
20260808,r12_d30_t1_w20,42,103,321,127,91,57,29,19,51,1,18,9,131,43
20260808,r12_d30_t1_w20,43,105,327,127,95,60,31,14,53,2,18,8,131,43
20260808,r12_d30_t1_w20,44,105,335,129,101,63,32,13,53,2,17,8,131,43
20260808,r12_d30_t1_w20,45,101,342,132,109,65,32,15,52,1,17,11,131,43
20260808,r12_d30_t1_w20,46,99,347,134,114,68,33,16,50,1,16,13,131,43
20260808,r12_d30_t1_w20,47,92,353,138,123,72,32,19,47,2,13,13,131,43
20260808,r12_d30_t1_w20,48,91,363,141,131,75,33,19,47,1,11,14,131,43
20260808,r12_d30_t1_w20,49,88,369,144,137,79,35,21,44,0,9,14,131,43
20260808,r12_d30_t1_w20,50,96,379,146,137,85,38,17,44,1,9,15,126,43
20260808,r12_d30_t1_w20,51,100,386,149,137,87,37,15,47,1,9,16,126,43
20260808,r12_d30_t1_w20,52,103,392,152,137,93,38,18,41,3,9,17,126,43
20260808,r12_d30_t1_w20,53,112,402,153,137,95,38,17,41,4,9,17,126,43
20260808,r12_d30_t1_w20,54,113,410,160,137,104,40,23,33,4,9,17,126,43
20260808,r12_d30_t1_w20,55,119,419,163,137,105,39,25,33,3,9,18,131,43
20260808,r12_d30_t1_w20,56,120,428,171,137,107,36,31,33,0,9,18,131,43
20260808,r12_d30_t1_w20,57,124,435,172,139,112,39,30,30,1,10,18,131,43
20260808,r12_d30_t1_w20,58,125,443,173,145,113,30,30,30,10,10,18,131,43
20260808,r12_d30_t1_w20,59,123,448,174,151,116,32,27,31,10,9,17,131,43
20260808,r12_d30_t1_w20,60,120,456,182,154,118,35,29,35,1,9,16,131,43
20260808,r12_d30_t1_w20,61,115,465,189,161,121,31,32,36,1,10,15,131,43
20260808,r12_d30_t1_w20,62,113,471,191,167,123,18,29,39,14,12,15,131,43
20260808,r12_d30_t1_w20,63,114,479,194,171,124,12,29,41,18,14,14,131,43
20260808,r12_d30_t1_w20,64,100,486,208,178,126,12,37,45,6,11,13,131,43
20260808,r12_d30_t1_w20,65,94,491,215,182,129,12,41,45,2,10,12,131,43
20260808,r12_d30_t1_w20,66,95,498,217,186,131,12,36,50,2,13,12,131,43
20260808,r12_d30_t1_w20,67,100,508,218,190,135,12,29,54,5,17,12,131,43
20260808,r12_d30_t1_w20,68,99,518,220,199,139,10,22,59,9,17,10,131,43
20260808,r12_d30_t1_w20,69,98,527,224,205,143,14,23,58,5,17,10,131,43
20260808,r12_d30_t1_w20,70,95,533,231,207,145,13,26,60,1,17,10,131,43
20260808,r12_d30_t1_w20,71,97,541,231,213,148,14,23,60,3,17,10,131,43
20260808,r12_d30_t1_w20,72,98,549,234,217,149,13,22,63,2,17,9,131,43
20260808,r12_d30_t1_w20,73,92,555,237,226,152,14,21,64,1,16,9,131,43
20260808,r12_d30_t1_w20,74,92,565,241,232,154,12,22,65,1,15,9,131,43
20260808,r12_d30_t1_w20,75,88,570,246,236,161,13,24,61,2,13,9,131,43
20260808,r12_d30_t1_w20,76,90,578,248,240,164,14,26,58,2,14,11,131,43
20260808,r12_d30_t1_w20,77,89,586,252,245,166,13,24,62,1,12,11,131,43
20260808,r12_d30_t1_w20,78,84,591,255,252,170,13,24,61,2,10,11,131,43
20260808,r12_d30_t1_w20,79,85,601,261,255,173,11,25,63,1,9,12,131,43
20260808,r12_d30_t1_w20,80,89,611,266,256,181,12,28,57,3,9,14,131,43
20260808,r12_d30_t1_w20,81,94,619,269,256,186,14,29,54,3,9,15,131,43
20260808,r12_d30_t1_w20,82,98,628,274,256,191,16,30,53,1,9,13,131,43
20260808,r12_d30_t1_w20,83,100,634,278,256,196,16,28,54,2,9,13,131,43
20260808,r12_d30_t1_w20,84,102,643,285,256,202,16,32,51,1,9,13,131,43
20260808,r12_d30_t1_w20,85,107,649,286,256,208,18,31,47,4,9,14,131,43
20260808,r12_d30_t1_w20,86,110,654,288,256,213,20,29,46,5,9,15,131,43
20260808,r12_d30_t1_w20,87,110,662,296,256,218,19,34,44,3,9,14,131,43
20260808,r12_d30_t1_w20,88,114,671,301,256,221,17,35,45,3,9,15,131,43
20260808,r12_d30_t1_w20,89,118,681,304,259,224,18,35,45,2,9,15,131,43
20260808,r12_d30_t1_w20,90,117,691,311,263,227,13,38,46,3,10,14,131,43
20260808,r12_d30_t1_w20,91,115,700,316,269,230,8,37,49,6,11,13,131,43
20260808,r12_d30_t1_w20,92,115,706,320,271,233,7,38,49,6,14,13,131,43
20260808,r12_d30_t1_w20,93,112,712,326,274,235,7,38,53,2,15,13,131,43
20260808,r12_d30_t1_w20,94,111,721,329,281,239,7,37,53,3,15,12,131,43
20260808,r12_d30_t1_w20,95,112,728,330,286,244,9,32,54,5,17,11,131,43
20260808,r12_d30_t1_w20,96,107,733,335,291,251,11,33,51,5,17,10,131,43
20260808,r12_d30_t1_w20,97,110,742,338,294,254,13,30,54,3,17,10,131,43
20260808,r12_d30_t1_w20,98,109,749,344,296,256,12,33,55,0,18,9,131,43
20260808,r12_d30_t1_w20,99,113,759,345,301,259,13,29,57,1,18,11,131,43
20260808,r12_d30_t1_w20,100,109,765,347,309,260,11,26,61,2,18,12,121,40
20260808,r12_d30_t1_w20,101,111,774,350,313,264,12,24,62,2,18,15,121,40
20260808,r12_d30_t1_w20,102,112,781,352,317,268,13,23,61,3,18,15,121,40
20260808,r12_d30_t1_w20,103,115,789,354,320,269,12,22,63,3,18,14,121,40
20260808,r12_d30_t1_w20,104,110,794,358,326,275,13,19,64,4,18,14,121,40
20260808,r12_d30_t1_w20,105,111,802,361,330,279,13,20,62,5,16,14,131,43
20260808,r12_d30_t1_w20,106,113,812,365,334,281,13,20,64,3,14,14,131,43
20260808,r12_d30_t1_w20,107,111,821,371,339,285,12,24,62,2,12,16,131,43
20260808,r12_d30_t1_w20,108,113,829,374,342,291,13,25,58,4,11,17,131,43
20260808,r12_d30_t1_w20,109,107,834,377,350,298,13,25,54,8,9,17,131,43
20260808,r12_d30_t1_w20,110,110,843,383,350,301,13,29,53,5,9,18,131,43
20260808,r12_d30_t1_w20,111,108,848,390,350,307,16,35,48,1,9,18,131,43
20260808,r12_d30_t1_w20,112,115,857,392,350,309,15,33,50,2,9,19,131,43
20260808,r12_d30_t1_w20,113,120,863,393,350,311,16,30,52,2,9,19,131,43
20260808,r12_d30_t1_w20,114,122,869,397,350,319,20,30,48,2,9,19,131,43
20260808,r12_d30_t1_w20,115,122,874,398,354,322,23,30,46,1,9,19,131,43
20260808,r12_d30_t1_w20,116,121,880,401,358,327,26,25,49,0,9,19,131,43
20260808,r12_d30_t1_w20,117,122,890,403,365,331,28,21,51,0,9,18,131,43
20260808,r12_d30_t1_w20,118,123,900,406,371,336,30,23,47,0,9,19,131,43
20260808,r12_d30_t1_w20,119,121,906,406,379,339,32,20,47,1,9,18,131,43
20260808,r12_d30_t1_w20,120,121,916,411,384,343,27,20,48,5,10,18,131,43
20260808,r12_d30_t1_w20,121,117,922,415,390,346,17,20,49,14,11,18,131,43
20260808,r12_d30_t1_w20,122,114,927,420,393,350,20,21,49,10,13,15,131,43
20260808,r12_d30_t1_w20,123,100,933,433,400,354,20,30,49,1,10,14,131,43
20260808,r12_d30_t1_w20,124,102,938,434,402,356,20,28,50,2,12,14,131,43
20260808,r12_d30_t1_w20,125,101,943,436,406,358,19,27,51,3,13,14,121,40
20260808,r12_d30_t1_w20,126,100,953,439,414,360,19,25,54,2,16,14,121,40
20260808,r12_d30_t1_w20,127,100,963,442,421,362,20,24,56,0,16,13,121,40
20260808,r12_d30_t1_w20,128,98,972,445,429,367,21,24,54,1,18,12,121,40
20260808,r12_d30_t1_w20,129,99,980,448,433,371,22,22,55,1,18,11,121,40
20260808,r12_d30_t1_w20,130,99,989,451,439,378,26,21,52,1,18,9,131,43
20260808,r12_d30_t1_w20,131,101,996,453,442,382,25,23,48,4,17,10,131,43
20260808,r12_d30_t1_w20,132,101,1006,457,448,388,27,24,45,4,17,12,131,43
20260808,r12_d30_t1_w20,133,102,1012,461,449,389,26,27,45,2,17,12,131,43
20260808,r12_d30_t1_w20,134,103,1018,462,453,391,27,26,45,2,17,12,131,43
20260808,r12_d30_t1_w20,135,108,1028,465,455,394,27,25,46,2,16,13,131,43
20260808,r12_d30_t1_w20,136,109,1037,468,460,397,27,26,45,2,15,15,131,43
20260808,r12_d30_t1_w20,137,103,1042,470,469,400,28,23,47,2,13,15,131,43
20260808,r12_d30_t1_w20,138,101,1051,473,477,405,29,21,47,3,10,16,131,43
20260808,r12_d30_t1_w20,139,99,1059,477,483,406,27,20,51,2,9,17,131,43
20260808,r12_d30_t1_w20,140,102,1064,479,483,411,31,20,48,1,9,18,131,43
20260808,r12_d30_t1_w20,141,107,1074,484,483,415,30,22,47,1,9,18,131,43
20260808,r12_d30_t1_w20,142,112,1082,487,483,417,28,20,50,2,9,19,131,43
20260808,r12_d30_t1_w20,143,117,1087,487,483,420,29,19,48,4,9,19,131,43
20260808,r12_d30_t1_w20,144,119,1094,492,483,424,29,21,47,3,9,19,131,43
20260808,r12_d30_t1_w20,145,121,1099,495,483,427,31,24,44,1,9,18,131,43
20260808,r12_d30_t1_w20,146,127,1109,499,483,430,30,24,45,1,9,19,131,43
20260808,r12_d30_t1_w20,147,125,1117,503,489,434,29,25,44,2,9,17,131,43
20260808,r12_d30_t1_w20,148,124,1123,505,494,436,30,24,45,1,9,17,131,43
20260808,r12_d30_t1_w20,149,127,1132,508,497,440,32,25,43,0,9,18,131,43
20260808,r12_d30_t1_w20,150,120,1137,512,505,443,30,26,43,1,9,16,131,43
20260808,r12_d30_t1_w20,151,120,1145,515,510,451,32,25,39,4,11,15,131,43
20260808,r12_d30_t1_w20,152,119,1152,518,515,454,15,28,36,21,12,14,131,43
20260808,r12_d30_t1_w20,153,124,1162,521,517,455,14,30,36,20,14,14,131,43
20260808,r12_d30_t1_w20,154,104,1168,541,523,457,11,39,45,5,10,14,131,43
20260808,r12_d30_t1_w20,155,98,1176,545,533,461,12,38,46,4,13,13,126,43
20260808,r12_d30_t1_w20,156,95,1185,550,540,463,11,38,49,2,15,12,126,43
20260808,r12_d30_t1_w20,157,96,1194,554,544,466,10,36,52,2,17,12,126,43
20260808,r12_d30_t1_w20,158,94,1200,556,550,469,10,33,54,3,17,9,126,43
20260808,r12_d30_t1_w20,159,95,1209,559,555,471,9,27,61,3,18,8,126,43
20260808,r12_d30_t1_w20,160,94,1215,561,560,472,9,25,64,2,18,8,131,43
20260808,r12_d30_t1_w20,161,93,1224,564,567,477,10,25,62,3,18,8,131,43
20260808,r12_d30_t1_w20,162,90,1233,570,573,484,10,27,59,4,18,8,131,43
20260808,r12_d30_t1_w20,163,87,1238,575,576,486,9,28,61,2,17,8,131,43
20260808,r12_d30_t1_w20,164,91,1248,578,579,490,10,28,60,2,17,9,131,43
20260808,r12_d30_t1_w20,165,92,1254,580,582,492,8,27,61,4,17,11,131,43
20260808,r12_d30_t1_w20,166,86,1259,584,589,495,7,22,67,4,15,12,131,43
20260808,r12_d30_t1_w20,167,84,1266,588,594,502,9,24,62,5,12,11,131,43
20260808,r12_d30_t1_w20,168,87,1274,590,597,504,10,20,66,4,11,14,131,43
20260808,r12_d30_t1_w20,169,85,1284,594,605,505,10,21,68,1,9,13,131,43
20260808,r12_d30_t1_w20,170,86,1289,598,605,513,12,21,64,3,9,14,131,43
20260808,r12_d30_t1_w20,171,91,1297,601,605,520,14,22,59,5,9,15,131,43
20260808,r12_d30_t1_w20,172,91,1303,607,605,525,14,23,59,4,9,14,131,43
20260808,r12_d30_t1_w20,173,97,1312,610,605,529,15,24,57,4,9,15,131,43
20260808,r12_d30_t1_w20,174,104,1322,613,605,531,15,26,56,3,9,15,131,43
20260808,r12_d30_t1_w20,175,112,1332,615,605,534,18,24,57,1,9,16,131,43
20260808,r12_d30_t1_w20,176,119,1342,618,605,539,19,22,57,2,9,16,131,43
20260808,r12_d30_t1_w20,177,123,1347,619,605,544,22,21,54,3,9,17,131,43
20260808,r12_d30_t1_w20,178,125,1354,624,605,554,29,24,46,1,9,17,131,43
20260808,r12_d30_t1_w20,179,129,1359,625,605,558,33,20,47,0,9,17,131,43
20260808,r12_d30_t1_w20,180,124,1365,632,609,563,30,24,45,1,9,17,121,40
20260808,r12_d30_t1_w20,181,119,1371,635,617,569,29,20,46,5,10,17,121,40
20260808,r12_d30_t1_w20,182,115,1377,638,624,570,22,21,47,10,11,16,121,40
20260808,r12_d30_t1_w20,183,114,1382,644,624,573,23,24,47,6,11,16,121,40
20260808,r12_d30_t1_w20,184,109,1391,650,632,576,26,24,50,0,11,16,121,40
20260808,r12_d30_t1_w20,185,111,1401,652,638,580,25,23,49,3,14,15,131,43
20260808,r12_d30_t1_w20,186,115,1410,654,641,582,24,22,50,4,16,13,131,43
20260808,r12_d30_t1_w20,187,115,1419,659,645,584,24,26,49,1,17,12,131,43
20260808,r12_d30_t1_w20,188,112,1426,663,651,588,25,28,47,0,17,12,131,43
20260808,r12_d30_t1_w20,189,108,1431,664,659,591,27,27,46,0,17,11,131,43
20260808,r12_d30_t1_w20,190,110,1438,665,663,595,28,25,45,2,17,11,131,43
20260808,r12_d30_t1_w20,191,112,1448,667,669,602,31,24,41,4,16,10,131,43
20260808,r12_d30_t1_w20,192,112,1454,671,671,607,31,26,38,5,14,12,131,43
20260808,r12_d30_t1_w20,193,110,1460,673,677,608,30,25,40,5,14,14,131,43
20260808,r12_d30_t1_w20,194,106,1466,678,682,611,30,28,39,3,14,15,131,43
20260808,r12_d30_t1_w20,195,106,1475,680,689,615,32,26,39,3,13,16,131,43
20260808,r12_d30_t1_w20,196,97,1480,687,696,623,33,29,35,3,12,15,131,43
20260808,r12_d30_t1_w20,197,98,1487,690,699,625,34,27,38,1,11,16,131,43
20260808,r12_d30_t1_w20,198,98,1497,693,706,627,33,28,38,1,10,17,131,43
20260808,r12_d30_t1_w20,199,100,1504,694,710,629,34,25,40,1,9,17,131,43
20260808,r12_d30_t1_w20,200,108,1512,694,710,630,36,21,43,0,9,17,131,43
20260808,r12_d30_t1_w20,201,113,1519,696,710,633,37,22,41,0,9,17,131,43
20260808,r12_d30_t1_w20,202,121,1529,698,710,634,36,20,44,0,9,19,131,43
20260808,r12_d30_t1_w20,203,125,1535,700,710,636,36,21,43,0,9,19,131,43
20260808,r12_d30_t1_w20,204,132,1544,702,710,641,37,21,40,2,9,19,131,43
20260808,r12_d30_t1_w20,205,132,1554,705,717,643,35,22,40,3,9,18,131,43
20260808,r12_d30_t1_w20,206,133,1563,708,722,646,37,25,37,1,9,20,131,43
20260808,r12_d30_t1_w20,207,128,1572,713,731,651,38,26,36,0,9,18,131,43
20260808,r12_d30_t1_w20,208,130,1578,714,734,653,39,25,36,0,9,19,131,43
20260808,r12_d30_t1_w20,209,132,1585,714,739,654,40,22,38,0,9,20,131,43
20260808,r12_d30_t1_w20,210,125,1591,722,744,658,36,28,36,0,9,20,131,43
20260808,r12_d30_t1_w20,211,114,1600,734,752,663,29,37,34,0,9,18,131,43
20260808,r12_d30_t1_w20,212,109,1606,741,756,666,25,41,34,0,9,18,131,43
20260808,r12_d30_t1_w20,213,107,1615,747,761,668,21,42,37,0,9,17,131,43
20260808,r12_d30_t1_w20,214,109,1622,748,765,671,20,42,35,3,12,17,131,43
20260808,r12_d30_t1_w20,215,109,1632,751,772,673,11,44,34,11,14,16,131,43
20260808,r12_d30_t1_w20,216,108,1638,755,775,676,12,46,33,9,15,13,131,43
20260808,r12_d30_t1_w20,217,104,1648,764,780,678,12,53,33,2,14,13,131,43
20260808,r12_d30_t1_w20,218,100,1655,767,788,680,12,49,38,1,16,12,131,43
20260808,r12_d30_t1_w20,219,100,1664,771,793,686,13,47,38,2,16,12,131,43
20260808,r12_d30_t1_w20,220,99,1671,772,800,687,12,37,48,3,16,12,131,43
20260808,r12_d30_t1_w20,221,97,1676,775,804,689,12,35,51,2,16,12,131,43
20260808,r12_d30_t1_w20,222,95,1683,777,811,693,13,31,53,3,15,10,131,43
20260808,r12_d30_t1_w20,223,100,1692,778,814,693,13,28,57,2,17,9,131,43
20260808,r12_d30_t1_w20,224,95,1698,781,822,695,14,25,61,0,16,9,131,43
20260808,r12_d30_t1_w20,225,93,1706,783,830,696,12,25,62,1,15,10,131,43
20260808,r12_d30_t1_w20,226,93,1715,784,838,699,13,25,60,2,15,10,131,43
20260808,r12_d30_t1_w20,227,94,1725,787,844,702,14,25,60,1,13,13,131,43
20260808,r12_d30_t1_w20,228,94,1733,791,848,706,14,23,62,1,11,13,131,43
20260808,r12_d30_t1_w20,229,89,1738,794,855,712,17,20,62,1,9,14,131,43
20260808,r12_d30_t1_w20,230,94,1745,796,855,716,20,19,61,0,9,15,131,43
20260808,r12_d30_t1_w20,231,98,1750,797,855,719,21,19,59,1,9,16,131,43
20260808,r12_d30_t1_w20,232,102,1756,799,855,721,21,19,59,1,9,16,131,43
20260808,r12_d30_t1_w20,233,106,1763,802,855,728,26,18,56,0,9,16,131,43
20260808,r12_d30_t1_w20,234,111,1768,802,855,729,27,17,56,0,9,16,131,43
20260808,r12_d30_t1_w20,235,115,1775,805,855,732,26,16,57,1,9,17,111,40
20260808,r12_d30_t1_w20,236,119,1781,807,855,739,30,16,52,2,9,16,111,40
20260808,r12_d30_t1_w20,237,115,1786,811,860,746,32,19,46,3,9,16,111,40
20260808,r12_d30_t1_w20,238,113,1794,816,865,755,35,23,38,4,9,18,111,40
20260808,r12_d30_t1_w20,239,113,1802,818,871,760,40,23,35,2,9,18,111,40
20260808,r12_d30_t1_w20,240,111,1810,824,875,762,37,27,35,1,10,17,131,43
20260808,r12_d30_t1_w20,241,114,1817,825,878,764,26,22,39,13,11,16,131,43
20260808,r12_d30_t1_w20,242,113,1824,826,885,764,16,20,42,22,13,15,131,43
20260808,r12_d30_t1_w20,243,102,1834,841,891,771,18,29,41,12,11,15,131,43
20260808,r12_d30_t1_w20,244,93,1842,853,896,774,17,35,44,4,10,13,131,43
20260808,r12_d30_t1_w20,245,91,1847,856,900,776,16,34,46,4,10,12,131,43
20260808,r12_d30_t1_w20,246,90,1855,859,906,778,15,30,51,4,13,11,131,43
20260808,r12_d30_t1_w20,247,86,1863,862,915,781,16,29,52,3,16,9,131,43
20260808,r12_d30_t1_w20,248,88,1873,864,921,782,17,18,64,1,17,9,131,43
20260808,r12_d30_t1_w20,249,87,1879,867,925,784,17,17,66,0,16,8,131,43
20260808,r12_d30_t1_w20,250,88,1887,871,928,787,16,21,63,0,18,8,131,43
20260808,r12_d30_t1_w20,251,90,1894,872,932,787,15,18,67,0,16,8,131,43
20260808,r12_d30_t1_w20,252,89,1899,875,935,793,17,20,62,1,16,7,131,43
20260808,r12_d30_t1_w20,253,87,1906,878,941,798,17,21,59,3,16,8,131,43
20260808,r12_d30_t1_w20,254,89,1914,881,944,803,18,20,58,4,15,9,131,43
20260808,r12_d30_t1_w20,255,86,1921,888,947,805,15,26,57,2,15,10,122,43
20260808,r12_d30_t1_w20,256,84,1927,891,952,810,17,26,55,2,14,9,122,43
20260808,r12_d30_t1_w20,257,84,1934,894,956,813,16,27,54,3,13,10,122,43
20260808,r12_d30_t1_w20,258,82,1941,898,961,818,17,26,54,3,10,10,122,43
20260808,r12_d30_t1_w20,259,78,1947,902,967,823,17,27,52,4,9,13,122,43
20260808,r12_d30_t1_w20,260,78,1952,907,967,832,23,29,46,2,9,13,131,43
20260808,r12_d30_t1_w20,261,84,1959,908,967,836,27,28,44,1,9,15,131,43
20260808,r12_d30_t1_w20,262,88,1965,910,967,843,30,26,41,3,9,16,131,43
20260808,r12_d30_t1_w20,263,96,1975,912,967,846,31,22,44,3,9,18,131,43
20260808,r12_d30_t1_w20,264,100,1983,916,967,847,28,25,44,3,9,18,131,43
20260808,r12_d30_t1_w20,265,106,1991,918,967,849,28,26,43,3,9,20,131,43
20260808,r12_d30_t1_w20,266,112,2000,921,967,854,32,24,43,1,9,19,131,43
20260808,r12_d30_t1_w20,267,117,2010,926,967,859,32,27,40,1,9,18,131,43
20260808,r12_d30_t1_w20,268,119,2020,927,974,864,32,23,40,5,9,18,131,43
20260808,r12_d30_t1_w20,269,120,2028,930,978,865,30,25,40,5,9,18,131,43
20260808,r12_d30_t1_w20,270,118,2038,938,982,866,25,30,42,3,11,17,131,43
20260808,r12_d30_t1_w20,271,123,2048,942,983,871,24,31,40,5,13,16,131,43
20260808,r12_d30_t1_w20,272,125,2053,945,983,875,25,29,41,5,13,16,131,43
20260808,r12_d30_t1_w20,273,123,2061,949,989,876,25,28,45,2,14,15,131,43
20260808,r12_d30_t1_w20,274,121,2068,953,994,878,24,25,50,1,14,15,131,43
20260808,r12_d30_t1_w20,275,123,2075,954,998,882,25,23,49,3,16,13,131,43
20260808,r12_d30_t1_w20,276,123,2083,957,1003,884,25,21,52,2,17,12,131,43
20260808,r12_d30_t1_w20,277,121,2088,960,1007,889,26,21,50,3,17,12,131,43
20260808,r12_d30_t1_w20,278,116,2093,965,1012,893,23,23,49,5,17,11,131,43
20260808,r12_d30_t1_w20,279,116,2098,969,1013,896,25,24,49,2,17,11,131,43
20260808,r12_d30_t1_w20,280,114,2103,972,1017,897,24,25,50,1,17,11,131,43
20260808,r12_d30_t1_w20,281,116,2113,973,1024,900,24,23,50,3,17,10,131,43
20260808,r12_d30_t1_w20,282,119,2122,974,1029,904,26,20,50,4,18,10,131,43
20260808,r12_d30_t1_w20,283,116,2130,977,1037,908,25,20,49,6,18,11,131,43
20260808,r12_d30_t1_w20,284,117,2139,979,1043,909,24,19,51,6,18,11,131,43
20260808,r12_d30_t1_w20,285,114,2146,986,1046,912,24,25,49,2,17,13,121,40
20260808,r12_d30_t1_w20,286,111,2152,988,1053,914,26,21,53,0,17,13,121,40
20260808,r12_d30_t1_w20,287,109,2158,991,1058,919,28,19,53,0,13,14,121,40
20260808,r12_d30_t1_w20,288,107,2165,992,1066,923,29,16,53,2,11,14,121,40
20260808,r12_d30_t1_w20,289,106,2172,995,1071,927,30,19,49,2,9,16,121,40
20260808,r12_d30_t1_w20,290,112,2180,997,1071,934,35,16,47,2,9,18,126,43
20260808,r12_d30_t1_w20,291,118,2186,997,1071,937,37,15,45,3,9,18,126,43
20260808,r12_d30_t1_w20,292,120,2191,1000,1071,938,37,14,48,1,9,18,126,43
20260808,r12_d30_t1_w20,293,120,2198,1003,1075,943,39,16,44,1,9,20,126,43
20260808,r12_d30_t1_w20,294,122,2207,1004,1081,946,40,17,41,2,9,21,126,43
20260808,r12_d30_t1_w20,295,121,2214,1006,1087,951,43,15,40,2,9,20,131,43
20260808,r12_d30_t1_w20,296,119,2220,1011,1090,956,44,18,37,1,9,19,131,43
20260808,r12_d30_t1_w20,297,121,2227,1014,1092,959,44,17,38,1,9,18,131,43
20260808,r12_d30_t1_w20,298,126,2237,1018,1093,965,46,21,32,1,9,19,131,43
20260808,r12_d30_t1_w20,299,127,2246,1023,1096,970,45,24,29,2,9,19,131,43
20260808,r12_d30_t1_w20,300,123,2256,1033,1100,971,34,33,29,4,9,18,131,43
20260808,r12_d30_t1_w20,301,121,2264,1036,1107,974,34,30,32,4,11,18,131,43
20260808,r12_d30_t1_w20,302,121,2273,1038,1114,977,28,30,31,11,12,17,131,43
20260808,r12_d30_t1_w20,303,118,2279,1041,1120,979,29,27,35,9,15,17,131,43
20260808,r12_d30_t1_w20,304,104,2285,1053,1128,982,29,35,36,0,13,15,131,43
20260808,r12_d30_t1_w20,305,106,2294,1054,1134,984,30,29,41,0,15,14,131,43
20260808,r12_d30_t1_w20,306,107,2301,1055,1139,986,31,27,42,0,14,13,131,43
20260808,r12_d30_t1_w20,307,107,2310,1058,1145,988,30,25,45,0,15,12,131,43
20260808,r12_d30_t1_w20,308,108,2317,1059,1150,988,29,24,47,0,16,11,131,43
20260808,r12_d30_t1_w20,309,105,2324,1063,1156,990,27,25,48,0,16,10,131,43
20260808,r12_d30_t1_w20,310,103,2333,1066,1164,992,26,26,48,0,16,10,131,43
20260808,r12_d30_t1_w20,311,101,2338,1067,1170,993,25,25,49,1,16,10,131,43
20260808,r12_d30_t1_w20,312,103,2348,1071,1174,998,23,27,46,4,15,10,131,43
20260808,r12_d30_t1_w20,313,103,2357,1074,1180,1000,20,27,47,6,15,11,131,43
20260808,r12_d30_t1_w20,314,102,2366,1078,1186,1003,22,25,50,3,15,12,131,43
20260808,r12_d30_t1_w20,315,98,2372,1082,1192,1006,23,26,50,1,14,12,131,43
20260808,r12_d30_t1_w20,316,99,2377,1083,1195,1011,24,23,49,4,13,12,131,43
20260808,r12_d30_t1_w20,317,99,2383,1085,1199,1016,26,22,47,5,11,14,131,43
20260808,r12_d30_t1_w20,318,102,2393,1088,1203,1019,28,21,48,3,11,16,131,43
20260808,r12_d30_t1_w20,319,98,2399,1092,1209,1021,28,19,52,1,9,15,131,43
20260808,r12_d30_t1_w20,320,102,2408,1097,1209,1027,29,21,49,1,9,16,131,43
20260808,r12_d30_t1_w20,321,111,2418,1098,1209,1030,31,22,46,1,9,17,131,43
20260808,r12_d30_t1_w20,322,116,2427,1102,1209,1034,32,21,47,0,9,18,131,43
20260808,r12_d30_t1_w20,323,124,2437,1104,1209,1038,33,21,45,1,9,19,131,43
20260808,r12_d30_t1_w20,324,131,2447,1107,1209,1040,31,23,44,2,9,20,131,43
20260808,r12_d30_t1_w20,325,132,2455,1110,1213,1044,33,23,43,1,9,22,131,43
20260808,r12_d30_t1_w20,326,133,2461,1112,1216,1047,35,22,43,0,9,21,131,43
20260808,r12_d30_t1_w20,327,130,2466,1114,1222,1054,37,20,40,3,9,20,131,43
20260808,r12_d30_t1_w20,328,132,2473,1114,1227,1054,37,16,44,3,9,20,131,43
20260808,r12_d30_t1_w20,329,133,2480,1120,1227,1057,37,18,45,0,9,19,131,43
20260808,r12_d30_t1_w20,330,126,2488,1128,1234,1061,33,25,42,0,9,19,131,43
20260808,r12_d30_t1_w20,331,130,2498,1131,1237,1067,32,26,38,4,12,19,131,43
20260808,r12_d30_t1_w20,332,133,2508,1132,1243,1069,14,25,38,23,15,19,131,43
20260808,r12_d30_t1_w20,333,128,2515,1139,1248,1072,13,31,36,20,15,18,131,43
20260808,r12_d30_t1_w20,334,109,2524,1160,1255,1074,12,48,38,2,9,18,131,43
20260808,r12_d30_t1_w20,335,111,2533,1163,1259,1080,12,42,41,5,13,18,121,40
20260808,r12_d30_t1_w20,336,114,2542,1166,1262,1082,9,36,48,7,16,18,121,40
20260808,r12_d30_t1_w20,337,112,2551,1174,1265,1085,7,39,50,4,15,17,121,40
20260808,r12_d30_t1_w20,338,105,2560,1181,1274,1087,5,41,53,1,16,14,121,40
20260808,r12_d30_t1_w20,339,108,2570,1184,1278,1089,5,39,56,0,17,12,121,40
20260808,r12_d30_t1_w20,340,107,2578,1186,1285,1093,6,37,56,1,17,9,131,43
20260808,r12_d30_t1_w20,341,107,2587,1188,1292,1095,6,33,60,1,18,10,131,43
20260808,r12_d30_t1_w20,342,106,2595,1190,1299,1099,6,34,57,3,17,11,131,43
20260808,r12_d30_t1_w20,343,108,2603,1191,1304,1101,7,30,60,3,17,11,131,43
20260808,r12_d30_t1_w20,344,105,2611,1195,1311,1103,7,32,60,1,17,11,131,43
20260808,r12_d30_t1_w20,345,105,2619,1196,1318,1108,9,29,59,3,16,12,131,43
20260808,r12_d30_t1_w20,346,104,2627,1200,1323,1113,11,30,57,2,14,12,131,43
20260808,r12_d30_t1_w20,347,101,2632,1204,1327,1117,11,29,58,2,14,13,131,43
20260808,r12_d30_t1_w20,348,102,2642,1206,1334,1122,12,26,58,4,12,14,131,43
20260808,r12_d30_t1_w20,349,102,2651,1209,1340,1126,12,23,60,5,9,15,131,43
20260808,r12_d30_t1_w20,350,107,2660,1213,1340,1129,11,21,63,5,9,17,131,43
20260808,r12_d30_t1_w20,351,115,2670,1215,1340,1132,13,21,62,4,9,16,131,43
20260808,r12_d30_t1_w20,352,120,2679,1219,1340,1137,15,24,58,3,9,17,131,43
20260808,r12_d30_t1_w20,353,124,2687,1223,1340,1140,16,26,57,1,9,16,131,43
20260808,r12_d30_t1_w20,354,129,2697,1228,1340,1147,19,26,55,0,9,17,131,43
20260808,r12_d30_t1_w20,355,131,2704,1232,1341,1152,19,26,54,1,9,17,131,43
20260808,r12_d30_t1_w20,356,137,2711,1233,1341,1159,24,25,49,2,9,17,131,43
20260808,r12_d30_t1_w20,357,137,2718,1239,1342,1165,22,27,47,4,9,17,131,43
20260808,r12_d30_t1_w20,358,142,2727,1242,1343,1169,24,29,44,3,9,18,131,43
20260808,r12_d30_t1_w20,359,141,2735,1249,1345,1171,22,31,47,0,9,16,131,43
20260808,r12_d30_t1_w20,360,134,2745,1260,1351,1177,16,39,44,1,10,16,126,43
20260808,r12_d30_t1_w20,361,135,2753,1260,1358,1179,15,38,43,4,11,16,126,43
20260808,r12_d30_t1_w20,362,135,2762,1262,1365,1183,14,38,41,7,13,16,126,43
20260808,r12_d30_t1_w20,363,132,2768,1268,1368,1189,15,39,40,6,14,14,126,43
20260808,r12_d30_t1_w20,364,129,2774,1273,1372,1193,16,39,41,4,15,14,126,43
20260808,r12_d30_t1_w20,365,130,2784,1278,1376,1196,16,40,42,2,15,14,131,43
20260808,r12_d30_t1_w20,366,129,2793,1282,1382,1197,15,37,48,0,17,14,131,43
20260808,r12_d30_t1_w20,367,127,2798,1284,1387,1200,16,32,52,0,17,13,131,43
20260808,r12_d30_t1_w20,368,124,2806,1288,1394,1206,15,35,47,3,18,13,131,43
20260808,r12_d30_t1_w20,369,121,2811,1289,1401,1209,15,32,48,5,17,13,131,43
20260808,r12_d30_t1_w20,370,118,2819,1293,1408,1210,15,35,48,2,17,13,131,43
20260808,r12_d30_t1_w20,371,112,2827,1297,1418,1213,15,36,48,1,18,13,131,43
20260808,r12_d30_t1_w20,372,113,2835,1299,1423,1214,14,36,49,1,18,13,131,43
20260808,r12_d30_t1_w20,373,114,2845,1301,1430,1216,14,34,51,1,18,13,131,43
20260808,r12_d30_t1_w20,374,111,2852,1303,1438,1222,15,32,49,4,17,13,131,43
20260808,r12_d30_t1_w20,375,114,2861,1305,1442,1224,15,29,52,4,14,14,131,43
20260808,r12_d30_t1_w20,376,113,2869,1309,1447,1226,16,29,54,1,13,15,131,43
20260808,r12_d30_t1_w20,377,112,2874,1313,1449,1230,17,28,55,0,11,15,131,43
20260808,r12_d30_t1_w20,378,110,2880,1316,1454,1234,16,28,54,2,10,15,131,43
20260808,r12_d30_t1_w20,379,114,2889,1316,1459,1239,21,24,53,2,9,16,131,43
20260808,r12_d30_t1_w20,380,115,2894,1320,1459,1242,22,22,56,0,9,16,115,42
20260808,r12_d30_t1_w20,381,119,2901,1323,1459,1246,23,22,55,0,9,17,115,42
20260808,r12_d30_t1_w20,382,125,2910,1325,1460,1252,27,20,53,0,9,17,115,42
20260808,r12_d30_t1_w20,383,126,2916,1326,1464,1252,26,17,57,0,9,19,115,42
20260808,r12_d30_t1_w20,384,126,2923,1328,1469,1260,30,16,52,2,9,19,115,42
20260808,r12_d30_t1_w20,385,120,2929,1331,1478,1265,32,17,49,2,9,17,131,43
20260808,r12_d30_t1_w20,386,119,2938,1336,1483,1267,31,22,47,0,9,18,131,43
20260808,r12_d30_t1_w20,387,123,2947,1338,1486,1270,32,22,46,0,9,18,131,43
20260808,r12_d30_t1_w20,388,124,2956,1341,1491,1274,31,23,44,2,9,18,131,43
20260808,r12_d30_t1_w20,389,127,2965,1342,1496,1275,30,23,44,3,9,18,131,43
20260808,r12_d30_t1_w20,390,122,2972,1349,1501,1279,28,26,44,2,9,18,121,40
20260808,r12_d30_t1_w20,391,120,2981,1356,1505,1284,27,32,40,1,9,17,121,40
20260808,r12_d30_t1_w20,392,120,2989,1360,1509,1289,26,33,38,3,12,17,121,40
20260808,r12_d30_t1_w20,393,118,2997,1362,1517,1294,20,31,37,12,14,13,121,40
20260808,r12_d30_t1_w20,394,111,3004,1370,1523,1300,20,34,36,10,13,13,121,40
20260808,r12_d30_t1_w20,395,105,3014,1380,1529,1301,20,39,40,1,14,12,131,43
20260808,r12_d30_t1_w20,396,100,3020,1383,1537,1303,19,36,44,1,15,11,131,43
20260808,r12_d30_t1_w20,397,102,3028,1384,1542,1307,20,31,46,3,18,11,131,43
20260808,r12_d30_t1_w20,398,107,3038,1385,1546,1309,21,27,49,3,18,11,131,43
20260808,r12_d30_t1_w20,399,101,3045,1391,1553,1312,20,31,48,1,18,10,131,43
20260808,r12_d30_t1_w20,400,105,3054,1393,1556,1316,22,30,47,1,18,10,131,43
20260808,r12_d30_t1_w20,401,107,3060,1394,1559,1318,23,27,49,1,18,10,131,43
20260808,r12_d30_t1_w20,402,105,3067,1396,1566,1321,24,25,50,1,18,10,131,43
20260808,r12_d30_t1_w20,403,105,3074,1398,1571,1324,25,22,52,1,17,11,131,43
20260808,r12_d30_t1_w20,404,102,3079,1400,1577,1327,25,20,53,2,17,13,131,43
20260808,r12_d30_t1_w20,405,102,3084,1401,1581,1327,24,15,59,2,17,13,131,43
20260808,r12_d30_t1_w20,406,101,3091,1404,1586,1330,26,18,56,0,15,14,131,43
20260808,r12_d30_t1_w20,407,101,3098,1406,1591,1332,26,18,56,0,14,14,131,43
20260808,r12_d30_t1_w20,408,97,3106,1410,1599,1334,24,18,58,0,10,14,131,43
20260808,r12_d30_t1_w20,409,96,3115,1413,1606,1341,27,19,53,1,9,15,131,43
20260808,r12_d30_t1_w20,410,102,3123,1415,1606,1346,28,19,50,3,9,16,131,43
20260808,r12_d30_t1_w20,411,106,3131,1419,1606,1352,31,18,49,2,9,17,131,43
20260808,r12_d30_t1_w20,412,108,3136,1422,1606,1357,33,19,46,2,9,18,131,43
20260808,r12_d30_t1_w20,413,112,3142,1424,1606,1364,38,19,41,2,9,19,131,43
20260808,r12_d30_t1_w20,414,117,3151,1428,1606,1368,39,23,37,1,9,19,131,43
20260808,r12_d30_t1_w20,415,123,3158,1429,1606,1370,40,20,39,1,9,20,131,43
20260808,r12_d30_t1_w20,416,126,3165,1431,1608,1372,41,19,40,0,9,21,131,43
20260808,r12_d30_t1_w20,417,122,3172,1435,1615,1375,40,19,41,0,9,21,131,43
20260808,r12_d30_t1_w20,418,117,3181,1439,1625,1377,38,20,42,0,9,19,131,43
20260808,r12_d30_t1_w20,419,120,3190,1440,1630,1381,41,19,40,0,9,20,131,43
20260808,r12_d30_t1_w20,420,114,3199,1446,1639,1385,38,23,38,1,9,19,131,43
20260808,r12_d30_t1_w20,421,113,3206,1448,1645,1389,39,24,35,2,10,19,131,43
20260808,r12_d30_t1_w20,422,114,3212,1449,1649,1391,26,23,35,16,12,19,131,43
20260808,r12_d30_t1_w20,423,112,3219,1452,1655,1395,16,25,32,27,14,19,131,43
20260808,r12_d30_t1_w20,424,99,3226,1470,1657,1397,15,41,32,12,12,18,131,43
20260808,r12_d30_t1_w20,425,91,3232,1483,1658,1403,19,45,35,1,10,18,131,43
20260808,r12_d30_t1_w20,426,91,3238,1483,1664,1403,16,40,40,4,12,17,131,43
20260808,r12_d30_t1_w20,427,90,3245,1485,1670,1405,17,32,48,3,15,17,131,43
20260808,r12_d30_t1_w20,428,90,3253,1491,1672,1410,17,34,47,2,15,16,131,43
20260808,r12_d30_t1_w20,429,88,3258,1492,1678,1412,16,27,53,4,16,15,131,43
20260808,r12_d30_t1_w20,430,87,3267,1496,1684,1414,15,27,55,3,16,12,131,43
20260808,r12_d30_t1_w20,431,82,3275,1502,1691,1417,13,30,55,2,17,9,131,43
20260808,r12_d30_t1_w20,432,81,3281,1504,1696,1419,13,31,54,2,17,7,131,43
20260808,r12_d30_t1_w20,433,82,3287,1506,1699,1422,14,27,57,2,18,7,131,43
20260808,r12_d30_t1_w20,434,84,3295,1507,1704,1424,15,25,58,2,17,8,131,43
20260808,r12_d30_t1_w20,435,82,3302,1509,1711,1426,15,23,60,2,17,9,131,43
20260808,r12_d30_t1_w20,436,79,3309,1512,1718,1429,16,20,63,1,16,10,131,43
20260808,r12_d30_t1_w20,437,82,3319,1515,1722,1435,16,18,62,4,13,10,131,43
20260808,r12_d30_t1_w20,438,83,3329,1518,1728,1440,16,18,60,6,10,12,131,43
20260808,r12_d30_t1_w20,439,78,3335,1522,1735,1442,16,20,60,4,9,12,131,43
20260808,r12_d30_t1_w20,440,80,3341,1526,1735,1448,18,23,55,4,9,12,131,43
20260808,r12_d30_t1_w20,441,83,3348,1530,1735,1452,19,25,53,3,9,13,131,43
20260808,r12_d30_t1_w20,442,84,3355,1536,1735,1458,19,28,50,3,9,13,131,43
20260808,r12_d30_t1_w20,443,86,3361,1540,1735,1461,18,29,50,3,9,14,131,43
20260808,r12_d30_t1_w20,444,87,3367,1545,1735,1466,18,28,51,3,9,15,131,43
20260808,r12_d30_t1_w20,445,89,3373,1549,1735,1471,19,30,48,3,9,16,121,40
20260808,r12_d30_t1_w20,446,94,3382,1553,1735,1475,19,31,47,3,9,16,121,40
20260808,r12_d30_t1_w20,447,98,3390,1557,1735,1481,22,31,45,2,9,17,121,40
20260808,r12_d30_t1_w20,448,100,3395,1559,1736,1483,23,32,44,1,9,17,121,40
20260808,r12_d30_t1_w20,449,107,3402,1559,1736,1484,23,28,47,2,9,18,121,40
20260808,r12_d30_t1_w20,450,104,3410,1570,1736,1490,16,35,45,4,9,18,131,43
20260808,r12_d30_t1_w20,451,104,3417,1577,1736,1495,15,40,42,3,9,18,131,43
20260808,r12_d30_t1_w20,452,108,3427,1582,1737,1498,11,38,46,5,12,17,131,43
20260808,r12_d30_t1_w20,453,111,3433,1582,1740,1500,10,33,49,8,14,17,131,43
20260808,r12_d30_t1_w20,454,107,3441,1589,1745,1504,9,34,51,6,15,15,131,43
20260808,r12_d30_t1_w20,455,102,3447,1596,1749,1508,8,37,51,4,16,15,131,43
20260808,r12_d30_t1_w20,456,100,3453,1599,1754,1510,8,37,52,3,16,13,131,43
20260808,r12_d30_t1_w20,457,96,3460,1602,1762,1514,9,34,54,3,16,10,131,43
20260808,r12_d30_t1_w20,458,91,3466,1605,1770,1516,10,36,53,1,16,10,131,43
20260808,r12_d30_t1_w20,459,90,3474,1608,1776,1520,12,37,51,0,17,8,131,43
20260808,r12_d30_t1_w20,460,94,3483,1608,1781,1525,14,30,53,3,18,8,131,43
20260808,r12_d30_t1_w20,461,95,3491,1610,1786,1527,12,29,54,5,19,9,131,43
20260808,r12_d30_t1_w20,462,98,3500,1615,1787,1532,10,29,54,7,18,10,131,43
20260808,r12_d30_t1_w20,463,99,3508,1618,1791,1535,10,28,55,7,16,9,131,43
20260808,r12_d30_t1_w20,464,103,3518,1622,1793,1541,15,26,55,4,15,9,131,43
20260808,r12_d30_t1_w20,465,103,3524,1624,1797,1546,17,22,56,5,14,10,131,43
20260808,r12_d30_t1_w20,466,100,3530,1627,1803,1549,17,21,57,5,13,11,131,43
20260808,r12_d30_t1_w20,467,102,3539,1632,1805,1555,18,22,55,5,11,13,131,43
20260808,r12_d30_t1_w20,468,103,3549,1639,1807,1559,17,26,54,3,11,15,131,43
20260808,r12_d30_t1_w20,469,102,3557,1645,1810,1564,18,29,52,1,9,18,131,43
20260808,r12_d30_t1_w20,470,108,3564,1646,1810,1565,18,26,55,1,9,18,131,43
20260808,r12_d30_t1_w20,471,113,3572,1649,1810,1568,18,23,58,1,9,18,131,43
20260808,r12_d30_t1_w20,472,116,3578,1652,1810,1571,18,23,58,1,9,18,131,43
20260808,r12_d30_t1_w20,473,121,3584,1653,1810,1576,23,20,57,0,9,18,131,43
20260808,r12_d30_t1_w20,474,128,3594,1656,1810,1579,23,21,56,0,9,19,131,43
20260808,r12_d30_t1_w20,475,131,3599,1658,1810,1581,23,21,56,0,9,20,131,43
20260808,r12_d30_t1_w20,476,137,3609,1659,1813,1583,24,20,56,0,9,22,131,43
20260808,r12_d30_t1_w20,477,139,3616,1659,1818,1586,25,19,54,2,9,23,131,43
20260808,r12_d30_t1_w20,478,140,3625,1665,1820,1593,25,22,50,3,9,23,131,43
20260808,r12_d30_t1_w20,479,138,3634,1672,1824,1597,23,28,47,2,9,23,131,43
20260808,r12_d30_t1_w20,480,131,3643,1680,1832,1604,22,35,41,2,10,21,131,43
20260808,r12_d30_t1_w20,481,132,3652,1683,1837,1607,18,33,43,6,13,20,131,43
20260808,r12_d30_t1_w20,482,131,3661,1686,1844,1611,18,30,45,7,14,20,131,43
20260808,r12_d30_t1_w20,483,130,3670,1691,1849,1614,19,30,47,4,14,19,131,43
20260808,r12_d30_t1_w20,484,129,3679,1694,1856,1615,18,25,54,3,15,15,131,43
20260808,r12_d30_t1_w20,485,126,3685,1699,1860,1620,18,29,50,3,16,15,131,43
20260808,r12_d30_t1_w20,486,124,3695,1705,1866,1627,18,32,46,4,15,14,131,43
20260808,r12_d30_t1_w20,487,122,3703,1710,1871,1630,17,28,52,3,15,14,131,43
20260808,r12_d30_t1_w20,488,117,3708,1713,1878,1636,20,29,48,3,16,13,131,43
20260808,r12_d30_t1_w20,489,114,3713,1715,1884,1637,20,29,49,2,16,13,131,43
20260808,r12_d30_t1_w20,490,111,3718,1719,1888,1639,20,29,51,0,17,11,126,43
20260808,r12_d30_t1_w20,491,110,3727,1723,1894,1641,17,30,52,1,17,9,126,43
20260808,r12_d30_t1_w20,492,111,3735,1725,1899,1642,15,29,54,2,17,10,126,43
20260808,r12_d30_t1_w20,493,110,3742,1727,1905,1645,16,29,53,2,17,10,126,43
20260808,r12_d30_t1_w20,494,110,3752,1729,1913,1647,16,26,56,2,16,11,126,43
20260808,r12_d30_t1_w20,495,112,3761,1733,1916,1649,14,26,58,2,16,12,131,43
20260808,r12_d30_t1_w20,496,110,3768,1735,1923,1652,14,24,59,3,14,13,131,43
20260808,r12_d30_t1_w20,497,111,3777,1738,1928,1657,16,25,56,3,12,15,131,43
20260808,r12_d30_t1_w20,498,107,3783,1743,1933,1662,17,26,55,2,11,14,131,43
20260808,r12_d30_t1_w20,499,108,3792,1747,1937,1669,20,24,54,2,9,15,131,43
20260808,r12_d30_t1_w20,500,111,3798,1749,1938,1672,22,26,51,1,9,15,131,43
20260808,r12_d30_t1_w20,501,118,3808,1752,1938,1676,24,26,50,0,9,17,131,43
20260808,r12_d30_t1_w20,502,125,3818,1755,1938,1683,28,27,45,0,9,18,131,43
20260808,r12_d30_t1_w20,503,131,3826,1756,1939,1687,29,24,45,2,9,18,131,43
20260808,r12_d30_t1_w20,504,130,3832,1757,1945,1691,32,22,44,2,9,18,131,43
20260808,r12_d30_t1_w20,505,129,3837,1760,1948,1693,33,22,45,0,9,18,131,43
20260808,r12_d30_t1_w20,506,130,3845,1763,1952,1696,33,24,43,0,9,18,131,43
20260808,r12_d30_t1_w20,507,129,3855,1766,1960,1697,31,26,43,0,9,17,131,43
20260808,r12_d30_t1_w20,508,131,3862,1766,1965,1698,32,22,46,0,9,16,131,43
20260808,r12_d30_t1_w20,509,130,3867,1767,1970,1704,35,19,44,2,9,17,131,43
20260808,r12_d30_t1_w20,510,126,3876,1775,1975,1709,30,24,42,4,9,17,131,43
20260808,r12_d30_t1_w20,511,124,3882,1781,1977,1713,30,25,43,2,9,17,131,43
20260808,r12_d30_t1_w20,512,124,3889,1785,1980,1717,28,28,40,4,12,17,131,43
20260808,r12_d30_t1_w20,513,122,3895,1786,1987,1719,13,26,41,20,14,14,131,43
20260808,r12_d30_t1_w20,514,118,3904,1790,1996,1722,13,27,41,19,15,13,131,43
20260808,r12_d30_t1_w20,515,103,3914,1809,2002,1723,11,40,46,3,12,13,131,43
20260808,r12_d30_t1_w20,516,105,3924,1813,2006,1726,12,39,48,1,16,12,131,43
20260808,r12_d30_t1_w20,517,105,3932,1813,2014,1727,12,35,51,2,16,12,131,43
20260808,r12_d30_t1_w20,518,106,3939,1815,2018,1729,11,30,56,3,16,12,131,43
20260808,r12_d30_t1_w20,519,103,3945,1816,2026,1731,12,27,58,3,16,11,131,43
20260808,r12_d30_t1_w20,520,104,3955,1819,2032,1737,16,24,58,2,18,10,101,38
20260808,r12_d30_t1_w20,521,103,3964,1822,2039,1737,14,27,58,1,18,11,101,38
20260808,r12_d30_t1_w20,522,95,3971,1828,2048,1742,14,29,57,0,18,11,101,38
20260808,r12_d30_t1_w20,523,94,3978,1829,2055,1746,14,26,57,3,18,12,101,38
20260808,r12_d30_t1_w20,524,94,3983,1830,2059,1748,15,23,59,3,17,12,101,38
20260808,r12_d30_t1_w20,525,97,3990,1833,2060,1754,17,25,54,4,17,12,126,43
20260808,r12_d30_t1_w20,526,98,4000,1837,2065,1758,13,23,56,8,14,12,126,43
20260808,r12_d30_t1_w20,527,95,4008,1842,2071,1759,13,22,61,4,13,11,126,43
20260808,r12_d30_t1_w20,528,90,4014,1847,2077,1763,14,23,61,2,9,11,126,43
20260808,r12_d30_t1_w20,529,93,4024,1851,2080,1768,15,24,59,2,9,12,126,43
20260808,r12_d30_t1_w20,530,100,4032,1852,2080,1772,19,22,58,1,9,13,131,43
20260808,r12_d30_t1_w20,531,100,4037,1857,2080,1774,16,26,57,1,9,13,131,43
20260808,r12_d30_t1_w20,532,101,4042,1861,2080,1777,16,29,55,0,9,13,131,43
20260808,r12_d30_t1_w20,533,104,4047,1863,2080,1779,16,24,60,0,9,13,131,43
20260808,r12_d30_t1_w20,534,106,4052,1865,2081,1785,19,23,57,1,9,13,131,43
20260808,r12_d30_t1_w20,535,113,4062,1868,2081,1788,19,23,57,1,9,14,131,43
20260808,r12_d30_t1_w20,536,114,4068,1872,2082,1796,23,26,50,1,9,15,131,43
20260808,r12_d30_t1_w20,537,115,4074,1872,2087,1803,27,21,48,4,9,15,131,43
20260808,r12_d30_t1_w20,538,114,4079,1873,2092,1808,28,19,46,7,9,16,131,43
20260808,r12_d30_t1_w20,539,113,4086,1879,2094,1811,28,24,44,4,9,17,131,43
20260808,r12_d30_t1_w20,540,104,4095,1892,2099,1816,24,36,40,0,9,17,131,43
20260808,r12_d30_t1_w20,541,104,4101,1893,2104,1819,23,35,39,3,10,16,131,43
20260808,r12_d30_t1_w20,542,102,4106,1893,2111,1821,22,30,42,6,11,14,131,43
20260808,r12_d30_t1_w20,543,99,4111,1896,2116,1823,24,30,43,3,13,14,131,43
20260808,r12_d30_t1_w20,544,102,4120,1901,2117,1827,23,32,42,3,13,14,131,43
20260808,r12_d30_t1_w20,545,102,4128,1903,2123,1828,22,30,45,3,14,12,131,43
20260808,r12_d30_t1_w20,546,99,4134,1908,2127,1832,23,31,45,1,15,12,131,43
20260808,r12_d30_t1_w20,547,100,4144,1911,2133,1833,19,29,49,3,16,11,131,43
20260808,r12_d30_t1_w20,548,104,4154,1915,2135,1838,20,30,47,3,17,10,131,43
20260808,r12_d30_t1_w20,549,102,4163,1918,2143,1839,20,30,49,1,18,11,131,43
20260808,r12_d30_t1_w20,550,102,4169,1920,2147,1843,21,30,47,2,18,11,126,43
20260808,r12_d30_t1_w20,551,103,4176,1923,2150,1848,21,29,46,4,18,11,126,43
20260808,r12_d30_t1_w20,552,101,4181,1928,2152,1851,20,32,45,3,18,11,126,43
20260808,r12_d30_t1_w20,553,104,4190,1931,2155,1853,21,27,51,1,18,12,126,43
20260808,r12_d30_t1_w20,554,107,4196,1933,2156,1857,22,26,50,2,17,12,126,43
20260808,r12_d30_t1_w20,555,108,4206,1934,2164,1860,22,23,51,4,15,12,131,43
20260808,r12_d30_t1_w20,556,108,4212,1936,2168,1863,22,21,52,5,13,13,131,43
20260808,r12_d30_t1_w20,557,108,4222,1941,2173,1866,21,20,55,4,12,13,131,43
20260808,r12_d30_t1_w20,558,109,4232,1946,2177,1868,21,22,56,1,9,13,131,43
20260808,r12_d30_t1_w20,559,109,4239,1949,2181,1872,23,20,57,0,9,14,131,43
20260808,r12_d30_t1_w20,560,118,4248,1949,2181,1872,23,18,59,0,9,15,131,43
20260808,r12_d30_t1_w20,561,122,4253,1950,2181,1875,24,17,58,1,9,16,131,43
20260808,r12_d30_t1_w20,562,127,4259,1951,2181,1883,31,17,51,1,9,17,131,43
20260808,r12_d30_t1_w20,563,132,4267,1954,2181,1890,36,17,47,0,9,18,131,43
20260808,r12_d30_t1_w20,564,133,4277,1958,2186,1893,35,18,47,0,9,21,131,43
20260808,r12_d30_t1_w20,565,136,4287,1959,2192,1896,37,16,47,0,9,22,131,43
20260808,r12_d30_t1_w20,566,138,4296,1961,2197,1899,37,17,45,1,9,21,131,43
20260808,r12_d30_t1_w20,567,139,4306,1963,2204,1903,38,18,42,2,9,20,131,43
20260808,r12_d30_t1_w20,568,139,4313,1965,2209,1904,38,19,42,1,9,20,131,43
20260808,r12_d30_t1_w20,569,137,4320,1969,2214,1909,40,23,37,0,9,19,131,43
20260808,r12_d30_t1_w20,570,132,4326,1976,2218,1912,36,29,35,0,9,18,121,43
20260808,r12_d30_t1_w20,571,126,4332,1983,2223,1915,32,34,34,0,9,17,121,43
20260808,r12_d30_t1_w20,572,126,4339,1987,2226,1919,31,33,35,1,10,17,121,43
20260808,r12_d30_t1_w20,573,125,4347,1989,2233,1925,29,34,30,7,12,16,121,43
20260808,r12_d30_t1_w20,574,122,4353,1992,2239,1929,29,34,29,8,12,15,121,43
20260808,r12_d30_t1_w20,575,115,4359,2000,2244,1933,30,37,30,3,12,15,131,43
20260808,r12_d30_t1_w20,576,113,4366,2003,2250,1937,32,37,29,2,14,15,131,43
20260808,r12_d30_t1_w20,577,109,4372,2006,2257,1937,29,32,37,2,16,13,131,43
20260808,r12_d30_t1_w20,578,106,4379,2008,2265,1939,29,25,44,2,18,12,131,43
20260808,r12_d30_t1_w20,579,107,4386,2009,2270,1941,29,24,44,3,18,11,131,43
20260808,r12_d30_t1_w20,580,106,4393,2010,2277,1941,27,23,46,4,18,10,131,43
20260808,r12_d30_t1_w20,581,105,4398,2013,2280,1944,27,22,47,4,18,9,131,43
20260808,r12_d30_t1_w20,582,105,4408,2018,2285,1944,24,23,51,2,18,8,131,43
20260808,r12_d30_t1_w20,583,102,4414,2020,2292,1947,25,20,53,2,18,10,131,43
20260808,r12_d30_t1_w20,584,100,4421,2020,2301,1950,26,18,52,4,18,12,131,43
20260808,r12_d30_t1_w20,585,94,4426,2023,2309,1954,26,18,51,5,16,11,131,43
20260808,r12_d30_t1_w20,586,91,4432,2026,2315,1956,27,17,53,3,14,11,131,43
20260808,r12_d30_t1_w20,587,83,4437,2030,2324,1957,27,17,56,0,13,11,131,43
20260808,r12_d30_t1_w20,588,88,4447,2030,2329,1962,29,14,54,3,11,15,131,43
20260808,r12_d30_t1_w20,589,88,4453,2031,2334,1964,29,13,54,4,9,15,131,43
20260808,r12_d30_t1_w20,590,90,4458,2034,2334,1968,32,15,51,2,9,16,131,43
20260808,r12_d30_t1_w20,591,93,4463,2036,2334,1974,36,14,48,2,9,16,131,43
20260808,r12_d30_t1_w20,592,98,4472,2040,2334,1983,41,17,40,2,9,17,131,43
20260808,r12_d30_t1_w20,593,103,4479,2042,2334,1987,41,18,37,4,9,16,131,43
20260808,r12_d30_t1_w20,594,109,4487,2044,2334,1990,43,18,36,3,9,17,131,43
20260808,r12_d30_t1_w20,595,111,4494,2049,2334,1996,47,17,36,0,9,18,131,43
20260808,r12_d30_t1_w20,596,117,4501,2050,2334,1996,45,15,39,1,9,19,131,43
20260808,r12_d30_t1_w20,597,119,4508,2052,2337,2000,44,17,35,4,9,20,131,43
20260808,r12_d30_t1_w20,598,119,4515,2053,2343,2002,46,17,34,3,9,19,131,43
20260808,r12_d30_t1_w20,599,120,4522,2057,2345,2004,45,19,34,2,9,19,131,43
20260808,r12_d30_t1_w20,600,115,4528,2062,2351,2007,43,21,34,2,9,18,121,40
