seed,combo,t,queue,generated,matched,cancelled,completed,idle,enroute,ontrip,rebal,alertCells,maxPendingCell,trafficCells15,trafficCells25
42,r6_d30_t1_w20,1,4,7,3,0,0,96,3,0,1,1,2,131,43
42,r6_d30_t1_w20,2,11,17,6,0,0,81,6,0,13,2,3,131,43
42,r6_d30_t1_w20,3,15,22,7,0,0,69,7,0,24,5,4,131,43
42,r6_d30_t1_w20,4,9,28,19,0,0,69,16,3,12,1,2,131,43
42,r6_d30_t1_w20,5,5,37,32,0,0,68,25,7,0,0,1,131,43
42,r6_d30_t1_w20,6,11,43,32,0,0,66,20,12,2,3,2,131,43
42,r6_d30_t1_w20,7,21,53,32,0,0,65,13,19,3,5,6,131,43
42,r6_d30_t1_w20,8,25,59,34,0,0,65,10,24,1,6,6,131,43
42,r6_d30_t1_w20,9,31,66,35,0,0,65,5,30,0,7,6,131,43
42,r6_d30_t1_w20,10,36,71,35,0,0,65,3,32,0,9,6,131,43
42,r6_d30_t1_w20,11,44,81,37,0,0,62,5,32,1,9,7,131,43
42,r6_d30_t1_w20,12,52,90,38,0,0,61,6,32,1,9,9,131,43
42,r6_d30_t1_w20,13,57,97,40,0,1,60,6,33,1,9,9,131,43
42,r6_d30_t1_w20,14,61,102,41,0,4,61,7,30,2,9,10,131,43
42,r6_d30_t1_w20,15,68,110,42,0,5,62,8,29,1,9,11,131,43
42,r6_d30_t1_w20,16,73,118,45,0,7,62,9,29,0,9,11,131,43
42,r6_d30_t1_w20,17,77,124,47,0,9,61,10,28,1,9,11,131,43
42,r6_d30_t1_w20,18,84,133,49,0,12,61,10,27,2,9,11,131,43
42,r6_d30_t1_w20,19,88,140,52,0,14,61,10,28,1,9,11,131,43
42,r6_d30_t1_w20,20,95,149,54,0,15,60,10,29,1,9,13,121,40
42,r6_d30_t1_w20,21,101,158,56,1,17,58,9,30,3,9,13,121,40
42,r6_d30_t1_w20,22,104,163,58,1,19,59,11,28,2,9,14,121,40
42,r6_d30_t1_w20,23,105,168,62,1,21,59,15,26,0,9,14,121,40
42,r6_d30_t1_w20,24,108,174,65,1,27,59,17,21,3,9,15,121,40
42,r6_d30_t1_w20,25,116,183,66,1,32,62,14,20,4,9,16,126,43
42,r6_d30_t1_w20,26,119,190,69,2,34,63,17,18,2,9,16,126,43
42,r6_d30_t1_w20,27,124,198,71,3,34,62,13,24,1,9,17,126,43
42,r6_d30_t1_w20,28,126,206,73,7,36,63,14,23,0,9,19,126,43
42,r6_d30_t1_w20,29,127,213,73,13,37,64,8,28,0,9,21,126,43
42,r6_d30_t1_w20,30,125,220,78,17,39,61,12,27,0,9,21,131,43
42,r6_d30_t1_w20,31,122,227,80,25,40,59,10,30,1,9,20,131,43
42,r6_d30_t1_w20,32,119,232,80,33,43,58,8,29,5,12,18,131,43
42,r6_d30_t1_w20,33,120,239,81,38,43,40,7,31,22,14,16,131,43
42,r6_d30_t1_w20,34,122,249,85,42,44,41,9,32,18,17,16,131,43
42,r6_d30_t1_w20,35,104,257,103,50,46,41,24,33,2,13,15,131,43
42,r6_d30_t1_w20,36,102,262,104,56,47,40,20,37,3,14,14,131,43
42,r6_d30_t1_w20,37,104,272,109,59,52,40,20,37,3,16,12,131,43
42,r6_d30_t1_w20,38,104,279,111,64,54,40,14,43,3,17,12,131,43
42,r6_d30_t1_w20,39,106,288,113,69,54,39,9,50,2,18,12,131,43
42,r6_d30_t1_w20,40,101,293,114,78,55,38,10,49,3,18,10,131,43
42,r6_d30_t1_w20,41,102,303,116,85,57,36,9,50,5,18,9,131,43
42,r6_d30_t1_w20,42,102,310,119,89,61,38,8,50,4,18,8,131,43
42,r6_d30_t1_w20,43,104,318,123,91,63,38,9,51,2,18,9,131,43
42,r6_d30_t1_w20,44,103,323,125,95,66,39,9,50,2,18,9,131,43
42,r6_d30_t1_w20,45,100,330,126,104,69,39,7,50,4,14,9,131,43
42,r6_d30_t1_w20,46,99,337,128,110,70,38,6,52,4,14,10,131,43
42,r6_d30_t1_w20,47,96,342,131,115,72,38,9,50,3,11,11,131,43
42,r6_d30_t1_w20,48,93,349,135,121,79,40,11,45,4,10,12,131,43
42,r6_d30_t1_w20,49,93,359,138,128,82,42,10,46,2,9,14,131,43
42,r6_d30_t1_w20,50,96,365,141,128,85,42,10,46,2,9,14,126,43
42,r6_d30_t1_w20,51,99,371,143,129,85,40,9,49,2,9,14,126,43
42,r6_d30_t1_w20,52,102,380,149,129,92,40,12,45,3,9,14,126,43
42,r6_d30_t1_w20,53,105,385,149,131,97,44,10,42,4,9,15,126,43
42,r6_d30_t1_w20,54,107,390,152,131,103,46,13,36,5,9,15,126,43
42,r6_d30_t1_w20,55,109,395,155,131,104,43,16,35,6,9,15,131,43
42,r6_d30_t1_w20,56,112,404,160,132,108,45,18,34,3,9,16,131,43
42,r6_d30_t1_w20,57,117,411,162,132,109,46,17,36,1,9,17,131,43
42,r6_d30_t1_w20,58,121,421,166,134,111,45,16,39,0,9,16,131,43
42,r6_d30_t1_w20,59,116,427,169,142,116,45,16,37,2,9,15,131,43
42,r6_d30_t1_w20,60,118,436,171,147,121,44,15,35,6,10,14,131,43
42,r6_d30_t1_w20,61,117,441,173,151,125,24,14,34,28,11,14,131,43
42,r6_d30_t1_w20,62,114,448,178,156,129,13,14,35,38,15,14,131,43
42,r6_d30_t1_w20,63,96,456,203,157,131,14,33,39,14,10,12,131,43
42,r6_d30_t1_w20,64,90,462,211,161,134,21,35,42,2,9,12,131,43
42,r6_d30_t1_w20,65,86,472,219,167,134,13,34,51,2,9,11,131,43
42,r6_d30_t1_w20,66,83,477,222,172,136,14,29,57,0,11,11,131,43
42,r6_d30_t1_w20,67,87,485,222,176,137,14,21,64,1,13,9,131,43
42,r6_d30_t1_w20,68,87,491,222,182,141,17,13,68,2,13,8,131,43
42,r6_d30_t1_w20,69,83,497,223,191,142,16,8,73,3,15,7,131,43
42,r6_d30_t1_w20,70,89,507,225,193,146,18,9,70,3,16,7,131,43
42,r6_d30_t1_w20,71,94,517,227,196,149,20,7,71,2,17,7,131,43
42,r6_d30_t1_w20,72,94,526,230,202,153,20,6,71,3,17,8,131,43
42,r6_d30_t1_w20,73,95,531,231,205,158,22,5,68,5,17,8,131,43
42,r6_d30_t1_w20,74,95,538,234,209,158,21,8,68,3,17,8,131,43
42,r6_d30_t1_w20,75,99,548,238,211,161,22,11,66,1,17,9,131,43
42,r6_d30_t1_w20,76,98,556,240,218,167,21,12,61,6,15,12,131,43
42,r6_d30_t1_w20,77,96,562,242,224,173,23,12,57,8,14,12,131,43
42,r6_d30_t1_w20,78,92,570,249,229,179,24,14,56,6,10,13,131,43
42,r6_d30_t1_w20,79,93,579,255,231,188,28,18,49,5,9,13,131,43
42,r6_d30_t1_w20,80,95,584,257,232,192,32,16,49,3,9,13,131,43
42,r6_d30_t1_w20,81,99,590,259,232,199,34,15,45,6,9,13,131,43
42,r6_d30_t1_w20,82,105,598,261,232,205,37,15,41,7,9,14,131,43
42,r6_d30_t1_w20,83,103,604,269,232,209,38,20,40,2,9,15,131,43
42,r6_d30_t1_w20,84,107,613,274,232,214,40,22,38,0,9,16,131,43
42,r6_d30_t1_w20,85,115,623,275,233,218,43,20,37,0,9,18,131,43
42,r6_d30_t1_w20,86,120,628,275,233,221,43,15,39,3,9,18,131,43
42,r6_d30_t1_w20,87,127,638,277,234,224,44,15,38,3,9,20,131,43
42,r6_d30_t1_w20,88,128,645,283,234,227,43,17,39,1,9,19,131,43
42,r6_d30_t1_w20,89,136,654,284,234,229,44,14,41,1,9,20,131,43
42,r6_d30_t1_w20,90,131,661,288,242,229,40,14,45,1,10,20,131,43
42,r6_d30_t1_w20,91,128,667,288,251,234,30,12,42,16,13,18,131,43
42,r6_d30_t1_w20,92,131,677,289,257,236,21,11,42,26,14,18,131,43
42,r6_d30_t1_w20,93,120,683,304,259,237,22,23,44,11,11,18,131,43
42,r6_d30_t1_w20,94,107,688,316,265,239,22,31,46,1,9,18,131,43
42,r6_d30_t1_w20,95,103,693,316,274,242,22,26,48,4,10,16,131,43
42,r6_d30_t1_w20,96,101,700,319,280,246,21,22,51,6,13,15,131,43
42,r6_d30_t1_w20,97,106,710,322,282,247,21,20,55,4,16,14,131,43
42,r6_d30_t1_w20,98,106,720,327,287,247,19,19,61,1,18,14,131,43
42,r6_d30_t1_w20,99,108,730,328,294,253,23,10,65,2,18,12,131,43
42,r6_d30_t1_w20,100,110,738,329,299,257,22,6,66,6,18,9,121,40
42,r6_d30_t1_w20,101,110,746,333,303,262,22,9,62,7,18,9,121,40
42,r6_d30_t1_w20,102,108,754,338,308,264,21,13,61,5,18,9,121,40
42,r6_d30_t1_w20,103,107,761,342,312,269,23,14,59,4,17,11,121,40
42,r6_d30_t1_w20,104,107,770,346,317,274,24,15,57,4,18,11,121,40
42,r6_d30_t1_w20,105,103,777,348,326,278,24,15,55,6,18,11,131,43
42,r6_d30_t1_w20,106,102,786,354,330,284,21,18,52,9,17,12,131,43
42,r6_d30_t1_w20,107,100,793,358,335,287,24,18,53,5,13,13,131,43
42,r6_d30_t1_w20,108,101,803,364,338,292,26,20,52,2,12,14,131,43
42,r6_d30_t1_w20,109,101,812,364,347,295,29,15,54,2,9,14,131,43
42,r6_d30_t1_w20,110,106,822,369,347,297,27,15,57,1,9,15,131,43
42,r6_d30_t1_w20,111,113,830,370,347,303,30,12,55,3,9,17,131,43
42,r6_d30_t1_w20,112,117,837,373,347,309,32,15,49,4,9,18,131,43
42,r6_d30_t1_w20,113,119,844,377,348,313,34,14,50,2,9,17,131,43
42,r6_d30_t1_w20,114,121,850,381,348,315,33,16,50,1,9,18,131,43
42,r6_d30_t1_w20,115,126,859,385,348,322,35,17,46,2,9,20,131,43
42,r6_d30_t1_w20,116,133,869,388,348,328,38,17,43,2,9,20,131,43
42,r6_d30_t1_w20,117,139,877,390,348,329,37,18,43,2,9,22,131,43
42,r6_d30_t1_w20,118,142,882,391,349,333,39,16,42,3,9,22,131,43
42,r6_d30_t1_w20,119,139,888,393,356,335,39,12,46,3,9,22,131,43
42,r6_d30_t1_w20,120,135,895,400,360,336,34,16,48,2,9,20,131,43
42,r6_d30_t1_w20,121,132,905,405,368,340,32,20,45,3,10,20,131,43
42,r6_d30_t1_w20,122,132,913,407,374,345,23,18,44,15,11,19,131,43
42,r6_d30_t1_w20,123,133,923,410,380,346,23,18,46,13,16,18,131,43
42,r6_d30_t1_w20,124,123,933,423,387,348,24,24,51,1,13,17,131,43
42,r6_d30_t1_w20,125,123,942,425,394,354,24,21,50,5,16,16,121,40
42,r6_d30_t1_w20,126,122,949,426,401,356,24,17,53,6,17,13,121,40
42,r6_d30_t1_w20,127,117,955,432,406,359,25,21,52,2,17,12,121,40
42,r6_d30_t1_w20,128,115,962,435,412,363,26,18,54,2,17,12,121,40
42,r6_d30_t1_w20,129,110,968,438,420,370,28,17,51,4,17,11,121,40
42,r6_d30_t1_w20,130,108,973,440,425,372,28,15,53,4,17,10,131,43
42,r6_d30_t1_w20,131,104,981,444,433,377,28,15,52,5,16,11,131,43
42,r6_d30_t1_w20,132,103,987,448,436,379,27,13,56,4,16,11,131,43
42,r6_d30_t1_w20,133,104,997,452,441,383,27,15,54,4,16,10,131,43
42,r6_d30_t1_w20,134,107,1007,455,445,386,28,16,53,3,16,11,131,43
42,r6_d30_t1_w20,135,105,1014,458,451,390,29,18,50,3,14,12,131,43
42,r6_d30_t1_w20,136,104,1020,458,458,392,30,8,58,4,12,12,131,43
42,r6_d30_t1_w20,137,99,1025,462,464,395,31,11,56,2,10,14,131,43
42,r6_d30_t1_w20,138,98,1030,464,468,403,37,10,51,2,10,14,131,43
42,r6_d30_t1_w20,139,97,1038,468,473,409,39,13,46,2,9,15,131,43
42,r6_d30_t1_w20,140,101,1045,470,474,414,43,10,46,1,9,17,131,43
42,r6_d30_t1_w20,141,108,1054,472,474,421,46,11,40,3,9,18,131,43
42,r6_d30_t1_w20,142,118,1064,472,474,422,46,10,40,4,9,19,131,43
42,r6_d30_t1_w20,143,120,1070,475,475,425,48,10,40,2,9,19,131,43
42,r6_d30_t1_w20,144,124,1078,478,476,429,46,11,38,5,9,20,131,43
42,r6_d30_t1_w20,145,128,1083,479,476,433,48,10,36,6,9,21,131,43
42,r6_d30_t1_w20,146,131,1092,484,477,435,46,10,39,5,9,20,131,43
42,r6_d30_t1_w20,147,132,1098,486,480,437,47,10,39,4,9,20,131,43
42,r6_d30_t1_w20,148,129,1105,491,485,440,48,12,39,1,9,19,131,43
42,r6_d30_t1_w20,149,129,1112,494,489,443,49,15,36,0,9,19,131,43
42,r6_d30_t1_w20,150,128,1118,497,493,446,48,15,36,1,10,18,131,43
42,r6_d30_t1_w20,151,132,1128,497,499,448,34,11,38,17,13,17,131,43
42,r6_d30_t1_w20,152,135,1138,499,504,450,10,11,38,41,17,17,131,43
42,r6_d30_t1_w20,153,118,1145,516,511,455,10,25,36,29,13,17,131,43
42,r6_d30_t1_w20,154,98,1151,534,519,456,17,35,43,5,9,15,131,43
42,r6_d30_t1_w20,155,91,1158,542,525,459,14,33,50,3,9,12,126,43
42,r6_d30_t1_w20,156,87,1164,548,529,460,9,35,53,3,9,11,126,43
42,r6_d30_t1_w20,157,91,1173,550,532,462,9,29,59,3,11,11,126,43
42,r6_d30_t1_w20,158,91,1179,552,536,467,11,20,65,4,12,10,126,43
42,r6_d30_t1_w20,159,91,1187,554,542,469,11,16,69,4,15,10,126,43
42,r6_d30_t1_w20,160,90,1195,558,547,477,15,13,68,4,17,10,131,43
42,r6_d30_t1_w20,161,88,1203,561,554,478,15,14,69,2,17,9,131,43
42,r6_d30_t1_w20,162,86,1213,564,563,478,14,11,75,0,17,7,131,43
42,r6_d30_t1_w20,163,86,1219,564,569,482,16,10,72,2,17,8,131,43
42,r6_d30_t1_w20,164,84,1225,565,576,484,17,7,74,2,16,8,131,43
42,r6_d30_t1_w20,165,86,1235,569,580,491,20,8,70,2,16,9,131,43
42,r6_d30_t1_w20,166,87,1244,570,587,500,23,3,67,7,13,9,131,43
42,r6_d30_t1_w20,167,84,1249,574,591,503,22,6,65,7,10,10,131,43
42,r6_d30_t1_w20,168,88,1259,580,591,507,24,12,61,3,9,13,131,43
42,r6_d30_t1_w20,169,82,1264,586,596,514,27,16,56,1,9,13,131,43
42,r6_d30_t1_w20,170,86,1269,587,596,516,27,12,59,2,10,13,131,43
42,r6_d30_t1_w20,171,89,1274,589,596,521,26,11,57,6,9,13,131,43
42,r6_d30_t1_w20,172,93,1281,592,596,525,27,10,57,6,9,14,131,43
42,r6_d30_t1_w20,173,94,1286,596,596,533,32,12,51,5,9,14,131,43
42,r6_d30_t1_w20,174,99,1294,599,596,540,36,14,45,5,9,15,131,43
42,r6_d30_t1_w20,175,102,1302,604,596,545,38,15,44,3,9,15,131,43
42,r6_d30_t1_w20,176,106,1309,607,596,549,38,16,42,4,9,17,131,43
42,r6_d30_t1_w20,177,110,1315,609,596,554,42,15,40,3,9,18,131,43
42,r6_d30_t1_w20,178,110,1322,615,597,556,39,18,41,2,9,16,131,43
42,r6_d30_t1_w20,179,114,1327,616,597,560,42,17,39,2,9,16,131,43
42,r6_d30_t1_w20,180,111,1333,624,598,565,38,21,38,3,9,15,121,40
42,r6_d30_t1_w20,181,109,1340,626,605,567,36,20,39,5,10,14,121,40
42,r6_d30_t1_w20,182,110,1350,630,610,569,23,21,40,16,14,13,121,40
42,r6_d30_t1_w20,183,110,1355,632,613,571,22,16,45,17,14,13,121,40
42,r6_d30_t1_w20,184,101,1365,647,617,576,22,26,45,7,11,13,121,40
42,r6_d30_t1_w20,185,91,1370,653,626,580,21,28,45,6,12,12,131,43
42,r6_d30_t1_w20,186,87,1375,659,629,582,18,32,45,5,13,11,131,43
42,r6_d30_t1_w20,187,86,1380,662,632,584,19,28,50,3,13,10,131,43
42,r6_d30_t1_w20,188,81,1387,665,641,586,18,23,56,3,13,9,131,43
42,r6_d30_t1_w20,189,87,1395,665,643,590,18,16,59,7,16,9,131,43
42,r6_d30_t1_w20,190,90,1405,669,646,592,16,14,63,7,17,8,131,43
42,r6_d30_t1_w20,191,87,1411,674,650,595,17,12,67,4,18,8,131,43
42,r6_d30_t1_w20,192,86,1419,680,653,597,15,14,69,2,17,8,131,43
42,r6_d30_t1_w20,193,91,1428,681,656,599,14,11,71,4,17,9,131,43
42,r6_d30_t1_w20,194,90,1434,682,662,603,17,9,70,4,17,12,131,43
42,r6_d30_t1_w20,195,91,1442,687,664,607,18,12,68,2,15,13,131,43
42,r6_d30_t1_w20,196,89,1450,690,671,613,17,11,66,6,13,15,131,43
42,r6_d30_t1_w20,197,87,1455,692,676,615,17,12,65,6,11,14,131,43
42,r6_d30_t1_w20,198,88,1463,698,677,621,19,16,61,4,9,15,131,43
42,r6_d30_t1_w20,199,90,1471,700,681,628,24,12,60,4,9,16,131,43
42,r6_d30_t1_w20,200,97,1481,703,681,632,27,12,59,2,9,17,131,43
42,r6_d30_t1_w20,201,100,1486,705,681,635,27,14,56,3,9,17,131,43
42,r6_d30_t1_w20,202,108,1496,707,681,639,30,15,53,2,9,18,131,43
42,r6_d30_t1_w20,203,114,1506,711,681,648,35,16,47,2,9,17,131,43
42,r6_d30_t1_w20,204,122,1516,713,681,653,36,12,48,4,9,19,131,43
42,r6_d30_t1_w20,205,127,1525,717,681,655,36,15,47,2,9,19,131,43
42,r6_d30_t1_w20,206,132,1535,721,682,659,37,18,44,1,9,19,131,43
42,r6_d30_t1_w20,207,136,1540,722,682,665,42,16,41,1,9,20,131,43
42,r6_d30_t1_w20,208,139,1546,724,683,669,43,15,40,2,9,20,131,43
42,r6_d30_t1_w20,209,138,1551,725,688,672,45,12,41,2,9,20,131,43
42,r6_d30_t1_w20,210,135,1560,730,695,677,46,14,39,1,9,19,131,43
42,r6_d30_t1_w20,211,134,1565,731,700,679,43,13,39,5,11,19,131,43
42,r6_d30_t1_w20,212,136,1573,732,705,681,30,10,41,19,13,18,131,43
42,r6_d30_t1_w20,213,131,1579,738,710,685,31,14,39,16,12,17,131,43
42,r6_d30_t1_w20,214,117,1587,754,716,689,33,27,38,2,9,17,131,43
42,r6_d30_t1_w20,215,113,1593,756,724,692,31,24,40,5,12,16,131,43
42,r6_d30_t1_w20,216,110,1598,757,731,695,33,20,42,5,14,13,131,43
42,r6_d30_t1_w20,217,110,1607,762,735,698,34,19,45,2,14,13,131,43
42,r6_d30_t1_w20,218,108,1615,766,741,699,32,15,52,1,16,12,131,43
42,r6_d30_t1_w20,219,107,1622,768,747,701,32,11,56,1,17,11,131,43
42,r6_d30_t1_w20,220,104,1629,771,754,706,33,11,54,2,18,11,131,43
42,r6_d30_t1_w20,221,102,1634,774,758,709,31,10,55,4,17,11,131,43
42,r6_d30_t1_w20,222,99,1642,775,768,712,33,9,54,4,16,9,131,43
42,r6_d30_t1_w20,223,92,1650,780,778,714,32,13,53,2,15,8,131,43
42,r6_d30_t1_w20,224,91,1659,783,785,717,32,15,51,2,15,10,131,43
42,r6_d30_t1_w20,225,88,1664,784,792,719,32,16,49,3,14,10,131,43
42,r6_d30_t1_w20,226,85,1669,785,799,719,30,13,53,4,13,11,131,43
42,r6_d30_t1_w20,227,84,1678,790,804,725,33,16,49,2,11,12,131,43
42,r6_d30_t1_w20,228,91,1688,792,805,730,36,14,48,2,9,12,131,43
42,r6_d30_t1_w20,229,95,1697,793,809,736,39,8,49,4,9,13,131,43
42,r6_d30_t1_w20,230,102,1705,793,810,742,46,6,45,3,9,13,131,43
42,r6_d30_t1_w20,231,109,1714,795,810,745,49,5,45,1,9,14,131,43
42,r6_d30_t1_w20,232,113,1721,797,811,749,50,5,43,2,9,15,131,43
42,r6_d30_t1_w20,233,118,1728,798,812,752,51,5,41,3,9,15,131,43
42,r6_d30_t1_w20,234,122,1737,801,814,757,51,7,37,5,9,17,131,43
42,r6_d30_t1_w20,235,127,1745,804,814,763,53,9,32,6,9,17,111,40
42,r6_d30_t1_w20,236,127,1751,810,814,768,53,14,28,5,9,19,111,40
42,r6_d30_t1_w20,237,135,1761,812,814,768,53,15,29,3,9,21,111,40
42,r6_d30_t1_w20,238,139,1770,817,814,770,51,19,28,2,9,21,111,40
42,r6_d30_t1_w20,239,143,1779,818,818,772,52,15,31,2,9,21,111,40
42,r6_d30_t1_w20,240,142,1788,825,821,773,46,20,32,2,10,21,131,43
42,r6_d30_t1_w20,241,144,1794,825,825,776,36,13,36,15,11,19,131,43
42,r6_d30_t1_w20,242,141,1799,827,831,778,19,12,37,32,12,19,131,43
42,r6_d30_t1_w20,243,126,1804,841,837,779,17,23,39,21,10,18,131,43
42,r6_d30_t1_w20,244,116,1813,852,845,782,28,27,43,2,9,18,131,43
42,r6_d30_t1_w20,245,113,1819,858,848,785,26,28,45,1,9,17,131,43
42,r6_d30_t1_w20,246,111,1829,865,853,785,18,26,54,2,10,17,131,43
42,r6_d30_t1_w20,247,112,1838,866,860,789,17,21,56,6,12,17,131,43
42,r6_d30_t1_w20,248,110,1848,869,869,793,16,17,59,8,16,17,131,43
42,r6_d30_t1_w20,249,101,1853,875,877,797,16,16,62,6,15,13,131,43
42,r6_d30_t1_w20,250,101,1862,879,882,800,16,16,63,5,16,12,131,43
42,r6_d30_t1_w20,251,101,1872,883,888,802,15,16,65,4,15,12,131,43
42,r6_d30_t1_w20,252,97,1879,887,895,806,16,15,66,3,17,12,131,43
42,r6_d30_t1_w20,253,93,1885,890,902,810,15,15,65,5,16,10,131,43
42,r6_d30_t1_w20,254,92,1892,891,909,810,15,14,67,4,16,9,131,43
42,r6_d30_t1_w20,255,86,1898,897,915,813,14,16,68,2,15,8,122,43
42,r6_d30_t1_w20,256,89,1906,898,919,816,15,14,68,3,15,8,122,43
42,r6_d30_t1_w20,257,84,1912,902,926,824,17,10,68,5,14,8,122,43
42,r6_d30_t1_w20,258,88,1922,904,930,828,17,10,66,7,12,9,122,43
42,r6_d30_t1_w20,259,83,1930,911,936,835,18,13,63,6,9,11,122,43
42,r6_d30_t1_w20,260,88,1937,913,936,844,25,15,54,6,9,12,131,43
42,r6_d30_t1_w20,261,92,1944,916,936,848,28,13,55,4,9,13,131,43
42,r6_d30_t1_w20,262,95,1951,919,937,853,32,13,53,2,9,14,131,43
42,r6_d30_t1_w20,263,97,1959,924,938,861,31,15,48,6,9,15,131,43
42,r6_d30_t1_w20,264,100,1964,926,938,867,34,14,45,7,9,16,131,43
42,r6_d30_t1_w20,265,102,1972,932,938,870,35,19,43,3,9,15,131,43
42,r6_d30_t1_w20,266,104,1977,934,939,874,35,18,42,5,9,15,131,43
42,r6_d30_t1_w20,267,111,1987,937,939,879,37,16,42,5,9,16,131,43
42,r6_d30_t1_w20,268,113,1993,941,939,881,39,17,43,1,9,16,131,43
42,r6_d30_t1_w20,269,117,2002,946,939,882,36,16,48,0,9,16,131,43
42,r6_d30_t1_w20,270,122,2012,950,940,884,31,17,49,3,9,16,131,43
42,r6_d30_t1_w20,271,125,2017,951,941,886,27,14,51,8,11,16,131,43
42,r6_d30_t1_w20,272,125,2025,954,946,892,22,13,49,16,12,16,131,43
42,r6_d30_t1_w20,273,126,2033,960,947,893,22,17,50,11,13,16,131,43
42,r6_d30_t1_w20,274,122,2043,971,950,897,24,22,52,2,13,16,131,43
42,r6_d30_t1_w20,275,127,2053,972,954,903,26,18,51,5,15,15,131,43
42,r6_d30_t1_w20,276,124,2059,976,959,908,26,16,52,6,15,14,131,43
42,r6_d30_t1_w20,277,128,2069,980,961,910,24,16,54,6,15,12,131,43
42,r6_d30_t1_w20,278,125,2076,983,968,911,24,16,56,4,17,10,131,43
42,r6_d30_t1_w20,279,125,2085,987,973,916,27,17,54,2,16,10,131,43
42,r6_d30_t1_w20,280,120,2091,991,980,919,26,18,54,2,16,10,131,43
42,r6_d30_t1_w20,281,121,2098,992,985,920,25,13,59,3,16,11,131,43
42,r6_d30_t1_w20,282,117,2103,994,992,921,24,13,60,3,16,11,131,43
42,r6_d30_t1_w20,283,117,2111,999,995,928,25,14,57,4,16,13,131,43
42,r6_d30_t1_w20,284,119,2120,1002,999,931,25,15,56,4,16,13,131,43
42,r6_d30_t1_w20,285,117,2129,1007,1005,938,26,16,53,5,14,14,121,40
42,r6_d30_t1_w20,286,118,2135,1008,1009,939,26,12,57,5,14,14,121,40
42,r6_d30_t1_w20,287,114,2142,1013,1015,943,23,15,55,7,12,15,121,40
42,r6_d30_t1_w20,288,115,2150,1016,1019,949,25,16,51,8,9,16,121,40
42,r6_d30_t1_w20,289,112,2155,1023,1020,950,24,20,53,3,9,17,121,40
42,r6_d30_t1_w20,290,113,2160,1026,1021,955,27,15,56,2,9,18,126,43
42,r6_d30_t1_w20,291,119,2170,1029,1022,960,28,15,54,3,9,18,126,43
42,r6_d30_t1_w20,292,125,2178,1030,1023,966,32,10,54,4,9,21,126,43
42,r6_d30_t1_w20,293,127,2184,1033,1024,972,36,12,49,3,9,20,126,43
42,r6_d30_t1_w20,294,130,2191,1035,1026,975,37,10,50,3,9,21,126,43
42,r6_d30_t1_w20,295,128,2196,1037,1031,979,40,9,49,2,9,20,131,43
42,r6_d30_t1_w20,296,129,2203,1039,1035,982,43,11,46,0,9,18,131,43
42,r6_d30_t1_w20,297,125,2210,1042,1043,986,44,12,44,0,9,16,131,43
42,r6_d30_t1_w20,298,124,2216,1043,1049,990,47,12,41,0,9,19,131,43
42,r6_d30_t1_w20,299,122,2223,1045,1056,995,49,13,37,1,9,20,131,43
42,r6_d30_t1_w20,300,119,2230,1050,1061,996,45,14,40,1,9,20,131,43
42,r6_d30_t1_w20,301,116,2236,1053,1067,997,43,14,42,1,10,20,131,43
42,r6_d30_t1_w20,302,121,2246,1054,1071,1001,36,12,41,11,12,20,131,43
42,r6_d30_t1_w20,303,120,2256,1058,1078,1004,26,15,39,20,14,19,131,43
42,r6_d30_t1_w20,304,111,2266,1070,1085,1007,25,25,38,12,14,18,131,43
42,r6_d30_t1_w20,305,101,2275,1081,1093,1010,25,30,41,4,14,17,131,43
42,r6_d30_t1_w20,306,100,2282,1084,1098,1015,27,27,42,4,13,15,131,43
42,r6_d30_t1_w20,307,105,2291,1086,1100,1017,27,25,44,4,17,14,131,43
42,r6_d30_t1_w20,308,107,2301,1088,1106,1020,29,24,44,3,18,12,131,43
42,r6_d30_t1_w20,309,107,2307,1092,1108,1025,29,21,46,4,18,12,131,43
42,r6_d30_t1_w20,310,110,2317,1095,1112,1029,28,18,48,6,18,12,131,43
42,r6_d30_t1_w20,311,108,2324,1098,1118,1031,30,15,52,3,18,11,131,43
42,r6_d30_t1_w20,312,104,2329,1101,1124,1034,32,13,54,1,18,10,131,43
42,r6_d30_t1_w20,313,103,2335,1103,1129,1037,33,7,59,1,17,9,131,43
42,r6_d30_t1_w20,314,102,2343,1107,1134,1039,31,11,57,1,15,10,131,43
42,r6_d30_t1_w20,315,102,2348,1107,1139,1041,33,7,59,1,14,11,131,43
42,r6_d30_t1_w20,316,103,2357,1109,1145,1044,31,8,57,4,13,12,131,43
42,r6_d30_t1_w20,317,107,2367,1109,1151,1045,31,8,56,5,13,13,131,43
42,r6_d30_t1_w20,318,105,2376,1115,1156,1047,29,7,61,3,10,14,131,43
42,r6_d30_t1_w20,319,104,2383,1117,1162,1051,29,9,57,5,9,14,131,43
42,r6_d30_t1_w20,320,110,2392,1119,1163,1054,31,10,55,4,9,13,131,43
42,r6_d30_t1_w20,321,116,2400,1121,1163,1060,37,9,52,2,9,15,131,43
42,r6_d30_t1_w20,322,124,2409,1122,1163,1063,40,8,51,1,9,16,131,43
42,r6_d30_t1_w20,323,124,2414,1127,1163,1070,43,10,47,0,9,15,131,43
42,r6_d30_t1_w20,324,131,2424,1129,1164,1075,43,11,43,3,9,17,131,43
42,r6_d30_t1_w20,325,137,2432,1131,1164,1078,44,12,41,3,9,19,131,43
42,r6_d30_t1_w20,326,136,2437,1136,1165,1084,47,14,38,1,9,21,131,43
42,r6_d30_t1_w20,327,130,2442,1139,1173,1090,48,14,35,3,9,21,131,43
42,r6_d30_t1_w20,328,126,2448,1141,1181,1094,51,15,32,2,9,21,131,43
42,r6_d30_t1_w20,329,127,2456,1145,1184,1097,51,13,35,1,9,21,131,43
42,r6_d30_t1_w20,330,123,2463,1150,1190,1099,48,15,36,1,9,19,131,43
42,r6_d30_t1_w20,331,119,2468,1153,1196,1104,47,18,31,4,10,18,131,43
42,r6_d30_t1_w20,332,120,2476,1156,1200,1109,34,18,29,19,12,18,131,43
42,r6_d30_t1_w20,333,120,2482,1161,1201,1109,15,20,32,33,14,18,131,43
42,r6_d30_t1_w20,334,106,2487,1177,1204,1109,14,31,37,18,9,17,131,43
42,r6_d30_t1_w20,335,103,2495,1184,1208,1110,26,32,42,0,9,17,121,40
42,r6_d30_t1_w20,336,96,2501,1189,1216,1113,24,31,45,0,9,16,121,40
42,r6_d30_t1_w20,337,86,2508,1196,1226,1116,20,30,50,0,9,14,121,40
42,r6_d30_t1_w20,338,83,2517,1200,1234,1119,16,25,56,3,12,14,121,40
42,r6_d30_t1_w20,339,80,2522,1201,1241,1120,15,17,64,4,13,11,121,40
42,r6_d30_t1_w20,340,79,2531,1205,1247,1126,18,16,63,3,12,10,131,43
42,r6_d30_t1_w20,341,75,2538,1209,1254,1127,16,14,68,2,14,10,131,43
42,r6_d30_t1_w20,342,70,2543,1212,1261,1128,15,15,69,1,14,9,131,43
42,r6_d30_t1_w20,343,75,2551,1212,1264,1128,12,12,72,4,16,9,131,43
42,r6_d30_t1_w20,344,70,2558,1216,1272,1132,12,13,71,4,14,5,131,43
42,r6_d30_t1_w20,345,67,2566,1221,1278,1137,14,18,66,2,13,8,131,43
42,r6_d30_t1_w20,346,65,2571,1224,1282,1144,17,17,63,3,12,8,131,43
42,r6_d30_t1_w20,347,69,2580,1227,1284,1148,16,15,64,5,10,10,131,43
42,r6_d30_t1_w20,348,71,2588,1229,1288,1153,21,14,62,3,10,10,131,43
42,r6_d30_t1_w20,349,69,2596,1233,1294,1160,24,15,58,3,9,10,131,43
42,r6_d30_t1_w20,350,77,2606,1235,1294,1163,23,12,60,5,9,10,131,43
42,r6_d30_t1_w20,351,78,2611,1239,1294,1167,25,12,60,3,9,12,131,43
42,r6_d30_t1_w20,352,81,2620,1245,1294,1174,27,16,55,2,9,12,131,43
42,r6_d30_t1_w20,353,88,2629,1247,1294,1176,26,16,55,3,9,12,131,43
42,r6_d30_t1_w20,354,95,2637,1248,1294,1181,27,13,54,6,9,13,131,43
42,r6_d30_t1_w20,355,96,2644,1253,1295,1188,30,15,50,5,9,15,131,43
42,r6_d30_t1_w20,356,96,2649,1258,1295,1193,32,14,51,3,9,14,131,43
42,r6_d30_t1_w20,357,96,2654,1263,1295,1202,36,17,44,3,9,15,131,43
42,r6_d30_t1_w20,358,98,2659,1266,1295,1204,36,19,43,2,9,14,131,43
42,r6_d30_t1_w20,359,100,2666,1270,1296,1212,39,21,37,3,9,15,131,43
42,r6_d30_t1_w20,360,105,2673,1272,1296,1214,39,20,38,3,9,15,126,43
42,r6_d30_t1_w20,361,111,2683,1276,1296,1216,33,19,41,7,13,15,126,43
42,r6_d30_t1_w20,362,117,2693,1278,1298,1217,25,16,45,14,16,15,126,43
42,r6_d30_t1_w20,363,120,2702,1284,1298,1218,26,19,47,8,14,14,126,43
42,r6_d30_t1_w20,364,120,2711,1293,1298,1220,25,20,53,2,17,14,126,43
42,r6_d30_t1_w20,365,123,2721,1294,1304,1222,25,11,61,3,18,12,131,43
42,r6_d30_t1_w20,366,122,2729,1299,1308,1226,24,12,61,3,18,12,131,43
42,r6_d30_t1_w20,367,124,2739,1301,1314,1230,23,13,58,6,18,11,131,43
42,r6_d30_t1_w20,368,123,2746,1305,1318,1233,23,12,60,5,18,11,131,43
42,r6_d30_t1_w20,369,119,2754,1310,1325,1236,22,15,59,4,18,9,131,43
42,r6_d30_t1_w20,370,121,2764,1312,1331,1238,22,14,60,4,18,9,131,43
42,r6_d30_t1_w20,371,120,2771,1318,1333,1241,20,18,59,3,18,9,131,43
42,r6_d30_t1_w20,372,118,2777,1320,1339,1249,23,12,59,6,18,10,131,43
42,r6_d30_t1_w20,373,119,2786,1323,1344,1252,23,13,58,6,18,11,131,43
42,r6_d30_t1_w20,374,112,2791,1328,1351,1257,23,16,55,6,14,11,131,43
42,r6_d30_t1_w20,375,117,2801,1331,1353,1260,23,13,58,6,14,12,131,43
42,r6_d30_t1_w20,376,121,2811,1335,1355,1265,24,15,55,6,14,13,131,43
42,r6_d30_t1_w20,377,123,2820,1339,1358,1270,25,15,54,6,12,14,131,43
42,r6_d30_t1_w20,378,124,2829,1345,1360,1275,27,16,54,3,10,17,131,43
42,r6_d30_t1_w20,379,123,2835,1349,1363,1278,26,17,54,3,9,17,131,43
42,r6_d30_t1_w20,380,128,2840,1349,1363,1285,31,11,53,5,9,18,115,42
42,r6_d30_t1_w20,381,131,2847,1352,1364,1288,33,7,57,3,9,19,115,42
42,r6_d30_t1_w20,382,134,2855,1356,1365,1291,35,10,55,0,9,18,115,42
42,r6_d30_t1_w20,383,142,2863,1356,1365,1293,35,9,54,2,9,19,115,42
42,r6_d30_t1_w20,384,145,2872,1357,1370,1295,36,7,55,2,9,19,115,42
42,r6_d30_t1_w20,385,146,2882,1359,1377,1298,39,8,53,0,9,20,131,43
42,r6_d30_t1_w20,386,143,2889,1363,1383,1305,40,10,48,2,9,21,131,43
42,r6_d30_t1_w20,387,143,2897,1365,1389,1312,42,9,44,5,9,20,131,43
42,r6_d30_t1_w20,388,144,2907,1369,1394,1316,43,11,42,4,9,20,131,43
42,r6_d30_t1_w20,389,141,2913,1373,1399,1318,42,12,43,3,9,20,131,43
42,r6_d30_t1_w20,390,130,2918,1380,1408,1321,39,18,41,2,9,19,121,40
42,r6_d30_t1_w20,391,131,2927,1385,1411,1328,39,19,38,4,12,18,121,40
42,r6_d30_t1_w20,392,134,2937,1387,1416,1329,20,18,40,22,12,17,121,40
42,r6_d30_t1_w20,393,132,2946,1392,1422,1332,22,21,39,18,15,15,121,40
42,r6_d30_t1_w20,394,117,2953,1410,1426,1335,22,36,39,3,10,15,121,40
42,r6_d30_t1_w20,395,111,2960,1414,1435,1340,22,32,42,4,11,14,131,43
42,r6_d30_t1_w20,396,107,2966,1418,1441,1342,23,28,48,1,14,13,131,43
42,r6_d30_t1_w20,397,107,2974,1419,1448,1344,24,23,52,1,16,12,131,43
42,r6_d30_t1_w20,398,108,2983,1419,1456,1345,24,16,58,2,18,12,131,43
42,r6_d30_t1_w20,399,107,2988,1420,1461,1347,25,9,64,2,18,11,131,43
42,r6_d30_t1_w20,400,109,2994,1421,1464,1350,25,7,64,4,18,10,131,43
42,r6_d30_t1_w20,401,111,3003,1424,1468,1353,25,9,62,4,18,9,131,43
42,r6_d30_t1_w20,402,112,3012,1430,1470,1355,24,13,62,1,18,10,131,43
42,r6_d30_t1_w20,403,111,3021,1433,1477,1356,22,10,67,1,18,10,131,43
42,r6_d30_t1_w20,404,112,3030,1435,1483,1361,23,10,64,3,18,13,131,43
42,r6_d30_t1_w20,405,110,3038,1439,1489,1365,23,12,62,3,16,15,131,43
42,r6_d30_t1_w20,406,114,3047,1441,1492,1371,28,13,57,2,15,16,131,43
42,r6_d30_t1_w20,407,110,3057,1447,1500,1375,25,15,57,3,13,15,131,43
42,r6_d30_t1_w20,408,107,3065,1450,1508,1379,26,16,55,3,9,16,131,43
42,r6_d30_t1_w20,409,106,3071,1452,1513,1385,30,15,52,3,9,17,131,43
42,r6_d30_t1_w20,410,112,3078,1452,1514,1386,32,13,53,2,9,19,131,43
42,r6_d30_t1_w20,411,114,3083,1455,1514,1392,37,13,50,0,9,19,131,43
42,r6_d30_t1_w20,412,124,3093,1455,1514,1395,38,12,48,2,9,21,131,43
42,r6_d30_t1_w20,413,129,3100,1457,1514,1403,43,10,44,3,9,22,131,43
42,r6_d30_t1_w20,414,132,3106,1459,1515,1409,48,11,39,2,9,22,131,43
42,r6_d30_t1_w20,415,136,3115,1464,1515,1413,47,15,36,2,9,22,131,43
42,r6_d30_t1_w20,416,137,3120,1465,1518,1417,48,12,36,4,9,23,131,43
42,r6_d30_t1_w20,417,136,3126,1467,1523,1422,51,8,37,4,9,24,131,43
42,r6_d30_t1_w20,418,133,3134,1473,1528,1425,49,13,35,3,9,22,131,43
42,r6_d30_t1_w20,419,133,3139,1474,1532,1428,50,11,35,4,9,20,131,43
42,r6_d30_t1_w20,420,134,3148,1480,1534,1429,47,16,35,2,9,20,131,43
42,r6_d30_t1_w20,421,134,3158,1483,1541,1432,45,16,35,4,12,17,131,43
42,r6_d30_t1_w20,422,133,3164,1484,1547,1437,17,13,34,36,14,16,131,43
42,r6_d30_t1_w20,423,129,3171,1489,1553,1438,16,15,36,33,15,15,131,43
42,r6_d30_t1_w20,424,103,3179,1518,1558,1441,20,40,37,3,9,12,131,43
42,r6_d30_t1_w20,425,100,3188,1524,1564,1444,17,35,45,3,9,12,131,43
42,r6_d30_t1_w20,426,97,3193,1526,1570,1446,17,20,60,3,11,11,131,43
42,r6_d30_t1_w20,427,95,3199,1528,1576,1448,15,13,67,5,13,10,131,43
42,r6_d30_t1_w20,428,90,3205,1532,1583,1451,14,11,70,5,15,10,131,43
42,r6_d30_t1_w20,429,90,3211,1535,1586,1453,15,12,70,3,16,10,131,43
42,r6_d30_t1_w20,430,90,3220,1538,1592,1455,16,12,71,1,15,10,131,43
42,r6_d30_t1_w20,431,93,3230,1540,1597,1455,15,12,73,0,16,9,131,43
42,r6_d30_t1_w20,432,94,3240,1540,1606,1457,14,7,76,3,17,8,131,43
42,r6_d30_t1_w20,433,96,3248,1540,1612,1458,13,7,75,5,16,8,131,43
42,r6_d30_t1_w20,434,97,3258,1544,1617,1462,15,10,72,3,17,8,131,43
42,r6_d30_t1_w20,435,92,3264,1548,1624,1472,15,9,67,9,15,10,131,43
42,r6_d30_t1_w20,436,90,3274,1555,1629,1477,12,15,63,10,14,11,131,43
42,r6_d30_t1_w20,437,85,3281,1566,1630,1485,15,23,58,4,12,11,131,43
42,r6_d30_t1_w20,438,88,3290,1569,1633,1488,15,20,61,4,10,12,131,43
42,r6_d30_t1_w20,439,86,3295,1574,1635,1495,17,19,60,4,9,12,131,43
42,r6_d30_t1_w20,440,92,3305,1578,1635,1499,16,19,60,5,9,13,131,43
42,r6_d30_t1_w20,441,93,3310,1582,1635,1505,18,19,58,5,9,13,131,43
42,r6_d30_t1_w20,442,97,3319,1587,1635,1511,20,15,61,4,9,14,131,43
42,r6_d30_t1_w20,443,98,3324,1591,1635,1513,19,18,60,3,9,15,131,43
42,r6_d30_t1_w20,444,100,3329,1594,1635,1517,22,19,58,1,9,15,131,43
42,r6_d30_t1_w20,445,102,3336,1598,1636,1525,25,20,53,2,9,16,121,40
42,r6_d30_t1_w20,446,109,3343,1598,1636,1526,24,17,55,4,9,16,121,40
42,r6_d30_t1_w20,447,111,3349,1601,1637,1532,27,17,52,4,9,16,121,40
42,r6_d30_t1_w20,448,115,3357,1605,1637,1537,29,13,55,3,9,17,121,40
42,r6_d30_t1_w20,449,117,3362,1608,1637,1538,26,13,57,4,9,18,121,40
42,r6_d30_t1_w20,450,123,3372,1612,1637,1541,21,14,57,8,11,18,131,43
42,r6_d30_t1_w20,451,122,3378,1615,1641,1547,19,15,53,13,14,18,131,43
42,r6_d30_t1_w20,452,119,3385,1621,1645,1553,21,14,54,11,16,17,131,43
42,r6_d30_t1_w20,453,118,3395,1630,1647,1556,20,21,53,6,14,16,131,43
42,r6_d30_t1_w20,454,117,3402,1633,1652,1558,19,18,57,6,15,15,131,43
42,r6_d30_t1_w20,455,114,3407,1638,1655,1561,20,18,59,3,14,15,131,43
42,r6_d30_t1_w20,456,108,3414,1644,1662,1565,19,18,61,2,16,14,131,43
42,r6_d30_t1_w20,457,109,3421,1644,1668,1569,21,14,61,4,16,12,131,43
42,r6_d30_t1_w20,458,104,3426,1647,1675,1574,24,16,57,3,16,12,131,43
42,r6_d30_t1_w20,459,109,3435,1650,1676,1577,23,13,60,4,16,11,131,43
42,r6_d30_t1_w20,460,108,3443,1651,1684,1578,22,12,61,5,18,11,131,43
42,r6_d30_t1_w20,461,104,3448,1657,1687,1586,25,16,55,4,18,9,131,43
42,r6_d30_t1_w20,462,102,3455,1661,1692,1590,27,14,57,2,18,9,131,43
42,r6_d30_t1_w20,463,107,3464,1664,1693,1595,28,11,58,3,16,10,131,43
42,r6_d30_t1_w20,464,112,3474,1666,1696,1599,26,10,57,7,15,11,131,43
42,r6_d30_t1_w20,465,108,3480,1672,1700,1603,26,13,56,5,15,11,131,43
42,r6_d30_t1_w20,466,107,3488,1678,1703,1608,27,14,56,3,13,12,131,43
42,r6_d30_t1_w20,467,108,3496,1681,1707,1612,27,15,54,4,12,12,131,43
42,r6_d30_t1_w20,468,109,3506,1684,1713,1615,27,14,55,4,9,13,131,43
42,r6_d30_t1_w20,469,108,3511,1688,1715,1621,30,16,51,3,9,15,131,43
42,r6_d30_t1_w20,470,114,3518,1689,1715,1625,34,12,52,2,9,15,131,43
42,r6_d30_t1_w20,471,117,3523,1691,1715,1627,34,11,53,2,9,15,131,43
42,r6_d30_t1_w20,472,121,3530,1694,1715,1632,36,13,49,2,9,16,131,43
42,r6_d30_t1_w20,473,127,3537,1695,1715,1638,39,12,45,4,9,17,131,43
42,r6_d30_t1_w20,474,128,3546,1699,1719,1646,43,10,43,4,9,17,131,43
42,r6_d30_t1_w20,475,132,3554,1703,1719,1648,44,12,43,1,9,20,131,43
42,r6_d30_t1_w20,476,131,3562,1705,1726,1651,42,12,42,4,9,20,131,43
42,r6_d30_t1_w20,477,133,3570,1705,1732,1657,48,11,37,4,9,22,131,43
42,r6_d30_t1_w20,478,137,3580,1710,1733,1659,49,12,39,0,9,23,131,43
42,r6_d30_t1_w20,479,139,3590,1710,1741,1661,50,11,38,1,9,23,131,43
42,r6_d30_t1_w20,480,133,3597,1717,1747,1665,46,16,36,2,9,22,131,43
42,r6_d30_t1_w20,481,127,3602,1724,1751,1668,43,20,36,1,9,21,131,43
42,r6_d30_t1_w20,482,129,3609,1726,1754,1671,43,20,35,2,10,21,131,43
42,r6_d30_t1_w20,483,124,3616,1729,1763,1673,29,20,36,15,11,19,131,43
42,r6_d30_t1_w20,484,121,3625,1733,1771,1678,26,18,37,19,15,18,131,43
42,r6_d30_t1_w20,485,111,3634,1748,1775,1684,28,30,34,8,13,18,131,43
42,r6_d30_t1_w20,486,105,3641,1755,1781,1684,27,35,36,2,13,18,131,43
42,r6_d30_t1_w20,487,104,3649,1758,1787,1686,27,32,40,1,14,16,131,43
42,r6_d30_t1_w20,488,103,3656,1758,1795,1687,27,27,44,2,16,16,131,43
42,r6_d30_t1_w20,489,106,3666,1760,1800,1688,26,20,52,2,17,13,131,43
42,r6_d30_t1_w20,490,106,3675,1762,1807,1689,26,16,57,1,16,13,126,43
42,r6_d30_t1_w20,491,107,3682,1764,1811,1692,26,11,61,2,17,12,126,43
42,r6_d30_t1_w20,492,108,3690,1765,1817,1695,27,9,61,3,18,11,126,43
42,r6_d30_t1_w20,493,108,3698,1767,1823,1696,28,8,63,1,18,11,126,43
42,r6_d30_t1_w20,494,108,3705,1768,1829,1700,31,6,62,1,17,11,126,43
42,r6_d30_t1_w20,495,104,3712,1771,1837,1705,31,8,58,3,16,11,131,43
42,r6_d30_t1_w20,496,105,3722,1772,1845,1708,31,8,56,5,15,13,131,43
42,r6_d30_t1_w20,497,101,3727,1775,1851,1712,32,10,53,5,15,14,131,43
42,r6_d30_t1_w20,498,95,3732,1780,1857,1715,31,12,53,4,12,15,131,43
42,r6_d30_t1_w20,499,87,3738,1786,1865,1721,32,15,50,3,9,15,131,43
42,r6_d30_t1_w20,500,88,3743,1790,1865,1725,32,16,49,3,9,16,131,43
42,r6_d30_t1_w20,501,94,3749,1790,1865,1730,36,10,50,4,9,16,131,43
42,r6_d30_t1_w20,502,99,3758,1793,1866,1732,37,10,51,2,9,15,131,43
42,r6_d30_t1_w20,503,103,3766,1797,1866,1742,43,12,43,2,9,15,131,43
42,r6_d30_t1_w20,504,110,3774,1798,1866,1744,43,11,43,3,9,15,131,43
42,r6_d30_t1_w20,505,113,3779,1800,1866,1746,44,11,43,2,9,15,131,43
42,r6_d30_t1_w20,506,119,3786,1801,1866,1748,44,9,44,3,9,15,131,43
42,r6_d30_t1_w20,507,125,3795,1804,1866,1753,44,10,41,5,9,16,131,43
42,r6_d30_t1_w20,508,128,3802,1806,1868,1756,46,10,40,4,9,18,131,43
42,r6_d30_t1_w20,509,126,3810,1811,1873,1758,45,12,41,2,9,19,131,43
42,r6_d30_t1_w20,510,121,3818,1817,1880,1763,45,17,37,1,9,19,131,43
42,r6_d30_t1_w20,511,120,3824,1819,1885,1767,45,14,38,3,11,18,131,43
42,r6_d30_t1_w20,512,121,3832,1819,1892,1774,18,12,33,37,13,18,131,43
42,r6_d30_t1_w20,513,118,3838,1822,1898,1777,18,14,31,37,15,17,131,43
42,r6_d30_t1_w20,514,93,3848,1852,1903,1779,24,39,34,3,9,16,131,43
42,r6_d30_t1_w20,515,84,3854,1860,1910,1782,22,37,41,0,9,15,131,43
42,r6_d30_t1_w20,516,83,3864,1862,1919,1784,20,26,52,2,10,15,131,43
42,r6_d30_t1_w20,517,86,3873,1863,1924,1786,18,13,64,5,14,14,131,43
42,r6_d30_t1_w20,518,89,3880,1865,1926,1788,19,11,66,4,16,14,131,43
42,r6_d30_t1_w20,519,89,3887,1869,1929,1791,19,14,64,3,16,14,131,43
42,r6_d30_t1_w20,520,90,3893,1870,1933,1793,21,9,68,2,15,13,101,38
42,r6_d30_t1_w20,521,90,3899,1872,1937,1794,21,7,71,1,16,13,101,38
42,r6_d30_t1_w20,522,89,3906,1872,1945,1797,21,5,70,4,17,10,101,38
42,r6_d30_t1_w20,523,90,3916,1874,1952,1800,21,6,68,5,16,10,101,38
42,r6_d30_t1_w20,524,87,3922,1878,1957,1803,22,9,66,3,16,7,101,38
42,r6_d30_t1_w20,525,88,3932,1883,1961,1811,25,12,60,3,17,8,126,43
42,r6_d30_t1_w20,526,86,3939,1886,1967,1820,28,13,53,6,16,8,126,43
42,r6_d30_t1_w20,527,85,3948,1888,1975,1825,28,13,50,9,13,9,126,43
42,r6_d30_t1_w20,528,80,3954,1893,1981,1827,28,17,49,6,11,9,126,43
42,r6_d30_t1_w20,529,79,3964,1900,1985,1832,29,22,46,3,9,10,126,43
42,r6_d30_t1_w20,530,85,3972,1902,1985,1836,32,22,44,2,9,12,131,43
42,r6_d30_t1_w20,531,93,3982,1904,1985,1838,33,16,50,1,9,12,131,43
42,r6_d30_t1_w20,532,98,3987,1904,1985,1842,34,14,48,4,9,13,131,43
42,r6_d30_t1_w20,533,100,3993,1908,1985,1850,39,14,44,3,9,14,131,43
42,r6_d30_t1_w20,534,105,4002,1912,1985,1857,41,13,42,4,9,15,131,43
42,r6_d30_t1_w20,535,110,4008,1913,1985,1862,42,12,39,7,9,15,131,43
42,r6_d30_t1_w20,536,108,4013,1919,1986,1865,40,16,38,6,9,16,131,43
42,r6_d30_t1_w20,537,109,4018,1922,1987,1867,40,15,40,5,9,16,131,43
42,r6_d30_t1_w20,538,111,4023,1925,1987,1869,40,16,40,4,9,16,131,43
42,r6_d30_t1_w20,539,118,4033,1927,1988,1869,40,18,40,2,9,17,131,43
42,r6_d30_t1_w20,540,121,4041,1932,1988,1869,35,18,45,2,9,16,131,43
42,r6_d30_t1_w20,541,130,4051,1933,1988,1870,31,17,46,6,11,16,131,43
42,r6_d30_t1_w20,542,135,4061,1937,1989,1873,15,16,48,21,14,16,131,43
42,r6_d30_t1_w20,543,138,4071,1941,1992,1876,16,16,49,19,15,16,131,43
42,r6_d30_t1_w20,544,122,4077,1959,1996,1881,16,26,52,6,13,16,131,43
42,r6_d30_t1_w20,545,119,4083,1961,2003,1884,18,20,57,5,14,15,131,43
42,r6_d30_t1_w20,546,115,4089,1966,2008,1888,21,23,55,1,15,14,131,43
42,r6_d30_t1_w20,547,111,4095,1969,2015,1889,20,23,57,0,17,13,131,43
42,r6_d30_t1_w20,548,114,4104,1970,2020,1892,21,16,62,1,18,11,131,43
42,r6_d30_t1_w20,549,112,4111,1970,2029,1896,22,12,62,4,18,11,131,43
42,r6_d30_t1_w20,550,110,4119,1974,2035,1901,22,14,59,5,18,9,126,43
42,r6_d30_t1_w20,551,107,4128,1979,2042,1906,24,16,57,3,17,8,126,43
42,r6_d30_t1_w20,552,105,4136,1984,2047,1909,23,16,59,2,17,9,126,43
42,r6_d30_t1_w20,553,103,4142,1987,2052,1914,26,16,57,1,16,9,126,43
42,r6_d30_t1_w20,554,103,4150,1988,2059,1917,28,14,57,1,16,10,126,43
42,r6_d30_t1_w20,555,105,4160,1990,2065,1919,26,12,59,3,14,11,131,43
42,r6_d30_t1_w20,556,111,4170,1991,2068,1921,27,8,62,3,13,12,131,43
42,r6_d30_t1_w20,557,111,4177,1993,2073,1927,29,10,56,5,12,13,131,43
42,r6_d30_t1_w20,558,111,4182,1995,2076,1932,28,8,55,9,11,14,131,43
42,r6_d30_t1_w20,559,111,4191,1999,2081,1936,29,7,56,8,9,14,131,43
42,r6_d30_t1_w20,560,115,4199,2002,2082,1942,36,9,51,4,9,13,131,43
42,r6_d30_t1_w20,561,121,4208,2004,2083,1945,40,10,49,1,9,15,131,43
42,r6_d30_t1_w20,562,125,4213,2005,2083,1949,43,8,48,1,9,15,131,43
42,r6_d30_t1_w20,563,126,4218,2008,2084,1955,44,8,45,3,9,15,131,43
42,r6_d30_t1_w20,564,128,4223,2011,2084,1959,46,10,42,2,9,17,131,43
42,r6_d30_t1_w20,565,133,4231,2014,2084,1962,48,13,39,0,9,17,131,43
42,r6_d30_t1_w20,566,135,4237,2016,2086,1966,49,12,38,1,9,18,131,43
42,r6_d30_t1_w20,567,134,4246,2022,2090,1972,48,16,34,2,9,17,131,43
42,r6_d30_t1_w20,568,135,4256,2024,2097,1978,53,15,31,1,9,16,131,43
42,r6_d30_t1_w20,569,132,4261,2027,2102,1981,54,15,31,0,9,16,131,43
42,r6_d30_t1_w20,570,128,4266,2030,2108,1982,52,18,30,0,9,16,121,43
42,r6_d30_t1_w20,571,123,4272,2032,2117,1983,51,17,32,0,9,15,121,43
42,r6_d30_t1_w20,572,124,4282,2034,2124,1986,49,14,34,3,11,15,121,43
42,r6_d30_t1_w20,573,126,4289,2034,2129,1987,35,10,37,18,13,15,121,43
42,r6_d30_t1_w20,574,126,4299,2037,2136,1989,36,12,36,16,16,13,121,43
42,r6_d30_t1_w20,575,107,4304,2053,2144,1990,36,24,39,1,11,13,131,43
42,r6_d30_t1_w20,576,101,4309,2056,2152,1996,37,22,38,3,13,11,131,43
42,r6_d30_t1_w20,577,100,4316,2057,2159,1998,36,20,39,5,15,10,131,43
42,r6_d30_t1_w20,578,103,4324,2061,2160,2005,38,18,38,6,16,10,131,43
42,r6_d30_t1_w20,579,97,4330,2064,2169,2005,36,16,43,5,16,9,131,43
42,r6_d30_t1_w20,580,93,4336,2068,2175,2006,35,17,45,3,17,7,131,43
42,r6_d30_t1_w20,581,92,4345,2070,2183,2008,36,11,51,2,17,7,131,43
42,r6_d30_t1_w20,582,93,4354,2073,2188,2008,35,12,53,0,18,7,131,43
42,r6_d30_t1_w20,583,99,4364,2074,2191,2010,36,11,53,0,18,10,131,43
42,r6_d30_t1_w20,584,100,4371,2076,2195,2014,37,11,51,1,17,11,131,43
42,r6_d30_t1_w20,585,101,4379,2077,2201,2015,37,10,52,1,17,12,131,43
42,r6_d30_t1_w20,586,95,4385,2083,2207,2023,38,14,46,2,17,12,131,43
42,r6_d30_t1_w20,587,90,4390,2085,2215,2024,37,15,46,2,11,13,131,43
42,r6_d30_t1_w20,588,85,4397,2089,2223,2026,37,18,45,0,10,15,131,43
42,r6_d30_t1_w20,589,88,4404,2089,2227,2030,38,16,43,3,9,15,131,43
42,r6_d30_t1_w20,590,94,4412,2090,2228,2033,39,13,44,4,9,18,131,43
42,r6_d30_t1_w20,591,98,4420,2093,2229,2041,46,13,39,2,9,17,131,43
42,r6_d30_t1_w20,592,104,4427,2094,2229,2045,48,13,36,3,9,19,131,43
42,r6_d30_t1_w20,593,110,4436,2097,2229,2050,51,10,37,2,9,20,131,43
42,r6_d30_t1_w20,594,114,4443,2099,2230,2052,52,11,36,1,9,21,131,43
42,r6_d30_t1_w20,595,119,4451,2102,2230,2060,54,11,31,4,9,21,131,43
42,r6_d30_t1_w20,596,126,4459,2103,2230,2061,54,11,31,4,9,23,131,43
42,r6_d30_t1_w20,597,129,4465,2106,2230,2063,55,12,31,2,9,23,131,43
42,r6_d30_t1_w20,598,133,4472,2108,2231,2064,54,12,32,2,9,24,131,43
42,r6_d30_t1_w20,599,135,4479,2110,2234,2070,57,12,28,3,9,23,131,43
42,r6_d30_t1_w20,600,134,4487,2114,2239,2073,56,15,26,3,10,22,121,40
42,r3_d30_t1_w15,1,4,7,3,0,0,96,3,0,1,1,2,131,43
42,r3_d30_t1_w15,2,12,17,5,0,0,82,5,0,13,2,3,131,43
42,r3_d30_t1_w15,3,21,27,6,0,0,71,6,0,23,5,5,131,43
42,r3_d30_t1_w15,4,16,34,18,0,0,71,15,3,11,3,3,131,43
42,r3_d30_t1_w15,5,14,44,30,0,0,69,26,4,1,3,4,131,43
42,r3_d30_t1_w15,6,23,53,30,0,0,68,17,13,2,4,6,131,43
42,r3_d30_t1_w15,7,28,60,32,0,0,66,13,19,2,4,8,131,43
42,r3_d30_t1_w15,8,34,68,34,0,0,65,12,22,1,6,9,131,43
42,r3_d30_t1_w15,9,39,75,36,0,0,63,5,31,1,7,9,131,43
42,r3_d30_t1_w15,10,43,80,37,0,0,61,5,32,2,7,9,131,43
42,r3_d30_t1_w15,11,49,88,39,0,0,60,6,33,1,8,10,131,43
42,r3_d30_t1_w15,12,57,97,40,0,0,59,6,34,1,9,9,131,43
42,r3_d30_t1_w15,13,62,102,40,0,0,59,4,36,1,9,10,131,43
42,r3_d30_t1_w15,14,70,111,41,0,0,59,4,37,0,9,10,131,43
42,r3_d30_t1_w15,15,80,121,41,0,1,60,3,37,0,9,10,131,43
42,r3_d30_t1_w15,16,88,131,42,1,6,62,4,32,2,9,10,131,43
42,r3_d30_t1_w15,17,98,141,42,1,8,63,3,31,3,9,13,131,43
42,r3_d30_t1_w15,18,99,146,45,2,10,64,4,31,1,9,15,131,43
42,r3_d30_t1_w15,19,105,156,48,3,10,61,6,32,1,9,16,131,43
42,r3_d30_t1_w15,20,112,165,49,4,12,62,6,31,1,9,17,121,40
42,r3_d30_t1_w15,21,107,170,51,12,14,63,6,31,0,9,19,121,40
42,r3_d30_t1_w15,22,106,177,53,18,17,63,7,29,1,9,18,121,40
42,r3_d30_t1_w15,23,108,186,53,25,20,63,5,28,4,9,18,121,40
42,r3_d30_t1_w15,24,111,196,56,29,26,64,7,23,6,9,18,121,40
42,r3_d30_t1_w15,25,117,205,59,29,29,67,8,22,3,9,17,126,43
42,r3_d30_t1_w15,26,115,210,62,33,32,65,8,22,5,9,17,126,43
42,r3_d30_t1_w15,27,112,217,63,42,34,66,9,20,5,9,17,126,43
42,r3_d30_t1_w15,28,113,225,69,43,35,65,14,20,1,9,18,126,43
42,r3_d30_t1_w15,29,110,230,69,51,38,68,11,20,1,9,17,126,43
42,r3_d30_t1_w15,30,103,235,72,60,38,65,10,24,1,10,15,131,43
42,r3_d30_t1_w15,31,103,245,72,70,40,54,8,24,14,11,15,131,43
42,r3_d30_t1_w15,32,100,253,73,80,42,42,7,24,27,14,14,131,43
42,r3_d30_t1_w15,33,92,261,86,83,44,42,19,23,16,12,14,131,43
42,r3_d30_t1_w15,34,79,269,100,90,44,42,29,27,2,9,14,131,43
42,r3_d30_t1_w15,35,77,276,102,97,45,42,25,32,1,11,12,131,43
42,r3_d30_t1_w15,36,81,286,103,102,45,40,21,37,2,14,12,131,43
42,r3_d30_t1_w15,37,82,293,104,107,46,40,18,40,2,14,11,131,43
42,r3_d30_t1_w15,38,82,301,105,114,49,42,12,44,2,17,8,131,43
42,r3_d30_t1_w15,39,82,309,106,121,49,41,6,51,2,17,8,131,43
42,r3_d30_t1_w15,40,79,318,109,130,51,39,4,54,3,15,8,131,43
42,r3_d30_t1_w15,41,79,324,110,135,53,39,4,53,4,12,9,131,43
42,r3_d30_t1_w15,42,77,331,113,141,56,40,6,51,3,11,9,131,43
42,r3_d30_t1_w15,43,74,338,116,148,60,41,7,49,3,10,10,131,43
42,r3_d30_t1_w15,44,77,346,118,151,62,41,6,50,3,9,10,131,43
42,r3_d30_t1_w15,45,82,352,118,152,66,46,6,46,2,9,13,131,43
42,r3_d30_t1_w15,46,85,358,120,153,72,51,4,44,1,9,13,131,43
42,r3_d30_t1_w15,47,86,363,121,156,75,52,5,41,2,9,13,131,43
42,r3_d30_t1_w15,48,91,369,122,156,78,54,6,38,2,9,14,131,43
42,r3_d30_t1_w15,49,97,378,125,156,84,57,6,35,2,9,13,131,43
42,r3_d30_t1_w15,50,100,384,126,158,86,57,4,36,3,9,13,126,43
42,r3_d30_t1_w15,51,97,391,129,165,89,58,6,34,2,9,12,126,43
42,r3_d30_t1_w15,52,97,396,130,169,92,58,7,31,4,9,11,126,43
42,r3_d30_t1_w15,53,94,401,131,176,95,59,6,30,5,9,11,126,43
42,r3_d30_t1_w15,54,95,411,136,180,97,59,8,31,2,9,13,126,43
42,r3_d30_t1_w15,55,97,420,139,184,99,60,7,33,0,9,15,131,43
42,r3_d30_t1_w15,56,95,425,140,190,105,61,8,27,4,9,16,131,43
42,r3_d30_t1_w15,57,96,433,140,197,106,61,6,28,5,9,18,131,43
42,r3_d30_t1_w15,58,94,439,145,200,109,63,10,26,1,9,17,131,43
42,r3_d30_t1_w15,59,92,445,148,205,111,62,12,25,1,9,19,131,43
42,r3_d30_t1_w15,60,94,453,148,211,112,58,12,24,6,12,18,131,43
42,r3_d30_t1_w15,61,98,463,149,216,113,23,7,29,41,14,15,131,43
42,r3_d30_t1_w15,62,96,469,154,219,116,20,10,28,42,15,15,131,43
42,r3_d30_t1_w15,63,74,475,177,224,121,38,28,28,6,8,14,131,43
42,r3_d30_t1_w15,64,68,480,182,230,124,41,23,35,1,8,14,131,43
42,r3_d30_t1_w15,65,63,490,191,236,125,32,27,39,2,8,14,131,43
42,r3_d30_t1_w15,66,61,499,197,241,126,28,19,52,1,8,13,131,43
42,r3_d30_t1_w15,67,66,509,198,245,127,27,13,58,2,9,12,131,43
42,r3_d30_t1_w15,68,70,519,199,250,128,21,7,64,8,12,12,131,43
42,r3_d30_t1_w15,69,71,528,201,256,129,21,6,66,7,15,9,131,43
42,r3_d30_t1_w15,70,66,537,207,264,132,21,11,64,4,13,7,131,43
42,r3_d30_t1_w15,71,71,547,208,268,132,21,7,69,3,14,6,131,43
42,r3_d30_t1_w15,72,66,554,212,276,136,22,10,66,2,12,7,131,43
42,r3_d30_t1_w15,73,70,562,212,280,138,21,6,68,5,11,9,131,43
42,r3_d30_t1_w15,74,70,570,214,286,140,22,6,68,4,9,8,131,43
42,r3_d30_t1_w15,75,73,578,217,288,144,26,6,67,1,9,9,131,43
42,r3_d30_t1_w15,76,78,583,217,288,149,29,5,63,3,9,9,131,43
42,r3_d30_t1_w15,77,83,591,218,290,154,31,5,59,5,9,10,131,43
42,r3_d30_t1_w15,78,83,596,222,291,162,32,7,53,8,9,11,131,43
42,r3_d30_t1_w15,79,86,605,226,293,166,32,9,51,8,9,11,131,43
42,r3_d30_t1_w15,80,85,612,233,294,174,37,14,45,4,9,9,131,43
42,r3_d30_t1_w15,81,88,620,235,297,175,38,16,44,2,9,11,131,43
42,r3_d30_t1_w15,82,85,625,241,299,183,39,21,37,3,9,12,131,43
42,r3_d30_t1_w15,83,93,634,241,300,186,41,16,39,4,9,13,131,43
42,r3_d30_t1_w15,84,95,641,246,300,194,45,14,38,3,9,15,131,43
42,r3_d30_t1_w15,85,100,649,248,301,198,46,12,38,4,9,14,131,43
42,r3_d30_t1_w15,86,102,657,250,305,200,46,13,37,4,9,13,131,43
42,r3_d30_t1_w15,87,101,664,253,310,201,43,15,37,5,9,13,131,43
42,r3_d30_t1_w15,88,100,671,255,316,203,42,10,42,6,9,12,131,43
42,r3_d30_t1_w15,89,99,676,258,319,205,43,8,45,4,9,12,131,43
42,r3_d30_t1_w15,90,98,686,263,325,207,38,12,44,6,12,11,131,43
42,r3_d30_t1_w15,91,102,694,264,328,211,26,11,42,21,14,11,131,43
42,r3_d30_t1_w15,92,101,704,269,334,212,27,9,48,16,15,10,131,43
42,r3_d30_t1_w15,93,89,712,285,338,217,28,19,49,4,14,10,131,43
42,r3_d30_t1_w15,94,88,718,285,345,220,29,15,50,6,15,9,131,43
42,r3_d30_t1_w15,95,84,723,289,350,223,29,12,54,5,17,8,131,43
42,r3_d30_t1_w15,96,81,728,291,356,228,29,12,51,8,17,7,131,43
42,r3_d30_t1_w15,97,82,737,297,358,234,30,13,50,7,16,6,131,43
42,r3_d30_t1_w15,98,78,745,303,364,235,25,13,55,7,15,6,131,43
42,r3_d30_t1_w15,99,76,750,305,369,239,28,10,56,6,14,6,131,43
42,r3_d30_t1_w15,100,77,760,310,373,240,25,11,59,5,14,8,121,40
42,r3_d30_t1_w15,101,77,769,313,379,243,24,8,62,6,14,8,121,40
42,r3_d30_t1_w15,102,77,777,317,383,246,25,9,62,4,11,9,121,40
42,r3_d30_t1_w15,103,75,783,319,389,251,27,8,60,5,9,10,121,40
42,r3_d30_t1_w15,104,79,792,321,392,255,29,7,59,5,9,11,121,40
42,r3_d30_t1_w15,105,86,800,321,393,257,34,5,59,2,9,14,131,43
42,r3_d30_t1_w15,106,87,805,324,394,262,37,8,54,1,9,14,131,43
42,r3_d30_t1_w15,107,94,812,324,394,266,39,7,51,3,9,15,131,43
42,r3_d30_t1_w15,108,99,819,325,395,275,46,6,44,4,9,15,131,43
42,r3_d30_t1_w15,109,102,826,328,396,280,50,8,40,2,9,14,131,43
42,r3_d30_t1_w15,110,107,836,330,399,287,56,6,37,1,9,16,131,43
42,r3_d30_t1_w15,111,111,846,332,403,291,57,7,34,2,9,15,131,43
42,r3_d30_t1_w15,112,107,851,334,410,293,58,9,32,1,9,13,131,43
42,r3_d30_t1_w15,113,108,860,336,416,298,62,8,30,0,9,14,131,43
42,r3_d30_t1_w15,114,114,870,337,419,300,62,8,29,1,9,15,131,43
42,r3_d30_t1_w15,115,109,875,337,429,301,62,4,32,2,9,14,131,43
42,r3_d30_t1_w15,116,108,883,339,436,304,64,4,31,1,9,14,131,43
42,r3_d30_t1_w15,117,107,891,341,443,307,65,3,31,1,9,16,131,43
42,r3_d30_t1_w15,118,108,899,342,449,314,69,3,25,3,9,16,131,43
42,r3_d30_t1_w15,119,104,904,344,456,315,67,4,25,4,9,15,131,43
42,r3_d30_t1_w15,120,100,910,348,462,316,65,7,25,3,9,15,131,43
42,r3_d30_t1_w15,121,99,915,351,465,318,65,9,24,2,10,14,131,43
42,r3_d30_t1_w15,122,97,920,353,470,319,52,6,28,14,11,14,131,43
42,r3_d30_t1_w15,123,95,926,356,475,320,35,9,27,29,12,13,131,43
42,r3_d30_t1_w15,124,86,935,370,479,321,35,21,28,16,9,13,131,43
42,r3_d30_t1_w15,125,71,943,383,489,323,39,28,32,1,9,12,121,40
42,r3_d30_t1_w15,126,66,951,388,497,324,34,29,35,2,10,11,121,40
42,r3_d30_t1_w15,127,70,959,389,500,327,33,25,37,5,13,9,121,40
42,r3_d30_t1_w15,128,70,969,391,508,330,32,21,40,7,14,8,121,40
42,r3_d30_t1_w15,129,65,977,395,517,332,31,17,46,6,14,6,121,40
42,r3_d30_t1_w15,130,65,983,399,519,336,31,11,52,6,13,6,131,43
42,r3_d30_t1_w15,131,62,989,402,525,339,34,12,51,3,12,6,131,43
42,r3_d30_t1_w15,132,62,999,405,532,340,35,12,53,0,12,7,131,43
42,r3_d30_t1_w15,133,61,1004,405,538,343,36,10,52,2,9,8,131,43
42,r3_d30_t1_w15,134,63,1011,405,543,344,36,8,53,3,8,8,131,43
42,r3_d30_t1_w15,135,67,1018,407,544,347,39,6,54,1,8,9,131,43
42,r3_d30_t1_w15,136,71,1025,408,546,347,39,6,55,0,8,10,131,43
42,r3_d30_t1_w15,137,78,1034,409,547,350,39,4,55,2,9,11,131,43
42,r3_d30_t1_w15,138,85,1043,410,548,352,40,4,54,2,9,14,131,43
42,r3_d30_t1_w15,139,90,1051,413,548,354,41,7,52,0,9,14,131,43
42,r3_d30_t1_w15,140,97,1059,414,548,359,45,6,49,0,9,16,131,43
42,r3_d30_t1_w15,141,102,1067,417,548,362,45,7,48,0,9,17,131,43
42,r3_d30_t1_w15,142,105,1072,418,549,369,49,4,45,2,9,17,131,43
42,r3_d30_t1_w15,143,101,1078,420,557,378,50,6,36,8,9,17,131,43
42,r3_d30_t1_w15,144,100,1084,422,562,386,52,7,29,12,9,18,131,43
42,r3_d30_t1_w15,145,100,1092,429,563,389,51,10,30,9,9,16,131,43
42,r3_d30_t1_w15,146,98,1099,437,564,392,51,16,29,4,9,14,131,43
42,r3_d30_t1_w15,147,98,1106,440,568,394,52,16,30,2,9,14,131,43
42,r3_d30_t1_w15,148,100,1113,442,571,397,54,16,29,1,9,15,131,43
42,r3_d30_t1_w15,149,99,1119,443,577,399,55,13,31,1,9,14,131,43
42,r3_d30_t1_w15,150,98,1128,446,584,401,52,16,29,3,11,13,131,43
42,r3_d30_t1_w15,151,97,1136,449,590,406,32,12,31,25,13,12,131,43
42,r3_d30_t1_w15,152,92,1141,452,597,406,15,12,34,39,13,11,131,43
42,r3_d30_t1_w15,153,70,1146,471,605,410,21,23,38,18,9,11,131,43
42,r3_d30_t1_w15,154,65,1152,475,612,411,34,22,42,2,9,9,131,43
42,r3_d30_t1_w15,155,61,1162,483,618,413,29,25,45,1,8,9,126,43
42,r3_d30_t1_w15,156,55,1167,488,624,413,24,20,55,1,8,7,126,43
42,r3_d30_t1_w15,157,54,1177,495,628,415,20,17,63,0,8,7,126,43
42,r3_d30_t1_w15,158,58,1186,495,633,416,20,13,66,1,9,7,126,43
42,r3_d30_t1_w15,159,56,1191,496,639,419,17,11,66,6,9,5,126,43
42,r3_d30_t1_w15,160,53,1196,497,646,422,18,7,68,7,9,5,131,43
42,r3_d30_t1_w15,161,49,1204,504,651,426,18,13,65,4,6,5,131,43
42,r3_d30_t1_w15,162,49,1214,507,658,430,16,15,62,7,9,4,131,43
42,r3_d30_t1_w15,163,45,1221,512,664,439,18,15,58,9,9,5,131,43
42,r3_d30_t1_w15,164,44,1228,517,667,440,18,17,60,5,7,5,131,43
42,r3_d30_t1_w15,165,49,1234,518,667,444,23,9,65,3,7,5,131,43
42,r3_d30_t1_w15,166,51,1239,520,668,447,23,5,68,4,8,6,131,43
42,r3_d30_t1_w15,167,56,1247,522,669,452,22,6,64,8,8,7,131,43
42,r3_d30_t1_w15,168,60,1254,525,669,456,24,7,62,7,8,8,131,43
42,r3_d30_t1_w15,169,59,1260,531,670,459,27,12,60,1,9,7,131,43
42,r3_d30_t1_w15,170,60,1265,534,671,462,27,14,58,1,8,8,131,43
42,r3_d30_t1_w15,171,69,1274,534,671,466,30,12,56,2,9,10,131,43
42,r3_d30_t1_w15,172,72,1279,535,672,473,32,7,55,6,9,10,131,43
42,r3_d30_t1_w15,173,76,1285,536,673,474,32,5,57,6,9,10,131,43
42,r3_d30_t1_w15,174,78,1294,542,674,482,34,9,51,6,9,12,131,43
42,r3_d30_t1_w15,175,80,1299,544,675,486,36,8,50,6,9,15,131,43
42,r3_d30_t1_w15,176,80,1306,549,677,489,36,13,47,4,9,14,131,43
42,r3_d30_t1_w15,177,82,1311,552,677,497,39,15,40,6,9,14,131,43
42,r3_d30_t1_w15,178,82,1316,555,679,500,41,16,39,4,8,14,131,43
42,r3_d30_t1_w15,179,86,1326,559,681,506,43,14,39,4,9,15,131,43
42,r3_d30_t1_w15,180,90,1333,561,682,508,42,11,42,5,10,15,121,40
42,r3_d30_t1_w15,181,91,1338,564,683,513,30,11,40,19,12,14,121,40
42,r3_d30_t1_w15,182,95,1346,566,685,515,26,8,43,23,13,13,121,40
42,r3_d30_t1_w15,183,82,1352,583,687,519,29,22,42,7,10,12,121,40
42,r3_d30_t1_w15,184,80,1358,589,689,520,30,24,45,1,11,11,121,40
42,r3_d30_t1_w15,185,84,1368,590,694,523,30,16,51,3,16,10,131,43
42,r3_d30_t1_w15,186,85,1378,590,703,524,29,9,57,5,17,8,131,43
42,r3_d30_t1_w15,187,86,1387,595,706,528,28,10,57,5,17,8,131,43
42,r3_d30_t1_w15,188,85,1392,597,710,533,29,6,58,7,16,8,131,43
42,r3_d30_t1_w15,189,81,1397,600,716,536,31,7,57,5,15,7,131,43
42,r3_d30_t1_w15,190,80,1402,604,718,537,31,7,60,2,15,9,131,43
42,r3_d30_t1_w15,191,81,1410,605,724,539,31,5,61,3,16,9,131,43
42,r3_d30_t1_w15,192,82,1415,606,727,543,32,3,60,5,14,10,131,43
42,r3_d30_t1_w15,193,82,1421,608,731,545,32,3,60,5,12,10,131,43
42,r3_d30_t1_w15,194,78,1427,611,738,549,33,5,57,5,9,10,131,43
42,r3_d30_t1_w15,195,81,1433,613,739,553,36,5,55,4,9,10,131,43
42,r3_d30_t1_w15,196,85,1442,616,741,557,38,7,52,3,9,12,131,43
42,r3_d30_t1_w15,197,94,1452,617,741,563,42,7,47,4,9,12,131,43
42,r3_d30_t1_w15,198,94,1457,620,743,570,47,8,42,3,9,13,131,43
42,r3_d30_t1_w15,199,98,1464,623,743,573,49,7,43,1,9,16,131,43
42,r3_d30_t1_w15,200,96,1469,625,748,575,49,9,41,1,9,15,131,43
42,r3_d30_t1_w15,201,95,1479,626,758,579,49,8,39,4,9,16,131,43
42,r3_d30_t1_w15,202,93,1486,628,765,585,52,6,37,5,9,15,131,43
42,r3_d30_t1_w15,203,92,1492,632,768,588,53,9,35,3,9,14,131,43
42,r3_d30_t1_w15,204,93,1497,634,770,593,58,10,31,1,9,15,131,43
42,r3_d30_t1_w15,205,98,1507,635,774,596,58,8,31,3,9,14,131,43
42,r3_d30_t1_w15,206,95,1512,635,782,598,60,7,30,3,9,16,131,43
42,r3_d30_t1_w15,207,96,1517,638,783,603,64,8,27,1,9,15,131,43
42,r3_d30_t1_w15,208,97,1522,638,787,605,66,5,28,1,9,14,131,43
42,r3_d30_t1_w15,209,97,1529,639,793,607,67,4,28,1,9,14,131,43
42,r3_d30_t1_w15,210,99,1539,643,797,610,64,8,25,3,10,14,131,43
42,r3_d30_t1_w15,211,96,1547,646,805,611,51,9,26,14,11,12,131,43
42,r3_d30_t1_w15,212,93,1556,649,814,613,32,10,26,32,15,11,131,43
42,r3_d30_t1_w15,213,85,1566,662,819,615,31,17,30,22,13,10,131,43
42,r3_d30_t1_w15,214,70,1576,683,823,616,31,37,30,2,9,10,131,43
42,r3_d30_t1_w15,215,73,1586,686,827,618,28,31,37,4,12,8,131,43
42,r3_d30_t1_w15,216,71,1594,687,836,621,29,21,45,5,13,7,131,43
42,r3_d30_t1_w15,217,72,1604,691,841,622,30,14,55,1,16,6,131,43
42,r3_d30_t1_w15,218,76,1613,692,845,623,30,11,58,1,16,6,131,43
42,r3_d30_t1_w15,219,79,1622,693,850,625,30,8,60,2,17,7,131,43
42,r3_d30_t1_w15,220,79,1630,694,857,629,33,3,62,2,14,11,131,43
42,r3_d30_t1_w15,221,81,1639,697,861,629,31,4,64,1,12,11,131,43
42,r3_d30_t1_w15,222,86,1649,698,865,633,33,3,62,2,11,12,131,43
42,r3_d30_t1_w15,223,90,1658,698,870,634,34,2,62,2,10,13,131,43
42,r3_d30_t1_w15,224,90,1666,700,876,634,34,4,62,0,9,13,131,43
42,r3_d30_t1_w15,225,92,1671,702,877,639,36,5,58,1,9,13,131,43
42,r3_d30_t1_w15,226,100,1681,703,878,646,39,4,53,4,9,14,131,43
42,r3_d30_t1_w15,227,106,1689,705,878,649,40,6,50,4,9,14,131,43
42,r3_d30_t1_w15,228,109,1696,708,879,653,42,7,48,3,9,15,131,43
42,r3_d30_t1_w15,229,111,1701,710,880,659,46,7,44,3,9,15,131,43
42,r3_d30_t1_w15,230,112,1706,713,881,668,52,6,39,3,9,16,131,43
42,r3_d30_t1_w15,231,113,1712,714,885,674,56,6,34,4,9,16,131,43
42,r3_d30_t1_w15,232,107,1717,716,894,679,60,6,31,3,9,14,131,43
42,r3_d30_t1_w15,233,109,1727,718,900,683,64,6,29,1,9,14,131,43
42,r3_d30_t1_w15,234,108,1736,720,908,685,64,8,27,1,9,14,131,43
42,r3_d30_t1_w15,235,109,1744,720,915,689,63,7,24,6,9,15,111,40
42,r3_d30_t1_w15,236,107,1750,721,922,693,66,6,22,6,9,13,111,40
42,r3_d30_t1_w15,237,103,1758,727,928,695,65,9,23,3,9,14,111,40
42,r3_d30_t1_w15,238,99,1763,729,935,696,65,10,23,2,9,14,111,40
42,r3_d30_t1_w15,239,100,1773,732,941,698,64,11,23,2,9,16,111,40
42,r3_d30_t1_w15,240,99,1778,734,945,700,64,12,22,2,9,16,131,43
42,r3_d30_t1_w15,241,99,1787,736,952,701,59,10,25,6,12,15,131,43
42,r3_d30_t1_w15,242,99,1795,737,959,702,16,5,30,49,14,13,131,43
42,r3_d30_t1_w15,243,97,1805,744,964,703,16,10,31,43,16,13,131,43
42,r3_d30_t1_w15,244,74,1813,770,969,706,36,32,32,0,9,13,131,43
42,r3_d30_t1_w15,245,71,1822,777,974,706,29,30,41,0,9,12,131,43
42,r3_d30_t1_w15,246,66,1829,783,980,707,24,30,46,0,9,10,131,43
42,r3_d30_t1_w15,247,62,1837,790,985,711,20,27,52,1,9,10,131,43
42,r3_d30_t1_w15,248,56,1843,792,995,715,20,18,59,3,8,7,131,43
42,r3_d30_t1_w15,249,52,1848,794,1002,715,19,15,64,2,8,6,131,43
42,r3_d30_t1_w15,250,52,1856,796,1008,715,19,10,71,0,7,6,131,43
42,r3_d30_t1_w15,251,52,1862,797,1013,716,15,6,75,4,7,6,131,43
42,r3_d30_t1_w15,252,53,1870,797,1020,720,13,4,73,10,8,5,131,43
42,r3_d30_t1_w15,253,53,1876,801,1022,725,10,5,71,14,8,5,131,43
42,r3_d30_t1_w15,254,44,1883,809,1030,729,11,12,68,9,5,5,131,43
42,r3_d30_t1_w15,255,43,1888,815,1030,730,13,14,71,2,5,6,122,43
42,r3_d30_t1_w15,256,51,1898,815,1032,731,15,12,72,1,8,6,122,43
42,r3_d30_t1_w15,257,57,1906,816,1033,733,15,9,74,2,8,7,122,43
42,r3_d30_t1_w15,258,64,1915,817,1034,739,18,6,72,4,8,8,122,43
42,r3_d30_t1_w15,259,64,1920,821,1035,748,20,9,64,7,8,9,122,43
42,r3_d30_t1_w15,260,66,1927,825,1036,754,22,12,59,7,8,10,131,43
42,r3_d30_t1_w15,261,67,1935,831,1037,760,23,17,54,6,8,10,131,43
42,r3_d30_t1_w15,262,74,1945,833,1038,768,30,14,51,5,8,10,131,43
42,r3_d30_t1_w15,263,78,1955,838,1039,774,33,15,49,3,9,10,131,43
42,r3_d30_t1_w15,264,78,1960,840,1042,777,33,14,49,4,9,10,131,43
42,r3_d30_t1_w15,265,81,1967,842,1044,784,36,12,46,6,9,10,131,43
42,r3_d30_t1_w15,266,82,1972,845,1045,790,36,9,46,9,9,11,131,43
42,r3_d30_t1_w15,267,87,1982,850,1045,793,37,13,44,6,9,12,131,43
42,r3_d30_t1_w15,268,89,1991,857,1045,799,37,16,42,5,9,14,131,43
42,r3_d30_t1_w15,269,92,1997,859,1046,800,35,14,45,6,9,15,131,43
42,r3_d30_t1_w15,270,95,2006,865,1046,802,35,18,45,2,9,15,131,43
42,r3_d30_t1_w15,271,103,2016,867,1046,807,32,18,42,8,12,15,131,43
42,r3_d30_t1_w15,272,111,2024,867,1046,808,21,15,44,20,14,15,131,43
42,r3_d30_t1_w15,273,103,2030,875,1052,811,22,19,45,14,13,13,131,43
42,r3_d30_t1_w15,274,93,2037,888,1056,814,23,27,47,3,14,12,131,43
42,r3_d30_t1_w15,275,95,2047,891,1061,817,24,16,58,2,15,12,131,43
42,r3_d30_t1_w15,276,93,2053,893,1067,821,25,12,60,3,16,12,131,43
42,r3_d30_t1_w15,277,87,2058,894,1077,821,25,10,63,2,15,8,131,43
42,r3_d30_t1_w15,278,84,2065,897,1084,828,28,8,61,3,16,7,131,43
42,r3_d30_t1_w15,279,85,2072,898,1089,829,27,7,62,4,16,6,131,43
42,r3_d30_t1_w15,280,85,2080,901,1094,832,27,6,63,4,15,8,131,43
42,r3_d30_t1_w15,281,83,2085,903,1099,836,27,7,60,6,15,9,131,43
42,r3_d30_t1_w15,282,82,2095,906,1107,838,28,9,59,4,12,10,131,43
42,r3_d30_t1_w15,283,82,2105,910,1113,843,29,10,57,4,10,10,131,43
42,r3_d30_t1_w15,284,81,2111,912,1118,848,31,9,55,5,9,10,131,43
42,r3_d30_t1_w15,285,83,2117,914,1120,854,37,8,52,3,9,11,121,40
42,r3_d30_t1_w15,286,85,2127,918,1124,861,38,11,46,5,9,12,121,40
42,r3_d30_t1_w15,287,91,2136,921,1124,865,37,12,44,7,9,13,121,40
42,r3_d30_t1_w15,288,89,2142,927,1126,871,38,14,42,6,9,14,121,40
42,r3_d30_t1_w15,289,96,2152,930,1126,877,39,15,38,8,9,15,121,40
42,r3_d30_t1_w15,290,103,2162,933,1126,880,42,15,38,5,9,15,126,43
42,r3_d30_t1_w15,291,105,2170,938,1127,884,44,16,38,2,9,14,126,43
42,r3_d30_t1_w15,292,109,2175,938,1128,884,44,12,42,2,9,15,126,43
42,r3_d30_t1_w15,293,110,2185,942,1133,887,45,10,45,0,9,17,126,43
42,r3_d30_t1_w15,294,113,2194,942,1139,891,48,10,41,1,9,18,126,43
42,r3_d30_t1_w15,295,112,2201,942,1147,895,51,5,42,2,9,16,131,43
42,r3_d30_t1_w15,296,118,2210,943,1149,896,52,2,45,1,9,19,131,43
42,r3_d30_t1_w15,297,116,2218,945,1157,898,52,2,45,1,9,17,131,43
42,r3_d30_t1_w15,298,116,2225,945,1164,903,56,1,41,2,9,16,131,43
42,r3_d30_t1_w15,299,118,2234,948,1168,905,56,3,40,1,9,16,131,43
42,r3_d30_t1_w15,300,119,2240,949,1172,907,58,4,38,0,9,15,131,43
42,r3_d30_t1_w15,301,113,2246,951,1182,914,57,4,33,6,11,15,131,43
42,r3_d30_t1_w15,302,114,2256,952,1190,915,40,4,33,23,14,13,131,43
42,r3_d30_t1_w15,303,113,2264,958,1193,918,43,8,32,17,16,11,131,43
42,r3_d30_t1_w15,304,92,2270,975,1203,922,46,22,31,1,12,10,131,43
42,r3_d30_t1_w15,305,88,2275,975,1212,923,47,15,37,1,13,9,131,43
42,r3_d30_t1_w15,306,83,2280,977,1220,924,46,13,40,1,14,9,131,43
42,r3_d30_t1_w15,307,86,2290,979,1225,926,45,11,42,2,15,8,131,43
42,r3_d30_t1_w15,308,87,2300,980,1233,929,45,8,43,4,17,7,131,43
42,r3_d30_t1_w15,309,85,2309,982,1242,933,45,9,40,6,18,7,131,43
42,r3_d30_t1_w15,310,85,2315,985,1245,935,46,8,42,4,17,7,131,43
42,r3_d30_t1_w15,311,85,2323,988,1250,941,47,8,39,6,14,10,131,43
42,r3_d30_t1_w15,312,86,2333,990,1257,943,47,6,41,6,12,9,131,43
42,r3_d30_t1_w15,313,83,2339,996,1260,945,46,9,42,3,12,8,131,43
42,r3_d30_t1_w15,314,80,2344,997,1267,950,49,9,38,4,9,10,131,43
42,r3_d30_t1_w15,315,84,2350,999,1267,950,49,8,41,2,9,10,131,43
42,r3_d30_t1_w15,316,86,2355,1001,1268,951,49,8,42,1,9,10,131,43
42,r3_d30_t1_w15,317,91,2362,1001,1270,955,51,6,40,3,9,11,131,43
42,r3_d30_t1_w15,318,96,2370,1003,1271,956,51,6,41,2,9,12,131,43
42,r3_d30_t1_w15,319,100,2377,1005,1272,956,49,7,42,2,9,12,131,43
42,r3_d30_t1_w15,320,102,2384,1007,1275,960,51,7,40,2,9,12,131,43
42,r3_d30_t1_w15,321,108,2394,1009,1277,965,53,8,36,3,9,13,131,43
42,r3_d30_t1_w15,322,106,2403,1011,1286,969,54,8,34,4,9,14,131,43
42,r3_d30_t1_w15,323,104,2413,1015,1294,973,57,10,32,1,9,15,131,43
42,r3_d30_t1_w15,324,107,2422,1016,1299,975,59,8,33,0,9,15,131,43
42,r3_d30_t1_w15,325,105,2427,1017,1305,975,58,4,38,0,9,16,131,43
42,r3_d30_t1_w15,326,107,2437,1017,1313,978,60,3,36,1,9,16,131,43
42,r3_d30_t1_w15,327,102,2442,1017,1323,982,61,3,32,4,9,16,131,43
42,r3_d30_t1_w15,328,104,2451,1019,1328,984,61,4,31,4,9,19,131,43
42,r3_d30_t1_w15,329,106,2458,1022,1330,987,62,6,29,3,9,20,131,43
42,r3_d30_t1_w15,330,109,2468,1024,1335,990,60,8,26,6,10,19,131,43
42,r3_d30_t1_w15,331,112,2474,1026,1336,994,42,7,25,26,11,19,131,43
42,r3_d30_t1_w15,332,111,2482,1030,1341,997,14,8,25,53,14,16,131,43
42,r3_d30_t1_w15,333,91,2491,1053,1347,998,13,24,31,32,9,14,131,43
42,r3_d30_t1_w15,334,85,2498,1062,1351,999,36,28,35,1,9,14,131,43
42,r3_d30_t1_w15,335,78,2507,1072,1357,1002,30,32,38,0,8,12,121,40
42,r3_d30_t1_w15,336,71,2516,1079,1366,1002,23,32,45,0,8,12,121,40
42,r3_d30_t1_w15,337,63,2523,1086,1374,1005,18,29,52,1,8,10,121,40
42,r3_d30_t1_w15,338,62,2533,1088,1383,1008,16,21,59,4,9,9,121,40
42,r3_d30_t1_w15,339,62,2542,1089,1391,1011,17,13,65,5,12,8,121,40
42,r3_d30_t1_w15,340,61,2547,1092,1394,1012,17,11,69,3,13,6,131,43
42,r3_d30_t1_w15,341,59,2556,1094,1403,1014,17,8,72,3,13,4,131,43
42,r3_d30_t1_w15,342,59,2561,1095,1407,1016,17,8,71,4,12,5,131,43
42,r3_d30_t1_w15,343,60,2570,1097,1413,1018,16,8,71,5,8,9,131,43
42,r3_d30_t1_w15,344,56,2575,1099,1420,1024,20,8,67,5,8,9,131,43
42,r3_d30_t1_w15,345,56,2580,1101,1423,1026,21,7,68,4,8,10,131,43
42,r3_d30_t1_w15,346,64,2590,1103,1423,1029,22,7,67,4,7,11,131,43
42,r3_d30_t1_w15,347,67,2596,1105,1424,1039,27,7,59,7,7,12,131,43
42,r3_d30_t1_w15,348,71,2603,1107,1425,1042,28,7,58,7,8,12,131,43
42,r3_d30_t1_w15,349,69,2609,1114,1426,1048,29,12,54,5,8,12,131,43
42,r3_d30_t1_w15,350,72,2615,1117,1426,1054,33,13,50,4,8,12,131,43
42,r3_d30_t1_w15,351,74,2622,1121,1427,1059,35,16,46,3,8,11,131,43
42,r3_d30_t1_w15,352,78,2629,1124,1427,1067,40,17,40,3,8,12,131,43
42,r3_d30_t1_w15,353,79,2634,1127,1428,1072,41,16,39,4,9,12,131,43
42,r3_d30_t1_w15,354,83,2641,1128,1430,1077,44,14,37,5,9,13,131,43
42,r3_d30_t1_w15,355,86,2649,1131,1432,1084,49,16,31,4,9,15,131,43
42,r3_d30_t1_w15,356,89,2656,1133,1434,1089,51,11,33,5,9,16,131,43
42,r3_d30_t1_w15,357,92,2662,1135,1435,1090,50,10,35,5,9,17,131,43
42,r3_d30_t1_w15,358,93,2667,1138,1436,1092,52,10,36,2,9,16,131,43
42,r3_d30_t1_w15,359,94,2677,1143,1440,1094,50,13,36,1,9,17,131,43
42,r3_d30_t1_w15,360,96,2685,1145,1444,1094,45,12,39,4,10,17,126,43
42,r3_d30_t1_w15,361,96,2694,1146,1452,1099,24,11,36,29,13,16,126,43
42,r3_d30_t1_w15,362,95,2701,1149,1457,1099,24,11,39,26,14,13,126,43
42,r3_d30_t1_w15,363,74,2709,1176,1459,1102,25,36,38,1,9,10,126,43
42,r3_d30_t1_w15,364,76,2718,1178,1464,1104,23,30,44,3,10,9,126,43
42,r3_d30_t1_w15,365,76,2723,1179,1468,1109,23,21,49,7,13,9,131,43
42,r3_d30_t1_w15,366,77,2730,1181,1472,1112,24,17,52,7,14,8,131,43
42,r3_d30_t1_w15,367,79,2740,1186,1475,1113,23,14,59,4,15,7,131,43
42,r3_d30_t1_w15,368,80,2749,1189,1480,1116,23,12,61,4,15,7,131,43
42,r3_d30_t1_w15,369,78,2756,1192,1486,1120,23,7,65,5,16,8,131,43
42,r3_d30_t1_w15,370,80,2765,1194,1491,1122,24,7,65,4,16,9,131,43
42,r3_d30_t1_w15,371,82,2774,1198,1494,1123,23,9,66,2,15,10,131,43
42,r3_d30_t1_w15,372,80,2779,1199,1500,1125,25,8,66,1,15,11,131,43
42,r3_d30_t1_w15,373,83,2788,1201,1504,1127,26,8,66,0,11,13,131,43
42,r3_d30_t1_w15,374,77,2793,1203,1513,1134,27,8,61,4,9,13,131,43
42,r3_d30_t1_w15,375,87,2803,1203,1513,1137,28,7,59,6,9,14,131,43
42,r3_d30_t1_w15,376,91,2811,1205,1515,1143,33,5,57,5,9,15,131,43
42,r3_d30_t1_w15,377,95,2817,1207,1515,1145,34,4,58,4,9,16,131,43
42,r3_d30_t1_w15,378,97,2823,1210,1516,1156,42,6,48,4,9,17,131,43
42,r3_d30_t1_w15,379,105,2833,1211,1517,1161,45,7,43,5,9,17,131,43
42,r3_d30_t1_w15,380,112,2843,1214,1517,1167,48,10,37,5,9,17,115,42
42,r3_d30_t1_w15,381,115,2848,1216,1517,1168,49,11,37,3,9,17,115,42
42,r3_d30_t1_w15,382,109,2854,1221,1524,1170,49,13,38,0,9,15,115,42
42,r3_d30_t1_w15,383,107,2860,1221,1532,1172,50,9,40,1,9,14,115,42
42,r3_d30_t1_w15,384,105,2865,1222,1538,1177,51,6,39,4,9,12,115,42
42,r3_d30_t1_w15,385,103,2872,1223,1546,1183,55,7,33,5,9,12,131,43
42,r3_d30_t1_w15,386,102,2879,1226,1551,1189,57,5,32,6,9,13,131,43
42,r3_d30_t1_w15,387,100,2884,1230,1554,1190,56,9,31,4,9,13,131,43
42,r3_d30_t1_w15,388,99,2892,1235,1558,1193,57,11,31,1,9,14,131,43
42,r3_d30_t1_w15,389,100,2897,1235,1562,1196,60,10,29,1,9,12,131,43
42,r3_d30_t1_w15,390,97,2905,1239,1569,1198,56,12,29,3,10,12,121,40
42,r3_d30_t1_w15,391,92,2910,1241,1577,1201,46,11,29,14,10,10,121,40
42,r3_d30_t1_w15,392,90,2915,1244,1581,1201,34,8,35,23,11,10,121,40
42,r3_d30_t1_w15,393,77,2920,1257,1586,1203,31,20,34,15,10,10,121,40
42,r3_d30_t1_w15,394,64,2930,1270,1596,1206,32,29,35,4,8,10,121,40
42,r3_d30_t1_w15,395,57,2935,1273,1605,1207,32,26,40,2,9,7,131,43
42,r3_d30_t1_w15,396,58,2942,1274,1610,1209,32,21,44,3,11,6,131,43
42,r3_d30_t1_w15,397,60,2950,1276,1614,1213,32,18,45,5,14,5,131,43
42,r3_d30_t1_w15,398,61,2959,1278,1620,1215,32,14,49,5,15,5,131,43
42,r3_d30_t1_w15,399,58,2965,1282,1625,1216,32,10,56,2,16,5,131,43
42,r3_d30_t1_w15,400,59,2975,1286,1630,1218,31,10,58,1,14,6,131,43
42,r3_d30_t1_w15,401,61,2984,1287,1636,1226,31,9,52,8,12,9,131,43
42,r3_d30_t1_w15,402,61,2990,1289,1640,1229,32,7,53,8,10,10,131,43
42,r3_d30_t1_w15,403,55,2997,1296,1646,1231,32,11,54,3,8,10,131,43
42,r3_d30_t1_w15,404,59,3007,1298,1650,1233,33,8,57,2,9,11,131,43
42,r3_d30_t1_w15,405,64,3013,1298,1651,1237,39,8,53,0,9,12,131,43
42,r3_d30_t1_w15,406,69,3018,1298,1651,1237,39,5,56,0,9,12,131,43
42,r3_d30_t1_w15,407,76,3026,1299,1651,1240,41,6,53,0,9,13,131,43
42,r3_d30_t1_w15,408,86,3036,1299,1651,1243,43,4,52,1,9,13,131,43
42,r3_d30_t1_w15,409,95,3046,1300,1651,1245,42,3,52,3,9,13,131,43
42,r3_d30_t1_w15,410,103,3056,1302,1651,1251,44,3,48,5,9,14,131,43
42,r3_d30_t1_w15,411,105,3062,1306,1651,1258,48,6,42,4,9,14,131,43
42,r3_d30_t1_w15,412,107,3068,1309,1652,1260,50,9,40,1,9,15,131,43
42,r3_d30_t1_w15,413,114,3077,1310,1653,1267,53,9,34,4,9,17,131,43
42,r3_d30_t1_w15,414,113,3084,1312,1659,1272,55,9,31,5,9,15,131,43
42,r3_d30_t1_w15,415,108,3089,1316,1665,1276,59,10,30,1,9,16,131,43
42,r3_d30_t1_w15,416,106,3096,1318,1672,1278,60,9,31,0,9,18,131,43
42,r3_d30_t1_w15,417,111,3105,1318,1676,1283,63,8,27,2,9,22,131,43
42,r3_d30_t1_w15,418,109,3111,1319,1683,1284,63,6,29,2,9,20,131,43
42,r3_d30_t1_w15,419,108,3121,1323,1690,1285,61,9,29,1,9,20,131,43
42,r3_d30_t1_w15,420,107,3127,1324,1696,1290,61,8,26,5,10,20,131,43
42,r3_d30_t1_w15,421,112,3137,1325,1700,1294,49,6,25,20,14,19,131,43
42,r3_d30_t1_w15,422,110,3143,1329,1704,1295,26,5,29,40,14,18,131,43
42,r3_d30_t1_w15,423,91,3149,1345,1713,1297,24,19,29,28,11,15,131,43
42,r3_d30_t1_w15,424,78,3155,1356,1721,1297,37,20,39,4,9,14,131,43
42,r3_d30_t1_w15,425,70,3163,1362,1731,1297,35,16,49,0,9,14,131,43
42,r3_d30_t1_w15,426,67,3172,1368,1737,1300,30,16,52,2,9,12,131,43
42,r3_d30_t1_w15,427,64,3180,1373,1743,1302,25,15,56,4,9,11,131,43
42,r3_d30_t1_w15,428,62,3187,1376,1749,1303,23,16,57,4,11,10,131,43
42,r3_d30_t1_w15,429,63,3194,1378,1753,1307,25,14,57,4,11,9,131,43
42,r3_d30_t1_w15,430,67,3204,1380,1757,1307,25,12,61,2,15,8,131,43
42,r3_d30_t1_w15,431,68,3212,1382,1762,1310,25,8,64,3,14,8,131,43
42,r3_d30_t1_w15,432,67,3220,1382,1771,1312,25,4,66,5,13,10,131,43
42,r3_d30_t1_w15,433,63,3226,1386,1777,1318,26,8,60,6,11,9,131,43
42,r3_d30_t1_w15,434,56,3232,1390,1786,1321,25,12,57,6,8,9,131,43
42,r3_d30_t1_w15,435,58,3237,1393,1786,1327,30,12,54,4,9,9,131,43
42,r3_d30_t1_w15,436,62,3243,1393,1788,1329,32,9,55,4,9,10,131,43
42,r3_d30_t1_w15,437,67,3253,1395,1791,1329,31,9,57,3,9,11,131,43
42,r3_d30_t1_w15,438,70,3258,1397,1791,1333,35,9,55,1,9,11,131,43
42,r3_d30_t1_w15,439,74,3265,1400,1791,1336,35,11,53,1,9,11,131,43
42,r3_d30_t1_w15,440,79,3272,1400,1793,1340,35,9,51,5,9,11,131,43
42,r3_d30_t1_w15,441,81,3278,1401,1796,1347,40,7,47,6,9,12,131,43
42,r3_d30_t1_w15,442,83,3287,1407,1797,1353,42,13,41,4,9,11,131,43
42,r3_d30_t1_w15,443,89,3296,1410,1797,1361,46,9,40,5,9,11,131,43
42,r3_d30_t1_w15,444,92,3303,1414,1797,1367,47,10,37,6,9,12,131,43
42,r3_d30_t1_w15,445,95,3310,1418,1797,1373,48,13,32,7,9,12,121,40
42,r3_d30_t1_w15,446,99,3319,1422,1798,1377,50,17,28,5,9,11,121,40
42,r3_d30_t1_w15,447,96,3324,1426,1802,1381,53,16,29,2,9,12,121,40
42,r3_d30_t1_w15,448,96,3331,1428,1807,1382,52,15,31,2,9,13,121,40
42,r3_d30_t1_w15,449,96,3337,1430,1811,1384,52,17,29,2,9,14,121,40
42,r3_d30_t1_w15,450,97,3344,1432,1815,1386,48,14,32,6,10,14,131,43
42,r3_d30_t1_w15,451,101,3354,1434,1819,1389,29,15,30,26,12,14,131,43
42,r3_d30_t1_w15,452,98,3363,1440,1825,1393,28,13,34,25,14,12,131,43
42,r3_d30_t1_w15,453,81,3371,1461,1829,1395,28,29,37,6,9,11,131,43
42,r3_d30_t1_w15,454,80,3380,1465,1835,1396,28,24,45,3,12,11,131,43
42,r3_d30_t1_w15,455,80,3385,1467,1838,1397,28,23,47,2,13,9,131,43
42,r3_d30_t1_w15,456,80,3391,1468,1843,1398,27,17,53,3,15,8,131,43
42,r3_d30_t1_w15,457,84,3401,1469,1848,1399,28,11,59,2,15,8,131,43
42,r3_d30_t1_w15,458,81,3407,1472,1854,1402,28,8,62,2,16,9,131,43
42,r3_d30_t1_w15,459,82,3415,1473,1860,1404,28,4,65,3,16,10,131,43
42,r3_d30_t1_w15,460,81,3421,1475,1865,1409,31,6,60,3,13,10,131,43
42,r3_d30_t1_w15,461,80,3428,1476,1872,1410,30,5,61,4,14,10,131,43
42,r3_d30_t1_w15,462,81,3436,1478,1877,1414,31,4,60,5,9,12,131,43
42,r3_d30_t1_w15,463,85,3446,1481,1880,1418,33,6,57,4,9,13,131,43
42,r3_d30_t1_w15,464,84,3452,1485,1883,1421,33,6,58,3,9,12,131,43
42,r3_d30_t1_w15,465,89,3457,1485,1883,1425,38,5,55,2,9,12,131,43
42,r3_d30_t1_w15,466,93,3467,1487,1887,1431,44,4,52,0,9,16,131,43
42,r3_d30_t1_w15,467,100,3477,1489,1888,1436,47,5,48,0,9,16,131,43
42,r3_d30_t1_w15,468,110,3487,1489,1888,1440,48,5,44,3,9,16,131,43
42,r3_d30_t1_w15,469,108,3493,1490,1895,1446,51,6,38,5,9,16,131,43
42,r3_d30_t1_w15,470,112,3503,1494,1897,1448,51,6,40,3,9,16,131,43
42,r3_d30_t1_w15,471,111,3510,1499,1900,1453,52,11,35,2,9,16,131,43
42,r3_d30_t1_w15,472,109,3518,1500,1909,1458,57,11,31,1,9,15,131,43
42,r3_d30_t1_w15,473,111,3526,1502,1913,1462,58,11,29,2,9,14,131,43
42,r3_d30_t1_w15,474,112,3534,1502,1920,1466,61,6,30,3,9,14,131,43
42,r3_d30_t1_w15,475,112,3539,1504,1923,1469,62,5,30,3,9,13,131,43
42,r3_d30_t1_w15,476,115,3548,1505,1928,1474,65,4,27,4,9,12,131,43
42,r3_d30_t1_w15,477,112,3553,1508,1933,1477,64,6,25,5,9,13,131,43
42,r3_d30_t1_w15,478,108,3559,1512,1939,1478,63,9,25,3,9,14,131,43
42,r3_d30_t1_w15,479,108,3565,1516,1941,1479,62,13,24,1,9,13,131,43
42,r3_d30_t1_w15,480,109,3573,1518,1946,1480,60,12,26,2,10,12,131,43
42,r3_d30_t1_w15,481,105,3580,1520,1955,1481,47,12,27,14,12,12,131,43
42,r3_d30_t1_w15,482,102,3589,1522,1965,1482,40,9,31,20,13,9,131,43
42,r3_d30_t1_w15,483,87,3597,1535,1975,1484,40,18,33,9,12,8,131,43
42,r3_d30_t1_w15,484,82,3604,1542,1980,1487,42,21,34,3,10,8,131,43
42,r3_d30_t1_w15,485,78,3612,1545,1989,1490,42,19,36,3,12,8,131,43
42,r3_d30_t1_w15,486,79,3620,1548,1993,1494,43,20,34,3,12,6,131,43
42,r3_d30_t1_w15,487,74,3625,1551,2000,1496,40,17,38,5,15,6,131,43
42,r3_d30_t1_w15,488,72,3632,1552,2008,1497,40,12,43,5,14,6,131,43
42,r3_d30_t1_w15,489,70,3641,1556,2015,1497,40,6,53,1,14,5,131,43
42,r3_d30_t1_w15,490,71,3646,1557,2018,1501,42,3,53,2,14,5,126,43
42,r3_d30_t1_w15,491,72,3656,1557,2027,1502,43,3,52,2,13,7,126,43
42,r3_d30_t1_w15,492,73,3664,1559,2032,1504,44,3,52,1,11,10,126,43
42,r3_d30_t1_w15,493,79,3674,1559,2036,1508,47,1,50,2,10,10,126,43
42,r3_d30_t1_w15,494,77,3681,1562,2042,1510,47,2,50,1,9,9,126,43
42,r3_d30_t1_w15,495,79,3686,1564,2043,1514,49,4,46,1,9,10,131,43
42,r3_d30_t1_w15,496,82,3691,1565,2044,1517,50,4,44,2,9,10,131,43
42,r3_d30_t1_w15,497,89,3701,1567,2045,1519,49,6,42,3,9,11,131,43
42,r3_d30_t1_w15,498,95,3708,1568,2045,1521,51,3,44,2,9,11,131,43
42,r3_d30_t1_w15,499,95,3713,1571,2047,1525,52,5,41,2,9,10,131,43
42,r3_d30_t1_w15,500,102,3723,1571,2050,1528,55,4,39,2,9,11,131,43
42,r3_d30_t1_w15,501,107,3732,1573,2052,1533,57,6,34,3,9,12,131,43
42,r3_d30_t1_w15,502,108,3738,1573,2057,1536,59,6,31,4,9,13,131,43
42,r3_d30_t1_w15,503,109,3746,1576,2061,1539,61,7,30,2,9,14,131,43
42,r3_d30_t1_w15,504,109,3755,1579,2067,1541,60,10,28,2,9,15,131,43
42,r3_d30_t1_w15,505,109,3761,1581,2071,1546,62,9,26,3,9,16,131,43
42,r3_d30_t1_w15,506,107,3771,1585,2079,1551,63,10,24,3,9,17,131,43
42,r3_d30_t1_w15,507,107,3779,1587,2085,1552,63,11,24,2,9,16,131,43
42,r3_d30_t1_w15,508,105,3788,1589,2094,1557,67,8,24,1,9,16,131,43
42,r3_d30_t1_w15,509,106,3795,1591,2098,1559,66,9,23,2,9,15,131,43
42,r3_d30_t1_w15,510,109,3805,1593,2103,1560,63,6,27,4,11,14,131,43
42,r3_d30_t1_w15,511,110,3810,1595,2105,1562,42,6,27,25,13,14,131,43
42,r3_d30_t1_w15,512,105,3818,1599,2114,1562,18,8,29,45,14,13,131,43
42,r3_d30_t1_w15,513,85,3825,1620,2120,1562,20,28,30,22,9,13,131,43
42,r3_d30_t1_w15,514,80,3831,1626,2125,1564,38,27,35,0,9,11,131,43
42,r3_d30_t1_w15,515,70,3840,1635,2135,1565,30,23,47,0,9,10,131,43
42,r3_d30_t1_w15,516,63,3848,1642,2143,1567,25,24,51,0,9,8,131,43
42,r3_d30_t1_w15,517,65,3858,1644,2149,1571,25,17,56,2,10,7,131,43
42,r3_d30_t1_w15,518,65,3865,1644,2156,1572,17,11,61,11,13,7,131,43
42,r3_d30_t1_w15,519,67,3875,1646,2162,1573,16,8,65,11,15,6,131,43
42,r3_d30_t1_w15,520,62,3885,1655,2168,1574,16,14,67,3,13,6,101,38
42,r3_d30_t1_w15,521,59,3892,1657,2176,1577,17,14,66,3,13,5,101,38
42,r3_d30_t1_w15,522,58,3899,1658,2183,1578,17,11,69,3,9,5,101,38
42,r3_d30_t1_w15,523,56,3906,1660,2190,1582,19,11,67,3,9,6,101,38
42,r3_d30_t1_w15,524,54,3911,1661,2196,1582,19,9,70,2,8,7,101,38
42,r3_d30_t1_w15,525,61,3920,1662,2197,1591,25,8,63,4,9,7,126,43
42,r3_d30_t1_w15,526,64,3926,1663,2199,1594,25,6,63,6,9,7,126,43
42,r3_d30_t1_w15,527,66,3934,1668,2200,1601,29,10,57,4,8,6,126,43
42,r3_d30_t1_w15,528,71,3944,1671,2202,1602,28,9,60,3,9,8,126,43
42,r3_d30_t1_w15,529,75,3953,1676,2202,1611,31,13,52,4,9,9,126,43
42,r3_d30_t1_w15,530,83,3962,1677,2202,1616,33,13,48,6,9,9,131,43
42,r3_d30_t1_w15,531,89,3972,1681,2202,1623,36,14,44,6,9,10,131,43
42,r3_d30_t1_w15,532,91,3978,1684,2203,1627,39,15,42,4,9,10,131,43
42,r3_d30_t1_w15,533,95,3986,1687,2204,1629,41,13,45,1,9,12,131,43
42,r3_d30_t1_w15,534,96,3992,1690,2206,1634,41,12,44,3,9,13,131,43
42,r3_d30_t1_w15,535,102,4000,1690,2208,1639,44,8,43,5,9,14,131,43
42,r3_d30_t1_w15,536,106,4010,1695,2209,1643,46,12,40,2,9,13,131,43
42,r3_d30_t1_w15,537,109,4020,1699,2212,1649,47,11,39,3,9,14,131,43
42,r3_d30_t1_w15,538,117,4030,1699,2214,1651,47,8,40,5,9,15,131,43
42,r3_d30_t1_w15,539,121,4040,1703,2216,1655,47,11,37,5,9,16,131,43
42,r3_d30_t1_w15,540,122,4050,1705,2223,1657,48,10,38,4,9,14,131,43
42,r3_d30_t1_w15,541,121,4056,1709,2226,1658,44,10,41,5,12,14,131,43
42,r3_d30_t1_w15,542,121,4065,1711,2233,1660,28,8,43,21,16,12,131,43
42,r3_d30_t1_w15,543,114,4070,1715,2241,1664,28,11,40,21,17,11,131,43
42,r3_d30_t1_w15,544,96,4076,1732,2248,1665,28,23,44,5,12,11,131,43
42,r3_d30_t1_w15,545,91,4082,1736,2255,1667,26,20,49,5,13,10,131,43
42,r3_d30_t1_w15,546,87,4087,1737,2263,1671,27,15,51,7,15,9,131,43
42,r3_d30_t1_w15,547,85,4092,1741,2266,1678,29,11,52,8,15,8,131,43
42,r3_d30_t1_w15,548,82,4098,1744,2272,1682,33,12,50,5,15,7,131,43
42,r3_d30_t1_w15,549,80,4105,1749,2276,1685,34,14,50,2,16,7,131,43
42,r3_d30_t1_w15,550,80,4111,1749,2282,1687,35,12,50,3,15,7,126,43
42,r3_d30_t1_w15,551,77,4116,1752,2287,1689,33,9,54,4,15,8,126,43
42,r3_d30_t1_w15,552,74,4123,1755,2294,1690,31,9,56,4,12,8,126,43
42,r3_d30_t1_w15,553,69,4129,1758,2302,1692,32,9,57,2,9,8,126,43
42,r3_d30_t1_w15,554,65,4135,1759,2311,1694,32,6,59,3,9,10,126,43
42,r3_d30_t1_w15,555,69,4141,1760,2312,1699,36,3,58,3,9,10,131,43
42,r3_d30_t1_w15,556,75,4148,1760,2313,1708,46,1,51,2,9,10,131,43
42,r3_d30_t1_w15,557,78,4153,1761,2314,1711,49,2,48,1,9,10,131,43
42,r3_d30_t1_w15,558,80,4158,1763,2315,1716,51,3,44,2,9,11,131,43
42,r3_d30_t1_w15,559,84,4164,1763,2317,1719,51,2,42,5,9,12,131,43
42,r3_d30_t1_w15,560,82,4169,1768,2319,1725,52,7,36,5,9,12,131,43
42,r3_d30_t1_w15,561,84,4176,1771,2321,1728,54,8,35,3,9,12,131,43
42,r3_d30_t1_w15,562,85,4182,1773,2324,1735,58,10,28,4,9,12,131,43
42,r3_d30_t1_w15,563,84,4188,1774,2330,1737,60,8,29,3,9,13,131,43
42,r3_d30_t1_w15,564,85,4197,1779,2333,1743,63,12,24,1,9,13,131,43
42,r3_d30_t1_w15,565,89,4206,1779,2338,1745,63,9,25,3,9,12,131,43
42,r3_d30_t1_w15,566,90,4212,1781,2341,1746,61,8,27,4,9,12,131,43
42,r3_d30_t1_w15,567,90,4218,1783,2345,1748,63,9,26,2,9,13,131,43
42,r3_d30_t1_w15,568,88,4223,1786,2349,1751,63,11,24,2,9,12,131,43
42,r3_d30_t1_w15,569,87,4228,1786,2355,1752,63,7,27,3,9,12,131,43
42,r3_d30_t1_w15,570,84,4235,1793,2358,1757,63,10,26,1,9,11,121,43
42,r3_d30_t1_w15,571,86,4244,1794,2364,1757,58,11,26,5,12,10,121,43
42,r3_d30_t1_w15,572,88,4251,1794,2369,1762,35,8,24,33,13,10,121,43
42,r3_d30_t1_w15,573,87,4260,1799,2374,1762,34,10,27,29,14,9,121,43
42,r3_d30_t1_w15,574,67,4270,1824,2379,1764,38,30,30,2,9,8,121,43
42,r3_d30_t1_w15,575,67,4278,1828,2383,1765,35,23,40,2,9,8,131,43
42,r3_d30_t1_w15,576,65,4284,1830,2389,1765,34,22,43,1,10,8,131,43
42,r3_d30_t1_w15,577,68,4293,1831,2394,1766,35,13,52,0,14,8,131,43
42,r3_d30_t1_w15,578,68,4299,1831,2400,1768,37,6,57,0,14,7,131,43
42,r3_d30_t1_w15,579,69,4308,1832,2407,1768,36,4,60,0,14,6,131,43
42,r3_d30_t1_w15,580,66,4314,1832,2416,1769,36,4,59,1,13,5,131,43
42,r3_d30_t1_w15,581,68,4322,1833,2421,1772,35,1,60,4,11,6,131,43
42,r3_d30_t1_w15,582,67,4327,1835,2425,1777,37,3,55,5,10,6,131,43
42,r3_d30_t1_w15,583,65,4333,1840,2428,1780,38,6,54,2,8,6,131,43
42,r3_d30_t1_w15,584,64,4339,1843,2432,1783,40,7,53,0,8,8,131,43
42,r3_d30_t1_w15,585,74,4349,1843,2432,1786,43,7,50,0,9,8,131,43
42,r3_d30_t1_w15,586,80,4358,1844,2434,1790,46,6,48,0,9,9,131,43
42,r3_d30_t1_w15,587,88,4368,1846,2434,1796,48,7,43,2,9,10,131,43
42,r3_d30_t1_w15,588,95,4378,1848,2435,1799,47,5,44,4,9,12,131,43
42,r3_d30_t1_w15,589,99,4388,1853,2436,1805,49,8,40,3,9,13,131,43
42,r3_d30_t1_w15,590,100,4393,1856,2437,1807,50,8,41,1,9,13,131,43
42,r3_d30_t1_w15,591,108,4403,1857,2438,1812,53,8,37,2,9,14,131,43
42,r3_d30_t1_w15,592,105,4410,1860,2445,1821,58,7,32,3,9,16,131,43
42,r3_d30_t1_w15,593,106,4416,1862,2448,1825,62,7,30,1,9,16,131,43
42,r3_d30_t1_w15,594,105,4422,1863,2454,1829,64,8,26,2,9,15,131,43
42,r3_d30_t1_w15,595,110,4432,1864,2458,1831,65,4,29,2,9,15,131,43
42,r3_d30_t1_w15,596,114,4442,1866,2462,1833,67,4,29,0,9,16,131,43
42,r3_d30_t1_w15,597,115,4447,1866,2466,1835,67,3,28,2,9,15,131,43
42,r3_d30_t1_w15,598,118,4456,1867,2471,1837,67,4,26,3,9,15,131,43
42,r3_d30_t1_w15,599,120,4464,1869,2475,1839,67,4,26,3,9,16,131,43
42,r3_d30_t1_w15,600,115,4469,1871,2483,1839,66,6,26,2,8,15,121,40
42,r3_d30_t1_w20,1,4,7,3,0,0,96,3,0,1,1,2,131,43
42,r3_d30_t1_w20,2,12,17,5,0,0,82,5,0,13,2,3,131,43
42,r3_d30_t1_w20,3,21,27,6,0,0,71,6,0,23,5,5,131,43
42,r3_d30_t1_w20,4,16,34,18,0,0,71,15,3,11,3,3,131,43
42,r3_d30_t1_w20,5,14,44,30,0,0,69,26,4,1,3,4,131,43
42,r3_d30_t1_w20,6,23,53,30,0,0,68,17,13,2,4,6,131,43
42,r3_d30_t1_w20,7,28,60,32,0,0,66,13,19,2,4,8,131,43
42,r3_d30_t1_w20,8,34,68,34,0,0,65,12,22,1,6,9,131,43
42,r3_d30_t1_w20,9,39,75,36,0,0,63,5,31,1,7,9,131,43
42,r3_d30_t1_w20,10,43,80,37,0,0,61,5,32,2,7,9,131,43
42,r3_d30_t1_w20,11,49,88,39,0,0,60,6,33,1,8,10,131,43
42,r3_d30_t1_w20,12,57,97,40,0,0,59,6,34,1,9,9,131,43
42,r3_d30_t1_w20,13,62,102,40,0,0,59,4,36,1,9,10,131,43
42,r3_d30_t1_w20,14,70,111,41,0,0,59,4,37,0,9,10,131,43
42,r3_d30_t1_w20,15,80,121,41,0,1,60,3,37,0,9,10,131,43
42,r3_d30_t1_w20,16,89,131,42,0,6,62,4,32,2,9,10,131,43
42,r3_d30_t1_w20,17,99,141,42,0,8,63,3,31,3,9,13,131,43
42,r3_d30_t1_w20,18,101,146,45,0,10,64,4,31,1,9,15,131,43
42,r3_d30_t1_w20,19,108,156,48,0,10,61,6,32,1,9,16,131,43
42,r3_d30_t1_w20,20,116,165,49,0,12,62,6,31,1,9,17,121,40
42,r3_d30_t1_w20,21,118,170,51,1,14,63,6,31,0,9,19,121,40
42,r3_d30_t1_w20,22,123,177,53,1,17,63,7,29,1,9,19,121,40
42,r3_d30_t1_w20,23,132,187,54,1,20,63,6,28,3,9,20,121,40
42,r3_d30_t1_w20,24,139,197,56,2,26,66,6,24,4,9,20,121,40
42,r3_d30_t1_w20,25,145,206,59,2,29,68,6,24,2,9,21,126,43
42,r3_d30_t1_w20,26,144,211,61,6,32,67,6,23,4,9,21,126,43
42,r3_d30_t1_w20,27,147,220,61,12,34,68,4,23,5,9,21,126,43
42,r3_d30_t1_w20,28,147,229,66,16,35,67,8,23,2,9,21,126,43
42,r3_d30_t1_w20,29,150,237,67,20,38,70,9,20,1,9,20,126,43
42,r3_d30_t1_w20,30,152,245,72,21,38,65,12,22,1,9,20,131,43
42,r3_d30_t1_w20,31,154,254,72,28,40,61,10,22,7,12,20,131,43
42,r3_d30_t1_w20,32,154,264,74,36,42,37,9,23,31,15,19,131,43
42,r3_d30_t1_w20,33,153,273,81,39,44,36,12,25,27,16,18,131,43
42,r3_d30_t1_w20,34,129,280,106,45,44,36,34,28,2,9,17,131,43
42,r3_d30_t1_w20,35,123,285,108,54,44,36,25,39,0,10,15,131,43
42,r3_d30_t1_w20,36,123,295,108,64,46,38,17,45,0,15,13,131,43
42,r3_d30_t1_w20,37,120,302,108,74,47,38,9,52,1,15,12,131,43
42,r3_d30_t1_w20,38,123,310,109,78,51,38,7,51,4,18,12,131,43
42,r3_d30_t1_w20,39,121,316,110,85,52,38,5,53,4,18,11,131,43
42,r3_d30_t1_w20,40,119,326,115,92,55,37,8,52,3,18,11,131,43
42,r3_d30_t1_w20,41,117,332,119,96,57,36,8,54,2,18,9,131,43
42,r3_d30_t1_w20,42,119,340,121,100,59,36,5,57,2,18,9,131,43
42,r3_d30_t1_w20,43,118,348,121,109,64,41,4,53,2,18,9,131,43
42,r3_d30_t1_w20,44,113,353,123,117,66,43,3,54,0,17,10,131,43
42,r3_d30_t1_w20,45,112,361,124,125,66,41,2,56,1,17,11,131,43
42,r3_d30_t1_w20,46,115,369,124,130,68,43,1,55,1,16,11,131,43
42,r3_d30_t1_w20,47,114,379,126,139,72,45,2,52,1,13,11,131,43
42,r3_d30_t1_w20,48,111,384,127,146,79,46,2,46,6,10,12,131,43
42,r3_d30_t1_w20,49,106,389,129,154,84,47,3,42,8,9,12,131,43
42,r3_d30_t1_w20,50,104,394,135,155,92,53,9,34,4,9,11,126,43
42,r3_d30_t1_w20,51,111,404,136,157,97,60,9,30,1,9,12,126,43
42,r3_d30_t1_w20,52,119,413,137,157,99,61,10,28,1,9,14,126,43
42,r3_d30_t1_w20,53,127,422,137,158,102,64,3,32,1,9,16,126,43
42,r3_d30_t1_w20,54,130,428,138,160,106,65,3,29,3,9,17,126,43
42,r3_d30_t1_w20,55,138,437,139,160,112,69,3,24,4,9,17,131,43
42,r3_d30_t1_w20,56,141,446,142,163,114,70,6,22,2,9,16,131,43
42,r3_d30_t1_w20,57,142,454,144,168,118,72,6,20,2,9,16,131,43
42,r3_d30_t1_w20,58,138,459,146,175,120,73,8,18,1,9,17,131,43
42,r3_d30_t1_w20,59,137,464,147,180,121,74,7,19,0,9,17,131,43
42,r3_d30_t1_w20,60,139,474,147,188,122,72,6,19,3,12,17,131,43
42,r3_d30_t1_w20,61,138,479,148,193,122,41,5,21,33,12,16,131,43
42,r3_d30_t1_w20,62,133,485,151,201,123,26,7,21,46,15,15,131,43
42,r3_d30_t1_w20,63,115,492,169,208,125,39,22,22,17,9,15,131,43
42,r3_d30_t1_w20,64,111,502,178,213,127,47,27,24,2,9,13,131,43
42,r3_d30_t1_w20,65,107,511,186,218,128,41,26,32,1,9,13,131,43
42,r3_d30_t1_w20,66,100,517,192,225,128,36,15,49,0,9,11,131,43
42,r3_d30_t1_w20,67,93,525,198,234,130,30,14,54,2,9,10,131,43
42,r3_d30_t1_w20,68,94,532,201,237,133,27,12,56,5,11,10,131,43
42,r3_d30_t1_w20,69,98,542,204,240,138,24,10,56,10,14,10,131,43
42,r3_d30_t1_w20,70,98,548,207,243,138,12,11,58,19,13,8,131,43
42,r3_d30_t1_w20,71,89,555,215,251,140,5,15,60,20,14,7,131,43
42,r3_d30_t1_w20,72,84,562,218,260,143,7,11,64,18,15,7,131,43
42,r3_d30_t1_w20,73,84,572,221,267,145,7,11,65,17,17,6,131,43
42,r3_d30_t1_w20,74,74,578,231,273,147,8,13,71,8,15,5,131,43
42,r3_d30_t1_w20,75,67,586,239,280,150,9,20,69,2,12,5,131,43
42,r3_d30_t1_w20,76,66,595,241,288,152,9,21,68,2,12,7,131,43
42,r3_d30_t1_w20,77,67,604,242,295,156,11,20,66,3,12,7,131,43
42,r3_d30_t1_w20,78,67,611,244,300,165,13,20,59,8,10,7,131,43
42,r3_d30_t1_w20,79,69,619,246,304,169,15,16,61,8,9,7,131,43
42,r3_d30_t1_w20,80,75,629,249,305,174,21,12,63,4,9,8,131,43
42,r3_d30_t1_w20,81,75,636,254,307,179,22,13,62,3,9,8,131,43
42,r3_d30_t1_w20,82,76,641,258,307,182,23,12,64,1,9,9,131,43
42,r3_d30_t1_w20,83,82,649,259,308,190,26,12,57,5,9,9,131,43
42,r3_d30_t1_w20,84,90,658,260,308,195,28,10,55,7,9,10,131,43
42,r3_d30_t1_w20,85,93,668,265,310,199,30,10,56,4,9,11,131,43
42,r3_d30_t1_w20,86,97,677,268,312,204,30,11,53,6,9,12,131,43
42,r3_d30_t1_w20,87,101,687,272,314,207,30,13,52,5,9,13,131,43
42,r3_d30_t1_w20,88,107,697,276,314,209,32,15,52,1,9,14,131,43
42,r3_d30_t1_w20,89,109,703,279,315,213,31,13,53,3,9,14,131,43
42,r3_d30_t1_w20,90,113,708,279,316,216,31,12,51,6,9,14,131,43
42,r3_d30_t1_w20,91,116,716,283,317,218,27,13,52,8,12,13,131,43
42,r3_d30_t1_w20,92,120,724,286,318,224,22,13,49,16,14,13,131,43
42,r3_d30_t1_w20,93,123,734,291,320,230,26,13,48,13,16,13,131,43
42,r3_d30_t1_w20,94,116,741,305,320,234,27,19,52,2,14,13,131,43
42,r3_d30_t1_w20,95,122,749,307,320,237,29,14,56,1,17,13,131,43
42,r3_d30_t1_w20,96,127,754,307,320,242,30,8,57,5,17,13,131,43
42,r3_d30_t1_w20,97,128,759,309,322,245,28,6,58,8,17,13,131,43
42,r3_d30_t1_w20,98,130,768,313,325,250,28,9,54,9,17,13,131,43
42,r3_d30_t1_w20,99,128,774,318,328,254,27,11,53,9,18,12,131,43
42,r3_d30_t1_w20,100,125,783,323,335,258,29,12,53,6,18,11,121,40
42,r3_d30_t1_w20,101,124,791,327,340,259,29,10,58,3,18,10,121,40
42,r3_d30_t1_w20,102,128,800,330,342,263,28,9,58,5,18,10,121,40
42,r3_d30_t1_w20,103,129,809,331,349,266,29,8,57,6,16,9,121,40
42,r3_d30_t1_w20,104,128,817,335,354,269,32,10,56,2,16,11,121,40
42,r3_d30_t1_w20,105,123,824,337,364,274,35,10,53,2,16,11,131,43
42,r3_d30_t1_w20,106,123,831,337,371,280,37,7,50,6,16,13,131,43
42,r3_d30_t1_w20,107,119,838,340,379,282,37,6,52,5,13,13,131,43
42,r3_d30_t1_w20,108,112,844,345,387,287,36,9,49,6,10,13,131,43
42,r3_d30_t1_w20,109,112,849,346,391,288,36,9,49,6,9,13,131,43
42,r3_d30_t1_w20,110,117,859,349,393,293,42,8,48,2,9,16,131,43
42,r3_d30_t1_w20,111,122,865,350,393,298,43,8,44,5,9,15,131,43
42,r3_d30_t1_w20,112,126,870,351,393,303,44,8,40,8,9,16,131,43
42,r3_d30_t1_w20,113,130,880,356,394,311,50,10,35,5,9,15,131,43
42,r3_d30_t1_w20,114,130,888,362,396,314,49,14,34,3,9,16,131,43
42,r3_d30_t1_w20,115,139,898,363,396,317,52,12,34,2,9,19,131,43
42,r3_d30_t1_w20,116,141,905,367,397,323,56,14,30,0,9,19,131,43
42,r3_d30_t1_w20,117,147,914,368,399,325,56,11,32,1,9,19,131,43
42,r3_d30_t1_w20,118,147,923,368,408,327,58,7,34,1,9,20,131,43
42,r3_d30_t1_w20,119,146,928,369,413,329,60,7,33,0,9,21,131,43
42,r3_d30_t1_w20,120,139,933,372,422,330,58,7,35,0,9,21,131,43
42,r3_d30_t1_w20,121,135,938,373,430,330,56,6,37,1,10,21,131,43
42,r3_d30_t1_w20,122,133,943,374,436,333,47,6,35,12,11,21,131,43
42,r3_d30_t1_w20,123,132,952,375,445,336,27,6,33,34,14,19,131,43
42,r3_d30_t1_w20,124,120,960,388,452,340,29,19,29,23,12,18,131,43
42,r3_d30_t1_w20,125,104,969,407,458,345,37,34,28,1,9,18,121,40
42,r3_d30_t1_w20,126,100,978,414,464,345,30,35,34,1,9,18,121,40
42,r3_d30_t1_w20,127,99,986,417,470,347,29,26,44,1,11,15,121,40
42,r3_d30_t1_w20,128,102,994,417,475,351,31,23,43,3,13,15,121,40
42,r3_d30_t1_w20,129,103,1001,419,479,354,31,16,49,4,14,14,121,40
42,r3_d30_t1_w20,130,103,1011,421,487,355,31,11,55,3,15,11,131,43
42,r3_d30_t1_w20,131,103,1018,423,492,357,31,6,60,3,16,9,131,43
42,r3_d30_t1_w20,132,104,1025,424,497,359,31,7,58,4,17,8,131,43
42,r3_d30_t1_w20,133,100,1033,426,507,360,31,4,62,3,17,9,131,43
42,r3_d30_t1_w20,134,101,1041,428,512,361,31,5,62,2,17,9,131,43
42,r3_d30_t1_w20,135,102,1051,429,520,367,37,5,57,1,17,11,131,43
42,r3_d30_t1_w20,136,103,1059,430,526,369,37,4,57,2,15,12,131,43
42,r3_d30_t1_w20,137,103,1068,431,534,374,38,5,52,5,11,12,131,43
42,r3_d30_t1_w20,138,105,1078,433,540,375,39,5,53,3,10,12,131,43
42,r3_d30_t1_w20,139,103,1084,439,542,379,37,10,50,3,9,14,131,43
42,r3_d30_t1_w20,140,111,1092,439,542,383,38,7,49,6,9,14,131,43
42,r3_d30_t1_w20,141,117,1101,442,542,386,39,10,46,5,9,15,131,43
42,r3_d30_t1_w20,142,122,1109,445,542,393,44,7,45,4,9,17,131,43
42,r3_d30_t1_w20,143,126,1116,447,543,400,47,7,40,6,9,17,131,43
42,r3_d30_t1_w20,144,130,1124,450,544,403,49,9,38,4,9,16,131,43
42,r3_d30_t1_w20,145,130,1130,454,546,406,51,8,40,1,9,16,131,43
42,r3_d30_t1_w20,146,133,1137,455,549,413,56,7,35,2,9,16,131,43
42,r3_d30_t1_w20,147,138,1146,458,550,417,58,10,31,1,9,17,131,43
42,r3_d30_t1_w20,148,143,1153,459,551,419,59,8,32,1,9,17,131,43
42,r3_d30_t1_w20,149,149,1160,460,551,425,61,7,28,4,9,19,131,43
42,r3_d30_t1_w20,150,151,1170,463,556,428,58,10,25,7,10,19,131,43
42,r3_d30_t1_w20,151,153,1179,466,560,428,33,8,30,29,14,19,131,43
42,r3_d30_t1_w20,152,152,1186,470,564,429,19,10,31,40,16,18,131,43
42,r3_d30_t1_w20,153,128,1194,495,571,432,20,32,31,17,9,17,131,43
42,r3_d30_t1_w20,154,118,1203,506,579,434,26,34,38,2,9,16,131,43
42,r3_d30_t1_w20,155,110,1209,512,587,434,21,27,51,1,9,14,126,43
42,r3_d30_t1_w20,156,107,1214,512,595,435,22,19,58,1,9,13,126,43
42,r3_d30_t1_w20,157,109,1224,513,602,440,22,10,63,5,13,13,126,43
42,r3_d30_t1_w20,158,111,1234,513,610,441,21,3,69,7,16,10,126,43
42,r3_d30_t1_w20,159,111,1244,519,614,443,21,8,68,3,15,10,126,43
42,r3_d30_t1_w20,160,108,1250,522,620,445,21,10,67,2,17,10,131,43
42,r3_d30_t1_w20,161,101,1255,525,629,447,21,9,69,1,17,7,131,43
42,r3_d30_t1_w20,162,100,1263,526,637,451,24,5,70,1,15,7,131,43
42,r3_d30_t1_w20,163,97,1268,527,644,453,24,5,69,2,16,8,131,43
42,r3_d30_t1_w20,164,98,1278,529,651,459,27,6,64,3,16,9,131,43
42,r3_d30_t1_w20,165,99,1286,530,657,461,27,6,63,4,14,9,131,43
42,r3_d30_t1_w20,166,95,1291,533,663,468,28,7,58,7,14,9,131,43
42,r3_d30_t1_w20,167,92,1297,535,670,471,26,7,57,10,12,9,131,43
42,r3_d30_t1_w20,168,86,1303,541,676,475,25,9,57,9,11,10,131,43
42,r3_d30_t1_w20,169,83,1312,547,682,482,27,14,51,8,9,11,131,43
42,r3_d30_t1_w20,170,87,1318,548,683,487,30,12,49,9,9,11,131,43
42,r3_d30_t1_w20,171,93,1327,550,684,495,37,10,45,8,9,12,131,43
42,r3_d30_t1_w20,172,95,1335,556,684,500,41,12,44,3,9,12,131,43
42,r3_d30_t1_w20,173,99,1342,559,684,507,45,11,41,3,9,11,131,43
42,r3_d30_t1_w20,174,106,1350,560,684,510,45,9,41,5,9,13,131,43
42,r3_d30_t1_w20,175,107,1357,565,685,514,44,12,39,5,9,13,131,43
42,r3_d30_t1_w20,176,111,1364,568,685,519,45,12,37,6,9,14,131,43
42,r3_d30_t1_w20,177,112,1371,572,687,522,45,13,37,5,9,13,131,43
42,r3_d30_t1_w20,178,113,1378,575,690,522,45,15,38,2,9,13,131,43
42,r3_d30_t1_w20,179,120,1387,577,690,523,45,10,44,1,9,14,131,43
42,r3_d30_t1_w20,180,127,1396,579,690,527,43,11,41,5,10,14,121,40
42,r3_d30_t1_w20,181,131,1402,580,691,529,24,9,42,25,12,14,121,40
42,r3_d30_t1_w20,182,128,1407,585,694,530,23,10,45,22,14,14,121,40
42,r3_d30_t1_w20,183,112,1415,608,695,532,22,30,46,2,9,13,121,40
42,r3_d30_t1_w20,184,112,1422,610,700,536,23,24,50,3,9,13,121,40
42,r3_d30_t1_w20,185,112,1430,612,706,540,22,21,51,6,13,12,131,43
42,r3_d30_t1_w20,186,113,1435,614,708,542,21,19,53,7,14,12,131,43
42,r3_d30_t1_w20,187,112,1443,618,713,545,22,15,58,5,15,11,131,43
42,r3_d30_t1_w20,188,112,1451,621,718,550,24,13,58,5,15,11,131,43
42,r3_d30_t1_w20,189,107,1459,626,726,555,25,11,60,4,16,11,131,43
42,r3_d30_t1_w20,190,108,1469,629,732,558,26,9,62,3,18,10,131,43
42,r3_d30_t1_w20,191,107,1478,630,741,559,24,7,64,5,18,8,131,43
42,r3_d30_t1_w20,192,103,1483,632,748,560,25,8,64,3,18,7,131,43
42,r3_d30_t1_w20,193,103,1492,636,753,566,28,8,62,2,18,8,131,43
42,r3_d30_t1_w20,194,105,1502,637,760,572,31,7,58,4,17,9,131,43
42,r3_d30_t1_w20,195,108,1512,640,764,574,30,8,58,4,17,12,131,43
42,r3_d30_t1_w20,196,108,1519,643,768,580,30,7,56,7,16,13,131,43
42,r3_d30_t1_w20,197,107,1525,645,773,582,30,6,57,7,14,14,131,43
42,r3_d30_t1_w20,198,102,1531,651,778,586,30,10,55,5,11,15,131,43
42,r3_d30_t1_w20,199,103,1541,653,785,592,30,10,51,9,9,18,131,43
42,r3_d30_t1_w20,200,106,1548,657,785,595,31,12,50,7,9,18,131,43
42,r3_d30_t1_w20,201,110,1555,660,785,599,38,12,49,1,9,18,131,43
42,r3_d30_t1_w20,202,114,1562,663,785,605,40,12,46,2,9,18,131,43
42,r3_d30_t1_w20,203,117,1568,664,787,611,44,10,43,3,9,18,131,43
42,r3_d30_t1_w20,204,120,1573,666,787,617,48,9,40,3,9,19,131,43
42,r3_d30_t1_w20,205,122,1579,669,788,622,48,10,37,5,9,19,131,43
42,r3_d30_t1_w20,206,129,1589,672,788,624,48,9,39,4,9,20,131,43
42,r3_d30_t1_w20,207,133,1597,676,788,628,51,12,36,1,9,21,131,43
42,r3_d30_t1_w20,208,138,1604,677,789,630,52,10,37,1,9,21,131,43
42,r3_d30_t1_w20,209,141,1610,678,791,633,54,10,35,1,9,21,131,43
42,r3_d30_t1_w20,210,140,1619,679,800,637,56,7,35,2,10,21,131,43
42,r3_d30_t1_w20,211,138,1626,679,809,639,34,4,36,26,13,20,131,43
42,r3_d30_t1_w20,212,139,1634,681,814,640,32,6,35,27,15,19,131,43
42,r3_d30_t1_w20,213,118,1644,705,821,641,31,27,37,5,9,18,131,43
42,r3_d30_t1_w20,214,115,1653,708,830,646,33,27,35,5,11,16,131,43
42,r3_d30_t1_w20,215,112,1661,711,838,649,33,23,39,5,12,14,131,43
42,r3_d30_t1_w20,216,109,1667,714,844,654,34,20,40,6,12,12,131,43
42,r3_d30_t1_w20,217,106,1673,718,849,656,34,17,45,4,12,11,131,43
42,r3_d30_t1_w20,218,105,1680,722,853,658,34,15,49,2,14,11,131,43
42,r3_d30_t1_w20,219,102,1685,722,861,661,35,9,52,4,15,10,131,43
42,r3_d30_t1_w20,220,104,1694,724,866,661,34,7,56,3,15,10,131,43
42,r3_d30_t1_w20,221,105,1704,727,872,662,33,7,58,2,16,8,131,43
42,r3_d30_t1_w20,222,100,1709,731,878,666,33,8,57,2,17,7,131,43
42,r3_d30_t1_w20,223,102,1715,733,880,670,34,9,54,3,17,7,131,43
42,r3_d30_t1_w20,224,104,1722,734,884,674,36,9,51,4,17,8,131,43
42,r3_d30_t1_w20,225,102,1727,737,888,679,35,9,49,7,16,9,131,43
42,r3_d30_t1_w20,226,98,1734,739,897,682,35,7,50,8,15,11,131,43
42,r3_d30_t1_w20,227,96,1740,744,900,687,34,8,49,9,12,13,131,43
42,r3_d30_t1_w20,228,94,1746,747,905,693,38,7,47,8,9,15,131,43
42,r3_d30_t1_w20,229,89,1751,754,908,700,40,12,42,6,9,16,131,43
42,r3_d30_t1_w20,230,94,1759,756,909,702,42,11,43,4,9,16,131,43
42,r3_d30_t1_w20,231,96,1767,760,911,705,45,12,43,0,9,18,131,43
42,r3_d30_t1_w20,232,102,1774,760,912,709,49,10,41,0,9,18,131,43
42,r3_d30_t1_w20,233,108,1784,762,914,712,50,11,39,0,9,20,131,43
42,r3_d30_t1_w20,234,112,1790,763,915,714,50,11,38,1,9,20,131,43
42,r3_d30_t1_w20,235,119,1798,763,916,718,51,7,38,4,9,21,111,40
42,r3_d30_t1_w20,236,126,1807,764,917,722,55,5,37,3,9,23,111,40
42,r3_d30_t1_w20,237,132,1817,768,917,727,57,6,35,2,9,26,111,40
42,r3_d30_t1_w20,238,134,1822,768,920,732,61,5,31,3,9,26,111,40
42,r3_d30_t1_w20,239,136,1830,771,923,734,62,8,29,1,9,25,111,40
42,r3_d30_t1_w20,240,132,1835,774,929,737,62,10,27,1,9,23,131,43
42,r3_d30_t1_w20,241,129,1840,774,937,739,60,6,29,5,11,22,131,43
42,r3_d30_t1_w20,242,130,1846,775,941,739,29,5,31,35,11,22,131,43
42,r3_d30_t1_w20,243,130,1854,779,945,741,19,7,31,43,14,21,131,43
42,r3_d30_t1_w20,244,107,1864,805,952,743,26,30,32,12,9,19,131,43
42,r3_d30_t1_w20,245,104,1870,811,955,748,34,27,36,3,9,18,131,43
42,r3_d30_t1_w20,246,98,1877,817,962,750,29,26,41,4,9,17,131,43
42,r3_d30_t1_w20,247,92,1883,826,965,751,24,26,49,1,9,16,131,43
42,r3_d30_t1_w20,248,94,1891,827,970,754,25,20,53,2,10,13,131,43
42,r3_d30_t1_w20,249,99,1899,828,972,754,17,17,57,9,13,13,131,43
42,r3_d30_t1_w20,250,98,1907,831,978,756,14,11,64,11,15,11,131,43
42,r3_d30_t1_w20,251,92,1915,838,985,759,14,16,63,7,14,8,131,43
42,r3_d30_t1_w20,252,88,1922,844,990,763,14,18,63,5,15,8,131,43
42,r3_d30_t1_w20,253,80,1928,849,999,766,15,19,64,2,14,7,131,43
42,r3_d30_t1_w20,254,81,1936,851,1004,766,15,15,70,0,16,6,131,43
42,r3_d30_t1_w20,255,82,1945,851,1012,771,16,9,71,4,17,6,122,43
42,r3_d30_t1_w20,256,80,1951,851,1020,775,17,6,70,7,13,6,122,43
42,r3_d30_t1_w20,257,76,1960,855,1029,779,19,8,68,5,10,8,122,43
42,r3_d30_t1_w20,258,75,1967,858,1034,782,19,7,69,5,9,7,122,43
42,r3_d30_t1_w20,259,72,1972,860,1040,789,20,8,63,9,9,8,122,43
42,r3_d30_t1_w20,260,76,1979,862,1041,795,23,8,59,10,9,8,131,43
42,r3_d30_t1_w20,261,75,1986,869,1042,798,22,11,60,7,9,8,131,43
42,r3_d30_t1_w20,262,76,1992,873,1043,802,23,15,56,6,9,9,131,43
42,r3_d30_t1_w20,263,77,2000,879,1044,810,24,20,49,7,9,11,131,43
42,r3_d30_t1_w20,264,82,2008,882,1044,815,26,16,51,7,9,11,131,43
42,r3_d30_t1_w20,265,84,2017,887,1046,819,28,15,53,4,9,11,131,43
42,r3_d30_t1_w20,266,89,2027,891,1047,821,27,17,53,3,9,11,131,43
42,r3_d30_t1_w20,267,97,2036,892,1047,825,28,13,54,5,9,12,131,43
42,r3_d30_t1_w20,268,103,2045,894,1048,831,33,12,51,4,9,14,131,43
42,r3_d30_t1_w20,269,102,2052,900,1050,836,34,15,49,2,9,13,131,43
42,r3_d30_t1_w20,270,106,2061,904,1051,845,34,17,42,7,12,13,131,43
42,r3_d30_t1_w20,271,106,2066,907,1053,847,19,19,41,21,13,13,131,43
42,r3_d30_t1_w20,272,107,2075,913,1055,847,19,19,47,15,14,13,131,43
42,r3_d30_t1_w20,273,98,2083,929,1056,851,20,29,49,2,9,13,131,43
42,r3_d30_t1_w20,274,106,2091,929,1056,854,22,16,59,3,12,13,131,43
42,r3_d30_t1_w20,275,112,2101,933,1056,857,20,15,61,4,14,12,131,43
42,r3_d30_t1_w20,276,114,2106,935,1057,861,22,12,62,4,15,11,131,43
42,r3_d30_t1_w20,277,118,2113,938,1057,863,22,10,65,3,15,11,131,43
42,r3_d30_t1_w20,278,118,2119,940,1061,868,23,8,64,5,17,10,131,43
42,r3_d30_t1_w20,279,115,2124,945,1064,871,21,10,64,5,18,10,131,43
42,r3_d30_t1_w20,280,117,2134,949,1068,874,23,10,65,2,17,10,131,43
42,r3_d30_t1_w20,281,119,2143,951,1073,876,25,7,68,0,17,9,131,43
42,r3_d30_t1_w20,282,120,2148,951,1077,878,26,5,68,1,17,9,131,43
42,r3_d30_t1_w20,283,119,2154,951,1084,883,29,1,67,3,18,11,131,43
42,r3_d30_t1_w20,284,119,2163,953,1091,890,30,3,60,7,17,12,131,43
42,r3_d30_t1_w20,285,115,2170,956,1099,894,31,5,57,7,17,13,121,40
42,r3_d30_t1_w20,286,115,2180,961,1104,899,32,6,56,6,15,13,121,40
42,r3_d30_t1_w20,287,115,2190,965,1110,902,31,9,54,6,13,13,121,40
42,r3_d30_t1_w20,288,117,2200,970,1113,907,31,12,51,6,10,14,121,40
42,r3_d30_t1_w20,289,117,2206,971,1118,912,37,9,50,4,9,14,121,40
42,r3_d30_t1_w20,290,124,2216,974,1118,918,43,7,49,1,9,15,126,43
42,r3_d30_t1_w20,291,132,2226,975,1119,920,43,8,47,2,9,16,126,43
42,r3_d30_t1_w20,292,135,2235,979,1121,926,45,9,44,2,9,17,126,43
42,r3_d30_t1_w20,293,138,2244,984,1122,931,46,12,41,1,9,17,126,43
42,r3_d30_t1_w20,294,138,2249,988,1123,936,45,13,39,3,9,17,126,43
42,r3_d30_t1_w20,295,134,2255,991,1130,940,46,14,37,3,9,17,131,43
42,r3_d30_t1_w20,296,137,2262,994,1131,945,51,8,41,0,9,18,131,43
42,r3_d30_t1_w20,297,136,2267,994,1137,950,55,6,38,1,9,17,131,43
42,r3_d30_t1_w20,298,137,2274,994,1143,952,56,5,37,2,9,20,131,43
42,r3_d30_t1_w20,299,142,2284,996,1146,953,56,5,38,1,9,19,131,43
42,r3_d30_t1_w20,300,140,2293,999,1154,957,55,7,35,3,11,18,131,43
42,r3_d30_t1_w20,301,139,2303,1001,1163,958,36,7,36,21,14,17,131,43
42,r3_d30_t1_w20,302,138,2309,1005,1166,962,37,11,32,20,16,17,131,43
42,r3_d30_t1_w20,303,122,2317,1024,1171,963,35,26,35,4,12,16,131,43
42,r3_d30_t1_w20,304,119,2322,1026,1177,964,25,21,41,13,12,15,131,43
42,r3_d30_t1_w20,305,117,2328,1029,1182,967,23,20,42,15,14,15,131,43
42,r3_d30_t1_w20,306,116,2338,1031,1191,968,31,13,50,6,17,14,131,43
42,r3_d30_t1_w20,307,113,2344,1035,1196,970,32,13,52,3,17,12,131,43
42,r3_d30_t1_w20,308,109,2350,1037,1204,974,33,9,54,4,17,10,131,43
42,r3_d30_t1_w20,309,112,2360,1038,1210,977,34,9,52,5,18,10,131,43
42,r3_d30_t1_w20,310,113,2370,1042,1215,980,34,9,53,4,18,10,131,43
42,r3_d30_t1_w20,311,113,2380,1044,1223,983,36,9,52,3,18,9,131,43
42,r3_d30_t1_w20,312,111,2386,1046,1229,986,39,6,54,1,18,10,131,43
42,r3_d30_t1_w20,313,113,2395,1047,1235,992,42,6,49,3,18,10,131,43
42,r3_d30_t1_w20,314,116,2402,1047,1239,997,46,4,46,4,17,11,131,43
42,r3_d30_t1_w20,315,120,2412,1050,1242,1000,47,4,46,3,16,11,131,43
42,r3_d30_t1_w20,316,117,2419,1053,1249,1001,45,6,46,3,15,11,131,43
42,r3_d30_t1_w20,317,120,2426,1056,1250,1006,47,8,42,3,14,12,131,43
42,r3_d30_t1_w20,318,119,2434,1058,1257,1008,47,6,44,3,10,13,131,43
42,r3_d30_t1_w20,319,116,2441,1060,1265,1013,47,4,43,6,9,13,131,43
42,r3_d30_t1_w20,320,118,2447,1062,1267,1015,48,5,42,5,9,13,131,43
42,r3_d30_t1_w20,321,119,2452,1066,1267,1019,50,8,39,3,9,13,131,43
42,r3_d30_t1_w20,322,126,2461,1068,1267,1023,52,9,36,3,9,14,131,43
42,r3_d30_t1_w20,323,132,2471,1071,1268,1027,53,11,33,3,9,15,131,43
42,r3_d30_t1_w20,324,141,2481,1072,1268,1030,54,10,32,4,9,16,131,43
42,r3_d30_t1_w20,325,148,2491,1075,1268,1034,56,11,30,3,9,16,131,43
42,r3_d30_t1_w20,326,153,2497,1076,1268,1038,59,7,31,3,9,18,131,43
42,r3_d30_t1_w20,327,157,2506,1079,1270,1041,61,6,32,1,9,18,131,43
42,r3_d30_t1_w20,328,160,2516,1081,1275,1042,61,7,32,0,9,20,131,43
42,r3_d30_t1_w20,329,156,2522,1081,1285,1046,61,6,29,4,9,19,131,43
42,r3_d30_t1_w20,330,154,2530,1081,1295,1047,60,3,31,6,10,19,131,43
42,r3_d30_t1_w20,331,155,2540,1085,1300,1047,42,6,32,20,15,19,131,43
42,r3_d30_t1_w20,332,151,2545,1090,1304,1051,24,7,32,37,16,18,131,43
42,r3_d30_t1_w20,333,133,2553,1108,1312,1052,23,22,34,21,13,17,131,43
42,r3_d30_t1_w20,334,115,2563,1129,1319,1056,23,39,34,4,9,17,131,43
42,r3_d30_t1_w20,335,112,2570,1131,1327,1061,25,21,49,5,10,14,121,40
42,r3_d30_t1_w20,336,113,2578,1133,1332,1063,22,16,54,8,12,14,121,40
42,r3_d30_t1_w20,337,109,2583,1136,1338,1064,23,13,59,5,12,14,121,40
42,r3_d30_t1_w20,338,107,2593,1142,1344,1066,21,12,64,3,13,13,121,40
42,r3_d30_t1_w20,339,111,2603,1142,1350,1067,21,7,68,4,18,12,121,40
42,r3_d30_t1_w20,340,108,2608,1146,1354,1069,21,7,70,2,18,10,131,43
42,r3_d30_t1_w20,341,110,2617,1149,1358,1069,19,7,73,1,18,10,131,43
42,r3_d30_t1_w20,342,103,2622,1152,1367,1076,20,7,69,4,18,9,131,43
42,r3_d30_t1_w20,343,102,2630,1152,1376,1078,20,6,68,6,18,8,131,43
42,r3_d30_t1_w20,344,98,2638,1156,1384,1082,20,8,66,6,17,7,131,43
42,r3_d30_t1_w20,345,96,2645,1159,1390,1086,20,10,63,7,17,9,131,43
42,r3_d30_t1_w20,346,91,2650,1163,1396,1091,21,9,63,7,17,9,131,43
42,r3_d30_t1_w20,347,86,2656,1167,1403,1097,22,12,58,8,15,9,131,43
42,r3_d30_t1_w20,348,79,2662,1172,1411,1103,23,15,54,8,11,8,131,43
42,r3_d30_t1_w20,349,76,2667,1177,1414,1110,25,18,49,8,9,10,131,43
42,r3_d30_t1_w20,350,78,2672,1179,1415,1121,34,14,44,8,9,8,131,43
42,r3_d30_t1_w20,351,83,2680,1182,1415,1123,36,12,47,5,9,9,131,43
42,r3_d30_t1_w20,352,87,2690,1188,1415,1127,37,12,49,2,9,10,131,43
42,r3_d30_t1_w20,353,92,2696,1189,1415,1132,36,11,46,7,9,11,131,43
42,r3_d30_t1_w20,354,97,2702,1190,1415,1135,37,10,45,8,9,11,131,43
42,r3_d30_t1_w20,355,100,2711,1196,1415,1140,41,10,46,3,9,12,131,43
42,r3_d30_t1_w20,356,105,2720,1199,1416,1141,41,12,46,1,9,13,131,43
42,r3_d30_t1_w20,357,110,2728,1201,1417,1143,41,11,47,1,9,14,131,43
42,r3_d30_t1_w20,358,117,2737,1203,1417,1146,40,10,47,3,9,14,131,43
42,r3_d30_t1_w20,359,123,2746,1205,1418,1152,42,11,42,5,9,17,131,43
42,r3_d30_t1_w20,360,127,2754,1208,1419,1156,41,10,42,7,10,17,126,43
42,r3_d30_t1_w20,361,127,2759,1213,1419,1157,29,13,43,15,11,17,126,43
42,r3_d30_t1_w20,362,129,2766,1218,1419,1159,25,13,46,16,15,16,126,43
42,r3_d30_t1_w20,363,120,2776,1233,1423,1163,24,24,46,6,13,15,126,43
42,r3_d30_t1_w20,364,115,2783,1238,1430,1167,24,22,49,5,14,15,126,43
42,r3_d30_t1_w20,365,113,2788,1239,1436,1169,24,19,51,6,14,14,131,43
42,r3_d30_t1_w20,366,109,2793,1244,1440,1171,23,16,57,4,14,14,131,43
42,r3_d30_t1_w20,367,107,2799,1249,1443,1177,22,15,57,6,14,13,131,43
42,r3_d30_t1_w20,368,106,2804,1251,1447,1179,24,13,59,4,15,13,131,43
42,r3_d30_t1_w20,369,107,2814,1255,1452,1184,24,10,61,5,17,13,131,43
42,r3_d30_t1_w20,370,110,2821,1255,1456,1184,22,8,63,7,17,13,131,43
42,r3_d30_t1_w20,371,107,2830,1261,1462,1189,24,11,61,4,17,10,131,43
42,r3_d30_t1_w20,372,106,2839,1264,1469,1192,23,9,63,5,17,9,131,43
42,r3_d30_t1_w20,373,109,2848,1266,1473,1193,23,8,65,4,17,9,131,43
42,r3_d30_t1_w20,374,109,2856,1269,1478,1196,22,8,65,5,17,10,131,43
42,r3_d30_t1_w20,375,111,2864,1270,1483,1197,22,5,68,5,17,12,131,43
42,r3_d30_t1_w20,376,112,2873,1274,1487,1200,22,5,69,4,14,12,131,43
42,r3_d30_t1_w20,377,110,2879,1276,1493,1208,24,5,63,8,13,12,131,43
42,r3_d30_t1_w20,378,107,2884,1280,1497,1214,25,7,59,9,11,13,131,43
42,r3_d30_t1_w20,379,106,2894,1286,1502,1219,28,8,59,5,9,12,131,43
42,r3_d30_t1_w20,380,111,2903,1289,1503,1222,32,9,58,1,9,13,115,42
42,r3_d30_t1_w20,381,117,2910,1290,1503,1224,34,8,58,0,9,15,115,42
42,r3_d30_t1_w20,382,124,2920,1292,1504,1228,35,8,56,1,9,16,115,42
42,r3_d30_t1_w20,383,131,2929,1294,1504,1232,37,8,54,1,9,17,115,42
42,r3_d30_t1_w20,384,139,2939,1296,1504,1238,42,8,50,0,9,19,115,42
42,r3_d30_t1_w20,385,146,2947,1296,1505,1245,47,4,47,2,9,19,131,43
42,r3_d30_t1_w20,386,155,2957,1296,1506,1251,52,3,42,3,9,22,131,43
42,r3_d30_t1_w20,387,157,2965,1300,1508,1257,55,7,36,2,9,23,131,43
42,r3_d30_t1_w20,388,160,2973,1301,1512,1260,57,7,34,2,9,24,131,43
42,r3_d30_t1_w20,389,157,2980,1303,1520,1265,56,9,29,6,9,24,131,43
42,r3_d30_t1_w20,390,156,2987,1306,1525,1267,54,11,28,7,10,24,121,40
42,r3_d30_t1_w20,391,158,2997,1311,1528,1269,41,10,32,17,13,21,121,40
42,r3_d30_t1_w20,392,154,3002,1313,1535,1275,32,8,30,30,15,20,121,40
42,r3_d30_t1_w20,393,135,3007,1329,1543,1277,32,22,30,16,11,18,121,40
42,r3_d30_t1_w20,394,122,3017,1345,1550,1279,31,30,36,3,9,16,121,40
42,r3_d30_t1_w20,395,118,3022,1348,1556,1282,30,22,44,4,9,16,131,43
42,r3_d30_t1_w20,396,112,3027,1352,1563,1284,29,20,48,3,10,16,131,43
42,r3_d30_t1_w20,397,114,3036,1355,1567,1284,26,13,58,3,13,15,131,43
42,r3_d30_t1_w20,398,111,3041,1358,1572,1286,26,11,61,2,13,15,131,43
42,r3_d30_t1_w20,399,109,3050,1361,1580,1289,27,5,67,1,17,13,131,43
42,r3_d30_t1_w20,400,107,3057,1361,1589,1291,29,3,67,1,18,11,131,43
42,r3_d30_t1_w20,401,108,3065,1362,1595,1292,30,2,68,0,18,9,131,43
42,r3_d30_t1_w20,402,107,3074,1364,1603,1294,28,3,67,2,18,8,131,43
42,r3_d30_t1_w20,403,105,3079,1364,1610,1295,27,3,66,4,18,8,131,43
42,r3_d30_t1_w20,404,102,3086,1366,1618,1298,29,4,64,3,17,9,131,43
42,r3_d30_t1_w20,405,98,3091,1369,1624,1300,28,6,63,3,17,9,131,43
42,r3_d30_t1_w20,406,95,3099,1370,1634,1303,29,4,63,4,15,9,131,43
42,r3_d30_t1_w20,407,93,3104,1372,1639,1311,32,6,55,7,12,9,131,43
42,r3_d30_t1_w20,408,90,3112,1376,1646,1319,30,8,49,13,9,10,131,43
42,r3_d30_t1_w20,409,89,3119,1380,1650,1323,34,11,46,9,9,12,131,43
42,r3_d30_t1_w20,410,88,3127,1388,1651,1333,42,15,40,3,9,12,131,43
42,r3_d30_t1_w20,411,95,3137,1389,1653,1342,47,13,34,6,9,12,131,43
42,r3_d30_t1_w20,412,100,3145,1392,1653,1346,49,14,32,5,9,12,131,43
42,r3_d30_t1_w20,413,101,3153,1399,1653,1349,46,18,32,4,9,12,131,43
42,r3_d30_t1_w20,414,106,3162,1402,1654,1351,45,19,32,4,9,13,131,43
42,r3_d30_t1_w20,415,108,3169,1407,1654,1356,47,19,32,2,9,13,131,43
42,r3_d30_t1_w20,416,113,3175,1408,1654,1356,47,16,36,1,9,15,131,43
42,r3_d30_t1_w20,417,119,3183,1409,1655,1362,52,11,36,1,9,16,131,43
42,r3_d30_t1_w20,418,126,3192,1410,1656,1362,51,8,40,1,9,16,131,43
42,r3_d30_t1_w20,419,131,3199,1412,1656,1363,50,9,40,1,9,17,131,43
42,r3_d30_t1_w20,420,134,3206,1414,1658,1368,51,6,40,3,10,16,131,43
42,r3_d30_t1_w20,421,132,3212,1417,1663,1373,40,7,37,16,13,15,131,43
42,r3_d30_t1_w20,422,131,3219,1419,1669,1373,18,8,38,36,15,15,131,43
42,r3_d30_t1_w20,423,121,3229,1435,1673,1373,16,21,41,22,11,14,131,43
42,r3_d30_t1_w20,424,107,3236,1450,1679,1377,26,32,41,1,9,14,131,43
42,r3_d30_t1_w20,425,103,3243,1456,1684,1381,23,31,44,2,9,14,131,43
42,r3_d30_t1_w20,426,103,3251,1458,1690,1384,21,24,50,5,11,12,131,43
42,r3_d30_t1_w20,427,103,3256,1459,1694,1385,18,20,54,8,11,10,131,43
42,r3_d30_t1_w20,428,98,3261,1464,1699,1389,18,16,59,7,13,9,131,43
42,r3_d30_t1_w20,429,99,3271,1469,1703,1392,17,14,63,6,14,8,131,43
42,r3_d30_t1_w20,430,99,3278,1472,1707,1396,20,12,64,4,16,7,131,43
42,r3_d30_t1_w20,431,90,3283,1477,1716,1400,19,12,65,4,15,7,131,43
42,r3_d30_t1_w20,432,87,3290,1481,1722,1402,17,13,66,4,16,7,131,43
42,r3_d30_t1_w20,433,88,3299,1484,1727,1407,19,14,63,4,18,7,131,43
42,r3_d30_t1_w20,434,85,3306,1486,1735,1410,16,10,66,8,16,7,131,43
42,r3_d30_t1_w20,435,86,3315,1489,1740,1414,18,12,63,7,15,7,131,43
42,r3_d30_t1_w20,436,85,3324,1494,1745,1418,19,13,63,5,13,8,131,43
42,r3_d30_t1_w20,437,84,3331,1497,1750,1423,19,9,65,7,12,8,131,43
42,r3_d30_t1_w20,438,79,3336,1501,1756,1426,19,13,62,6,9,8,131,43
42,r3_d30_t1_w20,439,73,3341,1506,1762,1433,22,12,61,5,9,9,131,43
42,r3_d30_t1_w20,440,79,3350,1508,1763,1442,29,13,53,5,9,9,131,43
42,r3_d30_t1_w20,441,84,3360,1512,1764,1442,27,13,57,3,9,10,131,43
42,r3_d30_t1_w20,442,91,3369,1514,1764,1446,29,11,57,3,9,11,131,43
42,r3_d30_t1_w20,443,94,3375,1516,1765,1451,32,10,55,3,9,13,131,43
42,r3_d30_t1_w20,444,98,3382,1519,1765,1455,33,12,52,3,9,15,131,43
42,r3_d30_t1_w20,445,106,3392,1520,1766,1459,35,11,50,4,9,17,121,40
42,r3_d30_t1_w20,446,107,3399,1526,1766,1468,34,15,43,8,9,17,121,40
42,r3_d30_t1_w20,447,112,3406,1528,1766,1471,35,14,43,8,9,18,121,40
42,r3_d30_t1_w20,448,115,3415,1534,1766,1473,35,15,46,4,9,18,121,40
42,r3_d30_t1_w20,449,118,3422,1536,1768,1480,39,14,42,5,9,19,121,40
42,r3_d30_t1_w20,450,121,3428,1538,1769,1482,41,11,45,3,9,19,131,43
42,r3_d30_t1_w20,451,127,3437,1541,1769,1486,38,9,46,7,13,19,131,43
42,r3_d30_t1_w20,452,131,3443,1542,1770,1491,28,5,46,21,14,19,131,43
42,r3_d30_t1_w20,453,131,3452,1550,1771,1496,28,11,43,18,15,19,131,43
42,r3_d30_t1_w20,454,124,3460,1564,1772,1498,30,20,46,4,12,18,131,43
42,r3_d30_t1_w20,455,127,3470,1569,1774,1499,28,20,50,2,17,18,131,43
42,r3_d30_t1_w20,456,132,3480,1570,1778,1503,28,13,54,5,18,18,131,43
42,r3_d30_t1_w20,457,129,3485,1572,1784,1506,29,9,57,5,18,16,131,43
42,r3_d30_t1_w20,458,128,3491,1575,1788,1507,29,9,59,3,18,14,131,43
42,r3_d30_t1_w20,459,128,3496,1577,1791,1510,30,7,60,3,18,13,131,43
42,r3_d30_t1_w20,460,128,3504,1578,1798,1511,28,7,60,5,18,12,131,43
42,r3_d30_t1_w20,461,122,3509,1580,1807,1514,28,6,60,6,17,10,131,43
42,r3_d30_t1_w20,462,116,3514,1583,1815,1517,28,8,58,6,17,9,131,43
42,r3_d30_t1_w20,463,118,3524,1587,1819,1522,28,9,56,7,17,9,131,43
42,r3_d30_t1_w20,464,119,3534,1591,1824,1527,28,10,54,8,17,9,131,43
42,r3_d30_t1_w20,465,114,3539,1595,1830,1528,27,8,59,6,16,11,131,43
42,r3_d30_t1_w20,466,113,3545,1600,1832,1531,29,10,59,2,15,11,131,43
42,r3_d30_t1_w20,467,111,3551,1602,1838,1538,31,5,59,5,15,13,131,43
42,r3_d30_t1_w20,468,109,3558,1603,1846,1544,32,3,56,9,10,14,131,43
42,r3_d30_t1_w20,469,105,3563,1608,1850,1547,34,7,54,5,9,14,131,43
42,r3_d30_t1_w20,470,109,3570,1610,1851,1553,41,7,50,2,9,15,131,43
42,r3_d30_t1_w20,471,116,3579,1612,1851,1559,44,5,48,3,9,16,131,43
42,r3_d30_t1_w20,472,119,3584,1613,1852,1559,44,4,50,2,9,17,131,43
42,r3_d30_t1_w20,473,122,3590,1615,1853,1563,46,5,47,2,9,17,131,43
42,r3_d30_t1_w20,474,127,3596,1616,1853,1566,47,5,45,3,9,18,131,43
42,r3_d30_t1_w20,475,132,3606,1619,1855,1571,49,7,41,3,9,20,131,43
42,r3_d30_t1_w20,476,130,3616,1625,1861,1576,48,10,39,3,9,20,131,43
42,r3_d30_t1_w20,477,132,3624,1628,1864,1583,52,11,34,3,9,19,131,43
42,r3_d30_t1_w20,478,130,3629,1630,1869,1586,52,11,33,4,9,18,131,43
42,r3_d30_t1_w20,479,133,3636,1633,1870,1588,53,9,36,2,9,17,131,43
42,r3_d30_t1_w20,480,136,3646,1635,1875,1588,50,7,40,3,10,17,131,43
42,r3_d30_t1_w20,481,139,3656,1637,1880,1593,36,9,35,20,12,16,131,43
42,r3_d30_t1_w20,482,140,3663,1641,1882,1595,33,12,34,21,15,16,131,43
42,r3_d30_t1_w20,483,124,3671,1659,1888,1598,35,26,35,4,14,16,131,43
42,r3_d30_t1_w20,484,119,3680,1665,1896,1600,35,27,38,0,14,14,131,43
42,r3_d30_t1_w20,485,122,3688,1665,1901,1602,36,13,50,1,17,13,131,43
42,r3_d30_t1_w20,486,122,3694,1665,1907,1603,37,11,51,1,17,12,131,43
42,r3_d30_t1_w20,487,123,3701,1666,1912,1606,38,8,52,2,17,12,131,43
42,r3_d30_t1_w20,488,122,3708,1667,1919,1611,41,8,48,3,17,11,131,43
42,r3_d30_t1_w20,489,123,3715,1669,1923,1615,43,4,50,3,17,11,131,43
42,r3_d30_t1_w20,490,118,3720,1672,1930,1619,43,4,49,4,17,10,126,43
42,r3_d30_t1_w20,491,114,3726,1676,1936,1620,41,7,49,3,17,9,126,43
42,r3_d30_t1_w20,492,115,3735,1679,1941,1624,44,9,46,1,17,9,126,43
42,r3_d30_t1_w20,493,114,3742,1682,1946,1628,44,9,45,2,17,10,126,43
42,r3_d30_t1_w20,494,116,3748,1683,1949,1631,43,7,45,5,17,11,126,43
42,r3_d30_t1_w20,495,114,3757,1685,1958,1633,44,7,45,4,15,12,131,43
42,r3_d30_t1_w20,496,112,3766,1688,1966,1636,47,7,45,1,13,12,131,43
42,r3_d30_t1_w20,497,108,3772,1690,1974,1642,49,7,41,3,12,13,131,43
42,r3_d30_t1_w20,498,110,3777,1690,1977,1645,48,5,40,7,11,14,131,43
42,r3_d30_t1_w20,499,113,3787,1693,1981,1649,50,6,38,6,9,16,131,43
42,r3_d30_t1_w20,500,116,3795,1696,1983,1651,52,8,37,3,9,16,131,43
42,r3_d30_t1_w20,501,123,3805,1698,1984,1652,53,7,39,1,9,17,131,43
42,r3_d30_t1_w20,502,127,3813,1701,1985,1656,53,9,36,2,9,18,131,43
42,r3_d30_t1_w20,503,134,3822,1702,1986,1659,54,8,35,3,9,19,131,43
42,r3_d30_t1_w20,504,136,3828,1706,1986,1663,54,9,34,3,9,20,131,43
42,r3_d30_t1_w20,505,138,3837,1708,1991,1666,54,10,32,4,9,19,131,43
42,r3_d30_t1_w20,506,139,3843,1710,1994,1667,54,10,33,3,9,19,131,43
42,r3_d30_t1_w20,507,138,3850,1713,1999,1669,54,11,33,2,9,18,131,43
42,r3_d30_t1_w20,508,136,3856,1715,2005,1673,56,11,31,2,9,18,131,43
42,r3_d30_t1_w20,509,137,3864,1716,2011,1675,57,9,32,2,9,20,131,43
42,r3_d30_t1_w20,510,135,3869,1720,2014,1677,53,11,32,4,10,20,131,43
42,r3_d30_t1_w20,511,142,3878,1721,2015,1679,41,8,34,17,11,19,131,43
42,r3_d30_t1_w20,512,140,3885,1724,2021,1680,14,8,36,42,13,16,131,43
42,r3_d30_t1_w20,513,130,3894,1738,2026,1685,17,19,34,30,11,16,131,43
42,r3_d30_t1_w20,514,115,3904,1758,2031,1687,25,34,37,4,9,15,131,43
42,r3_d30_t1_w20,515,107,3911,1765,2039,1688,20,29,48,3,9,15,131,43
42,r3_d30_t1_w20,516,104,3921,1772,2045,1690,17,29,53,1,9,14,131,43
42,r3_d30_t1_w20,517,106,3930,1773,2051,1693,17,21,59,3,11,14,131,43
42,r3_d30_t1_w20,518,112,3940,1774,2054,1695,13,15,64,8,14,14,131,43
42,r3_d30_t1_w20,519,102,3945,1779,2064,1698,13,11,70,6,14,11,131,43
42,r3_d30_t1_w20,520,102,3954,1784,2068,1698,13,12,74,1,16,9,101,38
42,r3_d30_t1_w20,521,98,3959,1785,2076,1700,13,10,75,2,16,8,101,38
42,r3_d30_t1_w20,522,101,3969,1785,2083,1702,14,4,79,3,17,8,101,38
42,r3_d30_t1_w20,523,97,3975,1787,2091,1708,16,2,77,5,17,11,101,38
42,r3_d30_t1_w20,524,100,3985,1789,2096,1711,15,4,74,7,17,12,101,38
42,r3_d30_t1_w20,525,95,3994,1795,2104,1720,14,10,65,11,15,14,126,43
42,r3_d30_t1_w20,526,92,4001,1799,2110,1725,13,10,64,13,15,15,126,43
42,r3_d30_t1_w20,527,88,4008,1807,2113,1729,13,16,62,9,13,15,126,43
42,r3_d30_t1_w20,528,85,4017,1813,2119,1735,15,19,59,7,11,16,126,43
42,r3_d30_t1_w20,529,82,4024,1818,2124,1737,14,15,66,5,9,16,126,43
42,r3_d30_t1_w20,530,85,4029,1820,2124,1745,21,15,60,4,9,15,131,43
42,r3_d30_t1_w20,531,94,4039,1820,2125,1753,26,11,56,7,9,15,131,43
42,r3_d30_t1_w20,532,100,4049,1823,2126,1758,29,12,53,6,9,16,131,43
42,r3_d30_t1_w20,533,101,4055,1828,2126,1763,31,13,52,4,9,15,131,43
42,r3_d30_t1_w20,534,109,4065,1829,2127,1767,35,12,50,3,9,17,131,43
42,r3_d30_t1_w20,535,109,4070,1833,2128,1772,35,14,47,4,9,16,131,43
42,r3_d30_t1_w20,536,117,4079,1833,2129,1775,38,12,46,4,9,16,131,43
42,r3_d30_t1_w20,537,119,4086,1837,2130,1784,42,11,42,5,9,15,131,43
42,r3_d30_t1_w20,538,125,4092,1837,2130,1786,43,10,41,6,9,16,131,43
42,r3_d30_t1_w20,539,124,4099,1845,2130,1791,44,16,38,2,9,15,131,43
42,r3_d30_t1_w20,540,130,4109,1849,2130,1794,42,19,36,3,10,15,131,43
42,r3_d30_t1_w20,541,138,4119,1851,2130,1798,29,16,37,18,13,15,131,43
42,r3_d30_t1_w20,542,143,4128,1853,2132,1801,28,15,37,20,15,15,131,43
42,r3_d30_t1_w20,543,132,4134,1870,2132,1802,27,25,43,5,11,15,131,43
42,r3_d30_t1_w20,544,129,4141,1874,2138,1805,26,23,46,5,12,15,131,43
42,r3_d30_t1_w20,545,129,4150,1875,2146,1806,27,15,54,4,16,15,131,43
42,r3_d30_t1_w20,546,127,4157,1879,2151,1809,28,13,57,2,16,13,131,43
42,r3_d30_t1_w20,547,129,4167,1882,2156,1815,29,12,55,4,17,11,131,43
42,r3_d30_t1_w20,548,128,4177,1885,2164,1817,30,8,60,2,17,10,131,43
42,r3_d30_t1_w20,549,130,4186,1887,2169,1819,30,10,58,2,18,11,131,43
42,r3_d30_t1_w20,550,132,4194,1888,2174,1824,32,9,55,4,18,13,126,43
42,r3_d30_t1_w20,551,130,4204,1891,2183,1825,31,6,60,3,17,14,126,43
42,r3_d30_t1_w20,552,127,4212,1894,2191,1828,30,7,59,4,16,15,126,43
42,r3_d30_t1_w20,553,127,4217,1896,2194,1833,32,9,54,5,16,15,126,43
42,r3_d30_t1_w20,554,121,4223,1899,2203,1835,32,8,56,4,15,15,126,43
42,r3_d30_t1_w20,555,126,4233,1901,2206,1838,32,6,57,5,14,15,131,43
42,r3_d30_t1_w20,556,123,4240,1903,2214,1843,36,7,53,4,13,17,131,43
42,r3_d30_t1_w20,557,123,4248,1906,2219,1849,39,7,50,4,11,17,131,43
42,r3_d30_t1_w20,558,125,4257,1908,2224,1852,39,6,50,5,11,19,131,43
42,r3_d30_t1_w20,559,129,4267,1912,2226,1856,40,7,49,4,9,19,131,43
42,r3_d30_t1_w20,560,131,4272,1913,2228,1861,46,6,46,2,9,19,131,43
42,r3_d30_t1_w20,561,135,4279,1915,2229,1866,51,6,43,0,9,20,131,43
42,r3_d30_t1_w20,562,140,4288,1918,2230,1872,52,8,38,2,9,22,131,43
42,r3_d30_t1_w20,563,148,4296,1918,2230,1874,54,6,38,2,9,23,131,43
42,r3_d30_t1_w20,564,151,4302,1920,2231,1879,57,5,36,2,9,24,131,43
42,r3_d30_t1_w20,565,148,4308,1921,2239,1884,60,2,35,3,9,22,131,43
42,r3_d30_t1_w20,566,151,4318,1924,2243,1888,63,5,31,1,9,22,131,43
42,r3_d30_t1_w20,567,150,4328,1926,2252,1888,61,6,32,1,9,20,131,43
42,r3_d30_t1_w20,568,148,4335,1926,2261,1891,62,3,32,3,9,22,131,43
42,r3_d30_t1_w20,569,146,4343,1930,2267,1897,63,7,26,4,9,20,131,43
42,r3_d30_t1_w20,570,143,4349,1935,2271,1898,61,12,25,2,9,18,121,43
42,r3_d30_t1_w20,571,141,4359,1939,2279,1900,57,14,25,4,11,17,121,43
42,r3_d30_t1_w20,572,140,4364,1940,2284,1902,33,13,25,29,12,16,121,43
42,r3_d30_t1_w20,573,140,4372,1944,2288,1905,35,11,28,26,12,16,121,43
42,r3_d30_t1_w20,574,123,4381,1966,2292,1910,42,26,30,2,9,16,121,43
42,r3_d30_t1_w20,575,118,4391,1971,2302,1911,39,25,35,1,9,16,131,43
42,r3_d30_t1_w20,576,120,4400,1972,2308,1915,39,21,36,4,13,15,131,43
42,r3_d30_t1_w20,577,119,4408,1973,2316,1916,37,14,43,6,13,14,131,43
42,r3_d30_t1_w20,578,114,4416,1977,2325,1918,38,10,49,3,14,12,131,43
42,r3_d30_t1_w20,579,109,4424,1980,2335,1919,38,9,52,1,15,12,131,43
42,r3_d30_t1_w20,580,111,4431,1981,2339,1920,39,7,54,0,16,12,131,43
42,r3_d30_t1_w20,581,112,4439,1981,2346,1920,39,6,55,0,18,11,131,43
42,r3_d30_t1_w20,582,113,4448,1981,2354,1924,39,4,53,4,18,9,131,43
42,r3_d30_t1_w20,583,111,4454,1981,2362,1925,40,3,53,4,18,8,131,43
42,r3_d30_t1_w20,584,109,4464,1988,2367,1926,37,10,52,1,17,9,131,43
42,r3_d30_t1_w20,585,112,4473,1988,2373,1931,38,8,49,5,16,9,131,43
42,r3_d30_t1_w20,586,108,4479,1991,2380,1932,37,8,51,4,15,10,131,43
42,r3_d30_t1_w20,587,102,4485,1995,2388,1933,38,10,52,0,12,10,131,43
42,r3_d30_t1_w20,588,103,4493,1995,2395,1937,40,7,51,2,11,10,131,43
42,r3_d30_t1_w20,589,101,4501,1998,2402,1946,42,7,45,6,9,11,131,43
42,r3_d30_t1_w20,590,109,4511,2000,2402,1952,45,7,41,7,9,12,131,43
42,r3_d30_t1_w20,591,110,4516,2002,2404,1955,48,5,42,5,9,12,131,43
42,r3_d30_t1_w20,592,112,4526,2008,2406,1960,48,11,37,4,9,14,131,43
42,r3_d30_t1_w20,593,114,4532,2011,2407,1965,51,14,32,3,9,16,131,43
42,r3_d30_t1_w20,594,115,4537,2013,2409,1970,54,13,30,3,9,16,131,43
42,r3_d30_t1_w20,595,121,4545,2014,2410,1973,57,12,29,2,9,16,131,43
42,r3_d30_t1_w20,596,121,4550,2017,2412,1975,58,7,35,0,9,16,131,43
42,r3_d30_t1_w20,597,124,4555,2018,2413,1976,58,7,35,0,9,16,131,43
42,r3_d30_t1_w20,598,127,4563,2020,2416,1977,57,9,34,0,9,16,131,43
42,r3_d30_t1_w20,599,132,4573,2022,2419,1978,56,10,34,0,9,18,131,43
42,r3_d30_t1_w20,600,129,4578,2023,2426,1982,58,8,33,1,9,18,121,40
42,r6_d30_t1_w15,1,4,7,3,0,0,96,3,0,1,1,2,131,43
42,r6_d30_t1_w15,2,11,17,6,0,0,81,6,0,13,2,3,131,43
42,r6_d30_t1_w15,3,15,22,7,0,0,69,7,0,24,5,4,131,43
42,r6_d30_t1_w15,4,9,28,19,0,0,69,16,3,12,1,2,131,43
42,r6_d30_t1_w15,5,5,37,32,0,0,68,25,7,0,0,1,131,43
42,r6_d30_t1_w15,6,11,43,32,0,0,66,20,12,2,3,2,131,43
42,r6_d30_t1_w15,7,21,53,32,0,0,65,13,19,3,5,6,131,43
42,r6_d30_t1_w15,8,25,59,34,0,0,65,10,24,1,6,6,131,43
42,r6_d30_t1_w15,9,31,66,35,0,0,65,5,30,0,7,6,131,43
42,r6_d30_t1_w15,10,36,71,35,0,0,65,3,32,0,9,6,131,43
42,r6_d30_t1_w15,11,44,81,37,0,0,62,5,32,1,9,7,131,43
42,r6_d30_t1_w15,12,52,90,38,0,0,61,6,32,1,9,9,131,43
42,r6_d30_t1_w15,13,57,97,40,0,1,60,6,33,1,9,9,131,43
42,r6_d30_t1_w15,14,61,102,41,0,4,61,7,30,2,9,10,131,43
42,r6_d30_t1_w15,15,68,110,42,0,5,62,8,29,1,9,11,131,43
42,r6_d30_t1_w15,16,72,118,45,1,7,62,9,29,0,9,11,131,43
42,r6_d30_t1_w15,17,76,124,47,1,9,61,10,28,1,9,11,131,43
42,r6_d30_t1_w15,18,83,133,49,1,12,61,10,27,2,9,11,131,43
42,r6_d30_t1_w15,19,86,140,52,2,14,61,10,28,1,9,11,131,43
42,r6_d30_t1_w15,20,92,149,54,3,15,60,10,29,1,9,13,121,40
42,r6_d30_t1_w15,21,99,158,56,3,17,58,9,30,3,9,13,121,40
42,r6_d30_t1_w15,22,97,164,57,10,19,59,10,28,3,9,13,121,40
42,r6_d30_t1_w15,23,96,171,61,14,21,59,14,26,1,9,14,121,40
42,r6_d30_t1_w15,24,94,179,65,20,27,60,17,21,2,9,13,121,40
42,r6_d30_t1_w15,25,94,184,67,23,32,61,16,19,4,9,14,126,43
42,r6_d30_t1_w15,26,94,194,70,30,34,61,19,17,3,9,14,126,43
42,r6_d30_t1_w15,27,93,203,74,36,34,59,14,26,1,9,15,126,43
42,r6_d30_t1_w15,28,92,210,77,41,36,57,13,28,2,9,14,126,43
42,r6_d30_t1_w15,29,95,218,77,46,37,58,8,32,2,9,14,126,43
42,r6_d30_t1_w15,30,91,226,83,52,39,56,12,32,0,9,14,131,43
42,r6_d30_t1_w15,31,91,233,86,56,40,51,13,33,3,11,14,131,43
42,r6_d30_t1_w15,32,93,240,87,60,43,36,14,30,20,13,13,131,43
42,r6_d30_t1_w15,33,90,246,90,66,44,37,15,31,17,14,13,131,43
42,r6_d30_t1_w15,34,77,256,108,71,44,36,32,32,0,10,10,131,43
42,r6_d30_t1_w15,35,71,261,110,80,46,34,25,39,2,11,9,131,43
42,r6_d30_t1_w15,36,69,266,110,87,48,36,18,44,2,12,8,131,43
42,r6_d30_t1_w15,37,68,272,113,91,51,36,14,48,2,14,7,131,43
42,r6_d30_t1_w15,38,71,281,114,96,53,35,12,49,4,14,7,131,43
42,r6_d30_t1_w15,39,71,291,119,101,56,34,14,49,3,16,6,131,43
42,r6_d30_t1_w15,40,73,299,122,104,59,35,14,49,2,16,7,131,43
42,r6_d30_t1_w15,41,69,306,124,113,60,35,14,50,1,15,7,131,43
42,r6_d30_t1_w15,42,68,313,125,120,64,35,10,51,4,12,9,131,43
42,r6_d30_t1_w15,43,69,320,126,125,68,37,9,49,5,11,11,131,43
42,r6_d30_t1_w15,44,62,325,131,132,72,38,12,47,3,9,12,131,43
42,r6_d30_t1_w15,45,66,332,134,132,77,38,10,47,5,9,12,131,43
42,r6_d30_t1_w15,46,72,339,135,132,81,40,11,43,6,9,12,131,43
42,r6_d30_t1_w15,47,76,346,138,132,85,44,11,42,3,9,12,131,43
42,r6_d30_t1_w15,48,81,356,143,132,88,44,13,42,1,9,11,131,43
42,r6_d30_t1_w15,49,89,366,145,132,92,46,14,39,1,9,12,131,43
42,r6_d30_t1_w15,50,94,374,148,132,96,48,14,38,0,9,15,126,43
42,r6_d30_t1_w15,51,98,379,148,133,98,50,9,41,0,9,15,126,43
42,r6_d30_t1_w15,52,102,387,149,136,101,51,8,40,1,9,15,126,43
42,r6_d30_t1_w15,53,100,396,152,144,102,49,10,40,1,9,15,126,43
42,r6_d30_t1_w15,54,100,404,154,150,107,52,10,37,1,9,13,126,43
42,r6_d30_t1_w15,55,100,413,155,158,111,54,8,36,2,9,12,131,43
42,r6_d30_t1_w15,56,97,418,160,161,116,54,13,31,2,9,13,131,43
42,r6_d30_t1_w15,57,94,423,162,167,120,57,13,29,1,9,15,131,43
42,r6_d30_t1_w15,58,98,433,163,172,120,57,12,31,0,9,16,131,43
42,r6_d30_t1_w15,59,99,440,164,177,124,58,10,30,2,9,19,131,43
42,r6_d30_t1_w15,60,99,448,167,182,127,56,12,28,4,10,18,131,43
42,r6_d30_t1_w15,61,103,457,169,185,128,44,12,29,15,13,17,131,43
42,r6_d30_t1_w15,62,103,466,173,190,130,15,12,31,42,15,15,131,43
42,r6_d30_t1_w15,63,88,472,186,198,131,14,22,33,31,11,13,131,43
42,r6_d30_t1_w15,64,73,480,201,206,133,29,32,36,3,9,12,131,43
42,r6_d30_t1_w15,65,66,488,210,212,134,22,30,46,2,9,9,131,43
42,r6_d30_t1_w15,66,63,493,216,214,136,17,29,51,3,9,9,131,43
42,r6_d30_t1_w15,67,58,501,224,219,139,13,26,59,2,9,9,131,43
42,r6_d30_t1_w15,68,55,506,227,224,142,13,24,61,2,10,8,131,43
42,r6_d30_t1_w15,69,55,514,229,230,146,11,16,67,6,13,8,131,43
42,r6_d30_t1_w15,70,50,519,232,237,148,12,15,69,4,12,7,131,43
42,r6_d30_t1_w15,71,50,529,239,240,150,11,20,69,0,13,6,131,43
42,r6_d30_t1_w15,72,53,539,241,245,151,9,21,69,1,12,6,131,43
42,r6_d30_t1_w15,73,50,547,243,254,157,10,16,70,4,10,6,131,43
42,r6_d30_t1_w15,74,51,554,244,259,161,11,13,70,6,9,7,131,43
42,r6_d30_t1_w15,75,56,560,245,259,164,14,11,70,5,9,8,131,43
42,r6_d30_t1_w15,76,59,569,249,261,168,17,13,68,2,9,8,131,43
42,r6_d30_t1_w15,77,65,577,251,261,176,22,10,65,3,9,10,131,43
42,r6_d30_t1_w15,78,72,586,253,261,181,21,11,61,7,9,11,131,43
42,r6_d30_t1_w15,79,76,593,256,261,191,26,12,53,9,9,12,131,43
42,r6_d30_t1_w15,80,77,599,260,262,196,31,12,52,5,9,11,131,43
42,r6_d30_t1_w15,81,76,605,267,262,201,33,19,47,1,9,11,131,43
42,r6_d30_t1_w15,82,84,614,268,262,206,35,20,42,3,9,12,131,43
42,r6_d30_t1_w15,83,88,620,270,262,209,37,14,47,2,9,14,131,43
42,r6_d30_t1_w15,84,89,625,274,262,214,38,15,45,2,9,13,131,43
42,r6_d30_t1_w15,85,96,632,274,262,217,40,11,46,3,9,14,131,43
42,r6_d30_t1_w15,86,102,640,276,262,220,41,11,45,3,9,16,131,43
42,r6_d30_t1_w15,87,103,649,280,266,224,41,11,45,3,9,17,131,43
42,r6_d30_t1_w15,88,102,659,284,273,229,43,12,43,2,9,18,131,43
42,r6_d30_t1_w15,89,101,665,287,277,232,43,11,44,2,9,17,131,43
42,r6_d30_t1_w15,90,94,671,295,282,234,37,19,42,2,9,17,131,43
42,r6_d30_t1_w15,91,93,680,298,289,238,36,18,42,4,10,16,131,43
42,r6_d30_t1_w15,92,91,687,300,296,240,22,17,43,18,12,15,131,43
42,r6_d30_t1_w15,93,90,696,304,302,242,22,19,43,16,14,13,131,43
42,r6_d30_t1_w15,94,77,703,319,307,245,23,29,45,3,10,11,131,43
42,r6_d30_t1_w15,95,73,708,323,312,251,26,22,50,2,11,11,131,43
42,r6_d30_t1_w15,96,72,715,326,317,255,26,20,51,3,13,10,131,43
42,r6_d30_t1_w15,97,69,720,326,325,258,26,16,52,6,13,8,131,43
42,r6_d30_t1_w15,98,68,728,330,330,261,26,13,56,5,13,6,131,43
42,r6_d30_t1_w15,99,70,734,334,330,263,25,11,60,4,14,6,131,43
42,r6_d30_t1_w15,100,69,740,337,334,266,27,11,60,2,14,8,121,40
42,r6_d30_t1_w15,101,68,749,340,341,268,26,12,60,2,15,9,121,40
42,r6_d30_t1_w15,102,68,757,341,348,271,26,9,61,4,13,9,121,40
42,r6_d30_t1_w15,103,65,764,344,355,276,27,10,58,5,9,9,121,40
42,r6_d30_t1_w15,104,66,769,346,357,278,29,9,59,3,9,10,121,40
42,r6_d30_t1_w15,105,72,776,347,357,282,33,9,56,2,9,12,131,43
42,r6_d30_t1_w15,106,80,786,349,357,288,37,7,54,2,9,13,131,43
42,r6_d30_t1_w15,107,82,791,351,358,288,37,7,56,0,9,14,131,43
42,r6_d30_t1_w15,108,88,799,352,359,293,40,6,53,1,9,14,131,43
42,r6_d30_t1_w15,109,97,809,353,359,299,44,5,49,2,9,15,131,43
42,r6_d30_t1_w15,110,98,815,355,362,301,45,6,48,1,9,16,131,43
42,r6_d30_t1_w15,111,95,821,359,367,307,46,10,42,2,9,15,131,43
42,r6_d30_t1_w15,112,95,828,361,372,315,51,9,37,3,9,15,131,43
42,r6_d30_t1_w15,113,97,838,365,376,317,49,12,36,3,9,17,131,43
42,r6_d30_t1_w15,114,99,846,366,381,321,52,12,33,3,9,16,131,43
42,r6_d30_t1_w15,115,96,851,371,384,327,52,15,29,4,9,16,131,43
42,r6_d30_t1_w15,116,98,861,372,391,331,56,14,27,3,9,16,131,43
42,r6_d30_t1_w15,117,96,866,375,395,332,57,13,30,0,9,16,131,43
42,r6_d30_t1_w15,118,96,871,375,400,335,58,10,30,2,9,16,131,43
42,r6_d30_t1_w15,119,100,880,375,405,337,60,7,31,2,9,16,131,43
42,r6_d30_t1_w15,120,95,888,383,410,343,58,11,29,2,9,15,131,43
42,r6_d30_t1_w15,121,92,895,385,418,346,58,10,29,3,10,13,131,43
42,r6_d30_t1_w15,122,91,901,389,421,346,42,13,30,15,12,13,131,43
42,r6_d30_t1_w15,123,90,906,390,426,349,36,12,29,23,12,12,131,43
42,r6_d30_t1_w15,124,74,913,404,435,350,37,26,28,9,9,11,131,43
42,r6_d30_t1_w15,125,66,922,415,441,350,35,33,32,0,9,9,121,40
42,r6_d30_t1_w15,126,70,930,415,445,351,36,26,38,0,11,9,121,40
42,r6_d30_t1_w15,127,70,937,416,451,351,35,19,46,0,14,9,121,40
42,r6_d30_t1_w15,128,68,944,417,459,351,33,11,55,1,15,8,121,40
42,r6_d30_t1_w15,129,68,952,417,467,352,33,5,60,2,15,7,121,40
42,r6_d30_t1_w15,130,72,961,419,470,356,36,4,59,1,15,7,131,43
42,r6_d30_t1_w15,131,65,966,422,479,360,38,5,57,0,14,7,131,43
42,r6_d30_t1_w15,132,64,973,425,484,366,37,7,52,4,12,8,131,43
42,r6_d30_t1_w15,133,67,983,427,489,367,36,7,53,4,10,9,131,43
42,r6_d30_t1_w15,134,66,992,431,495,372,38,8,51,3,9,10,131,43
42,r6_d30_t1_w15,135,73,1000,431,496,372,38,6,53,3,9,12,131,43
42,r6_d30_t1_w15,136,72,1005,437,496,376,36,12,49,3,9,11,131,43
42,r6_d30_t1_w15,137,77,1010,437,496,379,38,9,49,4,9,11,131,43
42,r6_d30_t1_w15,138,75,1015,443,497,385,38,12,46,4,9,12,131,43
42,r6_d30_t1_w15,139,82,1024,444,498,389,41,11,44,4,9,13,131,43
42,r6_d30_t1_w15,140,86,1033,448,499,394,44,15,39,2,9,15,131,43
42,r6_d30_t1_w15,141,91,1041,450,500,396,43,16,38,3,9,17,131,43
42,r6_d30_t1_w15,142,97,1048,451,500,401,45,12,38,5,9,18,131,43
42,r6_d30_t1_w15,143,99,1057,455,503,407,48,13,35,4,9,18,131,43
42,r6_d30_t1_w15,144,101,1066,458,507,411,51,14,33,2,9,19,131,43
42,r6_d30_t1_w15,145,104,1076,459,513,413,53,11,35,1,9,18,131,43
42,r6_d30_t1_w15,146,106,1084,461,517,414,53,10,37,0,9,17,131,43
42,r6_d30_t1_w15,147,106,1089,461,522,415,54,6,40,0,9,19,131,43
42,r6_d30_t1_w15,148,106,1096,461,529,418,57,6,37,0,9,18,131,43
42,r6_d30_t1_w15,149,101,1103,464,538,421,55,7,36,2,9,17,131,43
42,r6_d30_t1_w15,150,97,1108,466,545,425,55,7,34,4,10,15,131,43
42,r6_d30_t1_w15,151,99,1114,469,546,427,44,9,33,14,11,15,131,43
42,r6_d30_t1_w15,152,99,1123,473,551,430,27,10,33,30,13,14,131,43
42,r6_d30_t1_w15,153,91,1129,485,553,434,30,20,31,19,11,13,131,43
42,r6_d30_t1_w15,154,75,1135,500,560,437,36,31,32,1,9,12,131,43
42,r6_d30_t1_w15,155,69,1142,507,566,439,32,34,34,0,9,11,126,43
42,r6_d30_t1_w15,156,65,1147,508,574,442,32,28,38,2,11,8,126,43
42,r6_d30_t1_w15,157,63,1153,509,581,447,33,16,46,5,12,7,126,43
42,r6_d30_t1_w15,158,58,1160,513,589,449,31,12,52,5,12,6,126,43
42,r6_d30_t1_w15,159,55,1169,516,598,452,32,13,51,4,13,5,126,43
42,r6_d30_t1_w15,160,53,1179,519,607,453,31,13,53,3,14,4,131,43
42,r6_d30_t1_w15,161,49,1184,522,613,454,31,12,56,1,13,4,131,43
42,r6_d30_t1_w15,162,48,1190,524,618,457,32,8,59,1,10,5,131,43
42,r6_d30_t1_w15,163,47,1197,525,625,464,34,7,54,5,9,7,131,43
42,r6_d30_t1_w15,164,46,1204,529,629,466,33,9,54,4,9,7,131,43
42,r6_d30_t1_w15,165,49,1211,533,629,467,34,12,54,0,9,9,131,43
42,r6_d30_t1_w15,166,54,1217,534,629,471,36,11,52,1,9,10,131,43
42,r6_d30_t1_w15,167,58,1222,534,630,472,35,9,53,3,9,11,131,43
42,r6_d30_t1_w15,168,67,1232,535,630,473,35,8,54,3,8,12,131,43
42,r6_d30_t1_w15,169,71,1239,537,631,477,36,7,53,4,8,12,131,43
42,r6_d30_t1_w15,170,76,1246,539,631,483,38,6,50,6,9,12,131,43
42,r6_d30_t1_w15,171,80,1256,545,631,490,41,11,44,4,9,13,131,43
42,r6_d30_t1_w15,172,84,1265,549,632,493,41,14,42,3,9,13,131,43
42,r6_d30_t1_w15,173,90,1274,551,633,498,44,14,39,3,9,13,131,43
42,r6_d30_t1_w15,174,94,1282,554,634,500,44,16,38,2,9,15,131,43
42,r6_d30_t1_w15,175,97,1287,556,634,501,44,16,39,1,9,16,131,43
42,r6_d30_t1_w15,176,100,1297,560,637,507,44,17,36,3,9,15,131,43
42,r6_d30_t1_w15,177,102,1305,560,643,514,49,13,33,5,9,15,131,43
42,r6_d30_t1_w15,178,101,1311,565,645,518,46,14,33,7,9,15,131,43
42,r6_d30_t1_w15,179,103,1319,570,646,525,47,15,30,8,9,15,131,43
42,r6_d30_t1_w15,180,101,1325,578,646,526,42,22,30,6,10,15,121,40
42,r6_d30_t1_w15,181,102,1331,581,648,528,30,22,31,17,13,15,121,40
42,r6_d30_t1_w15,182,101,1336,585,650,530,23,23,32,22,12,15,121,40
42,r6_d30_t1_w15,183,84,1342,599,659,531,23,28,40,9,9,15,121,40
42,r6_d30_t1_w15,184,76,1349,608,665,532,22,29,47,2,10,14,121,40
42,r6_d30_t1_w15,185,79,1356,609,668,533,22,21,55,2,11,14,131,43
42,r6_d30_t1_w15,186,78,1366,610,678,535,22,13,62,3,15,11,131,43
42,r6_d30_t1_w15,187,74,1371,611,686,538,22,10,63,5,16,8,131,43
42,r6_d30_t1_w15,188,69,1376,615,692,541,21,12,62,5,16,8,131,43
42,r6_d30_t1_w15,189,66,1384,618,700,543,23,12,63,2,16,6,131,43
42,r6_d30_t1_w15,190,71,1394,620,703,546,24,11,63,2,16,8,131,43
42,r6_d30_t1_w15,191,70,1401,620,711,548,25,8,64,3,14,9,131,43
42,r6_d30_t1_w15,192,69,1411,624,718,552,23,11,61,5,12,10,131,43
42,r6_d30_t1_w15,193,72,1421,625,724,555,24,7,63,6,9,10,131,43
42,r6_d30_t1_w15,194,73,1430,630,727,559,25,9,62,4,8,11,131,43
42,r6_d30_t1_w15,195,79,1436,630,727,564,31,5,61,3,8,11,131,43
42,r6_d30_t1_w15,196,84,1445,634,727,566,31,6,62,1,8,11,131,43
42,r6_d30_t1_w15,197,91,1454,635,728,573,34,7,55,4,9,13,131,43
42,r6_d30_t1_w15,198,96,1460,636,728,581,40,7,48,5,9,13,131,43
42,r6_d30_t1_w15,199,97,1468,643,728,585,41,13,45,1,9,12,131,43
42,r6_d30_t1_w15,200,99,1473,645,729,590,43,12,43,2,9,12,131,43
42,r6_d30_t1_w15,201,101,1480,647,732,594,45,12,41,2,9,14,131,43
42,r6_d30_t1_w15,202,100,1489,654,735,598,44,17,39,0,9,13,131,43
42,r6_d30_t1_w15,203,102,1498,658,738,603,44,20,35,1,9,15,131,43
42,r6_d30_t1_w15,204,102,1508,660,746,607,46,18,35,1,9,15,131,43
42,r6_d30_t1_w15,205,101,1517,662,754,612,50,17,33,0,9,16,131,43
42,r6_d30_t1_w15,206,100,1522,662,760,614,50,12,36,2,9,17,131,43
42,r6_d30_t1_w15,207,98,1527,662,767,615,50,8,39,3,9,14,131,43
42,r6_d30_t1_w15,208,99,1535,664,772,621,56,9,34,1,9,14,131,43
42,r6_d30_t1_w15,209,99,1543,666,778,622,55,9,35,1,9,14,131,43
42,r6_d30_t1_w15,210,98,1553,672,783,624,50,14,34,2,10,14,131,43
42,r6_d30_t1_w15,211,97,1561,673,791,626,38,11,36,15,12,12,131,43
42,r6_d30_t1_w15,212,91,1566,675,800,628,38,11,36,15,14,10,131,43
42,r6_d30_t1_w15,213,81,1575,690,804,630,39,23,37,1,12,9,131,43
42,r6_d30_t1_w15,214,80,1581,692,809,633,39,20,39,2,13,9,131,43
42,r6_d30_t1_w15,215,84,1589,693,812,634,39,17,42,2,15,9,131,43
42,r6_d30_t1_w15,216,87,1599,695,817,636,39,16,43,2,17,9,131,43
42,r6_d30_t1_w15,217,87,1604,695,822,637,39,13,45,3,18,9,131,43
42,r6_d30_t1_w15,218,85,1612,697,830,639,39,9,49,3,18,8,131,43
42,r6_d30_t1_w15,219,85,1621,698,838,644,40,6,48,6,18,9,131,43
42,r6_d30_t1_w15,220,82,1629,700,847,645,40,5,50,5,16,8,131,43
42,r6_d30_t1_w15,221,83,1639,707,849,648,38,9,50,3,15,8,131,43
42,r6_d30_t1_w15,222,88,1648,709,851,650,35,10,49,6,15,9,131,43
42,r6_d30_t1_w15,223,88,1656,712,856,656,38,11,45,6,11,10,131,43
42,r6_d30_t1_w15,224,83,1662,717,862,659,37,13,45,5,9,11,131,43
42,r6_d30_t1_w15,225,89,1672,719,864,664,39,11,44,6,9,12,131,43
42,r6_d30_t1_w15,226,92,1679,722,865,666,40,13,43,4,9,13,131,43
42,r6_d30_t1_w15,227,91,1685,729,865,674,43,20,35,2,9,11,131,43
42,r6_d30_t1_w15,228,98,1695,732,865,676,42,17,39,2,9,12,131,43
42,r6_d30_t1_w15,229,101,1700,734,865,678,43,16,40,1,9,13,131,43
42,r6_d30_t1_w15,230,107,1709,737,865,679,42,17,41,0,9,13,131,43
42,r6_d30_t1_w15,231,104,1717,740,873,680,40,17,43,0,9,14,131,43
42,r6_d30_t1_w15,232,107,1725,742,876,685,40,15,42,3,9,13,131,43
42,r6_d30_t1_w15,233,105,1731,742,884,689,44,12,41,3,9,13,131,43
42,r6_d30_t1_w15,234,103,1739,746,890,691,44,15,40,1,9,13,131,43
42,r6_d30_t1_w15,235,105,1748,747,896,696,45,14,37,4,9,14,111,40
42,r6_d30_t1_w15,236,103,1755,749,903,698,45,15,36,4,9,13,111,40
42,r6_d30_t1_w15,237,103,1763,753,907,700,45,18,35,2,9,13,111,40
42,r6_d30_t1_w15,238,104,1773,756,913,705,45,18,33,4,9,13,111,40
42,r6_d30_t1_w15,239,105,1779,758,916,708,46,14,36,4,9,13,111,40
42,r6_d30_t1_w15,240,94,1785,767,924,709,41,20,38,1,9,12,131,43
42,r6_d30_t1_w15,241,92,1792,771,929,709,37,20,42,1,9,12,131,43
42,r6_d30_t1_w15,242,96,1802,773,933,713,31,17,43,9,12,11,131,43
42,r6_d30_t1_w15,243,95,1810,774,941,717,9,16,41,34,14,11,131,43
42,r6_d30_t1_w15,244,90,1816,784,942,720,9,24,40,27,14,10,131,43
42,r6_d30_t1_w15,245,67,1825,809,949,722,12,42,45,1,9,9,131,43
42,r6_d30_t1_w15,246,67,1834,813,954,725,10,31,57,2,9,8,131,43
42,r6_d30_t1_w15,247,66,1840,813,961,726,10,24,63,3,12,8,131,43
42,r6_d30_t1_w15,248,68,1847,815,964,729,11,22,64,3,15,7,131,43
42,r6_d30_t1_w15,249,68,1856,817,971,731,11,16,70,3,17,7,131,43
42,r6_d30_t1_w15,250,68,1864,819,977,733,12,13,73,2,16,6,131,43
42,r6_d30_t1_w15,251,71,1874,820,983,735,14,7,78,1,14,6,131,43
42,r6_d30_t1_w15,252,72,1883,822,989,738,15,7,77,1,13,7,131,43
42,r6_d30_t1_w15,253,70,1890,823,997,740,15,5,78,2,10,7,131,43
42,r6_d30_t1_w15,254,71,1897,827,999,747,16,7,73,4,9,8,131,43
42,r6_d30_t1_w15,255,79,1906,828,999,751,18,8,69,5,9,9,122,43
42,r6_d30_t1_w15,256,80,1915,836,999,758,19,14,64,3,9,9,122,43
42,r6_d30_t1_w15,257,83,1923,841,999,767,21,17,57,5,9,10,122,43
42,r6_d30_t1_w15,258,89,1931,842,1000,770,23,17,55,5,9,11,122,43
42,r6_d30_t1_w15,259,91,1939,848,1000,773,24,18,57,1,9,11,122,43
42,r6_d30_t1_w15,260,91,1944,852,1001,781,27,20,51,2,9,13,131,43
42,r6_d30_t1_w15,261,92,1950,855,1003,784,26,22,49,3,9,15,131,43
42,r6_d30_t1_w15,262,96,1959,859,1004,789,27,19,51,3,9,15,131,43
42,r6_d30_t1_w15,263,98,1964,862,1004,795,30,20,47,3,9,15,131,43
42,r6_d30_t1_w15,264,101,1973,865,1007,797,30,18,50,2,9,14,131,43
42,r6_d30_t1_w15,265,103,1983,868,1012,802,31,19,47,3,9,17,131,43
42,r6_d30_t1_w15,266,103,1991,871,1017,804,31,19,48,2,9,18,131,43
42,r6_d30_t1_w15,267,105,2001,874,1022,811,35,15,48,2,9,16,131,43
42,r6_d30_t1_w15,268,107,2010,875,1028,816,38,13,46,3,9,17,131,43
42,r6_d30_t1_w15,269,104,2015,878,1033,820,39,14,44,3,9,16,131,43
42,r6_d30_t1_w15,270,100,2020,883,1037,825,40,17,41,2,9,15,131,43
42,r6_d30_t1_w15,271,98,2029,887,1044,827,38,13,47,2,11,13,131,43
42,r6_d30_t1_w15,272,102,2039,887,1050,827,27,12,48,13,15,12,131,43
42,r6_d30_t1_w15,273,97,2044,889,1058,828,26,12,49,13,14,11,131,43
42,r6_d30_t1_w15,274,86,2050,901,1063,831,25,20,50,5,13,10,131,43
42,r6_d30_t1_w15,275,89,2059,905,1065,834,25,19,52,4,16,8,131,43
42,r6_d30_t1_w15,276,93,2067,908,1066,837,25,18,53,4,17,7,131,43
42,r6_d30_t1_w15,277,94,2077,910,1073,840,23,14,56,7,18,9,131,43
42,r6_d30_t1_w15,278,92,2082,913,1077,843,23,10,60,7,18,9,131,43
42,r6_d30_t1_w15,279,87,2087,917,1083,849,23,12,56,9,18,8,131,43
42,r6_d30_t1_w15,280,81,2094,923,1090,856,25,15,52,8,17,10,131,43
42,r6_d30_t1_w15,281,82,2102,929,1091,857,26,16,56,2,16,11,131,43
42,r6_d30_t1_w15,282,82,2112,932,1098,860,27,16,56,1,12,11,131,43
42,r6_d30_t1_w15,283,83,2122,933,1106,862,28,12,59,1,9,13,131,43
42,r6_d30_t1_w15,284,87,2132,935,1110,867,30,8,60,2,9,13,131,43
42,r6_d30_t1_w15,285,93,2140,936,1111,870,32,9,57,2,9,15,121,40
42,r6_d30_t1_w15,286,98,2149,940,1111,875,32,12,53,3,9,15,121,40
42,r6_d30_t1_w15,287,105,2157,940,1112,880,36,9,51,4,9,16,121,40
42,r6_d30_t1_w15,288,111,2167,944,1112,883,38,12,49,1,9,17,121,40
42,r6_d30_t1_w15,289,112,2173,946,1115,886,40,10,50,0,9,18,121,40
42,r6_d30_t1_w15,290,108,2178,947,1123,888,41,9,50,0,9,17,126,43
42,r6_d30_t1_w15,291,104,2183,948,1131,894,44,8,46,2,9,17,126,43
42,r6_d30_t1_w15,292,101,2189,948,1140,897,46,6,45,3,9,18,126,43
42,r6_d30_t1_w15,293,104,2198,952,1142,901,45,8,43,4,9,18,126,43
42,r6_d30_t1_w15,294,105,2203,954,1144,904,47,8,42,3,9,18,126,43
42,r6_d30_t1_w15,295,102,2208,958,1148,910,51,11,37,1,9,18,131,43
42,r6_d30_t1_w15,296,102,2218,960,1156,911,50,13,36,1,9,18,131,43
42,r6_d30_t1_w15,297,102,2228,961,1165,915,51,14,32,3,9,16,131,43
42,r6_d30_t1_w15,298,97,2236,964,1175,924,54,12,28,6,9,16,131,43
42,r6_d30_t1_w15,299,96,2245,968,1181,925,53,15,28,4,9,15,131,43
42,r6_d30_t1_w15,300,91,2252,976,1185,928,50,17,31,2,9,14,131,43
42,r6_d30_t1_w15,301,89,2258,980,1189,931,49,19,30,2,9,12,131,43
42,r6_d30_t1_w15,302,86,2265,984,1195,935,45,21,28,6,12,11,131,43
42,r6_d30_t1_w15,303,86,2274,985,1203,938,25,17,30,28,13,10,131,43
42,r6_d30_t1_w15,304,84,2283,991,1208,938,24,20,33,23,15,10,131,43
42,r6_d30_t1_w15,305,66,2291,1015,1210,940,25,37,38,0,9,9,131,43
42,r6_d30_t1_w15,306,68,2298,1015,1215,942,26,29,44,1,11,8,131,43
42,r6_d30_t1_w15,307,66,2303,1017,1220,943,24,17,57,2,12,6,131,43
42,r6_d30_t1_w15,308,66,2312,1019,1227,945,23,13,61,3,13,6,131,43
42,r6_d30_t1_w15,309,66,2318,1021,1231,948,23,11,62,4,13,6,131,43
42,r6_d30_t1_w15,310,66,2325,1025,1234,950,21,12,63,4,16,5,131,43
42,r6_d30_t1_w15,311,68,2335,1027,1240,953,22,10,64,4,15,7,131,43
42,r6_d30_t1_w15,312,67,2345,1030,1248,957,24,10,63,3,12,7,131,43
42,r6_d30_t1_w15,313,65,2351,1034,1252,961,24,9,64,3,9,8,131,43
42,r6_d30_t1_w15,314,68,2361,1035,1258,962,24,9,64,3,9,9,131,43
42,r6_d30_t1_w15,315,73,2367,1036,1258,964,26,7,65,2,9,10,131,43
42,r6_d30_t1_w15,316,78,2375,1038,1259,969,29,8,61,2,9,10,131,43
42,r6_d30_t1_w15,317,79,2380,1042,1259,975,31,11,56,2,9,11,131,43
42,r6_d30_t1_w15,318,84,2388,1043,1261,979,34,10,54,2,9,12,131,43
42,r6_d30_t1_w15,319,86,2393,1046,1261,983,36,10,53,1,9,13,131,43
42,r6_d30_t1_w15,320,91,2401,1048,1262,989,40,9,50,1,9,14,131,43
42,r6_d30_t1_w15,321,94,2406,1049,1263,998,46,10,41,3,9,14,131,43
42,r6_d30_t1_w15,322,98,2416,1053,1265,1006,46,10,37,7,9,15,131,43
42,r6_d30_t1_w15,323,94,2421,1056,1271,1008,45,13,35,7,9,16,131,43
42,r6_d30_t1_w15,324,95,2427,1061,1271,1012,46,15,34,5,9,15,131,43
42,r6_d30_t1_w15,325,98,2437,1066,1273,1016,47,16,34,3,9,16,131,43
42,r6_d30_t1_w15,326,92,2443,1071,1280,1019,48,20,32,0,9,13,131,43
42,r6_d30_t1_w15,327,90,2451,1073,1288,1023,48,16,34,2,9,12,131,43
42,r6_d30_t1_w15,328,89,2456,1074,1293,1025,48,11,38,3,9,12,131,43
42,r6_d30_t1_w15,329,87,2466,1077,1302,1027,49,11,39,1,9,11,131,43
42,r6_d30_t1_w15,330,89,2474,1079,1306,1029,48,11,39,2,10,10,131,43
42,r6_d30_t1_w15,331,88,2481,1082,1311,1031,25,14,37,24,12,9,131,43
42,r6_d30_t1_w15,332,89,2488,1084,1315,1034,27,13,37,23,12,8,131,43
42,r6_d30_t1_w15,333,68,2496,1107,1321,1037,28,31,39,2,9,8,131,43
42,r6_d30_t1_w15,334,71,2505,1109,1325,1038,28,29,42,1,12,7,131,43
42,r6_d30_t1_w15,335,70,2513,1112,1331,1041,25,25,46,4,15,7,121,40
42,r6_d30_t1_w15,336,67,2518,1116,1335,1046,24,21,49,6,16,6,121,40
42,r6_d30_t1_w15,337,64,2525,1120,1341,1047,24,19,54,3,15,5,121,40
42,r6_d30_t1_w15,338,68,2535,1123,1344,1048,24,17,58,1,16,5,121,40
42,r6_d30_t1_w15,339,68,2541,1125,1348,1051,25,13,61,1,17,6,121,40
42,r6_d30_t1_w15,340,67,2548,1126,1355,1052,24,10,64,2,16,6,131,43
42,r6_d30_t1_w15,341,69,2555,1128,1358,1053,23,9,66,2,15,7,131,43
42,r6_d30_t1_w15,342,65,2562,1132,1365,1057,20,11,64,5,14,7,131,43
42,r6_d30_t1_w15,343,62,2568,1136,1370,1062,18,12,62,8,9,8,131,43
42,r6_d30_t1_w15,344,58,2575,1141,1376,1068,19,15,58,8,9,9,131,43
42,r6_d30_t1_w15,345,64,2585,1145,1376,1071,20,15,59,6,9,10,131,43
42,r6_d30_t1_w15,346,66,2591,1149,1376,1074,21,17,58,4,9,9,131,43
42,r6_d30_t1_w15,347,71,2599,1152,1376,1078,21,16,58,5,9,10,131,43
42,r6_d30_t1_w15,348,78,2608,1154,1376,1082,22,14,58,6,9,10,131,43
42,r6_d30_t1_w15,349,83,2617,1157,1377,1083,22,15,59,4,9,11,131,43
42,r6_d30_t1_w15,350,87,2625,1161,1377,1089,25,15,57,3,9,12,131,43
42,r6_d30_t1_w15,351,94,2635,1164,1377,1095,28,14,55,3,9,13,131,43
42,r6_d30_t1_w15,352,96,2640,1167,1377,1105,29,13,49,9,9,13,131,43
42,r6_d30_t1_w15,353,102,2648,1168,1378,1107,30,13,48,9,9,14,131,43
42,r6_d30_t1_w15,354,94,2653,1179,1380,1114,31,23,42,4,9,13,131,43
42,r6_d30_t1_w15,355,99,2661,1182,1380,1120,33,23,39,5,9,13,131,43
42,r6_d30_t1_w15,356,105,2671,1186,1380,1124,35,24,38,3,9,13,131,43
42,r6_d30_t1_w15,357,105,2677,1189,1383,1124,34,23,42,1,9,13,131,43
42,r6_d30_t1_w15,358,105,2682,1190,1387,1126,36,15,49,0,9,15,131,43
42,r6_d30_t1_w15,359,103,2689,1193,1393,1130,37,14,49,0,9,15,131,43
42,r6_d30_t1_w15,360,98,2694,1196,1400,1133,36,14,49,1,9,14,126,43
42,r6_d30_t1_w15,361,96,2700,1198,1406,1134,33,12,52,3,10,14,126,43
42,r6_d30_t1_w15,362,97,2709,1200,1412,1137,20,12,51,17,12,13,126,43
42,r6_d30_t1_w15,363,95,2718,1204,1419,1144,14,15,45,26,13,13,126,43
42,r6_d30_t1_w15,364,81,2728,1220,1427,1145,14,25,50,11,13,12,126,43
42,r6_d30_t1_w15,365,75,2737,1231,1431,1148,16,32,51,1,11,12,131,43
42,r6_d30_t1_w15,366,77,2747,1233,1437,1154,18,26,53,3,14,11,131,43
42,r6_d30_t1_w15,367,78,2752,1234,1440,1155,18,18,61,3,15,11,131,43
42,r6_d30_t1_w15,368,74,2758,1237,1447,1157,17,16,64,3,14,9,131,43
42,r6_d30_t1_w15,369,78,2767,1238,1451,1160,18,11,67,4,14,9,131,43
42,r6_d30_t1_w15,370,76,2775,1243,1456,1166,20,12,65,3,14,9,131,43
42,r6_d30_t1_w15,371,70,2780,1246,1464,1168,20,8,70,2,12,9,131,43
42,r6_d30_t1_w15,372,72,2789,1249,1468,1171,19,10,68,3,11,8,131,43
42,r6_d30_t1_w15,373,68,2794,1253,1473,1178,21,12,63,4,10,8,131,43
42,r6_d30_t1_w15,374,71,2804,1255,1478,1180,23,10,65,2,9,9,131,43
42,r6_d30_t1_w15,375,73,2812,1259,1480,1183,23,14,62,1,9,10,131,43
42,r6_d30_t1_w15,376,81,2822,1260,1481,1188,27,12,60,1,9,11,131,43
42,r6_d30_t1_w15,377,86,2830,1262,1482,1192,29,10,60,1,9,11,131,43
42,r6_d30_t1_w15,378,90,2835,1263,1482,1198,34,10,55,1,9,11,131,43
42,r6_d30_t1_w15,379,93,2840,1265,1482,1204,37,11,50,2,9,12,131,43
42,r6_d30_t1_w15,380,97,2845,1266,1482,1210,42,8,48,2,9,13,115,42
42,r6_d30_t1_w15,381,93,2850,1268,1489,1213,44,8,47,1,9,13,115,42
42,r6_d30_t1_w15,382,91,2855,1271,1493,1219,46,10,42,2,9,14,115,42
42,r6_d30_t1_w15,383,91,2860,1272,1497,1223,49,8,41,2,9,15,115,42
42,r6_d30_t1_w15,384,90,2867,1274,1503,1228,52,10,36,2,9,14,115,42
42,r6_d30_t1_w15,385,91,2875,1275,1509,1233,54,10,32,4,9,15,131,43
42,r6_d30_t1_w15,386,93,2881,1276,1512,1235,55,7,34,4,9,14,131,43
42,r6_d30_t1_w15,387,87,2887,1282,1518,1242,59,11,29,1,9,12,131,43
42,r6_d30_t1_w15,388,86,2895,1288,1521,1246,57,15,27,1,9,13,131,43
42,r6_d30_t1_w15,389,84,2902,1289,1529,1248,58,14,27,1,9,13,131,43
42,r6_d30_t1_w15,390,82,2911,1294,1535,1249,54,17,28,1,9,10,121,40
42,r6_d30_t1_w15,391,83,2921,1296,1542,1249,49,16,31,4,11,9,121,40
42,r6_d30_t1_w15,392,88,2931,1297,1546,1252,33,15,30,22,14,9,121,40
42,r6_d30_t1_w15,393,88,2938,1300,1550,1254,34,16,30,20,14,9,121,40
42,r6_d30_t1_w15,394,71,2944,1321,1552,1259,36,33,29,2,12,8,121,40
42,r6_d30_t1_w15,395,70,2949,1323,1556,1261,35,24,38,3,12,8,131,43
42,r6_d30_t1_w15,396,72,2956,1324,1560,1263,37,16,45,2,14,8,131,43
42,r6_d30_t1_w15,397,72,2963,1327,1564,1267,37,15,45,3,16,7,131,43
42,r6_d30_t1_w15,398,74,2972,1329,1569,1269,35,13,47,5,15,6,131,43
42,r6_d30_t1_w15,399,73,2978,1332,1573,1270,36,14,48,2,16,8,131,43
42,r6_d30_t1_w15,400,75,2988,1334,1579,1272,36,13,49,2,16,10,131,43
42,r6_d30_t1_w15,401,78,2997,1334,1585,1273,36,9,52,3,13,12,131,43
42,r6_d30_t1_w15,402,79,3002,1336,1587,1275,37,8,53,2,13,11,131,43
42,r6_d30_t1_w15,403,79,3009,1338,1592,1278,38,8,52,2,10,10,131,43
42,r6_d30_t1_w15,404,79,3016,1339,1598,1280,37,8,51,4,9,11,131,43
42,r6_d30_t1_w15,405,86,3026,1340,1600,1283,38,6,51,5,9,12,131,43
42,r6_d30_t1_w15,406,89,3035,1344,1602,1286,40,9,49,2,9,12,131,43
42,r6_d30_t1_w15,407,92,3040,1346,1602,1288,42,10,48,0,9,12,131,43
42,r6_d30_t1_w15,408,98,3048,1348,1602,1295,45,10,43,2,9,12,131,43
42,r6_d30_t1_w15,409,105,3058,1351,1602,1302,48,11,38,3,9,13,131,43
42,r6_d30_t1_w15,410,107,3066,1355,1604,1304,47,12,39,2,9,14,131,43
42,r6_d30_t1_w15,411,104,3071,1357,1610,1309,51,12,36,1,9,13,131,43
42,r6_d30_t1_w15,412,103,3076,1358,1615,1313,54,10,35,1,9,13,131,43
42,r6_d30_t1_w15,413,106,3086,1359,1621,1314,53,10,35,2,9,15,131,43
42,r6_d30_t1_w15,414,104,3091,1361,1626,1317,54,11,33,2,9,15,131,43
42,r6_d30_t1_w15,415,98,3096,1363,1635,1319,54,9,35,2,9,12,131,43
42,r6_d30_t1_w15,416,96,3103,1365,1642,1322,55,8,35,2,9,12,131,43
42,r6_d30_t1_w15,417,98,3110,1366,1646,1326,58,6,34,2,9,13,131,43
42,r6_d30_t1_w15,418,97,3115,1368,1650,1329,59,6,33,2,9,14,131,43
42,r6_d30_t1_w15,419,97,3124,1371,1656,1333,60,8,30,2,9,14,131,43
42,r6_d30_t1_w15,420,95,3133,1376,1662,1334,57,12,30,1,9,14,131,43
42,r6_d30_t1_w15,421,95,3142,1378,1669,1336,55,13,29,3,11,13,131,43
42,r6_d30_t1_w15,422,96,3148,1378,1674,1340,23,12,26,39,13,11,131,43
42,r6_d30_t1_w15,423,93,3155,1383,1679,1344,14,17,22,47,14,11,131,43
42,r6_d30_t1_w15,424,69,3163,1407,1687,1347,29,34,26,11,9,11,131,43
42,r6_d30_t1_w15,425,62,3170,1416,1692,1348,32,31,37,0,8,11,131,43
42,r6_d30_t1_w15,426,56,3179,1426,1697,1352,24,33,41,2,8,11,131,43
42,r6_d30_t1_w15,427,51,3186,1433,1702,1352,17,27,54,2,8,10,131,43
42,r6_d30_t1_w15,428,48,3195,1438,1709,1354,14,23,61,2,9,8,131,43
42,r6_d30_t1_w15,429,54,3204,1439,1711,1357,13,15,67,5,9,7,131,43
42,r6_d30_t1_w15,430,53,3210,1441,1716,1357,13,14,70,3,10,6,131,43
42,r6_d30_t1_w15,431,55,3220,1444,1721,1359,13,13,72,2,9,5,131,43
42,r6_d30_t1_w15,432,54,3226,1445,1727,1360,12,10,75,3,11,6,131,43
42,r6_d30_t1_w15,433,58,3235,1447,1730,1362,12,11,74,3,11,8,131,43
42,r6_d30_t1_w15,434,55,3241,1449,1737,1363,12,11,75,2,9,8,131,43
42,r6_d30_t1_w15,435,62,3250,1450,1738,1367,17,7,76,0,9,9,131,43
42,r6_d30_t1_w15,436,67,3258,1452,1739,1372,17,6,74,3,9,9,131,43
42,r6_d30_t1_w15,437,75,3267,1453,1739,1377,20,6,70,4,9,9,131,43
42,r6_d30_t1_w15,438,80,3275,1456,1739,1383,23,8,65,4,9,11,131,43
42,r6_d30_t1_w15,439,85,3284,1458,1741,1389,25,9,60,6,9,14,131,43
42,r6_d30_t1_w15,440,90,3292,1461,1741,1393,29,10,58,3,9,13,131,43
42,r6_d30_t1_w15,441,92,3299,1466,1741,1398,30,13,55,2,9,14,131,43
42,r6_d30_t1_w15,442,100,3308,1467,1741,1406,37,11,50,2,9,14,131,43
42,r6_d30_t1_w15,443,104,3314,1469,1741,1411,41,10,48,1,9,14,131,43
42,r6_d30_t1_w15,444,107,3321,1471,1743,1416,43,10,45,2,9,16,131,43
42,r6_d30_t1_w15,445,107,3326,1476,1743,1427,47,10,39,4,9,16,121,40
42,r6_d30_t1_w15,446,102,3331,1478,1751,1431,49,11,36,4,9,14,121,40
42,r6_d30_t1_w15,447,104,3338,1482,1752,1436,51,15,31,3,9,16,121,40
42,r6_d30_t1_w15,448,103,3346,1484,1759,1440,53,15,29,3,9,15,121,40
42,r6_d30_t1_w15,449,107,3355,1486,1762,1440,53,13,33,1,9,16,121,40
42,r6_d30_t1_w15,450,103,3365,1492,1770,1444,47,19,29,5,11,16,131,43
42,r6_d30_t1_w15,451,102,3374,1495,1777,1447,26,20,28,26,13,15,131,43
42,r6_d30_t1_w15,452,98,3382,1502,1782,1451,26,23,28,23,14,13,131,43
42,r6_d30_t1_w15,453,79,3392,1523,1790,1452,26,39,32,3,9,11,131,43
42,r6_d30_t1_w15,454,77,3401,1526,1798,1454,25,34,38,3,12,10,131,43
42,r6_d30_t1_w15,455,79,3409,1527,1803,1456,25,29,42,4,15,8,131,43
42,r6_d30_t1_w15,456,79,3418,1531,1808,1458,23,27,46,4,17,7,131,43
42,r6_d30_t1_w15,457,80,3426,1533,1813,1459,23,21,53,3,16,8,131,43
42,r6_d30_t1_w15,458,79,3432,1535,1818,1461,25,16,58,1,17,8,131,43
42,r6_d30_t1_w15,459,79,3439,1536,1824,1463,26,7,66,1,18,8,131,43
42,r6_d30_t1_w15,460,83,3448,1537,1828,1465,24,4,68,4,17,10,131,43
42,r6_d30_t1_w15,461,84,3453,1538,1831,1465,23,5,68,4,14,11,131,43
42,r6_d30_t1_w15,462,85,3463,1542,1836,1468,25,7,67,1,11,11,131,43
42,r6_d30_t1_w15,463,84,3469,1544,1841,1472,25,7,65,3,10,11,131,43
42,r6_d30_t1_w15,464,82,3475,1544,1849,1474,26,5,65,4,9,11,131,43
42,r6_d30_t1_w15,465,83,3480,1548,1849,1480,29,6,62,3,9,10,131,43
42,r6_d30_t1_w15,466,87,3489,1551,1851,1482,29,9,60,2,9,10,131,43
42,r6_d30_t1_w15,467,89,3494,1554,1851,1485,30,12,57,1,9,12,131,43
42,r6_d30_t1_w15,468,97,3504,1556,1851,1489,31,11,56,2,9,12,131,43
42,r6_d30_t1_w15,469,102,3514,1559,1853,1493,33,13,53,1,9,12,131,43
42,r6_d30_t1_w15,470,102,3523,1564,1857,1501,36,17,46,1,9,13,131,43
42,r6_d30_t1_w15,471,101,3529,1565,1863,1505,37,16,44,3,9,13,131,43
42,r6_d30_t1_w15,472,98,3534,1567,1869,1511,40,14,42,4,9,13,131,43
42,r6_d30_t1_w15,473,99,3543,1571,1873,1518,43,16,37,4,9,15,131,43
42,r6_d30_t1_w15,474,99,3552,1575,1878,1522,42,15,38,5,9,15,131,43
42,r6_d30_t1_w15,475,96,3559,1578,1885,1527,43,15,36,6,9,14,131,43
42,r6_d30_t1_w15,476,98,3565,1581,1886,1530,46,15,36,3,9,15,131,43
42,r6_d30_t1_w15,477,97,3571,1584,1890,1532,47,14,38,1,9,14,131,43
42,r6_d30_t1_w15,478,95,3576,1585,1896,1533,46,9,43,2,9,13,131,43
42,r6_d30_t1_w15,479,95,3583,1588,1900,1541,49,12,35,4,9,14,131,43
42,r6_d30_t1_w15,480,93,3589,1592,1904,1541,46,13,38,3,9,14,131,43
42,r6_d30_t1_w15,481,92,3597,1598,1907,1541,41,17,40,2,11,12,131,43
42,r6_d30_t1_w15,482,95,3606,1599,1912,1543,18,15,41,26,14,11,131,43
42,r6_d30_t1_w15,483,90,3615,1603,1922,1549,19,14,40,27,15,10,131,43
42,r6_d30_t1_w15,484,64,3622,1629,1929,1552,17,37,40,6,9,9,131,43
42,r6_d30_t1_w15,485,62,3627,1632,1933,1554,19,33,45,3,10,7,131,43
42,r6_d30_t1_w15,486,58,3632,1637,1937,1555,17,33,49,1,10,7,131,43
42,r6_d30_t1_w15,487,63,3640,1638,1939,1558,17,25,55,3,13,6,131,43
42,r6_d30_t1_w15,488,59,3646,1639,1948,1561,17,19,59,5,14,6,131,43
42,r6_d30_t1_w15,489,57,3654,1643,1954,1566,17,17,60,6,16,5,131,43
42,r6_d30_t1_w15,490,53,3660,1647,1960,1568,16,20,59,5,14,4,126,43
42,r6_d30_t1_w15,491,54,3668,1650,1964,1572,17,18,60,5,12,5,126,43
42,r6_d30_t1_w15,492,52,3674,1652,1970,1574,18,18,60,4,11,5,126,43
42,r6_d30_t1_w15,493,53,3681,1656,1972,1577,18,16,63,3,10,5,126,43
42,r6_d30_t1_w15,494,54,3687,1657,1976,1579,19,12,66,3,9,7,126,43
42,r6_d30_t1_w15,495,63,3697,1658,1976,1579,20,8,71,1,9,8,131,43
42,r6_d30_t1_w15,496,71,3706,1659,1976,1586,22,6,67,5,9,8,131,43
42,r6_d30_t1_w15,497,74,3711,1660,1977,1590,23,5,65,7,9,9,131,43
42,r6_d30_t1_w15,498,77,3720,1666,1977,1595,26,8,63,3,9,10,131,43
42,r6_d30_t1_w15,499,77,3725,1669,1979,1600,30,9,60,1,9,10,131,43
42,r6_d30_t1_w15,500,78,3730,1673,1979,1603,29,12,58,1,9,11,131,43
42,r6_d30_t1_w15,501,83,3740,1677,1980,1607,29,16,54,1,9,12,131,43
42,r6_d30_t1_w15,502,87,3746,1679,1980,1613,33,15,51,1,9,11,131,43
42,r6_d30_t1_w15,503,91,3751,1679,1981,1618,37,13,48,2,9,12,131,43
42,r6_d30_t1_w15,504,90,3756,1684,1982,1625,34,16,43,7,9,11,131,43
42,r6_d30_t1_w15,505,87,3761,1688,1986,1631,36,15,42,7,9,11,131,43
42,r6_d30_t1_w15,506,84,3767,1696,1987,1635,38,21,40,1,9,11,131,43
42,r6_d30_t1_w15,507,86,3776,1698,1992,1641,40,17,40,3,9,12,131,43
42,r6_d30_t1_w15,508,85,3781,1698,1998,1643,42,13,42,3,9,12,131,43
42,r6_d30_t1_w15,509,81,3786,1703,2002,1646,41,15,42,2,9,11,131,43
42,r6_d30_t1_w15,510,78,3794,1705,2011,1654,42,16,35,7,10,10,131,43
42,r6_d30_t1_w15,511,76,3800,1707,2017,1656,25,14,37,24,10,9,131,43
42,r6_d30_t1_w15,512,79,3809,1713,2017,1658,25,16,39,20,13,8,131,43
42,r6_d30_t1_w15,513,60,3817,1732,2025,1660,27,30,42,1,9,7,131,43
42,r6_d30_t1_w15,514,61,3823,1734,2028,1662,28,24,48,0,9,7,131,43
42,r6_d30_t1_w15,515,63,3830,1736,2031,1664,26,21,51,2,10,5,131,43
42,r6_d30_t1_w15,516,63,3838,1737,2038,1665,23,16,56,5,13,5,131,43
42,r6_d30_t1_w15,517,66,3847,1740,2041,1667,23,13,60,4,17,4,131,43
42,r6_d30_t1_w15,518,67,3856,1744,2045,1669,23,13,62,2,17,5,131,43
42,r6_d30_t1_w15,519,71,3864,1745,2048,1671,22,12,62,4,17,7,131,43
42,r6_d30_t1_w15,520,74,3872,1746,2052,1672,23,9,65,3,17,7,101,38
42,r6_d30_t1_w15,521,72,3879,1750,2057,1679,28,11,60,1,13,8,101,38
42,r6_d30_t1_w15,522,70,3885,1751,2064,1686,31,9,56,4,11,9,101,38
42,r6_d30_t1_w15,523,73,3894,1752,2069,1688,31,7,57,5,9,11,101,38
42,r6_d30_t1_w15,524,75,3901,1756,2070,1694,34,9,53,4,9,12,101,38
42,r6_d30_t1_w15,525,79,3910,1760,2071,1698,34,13,49,4,9,12,126,43
42,r6_d30_t1_w15,526,84,3920,1764,2072,1702,35,12,50,3,9,13,126,43
42,r6_d30_t1_w15,527,86,3928,1769,2073,1707,36,16,46,2,9,13,126,43
42,r6_d30_t1_w15,528,91,3937,1772,2074,1711,36,17,44,3,9,13,126,43
42,r6_d30_t1_w15,529,98,3945,1773,2074,1714,38,12,47,3,9,14,126,43
42,r6_d30_t1_w15,530,105,3955,1775,2075,1718,38,10,47,5,9,15,131,43
42,r6_d30_t1_w15,531,113,3964,1776,2075,1720,40,10,46,4,9,15,131,43
42,r6_d30_t1_w15,532,113,3969,1781,2075,1725,44,10,46,0,9,16,131,43
42,r6_d30_t1_w15,533,114,3978,1781,2083,1728,47,8,45,0,9,14,131,43
42,r6_d30_t1_w15,534,113,3986,1783,2090,1734,50,7,42,1,9,14,131,43
42,r6_d30_t1_w15,535,115,3995,1783,2097,1735,48,5,43,4,9,15,131,43
42,r6_d30_t1_w15,536,117,4005,1786,2102,1739,49,7,40,4,9,16,131,43
42,r6_d30_t1_w15,537,117,4012,1791,2104,1742,48,11,38,3,9,15,131,43
42,r6_d30_t1_w15,538,118,4022,1793,2111,1745,45,11,37,7,9,15,131,43
42,r6_d30_t1_w15,539,116,4028,1796,2116,1749,46,13,34,7,9,15,131,43
42,r6_d30_t1_w15,540,112,4033,1804,2117,1752,43,18,34,5,9,15,131,43
42,r6_d30_t1_w15,541,107,4039,1808,2124,1753,42,20,35,3,9,15,131,43
42,r6_d30_t1_w15,542,109,4048,1812,2127,1756,39,22,34,5,12,14,131,43
42,r6_d30_t1_w15,543,104,4053,1813,2136,1759,23,18,36,23,14,12,131,43
42,r6_d30_t1_w15,544,99,4062,1820,2143,1763,23,19,38,20,14,11,131,43
42,r6_d30_t1_w15,545,84,4071,1838,2149,1765,23,27,46,4,10,10,131,43
42,r6_d30_t1_w15,546,83,4079,1841,2155,1767,23,24,50,3,14,10,131,43
42,r6_d30_t1_w15,547,83,4086,1845,2158,1771,24,20,54,2,14,10,131,43
42,r6_d30_t1_w15,548,79,4091,1846,2166,1775,25,18,53,4,15,9,131,43
42,r6_d30_t1_w15,549,78,4096,1847,2171,1777,27,10,60,3,16,8,131,43
42,r6_d30_t1_w15,550,74,4102,1850,2178,1778,28,8,64,0,14,7,126,43
42,r6_d30_t1_w15,551,75,4111,1851,2185,1782,29,6,63,2,14,8,126,43
42,r6_d30_t1_w15,552,76,4117,1852,2189,1785,29,4,63,4,13,9,126,43
42,r6_d30_t1_w15,553,73,4123,1855,2195,1786,28,6,63,3,10,10,126,43
42,r6_d30_t1_w15,554,71,4129,1859,2199,1790,28,9,60,3,9,10,126,43
42,r6_d30_t1_w15,555,77,4139,1861,2201,1793,30,10,58,2,9,12,131,43
42,r6_d30_t1_w15,556,80,4145,1864,2201,1797,31,11,56,2,9,12,131,43
42,r6_d30_t1_w15,557,83,4151,1866,2202,1804,36,10,52,2,9,12,131,43
42,r6_d30_t1_w15,558,90,4161,1869,2202,1806,37,10,53,0,9,12,131,43
42,r6_d30_t1_w15,559,93,4166,1871,2202,1813,42,11,47,0,9,12,131,43
42,r6_d30_t1_w15,560,96,4175,1874,2205,1820,46,14,40,0,9,13,131,43
42,r6_d30_t1_w15,561,92,4180,1876,2212,1824,47,10,42,1,9,12,131,43
42,r6_d30_t1_w15,562,88,4185,1878,2219,1828,49,8,42,1,9,13,131,43
42,r6_d30_t1_w15,563,88,4191,1880,2223,1831,48,9,40,3,9,12,131,43
42,r6_d30_t1_w15,564,90,4197,1880,2227,1834,48,8,38,6,9,13,131,43
42,r6_d30_t1_w15,565,92,4206,1884,2230,1840,52,11,33,4,9,14,131,43
42,r6_d30_t1_w15,566,95,4216,1888,2233,1843,50,11,34,5,9,13,131,43
42,r6_d30_t1_w15,567,92,4221,1891,2238,1846,51,12,33,4,9,13,131,43
42,r6_d30_t1_w15,568,89,4226,1897,2240,1851,52,16,30,2,9,12,131,43
42,r6_d30_t1_w15,569,90,4231,1898,2243,1855,54,14,29,3,9,12,131,43
42,r6_d30_t1_w15,570,85,4236,1901,2250,1856,53,14,31,2,9,12,121,43
42,r6_d30_t1_w15,571,85,4242,1903,2254,1857,52,14,32,2,10,10,121,43
42,r6_d30_t1_w15,572,91,4252,1904,2257,1858,37,12,34,17,14,10,121,43
42,r6_d30_t1_w15,573,90,4262,1905,2267,1861,36,9,35,20,17,9,121,43
42,r6_d30_t1_w15,574,77,4270,1921,2272,1862,37,22,37,4,12,9,121,43
42,r6_d30_t1_w15,575,72,4277,1927,2278,1862,33,22,43,2,15,7,131,43
42,r6_d30_t1_w15,576,74,4283,1927,2282,1866,32,17,44,7,16,6,131,43
42,r6_d30_t1_w15,577,79,4293,1929,2285,1868,33,13,48,6,16,6,131,43
42,r6_d30_t1_w15,578,78,4300,1936,2286,1870,32,17,49,2,16,5,131,43
42,r6_d30_t1_w15,579,76,4306,1938,2292,1874,34,16,48,2,15,6,131,43
42,r6_d30_t1_w15,580,74,4314,1941,2299,1880,35,18,43,4,14,7,131,43
42,r6_d30_t1_w15,581,72,4322,1943,2307,1884,36,13,46,5,12,7,131,43
42,r6_d30_t1_w15,582,71,4328,1947,2310,1887,36,14,46,4,10,8,131,43
42,r6_d30_t1_w15,583,73,4334,1950,2311,1890,37,12,48,3,9,8,131,43
42,r6_d30_t1_w15,584,73,4341,1954,2314,1893,38,12,49,1,9,9,131,43
42,r6_d30_t1_w15,585,77,4348,1957,2314,1896,37,14,47,2,9,9,131,43
42,r6_d30_t1_w15,586,80,4354,1959,2315,1899,38,13,47,2,9,10,131,43
42,r6_d30_t1_w15,587,85,4363,1962,2316,1901,37,16,45,2,9,11,131,43
42,r6_d30_t1_w15,588,90,4368,1962,2316,1904,39,14,44,3,9,12,131,43
42,r6_d30_t1_w15,589,93,4374,1964,2317,1907,41,15,42,2,9,13,131,43
42,r6_d30_t1_w15,590,94,4383,1967,2322,1908,39,14,45,2,9,14,131,43
42,r6_d30_t1_w15,591,96,4391,1968,2327,1913,44,11,44,1,9,13,131,43
42,r6_d30_t1_w15,592,90,4396,1970,2336,1921,46,9,40,5,9,11,131,43
42,r6_d30_t1_w15,593,94,4404,1971,2339,1921,44,8,42,6,9,13,131,43
42,r6_d30_t1_w15,594,94,4410,1977,2339,1924,46,13,40,1,9,13,131,43
42,r6_d30_t1_w15,595,91,4415,1979,2345,1926,46,12,41,1,9,13,131,43
42,r6_d30_t1_w15,596,88,4420,1981,2351,1928,45,11,42,2,9,12,131,43
42,r6_d30_t1_w15,597,90,4430,1985,2355,1935,46,14,36,4,9,13,131,43
42,r6_d30_t1_w15,598,90,4436,1986,2360,1938,48,13,35,4,9,14,131,43
42,r6_d30_t1_w15,599,91,4445,1990,2364,1940,48,16,34,2,9,14,131,43
42,r6_d30_t1_w15,600,89,4450,1993,2368,1942,47,16,35,2,9,14,121,40
42,r6_d30_t1_w25,1,4,7,3,0,0,96,3,0,1,1,2,131,43
42,r6_d30_t1_w25,2,11,17,6,0,0,81,6,0,13,2,3,131,43
42,r6_d30_t1_w25,3,15,22,7,0,0,69,7,0,24,5,4,131,43
42,r6_d30_t1_w25,4,9,28,19,0,0,69,16,3,12,1,2,131,43
42,r6_d30_t1_w25,5,5,37,32,0,0,68,25,7,0,0,1,131,43
42,r6_d30_t1_w25,6,11,43,32,0,0,66,20,12,2,3,2,131,43
42,r6_d30_t1_w25,7,21,53,32,0,0,65,13,19,3,5,6,131,43
42,r6_d30_t1_w25,8,25,59,34,0,0,65,10,24,1,6,6,131,43
42,r6_d30_t1_w25,9,31,66,35,0,0,65,5,30,0,7,6,131,43
42,r6_d30_t1_w25,10,36,71,35,0,0,65,3,32,0,9,6,131,43
42,r6_d30_t1_w25,11,44,81,37,0,0,62,5,32,1,9,7,131,43
42,r6_d30_t1_w25,12,52,90,38,0,0,61,6,32,1,9,9,131,43
42,r6_d30_t1_w25,13,57,97,40,0,1,60,6,33,1,9,9,131,43
42,r6_d30_t1_w25,14,61,102,41,0,4,61,7,30,2,9,10,131,43
42,r6_d30_t1_w25,15,68,110,42,0,5,62,8,29,1,9,11,131,43
42,r6_d30_t1_w25,16,73,118,45,0,7,62,9,29,0,9,11,131,43
42,r6_d30_t1_w25,17,77,124,47,0,9,61,10,28,1,9,11,131,43
42,r6_d30_t1_w25,18,84,133,49,0,12,61,10,27,2,9,11,131,43
42,r6_d30_t1_w25,19,88,140,52,0,14,61,10,28,1,9,11,131,43
42,r6_d30_t1_w25,20,95,149,54,0,15,60,10,29,1,9,13,121,40
42,r6_d30_t1_w25,21,102,158,56,0,17,58,9,30,3,9,13,121,40
42,r6_d30_t1_w25,22,105,163,58,0,19,59,11,28,2,9,14,121,40
42,r6_d30_t1_w25,23,106,168,62,0,21,59,15,26,0,9,14,121,40
42,r6_d30_t1_w25,24,109,174,65,0,27,59,17,21,3,9,15,121,40
42,r6_d30_t1_w25,25,117,183,66,0,32,62,14,20,4,9,16,126,43
42,r6_d30_t1_w25,26,120,190,69,1,34,63,17,18,2,9,16,126,43
42,r6_d30_t1_w25,27,126,198,71,1,34,62,13,24,1,9,17,126,43
42,r6_d30_t1_w25,28,132,206,73,1,36,63,14,23,0,9,19,126,43
42,r6_d30_t1_w25,29,139,213,73,1,37,64,8,28,0,9,22,126,43
42,r6_d30_t1_w25,30,141,220,78,1,39,61,12,27,0,9,22,131,43
42,r6_d30_t1_w25,31,145,227,80,2,40,59,10,30,1,9,22,131,43
42,r6_d30_t1_w25,32,150,233,81,2,43,57,8,30,5,12,22,131,43
42,r6_d30_t1_w25,33,154,241,82,5,43,40,7,32,21,13,22,131,43
42,r6_d30_t1_w25,34,154,251,87,10,44,39,11,32,18,15,21,131,43
42,r6_d30_t1_w25,35,137,256,105,14,46,39,23,36,2,11,21,131,43
42,r6_d30_t1_w25,36,132,261,106,23,47,40,20,39,1,13,20,131,43
42,r6_d30_t1_w25,37,130,270,110,30,52,39,18,40,3,15,17,131,43
42,r6_d30_t1_w25,38,134,280,111,35,54,38,12,45,5,15,16,131,43
42,r6_d30_t1_w25,39,135,288,114,39,54,38,7,53,2,16,16,131,43
42,r6_d30_t1_w25,40,134,297,116,47,55,38,7,54,1,16,15,131,43
42,r6_d30_t1_w25,41,133,302,116,53,57,39,5,54,2,17,14,131,43
42,r6_d30_t1_w25,42,133,311,121,57,62,39,9,50,2,17,12,131,43
42,r6_d30_t1_w25,43,135,320,122,63,65,39,8,49,4,17,13,131,43
42,r6_d30_t1_w25,44,138,328,123,67,68,40,8,47,5,17,14,131,43
42,r6_d30_t1_w25,45,136,338,126,76,72,41,10,44,5,18,14,131,43
42,r6_d30_t1_w25,46,132,344,129,83,74,40,12,43,5,18,14,131,43
42,r6_d30_t1_w25,47,132,353,135,86,79,41,14,42,3,18,14,131,43
42,r6_d30_t1_w25,48,133,358,137,88,82,43,13,42,2,18,16,131,43
42,r6_d30_t1_w25,49,132,363,138,93,83,42,11,44,3,18,16,131,43
42,r6_d30_t1_w25,50,127,369,141,101,87,42,11,43,4,14,16,126,43
42,r6_d30_t1_w25,51,127,379,146,106,90,41,15,41,3,14,16,126,43
42,r6_d30_t1_w25,52,128,387,149,110,94,42,15,40,3,11,16,126,43
42,r6_d30_t1_w25,53,129,395,150,116,101,48,13,36,3,10,16,126,43
42,r6_d30_t1_w25,54,128,403,152,123,103,48,11,38,3,9,16,126,43
42,r6_d30_t1_w25,55,137,413,153,123,106,51,10,37,2,9,18,131,43
42,r6_d30_t1_w25,56,138,421,159,124,110,47,14,35,4,9,19,131,43
42,r6_d30_t1_w25,57,145,429,160,124,116,50,12,32,6,9,20,131,43
42,r6_d30_t1_w25,58,145,434,164,125,117,51,12,35,2,9,20,131,43
42,r6_d30_t1_w25,59,149,441,167,125,119,52,14,34,0,9,19,131,43
42,r6_d30_t1_w25,60,149,448,173,126,122,49,17,34,0,9,19,131,43
42,r6_d30_t1_w25,61,150,453,177,126,124,44,20,33,3,10,19,131,43
42,r6_d30_t1_w25,62,153,458,178,127,127,21,14,37,28,12,19,131,43
42,r6_d30_t1_w25,63,158,467,182,127,128,11,16,38,35,13,19,131,43
42,r6_d30_t1_w25,64,139,477,208,130,130,12,40,38,10,9,16,131,43
42,r6_d30_t1_w25,65,128,484,217,139,131,14,39,47,0,9,14,131,43
42,r6_d30_t1_w25,66,130,494,220,144,133,12,31,56,1,10,14,131,43
42,r6_d30_t1_w25,67,134,504,220,150,137,12,25,58,5,12,14,131,43
42,r6_d30_t1_w25,68,131,511,221,159,138,13,17,66,4,15,14,131,43
42,r6_d30_t1_w25,69,125,517,226,166,144,15,20,62,3,15,14,131,43
42,r6_d30_t1_w25,70,119,522,228,175,148,15,15,65,5,16,13,131,43
42,r6_d30_t1_w25,71,120,531,232,179,149,15,18,65,2,17,12,131,43
42,r6_d30_t1_w25,72,115,537,237,185,153,14,12,72,2,17,12,131,43
42,r6_d30_t1_w25,73,120,546,238,188,157,13,11,70,6,17,12,131,43
42,r6_d30_t1_w25,74,123,554,240,191,161,14,11,68,7,18,11,131,43
42,r6_d30_t1_w25,75,123,561,245,193,167,15,14,64,7,18,10,131,43
42,r6_d30_t1_w25,76,126,571,249,196,170,15,14,65,6,17,11,131,43
42,r6_d30_t1_w25,77,124,581,256,201,175,16,15,66,3,16,12,131,43
42,r6_d30_t1_w25,78,125,591,259,207,187,20,15,57,8,16,12,131,43
42,r6_d30_t1_w25,79,124,598,260,214,189,21,12,59,8,16,14,131,43
42,r6_d30_t1_w25,80,119,606,270,217,196,20,21,53,6,15,13,131,43
42,r6_d30_t1_w25,81,119,614,274,221,200,19,17,57,7,14,13,131,43
42,r6_d30_t1_w25,82,114,623,283,226,207,19,21,55,5,13,12,131,43
42,r6_d30_t1_w25,83,113,630,287,230,210,17,25,52,6,9,14,131,43
42,r6_d30_t1_w25,84,113,636,290,233,215,20,20,55,5,9,15,131,43
42,r6_d30_t1_w25,85,117,646,294,235,220,23,22,52,3,9,15,131,43
42,r6_d30_t1_w25,86,123,655,297,235,221,21,19,57,3,9,16,131,43
42,r6_d30_t1_w25,87,131,664,298,235,224,22,16,58,4,9,16,131,43
42,r6_d30_t1_w25,88,136,671,300,235,229,26,13,58,3,9,17,131,43
42,r6_d30_t1_w25,89,140,678,303,235,235,28,12,56,4,9,19,131,43
42,r6_d30_t1_w25,90,148,688,305,235,239,29,11,55,5,10,19,131,43
42,r6_d30_t1_w25,91,155,698,308,235,241,17,11,56,16,15,18,131,43
42,r6_d30_t1_w25,92,162,708,311,235,244,17,10,57,16,15,17,131,43
42,r6_d30_t1_w25,93,154,715,326,235,247,18,23,56,3,14,17,131,43
42,r6_d30_t1_w25,94,161,725,328,236,248,18,22,58,2,16,17,131,43
42,r6_d30_t1_w25,95,165,734,332,237,257,18,19,56,7,17,17,131,43
42,r6_d30_t1_w25,96,169,742,335,238,259,18,19,57,6,18,17,131,43
42,r6_d30_t1_w25,97,166,747,343,238,263,19,23,57,1,18,17,131,43
42,r6_d30_t1_w25,98,169,755,343,243,268,20,21,54,5,18,16,131,43
42,r6_d30_t1_w25,99,170,764,344,250,269,19,17,58,6,18,13,131,43
42,r6_d30_t1_w25,100,172,774,348,254,274,23,18,56,3,18,12,121,40
42,r6_d30_t1_w25,101,166,782,354,262,276,20,15,63,2,18,12,121,40
42,r6_d30_t1_w25,102,164,792,358,270,281,20,15,62,3,18,13,121,40
42,r6_d30_t1_w25,103,161,802,362,279,284,19,18,60,3,18,13,121,40
42,r6_d30_t1_w25,104,155,808,367,286,291,19,22,54,5,18,14,121,40
42,r6_d30_t1_w25,105,153,814,370,291,295,20,19,56,5,18,14,131,43
42,r6_d30_t1_w25,106,149,822,377,296,300,20,23,54,3,18,15,131,43
42,r6_d30_t1_w25,107,146,827,378,303,301,20,16,61,3,17,15,131,43
42,r6_d30_t1_w25,108,148,837,381,308,306,22,16,59,3,16,16,131,43
42,r6_d30_t1_w25,109,146,842,383,313,310,23,12,61,4,16,18,131,43
42,r6_d30_t1_w25,110,146,850,386,318,315,22,13,58,7,16,19,131,43
42,r6_d30_t1_w25,111,143,858,390,325,319,23,14,57,6,15,18,131,43
42,r6_d30_t1_w25,112,144,868,396,328,323,24,19,54,3,12,18,131,43
42,r6_d30_t1_w25,113,144,875,399,332,327,26,16,56,2,10,19,131,43
42,r6_d30_t1_w25,114,144,885,404,337,334,28,17,53,2,9,18,131,43
42,r6_d30_t1_w25,115,151,894,406,337,339,30,17,50,3,9,20,131,43
42,r6_d30_t1_w25,116,155,902,410,337,343,32,17,50,1,9,20,131,43
42,r6_d30_t1_w25,117,162,911,411,338,347,33,14,50,3,9,23,131,43
42,r6_d30_t1_w25,118,167,920,413,340,349,33,15,49,3,9,23,131,43
42,r6_d30_t1_w25,119,170,928,418,340,352,31,18,48,3,9,24,131,43
42,r6_d30_t1_w25,120,170,933,423,340,356,28,19,48,5,9,24,131,43
42,r6_d30_t1_w25,121,170,939,427,342,358,27,19,50,4,10,24,131,43
42,r6_d30_t1_w25,122,172,945,429,344,361,13,16,52,19,12,23,131,43
42,r6_d30_t1_w25,123,168,953,433,352,366,15,14,53,18,13,21,131,43
42,r6_d30_t1_w25,124,151,960,450,359,371,17,26,53,4,10,21,131,43
42,r6_d30_t1_w25,125,145,966,453,368,375,19,25,53,3,9,20,121,40
42,r6_d30_t1_w25,126,140,971,458,373,377,17,26,55,2,11,19,121,40
42,r6_d30_t1_w25,127,138,978,459,381,381,18,20,58,4,15,17,121,40
42,r6_d30_t1_w25,128,133,986,465,388,385,16,22,58,4,15,17,121,40
42,r6_d30_t1_w25,129,130,991,469,392,390,17,20,59,4,14,17,121,40
42,r6_d30_t1_w25,130,131,998,472,395,394,17,17,61,5,16,16,131,43
42,r6_d30_t1_w25,131,130,1007,476,401,397,16,17,62,5,18,14,131,43
42,r6_d30_t1_w25,132,130,1016,482,404,403,17,17,62,4,18,14,131,43
42,r6_d30_t1_w25,133,126,1023,485,412,409,20,15,61,4,18,12,131,43
42,r6_d30_t1_w25,134,125,1029,488,416,412,22,17,59,2,18,12,131,43
42,r6_d30_t1_w25,135,127,1039,491,421,414,23,17,60,0,18,11,131,43
42,r6_d30_t1_w25,136,127,1046,492,427,416,23,12,64,1,18,11,131,43
42,r6_d30_t1_w25,137,124,1055,494,437,419,23,13,62,2,17,11,131,43
42,r6_d30_t1_w25,138,125,1065,498,442,426,25,15,57,3,16,12,131,43
42,r6_d30_t1_w25,139,121,1071,499,451,428,26,11,60,3,15,13,131,43
42,r6_d30_t1_w25,140,121,1081,504,456,434,27,13,57,3,15,13,131,43
42,r6_d30_t1_w25,141,117,1088,507,464,442,32,16,49,3,14,12,131,43
42,r6_d30_t1_w25,142,116,1095,510,469,446,32,15,49,4,13,13,131,43
42,r6_d30_t1_w25,143,116,1102,512,474,451,33,13,48,6,11,14,131,43
42,r6_d30_t1_w25,144,115,1108,515,478,458,37,13,44,6,9,14,131,43
42,r6_d30_t1_w25,145,118,1114,518,478,463,40,14,41,5,9,16,131,43
42,r6_d30_t1_w25,146,123,1121,520,478,465,41,14,41,4,9,17,131,43
42,r6_d30_t1_w25,147,126,1130,526,478,471,41,16,39,4,9,17,131,43
42,r6_d30_t1_w25,148,132,1138,528,478,475,45,15,38,2,9,17,131,43
42,r6_d30_t1_w25,149,137,1145,530,478,475,45,13,42,0,9,17,131,43
42,r6_d30_t1_w25,150,141,1152,533,478,478,43,15,40,2,10,17,131,43
42,r6_d30_t1_w25,151,148,1159,533,478,481,33,13,39,15,12,17,131,43
42,r6_d30_t1_w25,152,156,1169,535,478,483,14,11,41,34,13,17,131,43
42,r6_d30_t1_w25,153,150,1176,548,478,484,14,20,44,22,11,17,131,43
42,r6_d30_t1_w25,154,136,1181,567,478,488,19,37,42,2,9,17,131,43
42,r6_d30_t1_w25,155,140,1191,573,478,489,15,35,49,1,9,17,126,43
42,r6_d30_t1_w25,156,143,1201,574,484,491,15,27,56,2,12,16,126,43
42,r6_d30_t1_w25,157,144,1210,575,491,496,14,20,59,7,15,15,126,43
42,r6_d30_t1_w25,158,147,1220,577,496,500,14,17,60,9,18,14,126,43
42,r6_d30_t1_w25,159,143,1225,583,499,502,14,20,61,5,17,14,126,43
42,r6_d30_t1_w25,160,134,1230,589,507,508,14,17,64,5,16,12,131,43
42,r6_d30_t1_w25,161,134,1237,590,513,509,14,12,69,5,17,12,131,43
42,r6_d30_t1_w25,162,129,1245,594,522,512,13,13,69,5,17,10,131,43
42,r6_d30_t1_w25,163,128,1254,596,530,516,15,12,68,5,17,10,131,43
42,r6_d30_t1_w25,164,129,1263,600,534,521,17,14,65,4,17,10,131,43
42,r6_d30_t1_w25,165,130,1273,602,541,523,17,12,67,4,18,10,131,43
42,r6_d30_t1_w25,166,129,1281,606,546,525,17,10,71,2,18,10,131,43
42,r6_d30_t1_w25,167,130,1291,609,552,532,16,11,66,7,18,11,131,43
42,r6_d30_t1_w25,168,129,1298,611,558,535,17,8,68,7,18,13,131,43
42,r6_d30_t1_w25,169,125,1305,620,560,541,16,15,64,5,18,14,131,43
42,r6_d30_t1_w25,170,126,1315,624,565,545,16,17,62,5,18,14,131,43
42,r6_d30_t1_w25,171,131,1325,628,566,547,17,15,66,2,16,14,131,43
42,r6_d30_t1_w25,172,130,1334,630,574,552,17,14,64,5,14,16,131,43
42,r6_d30_t1_w25,173,127,1342,634,581,557,17,11,66,6,10,17,131,43
42,r6_d30_t1_w25,174,121,1347,640,586,563,19,17,60,4,9,18,131,43
42,r6_d30_t1_w25,175,124,1356,646,586,573,23,19,54,4,9,20,131,43
42,r6_d30_t1_w25,176,125,1362,650,587,578,26,19,53,2,9,19,131,43
42,r6_d30_t1_w25,177,127,1367,653,587,581,27,19,53,1,9,19,131,43
42,r6_d30_t1_w25,178,134,1375,654,587,586,28,19,49,4,9,21,131,43
42,r6_d30_t1_w25,179,137,1383,659,587,589,26,21,49,4,9,23,131,43
42,r6_d30_t1_w25,180,137,1389,663,589,590,25,20,53,2,10,20,121,40
42,r6_d30_t1_w25,181,141,1396,666,589,597,15,20,49,16,11,20,121,40
42,r6_d30_t1_w25,182,149,1406,668,589,600,13,18,50,19,15,20,121,40
42,r6_d30_t1_w25,183,138,1413,686,589,607,13,32,47,8,12,20,121,40
42,r6_d30_t1_w25,184,138,1419,691,590,611,11,32,48,9,11,20,121,40
42,r6_d30_t1_w25,185,141,1428,697,590,617,14,31,49,6,13,20,131,43
42,r6_d30_t1_w25,186,143,1437,704,590,620,14,30,54,2,16,19,131,43
42,r6_d30_t1_w25,187,146,1446,706,594,621,12,23,62,3,16,18,131,43
42,r6_d30_t1_w25,188,145,1453,709,599,624,13,18,67,2,17,17,131,43
42,r6_d30_t1_w25,189,144,1458,711,603,625,14,14,72,0,18,16,131,43
42,r6_d30_t1_w25,190,145,1465,712,608,631,18,11,70,1,18,16,131,43
42,r6_d30_t1_w25,191,144,1474,714,616,633,17,12,69,2,18,16,131,43
42,r6_d30_t1_w25,192,144,1484,717,623,637,17,12,68,3,18,15,131,43
42,r6_d30_t1_w25,193,147,1494,719,628,640,17,11,68,4,18,13,131,43
42,r6_d30_t1_w25,194,145,1500,724,631,645,17,11,68,4,18,12,131,43
42,r6_d30_t1_w25,195,147,1509,727,635,649,18,12,66,4,18,12,131,43
42,r6_d30_t1_w25,196,144,1518,732,642,653,17,15,64,4,18,12,131,43
42,r6_d30_t1_w25,197,138,1523,736,649,658,18,12,66,4,18,13,131,43
42,r6_d30_t1_w25,198,136,1528,739,653,665,23,12,62,3,16,15,131,43
42,r6_d30_t1_w25,199,139,1538,742,657,667,23,13,62,2,16,15,131,43
42,r6_d30_t1_w25,200,131,1543,746,666,672,24,15,59,2,14,15,131,43
42,r6_d30_t1_w25,201,130,1551,752,669,680,23,20,52,5,12,17,131,43
42,r6_d30_t1_w25,202,134,1561,755,672,681,22,18,56,4,11,18,131,43
42,r6_d30_t1_w25,203,133,1570,762,675,686,21,19,57,3,10,19,131,43
42,r6_d30_t1_w25,204,131,1575,765,679,695,24,21,49,6,9,19,131,43
42,r6_d30_t1_w25,205,133,1584,771,680,705,28,22,44,6,9,19,131,43
42,r6_d30_t1_w25,206,139,1592,773,680,708,32,18,47,3,9,19,131,43
42,r6_d30_t1_w25,207,144,1600,776,680,711,35,17,48,0,9,19,131,43
42,r6_d30_t1_w25,208,150,1609,779,680,714,35,14,51,0,9,19,131,43
42,r6_d30_t1_w25,209,153,1614,781,680,719,37,13,49,1,9,20,131,43
42,r6_d30_t1_w25,210,154,1619,785,680,720,34,15,50,1,9,20,131,43
42,r6_d30_t1_w25,211,154,1628,787,687,722,30,16,49,5,12,20,131,43
42,r6_d30_t1_w25,212,154,1637,790,693,728,18,18,44,20,13,19,131,43
42,r6_d30_t1_w25,213,148,1645,797,700,731,17,19,47,17,15,18,131,43
42,r6_d30_t1_w25,214,137,1651,813,701,733,17,32,48,3,12,17,131,43
42,r6_d30_t1_w25,215,142,1661,816,703,735,18,24,57,1,16,17,131,43
42,r6_d30_t1_w25,216,146,1671,817,708,735,18,20,62,0,18,17,131,43
42,r6_d30_t1_w25,217,143,1678,819,716,742,21,18,59,2,18,16,131,43
42,r6_d30_t1_w25,218,143,1684,819,722,743,22,12,64,2,18,15,131,43
42,r6_d30_t1_w25,219,147,1694,822,725,749,26,13,60,1,18,14,131,43
42,r6_d30_t1_w25,220,147,1704,823,734,751,26,9,63,2,18,12,131,43
42,r6_d30_t1_w25,221,142,1709,826,741,754,27,9,63,1,18,11,131,43
42,r6_d30_t1_w25,222,142,1717,829,746,759,27,10,60,3,18,11,131,43
42,r6_d30_t1_w25,223,139,1722,832,751,764,28,13,55,4,18,11,131,43
42,r6_d30_t1_w25,224,132,1727,836,759,769,29,14,53,4,18,12,131,43
42,r6_d30_t1_w25,225,135,1736,839,762,775,29,14,50,7,18,13,131,43
42,r6_d30_t1_w25,226,134,1744,844,766,777,29,16,51,4,18,14,131,43
42,r6_d30_t1_w25,227,136,1752,849,767,784,30,17,48,5,17,14,131,43
42,r6_d30_t1_w25,228,137,1760,850,773,786,30,14,50,6,16,15,131,43
42,r6_d30_t1_w25,229,136,1767,856,775,793,32,16,47,5,16,15,131,43
42,r6_d30_t1_w25,230,134,1773,858,781,797,35,17,44,4,16,17,131,43
42,r6_d30_t1_w25,231,131,1781,864,786,802,38,23,39,0,15,17,131,43
42,r6_d30_t1_w25,232,128,1787,865,794,804,37,16,45,2,13,18,131,43
42,r6_d30_t1_w25,233,127,1795,865,803,808,39,14,43,4,9,20,131,43
42,r6_d30_t1_w25,234,128,1803,868,807,811,41,14,43,2,9,20,131,43
42,r6_d30_t1_w25,235,129,1811,875,807,816,40,17,42,1,9,20,111,40
42,r6_d30_t1_w25,236,136,1819,876,807,817,38,14,45,3,9,21,111,40
42,r6_d30_t1_w25,237,143,1827,877,807,823,42,11,43,4,9,24,111,40
42,r6_d30_t1_w25,238,148,1836,881,807,824,41,12,45,2,9,25,111,40
42,r6_d30_t1_w25,239,155,1845,883,807,827,42,13,43,2,9,26,111,40
42,r6_d30_t1_w25,240,159,1853,887,807,830,40,15,42,3,10,26,131,43
42,r6_d30_t1_w25,241,162,1861,891,808,832,25,17,42,16,12,26,131,43
42,r6_d30_t1_w25,242,164,1871,894,813,833,14,16,45,25,14,25,131,43
42,r6_d30_t1_w25,243,151,1879,911,817,837,15,29,45,11,11,24,131,43
42,r6_d30_t1_w25,244,139,1887,923,825,839,14,32,52,2,9,22,131,43
42,r6_d30_t1_w25,245,136,1895,926,833,844,14,32,50,4,12,21,131,43
42,r6_d30_t1_w25,246,142,1905,927,836,847,11,29,51,9,15,19,131,43
42,r6_d30_t1_w25,247,137,1910,930,843,850,11,27,53,9,15,19,131,43
42,r6_d30_t1_w25,248,133,1916,939,844,854,10,27,58,5,15,18,131,43
42,r6_d30_t1_w25,249,129,1921,943,849,858,10,26,59,5,15,16,131,43
42,r6_d30_t1_w25,250,127,1929,946,856,861,9,21,64,6,16,15,131,43
42,r6_d30_t1_w25,251,124,1935,950,861,864,8,20,66,6,16,15,131,43
42,r6_d30_t1_w25,252,119,1940,954,867,867,9,19,68,4,16,14,131,43
42,r6_d30_t1_w25,253,122,1949,957,870,873,11,16,68,5,18,13,131,43
42,r6_d30_t1_w25,254,123,1956,958,875,875,11,14,69,6,18,13,131,43
42,r6_d30_t1_w25,255,122,1965,966,877,880,11,16,70,3,18,11,122,43
42,r6_d30_t1_w25,256,122,1972,968,882,885,13,12,71,4,18,11,122,43
42,r6_d30_t1_w25,257,123,1977,969,885,891,14,10,68,8,18,12,122,43
42,r6_d30_t1_w25,258,120,1986,975,891,898,14,14,63,9,17,12,122,43
42,r6_d30_t1_w25,259,115,1993,981,897,903,16,17,61,6,17,11,122,43
42,r6_d30_t1_w25,260,112,2002,989,901,910,18,23,56,3,16,11,131,43
42,r6_d30_t1_w25,261,106,2007,993,908,915,19,21,57,3,16,11,131,43
42,r6_d30_t1_w25,262,101,2013,996,916,919,18,22,55,5,14,13,131,43
42,r6_d30_t1_w25,263,101,2023,1000,922,922,18,22,56,4,12,14,131,43
42,r6_d30_t1_w25,264,99,2032,1004,929,925,20,23,56,1,9,14,131,43
42,r6_d30_t1_w25,265,102,2038,1007,929,929,20,23,55,2,9,14,131,43
42,r6_d30_t1_w25,266,107,2043,1007,929,933,23,17,57,3,9,15,131,43
42,r6_d30_t1_w25,267,105,2048,1013,930,939,24,18,56,2,9,16,131,43
42,r6_d30_t1_w25,268,113,2058,1014,931,942,25,14,58,3,9,19,131,43
42,r6_d30_t1_w25,269,120,2068,1017,931,946,26,17,54,3,9,18,131,43
42,r6_d30_t1_w25,270,119,2074,1024,931,951,22,16,57,5,9,17,131,43
42,r6_d30_t1_w25,271,127,2083,1025,931,953,22,14,58,6,10,17,131,43
42,r6_d30_t1_w25,272,127,2088,1030,931,957,20,18,55,7,12,15,131,43
42,r6_d30_t1_w25,273,128,2093,1034,931,960,18,16,58,8,13,15,131,43
42,r6_d30_t1_w25,274,128,2098,1039,931,961,19,18,60,3,15,15,131,43
42,r6_d30_t1_w25,275,128,2103,1044,931,967,21,19,58,2,15,15,131,43
42,r6_d30_t1_w25,276,135,2112,1045,932,972,23,15,58,4,15,15,131,43
42,r6_d30_t1_w25,277,140,2122,1048,934,974,23,16,58,3,17,15,131,43
42,r6_d30_t1_w25,278,142,2130,1050,938,981,25,16,53,6,17,15,131,43
42,r6_d30_t1_w25,279,141,2138,1052,945,983,25,12,57,6,18,15,131,43
42,r6_d30_t1_w25,280,138,2144,1058,948,988,26,15,55,4,18,14,131,43
42,r6_d30_t1_w25,281,135,2150,1061,954,989,25,17,55,3,18,14,131,43
42,r6_d30_t1_w25,282,137,2158,1067,954,997,26,15,55,4,18,14,131,43
42,r6_d30_t1_w25,283,137,2167,1070,960,1000,25,15,55,5,18,12,131,43
42,r6_d30_t1_w25,284,132,2172,1075,965,1003,26,17,55,2,18,11,131,43
42,r6_d30_t1_w25,285,131,2178,1076,971,1006,26,14,56,4,18,11,121,40
42,r6_d30_t1_w25,286,133,2183,1079,971,1012,28,12,55,5,18,11,121,40
42,r6_d30_t1_w25,287,131,2189,1083,975,1019,30,14,50,6,18,12,121,40
42,r6_d30_t1_w25,288,131,2199,1086,982,1022,32,16,48,4,18,14,121,40
42,r6_d30_t1_w25,289,130,2208,1091,987,1026,33,18,47,2,16,15,121,40
42,r6_d30_t1_w25,290,131,2217,1095,991,1032,34,18,45,3,16,18,126,43
42,r6_d30_t1_w25,291,132,2225,1097,996,1037,36,14,46,4,16,18,126,43
42,r6_d30_t1_w25,292,136,2234,1098,1000,1038,36,12,48,4,15,19,126,43
42,r6_d30_t1_w25,293,135,2244,1102,1007,1040,37,14,48,1,10,19,126,43
42,r6_d30_t1_w25,294,133,2251,1105,1013,1045,38,11,49,2,9,20,126,43
42,r6_d30_t1_w25,295,137,2256,1106,1013,1049,40,7,50,3,9,21,131,43
42,r6_d30_t1_w25,296,140,2264,1111,1013,1054,41,12,45,2,9,21,131,43
42,r6_d30_t1_w25,297,144,2272,1114,1014,1060,45,14,40,1,9,21,131,43
42,r6_d30_t1_w25,298,146,2277,1117,1014,1061,44,14,42,0,9,21,131,43
42,r6_d30_t1_w25,299,151,2283,1118,1014,1065,47,13,40,0,9,22,131,43
42,r6_d30_t1_w25,300,153,2293,1126,1014,1068,42,19,39,0,9,22,131,43
42,r6_d30_t1_w25,301,155,2302,1129,1018,1069,38,21,39,2,11,20,131,43
42,r6_d30_t1_w25,302,152,2308,1129,1027,1072,18,18,39,25,13,19,131,43
42,r6_d30_t1_w25,303,152,2317,1133,1032,1074,15,18,41,26,14,17,131,43
42,r6_d30_t1_w25,304,129,2322,1155,1038,1079,18,31,45,6,9,17,131,43
42,r6_d30_t1_w25,305,125,2329,1162,1042,1081,16,32,49,3,9,17,131,43
42,r6_d30_t1_w25,306,124,2338,1168,1046,1084,15,32,52,1,9,17,131,43
42,r6_d30_t1_w25,307,125,2346,1169,1052,1087,14,24,58,4,13,15,131,43
42,r6_d30_t1_w25,308,125,2355,1172,1058,1090,14,20,62,4,14,14,131,43
42,r6_d30_t1_w25,309,126,2363,1176,1061,1094,16,19,63,2,15,13,131,43
42,r6_d30_t1_w25,310,130,2372,1177,1065,1095,16,18,64,2,17,12,131,43
42,r6_d30_t1_w25,311,131,2377,1178,1068,1098,18,12,68,2,17,12,131,43
42,r6_d30_t1_w25,312,129,2383,1180,1074,1100,18,13,67,2,18,11,131,43
42,r6_d30_t1_w25,313,128,2392,1182,1082,1105,20,11,66,3,18,10,131,43
42,r6_d30_t1_w25,314,131,2401,1183,1087,1108,21,6,69,4,18,9,131,43
42,r6_d30_t1_w25,315,133,2411,1186,1092,1112,23,6,68,3,18,9,131,43
42,r6_d30_t1_w25,316,131,2418,1189,1098,1116,24,5,68,3,18,9,131,43
42,r6_d30_t1_w25,317,124,2424,1195,1105,1122,23,11,62,4,18,11,131,43
42,r6_d30_t1_w25,318,120,2433,1200,1113,1129,24,13,58,5,17,11,131,43
42,r6_d30_t1_w25,319,119,2441,1205,1117,1141,29,17,47,7,16,11,131,43
42,r6_d30_t1_w25,320,122,2449,1208,1119,1142,29,17,49,5,16,12,131,43
42,r6_d30_t1_w25,321,119,2458,1213,1126,1144,29,20,49,2,13,13,131,43
42,r6_d30_t1_w25,322,115,2466,1218,1133,1150,28,19,49,4,11,13,131,43
42,r6_d30_t1_w25,323,118,2474,1222,1134,1156,29,17,49,5,9,14,131,43
42,r6_d30_t1_w25,324,113,2479,1227,1139,1162,33,21,44,2,9,15,131,43
42,r6_d30_t1_w25,325,114,2486,1232,1140,1170,37,21,41,1,9,15,131,43
42,r6_d30_t1_w25,326,120,2492,1232,1140,1170,37,18,44,1,9,15,131,43
42,r6_d30_t1_w25,327,122,2498,1236,1140,1171,34,18,47,1,9,15,131,43
42,r6_d30_t1_w25,328,131,2507,1236,1140,1176,36,12,48,4,9,16,131,43
42,r6_d30_t1_w25,329,134,2512,1238,1140,1180,39,11,47,3,9,17,131,43
42,r6_d30_t1_w25,330,136,2520,1244,1140,1181,36,14,49,1,10,16,131,43
42,r6_d30_t1_w25,331,141,2529,1247,1141,1184,23,15,48,14,11,16,131,43
42,r6_d30_t1_w25,332,144,2537,1252,1141,1188,15,16,48,21,13,16,131,43
42,r6_d30_t1_w25,333,135,2544,1267,1142,1190,12,28,49,11,10,16,131,43
42,r6_d30_t1_w25,334,133,2551,1276,1142,1194,12,32,50,6,11,15,131,43
42,r6_d30_t1_w25,335,135,2559,1279,1145,1195,12,30,54,4,12,15,121,40
42,r6_d30_t1_w25,336,136,2569,1284,1149,1199,12,28,57,3,12,14,121,40
42,r6_d30_t1_w25,337,138,2578,1287,1153,1202,13,24,61,2,13,14,121,40
42,r6_d30_t1_w25,338,136,2586,1291,1159,1206,14,22,63,1,15,13,121,40
42,r6_d30_t1_w25,339,136,2593,1291,1166,1206,13,16,69,2,16,13,121,40
42,r6_d30_t1_w25,340,136,2603,1294,1173,1213,14,11,70,5,18,13,131,43
42,r6_d30_t1_w25,341,133,2609,1297,1179,1217,13,12,68,7,18,12,131,43
42,r6_d30_t1_w25,342,128,2614,1303,1183,1224,15,13,66,6,18,12,131,43
42,r6_d30_t1_w25,343,124,2621,1307,1190,1230,17,16,61,6,18,10,131,43
42,r6_d30_t1_w25,344,124,2630,1311,1195,1231,16,15,65,4,18,11,131,43
42,r6_d30_t1_w25,345,127,2640,1314,1199,1235,14,16,63,7,18,11,131,43
42,r6_d30_t1_w25,346,125,2649,1317,1207,1238,14,12,67,7,18,11,131,43
42,r6_d30_t1_w25,347,126,2659,1324,1209,1243,15,17,64,4,17,12,131,43
42,r6_d30_t1_w25,348,125,2664,1326,1213,1248,17,13,65,5,16,12,131,43
42,r6_d30_t1_w25,349,123,2670,1329,1218,1249,17,12,68,3,15,12,131,43
42,r6_d30_t1_w25,350,124,2678,1333,1221,1253,18,15,65,2,14,13,131,43
42,r6_d30_t1_w25,351,120,2683,1336,1227,1260,19,14,62,5,13,14,131,43
42,r6_d30_t1_w25,352,119,2689,1340,1230,1268,20,18,54,8,13,14,131,43
42,r6_d30_t1_w25,353,113,2695,1347,1235,1271,20,19,57,4,10,15,131,43
42,r6_d30_t1_w25,354,114,2704,1353,1237,1278,22,20,55,3,9,17,131,43
42,r6_d30_t1_w25,355,120,2710,1353,1237,1280,24,13,60,3,9,18,131,43
42,r6_d30_t1_w25,356,125,2719,1357,1237,1285,26,13,59,2,9,20,131,43
42,r6_d30_t1_w25,357,129,2725,1359,1237,1288,26,14,57,3,9,21,131,43
42,r6_d30_t1_w25,358,134,2733,1362,1237,1292,28,15,55,2,9,22,131,43
42,r6_d30_t1_w25,359,137,2743,1367,1239,1297,27,19,51,3,9,22,131,43
42,r6_d30_t1_w25,360,137,2748,1372,1239,1302,26,21,49,4,9,22,126,43
42,r6_d30_t1_w25,361,139,2755,1376,1240,1305,25,22,49,4,9,22,126,43
42,r6_d30_t1_w25,362,145,2765,1380,1240,1309,19,20,51,10,13,22,126,43
42,r6_d30_t1_w25,363,147,2770,1382,1241,1313,16,17,52,15,15,22,126,43
42,r6_d30_t1_w25,364,140,2776,1394,1242,1317,15,22,55,8,12,21,126,43
42,r6_d30_t1_w25,365,139,2786,1403,1244,1320,15,25,58,2,14,21,131,43
42,r6_d30_t1_w25,366,147,2796,1405,1244,1327,19,16,62,3,17,20,131,43
42,r6_d30_t1_w25,367,147,2802,1407,1248,1331,21,18,58,3,18,20,131,43
42,r6_d30_t1_w25,368,147,2809,1409,1253,1333,23,15,61,1,18,19,131,43
42,r6_d30_t1_w25,369,143,2816,1412,1261,1336,22,13,63,2,18,17,131,43
42,r6_d30_t1_w25,370,143,2823,1412,1268,1340,22,12,60,6,18,16,131,43
42,r6_d30_t1_w25,371,144,2833,1415,1274,1341,22,12,62,4,18,14,131,43
42,r6_d30_t1_w25,372,143,2842,1422,1277,1350,26,15,57,2,18,12,131,43
42,r6_d30_t1_w25,373,143,2848,1424,1281,1354,26,15,55,4,18,11,131,43
42,r6_d30_t1_w25,374,145,2857,1428,1284,1360,27,13,55,5,18,12,131,43
42,r6_d30_t1_w25,375,144,2864,1431,1289,1364,28,12,55,5,18,13,131,43
42,r6_d30_t1_w25,376,146,2874,1435,1293,1367,28,14,54,4,18,15,131,43
42,r6_d30_t1_w25,377,146,2881,1437,1298,1370,29,11,56,4,18,16,131,43
42,r6_d30_t1_w25,378,147,2888,1439,1302,1373,31,9,57,3,17,16,131,43
42,r6_d30_t1_w25,379,147,2898,1444,1307,1379,31,14,51,4,17,16,131,43
42,r6_d30_t1_w25,380,151,2907,1445,1311,1381,30,12,52,6,17,18,115,42
42,r6_d30_t1_w25,381,149,2912,1448,1315,1386,32,11,51,6,14,19,115,42
42,r6_d30_t1_w25,382,150,2922,1454,1318,1391,31,11,52,6,13,19,115,42
42,r6_d30_t1_w25,383,146,2928,1458,1324,1395,31,14,49,6,11,19,115,42
42,r6_d30_t1_w25,384,143,2936,1462,1331,1399,32,15,48,5,9,19,115,42
42,r6_d30_t1_w25,385,148,2944,1465,1331,1404,37,16,45,2,9,19,131,43
42,r6_d30_t1_w25,386,153,2951,1467,1331,1405,38,16,46,0,9,19,131,43
42,r6_d30_t1_w25,387,161,2961,1469,1331,1407,37,13,49,1,9,20,131,43
42,r6_d30_t1_w25,388,169,2969,1469,1331,1409,37,10,50,3,9,20,131,43
42,r6_d30_t1_w25,389,171,2976,1474,1331,1417,40,12,45,3,9,20,131,43
42,r6_d30_t1_w25,390,174,2984,1479,1331,1417,37,14,48,1,9,19,121,40
42,r6_d30_t1_w25,391,168,2990,1483,1339,1423,37,15,45,3,10,19,121,40
42,r6_d30_t1_w25,392,169,2999,1486,1344,1428,21,17,41,21,13,18,121,40
42,r6_d30_t1_w25,393,166,3004,1490,1348,1433,20,18,39,23,15,17,121,40
42,r6_d30_t1_w25,394,146,3009,1508,1355,1434,21,34,40,5,9,16,121,40
42,r6_d30_t1_w25,395,142,3016,1515,1359,1439,22,34,42,2,10,16,131,43
42,r6_d30_t1_w25,396,139,3023,1516,1368,1440,21,28,48,3,12,16,131,43
42,r6_d30_t1_w25,397,138,3029,1519,1372,1442,20,24,53,3,13,15,131,43
42,r6_d30_t1_w25,398,139,3039,1523,1377,1447,22,19,57,2,14,14,131,43
42,r6_d30_t1_w25,399,138,3048,1525,1385,1449,23,15,61,1,16,12,131,43
42,r6_d30_t1_w25,400,134,3053,1527,1392,1450,22,13,64,1,17,12,131,43
42,r6_d30_t1_w25,401,133,3062,1529,1400,1455,24,12,62,2,18,11,131,43
42,r6_d30_t1_w25,402,133,3072,1532,1407,1459,24,13,60,3,18,10,131,43
42,r6_d30_t1_w25,403,129,3078,1536,1413,1460,23,12,64,1,18,10,131,43
42,r6_d30_t1_w25,404,128,3084,1538,1418,1466,28,12,60,0,18,9,131,43
42,r6_d30_t1_w25,405,122,3090,1543,1425,1470,27,13,60,0,18,10,131,43
42,r6_d30_t1_w25,406,120,3095,1545,1430,1474,28,15,56,1,18,10,131,43
42,r6_d30_t1_w25,407,117,3100,1547,1436,1478,26,14,55,5,18,11,131,43
42,r6_d30_t1_w25,408,113,3106,1552,1441,1481,24,15,56,5,18,11,131,43
42,r6_d30_t1_w25,409,108,3111,1556,1447,1486,25,17,53,5,17,12,131,43
42,r6_d30_t1_w25,410,110,3121,1558,1453,1490,26,16,52,6,16,12,131,43
42,r6_d30_t1_w25,411,109,3126,1562,1455,1494,28,18,50,4,15,12,131,43
42,r6_d30_t1_w25,412,105,3131,1565,1461,1498,29,16,51,4,12,13,131,43
42,r6_d30_t1_w25,413,101,3136,1567,1468,1503,31,13,51,5,10,14,131,43
42,r6_d30_t1_w25,414,100,3145,1571,1474,1507,31,12,52,5,9,14,131,43
42,r6_d30_t1_w25,415,106,3155,1574,1475,1511,34,13,50,3,9,14,131,43
42,r6_d30_t1_w25,416,109,3161,1576,1476,1514,37,11,51,1,9,15,131,43
42,r6_d30_t1_w25,417,117,3171,1578,1476,1519,38,11,48,3,9,16,131,43
42,r6_d30_t1_w25,418,124,3179,1579,1476,1523,40,12,44,4,9,17,131,43
42,r6_d30_t1_w25,419,126,3185,1583,1476,1530,44,13,40,3,9,17,131,43
42,r6_d30_t1_w25,420,128,3191,1587,1476,1530,40,15,42,3,10,16,131,43
42,r6_d30_t1_w25,421,134,3199,1589,1476,1533,31,15,41,13,11,16,131,43
42,r6_d30_t1_w25,422,138,3207,1593,1476,1538,13,14,41,32,13,16,131,43
42,r6_d30_t1_w25,423,128,3212,1608,1476,1544,15,23,41,21,9,16,131,43
42,r6_d30_t1_w25,424,122,3217,1618,1477,1550,30,28,40,2,9,16,131,43
42,r6_d30_t1_w25,425,119,3224,1626,1479,1553,26,32,41,1,9,15,131,43
42,r6_d30_t1_w25,426,115,3232,1634,1483,1553,19,35,46,0,9,15,131,43
42,r6_d30_t1_w25,427,115,3239,1634,1490,1554,19,25,55,1,10,15,131,43
42,r6_d30_t1_w25,428,118,3245,1634,1493,1558,14,19,57,10,13,15,131,43
42,r6_d30_t1_w25,429,116,3253,1638,1499,1559,11,16,63,10,14,13,131,43
42,r6_d30_t1_w25,430,108,3258,1648,1502,1562,12,24,62,2,12,12,131,43
42,r6_d30_t1_w25,431,110,3265,1650,1505,1566,13,22,62,3,14,12,131,43
42,r6_d30_t1_w25,432,115,3274,1651,1508,1566,13,19,66,2,16,12,131,43
42,r6_d30_t1_w25,433,119,3284,1654,1511,1570,15,15,69,1,17,11,131,43
42,r6_d30_t1_w25,434,117,3289,1658,1514,1575,13,14,69,4,17,11,131,43
42,r6_d30_t1_w25,435,115,3298,1660,1523,1577,12,11,72,5,17,10,131,43
42,r6_d30_t1_w25,436,113,3304,1665,1526,1581,12,15,69,4,17,9,131,43
42,r6_d30_t1_w25,437,111,3310,1668,1531,1584,13,12,72,3,18,8,131,43
42,r6_d30_t1_w25,438,113,3318,1671,1534,1591,16,14,66,4,18,9,131,43
42,r6_d30_t1_w25,439,112,3328,1673,1543,1593,15,11,69,5,17,11,131,43
42,r6_d30_t1_w25,440,109,3337,1678,1550,1599,18,13,66,3,16,11,131,43
42,r6_d30_t1_w25,441,116,3347,1680,1551,1603,18,11,66,5,16,11,131,43
42,r6_d30_t1_w25,442,108,3355,1688,1559,1610,17,14,64,5,12,12,131,43
42,r6_d30_t1_w25,443,102,3361,1695,1564,1618,17,17,60,6,9,12,131,43
42,r6_d30_t1_w25,444,104,3368,1696,1568,1624,22,16,56,6,9,13,131,43
42,r6_d30_t1_w25,445,105,3373,1700,1568,1633,30,17,50,3,9,12,121,40
42,r6_d30_t1_w25,446,112,3383,1703,1568,1638,30,18,47,5,9,14,121,40
42,r6_d30_t1_w25,447,115,3390,1706,1569,1642,33,15,49,3,9,14,121,40
42,r6_d30_t1_w25,448,118,3400,1713,1569,1647,32,19,47,2,9,14,121,40
42,r6_d30_t1_w25,449,123,3405,1713,1569,1648,30,18,47,5,9,14,121,40
42,r6_d30_t1_w25,450,124,3412,1719,1569,1651,28,20,48,4,10,13,131,43
42,r6_d30_t1_w25,451,128,3420,1722,1570,1655,19,15,52,14,12,13,131,43
42,r6_d30_t1_w25,452,131,3425,1724,1570,1659,16,14,51,19,12,13,131,43
42,r6_d30_t1_w25,453,120,3431,1740,1571,1663,15,28,49,8,9,13,131,43
42,r6_d30_t1_w25,454,120,3438,1747,1571,1666,15,29,52,4,12,12,131,43
42,r6_d30_t1_w25,455,123,3445,1751,1571,1668,15,28,55,2,13,12,131,43
42,r6_d30_t1_w25,456,127,3455,1755,1573,1673,14,26,56,4,16,12,131,43
42,r6_d30_t1_w25,457,132,3462,1757,1573,1677,12,18,62,8,17,12,131,43
42,r6_d30_t1_w25,458,135,3472,1764,1573,1682,13,18,64,5,17,11,131,43
42,r6_d30_t1_w25,459,138,3480,1769,1573,1684,14,18,67,1,17,11,131,43
42,r6_d30_t1_w25,460,141,3487,1770,1576,1686,15,13,71,1,17,11,131,43
42,r6_d30_t1_w25,461,139,3493,1773,1581,1690,15,13,70,2,17,11,131,43
42,r6_d30_t1_w25,462,140,3498,1774,1584,1693,17,10,71,2,17,10,131,43
42,r6_d30_t1_w25,463,140,3505,1776,1589,1696,17,9,71,3,18,10,131,43
42,r6_d30_t1_w25,464,136,3512,1779,1597,1703,18,12,64,6,18,11,131,43
42,r6_d30_t1_w25,465,132,3517,1782,1603,1705,18,10,67,5,18,11,131,43
42,r6_d30_t1_w25,466,126,3523,1789,1608,1711,19,15,63,3,18,11,131,43
42,r6_d30_t1_w25,467,122,3528,1792,1614,1719,20,14,59,7,18,11,131,43
42,r6_d30_t1_w25,468,119,3533,1796,1618,1724,20,12,60,8,17,11,131,43
42,r6_d30_t1_w25,469,117,3543,1803,1623,1730,21,19,54,6,17,11,131,43
42,r6_d30_t1_w25,470,115,3548,1808,1625,1732,20,21,55,4,17,11,131,43
42,r6_d30_t1_w25,471,108,3553,1814,1631,1736,19,20,58,3,15,10,131,43
42,r6_d30_t1_w25,472,110,3562,1816,1636,1740,20,18,58,4,13,12,131,43
42,r6_d30_t1_w25,473,110,3571,1821,1640,1749,23,20,52,5,10,12,131,43
42,r6_d30_t1_w25,474,109,3577,1826,1642,1753,23,20,53,4,9,13,131,43
42,r6_d30_t1_w25,475,114,3586,1830,1642,1757,25,22,51,2,9,13,131,43
42,r6_d30_t1_w25,476,119,3592,1831,1642,1759,26,15,57,2,9,13,131,43
42,r6_d30_t1_w25,477,123,3600,1835,1642,1765,27,14,56,3,9,14,131,43
42,r6_d30_t1_w25,478,126,3608,1840,1642,1769,25,18,53,4,9,15,131,43
42,r6_d30_t1_w25,479,125,3613,1846,1642,1777,25,21,48,6,9,15,131,43
42,r6_d30_t1_w25,480,128,3623,1853,1642,1778,21,25,50,4,9,14,131,43
42,r6_d30_t1_w25,481,132,3632,1858,1642,1779,16,22,57,5,13,14,131,43
42,r6_d30_t1_w25,482,137,3637,1858,1642,1780,12,16,62,10,13,14,131,43
42,r6_d30_t1_w25,483,134,3645,1865,1646,1782,12,21,62,5,13,14,131,43
42,r6_d30_t1_w25,484,130,3651,1870,1651,1785,13,18,67,2,15,13,131,43
42,r6_d30_t1_w25,485,131,3659,1871,1657,1793,18,13,65,4,17,13,131,43
42,r6_d30_t1_w25,486,130,3664,1874,1660,1797,20,13,64,3,17,12,131,43
42,r6_d30_t1_w25,487,131,3671,1878,1662,1806,25,11,61,3,17,12,131,43
42,r6_d30_t1_w25,488,132,3679,1879,1668,1808,26,11,60,3,17,12,131,43
42,r6_d30_t1_w25,489,130,3684,1881,1673,1809,27,8,64,1,17,11,131,43
42,r6_d30_t1_w25,490,133,3693,1883,1677,1816,29,9,58,4,18,10,126,43
42,r6_d30_t1_w25,491,132,3698,1884,1682,1821,32,8,55,5,18,11,126,43
42,r6_d30_t1_w25,492,131,3704,1888,1685,1821,32,10,57,1,18,11,126,43
42,r6_d30_t1_w25,493,132,3709,1890,1687,1826,34,10,54,2,18,12,126,43
42,r6_d30_t1_w25,494,129,3716,1891,1696,1828,33,8,55,4,18,12,126,43
42,r6_d30_t1_w25,495,127,3723,1897,1699,1836,36,11,50,3,18,12,131,43
42,r6_d30_t1_w25,496,130,3732,1901,1701,1838,36,13,50,1,18,11,131,43
42,r6_d30_t1_w25,497,125,3737,1905,1707,1843,37,15,47,1,17,12,131,43
42,r6_d30_t1_w25,498,121,3743,1908,1714,1850,37,14,44,5,15,13,131,43
42,r6_d30_t1_w25,499,120,3749,1910,1719,1853,37,14,43,6,15,13,131,43
42,r6_d30_t1_w25,500,119,3756,1914,1723,1857,40,15,42,3,13,14,131,43
42,r6_d30_t1_w25,501,118,3763,1918,1727,1860,40,16,42,2,13,15,131,43
42,r6_d30_t1_w25,502,115,3768,1920,1733,1865,41,13,42,4,9,15,131,43
42,r6_d30_t1_w25,503,120,3777,1921,1736,1866,42,10,45,3,9,18,131,43
42,r6_d30_t1_w25,504,121,3785,1926,1738,1870,42,13,43,2,9,18,131,43
42,r6_d30_t1_w25,505,129,3795,1927,1739,1871,42,10,46,2,9,19,131,43
42,r6_d30_t1_w25,506,136,3804,1929,1739,1873,43,9,47,1,9,20,131,43
42,r6_d30_t1_w25,507,140,3810,1931,1739,1878,43,10,43,4,9,21,131,43
42,r6_d30_t1_w25,508,146,3818,1933,1739,1880,44,12,41,3,9,22,131,43
42,r6_d30_t1_w25,509,146,3823,1937,1740,1883,46,9,45,0,9,23,131,43
42,r6_d30_t1_w25,510,146,3829,1940,1743,1887,46,10,43,1,9,22,131,43
42,r6_d30_t1_w25,511,148,3836,1940,1748,1890,47,6,44,3,11,21,131,43
42,r6_d30_t1_w25,512,148,3842,1943,1751,1896,28,7,40,25,12,21,131,43
42,r6_d30_t1_w25,513,144,3847,1945,1758,1899,14,8,38,40,14,21,131,43
42,r6_d30_t1_w25,514,125,3854,1967,1762,1905,21,28,34,17,9,20,131,43
42,r6_d30_t1_w25,515,119,3862,1975,1768,1906,31,33,36,0,9,20,131,43
42,r6_d30_t1_w25,516,116,3870,1982,1772,1906,23,34,42,1,9,19,131,43
42,r6_d30_t1_w25,517,114,3877,1988,1775,1909,20,28,51,1,9,19,131,43
42,r6_d30_t1_w25,518,115,3884,1990,1779,1914,22,19,57,2,9,18,131,43
42,r6_d30_t1_w25,519,114,3889,1990,1785,1914,20,13,63,4,10,16,131,43
42,r6_d30_t1_w25,520,116,3898,1993,1789,1921,19,11,61,9,14,15,101,38
42,r6_d30_t1_w25,521,115,3906,1997,1794,1924,19,12,61,8,15,14,101,38
42,r6_d30_t1_w25,522,115,3916,2005,1796,1925,19,17,63,1,17,14,101,38
42,r6_d30_t1_w25,523,116,3924,2008,1800,1926,18,15,67,0,18,13,101,38
42,r6_d30_t1_w25,524,117,3930,2008,1805,1929,19,9,70,2,18,12,101,38
42,r6_d30_t1_w25,525,116,3936,2009,1811,1931,19,8,70,3,18,10,126,43
42,r6_d30_t1_w25,526,117,3946,2012,1817,1933,19,7,72,2,18,10,126,43
42,r6_d30_t1_w25,527,119,3956,2016,1821,1938,18,10,68,4,17,11,126,43
42,r6_d30_t1_w25,528,120,3966,2017,1829,1942,18,8,67,7,16,12,126,43
42,r6_d30_t1_w25,529,119,3975,2023,1833,1949,19,13,61,7,15,13,126,43
42,r6_d30_t1_w25,530,116,3984,2029,1839,1953,18,17,59,6,15,13,131,43
42,r6_d30_t1_w25,531,111,3991,2032,1848,1962,23,16,54,7,13,15,131,43
42,r6_d30_t1_w25,532,107,3996,2037,1852,1967,23,17,53,7,12,14,131,43
42,r6_d30_t1_w25,533,105,4003,2042,1856,1971,25,18,53,4,11,16,131,43
42,r6_d30_t1_w25,534,103,4009,2046,1860,1974,24,18,54,4,9,17,131,43
42,r6_d30_t1_w25,535,111,4019,2048,1860,1980,27,16,52,5,9,16,131,43
42,r6_d30_t1_w25,536,114,4025,2051,1860,1985,30,15,51,4,9,17,131,43
42,r6_d30_t1_w25,537,112,4032,2059,1861,1994,32,21,44,3,9,18,131,43
42,r6_d30_t1_w25,538,117,4041,2062,1862,1996,32,20,46,2,9,19,131,43
42,r6_d30_t1_w25,539,124,4051,2065,1862,1999,31,15,51,3,9,20,131,43
42,r6_d30_t1_w25,540,130,4061,2069,1862,2002,27,18,49,6,11,20,131,43
42,r6_d30_t1_w25,541,131,4066,2073,1862,2006,21,20,47,12,13,19,131,43
42,r6_d30_t1_w25,542,133,4072,2077,1862,2009,23,22,46,9,14,19,131,43
42,r6_d30_t1_w25,543,129,4078,2087,1862,2010,22,26,51,1,12,19,131,43
42,r6_d30_t1_w25,544,134,4084,2088,1862,2012,22,19,57,2,15,19,131,43
42,r6_d30_t1_w25,545,140,4091,2089,1862,2015,21,17,57,5,16,19,131,43
42,r6_d30_t1_w25,546,144,4097,2091,1862,2021,24,13,57,6,16,19,131,43
42,r6_d30_t1_w25,547,145,4103,2094,1864,2024,22,12,58,8,18,19,131,43
42,r6_d30_t1_w25,548,145,4108,2099,1864,2028,24,14,57,5,18,18,131,43
42,r6_d30_t1_w25,549,144,4114,2106,1864,2032,24,18,56,2,18,18,131,43
42,r6_d30_t1_w25,550,150,4121,2107,1864,2035,24,11,61,4,18,18,126,43
42,r6_d30_t1_w25,551,150,4129,2109,1870,2038,25,9,62,4,18,17,126,43
42,r6_d30_t1_w25,552,142,4134,2113,1879,2043,24,11,59,6,18,17,126,43
42,r6_d30_t1_w25,553,138,4141,2116,1887,2046,23,13,57,7,18,16,126,43
42,r6_d30_t1_w25,554,135,4150,2123,1892,2050,22,17,56,5,17,13,126,43
42,r6_d30_t1_w25,555,132,4156,2126,1898,2053,22,16,57,5,17,12,131,43
42,r6_d30_t1_w25,556,129,4161,2128,1904,2059,28,12,57,3,17,12,131,43
42,r6_d30_t1_w25,557,128,4168,2134,1906,2063,29,14,57,0,17,12,131,43
42,r6_d30_t1_w25,558,128,4174,2135,1911,2066,29,13,56,2,17,12,131,43
42,r6_d30_t1_w25,559,128,4179,2135,1916,2069,31,10,56,3,17,13,131,43
42,r6_d30_t1_w25,560,127,4187,2137,1923,2070,31,7,60,2,16,15,131,43
42,r6_d30_t1_w25,561,129,4196,2139,1928,2074,33,8,57,2,15,15,131,43
42,r6_d30_t1_w25,562,128,4201,2141,1932,2080,37,7,54,2,14,16,131,43
42,r6_d30_t1_w25,563,125,4209,2145,1939,2087,37,7,51,5,10,16,131,43
42,r6_d30_t1_w25,564,122,4216,2148,1946,2094,38,10,44,8,9,16,131,43
42,r6_d30_t1_w25,565,130,4226,2150,1946,2101,46,12,37,5,9,17,131,43
42,r6_d30_t1_w25,566,132,4234,2155,1947,2106,50,17,32,1,9,19,131,43
42,r6_d30_t1_w25,567,136,4239,2156,1947,2108,51,14,34,1,9,19,131,43
42,r6_d30_t1_w25,568,141,4247,2159,1947,2110,50,17,32,1,9,19,131,43
42,r6_d30_t1_w25,569,149,4257,2161,1947,2114,50,15,32,3,9,19,131,43
42,r6_d30_t1_w25,570,147,4264,2167,1950,2116,46,19,32,3,9,19,121,43
42,r6_d30_t1_w25,571,145,4270,2173,1952,2118,45,25,30,0,9,19,121,43
42,r6_d30_t1_w25,572,144,4275,2174,1957,2119,43,22,33,2,9,19,121,43
42,r6_d30_t1_w25,573,143,4281,2177,1961,2123,40,19,35,6,13,19,121,43
42,r6_d30_t1_w25,574,143,4291,2184,1964,2126,23,20,38,19,14,18,121,43
42,r6_d30_t1_w25,575,137,4296,2188,1971,2127,24,20,41,15,13,16,131,43
42,r6_d30_t1_w25,576,120,4304,2206,1978,2130,24,33,43,0,9,15,131,43
42,r6_d30_t1_w25,577,123,4313,2207,1983,2135,27,24,48,1,13,15,131,43
42,r6_d30_t1_w25,578,125,4322,2207,1990,2136,27,22,49,2,15,13,131,43
42,r6_d30_t1_w25,579,124,4328,2208,1996,2137,27,18,53,2,16,13,131,43
42,r6_d30_t1_w25,580,123,4334,2211,2000,2140,26,16,55,3,17,13,131,43
42,r6_d30_t1_w25,581,124,4341,2212,2005,2146,30,11,55,4,18,12,131,43
42,r6_d30_t1_w25,582,125,4349,2216,2008,2146,28,13,57,2,18,12,131,43
42,r6_d30_t1_w25,583,125,4355,2219,2011,2148,28,14,57,1,17,10,131,43
42,r6_d30_t1_w25,584,129,4365,2220,2016,2153,31,13,54,2,18,11,131,43
42,r6_d30_t1_w25,585,127,4374,2223,2024,2156,31,15,52,2,18,13,131,43
42,r6_d30_t1_w25,586,127,4383,2225,2031,2158,32,13,54,1,18,13,131,43
42,r6_d30_t1_w25,587,125,4388,2228,2035,2163,30,12,53,5,18,14,131,43
42,r6_d30_t1_w25,588,127,4398,2230,2041,2167,32,10,53,5,18,16,131,43
42,r6_d30_t1_w25,589,123,4405,2238,2044,2171,30,17,50,3,18,17,131,43
42,r6_d30_t1_w25,590,121,4414,2241,2052,2177,31,18,46,5,16,17,131,43
42,r6_d30_t1_w25,591,124,4423,2244,2055,2180,31,18,46,5,15,17,131,43
42,r6_d30_t1_w25,592,127,4433,2247,2059,2186,35,16,45,4,13,18,131,43
42,r6_d30_t1_w25,593,126,4443,2252,2065,2189,34,17,46,3,11,18,131,43
42,r6_d30_t1_w25,594,126,4452,2253,2073,2193,36,15,45,4,9,19,131,43
42,r6_d30_t1_w25,595,131,4460,2256,2073,2197,38,12,47,3,9,19,131,43
42,r6_d30_t1_w25,596,135,4466,2257,2074,2201,43,11,45,1,9,19,131,43
42,r6_d30_t1_w25,597,139,4473,2260,2074,2203,43,11,46,0,9,20,131,43
42,r6_d30_t1_w25,598,145,4480,2261,2074,2207,45,9,45,1,9,21,131,43
42,r6_d30_t1_w25,599,145,4485,2264,2076,2208,43,9,47,1,9,22,131,43
42,r6_d30_t1_w25,600,150,4491,2265,2076,2209,43,9,47,1,10,22,121,40
42,r6_d30_t2_w20,1,4,7,3,0,0,97,3,0,0,0,2,131,43
42,r6_d30_t2_w20,2,9,12,3,0,0,97,3,0,0,0,2,131,43
42,r6_d30_t2_w20,3,14,21,7,0,0,93,7,0,0,0,2,131,43
42,r6_d30_t2_w20,4,18,26,8,0,0,89,8,0,3,2,4,131,43
42,r6_d30_t2_w20,5,24,33,9,0,0,66,8,1,25,4,4,131,43
42,r6_d30_t2_w20,6,30,42,12,0,0,66,11,1,22,3,6,131,43
42,r6_d30_t2_w20,7,14,48,34,0,0,66,27,7,0,0,2,131,43
42,r6_d30_t2_w20,8,22,57,35,0,0,64,23,12,1,1,3,131,43
42,r6_d30_t2_w20,9,32,67,35,0,0,62,17,18,3,4,4,131,43
42,r6_d30_t2_w20,10,34,72,38,0,0,59,14,24,3,5,4,131,43
42,r6_d30_t2_w20,11,40,81,41,0,0,58,12,29,1,7,5,131,43
42,r6_d30_t2_w20,12,46,90,44,0,0,56,11,33,0,8,6,131,43
42,r6_d30_t2_w20,13,53,98,45,0,1,55,9,35,1,8,7,131,43
42,r6_d30_t2_w20,14,62,107,45,0,1,55,7,37,1,8,9,131,43
42,r6_d30_t2_w20,15,67,114,47,0,1,54,8,38,0,9,9,131,43
42,r6_d30_t2_w20,16,73,120,47,0,2,55,5,40,0,9,10,131,43
42,r6_d30_t2_w20,17,82,130,48,0,4,55,6,38,1,9,12,131,43
42,r6_d30_t2_w20,18,90,139,49,0,7,57,4,38,1,9,13,131,43
42,r6_d30_t2_w20,19,93,144,51,0,9,57,5,37,1,9,15,131,43
42,r6_d30_t2_w20,20,101,154,53,0,11,57,7,35,1,9,18,121,40
42,r6_d30_t2_w20,21,104,161,57,0,13,56,11,33,0,9,18,121,40
42,r6_d30_t2_w20,22,110,168,58,0,17,59,12,29,0,9,19,121,40
42,r6_d30_t2_w20,23,117,175,58,0,20,62,9,29,0,9,20,121,40
42,r6_d30_t2_w20,24,123,182,59,0,22,63,7,30,0,9,21,121,40
42,r6_d30_t2_w20,25,131,191,59,1,25,66,6,28,0,9,22,126,43
42,r6_d30_t2_w20,26,136,198,61,1,27,65,5,29,1,9,23,126,43
42,r6_d30_t2_w20,27,139,208,65,4,31,63,8,26,3,9,24,126,43
42,r6_d30_t2_w20,28,137,213,68,8,34,64,11,23,2,9,23,126,43
42,r6_d30_t2_w20,29,133,218,70,15,35,64,11,24,1,9,21,126,43
42,r6_d30_t2_w20,30,131,226,76,19,37,60,15,24,1,9,21,131,43
42,r6_d30_t2_w20,31,130,236,80,26,38,57,18,24,1,9,20,131,43
42,r6_d30_t2_w20,32,130,246,82,34,40,53,15,27,5,11,20,131,43
42,r6_d30_t2_w20,33,131,255,83,41,43,31,14,26,29,13,18,131,43
42,r6_d30_t2_w20,34,124,260,89,47,44,29,17,28,26,13,16,131,43
42,r6_d30_t2_w20,35,100,268,117,51,47,27,41,29,3,9,16,131,43
42,r6_d30_t2_w20,36,103,276,119,54,51,30,36,32,2,10,15,131,43
42,r6_d30_t2_w20,37,101,284,122,61,53,29,29,40,2,14,13,131,43
42,r6_d30_t2_w20,38,98,289,122,69,54,29,22,46,3,14,12,131,43
42,r6_d30_t2_w20,39,103,299,124,72,55,29,16,53,2,15,10,131,43
42,r6_d30_t2_w20,40,101,306,125,80,57,30,13,55,2,15,9,131,43
42,r6_d30_t2_w20,41,101,311,127,83,59,30,9,59,2,15,9,131,43
42,r6_d30_t2_w20,42,104,321,129,88,59,29,4,66,1,16,8,131,43
42,r6_d30_t2_w20,43,105,331,132,94,60,27,6,66,1,16,9,131,43
42,r6_d30_t2_w20,44,106,338,132,100,62,28,6,64,2,14,9,131,43
42,r6_d30_t2_w20,45,102,344,133,109,64,29,4,65,2,12,10,131,43
42,r6_d30_t2_w20,46,102,351,135,114,66,29,5,64,2,10,12,131,43
42,r6_d30_t2_w20,47,102,359,137,120,71,31,6,60,3,9,13,131,43
42,r6_d30_t2_w20,48,102,365,138,125,76,33,6,56,5,10,14,131,43
42,r6_d30_t2_w20,49,102,375,143,130,86,36,9,48,7,9,15,131,43
42,r6_d30_t2_w20,50,108,385,147,130,92,39,13,42,6,9,16,126,43
42,r6_d30_t2_w20,51,112,391,149,130,94,41,15,40,4,9,15,126,43
42,r6_d30_t2_w20,52,118,401,153,130,99,43,15,39,3,9,16,126,43
42,r6_d30_t2_w20,53,123,409,156,130,107,47,17,32,4,9,17,126,43
42,r6_d30_t2_w20,54,126,414,158,130,108,47,15,35,3,9,18,126,43
42,r6_d30_t2_w20,55,131,424,161,132,114,52,17,30,1,9,18,131,43
42,r6_d30_t2_w20,56,138,433,163,132,119,52,15,29,4,9,19,131,43
42,r6_d30_t2_w20,57,138,439,165,136,121,53,15,29,3,9,18,131,43
42,r6_d30_t2_w20,58,139,449,171,139,125,52,16,30,2,9,21,131,43
42,r6_d30_t2_w20,59,141,459,171,147,125,51,14,32,3,9,20,131,43
42,r6_d30_t2_w20,60,139,467,176,152,129,50,14,33,3,9,20,131,43
42,r6_d30_t2_w20,61,144,476,177,155,131,50,12,34,4,11,20,131,43
42,r6_d30_t2_w20,62,144,484,179,161,133,28,10,36,26,14,17,131,43
42,r6_d30_t2_w20,63,141,491,183,167,135,23,11,37,29,13,17,131,43
42,r6_d30_t2_w20,64,121,501,207,173,136,23,32,39,6,9,17,131,43
42,r6_d30_t2_w20,65,117,508,212,179,136,23,32,44,1,9,17,131,43
42,r6_d30_t2_w20,66,118,516,213,185,136,22,27,50,1,10,16,131,43
42,r6_d30_t2_w20,67,115,521,214,192,138,20,20,56,4,11,15,131,43
42,r6_d30_t2_w20,68,113,526,215,198,138,20,16,61,3,13,14,131,43
42,r6_d30_t2_w20,69,108,534,220,206,142,20,16,62,2,13,13,131,43
42,r6_d30_t2_w20,70,108,539,220,211,145,20,13,62,5,15,13,131,43
42,r6_d30_t2_w20,71,108,549,225,216,150,21,12,63,4,15,11,131,43
42,r6_d30_t2_w20,72,107,559,229,223,157,23,13,59,5,13,9,131,43
42,r6_d30_t2_w20,73,105,566,232,229,162,24,16,54,6,13,8,131,43
42,r6_d30_t2_w20,74,103,575,239,233,165,23,22,52,3,13,8,131,43
42,r6_d30_t2_w20,75,95,580,243,242,169,24,20,54,2,13,8,131,43
42,r6_d30_t2_w20,76,95,589,245,249,174,24,19,52,5,13,9,131,43
42,r6_d30_t2_w20,77,95,596,248,253,180,25,18,50,7,11,10,131,43
42,r6_d30_t2_w20,78,90,602,254,258,183,26,23,48,3,9,10,131,43
42,r6_d30_t2_w20,79,88,610,258,264,185,27,24,49,0,9,11,131,43
42,r6_d30_t2_w20,80,94,617,258,265,187,27,13,58,2,9,12,131,43
42,r6_d30_t2_w20,81,102,625,258,265,189,27,9,60,4,9,13,131,43
42,r6_d30_t2_w20,82,104,635,265,266,195,27,14,56,3,9,15,131,43
42,r6_d30_t2_w20,83,107,640,267,266,197,28,11,59,2,9,15,131,43
42,r6_d30_t2_w20,84,108,646,270,268,201,27,12,57,4,9,15,131,43
42,r6_d30_t2_w20,85,112,654,274,268,209,29,15,50,6,9,14,131,43
42,r6_d30_t2_w20,86,113,663,281,269,215,28,19,47,6,9,14,131,43
42,r6_d30_t2_w20,87,118,673,286,269,222,31,22,42,5,9,15,131,43
42,r6_d30_t2_w20,88,119,678,290,269,224,32,23,43,2,9,15,131,43
42,r6_d30_t2_w20,89,120,684,294,270,225,30,21,48,1,9,15,131,43
42,r6_d30_t2_w20,90,128,694,296,270,227,28,20,49,3,10,15,131,43
42,r6_d30_t2_w20,91,133,704,298,273,232,16,12,54,18,10,14,131,43
42,r6_d30_t2_w20,92,133,714,300,281,236,17,11,53,19,12,13,131,43
42,r6_d30_t2_w20,93,115,719,316,288,238,16,21,57,6,10,12,131,43
42,r6_d30_t2_w20,94,116,728,321,291,240,15,22,59,4,11,12,131,43
42,r6_d30_t2_w20,95,118,738,324,296,242,14,20,62,4,12,11,131,43
42,r6_d30_t2_w20,96,114,743,326,303,243,13,18,65,4,12,11,131,43
42,r6_d30_t2_w20,97,113,752,330,309,246,13,19,65,3,15,11,131,43
42,r6_d30_t2_w20,98,113,760,334,313,253,13,16,65,6,15,11,131,43
42,r6_d30_t2_w20,99,112,770,338,320,257,13,14,67,6,16,10,131,43
42,r6_d30_t2_w20,100,110,778,345,323,263,14,17,65,4,17,8,121,40
42,r6_d30_t2_w20,101,111,787,349,327,267,14,21,61,4,16,8,121,40
42,r6_d30_t2_w20,102,104,794,353,337,273,13,19,61,7,16,7,121,40
42,r6_d30_t2_w20,103,105,802,358,339,277,13,18,63,6,16,9,121,40
42,r6_d30_t2_w20,104,103,807,364,340,284,17,22,58,3,14,10,121,40
42,r6_d30_t2_w20,105,101,813,367,345,286,17,22,59,2,13,11,131,43
42,r6_d30_t2_w20,106,96,819,370,353,290,15,18,62,5,9,11,131,43
42,r6_d30_t2_w20,107,98,828,371,359,295,19,13,63,5,9,11,131,43
42,r6_d30_t2_w20,108,97,833,377,359,298,19,16,63,2,9,11,131,43
42,r6_d30_t2_w20,109,99,839,378,362,305,24,9,64,3,9,13,131,43
42,r6_d30_t2_w20,110,100,844,382,362,309,26,10,63,1,9,12,131,43
42,r6_d30_t2_w20,111,103,852,385,364,314,29,7,64,0,9,12,131,43
42,r6_d30_t2_w20,112,103,857,388,366,321,32,9,58,1,9,13,131,43
42,r6_d30_t2_w20,113,108,863,389,366,323,33,9,57,1,9,14,131,43
42,r6_d30_t2_w20,114,111,868,391,366,327,34,10,54,2,9,15,131,43
42,r6_d30_t2_w20,115,115,875,393,367,330,35,9,54,2,9,15,131,43
42,r6_d30_t2_w20,116,118,882,396,368,336,39,11,49,1,9,15,131,43
42,r6_d30_t2_w20,117,114,889,398,377,338,39,10,50,1,9,14,131,43
42,r6_d30_t2_w20,118,115,898,401,382,343,42,12,46,0,9,15,131,43
42,r6_d30_t2_w20,119,114,907,404,389,349,43,13,42,2,9,15,131,43
42,r6_d30_t2_w20,120,111,916,409,396,353,41,15,41,3,9,14,131,43
42,r6_d30_t2_w20,121,110,922,412,400,356,42,17,39,2,10,14,131,43
42,r6_d30_t2_w20,122,108,928,415,405,360,31,16,39,14,11,14,131,43
42,r6_d30_t2_w20,123,108,934,417,409,364,26,15,38,21,13,14,131,43
42,r6_d30_t2_w20,124,101,942,430,411,368,29,25,37,9,12,14,131,43
42,r6_d30_t2_w20,125,98,952,440,414,373,31,29,38,2,10,13,121,40
42,r6_d30_t2_w20,126,98,958,443,417,375,30,24,44,2,11,12,121,40
42,r6_d30_t2_w20,127,96,965,444,425,376,30,21,47,2,14,10,121,40
42,r6_d30_t2_w20,128,95,971,447,429,378,30,20,49,1,15,10,121,40
42,r6_d30_t2_w20,129,97,980,448,435,379,30,15,54,1,15,10,121,40
42,r6_d30_t2_w20,130,101,988,448,439,381,31,9,58,2,15,9,131,43
42,r6_d30_t2_w20,131,104,997,451,442,383,30,11,57,2,14,9,131,43
42,r6_d30_t2_w20,132,109,1006,453,444,389,33,11,53,3,16,9,131,43
42,r6_d30_t2_w20,133,110,1012,454,448,389,33,9,56,2,15,9,131,43
42,r6_d30_t2_w20,134,114,1022,456,452,390,34,11,55,0,15,11,131,43
42,r6_d30_t2_w20,135,112,1028,458,458,396,36,11,51,2,12,11,131,43
42,r6_d30_t2_w20,136,112,1034,459,463,400,37,8,51,4,10,11,131,43
42,r6_d30_t2_w20,137,111,1040,461,468,403,38,7,51,4,10,11,131,43
42,r6_d30_t2_w20,138,105,1045,465,475,409,39,9,47,5,9,13,131,43
42,r6_d30_t2_w20,139,105,1054,467,482,415,41,8,44,7,9,12,131,43
42,r6_d30_t2_w20,140,110,1064,472,482,418,41,11,43,5,9,13,131,43
42,r6_d30_t2_w20,141,111,1073,480,482,420,39,15,45,1,9,13,131,43
42,r6_d30_t2_w20,142,119,1082,481,482,423,42,15,43,0,9,13,131,43
42,r6_d30_t2_w20,143,122,1087,483,482,428,42,17,38,3,9,13,131,43
42,r6_d30_t2_w20,144,126,1092,484,482,431,43,13,40,4,9,13,131,43
42,r6_d30_t2_w20,145,125,1097,488,484,435,45,14,39,2,9,14,131,43
42,r6_d30_t2_w20,146,131,1107,491,485,438,43,15,38,4,9,15,131,43
42,r6_d30_t2_w20,147,130,1114,494,490,444,45,13,37,5,9,15,131,43
42,r6_d30_t2_w20,148,125,1119,501,493,447,44,19,35,2,9,16,131,43
42,r6_d30_t2_w20,149,126,1128,503,499,448,45,14,41,0,9,16,131,43
42,r6_d30_t2_w20,150,125,1138,508,505,454,46,17,37,0,9,16,131,43
42,r6_d30_t2_w20,151,124,1145,510,511,455,43,17,38,2,10,15,131,43
42,r6_d30_t2_w20,152,126,1155,511,518,457,21,16,38,25,12,14,131,43
42,r6_d30_t2_w20,153,122,1160,515,523,458,8,18,39,35,12,13,131,43
42,r6_d30_t2_w20,154,97,1167,538,532,459,8,38,41,13,9,12,131,43
42,r6_d30_t2_w20,155,91,1176,548,537,464,14,39,45,2,9,11,126,43
42,r6_d30_t2_w20,156,90,1186,556,540,466,9,43,47,1,9,11,126,43
42,r6_d30_t2_w20,157,94,1195,557,544,467,8,32,58,2,10,10,126,43
42,r6_d30_t2_w20,158,97,1204,559,548,471,8,25,63,4,11,10,126,43
42,r6_d30_t2_w20,159,93,1214,564,557,477,9,19,68,4,12,8,126,43
42,r6_d30_t2_w20,160,88,1219,567,564,479,8,15,73,4,12,8,131,43
42,r6_d30_t2_w20,161,92,1228,569,567,480,9,15,74,2,15,8,131,43
42,r6_d30_t2_w20,162,95,1238,571,572,485,11,10,76,3,16,9,131,43
42,r6_d30_t2_w20,163,100,1248,572,576,486,10,11,75,4,16,11,131,43
42,r6_d30_t2_w20,164,96,1253,577,580,490,10,14,73,3,16,11,131,43
42,r6_d30_t2_w20,165,96,1259,578,585,493,11,9,76,4,13,13,131,43
42,r6_d30_t2_w20,166,96,1269,582,591,499,10,10,73,7,11,13,131,43
42,r6_d30_t2_w20,167,92,1277,588,597,507,11,15,66,8,9,14,131,43
42,r6_d30_t2_w20,168,92,1283,593,598,508,11,19,66,4,8,14,131,43
42,r6_d30_t2_w20,169,91,1291,597,603,510,12,17,70,1,8,14,131,43
42,r6_d30_t2_w20,170,94,1297,599,604,515,14,12,72,2,8,14,131,43
42,r6_d30_t2_w20,171,103,1307,600,604,520,17,9,71,3,8,15,131,43
42,r6_d30_t2_w20,172,103,1316,607,606,525,17,15,67,1,9,14,131,43
42,r6_d30_t2_w20,173,104,1321,611,606,534,22,13,64,1,9,16,131,43
42,r6_d30_t2_w20,174,108,1327,613,606,538,22,13,62,3,9,17,131,43
42,r6_d30_t2_w20,175,115,1337,616,606,545,25,15,56,4,9,17,131,43
42,r6_d30_t2_w20,176,119,1345,620,606,552,26,15,53,6,9,18,131,43
42,r6_d30_t2_w20,177,121,1351,624,606,561,28,16,47,9,9,17,131,43
42,r6_d30_t2_w20,178,123,1358,629,606,566,32,20,43,5,9,17,131,43
42,r6_d30_t2_w20,179,122,1363,635,606,569,30,23,43,4,9,16,131,43
42,r6_d30_t2_w20,180,128,1370,636,606,570,29,20,46,5,10,16,121,40
42,r6_d30_t2_w20,181,131,1378,641,606,572,19,22,47,12,10,15,121,40
42,r6_d30_t2_w20,182,129,1387,645,613,576,18,21,48,13,12,14,121,40
42,r6_d30_t2_w20,183,115,1392,657,620,577,17,28,52,3,11,14,121,40
42,r6_d30_t2_w20,184,120,1401,659,622,582,18,23,54,5,11,13,121,40
42,r6_d30_t2_w20,185,119,1408,661,628,585,16,17,59,8,12,13,131,43
42,r6_d30_t2_w20,186,120,1418,665,633,589,17,15,61,7,17,12,131,43
42,r6_d30_t2_w20,187,122,1428,670,636,593,19,16,61,4,17,12,131,43
42,r6_d30_t2_w20,188,122,1433,673,638,596,21,15,62,2,16,11,131,43
42,r6_d30_t2_w20,189,119,1438,674,645,599,21,8,67,4,17,10,131,43
42,r6_d30_t2_w20,190,119,1445,675,651,604,22,4,67,7,18,10,131,43
42,r6_d30_t2_w20,191,115,1450,678,657,607,23,6,65,6,18,11,131,43
42,r6_d30_t2_w20,192,110,1456,683,663,612,24,10,61,5,17,12,131,43
42,r6_d30_t2_w20,193,112,1463,687,664,618,26,12,57,5,16,12,131,43
42,r6_d30_t2_w20,194,109,1469,691,669,620,27,16,55,2,13,13,131,43
42,r6_d30_t2_w20,195,105,1476,694,677,626,29,15,53,3,13,13,131,43
42,r6_d30_t2_w20,196,103,1482,696,683,630,29,13,53,5,12,14,131,43
42,r6_d30_t2_w20,197,104,1492,700,688,632,29,14,54,3,10,14,131,43
42,r6_d30_t2_w20,198,106,1502,702,694,633,29,12,57,2,9,14,131,43
42,r6_d30_t2_w20,199,112,1512,703,697,635,29,11,57,3,9,15,131,43
42,r6_d30_t2_w20,200,115,1517,705,697,642,34,11,52,3,9,15,131,43
42,r6_d30_t2_w20,201,119,1525,709,697,648,37,13,48,2,9,16,131,43
42,r6_d30_t2_w20,202,126,1535,712,697,654,39,13,45,3,9,16,131,43
42,r6_d30_t2_w20,203,132,1544,714,698,657,41,13,44,2,9,16,131,43
42,r6_d30_t2_w20,204,132,1551,719,700,665,44,14,40,2,9,16,131,43
42,r6_d30_t2_w20,205,136,1558,720,702,666,44,14,40,2,9,16,131,43
42,r6_d30_t2_w20,206,131,1563,723,709,670,46,17,36,1,9,17,131,43
42,r6_d30_t2_w20,207,127,1569,724,718,673,47,13,38,2,9,18,131,43
42,r6_d30_t2_w20,208,128,1575,726,721,678,47,11,37,5,9,19,131,43
42,r6_d30_t2_w20,209,129,1584,730,725,680,46,13,37,4,9,19,131,43
42,r6_d30_t2_w20,210,125,1593,739,729,681,42,19,39,0,9,17,131,43
42,r6_d30_t2_w20,211,132,1602,739,731,684,43,15,40,2,9,17,131,43
42,r6_d30_t2_w20,212,133,1611,741,737,689,41,15,37,7,12,17,131,43
42,r6_d30_t2_w20,213,133,1621,746,742,693,29,17,36,18,14,14,131,43
42,r6_d30_t2_w20,214,132,1631,753,746,694,28,23,36,13,14,14,131,43
42,r6_d30_t2_w20,215,121,1637,766,750,695,28,28,43,1,12,14,131,43
42,r6_d30_t2_w20,216,121,1643,766,756,699,29,20,47,4,13,14,131,43
42,r6_d30_t2_w20,217,115,1649,771,763,702,27,20,49,4,13,14,131,43
42,r6_d30_t2_w20,218,111,1659,778,770,704,24,27,47,2,16,13,131,43
42,r6_d30_t2_w20,219,109,1666,780,777,706,25,22,52,1,17,11,131,43
42,r6_d30_t2_w20,220,109,1671,782,780,706,24,18,58,0,17,9,131,43
42,r6_d30_t2_w20,221,109,1679,785,785,711,26,17,57,0,17,10,131,43
42,r6_d30_t2_w20,222,105,1686,788,793,714,25,16,58,1,15,12,131,43
42,r6_d30_t2_w20,223,104,1694,788,802,715,25,14,59,2,15,13,131,43
42,r6_d30_t2_w20,224,103,1702,792,807,720,25,14,58,3,13,15,131,43
42,r6_d30_t2_w20,225,99,1709,796,814,725,25,15,56,4,12,15,131,43
42,r6_d30_t2_w20,226,99,1715,798,818,729,27,15,54,4,13,16,131,43
42,r6_d30_t2_w20,227,100,1725,802,823,733,29,14,55,2,10,15,131,43
42,r6_d30_t2_w20,228,101,1733,804,828,736,29,14,54,3,9,15,131,43
42,r6_d30_t2_w20,229,100,1738,804,834,740,33,7,57,3,9,15,131,43
42,r6_d30_t2_w20,230,105,1748,809,834,746,37,10,53,0,9,17,131,43
42,r6_d30_t2_w20,231,111,1756,811,834,751,40,10,50,0,9,17,131,43
42,r6_d30_t2_w20,232,120,1765,811,834,756,44,9,46,1,9,18,131,43
42,r6_d30_t2_w20,233,129,1775,811,835,759,45,7,45,3,9,21,131,43
42,r6_d30_t2_w20,234,127,1781,813,841,762,47,9,42,2,9,21,131,43
42,r6_d30_t2_w20,235,127,1786,816,843,766,49,12,38,1,9,21,111,40
42,r6_d30_t2_w20,236,129,1794,816,849,770,52,8,38,2,9,23,111,40
42,r6_d30_t2_w20,237,133,1801,817,851,773,54,7,37,2,9,22,111,40
42,r6_d30_t2_w20,238,132,1808,821,855,782,58,8,31,3,9,21,111,40
42,r6_d30_t2_w20,239,136,1818,823,859,786,59,8,29,4,9,22,111,40
42,r6_d30_t2_w20,240,137,1824,826,861,790,62,11,25,2,9,21,131,43
42,r6_d30_t2_w20,241,135,1829,828,866,791,62,12,25,1,9,21,131,43
42,r6_d30_t2_w20,242,134,1838,831,873,791,57,13,27,3,11,17,131,43
42,r6_d30_t2_w20,243,131,1843,833,879,792,34,10,31,25,13,17,131,43
42,r6_d30_t2_w20,244,127,1848,837,884,796,24,13,28,35,13,16,131,43
42,r6_d30_t2_w20,245,106,1857,862,889,798,23,35,29,13,10,16,131,43
42,r6_d30_t2_w20,246,96,1863,873,894,801,26,39,33,2,9,16,131,43
42,r6_d30_t2_w20,247,91,1869,876,902,802,25,34,40,1,9,15,131,43
42,r6_d30_t2_w20,248,88,1874,877,909,802,24,29,46,1,9,12,131,43
42,r6_d30_t2_w20,249,91,1881,877,913,803,24,23,51,2,10,11,131,43
42,r6_d30_t2_w20,250,90,1888,878,920,806,25,16,56,3,11,11,131,43
42,r6_d30_t2_w20,251,87,1893,879,927,809,26,12,58,4,12,10,131,43
42,r6_d30_t2_w20,252,80,1898,882,936,811,23,10,61,6,15,8,131,43
42,r6_d30_t2_w20,253,79,1908,884,945,813,22,9,62,7,17,7,131,43
42,r6_d30_t2_w20,254,78,1916,888,950,815,22,12,61,5,14,7,131,43
42,r6_d30_t2_w20,255,82,1926,892,952,817,23,12,63,2,13,7,122,43
42,r6_d30_t2_w20,256,75,1931,897,959,827,25,12,58,5,11,7,122,43
42,r6_d30_t2_w20,257,78,1941,897,966,829,24,9,59,8,10,9,122,43
42,r6_d30_t2_w20,258,75,1947,903,969,832,24,13,58,5,10,10,122,43
42,r6_d30_t2_w20,259,73,1955,906,976,834,25,12,60,3,9,11,122,43
42,r6_d30_t2_w20,260,75,1961,910,976,844,31,14,52,3,9,11,131,43
42,r6_d30_t2_w20,261,78,1966,912,976,850,31,10,52,7,9,11,131,43
42,r6_d30_t2_w20,262,82,1972,914,976,853,32,10,51,7,9,12,131,43
42,r6_d30_t2_w20,263,82,1977,919,976,857,34,13,49,4,8,12,131,43
42,r6_d30_t2_w20,264,84,1984,923,977,858,33,16,49,2,8,13,131,43
42,r6_d30_t2_w20,265,87,1990,926,977,858,30,15,53,2,8,13,131,43
42,r6_d30_t2_w20,266,97,2000,926,977,864,34,12,50,4,9,15,131,43
42,r6_d30_t2_w20,267,100,2005,928,977,871,39,10,47,4,9,15,131,43
42,r6_d30_t2_w20,268,106,2015,931,978,874,40,10,47,3,9,16,131,43
42,r6_d30_t2_w20,269,107,2022,936,979,876,39,15,45,1,9,17,131,43
42,r6_d30_t2_w20,270,109,2032,943,980,885,39,17,41,3,10,17,131,43
42,r6_d30_t2_w20,271,117,2040,943,980,887,24,15,41,20,11,17,131,43
42,r6_d30_t2_w20,272,118,2045,947,980,893,26,18,36,20,11,17,131,43
42,r6_d30_t2_w20,273,106,2050,964,980,896,29,30,38,3,9,17,131,43
42,r6_d30_t2_w20,274,106,2059,970,983,896,26,30,44,0,9,14,131,43
42,r6_d30_t2_w20,275,103,2065,970,992,900,28,22,48,2,10,14,131,43
42,r6_d30_t2_w20,276,107,2075,971,997,902,28,18,51,3,12,14,131,43
42,r6_d30_t2_w20,277,105,2084,974,1005,905,28,20,49,3,13,11,131,43
42,r6_d30_t2_w20,278,103,2089,975,1011,907,28,13,55,4,14,10,131,43
42,r6_d30_t2_w20,279,100,2096,978,1018,910,29,12,56,3,13,10,131,43
42,r6_d30_t2_w20,280,100,2102,981,1021,913,28,12,56,4,14,9,131,43
42,r6_d30_t2_w20,281,102,2109,983,1024,919,32,10,54,4,15,8,131,43
42,r6_d30_t2_w20,282,98,2114,988,1028,924,33,11,53,3,14,8,131,43
42,r6_d30_t2_w20,283,103,2124,990,1031,928,35,7,55,3,14,9,131,43
42,r6_d30_t2_w20,284,102,2130,993,1035,930,35,9,54,2,14,10,131,43
42,r6_d30_t2_w20,285,104,2139,996,1039,932,33,10,54,3,14,12,121,40
42,r6_d30_t2_w20,286,101,2146,998,1047,933,32,10,55,3,13,12,121,40
42,r6_d30_t2_w20,287,105,2155,1002,1048,935,30,11,56,3,11,13,121,40
42,r6_d30_t2_w20,288,100,2161,1004,1057,936,30,10,58,2,9,13,121,40
42,r6_d30_t2_w20,289,100,2169,1007,1062,940,30,11,56,3,9,14,121,40
42,r6_d30_t2_w20,290,108,2179,1009,1062,947,35,10,52,3,9,15,126,43
42,r6_d30_t2_w20,291,108,2185,1013,1064,949,36,11,53,0,9,15,126,43
42,r6_d30_t2_w20,292,115,2194,1015,1064,955,40,12,48,0,9,15,126,43
42,r6_d30_t2_w20,293,120,2204,1020,1064,961,41,15,44,0,9,17,126,43
42,r6_d30_t2_w20,294,126,2211,1020,1065,967,45,15,38,2,9,17,126,43
42,r6_d30_t2_w20,295,133,2219,1021,1065,970,45,14,37,4,9,18,131,43
42,r6_d30_t2_w20,296,132,2227,1024,1071,974,48,13,37,2,9,20,131,43
42,r6_d30_t2_w20,297,130,2234,1028,1076,978,48,15,35,2,9,18,131,43
42,r6_d30_t2_w20,298,132,2242,1030,1080,983,48,16,31,5,9,18,131,43
42,r6_d30_t2_w20,299,129,2248,1033,1086,989,53,15,29,3,9,19,131,43
42,r6_d30_t2_w20,300,128,2256,1042,1086,991,49,20,31,0,9,19,131,43
42,r6_d30_t2_w20,301,128,2266,1046,1092,994,47,20,32,1,9,18,131,43
42,r6_d30_t2_w20,302,133,2276,1048,1095,994,42,18,36,4,12,18,131,43
42,r6_d30_t2_w20,303,130,2284,1051,1103,995,29,21,35,15,14,17,131,43
42,r6_d30_t2_w20,304,130,2294,1056,1108,1000,29,25,31,15,13,16,131,43
42,r6_d30_t2_w20,305,119,2303,1069,1115,1001,28,31,37,4,14,15,131,43
42,r6_d30_t2_w20,306,119,2311,1073,1119,1005,29,23,45,3,14,14,131,43
42,r6_d30_t2_w20,307,118,2318,1074,1126,1006,29,18,50,3,16,12,131,43
42,r6_d30_t2_w20,308,121,2326,1076,1129,1007,30,16,53,1,17,12,131,43
42,r6_d30_t2_w20,309,120,2333,1078,1135,1011,32,17,50,1,17,11,131,43
42,r6_d30_t2_w20,310,118,2339,1079,1142,1012,32,12,55,1,17,10,131,43
42,r6_d30_t2_w20,311,116,2345,1081,1148,1017,33,10,54,3,17,11,131,43
42,r6_d30_t2_w20,312,117,2355,1083,1155,1020,34,10,53,3,17,11,131,43
42,r6_d30_t2_w20,313,111,2360,1086,1163,1022,34,11,53,2,17,11,131,43
42,r6_d30_t2_w20,314,111,2366,1086,1169,1024,35,6,56,3,13,11,131,43
42,r6_d30_t2_w20,315,110,2376,1090,1176,1028,35,10,52,3,13,13,131,43
42,r6_d30_t2_w20,316,109,2385,1094,1182,1033,35,12,49,4,10,15,131,43
42,r6_d30_t2_w20,317,110,2393,1097,1186,1035,35,12,50,3,10,16,131,43
42,r6_d30_t2_w20,318,106,2399,1101,1192,1038,34,14,49,3,9,17,131,43
42,r6_d30_t2_w20,319,109,2409,1104,1196,1042,35,13,49,3,9,18,131,43
42,r6_d30_t2_w20,320,115,2417,1106,1196,1045,36,13,48,3,9,18,131,43
42,r6_d30_t2_w20,321,122,2426,1108,1196,1048,37,10,50,3,9,18,131,43
42,r6_d30_t2_w20,322,125,2431,1110,1196,1053,40,10,47,3,9,18,131,43
42,r6_d30_t2_w20,323,129,2436,1111,1196,1058,42,9,44,5,9,19,131,43
42,r6_d30_t2_w20,324,132,2442,1114,1196,1061,42,10,43,5,9,19,131,43
42,r6_d30_t2_w20,325,132,2447,1119,1196,1071,48,13,35,4,9,17,131,43
42,r6_d30_t2_w20,326,133,2452,1121,1198,1073,50,11,37,2,9,17,131,43
42,r6_d30_t2_w20,327,133,2459,1123,1203,1074,51,12,37,0,9,16,131,43
42,r6_d30_t2_w20,328,131,2465,1123,1211,1078,54,10,35,1,9,15,131,43
42,r6_d30_t2_w20,329,134,2475,1123,1218,1081,55,9,33,3,9,16,131,43
42,r6_d30_t2_w20,330,125,2481,1133,1223,1084,47,14,35,4,9,15,131,43
42,r6_d30_t2_w20,331,124,2491,1139,1228,1086,43,18,35,4,10,14,131,43
42,r6_d30_t2_w20,332,121,2499,1144,1234,1089,29,21,34,16,11,13,131,43
42,r6_d30_t2_w20,333,124,2505,1146,1235,1089,11,18,39,32,12,13,131,43
42,r6_d30_t2_w20,334,111,2511,1161,1239,1091,11,31,39,19,10,13,131,43
42,r6_d30_t2_w20,335,97,2521,1176,1248,1096,19,39,41,1,9,12,121,40
42,r6_d30_t2_w20,336,93,2526,1179,1254,1098,19,37,44,0,9,12,121,40
42,r6_d30_t2_w20,337,91,2535,1183,1261,1103,19,33,47,1,9,12,121,40
42,r6_d30_t2_w20,338,93,2543,1184,1266,1107,19,29,48,4,10,11,121,40
42,r6_d30_t2_w20,339,89,2549,1185,1275,1110,16,26,49,9,10,10,121,40
42,r6_d30_t2_w20,340,88,2559,1189,1282,1111,15,17,61,7,15,9,131,43
42,r6_d30_t2_w20,341,84,2569,1197,1288,1116,15,19,62,4,16,8,131,43
42,r6_d30_t2_w20,342,84,2575,1199,1292,1117,15,17,65,3,15,8,131,43
42,r6_d30_t2_w20,343,86,2585,1203,1296,1120,14,18,65,3,13,7,131,43
42,r6_d30_t2_w20,344,85,2590,1203,1302,1124,13,12,67,8,13,7,131,43
42,r6_d30_t2_w20,345,85,2598,1209,1304,1127,12,16,66,6,11,8,131,43
42,r6_d30_t2_w20,346,83,2606,1217,1306,1130,12,18,69,1,11,9,131,43
42,r6_d30_t2_w20,347,81,2611,1219,1311,1132,11,15,72,2,11,9,131,43
42,r6_d30_t2_w20,348,85,2619,1219,1315,1138,12,11,70,7,9,11,131,43
42,r6_d30_t2_w20,349,85,2629,1221,1323,1142,14,8,71,7,9,14,131,43
42,r6_d30_t2_w20,350,89,2638,1226,1323,1148,20,9,69,2,9,14,131,43
42,r6_d30_t2_w20,351,96,2647,1228,1323,1151,21,10,67,2,9,13,131,43
42,r6_d30_t2_w20,352,102,2653,1228,1323,1154,23,9,65,3,9,15,131,43
42,r6_d30_t2_w20,353,105,2660,1230,1325,1158,27,9,63,1,9,15,131,43
42,r6_d30_t2_w20,354,108,2666,1232,1326,1163,29,9,60,2,9,15,131,43
42,r6_d30_t2_w20,355,112,2673,1235,1326,1171,30,10,54,6,9,15,131,43
42,r6_d30_t2_w20,356,119,2683,1237,1327,1175,33,10,52,5,9,19,131,43
42,r6_d30_t2_w20,357,118,2688,1243,1327,1177,28,13,53,6,9,18,131,43
42,r6_d30_t2_w20,358,124,2697,1246,1327,1186,31,14,46,9,9,17,131,43
42,r6_d30_t2_w20,359,122,2702,1253,1327,1192,34,19,42,5,9,17,131,43
42,r6_d30_t2_w20,360,121,2707,1259,1327,1199,37,23,37,3,9,16,126,43
42,r6_d30_t2_w20,361,124,2712,1260,1328,1203,39,24,33,4,9,16,126,43
42,r6_d30_t2_w20,362,126,2717,1262,1329,1204,36,20,38,6,11,15,126,43
42,r6_d30_t2_w20,363,125,2725,1265,1335,1207,22,18,40,20,13,14,126,43
42,r6_d30_t2_w20,364,124,2731,1269,1338,1211,22,16,42,20,13,14,126,43
42,r6_d30_t2_w20,365,109,2739,1285,1345,1213,22,26,46,6,13,12,131,43
42,r6_d30_t2_w20,366,111,2749,1290,1348,1216,22,22,52,4,13,12,131,43
42,r6_d30_t2_w20,367,116,2758,1292,1350,1216,21,20,56,3,16,11,131,43
42,r6_d30_t2_w20,368,115,2767,1295,1357,1221,22,16,58,4,17,11,131,43
42,r6_d30_t2_w20,369,111,2774,1297,1366,1224,22,11,62,5,17,10,131,43
42,r6_d30_t2_w20,370,106,2779,1300,1373,1224,22,12,64,2,18,10,131,43
42,r6_d30_t2_w20,371,105,2786,1303,1378,1225,22,10,68,0,18,8,131,43
42,r6_d30_t2_w20,372,106,2794,1305,1383,1225,19,10,70,1,17,8,131,43
42,r6_d30_t2_w20,373,108,2803,1305,1390,1232,21,4,69,6,15,10,131,43
42,r6_d30_t2_w20,374,109,2812,1308,1395,1236,22,7,65,6,13,11,131,43
42,r6_d30_t2_w20,375,108,2818,1313,1397,1240,23,10,63,4,12,10,131,43
42,r6_d30_t2_w20,376,101,2824,1316,1407,1242,22,12,62,4,11,10,131,43
42,r6_d30_t2_w20,377,102,2833,1321,1410,1246,23,13,62,2,11,10,131,43
42,r6_d30_t2_w20,378,99,2842,1326,1417,1254,25,14,58,3,10,11,131,43
42,r6_d30_t2_w20,379,98,2847,1329,1420,1260,26,15,54,5,9,11,131,43
42,r6_d30_t2_w20,380,105,2856,1331,1420,1265,31,16,50,3,9,12,115,42
42,r6_d30_t2_w20,381,108,2861,1333,1420,1269,35,17,47,1,9,13,115,42
42,r6_d30_t2_w20,382,113,2868,1335,1420,1273,34,16,46,4,9,14,115,42
42,r6_d30_t2_w20,383,118,2876,1338,1420,1279,37,15,44,4,9,14,115,42
42,r6_d30_t2_w20,384,117,2881,1343,1421,1283,39,14,46,1,9,16,115,42
42,r6_d30_t2_w20,385,121,2887,1345,1421,1288,43,15,42,0,9,17,131,43
42,r6_d30_t2_w20,386,125,2897,1347,1425,1292,45,15,40,0,9,18,131,43
42,r6_d30_t2_w20,387,121,2903,1348,1434,1297,48,14,37,1,9,16,131,43
42,r6_d30_t2_w20,388,119,2909,1349,1441,1301,51,12,36,1,9,15,131,43
42,r6_d30_t2_w20,389,119,2916,1351,1446,1304,52,10,37,1,9,16,131,43
42,r6_d30_t2_w20,390,115,2921,1356,1450,1306,48,12,38,2,9,16,121,40
42,r6_d30_t2_w20,391,119,2930,1358,1453,1308,49,11,39,1,9,15,121,40
42,r6_d30_t2_w20,392,118,2937,1361,1458,1312,51,13,36,0,9,14,121,40
42,r6_d30_t2_w20,393,117,2945,1362,1466,1316,49,12,34,5,12,13,121,40
42,r6_d30_t2_w20,394,116,2952,1363,1473,1321,39,10,32,19,14,12,121,40
42,r6_d30_t2_w20,395,115,2960,1371,1474,1323,37,17,31,15,13,12,131,43
42,r6_d30_t2_w20,396,104,2968,1387,1477,1325,36,29,33,2,12,11,131,43
42,r6_d30_t2_w20,397,98,2973,1390,1485,1327,36,22,41,1,14,10,131,43
42,r6_d30_t2_w20,398,100,2983,1391,1492,1329,37,15,47,1,14,9,131,43
42,r6_d30_t2_w20,399,98,2988,1394,1496,1331,36,16,47,1,15,9,131,43
42,r6_d30_t2_w20,400,93,2994,1397,1504,1333,35,14,50,1,16,8,131,43
42,r6_d30_t2_w20,401,96,3001,1397,1508,1339,37,13,45,5,16,8,131,43
42,r6_d30_t2_w20,402,94,3007,1398,1515,1340,37,10,48,5,16,8,131,43
42,r6_d30_t2_w20,403,90,3013,1402,1521,1344,39,12,46,3,16,9,131,43
42,r6_d30_t2_w20,404,92,3020,1403,1525,1345,40,9,49,2,16,11,131,43
42,r6_d30_t2_w20,405,90,3027,1406,1531,1348,41,10,48,1,14,11,131,43
42,r6_d30_t2_w20,406,87,3034,1406,1541,1349,42,8,49,1,11,12,131,43
42,r6_d30_t2_w20,407,86,3043,1411,1546,1356,41,10,45,4,10,12,131,43
42,r6_d30_t2_w20,408,90,3051,1411,1550,1357,42,10,44,4,9,14,131,43
42,r6_d30_t2_w20,409,91,3060,1415,1554,1358,43,10,47,0,9,14,131,43
42,r6_d30_t2_w20,410,94,3067,1418,1555,1360,42,10,48,0,9,15,131,43
42,r6_d30_t2_w20,411,99,3074,1419,1556,1365,46,10,44,0,9,15,131,43
42,r6_d30_t2_w20,412,103,3079,1420,1556,1368,47,8,44,1,9,16,131,43
42,r6_d30_t2_w20,413,111,3087,1420,1556,1376,52,8,36,4,9,20,131,43
42,r6_d30_t2_w20,414,116,3095,1423,1556,1379,52,9,35,4,9,19,131,43
42,r6_d30_t2_w20,415,116,3100,1428,1556,1383,53,11,34,2,9,21,131,43
42,r6_d30_t2_w20,416,121,3109,1431,1557,1386,53,12,33,2,9,22,131,43
42,r6_d30_t2_w20,417,125,3116,1432,1559,1388,55,9,35,1,9,23,131,43
42,r6_d30_t2_w20,418,122,3121,1433,1566,1391,57,9,33,1,9,21,131,43
42,r6_d30_t2_w20,419,124,3128,1435,1569,1394,56,11,30,3,9,21,131,43
42,r6_d30_t2_w20,420,124,3138,1441,1573,1398,54,12,31,3,9,19,131,43
42,r6_d30_t2_w20,421,123,3145,1445,1577,1399,51,15,31,3,11,17,131,43
42,r6_d30_t2_w20,422,125,3152,1446,1581,1402,31,14,30,25,12,17,131,43
42,r6_d30_t2_w20,423,125,3161,1450,1586,1405,16,16,29,39,14,16,131,43
42,r6_d30_t2_w20,424,106,3171,1474,1591,1408,18,31,35,16,9,14,131,43
42,r6_d30_t2_w20,425,92,3181,1492,1597,1411,18,45,36,1,9,14,131,43
42,r6_d30_t2_w20,426,94,3191,1494,1603,1413,16,41,40,3,9,13,131,43
42,r6_d30_t2_w20,427,92,3197,1495,1610,1415,16,26,54,4,9,13,131,43
42,r6_d30_t2_w20,428,91,3202,1497,1614,1418,16,23,56,5,11,11,131,43
42,r6_d30_t2_w20,429,90,3210,1499,1621,1419,15,17,63,5,13,11,131,43
42,r6_d30_t2_w20,430,91,3219,1502,1626,1423,18,12,67,3,14,9,131,43
42,r6_d30_t2_w20,431,90,3228,1507,1631,1427,17,12,68,3,15,9,131,43
42,r6_d30_t2_w20,432,95,3238,1508,1635,1429,17,10,69,4,16,8,131,43
42,r6_d30_t2_w20,433,94,3246,1510,1642,1432,17,9,69,5,17,8,131,43
42,r6_d30_t2_w20,434,92,3253,1512,1649,1434,18,7,71,4,15,9,131,43
42,r6_d30_t2_w20,435,93,3260,1516,1651,1438,18,10,68,4,13,10,131,43
42,r6_d30_t2_w20,436,93,3269,1518,1658,1439,18,10,69,3,10,10,131,43
42,r6_d30_t2_w20,437,96,3279,1521,1662,1443,19,12,66,3,9,11,131,43
42,r6_d30_t2_w20,438,95,3285,1523,1667,1448,20,11,64,5,9,12,131,43
42,r6_d30_t2_w20,439,93,3292,1527,1672,1452,23,10,65,2,9,13,131,43
42,r6_d30_t2_w20,440,96,3300,1532,1672,1458,25,12,62,1,9,14,131,43
42,r6_d30_t2_w20,441,104,3310,1534,1672,1464,27,12,58,3,9,17,131,43
42,r6_d30_t2_w20,442,107,3317,1538,1672,1475,33,16,47,4,9,17,131,43
42,r6_d30_t2_w20,443,111,3326,1543,1672,1481,35,18,44,3,9,18,131,43
42,r6_d30_t2_w20,444,115,3333,1545,1673,1485,35,15,45,5,9,18,131,43
42,r6_d30_t2_w20,445,120,3340,1547,1673,1486,35,16,45,4,9,20,121,40
42,r6_d30_t2_w20,446,125,3350,1551,1674,1490,37,17,44,2,9,20,121,40
42,r6_d30_t2_w20,447,129,3357,1553,1675,1496,40,15,42,3,9,20,121,40
42,r6_d30_t2_w20,448,132,3362,1555,1675,1500,42,14,41,3,9,20,121,40
42,r6_d30_t2_w20,449,139,3371,1557,1675,1506,45,13,38,4,9,21,121,40
42,r6_d30_t2_w20,450,135,3379,1565,1679,1507,39,20,38,3,9,21,131,43
42,r6_d30_t2_w20,451,130,3386,1570,1686,1510,39,21,39,1,9,20,131,43
42,r6_d30_t2_w20,452,131,3395,1572,1692,1513,38,16,43,3,10,19,131,43
42,r6_d30_t2_w20,453,131,3403,1573,1699,1514,27,15,44,14,11,17,131,43
42,r6_d30_t2_w20,454,128,3408,1577,1703,1517,26,17,43,14,11,16,131,43
42,r6_d30_t2_w20,455,121,3417,1588,1708,1517,25,20,51,4,11,15,131,43
42,r6_d30_t2_w20,456,116,3423,1591,1716,1517,25,19,55,1,12,14,131,43
42,r6_d30_t2_w20,457,110,3428,1594,1724,1519,24,19,56,1,13,12,131,43
42,r6_d30_t2_w20,458,112,3435,1595,1728,1524,25,16,55,4,14,11,131,43
42,r6_d30_t2_w20,459,111,3444,1598,1735,1528,26,16,54,4,16,9,131,43
42,r6_d30_t2_w20,460,109,3449,1601,1739,1530,25,16,55,4,16,9,131,43
42,r6_d30_t2_w20,461,106,3455,1603,1746,1536,29,15,52,4,15,8,131,43
42,r6_d30_t2_w20,462,102,3461,1608,1751,1538,29,15,55,1,16,8,131,43
42,r6_d30_t2_w20,463,99,3466,1609,1758,1540,29,8,61,2,15,9,131,43
42,r6_d30_t2_w20,464,98,3472,1609,1765,1543,30,7,59,4,14,9,131,43
42,r6_d30_t2_w20,465,93,3477,1616,1768,1550,30,12,54,4,12,9,131,43
42,r6_d30_t2_w20,466,87,3485,1621,1777,1557,31,16,48,5,11,11,131,43
42,r6_d30_t2_w20,467,92,3495,1623,1780,1559,32,14,50,4,9,13,131,43
42,r6_d30_t2_w20,468,94,3503,1627,1782,1564,34,16,47,3,9,14,131,43
42,r6_d30_t2_w20,469,92,3510,1629,1789,1566,35,15,48,2,9,14,131,43
42,r6_d30_t2_w20,470,95,3518,1633,1790,1567,34,13,53,0,9,14,131,43
42,r6_d30_t2_w20,471,99,3524,1635,1790,1573,38,12,50,0,9,15,131,43
42,r6_d30_t2_w20,472,102,3529,1635,1792,1579,41,9,47,3,9,16,131,43
42,r6_d30_t2_w20,473,110,3538,1635,1793,1583,44,7,45,4,9,18,131,43
42,r6_d30_t2_w20,474,113,3546,1640,1793,1587,45,11,42,2,9,20,131,43
42,r6_d30_t2_w20,475,118,3552,1641,1793,1590,47,10,41,2,9,19,131,43
42,r6_d30_t2_w20,476,119,3559,1644,1796,1594,48,10,40,2,9,20,131,43
42,r6_d30_t2_w20,477,119,3565,1648,1798,1597,48,13,38,1,9,19,131,43
42,r6_d30_t2_w20,478,123,3575,1649,1803,1598,48,13,38,1,9,22,131,43
42,r6_d30_t2_w20,479,125,3584,1649,1810,1599,48,11,39,2,9,22,131,43
42,r6_d30_t2_w20,480,123,3593,1657,1813,1605,46,17,35,2,9,22,131,43
42,r6_d30_t2_w20,481,125,3602,1660,1817,1608,46,19,33,2,10,21,131,43
42,r6_d30_t2_w20,482,128,3612,1662,1822,1613,39,16,33,12,10,20,131,43
42,r6_d30_t2_w20,483,131,3621,1664,1826,1615,34,13,36,17,11,18,131,43
42,r6_d30_t2_w20,484,125,3631,1676,1830,1618,34,24,34,8,11,18,131,43
42,r6_d30_t2_w20,485,122,3636,1682,1832,1619,35,24,39,2,11,18,131,43
42,r6_d30_t2_w20,486,116,3644,1689,1839,1622,33,27,40,0,13,18,131,43
42,r6_d30_t2_w20,487,110,3651,1692,1849,1626,34,22,44,0,14,17,131,43
42,r6_d30_t2_w20,488,109,3657,1692,1856,1628,35,19,45,1,15,17,131,43
42,r6_d30_t2_w20,489,107,3662,1692,1863,1629,36,12,51,1,14,16,131,43
42,r6_d30_t2_w20,490,110,3672,1693,1869,1630,37,9,54,0,14,14,126,43
42,r6_d30_t2_w20,491,113,3681,1695,1873,1635,37,9,51,3,14,12,126,43
42,r6_d30_t2_w20,492,112,3686,1696,1878,1638,39,7,51,3,14,11,126,43
42,r6_d30_t2_w20,493,106,3691,1699,1886,1641,40,8,50,2,14,9,126,43
42,r6_d30_t2_w20,494,106,3699,1701,1892,1647,41,8,46,5,15,9,126,43
42,r6_d30_t2_w20,495,104,3704,1704,1896,1650,41,8,46,5,13,10,131,43
42,r6_d30_t2_w20,496,104,3714,1708,1902,1651,41,10,47,2,12,10,131,43
42,r6_d30_t2_w20,497,105,3722,1711,1906,1656,42,12,43,3,11,11,131,43
42,r6_d30_t2_w20,498,101,3730,1714,1915,1658,40,12,44,4,9,12,131,43
42,r6_d30_t2_w20,499,100,3739,1717,1922,1659,41,14,44,1,9,12,131,43
42,r6_d30_t2_w20,500,108,3749,1718,1923,1664,44,10,44,2,9,14,131,43
42,r6_d30_t2_w20,501,110,3754,1720,1924,1669,46,10,41,3,9,15,131,43
42,r6_d30_t2_w20,502,110,3760,1725,1925,1671,45,13,41,1,9,15,131,43
42,r6_d30_t2_w20,503,113,3765,1727,1925,1672,45,13,42,0,9,16,131,43
42,r6_d30_t2_w20,504,115,3770,1730,1925,1679,48,13,38,1,9,16,131,43
42,r6_d30_t2_w20,505,123,3779,1731,1925,1684,49,14,33,4,9,17,131,43
42,r6_d30_t2_w20,506,127,3785,1733,1925,1688,49,15,30,6,9,17,131,43
42,r6_d30_t2_w20,507,129,3795,1737,1929,1690,49,18,29,4,9,20,131,43
42,r6_d30_t2_w20,508,132,3804,1740,1932,1693,51,18,29,2,9,21,131,43
42,r6_d30_t2_w20,509,133,3810,1743,1934,1698,53,17,28,2,9,22,131,43
42,r6_d30_t2_w20,510,126,3815,1747,1942,1700,51,20,27,2,9,21,131,43
42,r6_d30_t2_w20,511,122,3820,1749,1949,1701,50,14,34,2,9,19,131,43
42,r6_d30_t2_w20,512,124,3825,1750,1951,1701,49,11,38,2,9,19,131,43
42,r6_d30_t2_w20,513,125,3833,1753,1955,1704,47,10,39,4,11,17,131,43
42,r6_d30_t2_w20,514,126,3843,1756,1961,1705,23,11,40,26,13,17,131,43
42,r6_d30_t2_w20,515,127,3849,1759,1963,1706,19,11,42,28,14,16,131,43
42,r6_d30_t2_w20,516,101,3854,1782,1971,1708,21,30,44,5,8,16,131,43
42,r6_d30_t2_w20,517,98,3864,1788,1978,1712,22,31,45,2,9,15,131,43
42,r6_d30_t2_w20,518,95,3869,1789,1985,1715,23,27,47,3,11,13,131,43
42,r6_d30_t2_w20,519,94,3879,1792,1993,1715,22,25,52,1,13,12,131,43
42,r6_d30_t2_w20,520,86,3884,1796,2002,1719,21,24,53,2,13,11,101,38
42,r6_d30_t2_w20,521,87,3890,1796,2007,1720,19,15,61,5,13,11,101,38
42,r6_d30_t2_w20,522,86,3898,1800,2012,1722,16,14,64,6,13,10,101,38
42,r6_d30_t2_w20,523,86,3904,1803,2015,1725,16,11,67,6,15,8,101,38
42,r6_d30_t2_w20,524,84,3913,1809,2020,1730,17,14,65,4,13,8,101,38
42,r6_d30_t2_w20,525,82,3923,1814,2027,1733,15,13,68,4,12,9,126,43
42,r6_d30_t2_w20,526,86,3932,1815,2031,1735,15,13,67,5,13,10,126,43
42,r6_d30_t2_w20,527,77,3938,1822,2039,1742,15,15,65,5,11,11,126,43
42,r6_d30_t2_w20,528,71,3943,1825,2047,1748,17,15,62,6,9,12,126,43
42,r6_d30_t2_w20,529,70,3950,1830,2050,1754,19,16,60,5,9,11,126,43
42,r6_d30_t2_w20,530,78,3959,1831,2050,1758,23,15,58,4,9,12,131,43
42,r6_d30_t2_w20,531,84,3969,1835,2050,1762,23,16,57,4,9,14,131,43
42,r6_d30_t2_w20,532,84,3974,1840,2050,1769,23,18,53,6,9,13,131,43
42,r6_d30_t2_w20,533,88,3980,1842,2050,1771,24,18,53,5,9,14,131,43
42,r6_d30_t2_w20,534,89,3987,1847,2051,1776,27,18,53,2,9,14,131,43
42,r6_d30_t2_w20,535,94,3995,1850,2051,1781,29,16,53,2,9,16,131,43
42,r6_d30_t2_w20,536,99,4001,1851,2051,1785,33,14,52,1,9,16,131,43
42,r6_d30_t2_w20,537,103,4009,1855,2051,1790,31,11,54,4,9,16,131,43
42,r6_d30_t2_w20,538,113,4019,1855,2051,1792,32,10,53,5,9,17,131,43
42,r6_d30_t2_w20,539,113,4024,1860,2051,1796,34,13,51,2,9,16,131,43
42,r6_d30_t2_w20,540,119,4033,1863,2051,1804,38,14,45,3,9,16,131,43
42,r6_d30_t2_w20,541,126,4042,1865,2051,1804,34,15,46,5,10,16,131,43
42,r6_d30_t2_w20,542,133,4052,1868,2051,1807,21,14,47,18,13,16,131,43
42,r6_d30_t2_w20,543,136,4062,1871,2055,1813,26,13,45,16,14,15,131,43
42,r6_d30_t2_w20,544,123,4067,1886,2058,1817,28,25,44,3,14,15,131,43
42,r6_d30_t2_w20,545,122,4077,1890,2065,1822,26,26,42,6,13,13,131,43
42,r6_d30_t2_w20,546,122,4086,1893,2071,1826,25,22,45,8,14,12,131,43
42,r6_d30_t2_w20,547,123,4093,1898,2072,1826,24,16,56,4,15,12,131,43
42,r6_d30_t2_w20,548,123,4102,1904,2075,1834,28,18,52,2,15,12,131,43
42,r6_d30_t2_w20,549,124,4109,1904,2081,1834,27,14,56,3,16,14,131,43
42,r6_d30_t2_w20,550,125,4119,1907,2087,1835,24,12,60,4,16,15,126,43
42,r6_d30_t2_w20,551,126,4128,1909,2093,1839,24,8,62,6,16,16,126,43
42,r6_d30_t2_w20,552,126,4133,1912,2095,1841,25,8,63,4,17,16,126,43
42,r6_d30_t2_w20,553,127,4140,1915,2098,1845,25,9,61,5,17,16,126,43
42,r6_d30_t2_w20,554,130,4149,1916,2103,1847,27,7,62,4,14,16,126,43
42,r6_d30_t2_w20,555,127,4156,1921,2108,1852,30,8,61,1,12,16,131,43
42,r6_d30_t2_w20,556,130,4166,1923,2113,1859,30,9,55,6,11,16,131,43
42,r6_d30_t2_w20,557,130,4173,1925,2118,1861,31,8,56,5,10,17,131,43
42,r6_d30_t2_w20,558,121,4178,1931,2126,1864,32,11,56,1,9,18,131,43
42,r6_d30_t2_w20,559,122,4184,1933,2129,1867,33,10,56,1,9,18,131,43
42,r6_d30_t2_w20,560,125,4190,1936,2129,1874,37,12,50,1,9,18,131,43
42,r6_d30_t2_w20,561,126,4195,1939,2130,1877,37,14,48,1,9,18,131,43
42,r6_d30_t2_w20,562,135,4205,1940,2130,1882,42,14,44,0,9,19,131,43
42,r6_d30_t2_w20,563,137,4214,1941,2136,1888,44,12,41,3,9,21,131,43
42,r6_d30_t2_w20,564,136,4219,1942,2141,1891,46,10,41,3,9,21,131,43
42,r6_d30_t2_w20,565,136,4229,1948,2145,1898,48,15,35,2,9,22,131,43
42,r6_d30_t2_w20,566,135,4237,1949,2153,1900,49,15,34,2,9,20,131,43
42,r6_d30_t2_w20,567,135,4245,1953,2157,1903,49,16,34,1,9,20,131,43
42,r6_d30_t2_w20,568,132,4250,1954,2164,1908,52,15,31,2,9,19,131,43
42,r6_d30_t2_w20,569,129,4255,1956,2170,1912,53,13,31,3,9,19,131,43
42,r6_d30_t2_w20,570,124,4262,1962,2176,1913,48,16,33,3,9,18,121,43
42,r6_d30_t2_w20,571,119,4270,1970,2181,1917,46,20,33,1,9,16,121,43
42,r6_d30_t2_w20,572,120,4279,1974,2185,1920,45,21,33,1,9,16,121,43
42,r6_d30_t2_w20,573,120,4288,1976,2192,1922,38,15,39,8,13,16,121,43
42,r6_d30_t2_w20,574,120,4296,1977,2199,1924,26,15,38,21,14,14,121,43
42,r6_d30_t2_w20,575,113,4302,1985,2204,1925,25,23,37,15,14,14,131,43
42,r6_d30_t2_w20,576,98,4310,2001,2211,1927,24,29,45,2,11,13,131,43
42,r6_d30_t2_w20,577,100,4319,2002,2217,1927,24,23,52,1,15,13,131,43
42,r6_d30_t2_w20,578,101,4326,2003,2222,1930,25,14,59,2,17,13,131,43
42,r6_d30_t2_w20,579,105,4336,2004,2227,1931,25,11,62,2,18,13,131,43
42,r6_d30_t2_w20,580,104,4341,2007,2230,1933,26,13,61,0,18,13,131,43
42,r6_d30_t2_w20,581,104,4346,2008,2234,1939,30,10,59,1,18,11,131,43
42,r6_d30_t2_w20,582,102,4353,2008,2243,1940,30,8,60,2,16,9,131,43
42,r6_d30_t2_w20,583,98,4361,2012,2251,1946,31,9,57,3,14,9,131,43
42,r6_d30_t2_w20,584,98,4367,2014,2255,1947,31,10,57,2,13,9,131,43
42,r6_d30_t2_w20,585,97,4377,2019,2261,1952,31,10,57,2,13,11,131,43
42,r6_d30_t2_w20,586,98,4383,2020,2265,1958,33,8,54,5,11,14,131,43
42,r6_d30_t2_w20,587,97,4390,2023,2270,1962,34,11,50,5,10,15,131,43
42,r6_d30_t2_w20,588,96,4396,2028,2272,1966,34,13,49,4,9,14,131,43
42,r6_d30_t2_w20,589,98,4405,2031,2276,1970,36,11,50,3,9,14,131,43
42,r6_d30_t2_w20,590,102,4414,2035,2277,1972,36,13,50,1,9,16,131,43
42,r6_d30_t2_w20,591,110,4424,2037,2277,1977,40,10,50,0,9,15,131,43
42,r6_d30_t2_w20,592,118,4434,2038,2278,1980,41,9,49,1,9,17,131,43
42,r6_d30_t2_w20,593,124,4441,2039,2278,1986,43,10,43,4,9,18,131,43
42,r6_d30_t2_w20,594,128,4448,2042,2278,1991,44,12,39,5,9,18,131,43
42,r6_d30_t2_w20,595,129,4454,2047,2278,1997,47,16,34,3,9,18,131,43
42,r6_d30_t2_w20,596,134,4464,2050,2280,1999,47,16,35,2,9,19,131,43
42,r6_d30_t2_w20,597,131,4471,2053,2287,2003,48,13,37,2,9,19,131,43
42,r6_d30_t2_w20,598,133,4481,2055,2293,2003,47,14,38,1,9,18,131,43
42,r6_d30_t2_w20,599,131,4488,2057,2300,2004,47,15,38,0,9,19,131,43
42,r6_d30_t2_w20,600,135,4496,2059,2302,2004,45,12,43,0,9,18,121,40
42,r6_d20_t1_w20,1,4,7,3,0,0,96,3,0,1,1,2,131,43
42,r6_d20_t1_w20,2,11,14,3,0,0,82,3,0,15,3,3,131,43
42,r6_d20_t1_w20,3,16,21,5,0,0,79,5,0,16,4,4,131,43
42,r6_d20_t1_w20,4,7,27,20,0,0,78,18,2,2,1,2,131,43
42,r6_d20_t1_w20,5,11,33,22,0,0,78,16,6,0,3,3,131,43
42,r6_d20_t1_w20,6,18,40,22,0,0,78,14,8,0,5,4,131,43
42,r6_d20_t1_w20,7,25,48,23,0,0,77,12,11,0,8,5,131,43
42,r6_d20_t1_w20,8,34,58,24,0,0,76,8,16,0,8,7,131,43
42,r6_d20_t1_w20,9,42,67,25,0,0,74,4,21,1,9,9,131,43
42,r6_d20_t1_w20,10,48,77,29,0,0,69,6,23,2,9,9,131,43
42,r6_d20_t1_w20,11,56,87,31,0,0,67,7,24,2,9,11,131,43
42,r6_d20_t1_w20,12,62,94,32,0,0,67,7,25,1,9,11,131,43
42,r6_d20_t1_w20,13,65,100,35,0,0,65,9,26,0,9,12,131,43
42,r6_d20_t1_w20,14,71,107,36,0,0,63,9,27,1,9,13,131,43
42,r6_d20_t1_w20,15,80,117,37,0,0,62,9,28,1,9,14,131,43
42,r6_d20_t1_w20,16,88,126,38,0,3,64,6,29,1,9,14,131,43
42,r6_d20_t1_w20,17,93,133,40,0,5,64,7,28,1,9,14,131,43
42,r6_d20_t1_w20,18,100,142,42,0,7,65,7,28,0,9,15,131,43
42,r6_d20_t1_w20,19,108,151,43,0,9,66,6,28,0,9,15,131,43
42,r6_d20_t1_w20,20,116,160,44,0,10,65,5,29,1,9,15,121,40
42,r6_d20_t1_w20,21,120,165,44,1,10,65,4,30,1,9,16,121,40
42,r6_d20_t1_w20,22,126,173,46,1,12,66,5,29,0,9,18,121,40
42,r6_d20_t1_w20,23,132,180,47,1,16,68,4,27,1,9,18,121,40
42,r6_d20_t1_w20,24,140,190,49,1,18,67,5,26,2,9,19,121,40
42,r6_d20_t1_w20,25,143,197,50,4,20,68,6,24,2,9,19,126,43
42,r6_d20_t1_w20,26,141,204,53,10,22,68,9,22,1,9,21,126,43
42,r6_d20_t1_w20,27,140,210,54,16,26,72,7,21,0,9,21,126,43
42,r6_d20_t1_w20,28,136,219,58,25,28,69,9,21,1,9,20,126,43
42,r6_d20_t1_w20,29,135,226,58,33,29,70,7,22,1,9,19,126,43
42,r6_d20_t1_w20,30,133,236,65,38,32,66,14,19,1,9,19,131,43
42,r6_d20_t1_w20,31,129,244,68,47,35,64,15,18,3,10,18,131,43
42,r6_d20_t1_w20,32,127,251,71,53,36,50,18,17,15,12,17,131,43
42,r6_d20_t1_w20,33,125,256,74,57,38,47,21,15,17,15,17,131,43
42,r6_d20_t1_w20,34,114,264,88,62,40,48,31,17,4,11,17,131,43
42,r6_d20_t1_w20,35,108,269,92,69,41,49,29,22,0,13,16,131,43
42,r6_d20_t1_w20,36,109,279,92,78,43,50,22,27,1,15,14,131,43
42,r6_d20_t1_w20,37,111,289,96,82,45,46,21,30,3,17,14,131,43
42,r6_d20_t1_w20,38,109,297,98,90,46,46,18,34,2,17,13,131,43
42,r6_d20_t1_w20,39,106,305,101,98,47,46,18,36,0,17,13,131,43
42,r6_d20_t1_w20,40,106,312,101,105,49,48,14,38,0,18,10,131,43
42,r6_d20_t1_w20,41,110,322,102,110,49,47,11,42,0,18,10,131,43
42,r6_d20_t1_w20,42,109,327,102,116,50,48,10,42,0,18,10,131,43
42,r6_d20_t1_w20,43,110,335,103,122,52,48,4,47,1,17,11,131,43
42,r6_d20_t1_w20,44,107,344,107,130,52,44,8,47,1,17,12,131,43
42,r6_d20_t1_w20,45,108,354,109,137,52,43,9,48,0,15,13,131,43
42,r6_d20_t1_w20,46,111,362,110,141,55,44,8,47,1,13,15,131,43
42,r6_d20_t1_w20,47,115,372,111,146,58,45,8,45,2,10,15,131,43
42,r6_d20_t1_w20,48,115,380,115,150,58,41,9,48,2,10,15,131,43
42,r6_d20_t1_w20,49,112,385,117,156,59,41,10,48,1,9,16,131,43
42,r6_d20_t1_w20,50,115,390,118,157,61,43,10,47,0,9,17,126,43
42,r6_d20_t1_w20,51,122,398,119,157,65,44,10,44,2,9,19,126,43
42,r6_d20_t1_w20,52,127,405,120,158,69,46,9,42,3,9,20,126,43
42,r6_d20_t1_w20,53,132,414,124,158,76,51,10,38,1,9,20,126,43
42,r6_d20_t1_w20,54,135,422,128,159,82,54,13,33,0,9,21,126,43
42,r6_d20_t1_w20,55,138,430,128,164,85,57,10,33,0,9,20,131,43
42,r6_d20_t1_w20,56,136,438,129,173,88,59,8,33,0,9,18,131,43
42,r6_d20_t1_w20,57,130,443,133,180,91,58,8,34,0,9,19,131,43
42,r6_d20_t1_w20,58,130,451,134,187,98,63,6,30,1,9,20,131,43
42,r6_d20_t1_w20,59,130,456,134,192,100,64,6,28,2,9,20,131,43
42,r6_d20_t1_w20,60,129,464,137,198,102,63,8,27,2,10,18,131,43
42,r6_d20_t1_w20,61,126,469,138,205,103,51,6,29,14,12,18,131,43
42,r6_d20_t1_w20,62,128,479,141,210,105,39,8,28,25,13,16,131,43
42,r6_d20_t1_w20,63,113,484,154,217,105,39,19,30,12,12,16,131,43
42,r6_d20_t1_w20,64,101,491,168,222,106,38,29,33,0,9,16,131,43
42,r6_d20_t1_w20,65,99,499,169,231,109,38,21,39,2,12,14,131,43
42,r6_d20_t1_w20,66,98,505,169,238,111,38,17,41,4,13,14,131,43
42,r6_d20_t1_w20,67,89,510,174,247,114,38,16,44,2,12,13,131,43
42,r6_d20_t1_w20,68,88,515,176,251,116,39,16,44,1,14,11,131,43
42,r6_d20_t1_w20,69,92,523,176,255,116,37,13,47,3,17,11,131,43
42,r6_d20_t1_w20,70,93,531,178,260,119,38,11,48,3,16,10,131,43
42,r6_d20_t1_w20,71,88,537,181,268,121,37,10,50,3,17,10,131,43
42,r6_d20_t1_w20,72,88,547,184,275,124,36,9,51,4,18,9,131,43
42,r6_d20_t1_w20,73,85,556,188,283,126,34,12,50,4,17,8,131,43
42,r6_d20_t1_w20,74,86,564,193,285,131,33,14,48,5,17,8,131,43
42,r6_d20_t1_w20,75,83,572,196,293,133,33,13,50,4,14,9,131,43
42,r6_d20_t1_w20,76,82,582,201,299,134,30,14,53,3,11,8,131,43
42,r6_d20_t1_w20,77,87,592,203,302,137,31,14,52,3,11,9,131,43
42,r6_d20_t1_w20,78,82,599,210,307,142,30,17,51,2,9,10,131,43
42,r6_d20_t1_w20,79,83,605,211,311,143,30,16,52,2,9,10,131,43
42,r6_d20_t1_w20,80,89,614,214,311,152,34,16,46,4,9,10,131,43
42,r6_d20_t1_w20,81,95,623,217,311,158,35,13,46,6,9,13,131,43
42,r6_d20_t1_w20,82,100,632,220,312,161,35,16,43,6,9,14,131,43
42,r6_d20_t1_w20,83,105,641,224,312,163,34,18,43,5,9,14,131,43
42,r6_d20_t1_w20,84,107,646,227,312,164,34,18,45,3,9,15,131,43
42,r6_d20_t1_w20,85,110,653,229,314,166,35,16,47,2,9,15,131,43
42,r6_d20_t1_w20,86,114,659,231,314,174,40,15,42,3,9,17,131,43
42,r6_d20_t1_w20,87,122,668,232,314,176,39,12,44,5,9,17,131,43
42,r6_d20_t1_w20,88,129,678,235,314,177,39,13,45,3,9,18,131,43
42,r6_d20_t1_w20,89,131,685,239,315,186,45,12,41,2,9,20,131,43
42,r6_d20_t1_w20,90,136,691,240,315,188,45,11,41,3,9,20,131,43
42,r6_d20_t1_w20,91,144,701,242,315,190,41,9,43,7,14,19,131,43
42,r6_d20_t1_w20,92,145,709,244,320,192,40,10,42,8,14,18,131,43
42,r6_d20_t1_w20,93,141,717,250,326,196,41,15,39,5,16,18,131,43
42,r6_d20_t1_w20,94,137,724,255,332,198,40,13,44,3,17,17,131,43
42,r6_d20_t1_w20,95,133,731,260,338,203,43,15,42,0,17,15,131,43
42,r6_d20_t1_w20,96,131,739,262,346,206,44,14,42,0,18,14,131,43
42,r6_d20_t1_w20,97,127,745,263,355,209,44,10,44,2,18,13,131,43
42,r6_d20_t1_w20,98,127,750,264,359,212,46,9,43,2,18,13,131,43
42,r6_d20_t1_w20,99,127,759,268,364,214,46,13,41,0,18,12,131,43
42,r6_d20_t1_w20,100,126,765,268,371,215,45,10,43,2,18,12,121,40
42,r6_d20_t1_w20,101,126,773,268,379,220,49,9,39,3,18,12,121,40
42,r6_d20_t1_w20,102,122,779,272,385,221,47,9,42,2,17,11,121,40
42,r6_d20_t1_w20,103,122,785,273,390,223,47,9,41,3,17,11,121,40
42,r6_d20_t1_w20,104,122,790,274,394,226,49,7,41,3,17,13,121,40
42,r6_d20_t1_w20,105,123,800,277,400,230,48,7,40,5,16,14,131,43
42,r6_d20_t1_w20,106,120,805,279,406,234,48,5,40,7,15,13,131,43
42,r6_d20_t1_w20,107,115,812,284,413,237,48,10,37,5,13,13,131,43
42,r6_d20_t1_w20,108,110,817,287,420,238,49,11,38,2,11,14,131,43
42,r6_d20_t1_w20,109,109,825,289,427,244,54,11,34,1,9,16,131,43
42,r6_d20_t1_w20,110,112,832,293,427,248,53,10,35,2,9,18,131,43
42,r6_d20_t1_w20,111,115,838,295,428,254,55,9,32,4,9,18,131,43
42,r6_d20_t1_w20,112,118,847,299,430,258,55,11,30,4,9,18,131,43
42,r6_d20_t1_w20,113,119,856,303,434,258,54,13,32,1,9,16,131,43
42,r6_d20_t1_w20,114,116,861,306,439,258,52,13,35,0,9,16,131,43
42,r6_d20_t1_w20,115,119,870,306,445,261,55,9,36,0,9,17,131,43
42,r6_d20_t1_w20,116,118,877,308,451,262,53,8,38,1,9,17,131,43
42,r6_d20_t1_w20,117,122,886,308,456,264,54,8,36,2,9,18,131,43
42,r6_d20_t1_w20,118,124,894,312,458,268,54,11,33,2,9,17,131,43
42,r6_d20_t1_w20,119,124,902,314,464,272,54,12,30,4,9,17,131,43
42,r6_d20_t1_w20,120,122,910,319,469,274,52,15,30,3,9,16,131,43
42,r6_d20_t1_w20,121,125,919,322,472,275,49,14,33,4,12,16,131,43
42,r6_d20_t1_w20,122,126,926,323,477,276,38,13,34,15,15,16,131,43
42,r6_d20_t1_w20,123,126,936,328,482,280,40,17,31,12,17,15,131,43
42,r6_d20_t1_w20,124,114,943,342,487,285,39,25,32,4,14,14,131,43
42,r6_d20_t1_w20,125,111,950,344,495,288,40,17,39,4,15,11,121,40
42,r6_d20_t1_w20,126,113,960,347,500,291,43,20,36,1,15,11,121,40
42,r6_d20_t1_w20,127,110,965,348,507,291,43,19,38,0,16,10,121,40
42,r6_d20_t1_w20,128,112,971,349,510,293,43,13,43,1,17,10,121,40
42,r6_d20_t1_w20,129,110,976,350,516,294,43,9,47,1,18,10,121,40
42,r6_d20_t1_w20,130,109,984,354,521,295,40,11,48,1,18,10,131,43
42,r6_d20_t1_w20,131,112,992,355,525,298,40,9,48,3,18,10,131,43
42,r6_d20_t1_w20,132,112,1002,359,531,302,39,11,46,4,18,9,131,43
42,r6_d20_t1_w20,133,114,1012,362,536,305,38,10,47,5,18,11,131,43
42,r6_d20_t1_w20,134,113,1018,365,540,308,39,10,47,4,18,10,131,43
42,r6_d20_t1_w20,135,108,1025,369,548,313,41,12,44,3,17,11,131,43
42,r6_d20_t1_w20,136,110,1033,370,553,316,43,12,42,3,15,12,131,43
42,r6_d20_t1_w20,137,106,1038,372,560,320,45,12,40,3,11,13,131,43
42,r6_d20_t1_w20,138,107,1047,374,566,323,46,12,39,3,10,13,131,43
42,r6_d20_t1_w20,139,105,1056,378,573,326,47,10,42,1,9,14,131,43
42,r6_d20_t1_w20,140,113,1065,379,573,328,49,8,43,0,9,14,131,43
42,r6_d20_t1_w20,141,119,1072,380,573,332,51,8,40,1,9,15,131,43
42,r6_d20_t1_w20,142,124,1080,383,573,336,49,10,37,4,9,16,131,43
42,r6_d20_t1_w20,143,129,1086,384,573,340,52,9,35,4,9,16,131,43
42,r6_d20_t1_w20,144,131,1092,388,573,342,51,11,35,3,9,17,131,43
42,r6_d20_t1_w20,145,137,1102,391,574,344,51,12,35,2,9,19,131,43
42,r6_d20_t1_w20,146,135,1109,393,581,346,52,13,34,1,9,21,131,43
42,r6_d20_t1_w20,147,135,1114,393,586,349,54,10,34,2,9,20,131,43
42,r6_d20_t1_w20,148,132,1119,395,592,350,53,11,34,2,9,20,131,43
42,r6_d20_t1_w20,149,136,1128,398,594,353,53,11,34,2,9,21,131,43
42,r6_d20_t1_w20,150,138,1138,401,599,356,53,13,32,2,9,21,131,43
42,r6_d20_t1_w20,151,139,1148,403,606,360,47,12,31,10,15,21,131,43
42,r6_d20_t1_w20,152,136,1155,406,613,362,35,14,30,21,16,19,131,43
42,r6_d20_t1_w20,153,129,1165,417,619,363,31,20,34,15,15,18,131,43
42,r6_d20_t1_w20,154,118,1172,431,623,365,29,31,35,5,14,17,131,43
42,r6_d20_t1_w20,155,116,1180,435,629,367,27,25,43,5,14,16,126,43
42,r6_d20_t1_w20,156,117,1190,437,636,371,29,26,40,5,15,16,126,43
42,r6_d20_t1_w20,157,117,1200,442,641,373,27,22,47,4,16,16,126,43
42,r6_d20_t1_w20,158,113,1210,448,649,376,26,24,48,2,18,14,126,43
42,r6_d20_t1_w20,159,112,1220,450,658,377,25,19,54,2,18,11,126,43
42,r6_d20_t1_w20,160,112,1227,450,665,378,26,16,56,2,18,10,131,43
42,r6_d20_t1_w20,161,111,1236,453,672,381,27,14,58,1,18,10,131,43
42,r6_d20_t1_w20,162,107,1241,455,679,387,29,14,54,3,18,9,131,43
42,r6_d20_t1_w20,163,105,1246,458,683,389,28,11,58,3,18,9,131,43
42,r6_d20_t1_w20,164,103,1251,460,688,390,28,10,60,2,17,9,131,43
42,r6_d20_t1_w20,165,100,1258,462,696,394,30,9,59,2,16,9,131,43
42,r6_d20_t1_w20,166,104,1268,464,700,398,31,8,58,3,15,9,131,43
42,r6_d20_t1_w20,167,110,1278,465,703,401,32,6,58,4,12,10,131,43
42,r6_d20_t1_w20,168,111,1285,467,707,404,35,7,56,2,11,12,131,43
42,r6_d20_t1_w20,169,106,1290,469,715,405,36,8,56,0,9,12,131,43
42,r6_d20_t1_w20,170,110,1298,473,715,411,37,12,50,1,9,13,131,43
42,r6_d20_t1_w20,171,117,1306,474,715,414,39,12,48,1,9,14,131,43
42,r6_d20_t1_w20,172,123,1315,477,715,424,45,11,42,2,9,15,131,43
42,r6_d20_t1_w20,173,128,1323,480,715,427,45,11,42,2,9,17,131,43
42,r6_d20_t1_w20,174,126,1328,486,716,430,44,15,41,0,9,18,131,43
42,r6_d20_t1_w20,175,131,1335,488,716,435,47,16,37,0,9,19,131,43
42,r6_d20_t1_w20,176,131,1341,491,719,443,50,18,30,2,9,19,131,43
42,r6_d20_t1_w20,177,132,1349,492,725,445,50,17,30,3,9,19,131,43
42,r6_d20_t1_w20,178,128,1355,497,730,448,50,19,30,1,9,18,131,43
42,r6_d20_t1_w20,179,125,1364,499,740,451,50,18,30,2,9,19,131,43
42,r6_d20_t1_w20,180,125,1372,501,746,453,49,19,29,3,10,18,121,40
42,r6_d20_t1_w20,181,125,1382,505,752,455,47,19,31,3,13,17,121,40
42,r6_d20_t1_w20,182,127,1391,509,755,459,44,16,34,6,14,17,121,40
42,r6_d20_t1_w20,183,130,1401,512,759,463,44,16,33,7,15,16,121,40
42,r6_d20_t1_w20,184,129,1406,517,760,465,42,16,36,6,16,16,121,40
42,r6_d20_t1_w20,185,125,1412,521,766,466,40,16,39,5,16,15,131,43
42,r6_d20_t1_w20,186,117,1417,525,775,466,38,17,42,3,17,13,131,43
42,r6_d20_t1_w20,187,115,1427,529,783,467,35,15,47,3,17,12,131,43
42,r6_d20_t1_w20,188,114,1434,531,789,470,37,15,46,2,18,11,131,43
42,r6_d20_t1_w20,189,111,1440,538,791,473,32,20,45,3,18,10,131,43
42,r6_d20_t1_w20,190,111,1446,538,797,476,32,15,47,6,18,10,131,43
42,r6_d20_t1_w20,191,112,1456,541,803,478,33,15,48,4,18,9,131,43
42,r6_d20_t1_w20,192,112,1466,544,810,481,36,15,48,1,18,11,131,43
42,r6_d20_t1_w20,193,112,1475,547,816,484,36,13,50,1,18,11,131,43
42,r6_d20_t1_w20,194,113,1482,549,820,489,38,12,48,2,17,11,131,43
42,r6_d20_t1_w20,195,116,1492,550,826,494,41,11,45,3,14,12,131,43
42,r6_d20_t1_w20,196,117,1499,551,831,495,42,10,46,2,14,14,131,43
42,r6_d20_t1_w20,197,116,1505,553,836,495,41,7,51,1,13,14,131,43
42,r6_d20_t1_w20,198,115,1510,555,840,498,42,7,50,1,11,14,131,43
42,r6_d20_t1_w20,199,108,1515,559,848,503,40,9,47,4,9,14,131,43
42,r6_d20_t1_w20,200,115,1523,559,849,508,43,7,44,6,9,15,131,43
42,r6_d20_t1_w20,201,117,1531,565,849,511,44,12,42,2,9,15,131,43
42,r6_d20_t1_w20,202,124,1541,568,849,513,45,13,42,0,9,17,131,43
42,r6_d20_t1_w20,203,132,1550,569,849,516,47,12,41,0,9,17,131,43
42,r6_d20_t1_w20,204,137,1560,571,852,519,46,12,40,2,9,17,131,43
42,r6_d20_t1_w20,205,137,1565,571,857,523,49,9,39,3,9,18,131,43
42,r6_d20_t1_w20,206,141,1572,573,858,527,52,10,36,2,9,19,131,43
42,r6_d20_t1_w20,207,139,1578,576,863,531,54,12,33,1,9,18,131,43
42,r6_d20_t1_w20,208,137,1584,579,868,533,54,12,34,0,9,17,131,43
42,r6_d20_t1_w20,209,138,1593,582,873,536,54,10,36,0,9,17,131,43
42,r6_d20_t1_w20,210,133,1598,586,879,542,56,14,30,0,9,16,131,43
42,r6_d20_t1_w20,211,130,1605,586,889,544,55,12,30,3,11,15,131,43
42,r6_d20_t1_w20,212,127,1614,589,898,547,42,14,28,16,14,14,131,43
42,r6_d20_t1_w20,213,126,1624,592,906,549,44,15,28,13,14,14,131,43
42,r6_d20_t1_w20,214,117,1633,606,910,551,43,26,29,2,13,12,131,43
42,r6_d20_t1_w20,215,117,1643,607,919,553,41,22,32,5,17,11,131,43
42,r6_d20_t1_w20,216,114,1649,610,925,556,43,20,34,3,17,11,131,43
42,r6_d20_t1_w20,217,112,1654,614,928,558,42,19,37,2,16,11,131,43
42,r6_d20_t1_w20,218,118,1664,615,931,561,43,12,42,3,17,10,131,43
42,r6_d20_t1_w20,219,120,1670,618,932,561,42,11,46,1,18,10,131,43
42,r6_d20_t1_w20,220,120,1679,620,939,562,42,9,49,0,18,10,131,43
42,r6_d20_t1_w20,221,121,1687,620,946,562,41,5,53,1,18,9,131,43
42,r6_d20_t1_w20,222,120,1697,621,956,562,39,3,56,2,18,9,131,43
42,r6_d20_t1_w20,223,117,1705,623,965,566,42,5,52,1,16,9,131,43
42,r6_d20_t1_w20,224,115,1713,626,972,567,41,8,51,0,15,10,131,43
42,r6_d20_t1_w20,225,115,1720,628,977,572,42,8,48,2,15,11,131,43
42,r6_d20_t1_w20,226,114,1727,630,983,575,41,9,46,4,12,13,131,43
42,r6_d20_t1_w20,227,111,1736,636,989,578,39,12,46,3,11,14,131,43
42,r6_d20_t1_w20,228,107,1741,641,993,581,38,16,44,2,10,15,131,43
42,r6_d20_t1_w20,229,109,1751,643,999,585,39,16,42,3,9,15,131,43
42,r6_d20_t1_w20,230,116,1760,644,1000,587,40,12,45,3,9,16,131,43
42,r6_d20_t1_w20,231,119,1765,646,1000,596,46,12,38,4,9,17,131,43
42,r6_d20_t1_w20,232,123,1772,648,1001,601,50,11,36,3,9,18,131,43
42,r6_d20_t1_w20,233,126,1779,652,1001,603,49,11,38,2,9,18,131,43
42,r6_d20_t1_w20,234,129,1784,652,1003,605,51,10,37,2,9,21,131,43
42,r6_d20_t1_w20,235,124,1790,655,1011,609,53,8,38,1,9,20,111,40
42,r6_d20_t1_w20,236,127,1800,658,1015,613,54,10,35,1,9,20,111,40
42,r6_d20_t1_w20,237,134,1809,660,1015,618,57,10,32,1,9,20,111,40
42,r6_d20_t1_w20,238,134,1816,660,1022,619,57,7,34,2,9,19,111,40
42,r6_d20_t1_w20,239,136,1824,662,1026,620,57,8,34,1,9,20,111,40
42,r6_d20_t1_w20,240,138,1833,664,1031,621,55,10,33,2,10,20,131,43
42,r6_d20_t1_w20,241,138,1841,664,1039,622,41,6,36,17,15,19,131,43
42,r6_d20_t1_w20,242,137,1849,666,1046,623,37,7,36,20,16,17,131,43
42,r6_d20_t1_w20,243,122,1856,681,1053,628,40,20,33,7,15,16,131,43
42,r6_d20_t1_w20,244,116,1862,688,1058,630,37,24,34,5,15,15,131,43
42,r6_d20_t1_w20,245,115,1869,690,1064,633,36,22,35,7,14,13,131,43
42,r6_d20_t1_w20,246,115,1879,695,1069,633,32,20,42,6,15,13,131,43
42,r6_d20_t1_w20,247,111,1884,699,1074,636,32,16,47,5,15,12,131,43
42,r6_d20_t1_w20,248,109,1889,702,1078,642,37,18,42,3,16,12,131,43
42,r6_d20_t1_w20,249,101,1895,706,1088,644,37,18,44,1,16,12,131,43
42,r6_d20_t1_w20,250,95,1900,709,1096,646,36,15,48,1,17,9,131,43
42,r6_d20_t1_w20,251,93,1905,711,1101,648,36,15,48,1,17,9,131,43
42,r6_d20_t1_w20,252,91,1911,713,1107,653,36,13,47,4,17,10,131,43
42,r6_d20_t1_w20,253,93,1919,714,1112,655,33,13,46,8,17,10,131,43
42,r6_d20_t1_w20,254,92,1925,717,1116,657,32,13,47,8,17,12,131,43
42,r6_d20_t1_w20,255,88,1933,724,1121,658,31,17,49,3,17,11,122,43
42,r6_d20_t1_w20,256,88,1941,727,1126,661,33,15,51,1,16,11,122,43
42,r6_d20_t1_w20,257,85,1948,728,1135,665,34,13,50,3,13,12,122,43
42,r6_d20_t1_w20,258,81,1953,731,1141,671,36,14,46,4,10,13,122,43
42,r6_d20_t1_w20,259,81,1959,732,1146,672,38,12,48,2,9,13,122,43
42,r6_d20_t1_w20,260,86,1968,736,1146,677,41,12,47,0,9,16,131,43
42,r6_d20_t1_w20,261,88,1973,738,1147,683,44,13,42,1,9,16,131,43
42,r6_d20_t1_w20,262,97,1982,738,1147,686,43,10,42,5,9,17,131,43
42,r6_d20_t1_w20,263,100,1989,742,1147,691,45,10,41,4,9,17,131,43
42,r6_d20_t1_w20,264,101,1994,746,1147,693,47,12,41,0,9,17,131,43
42,r6_d20_t1_w20,265,107,2001,746,1148,696,50,10,40,0,9,19,131,43
42,r6_d20_t1_w20,266,112,2009,749,1148,702,50,12,35,3,9,20,131,43
42,r6_d20_t1_w20,267,119,2017,749,1149,705,52,10,34,4,9,24,131,43
42,r6_d20_t1_w20,268,122,2027,753,1152,706,51,12,35,2,9,24,131,43
42,r6_d20_t1_w20,269,128,2037,755,1154,709,53,12,34,1,9,25,131,43
42,r6_d20_t1_w20,270,125,2043,761,1157,709,48,17,35,0,9,23,131,43
42,r6_d20_t1_w20,271,124,2050,764,1162,712,47,18,34,1,9,23,131,43
42,r6_d20_t1_w20,272,126,2057,765,1166,714,45,14,37,4,11,22,131,43
42,r6_d20_t1_w20,273,126,2067,768,1173,721,39,16,31,14,14,19,131,43
42,r6_d20_t1_w20,274,126,2074,771,1177,722,38,16,33,13,14,18,131,43
42,r6_d20_t1_w20,275,115,2081,783,1183,726,40,22,35,3,12,16,131,43
42,r6_d20_t1_w20,276,117,2091,786,1188,727,40,21,38,1,14,16,131,43
42,r6_d20_t1_w20,277,117,2097,787,1193,729,42,16,42,0,16,15,131,43
42,r6_d20_t1_w20,278,121,2107,789,1197,732,42,15,42,1,17,14,131,43
42,r6_d20_t1_w20,279,122,2114,789,1203,734,43,12,43,2,17,14,131,43
42,r6_d20_t1_w20,280,117,2119,792,1210,738,43,10,44,3,17,11,131,43
42,r6_d20_t1_w20,281,115,2124,794,1215,742,45,8,44,3,17,11,131,43
42,r6_d20_t1_w20,282,110,2129,796,1223,743,43,7,46,4,17,10,131,43
42,r6_d20_t1_w20,283,109,2138,800,1229,747,42,11,42,5,16,10,131,43
42,r6_d20_t1_w20,284,106,2143,806,1231,748,40,14,44,2,17,10,131,43
42,r6_d20_t1_w20,285,105,2150,809,1236,748,38,13,48,1,17,9,121,40
42,r6_d20_t1_w20,286,106,2160,811,1243,750,37,14,47,2,14,12,121,40
42,r6_d20_t1_w20,287,102,2165,814,1249,751,36,12,51,1,13,13,121,40
42,r6_d20_t1_w20,288,99,2172,815,1258,756,38,12,47,3,11,13,121,40
42,r6_d20_t1_w20,289,94,2178,817,1267,760,40,11,46,3,9,14,121,40
42,r6_d20_t1_w20,290,101,2186,818,1267,764,45,10,44,1,9,15,126,43
42,r6_d20_t1_w20,291,106,2193,820,1267,772,49,10,38,3,9,16,126,43
42,r6_d20_t1_w20,292,108,2198,823,1267,776,50,12,35,3,9,16,126,43
42,r6_d20_t1_w20,293,110,2204,827,1267,782,52,15,30,3,9,17,126,43
42,r6_d20_t1_w20,294,114,2210,829,1267,784,53,13,32,2,9,17,126,43
42,r6_d20_t1_w20,295,115,2219,836,1268,788,52,16,32,0,9,16,131,43
42,r6_d20_t1_w20,296,114,2227,837,1276,789,52,14,34,0,9,15,131,43
42,r6_d20_t1_w20,297,115,2235,838,1282,789,50,12,37,1,9,15,131,43
42,r6_d20_t1_w20,298,114,2244,839,1291,792,52,12,35,1,9,16,131,43
42,r6_d20_t1_w20,299,113,2249,840,1296,794,52,11,35,2,9,17,131,43
42,r6_d20_t1_w20,300,114,2256,842,1300,797,49,12,33,6,10,16,131,43
42,r6_d20_t1_w20,301,117,2264,844,1303,797,39,9,38,14,14,16,131,43
42,r6_d20_t1_w20,302,116,2270,851,1303,800,39,15,36,10,15,15,131,43
42,r6_d20_t1_w20,303,104,2276,862,1310,805,42,25,32,1,10,15,131,43
42,r6_d20_t1_w20,304,106,2283,864,1313,806,41,19,39,1,11,14,131,43
42,r6_d20_t1_w20,305,108,2289,865,1316,808,42,16,41,1,13,14,131,43
42,r6_d20_t1_w20,306,101,2296,870,1325,812,41,18,40,1,14,12,131,43
42,r6_d20_t1_w20,307,104,2304,871,1329,813,42,15,43,0,16,12,131,43
42,r6_d20_t1_w20,308,106,2314,872,1336,813,40,12,47,1,16,10,131,43
42,r6_d20_t1_w20,309,109,2322,873,1340,816,39,10,47,4,17,10,131,43
42,r6_d20_t1_w20,310,107,2328,874,1347,818,38,11,45,6,17,10,131,43
42,r6_d20_t1_w20,311,108,2335,877,1350,820,40,12,45,3,16,12,131,43
42,r6_d20_t1_w20,312,108,2343,881,1354,824,41,11,46,2,16,11,131,43
42,r6_d20_t1_w20,313,112,2351,881,1358,828,45,8,45,2,16,11,131,43
42,r6_d20_t1_w20,314,112,2359,886,1361,831,45,11,44,0,16,11,131,43
42,r6_d20_t1_w20,315,115,2367,886,1366,833,47,10,43,0,15,12,131,43
42,r6_d20_t1_w20,316,116,2375,887,1372,837,49,9,41,1,14,14,131,43
42,r6_d20_t1_w20,317,112,2382,891,1379,840,48,11,40,1,13,14,131,43
42,r6_d20_t1_w20,318,111,2392,895,1386,845,48,13,37,2,11,15,131,43
42,r6_d20_t1_w20,319,112,2398,895,1391,847,47,12,36,5,9,17,131,43
42,r6_d20_t1_w20,320,118,2408,898,1392,851,50,13,34,3,9,18,131,43
42,r6_d20_t1_w20,321,125,2417,900,1392,856,55,11,33,1,9,19,131,43
42,r6_d20_t1_w20,322,130,2424,902,1392,861,58,11,30,1,9,20,131,43
42,r6_d20_t1_w20,323,133,2429,904,1392,865,60,9,30,1,9,21,131,43
42,r6_d20_t1_w20,324,138,2438,904,1396,866,61,9,29,1,9,22,131,43
42,r6_d20_t1_w20,325,140,2447,906,1401,867,59,8,31,2,9,22,131,43
42,r6_d20_t1_w20,326,141,2452,906,1405,869,60,7,30,3,9,21,131,43
42,r6_d20_t1_w20,327,137,2457,910,1410,872,61,9,29,1,9,20,131,43
42,r6_d20_t1_w20,328,135,2465,913,1417,876,61,10,27,2,9,20,131,43
42,r6_d20_t1_w20,329,133,2473,916,1424,878,60,13,25,2,9,17,131,43
42,r6_d20_t1_w20,330,132,2483,923,1428,878,54,16,29,1,10,17,131,43
42,r6_d20_t1_w20,331,132,2491,924,1435,881,45,15,28,12,11,16,131,43
42,r6_d20_t1_w20,332,129,2498,926,1443,881,43,16,29,12,12,15,131,43
42,r6_d20_t1_w20,333,118,2507,939,1450,883,41,25,31,3,13,15,131,43
42,r6_d20_t1_w20,334,118,2515,941,1456,885,40,20,36,4,15,14,131,43
42,r6_d20_t1_w20,335,112,2520,945,1463,888,39,22,35,4,14,14,121,40
42,r6_d20_t1_w20,336,113,2529,947,1469,893,42,17,37,4,15,13,121,40
42,r6_d20_t1_w20,337,115,2537,950,1472,898,46,17,35,2,16,13,121,40
42,r6_d20_t1_w20,338,109,2544,954,1481,899,45,19,36,0,17,12,121,40
42,r6_d20_t1_w20,339,110,2551,954,1487,900,43,12,42,3,18,10,121,40
42,r6_d20_t1_w20,340,107,2557,956,1494,902,43,9,45,3,18,8,131,43
42,r6_d20_t1_w20,341,105,2566,959,1502,903,42,12,44,2,18,7,131,43
42,r6_d20_t1_w20,342,106,2576,961,1509,905,41,12,44,3,18,9,131,43
42,r6_d20_t1_w20,343,107,2583,964,1512,909,42,13,42,3,18,10,131,43
42,r6_d20_t1_w20,344,105,2591,965,1521,911,43,11,43,3,17,11,131,43
42,r6_d20_t1_w20,345,101,2597,968,1528,915,46,11,42,1,14,12,131,43
42,r6_d20_t1_w20,346,101,2604,970,1533,917,46,11,42,1,13,13,131,43
42,r6_d20_t1_w20,347,107,2613,970,1536,920,48,8,42,2,13,14,131,43
42,r6_d20_t1_w20,348,106,2620,972,1542,923,49,6,43,2,11,13,131,43
42,r6_d20_t1_w20,349,102,2625,975,1548,930,51,8,37,4,9,14,131,43
42,r6_d20_t1_w20,350,108,2635,978,1549,931,49,9,38,4,9,15,131,43
42,r6_d20_t1_w20,351,113,2645,983,1549,933,49,14,36,1,9,18,131,43
42,r6_d20_t1_w20,352,114,2652,989,1549,937,47,16,36,1,9,18,131,43
42,r6_d20_t1_w20,353,123,2662,990,1549,941,49,15,34,2,9,19,131,43
42,r6_d20_t1_w20,354,127,2668,992,1549,945,51,15,32,2,9,19,131,43
42,r6_d20_t1_w20,355,135,2678,994,1549,946,51,16,32,1,9,20,131,43
42,r6_d20_t1_w20,356,133,2684,996,1555,949,50,14,33,3,9,19,131,43
42,r6_d20_t1_w20,357,131,2691,998,1562,954,52,10,34,4,9,19,131,43
42,r6_d20_t1_w20,358,131,2698,1002,1565,955,49,12,35,4,9,20,131,43
42,r6_d20_t1_w20,359,133,2707,1004,1570,955,48,11,38,3,9,20,131,43
42,r6_d20_t1_w20,360,134,2714,1010,1570,957,44,15,38,3,9,20,126,43
42,r6_d20_t1_w20,361,131,2719,1011,1577,958,44,14,39,3,9,20,126,43
42,r6_d20_t1_w20,362,127,2724,1014,1583,961,43,13,40,4,13,19,126,43
42,r6_d20_t1_w20,363,126,2729,1014,1589,964,35,9,41,15,14,18,126,43
42,r6_d20_t1_w20,364,122,2737,1018,1597,964,35,10,44,11,14,17,126,43
42,r6_d20_t1_w20,365,110,2742,1030,1602,967,34,18,45,3,13,15,131,43
42,r6_d20_t1_w20,366,111,2749,1030,1608,970,34,11,49,6,14,15,131,43
42,r6_d20_t1_w20,367,104,2755,1035,1616,975,32,14,46,8,15,15,131,43
42,r6_d20_t1_w20,368,102,2761,1039,1620,977,32,15,47,6,16,13,131,43
42,r6_d20_t1_w20,369,100,2767,1045,1622,981,32,18,46,4,16,12,131,43
42,r6_d20_t1_w20,370,98,2772,1046,1628,985,36,16,45,3,16,11,131,43
42,r6_d20_t1_w20,371,94,2779,1051,1634,986,34,12,53,1,18,10,131,43
42,r6_d20_t1_w20,372,93,2785,1054,1638,992,35,14,48,3,17,10,131,43
42,r6_d20_t1_w20,373,92,2794,1058,1644,995,34,16,47,3,17,8,131,43
42,r6_d20_t1_w20,374,88,2799,1061,1650,998,35,17,46,2,17,7,131,43
42,r6_d20_t1_w20,375,84,2805,1064,1657,1002,36,19,43,2,16,8,131,43
42,r6_d20_t1_w20,376,84,2813,1066,1663,1003,36,16,47,1,13,9,131,43
42,r6_d20_t1_w20,377,82,2820,1070,1668,1007,35,16,47,2,13,9,131,43
42,r6_d20_t1_w20,378,79,2825,1071,1675,1010,35,12,49,4,10,9,131,43
42,r6_d20_t1_w20,379,79,2833,1073,1681,1013,38,10,50,2,9,11,131,43
42,r6_d20_t1_w20,380,81,2838,1076,1681,1015,38,12,49,1,9,11,115,42
42,r6_d20_t1_w20,381,88,2847,1077,1682,1020,39,9,48,4,9,13,115,42
42,r6_d20_t1_w20,382,91,2852,1079,1682,1023,41,5,51,3,9,13,115,42
42,r6_d20_t1_w20,383,94,2859,1083,1682,1025,41,8,50,1,9,13,115,42
42,r6_d20_t1_w20,384,102,2868,1083,1683,1028,44,8,47,1,9,15,115,42
42,r6_d20_t1_w20,385,108,2878,1087,1683,1034,46,12,41,1,9,17,131,43
42,r6_d20_t1_w20,386,116,2888,1089,1683,1036,46,13,40,1,9,18,131,43
42,r6_d20_t1_w20,387,120,2897,1092,1685,1039,45,13,40,2,9,19,131,43
42,r6_d20_t1_w20,388,121,2902,1092,1689,1040,46,12,40,2,9,19,131,43
42,r6_d20_t1_w20,389,121,2907,1094,1692,1040,46,7,47,0,9,18,131,43
42,r6_d20_t1_w20,390,124,2917,1098,1695,1044,44,9,45,2,11,16,121,40
42,r6_d20_t1_w20,391,125,2925,1099,1701,1049,36,10,40,14,13,16,121,40
42,r6_d20_t1_w20,392,124,2931,1102,1705,1052,37,11,39,13,14,16,121,40
42,r6_d20_t1_w20,393,112,2937,1116,1709,1057,39,23,36,2,12,16,121,40
42,r6_d20_t1_w20,394,115,2946,1118,1713,1064,44,18,36,2,15,15,121,40
42,r6_d20_t1_w20,395,118,2956,1120,1718,1067,46,15,38,1,17,15,131,43
42,r6_d20_t1_w20,396,118,2964,1122,1724,1070,45,15,37,3,18,12,131,43
42,r6_d20_t1_w20,397,117,2970,1123,1730,1074,46,10,39,5,18,12,131,43
42,r6_d20_t1_w20,398,117,2977,1127,1733,1074,45,11,42,2,17,12,131,43
42,r6_d20_t1_w20,399,117,2986,1129,1740,1075,46,9,45,0,18,12,131,43
42,r6_d20_t1_w20,400,115,2991,1132,1744,1077,43,10,45,2,18,11,131,43
42,r6_d20_t1_w20,401,116,3000,1133,1751,1079,43,9,45,3,18,12,131,43
42,r6_d20_t1_w20,402,118,3008,1136,1754,1080,43,11,45,1,18,12,131,43
42,r6_d20_t1_w20,403,116,3013,1139,1758,1084,45,9,46,0,18,12,131,43
42,r6_d20_t1_w20,404,116,3022,1140,1766,1088,46,9,43,2,17,14,131,43
42,r6_d20_t1_w20,405,114,3027,1140,1773,1092,48,8,40,4,15,15,131,43
42,r6_d20_t1_w20,406,112,3032,1142,1778,1095,50,7,40,3,13,16,131,43
42,r6_d20_t1_w20,407,109,3040,1145,1786,1099,51,9,37,3,12,16,131,43
42,r6_d20_t1_w20,408,111,3048,1147,1790,1103,54,9,35,2,10,17,131,43
42,r6_d20_t1_w20,409,115,3058,1149,1794,1106,57,9,34,0,9,18,131,43
42,r6_d20_t1_w20,410,119,3063,1149,1795,1106,57,4,39,0,9,19,131,43
42,r6_d20_t1_w20,411,124,3070,1151,1795,1108,56,5,38,1,9,20,131,43
42,r6_d20_t1_w20,412,132,3079,1152,1795,1111,56,5,36,3,9,22,131,43
42,r6_d20_t1_w20,413,134,3087,1156,1797,1113,54,7,36,3,9,22,131,43
42,r6_d20_t1_w20,414,131,3093,1159,1803,1114,52,10,35,3,9,24,131,43
42,r6_d20_t1_w20,415,128,3100,1160,1812,1117,54,11,32,3,9,20,131,43
42,r6_d20_t1_w20,416,129,3107,1163,1815,1122,57,13,28,2,9,19,131,43
42,r6_d20_t1_w20,417,128,3112,1165,1819,1125,58,14,26,2,9,18,131,43
42,r6_d20_t1_w20,418,129,3121,1168,1824,1128,59,15,25,1,9,18,131,43
42,r6_d20_t1_w20,419,124,3126,1171,1831,1131,60,14,26,0,9,19,131,43
42,r6_d20_t1_w20,420,126,3135,1174,1835,1133,58,15,26,1,10,19,131,43
42,r6_d20_t1_w20,421,121,3140,1176,1843,1136,47,13,27,13,11,18,131,43
42,r6_d20_t1_w20,422,119,3145,1177,1849,1137,38,13,27,22,13,17,131,43
42,r6_d20_t1_w20,423,105,3151,1192,1854,1140,36,26,26,12,10,16,131,43
42,r6_d20_t1_w20,424,93,3159,1203,1863,1142,36,30,31,3,9,16,131,43
42,r6_d20_t1_w20,425,91,3165,1206,1868,1143,36,30,33,1,9,15,131,43
42,r6_d20_t1_w20,426,96,3174,1208,1870,1147,36,28,33,3,13,14,131,43
42,r6_d20_t1_w20,427,98,3181,1208,1875,1147,29,21,40,10,15,13,131,43
42,r6_d20_t1_w20,428,95,3191,1213,1883,1148,27,15,50,8,16,12,131,43
42,r6_d20_t1_w20,429,83,3197,1221,1893,1151,26,16,54,4,14,9,131,43
42,r6_d20_t1_w20,430,84,3204,1222,1898,1152,26,12,58,4,17,9,131,43
42,r6_d20_t1_w20,431,82,3210,1226,1902,1153,25,12,61,2,15,9,131,43
42,r6_d20_t1_w20,432,78,3215,1228,1909,1153,23,13,62,2,14,8,131,43
42,r6_d20_t1_w20,433,78,3223,1229,1916,1155,23,12,62,3,15,7,131,43
42,r6_d20_t1_w20,434,80,3232,1230,1922,1160,24,11,59,6,16,7,131,43
42,r6_d20_t1_w20,435,83,3242,1232,1927,1162,25,11,59,5,15,8,131,43
42,r6_d20_t1_w20,436,82,3252,1236,1934,1165,27,10,61,2,13,10,131,43
42,r6_d20_t1_w20,437,84,3260,1239,1937,1170,28,10,59,3,12,10,131,43
42,r6_d20_t1_w20,438,81,3269,1243,1945,1172,27,8,63,2,9,12,131,43
42,r6_d20_t1_w20,439,85,3278,1246,1947,1176,29,9,61,1,9,11,131,43
42,r6_d20_t1_w20,440,89,3286,1250,1947,1182,31,10,58,1,9,14,131,43
42,r6_d20_t1_w20,441,89,3291,1254,1948,1188,34,14,52,0,9,13,131,43
42,r6_d20_t1_w20,442,91,3296,1257,1948,1191,31,14,52,3,9,13,131,43
42,r6_d20_t1_w20,443,98,3304,1258,1948,1196,35,14,48,3,9,14,131,43
42,r6_d20_t1_w20,444,103,3313,1262,1948,1199,35,15,48,2,9,14,131,43
42,r6_d20_t1_w20,445,109,3322,1265,1948,1209,42,16,40,2,9,15,121,40
42,r6_d20_t1_w20,446,116,3331,1267,1948,1214,46,16,37,1,9,15,121,40
42,r6_d20_t1_w20,447,120,3337,1268,1949,1217,47,12,39,2,9,16,121,40
42,r6_d20_t1_w20,448,126,3344,1269,1949,1218,48,11,40,1,9,17,121,40
42,r6_d20_t1_w20,449,134,3353,1270,1949,1221,51,8,41,0,9,18,121,40
42,r6_d20_t1_w20,450,139,3361,1272,1950,1223,46,7,42,5,10,18,131,43
42,r6_d20_t1_w20,451,141,3369,1273,1955,1228,43,8,37,12,12,18,131,43
42,r6_d20_t1_w20,452,138,3374,1279,1957,1231,44,13,35,8,13,17,131,43
42,r6_d20_t1_w20,453,130,3381,1288,1963,1237,46,16,35,3,13,16,131,43
42,r6_d20_t1_w20,454,133,3390,1289,1968,1240,46,13,36,5,15,15,131,43
42,r6_d20_t1_w20,455,123,3396,1296,1977,1242,42,17,37,4,16,15,131,43
42,r6_d20_t1_w20,456,116,3401,1301,1984,1245,42,18,38,2,16,14,131,43
42,r6_d20_t1_w20,457,117,3410,1303,1990,1247,42,16,40,2,16,12,131,43
42,r6_d20_t1_w20,458,120,3420,1304,1996,1248,42,13,43,2,17,11,131,43
42,r6_d20_t1_w20,459,118,3429,1307,2004,1251,42,15,41,2,17,11,131,43
42,r6_d20_t1_w20,460,115,3435,1309,2011,1252,40,16,41,3,17,10,131,43
42,r6_d20_t1_w20,461,117,3440,1310,2013,1254,41,14,42,3,17,10,131,43
42,r6_d20_t1_w20,462,122,3450,1312,2016,1256,42,9,47,2,17,12,131,43
42,r6_d20_t1_w20,463,123,3460,1314,2023,1258,42,7,49,2,18,14,131,43
42,r6_d20_t1_w20,464,122,3470,1316,2032,1261,43,7,48,2,18,14,131,43
42,r6_d20_t1_w20,465,122,3479,1318,2039,1264,45,7,47,1,18,14,131,43
42,r6_d20_t1_w20,466,121,3489,1321,2047,1269,47,9,43,1,15,15,131,43
42,r6_d20_t1_w20,467,124,3498,1322,2052,1271,48,7,44,1,13,16,131,43
42,r6_d20_t1_w20,468,122,3508,1328,2058,1273,45,12,43,0,11,17,131,43
42,r6_d20_t1_w20,469,121,3516,1328,2067,1275,44,11,42,3,9,18,131,43
42,r6_d20_t1_w20,470,127,3522,1328,2067,1278,45,10,40,5,9,18,131,43
42,r6_d20_t1_w20,471,132,3532,1333,2067,1281,46,13,39,2,9,21,131,43
42,r6_d20_t1_w20,472,134,3538,1337,2067,1289,52,15,33,0,9,23,131,43
42,r6_d20_t1_w20,473,138,3544,1339,2067,1292,53,15,32,0,9,23,131,43
42,r6_d20_t1_w20,474,137,3553,1341,2075,1297,55,12,32,1,9,23,131,43
42,r6_d20_t1_w20,475,138,3561,1344,2079,1302,56,12,30,2,9,23,131,43
42,r6_d20_t1_w20,476,139,3566,1346,2081,1305,58,13,28,1,9,22,131,43
42,r6_d20_t1_w20,477,135,3571,1348,2088,1306,58,12,30,0,9,22,131,43
42,r6_d20_t1_w20,478,133,3581,1351,2097,1309,58,13,29,0,9,21,131,43
42,r6_d20_t1_w20,479,132,3588,1353,2103,1311,57,13,29,1,9,19,131,43
42,r6_d20_t1_w20,480,133,3598,1358,2107,1312,53,14,32,1,9,19,131,43
42,r6_d20_t1_w20,481,131,3603,1361,2111,1313,49,16,32,3,11,18,131,43
42,r6_d20_t1_w20,482,130,3613,1363,2120,1316,41,16,31,12,12,17,131,43
42,r6_d20_t1_w20,483,128,3623,1368,2127,1317,40,20,31,9,15,16,131,43
42,r6_d20_t1_w20,484,116,3629,1379,2134,1319,38,25,35,2,13,16,131,43
42,r6_d20_t1_w20,485,115,3637,1380,2142,1321,38,18,41,3,15,14,131,43
42,r6_d20_t1_w20,486,113,3644,1382,2149,1322,39,16,44,1,16,14,131,43
42,r6_d20_t1_w20,487,111,3651,1384,2156,1327,42,14,43,1,17,13,131,43
42,r6_d20_t1_w20,488,112,3659,1385,2162,1330,44,14,41,1,18,11,131,43
42,r6_d20_t1_w20,489,110,3665,1386,2169,1335,46,12,39,3,17,10,131,43
42,r6_d20_t1_w20,490,112,3673,1387,2174,1336,46,9,42,3,18,9,126,43
42,r6_d20_t1_w20,491,108,3681,1392,2181,1339,47,10,43,0,18,8,126,43
42,r6_d20_t1_w20,492,109,3688,1393,2186,1339,45,9,45,1,18,8,126,43
42,r6_d20_t1_w20,493,109,3693,1393,2191,1341,45,6,46,3,18,10,126,43
42,r6_d20_t1_w20,494,111,3703,1394,2198,1342,44,5,47,4,17,11,126,43
42,r6_d20_t1_w20,495,110,3710,1398,2202,1344,43,8,46,3,16,11,131,43
42,r6_d20_t1_w20,496,109,3715,1401,2205,1348,45,7,46,2,15,12,131,43
42,r6_d20_t1_w20,497,108,3720,1403,2209,1351,46,6,46,2,13,13,131,43
42,r6_d20_t1_w20,498,106,3729,1406,2217,1356,49,8,42,1,10,13,131,43
42,r6_d20_t1_w20,499,106,3736,1409,2221,1359,48,9,41,2,9,14,131,43
42,r6_d20_t1_w20,500,113,3745,1410,2222,1362,50,8,40,2,9,15,131,43
42,r6_d20_t1_w20,501,116,3750,1412,2222,1366,54,10,36,0,9,17,131,43
42,r6_d20_t1_w20,502,123,3759,1413,2223,1369,55,8,36,1,9,17,131,43
42,r6_d20_t1_w20,503,128,3765,1413,2224,1371,57,7,35,1,9,17,131,43
42,r6_d20_t1_w20,504,133,3775,1415,2227,1377,62,7,31,0,9,18,131,43
42,r6_d20_t1_w20,505,127,3781,1419,2235,1383,63,10,26,1,9,18,131,43
42,r6_d20_t1_w20,506,127,3789,1420,2242,1384,63,9,27,1,9,18,131,43
42,r6_d20_t1_w20,507,126,3799,1426,2247,1387,60,14,25,1,9,18,131,43
42,r6_d20_t1_w20,508,127,3807,1429,2251,1389,58,16,24,2,9,18,131,43
42,r6_d20_t1_w20,509,127,3813,1431,2255,1389,57,17,25,1,9,18,131,43
42,r6_d20_t1_w20,510,128,3821,1433,2260,1391,57,17,25,1,9,17,131,43
42,r6_d20_t1_w20,511,130,3830,1433,2267,1394,54,15,24,7,12,16,131,43
42,r6_d20_t1_w20,512,129,3836,1435,2272,1396,52,13,26,9,16,16,131,43
42,r6_d20_t1_w20,513,127,3845,1441,2277,1399,50,14,28,8,14,16,131,43
42,r6_d20_t1_w20,514,122,3852,1444,2286,1402,51,15,27,7,16,13,131,43
42,r6_d20_t1_w20,515,120,3859,1449,2290,1404,51,15,30,4,18,12,131,43
42,r6_d20_t1_w20,516,120,3866,1451,2295,1404,50,14,33,3,18,11,131,43
42,r6_d20_t1_w20,517,120,3874,1454,2300,1406,49,13,35,3,18,11,131,43
42,r6_d20_t1_w20,518,121,3884,1456,2307,1407,48,10,39,3,18,10,131,43
42,r6_d20_t1_w20,519,125,3894,1458,2311,1409,43,10,39,8,18,9,131,43
42,r6_d20_t1_w20,520,123,3903,1461,2319,1411,43,11,39,7,18,9,101,38
42,r6_d20_t1_w20,521,119,3913,1470,2324,1413,42,19,38,1,18,9,101,38
42,r6_d20_t1_w20,522,115,3920,1472,2333,1415,41,18,39,2,18,11,101,38
42,r6_d20_t1_w20,523,114,3927,1475,2338,1418,40,17,40,3,17,11,101,38
42,r6_d20_t1_w20,524,112,3933,1476,2345,1420,39,16,40,5,16,12,101,38
42,r6_d20_t1_w20,525,110,3939,1480,2349,1426,40,14,40,6,16,12,126,43
42,r6_d20_t1_w20,526,107,3947,1484,2356,1426,37,13,45,5,15,12,126,43
42,r6_d20_t1_w20,527,103,3953,1488,2362,1430,40,16,42,2,12,12,126,43
42,r6_d20_t1_w20,528,98,3960,1492,2370,1432,38,16,44,2,10,11,126,43
42,r6_d20_t1_w20,529,102,3970,1493,2375,1435,39,13,45,3,9,12,126,43
42,r6_d20_t1_w20,530,107,3979,1496,2376,1438,40,13,45,2,9,13,131,43
42,r6_d20_t1_w20,531,114,3989,1499,2376,1440,39,13,46,2,9,13,131,43
42,r6_d20_t1_w20,532,118,3994,1500,2376,1441,40,11,48,1,9,14,131,43
42,r6_d20_t1_w20,533,117,4000,1507,2376,1448,41,12,47,0,9,15,131,43
42,r6_d20_t1_w20,534,124,4010,1510,2376,1451,38,12,47,3,9,15,131,43
42,r6_d20_t1_w20,535,129,4015,1510,2376,1452,39,12,46,3,9,16,131,43
42,r6_d20_t1_w20,536,136,4025,1513,2376,1452,39,14,47,0,9,19,131,43
42,r6_d20_t1_w20,537,138,4034,1514,2382,1456,40,14,44,2,9,20,131,43
42,r6_d20_t1_w20,538,136,4042,1516,2390,1462,43,16,38,3,9,18,131,43
42,r6_d20_t1_w20,539,136,4050,1518,2396,1464,44,12,42,2,9,19,131,43
42,r6_d20_t1_w20,540,131,4056,1522,2403,1468,43,14,40,3,10,19,131,43
42,r6_d20_t1_w20,541,128,4061,1523,2410,1472,40,11,40,9,11,18,131,43
42,r6_d20_t1_w20,542,126,4069,1528,2415,1476,40,15,37,8,12,18,131,43
42,r6_d20_t1_w20,543,125,4077,1535,2417,1480,42,20,35,3,15,16,131,43
42,r6_d20_t1_w20,544,131,4087,1536,2420,1485,43,9,42,6,16,16,131,43
42,r6_d20_t1_w20,545,133,4093,1538,2422,1488,45,8,42,5,16,16,131,43
42,r6_d20_t1_w20,546,132,4102,1542,2428,1488,42,9,45,4,18,14,131,43
42,r6_d20_t1_w20,547,133,4110,1545,2432,1491,41,8,46,5,18,12,131,43
42,r6_d20_t1_w20,548,135,4119,1550,2434,1493,40,10,47,3,18,12,131,43
42,r6_d20_t1_w20,549,131,4129,1554,2444,1498,42,12,44,2,18,10,131,43
42,r6_d20_t1_w20,550,127,4135,1557,2451,1503,44,14,40,2,18,10,126,43
42,r6_d20_t1_w20,551,124,4140,1559,2457,1505,43,13,41,3,18,10,126,43
42,r6_d20_t1_w20,552,129,4150,1560,2461,1507,44,11,42,3,18,10,126,43
42,r6_d20_t1_w20,553,130,4159,1563,2466,1510,45,9,44,2,18,11,126,43
42,r6_d20_t1_w20,554,130,4167,1566,2471,1513,43,10,43,4,18,13,126,43
42,r6_d20_t1_w20,555,133,4177,1568,2476,1515,43,9,44,4,18,13,131,43
42,r6_d20_t1_w20,556,127,4183,1571,2485,1518,44,10,43,3,14,14,131,43
42,r6_d20_t1_w20,557,127,4192,1574,2491,1521,45,11,42,2,13,14,131,43
42,r6_d20_t1_w20,558,122,4198,1580,2496,1525,44,14,41,1,10,16,131,43
42,r6_d20_t1_w20,559,123,4207,1581,2503,1528,43,11,42,4,9,16,131,43
42,r6_d20_t1_w20,560,128,4213,1582,2503,1531,45,10,41,4,9,15,131,43
42,r6_d20_t1_w20,561,133,4222,1586,2503,1536,48,13,37,2,9,15,131,43
42,r6_d20_t1_w20,562,136,4228,1589,2503,1539,49,13,37,1,9,16,131,43
42,r6_d20_t1_w20,563,140,4235,1591,2504,1539,47,14,38,1,9,16,131,43
42,r6_d20_t1_w20,564,137,4242,1592,2513,1542,47,12,38,3,9,16,131,43
42,r6_d20_t1_w20,565,138,4249,1594,2517,1543,47,13,38,2,9,17,131,43
42,r6_d20_t1_w20,566,134,4256,1598,2524,1548,49,17,33,1,9,15,131,43
42,r6_d20_t1_w20,567,133,4263,1599,2531,1550,50,13,36,1,9,16,131,43
42,r6_d20_t1_w20,568,129,4268,1600,2539,1553,52,10,37,1,9,15,131,43
42,r6_d20_t1_w20,569,125,4275,1604,2546,1555,49,11,38,2,9,15,131,43
42,r6_d20_t1_w20,570,122,4283,1611,2550,1557,45,15,39,1,9,15,121,43
42,r6_d20_t1_w20,571,127,4292,1612,2553,1560,44,13,39,4,11,15,121,43
42,r6_d20_t1_w20,572,124,4299,1613,2562,1564,38,13,36,13,15,13,121,43
42,r6_d20_t1_w20,573,120,4306,1619,2567,1567,38,19,33,10,15,13,121,43
42,r6_d20_t1_w20,574,111,4311,1628,2572,1568,39,20,40,1,13,13,121,43
42,r6_d20_t1_w20,575,107,4318,1630,2581,1571,40,18,41,1,15,11,131,43
42,r6_d20_t1_w20,576,109,4326,1632,2585,1574,41,14,44,1,17,11,131,43
42,r6_d20_t1_w20,577,107,4333,1635,2591,1578,42,15,42,1,18,11,131,43
42,r6_d20_t1_w20,578,112,4342,1635,2595,1578,40,11,46,3,18,10,131,43
42,r6_d20_t1_w20,579,113,4352,1636,2603,1579,40,8,49,3,18,9,131,43
42,r6_d20_t1_w20,580,111,4359,1639,2609,1581,39,10,48,3,18,9,131,43
42,r6_d20_t1_w20,581,113,4368,1641,2614,1583,38,8,50,4,18,10,131,43
42,r6_d20_t1_w20,582,113,4375,1643,2619,1586,40,7,50,3,18,10,131,43
42,r6_d20_t1_w20,583,112,4384,1647,2625,1587,39,9,51,1,17,12,131,43
42,r6_d20_t1_w20,584,111,4391,1651,2629,1590,38,8,53,1,16,12,131,43
42,r6_d20_t1_w20,585,112,4399,1651,2636,1595,41,6,50,3,15,13,131,43
42,r6_d20_t1_w20,586,110,4404,1652,2642,1598,44,7,47,2,13,14,131,43
42,r6_d20_t1_w20,587,110,4414,1657,2647,1601,40,11,45,4,10,14,131,43
42,r6_d20_t1_w20,588,113,4422,1658,2651,1605,42,12,41,5,10,15,131,43
42,r6_d20_t1_w20,589,116,4432,1662,2654,1609,45,14,39,2,9,17,131,43
42,r6_d20_t1_w20,590,124,4442,1664,2654,1612,47,11,41,1,9,17,131,43
42,r6_d20_t1_w20,591,128,4447,1665,2654,1618,53,9,38,0,9,18,131,43
42,r6_d20_t1_w20,592,133,4455,1668,2654,1622,53,9,37,1,9,18,131,43
42,r6_d20_t1_w20,593,139,4461,1668,2654,1625,54,8,35,3,9,19,131,43
42,r6_d20_t1_w20,594,143,4469,1669,2657,1631,60,7,31,2,9,19,131,43
42,r6_d20_t1_w20,595,144,4478,1673,2661,1636,63,8,29,0,9,19,131,43
42,r6_d20_t1_w20,596,144,4486,1673,2669,1639,65,6,28,1,9,20,131,43
42,r6_d20_t1_w20,597,144,4491,1673,2674,1641,66,5,27,2,9,20,131,43
42,r6_d20_t1_w20,598,146,4501,1674,2681,1643,67,5,26,2,9,20,131,43
42,r6_d20_t1_w20,599,141,4508,1678,2689,1646,67,8,24,1,9,20,131,43
42,r6_d20_t1_w20,600,137,4514,1683,2694,1646,62,12,25,1,9,19,121,40
42,ctrl_d1_t5_w20,1,2,5,3,0,0,97,3,0,0,0,1,131,43
42,ctrl_d1_t5_w20,2,8,11,3,0,0,97,3,0,0,0,3,131,43
42,ctrl_d1_t5_w20,3,13,20,7,0,0,93,7,0,0,0,4,131,43
42,ctrl_d1_t5_w20,4,21,29,8,0,0,92,8,0,0,1,6,131,43
42,ctrl_d1_t5_w20,5,30,39,9,0,0,91,7,2,0,2,8,131,43
42,ctrl_d1_t5_w20,6,38,48,10,0,0,90,7,3,0,4,8,131,43
42,ctrl_d1_t5_w20,7,46,57,11,0,0,89,7,4,0,4,9,131,43
42,ctrl_d1_t5_w20,8,50,65,15,0,0,85,8,7,0,4,10,131,43
42,ctrl_d1_t5_w20,9,53,70,17,0,0,83,9,8,0,4,10,131,43
42,ctrl_d1_t5_w20,10,59,76,17,0,0,83,6,11,0,5,11,131,43
42,ctrl_d1_t5_w20,11,66,84,18,0,0,82,5,13,0,6,12,131,43
42,ctrl_d1_t5_w20,12,73,93,20,0,0,80,7,13,0,6,13,131,43
42,ctrl_d1_t5_w20,13,81,103,22,0,0,78,9,13,0,7,14,131,43
42,ctrl_d1_t5_w20,14,86,112,26,0,1,75,10,15,0,7,16,131,43
42,ctrl_d1_t5_w20,15,90,118,28,0,1,73,10,17,0,7,16,131,43
42,ctrl_d1_t5_w20,16,95,125,30,0,1,71,10,19,0,8,17,131,43
42,ctrl_d1_t5_w20,17,101,133,32,0,1,69,11,20,0,8,17,131,43
42,ctrl_d1_t5_w20,18,107,140,33,0,4,71,9,20,0,8,17,131,43
42,ctrl_d1_t5_w20,19,114,147,33,0,4,71,9,20,0,8,17,131,43
42,ctrl_d1_t5_w20,20,121,154,33,0,5,72,7,21,0,8,18,121,40
42,ctrl_d1_t5_w20,21,125,160,35,0,5,70,6,24,0,9,20,121,40
42,ctrl_d1_t5_w20,22,127,166,36,3,6,70,6,24,0,9,19,121,40
42,ctrl_d1_t5_w20,23,126,173,39,8,6,67,9,24,0,9,18,121,40
42,ctrl_d1_t5_w20,24,122,178,40,16,7,67,9,24,0,9,16,121,40
42,ctrl_d1_t5_w20,25,119,185,41,25,10,69,7,24,0,9,16,126,43
42,ctrl_d1_t5_w20,26,116,191,42,33,13,71,7,22,0,9,15,126,43
42,ctrl_d1_t5_w20,27,116,201,44,41,14,70,8,22,0,9,16,126,43
42,ctrl_d1_t5_w20,28,114,206,47,45,15,68,10,22,0,9,16,126,43
42,ctrl_d1_t5_w20,29,119,214,48,47,16,68,11,21,0,9,16,126,43
42,ctrl_d1_t5_w20,30,120,222,50,52,16,66,13,21,0,9,16,131,43
42,ctrl_d1_t5_w20,31,124,232,51,57,17,66,9,25,0,8,15,131,43
42,ctrl_d1_t5_w20,32,125,241,54,62,21,67,9,24,0,8,15,131,43
42,ctrl_d1_t5_w20,33,125,251,55,71,23,68,9,23,0,9,15,131,43
42,ctrl_d1_t5_w20,34,125,257,56,76,27,71,8,21,0,9,14,131,43
42,ctrl_d1_t5_w20,35,124,263,57,82,27,70,9,21,0,10,14,131,43
42,ctrl_d1_t5_w20,36,121,268,60,87,28,68,10,22,0,9,13,131,43
42,ctrl_d1_t5_w20,37,120,274,60,94,28,68,7,25,0,8,13,131,43
42,ctrl_d1_t5_w20,38,121,281,61,99,31,70,7,23,0,9,12,131,43
42,ctrl_d1_t5_w20,39,119,288,63,106,32,69,9,22,0,10,12,131,43
42,ctrl_d1_t5_w20,40,119,297,65,113,33,68,9,23,0,9,11,131,43
42,ctrl_d1_t5_w20,41,120,304,68,116,36,68,10,22,0,9,11,131,43
42,ctrl_d1_t5_w20,42,120,310,70,120,38,68,11,21,0,9,11,131,43
42,ctrl_d1_t5_w20,43,119,315,71,125,39,68,11,21,0,10,11,131,43
42,ctrl_d1_t5_w20,44,123,324,73,128,40,67,9,24,0,10,11,131,43
42,ctrl_d1_t5_w20,45,125,334,75,134,41,66,9,25,0,10,13,131,43
42,ctrl_d1_t5_w20,46,127,342,77,138,44,67,9,24,0,10,13,131,43
42,ctrl_d1_t5_w20,47,126,350,78,146,46,68,8,24,0,9,13,131,43
42,ctrl_d1_t5_w20,48,128,356,79,149,48,69,9,22,0,9,15,131,43
42,ctrl_d1_t5_w20,49,128,364,82,154,48,66,12,22,0,9,16,131,43
42,ctrl_d1_t5_w20,50,132,370,82,156,49,67,10,23,0,9,17,126,43
42,ctrl_d1_t5_w20,51,135,380,83,162,51,68,9,23,0,9,18,126,43
42,ctrl_d1_t5_w20,52,132,386,83,171,51,68,9,23,0,9,18,126,43
42,ctrl_d1_t5_w20,53,131,395,83,181,53,70,7,23,0,9,18,126,43
42,ctrl_d1_t5_w20,54,128,400,85,187,55,70,7,23,0,9,18,126,43
42,ctrl_d1_t5_w20,55,129,407,85,193,59,74,5,21,0,9,19,131,43
42,ctrl_d1_t5_w20,56,129,414,87,198,62,75,6,19,0,9,19,131,43
42,ctrl_d1_t5_w20,57,131,423,90,202,63,73,9,18,0,9,19,131,43
42,ctrl_d1_t5_w20,58,131,429,90,208,63,73,9,18,0,9,21,131,43
42,ctrl_d1_t5_w20,59,131,436,92,213,64,72,9,19,0,9,21,131,43
42,ctrl_d1_t5_w20,60,129,441,93,219,66,73,9,18,0,9,21,131,43
42,ctrl_d1_t5_w20,61,127,446,94,225,69,75,9,16,0,9,19,131,43
42,ctrl_d1_t5_w20,62,128,455,96,231,70,74,9,17,0,8,17,131,43
42,ctrl_d1_t5_w20,63,130,461,96,235,73,77,5,18,0,8,16,131,43
42,ctrl_d1_t5_w20,64,132,470,97,241,73,76,4,20,0,8,14,131,43
42,ctrl_d1_t5_w20,65,131,479,97,251,75,78,4,18,0,8,14,131,43
42,ctrl_d1_t5_w20,66,130,487,99,258,78,79,6,15,0,10,13,131,43
42,ctrl_d1_t5_w20,67,132,497,99,266,79,80,3,17,0,14,12,131,43
42,ctrl_d1_t5_w20,68,128,502,103,271,79,76,7,17,0,14,11,131,43
42,ctrl_d1_t5_w20,69,131,512,104,277,80,76,6,18,0,11,10,131,43
42,ctrl_d1_t5_w20,70,129,517,105,283,81,76,5,19,0,10,11,131,43
42,ctrl_d1_t5_w20,71,122,522,107,293,83,76,6,18,0,10,12,131,43
42,ctrl_d1_t5_w20,72,123,528,107,298,83,76,3,21,0,10,12,131,43
42,ctrl_d1_t5_w20,73,119,534,108,307,86,78,3,19,0,7,13,131,43
42,ctrl_d1_t5_w20,74,124,542,108,310,86,78,2,20,0,8,14,131,43
42,ctrl_d1_t5_w20,75,124,548,108,316,86,78,2,20,0,8,14,131,43
42,ctrl_d1_t5_w20,76,126,557,108,323,87,79,1,20,0,8,15,131,43
42,ctrl_d1_t5_w20,77,127,566,109,330,88,79,2,19,0,8,17,131,43
42,ctrl_d1_t5_w20,78,125,572,111,336,90,79,3,18,0,8,18,131,43
42,ctrl_d1_t5_w20,79,128,580,112,340,90,78,4,18,0,8,18,131,43
42,ctrl_d1_t5_w20,80,129,585,113,343,91,78,5,17,0,8,17,131,43
42,ctrl_d1_t5_w20,81,133,592,114,345,94,80,6,14,0,9,17,131,43
42,ctrl_d1_t5_w20,82,133,602,116,353,95,79,7,14,0,9,17,131,43
42,ctrl_d1_t5_w20,83,132,607,117,358,97,80,8,12,0,9,17,131,43
42,ctrl_d1_t5_w20,84,130,614,118,366,100,82,7,11,0,9,16,131,43
42,ctrl_d1_t5_w20,85,128,621,119,374,100,81,8,11,0,9,16,131,43
42,ctrl_d1_t5_w20,86,127,630,121,382,102,81,7,12,0,9,15,131,43
42,ctrl_d1_t5_w20,87,123,636,122,391,103,81,8,11,0,9,15,131,43
42,ctrl_d1_t5_w20,88,128,643,122,393,104,82,8,10,0,9,16,131,43
42,ctrl_d1_t5_w20,89,124,650,125,401,105,80,9,11,0,9,15,131,43
42,ctrl_d1_t5_w20,90,124,657,127,406,106,79,10,11,0,9,15,131,43
42,ctrl_d1_t5_w20,91,127,665,130,408,107,77,12,11,0,9,14,131,43
42,ctrl_d1_t5_w20,92,128,673,132,413,107,75,12,13,0,9,14,131,43
42,ctrl_d1_t5_w20,93,130,682,133,419,107,74,10,16,0,10,12,131,43
42,ctrl_d1_t5_w20,94,127,688,134,427,108,74,10,16,0,11,11,131,43
42,ctrl_d1_t5_w20,95,128,695,135,432,109,74,10,16,0,11,11,131,43
42,ctrl_d1_t5_w20,96,125,701,135,441,111,76,6,18,0,9,10,131,43
42,ctrl_d1_t5_w20,97,125,710,136,449,112,76,6,18,0,11,10,131,43
42,ctrl_d1_t5_w20,98,127,717,136,454,112,76,4,20,0,12,10,131,43
42,ctrl_d1_t5_w20,99,126,725,137,462,114,77,3,20,0,12,10,131,43
42,ctrl_d1_t5_w20,100,130,734,138,466,115,77,3,20,0,11,11,121,40
42,ctrl_d1_t5_w20,101,132,744,139,473,117,78,3,19,0,10,11,121,40
42,ctrl_d1_t5_w20,102,130,750,139,481,118,79,3,18,0,11,12,121,40
42,ctrl_d1_t5_w20,103,130,755,140,485,122,82,4,14,0,11,13,121,40
42,ctrl_d1_t5_w20,104,129,761,142,490,123,81,6,13,0,10,13,121,40
42,ctrl_d1_t5_w20,105,132,771,142,497,124,82,5,13,0,9,15,131,43
42,ctrl_d1_t5_w20,106,132,779,143,504,125,82,5,13,0,9,17,131,43
42,ctrl_d1_t5_w20,107,131,787,147,509,127,80,8,12,0,9,17,131,43
42,ctrl_d1_t5_w20,108,131,795,149,515,130,81,9,10,0,9,17,131,43
42,ctrl_d1_t5_w20,109,133,802,150,519,131,81,9,10,0,9,18,131,43
42,ctrl_d1_t5_w20,110,138,811,152,521,132,80,7,13,0,9,19,131,43
42,ctrl_d1_t5_w20,111,135,817,153,529,132,79,7,14,0,9,17,131,43
42,ctrl_d1_t5_w20,112,133,823,153,537,133,80,4,16,0,9,16,131,43
42,ctrl_d1_t5_w20,113,132,831,154,545,133,79,5,16,0,9,16,131,43
42,ctrl_d1_t5_w20,114,135,839,154,550,134,80,4,16,0,9,16,131,43
42,ctrl_d1_t5_w20,115,135,845,154,556,135,81,2,17,0,9,16,131,43
42,ctrl_d1_t5_w20,116,136,852,155,561,135,80,2,18,0,9,17,131,43
42,ctrl_d1_t5_w20,117,137,862,156,569,135,79,2,19,0,9,16,131,43
42,ctrl_d1_t5_w20,118,140,872,156,576,135,79,2,19,0,9,17,131,43
42,ctrl_d1_t5_w20,119,141,880,156,583,136,80,2,18,0,9,18,131,43
42,ctrl_d1_t5_w20,120,137,889,160,592,137,77,6,17,0,9,17,131,43
42,ctrl_d1_t5_w20,121,132,896,163,601,138,75,8,17,0,9,15,131,43
42,ctrl_d1_t5_w20,122,131,901,164,606,139,75,7,18,0,9,15,131,43
42,ctrl_d1_t5_w20,123,133,908,166,609,139,73,8,19,0,9,15,131,43
42,ctrl_d1_t5_w20,124,133,914,166,615,139,73,7,20,0,8,15,131,43
42,ctrl_d1_t5_w20,125,129,924,170,625,142,72,10,18,0,8,13,121,40
42,ctrl_d1_t5_w20,126,128,931,171,632,144,73,9,18,0,9,12,121,40
42,ctrl_d1_t5_w20,127,130,939,172,637,146,74,8,18,0,11,11,121,40
42,ctrl_d1_t5_w20,128,127,945,174,644,148,74,9,17,0,10,10,121,40
42,ctrl_d1_t5_w20,129,131,955,175,649,149,74,8,18,0,12,10,121,40
42,ctrl_d1_t5_w20,130,129,964,180,655,151,71,12,17,0,12,11,131,43
42,ctrl_d1_t5_w20,131,132,972,181,659,153,72,9,19,0,10,12,131,43
42,ctrl_d1_t5_w20,132,129,977,183,665,153,70,9,21,0,10,12,131,43
42,ctrl_d1_t5_w20,133,127,982,183,672,155,72,8,20,0,9,12,131,43
42,ctrl_d1_t5_w20,134,127,990,183,680,155,72,6,22,0,10,12,131,43
42,ctrl_d1_t5_w20,135,129,997,184,684,156,72,5,23,0,10,13,131,43
42,ctrl_d1_t5_w20,136,132,1007,184,691,157,73,4,23,0,9,14,131,43
42,ctrl_d1_t5_w20,137,129,1016,187,700,161,74,5,21,0,9,15,131,43
42,ctrl_d1_t5_w20,138,125,1021,187,709,162,75,4,21,0,9,15,131,43
42,ctrl_d1_t5_w20,139,124,1030,190,716,165,75,7,18,0,9,16,131,43
42,ctrl_d1_t5_w20,140,128,1039,192,719,166,74,9,17,0,9,16,131,43
42,ctrl_d1_t5_w20,141,133,1049,194,722,167,73,8,19,0,9,16,131,43
42,ctrl_d1_t5_w20,142,137,1059,195,727,170,75,7,18,0,9,17,131,43
42,ctrl_d1_t5_w20,143,141,1069,196,732,172,76,7,17,0,9,17,131,43
42,ctrl_d1_t5_w20,144,143,1075,196,736,172,76,5,19,0,9,16,131,43
42,ctrl_d1_t5_w20,145,144,1084,196,744,172,76,5,19,0,9,17,131,43
42,ctrl_d1_t5_w20,146,145,1091,196,750,173,77,5,18,0,9,18,131,43
42,ctrl_d1_t5_w20,147,143,1097,197,757,176,79,6,15,0,9,18,131,43
42,ctrl_d1_t5_w20,148,143,1103,198,762,177,79,6,15,0,9,18,131,43
42,ctrl_d1_t5_w20,149,141,1109,198,770,179,81,5,14,0,9,20,131,43
42,ctrl_d1_t5_w20,150,140,1116,199,777,183,84,4,12,0,9,20,131,43
42,ctrl_d1_t5_w20,151,139,1125,202,784,183,81,5,14,0,9,19,131,43
42,ctrl_d1_t5_w20,152,139,1130,204,787,185,81,7,12,0,9,19,131,43
42,ctrl_d1_t5_w20,153,136,1135,207,792,185,78,9,13,0,9,19,131,43
42,ctrl_d1_t5_w20,154,133,1142,209,800,185,76,11,13,0,10,18,131,43
42,ctrl_d1_t5_w20,155,132,1149,211,806,187,76,11,13,0,11,17,126,43
42,ctrl_d1_t5_w20,156,128,1155,212,815,188,76,10,14,0,11,15,126,43
42,ctrl_d1_t5_w20,157,126,1163,214,823,189,75,11,14,0,8,14,126,43
42,ctrl_d1_t5_w20,158,126,1169,216,827,189,73,10,17,0,8,14,126,43
42,ctrl_d1_t5_w20,159,128,1176,217,831,189,72,7,21,0,11,13,126,43
42,ctrl_d1_t5_w20,160,124,1181,217,840,190,73,5,22,0,10,12,131,43
42,ctrl_d1_t5_w20,161,118,1186,220,848,192,72,6,22,0,9,12,131,43
42,ctrl_d1_t5_w20,162,117,1195,221,857,193,72,7,21,0,9,12,131,43
42,ctrl_d1_t5_w20,163,119,1205,221,865,194,73,5,22,0,8,13,131,43
42,ctrl_d1_t5_w20,164,123,1215,221,871,196,75,4,21,0,7,14,131,43
42,ctrl_d1_t5_w20,165,122,1222,221,879,197,76,3,21,0,8,14,131,43
42,ctrl_d1_t5_w20,166,121,1230,223,886,199,76,5,19,0,9,15,131,43
42,ctrl_d1_t5_w20,167,118,1235,225,892,200,75,5,20,0,9,15,131,43
42,ctrl_d1_t5_w20,168,120,1243,225,898,201,76,4,20,0,9,16,131,43
42,ctrl_d1_t5_w20,169,123,1253,226,904,202,76,5,19,0,9,17,131,43
42,ctrl_d1_t5_w20,170,125,1260,227,908,204,77,5,18,0,9,17,131,43
42,ctrl_d1_t5_w20,171,122,1265,229,914,206,77,6,17,0,9,18,131,43
42,ctrl_d1_t5_w20,172,124,1274,232,918,208,76,9,15,0,9,18,131,43
42,ctrl_d1_t5_w20,173,127,1281,233,921,208,75,7,18,0,9,18,131,43
42,ctrl_d1_t5_w20,174,127,1288,235,926,210,75,9,16,0,8,17,131,43
42,ctrl_d1_t5_w20,175,127,1293,235,931,212,77,6,17,0,8,18,131,43
42,ctrl_d1_t5_w20,176,129,1300,235,936,212,77,6,17,0,9,17,131,43
42,ctrl_d1_t5_w20,177,131,1309,236,942,213,77,5,18,0,8,17,131,43
42,ctrl_d1_t5_w20,178,135,1319,237,947,215,78,6,16,0,9,18,131,43
42,ctrl_d1_t5_w20,179,134,1326,239,953,218,79,7,14,0,9,17,131,43
42,ctrl_d1_t5_w20,180,138,1336,241,957,220,79,8,13,0,9,16,121,40
42,ctrl_d1_t5_w20,181,143,1345,244,958,221,77,9,14,0,9,16,121,40
42,ctrl_d1_t5_w20,182,140,1354,248,966,221,73,10,17,0,9,15,121,40
42,ctrl_d1_t5_w20,183,137,1359,249,973,221,72,11,17,0,8,15,121,40
42,ctrl_d1_t5_w20,184,133,1367,252,982,225,73,14,13,0,9,14,121,40
42,ctrl_d1_t5_w20,185,131,1373,253,989,226,73,12,15,0,10,13,131,43
42,ctrl_d1_t5_w20,186,131,1381,254,996,227,73,11,16,0,10,12,131,43
42,ctrl_d1_t5_w20,187,132,1388,257,999,229,72,12,16,0,11,10,131,43
42,ctrl_d1_t5_w20,188,134,1398,257,1007,229,72,10,18,0,12,11,131,43
42,ctrl_d1_t5_w20,189,132,1404,257,1015,230,73,7,20,0,14,12,131,43
42,ctrl_d1_t5_w20,190,133,1414,262,1019,234,72,11,17,0,15,13,131,43
42,ctrl_d1_t5_w20,191,135,1422,264,1023,235,71,12,17,0,12,14,131,43
42,ctrl_d1_t5_w20,192,135,1431,265,1031,235,70,9,21,0,10,15,131,43
42,ctrl_d1_t5_w20,193,133,1436,266,1037,235,69,8,23,0,10,16,131,43
42,ctrl_d1_t5_w20,194,130,1441,268,1043,236,68,9,23,0,9,16,131,43
42,ctrl_d1_t5_w20,195,131,1448,270,1047,237,67,9,24,0,9,16,131,43
42,ctrl_d1_t5_w20,196,131,1455,270,1054,237,67,7,26,0,9,17,131,43
42,ctrl_d1_t5_w20,197,127,1460,272,1061,237,65,9,26,0,9,17,131,43
42,ctrl_d1_t5_w20,198,125,1469,274,1070,237,63,10,27,0,8,19,131,43
42,ctrl_d1_t5_w20,199,129,1479,274,1076,240,66,10,24,0,8,21,131,43
42,ctrl_d1_t5_w20,200,129,1485,275,1081,243,68,9,23,0,8,21,131,43
42,ctrl_d1_t5_w20,201,129,1492,276,1087,246,70,8,22,0,9,21,131,43
42,ctrl_d1_t5_w20,202,130,1502,279,1093,247,68,9,23,0,8,20,131,43
42,ctrl_d1_t5_w20,203,134,1511,279,1098,249,70,6,24,0,8,19,131,43
42,ctrl_d1_t5_w20,204,133,1518,280,1105,251,71,7,22,0,8,19,131,43
42,ctrl_d1_t5_w20,205,133,1526,284,1109,252,68,8,24,0,9,20,131,43
42,ctrl_d1_t5_w20,206,134,1536,287,1115,255,68,10,22,0,8,22,131,43
42,ctrl_d1_t5_w20,207,133,1542,288,1121,256,68,11,21,0,9,21,131,43
42,ctrl_d1_t5_w20,208,133,1552,289,1130,256,67,8,25,0,9,22,131,43
42,ctrl_d1_t5_w20,209,133,1561,292,1136,258,66,10,24,0,9,21,131,43
42,ctrl_d1_t5_w20,210,127,1566,297,1142,262,65,14,21,0,9,20,131,43
42,ctrl_d1_t5_w20,211,127,1574,298,1149,263,65,13,22,0,9,18,131,43
42,ctrl_d1_t5_w20,212,126,1581,298,1157,264,66,12,22,0,9,15,131,43
42,ctrl_d1_t5_w20,213,130,1590,299,1161,269,70,12,18,0,9,15,131,43
42,ctrl_d1_t5_w20,214,133,1597,299,1165,271,72,11,17,0,9,13,131,43
42,ctrl_d1_t5_w20,215,136,1606,299,1171,271,72,8,20,0,12,13,131,43
42,ctrl_d1_t5_w20,216,138,1616,300,1178,271,71,8,21,0,12,12,131,43
42,ctrl_d1_t5_w20,217,142,1623,301,1180,272,71,5,24,0,13,12,131,43
42,ctrl_d1_t5_w20,218,142,1633,302,1189,272,70,5,25,0,15,11,131,43
42,ctrl_d1_t5_w20,219,135,1639,306,1198,274,68,7,25,0,12,11,131,43
42,ctrl_d1_t5_w20,220,133,1644,307,1204,275,68,6,26,0,10,11,131,43
42,ctrl_d1_t5_w20,221,132,1651,309,1210,276,67,6,27,0,10,12,131,43
42,ctrl_d1_t5_w20,222,134,1661,310,1217,279,69,6,25,0,10,14,131,43
42,ctrl_d1_t5_w20,223,135,1671,311,1225,280,69,7,24,0,10,15,131,43
42,ctrl_d1_t5_w20,224,137,1679,311,1231,281,70,6,24,0,11,16,131,43
42,ctrl_d1_t5_w20,225,136,1686,314,1236,284,70,7,23,0,9,17,131,43
42,ctrl_d1_t5_w20,226,134,1692,316,1242,287,71,9,20,0,9,17,131,43
42,ctrl_d1_t5_w20,227,136,1701,317,1248,287,70,8,22,0,9,19,131,43
42,ctrl_d1_t5_w20,228,135,1709,319,1255,289,70,8,22,0,9,19,131,43
42,ctrl_d1_t5_w20,229,137,1717,319,1261,292,73,5,22,0,9,20,131,43
42,ctrl_d1_t5_w20,230,142,1725,320,1263,295,75,5,20,0,9,21,131,43
42,ctrl_d1_t5_w20,231,140,1730,321,1269,297,76,5,19,0,9,23,131,43
42,ctrl_d1_t5_w20,232,140,1737,321,1276,298,77,3,20,0,9,23,131,43
42,ctrl_d1_t5_w20,233,138,1745,322,1285,298,76,2,22,0,9,21,131,43
42,ctrl_d1_t5_w20,234,136,1751,323,1292,299,76,3,21,0,9,20,131,43
42,ctrl_d1_t5_w20,235,135,1761,326,1300,302,76,5,19,0,9,21,111,40
42,ctrl_d1_t5_w20,236,133,1770,329,1308,304,75,7,18,0,9,23,111,40
42,ctrl_d1_t5_w20,237,135,1780,331,1314,306,75,9,16,0,9,23,111,40
42,ctrl_d1_t5_w20,238,133,1787,332,1322,307,75,10,15,0,9,24,111,40
42,ctrl_d1_t5_w20,239,133,1795,335,1327,308,73,13,14,0,9,23,111,40
42,ctrl_d1_t5_w20,240,132,1800,337,1331,310,73,10,17,0,9,22,131,43
42,ctrl_d1_t5_w20,241,132,1805,337,1336,311,74,7,19,0,9,22,131,43
42,ctrl_d1_t5_w20,242,127,1810,338,1345,311,73,6,21,0,9,21,131,43
42,ctrl_d1_t5_w20,243,123,1817,340,1354,315,75,8,17,0,7,18,131,43
42,ctrl_d1_t5_w20,244,121,1822,340,1361,316,76,6,18,0,7,16,131,43
42,ctrl_d1_t5_w20,245,120,1828,344,1364,317,73,9,18,0,7,16,131,43
42,ctrl_d1_t5_w20,246,118,1833,345,1370,319,74,8,18,0,7,15,131,43
42,ctrl_d1_t5_w20,247,116,1843,350,1377,321,71,11,18,0,8,13,131,43
42,ctrl_d1_t5_w20,248,118,1850,350,1382,321,71,9,20,0,8,12,131,43
42,ctrl_d1_t5_w20,249,119,1859,350,1390,321,71,7,22,0,9,11,131,43
42,ctrl_d1_t5_w20,250,117,1864,350,1397,322,72,7,21,0,8,10,131,43
42,ctrl_d1_t5_w20,251,122,1873,351,1400,324,73,4,23,0,9,10,131,43
42,ctrl_d1_t5_w20,252,124,1882,352,1406,324,72,4,24,0,10,13,131,43
42,ctrl_d1_t5_w20,253,120,1887,354,1413,327,73,5,22,0,10,13,131,43
42,ctrl_d1_t5_w20,254,118,1893,356,1419,330,74,6,20,0,9,13,131,43
42,ctrl_d1_t5_w20,255,116,1900,358,1426,331,73,7,20,0,8,13,122,43
42,ctrl_d1_t5_w20,256,116,1909,360,1433,331,71,8,21,0,8,14,122,43
42,ctrl_d1_t5_w20,257,113,1914,360,1441,332,72,8,20,0,8,15,122,43
42,ctrl_d1_t5_w20,258,113,1922,362,1447,332,70,6,24,0,9,15,122,43
42,ctrl_d1_t5_w20,259,112,1928,362,1454,333,71,4,25,0,9,16,122,43
42,ctrl_d1_t5_w20,260,116,1936,363,1457,335,72,4,24,0,9,18,131,43
42,ctrl_d1_t5_w20,261,119,1946,365,1462,338,73,6,21,0,9,19,131,43
42,ctrl_d1_t5_w20,262,122,1954,368,1464,338,70,7,23,0,9,20,131,43
42,ctrl_d1_t5_w20,263,120,1960,370,1470,342,72,8,20,0,9,19,131,43
42,ctrl_d1_t5_w20,264,119,1965,371,1475,343,72,7,21,0,9,18,131,43
42,ctrl_d1_t5_w20,265,124,1974,372,1478,344,72,6,22,0,9,20,131,43
42,ctrl_d1_t5_w20,266,125,1979,373,1481,347,74,7,19,0,9,20,131,43
42,ctrl_d1_t5_w20,267,123,1985,374,1488,349,75,5,20,0,9,20,131,43
42,ctrl_d1_t5_w20,268,121,1990,374,1495,350,76,3,21,0,9,19,131,43
42,ctrl_d1_t5_w20,269,123,2000,374,1503,351,77,2,21,0,9,20,131,43
42,ctrl_d1_t5_w20,270,123,2008,377,1508,351,74,5,21,0,9,18,131,43
42,ctrl_d1_t5_w20,271,119,2014,379,1516,353,74,7,19,0,9,17,131,43
42,ctrl_d1_t5_w20,272,119,2022,379,1524,357,78,7,15,0,9,16,131,43
42,ctrl_d1_t5_w20,273,124,2032,381,1527,358,77,7,16,0,8,16,131,43
42,ctrl_d1_t5_w20,274,124,2039,383,1532,361,78,7,15,0,8,16,131,43
42,ctrl_d1_t5_w20,275,127,2048,384,1537,362,78,8,14,0,7,15,131,43
42,ctrl_d1_t5_w20,276,125,2053,384,1544,363,79,8,13,0,9,12,131,43
42,ctrl_d1_t5_w20,277,126,2062,387,1549,366,79,10,11,0,11,12,131,43
42,ctrl_d1_t5_w20,278,127,2069,388,1554,366,78,10,12,0,12,11,131,43
42,ctrl_d1_t5_w20,279,125,2074,389,1560,367,78,5,17,0,13,10,131,43
42,ctrl_d1_t5_w20,280,120,2079,391,1568,368,77,7,16,0,13,9,131,43
42,ctrl_d1_t5_w20,281,120,2087,393,1574,371,78,7,15,0,10,9,131,43
42,ctrl_d1_t5_w20,282,122,2094,395,1577,371,76,8,16,0,10,11,131,43
42,ctrl_d1_t5_w20,283,126,2104,398,1580,372,74,11,15,0,8,14,131,43
42,ctrl_d1_t5_w20,284,127,2110,399,1584,372,73,11,16,0,10,14,131,43
42,ctrl_d1_t5_w20,285,126,2118,400,1592,373,73,11,16,0,9,14,121,40
42,ctrl_d1_t5_w20,286,128,2126,401,1597,375,74,9,17,0,9,14,121,40
42,ctrl_d1_t5_w20,287,130,2135,402,1603,375,73,8,19,0,9,15,121,40
42,ctrl_d1_t5_w20,288,128,2140,404,1608,375,71,9,20,0,9,16,121,40
42,ctrl_d1_t5_w20,289,126,2149,405,1618,375,70,7,23,0,9,17,121,40
42,ctrl_d1_t5_w20,290,129,2156,405,1622,376,71,6,23,0,9,21,126,43
42,ctrl_d1_t5_w20,291,132,2166,407,1627,377,70,6,24,0,9,21,126,43
42,ctrl_d1_t5_w20,292,132,2173,409,1632,378,69,8,23,0,9,21,126,43
42,ctrl_d1_t5_w20,293,131,2182,411,1640,381,70,9,21,0,9,19,126,43
42,ctrl_d1_t5_w20,294,128,2192,417,1647,383,66,13,21,0,9,19,126,43
42,ctrl_d1_t5_w20,295,127,2200,420,1653,385,65,14,21,0,9,19,131,43
42,ctrl_d1_t5_w20,296,131,2209,420,1658,387,67,13,20,0,9,20,131,43
42,ctrl_d1_t5_w20,297,130,2214,420,1664,387,67,10,23,0,9,19,131,43
42,ctrl_d1_t5_w20,298,132,2223,422,1669,391,69,9,22,0,9,20,131,43
42,ctrl_d1_t5_w20,299,136,2231,423,1672,393,70,7,23,0,9,21,131,43
42,ctrl_d1_t5_w20,300,134,2238,430,1674,394,64,12,24,0,9,21,131,43
42,ctrl_d1_t5_w20,301,136,2247,430,1681,395,65,12,23,0,9,21,131,43
42,ctrl_d1_t5_w20,302,137,2255,430,1688,396,66,9,25,0,9,20,131,43
42,ctrl_d1_t5_w20,303,136,2263,432,1695,396,64,11,25,0,9,20,131,43
42,ctrl_d1_t5_w20,304,133,2268,435,1700,398,63,10,27,0,9,20,131,43
42,ctrl_d1_t5_w20,305,124,2273,441,1708,399,58,15,27,0,10,18,131,43
42,ctrl_d1_t5_w20,306,123,2279,442,1714,402,60,16,24,0,10,15,131,43
42,ctrl_d1_t5_w20,307,121,2284,442,1721,403,61,15,24,0,10,12,131,43
42,ctrl_d1_t5_w20,308,123,2290,442,1725,404,62,11,27,0,11,12,131,43
42,ctrl_d1_t5_w20,309,123,2300,443,1734,405,62,10,28,0,11,9,131,43
42,ctrl_d1_t5_w20,310,123,2309,445,1741,407,62,8,30,0,10,10,131,43
42,ctrl_d1_t5_w20,311,121,2316,446,1749,408,62,8,30,0,9,11,131,43
42,ctrl_d1_t5_w20,312,123,2325,449,1753,410,61,8,31,0,8,11,131,43
42,ctrl_d1_t5_w20,313,118,2331,451,1762,412,61,7,32,0,7,12,131,43
42,ctrl_d1_t5_w20,314,119,2337,452,1766,415,63,8,29,0,7,13,131,43
42,ctrl_d1_t5_w20,315,119,2347,454,1774,416,62,10,28,0,6,14,131,43
42,ctrl_d1_t5_w20,316,113,2353,457,1783,420,63,13,24,0,8,14,131,43
42,ctrl_d1_t5_w20,317,112,2358,458,1788,423,65,9,26,0,9,15,131,43
42,ctrl_d1_t5_w20,318,109,2364,460,1795,426,66,9,25,0,9,16,131,43
42,ctrl_d1_t5_w20,319,104,2369,462,1803,428,66,10,24,0,8,16,131,43
42,ctrl_d1_t5_w20,320,110,2377,463,1804,429,66,10,24,0,9,18,131,43
42,ctrl_d1_t5_w20,321,114,2384,463,1807,430,67,7,26,0,9,17,131,43
42,ctrl_d1_t5_w20,322,116,2390,464,1810,432,68,5,27,0,9,17,131,43
42,ctrl_d1_t5_w20,323,117,2398,465,1816,434,69,5,26,0,9,17,131,43
42,ctrl_d1_t5_w20,324,121,2408,467,1820,434,67,7,26,0,9,16,131,43
42,ctrl_d1_t5_w20,325,129,2418,468,1821,439,71,8,21,0,9,17,131,43
42,ctrl_d1_t5_w20,326,132,2428,470,1826,443,73,8,19,0,9,18,131,43
42,ctrl_d1_t5_w20,327,135,2437,472,1830,445,73,6,21,0,9,19,131,43
42,ctrl_d1_t5_w20,328,138,2447,473,1836,447,74,7,19,0,9,19,131,43
42,ctrl_d1_t5_w20,329,138,2456,474,1844,449,75,8,17,0,9,19,131,43
42,ctrl_d1_t5_w20,330,137,2463,474,1852,451,77,8,15,0,9,19,131,43
42,ctrl_d1_t5_w20,331,138,2471,476,1857,452,76,10,14,0,9,19,131,43
42,ctrl_d1_t5_w20,332,138,2478,476,1864,452,76,7,17,0,10,17,131,43
42,ctrl_d1_t5_w20,333,138,2484,477,1869,453,76,7,17,0,10,16,131,43
42,ctrl_d1_t5_w20,334,142,2493,477,1874,453,76,2,22,0,11,15,131,43
42,ctrl_d1_t5_w20,335,138,2498,478,1882,454,76,2,22,0,10,14,121,40
42,ctrl_d1_t5_w20,336,137,2503,480,1886,457,77,4,19,0,10,14,121,40
42,ctrl_d1_t5_w20,337,138,2508,480,1890,457,77,3,20,0,12,13,121,40
42,ctrl_d1_t5_w20,338,140,2516,480,1896,457,77,2,21,0,13,13,121,40
42,ctrl_d1_t5_w20,339,141,2524,482,1901,458,76,4,20,0,14,12,121,40
42,ctrl_d1_t5_w20,340,139,2531,483,1909,462,79,4,17,0,14,10,131,43
42,ctrl_d1_t5_w20,341,135,2536,485,1916,464,79,6,15,0,14,11,131,43
42,ctrl_d1_t5_w20,342,140,2546,485,1921,467,82,4,14,0,15,15,131,43
42,ctrl_d1_t5_w20,343,140,2555,486,1929,467,81,3,16,0,13,15,131,43
42,ctrl_d1_t5_w20,344,136,2561,488,1937,469,81,5,14,0,11,15,131,43
42,ctrl_d1_t5_w20,345,134,2569,489,1946,470,81,5,14,0,10,16,131,43
42,ctrl_d1_t5_w20,346,134,2578,490,1954,470,80,5,15,0,9,16,131,43
42,ctrl_d1_t5_w20,347,132,2585,490,1963,470,80,5,15,0,9,16,131,43
42,ctrl_d1_t5_w20,348,128,2590,491,1971,471,80,6,14,0,9,17,131,43
42,ctrl_d1_t5_w20,349,126,2598,493,1979,471,78,7,15,0,9,19,131,43
42,ctrl_d1_t5_w20,350,126,2605,494,1985,473,79,5,16,0,9,18,131,43
42,ctrl_d1_t5_w20,351,127,2615,498,1990,475,77,9,14,0,9,18,131,43
42,ctrl_d1_t5_w20,352,129,2621,499,1993,476,77,9,14,0,9,19,131,43
42,ctrl_d1_t5_w20,353,128,2627,501,1998,479,78,11,11,0,9,18,131,43
42,ctrl_d1_t5_w20,354,123,2632,502,2007,480,78,9,13,0,9,15,131,43
42,ctrl_d1_t5_w20,355,124,2637,502,2011,483,81,8,11,0,9,15,131,43
42,ctrl_d1_t5_w20,356,123,2642,505,2014,484,79,7,14,0,9,15,131,43
42,ctrl_d1_t5_w20,357,124,2648,505,2019,484,79,7,14,0,9,16,131,43
42,ctrl_d1_t5_w20,358,123,2655,505,2027,484,79,5,16,0,8,16,131,43
42,ctrl_d1_t5_w20,359,126,2665,506,2033,484,78,6,16,0,8,16,131,43
42,ctrl_d1_t5_w20,360,127,2675,509,2039,485,76,8,16,0,8,15,126,43
42,ctrl_d1_t5_w20,361,129,2683,512,2042,486,74,9,17,0,8,15,126,43
42,ctrl_d1_t5_w20,362,125,2691,514,2052,486,72,10,18,0,8,13,126,43
42,ctrl_d1_t5_w20,363,127,2700,514,2059,486,72,7,21,0,9,13,126,43
42,ctrl_d1_t5_w20,364,131,2709,515,2063,489,74,7,19,0,9,13,126,43
42,ctrl_d1_t5_w20,365,132,2719,517,2070,490,73,8,19,0,11,12,131,43
42,ctrl_d1_t5_w20,366,129,2725,519,2077,491,72,8,20,0,11,10,131,43
42,ctrl_d1_t5_w20,367,129,2735,522,2084,493,71,10,19,0,11,10,131,43
42,ctrl_d1_t5_w20,368,134,2744,523,2087,493,70,9,21,0,10,12,131,43
42,ctrl_d1_t5_w20,369,130,2749,525,2094,493,68,10,22,0,9,14,131,43
42,ctrl_d1_t5_w20,370,133,2759,526,2100,496,70,7,23,0,12,14,131,43
42,ctrl_d1_t5_w20,371,132,2769,530,2107,497,67,8,25,0,11,14,131,43
42,ctrl_d1_t5_w20,372,132,2775,530,2113,497,67,7,26,0,10,15,131,43
42,ctrl_d1_t5_w20,373,134,2783,531,2118,497,66,8,26,0,10,15,131,43
42,ctrl_d1_t5_w20,374,137,2791,531,2123,498,67,5,28,0,9,15,131,43
42,ctrl_d1_t5_w20,375,136,2796,532,2128,502,70,4,26,0,9,15,131,43
42,ctrl_d1_t5_w20,376,136,2802,534,2132,504,70,5,25,0,9,15,131,43
42,ctrl_d1_t5_w20,377,137,2808,534,2137,508,74,3,23,0,9,16,131,43
42,ctrl_d1_t5_w20,378,138,2814,534,2142,509,75,3,22,0,9,17,131,43
42,ctrl_d1_t5_w20,379,133,2819,535,2151,510,75,2,23,0,9,18,131,43
42,ctrl_d1_t5_w20,380,135,2829,539,2155,512,73,5,22,0,9,20,115,42
42,ctrl_d1_t5_w20,381,138,2839,539,2162,513,74,5,21,0,9,20,115,42
42,ctrl_d1_t5_w20,382,138,2845,539,2168,515,76,4,20,0,9,19,115,42
42,ctrl_d1_t5_w20,383,133,2852,542,2177,516,74,6,20,0,9,18,115,42
42,ctrl_d1_t5_w20,384,127,2857,544,2186,517,73,7,20,0,9,18,115,42
42,ctrl_d1_t5_w20,385,126,2865,544,2195,518,74,7,19,0,9,17,131,43
42,ctrl_d1_t5_w20,386,124,2870,547,2199,522,75,9,16,0,9,17,131,43
42,ctrl_d1_t5_w20,387,121,2877,549,2207,526,77,10,13,0,9,16,131,43
42,ctrl_d1_t5_w20,388,124,2887,549,2214,527,78,6,16,0,9,16,131,43
42,ctrl_d1_t5_w20,389,126,2894,550,2218,529,79,6,15,0,9,16,131,43
42,ctrl_d1_t5_w20,390,122,2900,552,2226,530,78,7,15,0,9,15,121,40
42,ctrl_d1_t5_w20,391,123,2910,554,2233,531,77,8,15,0,9,15,121,40
42,ctrl_d1_t5_w20,392,121,2915,555,2239,531,76,7,17,0,9,15,121,40
42,ctrl_d1_t5_w20,393,123,2924,555,2246,533,78,6,16,0,9,13,121,40
42,ctrl_d1_t5_w20,394,120,2929,556,2253,533,77,3,20,0,9,13,121,40
42,ctrl_d1_t5_w20,395,123,2936,556,2257,535,79,3,18,0,10,12,131,43
42,ctrl_d1_t5_w20,396,125,2943,557,2261,535,78,4,18,0,11,11,131,43
42,ctrl_d1_t5_w20,397,128,2953,558,2267,536,78,5,17,0,11,11,131,43
42,ctrl_d1_t5_w20,398,129,2962,560,2273,536,76,7,17,0,14,11,131,43
42,ctrl_d1_t5_w20,399,132,2970,562,2276,538,76,9,15,0,12,11,131,43
42,ctrl_d1_t5_w20,400,132,2980,563,2285,539,76,8,16,0,12,10,131,43
42,ctrl_d1_t5_w20,401,127,2988,566,2295,541,75,10,15,0,10,12,131,43
42,ctrl_d1_t5_w20,402,129,2996,567,2300,542,75,9,16,0,10,13,131,43
42,ctrl_d1_t5_w20,403,130,3003,568,2305,543,75,9,16,0,8,14,131,43
42,ctrl_d1_t5_w20,404,135,3013,571,2307,545,74,7,19,0,8,16,131,43
42,ctrl_d1_t5_w20,405,135,3023,574,2314,546,72,9,19,0,8,16,131,43
42,ctrl_d1_t5_w20,406,138,3031,576,2317,549,73,10,17,0,7,18,131,43
42,ctrl_d1_t5_w20,407,139,3041,578,2324,551,73,10,17,0,8,21,131,43
42,ctrl_d1_t5_w20,408,136,3048,579,2333,552,73,9,18,0,9,21,131,43
42,ctrl_d1_t5_w20,409,138,3058,581,2339,552,71,10,19,0,9,23,131,43
42,ctrl_d1_t5_w20,410,142,3065,582,2341,552,70,10,20,0,9,23,131,43
42,ctrl_d1_t5_w20,411,140,3071,582,2349,552,70,8,22,0,9,23,131,43
42,ctrl_d1_t5_w20,412,143,3077,582,2352,553,71,4,25,0,9,24,131,43
42,ctrl_d1_t5_w20,413,142,3085,584,2359,554,70,5,25,0,9,23,131,43
42,ctrl_d1_t5_w20,414,144,3090,584,2362,554,70,4,26,0,9,23,131,43
42,ctrl_d1_t5_w20,415,146,3099,584,2369,555,71,3,26,0,9,22,131,43
42,ctrl_d1_t5_w20,416,144,3107,587,2376,556,69,6,25,0,9,22,131,43
42,ctrl_d1_t5_w20,417,142,3113,587,2384,560,73,5,22,0,9,23,131,43
42,ctrl_d1_t5_w20,418,138,3119,591,2390,562,71,8,21,0,9,23,131,43
42,ctrl_d1_t5_w20,419,138,3128,594,2396,564,70,10,20,0,9,24,131,43
42,ctrl_d1_t5_w20,420,138,3135,594,2403,564,70,9,21,0,9,24,131,43
42,ctrl_d1_t5_w20,421,141,3144,595,2408,571,76,10,14,0,9,22,131,43
42,ctrl_d1_t5_w20,422,143,3153,596,2414,571,75,11,14,0,9,22,131,43
42,ctrl_d1_t5_w20,423,143,3162,598,2421,574,76,8,16,0,9,20,131,43
42,ctrl_d1_t5_w20,424,141,3170,599,2430,575,76,8,16,0,9,18,131,43
42,ctrl_d1_t5_w20,425,138,3177,600,2439,576,76,5,19,0,12,17,131,43
42,ctrl_d1_t5_w20,426,133,3182,603,2446,577,74,8,18,0,12,15,131,43
42,ctrl_d1_t5_w20,427,134,3192,603,2455,577,74,8,18,0,10,12,131,43
42,ctrl_d1_t5_w20,428,137,3201,603,2461,577,74,6,20,0,10,12,131,43
42,ctrl_d1_t5_w20,429,135,3208,604,2469,579,75,4,21,0,10,11,131,43
42,ctrl_d1_t5_w20,430,137,3216,604,2475,580,76,3,21,0,12,11,131,43
42,ctrl_d1_t5_w20,431,140,3223,604,2479,582,78,2,20,0,13,12,131,43
42,ctrl_d1_t5_w20,432,144,3233,605,2484,584,79,2,19,0,12,13,131,43
42,ctrl_d1_t5_w20,433,146,3243,606,2491,588,82,3,15,0,12,15,131,43
42,ctrl_d1_t5_w20,434,150,3250,606,2494,588,82,3,15,0,12,15,131,43
42,ctrl_d1_t5_w20,435,146,3255,606,2503,588,82,1,17,0,10,16,131,43
42,ctrl_d1_t5_w20,436,145,3261,606,2510,589,83,0,17,0,9,16,131,43
42,ctrl_d1_t5_w20,437,145,3268,607,2516,590,83,1,16,0,9,17,131,43
42,ctrl_d1_t5_w20,438,146,3276,609,2521,592,83,3,14,0,9,19,131,43
42,ctrl_d1_t5_w20,439,143,3281,611,2527,592,81,5,14,0,9,19,131,43
42,ctrl_d1_t5_w20,440,142,3288,612,2534,594,82,6,12,0,9,19,131,43
42,ctrl_d1_t5_w20,441,142,3296,612,2542,594,82,5,13,0,9,18,131,43
42,ctrl_d1_t5_w20,442,142,3304,613,2549,595,82,5,13,0,9,18,131,43
42,ctrl_d1_t5_w20,443,141,3310,613,2556,597,84,5,11,0,9,18,131,43
42,ctrl_d1_t5_w20,444,138,3317,616,2563,598,82,7,11,0,9,18,131,43
42,ctrl_d1_t5_w20,445,139,3324,616,2569,599,83,3,14,0,9,17,121,40
42,ctrl_d1_t5_w20,446,143,3333,617,2573,600,83,4,13,0,9,18,121,40
42,ctrl_d1_t5_w20,447,136,3338,619,2583,602,83,6,11,0,9,18,121,40
42,ctrl_d1_t5_w20,448,133,3344,620,2591,604,84,7,9,0,9,17,121,40
42,ctrl_d1_t5_w20,449,130,3349,622,2597,604,82,7,11,0,9,19,121,40
42,ctrl_d1_t5_w20,450,130,3359,624,2605,605,81,7,12,0,9,18,131,43
42,ctrl_d1_t5_w20,451,129,3366,625,2612,606,81,6,13,0,9,17,131,43
42,ctrl_d1_t5_w20,452,127,3373,625,2621,606,81,5,14,0,9,16,131,43
42,ctrl_d1_t5_w20,453,125,3379,625,2629,606,81,4,15,0,9,16,131,43
42,ctrl_d1_t5_w20,454,128,3389,626,2635,607,81,5,14,0,11,15,131,43
42,ctrl_d1_t5_w20,455,128,3394,627,2639,609,82,4,14,0,11,15,131,43
42,ctrl_d1_t5_w20,456,129,3401,627,2645,609,82,2,16,0,11,15,131,43
42,ctrl_d1_t5_w20,457,129,3410,629,2652,609,80,4,16,0,12,11,131,43
42,ctrl_d1_t5_w20,458,127,3416,630,2659,609,79,5,16,0,12,10,131,43
42,ctrl_d1_t5_w20,459,130,3422,631,2661,609,78,5,17,0,13,10,131,43
42,ctrl_d1_t5_w20,460,128,3427,631,2668,610,79,3,18,0,11,10,131,43
42,ctrl_d1_t5_w20,461,127,3435,633,2675,611,78,5,17,0,10,11,131,43
42,ctrl_d1_t5_w20,462,125,3441,634,2682,611,77,6,17,0,9,11,131,43
42,ctrl_d1_t5_w20,463,129,3451,634,2688,614,80,5,15,0,10,12,131,43
42,ctrl_d1_t5_w20,464,132,3459,634,2693,616,82,4,14,0,10,13,131,43
42,ctrl_d1_t5_w20,465,130,3465,635,2700,617,82,4,14,0,9,14,131,43
42,ctrl_d1_t5_w20,466,126,3470,635,2709,618,83,2,15,0,9,15,131,43
42,ctrl_d1_t5_w20,467,127,3479,638,2714,620,82,5,13,0,9,15,131,43
42,ctrl_d1_t5_w20,468,125,3484,639,2720,621,82,4,14,0,9,15,131,43
42,ctrl_d1_t5_w20,469,127,3489,639,2723,623,84,4,12,0,9,17,131,43
42,ctrl_d1_t5_w20,470,129,3499,639,2731,626,87,4,9,0,9,18,131,43
42,ctrl_d1_t5_w20,471,128,3505,641,2736,626,85,5,10,0,9,18,131,43
42,ctrl_d1_t5_w20,472,130,3512,641,2741,627,86,5,9,0,9,19,131,43
42,ctrl_d1_t5_w20,473,131,3520,642,2747,627,85,4,11,0,9,18,131,43
42,ctrl_d1_t5_w20,474,131,3530,643,2756,628,85,5,10,0,9,19,131,43
42,ctrl_d1_t5_w20,475,131,3535,644,2760,629,85,5,10,0,9,19,131,43
42,ctrl_d1_t5_w20,476,131,3545,647,2767,629,82,7,11,0,9,19,131,43
42,ctrl_d1_t5_w20,477,128,3551,649,2774,630,81,9,10,0,9,19,131,43
42,ctrl_d1_t5_w20,478,129,3557,651,2777,632,81,11,8,0,9,19,131,43
42,ctrl_d1_t5_w20,479,131,3564,651,2782,632,81,7,12,0,9,20,131,43
42,ctrl_d1_t5_w20,480,133,3574,655,2786,632,77,10,13,0,9,19,131,43
42,ctrl_d1_t5_w20,481,134,3583,655,2794,632,77,9,14,0,9,18,131,43
42,ctrl_d1_t5_w20,482,139,3593,655,2799,632,77,8,15,0,9,16,131,43
42,ctrl_d1_t5_w20,483,137,3602,656,2809,633,77,7,16,0,9,16,131,43
42,ctrl_d1_t5_w20,484,139,3612,656,2817,636,80,6,14,0,11,15,131,43
42,ctrl_d1_t5_w20,485,138,3617,656,2823,636,80,4,16,0,12,14,131,43
42,ctrl_d1_t5_w20,486,140,3625,657,2828,636,79,3,18,0,13,13,131,43
42,ctrl_d1_t5_w20,487,141,3634,658,2835,637,79,4,17,0,12,12,131,43
42,ctrl_d1_t5_w20,488,146,3643,658,2839,637,79,4,17,0,11,12,131,43
42,ctrl_d1_t5_w20,489,146,3648,658,2844,639,81,3,16,0,11,11,131,43
42,ctrl_d1_t5_w20,490,146,3657,658,2853,640,82,2,16,0,12,14,126,43
42,ctrl_d1_t5_w20,491,148,3666,661,2857,640,79,4,17,0,12,14,126,43
42,ctrl_d1_t5_w20,492,148,3676,664,2864,642,78,7,15,0,11,14,126,43
42,ctrl_d1_t5_w20,493,148,3686,666,2872,643,77,8,15,0,11,15,126,43
42,ctrl_d1_t5_w20,494,148,3696,666,2882,644,78,7,15,0,9,18,126,43
42,ctrl_d1_t5_w20,495,149,3701,666,2886,647,81,6,13,0,9,18,131,43
42,ctrl_d1_t5_w20,496,152,3711,666,2893,647,81,5,14,0,9,18,131,43
42,ctrl_d1_t5_w20,497,159,3721,666,2896,648,82,4,14,0,9,19,131,43
42,ctrl_d1_t5_w20,498,159,3729,669,2901,650,81,5,14,0,9,20,131,43
42,ctrl_d1_t5_w20,499,156,3736,673,2907,651,78,7,15,0,9,20,131,43
42,ctrl_d1_t5_w20,500,154,3744,676,2914,652,76,10,14,0,9,21,131,43
42,ctrl_d1_t5_w20,501,152,3751,677,2922,654,77,10,13,0,9,22,131,43
42,ctrl_d1_t5_w20,502,147,3757,679,2931,655,76,11,13,0,9,23,131,43
42,ctrl_d1_t5_w20,503,145,3765,680,2940,655,75,10,15,0,9,22,131,43
42,ctrl_d1_t5_w20,504,145,3774,680,2949,655,75,8,17,0,9,22,131,43
42,ctrl_d1_t5_w20,505,149,3783,680,2954,656,76,6,18,0,9,23,131,43
42,ctrl_d1_t5_w20,506,149,3790,681,2960,656,75,5,20,0,9,25,131,43
42,ctrl_d1_t5_w20,507,146,3795,681,2968,658,77,4,19,0,9,26,131,43
42,ctrl_d1_t5_w20,508,144,3801,681,2976,658,77,2,21,0,9,27,131,43
42,ctrl_d1_t5_w20,509,145,3807,682,2980,659,77,2,21,0,9,26,131,43
42,ctrl_d1_t5_w20,510,144,3817,685,2988,660,75,5,20,0,9,25,131,43
42,ctrl_d1_t5_w20,511,141,3823,687,2995,664,77,7,16,0,9,20,131,43
42,ctrl_d1_t5_w20,512,139,3829,687,3003,665,78,6,16,0,9,19,131,43
42,ctrl_d1_t5_w20,513,139,3839,688,3012,665,77,7,16,0,10,18,131,43
42,ctrl_d1_t5_w20,514,133,3846,691,3022,667,76,10,14,0,8,17,131,43
42,ctrl_d1_t5_w20,515,136,3854,691,3027,668,77,9,14,0,8,16,131,43
42,ctrl_d1_t5_w20,516,132,3861,692,3037,669,77,9,14,0,10,15,131,43
42,ctrl_d1_t5_w20,517,130,3868,693,3045,671,78,8,14,0,10,14,131,43
42,ctrl_d1_t5_w20,518,130,3878,696,3052,674,78,10,12,0,12,13,131,43
42,ctrl_d1_t5_w20,519,132,3885,696,3057,674,78,8,14,0,11,12,131,43
42,ctrl_d1_t5_w20,520,132,3893,698,3063,677,79,8,13,0,10,12,101,38
42,ctrl_d1_t5_w20,521,132,3900,698,3070,678,80,7,13,0,11,12,101,38
42,ctrl_d1_t5_w20,522,133,3906,698,3075,679,81,4,15,0,12,12,101,38
42,ctrl_d1_t5_w20,523,131,3913,700,3082,680,80,4,16,0,11,12,101,38
42,ctrl_d1_t5_w20,524,130,3923,702,3091,680,78,5,17,0,9,13,101,38
42,ctrl_d1_t5_w20,525,127,3930,703,3100,682,79,6,15,0,9,13,126,43
42,ctrl_d1_t5_w20,526,129,3939,704,3106,682,78,7,15,0,9,15,126,43
42,ctrl_d1_t5_w20,527,134,3949,704,3111,682,78,6,16,0,9,16,126,43
42,ctrl_d1_t5_w20,528,136,3956,704,3116,683,79,4,17,0,9,17,126,43
42,ctrl_d1_t5_w20,529,133,3961,706,3122,684,78,2,20,0,9,17,126,43
42,ctrl_d1_t5_w20,530,133,3967,706,3128,685,79,2,19,0,9,18,131,43
42,ctrl_d1_t5_w20,531,137,3977,707,3133,685,78,3,19,0,9,18,131,43
42,ctrl_d1_t5_w20,532,136,3982,709,3137,688,79,5,16,0,9,18,131,43
42,ctrl_d1_t5_w20,533,134,3990,709,3147,688,79,5,16,0,9,19,131,43
42,ctrl_d1_t5_w20,534,136,3998,711,3151,688,77,7,16,0,9,19,131,43
42,ctrl_d1_t5_w20,535,132,4004,713,3159,689,76,7,17,0,9,18,131,43
42,ctrl_d1_t5_w20,536,133,4013,714,3166,692,78,8,14,0,9,19,131,43
42,ctrl_d1_t5_w20,537,136,4022,714,3172,692,78,7,15,0,9,19,131,43
42,ctrl_d1_t5_w20,538,137,4030,714,3179,692,78,6,16,0,9,18,131,43
42,ctrl_d1_t5_w20,539,134,4035,715,3186,695,80,4,16,0,9,19,131,43
42,ctrl_d1_t5_w20,540,135,4045,718,3192,696,78,6,16,0,9,18,131,43
42,ctrl_d1_t5_w20,541,137,4053,719,3197,699,80,5,15,0,9,18,131,43
42,ctrl_d1_t5_w20,542,141,4063,720,3202,701,81,6,13,0,10,18,131,43
42,ctrl_d1_t5_w20,543,144,4071,721,3206,702,81,6,13,0,10,18,131,43
42,ctrl_d1_t5_w20,544,141,4077,722,3214,702,80,7,13,0,10,15,131,43
42,ctrl_d1_t5_w20,545,141,4083,722,3220,702,80,6,14,0,11,15,131,43
42,ctrl_d1_t5_w20,546,142,4093,723,3228,704,81,5,14,0,12,14,131,43
42,ctrl_d1_t5_w20,547,141,4102,723,3238,704,81,2,17,0,10,13,131,43
42,ctrl_d1_t5_w20,548,142,4111,724,3245,706,82,2,16,0,12,12,131,43
42,ctrl_d1_t5_w20,549,146,4120,725,3249,707,82,3,15,0,13,12,131,43
42,ctrl_d1_t5_w20,550,149,4130,726,3255,709,83,3,14,0,14,14,126,43
42,ctrl_d1_t5_w20,551,148,4140,728,3264,709,81,4,15,0,13,14,126,43
42,ctrl_d1_t5_w20,552,154,4150,728,3268,709,81,4,15,0,13,15,126,43
42,ctrl_d1_t5_w20,553,154,4159,729,3276,711,82,3,15,0,11,15,126,43
42,ctrl_d1_t5_w20,554,153,4165,730,3282,712,82,3,15,0,9,16,126,43
42,ctrl_d1_t5_w20,555,153,4171,731,3287,714,83,3,14,0,9,17,131,43
42,ctrl_d1_t5_w20,556,152,4178,731,3295,714,83,2,15,0,9,18,131,43
42,ctrl_d1_t5_w20,557,153,4188,731,3304,714,83,2,15,0,9,18,131,43
42,ctrl_d1_t5_w20,558,155,4198,732,3311,715,83,2,15,0,9,20,131,43
42,ctrl_d1_t5_w20,559,155,4204,733,3316,717,84,2,14,0,9,21,131,43
42,ctrl_d1_t5_w20,560,153,4210,733,3324,717,84,2,14,0,9,21,131,43
42,ctrl_d1_t5_w20,561,154,4219,734,3331,717,83,3,14,0,9,22,131,43
42,ctrl_d1_t5_w20,562,150,4225,735,3340,718,83,3,14,0,9,22,131,43
42,ctrl_d1_t5_w20,563,151,4235,738,3346,721,83,5,12,0,9,21,131,43
42,ctrl_d1_t5_w20,564,153,4244,740,3351,722,82,6,12,0,9,22,131,43
42,ctrl_d1_t5_w20,565,153,4252,742,3357,724,82,8,10,0,9,21,131,43
42,ctrl_d1_t5_w20,566,148,4258,744,3366,725,81,10,9,0,9,20,131,43
42,ctrl_d1_t5_w20,567,148,4267,745,3374,726,81,8,11,0,9,18,131,43
42,ctrl_d1_t5_w20,568,144,4272,748,3380,727,79,11,10,0,9,20,131,43
42,ctrl_d1_t5_w20,569,140,4277,749,3388,727,78,10,12,0,9,20,131,43
42,ctrl_d1_t5_w20,570,139,4286,752,3395,728,76,10,14,0,9,19,121,43
42,ctrl_d1_t5_w20,571,140,4296,753,3403,728,75,9,16,0,9,19,121,43
42,ctrl_d1_t5_w20,572,139,4306,754,3413,729,75,9,16,0,9,18,121,43
42,ctrl_d1_t5_w20,573,135,4311,755,3421,732,77,8,15,0,9,15,121,43
42,ctrl_d1_t5_w20,574,135,4318,756,3427,732,76,7,17,0,11,13,121,43
42,ctrl_d1_t5_w20,575,136,4326,757,3433,732,75,7,18,0,11,13,131,43
42,ctrl_d1_t5_w20,576,133,4331,758,3440,732,74,6,20,0,11,12,131,43
42,ctrl_d1_t5_w20,577,131,4338,758,3449,733,75,5,20,0,11,12,131,43
42,ctrl_d1_t5_w20,578,132,4347,758,3457,735,77,4,19,0,13,13,131,43
42,ctrl_d1_t5_w20,579,132,4354,759,3463,737,78,3,19,0,11,13,131,43
42,ctrl_d1_t5_w20,580,132,4359,759,3468,738,79,3,18,0,11,14,131,43
42,ctrl_d1_t5_w20,581,134,4369,760,3475,738,78,4,18,0,11,15,131,43
42,ctrl_d1_t5_w20,582,134,4377,762,3481,739,77,6,17,0,9,16,131,43
42,ctrl_d1_t5_w20,583,134,4385,763,3488,740,77,5,18,0,9,17,131,43
42,ctrl_d1_t5_w20,584,134,4394,763,3497,741,78,5,17,0,8,18,131,43
42,ctrl_d1_t5_w20,585,135,4402,764,3503,742,78,4,18,0,7,19,131,43
42,ctrl_d1_t5_w20,586,138,4410,765,3507,746,81,5,14,0,7,20,131,43
42,ctrl_d1_t5_w20,587,137,4420,767,3516,747,80,6,14,0,8,22,131,43
42,ctrl_d1_t5_w20,588,142,4430,768,3520,748,80,7,13,0,9,23,131,43
42,ctrl_d1_t5_w20,589,145,4438,768,3525,749,81,6,13,0,9,23,131,43
42,ctrl_d1_t5_w20,590,146,4445,769,3530,750,81,7,12,0,9,23,131,43
42,ctrl_d1_t5_w20,591,145,4454,770,3539,751,81,7,12,0,9,23,131,43
42,ctrl_d1_t5_w20,592,141,4460,771,3548,753,82,6,12,0,9,22,131,43
42,ctrl_d1_t5_w20,593,144,4468,772,3552,757,85,6,9,0,9,23,131,43
42,ctrl_d1_t5_w20,594,144,4475,773,3558,758,85,5,10,0,9,21,131,43
42,ctrl_d1_t5_w20,595,142,4480,773,3565,759,86,4,10,0,9,19,131,43
42,ctrl_d1_t5_w20,596,145,4488,774,3569,760,86,2,12,0,9,19,131,43
42,ctrl_d1_t5_w20,597,145,4495,775,3575,760,85,3,12,0,9,19,131,43
42,ctrl_d1_t5_w20,598,142,4503,777,3584,760,83,4,13,0,9,19,131,43
42,ctrl_d1_t5_w20,599,141,4509,778,3590,760,82,5,13,0,9,20,131,43
42,ctrl_d1_t5_w20,600,141,4514,778,3595,762,84,5,11,0,9,18,121,40
42,pure_default,1,4,7,3,0,0,97,3,0,0,0,2,131,43
42,pure_default,2,9,12,3,0,0,96,3,0,1,1,3,131,43
42,pure_default,3,13,17,4,0,0,94,4,0,2,1,4,131,43
42,pure_default,4,15,22,7,0,0,92,7,0,1,1,3,131,43
42,pure_default,5,20,28,8,0,0,90,6,2,2,2,4,131,43
42,pure_default,6,30,38,8,0,0,90,5,3,2,5,5,131,43
42,pure_default,7,35,47,12,0,0,88,7,5,0,6,5,131,43
42,pure_default,8,40,52,12,0,0,88,5,7,0,7,6,131,43
42,pure_default,9,45,57,12,0,0,88,4,8,0,8,6,131,43
42,pure_default,10,53,66,13,0,0,86,4,9,1,9,8,131,43
42,pure_default,11,61,75,13,1,0,86,2,11,1,9,11,131,43
42,pure_default,12,67,85,14,4,0,85,2,12,1,9,11,131,43
42,pure_default,13,69,91,14,8,1,84,2,11,3,9,11,131,43
42,pure_default,14,71,96,15,10,1,84,2,12,2,9,11,131,43
42,pure_default,15,73,106,18,15,1,83,5,12,0,9,10,131,43
42,pure_default,16,72,113,19,22,1,82,6,12,0,9,10,131,43
42,pure_default,17,71,120,20,29,1,81,5,14,0,9,10,131,43
42,pure_default,18,74,128,20,34,2,81,5,13,1,9,11,131,43
42,pure_default,19,76,136,21,39,3,81,5,13,1,8,11,131,43
42,pure_default,20,72,142,22,48,4,82,2,16,0,8,9,121,40
42,pure_default,21,71,149,22,56,7,83,1,14,2,9,9,121,40
42,pure_default,22,66,154,22,66,9,84,1,12,3,9,9,121,40
42,pure_default,23,64,161,26,71,9,82,5,12,1,9,9,121,40
42,pure_default,24,70,171,27,74,10,83,6,11,0,9,10,121,40
42,pure_default,25,67,178,27,84,10,83,5,12,0,9,10,126,43
42,pure_default,26,69,188,29,90,11,82,6,12,0,9,10,126,43
42,pure_default,27,71,196,29,96,11,82,5,13,0,9,9,126,43
42,pure_default,28,73,206,30,103,11,81,4,15,0,9,10,126,43
42,pure_default,29,75,215,30,110,13,80,4,13,3,9,11,126,43
42,pure_default,30,76,225,34,115,14,77,4,16,3,9,10,131,43
42,pure_default,31,74,230,37,119,14,77,6,17,0,8,9,131,43
42,pure_default,32,77,238,38,123,17,76,6,15,3,9,9,131,43
42,pure_default,33,79,247,39,129,17,73,6,16,5,12,8,131,43
42,pure_default,34,75,257,44,138,18,72,8,18,2,11,7,131,43
42,pure_default,35,70,262,47,145,18,69,7,22,2,9,7,131,43
42,pure_default,36,66,268,48,154,19,69,7,22,2,10,5,131,43
42,pure_default,37,64,273,50,159,19,69,7,24,0,9,6,131,43
42,pure_default,38,61,281,52,168,21,69,8,23,0,7,7,131,43
42,pure_default,39,55,286,54,177,23,69,6,25,0,7,8,131,43
42,pure_default,40,60,295,55,180,24,67,5,26,2,9,8,131,43
42,pure_default,41,62,302,55,185,26,68,3,26,3,8,9,131,43
42,pure_default,42,59,307,58,190,27,68,5,26,1,8,8,131,43
42,pure_default,43,60,316,59,197,28,67,4,27,2,8,8,131,43
42,pure_default,44,61,325,59,205,28,67,3,28,2,8,9,131,43
42,pure_default,45,64,332,63,205,29,66,6,28,0,8,9,131,43
42,pure_default,46,64,337,63,210,31,66,5,27,2,8,10,131,43
42,pure_default,47,62,342,65,215,34,66,7,24,3,9,11,131,43
42,pure_default,48,63,350,69,218,40,68,9,20,3,9,11,131,43
42,pure_default,49,65,356,70,221,42,70,8,20,2,9,11,131,43
42,pure_default,50,62,362,72,228,44,72,10,18,0,9,9,126,43
42,pure_default,51,62,368,72,234,45,73,6,21,0,9,8,126,43
42,pure_default,52,66,377,72,239,46,73,6,20,1,9,9,126,43
42,pure_default,53,63,382,72,247,46,70,5,21,4,9,8,126,43
42,pure_default,54,60,387,73,254,48,72,5,20,3,9,8,126,43
42,pure_default,55,57,392,77,258,51,73,9,17,1,9,8,131,43
42,pure_default,56,62,402,78,262,52,73,7,19,1,9,10,131,43
42,pure_default,57,63,407,79,265,55,76,7,17,0,9,11,131,43
42,pure_default,58,60,412,79,273,55,76,4,20,0,9,10,131,43
42,pure_default,59,62,421,80,279,57,76,3,20,1,9,11,131,43
42,pure_default,60,61,426,80,285,58,76,2,20,2,9,10,131,43
42,pure_default,61,63,435,82,290,59,75,3,20,2,8,9,131,43
42,pure_default,62,61,444,85,298,61,69,5,19,7,10,7,131,43
42,pure_default,63,61,450,86,303,62,70,5,19,6,10,6,131,43
42,pure_default,64,56,458,94,308,63,68,13,18,1,9,6,131,43
42,pure_default,65,58,464,94,312,65,70,7,22,1,10,5,131,43
42,pure_default,66,54,469,95,320,66,70,7,22,1,8,5,131,43
42,pure_default,67,56,476,95,325,68,71,6,21,2,7,6,131,43
42,pure_default,68,61,486,96,329,70,73,4,22,1,8,8,131,43
42,pure_default,69,59,495,99,337,72,73,7,20,0,8,9,131,43
42,pure_default,70,65,501,99,337,73,73,6,20,1,8,11,131,43
42,pure_default,71,65,506,99,342,74,74,4,21,1,8,11,131,43
42,pure_default,72,64,511,100,347,75,75,3,22,0,7,11,131,43
42,pure_default,73,65,518,100,353,75,75,1,24,0,7,11,131,43
42,pure_default,74,68,527,100,359,77,77,1,22,0,8,12,131,43
42,pure_default,75,71,537,101,365,77,75,2,22,1,8,11,131,43
42,pure_default,76,71,546,105,370,83,77,5,17,1,9,12,131,43
42,pure_default,77,73,555,106,376,84,77,5,17,1,9,12,131,43
42,pure_default,78,68,560,107,385,86,78,5,16,1,9,14,131,43
42,pure_default,79,66,567,108,393,86,76,4,18,2,9,15,131,43
42,pure_default,80,66,573,108,399,87,76,1,20,3,9,13,131,43
42,pure_default,81,71,583,110,402,91,80,2,17,1,9,10,131,43
42,pure_default,82,76,593,111,406,92,80,3,16,1,9,11,131,43
42,pure_default,83,79,603,111,413,94,82,3,14,1,9,11,131,43
42,pure_default,84,80,612,112,420,95,83,4,13,0,9,12,131,43
42,pure_default,85,81,622,112,429,97,85,4,11,0,8,12,131,43
42,pure_default,86,82,629,112,435,97,85,3,12,0,8,14,131,43
42,pure_default,87,84,639,112,443,97,85,2,13,0,8,15,131,43
42,pure_default,88,87,648,113,448,98,85,3,12,0,9,14,131,43
42,pure_default,89,85,653,113,455,99,86,1,13,0,9,13,131,43
42,pure_default,90,85,659,113,461,99,86,1,13,0,9,12,131,43
42,pure_default,91,85,669,113,471,101,87,0,12,1,10,11,131,43
42,pure_default,92,82,676,113,481,102,85,0,11,4,8,11,131,43
42,pure_default,93,76,683,117,490,105,84,4,8,4,9,10,131,43
42,pure_default,94,71,692,122,499,105,82,9,8,1,12,6,131,43
42,pure_default,95,69,702,124,509,106,82,11,7,0,12,7,131,43
42,pure_default,96,72,712,124,516,106,82,9,9,0,11,8,131,43
42,pure_default,97,71,721,125,525,106,80,6,13,1,9,10,131,43
42,pure_default,98,71,731,127,533,107,79,6,14,1,8,10,131,43
42,pure_default,99,70,737,129,538,107,78,6,16,0,8,10,131,43
42,pure_default,100,78,746,129,539,109,80,4,16,0,9,10,121,40
42,pure_default,101,79,754,129,546,109,80,2,18,0,9,13,121,40
42,pure_default,102,77,760,130,553,111,81,3,16,0,9,12,121,40
42,pure_default,103,79,768,130,559,112,81,2,16,1,9,11,121,40
42,pure_default,104,76,774,132,566,112,79,4,16,1,9,11,121,40
42,pure_default,105,77,784,133,574,112,78,4,17,1,9,12,131,43
42,pure_default,106,74,791,133,584,113,79,3,17,1,9,11,131,43
42,pure_default,107,74,798,135,589,113,78,4,18,0,9,12,131,43
42,pure_default,108,71,803,135,597,116,81,3,16,0,9,13,131,43
42,pure_default,109,73,813,137,603,117,79,5,15,1,9,12,131,43
42,pure_default,110,73,822,137,612,119,80,4,14,2,9,11,131,43
42,pure_default,111,73,830,138,619,120,81,3,15,1,9,11,131,43
42,pure_default,112,76,839,139,624,121,82,3,15,0,9,11,131,43
42,pure_default,113,74,846,140,632,121,80,2,17,1,9,10,131,43
42,pure_default,114,74,852,140,638,122,81,2,16,1,9,9,131,43
42,pure_default,115,71,861,142,648,124,82,4,14,0,9,8,131,43
42,pure_default,116,72,869,143,654,127,84,5,11,0,9,9,131,43
42,pure_default,117,75,878,143,660,127,84,4,12,0,9,10,131,43
42,pure_default,118,75,883,143,665,127,84,1,15,0,8,10,131,43
42,pure_default,119,70,888,145,673,129,83,2,14,1,8,9,131,43
42,pure_default,120,66,897,149,682,129,78,6,14,2,8,9,131,43
42,pure_default,121,63,902,150,689,130,79,7,13,1,8,8,131,43
42,pure_default,122,64,912,151,697,130,75,5,16,4,9,8,131,43
42,pure_default,123,64,918,152,702,132,76,3,17,4,9,8,131,43
42,pure_default,124,59,923,156,708,132,75,7,17,1,9,7,131,43
42,pure_default,125,61,932,156,715,133,75,5,18,2,8,8,121,40
42,pure_default,126,59,939,158,722,134,75,4,20,1,8,7,121,40
42,pure_default,127,55,946,160,731,137,75,6,17,2,8,8,121,40
42,pure_default,128,55,951,160,736,137,74,5,18,3,7,9,121,40
42,pure_default,129,56,958,162,740,138,75,7,17,1,7,9,121,40
42,pure_default,130,62,966,163,741,139,76,5,19,0,7,9,131,43
42,pure_default,131,66,972,163,743,140,77,3,20,0,9,10,131,43
42,pure_default,132,61,977,163,753,141,77,3,19,1,8,10,131,43
42,pure_default,133,64,987,165,758,141,74,4,20,2,8,11,131,43
42,pure_default,134,64,992,167,761,144,76,6,17,1,8,14,131,43
42,pure_default,135,63,1000,169,768,144,75,5,20,0,8,12,131,43
42,pure_default,136,63,1005,169,773,146,77,5,18,0,8,12,131,43
42,pure_default,137,63,1012,169,780,148,79,4,17,0,9,13,131,43
42,pure_default,138,66,1020,169,785,149,80,2,18,0,9,12,131,43
42,pure_default,139,64,1025,169,792,151,82,1,17,0,9,12,131,43
42,pure_default,140,62,1031,169,800,151,82,1,17,0,9,11,131,43
42,pure_default,141,64,1040,170,806,152,82,1,17,0,8,11,131,43
42,pure_default,142,68,1049,171,810,155,83,2,14,1,9,12,131,43
42,pure_default,143,67,1058,172,819,156,82,2,14,2,9,9,131,43
42,pure_default,144,72,1068,173,823,158,84,3,12,1,9,9,131,43
42,pure_default,145,72,1076,175,829,160,84,5,10,1,9,9,131,43
42,pure_default,146,71,1081,176,834,160,82,4,12,2,9,8,131,43
42,pure_default,147,70,1087,177,840,162,83,5,10,2,9,10,131,43
42,pure_default,148,70,1095,178,847,163,84,4,11,1,9,10,131,43
42,pure_default,149,70,1101,180,851,164,83,4,12,1,9,9,131,43
42,pure_default,150,70,1109,183,856,166,81,6,11,2,9,9,131,43
42,pure_default,151,68,1116,185,863,167,81,8,10,1,9,7,131,43
42,pure_default,152,64,1121,186,871,168,80,8,10,2,10,7,131,43
42,pure_default,153,64,1130,187,879,168,77,6,13,4,10,6,131,43
42,pure_default,154,57,1135,189,889,169,77,5,15,3,7,5,131,43
42,pure_default,155,58,1145,191,896,169,74,6,16,4,7,7,126,43
42,pure_default,156,62,1154,192,900,169,74,4,19,3,9,7,126,43
42,pure_default,157,58,1159,195,906,169,73,7,19,1,8,8,126,43
42,pure_default,158,60,1169,195,914,170,74,7,18,1,9,9,126,43
42,pure_default,159,63,1178,197,918,171,73,7,19,1,9,10,126,43
42,pure_default,160,69,1185,197,919,173,75,7,17,1,9,10,131,43
42,pure_default,161,73,1191,198,920,173,74,5,20,1,9,10,131,43
42,pure_default,162,76,1199,198,925,174,74,3,21,2,9,10,131,43
42,pure_default,163,75,1209,201,933,175,73,3,23,1,9,8,131,43
42,pure_default,164,76,1214,202,936,176,74,4,22,0,9,8,131,43
42,pure_default,165,73,1222,203,946,176,73,5,22,0,9,8,131,43
42,pure_default,166,73,1232,204,955,179,74,4,21,1,9,8,131,43
42,pure_default,167,75,1239,204,960,181,76,3,20,1,9,10,131,43
42,pure_default,168,72,1246,205,969,182,76,2,21,1,9,8,131,43
42,pure_default,169,70,1252,205,977,182,76,1,22,1,8,8,131,43
42,pure_default,170,69,1257,206,982,183,76,1,22,1,8,8,131,43
42,pure_default,171,68,1262,206,988,185,77,1,20,2,8,10,131,43
42,pure_default,172,66,1268,207,995,187,78,1,19,2,9,8,131,43
42,pure_default,173,67,1278,209,1002,188,78,3,18,1,9,11,131,43
42,pure_default,174,70,1286,211,1005,190,78,5,16,1,9,12,131,43
42,pure_default,175,71,1295,211,1013,192,80,5,14,1,9,12,131,43
42,pure_default,176,66,1300,212,1022,193,81,4,15,0,9,11,131,43
42,pure_default,177,66,1307,212,1029,196,84,2,14,0,7,9,131,43
42,pure_default,178,67,1315,212,1036,198,85,1,13,1,8,10,131,43
42,pure_default,179,68,1323,213,1042,199,84,2,12,2,8,11,131,43
42,pure_default,180,68,1330,216,1046,199,82,4,13,1,8,10,121,40
42,pure_default,181,71,1338,217,1050,199,81,5,13,1,9,9,121,40
42,pure_default,182,76,1347,217,1054,199,81,3,15,1,8,9,121,40
42,pure_default,183,69,1352,219,1064,201,81,5,13,1,10,8,121,40
42,pure_default,184,68,1360,220,1072,201,79,4,15,2,11,6,121,40
42,pure_default,185,68,1370,221,1081,202,79,5,14,2,10,6,131,43
42,pure_default,186,67,1376,223,1086,203,78,4,16,2,11,6,131,43
42,pure_default,187,66,1383,224,1093,207,82,4,13,1,9,7,131,43
42,pure_default,188,63,1390,226,1101,208,81,5,13,1,8,7,131,43
42,pure_default,189,64,1398,226,1108,208,81,4,14,1,9,9,131,43
42,pure_default,190,70,1406,227,1109,208,81,5,14,0,9,9,131,43
42,pure_default,191,73,1416,228,1115,208,80,6,14,0,9,8,131,43
42,pure_default,192,72,1425,230,1123,209,79,6,15,0,9,9,131,43
42,pure_default,193,76,1434,231,1127,209,78,5,17,0,9,10,131,43
42,pure_default,194,75,1440,231,1134,211,80,3,17,0,9,12,131,43
42,pure_default,195,75,1450,233,1142,212,78,4,17,1,9,9,131,43
42,pure_default,196,78,1459,233,1148,215,80,3,15,2,9,9,131,43
42,pure_default,197,81,1469,234,1154,216,80,2,16,2,9,10,131,43
42,pure_default,198,79,1474,235,1160,217,81,3,15,1,9,9,131,43
42,pure_default,199,79,1481,236,1166,217,81,3,16,0,9,11,131,43
42,pure_default,200,76,1486,236,1174,219,83,3,14,0,9,10,131,43
42,pure_default,201,71,1491,237,1183,220,83,4,13,0,9,11,131,43
42,pure_default,202,73,1501,237,1191,221,83,2,14,1,9,12,131,43
42,pure_default,203,71,1508,237,1200,223,85,1,13,1,9,12,131,43
42,pure_default,204,75,1517,238,1204,224,86,1,13,0,8,11,131,43
42,pure_default,205,73,1524,238,1213,224,85,1,13,1,9,11,131,43
42,pure_default,206,69,1529,238,1222,224,85,1,13,1,9,11,131,43
42,pure_default,207,68,1538,239,1231,226,85,2,11,2,9,13,131,43
42,pure_default,208,71,1546,239,1236,228,86,2,9,3,9,12,131,43
42,pure_default,209,69,1552,241,1242,228,86,4,9,1,9,9,131,43
42,pure_default,210,73,1562,244,1245,229,85,6,9,0,9,9,131,43
42,pure_default,211,75,1569,245,1249,231,85,6,8,1,11,8,131,43
42,pure_default,212,72,1576,245,1259,231,85,5,9,1,12,7,131,43
42,pure_default,213,70,1582,246,1266,233,86,6,7,1,14,6,131,43
42,pure_default,214,69,1591,247,1275,235,87,6,6,1,14,6,131,43
42,pure_default,215,66,1598,250,1282,235,84,7,8,1,10,7,131,43
42,pure_default,216,67,1605,251,1287,236,84,6,9,1,9,7,131,43
42,pure_default,217,62,1610,252,1296,236,84,6,10,0,8,8,131,43
42,pure_default,218,60,1616,252,1304,236,84,5,11,0,8,9,131,43
42,pure_default,219,61,1624,254,1309,237,83,4,13,0,8,12,131,43
42,pure_default,220,65,1634,255,1314,237,82,4,14,0,9,12,131,43
42,pure_default,221,65,1639,255,1319,237,82,4,14,0,9,11,131,43
42,pure_default,222,64,1645,255,1326,237,81,3,15,1,8,11,131,43
42,pure_default,223,64,1650,255,1331,238,82,1,16,1,9,12,131,43
42,pure_default,224,64,1660,257,1339,239,82,3,15,0,9,12,131,43
42,pure_default,225,64,1667,259,1344,240,81,4,15,0,9,12,131,43
42,pure_default,226,66,1676,260,1350,240,79,4,16,1,9,11,131,43
42,pure_default,227,69,1685,261,1355,240,78,4,17,1,9,10,131,43
42,pure_default,228,70,1692,262,1360,241,79,5,16,0,9,11,131,43
42,pure_default,229,71,1700,263,1366,243,78,6,14,2,9,12,131,43
42,pure_default,230,71,1710,263,1376,244,79,3,16,2,9,12,131,43
42,pure_default,231,71,1715,265,1379,247,81,5,13,1,9,11,131,43
42,pure_default,232,73,1722,265,1384,249,83,1,15,1,9,11,131,43
42,pure_default,233,78,1732,266,1388,250,84,1,15,0,9,13,131,43
42,pure_default,234,76,1738,266,1396,252,86,1,13,0,9,14,131,43
42,pure_default,235,75,1743,266,1402,252,86,1,13,0,9,12,111,40
42,pure_default,236,71,1748,266,1411,252,85,0,14,1,9,13,111,40
42,pure_default,237,69,1755,266,1420,252,83,0,14,3,9,14,111,40
42,pure_default,238,67,1760,267,1426,254,83,1,12,4,9,11,111,40
42,pure_default,239,64,1768,271,1433,254,81,5,12,2,9,10,111,40
42,pure_default,240,64,1778,276,1438,255,77,9,12,2,10,8,131,43
42,pure_default,241,66,1785,276,1443,255,77,7,14,2,10,7,131,43
42,pure_default,242,65,1793,279,1449,256,77,7,16,0,11,8,131,43
42,pure_default,243,60,1798,279,1459,256,77,7,16,0,9,8,131,43
42,pure_default,244,57,1804,282,1465,257,75,8,17,0,8,8,131,43
42,pure_default,245,60,1813,283,1470,259,76,5,19,0,7,10,131,43
42,pure_default,246,64,1822,283,1475,260,75,3,20,2,7,12,131,43
42,pure_default,247,62,1827,283,1482,261,75,2,20,3,6,15,131,43
42,pure_default,248,62,1835,286,1487,264,77,3,19,1,7,14,131,43
42,pure_default,249,62,1840,287,1491,264,77,4,19,0,8,14,131,43
42,pure_default,250,64,1847,287,1496,266,78,4,17,1,7,13,131,43
42,pure_default,251,64,1854,287,1503,268,79,2,17,2,7,10,131,43
42,pure_default,252,62,1859,288,1509,268,78,2,18,2,7,11,131,43
42,pure_default,253,65,1867,290,1512,270,79,4,16,1,9,11,131,43
42,pure_default,254,69,1875,291,1515,273,82,4,14,0,9,11,131,43
42,pure_default,255,66,1880,291,1523,273,82,4,14,0,9,9,122,43
42,pure_default,256,63,1886,291,1532,274,83,2,15,0,8,10,122,43
42,pure_default,257,63,1891,291,1537,274,82,2,15,1,8,10,122,43
42,pure_default,258,63,1900,292,1545,274,81,2,16,1,8,9,122,43
42,pure_default,259,63,1905,293,1549,277,84,2,14,0,9,9,122,43
42,pure_default,260,65,1914,293,1556,278,85,2,13,0,8,9,131,43
42,pure_default,261,65,1920,293,1562,280,86,2,11,1,8,10,131,43
42,pure_default,262,65,1926,294,1567,281,85,1,12,2,8,11,131,43
42,pure_default,263,67,1935,295,1573,284,86,2,9,3,9,12,131,43
42,pure_default,264,63,1940,297,1580,284,85,4,9,2,8,14,131,43
42,pure_default,265,63,1946,300,1583,284,83,7,9,1,7,13,131,43
42,pure_default,266,61,1952,302,1589,285,81,7,10,2,8,14,131,43
42,pure_default,267,65,1961,303,1593,287,82,7,9,2,7,15,131,43
42,pure_default,268,62,1967,305,1600,288,81,6,11,2,7,13,131,43
42,pure_default,269,63,1975,307,1605,289,80,5,13,2,8,12,131,43
42,pure_default,270,64,1985,310,1611,290,78,8,12,2,7,11,131,43
42,pure_default,271,67,1994,313,1614,290,74,11,12,3,9,10,131,43
42,pure_default,272,71,2004,314,1619,291,72,8,15,5,11,9,131,43
42,pure_default,273,65,2009,316,1628,291,72,8,17,3,11,7,131,43
42,pure_default,274,66,2016,319,1631,293,74,7,19,0,12,6,131,43
42,pure_default,275,69,2024,319,1636,293,74,5,21,0,14,9,131,43
42,pure_default,276,73,2034,320,1641,295,75,3,22,0,12,9,131,43
42,pure_default,277,70,2039,320,1649,296,74,3,21,2,9,9,131,43
42,pure_default,278,73,2048,320,1655,296,74,3,21,2,9,11,131,43
42,pure_default,279,72,2056,322,1662,299,76,4,19,1,9,10,131,43
42,pure_default,280,79,2066,322,1665,299,76,2,21,1,9,10,131,43
42,pure_default,281,82,2076,323,1671,300,76,2,21,1,9,12,131,43
42,pure_default,282,76,2082,325,1681,301,75,4,20,1,9,10,131,43
42,pure_default,283,81,2092,327,1684,301,73,6,20,1,9,11,131,43
42,pure_default,284,82,2100,327,1691,303,75,4,20,1,9,12,131,43
42,pure_default,285,79,2105,328,1698,303,75,3,22,0,9,12,121,40
42,pure_default,286,77,2113,329,1707,304,74,4,21,1,9,12,121,40
42,pure_default,287,80,2122,330,1712,310,78,4,16,2,9,12,121,40
42,pure_default,288,75,2127,331,1721,311,79,4,16,1,8,11,121,40
42,pure_default,289,74,2134,334,1726,314,80,6,14,0,8,12,121,40
42,pure_default,290,71,2141,335,1735,317,82,6,12,0,8,12,126,43
42,pure_default,291,66,2147,336,1745,318,81,6,12,1,8,8,126,43
42,pure_default,292,67,2153,336,1750,319,82,6,11,1,8,9,126,43
42,pure_default,293,62,2158,338,1758,320,79,6,12,3,8,8,126,43
42,pure_default,294,62,2166,338,1766,320,78,3,15,4,8,9,126,43
42,pure_default,295,65,2175,341,1769,320,77,6,15,2,8,9,131,43
42,pure_default,296,64,2181,343,1774,321,77,6,16,1,7,9,131,43
42,pure_default,297,64,2189,344,1781,322,78,6,16,0,8,8,131,43
42,pure_default,298,63,2194,345,1786,323,77,7,15,1,8,8,131,43
42,pure_default,299,65,2201,345,1791,324,75,4,17,4,8,9,131,43
42,pure_default,300,64,2209,348,1797,324,72,5,19,4,8,8,131,43
42,pure_default,301,68,2219,351,1800,325,72,7,19,2,8,7,131,43
42,pure_default,302,73,2229,352,1804,325,71,7,20,2,11,6,131,43
42,pure_default,303,72,2234,354,1808,326,70,8,20,2,15,6,131,43
42,pure_default,304,71,2242,355,1816,326,70,4,25,1,13,6,131,43
42,pure_default,305,68,2248,357,1823,328,71,4,25,0,13,6,131,43
42,pure_default,306,70,2256,357,1829,329,71,1,27,1,12,8,131,43
42,pure_default,307,70,2265,358,1837,329,69,1,28,2,10,10,131,43
42,pure_default,308,72,2273,360,1841,330,68,3,27,2,9,10,131,43
42,pure_default,309,71,2281,363,1847,333,69,5,25,1,9,12,131,43
42,pure_default,310,71,2286,365,1850,336,71,5,24,0,9,12,131,43
42,pure_default,311,66,2291,365,1860,337,72,4,24,0,9,11,131,43
42,pure_default,312,65,2299,366,1868,338,71,2,26,1,8,11,131,43
42,pure_default,313,65,2305,367,1873,339,71,2,26,1,8,11,131,43
42,pure_default,314,64,2312,369,1879,342,72,3,24,1,6,11,131,43
42,pure_default,315,65,2319,369,1885,344,74,3,22,1,6,11,131,43
42,pure_default,316,65,2327,370,1892,345,75,3,22,0,7,11,131,43
42,pure_default,317,63,2335,372,1900,346,74,4,22,0,7,13,131,43
42,pure_default,318,62,2343,373,1908,348,75,3,22,0,7,12,131,43
42,pure_default,319,63,2351,374,1914,352,78,4,18,0,8,13,131,43
42,pure_default,320,68,2361,376,1917,352,76,4,20,0,8,14,131,43
42,pure_default,321,69,2367,377,1921,358,81,4,15,0,8,14,131,43
42,pure_default,322,68,2373,379,1926,359,80,6,14,0,8,15,131,43
42,pure_default,323,68,2378,379,1931,361,82,4,14,0,7,15,131,43
42,pure_default,324,71,2388,379,1938,363,84,2,14,0,8,14,131,43
42,pure_default,325,73,2396,380,1943,364,84,3,13,0,9,14,131,43
42,pure_default,326,71,2404,382,1951,365,83,4,13,0,8,15,131,43
42,pure_default,327,69,2410,382,1959,367,85,3,12,0,9,13,131,43
42,pure_default,328,72,2419,382,1965,368,86,2,12,0,9,12,131,43
42,pure_default,329,70,2425,382,1973,369,87,0,13,0,9,12,131,43
42,pure_default,330,65,2430,383,1982,370,87,1,12,0,9,10,131,43
42,pure_default,331,66,2438,385,1987,370,84,3,12,1,10,9,131,43
42,pure_default,332,65,2443,385,1993,371,83,3,11,3,8,8,131,43
42,pure_default,333,67,2451,386,1998,371,83,4,11,2,11,7,131,43
42,pure_default,334,60,2457,389,2008,372,83,6,11,0,10,5,131,43
42,pure_default,335,60,2465,390,2015,372,82,5,13,0,10,5,121,40
42,pure_default,336,59,2470,390,2021,372,82,3,15,0,9,5,121,40
42,pure_default,337,59,2476,390,2027,373,82,2,15,1,9,6,121,40
42,pure_default,338,54,2482,393,2035,373,79,5,15,1,9,7,121,40
42,pure_default,339,56,2491,394,2041,373,79,6,15,0,9,7,121,40
42,pure_default,340,64,2499,394,2041,376,81,3,15,1,9,8,131,43
42,pure_default,341,66,2508,396,2046,376,79,5,15,1,9,9,131,43
42,pure_default,342,68,2516,398,2050,377,79,6,15,0,9,9,131,43
42,pure_default,343,64,2521,399,2058,377,78,6,16,0,8,8,131,43
42,pure_default,344,67,2531,400,2064,379,78,5,16,1,9,9,131,43
42,pure_default,345,64,2536,401,2071,382,80,3,16,1,9,9,131,43
42,pure_default,346,69,2545,402,2074,383,81,4,15,0,9,9,131,43
42,pure_default,347,68,2550,402,2080,383,79,2,17,2,9,9,131,43
42,pure_default,348,69,2556,403,2084,383,78,3,17,2,9,9,131,43
42,pure_default,349,66,2562,406,2090,383,77,5,18,0,9,11,131,43
42,pure_default,350,63,2568,407,2098,386,79,6,15,0,9,11,131,43
42,pure_default,351,63,2574,407,2104,387,80,6,14,0,9,12,131,43
42,pure_default,352,62,2581,407,2112,389,80,4,14,2,9,10,131,43
42,pure_default,353,63,2587,407,2117,390,81,2,15,2,9,10,131,43
42,pure_default,354,62,2595,409,2124,391,81,2,16,1,9,11,131,43
42,pure_default,355,65,2602,410,2127,392,81,2,16,1,9,10,131,43
42,pure_default,356,62,2609,412,2135,393,81,4,15,0,8,10,131,43
42,pure_default,357,66,2618,412,2140,394,81,4,14,1,9,12,131,43
42,pure_default,358,65,2625,414,2146,394,79,6,14,1,9,11,131,43
42,pure_default,359,65,2631,415,2151,395,78,6,14,2,8,11,131,43
42,pure_default,360,67,2639,415,2157,396,77,5,14,4,9,10,126,43
42,pure_default,361,70,2648,417,2161,397,78,6,14,2,11,7,126,43
42,pure_default,362,70,2656,419,2167,398,79,5,16,0,10,7,126,43
42,pure_default,363,69,2661,419,2173,399,79,1,19,1,10,6,126,43
42,pure_default,364,70,2670,420,2180,401,79,1,18,2,14,5,126,43
42,pure_default,365,70,2676,421,2185,401,78,2,18,2,12,6,131,43
42,pure_default,366,72,2685,422,2191,403,79,3,16,2,11,7,131,43
42,pure_default,367,69,2692,424,2199,404,78,3,17,2,10,8,131,43
42,pure_default,368,71,2701,426,2204,404,77,5,17,1,9,9,131,43
42,pure_default,369,70,2706,427,2209,405,78,5,17,0,9,9,131,43
42,pure_default,370,69,2711,428,2214,405,75,2,21,2,9,9,131,43
42,pure_default,371,69,2720,428,2223,410,80,2,16,2,9,9,131,43
42,pure_default,372,68,2727,430,2229,410,80,3,17,0,9,11,131,43
42,pure_default,373,73,2737,430,2234,411,81,0,19,0,9,12,131,43
42,pure_default,374,70,2743,430,2243,412,82,0,18,0,9,10,131,43
42,pure_default,375,70,2749,430,2249,413,83,0,17,0,9,9,131,43
42,pure_default,376,67,2754,430,2257,416,86,0,14,0,8,9,131,43
42,pure_default,377,65,2760,432,2263,417,84,2,13,1,8,10,131,43
42,pure_default,378,64,2768,432,2272,418,85,2,12,1,9,9,131,43
42,pure_default,379,65,2774,433,2276,418,85,3,12,0,9,8,131,43
42,pure_default,380,69,2783,434,2280,421,87,2,11,0,9,8,115,42
42,pure_default,381,64,2788,435,2289,422,86,3,10,1,9,8,115,42
42,pure_default,382,62,2793,435,2296,422,86,2,11,1,8,7,115,42
42,pure_default,383,59,2800,436,2305,422,86,2,12,0,9,7,115,42
42,pure_default,384,59,2806,436,2311,424,88,2,10,0,9,7,115,42
42,pure_default,385,62,2815,436,2317,424,87,1,11,1,9,7,131,43
42,pure_default,386,65,2822,436,2321,424,87,1,11,1,9,7,131,43
42,pure_default,387,69,2831,438,2324,426,87,3,9,1,9,8,131,43
42,pure_default,388,69,2841,440,2332,427,86,4,9,1,9,8,131,43
42,pure_default,389,68,2846,441,2337,430,87,5,6,2,9,7,131,43
42,pure_default,390,64,2854,444,2346,430,82,7,7,4,9,6,121,40
42,pure_default,391,67,2862,446,2349,430,82,8,8,2,9,6,121,40
42,pure_default,392,70,2871,449,2352,430,78,8,11,3,10,6,121,40
42,pure_default,393,72,2879,449,2358,431,78,5,13,4,12,5,121,40
42,pure_default,394,68,2884,452,2364,431,77,7,14,2,11,5,121,40
42,pure_default,395,63,2889,453,2373,431,77,5,17,1,10,6,131,43
42,pure_default,396,60,2894,454,2380,431,77,5,18,0,6,7,131,43
42,pure_default,397,57,2901,456,2388,432,76,6,18,0,6,8,131,43
42,pure_default,398,54,2906,456,2396,434,78,4,18,0,6,8,131,43
42,pure_default,399,59,2916,456,2401,435,79,3,18,0,8,11,131,43
42,pure_default,400,66,2924,456,2402,436,80,3,17,0,9,12,131,43
42,pure_default,401,67,2934,458,2409,436,78,2,20,0,8,11,131,43
42,pure_default,402,64,2939,458,2417,436,78,1,21,0,9,9,131,43
42,pure_default,403,63,2946,458,2425,438,80,1,19,0,9,9,131,43
42,pure_default,404,62,2951,459,2430,439,79,2,18,1,9,8,131,43
42,pure_default,405,62,2958,461,2435,439,77,4,18,1,9,9,131,43
42,pure_default,406,64,2964,462,2438,440,78,4,18,0,9,10,131,43
42,pure_default,407,64,2970,462,2444,440,77,3,19,1,9,10,131,43
42,pure_default,408,68,2979,462,2449,441,78,1,20,1,8,11,131,43
42,pure_default,409,65,2988,464,2459,443,79,3,18,0,9,9,131,43
42,pure_default,410,65,2994,464,2465,448,84,3,13,0,9,8,131,43
42,pure_default,411,66,3003,465,2472,449,84,4,12,0,9,9,131,43
42,pure_default,412,70,3012,465,2477,450,85,3,12,0,9,9,131,43
42,pure_default,413,70,3020,466,2484,452,86,3,11,0,8,10,131,43
42,pure_default,414,70,3027,468,2489,452,84,4,12,0,9,11,131,43
42,pure_default,415,69,3032,468,2495,452,83,2,14,1,9,11,131,43
42,pure_default,416,71,3041,469,2501,453,83,2,14,1,9,10,131,43
42,pure_default,417,74,3050,470,2506,455,85,3,12,0,9,10,131,43
42,pure_default,418,70,3055,471,2514,456,84,4,11,1,9,8,131,43
42,pure_default,419,72,3065,472,2521,456,83,5,11,1,9,8,131,43
42,pure_default,420,72,3073,475,2526,458,83,5,12,0,9,8,131,43
42,pure_default,421,74,3082,475,2533,459,80,5,11,4,12,8,131,43
42,pure_default,422,72,3089,476,2541,460,79,3,13,5,12,8,131,43
42,pure_default,423,69,3098,480,2549,460,79,6,14,1,13,7,131,43
42,pure_default,424,68,3106,483,2555,462,79,8,13,0,12,7,131,43
42,pure_default,425,70,3113,483,2560,463,78,5,15,2,10,7,131,43
42,pure_default,426,72,3122,483,2567,463,78,5,15,2,10,7,131,43
42,pure_default,427,67,3127,485,2575,464,79,4,17,0,8,7,131,43
42,pure_default,428,69,3134,485,2580,464,79,2,19,0,7,8,131,43
42,pure_default,429,69,3144,485,2590,464,79,1,20,0,9,9,131,43
42,pure_default,430,75,3150,485,2590,464,79,0,21,0,9,10,131,43
42,pure_default,431,71,3155,485,2599,466,81,0,19,0,9,10,131,43
42,pure_default,432,66,3160,489,2605,468,79,4,17,0,9,10,131,43
42,pure_default,433,63,3166,489,2614,468,77,4,17,2,8,10,131,43
42,pure_default,434,66,3176,489,2621,469,78,3,17,2,8,11,131,43
42,pure_default,435,63,3182,493,2626,473,79,5,15,1,8,9,131,43
42,pure_default,436,60,3187,493,2634,475,81,5,13,1,8,9,131,43
42,pure_default,437,63,3196,495,2638,478,83,4,13,0,8,10,131,43
42,pure_default,438,65,3205,496,2644,479,83,3,14,0,8,10,131,43
42,pure_default,439,62,3213,498,2653,481,83,4,13,0,9,9,131,43
42,pure_default,440,61,3218,498,2659,481,82,3,14,1,8,10,131,43
42,pure_default,441,61,3224,499,2664,483,83,4,12,1,8,10,131,43
42,pure_default,442,64,3230,501,2665,483,82,5,13,0,9,10,131,43
42,pure_default,443,65,3237,501,2671,484,83,3,14,0,8,10,131,43
42,pure_default,444,64,3246,501,2681,485,83,1,15,1,8,9,131,43
42,pure_default,445,69,3256,501,2686,486,82,0,15,3,9,9,121,40
42,pure_default,446,73,3266,503,2690,486,80,2,15,3,9,11,121,40
42,pure_default,447,75,3276,506,2695,487,79,5,14,2,9,12,121,40
42,pure_default,448,75,3286,508,2703,488,79,7,13,1,9,13,121,40
42,pure_default,449,75,3294,509,2710,488,78,7,14,1,8,13,121,40
42,pure_default,450,80,3303,509,2714,488,77,3,18,2,9,13,131,43
42,pure_default,451,81,3311,512,2718,490,77,4,18,1,9,12,131,43
42,pure_default,452,83,3318,513,2722,492,78,4,17,1,11,10,131,43
42,pure_default,453,83,3325,513,2729,493,78,4,16,2,12,8,131,43
42,pure_default,454,81,3332,514,2737,495,79,4,15,2,13,8,131,43
42,pure_default,455,77,3340,516,2747,497,80,3,16,1,12,8,131,43
42,pure_default,456,75,3348,518,2755,500,80,4,14,2,11,8,131,43
42,pure_default,457,76,3358,518,2764,500,80,4,14,2,9,10,131,43
42,pure_default,458,72,3363,520,2771,500,80,5,15,0,9,10,131,43
42,pure_default,459,72,3371,520,2779,500,80,3,17,0,9,11,131,43
42,pure_default,460,73,3378,520,2785,501,81,1,18,0,9,11,131,43
42,pure_default,461,74,3387,521,2792,502,80,1,18,1,9,12,131,43
42,pure_default,462,73,3394,522,2799,504,81,2,16,1,9,10,131,43
42,pure_default,463,73,3402,524,2805,504,80,4,16,0,9,12,131,43
42,pure_default,464,76,3412,524,2812,505,81,3,16,0,9,13,131,43
42,pure_default,465,76,3418,524,2818,506,82,2,16,0,9,12,131,43
42,pure_default,466,74,3424,524,2826,507,83,1,16,0,9,10,131,43
42,pure_default,467,68,3429,525,2836,508,82,1,16,1,8,10,131,43
42,pure_default,468,67,3434,526,2841,510,82,2,14,2,9,9,131,43
42,pure_default,469,64,3440,528,2848,512,83,4,12,1,9,9,131,43
42,pure_default,470,64,3447,529,2854,513,84,5,11,0,9,9,131,43
42,pure_default,471,66,3457,529,2862,518,89,3,8,0,9,9,131,43
42,pure_default,472,68,3466,529,2869,518,89,2,9,0,9,10,131,43
42,pure_default,473,68,3473,529,2876,518,88,2,9,1,9,11,131,43
42,pure_default,474,64,3481,531,2886,518,86,2,11,1,8,11,131,43
42,pure_default,475,66,3490,534,2890,518,83,5,11,1,9,10,131,43
42,pure_default,476,68,3498,534,2896,518,81,3,13,3,9,11,131,43
42,pure_default,477,69,3506,537,2900,520,81,4,13,2,9,11,131,43
42,pure_default,478,75,3516,539,2902,520,81,6,13,0,9,10,131,43
42,pure_default,479,75,3523,541,2907,520,76,6,15,3,9,11,131,43
42,pure_default,480,74,3531,543,2914,522,74,7,14,5,9,11,131,43
42,pure_default,481,71,3537,546,2920,522,71,7,17,5,11,11,131,43
42,pure_default,482,69,3544,549,2926,524,66,9,16,9,10,11,131,43
42,pure_default,483,63,3549,553,2933,525,66,12,16,6,10,11,131,43
42,pure_default,484,59,3556,559,2938,525,66,13,21,0,7,10,131,43
42,pure_default,485,60,3566,561,2945,525,64,12,24,0,7,10,131,43
42,pure_default,486,58,3572,562,2952,527,63,10,25,2,7,9,131,43
42,pure_default,487,59,3580,562,2959,527,62,7,28,3,8,9,131,43
42,pure_default,488,56,3588,565,2967,528,62,6,31,1,9,10,131,43
42,pure_default,489,58,3598,568,2972,528,60,7,33,0,8,10,131,43
42,pure_default,490,65,3605,568,2972,532,64,5,31,0,9,11,126,43
42,pure_default,491,67,3610,568,2975,534,66,4,30,0,9,9,126,43
42,pure_default,492,72,3620,568,2980,535,67,2,31,0,9,10,126,43
42,pure_default,493,76,3629,568,2985,536,68,0,32,0,9,11,126,43
42,pure_default,494,80,3639,568,2991,537,69,0,31,0,9,10,126,43
42,pure_default,495,79,3646,568,2999,540,72,0,28,0,9,9,131,43
42,pure_default,496,81,3654,568,3005,541,72,0,27,1,9,10,131,43
42,pure_default,497,82,3664,569,3013,543,73,1,25,1,9,11,131,43
42,pure_default,498,84,3674,570,3020,545,75,2,23,0,9,12,131,43
42,pure_default,499,82,3681,570,3029,547,77,2,21,0,9,10,131,43
42,pure_default,500,84,3690,570,3036,547,77,1,22,0,9,11,131,43
42,pure_default,501,87,3698,570,3041,552,82,0,18,0,9,12,131,43
42,pure_default,502,85,3707,571,3051,554,82,1,16,1,9,12,131,43
42,pure_default,503,83,3713,571,3059,557,84,1,13,2,9,11,131,43
42,pure_default,504,77,3720,574,3069,559,84,4,11,1,9,10,131,43
42,pure_default,505,76,3726,576,3074,564,87,6,6,1,9,10,131,43
42,pure_default,506,74,3732,576,3082,566,89,3,7,1,9,11,131,43
42,pure_default,507,73,3741,578,3090,566,87,3,9,1,8,11,131,43
42,pure_default,508,72,3750,579,3099,566,86,4,9,1,8,14,131,43
42,pure_default,509,71,3756,580,3105,566,85,5,9,1,8,13,131,43
42,pure_default,510,70,3765,581,3114,568,86,5,8,1,8,11,131,43
42,pure_default,511,67,3770,582,3121,568,84,4,10,2,9,9,131,43
42,pure_default,512,68,3780,582,3130,569,83,2,11,4,10,9,131,43
42,pure_default,513,67,3787,584,3136,569,83,3,12,2,9,8,131,43
42,pure_default,514,67,3795,588,3140,569,81,6,13,0,10,7,131,43
42,pure_default,515,65,3801,590,3146,569,79,8,13,0,11,7,131,43
42,pure_default,516,67,3808,590,3151,569,79,6,15,0,12,8,131,43
42,pure_default,517,69,3818,591,3158,570,78,5,16,1,10,9,131,43
42,pure_default,518,69,3826,591,3166,570,78,4,17,1,9,9,131,43
42,pure_default,519,71,3835,592,3172,570,78,4,18,0,9,12,131,43
42,pure_default,520,75,3844,593,3176,573,79,4,16,1,9,12,101,38
42,pure_default,521,77,3851,593,3181,573,79,2,18,1,9,12,101,38
42,pure_default,522,73,3858,594,3191,573,79,3,18,0,9,11,101,38
42,pure_default,523,78,3868,594,3196,573,79,3,18,0,9,12,101,38
42,pure_default,524,80,3878,595,3203,574,78,3,18,1,9,12,101,38
42,pure_default,525,86,3888,595,3207,577,81,2,16,1,9,12,126,43
42,pure_default,526,89,3898,596,3213,580,84,1,15,0,9,12,126,43
42,pure_default,527,89,3908,596,3223,581,82,1,14,3,9,15,126,43
42,pure_default,528,85,3913,597,3231,584,83,2,11,4,9,13,126,43
42,pure_default,529,82,3920,601,3237,586,84,5,10,1,9,15,126,43
42,pure_default,530,81,3930,604,3245,586,82,8,10,0,9,16,131,43
42,pure_default,531,81,3938,605,3252,587,82,8,10,0,9,16,131,43
42,pure_default,532,81,3946,606,3259,587,81,8,11,0,9,16,131,43
42,pure_default,533,81,3956,606,3269,588,82,5,13,0,9,18,131,43
42,pure_default,534,79,3964,607,3278,590,83,3,14,0,9,19,131,43
42,pure_default,535,76,3972,608,3288,590,81,3,15,1,9,18,131,43
42,pure_default,536,73,3980,609,3298,591,80,2,16,2,9,14,131,43
42,pure_default,537,72,3990,610,3308,592,80,3,15,2,9,14,131,43
42,pure_default,538,76,3997,611,3310,592,80,3,16,1,9,14,131,43
42,pure_default,539,79,4006,612,3315,592,79,4,16,1,9,12,131,43
42,pure_default,540,76,4012,613,3323,592,78,4,17,1,9,11,131,43
42,pure_default,541,77,4020,614,3329,594,79,5,15,1,11,10,131,43
42,pure_default,542,76,4026,614,3336,594,77,5,15,3,10,9,131,43
42,pure_default,543,71,4033,616,3346,596,78,5,15,2,11,7,131,43
42,pure_default,544,72,4042,618,3352,597,78,5,16,1,11,8,131,43
42,pure_default,545,75,4052,618,3359,600,80,5,13,2,10,10,131,43
42,pure_default,546,76,4061,620,3365,601,79,6,13,2,11,11,131,43
42,pure_default,547,74,4070,622,3374,602,79,6,14,1,11,11,131,43
42,pure_default,548,77,4080,623,3380,604,79,3,16,2,10,11,131,43
42,pure_default,549,72,4086,625,3389,605,76,4,16,4,9,12,131,43
42,pure_default,550,74,4091,627,3390,605,76,4,18,2,9,13,126,43
42,pure_default,551,69,4096,630,3397,605,75,5,20,0,9,11,126,43
42,pure_default,552,69,4101,630,3402,605,75,4,21,0,9,12,126,43
42,pure_default,553,69,4108,630,3409,606,75,3,21,1,9,11,126,43
42,pure_default,554,65,4113,630,3418,607,75,1,22,2,9,10,126,43
42,pure_default,555,63,4120,631,3426,608,75,1,22,2,9,9,131,43
42,pure_default,556,61,4126,632,3433,612,79,2,18,1,9,9,131,43
42,pure_default,557,61,4135,633,3441,613,80,3,17,0,8,10,131,43
42,pure_default,558,59,4143,633,3451,614,81,3,16,0,8,8,131,43
42,pure_default,559,59,4148,633,3456,614,80,2,17,1,8,9,131,43
42,pure_default,560,63,4157,634,3460,616,80,2,16,2,9,9,131,43
42,pure_default,561,69,4166,636,3461,618,81,3,15,1,9,11,131,43
42,pure_default,562,73,4175,637,3465,619,82,4,14,0,9,11,131,43
42,pure_default,563,75,4184,637,3472,620,82,4,13,1,9,9,131,43
42,pure_default,564,75,4189,637,3477,621,83,2,14,1,9,9,131,43
42,pure_default,565,73,4194,638,3483,622,83,3,13,1,9,10,131,43
42,pure_default,566,76,4204,639,3489,625,79,3,11,7,9,11,131,43
42,pure_default,567,75,4212,641,3496,626,78,4,11,7,8,15,131,43
42,pure_default,568,71,4218,648,3499,628,77,11,9,3,9,14,131,43
42,pure_default,569,72,4223,649,3502,628,77,11,10,2,9,14,131,43
42,pure_default,570,69,4231,654,3508,631,74,14,9,3,8,13,121,43
42,pure_default,571,71,4241,654,3516,631,73,9,14,4,12,10,121,43
42,pure_default,572,70,4249,657,3522,631,73,10,16,1,11,9,121,43
42,pure_default,573,65,4255,659,3531,631,72,7,21,0,9,8,121,43
42,pure_default,574,67,4261,659,3535,632,73,5,22,0,9,7,121,43
42,pure_default,575,65,4267,662,3540,633,71,6,23,0,9,6,131,43
42,pure_default,576,64,4277,663,3550,634,71,5,24,0,8,7,131,43
42,pure_default,577,62,4283,663,3558,635,71,5,23,1,7,7,131,43
42,pure_default,578,66,4293,663,3564,636,71,4,23,2,9,9,131,43
42,pure_default,579,69,4302,665,3568,637,70,3,25,2,9,10,131,43
42,pure_default,580,71,4309,668,3570,639,70,4,25,1,9,10,131,43
42,pure_default,581,68,4319,671,3580,643,72,7,21,0,9,9,131,43
42,pure_default,582,66,4325,672,3587,644,72,8,20,0,9,8,131,43
42,pure_default,583,68,4332,672,3592,646,74,7,19,0,9,9,131,43
42,pure_default,584,67,4339,674,3598,646,71,5,23,1,9,9,131,43
42,pure_default,585,69,4344,674,3601,647,72,2,25,1,8,10,131,43
42,pure_default,586,63,4349,676,3610,648,72,2,26,0,7,11,131,43
42,pure_default,587,63,4355,676,3616,648,72,2,26,0,8,11,131,43
42,pure_default,588,61,4364,677,3626,648,71,3,26,0,8,11,131,43
42,pure_default,589,59,4370,677,3634,654,76,3,20,1,8,11,131,43
42,pure_default,590,61,4377,677,3639,657,79,1,19,1,7,12,131,43
42,pure_default,591,63,4387,678,3646,659,79,2,17,2,7,11,131,43
42,pure_default,592,66,4397,680,3651,661,79,3,16,2,7,13,131,43
42,pure_default,593,64,4402,682,3656,661,78,5,16,1,7,12,131,43
42,pure_default,594,68,4411,682,3661,661,78,3,18,1,8,12,131,43
42,pure_default,595,70,4419,684,3665,663,79,4,17,0,8,12,131,43
42,pure_default,596,75,4428,684,3669,663,79,3,18,0,9,11,131,43
42,pure_default,597,77,4437,685,3675,665,80,4,16,0,9,10,131,43
42,pure_default,598,79,4447,685,3683,667,81,2,16,1,9,10,131,43
42,pure_default,599,80,4455,686,3689,669,80,3,14,3,9,10,131,43
42,pure_default,600,79,4463,689,3695,672,80,6,11,3,9,10,121,40
