seed,combo,t,queue,generated,matched,cancelled,completed,idle,enroute,ontrip,rebal,alertCells,maxPendingCell,trafficCells15,trafficCells25
20260906,r6_d30_t1_w20,1,5,8,3,0,0,96,3,0,1,1,2,131,43
20260906,r6_d30_t1_w20,2,10,14,4,0,0,83,4,0,13,2,3,131,43
20260906,r6_d30_t1_w20,3,17,23,6,0,0,65,5,1,29,4,4,131,43
20260906,r6_d30_t1_w20,4,13,31,18,0,0,64,16,2,18,2,2,131,43
20260906,r6_d30_t1_w20,5,5,40,35,0,0,64,29,6,1,0,1,131,43
20260906,r6_d30_t1_w20,6,10,47,37,0,0,63,26,11,0,1,2,131,43
20260906,r6_d30_t1_w20,7,17,54,37,0,0,63,14,23,0,4,3,131,43
20260906,r6_d30_t1_w20,8,22,61,39,0,0,61,10,29,0,5,4,131,43
20260906,r6_d30_t1_w20,9,28,71,43,0,0,57,12,31,0,6,5,131,43
20260906,r6_d30_t1_w20,10,32,78,46,0,0,54,12,34,0,6,6,131,43
20260906,r6_d30_t1_w20,11,41,88,47,0,0,50,12,35,3,7,8,131,43
20260906,r6_d30_t1_w20,12,49,96,47,0,0,50,9,38,3,8,9,131,43
20260906,r6_d30_t1_w20,13,51,102,51,0,0,49,8,43,0,9,9,131,43
20260906,r6_d30_t1_w20,14,57,108,51,0,1,47,6,44,3,9,10,131,43
20260906,r6_d30_t1_w20,15,62,113,51,0,3,48,5,43,4,9,10,131,43
20260906,r6_d30_t1_w20,16,64,118,54,0,3,47,6,45,2,9,9,131,43
20260906,r6_d30_t1_w20,17,68,125,57,0,4,46,7,46,1,9,11,131,43
20260906,r6_d30_t1_w20,18,72,130,58,0,6,48,7,45,0,9,11,131,43
20260906,r6_d30_t1_w20,19,79,139,60,0,8,48,8,44,0,9,13,131,43
20260906,r6_d30_t1_w20,20,86,147,61,0,11,50,7,43,0,9,13,121,40
20260906,r6_d30_t1_w20,21,88,152,63,1,16,52,9,38,1,9,13,121,40
20260906,r6_d30_t1_w20,22,94,160,65,1,22,55,7,36,2,9,14,121,40
20260906,r6_d30_t1_w20,23,96,165,68,1,28,57,9,31,3,9,14,121,40
20260906,r6_d30_t1_w20,24,104,175,70,1,30,57,10,30,3,9,14,121,40
20260906,r6_d30_t1_w20,25,105,180,73,2,31,57,10,32,1,9,15,126,43
20260906,r6_d30_t1_w20,26,109,187,76,2,34,56,12,30,2,9,15,126,43
20260906,r6_d30_t1_w20,27,119,197,76,2,37,58,9,30,3,9,16,126,43
20260906,r6_d30_t1_w20,28,124,205,79,2,37,57,11,31,1,9,17,126,43
20260906,r6_d30_t1_w20,29,123,210,80,7,42,59,8,30,3,9,15,126,43
20260906,r6_d30_t1_w20,30,122,215,82,11,43,56,9,30,5,9,15,131,43
20260906,r6_d30_t1_w20,31,119,223,88,16,45,49,13,30,8,12,15,131,43
20260906,r6_d30_t1_w20,32,119,231,91,21,53,32,13,25,30,15,13,131,43
20260906,r6_d30_t1_w20,33,114,236,98,24,54,30,14,30,26,15,12,131,43
20260906,r6_d30_t1_w20,34,95,245,123,27,55,30,35,33,2,9,12,131,43
20260906,r6_d30_t1_w20,35,97,255,127,31,57,30,31,39,0,10,12,131,43
20260906,r6_d30_t1_w20,36,97,262,129,36,60,30,23,46,1,12,12,131,43
20260906,r6_d30_t1_w20,37,100,270,129,41,61,29,20,48,3,14,12,131,43
20260906,r6_d30_t1_w20,38,103,279,130,46,62,29,13,55,3,16,10,131,43
20260906,r6_d30_t1_w20,39,100,284,133,51,62,27,9,62,2,16,10,131,43
20260906,r6_d30_t1_w20,40,102,294,134,58,64,27,8,62,3,18,10,131,43
20260906,r6_d30_t1_w20,41,104,303,136,63,64,25,8,64,3,18,9,131,43
20260906,r6_d30_t1_w20,42,102,309,138,69,68,28,8,62,2,17,8,131,43
20260906,r6_d30_t1_w20,43,100,314,141,73,73,29,9,59,3,17,7,131,43
20260906,r6_d30_t1_w20,44,98,319,142,79,78,34,6,58,2,16,7,131,43
20260906,r6_d30_t1_w20,45,100,327,144,83,84,37,8,52,3,15,8,131,43
20260906,r6_d30_t1_w20,46,98,332,144,90,85,37,5,54,4,14,9,131,43
20260906,r6_d30_t1_w20,47,93,341,150,98,90,37,10,50,3,12,10,131,43
20260906,r6_d30_t1_w20,48,90,347,154,103,92,36,14,48,2,11,10,131,43
20260906,r6_d30_t1_w20,49,92,356,157,107,94,36,14,49,1,9,11,131,43
20260906,r6_d30_t1_w20,50,95,361,158,108,96,37,13,49,1,9,12,126,43
20260906,r6_d30_t1_w20,51,98,368,162,108,106,43,12,44,1,9,14,126,43
20260906,r6_d30_t1_w20,52,106,376,162,108,110,45,10,42,3,9,14,126,43
20260906,r6_d30_t1_w20,53,111,384,165,108,116,48,12,37,3,10,15,126,43
20260906,r6_d30_t1_w20,54,110,390,169,111,122,40,12,35,13,10,15,126,43
20260906,r6_d30_t1_w20,55,115,397,171,111,127,36,11,33,20,9,15,131,43
20260906,r6_d30_t1_w20,56,117,402,174,111,131,48,10,33,9,9,14,131,43
20260906,r6_d30_t1_w20,57,117,407,179,111,134,52,12,33,3,9,14,131,43
20260906,r6_d30_t1_w20,58,115,412,180,117,135,53,11,34,2,9,15,131,43
20260906,r6_d30_t1_w20,59,118,417,182,117,135,53,12,35,0,9,15,131,43
20260906,r6_d30_t1_w20,60,114,422,182,126,136,53,10,36,1,10,13,131,43
20260906,r6_d30_t1_w20,61,117,432,182,133,139,40,8,35,17,13,13,131,43
20260906,r6_d30_t1_w20,62,116,441,186,139,143,8,8,35,49,16,12,131,43
20260906,r6_d30_t1_w20,63,100,446,204,142,147,8,23,34,35,11,11,131,43
20260906,r6_d30_t1_w20,64,85,451,220,146,149,27,37,34,2,9,10,131,43
20260906,r6_d30_t1_w20,65,79,461,228,154,151,23,36,41,0,9,9,131,43
20260906,r6_d30_t1_w20,66,75,468,234,159,152,18,32,50,0,9,9,131,43
20260906,r6_d30_t1_w20,67,70,473,239,164,154,15,25,60,0,9,8,131,43
20260906,r6_d30_t1_w20,68,69,483,245,169,156,10,24,65,1,10,8,131,43
20260906,r6_d30_t1_w20,69,70,492,247,175,160,5,16,71,8,13,7,131,43
20260906,r6_d30_t1_w20,70,74,501,248,179,162,6,14,72,8,14,6,131,43
20260906,r6_d30_t1_w20,71,70,510,255,185,162,6,19,74,1,13,7,131,43
20260906,r6_d30_t1_w20,72,69,518,258,191,166,6,20,72,2,14,7,131,43
20260906,r6_d30_t1_w20,73,67,523,260,196,171,7,17,72,4,13,6,131,43
20260906,r6_d30_t1_w20,74,68,528,263,197,178,10,17,68,5,12,6,131,43
20260906,r6_d30_t1_w20,75,65,535,267,203,182,11,18,67,4,12,7,131,43
20260906,r6_d30_t1_w20,76,68,544,271,205,185,11,19,67,3,11,9,131,43
20260906,r6_d30_t1_w20,77,71,552,274,207,196,15,21,57,7,10,11,131,43
20260906,r6_d30_t1_w20,78,71,561,279,211,201,16,17,61,6,10,12,131,43
20260906,r6_d30_t1_w20,79,69,566,286,211,210,19,20,56,5,9,12,131,43
20260906,r6_d30_t1_w20,80,73,575,291,211,215,19,21,55,5,9,13,131,43
20260906,r6_d30_t1_w20,81,75,583,296,212,217,20,19,60,1,9,14,131,43
20260906,r6_d30_t1_w20,82,82,591,297,212,220,23,18,59,0,9,13,131,43
20260906,r6_d30_t1_w20,83,89,599,298,212,226,27,17,55,1,9,15,131,43
20260906,r6_d30_t1_w20,84,96,608,300,212,231,30,15,54,1,9,16,131,43
20260906,r6_d30_t1_w20,85,97,613,303,213,234,29,14,55,2,9,15,131,43
20260906,r6_d30_t1_w20,86,102,619,303,214,236,29,11,56,4,9,16,131,43
20260906,r6_d30_t1_w20,87,104,624,306,214,240,31,14,52,3,9,16,131,43
20260906,r6_d30_t1_w20,88,107,630,308,215,243,33,11,54,2,9,16,131,43
20260906,r6_d30_t1_w20,89,113,639,311,215,248,35,14,49,2,9,17,131,43
20260906,r6_d30_t1_w20,90,118,649,315,216,254,35,15,46,4,10,16,131,43
20260906,r6_d30_t1_w20,91,123,657,318,216,255,30,13,50,7,12,15,131,43
20260906,r6_d30_t1_w20,92,126,665,323,216,262,21,15,46,18,14,15,131,43
20260906,r6_d30_t1_w20,93,122,670,331,217,268,23,22,41,14,14,15,131,43
20260906,r6_d30_t1_w20,94,112,680,346,222,272,22,32,42,4,10,14,131,43
20260906,r6_d30_t1_w20,95,112,688,348,228,273,21,26,49,4,12,13,131,43
20260906,r6_d30_t1_w20,96,109,693,352,232,277,23,21,54,2,14,11,131,43
20260906,r6_d30_t1_w20,97,106,703,357,240,280,20,21,56,3,16,10,131,43
20260906,r6_d30_t1_w20,98,105,712,359,248,281,20,19,59,2,17,8,131,43
20260906,r6_d30_t1_w20,99,107,717,360,250,285,20,18,57,5,17,8,131,43
20260906,r6_d30_t1_w20,100,105,723,362,256,286,20,15,61,4,18,8,121,40
20260906,r6_d30_t1_w20,101,104,732,368,260,289,19,18,61,2,18,10,121,40
20260906,r6_d30_t1_w20,102,105,740,368,267,292,21,12,64,3,18,11,121,40
20260906,r6_d30_t1_w20,103,105,750,371,274,297,24,11,63,2,17,13,121,40
20260906,r6_d30_t1_w20,104,103,755,373,279,299,24,10,64,2,15,13,121,40
20260906,r6_d30_t1_w20,105,105,765,376,284,302,24,11,63,2,14,13,131,43
20260906,r6_d30_t1_w20,106,107,774,379,288,306,24,11,62,3,13,13,131,43
20260906,r6_d30_t1_w20,107,110,783,380,293,310,26,9,61,4,11,16,131,43
20260906,r6_d30_t1_w20,108,108,788,383,297,313,26,10,60,4,10,16,131,43
20260906,r6_d30_t1_w20,109,104,794,386,304,319,27,11,56,6,9,16,131,43
20260906,r6_d30_t1_w20,110,109,804,390,305,327,33,14,49,4,9,15,131,43
20260906,r6_d30_t1_w20,111,112,811,394,305,330,36,18,46,0,9,15,131,43
20260906,r6_d30_t1_w20,112,119,821,397,305,336,37,18,43,2,9,18,131,43
20260906,r6_d30_t1_w20,113,126,830,399,305,338,37,16,45,2,9,18,131,43
20260906,r6_d30_t1_w20,114,126,837,405,306,344,39,18,43,0,9,18,131,43
20260906,r6_d30_t1_w20,115,132,844,405,307,344,39,15,46,0,9,19,131,43
20260906,r6_d30_t1_w20,116,140,854,407,307,350,41,12,45,2,9,20,131,43
20260906,r6_d30_t1_w20,117,145,864,407,312,352,42,10,45,3,9,21,131,43
20260906,r6_d30_t1_w20,118,140,874,415,319,362,43,17,36,4,9,20,131,43
20260906,r6_d30_t1_w20,119,142,880,416,322,364,45,16,36,3,9,20,131,43
20260906,r6_d30_t1_w20,120,138,885,423,324,366,43,19,38,0,9,20,131,43
20260906,r6_d30_t1_w20,121,136,895,426,333,368,39,18,40,3,11,19,131,43
20260906,r6_d30_t1_w20,122,136,902,426,340,369,21,17,40,22,14,18,131,43
20260906,r6_d30_t1_w20,123,129,907,430,348,371,22,17,42,19,16,17,131,43
20260906,r6_d30_t1_w20,124,112,912,450,350,378,27,33,39,1,9,17,131,43
20260906,r6_d30_t1_w20,125,112,920,450,358,378,26,28,44,2,11,15,121,40
20260906,r6_d30_t1_w20,126,110,930,456,364,382,22,32,42,4,13,14,121,40
20260906,r6_d30_t1_w20,127,109,936,457,370,385,22,22,50,6,14,14,121,40
20260906,r6_d30_t1_w20,128,109,941,460,372,387,24,18,55,3,15,14,121,40
20260906,r6_d30_t1_w20,129,113,950,465,372,392,25,16,57,2,16,13,121,40
20260906,r6_d30_t1_w20,130,110,956,466,380,394,25,16,56,3,16,11,131,43
20260906,r6_d30_t1_w20,131,109,962,470,383,398,27,11,61,1,17,11,131,43
20260906,r6_d30_t1_w20,132,111,972,471,390,400,28,10,61,1,17,10,131,43
20260906,r6_d30_t1_w20,133,111,981,472,398,405,31,10,57,2,18,12,131,43
20260906,r6_d30_t1_w20,134,108,986,473,405,407,32,8,58,2,18,13,131,43
20260906,r6_d30_t1_w20,135,108,994,474,412,411,33,5,58,4,17,12,131,43
20260906,r6_d30_t1_w20,136,101,999,477,421,416,34,6,55,5,14,13,131,43
20260906,r6_d30_t1_w20,137,92,1004,483,429,420,33,12,51,4,12,13,131,43
20260906,r6_d30_t1_w20,138,84,1010,489,437,428,35,15,46,4,10,13,131,43
20260906,r6_d30_t1_w20,139,89,1020,491,440,432,34,15,44,7,9,13,131,43
20260906,r6_d30_t1_w20,140,94,1027,493,440,435,36,14,44,6,9,14,131,43
20260906,r6_d30_t1_w20,141,96,1034,497,441,437,39,14,46,1,9,16,131,43
20260906,r6_d30_t1_w20,142,104,1044,498,442,442,41,13,43,3,9,17,131,43
20260906,r6_d30_t1_w20,143,113,1053,498,442,446,45,11,41,3,9,17,131,43
20260906,r6_d30_t1_w20,144,118,1062,502,442,452,50,11,39,0,9,16,131,43
20260906,r6_d30_t1_w20,145,122,1068,504,442,452,48,9,43,0,9,17,131,43
20260906,r6_d30_t1_w20,146,125,1074,507,442,457,48,10,40,2,9,18,131,43
20260906,r6_d30_t1_w20,147,125,1079,508,446,461,51,10,37,2,9,18,131,43
20260906,r6_d30_t1_w20,148,127,1085,512,446,463,51,13,36,0,9,19,131,43
20260906,r6_d30_t1_w20,149,127,1093,513,453,466,52,13,34,1,9,19,131,43
20260906,r6_d30_t1_w20,150,124,1099,518,457,472,52,16,30,2,9,19,131,43
20260906,r6_d30_t1_w20,151,123,1107,521,463,473,48,17,31,4,11,17,131,43
20260906,r6_d30_t1_w20,152,123,1115,522,470,473,15,15,34,36,13,17,131,43
20260906,r6_d30_t1_w20,153,118,1123,526,479,475,9,12,39,40,14,15,131,43
20260906,r6_d30_t1_w20,154,100,1128,544,484,478,24,26,40,10,9,14,131,43
20260906,r6_d30_t1_w20,155,95,1138,556,487,483,24,35,38,3,9,13,126,43
20260906,r6_d30_t1_w20,156,88,1145,567,490,484,17,39,44,0,9,13,126,43
20260906,r6_d30_t1_w20,157,86,1151,573,492,484,11,35,54,0,9,13,126,43
20260906,r6_d30_t1_w20,158,87,1158,574,497,484,8,30,60,2,11,11,126,43
20260906,r6_d30_t1_w20,159,87,1168,574,507,491,11,22,61,6,11,10,126,43
20260906,r6_d30_t1_w20,160,87,1178,578,513,495,10,19,64,7,14,9,131,43
20260906,r6_d30_t1_w20,161,85,1184,582,517,498,11,19,65,5,16,9,131,43
20260906,r6_d30_t1_w20,162,76,1189,588,525,502,10,16,70,4,16,7,131,43
20260906,r6_d30_t1_w20,163,73,1196,591,532,503,9,14,74,3,16,6,131,43
20260906,r6_d30_t1_w20,164,71,1202,593,538,506,12,11,76,1,14,6,131,43
20260906,r6_d30_t1_w20,165,70,1209,597,542,512,13,13,72,2,14,7,131,43
20260906,r6_d30_t1_w20,166,74,1218,597,547,513,13,10,74,3,13,9,131,43
20260906,r6_d30_t1_w20,167,72,1223,600,551,519,14,10,71,5,11,11,131,43
20260906,r6_d30_t1_w20,168,72,1231,603,556,526,17,9,68,6,9,11,131,43
20260906,r6_d30_t1_w20,169,69,1239,608,562,530,19,13,65,3,8,10,131,43
20260906,r6_d30_t1_w20,170,74,1246,610,562,532,21,15,63,1,9,11,131,43
20260906,r6_d30_t1_w20,171,78,1251,611,562,540,26,14,57,3,9,11,131,43
20260906,r6_d30_t1_w20,172,84,1260,613,563,545,26,15,53,6,9,12,131,43
20260906,r6_d30_t1_w20,173,90,1270,617,563,550,28,16,51,5,9,13,131,43
20260906,r6_d30_t1_w20,174,91,1280,624,565,555,28,18,51,3,9,14,131,43
20260906,r6_d30_t1_w20,175,95,1286,626,565,562,32,15,49,4,9,14,131,43
20260906,r6_d30_t1_w20,176,101,1293,627,565,567,37,14,46,3,9,14,131,43
20260906,r6_d30_t1_w20,177,104,1299,630,565,570,40,14,46,0,9,15,131,43
20260906,r6_d30_t1_w20,178,107,1305,633,565,575,40,15,43,2,9,16,131,43
20260906,r6_d30_t1_w20,179,112,1312,635,565,581,42,13,41,4,9,16,131,43
20260906,r6_d30_t1_w20,180,112,1318,641,565,584,39,15,42,4,9,16,121,40
20260906,r6_d30_t1_w20,181,116,1325,644,565,587,35,15,42,8,11,16,121,40
20260906,r6_d30_t1_w20,182,122,1334,647,565,590,16,13,44,27,13,16,121,40
20260906,r6_d30_t1_w20,183,118,1339,655,566,593,16,17,45,22,16,16,121,40
20260906,r6_d30_t1_w20,184,101,1345,677,567,598,16,30,49,5,11,16,121,40
20260906,r6_d30_t1_w20,185,105,1352,679,568,602,15,25,52,8,11,16,131,43
20260906,r6_d30_t1_w20,186,100,1357,684,573,605,13,25,54,8,12,15,131,43
20260906,r6_d30_t1_w20,187,99,1364,688,577,606,13,21,61,5,12,15,131,43
20260906,r6_d30_t1_w20,188,93,1369,693,583,609,13,19,65,3,13,13,131,43
20260906,r6_d30_t1_w20,189,91,1374,694,589,613,17,14,67,2,15,11,131,43
20260906,r6_d30_t1_w20,190,91,1380,696,593,615,16,9,72,3,16,10,131,43
20260906,r6_d30_t1_w20,191,93,1389,698,598,616,14,9,73,4,17,9,131,43
20260906,r6_d30_t1_w20,192,91,1397,701,605,621,16,8,72,4,18,8,131,43
20260906,r6_d30_t1_w20,193,87,1404,702,615,627,19,5,70,6,18,9,131,43
20260906,r6_d30_t1_w20,194,84,1411,706,621,634,22,9,63,6,17,10,131,43
20260906,r6_d30_t1_w20,195,86,1421,710,625,639,21,11,60,8,14,10,131,43
20260906,r6_d30_t1_w20,196,81,1427,716,630,642,20,12,62,6,14,10,131,43
20260906,r6_d30_t1_w20,197,81,1436,723,632,646,20,16,61,3,12,10,131,43
20260906,r6_d30_t1_w20,198,84,1444,724,636,648,20,15,61,4,11,11,131,43
20260906,r6_d30_t1_w20,199,82,1453,728,643,653,20,14,61,5,9,11,131,43
20260906,r6_d30_t1_w20,200,84,1458,731,643,663,26,13,55,6,9,12,131,43
20260906,r6_d30_t1_w20,201,88,1464,733,643,667,31,12,54,3,9,12,131,43
20260906,r6_d30_t1_w20,202,87,1470,740,643,671,31,17,52,0,9,13,131,43
20260906,r6_d30_t1_w20,203,92,1476,741,643,674,33,15,52,0,9,13,131,43
20260906,r6_d30_t1_w20,204,97,1482,742,643,678,33,14,50,3,9,13,131,43
20260906,r6_d30_t1_w20,205,100,1488,745,643,688,37,15,42,6,9,14,131,43
20260906,r6_d30_t1_w20,206,103,1496,750,643,693,39,19,38,4,9,13,131,43
20260906,r6_d30_t1_w20,207,107,1504,754,643,695,40,21,38,1,9,16,131,43
20260906,r6_d30_t1_w20,208,111,1514,760,643,698,37,23,39,1,9,16,131,43
20260906,r6_d30_t1_w20,209,115,1520,762,643,701,38,21,40,1,9,16,131,43
20260906,r6_d30_t1_w20,210,113,1527,771,643,704,33,29,38,0,9,16,131,43
20260906,r6_d30_t1_w20,211,112,1536,775,649,708,29,28,39,4,12,15,131,43
20260906,r6_d30_t1_w20,212,112,1545,777,656,710,19,26,41,14,14,13,131,43
20260906,r6_d30_t1_w20,213,109,1551,781,661,710,19,23,48,10,12,12,131,43
20260906,r6_d30_t1_w20,214,98,1558,793,667,713,20,26,54,0,11,12,131,43
20260906,r6_d30_t1_w20,215,97,1564,794,673,715,21,21,58,0,15,12,131,43
20260906,r6_d30_t1_w20,216,99,1571,794,678,717,20,15,62,3,16,12,131,43
20260906,r6_d30_t1_w20,217,96,1578,796,686,721,21,11,64,4,16,10,131,43
20260906,r6_d30_t1_w20,218,96,1587,801,690,726,21,13,62,4,17,10,131,43
20260906,r6_d30_t1_w20,219,96,1596,802,698,728,21,12,62,5,17,7,131,43
20260906,r6_d30_t1_w20,220,95,1602,807,700,731,21,15,61,3,18,8,131,43
20260906,r6_d30_t1_w20,221,96,1611,811,704,735,23,16,60,1,18,9,131,43
20260906,r6_d30_t1_w20,222,94,1617,814,709,738,24,16,60,0,18,9,131,43
20260906,r6_d30_t1_w20,223,94,1626,818,714,744,26,15,59,0,18,10,131,43
20260906,r6_d30_t1_w20,224,93,1632,819,720,745,24,13,61,2,17,11,131,43
20260906,r6_d30_t1_w20,225,95,1640,821,724,752,28,12,57,3,15,13,131,43
20260906,r6_d30_t1_w20,226,95,1648,825,728,759,30,13,53,4,14,14,131,43
20260906,r6_d30_t1_w20,227,95,1654,826,733,760,30,13,53,4,11,14,131,43
20260906,r6_d30_t1_w20,228,93,1661,830,738,763,32,17,50,1,9,14,131,43
20260906,r6_d30_t1_w20,229,96,1670,834,740,771,36,19,44,1,9,14,131,43
20260906,r6_d30_t1_w20,230,99,1675,836,740,774,36,17,45,2,9,14,131,43
20260906,r6_d30_t1_w20,231,105,1684,839,740,777,35,13,49,3,9,15,131,43
20260906,r6_d30_t1_w20,232,107,1691,843,741,781,36,15,47,2,9,15,131,43
20260906,r6_d30_t1_w20,233,112,1701,848,741,785,35,18,45,2,9,15,131,43
20260906,r6_d30_t1_w20,234,114,1706,851,741,794,38,18,39,5,9,16,131,43
20260906,r6_d30_t1_w20,235,118,1713,854,741,801,42,18,35,5,9,16,111,40
20260906,r6_d30_t1_w20,236,119,1719,859,741,802,41,22,35,2,9,16,111,40
20260906,r6_d30_t1_w20,237,121,1725,862,742,805,43,22,35,0,9,16,111,40
20260906,r6_d30_t1_w20,238,118,1730,862,750,806,44,16,40,0,9,15,111,40
20260906,r6_d30_t1_w20,239,121,1740,864,755,810,45,15,39,1,9,15,111,40
20260906,r6_d30_t1_w20,240,118,1746,867,761,812,44,12,43,1,9,15,131,43
20260906,r6_d30_t1_w20,241,115,1751,870,766,815,43,14,41,2,10,15,131,43
20260906,r6_d30_t1_w20,242,118,1760,872,770,818,30,15,39,16,13,15,131,43
20260906,r6_d30_t1_w20,243,113,1765,876,776,820,14,15,41,30,13,13,131,43
20260906,r6_d30_t1_w20,244,105,1775,891,779,821,14,26,44,16,12,13,131,43
20260906,r6_d30_t1_w20,245,93,1783,907,783,823,16,37,47,0,9,12,131,43
20260906,r6_d30_t1_w20,246,93,1790,907,790,826,17,28,53,2,9,12,131,43
20260906,r6_d30_t1_w20,247,96,1797,907,794,827,15,22,58,5,14,11,131,43
20260906,r6_d30_t1_w20,248,95,1803,909,799,831,15,21,57,7,15,11,131,43
20260906,r6_d30_t1_w20,249,91,1811,913,807,834,16,14,65,5,15,10,131,43
20260906,r6_d30_t1_w20,250,92,1821,918,811,837,18,14,67,1,14,10,131,43
20260906,r6_d30_t1_w20,251,94,1830,919,817,839,19,12,68,1,17,9,131,43
20260906,r6_d30_t1_w20,252,96,1838,921,821,842,19,13,66,2,18,8,131,43
20260906,r6_d30_t1_w20,253,93,1846,923,830,848,20,14,61,5,17,8,131,43
20260906,r6_d30_t1_w20,254,94,1851,924,833,853,22,13,58,7,16,9,131,43
20260906,r6_d30_t1_w20,255,88,1856,929,839,859,24,15,55,6,16,10,122,43
20260906,r6_d30_t1_w20,256,87,1864,933,844,864,25,16,53,6,14,13,122,43
20260906,r6_d30_t1_w20,257,88,1873,938,847,870,26,17,51,6,13,15,122,43
20260906,r6_d30_t1_w20,258,90,1883,944,849,875,26,18,51,5,11,16,122,43
20260906,r6_d30_t1_w20,259,89,1893,948,856,877,26,14,57,3,9,15,122,43
20260906,r6_d30_t1_w20,260,95,1901,950,856,880,29,13,57,1,9,16,131,43
20260906,r6_d30_t1_w20,261,101,1911,953,857,884,30,13,56,1,9,17,131,43
20260906,r6_d30_t1_w20,262,109,1920,954,857,887,31,13,54,2,9,21,131,43
20260906,r6_d30_t1_w20,263,112,1926,956,858,890,31,11,55,3,9,22,131,43
20260906,r6_d30_t1_w20,264,117,1933,958,858,897,36,11,50,3,9,22,131,43
20260906,r6_d30_t1_w20,265,123,1942,961,858,901,37,12,48,3,9,23,131,43
20260906,r6_d30_t1_w20,266,126,1948,964,858,905,39,10,49,2,9,23,131,43
20260906,r6_d30_t1_w20,267,132,1957,967,858,907,40,12,48,0,9,22,131,43
20260906,r6_d30_t1_w20,268,139,1964,967,858,912,42,8,47,3,9,22,131,43
20260906,r6_d30_t1_w20,269,143,1969,968,858,917,46,8,43,3,9,23,131,43
20260906,r6_d30_t1_w20,270,140,1977,974,863,920,43,13,41,3,11,21,131,43
20260906,r6_d30_t1_w20,271,137,1983,975,871,924,26,11,40,23,13,21,131,43
20260906,r6_d30_t1_w20,272,134,1992,981,877,927,24,12,42,22,15,21,131,43
20260906,r6_d30_t1_w20,273,113,1998,1002,883,930,23,32,40,5,9,19,131,43
20260906,r6_d30_t1_w20,274,116,2006,1005,885,935,22,29,41,8,12,18,131,43
20260906,r6_d30_t1_w20,275,117,2013,1008,888,937,22,26,45,7,13,17,131,43
20260906,r6_d30_t1_w20,276,117,2022,1015,890,942,23,26,47,4,16,14,131,43
20260906,r6_d30_t1_w20,277,114,2028,1017,897,944,24,24,49,3,16,14,131,43
20260906,r6_d30_t1_w20,278,108,2033,1021,904,949,25,20,52,3,16,12,131,43
20260906,r6_d30_t1_w20,279,109,2043,1022,912,954,26,16,52,6,17,11,131,43
20260906,r6_d30_t1_w20,280,107,2051,1025,919,956,27,11,58,4,17,10,131,43
20260906,r6_d30_t1_w20,281,102,2056,1029,925,958,27,11,60,2,17,8,131,43
20260906,r6_d30_t1_w20,282,100,2062,1029,933,961,28,8,60,4,18,8,131,43
20260906,r6_d30_t1_w20,283,98,2068,1032,938,962,27,8,62,3,18,8,131,43
20260906,r6_d30_t1_w20,284,100,2078,1036,942,963,26,10,63,1,18,8,131,43
20260906,r6_d30_t1_w20,285,95,2085,1039,951,965,25,10,64,1,16,10,121,40
20260906,r6_d30_t1_w20,286,93,2091,1041,957,968,24,9,64,3,15,10,121,40
20260906,r6_d30_t1_w20,287,90,2097,1044,963,972,25,11,61,3,12,10,121,40
20260906,r6_d30_t1_w20,288,90,2105,1047,968,977,27,14,56,3,10,13,121,40
20260906,r6_d30_t1_w20,289,89,2113,1051,973,980,24,15,56,5,9,15,121,40
20260906,r6_d30_t1_w20,290,93,2118,1052,973,982,27,15,55,3,9,15,126,43
20260906,r6_d30_t1_w20,291,95,2125,1056,974,988,31,14,54,1,9,15,126,43
20260906,r6_d30_t1_w20,292,102,2134,1058,974,994,34,15,49,2,9,16,126,43
20260906,r6_d30_t1_w20,293,107,2141,1060,974,1000,38,14,46,2,9,17,126,43
20260906,r6_d30_t1_w20,294,111,2149,1063,975,1007,43,16,40,1,9,18,126,43
20260906,r6_d30_t1_w20,295,115,2156,1066,975,1011,44,14,41,1,9,19,131,43
20260906,r6_d30_t1_w20,296,119,2162,1066,977,1015,45,11,40,4,9,20,131,43
20260906,r6_d30_t1_w20,297,123,2172,1067,982,1023,51,11,33,5,9,21,131,43
20260906,r6_d30_t1_w20,298,122,2177,1073,982,1027,51,14,32,3,9,21,131,43
20260906,r6_d30_t1_w20,299,119,2185,1077,989,1028,49,15,34,2,9,22,131,43
20260906,r6_d30_t1_w20,300,116,2190,1081,993,1030,47,16,35,2,9,22,131,43
20260906,r6_d30_t1_w20,301,119,2200,1085,996,1031,44,17,37,2,10,22,131,43
20260906,r6_d30_t1_w20,302,120,2207,1087,1000,1035,31,17,35,17,13,21,131,43
20260906,r6_d30_t1_w20,303,122,2217,1091,1004,1038,26,18,35,21,16,20,131,43
20260906,r6_d30_t1_w20,304,106,2225,1108,1011,1043,28,31,34,7,13,18,131,43
20260906,r6_d30_t1_w20,305,103,2233,1113,1017,1043,28,32,38,2,15,18,131,43
20260906,r6_d30_t1_w20,306,104,2241,1116,1021,1044,26,29,43,2,15,18,131,43
20260906,r6_d30_t1_w20,307,108,2251,1117,1026,1046,26,26,45,3,18,16,131,43
20260906,r6_d30_t1_w20,308,104,2257,1120,1033,1051,28,25,44,3,18,10,131,43
20260906,r6_d30_t1_w20,309,105,2264,1122,1037,1053,28,21,48,3,18,9,131,43
20260906,r6_d30_t1_w20,310,105,2273,1126,1042,1056,27,19,51,3,17,8,131,43
20260906,r6_d30_t1_w20,311,107,2283,1128,1048,1056,25,13,59,3,18,9,131,43
20260906,r6_d30_t1_w20,312,100,2288,1133,1055,1061,26,17,55,2,17,10,131,43
20260906,r6_d30_t1_w20,313,106,2298,1135,1057,1063,26,16,56,2,17,11,131,43
20260906,r6_d30_t1_w20,314,108,2308,1136,1064,1066,26,10,60,4,17,11,131,43
20260906,r6_d30_t1_w20,315,106,2313,1138,1069,1070,28,9,59,4,16,11,131,43
20260906,r6_d30_t1_w20,316,108,2320,1141,1071,1073,29,10,58,3,14,11,131,43
20260906,r6_d30_t1_w20,317,104,2326,1143,1079,1076,27,9,58,6,12,12,131,43
20260906,r6_d30_t1_w20,318,109,2336,1147,1080,1083,32,11,53,4,10,14,131,43
20260906,r6_d30_t1_w20,319,106,2342,1152,1084,1086,32,11,55,2,9,14,131,43
20260906,r6_d30_t1_w20,320,114,2352,1153,1085,1090,34,8,55,3,9,15,131,43
20260906,r6_d30_t1_w20,321,117,2357,1155,1085,1093,36,9,53,2,9,15,131,43
20260906,r6_d30_t1_w20,322,122,2364,1157,1085,1097,35,10,50,5,9,16,131,43
20260906,r6_d30_t1_w20,323,130,2373,1158,1085,1101,39,10,47,4,9,19,131,43
20260906,r6_d30_t1_w20,324,129,2378,1164,1085,1104,40,11,49,0,9,19,131,43
20260906,r6_d30_t1_w20,325,137,2387,1165,1085,1107,42,10,48,0,9,20,131,43
20260906,r6_d30_t1_w20,326,141,2394,1166,1087,1113,44,8,45,3,9,20,131,43
20260906,r6_d30_t1_w20,327,139,2402,1166,1097,1115,45,6,45,4,9,19,131,43
20260906,r6_d30_t1_w20,328,138,2407,1169,1100,1121,49,8,40,3,9,18,131,43
20260906,r6_d30_t1_w20,329,141,2416,1171,1104,1124,49,10,37,4,9,19,131,43
20260906,r6_d30_t1_w20,330,140,2425,1177,1108,1127,43,13,37,7,11,19,131,43
20260906,r6_d30_t1_w20,331,137,2430,1180,1113,1130,15,15,35,35,12,19,131,43
20260906,r6_d30_t1_w20,332,138,2440,1188,1114,1136,16,22,30,32,13,19,131,43
20260906,r6_d30_t1_w20,333,112,2445,1209,1124,1139,27,36,34,3,9,16,131,43
20260906,r6_d30_t1_w20,334,103,2450,1215,1132,1142,25,34,39,2,9,14,131,43
20260906,r6_d30_t1_w20,335,99,2458,1223,1136,1144,19,33,46,2,9,14,121,40
20260906,r6_d30_t1_w20,336,100,2468,1227,1141,1145,15,26,56,3,12,14,121,40
20260906,r6_d30_t1_w20,337,99,2473,1229,1145,1147,13,24,58,5,13,13,121,40
20260906,r6_d30_t1_w20,338,92,2478,1232,1154,1151,14,20,61,5,12,12,121,40
20260906,r6_d30_t1_w20,339,88,2484,1236,1160,1155,15,15,66,4,12,11,121,40
20260906,r6_d30_t1_w20,340,85,2493,1240,1168,1156,14,12,72,2,15,11,131,43
20260906,r6_d30_t1_w20,341,86,2501,1243,1172,1159,14,13,71,2,15,10,131,43
20260906,r6_d30_t1_w20,342,86,2507,1243,1178,1160,14,9,74,3,15,9,131,43
20260906,r6_d30_t1_w20,343,86,2517,1246,1185,1162,14,9,75,2,15,10,131,43
20260906,r6_d30_t1_w20,344,87,2525,1249,1189,1164,12,11,74,3,14,12,131,43
20260906,r6_d30_t1_w20,345,82,2530,1251,1197,1171,13,10,70,7,14,11,131,43
20260906,r6_d30_t1_w20,346,85,2540,1253,1202,1176,16,10,67,7,15,11,131,43
20260906,r6_d30_t1_w20,347,79,2545,1259,1207,1182,19,15,62,4,13,10,131,43
20260906,r6_d30_t1_w20,348,79,2553,1262,1212,1186,21,15,61,3,11,10,131,43
20260906,r6_d30_t1_w20,349,73,2558,1265,1220,1192,24,16,57,3,9,10,131,43
20260906,r6_d30_t1_w20,350,79,2564,1265,1220,1198,29,13,54,4,9,11,131,43
20260906,r6_d30_t1_w20,351,80,2569,1268,1221,1208,32,12,48,8,9,11,131,43
20260906,r6_d30_t1_w20,352,85,2577,1270,1222,1212,33,9,49,9,9,11,131,43
20260906,r6_d30_t1_w20,353,88,2586,1276,1222,1216,35,12,48,5,9,11,131,43
20260906,r6_d30_t1_w20,354,89,2593,1282,1222,1221,34,15,46,5,9,11,131,43
20260906,r6_d30_t1_w20,355,92,2598,1284,1222,1224,37,14,46,3,9,11,131,43
20260906,r6_d30_t1_w20,356,96,2606,1288,1222,1226,37,15,47,1,9,12,131,43
20260906,r6_d30_t1_w20,357,99,2611,1290,1222,1231,36,15,44,5,9,12,131,43
20260906,r6_d30_t1_w20,358,101,2618,1295,1222,1239,40,19,37,4,9,13,131,43
20260906,r6_d30_t1_w20,359,106,2627,1299,1222,1241,42,22,36,0,9,13,131,43
20260906,r6_d30_t1_w20,360,112,2636,1301,1223,1241,39,20,40,1,10,13,126,43
20260906,r6_d30_t1_w20,361,121,2645,1301,1223,1244,27,15,42,16,12,13,126,43
20260906,r6_d30_t1_w20,362,125,2650,1302,1223,1247,25,12,43,20,13,13,126,43
20260906,r6_d30_t1_w20,363,107,2655,1320,1228,1250,23,26,44,7,9,13,126,43
20260906,r6_d30_t1_w20,364,104,2662,1325,1233,1255,26,26,44,4,9,12,126,43
20260906,r6_d30_t1_w20,365,104,2669,1328,1237,1262,28,23,43,6,10,11,131,43
20260906,r6_d30_t1_w20,366,98,2679,1335,1246,1265,25,21,49,5,12,10,131,43
20260906,r6_d30_t1_w20,367,99,2686,1340,1247,1267,24,20,53,3,16,10,131,43
20260906,r6_d30_t1_w20,368,102,2695,1341,1252,1268,24,15,58,3,17,10,131,43
20260906,r6_d30_t1_w20,369,101,2700,1343,1256,1272,27,14,57,2,17,10,131,43
20260906,r6_d30_t1_w20,370,104,2709,1345,1260,1277,27,14,54,5,18,10,131,43
20260906,r6_d30_t1_w20,371,105,2715,1347,1263,1279,26,11,57,6,18,10,131,43
20260906,r6_d30_t1_w20,372,105,2724,1352,1267,1282,27,14,56,3,16,10,131,43
20260906,r6_d30_t1_w20,373,97,2729,1356,1276,1285,27,14,57,2,16,9,131,43
20260906,r6_d30_t1_w20,374,96,2734,1357,1281,1288,29,10,59,2,15,8,131,43
20260906,r6_d30_t1_w20,375,100,2743,1359,1284,1291,30,8,60,2,15,9,131,43
20260906,r6_d30_t1_w20,376,98,2751,1363,1290,1298,30,11,54,5,15,11,131,43
20260906,r6_d30_t1_w20,377,95,2756,1366,1295,1302,31,10,54,5,12,11,131,43
20260906,r6_d30_t1_w20,378,97,2765,1370,1298,1302,30,10,58,2,11,13,131,43
20260906,r6_d30_t1_w20,379,95,2775,1373,1307,1308,31,11,54,4,9,14,131,43
20260906,r6_d30_t1_w20,380,101,2785,1376,1308,1309,30,12,55,3,9,16,115,42
20260906,r6_d30_t1_w20,381,104,2794,1381,1309,1317,35,14,50,1,9,17,115,42
20260906,r6_d30_t1_w20,382,110,2803,1384,1309,1323,37,15,46,2,9,17,115,42
20260906,r6_d30_t1_w20,383,113,2809,1386,1310,1327,40,16,43,1,9,18,115,42
20260906,r6_d30_t1_w20,384,118,2816,1388,1310,1332,44,15,41,0,9,18,115,42
20260906,r6_d30_t1_w20,385,121,2821,1390,1310,1336,45,13,41,1,9,18,131,43
20260906,r6_d30_t1_w20,386,123,2826,1393,1310,1341,46,13,39,2,9,18,131,43
20260906,r6_d30_t1_w20,387,127,2836,1396,1313,1345,45,12,39,4,9,18,131,43
20260906,r6_d30_t1_w20,388,123,2845,1401,1321,1349,44,17,35,4,9,17,131,43
20260906,r6_d30_t1_w20,389,125,2851,1405,1321,1354,48,18,33,1,9,16,131,43
20260906,r6_d30_t1_w20,390,123,2858,1409,1326,1355,46,17,37,0,9,15,121,40
20260906,r6_d30_t1_w20,391,123,2866,1412,1331,1356,41,16,40,3,12,14,121,40
20260906,r6_d30_t1_w20,392,121,2872,1412,1339,1358,26,13,41,20,13,13,121,40
20260906,r6_d30_t1_w20,393,118,2877,1416,1343,1359,25,16,41,18,14,13,121,40
20260906,r6_d30_t1_w20,394,102,2884,1436,1346,1362,24,33,41,2,9,13,121,40
20260906,r6_d30_t1_w20,395,99,2890,1438,1353,1366,26,26,46,2,11,13,131,43
20260906,r6_d30_t1_w20,396,97,2899,1441,1361,1370,26,22,49,3,13,13,131,43
20260906,r6_d30_t1_w20,397,100,2907,1443,1364,1374,26,20,49,5,15,12,131,43
20260906,r6_d30_t1_w20,398,100,2915,1445,1370,1375,26,16,54,4,16,12,131,43
20260906,r6_d30_t1_w20,399,97,2920,1448,1375,1380,30,14,54,2,16,10,131,43
20260906,r6_d30_t1_w20,400,93,2925,1451,1381,1383,31,12,56,1,16,9,131,43
20260906,r6_d30_t1_w20,401,90,2930,1452,1388,1385,32,8,59,1,16,9,131,43
20260906,r6_d30_t1_w20,402,91,2936,1454,1391,1388,31,9,57,3,17,9,131,43
20260906,r6_d30_t1_w20,403,95,2946,1456,1395,1392,33,10,54,3,17,10,131,43
20260906,r6_d30_t1_w20,404,96,2954,1458,1400,1395,34,9,54,3,16,10,131,43
20260906,r6_d30_t1_w20,405,99,2962,1460,1403,1399,35,10,51,4,15,10,131,43
20260906,r6_d30_t1_w20,406,98,2968,1463,1407,1403,37,9,51,3,12,10,131,43
20260906,r6_d30_t1_w20,407,99,2975,1465,1411,1410,39,9,46,6,12,10,131,43
20260906,r6_d30_t1_w20,408,100,2984,1469,1415,1413,37,9,47,7,11,11,131,43
20260906,r6_d30_t1_w20,409,97,2989,1474,1418,1417,41,9,48,2,9,11,131,43
20260906,r6_d30_t1_w20,410,100,2995,1476,1419,1418,42,7,51,0,9,11,131,43
20260906,r6_d30_t1_w20,411,106,3005,1478,1421,1423,43,8,47,2,9,14,131,43
20260906,r6_d30_t1_w20,412,112,3012,1479,1421,1426,44,9,44,3,9,16,131,43
20260906,r6_d30_t1_w20,413,116,3019,1482,1421,1431,48,10,41,1,9,16,131,43
20260906,r6_d30_t1_w20,414,124,3028,1483,1421,1436,52,7,40,1,9,16,131,43
20260906,r6_d30_t1_w20,415,130,3036,1485,1421,1440,53,7,38,2,9,18,131,43
20260906,r6_d30_t1_w20,416,132,3044,1488,1424,1445,56,9,34,1,9,19,131,43
20260906,r6_d30_t1_w20,417,134,3054,1490,1430,1449,56,10,31,3,9,21,131,43
20260906,r6_d30_t1_w20,418,133,3063,1492,1438,1451,56,9,32,3,9,21,131,43
20260906,r6_d30_t1_w20,419,136,3072,1497,1439,1455,57,13,29,1,9,22,131,43
20260906,r6_d30_t1_w20,420,135,3077,1499,1443,1456,56,13,30,1,9,22,131,43
20260906,r6_d30_t1_w20,421,135,3082,1500,1447,1461,58,12,27,3,11,22,131,43
20260906,r6_d30_t1_w20,422,137,3089,1500,1452,1466,40,10,24,26,12,21,131,43
20260906,r6_d30_t1_w20,423,135,3099,1503,1461,1467,22,11,25,42,14,18,131,43
20260906,r6_d30_t1_w20,424,111,3104,1525,1468,1469,23,29,27,21,9,16,131,43
20260906,r6_d30_t1_w20,425,102,3109,1532,1475,1471,37,28,33,2,9,15,131,43
20260906,r6_d30_t1_w20,426,95,3118,1544,1479,1474,30,33,37,0,9,15,131,43
20260906,r6_d30_t1_w20,427,91,3124,1548,1485,1477,28,25,46,1,9,14,131,43
20260906,r6_d30_t1_w20,428,86,3129,1551,1492,1477,25,16,58,1,9,12,131,43
20260906,r6_d30_t1_w20,429,90,3139,1553,1496,1477,21,11,65,3,11,12,131,43
20260906,r6_d30_t1_w20,430,95,3149,1554,1500,1479,19,9,66,6,13,12,131,43
20260906,r6_d30_t1_w20,431,89,3154,1557,1508,1482,21,11,64,4,14,12,131,43
20260906,r6_d30_t1_w20,432,89,3162,1560,1513,1484,22,11,65,2,16,11,131,43
20260906,r6_d30_t1_w20,433,88,3167,1561,1518,1485,23,7,69,1,17,10,131,43
20260906,r6_d30_t1_w20,434,87,3176,1562,1527,1489,25,6,67,2,18,8,131,43
20260906,r6_d30_t1_w20,435,86,3183,1562,1535,1489,24,6,67,3,17,7,131,43
20260906,r6_d30_t1_w20,436,87,3192,1566,1539,1492,23,9,65,3,16,8,131,43
20260906,r6_d30_t1_w20,437,86,3202,1568,1548,1496,24,9,63,4,14,8,131,43
20260906,r6_d30_t1_w20,438,83,3208,1571,1554,1500,23,10,61,6,11,9,131,43
20260906,r6_d30_t1_w20,439,76,3213,1577,1560,1508,24,14,55,7,9,9,131,43
20260906,r6_d30_t1_w20,440,79,3221,1582,1560,1513,24,17,52,7,9,9,131,43
20260906,r6_d30_t1_w20,441,84,3231,1587,1560,1518,25,18,51,6,9,10,131,43
20260906,r6_d30_t1_w20,442,86,3238,1591,1561,1520,26,17,54,3,9,10,131,43
20260906,r6_d30_t1_w20,443,86,3245,1597,1562,1529,27,23,45,5,9,10,131,43
20260906,r6_d30_t1_w20,444,91,3254,1601,1562,1537,29,21,43,7,9,11,131,43
20260906,r6_d30_t1_w20,445,94,3261,1605,1562,1542,34,21,42,3,9,15,121,40
20260906,r6_d30_t1_w20,446,98,3271,1611,1562,1548,37,23,40,0,9,17,121,40
20260906,r6_d30_t1_w20,447,103,3278,1612,1563,1551,38,20,41,1,9,18,121,40
20260906,r6_d30_t1_w20,448,106,3283,1613,1564,1557,42,19,37,2,9,18,121,40
20260906,r6_d30_t1_w20,449,112,3292,1616,1564,1559,41,18,39,2,9,20,121,40
20260906,r6_d30_t1_w20,450,120,3302,1618,1564,1559,38,14,45,3,10,20,131,43
20260906,r6_d30_t1_w20,451,125,3311,1622,1564,1561,21,17,44,18,13,20,131,43
20260906,r6_d30_t1_w20,452,131,3319,1624,1564,1562,19,12,50,19,15,20,131,43
20260906,r6_d30_t1_w20,453,123,3328,1640,1565,1564,18,24,52,6,11,20,131,43
20260906,r6_d30_t1_w20,454,126,3337,1645,1566,1567,19,24,54,3,13,19,131,43
20260906,r6_d30_t1_w20,455,122,3343,1650,1571,1571,20,27,52,1,15,19,131,43
20260906,r6_d30_t1_w20,456,122,3351,1652,1577,1574,19,24,54,3,16,18,131,43
20260906,r6_d30_t1_w20,457,118,3358,1655,1585,1578,20,22,55,3,16,16,131,43
20260906,r6_d30_t1_w20,458,118,3368,1660,1590,1583,20,20,57,3,18,15,131,43
20260906,r6_d30_t1_w20,459,123,3377,1661,1593,1586,20,17,58,5,18,15,131,43
20260906,r6_d30_t1_w20,460,125,3387,1664,1598,1587,19,13,64,4,18,13,131,43
20260906,r6_d30_t1_w20,461,124,3394,1667,1603,1590,21,11,66,2,17,12,131,43
20260906,r6_d30_t1_w20,462,126,3403,1668,1609,1593,23,6,69,2,17,10,131,43
20260906,r6_d30_t1_w20,463,127,3412,1670,1615,1598,23,6,66,5,17,11,131,43
20260906,r6_d30_t1_w20,464,122,3419,1676,1621,1606,23,10,60,7,16,13,131,43
20260906,r6_d30_t1_w20,465,116,3424,1683,1625,1610,24,17,56,3,16,13,131,43
20260906,r6_d30_t1_w20,466,113,3430,1686,1631,1615,25,17,54,4,17,14,131,43
20260906,r6_d30_t1_w20,467,114,3439,1687,1638,1617,15,12,58,15,15,16,131,43
20260906,r6_d30_t1_w20,468,116,3449,1692,1641,1620,15,14,58,13,12,17,131,43
20260906,r6_d30_t1_w20,469,108,3454,1697,1649,1625,14,18,54,14,9,17,131,43
20260906,r6_d30_t1_w20,470,114,3463,1699,1650,1629,17,15,55,13,9,17,131,43
20260906,r6_d30_t1_w20,471,121,3471,1700,1650,1631,30,13,56,1,9,19,131,43
20260906,r6_d30_t1_w20,472,126,3480,1704,1650,1635,30,13,56,1,9,20,131,43
20260906,r6_d30_t1_w20,473,131,3490,1707,1652,1640,32,15,52,1,9,21,131,43
20260906,r6_d30_t1_w20,474,134,3495,1708,1653,1644,35,12,52,1,9,21,131,43
20260906,r6_d30_t1_w20,475,140,3504,1708,1656,1650,40,11,47,2,9,22,131,43
20260906,r6_d30_t1_w20,476,136,3509,1711,1662,1653,41,13,45,1,9,23,131,43
20260906,r6_d30_t1_w20,477,137,3515,1713,1665,1660,45,8,45,2,9,23,131,43
20260906,r6_d30_t1_w20,478,139,3525,1715,1671,1662,44,7,46,3,9,21,131,43
20260906,r6_d30_t1_w20,479,134,3530,1719,1677,1666,45,10,43,2,9,20,131,43
20260906,r6_d30_t1_w20,480,132,3537,1720,1685,1668,44,10,42,4,11,19,131,43
20260906,r6_d30_t1_w20,481,129,3546,1726,1691,1675,33,15,36,16,13,18,131,43
20260906,r6_d30_t1_w20,482,126,3555,1731,1698,1677,33,18,36,13,17,15,131,43
20260906,r6_d30_t1_w20,483,114,3563,1744,1705,1682,37,26,36,1,16,13,131,43
20260906,r6_d30_t1_w20,484,116,3572,1745,1711,1684,38,23,38,1,16,12,131,43
20260906,r6_d30_t1_w20,485,121,3582,1747,1714,1686,38,18,43,1,18,12,131,43
20260906,r6_d30_t1_w20,486,123,3588,1748,1717,1688,37,13,47,3,18,11,131,43
20260906,r6_d30_t1_w20,487,124,3598,1750,1724,1694,39,12,44,5,18,11,131,43
20260906,r6_d30_t1_w20,488,121,3605,1752,1732,1697,42,10,45,3,18,10,131,43
20260906,r6_d30_t1_w20,489,126,3614,1755,1733,1697,42,9,49,0,18,11,131,43
20260906,r6_d30_t1_w20,490,120,3620,1759,1741,1703,42,11,45,2,18,11,126,43
20260906,r6_d30_t1_w20,491,117,3626,1761,1748,1705,42,11,45,2,18,12,126,43
20260906,r6_d30_t1_w20,492,113,3631,1764,1754,1709,43,13,42,2,18,12,126,43
20260906,r6_d30_t1_w20,493,114,3641,1765,1762,1711,44,11,43,2,17,13,126,43
20260906,r6_d30_t1_w20,494,113,3646,1768,1765,1714,45,12,42,1,17,14,126,43
20260906,r6_d30_t1_w20,495,114,3655,1768,1773,1716,46,6,46,2,15,15,131,43
20260906,r6_d30_t1_w20,496,116,3664,1772,1776,1719,46,10,43,1,13,16,131,43
20260906,r6_d30_t1_w20,497,119,3674,1775,1780,1724,48,9,42,1,11,16,131,43
20260906,r6_d30_t1_w20,498,119,3683,1778,1786,1727,47,12,39,2,9,17,131,43
20260906,r6_d30_t1_w20,499,120,3688,1779,1789,1730,48,9,40,3,9,17,131,43
20260906,r6_d30_t1_w20,500,123,3693,1781,1789,1732,48,10,39,3,9,17,131,43
20260906,r6_d30_t1_w20,501,126,3699,1784,1789,1738,49,11,35,5,9,16,131,43
20260906,r6_d30_t1_w20,502,130,3705,1785,1790,1738,49,9,38,4,9,16,131,43
20260906,r6_d30_t1_w20,503,129,3711,1789,1793,1740,50,10,39,1,9,16,131,43
20260906,r6_d30_t1_w20,504,130,3720,1789,1801,1743,52,5,41,2,9,15,131,43
20260906,r6_d30_t1_w20,505,128,3728,1790,1810,1747,56,5,38,1,9,17,131,43
20260906,r6_d30_t1_w20,506,130,3736,1792,1814,1749,55,6,37,2,9,18,131,43
20260906,r6_d30_t1_w20,507,126,3741,1793,1822,1752,57,5,36,2,9,17,131,43
20260906,r6_d30_t1_w20,508,128,3751,1796,1827,1758,61,8,30,1,9,15,131,43
20260906,r6_d30_t1_w20,509,129,3760,1797,1834,1759,61,6,32,1,9,15,131,43
20260906,r6_d30_t1_w20,510,125,3765,1803,1837,1761,58,12,30,0,9,15,131,43
20260906,r6_d30_t1_w20,511,125,3770,1803,1842,1763,59,10,30,1,9,14,131,43
20260906,r6_d30_t1_w20,512,125,3776,1805,1846,1763,53,11,31,5,12,14,131,43
20260906,r6_d30_t1_w20,513,124,3784,1807,1853,1768,20,11,28,41,15,14,131,43
20260906,r6_d30_t1_w20,514,127,3793,1813,1853,1771,15,14,28,43,16,14,131,43
20260906,r6_d30_t1_w20,515,98,3799,1843,1858,1775,24,42,26,8,9,13,131,43
20260906,r6_d30_t1_w20,516,89,3807,1852,1866,1775,21,41,36,2,9,12,131,43
20260906,r6_d30_t1_w20,517,82,3815,1859,1874,1777,18,34,48,0,9,12,131,43
20260906,r6_d30_t1_w20,518,82,3824,1861,1881,1779,17,27,55,1,10,10,131,43
20260906,r6_d30_t1_w20,519,87,3834,1861,1886,1781,17,18,62,3,14,9,131,43
20260906,r6_d30_t1_w20,520,88,3840,1862,1890,1782,17,12,68,3,15,9,101,38
20260906,r6_d30_t1_w20,521,85,3845,1864,1896,1783,16,11,70,3,15,7,101,38
20260906,r6_d30_t1_w20,522,87,3852,1865,1900,1785,15,12,68,5,15,8,101,38
20260906,r6_d30_t1_w20,523,83,3857,1868,1906,1787,14,10,71,5,17,9,101,38
20260906,r6_d30_t1_w20,524,85,3867,1871,1911,1789,15,10,72,3,17,12,101,38
20260906,r6_d30_t1_w20,525,84,3876,1874,1918,1791,12,12,71,5,16,12,126,43
20260906,r6_d30_t1_w20,526,84,3885,1876,1925,1794,11,10,72,7,16,13,126,43
20260906,r6_d30_t1_w20,527,84,3892,1881,1927,1801,9,12,68,11,15,12,126,43
20260906,r6_d30_t1_w20,528,79,3900,1886,1935,1808,9,14,64,13,10,12,126,43
20260906,r6_d30_t1_w20,529,73,3905,1894,1938,1812,11,20,62,7,9,11,126,43
20260906,r6_d30_t1_w20,530,79,3915,1898,1938,1824,18,18,56,8,9,12,131,43
20260906,r6_d30_t1_w20,531,81,3920,1900,1939,1826,20,18,56,6,9,12,131,43
20260906,r6_d30_t1_w20,532,79,3926,1908,1939,1829,20,19,60,1,9,11,131,43
20260906,r6_d30_t1_w20,533,88,3935,1908,1939,1834,24,17,57,2,9,13,131,43
20260906,r6_d30_t1_w20,534,94,3944,1911,1939,1836,22,15,60,3,9,13,131,43
20260906,r6_d30_t1_w20,535,97,3952,1916,1939,1841,21,17,58,4,9,16,131,43
20260906,r6_d30_t1_w20,536,98,3957,1920,1939,1849,26,20,51,3,9,16,131,43
20260906,r6_d30_t1_w20,537,104,3966,1922,1940,1852,29,21,49,1,9,17,131,43
20260906,r6_d30_t1_w20,538,108,3974,1925,1941,1858,30,20,47,3,9,17,131,43
20260906,r6_d30_t1_w20,539,111,3980,1926,1943,1862,33,14,50,3,9,17,131,43
20260906,r6_d30_t1_w20,540,112,3989,1933,1944,1865,30,17,51,2,11,16,131,43
20260906,r6_d30_t1_w20,541,121,3998,1933,1944,1867,25,13,53,9,13,16,131,43
20260906,r6_d30_t1_w20,542,124,4003,1935,1944,1869,25,11,55,9,12,16,131,43
20260906,r6_d30_t1_w20,543,121,4009,1944,1944,1872,26,19,53,2,14,16,131,43
20260906,r6_d30_t1_w20,544,121,4016,1947,1948,1877,28,16,54,2,14,16,131,43
20260906,r6_d30_t1_w20,545,120,4023,1948,1955,1879,29,12,57,2,16,16,131,43
20260906,r6_d30_t1_w20,546,116,4031,1953,1962,1884,26,13,56,5,17,13,131,43
20260906,r6_d30_t1_w20,547,120,4040,1953,1967,1888,27,11,54,8,17,12,131,43
20260906,r6_d30_t1_w20,548,120,4047,1958,1969,1895,29,14,49,8,17,11,131,43
20260906,r6_d30_t1_w20,549,121,4054,1961,1972,1897,30,13,51,6,18,11,131,43
20260906,r6_d30_t1_w20,550,116,4062,1968,1978,1903,32,17,48,3,18,9,126,43
20260906,r6_d30_t1_w20,551,118,4072,1973,1981,1907,29,20,46,5,18,9,126,43
20260906,r6_d30_t1_w20,552,117,4079,1977,1985,1912,29,18,47,6,18,10,126,43
20260906,r6_d30_t1_w20,553,112,4085,1980,1993,1917,30,17,46,7,18,12,126,43
20260906,r6_d30_t1_w20,554,112,4094,1984,1998,1920,29,18,46,7,18,12,126,43
20260906,r6_d30_t1_w20,555,114,4102,1988,2000,1921,28,16,51,5,16,13,131,43
20260906,r6_d30_t1_w20,556,116,4109,1992,2001,1924,30,11,57,2,13,13,131,43
20260906,r6_d30_t1_w20,557,119,4119,1994,2006,1928,30,7,59,4,11,15,131,43
20260906,r6_d30_t1_w20,558,117,4127,1997,2013,1935,32,8,54,6,9,15,131,43
20260906,r6_d30_t1_w20,559,115,4134,2003,2016,1939,34,11,53,2,9,15,131,43
20260906,r6_d30_t1_w20,560,119,4141,2005,2017,1941,34,11,53,2,9,15,131,43
20260906,r6_d30_t1_w20,561,127,4149,2005,2017,1941,34,8,56,2,9,16,131,43
20260906,r6_d30_t1_w20,562,130,4156,2009,2017,1945,35,11,53,1,9,17,131,43
20260906,r6_d30_t1_w20,563,132,4161,2010,2019,1953,40,10,47,3,9,17,131,43
20260906,r6_d30_t1_w20,564,133,4167,2013,2021,1959,43,10,44,3,9,18,131,43
20260906,r6_d30_t1_w20,565,133,4177,2018,2026,1965,45,12,41,2,9,18,131,43
20260906,r6_d30_t1_w20,566,133,4184,2020,2031,1967,46,12,41,1,9,17,131,43
20260906,r6_d30_t1_w20,567,129,4191,2022,2040,1972,47,14,36,3,9,16,131,43
20260906,r6_d30_t1_w20,568,132,4200,2022,2046,1973,48,10,39,3,9,18,131,43
20260906,r6_d30_t1_w20,569,135,4210,2026,2049,1976,48,12,38,2,9,17,131,43
20260906,r6_d30_t1_w20,570,134,4218,2029,2055,1978,46,12,39,3,10,17,121,43
20260906,r6_d30_t1_w20,571,128,4224,2035,2061,1983,37,16,36,11,10,15,121,43
20260906,r6_d30_t1_w20,572,128,4231,2036,2067,1986,26,13,37,24,12,14,121,43
20260906,r6_d30_t1_w20,573,119,4241,2049,2073,1992,27,24,33,16,13,14,121,43
20260906,r6_d30_t1_w20,574,102,4246,2065,2079,1996,29,37,32,2,9,13,121,43
20260906,r6_d30_t1_w20,575,100,4256,2072,2084,1998,25,37,37,1,11,11,131,43
20260906,r6_d30_t1_w20,576,103,4265,2073,2089,2000,25,32,41,2,13,11,131,43
20260906,r6_d30_t1_w20,577,98,4270,2074,2098,2000,24,29,45,2,15,10,131,43
20260906,r6_d30_t1_w20,578,100,4278,2075,2103,2001,25,20,54,1,16,9,131,43
20260906,r6_d30_t1_w20,579,98,4284,2078,2108,2005,26,16,57,1,18,9,131,43
20260906,r6_d30_t1_w20,580,102,4294,2079,2113,2007,27,9,63,1,18,8,131,43
20260906,r6_d30_t1_w20,581,103,4304,2082,2119,2008,26,10,64,0,18,7,131,43
20260906,r6_d30_t1_w20,582,105,4311,2082,2124,2010,26,7,65,2,18,10,131,43
20260906,r6_d30_t1_w20,583,109,4320,2083,2128,2015,26,7,61,6,18,10,131,43
20260906,r6_d30_t1_w20,584,110,4327,2086,2131,2017,27,6,63,4,18,10,131,43
20260906,r6_d30_t1_w20,585,105,4332,2090,2137,2018,27,8,64,1,17,9,131,43
20260906,r6_d30_t1_w20,586,105,4338,2090,2143,2020,28,7,63,2,14,11,131,43
20260906,r6_d30_t1_w20,587,107,4347,2093,2147,2025,30,8,60,2,13,13,131,43
20260906,r6_d30_t1_w20,588,105,4354,2095,2154,2029,32,8,58,2,11,13,131,43
20260906,r6_d30_t1_w20,589,103,4361,2096,2162,2035,37,8,53,2,9,14,131,43
20260906,r6_d30_t1_w20,590,107,4366,2097,2162,2040,40,5,52,3,9,14,131,43
20260906,r6_d30_t1_w20,591,112,4371,2097,2162,2045,45,2,50,3,9,14,131,43
20260906,r6_d30_t1_w20,592,118,4381,2101,2162,2052,50,5,44,1,9,16,131,43
20260906,r6_d30_t1_w20,593,124,4389,2103,2162,2055,50,7,41,2,9,18,131,43
20260906,r6_d30_t1_w20,594,131,4399,2106,2162,2061,50,10,35,5,9,18,131,43
20260906,r6_d30_t1_w20,595,137,4408,2109,2162,2064,51,11,34,4,9,18,131,43
20260906,r6_d30_t1_w20,596,136,4415,2113,2166,2072,53,14,27,6,9,18,131,43
20260906,r6_d30_t1_w20,597,137,4420,2115,2168,2076,56,14,25,5,9,17,131,43
20260906,r6_d30_t1_w20,598,136,4430,2123,2171,2082,58,22,19,1,9,18,131,43
20260906,r6_d30_t1_w20,599,138,4436,2123,2175,2083,59,16,24,1,9,17,131,43
20260906,r6_d30_t1_w20,600,129,4441,2128,2184,2087,58,16,25,1,9,17,121,40
20260906,r3_d30_t1_w15,1,6,8,2,0,0,96,2,0,2,2,2,131,43
20260906,r3_d30_t1_w15,2,11,13,2,0,0,74,2,0,24,2,3,131,43
20260906,r3_d30_t1_w15,3,19,23,4,0,0,67,3,1,29,5,4,131,43
20260906,r3_d30_t1_w15,4,3,28,25,0,0,67,23,2,8,0,1,131,43
20260906,r3_d30_t1_w15,5,4,34,30,0,0,69,21,9,1,0,1,131,43
20260906,r3_d30_t1_w15,6,5,41,36,0,0,64,20,16,0,0,1,131,43
20260906,r3_d30_t1_w15,7,15,51,36,0,0,60,13,23,4,2,3,131,43
20260906,r3_d30_t1_w15,8,24,61,37,0,0,59,9,28,4,4,6,131,43
20260906,r3_d30_t1_w15,9,30,71,41,0,0,59,10,31,0,6,4,131,43
20260906,r3_d30_t1_w15,10,37,78,41,0,0,59,7,34,0,8,7,131,43
20260906,r3_d30_t1_w15,11,41,83,42,0,0,57,3,39,1,8,7,131,43
20260906,r3_d30_t1_w15,12,49,91,42,0,0,56,2,40,2,8,8,131,43
20260906,r3_d30_t1_w15,13,56,100,44,0,0,54,2,42,2,9,9,131,43
20260906,r3_d30_t1_w15,14,63,108,45,0,0,52,3,42,3,9,9,131,43
20260906,r3_d30_t1_w15,15,70,117,47,0,3,53,3,41,3,9,10,131,43
20260906,r3_d30_t1_w15,16,74,124,49,1,5,54,4,40,2,9,9,131,43
20260906,r3_d30_t1_w15,17,79,130,50,1,6,54,4,40,2,9,11,131,43
20260906,r3_d30_t1_w15,18,84,138,52,2,9,55,6,37,2,9,12,131,43
20260906,r3_d30_t1_w15,19,90,145,53,2,13,57,5,35,3,9,13,131,43
20260906,r3_d30_t1_w15,20,95,153,55,3,15,56,6,34,4,9,13,121,40
20260906,r3_d30_t1_w15,21,97,160,59,4,18,56,9,32,3,9,14,121,40
20260906,r3_d30_t1_w15,22,100,166,61,5,22,57,10,29,4,9,15,121,40
20260906,r3_d30_t1_w15,23,103,172,62,7,25,59,10,27,4,9,15,121,40
20260906,r3_d30_t1_w15,24,100,178,66,12,27,59,8,31,2,9,14,121,40
20260906,r3_d30_t1_w15,25,97,183,68,18,33,63,9,26,2,9,12,126,43
20260906,r3_d30_t1_w15,26,99,192,72,21,36,60,12,24,4,9,13,126,43
20260906,r3_d30_t1_w15,27,97,197,75,25,38,58,13,24,5,9,12,126,43
20260906,r3_d30_t1_w15,28,95,205,80,30,42,60,14,24,2,9,12,126,43
20260906,r3_d30_t1_w15,29,97,214,83,34,44,60,15,24,1,9,13,126,43
20260906,r3_d30_t1_w15,30,94,220,85,41,45,58,13,27,2,9,12,131,43
20260906,r3_d30_t1_w15,31,95,229,88,46,46,51,13,29,7,14,11,131,43
20260906,r3_d30_t1_w15,32,97,238,90,51,47,30,12,31,27,15,10,131,43
20260906,r3_d30_t1_w15,33,93,248,96,59,50,32,18,28,22,13,9,131,43
20260906,r3_d30_t1_w15,34,73,255,117,65,51,32,31,35,2,10,8,131,43
20260906,r3_d30_t1_w15,35,70,260,118,72,52,32,22,44,2,11,8,131,43
20260906,r3_d30_t1_w15,36,74,270,119,77,53,30,11,55,4,14,6,131,43
20260906,r3_d30_t1_w15,37,78,280,120,82,54,30,8,58,4,14,6,131,43
20260906,r3_d30_t1_w15,38,77,286,123,86,58,33,6,59,2,17,5,131,43
20260906,r3_d30_t1_w15,39,76,291,124,91,60,33,5,59,3,15,5,131,43
20260906,r3_d30_t1_w15,40,77,298,125,96,66,35,5,54,6,14,6,131,43
20260906,r3_d30_t1_w15,41,75,305,128,102,72,36,6,50,8,14,7,131,43
20260906,r3_d30_t1_w15,42,73,310,132,105,72,35,8,52,5,12,9,131,43
20260906,r3_d30_t1_w15,43,71,315,137,107,76,38,7,54,1,9,8,131,43
20260906,r3_d30_t1_w15,44,68,320,137,115,76,39,4,57,0,9,10,131,43
20260906,r3_d30_t1_w15,45,73,327,138,116,79,40,4,55,1,9,10,131,43
20260906,r3_d30_t1_w15,46,79,333,138,116,86,46,4,48,2,9,10,131,43
20260906,r3_d30_t1_w15,47,81,340,140,119,90,48,4,46,2,9,11,131,43
20260906,r3_d30_t1_w15,48,84,346,143,119,93,48,7,43,2,9,11,131,43
20260906,r3_d30_t1_w15,49,87,352,145,120,96,49,7,42,2,9,12,131,43
20260906,r3_d30_t1_w15,50,91,358,146,121,98,51,6,42,1,9,12,126,43
20260906,r3_d30_t1_w15,51,91,367,149,127,103,53,9,37,1,9,12,126,43
20260906,r3_d30_t1_w15,52,91,377,150,136,108,55,6,36,3,9,15,126,43
20260906,r3_d30_t1_w15,53,93,387,153,141,113,57,8,32,3,9,14,126,43
20260906,r3_d30_t1_w15,54,93,392,156,143,114,56,8,34,2,9,14,126,43
20260906,r3_d30_t1_w15,55,96,402,157,149,120,58,7,30,5,9,14,131,43
20260906,r3_d30_t1_w15,56,98,410,158,154,126,63,7,25,5,9,15,131,43
20260906,r3_d30_t1_w15,57,100,417,162,155,129,65,9,24,2,9,15,131,43
20260906,r3_d30_t1_w15,58,103,426,164,159,133,68,9,22,1,9,15,131,43
20260906,r3_d30_t1_w15,59,105,433,165,163,135,68,9,21,2,9,15,131,43
20260906,r3_d30_t1_w15,60,104,439,165,170,136,67,7,22,4,11,15,131,43
20260906,r3_d30_t1_w15,61,105,447,169,173,138,46,9,22,23,11,14,131,43
20260906,r3_d30_t1_w15,62,106,457,171,180,139,24,10,22,44,13,13,131,43
20260906,r3_d30_t1_w15,63,88,462,188,186,139,27,24,25,24,9,12,131,43
20260906,r3_d30_t1_w15,64,84,469,195,190,139,43,21,35,1,9,12,131,43
20260906,r3_d30_t1_w15,65,79,475,201,195,142,39,21,38,2,9,11,131,43
20260906,r3_d30_t1_w15,66,71,484,209,204,144,33,21,44,2,9,10,131,43
20260906,r3_d30_t1_w15,67,63,490,217,210,145,28,20,52,0,8,10,131,43
20260906,r3_d30_t1_w15,68,58,496,220,218,146,26,14,60,0,8,8,131,43
20260906,r3_d30_t1_w15,69,62,505,220,223,146,24,6,68,2,11,7,131,43
20260906,r3_d30_t1_w15,70,60,514,221,233,149,23,4,68,5,14,5,131,43
20260906,r3_d30_t1_w15,71,54,519,226,239,152,23,8,66,3,13,5,131,43
20260906,r3_d30_t1_w15,72,52,526,230,244,153,22,12,65,1,11,6,131,43
20260906,r3_d30_t1_w15,73,54,536,230,252,154,23,8,68,1,9,7,131,43
20260906,r3_d30_t1_w15,74,50,541,232,259,159,23,8,65,4,7,7,131,43
20260906,r3_d30_t1_w15,75,56,548,233,259,166,28,6,61,5,7,9,131,43
20260906,r3_d30_t1_w15,76,55,554,236,263,172,32,7,57,4,8,9,131,43
20260906,r3_d30_t1_w15,77,61,563,238,264,178,34,9,51,6,9,10,131,43
20260906,r3_d30_t1_w15,78,66,573,242,265,181,34,10,51,5,9,10,131,43
20260906,r3_d30_t1_w15,79,71,582,246,265,185,36,12,49,3,9,12,131,43
20260906,r3_d30_t1_w15,80,71,587,251,265,191,37,14,46,3,9,14,131,43
20260906,r3_d30_t1_w15,81,75,592,252,265,197,40,11,44,5,9,14,131,43
20260906,r3_d30_t1_w15,82,82,601,254,265,200,40,10,44,6,9,14,131,43
20260906,r3_d30_t1_w15,83,84,607,258,265,205,42,11,42,5,9,13,131,43
20260906,r3_d30_t1_w15,84,88,615,262,265,207,41,13,42,4,9,12,131,43
20260906,r3_d30_t1_w15,85,94,624,265,265,210,42,14,41,3,9,14,131,43
20260906,r3_d30_t1_w15,86,102,634,267,265,216,47,13,38,2,9,15,131,43
20260906,r3_d30_t1_w15,87,107,641,268,266,220,51,12,36,1,9,16,131,43
20260906,r3_d30_t1_w15,88,111,648,269,268,223,52,10,36,2,9,18,131,43
20260906,r3_d30_t1_w15,89,116,658,269,273,225,52,8,36,4,9,17,131,43
20260906,r3_d30_t1_w15,90,118,668,272,278,226,46,8,38,8,11,15,131,43
20260906,r3_d30_t1_w15,91,117,674,274,283,231,29,8,35,28,12,15,131,43
20260906,r3_d30_t1_w15,92,115,684,280,289,234,30,13,33,24,15,14,131,43
20260906,r3_d30_t1_w15,93,95,694,302,297,239,33,28,35,4,10,12,131,43
20260906,r3_d30_t1_w15,94,91,702,305,306,241,32,21,43,4,14,10,131,43
20260906,r3_d30_t1_w15,95,92,710,307,311,242,32,16,49,3,13,9,131,43
20260906,r3_d30_t1_w15,96,92,715,309,314,245,32,15,49,4,14,9,131,43
20260906,r3_d30_t1_w15,97,89,722,311,322,248,33,11,52,4,15,8,131,43
20260906,r3_d30_t1_w15,98,91,731,315,325,249,31,10,56,3,17,6,131,43
20260906,r3_d30_t1_w15,99,92,740,316,332,250,32,7,59,2,17,6,131,43
20260906,r3_d30_t1_w15,100,92,750,318,340,252,33,8,58,1,17,7,121,40
20260906,r3_d30_t1_w15,101,91,760,320,349,255,32,6,59,3,15,8,121,40
20260906,r3_d30_t1_w15,102,87,766,323,356,257,30,6,60,4,13,10,121,40
20260906,r3_d30_t1_w15,103,89,774,325,360,259,31,6,60,3,11,11,121,40
20260906,r3_d30_t1_w15,104,84,780,327,369,263,34,6,58,2,9,12,121,40
20260906,r3_d30_t1_w15,105,86,786,331,369,272,36,9,50,5,9,15,131,43
20260906,r3_d30_t1_w15,106,94,794,331,369,277,40,6,48,6,9,17,131,43
20260906,r3_d30_t1_w15,107,94,800,336,370,283,41,9,44,6,9,18,131,43
20260906,r3_d30_t1_w15,108,100,809,338,371,287,45,9,42,4,9,17,131,43
20260906,r3_d30_t1_w15,109,101,816,344,371,291,47,12,41,0,9,17,131,43
20260906,r3_d30_t1_w15,110,105,822,344,373,292,47,10,42,1,9,17,131,43
20260906,r3_d30_t1_w15,111,109,828,344,375,295,48,9,40,3,9,18,131,43
20260906,r3_d30_t1_w15,112,113,838,345,380,304,53,8,33,6,9,19,131,43
20260906,r3_d30_t1_w15,113,111,844,347,386,308,56,8,31,5,9,18,131,43
20260906,r3_d30_t1_w15,114,108,850,351,391,309,57,11,31,1,9,18,131,43
20260906,r3_d30_t1_w15,115,105,857,353,399,314,58,10,29,3,9,18,131,43
20260906,r3_d30_t1_w15,116,103,865,353,409,316,59,7,30,4,9,19,131,43
20260906,r3_d30_t1_w15,117,106,875,357,412,316,58,9,32,1,9,17,131,43
20260906,r3_d30_t1_w15,118,105,882,359,418,319,59,9,31,1,9,18,131,43
20260906,r3_d30_t1_w15,119,105,889,360,424,322,61,7,31,1,9,18,131,43
20260906,r3_d30_t1_w15,120,103,894,362,429,325,62,9,28,1,9,15,131,43
20260906,r3_d30_t1_w15,121,105,904,362,437,327,60,4,31,5,12,13,131,43
20260906,r3_d30_t1_w15,122,107,912,363,442,329,40,4,30,26,15,12,131,43
20260906,r3_d30_t1_w15,123,102,919,367,450,331,40,8,28,24,16,12,131,43
20260906,r3_d30_t1_w15,124,80,927,390,457,334,42,27,29,2,10,11,131,43
20260906,r3_d30_t1_w15,125,80,933,392,461,337,44,23,32,1,13,11,121,40
20260906,r3_d30_t1_w15,126,82,942,393,467,342,44,11,40,5,14,9,121,40
20260906,r3_d30_t1_w15,127,81,951,394,476,343,44,9,42,5,15,8,121,40
20260906,r3_d30_t1_w15,128,78,956,398,480,345,45,10,43,2,16,7,121,40
20260906,r3_d30_t1_w15,129,77,963,400,486,345,44,10,45,1,15,6,121,40
20260906,r3_d30_t1_w15,130,78,971,402,491,345,43,8,49,0,15,6,131,43
20260906,r3_d30_t1_w15,131,80,981,402,499,346,44,5,51,0,14,7,131,43
20260906,r3_d30_t1_w15,132,80,991,404,507,351,45,2,51,2,13,10,131,43
20260906,r3_d30_t1_w15,133,78,996,405,513,353,43,3,49,5,10,10,131,43
20260906,r3_d30_t1_w15,134,76,1004,408,520,356,44,6,46,4,9,12,131,43
20260906,r3_d30_t1_w15,135,84,1014,410,520,361,47,6,43,4,9,15,131,43
20260906,r3_d30_t1_w15,136,88,1022,411,523,364,49,6,41,4,9,15,131,43
20260906,r3_d30_t1_w15,137,90,1028,415,523,368,51,9,38,2,9,16,131,43
20260906,r3_d30_t1_w15,138,94,1035,416,525,370,51,8,38,3,9,16,131,43
20260906,r3_d30_t1_w15,139,100,1043,417,526,373,53,8,36,3,9,16,131,43
20260906,r3_d30_t1_w15,140,107,1052,419,526,375,54,5,39,2,9,17,131,43
20260906,r3_d30_t1_w15,141,107,1057,420,530,380,55,6,34,5,9,17,131,43
20260906,r3_d30_t1_w15,142,106,1066,422,538,386,57,5,31,7,9,19,131,43
20260906,r3_d30_t1_w15,143,109,1075,427,539,388,56,10,29,5,9,20,131,43
20260906,r3_d30_t1_w15,144,109,1080,430,541,392,58,11,27,4,9,19,131,43
20260906,r3_d30_t1_w15,145,112,1089,432,545,392,57,10,30,3,9,17,131,43
20260906,r3_d30_t1_w15,146,109,1098,436,553,396,56,10,30,4,9,17,131,43
20260906,r3_d30_t1_w15,147,106,1104,438,560,399,58,12,27,3,9,15,131,43
20260906,r3_d30_t1_w15,148,106,1109,442,561,403,59,15,24,2,9,15,131,43
20260906,r3_d30_t1_w15,149,106,1115,442,567,404,59,10,28,3,9,15,131,43
20260906,r3_d30_t1_w15,150,103,1125,447,575,406,56,13,28,3,10,12,131,43
20260906,r3_d30_t1_w15,151,100,1132,449,583,407,43,13,29,15,12,12,131,43
20260906,r3_d30_t1_w15,152,101,1140,452,587,408,23,12,32,33,13,11,131,43
20260906,r3_d30_t1_w15,153,86,1146,466,594,410,22,22,34,22,12,11,131,43
20260906,r3_d30_t1_w15,154,71,1154,481,602,411,27,30,40,3,9,10,131,43
20260906,r3_d30_t1_w15,155,63,1163,489,611,415,22,30,44,4,8,8,126,43
20260906,r3_d30_t1_w15,156,67,1173,491,615,418,21,25,48,6,10,8,126,43
20260906,r3_d30_t1_w15,157,68,1183,494,621,419,22,16,59,3,12,6,126,43
20260906,r3_d30_t1_w15,158,66,1189,497,626,420,22,13,64,1,12,5,126,43
20260906,r3_d30_t1_w15,159,66,1194,497,631,421,22,6,70,2,13,4,126,43
20260906,r3_d30_t1_w15,160,65,1199,498,636,422,21,2,74,3,14,4,131,43
20260906,r3_d30_t1_w15,161,64,1206,499,643,423,22,1,75,2,13,6,131,43
20260906,r3_d30_t1_w15,162,64,1213,501,648,426,24,3,72,1,11,6,131,43
20260906,r3_d30_t1_w15,163,65,1220,502,653,428,24,2,72,2,10,6,131,43
20260906,r3_d30_t1_w15,164,66,1228,505,657,435,25,5,65,5,9,8,131,43
20260906,r3_d30_t1_w15,165,71,1236,507,658,441,29,7,59,5,9,11,131,43
20260906,r3_d30_t1_w15,166,74,1242,509,659,442,31,9,58,2,9,12,131,43
20260906,r3_d30_t1_w15,167,79,1249,511,659,447,35,8,56,1,9,12,131,43
20260906,r3_d30_t1_w15,168,85,1259,514,660,452,33,9,53,5,9,14,131,43
20260906,r3_d30_t1_w15,169,88,1266,516,662,458,33,7,51,9,9,14,131,43
20260906,r3_d30_t1_w15,170,85,1271,523,663,467,39,14,42,5,9,14,131,43
20260906,r3_d30_t1_w15,171,86,1281,528,667,477,44,16,35,5,9,14,131,43
20260906,r3_d30_t1_w15,172,92,1290,530,668,480,46,13,37,4,9,15,131,43
20260906,r3_d30_t1_w15,173,94,1299,536,669,482,46,16,38,0,9,14,131,43
20260906,r3_d30_t1_w15,174,100,1307,538,669,487,49,11,40,0,9,14,131,43
20260906,r3_d30_t1_w15,175,105,1315,539,671,493,51,11,35,3,9,15,131,43
20260906,r3_d30_t1_w15,176,104,1321,540,677,496,51,7,37,5,9,14,131,43
20260906,r3_d30_t1_w15,177,106,1330,543,681,498,51,7,38,4,9,15,131,43
20260906,r3_d30_t1_w15,178,107,1339,546,686,501,53,8,37,2,9,15,131,43
20260906,r3_d30_t1_w15,179,108,1347,548,691,501,52,9,38,1,9,17,131,43
20260906,r3_d30_t1_w15,180,110,1357,550,697,504,48,9,37,6,12,16,121,40
20260906,r3_d30_t1_w15,181,114,1367,552,701,505,22,10,37,31,14,16,121,40
20260906,r3_d30_t1_w15,182,108,1372,558,706,506,22,14,38,26,13,15,121,40
20260906,r3_d30_t1_w15,183,84,1379,582,713,507,24,33,42,1,9,14,121,40
20260906,r3_d30_t1_w15,184,81,1385,585,719,508,21,26,51,2,8,14,121,40
20260906,r3_d30_t1_w15,185,79,1390,587,724,512,20,20,55,5,9,13,131,43
20260906,r3_d30_t1_w15,186,75,1395,589,731,516,20,15,58,7,11,12,131,43
20260906,r3_d30_t1_w15,187,71,1401,593,737,518,20,12,63,5,14,10,131,43
20260906,r3_d30_t1_w15,188,69,1407,596,742,521,21,8,67,4,14,9,131,43
20260906,r3_d30_t1_w15,189,66,1412,599,747,526,22,4,69,5,14,8,131,43
20260906,r3_d30_t1_w15,190,67,1421,601,753,530,23,5,66,6,14,7,131,43
20260906,r3_d30_t1_w15,191,67,1427,605,755,531,23,6,68,3,13,7,131,43
20260906,r3_d30_t1_w15,192,63,1434,608,763,531,23,7,70,0,10,7,131,43
20260906,r3_d30_t1_w15,193,61,1441,608,772,536,24,5,67,4,9,7,131,43
20260906,r3_d30_t1_w15,194,62,1449,608,779,539,24,4,65,7,8,8,131,43
20260906,r3_d30_t1_w15,195,65,1454,609,780,546,30,3,60,7,9,8,131,43
20260906,r3_d30_t1_w15,196,72,1463,611,780,551,35,4,56,5,9,9,131,43
20260906,r3_d30_t1_w15,197,71,1468,616,781,554,36,9,53,2,9,10,131,43
20260906,r3_d30_t1_w15,198,74,1474,617,783,563,42,9,45,4,9,10,131,43
20260906,r3_d30_t1_w15,199,77,1479,619,783,569,43,10,40,7,9,11,131,43
20260906,r3_d30_t1_w15,200,78,1484,623,783,578,48,13,32,7,9,11,131,43
20260906,r3_d30_t1_w15,201,79,1490,628,783,580,47,15,33,5,9,13,131,43
20260906,r3_d30_t1_w15,202,84,1499,632,783,582,47,15,35,3,9,13,131,43
20260906,r3_d30_t1_w15,203,88,1505,634,783,585,49,13,36,2,9,13,131,43
20260906,r3_d30_t1_w15,204,95,1513,635,783,592,55,10,33,2,9,14,131,43
20260906,r3_d30_t1_w15,205,93,1518,636,789,593,56,11,32,1,9,14,131,43
20260906,r3_d30_t1_w15,206,98,1527,637,792,599,59,7,31,3,9,15,131,43
20260906,r3_d30_t1_w15,207,100,1537,638,799,603,58,4,31,7,9,16,131,43
20260906,r3_d30_t1_w15,208,101,1546,642,803,603,57,8,31,4,9,16,131,43
20260906,r3_d30_t1_w15,209,100,1555,647,808,605,58,12,30,0,9,16,131,43
20260906,r3_d30_t1_w15,210,97,1560,651,812,607,56,14,30,0,9,16,131,43
20260906,r3_d30_t1_w15,211,98,1569,651,820,609,57,10,32,1,10,15,131,43
20260906,r3_d30_t1_w15,212,99,1576,652,825,611,43,9,32,16,13,14,131,43
20260906,r3_d30_t1_w15,213,97,1582,654,831,611,41,10,33,16,14,13,131,43
20260906,r3_d30_t1_w15,214,84,1589,670,835,613,41,20,37,2,11,13,131,43
20260906,r3_d30_t1_w15,215,87,1598,671,840,615,42,17,39,2,15,12,131,43
20260906,r3_d30_t1_w15,216,91,1608,672,845,615,41,13,44,2,16,11,131,43
20260906,r3_d30_t1_w15,217,90,1617,675,852,616,39,14,45,2,16,10,131,43
20260906,r3_d30_t1_w15,218,92,1626,676,858,617,39,13,46,2,16,9,131,43
20260906,r3_d30_t1_w15,219,93,1635,677,865,620,42,8,49,1,17,10,131,43
20260906,r3_d30_t1_w15,220,95,1643,679,869,628,44,8,43,5,16,12,131,43
20260906,r3_d30_t1_w15,221,95,1651,679,877,630,45,5,44,6,16,12,131,43
20260906,r3_d30_t1_w15,222,88,1659,689,882,636,45,12,41,2,12,12,131,43
20260906,r3_d30_t1_w15,223,90,1669,691,888,639,47,10,42,1,11,12,131,43
20260906,r3_d30_t1_w15,224,89,1677,692,896,641,46,9,42,3,9,12,131,43
20260906,r3_d30_t1_w15,225,93,1682,693,896,643,47,7,43,3,9,14,131,43
20260906,r3_d30_t1_w15,226,98,1691,696,897,644,47,6,46,1,9,17,131,43
20260906,r3_d30_t1_w15,227,108,1701,696,897,647,48,4,45,3,9,17,131,43
20260906,r3_d30_t1_w15,228,112,1708,698,898,650,47,6,42,5,9,16,131,43
20260906,r3_d30_t1_w15,229,117,1715,700,898,652,49,6,42,3,9,17,131,43
20260906,r3_d30_t1_w15,230,116,1723,704,903,656,48,10,38,4,9,16,131,43
20260906,r3_d30_t1_w15,231,112,1730,705,913,657,48,6,42,4,9,16,131,43
20260906,r3_d30_t1_w15,232,113,1737,709,915,660,51,10,39,0,9,16,131,43
20260906,r3_d30_t1_w15,233,115,1746,709,922,663,53,9,37,1,9,13,131,43
20260906,r3_d30_t1_w15,234,116,1756,709,931,666,53,5,38,4,9,15,131,43
20260906,r3_d30_t1_w15,235,113,1762,711,938,672,58,5,34,3,9,16,111,40
20260906,r3_d30_t1_w15,236,112,1769,715,942,675,59,8,32,1,9,14,111,40
20260906,r3_d30_t1_w15,237,110,1775,718,947,675,55,9,34,2,9,13,111,40
20260906,r3_d30_t1_w15,238,109,1783,720,954,677,55,9,34,2,9,14,111,40
20260906,r3_d30_t1_w15,239,109,1791,721,961,681,58,10,30,2,9,14,111,40
20260906,r3_d30_t1_w15,240,108,1796,724,964,681,54,9,34,3,11,12,131,43
20260906,r3_d30_t1_w15,241,105,1804,726,973,688,46,10,28,16,12,11,131,43
20260906,r3_d30_t1_w15,242,102,1811,728,981,689,18,7,32,43,13,10,131,43
20260906,r3_d30_t1_w15,243,87,1817,743,987,692,19,18,33,30,9,10,131,43
20260906,r3_d30_t1_w15,244,80,1823,750,993,695,42,22,33,3,9,10,131,43
20260906,r3_d30_t1_w15,245,74,1830,755,1001,695,38,21,39,2,9,10,131,43
20260906,r3_d30_t1_w15,246,68,1840,767,1005,696,29,27,44,0,9,9,131,43
20260906,r3_d30_t1_w15,247,62,1845,771,1012,698,26,18,55,1,9,8,131,43
20260906,r3_d30_t1_w15,248,57,1854,776,1021,699,20,16,61,3,8,6,131,43
20260906,r3_d30_t1_w15,249,53,1860,778,1029,700,19,15,63,3,9,5,131,43
20260906,r3_d30_t1_w15,250,55,1869,780,1034,704,16,10,66,8,10,3,131,43
20260906,r3_d30_t1_w15,251,53,1874,781,1040,708,18,7,66,9,9,3,131,43
20260906,r3_d30_t1_w15,252,51,1883,789,1043,710,18,14,65,3,9,4,131,43
20260906,r3_d30_t1_w15,253,55,1893,791,1047,714,20,12,65,3,8,5,131,43
20260906,r3_d30_t1_w15,254,54,1901,792,1055,718,20,12,62,6,8,7,131,43
20260906,r3_d30_t1_w15,255,58,1909,796,1055,722,21,11,63,5,9,7,122,43
20260906,r3_d30_t1_w15,256,63,1919,799,1057,728,26,9,62,3,9,7,122,43
20260906,r3_d30_t1_w15,257,69,1927,800,1058,732,29,9,59,3,9,8,122,43
20260906,r3_d30_t1_w15,258,74,1936,804,1058,739,32,11,54,3,9,9,122,43
20260906,r3_d30_t1_w15,259,79,1943,806,1058,744,34,9,53,4,9,9,122,43
20260906,r3_d30_t1_w15,260,82,1951,809,1060,749,37,8,52,3,9,10,131,43
20260906,r3_d30_t1_w15,261,81,1956,812,1063,751,34,8,53,5,9,11,131,43
20260906,r3_d30_t1_w15,262,86,1962,813,1063,756,33,8,49,10,9,12,131,43
20260906,r3_d30_t1_w15,263,86,1968,818,1064,764,38,11,43,8,9,12,131,43
20260906,r3_d30_t1_w15,264,89,1978,824,1065,769,41,17,38,4,9,11,131,43
20260906,r3_d30_t1_w15,265,91,1984,826,1067,771,43,15,40,2,9,11,131,43
20260906,r3_d30_t1_w15,266,92,1989,828,1069,773,44,15,40,1,9,12,131,43
20260906,r3_d30_t1_w15,267,99,1997,829,1069,775,44,15,39,2,9,13,131,43
20260906,r3_d30_t1_w15,268,101,2003,831,1071,781,45,14,36,5,9,14,131,43
20260906,r3_d30_t1_w15,269,100,2008,833,1075,783,46,12,38,4,9,13,131,43
20260906,r3_d30_t1_w15,270,98,2016,838,1080,789,44,14,35,7,11,13,131,43
20260906,r3_d30_t1_w15,271,98,2025,838,1089,791,26,5,42,27,13,12,131,43
20260906,r3_d30_t1_w15,272,98,2035,845,1092,792,27,11,42,20,16,11,131,43
20260906,r3_d30_t1_w15,273,77,2042,867,1098,798,27,28,41,4,10,9,131,43
20260906,r3_d30_t1_w15,274,80,2051,867,1104,801,27,17,49,7,12,9,131,43
20260906,r3_d30_t1_w15,275,79,2061,873,1109,804,27,17,52,4,16,9,131,43
20260906,r3_d30_t1_w15,276,81,2069,877,1111,807,27,15,55,3,15,9,131,43
20260906,r3_d30_t1_w15,277,80,2076,879,1117,808,25,11,60,4,15,8,131,43
20260906,r3_d30_t1_w15,278,78,2082,881,1123,810,26,8,63,3,16,7,131,43
20260906,r3_d30_t1_w15,279,75,2091,884,1132,813,27,7,64,2,15,8,131,43
20260906,r3_d30_t1_w15,280,77,2097,885,1135,816,29,6,63,2,16,8,131,43
20260906,r3_d30_t1_w15,281,78,2105,887,1140,818,26,6,63,5,14,10,131,43
20260906,r3_d30_t1_w15,282,79,2113,889,1145,821,26,5,63,6,12,10,131,43
20260906,r3_d30_t1_w15,283,82,2122,893,1147,824,26,7,62,5,10,11,131,43
20260906,r3_d30_t1_w15,284,79,2127,896,1152,826,27,7,63,3,9,12,131,43
20260906,r3_d30_t1_w15,285,86,2137,898,1153,832,31,8,58,3,9,13,121,40
20260906,r3_d30_t1_w15,286,90,2142,898,1154,838,36,7,53,4,9,13,121,40
20260906,r3_d30_t1_w15,287,92,2149,901,1156,842,40,8,51,1,9,13,121,40
20260906,r3_d30_t1_w15,288,95,2154,903,1156,849,44,6,48,2,9,13,121,40
20260906,r3_d30_t1_w15,289,99,2160,904,1157,851,45,4,49,2,9,13,121,40
20260906,r3_d30_t1_w15,290,103,2170,906,1161,854,47,5,47,1,9,14,126,43
20260906,r3_d30_t1_w15,291,105,2179,908,1166,861,51,6,41,2,9,14,126,43
20260906,r3_d30_t1_w15,292,104,2184,909,1171,863,51,4,42,3,9,15,126,43
20260906,r3_d30_t1_w15,293,102,2189,911,1176,869,53,5,37,5,9,14,126,43
20260906,r3_d30_t1_w15,294,98,2195,914,1183,873,55,7,34,4,9,12,126,43
20260906,r3_d30_t1_w15,295,97,2200,917,1186,876,57,10,31,2,9,13,131,43
20260906,r3_d30_t1_w15,296,99,2209,919,1191,883,61,10,26,3,9,14,131,43
20260906,r3_d30_t1_w15,297,97,2214,920,1197,885,63,8,27,2,9,15,131,43
20260906,r3_d30_t1_w15,298,95,2222,922,1205,887,65,8,27,0,9,13,131,43
20260906,r3_d30_t1_w15,299,96,2228,923,1209,890,66,9,24,1,9,14,131,43
20260906,r3_d30_t1_w15,300,87,2233,927,1219,891,63,10,26,1,9,14,131,43
20260906,r3_d30_t1_w15,301,89,2239,929,1221,894,62,11,24,3,10,14,131,43
20260906,r3_d30_t1_w15,302,87,2244,929,1228,896,54,7,26,13,10,12,131,43
20260906,r3_d30_t1_w15,303,87,2251,933,1231,898,37,6,29,28,14,12,131,43
20260906,r3_d30_t1_w15,304,80,2258,943,1235,898,32,13,32,23,12,12,131,43
20260906,r3_d30_t1_w15,305,64,2264,959,1241,899,33,27,33,7,9,11,131,43
20260906,r3_d30_t1_w15,306,56,2272,966,1250,901,33,26,39,2,8,8,131,43
20260906,r3_d30_t1_w15,307,56,2277,968,1253,902,34,24,42,0,8,7,131,43
20260906,r3_d30_t1_w15,308,60,2286,968,1258,904,35,12,52,1,12,7,131,43
20260906,r3_d30_t1_w15,309,62,2294,968,1264,904,35,5,59,1,11,7,131,43
20260906,r3_d30_t1_w15,310,61,2301,971,1269,908,36,6,57,1,14,7,131,43
20260906,r3_d30_t1_w15,311,61,2311,972,1278,912,35,3,57,5,13,6,131,43
20260906,r3_d30_t1_w15,312,63,2318,973,1282,916,37,4,53,6,12,6,131,43
20260906,r3_d30_t1_w15,313,61,2325,977,1287,917,38,6,54,2,10,8,131,43
20260906,r3_d30_t1_w15,314,64,2335,979,1292,919,38,4,56,2,9,10,131,43
20260906,r3_d30_t1_w15,315,70,2341,979,1292,926,43,3,50,4,9,12,131,43
20260906,r3_d30_t1_w15,316,72,2347,982,1293,930,44,6,46,4,9,11,131,43
20260906,r3_d30_t1_w15,317,80,2357,984,1293,932,45,8,44,3,9,11,131,43
20260906,r3_d30_t1_w15,318,87,2367,986,1294,936,47,9,41,3,9,13,131,43
20260906,r3_d30_t1_w15,319,90,2373,988,1295,940,47,9,39,5,9,14,131,43
20260906,r3_d30_t1_w15,320,91,2379,992,1296,945,49,10,37,4,9,14,131,43
20260906,r3_d30_t1_w15,321,91,2384,996,1297,948,50,14,34,2,9,15,131,43
20260906,r3_d30_t1_w15,322,96,2392,998,1298,953,54,13,32,1,9,17,131,43
20260906,r3_d30_t1_w15,323,105,2402,999,1298,954,55,9,36,0,9,18,131,43
20260906,r3_d30_t1_w15,324,108,2410,1001,1301,959,57,8,34,1,9,19,131,43
20260906,r3_d30_t1_w15,325,111,2419,1001,1307,962,59,5,34,2,9,20,131,43
20260906,r3_d30_t1_w15,326,110,2428,1003,1315,966,59,6,31,4,9,19,131,43
20260906,r3_d30_t1_w15,327,107,2433,1005,1321,968,59,6,31,4,9,19,131,43
20260906,r3_d30_t1_w15,328,108,2441,1008,1325,972,60,9,27,4,9,19,131,43
20260906,r3_d30_t1_w15,329,104,2447,1009,1334,975,62,6,28,4,9,19,131,43
20260906,r3_d30_t1_w15,330,108,2457,1012,1337,976,62,8,28,2,10,19,131,43
20260906,r3_d30_t1_w15,331,110,2464,1013,1341,978,49,7,28,16,13,16,131,43
20260906,r3_d30_t1_w15,332,108,2472,1014,1350,979,17,7,28,48,15,15,131,43
20260906,r3_d30_t1_w15,333,90,2479,1029,1360,982,19,19,28,34,13,12,131,43
20260906,r3_d30_t1_w15,334,76,2484,1043,1365,984,38,29,30,3,9,11,131,43
20260906,r3_d30_t1_w15,335,72,2493,1052,1369,985,31,31,36,2,9,11,121,40
20260906,r3_d30_t1_w15,336,70,2503,1062,1371,987,24,33,42,1,9,10,121,40
20260906,r3_d30_t1_w15,337,69,2512,1066,1377,992,22,15,59,4,10,8,121,40
20260906,r3_d30_t1_w15,338,68,2520,1067,1385,993,19,12,62,7,11,7,121,40
20260906,r3_d30_t1_w15,339,67,2528,1070,1391,994,19,8,68,5,12,6,121,40
20260906,r3_d30_t1_w15,340,57,2533,1078,1398,999,18,10,69,3,12,5,131,43
20260906,r3_d30_t1_w15,341,56,2541,1080,1405,1000,18,10,70,2,10,5,131,43
20260906,r3_d30_t1_w15,342,57,2548,1082,1409,1003,17,9,70,4,10,6,131,43
20260906,r3_d30_t1_w15,343,54,2554,1083,1417,1007,16,8,68,8,9,6,131,43
20260906,r3_d30_t1_w15,344,51,2561,1088,1422,1012,18,12,64,6,9,7,131,43
20260906,r3_d30_t1_w15,345,57,2571,1089,1425,1016,25,9,64,2,9,8,131,43
20260906,r3_d30_t1_w15,346,59,2577,1093,1425,1017,24,10,66,0,9,8,131,43
20260906,r3_d30_t1_w15,347,64,2583,1093,1426,1023,27,5,65,3,9,8,131,43
20260906,r3_d30_t1_w15,348,71,2590,1093,1426,1027,27,3,63,7,9,9,131,43
20260906,r3_d30_t1_w15,349,76,2600,1096,1428,1028,27,4,64,5,9,10,131,43
20260906,r3_d30_t1_w15,350,80,2610,1101,1429,1033,28,7,61,4,9,12,131,43
20260906,r3_d30_t1_w15,351,85,2618,1103,1430,1040,32,9,54,5,9,13,131,43
20260906,r3_d30_t1_w15,352,90,2627,1107,1430,1044,33,11,52,4,9,13,131,43
20260906,r3_d30_t1_w15,353,90,2632,1109,1433,1051,37,8,50,5,9,13,131,43
20260906,r3_d30_t1_w15,354,91,2639,1113,1435,1057,39,11,45,5,9,13,131,43
20260906,r3_d30_t1_w15,355,94,2646,1117,1435,1063,41,14,40,5,9,13,131,43
20260906,r3_d30_t1_w15,356,100,2656,1121,1435,1070,44,15,36,5,9,14,131,43
20260906,r3_d30_t1_w15,357,102,2661,1124,1435,1074,46,14,36,4,9,14,131,43
20260906,r3_d30_t1_w15,358,105,2668,1127,1436,1076,46,14,37,3,9,14,131,43
20260906,r3_d30_t1_w15,359,102,2673,1130,1441,1081,49,15,34,2,9,14,131,43
20260906,r3_d30_t1_w15,360,100,2679,1132,1447,1084,47,14,34,5,10,14,126,43
20260906,r3_d30_t1_w15,361,101,2687,1134,1452,1087,36,11,36,17,13,13,126,43
20260906,r3_d30_t1_w15,362,98,2693,1139,1456,1088,34,13,38,15,15,13,126,43
20260906,r3_d30_t1_w15,363,90,2702,1152,1460,1088,34,17,47,2,11,12,126,43
20260906,r3_d30_t1_w15,364,86,2709,1155,1468,1091,33,16,48,3,13,9,126,43
20260906,r3_d30_t1_w15,365,84,2715,1155,1476,1095,32,13,47,8,14,9,131,43
20260906,r3_d30_t1_w15,366,87,2725,1159,1479,1100,33,13,46,8,16,9,131,43
20260906,r3_d30_t1_w15,367,88,2734,1164,1482,1101,32,14,49,5,17,8,131,43
20260906,r3_d30_t1_w15,368,87,2739,1167,1485,1103,33,9,55,3,17,8,131,43
20260906,r3_d30_t1_w15,369,85,2746,1170,1491,1105,32,8,57,3,16,10,131,43
20260906,r3_d30_t1_w15,370,80,2751,1173,1498,1107,31,7,59,3,14,10,131,43
20260906,r3_d30_t1_w15,371,77,2757,1175,1505,1113,32,6,56,6,13,11,131,43
20260906,r3_d30_t1_w15,372,81,2765,1176,1508,1117,32,4,55,9,13,12,131,43
20260906,r3_d30_t1_w15,373,77,2770,1181,1512,1120,33,8,53,6,10,13,131,43
20260906,r3_d30_t1_w15,374,80,2778,1185,1513,1125,37,9,51,3,8,14,131,43
20260906,r3_d30_t1_w15,375,83,2783,1186,1514,1129,42,7,50,1,9,14,131,43
20260906,r3_d30_t1_w15,376,87,2788,1186,1515,1131,43,5,50,2,9,15,131,43
20260906,r3_d30_t1_w15,377,94,2797,1188,1515,1135,44,5,48,3,9,16,131,43
20260906,r3_d30_t1_w15,378,100,2807,1190,1517,1139,48,5,46,1,9,17,131,43
20260906,r3_d30_t1_w15,379,102,2817,1193,1522,1140,46,7,46,1,9,16,131,43
20260906,r3_d30_t1_w15,380,104,2824,1193,1527,1143,49,5,45,1,9,14,115,42
20260906,r3_d30_t1_w15,381,99,2829,1194,1536,1148,54,5,41,0,9,15,115,42
20260906,r3_d30_t1_w15,382,101,2838,1194,1543,1153,58,5,36,1,9,13,115,42
20260906,r3_d30_t1_w15,383,102,2846,1196,1548,1157,60,4,35,1,9,13,115,42
20260906,r3_d30_t1_w15,384,101,2853,1197,1555,1165,67,5,27,1,9,14,115,42
20260906,r3_d30_t1_w15,385,105,2862,1199,1558,1168,68,5,26,1,9,16,131,43
20260906,r3_d30_t1_w15,386,109,2872,1200,1563,1172,69,5,23,3,9,17,131,43
20260906,r3_d30_t1_w15,387,110,2880,1200,1570,1177,73,4,19,4,9,17,131,43
20260906,r3_d30_t1_w15,388,110,2885,1203,1572,1177,71,6,20,3,9,19,131,43
20260906,r3_d30_t1_w15,389,106,2891,1206,1579,1177,68,8,21,3,9,17,131,43
20260906,r3_d30_t1_w15,390,103,2896,1211,1582,1181,65,11,19,5,9,17,121,40
20260906,r3_d30_t1_w15,391,104,2903,1214,1585,1183,64,12,19,5,10,16,121,40
20260906,r3_d30_t1_w15,392,102,2909,1218,1589,1184,52,15,19,14,11,15,121,40
20260906,r3_d30_t1_w15,393,101,2919,1219,1599,1185,38,10,24,28,13,15,121,40
20260906,r3_d30_t1_w15,394,88,2929,1232,1609,1187,38,16,29,17,13,12,121,40
20260906,r3_d30_t1_w15,395,74,2937,1247,1616,1188,38,27,32,3,9,11,131,43
20260906,r3_d30_t1_w15,396,71,2942,1250,1621,1191,38,24,35,3,9,11,131,43
20260906,r3_d30_t1_w15,397,72,2952,1251,1629,1191,38,18,42,2,12,10,131,43
20260906,r3_d30_t1_w15,398,70,2958,1253,1635,1194,39,15,44,2,13,9,131,43
20260906,r3_d30_t1_w15,399,73,2967,1253,1641,1195,38,11,47,4,13,7,131,43
20260906,r3_d30_t1_w15,400,72,2973,1255,1646,1196,38,8,51,3,13,7,131,43
20260906,r3_d30_t1_w15,401,67,2981,1258,1656,1199,39,7,52,2,11,9,131,43
20260906,r3_d30_t1_w15,402,69,2990,1259,1662,1200,40,7,52,1,11,11,131,43
20260906,r3_d30_t1_w15,403,69,2995,1260,1666,1202,40,4,54,2,9,11,131,43
20260906,r3_d30_t1_w15,404,72,3003,1262,1669,1209,43,5,48,4,9,11,131,43
20260906,r3_d30_t1_w15,405,78,3010,1263,1669,1210,43,4,49,4,9,11,131,43
20260906,r3_d30_t1_w15,406,80,3017,1265,1672,1211,43,6,48,3,9,11,131,43
20260906,r3_d30_t1_w15,407,86,3026,1268,1672,1211,42,8,49,1,9,10,131,43
20260906,r3_d30_t1_w15,408,92,3036,1269,1675,1214,43,5,50,2,9,12,131,43
20260906,r3_d30_t1_w15,409,97,3045,1272,1676,1223,47,5,44,4,9,12,131,43
20260906,r3_d30_t1_w15,410,103,3055,1274,1678,1226,50,6,42,2,9,13,131,43
20260906,r3_d30_t1_w15,411,105,3060,1277,1678,1229,52,9,39,0,9,13,131,43
20260906,r3_d30_t1_w15,412,111,3069,1278,1680,1231,53,7,40,0,9,16,131,43
20260906,r3_d30_t1_w15,413,111,3075,1278,1686,1236,57,4,38,1,9,15,131,43
20260906,r3_d30_t1_w15,414,106,3081,1280,1695,1240,58,5,35,2,9,14,131,43
20260906,r3_d30_t1_w15,415,104,3087,1283,1700,1244,59,6,33,2,9,15,131,43
20260906,r3_d30_t1_w15,416,105,3095,1284,1706,1250,62,5,29,4,9,14,131,43
20260906,r3_d30_t1_w15,417,103,3105,1288,1714,1251,60,8,29,3,9,14,131,43
20260906,r3_d30_t1_w15,418,108,3115,1291,1716,1255,61,5,31,3,9,13,131,43
20260906,r3_d30_t1_w15,419,108,3125,1293,1724,1257,60,6,30,4,9,14,131,43
20260906,r3_d30_t1_w15,420,108,3134,1298,1728,1261,58,10,27,5,11,14,131,43
20260906,r3_d30_t1_w15,421,106,3139,1299,1734,1264,29,9,26,36,12,13,131,43
20260906,r3_d30_t1_w15,422,101,3144,1303,1740,1265,25,13,25,37,13,12,131,43
20260906,r3_d30_t1_w15,423,83,3149,1319,1747,1265,41,24,30,5,9,12,131,43
20260906,r3_d30_t1_w15,424,76,3157,1327,1754,1268,39,27,32,2,9,12,131,43
20260906,r3_d30_t1_w15,425,67,3164,1333,1764,1270,34,25,38,3,8,11,131,43
20260906,r3_d30_t1_w15,426,63,3169,1341,1765,1272,30,27,42,1,8,11,131,43
20260906,r3_d30_t1_w15,427,61,3177,1344,1772,1275,31,21,48,0,8,10,131,43
20260906,r3_d30_t1_w15,428,60,3183,1345,1778,1279,28,12,54,6,10,9,131,43
20260906,r3_d30_t1_w15,429,59,3188,1346,1783,1280,25,12,54,9,12,7,131,43
20260906,r3_d30_t1_w15,430,57,3195,1352,1786,1280,24,16,56,4,12,7,131,43
20260906,r3_d30_t1_w15,431,53,3202,1355,1794,1282,22,13,60,5,11,6,131,43
20260906,r3_d30_t1_w15,432,53,3211,1357,1801,1284,21,9,64,6,11,8,131,43
20260906,r3_d30_t1_w15,433,49,3220,1361,1810,1288,22,12,61,5,10,9,131,43
20260906,r3_d30_t1_w15,434,46,3228,1363,1819,1294,23,10,59,8,8,9,131,43
20260906,r3_d30_t1_w15,435,48,3234,1367,1819,1297,25,11,59,5,8,9,131,43
20260906,r3_d30_t1_w15,436,50,3239,1370,1819,1298,26,10,62,2,8,8,131,43
20260906,r3_d30_t1_w15,437,57,3248,1371,1820,1302,26,10,59,5,8,8,131,43
20260906,r3_d30_t1_w15,438,62,3255,1373,1820,1304,26,9,60,5,8,8,131,43
20260906,r3_d30_t1_w15,439,69,3265,1376,1820,1309,29,11,56,4,9,8,131,43
20260906,r3_d30_t1_w15,440,73,3273,1379,1821,1313,31,9,57,3,9,9,131,43
20260906,r3_d30_t1_w15,441,77,3280,1382,1821,1317,31,10,55,4,9,10,131,43
20260906,r3_d30_t1_w15,442,82,3288,1384,1822,1327,34,10,47,9,9,11,131,43
20260906,r3_d30_t1_w15,443,84,3294,1387,1823,1330,35,9,48,8,9,11,131,43
20260906,r3_d30_t1_w15,444,85,3302,1393,1824,1339,40,14,40,6,9,13,131,43
20260906,r3_d30_t1_w15,445,93,3312,1395,1824,1343,42,15,37,6,9,14,121,40
20260906,r3_d30_t1_w15,446,97,3322,1400,1825,1347,41,15,38,6,9,15,121,40
20260906,r3_d30_t1_w15,447,99,3329,1404,1826,1352,41,16,36,7,9,15,121,40
20260906,r3_d30_t1_w15,448,103,3338,1408,1827,1353,41,16,39,4,9,16,121,40
20260906,r3_d30_t1_w15,449,104,3344,1412,1828,1354,41,15,43,1,9,17,121,40
20260906,r3_d30_t1_w15,450,108,3351,1414,1829,1356,41,12,46,1,9,17,131,43
20260906,r3_d30_t1_w15,451,113,3361,1415,1833,1358,36,12,45,7,12,17,131,43
20260906,r3_d30_t1_w15,452,115,3371,1417,1839,1360,22,11,46,21,14,17,131,43
20260906,r3_d30_t1_w15,453,108,3376,1423,1845,1365,24,13,45,18,15,16,131,43
20260906,r3_d30_t1_w15,454,92,3384,1439,1853,1367,24,22,50,4,14,15,131,43
20260906,r3_d30_t1_w15,455,91,3391,1442,1858,1368,23,16,58,3,14,13,131,43
20260906,r3_d30_t1_w15,456,89,3396,1444,1863,1371,23,10,63,4,14,11,131,43
20260906,r3_d30_t1_w15,457,90,3404,1446,1868,1374,23,9,63,5,17,10,131,43
20260906,r3_d30_t1_w15,458,91,3412,1448,1873,1378,23,6,64,7,16,9,131,43
20260906,r3_d30_t1_w15,459,87,3419,1452,1880,1382,23,8,62,7,15,8,131,43
20260906,r3_d30_t1_w15,460,80,3424,1456,1888,1384,22,8,64,6,14,6,131,43
20260906,r3_d30_t1_w15,461,78,3433,1461,1894,1387,22,13,61,4,12,7,131,43
20260906,r3_d30_t1_w15,462,81,3443,1464,1898,1394,22,12,58,8,13,9,131,43
20260906,r3_d30_t1_w15,463,80,3451,1465,1906,1397,24,9,59,8,10,9,131,43
20260906,r3_d30_t1_w15,464,76,3457,1474,1907,1402,25,14,58,3,9,10,131,43
20260906,r3_d30_t1_w15,465,78,3462,1476,1908,1411,31,12,53,4,9,10,131,43
20260906,r3_d30_t1_w15,466,81,3469,1478,1910,1414,33,8,56,3,9,9,131,43
20260906,r3_d30_t1_w15,467,85,3478,1482,1911,1418,35,9,55,1,9,9,131,43
20260906,r3_d30_t1_w15,468,91,3488,1486,1911,1425,36,13,48,3,9,11,131,43
20260906,r3_d30_t1_w15,469,100,3497,1486,1911,1429,39,9,48,4,9,14,131,43
20260906,r3_d30_t1_w15,470,103,3507,1490,1914,1431,40,11,48,1,9,15,131,43
20260906,r3_d30_t1_w15,471,108,3513,1491,1914,1436,43,10,45,2,9,15,131,43
20260906,r3_d30_t1_w15,472,109,3521,1492,1920,1439,44,7,46,3,9,16,131,43
20260906,r3_d30_t1_w15,473,104,3530,1499,1927,1444,44,12,43,1,9,14,131,43
20260906,r3_d30_t1_w15,474,108,3539,1500,1931,1450,49,11,39,1,9,14,131,43
20260906,r3_d30_t1_w15,475,110,3547,1502,1935,1453,50,10,39,1,9,14,131,43
20260906,r3_d30_t1_w15,476,106,3552,1504,1942,1458,53,10,36,1,9,13,131,43
20260906,r3_d30_t1_w15,477,104,3560,1504,1952,1458,52,6,40,2,9,13,131,43
20260906,r3_d30_t1_w15,478,103,3568,1507,1958,1463,54,8,36,2,9,13,131,43
20260906,r3_d30_t1_w15,479,105,3576,1508,1963,1466,55,8,34,3,9,13,131,43
20260906,r3_d30_t1_w15,480,107,3585,1511,1967,1467,51,7,37,5,10,13,131,43
20260906,r3_d30_t1_w15,481,112,3594,1514,1968,1469,28,8,37,27,13,13,131,43
20260906,r3_d30_t1_w15,482,111,3602,1517,1974,1470,29,11,36,24,14,12,131,43
20260906,r3_d30_t1_w15,483,88,3611,1541,1982,1473,31,28,40,1,9,10,131,43
20260906,r3_d30_t1_w15,484,83,3616,1542,1991,1481,36,26,35,3,11,9,131,43
20260906,r3_d30_t1_w15,485,79,3621,1543,1999,1485,38,19,39,4,13,9,131,43
20260906,r3_d30_t1_w15,486,81,3630,1546,2003,1487,37,16,43,4,15,8,131,43
20260906,r3_d30_t1_w15,487,80,3637,1548,2009,1487,37,13,48,2,17,8,131,43
20260906,r3_d30_t1_w15,488,80,3647,1550,2017,1488,37,10,52,1,18,6,131,43
20260906,r3_d30_t1_w15,489,82,3657,1550,2025,1492,39,5,53,3,17,7,131,43
20260906,r3_d30_t1_w15,490,83,3666,1552,2031,1495,38,3,54,5,17,7,126,43
20260906,r3_d30_t1_w15,491,82,3672,1554,2036,1497,39,5,52,4,15,7,126,43
20260906,r3_d30_t1_w15,492,82,3682,1557,2043,1498,40,7,52,1,13,8,126,43
20260906,r3_d30_t1_w15,493,77,3687,1559,2051,1500,40,8,51,1,10,8,126,43
20260906,r3_d30_t1_w15,494,79,3696,1559,2058,1501,41,4,54,1,9,9,126,43
20260906,r3_d30_t1_w15,495,89,3706,1559,2058,1505,46,2,52,0,9,11,131,43
20260906,r3_d30_t1_w15,496,96,3715,1560,2059,1510,49,2,48,1,9,11,131,43
20260906,r3_d30_t1_w15,497,101,3721,1561,2059,1513,49,3,45,3,9,12,131,43
20260906,r3_d30_t1_w15,498,103,3727,1564,2060,1516,49,6,42,3,9,13,131,43
20260906,r3_d30_t1_w15,499,106,3734,1566,2062,1521,50,7,38,5,9,13,131,43
20260906,r3_d30_t1_w15,500,111,3744,1569,2064,1530,57,9,30,4,9,15,131,43
20260906,r3_d30_t1_w15,501,114,3753,1575,2064,1536,59,13,26,2,9,16,131,43
20260906,r3_d30_t1_w15,502,116,3762,1575,2071,1540,63,9,26,2,9,17,131,43
20260906,r3_d30_t1_w15,503,116,3771,1577,2078,1546,69,10,21,0,9,18,131,43
20260906,r3_d30_t1_w15,504,113,3778,1577,2088,1548,70,8,21,1,9,18,131,43
20260906,r3_d30_t1_w15,505,114,3788,1578,2096,1549,67,6,23,4,9,18,131,43
20260906,r3_d30_t1_w15,506,117,3798,1580,2101,1551,67,7,22,4,9,18,131,43
20260906,r3_d30_t1_w15,507,111,3803,1584,2108,1554,68,9,21,2,9,18,131,43
20260906,r3_d30_t1_w15,508,111,3811,1588,2112,1554,65,12,22,1,9,17,131,43
20260906,r3_d30_t1_w15,509,106,3817,1592,2119,1555,63,12,25,0,9,17,131,43
20260906,r3_d30_t1_w15,510,102,3822,1593,2127,1556,62,10,27,1,9,17,131,43
20260906,r3_d30_t1_w15,511,103,3831,1593,2135,1557,58,10,26,6,12,17,131,43
20260906,r3_d30_t1_w15,512,108,3841,1594,2139,1559,16,7,28,49,15,17,131,43
20260906,r3_d30_t1_w15,513,107,3850,1600,2143,1562,16,7,31,46,16,15,131,43
20260906,r3_d30_t1_w15,514,83,3859,1629,2147,1565,33,33,31,3,9,13,131,43
20260906,r3_d30_t1_w15,515,74,3864,1633,2157,1567,32,27,39,2,9,12,131,43
20260906,r3_d30_t1_w15,516,66,3870,1639,2165,1568,28,22,49,1,9,9,131,43
20260906,r3_d30_t1_w15,517,57,3875,1645,2173,1569,23,20,56,1,9,6,131,43
20260906,r3_d30_t1_w15,518,50,3884,1652,2182,1572,19,16,64,1,9,5,131,43
20260906,r3_d30_t1_w15,519,49,3890,1653,2188,1574,21,11,68,0,9,4,131,43
20260906,r3_d30_t1_w15,520,47,3897,1653,2197,1575,21,6,72,1,8,3,101,38
20260906,r3_d30_t1_w15,521,49,3907,1653,2205,1578,19,2,73,6,7,3,101,38
20260906,r3_d30_t1_w15,522,54,3917,1654,2209,1579,18,3,72,7,10,5,101,38
20260906,r3_d30_t1_w15,523,52,3926,1660,2214,1583,20,9,68,3,9,5,101,38
20260906,r3_d30_t1_w15,524,58,3936,1661,2217,1587,22,8,66,4,9,6,101,38
20260906,r3_d30_t1_w15,525,59,3943,1665,2219,1592,23,10,63,4,9,7,126,43
20260906,r3_d30_t1_w15,526,60,3949,1669,2220,1597,27,10,62,1,9,7,126,43
20260906,r3_d30_t1_w15,527,60,3954,1673,2221,1604,30,13,56,1,9,7,126,43
20260906,r3_d30_t1_w15,528,69,3964,1673,2222,1607,31,10,56,3,9,7,126,43
20260906,r3_d30_t1_w15,529,71,3970,1676,2223,1612,33,10,54,3,9,8,126,43
20260906,r3_d30_t1_w15,530,77,3980,1680,2223,1618,35,10,52,3,9,9,131,43
20260906,r3_d30_t1_w15,531,81,3989,1684,2224,1622,35,13,49,3,9,11,131,43
20260906,r3_d30_t1_w15,532,87,3998,1687,2224,1630,40,13,44,3,9,14,131,43
20260906,r3_d30_t1_w15,533,90,4005,1691,2224,1634,40,15,42,3,9,13,131,43
20260906,r3_d30_t1_w15,534,90,4010,1694,2226,1640,42,14,40,4,9,14,131,43
20260906,r3_d30_t1_w15,535,92,4015,1695,2228,1640,42,11,44,3,9,14,131,43
20260906,r3_d30_t1_w15,536,95,4024,1699,2230,1645,44,12,42,2,9,14,131,43
20260906,r3_d30_t1_w15,537,103,4033,1700,2230,1649,45,10,41,4,9,16,131,43
20260906,r3_d30_t1_w15,538,103,4043,1704,2236,1655,49,11,38,2,9,15,131,43
20260906,r3_d30_t1_w15,539,105,4052,1706,2241,1656,49,10,40,1,9,14,131,43
20260906,r3_d30_t1_w15,540,107,4061,1707,2247,1658,46,5,44,5,10,13,131,43
20260906,r3_d30_t1_w15,541,110,4069,1709,2250,1659,32,4,46,18,12,13,131,43
20260906,r3_d30_t1_w15,542,112,4078,1714,2252,1662,27,9,43,21,14,12,131,43
20260906,r3_d30_t1_w15,543,99,4088,1729,2260,1665,28,21,43,8,13,11,131,43
20260906,r3_d30_t1_w15,544,98,4098,1736,2264,1667,29,27,42,2,12,10,131,43
20260906,r3_d30_t1_w15,545,97,4106,1737,2272,1670,31,19,48,2,16,9,131,43
20260906,r3_d30_t1_w15,546,97,4116,1740,2279,1676,32,14,50,4,17,8,131,43
20260906,r3_d30_t1_w15,547,97,4123,1741,2285,1678,31,8,55,6,17,8,131,43
20260906,r3_d30_t1_w15,548,96,4130,1744,2290,1679,32,8,57,3,17,8,131,43
20260906,r3_d30_t1_w15,549,97,4137,1747,2293,1685,36,8,54,2,18,9,131,43
20260906,r3_d30_t1_w15,550,100,4144,1747,2297,1685,35,5,57,3,18,9,126,43
20260906,r3_d30_t1_w15,551,97,4151,1751,2303,1689,34,8,54,4,16,10,126,43
20260906,r3_d30_t1_w15,552,93,4157,1754,2310,1693,33,9,52,6,14,11,126,43
20260906,r3_d30_t1_w15,553,88,4165,1760,2317,1699,33,11,50,6,12,11,126,43
20260906,r3_d30_t1_w15,554,84,4174,1765,2325,1704,32,12,49,7,9,12,126,43
20260906,r3_d30_t1_w15,555,90,4183,1767,2326,1708,35,12,47,6,9,13,131,43
20260906,r3_d30_t1_w15,556,93,4189,1767,2329,1710,38,7,50,5,9,14,131,43
20260906,r3_d30_t1_w15,557,96,4196,1769,2331,1714,39,7,48,6,9,15,131,43
20260906,r3_d30_t1_w15,558,101,4206,1772,2333,1718,42,8,46,4,9,16,131,43
20260906,r3_d30_t1_w15,559,103,4214,1776,2335,1723,45,11,42,2,9,18,131,43
20260906,r3_d30_t1_w15,560,109,4223,1778,2336,1727,47,12,39,2,9,19,131,43
20260906,r3_d30_t1_w15,561,109,4231,1779,2343,1730,49,11,38,2,9,18,131,43
20260906,r3_d30_t1_w15,562,108,4237,1780,2349,1733,51,9,38,2,9,17,131,43
20260906,r3_d30_t1_w15,563,109,4244,1781,2354,1738,53,5,38,4,9,18,131,43
20260906,r3_d30_t1_w15,564,111,4253,1783,2359,1740,53,5,38,4,9,17,131,43
20260906,r3_d30_t1_w15,565,112,4262,1787,2363,1745,53,6,36,5,9,17,131,43
20260906,r3_d30_t1_w15,566,113,4269,1788,2368,1746,53,6,36,5,9,17,131,43
20260906,r3_d30_t1_w15,567,113,4278,1795,2370,1750,54,12,33,1,9,18,131,43
20260906,r3_d30_t1_w15,568,114,4285,1796,2375,1752,55,11,33,1,9,17,131,43
20260906,r3_d30_t1_w15,569,113,4292,1796,2383,1754,57,6,36,1,9,16,131,43
20260906,r3_d30_t1_w15,570,109,4302,1801,2392,1758,52,8,35,5,10,14,121,43
20260906,r3_d30_t1_w15,571,112,4311,1803,2396,1762,32,10,31,27,13,14,121,43
20260906,r3_d30_t1_w15,572,109,4317,1808,2400,1764,32,13,31,24,16,14,121,43
20260906,r3_d30_t1_w15,573,83,4323,1830,2410,1768,35,31,31,3,9,14,121,43
20260906,r3_d30_t1_w15,574,85,4333,1832,2416,1768,32,23,41,4,11,13,121,43
20260906,r3_d30_t1_w15,575,86,4342,1834,2422,1769,31,19,46,4,14,13,131,43
20260906,r3_d30_t1_w15,576,86,4352,1838,2428,1771,31,21,46,2,14,11,131,43
20260906,r3_d30_t1_w15,577,85,4358,1840,2433,1773,30,18,49,3,15,10,131,43
20260906,r3_d30_t1_w15,578,86,4367,1843,2438,1776,30,14,53,3,15,9,131,43
20260906,r3_d30_t1_w15,579,83,4373,1845,2445,1780,30,11,54,5,17,7,131,43
20260906,r3_d30_t1_w15,580,82,4380,1846,2452,1784,31,8,54,7,15,7,131,43
20260906,r3_d30_t1_w15,581,79,4386,1850,2457,1785,32,8,57,3,13,7,131,43
20260906,r3_d30_t1_w15,582,74,4392,1854,2464,1788,32,10,56,2,13,8,131,43
20260906,r3_d30_t1_w15,583,76,4401,1856,2469,1794,35,8,54,3,11,8,131,43
20260906,r3_d30_t1_w15,584,76,4409,1858,2475,1796,36,6,56,2,9,9,131,43
20260906,r3_d30_t1_w15,585,82,4416,1858,2476,1796,37,3,59,1,9,12,131,43
20260906,r3_d30_t1_w15,586,90,4426,1860,2476,1800,40,4,56,0,9,14,131,43
20260906,r3_d30_t1_w15,587,95,4431,1860,2476,1807,44,3,50,3,9,15,131,43
20260906,r3_d30_t1_w15,588,105,4441,1860,2476,1809,46,3,48,3,9,15,131,43
20260906,r3_d30_t1_w15,589,107,4448,1864,2477,1814,48,6,44,2,9,15,131,43
20260906,r3_d30_t1_w15,590,108,4456,1865,2483,1817,50,6,42,2,9,14,131,43
20260906,r3_d30_t1_w15,591,105,4463,1867,2491,1820,53,6,41,0,9,14,131,43
20260906,r3_d30_t1_w15,592,110,4473,1868,2495,1826,57,6,36,1,9,13,131,43
20260906,r3_d30_t1_w15,593,108,4482,1872,2502,1833,58,10,29,3,9,17,131,43
20260906,r3_d30_t1_w15,594,108,4488,1874,2506,1840,63,11,23,3,9,16,131,43
20260906,r3_d30_t1_w15,595,109,4495,1876,2510,1843,63,12,21,4,9,17,131,43
20260906,r3_d30_t1_w15,596,108,4500,1877,2515,1846,65,7,24,4,9,18,131,43
20260906,r3_d30_t1_w15,597,110,4508,1880,2518,1848,67,7,25,1,9,16,131,43
20260906,r3_d30_t1_w15,598,106,4513,1881,2526,1849,65,7,25,3,9,16,131,43
20260906,r3_d30_t1_w15,599,105,4521,1882,2534,1852,67,7,23,3,9,16,131,43
20260906,r3_d30_t1_w15,600,105,4529,1886,2538,1853,67,9,24,0,9,15,121,40
20260906,r3_d30_t1_w20,1,6,8,2,0,0,96,2,0,2,2,2,131,43
20260906,r3_d30_t1_w20,2,11,13,2,0,0,74,2,0,24,2,3,131,43
20260906,r3_d30_t1_w20,3,19,23,4,0,0,67,3,1,29,5,4,131,43
20260906,r3_d30_t1_w20,4,3,28,25,0,0,67,23,2,8,0,1,131,43
20260906,r3_d30_t1_w20,5,4,34,30,0,0,69,21,9,1,0,1,131,43
20260906,r3_d30_t1_w20,6,5,41,36,0,0,64,20,16,0,0,1,131,43
20260906,r3_d30_t1_w20,7,15,51,36,0,0,60,13,23,4,2,3,131,43
20260906,r3_d30_t1_w20,8,24,61,37,0,0,59,9,28,4,4,6,131,43
20260906,r3_d30_t1_w20,9,30,71,41,0,0,59,10,31,0,6,4,131,43
20260906,r3_d30_t1_w20,10,37,78,41,0,0,59,7,34,0,8,7,131,43
20260906,r3_d30_t1_w20,11,41,83,42,0,0,57,3,39,1,8,7,131,43
20260906,r3_d30_t1_w20,12,49,91,42,0,0,56,2,40,2,8,8,131,43
20260906,r3_d30_t1_w20,13,56,100,44,0,0,54,2,42,2,9,9,131,43
20260906,r3_d30_t1_w20,14,63,108,45,0,0,52,3,42,3,9,9,131,43
20260906,r3_d30_t1_w20,15,70,117,47,0,3,53,3,41,3,9,10,131,43
20260906,r3_d30_t1_w20,16,75,124,49,0,5,54,4,40,2,9,9,131,43
20260906,r3_d30_t1_w20,17,80,130,50,0,6,54,4,40,2,9,11,131,43
20260906,r3_d30_t1_w20,18,86,138,52,0,9,55,6,37,2,9,12,131,43
20260906,r3_d30_t1_w20,19,92,145,53,0,13,57,5,35,3,9,13,131,43
20260906,r3_d30_t1_w20,20,98,153,55,0,15,56,6,34,4,9,13,121,40
20260906,r3_d30_t1_w20,21,97,159,61,1,18,54,11,32,3,9,15,121,40
20260906,r3_d30_t1_w20,22,101,166,64,1,22,55,13,29,3,9,15,121,40
20260906,r3_d30_t1_w20,23,108,175,65,2,25,57,13,27,3,9,15,121,40
20260906,r3_d30_t1_w20,24,111,181,68,2,27,57,8,33,2,9,15,121,40
20260906,r3_d30_t1_w20,25,119,191,70,2,33,60,9,28,3,9,15,126,43
20260906,r3_d30_t1_w20,26,124,198,72,2,36,60,9,27,4,9,16,126,43
20260906,r3_d30_t1_w20,27,128,206,75,3,38,61,11,26,2,9,16,126,43
20260906,r3_d30_t1_w20,28,131,214,78,5,42,64,11,25,0,9,17,126,43
20260906,r3_d30_t1_w20,29,139,224,78,7,44,65,7,27,1,9,18,126,43
20260906,r3_d30_t1_w20,30,140,232,81,11,46,61,9,26,4,10,18,131,43
20260906,r3_d30_t1_w20,31,142,238,82,14,47,47,8,27,18,13,18,131,43
20260906,r3_d30_t1_w20,32,144,248,86,18,47,35,8,31,26,16,16,131,43
20260906,r3_d30_t1_w20,33,131,256,101,24,49,35,23,29,13,12,16,131,43
20260906,r3_d30_t1_w20,34,121,263,113,29,50,35,32,31,2,9,16,131,43
20260906,r3_d30_t1_w20,35,122,272,116,34,51,35,26,39,0,13,16,131,43
20260906,r3_d30_t1_w20,36,121,279,118,40,53,35,17,48,0,14,14,131,43
20260906,r3_d30_t1_w20,37,122,286,118,46,56,35,10,52,3,15,13,131,43
20260906,r3_d30_t1_w20,38,122,295,119,54,57,34,6,56,4,17,12,131,43
20260906,r3_d30_t1_w20,39,121,302,122,59,57,32,7,58,3,17,12,131,43
20260906,r3_d30_t1_w20,40,116,309,126,67,58,30,5,63,2,18,11,131,43
20260906,r3_d30_t1_w20,41,116,315,129,70,58,28,7,64,1,18,11,131,43
20260906,r3_d30_t1_w20,42,114,320,129,77,62,28,7,60,5,17,10,131,43
20260906,r3_d30_t1_w20,43,111,328,131,86,67,29,4,60,7,17,9,131,43
20260906,r3_d30_t1_w20,44,111,338,137,90,70,28,10,57,5,16,10,131,43
20260906,r3_d30_t1_w20,45,108,348,142,98,74,29,14,54,3,15,11,131,43
20260906,r3_d30_t1_w20,46,108,356,144,104,80,31,12,52,5,14,11,131,43
20260906,r3_d30_t1_w20,47,107,362,145,110,86,35,6,53,6,12,11,131,43
20260906,r3_d30_t1_w20,48,103,370,152,115,91,37,10,51,2,10,12,131,43
20260906,r3_d30_t1_w20,49,101,377,154,122,95,41,11,48,0,9,12,131,43
20260906,r3_d30_t1_w20,50,109,386,154,123,97,43,6,51,0,9,13,126,43
20260906,r3_d30_t1_w20,51,119,396,154,123,101,44,3,50,3,9,14,126,43
20260906,r3_d30_t1_w20,52,123,401,154,124,106,47,1,47,5,9,16,126,43
20260906,r3_d30_t1_w20,53,129,411,158,124,111,50,5,42,3,9,17,126,43
20260906,r3_d30_t1_w20,54,129,416,161,126,117,53,7,37,3,9,17,126,43
20260906,r3_d30_t1_w20,55,135,424,163,126,119,54,9,35,2,9,17,131,43
20260906,r3_d30_t1_w20,56,139,432,166,127,122,56,10,34,0,9,16,131,43
20260906,r3_d30_t1_w20,57,144,440,166,130,126,60,8,32,0,9,17,131,43
20260906,r3_d30_t1_w20,58,144,447,166,137,128,60,5,33,2,9,17,131,43
20260906,r3_d30_t1_w20,59,144,454,167,143,128,59,4,35,2,9,17,131,43
20260906,r3_d30_t1_w20,60,143,462,171,148,132,58,5,34,3,10,16,131,43
20260906,r3_d30_t1_w20,61,143,469,173,153,137,46,7,29,18,12,15,131,43
20260906,r3_d30_t1_w20,62,141,475,178,156,141,17,10,27,46,13,14,131,43
20260906,r3_d30_t1_w20,63,127,483,193,163,142,16,22,29,33,11,14,131,43
20260906,r3_d30_t1_w20,64,114,489,206,169,144,34,32,30,4,9,13,131,43
20260906,r3_d30_t1_w20,65,104,494,211,179,144,31,28,39,2,9,13,131,43
20260906,r3_d30_t1_w20,66,99,501,218,184,146,25,20,52,3,9,11,131,43
20260906,r3_d30_t1_w20,67,94,506,222,190,149,23,18,55,4,9,10,131,43
20260906,r3_d30_t1_w20,68,86,511,231,194,153,21,25,53,1,9,10,131,43
20260906,r3_d30_t1_w20,69,86,518,234,198,154,19,22,58,1,10,10,131,43
20260906,r3_d30_t1_w20,70,85,527,235,207,155,16,15,65,4,13,8,131,43
20260906,r3_d30_t1_w20,71,79,533,237,217,156,15,13,68,4,12,8,131,43
20260906,r3_d30_t1_w20,72,77,538,240,221,157,14,11,72,3,12,8,131,43
20260906,r3_d30_t1_w20,73,73,545,241,231,160,17,9,72,2,12,7,131,43
20260906,r3_d30_t1_w20,74,76,554,243,235,160,17,7,76,0,15,6,131,43
20260906,r3_d30_t1_w20,75,75,560,243,242,161,17,5,77,1,14,6,131,43
20260906,r3_d30_t1_w20,76,74,565,243,248,168,20,3,72,5,13,6,131,43
20260906,r3_d30_t1_w20,77,72,573,246,255,173,21,5,68,6,12,7,131,43
20260906,r3_d30_t1_w20,78,69,578,250,259,176,21,9,65,5,10,7,131,43
20260906,r3_d30_t1_w20,79,65,583,253,265,184,21,9,60,10,9,8,131,43
20260906,r3_d30_t1_w20,80,69,592,256,267,189,23,8,59,10,8,11,131,43
20260906,r3_d30_t1_w20,81,71,601,263,267,192,24,12,59,5,8,11,131,43
20260906,r3_d30_t1_w20,82,73,607,266,268,197,27,12,57,4,9,11,131,43
20260906,r3_d30_t1_w20,83,74,613,269,270,206,35,12,51,2,9,11,131,43
20260906,r3_d30_t1_w20,84,74,618,273,271,217,38,15,41,6,9,10,131,43
20260906,r3_d30_t1_w20,85,79,626,276,271,223,39,14,39,8,9,12,131,43
20260906,r3_d30_t1_w20,86,79,636,284,273,228,38,21,35,6,9,13,131,43
20260906,r3_d30_t1_w20,87,83,642,286,273,230,40,18,38,4,9,13,131,43
20260906,r3_d30_t1_w20,88,84,647,290,273,235,43,17,38,2,9,12,131,43
20260906,r3_d30_t1_w20,89,87,653,291,275,237,42,13,41,4,9,13,131,43
20260906,r3_d30_t1_w20,90,94,662,293,275,240,42,13,40,5,11,12,131,43
20260906,r3_d30_t1_w20,91,99,669,295,275,243,21,10,42,27,11,11,131,43
20260906,r3_d30_t1_w20,92,104,678,299,275,244,19,7,48,26,13,10,131,43
20260906,r3_d30_t1_w20,93,89,687,323,275,246,20,28,49,3,10,10,131,43
20260906,r3_d30_t1_w20,94,93,695,326,276,248,21,25,53,1,12,10,131,43
20260906,r3_d30_t1_w20,95,98,701,327,276,249,21,17,61,1,11,10,131,43
20260906,r3_d30_t1_w20,96,103,706,327,276,250,21,10,67,2,14,10,131,43
20260906,r3_d30_t1_w20,97,105,711,328,278,253,23,9,66,2,15,9,131,43
20260906,r3_d30_t1_w20,98,104,717,330,283,256,22,9,65,4,16,9,131,43
20260906,r3_d30_t1_w20,99,106,725,331,288,263,24,7,61,8,17,8,131,43
20260906,r3_d30_t1_w20,100,104,734,335,295,270,27,7,58,8,18,8,121,40
20260906,r3_d30_t1_w20,101,105,743,340,298,274,27,9,57,7,18,7,121,40
20260906,r3_d30_t1_w20,102,107,753,344,302,276,26,10,58,6,18,8,121,40
20260906,r3_d30_t1_w20,103,107,762,352,303,280,25,14,58,3,17,8,121,40
20260906,r3_d30_t1_w20,104,107,770,356,307,287,25,12,57,6,17,10,121,40
20260906,r3_d30_t1_w20,105,105,775,358,312,293,27,13,52,8,16,10,131,43
20260906,r3_d30_t1_w20,106,104,783,363,316,296,27,12,55,6,13,11,131,43
20260906,r3_d30_t1_w20,107,104,789,366,319,298,26,11,57,6,11,12,131,43
20260906,r3_d30_t1_w20,108,107,797,369,321,300,26,11,58,5,9,13,131,43
20260906,r3_d30_t1_w20,109,111,805,371,323,302,27,6,63,4,9,13,131,43
20260906,r3_d30_t1_w20,110,114,814,375,325,308,30,9,58,3,9,14,131,43
20260906,r3_d30_t1_w20,111,118,824,380,326,317,32,13,50,5,9,14,131,43
20260906,r3_d30_t1_w20,112,121,832,385,326,321,32,14,50,4,9,16,131,43
20260906,r3_d30_t1_w20,113,124,842,392,326,325,32,17,50,1,9,16,131,43
20260906,r3_d30_t1_w20,114,124,847,394,329,327,31,13,54,2,9,17,131,43
20260906,r3_d30_t1_w20,115,129,853,395,329,333,36,13,49,2,9,17,131,43
20260906,r3_d30_t1_w20,116,132,858,397,329,338,40,10,49,1,9,16,131,43
20260906,r3_d30_t1_w20,117,137,867,400,330,340,39,10,50,1,9,18,131,43
20260906,r3_d30_t1_w20,118,141,873,401,331,345,40,8,48,4,9,18,131,43
20260906,r3_d30_t1_w20,119,144,883,402,337,346,41,7,49,3,9,19,131,43
20260906,r3_d30_t1_w20,120,139,888,405,344,349,41,6,50,3,11,19,131,43
20260906,r3_d30_t1_w20,121,137,894,405,352,352,27,3,50,20,11,19,131,43
20260906,r3_d30_t1_w20,122,130,899,408,361,355,26,4,49,21,11,18,131,43
20260906,r3_d30_t1_w20,123,115,906,424,367,357,28,19,48,5,9,17,131,43
20260906,r3_d30_t1_w20,124,110,913,431,372,359,27,23,49,1,9,16,131,43
20260906,r3_d30_t1_w20,125,113,922,434,375,366,32,18,50,0,9,15,121,40
20260906,r3_d30_t1_w20,126,110,930,438,382,373,32,19,46,3,12,14,121,40
20260906,r3_d30_t1_w20,127,110,937,439,388,379,34,16,44,6,14,14,121,40
20260906,r3_d30_t1_w20,128,108,946,443,395,383,36,13,47,4,15,13,121,40
20260906,r3_d30_t1_w20,129,104,952,446,402,384,35,13,49,3,16,13,121,40
20260906,r3_d30_t1_w20,130,105,961,448,408,387,35,7,54,4,18,13,131,43
20260906,r3_d30_t1_w20,131,99,966,450,417,390,37,7,53,3,18,11,131,43
20260906,r3_d30_t1_w20,132,98,973,452,423,392,38,7,53,2,18,10,131,43
20260906,r3_d30_t1_w20,133,97,983,454,432,395,38,9,50,3,17,10,131,43
20260906,r3_d30_t1_w20,134,97,989,457,435,400,38,8,49,5,14,10,131,43
20260906,r3_d30_t1_w20,135,98,998,460,440,402,38,10,48,4,13,10,131,43
20260906,r3_d30_t1_w20,136,100,1004,463,441,406,39,10,47,4,13,10,131,43
20260906,r3_d30_t1_w20,137,101,1012,464,447,409,41,6,49,4,12,11,131,43
20260906,r3_d30_t1_w20,138,103,1021,467,451,414,42,5,48,5,12,11,131,43
20260906,r3_d30_t1_w20,139,106,1031,467,458,415,43,2,50,5,9,12,131,43
20260906,r3_d30_t1_w20,140,107,1036,471,458,419,45,5,47,3,9,12,131,43
20260906,r3_d30_t1_w20,141,112,1045,472,461,424,48,6,42,4,9,12,131,43
20260906,r3_d30_t1_w20,142,115,1051,474,462,425,48,6,43,3,9,13,131,43
20260906,r3_d30_t1_w20,143,115,1056,477,464,428,50,8,41,1,9,14,131,43
20260906,r3_d30_t1_w20,144,118,1061,478,465,431,53,8,39,0,9,14,131,43
20260906,r3_d30_t1_w20,145,124,1071,479,468,436,57,5,38,0,9,16,131,43
20260906,r3_d30_t1_w20,146,132,1081,479,470,438,59,2,39,0,9,16,131,43
20260906,r3_d30_t1_w20,147,139,1090,481,470,441,58,4,36,2,9,16,131,43
20260906,r3_d30_t1_w20,148,144,1100,483,473,445,59,5,33,3,9,16,131,43
20260906,r3_d30_t1_w20,149,149,1109,485,475,449,62,6,30,2,9,16,131,43
20260906,r3_d30_t1_w20,150,143,1114,488,483,451,61,7,30,2,9,16,131,43
20260906,r3_d30_t1_w20,151,145,1123,491,487,454,60,7,30,3,11,16,131,43
20260906,r3_d30_t1_w20,152,143,1130,495,492,457,36,9,29,26,11,15,131,43
20260906,r3_d30_t1_w20,153,138,1138,498,502,459,16,10,29,45,13,15,131,43
20260906,r3_d30_t1_w20,154,119,1148,524,505,461,16,34,29,21,9,14,131,43
20260906,r3_d30_t1_w20,155,112,1158,535,511,463,28,35,37,0,9,14,126,43
20260906,r3_d30_t1_w20,156,108,1165,541,516,466,25,30,45,0,9,11,126,43
20260906,r3_d30_t1_w20,157,105,1175,547,523,468,19,27,52,2,9,10,126,43
20260906,r3_d30_t1_w20,158,105,1185,548,532,473,19,20,55,6,11,9,126,43
20260906,r3_d30_t1_w20,159,101,1190,550,539,474,17,16,60,7,14,8,126,43
20260906,r3_d30_t1_w20,160,103,1200,554,543,476,18,14,64,4,16,7,131,43
20260906,r3_d30_t1_w20,161,99,1205,557,549,478,18,12,67,3,15,7,131,43
20260906,r3_d30_t1_w20,162,101,1214,559,554,480,19,9,70,2,17,7,131,43
20260906,r3_d30_t1_w20,163,101,1220,561,558,481,19,9,71,1,17,6,131,43
20260906,r3_d30_t1_w20,164,106,1230,562,562,487,20,7,68,5,18,6,131,43
20260906,r3_d30_t1_w20,165,101,1235,564,570,490,20,5,69,6,17,8,131,43
20260906,r3_d30_t1_w20,166,96,1242,570,576,492,19,11,67,3,17,8,131,43
20260906,r3_d30_t1_w20,167,92,1249,574,583,499,20,13,62,5,13,9,131,43
20260906,r3_d30_t1_w20,168,88,1255,575,592,505,21,9,61,9,10,9,131,43
20260906,r3_d30_t1_w20,169,85,1262,579,598,509,23,11,59,7,9,10,131,43
20260906,r3_d30_t1_w20,170,90,1271,582,599,515,28,11,56,5,9,11,131,43
20260906,r3_d30_t1_w20,171,91,1277,585,601,520,30,11,54,5,9,12,131,43
20260906,r3_d30_t1_w20,172,91,1283,589,603,525,29,11,53,7,9,13,131,43
20260906,r3_d30_t1_w20,173,92,1288,593,603,533,30,14,46,10,9,12,131,43
20260906,r3_d30_t1_w20,174,92,1297,601,604,538,31,19,44,6,9,12,131,43
20260906,r3_d30_t1_w20,175,94,1305,606,605,539,31,21,46,2,9,14,131,43
20260906,r3_d30_t1_w20,176,99,1312,608,605,545,32,15,48,5,9,14,131,43
20260906,r3_d30_t1_w20,177,106,1322,609,607,550,36,12,47,5,9,15,131,43
20260906,r3_d30_t1_w20,178,111,1332,613,608,555,38,12,46,4,9,18,131,43
20260906,r3_d30_t1_w20,179,117,1341,615,609,559,38,12,44,6,9,17,131,43
20260906,r3_d30_t1_w20,180,121,1350,620,609,559,35,15,46,4,10,17,121,40
20260906,r3_d30_t1_w20,181,124,1357,623,610,562,23,16,45,16,12,17,121,40
20260906,r3_d30_t1_w20,182,130,1365,624,611,568,22,10,46,22,15,17,121,40
20260906,r3_d30_t1_w20,183,120,1370,639,611,570,22,20,49,9,12,16,121,40
20260906,r3_d30_t1_w20,184,121,1378,646,611,572,23,24,50,3,11,16,121,40
20260906,r3_d30_t1_w20,185,122,1383,648,613,573,22,23,52,3,13,14,131,43
20260906,r3_d30_t1_w20,186,122,1391,649,620,575,22,19,55,4,15,14,131,43
20260906,r3_d30_t1_w20,187,120,1397,652,625,580,21,15,57,7,16,14,131,43
20260906,r3_d30_t1_w20,188,120,1403,654,629,582,21,10,62,7,16,14,131,43
20260906,r3_d30_t1_w20,189,118,1411,659,634,585,22,10,64,4,17,11,131,43
20260906,r3_d30_t1_w20,190,115,1418,661,642,588,22,9,64,5,18,10,131,43
20260906,r3_d30_t1_w20,191,116,1426,664,646,589,22,9,66,3,17,10,131,43
20260906,r3_d30_t1_w20,192,114,1432,668,650,597,25,11,60,4,17,8,131,43
20260906,r3_d30_t1_w20,193,116,1438,668,654,603,28,10,55,7,17,8,131,43
20260906,r3_d30_t1_w20,194,115,1448,672,661,608,30,11,53,6,17,10,131,43
20260906,r3_d30_t1_w20,195,109,1453,675,669,611,32,9,55,4,16,10,131,43
20260906,r3_d30_t1_w20,196,108,1459,678,673,614,33,10,54,3,15,10,131,43
20260906,r3_d30_t1_w20,197,103,1466,680,683,618,33,9,53,5,14,11,131,43
20260906,r3_d30_t1_w20,198,99,1475,685,691,625,34,13,47,6,10,12,131,43
20260906,r3_d30_t1_w20,199,93,1480,689,698,633,37,14,42,7,9,11,131,43
20260906,r3_d30_t1_w20,200,100,1490,692,698,634,37,12,46,5,9,11,131,43
20260906,r3_d30_t1_w20,201,104,1500,698,698,640,39,14,44,3,9,11,131,43
20260906,r3_d30_t1_w20,202,109,1507,699,699,642,41,11,46,2,9,12,131,43
20260906,r3_d30_t1_w20,203,116,1516,701,699,645,43,11,45,1,9,15,131,43
20260906,r3_d30_t1_w20,204,120,1526,704,702,650,42,10,44,4,9,16,131,43
20260906,r3_d30_t1_w20,205,124,1531,705,702,651,43,8,46,3,9,16,131,43
20260906,r3_d30_t1_w20,206,127,1539,709,703,656,46,11,42,1,9,16,131,43
20260906,r3_d30_t1_w20,207,133,1546,709,704,661,47,7,41,5,9,17,131,43
20260906,r3_d30_t1_w20,208,140,1556,711,705,663,47,7,41,5,9,18,131,43
20260906,r3_d30_t1_w20,209,137,1561,715,709,664,48,10,41,1,9,17,131,43
20260906,r3_d30_t1_w20,210,140,1571,719,712,671,47,14,34,5,12,17,131,43
20260906,r3_d30_t1_w20,211,141,1577,719,717,674,30,11,34,25,13,17,131,43
20260906,r3_d30_t1_w20,212,141,1586,724,721,678,31,14,32,23,15,16,131,43
20260906,r3_d30_t1_w20,213,124,1592,742,726,681,36,25,36,3,9,16,131,43
20260906,r3_d30_t1_w20,214,119,1601,748,734,682,33,23,43,1,10,15,131,43
20260906,r3_d30_t1_w20,215,123,1609,748,738,685,36,13,50,1,12,15,131,43
20260906,r3_d30_t1_w20,216,124,1617,750,743,685,35,8,57,0,15,13,131,43
20260906,r3_d30_t1_w20,217,125,1625,750,750,688,36,5,57,2,16,11,131,43
20260906,r3_d30_t1_w20,218,127,1635,750,758,692,37,2,56,5,18,10,131,43
20260906,r3_d30_t1_w20,219,127,1642,752,763,695,38,4,53,5,18,9,131,43
20260906,r3_d30_t1_w20,220,122,1650,757,771,697,37,8,52,3,18,9,131,43
20260906,r3_d30_t1_w20,221,121,1659,759,779,701,39,10,48,3,18,8,131,43
20260906,r3_d30_t1_w20,222,120,1665,761,784,703,38,10,48,4,18,9,131,43
20260906,r3_d30_t1_w20,223,115,1674,766,793,709,37,13,44,6,18,9,131,43
20260906,r3_d30_t1_w20,224,110,1680,769,801,714,37,11,44,8,17,10,131,43
20260906,r3_d30_t1_w20,225,110,1687,774,803,717,37,13,44,6,17,10,131,43
20260906,r3_d30_t1_w20,226,106,1693,778,809,720,39,11,47,3,15,10,131,43
20260906,r3_d30_t1_w20,227,105,1699,781,813,725,40,11,45,4,13,12,131,43
20260906,r3_d30_t1_w20,228,104,1708,783,821,726,40,7,50,3,9,13,131,43
20260906,r3_d30_t1_w20,229,104,1715,786,825,727,41,7,52,0,9,13,131,43
20260906,r3_d30_t1_w20,230,112,1723,786,825,731,42,5,50,3,9,16,131,43
20260906,r3_d30_t1_w20,231,116,1728,787,825,734,42,5,48,5,9,16,131,43
20260906,r3_d30_t1_w20,232,117,1736,791,828,738,43,9,44,4,9,17,131,43
20260906,r3_d30_t1_w20,233,120,1743,793,830,743,44,10,40,6,9,17,131,43
20260906,r3_d30_t1_w20,234,124,1750,796,830,751,48,10,35,7,9,18,131,43
20260906,r3_d30_t1_w20,235,129,1760,801,830,755,50,14,32,4,9,18,111,40
20260906,r3_d30_t1_w20,236,132,1767,805,830,759,53,14,32,1,9,18,111,40
20260906,r3_d30_t1_w20,237,136,1775,807,832,760,52,15,32,1,9,19,111,40
20260906,r3_d30_t1_w20,238,139,1781,808,834,761,52,12,35,1,9,19,111,40
20260906,r3_d30_t1_w20,239,141,1789,809,839,762,52,11,36,1,9,18,111,40
20260906,r3_d30_t1_w20,240,137,1795,811,847,763,50,12,36,2,10,16,131,43
20260906,r3_d30_t1_w20,241,137,1804,812,855,764,38,7,41,14,12,14,131,43
20260906,r3_d30_t1_w20,242,138,1812,813,861,766,18,4,43,35,14,14,131,43
20260906,r3_d30_t1_w20,243,124,1821,828,869,770,17,19,39,25,12,14,131,43
20260906,r3_d30_t1_w20,244,107,1831,849,875,774,22,39,36,3,9,13,131,43
20260906,r3_d30_t1_w20,245,108,1841,854,879,778,19,38,38,5,10,12,131,43
20260906,r3_d30_t1_w20,246,111,1848,854,883,780,18,27,47,8,14,10,131,43
20260906,r3_d30_t1_w20,247,111,1855,859,885,784,19,25,50,6,15,10,131,43
20260906,r3_d30_t1_w20,248,107,1863,863,893,790,21,20,53,6,14,9,131,43
20260906,r3_d30_t1_w20,249,105,1869,866,898,792,21,15,59,5,16,8,131,43
20260906,r3_d30_t1_w20,250,99,1874,869,906,795,22,11,63,4,15,8,131,43
20260906,r3_d30_t1_w20,251,98,1879,872,909,797,23,12,63,2,16,7,131,43
20260906,r3_d30_t1_w20,252,101,1889,874,914,798,23,11,65,1,17,8,131,43
20260906,r3_d30_t1_w20,253,100,1895,874,921,799,21,8,67,4,17,9,131,43
20260906,r3_d30_t1_w20,254,98,1902,876,928,803,20,8,65,7,18,11,131,43
20260906,r3_d30_t1_w20,255,96,1912,879,937,805,20,8,66,6,17,11,122,43
20260906,r3_d30_t1_w20,256,95,1921,883,943,810,21,11,62,6,14,11,122,43
20260906,r3_d30_t1_w20,257,92,1928,886,950,818,23,10,58,9,12,11,122,43
20260906,r3_d30_t1_w20,258,93,1936,890,953,822,21,13,55,11,11,12,122,43
20260906,r3_d30_t1_w20,259,90,1944,895,959,825,22,14,56,8,9,13,122,43
20260906,r3_d30_t1_w20,260,89,1949,900,960,835,33,14,51,2,9,14,131,43
20260906,r3_d30_t1_w20,261,94,1959,903,962,837,34,10,56,0,9,15,131,43
20260906,r3_d30_t1_w20,262,101,1966,903,962,840,37,8,55,0,9,15,131,43
20260906,r3_d30_t1_w20,263,107,1975,906,962,845,37,10,51,2,9,15,131,43
20260906,r3_d30_t1_w20,264,117,1985,906,962,849,40,4,53,3,9,15,131,43
20260906,r3_d30_t1_w20,265,119,1990,908,963,856,47,4,48,1,9,16,131,43
20260906,r3_d30_t1_w20,266,124,1999,910,965,858,47,6,46,1,9,15,131,43
20260906,r3_d30_t1_w20,267,132,2007,910,965,862,49,4,44,3,9,17,131,43
20260906,r3_d30_t1_w20,268,135,2012,911,966,867,51,4,40,5,9,18,131,43
20260906,r3_d30_t1_w20,269,136,2017,914,967,873,54,6,35,5,9,18,131,43
20260906,r3_d30_t1_w20,270,139,2026,919,968,877,54,10,32,4,10,17,131,43
20260906,r3_d30_t1_w20,271,143,2032,921,968,881,38,11,29,22,13,17,131,43
20260906,r3_d30_t1_w20,272,138,2038,924,976,882,35,12,30,23,15,16,131,43
20260906,r3_d30_t1_w20,273,119,2047,948,980,886,33,31,31,5,10,16,131,43
20260906,r3_d30_t1_w20,274,120,2057,952,985,890,35,25,37,3,12,16,131,43
20260906,r3_d30_t1_w20,275,122,2067,954,991,893,33,17,44,6,13,15,131,43
20260906,r3_d30_t1_w20,276,121,2077,957,999,894,32,12,51,5,16,14,131,43
20260906,r3_d30_t1_w20,277,119,2085,963,1003,898,34,13,52,1,16,13,131,43
20260906,r3_d30_t1_w20,278,123,2095,964,1008,900,34,8,56,2,18,13,131,43
20260906,r3_d30_t1_w20,279,124,2105,965,1016,901,32,7,57,4,18,9,131,43
20260906,r3_d30_t1_w20,280,126,2112,966,1020,903,32,6,57,5,18,10,131,43
20260906,r3_d30_t1_w20,281,125,2120,969,1026,906,33,5,58,4,18,10,131,43
20260906,r3_d30_t1_w20,282,126,2129,971,1032,908,33,5,58,4,17,10,131,43
20260906,r3_d30_t1_w20,283,126,2137,973,1038,909,34,5,59,2,17,12,131,43
20260906,r3_d30_t1_w20,284,123,2146,975,1048,910,34,5,60,1,17,13,131,43
20260906,r3_d30_t1_w20,285,129,2156,976,1051,917,36,4,55,5,15,14,121,40
20260906,r3_d30_t1_w20,286,128,2166,980,1058,926,38,7,47,8,13,15,121,40
20260906,r3_d30_t1_w20,287,125,2172,984,1063,928,38,8,48,6,10,15,121,40
20260906,r3_d30_t1_w20,288,122,2177,990,1065,931,39,12,47,2,9,15,121,40
20260906,r3_d30_t1_w20,289,120,2183,993,1070,934,40,13,46,1,9,15,121,40
20260906,r3_d30_t1_w20,290,126,2189,993,1070,939,45,10,44,1,9,16,126,43
20260906,r3_d30_t1_w20,291,130,2195,995,1070,945,50,7,43,0,9,16,126,43
20260906,r3_d30_t1_w20,292,136,2203,996,1071,947,51,7,42,0,9,17,126,43
20260906,r3_d30_t1_w20,293,137,2209,1000,1072,956,53,11,33,3,9,19,126,43
20260906,r3_d30_t1_w20,294,142,2215,1001,1072,962,57,9,30,4,9,20,126,43
20260906,r3_d30_t1_w20,295,145,2223,1004,1074,964,59,9,31,1,9,19,131,43
20260906,r3_d30_t1_w20,296,144,2231,1006,1081,967,60,9,30,1,9,18,131,43
20260906,r3_d30_t1_w20,297,141,2236,1006,1089,969,62,7,30,1,9,17,131,43
20260906,r3_d30_t1_w20,298,136,2241,1007,1098,970,63,8,29,0,9,18,131,43
20260906,r3_d30_t1_w20,299,131,2246,1007,1108,971,63,0,36,1,9,17,131,43
20260906,r3_d30_t1_w20,300,127,2251,1009,1115,975,62,2,32,4,10,16,131,43
20260906,r3_d30_t1_w20,301,125,2257,1011,1121,977,52,4,30,14,11,15,131,43
20260906,r3_d30_t1_w20,302,124,2264,1014,1126,981,32,6,27,35,12,15,131,43
20260906,r3_d30_t1_w20,303,111,2270,1025,1134,983,32,17,25,26,9,13,131,43
20260906,r3_d30_t1_w20,304,99,2280,1040,1141,984,42,27,29,2,9,12,131,43
20260906,r3_d30_t1_w20,305,89,2288,1048,1151,986,38,30,32,0,9,11,131,43
20260906,r3_d30_t1_w20,306,82,2294,1052,1160,988,36,29,35,0,9,11,131,43
20260906,r3_d30_t1_w20,307,84,2302,1052,1166,990,35,16,46,3,11,9,131,43
20260906,r3_d30_t1_w20,308,88,2308,1052,1168,991,33,12,49,6,13,9,131,43
20260906,r3_d30_t1_w20,309,90,2317,1055,1172,991,33,12,52,3,14,9,131,43
20260906,r3_d30_t1_w20,310,87,2323,1058,1178,994,34,11,53,2,14,8,131,43
20260906,r3_d30_t1_w20,311,92,2333,1058,1183,996,34,7,55,4,17,8,131,43
20260906,r3_d30_t1_w20,312,93,2342,1061,1188,996,33,6,59,2,17,8,131,43
20260906,r3_d30_t1_w20,313,93,2349,1064,1192,1000,35,6,58,1,15,10,131,43
20260906,r3_d30_t1_w20,314,94,2356,1064,1198,1002,35,2,60,3,16,10,131,43
20260906,r3_d30_t1_w20,315,92,2363,1065,1206,1006,38,2,57,3,14,11,131,43
20260906,r3_d30_t1_w20,316,91,2370,1067,1212,1011,39,4,52,5,14,11,131,43
20260906,r3_d30_t1_w20,317,91,2375,1068,1216,1015,40,3,50,7,12,11,131,43
20260906,r3_d30_t1_w20,318,93,2385,1074,1218,1018,40,8,48,4,11,12,131,43
20260906,r3_d30_t1_w20,319,97,2395,1077,1221,1022,42,6,49,3,9,14,131,43
20260906,r3_d30_t1_w20,320,103,2403,1079,1221,1024,42,7,48,3,9,14,131,43
20260906,r3_d30_t1_w20,321,106,2410,1081,1223,1029,45,7,45,3,9,13,131,43
20260906,r3_d30_t1_w20,322,110,2417,1083,1224,1034,48,7,42,3,9,13,131,43
20260906,r3_d30_t1_w20,323,113,2424,1085,1226,1038,52,7,40,1,9,13,131,43
20260906,r3_d30_t1_w20,324,116,2429,1086,1227,1044,55,7,35,3,9,13,131,43
20260906,r3_d30_t1_w20,325,124,2438,1087,1227,1048,57,7,32,4,9,14,131,43
20260906,r3_d30_t1_w20,326,123,2443,1092,1228,1054,59,10,28,3,9,15,131,43
20260906,r3_d30_t1_w20,327,127,2450,1095,1228,1058,60,12,25,3,9,15,131,43
20260906,r3_d30_t1_w20,328,128,2455,1098,1229,1059,60,12,27,1,9,15,131,43
20260906,r3_d30_t1_w20,329,131,2463,1101,1231,1063,61,12,26,1,9,17,131,43
20260906,r3_d30_t1_w20,330,133,2468,1102,1233,1067,62,11,24,3,9,17,131,43
20260906,r3_d30_t1_w20,331,130,2473,1103,1240,1068,60,10,25,5,11,16,131,43
20260906,r3_d30_t1_w20,332,129,2480,1105,1246,1070,37,9,26,28,14,16,131,43
20260906,r3_d30_t1_w20,333,126,2486,1108,1252,1072,15,6,30,49,15,15,131,43
20260906,r3_d30_t1_w20,334,104,2492,1130,1258,1074,19,24,32,25,9,14,131,43
20260906,r3_d30_t1_w20,335,99,2501,1138,1264,1075,36,27,36,1,9,14,121,40
20260906,r3_d30_t1_w20,336,95,2508,1143,1270,1075,32,23,45,0,9,13,121,40
20260906,r3_d30_t1_w20,337,93,2517,1150,1274,1077,27,23,50,0,9,13,121,40
20260906,r3_d30_t1_w20,338,85,2524,1156,1283,1079,22,15,62,1,9,13,121,40
20260906,r3_d30_t1_w20,339,78,2531,1161,1292,1081,19,14,66,1,8,13,121,40
20260906,r3_d30_t1_w20,340,81,2541,1162,1298,1086,20,10,66,4,9,12,131,43
20260906,r3_d30_t1_w20,341,81,2547,1162,1304,1089,17,8,65,10,9,11,131,43
20260906,r3_d30_t1_w20,342,83,2557,1166,1308,1089,17,9,68,6,11,8,131,43
20260906,r3_d30_t1_w20,343,75,2562,1172,1315,1092,17,12,68,3,11,7,131,43
20260906,r3_d30_t1_w20,344,76,2569,1173,1320,1095,17,8,70,5,12,6,131,43
20260906,r3_d30_t1_w20,345,73,2579,1177,1329,1098,17,10,69,4,14,5,131,43
20260906,r3_d30_t1_w20,346,73,2586,1179,1334,1098,17,10,71,2,14,5,131,43
20260906,r3_d30_t1_w20,347,72,2593,1182,1339,1104,21,7,71,1,14,6,131,43
20260906,r3_d30_t1_w20,348,76,2603,1183,1344,1110,23,5,68,4,10,7,131,43
20260906,r3_d30_t1_w20,349,77,2613,1184,1352,1114,27,5,65,3,9,8,131,43
20260906,r3_d30_t1_w20,350,80,2618,1186,1352,1123,33,5,58,4,9,8,131,43
20260906,r3_d30_t1_w20,351,88,2627,1187,1352,1128,35,5,54,6,9,10,131,43
20260906,r3_d30_t1_w20,352,87,2633,1194,1352,1135,34,10,49,7,9,10,131,43
20260906,r3_d30_t1_w20,353,88,2639,1198,1353,1142,37,12,44,7,9,11,131,43
20260906,r3_d30_t1_w20,354,89,2648,1204,1355,1150,40,17,37,6,9,10,131,43
20260906,r3_d30_t1_w20,355,90,2653,1207,1356,1155,40,13,39,8,9,9,131,43
20260906,r3_d30_t1_w20,356,93,2663,1211,1359,1160,42,15,36,7,9,10,131,43
20260906,r3_d30_t1_w20,357,96,2671,1215,1360,1162,43,18,35,4,9,11,131,43
20260906,r3_d30_t1_w20,358,99,2678,1218,1361,1163,44,16,39,1,9,11,131,43
20260906,r3_d30_t1_w20,359,103,2683,1219,1361,1165,44,15,39,2,9,11,131,43
20260906,r3_d30_t1_w20,360,111,2693,1220,1362,1169,41,11,40,8,13,11,126,43
20260906,r3_d30_t1_w20,361,113,2700,1223,1364,1171,27,9,43,21,14,11,126,43
20260906,r3_d30_t1_w20,362,112,2708,1229,1367,1174,28,11,44,17,15,11,126,43
20260906,r3_d30_t1_w20,363,106,2717,1244,1367,1179,31,21,44,4,11,11,126,43
20260906,r3_d30_t1_w20,364,113,2726,1246,1367,1183,32,14,49,5,13,11,126,43
20260906,r3_d30_t1_w20,365,117,2732,1248,1367,1185,32,9,54,5,16,11,131,43
20260906,r3_d30_t1_w20,366,124,2742,1251,1367,1187,32,8,56,4,15,11,131,43
20260906,r3_d30_t1_w20,367,127,2750,1253,1370,1188,32,7,58,3,18,11,131,43
20260906,r3_d30_t1_w20,368,125,2760,1258,1377,1191,30,9,58,3,18,11,131,43
20260906,r3_d30_t1_w20,369,121,2767,1259,1387,1191,29,8,60,3,18,8,131,43
20260906,r3_d30_t1_w20,370,122,2776,1262,1392,1192,28,10,60,2,18,8,131,43
20260906,r3_d30_t1_w20,371,121,2784,1265,1398,1194,27,9,62,2,17,10,131,43
20260906,r3_d30_t1_w20,372,123,2792,1267,1402,1200,31,8,59,2,17,11,131,43
20260906,r3_d30_t1_w20,373,123,2799,1269,1407,1203,32,6,60,2,17,13,131,43
20260906,r3_d30_t1_w20,374,120,2805,1272,1413,1214,35,6,52,7,17,13,131,43
20260906,r3_d30_t1_w20,375,122,2814,1274,1418,1217,35,6,51,8,16,15,131,43
20260906,r3_d30_t1_w20,376,118,2823,1281,1424,1219,34,10,52,4,15,16,131,43
20260906,r3_d30_t1_w20,377,118,2833,1283,1432,1225,34,11,47,8,11,20,131,43
20260906,r3_d30_t1_w20,378,117,2839,1285,1437,1225,33,9,51,7,9,23,131,43
20260906,r3_d30_t1_w20,379,118,2847,1291,1438,1232,38,11,48,3,9,22,131,43
20260906,r3_d30_t1_w20,380,123,2853,1291,1439,1237,43,11,43,3,9,22,115,42
20260906,r3_d30_t1_w20,381,128,2862,1293,1441,1241,46,9,43,2,9,22,115,42
20260906,r3_d30_t1_w20,382,131,2870,1295,1444,1250,50,8,37,5,9,22,115,42
20260906,r3_d30_t1_w20,383,137,2880,1299,1444,1253,49,10,36,5,9,25,115,42
20260906,r3_d30_t1_w20,384,142,2889,1303,1444,1256,48,13,34,5,9,23,115,42
20260906,r3_d30_t1_w20,385,149,2898,1304,1445,1261,50,10,33,7,9,24,131,43
20260906,r3_d30_t1_w20,386,149,2906,1310,1447,1263,50,13,34,3,9,24,131,43
20260906,r3_d30_t1_w20,387,149,2912,1313,1450,1265,52,14,34,0,9,24,131,43
20260906,r3_d30_t1_w20,388,146,2920,1316,1458,1268,51,14,34,1,9,26,131,43
20260906,r3_d30_t1_w20,389,146,2930,1319,1465,1270,50,13,36,1,9,27,131,43
20260906,r3_d30_t1_w20,390,144,2939,1324,1471,1271,46,12,41,1,9,24,121,40
20260906,r3_d30_t1_w20,391,143,2944,1324,1477,1272,42,11,41,6,11,23,121,40
20260906,r3_d30_t1_w20,392,140,2949,1325,1484,1277,28,9,39,24,11,22,121,40
20260906,r3_d30_t1_w20,393,139,2959,1331,1489,1279,29,13,39,19,11,20,121,40
20260906,r3_d30_t1_w20,394,125,2967,1350,1492,1279,29,26,45,0,9,20,121,40
20260906,r3_d30_t1_w20,395,126,2975,1350,1499,1281,30,19,50,1,11,18,131,43
20260906,r3_d30_t1_w20,396,125,2982,1350,1507,1286,30,8,56,6,13,16,131,43
20260906,r3_d30_t1_w20,397,119,2987,1352,1516,1290,32,6,56,6,14,13,131,43
20260906,r3_d30_t1_w20,398,120,2997,1357,1520,1292,32,11,54,3,15,12,131,43
20260906,r3_d30_t1_w20,399,119,3005,1358,1528,1294,33,9,55,3,16,11,131,43
20260906,r3_d30_t1_w20,400,118,3010,1360,1532,1297,35,8,55,2,17,11,131,43
20260906,r3_d30_t1_w20,401,118,3018,1361,1539,1300,35,8,53,4,17,9,131,43
20260906,r3_d30_t1_w20,402,116,3026,1364,1546,1304,34,7,53,6,17,8,131,43
20260906,r3_d30_t1_w20,403,114,3034,1368,1552,1304,33,9,55,3,17,9,131,43
20260906,r3_d30_t1_w20,404,107,3040,1373,1560,1309,32,13,51,4,17,9,131,43
20260906,r3_d30_t1_w20,405,103,3048,1377,1568,1315,31,16,46,7,16,10,131,43
20260906,r3_d30_t1_w20,406,104,3058,1381,1573,1317,33,15,49,3,14,12,131,43
20260906,r3_d30_t1_w20,407,99,3063,1385,1579,1323,34,16,46,4,12,12,131,43
20260906,r3_d30_t1_w20,408,99,3071,1386,1586,1325,34,14,47,5,11,13,131,43
20260906,r3_d30_t1_w20,409,94,3076,1389,1593,1331,40,11,47,2,9,13,131,43
20260906,r3_d30_t1_w20,410,97,3081,1389,1595,1333,42,8,48,2,9,13,131,43
20260906,r3_d30_t1_w20,411,101,3087,1391,1595,1336,44,7,48,1,9,13,131,43
20260906,r3_d30_t1_w20,412,103,3093,1394,1596,1344,48,8,42,2,9,13,131,43
20260906,r3_d30_t1_w20,413,108,3102,1394,1600,1348,51,8,38,3,9,14,131,43
20260906,r3_d30_t1_w20,414,113,3111,1397,1601,1351,52,8,38,2,9,14,131,43
20260906,r3_d30_t1_w20,415,118,3117,1398,1601,1355,54,4,39,3,9,14,131,43
20260906,r3_d30_t1_w20,416,124,3127,1402,1601,1358,51,7,37,5,9,15,131,43
20260906,r3_d30_t1_w20,417,128,3133,1404,1601,1361,51,8,35,6,9,16,131,43
20260906,r3_d30_t1_w20,418,131,3140,1408,1601,1365,52,9,34,5,9,16,131,43
20260906,r3_d30_t1_w20,419,127,3145,1411,1607,1369,54,11,31,4,9,15,131,43
20260906,r3_d30_t1_w20,420,132,3154,1413,1609,1370,52,11,32,5,10,15,131,43
20260906,r3_d30_t1_w20,421,132,3161,1415,1614,1372,31,10,33,26,12,15,131,43
20260906,r3_d30_t1_w20,422,132,3170,1418,1620,1374,21,11,33,35,13,13,131,43
20260906,r3_d30_t1_w20,423,113,3179,1440,1626,1376,22,26,38,14,9,13,131,43
20260906,r3_d30_t1_w20,424,107,3189,1452,1630,1378,23,35,39,3,9,12,131,43
20260906,r3_d30_t1_w20,425,101,3197,1459,1637,1383,21,35,41,3,9,12,131,43
20260906,r3_d30_t1_w20,426,100,3204,1460,1644,1384,21,31,45,3,10,12,131,43
20260906,r3_d30_t1_w20,427,105,3212,1462,1645,1387,19,21,54,6,14,12,131,43
20260906,r3_d30_t1_w20,428,103,3218,1463,1652,1392,20,19,52,9,13,11,131,43
20260906,r3_d30_t1_w20,429,105,3228,1468,1655,1394,18,12,62,8,16,11,131,43
20260906,r3_d30_t1_w20,430,106,3235,1472,1657,1395,16,15,62,7,17,11,131,43
20260906,r3_d30_t1_w20,431,110,3245,1476,1659,1398,19,17,61,3,17,11,131,43
20260906,r3_d30_t1_w20,432,108,3251,1479,1664,1400,19,13,66,2,17,11,131,43
20260906,r3_d30_t1_w20,433,104,3257,1480,1673,1404,21,8,68,3,17,11,131,43
20260906,r3_d30_t1_w20,434,99,3262,1483,1680,1405,21,9,69,1,17,11,131,43
20260906,r3_d30_t1_w20,435,102,3271,1484,1685,1409,22,8,67,3,16,11,131,43
20260906,r3_d30_t1_w20,436,102,3280,1484,1694,1410,21,6,68,5,14,11,131,43
20260906,r3_d30_t1_w20,437,103,3288,1487,1698,1413,22,7,67,4,12,11,131,43
20260906,r3_d30_t1_w20,438,99,3293,1490,1704,1422,24,10,58,8,10,11,131,43
20260906,r3_d30_t1_w20,439,103,3303,1492,1708,1428,25,10,54,11,9,10,131,43
20260906,r3_d30_t1_w20,440,108,3313,1495,1710,1432,30,10,53,7,9,12,131,43
20260906,r3_d30_t1_w20,441,111,3323,1499,1713,1439,35,11,49,5,9,14,131,43
20260906,r3_d30_t1_w20,442,113,3332,1501,1718,1444,37,13,44,6,9,14,131,43
20260906,r3_d30_t1_w20,443,118,3341,1505,1718,1452,38,12,41,9,9,14,131,43
20260906,r3_d30_t1_w20,444,124,3350,1508,1718,1455,38,11,42,9,9,14,131,43
20260906,r3_d30_t1_w20,445,119,3355,1516,1720,1459,38,18,39,5,9,13,121,40
20260906,r3_d30_t1_w20,446,119,3360,1520,1721,1463,38,17,40,5,9,14,121,40
20260906,r3_d30_t1_w20,447,125,3370,1523,1722,1464,37,16,43,4,9,14,121,40
20260906,r3_d30_t1_w20,448,128,3378,1528,1722,1468,38,15,45,2,9,14,121,40
20260906,r3_d30_t1_w20,449,132,3383,1529,1722,1469,37,14,46,3,9,15,121,40
20260906,r3_d30_t1_w20,450,138,3391,1530,1723,1472,37,14,44,5,10,15,131,43
20260906,r3_d30_t1_w20,451,141,3396,1532,1723,1473,15,10,49,26,11,15,131,43
20260906,r3_d30_t1_w20,452,145,3405,1535,1725,1477,16,9,49,26,13,15,131,43
20260906,r3_d30_t1_w20,453,125,3412,1558,1729,1479,17,26,53,4,9,14,131,43
20260906,r3_d30_t1_w20,454,123,3418,1562,1733,1484,19,22,56,3,9,14,131,43
20260906,r3_d30_t1_w20,455,120,3424,1563,1741,1488,15,19,56,10,12,14,131,43
20260906,r3_d30_t1_w20,456,121,3433,1565,1747,1490,14,16,59,11,13,14,131,43
20260906,r3_d30_t1_w20,457,119,3443,1574,1750,1494,16,22,58,4,14,12,131,43
20260906,r3_d30_t1_w20,458,122,3452,1577,1753,1495,16,16,66,2,16,12,131,43
20260906,r3_d30_t1_w20,459,120,3460,1578,1762,1498,16,12,68,4,16,10,131,43
20260906,r3_d30_t1_w20,460,115,3467,1580,1772,1503,18,10,67,5,16,9,131,43
20260906,r3_d30_t1_w20,461,112,3476,1583,1781,1509,21,9,65,5,18,8,131,43
20260906,r3_d30_t1_w20,462,110,3484,1587,1787,1516,23,10,61,6,18,7,131,43
20260906,r3_d30_t1_w20,463,110,3494,1590,1794,1518,23,12,60,5,17,8,131,43
20260906,r3_d30_t1_w20,464,110,3500,1593,1797,1520,23,10,63,4,18,9,131,43
20260906,r3_d30_t1_w20,465,112,3509,1595,1802,1521,21,8,66,5,17,9,131,43
20260906,r3_d30_t1_w20,466,114,3516,1597,1805,1525,22,7,65,6,15,11,131,43
20260906,r3_d30_t1_w20,467,109,3523,1600,1814,1531,21,6,63,10,12,13,131,43
20260906,r3_d30_t1_w20,468,107,3529,1603,1819,1533,23,7,63,7,10,13,131,43
20260906,r3_d30_t1_w20,469,106,3535,1610,1819,1540,29,10,60,1,9,13,131,43
20260906,r3_d30_t1_w20,470,112,3543,1611,1820,1545,32,9,57,2,9,15,131,43
20260906,r3_d30_t1_w20,471,118,3553,1613,1822,1549,33,6,58,3,9,15,131,43
20260906,r3_d30_t1_w20,472,123,3562,1617,1822,1555,35,9,53,3,9,15,131,43
20260906,r3_d30_t1_w20,473,125,3567,1619,1823,1558,37,10,51,2,9,14,131,43
20260906,r3_d30_t1_w20,474,134,3577,1620,1823,1562,40,10,48,2,9,16,131,43
20260906,r3_d30_t1_w20,475,137,3583,1622,1824,1567,42,11,44,3,9,17,131,43
20260906,r3_d30_t1_w20,476,140,3590,1623,1827,1572,46,5,46,3,9,19,131,43
20260906,r3_d30_t1_w20,477,142,3596,1626,1828,1579,50,6,41,3,9,19,131,43
20260906,r3_d30_t1_w20,478,145,3604,1627,1832,1580,50,6,41,3,9,20,131,43
20260906,r3_d30_t1_w20,479,142,3611,1632,1837,1584,51,10,38,1,9,20,131,43
20260906,r3_d30_t1_w20,480,145,3620,1635,1840,1590,52,11,34,3,10,20,131,43
20260906,r3_d30_t1_w20,481,141,3625,1635,1849,1592,31,9,34,26,12,17,131,43
20260906,r3_d30_t1_w20,482,139,3635,1640,1856,1594,29,10,36,25,14,16,131,43
20260906,r3_d30_t1_w20,483,115,3644,1663,1866,1597,30,26,40,4,9,15,131,43
20260906,r3_d30_t1_w20,484,112,3649,1666,1871,1602,32,26,38,4,9,15,131,43
20260906,r3_d30_t1_w20,485,112,3658,1668,1878,1604,30,21,43,6,12,12,131,43
20260906,r3_d30_t1_w20,486,114,3668,1671,1883,1606,30,19,46,5,15,12,131,43
20260906,r3_d30_t1_w20,487,109,3673,1675,1889,1607,31,17,51,1,13,12,131,43
20260906,r3_d30_t1_w20,488,110,3680,1676,1894,1611,33,12,53,2,14,11,131,43
20260906,r3_d30_t1_w20,489,113,3688,1676,1899,1614,34,8,54,4,17,10,131,43
20260906,r3_d30_t1_w20,490,110,3696,1680,1906,1619,36,7,54,3,16,9,126,43
20260906,r3_d30_t1_w20,491,107,3703,1683,1913,1621,37,7,55,1,17,9,126,43
20260906,r3_d30_t1_w20,492,106,3710,1684,1920,1624,39,8,52,1,18,9,126,43
20260906,r3_d30_t1_w20,493,105,3715,1685,1925,1626,39,2,57,2,18,9,126,43
20260906,r3_d30_t1_w20,494,99,3720,1686,1935,1631,40,3,52,5,17,11,126,43
20260906,r3_d30_t1_w20,495,99,3726,1688,1939,1636,40,4,48,8,17,12,131,43
20260906,r3_d30_t1_w20,496,99,3733,1692,1942,1640,43,8,44,5,14,12,131,43
20260906,r3_d30_t1_w20,497,99,3742,1696,1947,1643,43,8,45,4,13,12,131,43
20260906,r3_d30_t1_w20,498,95,3751,1701,1955,1646,41,11,44,4,10,12,131,43
20260906,r3_d30_t1_w20,499,99,3760,1704,1957,1650,45,9,45,1,9,12,131,43
20260906,r3_d30_t1_w20,500,102,3768,1706,1960,1652,45,5,49,1,9,13,131,43
20260906,r3_d30_t1_w20,501,110,3778,1708,1960,1658,47,7,43,3,9,14,131,43
20260906,r3_d30_t1_w20,502,115,3785,1709,1961,1660,48,6,43,3,9,14,131,43
20260906,r3_d30_t1_w20,503,117,3791,1713,1961,1662,47,8,43,2,9,14,131,43
20260906,r3_d30_t1_w20,504,125,3801,1715,1961,1665,46,8,42,4,9,14,131,43
20260906,r3_d30_t1_w20,505,130,3810,1718,1962,1670,49,10,38,3,9,14,131,43
20260906,r3_d30_t1_w20,506,132,3818,1723,1963,1674,51,12,37,0,9,15,131,43
20260906,r3_d30_t1_w20,507,135,3825,1725,1965,1680,49,10,35,6,9,15,131,43
20260906,r3_d30_t1_w20,508,139,3835,1725,1971,1685,52,8,32,8,9,16,131,43
20260906,r3_d30_t1_w20,509,134,3841,1733,1974,1686,51,13,34,2,9,17,131,43
20260906,r3_d30_t1_w20,510,132,3846,1737,1977,1687,50,15,35,0,9,17,131,43
20260906,r3_d30_t1_w20,511,133,3852,1737,1982,1688,48,15,34,3,11,16,131,43
20260906,r3_d30_t1_w20,512,132,3858,1737,1989,1688,14,6,43,37,13,16,131,43
20260906,r3_d30_t1_w20,513,130,3864,1740,1994,1691,14,8,41,37,12,15,131,43
20260906,r3_d30_t1_w20,514,111,3871,1762,1998,1694,27,26,42,5,9,14,131,43
20260906,r3_d30_t1_w20,515,107,3881,1772,2002,1697,23,30,45,2,9,14,131,43
20260906,r3_d30_t1_w20,516,102,3888,1779,2007,1702,22,29,48,1,9,13,131,43
20260906,r3_d30_t1_w20,517,100,3896,1780,2016,1705,21,17,58,4,10,11,131,43
20260906,r3_d30_t1_w20,518,97,3901,1782,2022,1708,16,14,60,10,12,11,131,43
20260906,r3_d30_t1_w20,519,95,3909,1785,2029,1711,18,13,61,8,13,10,131,43
20260906,r3_d30_t1_w20,520,89,3917,1794,2034,1714,17,19,61,3,13,10,101,38
20260906,r3_d30_t1_w20,521,89,3927,1796,2042,1715,16,15,66,3,15,8,101,38
20260906,r3_d30_t1_w20,522,88,3935,1798,2049,1716,16,10,72,2,14,7,101,38
20260906,r3_d30_t1_w20,523,94,3945,1799,2052,1720,17,9,70,4,15,7,101,38
20260906,r3_d30_t1_w20,524,90,3952,1801,2061,1724,16,7,70,7,17,8,101,38
20260906,r3_d30_t1_w20,525,86,3958,1804,2068,1726,17,7,71,5,16,7,126,43
20260906,r3_d30_t1_w20,526,79,3964,1810,2075,1737,21,13,60,6,12,7,126,43
20260906,r3_d30_t1_w20,527,77,3969,1811,2081,1741,20,11,59,10,12,8,126,43
20260906,r3_d30_t1_w20,528,72,3978,1817,2089,1746,21,12,59,8,9,9,126,43
20260906,r3_d30_t1_w20,529,72,3986,1823,2091,1753,24,12,58,6,9,10,126,43
20260906,r3_d30_t1_w20,530,77,3996,1828,2091,1762,29,12,54,5,9,11,131,43
20260906,r3_d30_t1_w20,531,83,4006,1832,2091,1765,30,13,54,3,9,11,131,43
20260906,r3_d30_t1_w20,532,89,4016,1835,2092,1769,31,14,52,3,9,11,131,43
20260906,r3_d30_t1_w20,533,91,4021,1838,2092,1773,32,11,54,3,9,14,131,43
20260906,r3_d30_t1_w20,534,94,4027,1840,2093,1777,35,13,50,2,9,13,131,43
20260906,r3_d30_t1_w20,535,97,4032,1841,2094,1782,39,10,49,2,9,13,131,43
20260906,r3_d30_t1_w20,536,101,4038,1843,2094,1785,39,11,47,3,9,14,131,43
20260906,r3_d30_t1_w20,537,106,4047,1847,2094,1789,39,12,46,3,9,15,131,43
20260906,r3_d30_t1_w20,538,110,4053,1849,2094,1792,39,8,49,4,9,15,131,43
20260906,r3_d30_t1_w20,539,115,4060,1850,2095,1797,43,7,46,4,9,16,131,43
20260906,r3_d30_t1_w20,540,116,4067,1855,2096,1803,43,11,41,5,10,16,131,43
20260906,r3_d30_t1_w20,541,123,4076,1856,2097,1805,30,10,41,19,12,16,131,43
20260906,r3_d30_t1_w20,542,126,4084,1860,2098,1807,24,11,42,23,14,16,131,43
20260906,r3_d30_t1_w20,543,117,4090,1875,2098,1811,25,22,42,11,11,16,131,43
20260906,r3_d30_t1_w20,544,115,4100,1885,2100,1812,23,27,46,4,10,15,131,43
20260906,r3_d30_t1_w20,545,113,4105,1888,2104,1816,24,19,53,4,12,15,131,43
20260906,r3_d30_t1_w20,546,114,4112,1889,2109,1819,25,15,55,5,12,15,131,43
20260906,r3_d30_t1_w20,547,114,4117,1892,2111,1826,26,13,53,8,14,15,131,43
20260906,r3_d30_t1_w20,548,113,4126,1894,2119,1828,26,9,57,8,17,14,131,43
20260906,r3_d30_t1_w20,549,113,4134,1901,2120,1832,27,9,60,4,16,12,131,43
20260906,r3_d30_t1_w20,550,112,4143,1903,2128,1833,28,9,61,2,18,10,126,43
20260906,r3_d30_t1_w20,551,110,4153,1907,2136,1836,25,8,63,4,18,8,126,43
20260906,r3_d30_t1_w20,552,108,4162,1908,2146,1840,25,8,60,7,18,8,126,43
20260906,r3_d30_t1_w20,553,106,4167,1912,2149,1844,26,11,57,6,18,8,126,43
20260906,r3_d30_t1_w20,554,107,4176,1916,2153,1853,29,14,49,8,18,9,126,43
20260906,r3_d30_t1_w20,555,106,4185,1922,2157,1857,28,13,52,7,17,9,131,43
20260906,r3_d30_t1_w20,556,105,4194,1928,2161,1860,27,15,53,5,13,12,131,43
20260906,r3_d30_t1_w20,557,105,4203,1931,2167,1863,26,17,51,6,12,13,131,43
20260906,r3_d30_t1_w20,558,107,4211,1934,2170,1866,26,15,53,6,12,13,131,43
20260906,r3_d30_t1_w20,559,105,4219,1938,2176,1871,25,16,51,8,9,13,131,43
20260906,r3_d30_t1_w20,560,109,4225,1940,2176,1873,28,11,56,5,9,15,131,43
20260906,r3_d30_t1_w20,561,112,4234,1944,2178,1880,35,11,53,1,9,15,131,43
20260906,r3_d30_t1_w20,562,118,4241,1944,2179,1884,37,8,52,3,9,15,131,43
20260906,r3_d30_t1_w20,563,126,4251,1945,2180,1887,40,5,53,2,9,17,131,43
20260906,r3_d30_t1_w20,564,128,4259,1949,2182,1893,43,8,48,1,9,17,131,43
20260906,r3_d30_t1_w20,565,133,4265,1950,2182,1896,43,8,46,3,9,18,131,43
20260906,r3_d30_t1_w20,566,139,4273,1952,2182,1899,44,8,45,3,9,18,131,43
20260906,r3_d30_t1_w20,567,141,4278,1955,2182,1901,45,9,45,1,9,18,131,43
20260906,r3_d30_t1_w20,568,143,4285,1957,2185,1903,46,7,47,0,9,21,131,43
20260906,r3_d30_t1_w20,569,141,4290,1957,2192,1912,51,2,43,4,9,21,131,43
20260906,r3_d30_t1_w20,570,138,4299,1960,2201,1915,49,4,41,6,10,17,121,43
20260906,r3_d30_t1_w20,571,139,4308,1964,2205,1916,34,7,41,18,15,16,121,43
20260906,r3_d30_t1_w20,572,134,4313,1967,2212,1919,32,9,39,20,15,15,121,43
20260906,r3_d30_t1_w20,573,119,4319,1984,2216,1924,34,23,37,6,9,15,121,43
20260906,r3_d30_t1_w20,574,117,4328,1988,2223,1927,36,18,43,3,12,14,121,43
20260906,r3_d30_t1_w20,575,114,4335,1991,2230,1934,38,12,45,5,14,13,131,43
20260906,r3_d30_t1_w20,576,113,4341,1993,2235,1938,39,10,45,6,15,13,131,43
20260906,r3_d30_t1_w20,577,112,4351,1998,2241,1941,40,8,49,3,17,12,131,43
20260906,r3_d30_t1_w20,578,112,4359,2000,2247,1944,39,6,50,5,16,12,131,43
20260906,r3_d30_t1_w20,579,115,4369,2002,2252,1946,38,5,51,6,17,10,131,43
20260906,r3_d30_t1_w20,580,115,4378,2007,2256,1947,37,8,52,3,18,10,131,43
20260906,r3_d30_t1_w20,581,110,4383,2010,2263,1948,35,9,53,3,17,10,131,43
20260906,r3_d30_t1_w20,582,110,4390,2011,2269,1948,35,8,55,2,16,13,131,43
20260906,r3_d30_t1_w20,583,103,4395,2013,2279,1949,35,6,58,1,17,13,131,43
20260906,r3_d30_t1_w20,584,101,4400,2014,2285,1955,38,1,58,3,16,13,131,43
20260906,r3_d30_t1_w20,585,101,4406,2015,2290,1959,40,2,54,4,14,13,131,43
20260906,r3_d30_t1_w20,586,101,4416,2018,2297,1965,41,5,48,6,12,15,131,43
20260906,r3_d30_t1_w20,587,100,4421,2020,2301,1969,42,5,46,7,12,15,131,43
20260906,r3_d30_t1_w20,588,97,4427,2024,2306,1972,42,7,45,6,10,15,131,43
20260906,r3_d30_t1_w20,589,98,4435,2027,2310,1978,45,9,40,6,9,15,131,43
20260906,r3_d30_t1_w20,590,104,4443,2029,2310,1983,50,9,37,4,9,17,131,43
20260906,r3_d30_t1_w20,591,111,4453,2032,2310,1988,53,10,34,3,9,17,131,43
20260906,r3_d30_t1_w20,592,118,4463,2034,2311,1992,55,10,32,3,9,16,131,43
20260906,r3_d30_t1_w20,593,121,4469,2036,2312,1995,57,11,30,2,9,15,131,43
20260906,r3_d30_t1_w20,594,124,4475,2039,2312,2001,58,11,27,4,9,15,131,43
20260906,r3_d30_t1_w20,595,132,4484,2040,2312,2002,59,8,30,3,9,15,131,43
20260906,r3_d30_t1_w20,596,135,4493,2044,2314,2006,61,9,29,1,9,17,131,43
20260906,r3_d30_t1_w20,597,143,4501,2044,2314,2008,63,6,30,1,9,17,131,43
20260906,r3_d30_t1_w20,598,146,4511,2045,2320,2010,64,4,31,1,9,17,131,43
20260906,r3_d30_t1_w20,599,144,4519,2047,2328,2010,62,4,33,1,9,17,131,43
20260906,r3_d30_t1_w20,600,143,4529,2050,2336,2011,59,7,32,2,10,17,121,40
20260906,r6_d30_t1_w15,1,5,8,3,0,0,96,3,0,1,1,2,131,43
20260906,r6_d30_t1_w15,2,10,14,4,0,0,83,4,0,13,2,3,131,43
20260906,r6_d30_t1_w15,3,17,23,6,0,0,65,5,1,29,4,4,131,43
20260906,r6_d30_t1_w15,4,13,31,18,0,0,64,16,2,18,2,2,131,43
20260906,r6_d30_t1_w15,5,5,40,35,0,0,64,29,6,1,0,1,131,43
20260906,r6_d30_t1_w15,6,10,47,37,0,0,63,26,11,0,1,2,131,43
20260906,r6_d30_t1_w15,7,17,54,37,0,0,63,14,23,0,4,3,131,43
20260906,r6_d30_t1_w15,8,22,61,39,0,0,61,10,29,0,5,4,131,43
20260906,r6_d30_t1_w15,9,28,71,43,0,0,57,12,31,0,6,5,131,43
20260906,r6_d30_t1_w15,10,32,78,46,0,0,54,12,34,0,6,6,131,43
20260906,r6_d30_t1_w15,11,41,88,47,0,0,50,12,35,3,7,8,131,43
20260906,r6_d30_t1_w15,12,49,96,47,0,0,50,9,38,3,8,9,131,43
20260906,r6_d30_t1_w15,13,51,102,51,0,0,49,8,43,0,9,9,131,43
20260906,r6_d30_t1_w15,14,57,108,51,0,1,47,6,44,3,9,10,131,43
20260906,r6_d30_t1_w15,15,62,113,51,0,3,48,5,43,4,9,10,131,43
20260906,r6_d30_t1_w15,16,63,118,54,1,3,47,6,45,2,9,9,131,43
20260906,r6_d30_t1_w15,17,67,125,57,1,4,46,7,46,1,9,11,131,43
20260906,r6_d30_t1_w15,18,70,130,58,2,6,48,7,45,0,9,11,131,43
20260906,r6_d30_t1_w15,19,76,139,60,3,8,48,8,44,0,9,13,131,43
20260906,r6_d30_t1_w15,20,82,147,61,4,11,50,7,43,0,9,13,121,40
20260906,r6_d30_t1_w15,21,87,154,62,5,16,52,8,38,2,9,13,121,40
20260906,r6_d30_t1_w15,22,93,163,62,8,22,56,4,36,4,9,13,121,40
20260906,r6_d30_t1_w15,23,92,168,65,11,28,61,7,30,2,9,14,121,40
20260906,r6_d30_t1_w15,24,96,178,67,15,30,62,8,29,1,9,14,121,40
20260906,r6_d30_t1_w15,25,101,188,68,19,31,62,5,32,1,9,14,126,43
20260906,r6_d30_t1_w15,26,103,198,69,26,34,64,5,30,1,9,14,126,43
20260906,r6_d30_t1_w15,27,103,206,70,33,37,64,3,30,3,9,16,126,43
20260906,r6_d30_t1_w15,28,102,212,72,38,37,62,5,30,3,9,16,126,43
20260906,r6_d30_t1_w15,29,100,218,76,42,42,62,7,27,4,9,15,126,43
20260906,r6_d30_t1_w15,30,99,225,80,46,43,59,8,29,4,9,15,131,43
20260906,r6_d30_t1_w15,31,102,235,84,49,43,56,12,29,3,11,15,131,43
20260906,r6_d30_t1_w15,32,103,242,87,52,49,38,12,26,24,15,15,131,43
20260906,r6_d30_t1_w15,33,101,247,89,57,49,37,12,28,23,15,13,131,43
20260906,r6_d30_t1_w15,34,82,257,112,63,51,38,31,30,1,11,13,131,43
20260906,r6_d30_t1_w15,35,79,262,113,70,55,39,27,31,3,13,12,131,43
20260906,r6_d30_t1_w15,36,77,268,114,77,60,38,24,30,8,14,12,131,43
20260906,r6_d30_t1_w15,37,72,274,119,83,61,35,23,35,7,15,11,131,43
20260906,r6_d30_t1_w15,38,72,280,124,84,61,35,22,41,2,17,11,131,43
20260906,r6_d30_t1_w15,39,68,287,126,93,61,34,19,46,1,17,8,131,43
20260906,r6_d30_t1_w15,40,65,293,126,102,61,33,9,56,2,16,8,131,43
20260906,r6_d30_t1_w15,41,62,301,127,112,62,33,5,60,2,13,9,131,43
20260906,r6_d30_t1_w15,42,63,309,129,117,64,32,5,60,3,12,8,131,43
20260906,r6_d30_t1_w15,43,65,316,130,121,68,36,6,56,2,10,11,131,43
20260906,r6_d30_t1_w15,44,63,322,134,125,72,37,8,54,1,9,12,131,43
20260906,r6_d30_t1_w15,45,71,330,134,125,72,37,4,58,1,9,13,131,43
20260906,r6_d30_t1_w15,46,73,335,137,125,75,37,7,55,1,9,13,131,43
20260906,r6_d30_t1_w15,47,81,345,139,125,78,38,8,53,1,9,13,131,43
20260906,r6_d30_t1_w15,48,87,354,142,125,83,41,8,51,0,9,15,131,43
20260906,r6_d30_t1_w15,49,93,362,144,125,91,43,9,44,4,9,15,131,43
20260906,r6_d30_t1_w15,50,96,371,145,130,96,47,9,40,4,9,14,126,43
20260906,r6_d30_t1_w15,51,96,377,149,132,97,48,12,40,0,9,15,126,43
20260906,r6_d30_t1_w15,52,94,382,151,137,102,50,14,35,1,9,14,126,43
20260906,r6_d30_t1_w15,53,97,392,152,143,103,50,13,36,1,9,14,126,43
20260906,r6_d30_t1_w15,54,98,399,154,147,106,50,11,37,2,9,14,126,43
20260906,r6_d30_t1_w15,55,98,406,155,153,113,56,10,32,2,9,14,131,43
20260906,r6_d30_t1_w15,56,93,411,159,159,120,61,13,26,0,9,13,131,43
20260906,r6_d30_t1_w15,57,92,416,160,164,123,59,11,26,4,9,13,131,43
20260906,r6_d30_t1_w15,58,91,422,160,171,127,63,9,24,4,9,13,131,43
20260906,r6_d30_t1_w15,59,92,429,165,172,129,63,13,23,1,9,13,131,43
20260906,r6_d30_t1_w15,60,89,436,168,179,130,60,13,25,2,9,12,131,43
20260906,r6_d30_t1_w15,61,93,446,171,182,131,56,14,26,4,12,11,131,43
20260906,r6_d30_t1_w15,62,91,452,172,189,133,23,13,26,38,15,11,131,43
20260906,r6_d30_t1_w15,63,87,457,175,195,134,18,13,28,41,15,11,131,43
20260906,r6_d30_t1_w15,64,61,467,203,203,138,28,34,31,7,9,9,131,43
20260906,r6_d30_t1_w15,65,55,472,208,209,139,30,24,45,1,9,8,131,43
20260906,r6_d30_t1_w15,66,49,480,217,214,140,23,26,51,0,9,8,131,43
20260906,r6_d30_t1_w15,67,47,489,223,219,141,18,23,59,0,9,8,131,43
20260906,r6_d30_t1_w15,68,47,497,223,227,144,16,19,60,5,10,7,131,43
20260906,r6_d30_t1_w15,69,48,504,223,233,146,17,12,65,6,11,6,131,43
20260906,r6_d30_t1_w15,70,45,511,229,237,149,18,13,67,2,13,4,131,43
20260906,r6_d30_t1_w15,71,49,520,230,241,150,18,14,66,2,14,5,131,43
20260906,r6_d30_t1_w15,72,53,529,231,245,153,19,9,69,3,13,6,131,43
20260906,r6_d30_t1_w15,73,56,539,233,250,154,18,8,71,3,10,8,131,43
20260906,r6_d30_t1_w15,74,54,544,235,255,157,18,7,71,4,9,9,131,43
20260906,r6_d30_t1_w15,75,60,551,235,256,160,21,6,69,4,9,9,131,43
20260906,r6_d30_t1_w15,76,67,560,237,256,165,24,5,67,4,9,10,131,43
20260906,r6_d30_t1_w15,77,75,569,238,256,169,26,6,63,5,9,10,131,43
20260906,r6_d30_t1_w15,78,77,574,241,256,173,29,5,63,3,9,11,131,43
20260906,r6_d30_t1_w15,79,82,584,246,256,180,31,10,56,3,9,12,131,43
20260906,r6_d30_t1_w15,80,87,592,249,256,186,33,13,50,4,9,15,131,43
20260906,r6_d30_t1_w15,81,89,597,252,256,193,36,13,46,5,9,15,131,43
20260906,r6_d30_t1_w15,82,90,604,257,257,199,35,16,42,7,9,15,131,43
20260906,r6_d30_t1_w15,83,90,609,262,257,205,35,18,39,8,9,17,131,43
20260906,r6_d30_t1_w15,84,91,618,270,257,212,36,22,36,6,9,19,131,43
20260906,r6_d30_t1_w15,85,93,627,277,257,220,37,26,31,6,9,19,131,43
20260906,r6_d30_t1_w15,86,97,635,281,257,224,38,27,30,5,9,18,131,43
20260906,r6_d30_t1_w15,87,99,644,285,260,226,39,27,32,2,9,17,131,43
20260906,r6_d30_t1_w15,88,99,653,286,268,229,39,23,34,4,9,16,131,43
20260906,r6_d30_t1_w15,89,101,662,289,272,229,36,14,46,4,9,16,131,43
20260906,r6_d30_t1_w15,90,98,667,294,275,231,36,16,47,1,9,16,131,43
20260906,r6_d30_t1_w15,91,98,674,295,281,232,35,16,47,2,10,15,131,43
20260906,r6_d30_t1_w15,92,100,684,296,288,234,18,13,49,20,14,13,131,43
20260906,r6_d30_t1_w15,93,100,690,298,292,235,19,11,52,18,16,11,131,43
20260906,r6_d30_t1_w15,94,81,696,316,299,238,21,24,54,1,11,10,131,43
20260906,r6_d30_t1_w15,95,79,702,316,307,240,21,20,56,3,14,9,131,43
20260906,r6_d30_t1_w15,96,78,707,319,310,241,19,16,62,3,14,8,131,43
20260906,r6_d30_t1_w15,97,79,716,322,315,245,21,10,67,2,17,7,131,43
20260906,r6_d30_t1_w15,98,82,725,325,318,249,22,7,69,2,17,8,131,43
20260906,r6_d30_t1_w15,99,82,735,328,325,254,22,9,65,4,17,8,131,43
20260906,r6_d30_t1_w15,100,82,743,330,331,260,27,9,61,3,17,9,121,40
20260906,r6_d30_t1_w15,101,78,749,335,336,268,29,13,54,4,16,9,121,40
20260906,r6_d30_t1_w15,102,80,759,335,344,272,30,9,54,7,14,11,121,40
20260906,r6_d30_t1_w15,103,78,767,340,349,275,29,14,51,6,11,11,121,40
20260906,r6_d30_t1_w15,104,79,775,343,353,277,31,13,53,3,9,11,121,40
20260906,r6_d30_t1_w15,105,87,785,345,353,281,36,9,55,0,9,12,131,43
20260906,r6_d30_t1_w15,106,93,794,348,353,285,35,8,55,2,9,13,131,43
20260906,r6_d30_t1_w15,107,99,801,349,353,288,36,7,54,3,9,14,131,43
20260906,r6_d30_t1_w15,108,105,809,351,353,295,42,8,48,2,9,14,131,43
20260906,r6_d30_t1_w15,109,110,817,353,354,300,45,8,45,2,9,14,131,43
20260906,r6_d30_t1_w15,110,107,823,356,360,303,44,10,43,3,9,13,131,43
20260906,r6_d30_t1_w15,111,112,833,359,362,307,46,12,40,2,9,13,131,43
20260906,r6_d30_t1_w15,112,114,842,362,366,310,48,14,38,0,9,13,131,43
20260906,r6_d30_t1_w15,113,108,847,365,374,314,48,16,35,1,9,13,131,43
20260906,r6_d30_t1_w15,114,101,852,369,382,318,47,17,34,2,9,12,131,43
20260906,r6_d30_t1_w15,115,100,861,372,389,324,49,13,35,3,9,13,131,43
20260906,r6_d30_t1_w15,116,99,866,374,393,327,51,15,32,2,9,15,131,43
20260906,r6_d30_t1_w15,117,96,873,378,399,334,53,17,27,3,9,16,131,43
20260906,r6_d30_t1_w15,118,93,879,380,406,336,53,15,29,3,9,16,131,43
20260906,r6_d30_t1_w15,119,93,889,386,410,338,51,15,33,1,9,13,131,43
20260906,r6_d30_t1_w15,120,88,894,389,417,340,50,16,33,1,9,13,131,43
20260906,r6_d30_t1_w15,121,84,899,391,424,340,47,17,34,2,11,11,131,43
20260906,r6_d30_t1_w15,122,87,908,391,430,340,30,14,37,19,14,10,131,43
20260906,r6_d30_t1_w15,123,85,917,395,437,342,29,14,39,18,14,10,131,43
20260906,r6_d30_t1_w15,124,65,922,413,444,345,31,28,40,1,8,10,131,43
20260906,r6_d30_t1_w15,125,64,929,418,447,348,27,26,44,3,10,10,121,40
20260906,r6_d30_t1_w15,126,63,938,419,456,350,27,23,46,4,13,8,121,40
20260906,r6_d30_t1_w15,127,58,944,423,463,351,27,19,53,1,13,5,121,40
20260906,r6_d30_t1_w15,128,61,953,427,465,352,25,18,57,0,15,5,121,40
20260906,r6_d30_t1_w15,129,64,958,428,466,354,25,17,57,1,16,5,121,40
20260906,r6_d30_t1_w15,130,64,966,429,473,356,25,12,61,2,16,6,131,43
20260906,r6_d30_t1_w15,131,70,976,430,476,357,25,9,64,2,14,7,131,43
20260906,r6_d30_t1_w15,132,71,986,434,481,360,24,11,63,2,13,7,131,43
20260906,r6_d30_t1_w15,133,75,995,435,485,366,27,10,59,4,11,8,131,43
20260906,r6_d30_t1_w15,134,73,1003,438,492,368,27,8,62,3,9,9,131,43
20260906,r6_d30_t1_w15,135,79,1010,439,492,375,34,9,55,2,9,9,131,43
20260906,r6_d30_t1_w15,136,87,1020,441,492,382,39,10,49,2,9,11,131,43
20260906,r6_d30_t1_w15,137,90,1029,444,495,387,42,11,46,1,9,13,131,43
20260906,r6_d30_t1_w15,138,97,1036,444,495,390,45,10,44,1,9,14,131,43
20260906,r6_d30_t1_w15,139,103,1043,445,495,394,48,9,42,1,9,15,131,43
20260906,r6_d30_t1_w15,140,111,1051,445,495,396,49,6,43,2,9,15,131,43
20260906,r6_d30_t1_w15,141,111,1060,449,500,399,48,7,43,2,9,15,131,43
20260906,r6_d30_t1_w15,142,110,1066,451,505,403,51,6,42,1,9,16,131,43
20260906,r6_d30_t1_w15,143,109,1073,455,509,406,51,9,40,0,9,17,131,43
20260906,r6_d30_t1_w15,144,110,1081,457,514,412,55,9,36,0,9,16,131,43
20260906,r6_d30_t1_w15,145,108,1089,460,521,414,53,11,35,1,9,16,131,43
20260906,r6_d30_t1_w15,146,105,1098,463,530,418,54,11,34,1,9,16,131,43
20260906,r6_d30_t1_w15,147,102,1104,467,535,426,57,12,29,2,9,16,131,43
20260906,r6_d30_t1_w15,148,104,1113,467,542,429,60,10,28,2,9,18,131,43
20260906,r6_d30_t1_w15,149,103,1120,469,548,429,60,11,29,0,9,19,131,43
20260906,r6_d30_t1_w15,150,105,1130,471,554,431,58,12,28,2,10,17,131,43
20260906,r6_d30_t1_w15,151,102,1137,472,563,433,46,12,27,15,12,15,131,43
20260906,r6_d30_t1_w15,152,100,1146,475,571,435,23,12,28,37,15,13,131,43
20260906,r6_d30_t1_w15,153,87,1153,488,578,437,22,22,29,27,13,12,131,43
20260906,r6_d30_t1_w15,154,71,1163,509,583,438,26,35,36,3,9,12,131,43
20260906,r6_d30_t1_w15,155,63,1170,516,591,442,24,33,41,2,9,12,126,43
20260906,r6_d30_t1_w15,156,61,1178,518,599,442,22,27,49,2,9,10,126,43
20260906,r6_d30_t1_w15,157,62,1186,521,603,443,21,20,58,1,13,7,126,43
20260906,r6_d30_t1_w15,158,64,1194,522,608,446,21,15,61,3,15,6,126,43
20260906,r6_d30_t1_w15,159,66,1204,524,614,450,23,16,58,3,18,5,126,43
20260906,r6_d30_t1_w15,160,66,1210,527,617,452,23,16,59,2,17,6,131,43
20260906,r6_d30_t1_w15,161,66,1217,528,623,453,22,11,64,3,15,8,131,43
20260906,r6_d30_t1_w15,162,66,1224,531,627,457,23,12,62,3,13,8,131,43
20260906,r6_d30_t1_w15,163,64,1231,533,634,458,24,10,65,1,10,9,131,43
20260906,r6_d30_t1_w15,164,60,1236,535,641,462,25,9,64,2,9,9,131,43
20260906,r6_d30_t1_w15,165,65,1244,538,641,471,28,9,58,5,9,9,131,43
20260906,r6_d30_t1_w15,166,72,1253,540,641,475,30,10,55,5,9,10,131,43
20260906,r6_d30_t1_w15,167,74,1259,543,642,475,29,12,56,3,9,10,131,43
20260906,r6_d30_t1_w15,168,77,1266,547,642,483,33,15,49,3,9,10,131,43
20260906,r6_d30_t1_w15,169,85,1276,549,642,487,35,16,46,3,9,10,131,43
20260906,r6_d30_t1_w15,170,89,1282,551,642,490,35,15,46,4,9,10,131,43
20260906,r6_d30_t1_w15,171,95,1291,553,643,500,40,13,40,7,9,12,131,43
20260906,r6_d30_t1_w15,172,98,1299,557,644,503,40,13,41,6,9,13,131,43
20260906,r6_d30_t1_w15,173,99,1306,563,644,509,42,14,40,4,9,13,131,43
20260906,r6_d30_t1_w15,174,99,1314,569,646,514,42,17,38,3,9,13,131,43
20260906,r6_d30_t1_w15,175,101,1321,571,649,517,41,16,38,5,9,12,131,43
20260906,r6_d30_t1_w15,176,103,1331,573,655,518,39,12,43,6,9,14,131,43
20260906,r6_d30_t1_w15,177,100,1336,581,655,521,36,17,43,4,9,14,131,43
20260906,r6_d30_t1_w15,178,99,1342,585,658,523,34,18,44,4,9,14,131,43
20260906,r6_d30_t1_w15,179,100,1348,587,661,526,34,20,41,5,9,14,131,43
20260906,r6_d30_t1_w15,180,98,1358,594,666,528,28,24,42,6,11,14,121,40
20260906,r6_d30_t1_w15,181,98,1368,599,671,532,16,24,43,17,12,12,121,40
20260906,r6_d30_t1_w15,182,100,1378,602,676,533,16,25,44,15,15,11,121,40
20260906,r6_d30_t1_w15,183,86,1385,617,682,539,16,27,51,6,12,10,121,40
20260906,r6_d30_t1_w15,184,84,1392,619,689,541,15,19,59,7,16,10,121,40
20260906,r6_d30_t1_w15,185,80,1399,625,694,543,15,19,63,3,15,8,131,43
20260906,r6_d30_t1_w15,186,80,1407,627,700,548,18,20,59,3,17,7,131,43
20260906,r6_d30_t1_w15,187,80,1416,630,706,551,18,17,62,3,17,7,131,43
20260906,r6_d30_t1_w15,188,83,1426,633,710,557,20,17,59,4,17,8,131,43
20260906,r6_d30_t1_w15,189,80,1431,634,717,558,20,13,63,4,16,9,131,43
20260906,r6_d30_t1_w15,190,78,1437,637,722,558,19,11,68,2,15,10,131,43
20260906,r6_d30_t1_w15,191,72,1444,641,731,564,20,10,67,3,12,10,131,43
20260906,r6_d30_t1_w15,192,79,1453,643,731,569,22,11,63,4,12,10,131,43
20260906,r6_d30_t1_w15,193,82,1462,646,734,577,27,10,59,4,9,10,131,43
20260906,r6_d30_t1_w15,194,82,1469,649,738,581,28,9,59,4,9,11,131,43
20260906,r6_d30_t1_w15,195,84,1475,653,738,586,31,12,55,2,9,11,131,43
20260906,r6_d30_t1_w15,196,90,1485,657,738,588,30,14,55,1,9,11,131,43
20260906,r6_d30_t1_w15,197,96,1494,660,738,595,32,14,51,3,9,13,131,43
20260906,r6_d30_t1_w15,198,99,1500,663,738,599,34,15,49,2,9,14,131,43
20260906,r6_d30_t1_w15,199,100,1506,666,740,602,34,12,52,2,9,13,131,43
20260906,r6_d30_t1_w15,200,102,1516,668,746,606,34,13,49,4,9,13,131,43
20260906,r6_d30_t1_w15,201,99,1525,673,753,610,35,15,48,2,9,13,131,43
20260906,r6_d30_t1_w15,202,96,1531,678,757,615,35,18,45,2,9,13,131,43
20260906,r6_d30_t1_w15,203,95,1540,678,767,618,38,16,44,2,9,13,131,43
20260906,r6_d30_t1_w15,204,96,1546,681,769,620,37,15,46,2,9,13,131,43
20260906,r6_d30_t1_w15,205,98,1554,682,774,625,41,11,46,2,9,12,131,43
20260906,r6_d30_t1_w15,206,100,1564,686,778,628,39,12,46,3,9,13,131,43
20260906,r6_d30_t1_w15,207,98,1572,690,784,634,39,14,42,5,9,12,131,43
20260906,r6_d30_t1_w15,208,94,1578,693,791,637,42,13,43,2,9,15,131,43
20260906,r6_d30_t1_w15,209,98,1588,697,793,643,46,17,37,0,9,17,131,43
20260906,r6_d30_t1_w15,210,99,1597,702,796,644,41,19,39,1,9,16,131,43
20260906,r6_d30_t1_w15,211,97,1604,703,804,646,40,18,39,3,10,16,131,43
20260906,r6_d30_t1_w15,212,98,1613,705,810,652,32,18,35,15,14,14,131,43
20260906,r6_d30_t1_w15,213,95,1618,708,815,654,32,20,34,14,15,13,131,43
20260906,r6_d30_t1_w15,214,87,1625,721,817,656,32,24,41,3,14,13,131,43
20260906,r6_d30_t1_w15,215,84,1631,722,825,659,33,18,45,4,15,12,131,43
20260906,r6_d30_t1_w15,216,81,1637,724,832,662,36,17,45,2,16,11,131,43
20260906,r6_d30_t1_w15,217,84,1647,728,835,664,36,17,47,0,18,11,131,43
20260906,r6_d30_t1_w15,218,84,1654,728,842,667,37,13,48,2,18,10,131,43
20260906,r6_d30_t1_w15,219,83,1660,729,848,670,38,10,49,3,18,10,131,43
20260906,r6_d30_t1_w15,220,80,1665,731,854,671,38,9,51,2,14,9,131,43
20260906,r6_d30_t1_w15,221,79,1671,732,860,672,37,5,55,3,14,9,131,43
20260906,r6_d30_t1_w15,222,77,1676,733,866,674,38,3,56,3,13,10,131,43
20260906,r6_d30_t1_w15,223,77,1684,737,870,676,37,5,56,2,11,10,131,43
20260906,r6_d30_t1_w15,224,73,1691,739,879,679,38,6,54,2,9,11,131,43
20260906,r6_d30_t1_w15,225,77,1700,744,879,687,40,10,47,3,9,12,131,43
20260906,r6_d30_t1_w15,226,84,1710,747,879,694,42,12,41,5,9,12,131,43
20260906,r6_d30_t1_w15,227,85,1716,752,879,698,41,16,38,5,9,12,131,43
20260906,r6_d30_t1_w15,228,91,1725,755,879,705,47,18,32,3,9,14,131,43
20260906,r6_d30_t1_w15,229,93,1732,757,882,709,51,17,31,1,9,16,131,43
20260906,r6_d30_t1_w15,230,97,1742,759,886,710,51,17,32,0,9,17,131,43
20260906,r6_d30_t1_w15,231,96,1748,761,891,714,52,16,31,1,9,15,131,43
20260906,r6_d30_t1_w15,232,92,1755,763,900,716,51,16,31,2,9,15,131,43
20260906,r6_d30_t1_w15,233,93,1763,765,905,718,52,12,35,1,9,15,131,43
20260906,r6_d30_t1_w15,234,92,1768,767,909,720,51,11,36,2,9,15,131,43
20260906,r6_d30_t1_w15,235,92,1775,770,913,725,53,13,32,2,9,16,111,40
20260906,r6_d30_t1_w15,236,95,1785,772,918,728,54,11,33,2,9,16,111,40
20260906,r6_d30_t1_w15,237,102,1794,772,920,729,55,5,38,2,9,16,111,40
20260906,r6_d30_t1_w15,238,102,1801,775,924,731,56,7,37,0,9,15,111,40
20260906,r6_d30_t1_w15,239,105,1807,776,926,731,55,7,38,0,9,15,111,40
20260906,r6_d30_t1_w15,240,102,1814,778,934,735,56,8,35,1,10,13,131,43
20260906,r6_d30_t1_w15,241,101,1821,779,941,737,44,8,34,14,12,12,131,43
20260906,r6_d30_t1_w15,242,103,1831,782,946,740,13,8,34,45,15,12,131,43
20260906,r6_d30_t1_w15,243,88,1839,796,955,742,13,19,35,33,11,11,131,43
20260906,r6_d30_t1_w15,244,72,1845,812,961,746,33,31,35,1,9,11,131,43
20260906,r6_d30_t1_w15,245,64,1854,823,967,748,24,34,41,1,9,10,131,43
20260906,r6_d30_t1_w15,246,58,1860,829,973,751,21,34,44,1,9,9,131,43
20260906,r6_d30_t1_w15,247,55,1867,835,977,755,20,29,51,0,8,9,131,43
20260906,r6_d30_t1_w15,248,53,1873,835,985,755,18,19,61,2,11,6,131,43
20260906,r6_d30_t1_w15,249,53,1879,837,989,760,19,14,63,4,11,6,131,43
20260906,r6_d30_t1_w15,250,52,1885,839,994,761,18,13,65,4,10,5,131,43
20260906,r6_d30_t1_w15,251,48,1891,841,1002,762,19,11,68,2,11,7,131,43
20260906,r6_d30_t1_w15,252,48,1901,844,1009,767,20,12,65,3,10,7,131,43
20260906,r6_d30_t1_w15,253,51,1911,845,1015,771,20,11,63,6,10,8,131,43
20260906,r6_d30_t1_w15,254,51,1918,849,1018,777,21,13,59,7,9,8,131,43
20260906,r6_d30_t1_w15,255,59,1928,851,1018,778,23,13,60,4,9,9,122,43
20260906,r6_d30_t1_w15,256,63,1938,857,1018,782,25,17,58,0,9,11,122,43
20260906,r6_d30_t1_w15,257,70,1948,858,1020,787,27,12,59,2,9,12,122,43
20260906,r6_d30_t1_w15,258,78,1956,858,1020,790,30,11,57,2,9,12,122,43
20260906,r6_d30_t1_w15,259,82,1962,860,1020,795,31,13,52,4,9,12,122,43
20260906,r6_d30_t1_w15,260,89,1971,862,1020,800,33,13,49,5,9,13,131,43
20260906,r6_d30_t1_w15,261,91,1977,866,1020,808,40,16,42,2,9,13,131,43
20260906,r6_d30_t1_w15,262,96,1984,868,1020,813,44,13,42,1,9,15,131,43
20260906,r6_d30_t1_w15,263,97,1989,872,1020,817,43,16,39,2,9,15,131,43
20260906,r6_d30_t1_w15,264,103,1997,873,1021,822,43,14,37,6,9,16,131,43
20260906,r6_d30_t1_w15,265,105,2005,878,1022,826,44,16,36,4,9,16,131,43
20260906,r6_d30_t1_w15,266,106,2012,884,1022,829,43,20,35,2,9,18,131,43
20260906,r6_d30_t1_w15,267,105,2021,887,1029,830,40,21,36,3,9,19,131,43
20260906,r6_d30_t1_w15,268,100,2028,892,1036,837,44,22,33,1,9,18,131,43
20260906,r6_d30_t1_w15,269,101,2033,893,1039,838,45,18,37,0,9,17,131,43
20260906,r6_d30_t1_w15,270,98,2042,895,1049,840,44,15,40,1,10,14,131,43
20260906,r6_d30_t1_w15,271,96,2049,895,1058,841,33,12,42,13,14,13,131,43
20260906,r6_d30_t1_w15,272,91,2055,896,1068,843,32,11,42,15,14,12,131,43
20260906,r6_d30_t1_w15,273,78,2062,910,1074,844,30,23,43,4,12,11,131,43
20260906,r6_d30_t1_w15,274,80,2072,913,1079,845,29,19,49,3,15,11,131,43
20260906,r6_d30_t1_w15,275,78,2078,915,1085,849,31,16,50,3,16,9,131,43
20260906,r6_d30_t1_w15,276,78,2083,918,1087,854,31,13,51,5,16,8,131,43
20260906,r6_d30_t1_w15,277,78,2091,919,1094,856,31,11,52,6,17,7,131,43
20260906,r6_d30_t1_w15,278,77,2096,923,1096,859,30,12,52,6,16,8,131,43
20260906,r6_d30_t1_w15,279,79,2106,926,1101,864,31,11,51,7,16,9,131,43
20260906,r6_d30_t1_w15,280,82,2116,931,1103,866,31,13,52,4,15,11,131,43
20260906,r6_d30_t1_w15,281,81,2125,937,1107,871,30,14,52,4,14,11,131,43
20260906,r6_d30_t1_w15,282,81,2133,939,1113,872,28,12,55,5,12,12,131,43
20260906,r6_d30_t1_w15,283,78,2138,944,1116,875,26,14,55,5,10,12,131,43
20260906,r6_d30_t1_w15,284,77,2143,947,1119,880,25,14,53,8,9,12,131,43
20260906,r6_d30_t1_w15,285,84,2151,948,1119,885,29,9,54,8,9,13,121,40
20260906,r6_d30_t1_w15,286,89,2160,952,1119,889,33,13,50,4,9,14,121,40
20260906,r6_d30_t1_w15,287,93,2167,955,1119,893,35,13,49,3,9,15,121,40
20260906,r6_d30_t1_w15,288,96,2173,958,1119,901,41,12,45,2,9,16,121,40
20260906,r6_d30_t1_w15,289,97,2181,962,1122,905,41,13,44,2,9,17,121,40
20260906,r6_d30_t1_w15,290,100,2190,962,1128,908,42,9,45,4,9,15,126,43
20260906,r6_d30_t1_w15,291,101,2197,966,1130,910,42,11,45,2,9,15,126,43
20260906,r6_d30_t1_w15,292,101,2205,969,1135,914,44,11,44,1,9,14,126,43
20260906,r6_d30_t1_w15,293,101,2210,970,1139,921,48,10,39,3,9,14,126,43
20260906,r6_d30_t1_w15,294,97,2215,971,1147,924,49,10,37,4,9,13,126,43
20260906,r6_d30_t1_w15,295,91,2220,974,1155,926,50,11,37,2,9,14,131,43
20260906,r6_d30_t1_w15,296,87,2225,977,1161,930,52,10,37,1,9,14,131,43
20260906,r6_d30_t1_w15,297,85,2230,977,1168,931,52,8,38,2,9,13,131,43
20260906,r6_d30_t1_w15,298,87,2237,979,1171,936,55,10,33,2,9,13,131,43
20260906,r6_d30_t1_w15,299,90,2244,980,1174,940,58,9,31,2,9,13,131,43
20260906,r6_d30_t1_w15,300,82,2249,987,1180,942,54,14,31,1,9,11,131,43
20260906,r6_d30_t1_w15,301,77,2256,992,1187,943,51,18,31,0,9,10,131,43
20260906,r6_d30_t1_w15,302,77,2265,994,1194,946,47,18,30,5,13,9,131,43
20260906,r6_d30_t1_w15,303,78,2271,996,1197,949,33,18,29,20,13,9,131,43
20260906,r6_d30_t1_w15,304,77,2279,1001,1201,952,35,19,30,16,13,8,131,43
20260906,r6_d30_t1_w15,305,61,2286,1016,1209,952,35,25,39,1,11,7,131,43
20260906,r6_d30_t1_w15,306,61,2294,1018,1215,954,35,23,41,1,12,7,131,43
20260906,r6_d30_t1_w15,307,59,2302,1021,1222,958,35,20,43,2,11,6,131,43
20260906,r6_d30_t1_w15,308,59,2309,1024,1226,962,34,19,43,4,12,6,131,43
20260906,r6_d30_t1_w15,309,63,2319,1026,1230,963,34,17,46,3,16,7,131,43
20260906,r6_d30_t1_w15,310,67,2327,1029,1231,964,34,18,47,1,15,8,131,43
20260906,r6_d30_t1_w15,311,69,2334,1029,1236,966,34,12,51,3,15,9,131,43
20260906,r6_d30_t1_w15,312,71,2339,1030,1238,967,33,11,52,4,14,9,131,43
20260906,r6_d30_t1_w15,313,70,2347,1033,1244,967,32,11,55,2,11,10,131,43
20260906,r6_d30_t1_w15,314,68,2355,1037,1250,972,33,9,56,2,9,10,131,43
20260906,r6_d30_t1_w15,315,74,2361,1037,1250,975,35,7,55,3,9,11,131,43
20260906,r6_d30_t1_w15,316,79,2370,1040,1251,978,36,9,53,2,9,13,131,43
20260906,r6_d30_t1_w15,317,82,2376,1043,1251,983,38,10,50,2,9,13,131,43
20260906,r6_d30_t1_w15,318,84,2383,1046,1253,990,41,11,45,3,9,13,131,43
20260906,r6_d30_t1_w15,319,86,2388,1048,1254,993,42,11,44,3,9,13,131,43
20260906,r6_d30_t1_w15,320,92,2397,1051,1254,995,41,12,44,3,9,15,131,43
20260906,r6_d30_t1_w15,321,98,2406,1052,1256,996,42,13,43,2,9,15,131,43
20260906,r6_d30_t1_w15,322,100,2414,1055,1259,1003,48,13,39,0,9,16,131,43
20260906,r6_d30_t1_w15,323,101,2422,1057,1264,1008,51,11,38,0,9,15,131,43
20260906,r6_d30_t1_w15,324,97,2429,1058,1274,1010,51,11,37,1,9,14,131,43
20260906,r6_d30_t1_w15,325,93,2435,1060,1282,1014,53,11,35,1,9,14,131,43
20260906,r6_d30_t1_w15,326,93,2443,1061,1289,1017,55,7,37,1,9,14,131,43
20260906,r6_d30_t1_w15,327,94,2448,1061,1293,1018,53,5,38,4,9,15,131,43
20260906,r6_d30_t1_w15,328,93,2455,1063,1299,1020,54,4,39,3,9,16,131,43
20260906,r6_d30_t1_w15,329,91,2461,1068,1302,1022,54,7,39,0,9,15,131,43
20260906,r6_d30_t1_w15,330,90,2469,1072,1307,1029,56,11,32,1,10,14,131,43
20260906,r6_d30_t1_w15,331,92,2479,1073,1314,1032,41,10,31,18,13,14,131,43
20260906,r6_d30_t1_w15,332,93,2486,1074,1319,1033,18,11,30,41,14,13,131,43
20260906,r6_d30_t1_w15,333,77,2494,1094,1323,1036,18,29,29,24,12,12,131,43
20260906,r6_d30_t1_w15,334,61,2503,1114,1328,1038,23,44,32,1,9,9,131,43
20260906,r6_d30_t1_w15,335,60,2513,1120,1333,1039,18,41,40,1,9,8,121,40
20260906,r6_d30_t1_w15,336,60,2522,1121,1341,1043,15,31,47,7,14,7,121,40
20260906,r6_d30_t1_w15,337,57,2528,1122,1349,1046,15,26,50,9,14,6,121,40
20260906,r6_d30_t1_w15,338,56,2538,1129,1353,1047,14,22,60,4,15,6,121,40
20260906,r6_d30_t1_w15,339,58,2547,1132,1357,1051,14,16,65,5,17,5,121,40
20260906,r6_d30_t1_w15,340,61,2556,1135,1360,1054,15,12,69,4,17,5,131,43
20260906,r6_d30_t1_w15,341,60,2565,1140,1365,1054,13,15,71,1,14,6,131,43
20260906,r6_d30_t1_w15,342,64,2574,1141,1369,1059,16,12,70,2,12,7,131,43
20260906,r6_d30_t1_w15,343,67,2582,1141,1374,1060,17,9,72,2,10,9,131,43
20260906,r6_d30_t1_w15,344,67,2590,1146,1377,1065,17,11,70,2,9,9,131,43
20260906,r6_d30_t1_w15,345,76,2600,1147,1377,1066,16,9,72,3,9,10,131,43
20260906,r6_d30_t1_w15,346,83,2609,1149,1377,1070,17,8,71,4,9,10,131,43
20260906,r6_d30_t1_w15,347,90,2617,1150,1377,1078,24,6,66,4,9,11,131,43
20260906,r6_d30_t1_w15,348,93,2623,1153,1377,1084,27,8,61,4,9,12,131,43
20260906,r6_d30_t1_w15,349,98,2631,1156,1377,1090,31,11,55,3,9,14,131,43
20260906,r6_d30_t1_w15,350,98,2636,1160,1378,1097,32,11,52,5,9,14,131,43
20260906,r6_d30_t1_w15,351,103,2642,1161,1378,1104,35,12,45,8,9,15,131,43
20260906,r6_d30_t1_w15,352,105,2652,1168,1379,1107,36,17,44,3,9,16,131,43
20260906,r6_d30_t1_w15,353,108,2661,1174,1379,1109,33,20,45,2,10,15,131,43
20260906,r6_d30_t1_w15,354,108,2668,1177,1383,1116,29,21,40,10,10,15,131,43
20260906,r6_d30_t1_w15,355,103,2673,1180,1390,1121,32,20,39,9,9,15,131,43
20260906,r6_d30_t1_w15,356,104,2682,1186,1392,1129,41,19,38,2,9,16,131,43
20260906,r6_d30_t1_w15,357,102,2689,1188,1399,1133,44,19,36,1,9,15,131,43
20260906,r6_d30_t1_w15,358,103,2697,1189,1405,1135,44,18,36,2,9,18,131,43
20260906,r6_d30_t1_w15,359,105,2706,1190,1411,1138,44,14,38,4,9,17,131,43
20260906,r6_d30_t1_w15,360,99,2711,1196,1416,1141,42,14,41,3,9,15,126,43
20260906,r6_d30_t1_w15,361,97,2718,1198,1423,1142,40,14,42,4,11,13,126,43
20260906,r6_d30_t1_w15,362,94,2724,1201,1429,1143,23,15,43,19,13,11,126,43
20260906,r6_d30_t1_w15,363,95,2733,1204,1434,1143,22,14,47,17,14,9,126,43
20260906,r6_d30_t1_w15,364,76,2741,1224,1441,1144,18,30,50,2,10,7,126,43
20260906,r6_d30_t1_w15,365,78,2748,1225,1445,1147,18,20,58,4,12,7,131,43
20260906,r6_d30_t1_w15,366,75,2754,1230,1449,1154,20,19,57,4,12,6,131,43
20260906,r6_d30_t1_w15,367,70,2759,1234,1455,1158,22,20,56,2,14,6,131,43
20260906,r6_d30_t1_w15,368,68,2768,1238,1462,1160,19,18,60,3,16,7,131,43
20260906,r6_d30_t1_w15,369,69,2775,1240,1466,1163,19,18,59,4,16,7,131,43
20260906,r6_d30_t1_w15,370,70,2782,1242,1470,1166,20,16,60,4,16,7,131,43
20260906,r6_d30_t1_w15,371,69,2791,1245,1477,1172,22,14,59,5,15,7,131,43
20260906,r6_d30_t1_w15,372,66,2799,1251,1482,1176,19,17,58,6,11,7,131,43
20260906,r6_d30_t1_w15,373,64,2807,1255,1488,1180,19,15,60,6,10,9,131,43
20260906,r6_d30_t1_w15,374,63,2814,1257,1494,1186,23,17,54,6,9,11,131,43
20260906,r6_d30_t1_w15,375,70,2821,1257,1494,1187,27,13,57,3,9,12,131,43
20260906,r6_d30_t1_w15,376,74,2828,1260,1494,1188,28,9,63,0,9,14,131,43
20260906,r6_d30_t1_w15,377,81,2837,1262,1494,1192,28,7,63,2,9,14,131,43
20260906,r6_d30_t1_w15,378,85,2842,1262,1495,1195,30,7,60,3,9,15,131,43
20260906,r6_d30_t1_w15,379,88,2847,1264,1495,1197,32,9,58,1,9,15,131,43
20260906,r6_d30_t1_w15,380,94,2857,1268,1495,1202,33,12,54,1,9,16,115,42
20260906,r6_d30_t1_w15,381,100,2864,1268,1496,1213,43,10,45,2,9,16,115,42
20260906,r6_d30_t1_w15,382,103,2873,1271,1499,1219,46,12,40,2,9,17,115,42
20260906,r6_d30_t1_w15,383,101,2878,1273,1504,1223,48,12,38,2,9,17,115,42
20260906,r6_d30_t1_w15,384,100,2884,1275,1509,1227,51,10,38,1,9,17,115,42
20260906,r6_d30_t1_w15,385,101,2892,1276,1515,1230,54,10,36,0,9,17,131,43
20260906,r6_d30_t1_w15,386,101,2902,1278,1523,1236,55,10,32,3,9,19,131,43
20260906,r6_d30_t1_w15,387,103,2910,1278,1529,1239,58,7,32,3,9,19,131,43
20260906,r6_d30_t1_w15,388,104,2918,1281,1533,1247,63,7,27,3,9,16,131,43
20260906,r6_d30_t1_w15,389,101,2926,1285,1540,1248,59,7,30,4,9,14,131,43
20260906,r6_d30_t1_w15,390,98,2935,1293,1544,1249,55,14,30,1,9,13,121,40
20260906,r6_d30_t1_w15,391,96,2940,1295,1549,1252,55,15,28,2,11,13,121,40
20260906,r6_d30_t1_w15,392,92,2945,1296,1557,1255,35,15,26,24,13,13,121,40
20260906,r6_d30_t1_w15,393,95,2955,1298,1562,1259,36,17,22,25,13,12,121,40
20260906,r6_d30_t1_w15,394,74,2960,1320,1566,1259,36,31,30,3,9,11,121,40
20260906,r6_d30_t1_w15,395,72,2969,1324,1573,1260,35,31,33,1,11,10,131,43
20260906,r6_d30_t1_w15,396,74,2979,1325,1580,1261,35,23,41,1,13,9,131,43
20260906,r6_d30_t1_w15,397,73,2987,1326,1588,1262,36,21,43,0,15,8,131,43
20260906,r6_d30_t1_w15,398,75,2994,1327,1592,1262,34,14,51,1,16,8,131,43
20260906,r6_d30_t1_w15,399,76,3001,1329,1596,1265,34,11,53,2,16,7,131,43
20260906,r6_d30_t1_w15,400,77,3010,1330,1603,1265,34,9,56,1,16,8,131,43
20260906,r6_d30_t1_w15,401,71,3015,1333,1611,1267,33,10,56,1,15,8,131,43
20260906,r6_d30_t1_w15,402,68,3022,1336,1618,1274,37,11,51,1,13,9,131,43
20260906,r6_d30_t1_w15,403,67,3028,1337,1624,1276,38,9,52,1,10,11,131,43
20260906,r6_d30_t1_w15,404,65,3033,1338,1630,1279,40,9,50,1,9,11,131,43
20260906,r6_d30_t1_w15,405,71,3041,1340,1630,1284,42,11,45,2,9,11,131,43
20260906,r6_d30_t1_w15,406,75,3048,1342,1631,1286,42,9,47,2,9,12,131,43
20260906,r6_d30_t1_w15,407,78,3054,1345,1631,1289,42,11,45,2,9,13,131,43
20260906,r6_d30_t1_w15,408,80,3059,1348,1631,1293,42,11,44,3,9,13,131,43
20260906,r6_d30_t1_w15,409,87,3069,1351,1631,1295,42,12,44,2,9,14,131,43
20260906,r6_d30_t1_w15,410,93,3078,1353,1632,1300,45,12,41,2,9,16,131,43
20260906,r6_d30_t1_w15,411,93,3088,1355,1640,1300,43,12,43,2,9,17,131,43
20260906,r6_d30_t1_w15,412,93,3095,1357,1645,1304,45,12,41,2,9,16,131,43
20260906,r6_d30_t1_w15,413,94,3102,1360,1648,1310,48,12,38,2,9,14,131,43
20260906,r6_d30_t1_w15,414,95,3110,1363,1652,1319,52,9,35,4,9,15,131,43
20260906,r6_d30_t1_w15,415,92,3116,1365,1659,1323,53,10,32,5,9,12,131,43
20260906,r6_d30_t1_w15,416,92,3121,1369,1660,1324,53,13,32,2,9,13,131,43
20260906,r6_d30_t1_w15,417,90,3128,1375,1663,1330,54,17,28,1,9,14,131,43
20260906,r6_d30_t1_w15,418,94,3137,1375,1668,1335,56,16,24,4,9,14,131,43
20260906,r6_d30_t1_w15,419,97,3145,1376,1672,1336,56,13,27,4,9,14,131,43
20260906,r6_d30_t1_w15,420,94,3152,1383,1675,1336,52,15,32,1,9,13,131,43
20260906,r6_d30_t1_w15,421,95,3159,1384,1680,1337,49,12,35,4,11,12,131,43
20260906,r6_d30_t1_w15,422,101,3169,1384,1684,1337,21,12,35,32,15,12,131,43
20260906,r6_d30_t1_w15,423,104,3177,1389,1684,1341,11,16,32,41,16,11,131,43
20260906,r6_d30_t1_w15,424,73,3184,1418,1693,1342,10,40,36,14,9,10,131,43
20260906,r6_d30_t1_w15,425,64,3189,1425,1700,1346,20,39,40,1,9,10,131,43
20260906,r6_d30_t1_w15,426,55,3196,1432,1709,1349,16,35,48,1,9,7,131,43
20260906,r6_d30_t1_w15,427,52,3205,1437,1716,1350,11,29,58,2,9,7,131,43
20260906,r6_d30_t1_w15,428,55,3214,1439,1720,1352,10,23,64,3,11,6,131,43
20260906,r6_d30_t1_w15,429,56,3223,1441,1726,1354,10,21,66,3,12,5,131,43
20260906,r6_d30_t1_w15,430,58,3233,1443,1732,1357,11,16,70,3,13,7,131,43
20260906,r6_d30_t1_w15,431,61,3240,1444,1735,1359,13,12,73,2,14,7,131,43
20260906,r6_d30_t1_w15,432,60,3246,1447,1739,1361,12,13,73,2,12,7,131,43
20260906,r6_d30_t1_w15,433,57,3253,1448,1748,1364,11,10,74,5,8,8,131,43
20260906,r6_d30_t1_w15,434,56,3262,1451,1755,1367,11,10,74,5,9,8,131,43
20260906,r6_d30_t1_w15,435,60,3268,1453,1755,1367,12,11,75,2,9,8,131,43
20260906,r6_d30_t1_w15,436,62,3274,1457,1755,1376,17,13,68,2,9,8,131,43
20260906,r6_d30_t1_w15,437,66,3280,1459,1755,1382,19,11,66,4,9,9,131,43
20260906,r6_d30_t1_w15,438,68,3286,1463,1755,1390,23,15,58,4,9,9,131,43
20260906,r6_d30_t1_w15,439,72,3296,1468,1756,1402,30,18,48,4,9,9,131,43
20260906,r6_d30_t1_w15,440,73,3301,1472,1756,1404,29,19,49,3,9,9,131,43
20260906,r6_d30_t1_w15,441,75,3307,1475,1757,1405,29,20,50,1,9,10,131,43
20260906,r6_d30_t1_w15,442,80,3315,1478,1757,1412,30,19,47,4,9,11,131,43
20260906,r6_d30_t1_w15,443,85,3320,1478,1757,1416,29,14,48,9,9,12,131,43
20260906,r6_d30_t1_w15,444,83,3326,1485,1758,1420,27,20,45,8,9,11,131,43
20260906,r6_d30_t1_w15,445,85,3333,1490,1758,1425,31,19,46,4,9,11,121,40
20260906,r6_d30_t1_w15,446,85,3338,1493,1760,1432,35,19,42,4,9,10,121,40
20260906,r6_d30_t1_w15,447,83,3344,1497,1764,1436,35,18,43,4,9,11,121,40
20260906,r6_d30_t1_w15,448,84,3352,1501,1767,1439,37,18,44,1,9,10,121,40
20260906,r6_d30_t1_w15,449,85,3359,1503,1771,1442,38,19,42,1,9,10,121,40
20260906,r6_d30_t1_w15,450,85,3366,1506,1775,1445,33,20,41,6,11,10,131,43
20260906,r6_d30_t1_w15,451,87,3375,1508,1780,1448,24,19,41,16,12,10,131,43
20260906,r6_d30_t1_w15,452,88,3384,1514,1782,1450,23,21,43,13,15,9,131,43
20260906,r6_d30_t1_w15,453,78,3389,1525,1786,1451,23,26,48,3,13,8,131,43
20260906,r6_d30_t1_w15,454,72,3396,1529,1795,1455,21,20,54,5,13,8,131,43
20260906,r6_d30_t1_w15,455,76,3405,1531,1798,1457,19,18,56,7,14,8,131,43
20260906,r6_d30_t1_w15,456,74,3412,1536,1802,1461,19,19,56,6,16,9,131,43
20260906,r6_d30_t1_w15,457,71,3419,1541,1807,1463,18,20,58,4,17,9,131,43
20260906,r6_d30_t1_w15,458,69,3425,1546,1810,1467,18,20,59,3,17,10,131,43
20260906,r6_d30_t1_w15,459,74,3433,1547,1812,1472,19,16,59,6,16,10,131,43
20260906,r6_d30_t1_w15,460,74,3440,1550,1816,1477,20,14,59,7,14,11,131,43
20260906,r6_d30_t1_w15,461,71,3446,1555,1820,1480,21,11,64,4,13,12,131,43
20260906,r6_d30_t1_w15,462,70,3453,1563,1820,1486,20,15,62,3,13,13,131,43
20260906,r6_d30_t1_w15,463,68,3459,1565,1826,1486,19,15,64,2,10,13,131,43
20260906,r6_d30_t1_w15,464,68,3468,1568,1832,1489,17,13,66,4,9,12,131,43
20260906,r6_d30_t1_w15,465,72,3473,1569,1832,1493,20,11,65,4,9,14,131,43
20260906,r6_d30_t1_w15,466,76,3480,1572,1832,1497,24,12,63,1,9,15,131,43
20260906,r6_d30_t1_w15,467,80,3485,1573,1832,1503,26,9,61,4,9,14,131,43
20260906,r6_d30_t1_w15,468,84,3492,1576,1832,1511,30,10,55,5,9,14,131,43
20260906,r6_d30_t1_w15,469,91,3502,1579,1832,1514,33,12,53,2,9,14,131,43
20260906,r6_d30_t1_w15,470,93,3511,1581,1837,1518,36,12,51,1,9,15,131,43
20260906,r6_d30_t1_w15,471,93,3517,1582,1842,1524,40,8,50,2,9,14,131,43
20260906,r6_d30_t1_w15,472,95,3527,1585,1847,1526,38,8,51,3,9,17,131,43
20260906,r6_d30_t1_w15,473,96,3532,1586,1850,1532,44,8,46,2,9,16,131,43
20260906,r6_d30_t1_w15,474,91,3537,1590,1856,1538,45,10,42,3,9,16,131,43
20260906,r6_d30_t1_w15,475,89,3543,1592,1862,1544,49,12,36,3,9,15,131,43
20260906,r6_d30_t1_w15,476,88,3550,1597,1865,1548,51,13,36,0,9,15,131,43
20260906,r6_d30_t1_w15,477,92,3558,1597,1869,1553,56,11,33,0,9,16,131,43
20260906,r6_d30_t1_w15,478,96,3567,1597,1874,1555,58,10,32,0,9,16,131,43
20260906,r6_d30_t1_w15,479,94,3572,1597,1881,1559,60,7,31,2,9,16,131,43
20260906,r6_d30_t1_w15,480,93,3578,1600,1885,1562,60,7,31,2,9,16,131,43
20260906,r6_d30_t1_w15,481,94,3587,1603,1890,1564,56,9,30,5,12,16,131,43
20260906,r6_d30_t1_w15,482,97,3594,1603,1894,1566,46,7,30,17,15,15,131,43
20260906,r6_d30_t1_w15,483,95,3601,1609,1897,1569,46,9,31,14,15,13,131,43
20260906,r6_d30_t1_w15,484,82,3609,1622,1905,1569,45,21,32,2,13,11,131,43
20260906,r6_d30_t1_w15,485,78,3617,1625,1914,1571,46,18,36,0,14,9,131,43
20260906,r6_d30_t1_w15,486,77,3623,1626,1920,1574,44,16,36,4,14,9,131,43
20260906,r6_d30_t1_w15,487,79,3633,1626,1928,1577,44,12,37,7,15,9,131,43
20260906,r6_d30_t1_w15,488,81,3643,1631,1931,1578,44,13,40,3,14,7,131,43
20260906,r6_d30_t1_w15,489,82,3652,1634,1936,1580,46,15,39,0,15,9,131,43
20260906,r6_d30_t1_w15,490,85,3659,1634,1940,1582,46,10,42,2,16,10,126,43
20260906,r6_d30_t1_w15,491,89,3668,1635,1944,1584,47,8,43,2,15,10,126,43
20260906,r6_d30_t1_w15,492,88,3676,1638,1950,1588,49,9,41,1,13,12,126,43
20260906,r6_d30_t1_w15,493,84,3682,1639,1959,1590,48,6,43,3,9,13,126,43
20260906,r6_d30_t1_w15,494,82,3688,1642,1964,1593,49,8,41,2,9,13,126,43
20260906,r6_d30_t1_w15,495,83,3695,1648,1964,1598,49,12,38,1,9,14,131,43
20260906,r6_d30_t1_w15,496,92,3705,1648,1965,1599,49,12,37,2,9,15,131,43
20260906,r6_d30_t1_w15,497,95,3712,1652,1965,1601,48,13,38,1,9,16,131,43
20260906,r6_d30_t1_w15,498,99,3719,1654,1966,1604,50,12,38,0,9,16,131,43
20260906,r6_d30_t1_w15,499,103,3726,1655,1968,1608,53,11,36,0,9,16,131,43
20260906,r6_d30_t1_w15,500,103,3733,1656,1974,1609,52,11,36,1,9,15,131,43
20260906,r6_d30_t1_w15,501,106,3741,1657,1978,1611,52,9,37,2,9,16,131,43
20260906,r6_d30_t1_w15,502,101,3746,1660,1985,1614,52,11,35,2,9,16,131,43
20260906,r6_d30_t1_w15,503,96,3752,1662,1994,1618,55,8,36,1,9,17,131,43
20260906,r6_d30_t1_w15,504,96,3762,1666,2000,1618,52,9,39,0,9,21,131,43
20260906,r6_d30_t1_w15,505,96,3771,1670,2005,1621,51,10,39,0,9,20,131,43
20260906,r6_d30_t1_w15,506,95,3780,1672,2013,1625,51,10,37,2,9,21,131,43
20260906,r6_d30_t1_w15,507,96,3789,1673,2020,1631,56,11,31,2,9,19,131,43
20260906,r6_d30_t1_w15,508,100,3799,1675,2024,1634,57,10,31,2,9,17,131,43
20260906,r6_d30_t1_w15,509,101,3807,1677,2029,1635,56,10,32,2,9,16,131,43
20260906,r6_d30_t1_w15,510,102,3816,1682,2032,1638,55,14,30,1,10,15,131,43
20260906,r6_d30_t1_w15,511,102,3825,1682,2041,1639,41,9,34,16,13,15,131,43
20260906,r6_d30_t1_w15,512,104,3835,1683,2048,1640,22,8,35,35,15,14,131,43
20260906,r6_d30_t1_w15,513,89,3844,1700,2055,1645,23,23,32,22,14,10,131,43
20260906,r6_d30_t1_w15,514,69,3849,1720,2060,1646,24,37,37,2,9,9,131,43
20260906,r6_d30_t1_w15,515,65,3854,1724,2065,1648,23,34,42,1,9,8,131,43
20260906,r6_d30_t1_w15,516,65,3860,1725,2070,1654,23,25,46,6,12,8,131,43
20260906,r6_d30_t1_w15,517,70,3868,1726,2072,1656,23,19,51,7,14,8,131,43
20260906,r6_d30_t1_w15,518,67,3874,1733,2074,1659,22,22,52,4,13,7,131,43
20260906,r6_d30_t1_w15,519,65,3882,1735,2082,1659,22,15,61,2,14,6,131,43
20260906,r6_d30_t1_w15,520,65,3890,1737,2088,1661,23,10,66,1,14,7,101,38
20260906,r6_d30_t1_w15,521,66,3899,1737,2096,1663,23,6,68,3,13,7,101,38
20260906,r6_d30_t1_w15,522,62,3905,1738,2105,1664,22,7,67,4,11,8,101,38
20260906,r6_d30_t1_w15,523,57,3912,1742,2113,1666,19,11,65,5,8,9,101,38
20260906,r6_d30_t1_w15,524,55,3918,1746,2117,1668,19,14,64,3,7,9,101,38
20260906,r6_d30_t1_w15,525,60,3928,1751,2117,1676,22,15,60,3,8,9,126,43
20260906,r6_d30_t1_w15,526,65,3934,1752,2117,1679,21,14,59,6,8,10,126,43
20260906,r6_d30_t1_w15,527,71,3944,1755,2118,1682,23,14,59,4,8,12,126,43
20260906,r6_d30_t1_w15,528,75,3952,1758,2119,1687,25,15,56,4,8,11,126,43
20260906,r6_d30_t1_w15,529,80,3958,1759,2119,1692,26,14,53,7,8,11,126,43
20260906,r6_d30_t1_w15,530,84,3966,1763,2119,1697,29,16,50,5,8,12,131,43
20260906,r6_d30_t1_w15,531,82,3972,1771,2119,1704,30,21,46,3,8,13,131,43
20260906,r6_d30_t1_w15,532,88,3980,1772,2120,1712,34,16,44,6,9,12,131,43
20260906,r6_d30_t1_w15,533,94,3988,1774,2120,1716,36,14,44,6,9,14,131,43
20260906,r6_d30_t1_w15,534,96,3997,1780,2121,1722,37,16,42,5,9,15,131,43
20260906,r6_d30_t1_w15,535,103,4007,1783,2121,1725,39,15,43,3,9,17,131,43
20260906,r6_d30_t1_w15,536,105,4013,1786,2122,1728,37,17,41,5,9,16,131,43
20260906,r6_d30_t1_w15,537,106,4023,1790,2127,1731,34,18,41,7,9,16,131,43
20260906,r6_d30_t1_w15,538,107,4030,1795,2128,1734,36,21,40,3,9,15,131,43
20260906,r6_d30_t1_w15,539,110,4038,1798,2130,1736,37,19,43,1,9,15,131,43
20260906,r6_d30_t1_w15,540,109,4048,1801,2138,1738,32,22,41,5,12,14,131,43
20260906,r6_d30_t1_w15,541,113,4058,1802,2143,1741,23,17,44,16,14,13,131,43
20260906,r6_d30_t1_w15,542,106,4065,1808,2151,1747,24,17,44,15,14,12,131,43
20260906,r6_d30_t1_w15,543,97,4074,1819,2158,1748,23,20,51,6,13,12,131,43
20260906,r6_d30_t1_w15,544,101,4084,1823,2160,1752,24,14,57,5,16,12,131,43
20260906,r6_d30_t1_w15,545,102,4092,1825,2165,1753,24,14,58,4,15,11,131,43
20260906,r6_d30_t1_w15,546,101,4098,1829,2168,1755,23,16,58,3,15,9,131,43
20260906,r6_d30_t1_w15,547,103,4108,1830,2175,1759,26,13,58,3,16,9,131,43
20260906,r6_d30_t1_w15,548,103,4116,1832,2181,1761,26,10,61,3,17,9,131,43
20260906,r6_d30_t1_w15,549,101,4125,1834,2190,1762,25,9,63,3,17,11,131,43
20260906,r6_d30_t1_w15,550,96,4131,1837,2198,1768,27,7,62,4,17,13,126,43
20260906,r6_d30_t1_w15,551,96,4140,1841,2203,1774,27,9,58,6,15,14,126,43
20260906,r6_d30_t1_w15,552,96,4148,1844,2208,1779,27,10,55,8,13,14,126,43
20260906,r6_d30_t1_w15,553,94,4154,1848,2212,1781,27,12,55,6,11,15,126,43
20260906,r6_d30_t1_w15,554,89,4160,1854,2217,1785,28,15,54,3,9,15,126,43
20260906,r6_d30_t1_w15,555,93,4166,1856,2217,1787,28,11,58,3,9,15,131,43
20260906,r6_d30_t1_w15,556,96,4176,1861,2219,1796,33,11,54,2,9,17,131,43
20260906,r6_d30_t1_w15,557,103,4185,1863,2219,1802,38,10,51,1,9,17,131,43
20260906,r6_d30_t1_w15,558,104,4192,1867,2221,1806,37,13,48,2,9,18,131,43
20260906,r6_d30_t1_w15,559,104,4202,1867,2231,1809,38,12,46,4,9,16,131,43
20260906,r6_d30_t1_w15,560,105,4212,1871,2236,1812,39,16,43,2,9,16,131,43
20260906,r6_d30_t1_w15,561,104,4218,1875,2239,1816,41,17,42,0,9,14,131,43
20260906,r6_d30_t1_w15,562,99,4223,1876,2248,1818,42,16,42,0,9,13,131,43
20260906,r6_d30_t1_w15,563,96,4228,1877,2255,1824,44,12,41,3,9,13,131,43
20260906,r6_d30_t1_w15,564,96,4238,1880,2262,1829,46,11,40,3,9,13,131,43
20260906,r6_d30_t1_w15,565,96,4243,1884,2263,1832,47,11,41,1,9,13,131,43
20260906,r6_d30_t1_w15,566,98,4253,1885,2270,1835,48,11,39,2,9,13,131,43
20260906,r6_d30_t1_w15,567,101,4263,1886,2276,1837,49,11,38,2,9,16,131,43
20260906,r6_d30_t1_w15,568,104,4272,1887,2281,1841,52,8,38,2,9,15,131,43
20260906,r6_d30_t1_w15,569,104,4277,1889,2284,1844,54,10,35,1,9,15,131,43
20260906,r6_d30_t1_w15,570,101,4285,1894,2290,1845,49,14,35,2,10,15,121,43
20260906,r6_d30_t1_w15,571,103,4295,1895,2297,1848,34,13,34,19,12,14,121,43
20260906,r6_d30_t1_w15,572,104,4305,1897,2304,1850,34,14,33,19,15,13,121,43
20260906,r6_d30_t1_w15,573,91,4313,1914,2308,1851,35,25,38,2,11,12,121,43
20260906,r6_d30_t1_w15,574,85,4318,1916,2317,1856,37,23,37,3,13,12,121,43
20260906,r6_d30_t1_w15,575,81,4325,1918,2326,1860,36,21,37,6,13,12,131,43
20260906,r6_d30_t1_w15,576,81,4330,1922,2327,1863,37,20,39,4,15,12,131,43
20260906,r6_d30_t1_w15,577,80,4337,1927,2330,1863,35,20,44,1,15,12,131,43
20260906,r6_d30_t1_w15,578,86,4347,1928,2333,1863,35,16,49,0,18,12,131,43
20260906,r6_d30_t1_w15,579,86,4356,1928,2342,1863,35,11,54,0,18,9,131,43
20260906,r6_d30_t1_w15,580,88,4361,1929,2344,1868,37,8,53,2,18,10,131,43
20260906,r6_d30_t1_w15,581,84,4367,1929,2354,1875,40,6,48,6,15,10,131,43
20260906,r6_d30_t1_w15,582,78,4376,1934,2364,1876,38,9,49,4,12,11,131,43
20260906,r6_d30_t1_w15,583,70,4382,1940,2372,1880,40,13,47,0,10,11,131,43
20260906,r6_d30_t1_w15,584,74,4391,1941,2376,1881,40,12,48,0,9,11,131,43
20260906,r6_d30_t1_w15,585,78,4396,1942,2376,1884,40,10,48,2,9,13,131,43
20260906,r6_d30_t1_w15,586,80,4401,1944,2377,1887,40,9,48,3,9,13,131,43
20260906,r6_d30_t1_w15,587,83,4406,1946,2377,1888,39,11,47,3,9,14,131,43
20260906,r6_d30_t1_w15,588,87,4412,1947,2378,1890,41,8,49,2,9,15,131,43
20260906,r6_d30_t1_w15,589,89,4417,1949,2379,1894,44,7,48,1,9,17,131,43
20260906,r6_d30_t1_w15,590,92,4425,1949,2384,1897,45,5,47,3,9,16,131,43
20260906,r6_d30_t1_w15,591,93,4432,1951,2388,1900,46,6,45,3,9,15,131,43
20260906,r6_d30_t1_w15,592,89,4438,1956,2393,1904,47,8,44,1,9,16,131,43
20260906,r6_d30_t1_w15,593,85,4444,1958,2401,1906,48,8,44,0,9,16,131,43
20260906,r6_d30_t1_w15,594,83,4452,1960,2409,1911,50,9,40,1,9,13,131,43
20260906,r6_d30_t1_w15,595,86,4459,1961,2412,1920,55,7,34,4,9,12,131,43
20260906,r6_d30_t1_w15,596,87,4466,1963,2416,1922,55,7,34,4,9,13,131,43
20260906,r6_d30_t1_w15,597,89,4476,1967,2420,1926,58,10,31,1,9,14,131,43
20260906,r6_d30_t1_w15,598,91,4485,1970,2424,1928,56,12,30,2,9,15,131,43
20260906,r6_d30_t1_w15,599,90,4491,1970,2431,1932,57,10,28,5,9,16,131,43
20260906,r6_d30_t1_w15,600,88,4497,1975,2434,1935,55,11,29,5,10,14,121,40
20260906,r6_d30_t1_w25,1,5,8,3,0,0,96,3,0,1,1,2,131,43
20260906,r6_d30_t1_w25,2,10,14,4,0,0,83,4,0,13,2,3,131,43
20260906,r6_d30_t1_w25,3,17,23,6,0,0,65,5,1,29,4,4,131,43
20260906,r6_d30_t1_w25,4,13,31,18,0,0,64,16,2,18,2,2,131,43
20260906,r6_d30_t1_w25,5,5,40,35,0,0,64,29,6,1,0,1,131,43
20260906,r6_d30_t1_w25,6,10,47,37,0,0,63,26,11,0,1,2,131,43
20260906,r6_d30_t1_w25,7,17,54,37,0,0,63,14,23,0,4,3,131,43
20260906,r6_d30_t1_w25,8,22,61,39,0,0,61,10,29,0,5,4,131,43
20260906,r6_d30_t1_w25,9,28,71,43,0,0,57,12,31,0,6,5,131,43
20260906,r6_d30_t1_w25,10,32,78,46,0,0,54,12,34,0,6,6,131,43
20260906,r6_d30_t1_w25,11,41,88,47,0,0,50,12,35,3,7,8,131,43
20260906,r6_d30_t1_w25,12,49,96,47,0,0,50,9,38,3,8,9,131,43
20260906,r6_d30_t1_w25,13,51,102,51,0,0,49,8,43,0,9,9,131,43
20260906,r6_d30_t1_w25,14,57,108,51,0,1,47,6,44,3,9,10,131,43
20260906,r6_d30_t1_w25,15,62,113,51,0,3,48,5,43,4,9,10,131,43
20260906,r6_d30_t1_w25,16,64,118,54,0,3,47,6,45,2,9,9,131,43
20260906,r6_d30_t1_w25,17,68,125,57,0,4,46,7,46,1,9,11,131,43
20260906,r6_d30_t1_w25,18,72,130,58,0,6,48,7,45,0,9,11,131,43
20260906,r6_d30_t1_w25,19,79,139,60,0,8,48,8,44,0,9,13,131,43
20260906,r6_d30_t1_w25,20,86,147,61,0,11,50,7,43,0,9,13,121,40
20260906,r6_d30_t1_w25,21,89,152,63,0,16,52,9,38,1,9,13,121,40
20260906,r6_d30_t1_w25,22,95,160,65,0,22,55,7,36,2,9,14,121,40
20260906,r6_d30_t1_w25,23,99,168,69,0,28,57,10,31,2,9,16,121,40
20260906,r6_d30_t1_w25,24,104,174,70,0,30,58,10,30,2,9,18,121,40
20260906,r6_d30_t1_w25,25,112,184,72,0,31,58,9,32,1,9,19,126,43
20260906,r6_d30_t1_w25,26,117,191,74,0,34,58,10,30,2,9,19,126,43
20260906,r6_d30_t1_w25,27,122,197,75,0,37,58,8,30,4,9,19,126,43
20260906,r6_d30_t1_w25,28,127,206,79,0,37,56,10,32,2,9,19,126,43
20260906,r6_d30_t1_w25,29,133,216,83,0,42,56,13,28,3,9,18,126,43
20260906,r6_d30_t1_w25,30,138,225,86,1,43,51,13,30,6,10,18,131,43
20260906,r6_d30_t1_w25,31,144,235,90,1,45,36,16,29,19,14,18,131,43
20260906,r6_d30_t1_w25,32,147,241,93,1,51,34,15,27,24,15,18,131,43
20260906,r6_d30_t1_w25,33,135,246,110,1,54,34,24,32,10,11,17,131,43
20260906,r6_d30_t1_w25,34,135,255,119,1,56,34,27,36,3,11,17,131,43
20260906,r6_d30_t1_w25,35,139,261,121,1,58,36,24,39,1,12,16,131,43
20260906,r6_d30_t1_w25,36,139,270,123,8,60,36,19,44,1,14,15,131,43
20260906,r6_d30_t1_w25,37,137,275,123,15,61,36,10,52,2,14,14,131,43
20260906,r6_d30_t1_w25,38,138,285,126,21,61,33,11,54,2,15,12,131,43
20260906,r6_d30_t1_w25,39,139,294,129,26,61,31,11,57,1,15,12,131,43
20260906,r6_d30_t1_w25,40,139,299,130,30,63,32,10,57,1,16,12,131,43
20260906,r6_d30_t1_w25,41,138,304,131,35,67,34,9,55,2,16,12,131,43
20260906,r6_d30_t1_w25,42,141,313,132,40,68,33,6,58,3,17,11,131,43
20260906,r6_d30_t1_w25,43,144,323,135,44,73,34,7,55,4,17,11,131,43
20260906,r6_d30_t1_w25,44,145,331,137,49,76,33,5,56,6,17,10,131,43
20260906,r6_d30_t1_w25,45,140,337,143,54,83,35,11,49,5,17,11,131,43
20260906,r6_d30_t1_w25,46,140,345,149,56,85,34,14,50,2,18,11,131,43
20260906,r6_d30_t1_w25,47,139,354,153,62,89,35,15,49,1,18,12,131,43
20260906,r6_d30_t1_w25,48,138,363,157,68,94,37,17,46,0,18,12,131,43
20260906,r6_d30_t1_w25,49,137,370,159,74,98,38,15,46,1,16,13,131,43
20260906,r6_d30_t1_w25,50,135,376,159,82,100,39,9,50,2,16,14,126,43
20260906,r6_d30_t1_w25,51,131,381,161,89,105,41,9,47,3,14,15,126,43
20260906,r6_d30_t1_w25,52,129,388,165,94,113,40,11,41,8,14,14,126,43
20260906,r6_d30_t1_w25,53,127,395,168,100,119,42,11,38,9,11,15,126,43
20260906,r6_d30_t1_w25,54,120,400,175,105,119,41,16,40,3,9,16,126,43
20260906,r6_d30_t1_w25,55,126,408,177,105,122,44,15,40,1,9,16,131,43
20260906,r6_d30_t1_w25,56,128,413,179,106,125,44,15,39,2,9,16,131,43
20260906,r6_d30_t1_w25,57,134,422,182,106,127,44,15,40,1,9,17,131,43
20260906,r6_d30_t1_w25,58,140,430,183,107,130,47,11,42,0,9,19,131,43
20260906,r6_d30_t1_w25,59,143,436,186,107,133,46,11,42,1,9,21,131,43
20260906,r6_d30_t1_w25,60,148,442,187,107,136,45,10,41,4,10,21,131,43
20260906,r6_d30_t1_w25,61,153,450,189,108,137,32,10,42,16,12,21,131,43
20260906,r6_d30_t1_w25,62,154,459,194,111,138,11,14,42,33,14,20,131,43
20260906,r6_d30_t1_w25,63,137,464,208,119,141,13,22,45,20,12,19,131,43
20260906,r6_d30_t1_w25,64,122,470,225,123,143,18,35,47,0,9,18,131,43
20260906,r6_d30_t1_w25,65,121,480,232,127,151,19,33,48,0,9,17,131,43
20260906,r6_d30_t1_w25,66,126,489,232,131,155,18,26,51,5,13,16,131,43
20260906,r6_d30_t1_w25,67,126,497,233,138,158,17,21,54,8,15,15,131,43
20260906,r6_d30_t1_w25,68,120,505,238,147,159,16,20,59,5,15,15,131,43
20260906,r6_d30_t1_w25,69,119,513,241,153,162,17,13,66,4,16,15,131,43
20260906,r6_d30_t1_w25,70,121,523,245,157,164,15,11,70,4,16,15,131,43
20260906,r6_d30_t1_w25,71,122,530,247,161,168,15,10,69,6,17,13,131,43
20260906,r6_d30_t1_w25,72,121,538,251,166,170,13,8,73,6,17,13,131,43
20260906,r6_d30_t1_w25,73,115,543,255,173,175,13,8,72,7,18,12,131,43
20260906,r6_d30_t1_w25,74,118,551,257,176,182,13,8,67,12,18,11,131,43
20260906,r6_d30_t1_w25,75,113,558,265,180,186,12,15,64,9,18,10,131,43
20260906,r6_d30_t1_w25,76,113,568,273,182,189,13,21,63,3,18,10,131,43
20260906,r6_d30_t1_w25,77,113,576,278,185,194,13,21,63,3,18,12,131,43
20260906,r6_d30_t1_w25,78,115,586,281,190,199,15,20,62,3,17,12,131,43
20260906,r6_d30_t1_w25,79,116,591,284,191,204,17,20,60,3,16,13,131,43
20260906,r6_d30_t1_w25,80,114,596,285,197,208,18,15,62,5,16,13,131,43
20260906,r6_d30_t1_w25,81,114,601,287,200,211,17,16,60,7,16,13,131,43
20260906,r6_d30_t1_w25,82,108,607,291,208,217,17,14,60,9,12,13,131,43
20260906,r6_d30_t1_w25,83,105,615,296,214,224,18,17,55,10,10,15,131,43
20260906,r6_d30_t1_w25,84,109,625,302,214,232,21,16,54,9,9,15,131,43
20260906,r6_d30_t1_w25,85,109,631,308,214,238,24,14,56,6,9,15,131,43
20260906,r6_d30_t1_w25,86,111,637,312,214,241,25,16,55,4,9,16,131,43
20260906,r6_d30_t1_w25,87,114,644,316,214,246,26,20,50,4,9,15,131,43
20260906,r6_d30_t1_w25,88,120,654,320,214,249,27,20,51,2,9,15,131,43
20260906,r6_d30_t1_w25,89,125,663,324,214,251,26,19,54,1,9,16,131,43
20260906,r6_d30_t1_w25,90,132,672,326,214,253,26,15,58,1,9,16,131,43
20260906,r6_d30_t1_w25,91,139,681,328,214,255,21,13,60,6,14,15,131,43
20260906,r6_d30_t1_w25,92,145,689,330,214,261,21,15,54,10,16,15,131,43
20260906,r6_d30_t1_w25,93,145,696,337,214,264,21,19,54,6,14,15,131,43
20260906,r6_d30_t1_w25,94,150,705,341,214,269,22,18,54,6,17,15,131,43
20260906,r6_d30_t1_w25,95,157,714,343,214,272,24,15,56,5,18,15,131,43
20260906,r6_d30_t1_w25,96,157,720,348,215,277,24,16,55,5,18,14,131,43
20260906,r6_d30_t1_w25,97,163,727,349,215,279,25,13,57,5,18,14,131,43
20260906,r6_d30_t1_w25,98,165,737,355,217,283,25,12,60,3,18,13,131,43
20260906,r6_d30_t1_w25,99,165,747,358,224,289,25,12,57,6,18,12,131,43
20260906,r6_d30_t1_w25,100,167,755,361,227,292,24,11,58,7,18,12,121,40
20260906,r6_d30_t1_w25,101,165,764,366,233,296,22,14,56,8,18,12,121,40
20260906,r6_d30_t1_w25,102,165,773,370,238,299,21,13,58,8,18,13,121,40
20260906,r6_d30_t1_w25,103,162,783,376,245,303,22,18,55,5,18,13,121,40
20260906,r6_d30_t1_w25,104,165,792,380,247,310,23,19,51,7,18,14,121,40
20260906,r6_d30_t1_w25,105,166,801,385,250,313,22,16,56,6,18,15,131,43
20260906,r6_d30_t1_w25,106,165,810,393,252,317,21,19,57,3,17,17,131,43
20260906,r6_d30_t1_w25,107,168,820,396,256,321,22,17,58,3,16,17,131,43
20260906,r6_d30_t1_w25,108,165,826,399,262,325,23,17,57,3,16,18,131,43
20260906,r6_d30_t1_w25,109,161,833,403,269,332,26,15,56,3,16,18,131,43
20260906,r6_d30_t1_w25,110,157,839,407,275,336,24,17,54,5,16,18,131,43
20260906,r6_d30_t1_w25,111,157,845,409,279,338,23,15,56,6,14,20,131,43
20260906,r6_d30_t1_w25,112,153,850,414,283,341,24,14,59,3,13,20,131,43
20260906,r6_d30_t1_w25,113,150,856,416,290,344,26,10,62,2,10,19,131,43
20260906,r6_d30_t1_w25,114,151,865,420,294,348,26,10,62,2,9,20,131,43
20260906,r6_d30_t1_w25,115,160,875,421,294,351,28,8,62,2,9,22,131,43
20260906,r6_d30_t1_w25,116,166,883,423,294,353,28,8,62,2,9,23,131,43
20260906,r6_d30_t1_w25,117,166,890,430,294,359,28,12,59,1,9,24,131,43
20260906,r6_d30_t1_w25,118,170,896,432,294,364,32,14,54,0,9,24,131,43
20260906,r6_d30_t1_w25,119,177,904,433,294,367,33,14,52,1,9,25,131,43
20260906,r6_d30_t1_w25,120,171,909,435,303,372,34,13,50,3,9,22,131,43
20260906,r6_d30_t1_w25,121,170,915,439,306,378,34,15,46,5,11,22,131,43
20260906,r6_d30_t1_w25,122,169,922,442,311,385,21,14,43,22,13,21,131,43
20260906,r6_d30_t1_w25,123,161,927,446,320,388,22,13,45,20,13,20,131,43
20260906,r6_d30_t1_w25,124,142,935,468,325,392,22,31,45,2,10,18,131,43
20260906,r6_d30_t1_w25,125,144,943,470,329,394,22,27,49,2,12,17,121,40
20260906,r6_d30_t1_w25,126,144,951,472,335,399,24,22,51,3,13,17,121,40
20260906,r6_d30_t1_w25,127,143,959,473,343,402,24,17,54,5,16,17,121,40
20260906,r6_d30_t1_w25,128,142,969,477,350,405,24,14,58,4,17,15,121,40
20260906,r6_d30_t1_w25,129,142,978,480,356,407,25,16,57,2,18,15,121,40
20260906,r6_d30_t1_w25,130,141,984,482,361,409,25,14,59,2,18,15,131,43
20260906,r6_d30_t1_w25,131,143,993,483,367,410,24,10,63,3,18,14,131,43
20260906,r6_d30_t1_w25,132,140,1000,485,375,413,26,8,64,2,18,13,131,43
20260906,r6_d30_t1_w25,133,135,1006,490,381,418,27,11,61,1,17,12,131,43
20260906,r6_d30_t1_w25,134,132,1013,496,385,427,27,16,53,4,17,11,131,43
20260906,r6_d30_t1_w25,135,131,1020,500,389,430,27,19,51,3,17,11,131,43
20260906,r6_d30_t1_w25,136,131,1028,504,393,433,28,19,52,1,17,10,131,43
20260906,r6_d30_t1_w25,137,132,1034,506,396,438,29,15,53,3,17,11,131,43
20260906,r6_d30_t1_w25,138,130,1040,508,402,439,29,13,56,2,16,11,131,43
20260906,r6_d30_t1_w25,139,133,1050,510,407,445,30,12,53,5,15,13,131,43
20260906,r6_d30_t1_w25,140,134,1059,511,414,448,31,11,52,6,15,13,131,43
20260906,r6_d30_t1_w25,141,131,1067,518,418,455,32,15,48,5,14,13,131,43
20260906,r6_d30_t1_w25,142,132,1074,520,422,456,32,12,52,4,12,15,131,43
20260906,r6_d30_t1_w25,143,133,1084,525,426,460,33,16,49,2,10,15,131,43
20260906,r6_d30_t1_w25,144,132,1094,529,433,467,35,17,45,3,9,17,131,43
20260906,r6_d30_t1_w25,145,137,1101,531,433,472,38,16,43,3,9,17,131,43
20260906,r6_d30_t1_w25,146,141,1107,533,433,474,39,16,43,2,9,17,131,43
20260906,r6_d30_t1_w25,147,148,1117,536,433,475,39,16,45,0,9,17,131,43
20260906,r6_d30_t1_w25,148,155,1126,538,433,479,41,12,47,0,9,17,131,43
20260906,r6_d30_t1_w25,149,159,1134,542,433,483,41,12,47,0,9,21,131,43
20260906,r6_d30_t1_w25,150,162,1140,544,434,485,39,11,48,2,10,21,131,43
20260906,r6_d30_t1_w25,151,166,1146,545,435,488,28,8,49,15,12,21,131,43
20260906,r6_d30_t1_w25,152,165,1155,552,438,492,10,12,48,30,14,21,131,43
20260906,r6_d30_t1_w25,153,151,1163,566,446,494,10,25,47,18,13,20,131,43
20260906,r6_d30_t1_w25,154,133,1171,584,454,498,12,39,47,2,9,19,131,43
20260906,r6_d30_t1_w25,155,132,1176,585,459,503,14,33,49,4,10,19,126,43
20260906,r6_d30_t1_w25,156,134,1186,587,465,507,7,23,57,13,15,18,126,43
20260906,r6_d30_t1_w25,157,134,1193,590,469,508,5,18,64,13,16,17,126,43
20260906,r6_d30_t1_w25,158,126,1200,602,472,513,5,24,65,6,15,16,126,43
20260906,r6_d30_t1_w25,159,126,1207,606,475,516,5,22,68,5,16,16,126,43
20260906,r6_d30_t1_w25,160,124,1212,609,479,520,6,17,72,5,16,15,131,43
20260906,r6_d30_t1_w25,161,121,1217,611,485,522,6,13,76,5,17,13,131,43
20260906,r6_d30_t1_w25,162,117,1222,615,490,527,9,16,72,3,17,12,131,43
20260906,r6_d30_t1_w25,163,118,1231,618,495,531,11,15,72,2,16,12,131,43
20260906,r6_d30_t1_w25,164,117,1241,621,503,537,13,14,70,3,17,11,131,43
20260906,r6_d30_t1_w25,165,116,1249,622,511,539,13,11,72,4,17,11,131,43
20260906,r6_d30_t1_w25,166,116,1255,625,514,542,13,11,72,4,17,10,131,43
20260906,r6_d30_t1_w25,167,112,1261,630,519,548,13,11,71,5,18,9,131,43
20260906,r6_d30_t1_w25,168,107,1266,632,527,556,19,11,65,5,17,10,131,43
20260906,r6_d30_t1_w25,169,102,1274,639,533,562,19,18,59,4,15,11,131,43
20260906,r6_d30_t1_w25,170,100,1279,642,537,567,20,20,55,5,14,12,131,43
20260906,r6_d30_t1_w25,171,103,1287,645,539,571,21,19,55,5,13,12,131,43
20260906,r6_d30_t1_w25,172,96,1293,650,547,574,21,18,58,3,13,15,131,43
20260906,r6_d30_t1_w25,173,94,1298,652,552,576,21,16,60,3,10,15,131,43
20260906,r6_d30_t1_w25,174,96,1308,655,557,589,28,15,51,6,9,17,131,43
20260906,r6_d30_t1_w25,175,102,1318,658,558,596,29,12,50,9,9,18,131,43
20260906,r6_d30_t1_w25,176,103,1323,662,558,596,28,15,51,6,9,19,131,43
20260906,r6_d30_t1_w25,177,106,1331,667,558,601,33,17,49,1,9,17,131,43
20260906,r6_d30_t1_w25,178,113,1339,668,558,605,35,17,46,2,9,16,131,43
20260906,r6_d30_t1_w25,179,120,1349,671,558,609,34,14,48,4,9,17,131,43
20260906,r6_d30_t1_w25,180,118,1356,680,558,610,28,21,49,2,9,17,121,40
20260906,r6_d30_t1_w25,181,121,1361,682,558,616,29,19,47,5,11,17,121,40
20260906,r6_d30_t1_w25,182,129,1370,683,558,620,19,17,46,18,12,17,121,40
20260906,r6_d30_t1_w25,183,130,1376,688,558,622,20,21,45,14,13,16,121,40
20260906,r6_d30_t1_w25,184,118,1382,706,558,629,20,31,46,3,11,16,121,40
20260906,r6_d30_t1_w25,185,125,1391,708,558,633,21,24,51,4,14,16,131,43
20260906,r6_d30_t1_w25,186,131,1399,710,558,637,21,18,55,6,14,16,131,43
20260906,r6_d30_t1_w25,187,139,1409,712,558,638,22,13,61,4,16,16,131,43
20260906,r6_d30_t1_w25,188,136,1414,719,559,640,20,19,60,1,17,16,131,43
20260906,r6_d30_t1_w25,189,137,1423,719,567,643,22,15,61,2,17,14,131,43
20260906,r6_d30_t1_w25,190,133,1429,722,574,645,22,11,66,1,17,13,131,43
20260906,r6_d30_t1_w25,191,132,1434,725,577,651,24,9,65,2,17,12,131,43
20260906,r6_d30_t1_w25,192,130,1440,728,582,655,24,9,64,3,17,11,131,43
20260906,r6_d30_t1_w25,193,129,1447,732,586,661,26,12,59,3,17,10,131,43
20260906,r6_d30_t1_w25,194,131,1455,733,591,664,26,13,56,5,18,10,131,43
20260906,r6_d30_t1_w25,195,129,1460,736,595,671,27,14,51,8,18,10,131,43
20260906,r6_d30_t1_w25,196,131,1470,741,598,675,25,17,49,9,18,12,131,43
20260906,r6_d30_t1_w25,197,125,1475,749,601,681,25,20,48,7,17,14,131,43
20260906,r6_d30_t1_w25,198,129,1485,754,602,682,25,16,56,3,16,15,131,43
20260906,r6_d30_t1_w25,199,122,1491,760,609,690,27,20,50,3,16,14,131,43
20260906,r6_d30_t1_w25,200,122,1497,760,615,693,27,17,50,6,14,14,131,43
20260906,r6_d30_t1_w25,201,125,1506,764,617,699,29,16,49,6,13,15,131,43
20260906,r6_d30_t1_w25,202,128,1515,767,620,703,32,16,48,4,12,16,131,43
20260906,r6_d30_t1_w25,203,129,1522,771,622,705,32,13,53,2,10,18,131,43
20260906,r6_d30_t1_w25,204,129,1530,773,628,709,33,8,56,3,9,18,131,43
20260906,r6_d30_t1_w25,205,134,1538,776,628,712,33,9,55,3,9,18,131,43
20260906,r6_d30_t1_w25,206,142,1548,778,628,713,34,11,54,1,9,20,131,43
20260906,r6_d30_t1_w25,207,144,1554,782,628,718,36,14,50,0,9,22,131,43
20260906,r6_d30_t1_w25,208,145,1559,785,629,722,36,16,47,1,9,22,131,43
20260906,r6_d30_t1_w25,209,150,1567,787,630,725,36,18,44,2,9,22,131,43
20260906,r6_d30_t1_w25,210,156,1577,791,630,730,33,18,43,6,12,22,131,43
20260906,r6_d30_t1_w25,211,160,1583,793,630,733,16,17,43,24,13,22,131,43
20260906,r6_d30_t1_w25,212,158,1592,799,635,735,16,18,46,20,16,21,131,43
20260906,r6_d30_t1_w25,213,144,1602,819,639,744,20,33,42,5,10,20,131,43
20260906,r6_d30_t1_w25,214,140,1607,821,646,747,21,26,48,5,13,19,131,43
20260906,r6_d30_t1_w25,215,140,1614,826,648,751,21,23,52,4,15,19,131,43
20260906,r6_d30_t1_w25,216,143,1622,827,652,752,21,22,53,4,16,17,131,43
20260906,r6_d30_t1_w25,217,140,1627,831,656,757,21,18,56,5,16,16,131,43
20260906,r6_d30_t1_w25,218,136,1633,834,663,762,23,17,55,5,17,15,131,43
20260906,r6_d30_t1_w25,219,133,1641,839,669,762,22,20,57,1,18,15,131,43
20260906,r6_d30_t1_w25,220,136,1651,841,674,766,23,20,55,2,18,14,131,43
20260906,r6_d30_t1_w25,221,131,1656,842,683,767,22,17,58,3,18,14,131,43
20260906,r6_d30_t1_w25,222,135,1665,844,686,768,22,14,62,2,18,14,131,43
20260906,r6_d30_t1_w25,223,137,1674,845,692,771,22,11,63,4,18,14,131,43
20260906,r6_d30_t1_w25,224,135,1679,847,697,772,21,9,66,4,18,14,131,43
20260906,r6_d30_t1_w25,225,134,1685,850,701,776,24,11,63,2,18,14,131,43
20260906,r6_d30_t1_w25,226,129,1692,854,709,784,27,11,59,3,18,12,131,43
20260906,r6_d30_t1_w25,227,126,1700,857,717,788,27,13,56,4,18,12,131,43
20260906,r6_d30_t1_w25,228,124,1706,859,723,790,28,12,57,3,18,12,131,43
20260906,r6_d30_t1_w25,229,120,1711,863,728,795,30,15,53,2,17,13,131,43
20260906,r6_d30_t1_w25,230,119,1719,864,736,798,31,13,53,3,16,14,131,43
20260906,r6_d30_t1_w25,231,118,1729,868,743,806,33,14,48,5,15,17,131,43
20260906,r6_d30_t1_w25,232,116,1735,871,748,812,38,15,44,3,13,16,131,43
20260906,r6_d30_t1_w25,233,116,1743,875,752,817,42,16,42,0,12,16,131,43
20260906,r6_d30_t1_w25,234,112,1748,877,759,820,42,16,41,1,9,16,131,43
20260906,r6_d30_t1_w25,235,116,1753,878,759,829,46,11,38,5,9,17,111,40
20260906,r6_d30_t1_w25,236,119,1758,880,759,834,48,11,35,6,9,16,111,40
20260906,r6_d30_t1_w25,237,122,1766,885,759,836,48,14,35,3,9,17,111,40
20260906,r6_d30_t1_w25,238,128,1775,888,759,841,51,14,33,2,9,17,111,40
20260906,r6_d30_t1_w25,239,133,1782,890,759,842,51,15,33,1,9,18,111,40
20260906,r6_d30_t1_w25,240,135,1787,893,759,844,50,16,33,1,9,18,131,43
20260906,r6_d30_t1_w25,241,144,1796,893,759,848,50,13,32,5,11,18,131,43
20260906,r6_d30_t1_w25,242,150,1805,895,760,848,20,9,38,33,13,18,131,43
20260906,r6_d30_t1_w25,243,154,1813,899,760,848,20,6,45,29,15,18,131,43
20260906,r6_d30_t1_w25,244,133,1820,925,762,851,24,30,44,2,9,18,131,43
20260906,r6_d30_t1_w25,245,129,1830,931,770,853,20,25,53,2,9,17,131,43
20260906,r6_d30_t1_w25,246,133,1840,935,772,856,19,23,56,2,11,17,131,43
20260906,r6_d30_t1_w25,247,127,1845,937,781,859,19,19,59,3,11,16,131,43
20260906,r6_d30_t1_w25,248,127,1854,939,788,860,19,14,65,2,14,14,131,43
20260906,r6_d30_t1_w25,249,129,1863,942,792,864,16,14,64,6,17,14,131,43
20260906,r6_d30_t1_w25,250,130,1871,943,798,866,17,12,65,6,17,13,131,43
20260906,r6_d30_t1_w25,251,126,1876,949,801,872,19,15,62,4,18,12,131,43
20260906,r6_d30_t1_w25,252,123,1882,951,808,872,18,12,67,3,18,12,131,43
20260906,r6_d30_t1_w25,253,121,1887,955,811,876,18,13,66,3,18,10,131,43
20260906,r6_d30_t1_w25,254,124,1894,956,814,880,19,10,66,5,18,10,131,43
20260906,r6_d30_t1_w25,255,123,1904,960,821,882,20,8,70,2,17,10,122,43
20260906,r6_d30_t1_w25,256,119,1910,964,827,888,19,11,65,5,17,9,122,43
20260906,r6_d30_t1_w25,257,119,1919,967,833,895,20,12,60,8,17,11,122,43
20260906,r6_d30_t1_w25,258,115,1927,974,838,903,22,16,55,7,16,13,122,43
20260906,r6_d30_t1_w25,259,115,1933,979,839,908,23,17,54,6,16,14,122,43
20260906,r6_d30_t1_w25,260,114,1939,984,841,911,23,18,55,4,15,14,131,43
20260906,r6_d30_t1_w25,261,116,1949,988,845,915,24,19,54,3,15,14,131,43
20260906,r6_d30_t1_w25,262,111,1955,993,851,921,24,21,51,4,14,14,131,43
20260906,r6_d30_t1_w25,263,107,1962,997,858,927,23,17,53,7,9,14,131,43
20260906,r6_d30_t1_w25,264,104,1967,1000,863,928,24,17,55,4,9,16,131,43
20260906,r6_d30_t1_w25,265,106,1974,1005,863,932,26,18,55,1,9,16,131,43
20260906,r6_d30_t1_w25,266,110,1979,1006,863,936,29,12,58,1,9,18,131,43
20260906,r6_d30_t1_w25,267,117,1987,1007,863,942,32,12,53,3,9,19,131,43
20260906,r6_d30_t1_w25,268,121,1993,1008,864,946,33,9,53,5,9,19,131,43
20260906,r6_d30_t1_w25,269,122,1998,1012,864,950,34,10,52,4,9,19,131,43
20260906,r6_d30_t1_w25,270,126,2007,1017,864,955,34,13,49,4,10,19,131,43
20260906,r6_d30_t1_w25,271,128,2012,1020,864,959,27,14,47,12,13,19,131,43
20260906,r6_d30_t1_w25,272,133,2019,1022,864,962,26,13,47,14,15,19,131,43
20260906,r6_d30_t1_w25,273,127,2024,1032,865,965,27,22,45,6,13,19,131,43
20260906,r6_d30_t1_w25,274,131,2034,1038,865,969,27,21,48,4,16,17,131,43
20260906,r6_d30_t1_w25,275,133,2040,1042,865,973,27,17,52,4,16,16,131,43
20260906,r6_d30_t1_w25,276,136,2046,1045,865,974,26,13,58,3,16,16,131,43
20260906,r6_d30_t1_w25,277,140,2055,1050,865,977,24,17,56,3,17,15,131,43
20260906,r6_d30_t1_w25,278,138,2061,1054,869,979,22,17,58,3,18,15,131,43
20260906,r6_d30_t1_w25,279,140,2068,1057,871,983,21,18,56,5,18,14,131,43
20260906,r6_d30_t1_w25,280,135,2073,1059,879,990,26,15,54,5,18,13,131,43
20260906,r6_d30_t1_w25,281,132,2079,1065,882,994,25,14,57,4,18,13,131,43
20260906,r6_d30_t1_w25,282,135,2089,1066,888,997,26,10,59,5,18,12,131,43
20260906,r6_d30_t1_w25,283,136,2098,1070,892,1002,26,12,56,6,18,11,131,43
20260906,r6_d30_t1_w25,284,135,2104,1073,896,1005,26,10,58,6,18,11,131,43
20260906,r6_d30_t1_w25,285,135,2114,1078,901,1011,27,11,56,6,18,15,121,40
20260906,r6_d30_t1_w25,286,135,2123,1080,908,1011,27,10,59,4,18,15,121,40
20260906,r6_d30_t1_w25,287,136,2132,1085,911,1017,27,12,56,5,18,15,121,40
20260906,r6_d30_t1_w25,288,139,2142,1087,916,1022,29,11,54,6,18,16,121,40
20260906,r6_d30_t1_w25,289,139,2152,1094,919,1026,28,14,54,4,16,15,121,40
20260906,r6_d30_t1_w25,290,139,2160,1098,923,1031,28,15,52,5,15,15,126,43
20260906,r6_d30_t1_w25,291,139,2168,1103,926,1039,31,18,46,5,14,16,126,43
20260906,r6_d30_t1_w25,292,136,2174,1106,932,1043,29,19,44,8,12,17,126,43
20260906,r6_d30_t1_w25,293,136,2181,1109,936,1045,30,13,51,6,9,16,126,43
20260906,r6_d30_t1_w25,294,133,2186,1114,939,1048,31,17,49,3,9,16,126,43
20260906,r6_d30_t1_w25,295,138,2192,1115,939,1052,33,12,51,4,9,17,131,43
20260906,r6_d30_t1_w25,296,141,2200,1120,939,1059,34,11,50,5,9,18,131,43
20260906,r6_d30_t1_w25,297,144,2206,1123,939,1061,35,13,49,3,9,19,131,43
20260906,r6_d30_t1_w25,298,143,2211,1129,939,1065,36,18,46,0,9,18,131,43
20260906,r6_d30_t1_w25,299,149,2217,1129,939,1068,37,13,48,2,9,18,131,43
20260906,r6_d30_t1_w25,300,156,2227,1131,940,1069,32,13,49,6,12,18,131,43
20260906,r6_d30_t1_w25,301,164,2237,1133,940,1072,23,12,49,16,13,17,131,43
20260906,r6_d30_t1_w25,302,162,2243,1138,943,1078,25,14,46,15,14,17,131,43
20260906,r6_d30_t1_w25,303,156,2253,1150,947,1081,27,19,50,4,11,17,131,43
20260906,r6_d30_t1_w25,304,152,2258,1154,952,1086,27,17,51,5,12,17,131,43
20260906,r6_d30_t1_w25,305,151,2264,1157,956,1088,25,16,53,6,15,17,131,43
20260906,r6_d30_t1_w25,306,150,2272,1163,959,1093,25,14,56,5,15,17,131,43
20260906,r6_d30_t1_w25,307,145,2278,1166,967,1095,25,13,58,4,15,17,131,43
20260906,r6_d30_t1_w25,308,139,2283,1171,973,1098,25,17,56,2,15,14,131,43
20260906,r6_d30_t1_w25,309,137,2288,1175,976,1101,24,18,56,2,16,13,131,43
20260906,r6_d30_t1_w25,310,135,2297,1179,983,1105,24,19,55,2,18,13,131,43
20260906,r6_d30_t1_w25,311,135,2307,1181,991,1110,25,16,55,4,18,11,131,43
20260906,r6_d30_t1_w25,312,129,2314,1185,1000,1115,26,14,56,4,18,9,131,43
20260906,r6_d30_t1_w25,313,128,2323,1190,1005,1117,26,18,55,1,18,9,131,43
20260906,r6_d30_t1_w25,314,124,2329,1192,1013,1121,28,14,57,1,18,9,131,43
20260906,r6_d30_t1_w25,315,125,2335,1192,1018,1125,31,9,58,2,18,10,131,43
20260906,r6_d30_t1_w25,316,127,2345,1193,1025,1125,31,9,59,1,18,12,131,43
20260906,r6_d30_t1_w25,317,131,2354,1194,1029,1129,33,9,56,2,18,13,131,43
20260906,r6_d30_t1_w25,318,132,2364,1196,1036,1132,33,8,56,3,17,14,131,43
20260906,r6_d30_t1_w25,319,131,2369,1199,1039,1138,37,8,53,2,17,14,131,43
20260906,r6_d30_t1_w25,320,135,2378,1200,1043,1142,38,7,51,4,16,14,131,43
20260906,r6_d30_t1_w25,321,132,2388,1207,1049,1148,34,11,48,7,12,14,131,43
20260906,r6_d30_t1_w25,322,136,2398,1211,1051,1149,32,14,48,6,12,15,131,43
20260906,r6_d30_t1_w25,323,137,2407,1218,1052,1156,33,17,45,5,11,16,131,43
20260906,r6_d30_t1_w25,324,137,2414,1220,1057,1159,35,15,46,4,9,17,131,43
20260906,r6_d30_t1_w25,325,143,2423,1223,1057,1163,38,15,45,2,9,18,131,43
20260906,r6_d30_t1_w25,326,150,2433,1226,1057,1167,40,14,45,1,9,20,131,43
20260906,r6_d30_t1_w25,327,155,2441,1229,1057,1174,44,15,40,1,9,21,131,43
20260906,r6_d30_t1_w25,328,159,2446,1230,1057,1176,45,12,42,1,9,22,131,43
20260906,r6_d30_t1_w25,329,164,2452,1231,1057,1180,49,11,40,0,9,23,131,43
20260906,r6_d30_t1_w25,330,167,2458,1234,1057,1182,47,11,41,1,9,23,131,43
20260906,r6_d30_t1_w25,331,169,2466,1235,1062,1184,44,12,39,5,11,22,131,43
20260906,r6_d30_t1_w25,332,170,2474,1238,1066,1187,11,12,39,38,14,21,131,43
20260906,r6_d30_t1_w25,333,167,2479,1244,1068,1189,8,12,43,37,13,21,131,43
20260906,r6_d30_t1_w25,334,150,2485,1264,1071,1193,25,29,42,4,9,21,131,43
20260906,r6_d30_t1_w25,335,143,2491,1270,1078,1200,27,29,41,3,9,20,121,40
20260906,r6_d30_t1_w25,336,137,2501,1279,1085,1200,19,30,49,2,9,19,121,40
20260906,r6_d30_t1_w25,337,132,2511,1292,1087,1206,14,34,52,0,9,18,121,40
20260906,r6_d30_t1_w25,338,131,2517,1292,1094,1208,14,27,57,2,10,17,121,40
20260906,r6_d30_t1_w25,339,132,2524,1292,1100,1211,10,22,59,9,15,16,121,40
20260906,r6_d30_t1_w25,340,134,2532,1294,1104,1213,11,18,63,8,17,16,131,43
20260906,r6_d30_t1_w25,341,125,2540,1302,1113,1217,13,21,64,2,17,14,131,43
20260906,r6_d30_t1_w25,342,123,2547,1304,1120,1220,13,14,70,3,17,13,131,43
20260906,r6_d30_t1_w25,343,119,2552,1305,1128,1221,10,10,74,6,17,11,131,43
20260906,r6_d30_t1_w25,344,121,2558,1307,1130,1222,10,9,76,5,18,11,131,43
20260906,r6_d30_t1_w25,345,119,2566,1312,1135,1228,11,12,72,5,18,10,131,43
20260906,r6_d30_t1_w25,346,119,2574,1314,1141,1229,9,8,77,6,18,10,131,43
20260906,r6_d30_t1_w25,347,113,2581,1319,1149,1234,10,10,75,5,18,9,131,43
20260906,r6_d30_t1_w25,348,109,2586,1321,1156,1236,10,9,76,5,18,8,131,43
20260906,r6_d30_t1_w25,349,106,2593,1326,1161,1239,11,13,74,2,18,8,131,43
20260906,r6_d30_t1_w25,350,101,2600,1330,1169,1246,11,15,69,5,15,8,131,43
20260906,r6_d30_t1_w25,351,92,2606,1336,1178,1254,12,19,63,6,13,9,131,43
20260906,r6_d30_t1_w25,352,85,2615,1344,1186,1262,11,27,55,7,11,9,131,43
20260906,r6_d30_t1_w25,353,86,2623,1349,1188,1269,12,30,50,8,10,11,131,43
20260906,r6_d30_t1_w25,354,81,2629,1358,1190,1275,15,31,52,2,9,11,131,43
20260906,r6_d30_t1_w25,355,86,2635,1359,1190,1279,17,28,52,3,9,11,131,43
20260906,r6_d30_t1_w25,356,94,2645,1361,1190,1285,19,21,55,5,9,12,131,43
20260906,r6_d30_t1_w25,357,97,2652,1365,1190,1289,20,19,57,4,9,12,131,43
20260906,r6_d30_t1_w25,358,99,2657,1368,1190,1290,20,17,61,2,9,12,131,43
20260906,r6_d30_t1_w25,359,101,2664,1371,1192,1294,22,16,61,1,9,15,131,43
20260906,r6_d30_t1_w25,360,107,2672,1373,1192,1298,20,13,62,5,11,15,126,43
20260906,r6_d30_t1_w25,361,109,2677,1376,1192,1302,13,13,61,13,11,15,126,43
20260906,r6_d30_t1_w25,362,113,2687,1382,1192,1308,12,18,56,14,13,15,126,43
20260906,r6_d30_t1_w25,363,111,2695,1392,1192,1310,12,20,62,6,13,15,126,43
20260906,r6_d30_t1_w25,364,113,2702,1397,1192,1312,13,19,66,2,13,14,126,43
20260906,r6_d30_t1_w25,365,116,2708,1400,1192,1317,14,19,64,3,13,14,131,43
20260906,r6_d30_t1_w25,366,119,2713,1402,1192,1320,14,16,66,4,13,14,131,43
20260906,r6_d30_t1_w25,367,124,2720,1404,1192,1322,14,11,71,4,15,14,131,43
20260906,r6_d30_t1_w25,368,128,2726,1406,1192,1328,15,9,69,7,17,14,131,43
20260906,r6_d30_t1_w25,369,136,2736,1408,1192,1332,15,8,68,9,17,14,131,43
20260906,r6_d30_t1_w25,370,136,2745,1414,1195,1337,16,11,66,7,18,14,131,43
20260906,r6_d30_t1_w25,371,133,2751,1421,1197,1343,18,16,62,4,18,14,131,43
20260906,r6_d30_t1_w25,372,135,2759,1424,1200,1348,20,15,61,4,18,13,131,43
20260906,r6_d30_t1_w25,373,135,2768,1431,1202,1357,22,19,55,4,18,13,131,43
20260906,r6_d30_t1_w25,374,136,2778,1438,1204,1364,24,19,55,2,18,13,131,43
20260906,r6_d30_t1_w25,375,137,2787,1440,1210,1367,23,19,54,4,18,14,131,43
20260906,r6_d30_t1_w25,376,136,2792,1443,1213,1369,22,17,57,4,18,17,131,43
20260906,r6_d30_t1_w25,377,133,2798,1447,1218,1370,21,17,60,2,18,18,131,43
20260906,r6_d30_t1_w25,378,131,2804,1449,1224,1373,23,15,61,1,17,18,131,43
20260906,r6_d30_t1_w25,379,133,2814,1452,1229,1378,23,15,59,3,17,20,131,43
20260906,r6_d30_t1_w25,380,133,2821,1454,1234,1381,23,13,60,4,16,21,115,42
20260906,r6_d30_t1_w25,381,129,2830,1459,1242,1385,23,15,59,3,14,21,115,42
20260906,r6_d30_t1_w25,382,130,2837,1460,1247,1392,27,14,54,5,11,22,115,42
20260906,r6_d30_t1_w25,383,135,2846,1462,1249,1397,31,14,51,4,11,23,115,42
20260906,r6_d30_t1_w25,384,129,2851,1466,1256,1399,31,14,53,2,9,23,115,42
20260906,r6_d30_t1_w25,385,132,2858,1469,1257,1403,33,15,51,1,9,23,131,43
20260906,r6_d30_t1_w25,386,139,2868,1472,1257,1408,35,16,48,1,9,25,131,43
20260906,r6_d30_t1_w25,387,144,2876,1475,1257,1412,36,13,50,1,9,25,131,43
20260906,r6_d30_t1_w25,388,148,2881,1476,1257,1414,38,13,49,0,9,25,131,43
20260906,r6_d30_t1_w25,389,154,2888,1477,1257,1418,39,11,48,2,9,25,131,43
20260906,r6_d30_t1_w25,390,156,2896,1483,1257,1423,37,13,47,3,9,25,121,40
20260906,r6_d30_t1_w25,391,161,2904,1485,1258,1425,34,13,47,6,12,25,121,40
20260906,r6_d30_t1_w25,392,162,2909,1486,1261,1431,23,12,43,22,13,24,121,40
20260906,r6_d30_t1_w25,393,158,2916,1493,1265,1436,22,16,41,21,14,24,121,40
20260906,r6_d30_t1_w25,394,141,2923,1512,1270,1441,24,32,39,5,10,21,121,40
20260906,r6_d30_t1_w25,395,136,2933,1518,1279,1442,23,30,46,1,11,20,131,43
20260906,r6_d30_t1_w25,396,132,2938,1522,1284,1445,22,32,45,1,12,18,131,43
20260906,r6_d30_t1_w25,397,131,2945,1522,1292,1446,22,25,51,2,14,17,131,43
20260906,r6_d30_t1_w25,398,132,2955,1523,1300,1448,22,22,53,3,17,15,131,43
20260906,r6_d30_t1_w25,399,130,2964,1525,1309,1450,22,14,61,3,17,13,131,43
20260906,r6_d30_t1_w25,400,125,2969,1528,1316,1455,23,14,59,4,16,11,131,43
20260906,r6_d30_t1_w25,401,126,2976,1530,1320,1457,22,12,61,5,17,10,131,43
20260906,r6_d30_t1_w25,402,127,2985,1536,1322,1461,23,14,61,2,18,10,131,43
20260906,r6_d30_t1_w25,403,126,2991,1539,1326,1468,25,10,61,4,18,9,131,43
20260906,r6_d30_t1_w25,404,123,2997,1540,1334,1473,28,8,59,5,18,9,131,43
20260906,r6_d30_t1_w25,405,124,3004,1544,1336,1475,30,11,58,1,18,10,131,43
20260906,r6_d30_t1_w25,406,127,3013,1545,1341,1479,32,10,56,2,18,12,131,43
20260906,r6_d30_t1_w25,407,125,3020,1547,1348,1480,31,10,57,2,17,12,131,43
20260906,r6_d30_t1_w25,408,122,3027,1550,1355,1485,33,9,56,2,17,12,131,43
20260906,r6_d30_t1_w25,409,124,3035,1551,1360,1489,34,5,57,4,17,12,131,43
20260906,r6_d30_t1_w25,410,123,3043,1556,1364,1496,35,9,51,5,17,14,131,43
20260906,r6_d30_t1_w25,411,120,3049,1558,1371,1502,40,8,48,4,14,15,131,43
20260906,r6_d30_t1_w25,412,120,3058,1561,1377,1504,42,8,49,1,12,15,131,43
20260906,r6_d30_t1_w25,413,117,3063,1565,1381,1509,42,12,44,2,11,15,131,43
20260906,r6_d30_t1_w25,414,116,3069,1566,1387,1513,42,9,44,5,9,15,131,43
20260906,r6_d30_t1_w25,415,120,3078,1570,1388,1517,43,9,44,4,9,16,131,43
20260906,r6_d30_t1_w25,416,122,3085,1575,1388,1524,46,13,38,3,9,16,131,43
20260906,r6_d30_t1_w25,417,126,3090,1576,1388,1526,47,11,39,3,9,16,131,43
20260906,r6_d30_t1_w25,418,130,3096,1578,1388,1529,50,12,37,1,9,18,131,43
20260906,r6_d30_t1_w25,419,137,3105,1580,1388,1533,52,10,37,1,9,20,131,43
20260906,r6_d30_t1_w25,420,141,3111,1582,1388,1538,54,10,34,2,10,20,131,43
20260906,r6_d30_t1_w25,421,145,3118,1585,1388,1542,43,11,32,14,11,20,131,43
20260906,r6_d30_t1_w25,422,151,3128,1589,1388,1545,19,13,31,37,13,20,131,43
20260906,r6_d30_t1_w25,423,148,3138,1602,1388,1548,20,23,31,26,12,20,131,43
20260906,r6_d30_t1_w25,424,134,3144,1616,1394,1551,33,30,35,2,9,19,131,43
20260906,r6_d30_t1_w25,425,131,3154,1626,1397,1551,25,29,46,0,9,19,131,43
20260906,r6_d30_t1_w25,426,130,3162,1629,1403,1552,22,26,51,1,9,17,131,43
20260906,r6_d30_t1_w25,427,128,3171,1631,1412,1553,18,19,59,4,12,16,131,43
20260906,r6_d30_t1_w25,428,130,3179,1633,1416,1558,22,16,59,3,15,15,131,43
20260906,r6_d30_t1_w25,429,133,3188,1636,1419,1560,22,13,63,2,16,15,131,43
20260906,r6_d30_t1_w25,430,133,3197,1638,1426,1564,22,13,61,4,17,14,131,43
20260906,r6_d30_t1_w25,431,132,3206,1642,1432,1566,21,14,62,3,18,13,131,43
20260906,r6_d30_t1_w25,432,130,3213,1645,1438,1568,21,14,63,2,18,12,131,43
20260906,r6_d30_t1_w25,433,133,3222,1646,1443,1570,22,13,63,2,18,11,131,43
20260906,r6_d30_t1_w25,434,132,3231,1649,1450,1572,21,13,64,2,18,10,131,43
20260906,r6_d30_t1_w25,435,133,3241,1651,1457,1575,23,9,67,1,18,9,131,43
20260906,r6_d30_t1_w25,436,131,3247,1654,1462,1580,24,10,64,2,18,10,131,43
20260906,r6_d30_t1_w25,437,128,3252,1654,1470,1585,25,9,60,6,18,10,131,43
20260906,r6_d30_t1_w25,438,128,3260,1658,1474,1591,27,13,54,6,18,11,131,43
20260906,r6_d30_t1_w25,439,126,3268,1664,1478,1603,30,17,44,9,17,12,131,43
20260906,r6_d30_t1_w25,440,120,3273,1668,1485,1611,29,16,41,14,16,12,131,43
20260906,r6_d30_t1_w25,441,115,3278,1676,1487,1614,30,19,43,8,15,12,131,43
20260906,r6_d30_t1_w25,442,114,3287,1684,1489,1619,31,23,42,4,12,13,131,43
20260906,r6_d30_t1_w25,443,116,3297,1686,1495,1621,29,18,47,6,12,14,131,43
20260906,r6_d30_t1_w25,444,111,3304,1689,1504,1624,31,16,49,4,10,15,131,43
20260906,r6_d30_t1_w25,445,115,3311,1692,1504,1626,31,17,49,3,10,16,121,40
20260906,r6_d30_t1_w25,446,120,3319,1695,1504,1630,31,17,48,4,9,16,121,40
20260906,r6_d30_t1_w25,447,126,3329,1697,1506,1633,31,13,51,5,9,17,121,40
20260906,r6_d30_t1_w25,448,128,3336,1700,1508,1636,31,12,52,5,9,17,121,40
20260906,r6_d30_t1_w25,449,132,3344,1704,1508,1641,34,15,48,3,9,19,121,40
20260906,r6_d30_t1_w25,450,134,3352,1709,1509,1644,30,17,48,5,10,18,131,43
20260906,r6_d30_t1_w25,451,139,3361,1712,1510,1647,20,17,48,15,13,18,131,43
20260906,r6_d30_t1_w25,452,137,3367,1720,1510,1652,20,22,46,12,14,18,131,43
20260906,r6_d30_t1_w25,453,131,3373,1732,1510,1654,21,31,47,1,13,18,131,43
20260906,r6_d30_t1_w25,454,137,3382,1735,1510,1656,20,26,53,1,14,18,131,43
20260906,r6_d30_t1_w25,455,147,3392,1735,1510,1658,20,17,60,3,17,18,131,43
20260906,r6_d30_t1_w25,456,154,3402,1738,1510,1665,23,16,57,4,18,17,131,43
20260906,r6_d30_t1_w25,457,162,3412,1740,1510,1668,24,14,58,4,18,16,131,43
20260906,r6_d30_t1_w25,458,162,3418,1742,1514,1671,26,12,59,3,18,15,131,43
20260906,r6_d30_t1_w25,459,156,3423,1746,1521,1674,26,11,61,2,18,15,131,43
20260906,r6_d30_t1_w25,460,154,3432,1749,1529,1678,26,11,60,3,18,13,131,43
20260906,r6_d30_t1_w25,461,157,3441,1751,1533,1684,28,11,56,5,18,13,131,43
20260906,r6_d30_t1_w25,462,158,3449,1754,1537,1688,28,11,55,6,18,11,131,43
20260906,r6_d30_t1_w25,463,159,3459,1759,1541,1693,29,15,51,5,18,11,131,43
20260906,r6_d30_t1_w25,464,158,3468,1763,1547,1694,26,16,53,5,18,13,131,43
20260906,r6_d30_t1_w25,465,156,3473,1766,1551,1699,27,14,53,6,18,13,131,43
20260906,r6_d30_t1_w25,466,157,3480,1771,1552,1703,25,17,51,7,18,13,131,43
20260906,r6_d30_t1_w25,467,152,3487,1777,1558,1707,25,17,53,5,18,14,131,43
20260906,r6_d30_t1_w25,468,155,3497,1782,1560,1715,27,19,48,6,18,14,131,43
20260906,r6_d30_t1_w25,469,153,3503,1785,1565,1717,26,18,50,6,17,14,131,43
20260906,r6_d30_t1_w25,470,156,3512,1790,1566,1719,26,20,51,3,16,16,131,43
20260906,r6_d30_t1_w25,471,155,3521,1792,1574,1722,26,13,57,4,16,17,131,43
20260906,r6_d30_t1_w25,472,155,3530,1795,1580,1724,26,9,62,3,14,17,131,43
20260906,r6_d30_t1_w25,473,152,3536,1799,1585,1730,27,10,59,4,11,19,131,43
20260906,r6_d30_t1_w25,474,147,3542,1802,1593,1733,28,8,61,3,9,20,131,43
20260906,r6_d30_t1_w25,475,149,3549,1807,1593,1736,29,12,59,0,9,20,131,43
20260906,r6_d30_t1_w25,476,156,3558,1809,1593,1740,30,13,56,1,9,20,131,43
20260906,r6_d30_t1_w25,477,159,3564,1812,1593,1745,29,13,54,4,9,20,131,43
20260906,r6_d30_t1_w25,478,165,3571,1813,1593,1748,31,13,52,4,9,21,131,43
20260906,r6_d30_t1_w25,479,167,3579,1819,1593,1750,30,18,51,1,9,22,131,43
20260906,r6_d30_t1_w25,480,163,3588,1826,1599,1756,28,22,48,2,9,20,131,43
20260906,r6_d30_t1_w25,481,160,3596,1829,1607,1762,28,19,48,5,10,19,131,43
20260906,r6_d30_t1_w25,482,158,3604,1834,1612,1766,13,21,47,19,13,19,131,43
20260906,r6_d30_t1_w25,483,156,3612,1841,1615,1772,12,24,45,19,14,18,131,43
20260906,r6_d30_t1_w25,484,145,3622,1858,1619,1776,13,36,46,5,11,18,131,43
20260906,r6_d30_t1_w25,485,145,3632,1863,1624,1782,13,34,47,6,13,17,131,43
20260906,r6_d30_t1_w25,486,142,3637,1867,1628,1785,14,32,50,4,14,17,131,43
20260906,r6_d30_t1_w25,487,136,3642,1873,1633,1788,13,30,55,2,14,16,131,43
20260906,r6_d30_t1_w25,488,133,3647,1874,1640,1790,12,21,63,4,15,16,131,43
20260906,r6_d30_t1_w25,489,134,3657,1876,1647,1793,15,21,62,2,17,14,131,43
20260906,r6_d30_t1_w25,490,137,3666,1879,1650,1799,19,18,62,1,17,14,126,43
20260906,r6_d30_t1_w25,491,136,3671,1880,1655,1802,18,14,64,4,17,13,126,43
20260906,r6_d30_t1_w25,492,136,3679,1882,1661,1802,17,9,71,3,17,13,126,43
20260906,r6_d30_t1_w25,493,130,3684,1885,1669,1806,20,11,68,1,18,11,126,43
20260906,r6_d30_t1_w25,494,132,3693,1888,1673,1809,18,10,69,3,18,10,126,43
20260906,r6_d30_t1_w25,495,128,3700,1890,1682,1811,19,7,72,2,18,9,131,43
20260906,r6_d30_t1_w25,496,127,3710,1893,1690,1813,19,9,71,1,18,11,131,43
20260906,r6_d30_t1_w25,497,127,3718,1895,1696,1820,20,10,65,5,17,12,131,43
20260906,r6_d30_t1_w25,498,127,3728,1900,1701,1828,22,12,60,6,16,15,131,43
20260906,r6_d30_t1_w25,499,125,3736,1907,1704,1837,24,18,52,6,16,15,131,43
20260906,r6_d30_t1_w25,500,122,3741,1913,1706,1845,26,21,47,6,16,15,131,43
20260906,r6_d30_t1_w25,501,121,3749,1918,1710,1849,26,21,48,5,15,16,131,43
20260906,r6_d30_t1_w25,502,121,3754,1921,1712,1851,26,22,48,4,14,16,131,43
20260906,r6_d30_t1_w25,503,115,3759,1925,1719,1855,27,18,52,3,10,15,131,43
20260906,r6_d30_t1_w25,504,112,3764,1927,1725,1858,27,13,56,4,9,16,131,43
20260906,r6_d30_t1_w25,505,115,3772,1932,1725,1863,29,14,55,2,9,16,131,43
20260906,r6_d30_t1_w25,506,119,3781,1937,1725,1868,31,17,52,0,9,18,131,43
20260906,r6_d30_t1_w25,507,124,3788,1939,1725,1873,33,16,50,1,9,19,131,43
20260906,r6_d30_t1_w25,508,128,3793,1939,1726,1873,33,13,53,1,9,20,131,43
20260906,r6_d30_t1_w25,509,129,3799,1943,1727,1878,34,15,50,1,9,20,131,43
20260906,r6_d30_t1_w25,510,134,3808,1947,1727,1884,33,18,45,4,10,20,131,43
20260906,r6_d30_t1_w25,511,140,3815,1948,1727,1886,21,14,48,17,12,20,131,43
20260906,r6_d30_t1_w25,512,143,3821,1951,1727,1889,10,13,49,28,14,19,131,43
20260906,r6_d30_t1_w25,513,134,3828,1967,1727,1895,10,22,50,18,10,19,131,43
20260906,r6_d30_t1_w25,514,124,3836,1981,1731,1897,12,32,52,4,9,19,131,43
20260906,r6_d30_t1_w25,515,123,3846,1986,1737,1901,12,32,53,3,11,18,131,43
20260906,r6_d30_t1_w25,516,125,3852,1986,1741,1902,9,24,60,7,12,16,131,43
20260906,r6_d30_t1_w25,517,119,3857,1991,1747,1906,10,16,69,5,13,15,131,43
20260906,r6_d30_t1_w25,518,116,3864,1996,1752,1910,10,18,68,4,13,15,131,43
20260906,r6_d30_t1_w25,519,119,3873,1998,1756,1912,11,10,76,3,16,15,131,43
20260906,r6_d30_t1_w25,520,115,3878,2001,1762,1912,11,11,78,0,16,14,101,38
20260906,r6_d30_t1_w25,521,111,3885,2002,1772,1917,10,10,75,5,17,13,101,38
20260906,r6_d30_t1_w25,522,111,3891,2002,1778,1923,14,8,71,7,17,11,101,38
20260906,r6_d30_t1_w25,523,107,3898,2009,1782,1930,15,14,65,6,17,11,101,38
20260906,r6_d30_t1_w25,524,107,3907,2012,1788,1935,16,14,63,7,16,9,101,38
20260906,r6_d30_t1_w25,525,106,3914,2017,1791,1939,17,13,65,5,17,9,126,43
20260906,r6_d30_t1_w25,526,107,3924,2021,1796,1942,18,12,67,3,17,10,126,43
20260906,r6_d30_t1_w25,527,109,3933,2024,1800,1946,18,13,65,4,16,11,126,43
20260906,r6_d30_t1_w25,528,111,3938,2025,1802,1952,20,11,62,7,16,11,126,43
20260906,r6_d30_t1_w25,529,110,3943,2029,1804,1957,20,14,58,8,16,12,126,43
20260906,r6_d30_t1_w25,530,108,3948,2034,1806,1961,20,14,59,7,14,13,131,43
20260906,r6_d30_t1_w25,531,101,3955,2041,1813,1966,20,17,58,5,13,15,131,43
20260906,r6_d30_t1_w25,532,101,3965,2047,1817,1970,20,18,59,3,11,15,131,43
20260906,r6_d30_t1_w25,533,100,3970,2049,1821,1974,22,14,61,3,9,16,131,43
20260906,r6_d30_t1_w25,534,104,3979,2051,1824,1978,22,14,59,5,9,17,131,43
20260906,r6_d30_t1_w25,535,112,3989,2053,1824,1984,26,15,54,5,9,17,131,43
20260906,r6_d30_t1_w25,536,116,3998,2058,1824,1989,29,15,54,2,9,16,131,43
20260906,r6_d30_t1_w25,537,119,4005,2062,1824,1993,30,17,52,1,9,17,131,43
20260906,r6_d30_t1_w25,538,126,4012,2062,1824,1997,33,14,51,2,9,17,131,43
20260906,r6_d30_t1_w25,539,133,4021,2064,1824,2001,35,15,48,2,9,18,131,43
20260906,r6_d30_t1_w25,540,139,4030,2067,1824,2002,31,13,52,4,10,18,131,43
20260906,r6_d30_t1_w25,541,144,4036,2068,1824,2004,21,11,53,15,11,18,131,43
20260906,r6_d30_t1_w25,542,151,4046,2071,1824,2008,15,11,52,22,15,18,131,43
20260906,r6_d30_t1_w25,543,147,4054,2083,1824,2010,17,17,56,10,13,18,131,43
20260906,r6_d30_t1_w25,544,146,4059,2089,1824,2014,17,16,59,8,14,18,131,43
20260906,r6_d30_t1_w25,545,151,4065,2090,1824,2021,21,14,55,10,15,18,131,43
20260906,r6_d30_t1_w25,546,149,4073,2100,1824,2025,21,22,53,4,17,18,131,43
20260906,r6_d30_t1_w25,547,147,4078,2105,1826,2031,19,23,51,7,17,18,131,43
20260906,r6_d30_t1_w25,548,144,4083,2107,1832,2032,18,17,58,7,17,18,131,43
20260906,r6_d30_t1_w25,549,141,4090,2114,1835,2037,18,18,59,5,17,18,131,43
20260906,r6_d30_t1_w25,550,143,4098,2118,1837,2040,17,17,61,5,18,17,126,43
20260906,r6_d30_t1_w25,551,137,4103,2121,1845,2041,18,14,66,2,17,16,126,43
20260906,r6_d30_t1_w25,552,135,4108,2123,1850,2044,20,10,69,1,18,15,126,43
20260906,r6_d30_t1_w25,553,135,4113,2123,1855,2049,22,6,68,4,18,15,126,43
20260906,r6_d30_t1_w25,554,137,4120,2125,1858,2052,23,7,66,4,18,13,126,43
20260906,r6_d30_t1_w25,555,133,4125,2131,1861,2055,21,13,63,3,18,11,131,43
20260906,r6_d30_t1_w25,556,132,4134,2135,1867,2061,22,11,63,4,18,11,131,43
20260906,r6_d30_t1_w25,557,131,4142,2137,1874,2065,24,11,61,4,17,11,131,43
20260906,r6_d30_t1_w25,558,135,4152,2139,1878,2067,24,10,62,4,17,12,131,43
20260906,r6_d30_t1_w25,559,131,4160,2143,1886,2073,25,10,60,5,17,13,131,43
20260906,r6_d30_t1_w25,560,126,4166,2146,1894,2077,25,11,58,6,17,13,131,43
20260906,r6_d30_t1_w25,561,125,4175,2152,1898,2082,27,11,59,3,16,15,131,43
20260906,r6_d30_t1_w25,562,126,4184,2156,1902,2086,27,14,56,3,15,14,131,43
20260906,r6_d30_t1_w25,563,125,4191,2157,1909,2092,28,11,54,7,10,15,131,43
20260906,r6_d30_t1_w25,564,121,4200,2164,1915,2098,29,16,50,5,9,15,131,43
20260906,r6_d30_t1_w25,565,128,4210,2167,1915,2103,35,14,50,1,9,16,131,43
20260906,r6_d30_t1_w25,566,131,4215,2169,1915,2105,36,13,51,0,9,16,131,43
20260906,r6_d30_t1_w25,567,138,4222,2169,1915,2110,39,10,49,2,9,17,131,43
20260906,r6_d30_t1_w25,568,145,4232,2172,1915,2114,40,11,47,2,9,19,131,43
20260906,r6_d30_t1_w25,569,146,4238,2177,1915,2117,39,11,49,1,9,19,131,43
20260906,r6_d30_t1_w25,570,151,4248,2182,1915,2125,41,16,41,2,9,19,121,43
20260906,r6_d30_t1_w25,571,151,4258,2187,1920,2127,35,17,43,5,12,18,121,43
20260906,r6_d30_t1_w25,572,157,4268,2189,1922,2129,28,16,44,12,16,18,121,43
20260906,r6_d30_t1_w25,573,152,4275,2196,1927,2132,28,20,44,8,16,17,121,43
20260906,r6_d30_t1_w25,574,143,4281,2206,1932,2136,29,25,45,1,17,16,121,43
20260906,r6_d30_t1_w25,575,144,4290,2207,1939,2138,28,18,51,3,17,16,131,43
20260906,r6_d30_t1_w25,576,147,4299,2208,1944,2138,28,17,53,2,18,16,131,43
20260906,r6_d30_t1_w25,577,150,4307,2210,1947,2143,31,15,52,2,18,15,131,43
20260906,r6_d30_t1_w25,578,150,4315,2213,1952,2147,30,13,53,4,18,14,131,43
20260906,r6_d30_t1_w25,579,147,4322,2216,1959,2150,29,15,51,5,18,14,131,43
20260906,r6_d30_t1_w25,580,149,4330,2219,1962,2156,31,14,49,6,18,14,131,43
20260906,r6_d30_t1_w25,581,148,4337,2223,1966,2160,33,16,47,4,19,13,131,43
20260906,r6_d30_t1_w25,582,147,4346,2227,1972,2164,33,16,47,4,19,12,131,43
20260906,r6_d30_t1_w25,583,141,4351,2229,1981,2168,34,13,48,5,18,10,131,43
20260906,r6_d30_t1_w25,584,141,4359,2232,1986,2171,34,12,49,5,18,12,131,43
20260906,r6_d30_t1_w25,585,145,4369,2234,1990,2174,34,11,49,6,18,12,131,43
20260906,r6_d30_t1_w25,586,141,4378,2239,1998,2179,33,12,48,7,18,12,131,43
20260906,r6_d30_t1_w25,587,138,4387,2245,2004,2180,31,15,50,4,18,13,131,43
20260906,r6_d30_t1_w25,588,134,4392,2250,2008,2186,35,17,47,1,18,15,131,43
20260906,r6_d30_t1_w25,589,133,4399,2251,2015,2192,35,15,44,6,17,15,131,43
20260906,r6_d30_t1_w25,590,131,4406,2254,2021,2196,35,13,45,7,16,15,131,43
20260906,r6_d30_t1_w25,591,133,4415,2261,2021,2197,33,18,46,3,15,15,131,43
20260906,r6_d30_t1_w25,592,130,4421,2265,2026,2198,32,17,50,1,12,15,131,43
20260906,r6_d30_t1_w25,593,129,4429,2267,2033,2201,34,15,51,0,9,17,131,43
20260906,r6_d30_t1_w25,594,131,4438,2270,2037,2204,32,15,51,2,9,19,131,43
20260906,r6_d30_t1_w25,595,138,4446,2270,2038,2210,36,13,47,4,9,19,131,43
20260906,r6_d30_t1_w25,596,143,4454,2272,2039,2211,36,13,48,3,9,19,131,43
20260906,r6_d30_t1_w25,597,146,4459,2274,2039,2211,36,8,55,1,9,19,131,43
20260906,r6_d30_t1_w25,598,153,4468,2275,2040,2213,38,7,55,0,9,19,131,43
20260906,r6_d30_t1_w25,599,159,4477,2278,2040,2218,40,9,51,0,9,20,131,43
20260906,r6_d30_t1_w25,600,164,4485,2281,2040,2223,38,9,49,4,10,20,121,40
20260906,r6_d30_t2_w20,1,5,8,3,0,0,97,3,0,0,0,2,131,43
20260906,r6_d30_t2_w20,2,10,13,3,0,0,96,3,0,1,1,3,131,43
20260906,r6_d30_t2_w20,3,17,23,6,0,0,81,5,1,13,2,4,131,43
20260906,r6_d30_t2_w20,4,23,32,9,0,0,61,8,1,30,4,4,131,43
20260906,r6_d30_t2_w20,5,16,38,22,0,0,60,19,3,18,1,3,131,43
20260906,r6_d30_t2_w20,6,5,45,40,0,0,60,36,4,0,0,1,131,43
20260906,r6_d30_t2_w20,7,14,54,40,0,0,60,26,14,0,0,2,131,43
20260906,r6_d30_t2_w20,8,22,62,40,0,0,59,19,21,1,2,5,131,43
20260906,r6_d30_t2_w20,9,30,71,41,0,0,58,12,29,1,3,7,131,43
20260906,r6_d30_t2_w20,10,35,77,42,0,0,58,7,35,0,4,7,131,43
20260906,r6_d30_t2_w20,11,41,83,42,0,0,57,3,39,1,6,8,131,43
20260906,r6_d30_t2_w20,12,46,91,45,0,0,53,6,39,2,8,8,131,43
20260906,r6_d30_t2_w20,13,54,101,47,0,0,52,7,40,1,8,10,131,43
20260906,r6_d30_t2_w20,14,59,107,48,0,0,52,8,40,0,8,9,131,43
20260906,r6_d30_t2_w20,15,66,116,50,0,0,49,8,42,1,9,10,131,43
20260906,r6_d30_t2_w20,16,71,123,52,0,2,49,10,40,1,9,11,131,43
20260906,r6_d30_t2_w20,17,75,129,54,0,4,49,11,39,1,9,13,131,43
20260906,r6_d30_t2_w20,18,82,136,54,0,9,50,7,38,5,9,15,131,43
20260906,r6_d30_t2_w20,19,90,146,56,0,9,49,9,38,4,9,15,131,43
20260906,r6_d30_t2_w20,20,93,155,62,0,11,47,13,38,2,8,15,121,40
20260906,r6_d30_t2_w20,21,98,162,63,1,15,48,12,36,4,9,16,121,40
20260906,r6_d30_t2_w20,22,103,170,66,1,17,49,11,38,2,9,16,121,40
20260906,r6_d30_t2_w20,23,107,180,72,1,23,51,14,35,0,9,16,121,40
20260906,r6_d30_t2_w20,24,112,186,73,1,28,53,13,32,2,9,16,121,40
20260906,r6_d30_t2_w20,25,116,194,77,1,33,52,13,31,4,9,16,126,43
20260906,r6_d30_t2_w20,26,120,201,79,2,35,52,12,32,4,9,16,126,43
20260906,r6_d30_t2_w20,27,124,208,81,3,36,53,14,31,2,9,16,126,43
20260906,r6_d30_t2_w20,28,131,217,83,3,39,56,15,29,0,9,16,126,43
20260906,r6_d30_t2_w20,29,136,227,84,7,43,59,12,29,0,9,17,126,43
20260906,r6_d30_t2_w20,30,135,234,88,11,45,57,12,31,0,9,17,131,43
20260906,r6_d30_t2_w20,31,137,242,88,17,47,57,8,33,2,10,16,131,43
20260906,r6_d30_t2_w20,32,139,250,88,23,47,43,6,35,16,12,16,131,43
20260906,r6_d30_t2_w20,33,134,256,91,31,48,32,9,34,25,13,14,131,43
20260906,r6_d30_t2_w20,34,122,264,106,36,49,30,20,37,13,11,14,131,43
20260906,r6_d30_t2_w20,35,110,270,117,43,54,33,28,35,4,9,13,131,43
20260906,r6_d30_t2_w20,36,110,276,120,46,55,33,26,39,2,10,13,131,43
20260906,r6_d30_t2_w20,37,104,281,125,52,59,33,19,47,1,11,11,131,43
20260906,r6_d30_t2_w20,38,106,288,126,56,60,32,16,50,2,13,11,131,43
20260906,r6_d30_t2_w20,39,105,295,129,61,62,31,11,56,2,14,10,131,43
20260906,r6_d30_t2_w20,40,102,301,130,69,65,33,10,55,2,14,9,131,43
20260906,r6_d30_t2_w20,41,104,310,133,73,66,32,13,54,1,17,9,131,43
20260906,r6_d30_t2_w20,42,105,319,135,79,67,30,13,55,2,17,9,131,43
20260906,r6_d30_t2_w20,43,104,326,135,87,68,30,10,57,3,17,9,131,43
20260906,r6_d30_t2_w20,44,106,335,138,91,73,30,6,59,5,16,10,131,43
20260906,r6_d30_t2_w20,45,106,344,141,97,78,32,8,55,5,14,10,131,43
20260906,r6_d30_t2_w20,46,108,354,145,101,81,34,10,54,2,13,12,131,43
20260906,r6_d30_t2_w20,47,106,361,149,106,85,34,12,52,2,12,12,131,43
20260906,r6_d30_t2_w20,48,105,371,152,114,87,33,12,53,2,9,13,131,43
20260906,r6_d30_t2_w20,49,98,376,156,122,96,37,14,46,3,9,13,131,43
20260906,r6_d30_t2_w20,50,100,382,160,122,101,37,16,43,4,9,14,126,43
20260906,r6_d30_t2_w20,51,104,389,163,122,107,42,17,39,2,9,14,126,43
20260906,r6_d30_t2_w20,52,108,396,166,122,111,43,17,38,2,9,15,126,43
20260906,r6_d30_t2_w20,53,116,404,166,122,112,44,13,41,2,9,15,126,43
20260906,r6_d30_t2_w20,54,119,411,170,122,116,43,15,39,3,9,16,126,43
20260906,r6_d30_t2_w20,55,124,417,171,122,120,43,8,43,6,9,16,131,43
20260906,r6_d30_t2_w20,56,127,424,175,122,124,43,11,40,6,9,16,131,43
20260906,r6_d30_t2_w20,57,129,431,180,122,130,45,16,34,5,9,18,131,43
20260906,r6_d30_t2_w20,58,131,438,183,124,131,44,15,37,4,9,18,131,43
20260906,r6_d30_t2_w20,59,129,444,188,127,134,42,17,37,4,9,19,131,43
20260906,r6_d30_t2_w20,60,130,451,192,129,136,41,17,39,3,9,19,131,43
20260906,r6_d30_t2_w20,61,132,461,195,134,139,40,18,38,4,11,18,131,43
20260906,r6_d30_t2_w20,62,133,470,196,141,142,17,16,38,29,13,16,131,43
20260906,r6_d30_t2_w20,63,129,475,199,147,142,8,15,42,35,13,13,131,43
20260906,r6_d30_t2_w20,64,104,484,226,154,144,7,36,46,11,9,13,131,43
20260906,r6_d30_t2_w20,65,93,492,237,162,147,8,36,54,2,9,11,131,43
20260906,r6_d30_t2_w20,66,88,497,239,170,147,8,28,64,0,9,10,131,43
20260906,r6_d30_t2_w20,67,90,505,240,175,153,9,26,61,4,11,10,131,43
20260906,r6_d30_t2_w20,68,89,513,241,183,155,8,18,68,6,13,9,131,43
20260906,r6_d30_t2_w20,69,88,520,246,186,158,8,16,72,4,14,8,131,43
20260906,r6_d30_t2_w20,70,88,528,251,189,161,8,17,73,2,15,8,131,43
20260906,r6_d30_t2_w20,71,90,538,253,195,163,9,15,75,1,14,8,131,43
20260906,r6_d30_t2_w20,72,92,546,254,200,170,10,11,73,6,13,7,131,43
20260906,r6_d30_t2_w20,73,92,555,255,208,172,11,9,74,6,13,8,131,43
20260906,r6_d30_t2_w20,74,87,560,261,212,178,12,13,70,5,12,8,131,43
20260906,r6_d30_t2_w20,75,89,570,264,217,185,11,13,66,10,11,9,131,43
20260906,r6_d30_t2_w20,76,86,577,268,223,186,11,12,70,7,10,11,131,43
20260906,r6_d30_t2_w20,77,86,586,276,224,192,12,17,67,4,10,11,131,43
20260906,r6_d30_t2_w20,78,85,593,277,231,198,14,13,66,7,9,12,131,43
20260906,r6_d30_t2_w20,79,88,601,281,232,200,14,17,64,5,9,12,131,43
20260906,r6_d30_t2_w20,80,90,609,287,232,206,16,16,65,3,9,12,131,43
20260906,r6_d30_t2_w20,81,97,617,288,232,210,18,16,62,4,9,13,131,43
20260906,r6_d30_t2_w20,82,102,625,291,232,216,20,16,59,5,9,13,131,43
20260906,r6_d30_t2_w20,83,100,631,298,233,226,24,22,50,4,9,14,131,43
20260906,r6_d30_t2_w20,84,101,636,301,234,231,28,20,50,2,9,14,131,43
20260906,r6_d30_t2_w20,85,104,643,305,234,239,33,21,45,1,9,14,131,43
20260906,r6_d30_t2_w20,86,110,650,306,234,245,37,17,44,2,9,14,131,43
20260906,r6_d30_t2_w20,87,111,656,309,236,248,36,16,45,3,9,15,131,43
20260906,r6_d30_t2_w20,88,116,664,312,236,250,36,18,44,2,9,15,131,43
20260906,r6_d30_t2_w20,89,123,673,314,236,254,38,14,46,2,9,17,131,43
20260906,r6_d30_t2_w20,90,125,680,319,236,255,35,13,51,1,9,16,131,43
20260906,r6_d30_t2_w20,91,133,689,320,236,256,31,12,52,5,11,15,131,43
20260906,r6_d30_t2_w20,92,135,698,321,242,263,19,12,46,23,11,14,131,43
20260906,r6_d30_t2_w20,93,130,704,326,248,267,18,12,47,23,12,14,131,43
20260906,r6_d30_t2_w20,94,121,714,344,249,270,19,25,49,7,11,14,131,43
20260906,r6_d30_t2_w20,95,119,724,350,255,274,19,18,58,5,12,14,131,43
20260906,r6_d30_t2_w20,96,120,733,353,260,278,19,14,61,6,14,14,131,43
20260906,r6_d30_t2_w20,97,117,741,357,267,280,19,11,66,4,14,14,131,43
20260906,r6_d30_t2_w20,98,114,747,361,272,282,20,12,67,1,14,13,131,43
20260906,r6_d30_t2_w20,99,110,755,365,280,285,20,11,69,0,16,10,131,43
20260906,r6_d30_t2_w20,100,107,761,367,287,287,19,12,68,1,16,10,121,40
20260906,r6_d30_t2_w20,101,102,766,369,295,292,20,11,66,3,16,9,121,40
20260906,r6_d30_t2_w20,102,103,773,370,300,294,20,10,66,4,16,9,121,40
20260906,r6_d30_t2_w20,103,104,781,375,302,301,22,12,62,4,16,11,121,40
20260906,r6_d30_t2_w20,104,107,791,378,306,303,23,13,62,2,16,12,121,40
20260906,r6_d30_t2_w20,105,106,800,382,312,306,23,15,61,1,15,13,131,43
20260906,r6_d30_t2_w20,106,110,810,382,318,309,23,12,61,4,12,14,131,43
20260906,r6_d30_t2_w20,107,111,816,385,320,312,22,11,62,5,12,14,131,43
20260906,r6_d30_t2_w20,108,106,821,390,325,322,25,13,55,7,9,15,131,43
20260906,r6_d30_t2_w20,109,104,829,393,332,326,27,13,54,6,9,17,131,43
20260906,r6_d30_t2_w20,110,104,835,399,332,328,27,18,53,2,9,18,131,43
20260906,r6_d30_t2_w20,111,106,842,404,332,335,28,20,49,3,9,19,131,43
20260906,r6_d30_t2_w20,112,110,850,408,332,339,26,21,48,5,9,19,131,43
20260906,r6_d30_t2_w20,113,115,860,412,333,346,29,21,45,5,9,20,131,43
20260906,r6_d30_t2_w20,114,119,867,415,333,350,33,19,46,2,9,20,131,43
20260906,r6_d30_t2_w20,115,120,874,420,334,356,35,21,43,1,9,21,131,43
20260906,r6_d30_t2_w20,116,124,879,421,334,360,38,17,44,1,9,22,131,43
20260906,r6_d30_t2_w20,117,125,885,424,336,364,38,19,41,2,9,23,131,43
20260906,r6_d30_t2_w20,118,124,890,424,342,365,38,14,45,3,9,22,131,43
20260906,r6_d30_t2_w20,119,125,899,426,348,368,41,10,48,1,9,25,131,43
20260906,r6_d30_t2_w20,120,124,907,432,351,368,36,13,51,0,9,25,131,43
20260906,r6_d30_t2_w20,121,125,915,435,355,370,35,15,50,0,9,24,131,43
20260906,r6_d30_t2_w20,122,126,921,436,359,373,36,15,48,1,9,22,131,43
20260906,r6_d30_t2_w20,123,128,930,437,365,376,34,12,49,5,10,21,131,43
20260906,r6_d30_t2_w20,124,128,940,439,373,380,18,13,46,23,14,19,131,43
20260906,r6_d30_t2_w20,125,127,950,444,379,388,22,17,39,22,15,19,121,40
20260906,r6_d30_t2_w20,126,109,960,464,387,391,23,30,43,4,10,16,121,40
20260906,r6_d30_t2_w20,127,107,965,467,391,394,25,28,45,2,12,14,121,40
20260906,r6_d30_t2_w20,128,108,972,468,396,396,27,20,52,1,14,11,121,40
20260906,r6_d30_t2_w20,129,107,981,471,403,399,26,17,55,2,15,10,121,40
20260906,r6_d30_t2_w20,130,107,987,473,407,405,28,13,55,4,15,10,131,43
20260906,r6_d30_t2_w20,131,104,993,478,411,412,29,16,50,5,15,10,131,43
20260906,r6_d30_t2_w20,132,102,1000,481,417,414,29,11,56,4,14,10,131,43
20260906,r6_d30_t2_w20,133,100,1007,485,422,418,28,13,54,5,13,10,131,43
20260906,r6_d30_t2_w20,134,98,1014,488,428,419,26,11,58,5,13,10,131,43
20260906,r6_d30_t2_w20,135,103,1023,492,428,420,26,13,59,2,13,10,131,43
20260906,r6_d30_t2_w20,136,103,1028,493,432,420,26,12,61,1,12,11,131,43
20260906,r6_d30_t2_w20,137,106,1037,495,436,424,27,8,63,2,11,13,131,43
20260906,r6_d30_t2_w20,138,108,1045,496,441,425,27,5,66,2,11,13,131,43
20260906,r6_d30_t2_w20,139,105,1053,499,449,429,27,7,63,3,9,14,131,43
20260906,r6_d30_t2_w20,140,113,1063,500,450,430,27,7,63,3,9,15,131,43
20260906,r6_d30_t2_w20,141,116,1071,505,450,435,29,10,60,1,9,15,131,43
20260906,r6_d30_t2_w20,142,120,1079,509,450,442,30,12,55,3,9,17,131,43
20260906,r6_d30_t2_w20,143,126,1087,511,450,447,32,11,53,4,9,18,131,43
20260906,r6_d30_t2_w20,144,133,1097,514,450,451,35,11,52,2,9,18,131,43
20260906,r6_d30_t2_w20,145,132,1103,520,451,457,36,14,49,1,9,17,131,43
20260906,r6_d30_t2_w20,146,134,1111,524,453,466,38,16,42,4,9,17,131,43
20260906,r6_d30_t2_w20,147,139,1121,526,456,472,39,16,38,7,9,17,131,43
20260906,r6_d30_t2_w20,148,140,1130,530,460,475,39,17,38,6,9,17,131,43
20260906,r6_d30_t2_w20,149,135,1136,536,465,479,40,21,36,3,9,17,131,43
20260906,r6_d30_t2_w20,150,138,1146,540,468,482,41,22,36,1,9,17,131,43
20260906,r6_d30_t2_w20,151,139,1154,544,471,486,41,25,33,1,10,17,131,43
20260906,r6_d30_t2_w20,152,137,1159,545,477,488,28,21,36,15,12,16,131,43
20260906,r6_d30_t2_w20,153,131,1164,549,484,492,11,22,35,32,14,15,131,43
20260906,r6_d30_t2_w20,154,117,1170,564,489,494,12,33,37,18,11,14,131,43
20260906,r6_d30_t2_w20,155,101,1178,584,493,498,13,43,43,1,9,14,126,43
20260906,r6_d30_t2_w20,156,104,1185,584,497,501,14,34,49,3,10,14,126,43
20260906,r6_d30_t2_w20,157,106,1195,586,503,503,13,25,58,4,10,12,126,43
20260906,r6_d30_t2_w20,158,105,1203,590,508,504,11,20,66,3,12,11,126,43
20260906,r6_d30_t2_w20,159,106,1213,593,514,506,12,18,69,1,13,11,126,43
20260906,r6_d30_t2_w20,160,101,1218,594,523,507,13,16,71,0,15,11,131,43
20260906,r6_d30_t2_w20,161,103,1228,595,530,509,13,8,78,1,18,11,131,43
20260906,r6_d30_t2_w20,162,106,1237,596,535,514,13,8,74,5,16,11,131,43
20260906,r6_d30_t2_w20,163,102,1243,599,542,516,13,9,74,4,16,11,131,43
20260906,r6_d30_t2_w20,164,97,1251,605,549,519,13,15,71,1,14,8,131,43
20260906,r6_d30_t2_w20,165,96,1257,606,555,521,12,10,75,3,13,9,131,43
20260906,r6_d30_t2_w20,166,97,1264,608,559,527,13,8,73,6,12,9,131,43
20260906,r6_d30_t2_w20,167,95,1272,612,565,532,13,12,68,7,11,11,131,43
20260906,r6_d30_t2_w20,168,92,1279,616,571,539,17,12,65,6,9,12,131,43
20260906,r6_d30_t2_w20,169,93,1288,620,575,546,18,16,58,8,9,13,131,43
20260906,r6_d30_t2_w20,170,94,1294,625,575,551,20,17,57,6,9,14,131,43
20260906,r6_d30_t2_w20,171,93,1301,633,575,561,22,20,52,6,9,14,131,43
20260906,r6_d30_t2_w20,172,97,1307,635,575,565,22,22,48,8,9,14,131,43
20260906,r6_d30_t2_w20,173,99,1316,642,575,572,23,23,47,7,9,13,131,43
20260906,r6_d30_t2_w20,174,102,1323,646,575,575,23,25,46,6,9,13,131,43
20260906,r6_d30_t2_w20,175,103,1331,653,575,581,25,27,45,3,9,12,131,43
20260906,r6_d30_t2_w20,176,105,1340,659,576,586,25,26,47,2,9,12,131,43
20260906,r6_d30_t2_w20,177,107,1346,662,577,591,27,23,48,2,9,13,131,43
20260906,r6_d30_t2_w20,178,113,1354,664,577,594,28,21,49,2,9,15,131,43
20260906,r6_d30_t2_w20,179,118,1361,666,577,596,29,18,52,1,9,16,131,43
20260906,r6_d30_t2_w20,180,123,1371,671,577,602,29,17,52,2,9,16,121,40
20260906,r6_d30_t2_w20,181,128,1378,671,579,604,31,14,53,2,9,15,121,40
20260906,r6_d30_t2_w20,182,128,1386,674,584,606,30,14,54,2,11,15,121,40
20260906,r6_d30_t2_w20,183,134,1396,675,587,608,22,11,56,11,15,15,121,40
20260906,r6_d30_t2_w20,184,134,1405,678,593,611,22,10,57,11,17,14,121,40
20260906,r6_d30_t2_w20,185,130,1413,688,595,613,22,18,57,3,16,13,131,43
20260906,r6_d30_t2_w20,186,126,1418,692,600,617,21,20,55,4,16,12,131,43
20260906,r6_d30_t2_w20,187,124,1425,695,606,623,22,18,54,6,16,12,131,43
20260906,r6_d30_t2_w20,188,122,1435,701,612,627,22,20,54,4,17,12,131,43
20260906,r6_d30_t2_w20,189,118,1445,706,621,628,19,21,57,3,16,10,131,43
20260906,r6_d30_t2_w20,190,117,1452,708,627,633,21,17,58,4,17,10,131,43
20260906,r6_d30_t2_w20,191,120,1461,710,631,638,23,13,59,5,17,10,131,43
20260906,r6_d30_t2_w20,192,121,1467,715,631,642,22,13,60,5,17,10,131,43
20260906,r6_d30_t2_w20,193,117,1475,720,638,646,21,15,59,5,15,9,131,43
20260906,r6_d30_t2_w20,194,118,1485,723,644,650,22,14,59,5,15,10,131,43
20260906,r6_d30_t2_w20,195,120,1495,726,649,656,25,16,54,5,15,11,131,43
20260906,r6_d30_t2_w20,196,120,1503,728,655,659,25,15,54,6,12,11,131,43
20260906,r6_d30_t2_w20,197,118,1510,734,658,666,26,17,51,6,10,12,131,43
20260906,r6_d30_t2_w20,198,114,1518,739,665,669,27,19,51,3,9,12,131,43
20260906,r6_d30_t2_w20,199,115,1527,743,669,670,27,18,55,0,9,14,131,43
20260906,r6_d30_t2_w20,200,123,1537,744,670,673,29,15,56,0,9,15,131,43
20260906,r6_d30_t2_w20,201,128,1544,745,671,678,33,12,55,0,9,17,131,43
20260906,r6_d30_t2_w20,202,133,1551,746,672,682,35,10,54,1,9,18,131,43
20260906,r6_d30_t2_w20,203,137,1556,747,672,683,34,10,54,2,9,18,131,43
20260906,r6_d30_t2_w20,204,138,1563,750,675,685,33,10,55,2,9,18,131,43
20260906,r6_d30_t2_w20,205,134,1569,753,682,692,37,10,51,2,9,16,131,43
20260906,r6_d30_t2_w20,206,138,1579,757,684,699,40,13,45,2,9,18,131,43
20260906,r6_d30_t2_w20,207,143,1588,759,686,699,38,14,46,2,9,18,131,43
20260906,r6_d30_t2_w20,208,140,1596,764,692,706,39,18,40,3,9,19,131,43
20260906,r6_d30_t2_w20,209,137,1604,766,701,709,41,15,42,2,9,18,131,43
20260906,r6_d30_t2_w20,210,137,1611,770,704,713,43,16,41,0,9,18,131,43
20260906,r6_d30_t2_w20,211,137,1621,772,712,720,45,17,35,3,10,17,131,43
20260906,r6_d30_t2_w20,212,141,1631,773,717,722,32,16,35,17,12,17,131,43
20260906,r6_d30_t2_w20,213,136,1636,778,722,724,31,16,38,15,16,17,131,43
20260906,r6_d30_t2_w20,214,119,1644,794,731,728,32,28,38,2,12,17,131,43
20260906,r6_d30_t2_w20,215,116,1652,796,740,728,31,20,48,1,13,14,131,43
20260906,r6_d30_t2_w20,216,117,1659,797,745,729,32,18,50,0,14,12,131,43
20260906,r6_d30_t2_w20,217,116,1664,798,750,734,35,15,49,1,14,12,131,43
20260906,r6_d30_t2_w20,218,114,1673,803,756,737,32,13,53,2,16,11,131,43
20260906,r6_d30_t2_w20,219,111,1681,806,764,742,34,16,48,2,16,10,131,43
20260906,r6_d30_t2_w20,220,110,1690,808,772,744,35,17,47,1,17,10,131,43
20260906,r6_d30_t2_w20,221,112,1697,809,776,744,35,13,52,0,16,11,131,43
20260906,r6_d30_t2_w20,222,113,1707,811,783,747,36,11,53,0,16,13,131,43
20260906,r6_d30_t2_w20,223,116,1715,812,787,749,35,11,52,2,17,14,131,43
20260906,r6_d30_t2_w20,224,115,1721,813,793,750,35,10,53,2,16,16,131,43
20260906,r6_d30_t2_w20,225,114,1728,817,797,754,37,13,50,0,16,18,131,43
20260906,r6_d30_t2_w20,226,112,1735,817,806,759,40,9,49,2,13,18,131,43
20260906,r6_d30_t2_w20,227,110,1742,817,815,764,41,6,47,6,10,19,131,43
20260906,r6_d30_t2_w20,228,109,1752,822,821,768,41,9,45,5,10,20,131,43
20260906,r6_d30_t2_w20,229,108,1760,826,826,772,42,13,41,4,9,22,131,43
20260906,r6_d30_t2_w20,230,111,1766,829,826,775,42,14,40,4,9,22,131,43
20260906,r6_d30_t2_w20,231,111,1771,834,826,779,42,14,41,3,9,22,131,43
20260906,r6_d30_t2_w20,232,116,1777,835,826,783,45,12,40,3,9,22,131,43
20260906,r6_d30_t2_w20,233,116,1782,840,826,786,44,15,39,2,9,21,131,43
20260906,r6_d30_t2_w20,234,122,1792,843,827,790,45,16,37,2,9,24,131,43
20260906,r6_d30_t2_w20,235,126,1801,844,831,794,47,13,37,3,9,23,111,40
20260906,r6_d30_t2_w20,236,127,1808,845,836,794,46,10,41,3,9,22,111,40
20260906,r6_d30_t2_w20,237,130,1817,848,839,800,48,11,37,4,9,22,111,40
20260906,r6_d30_t2_w20,238,132,1823,850,841,801,48,9,40,3,9,20,111,40
20260906,r6_d30_t2_w20,239,134,1832,854,844,802,48,11,41,0,9,21,111,40
20260906,r6_d30_t2_w20,240,129,1837,855,853,806,50,10,39,1,9,19,131,43
20260906,r6_d30_t2_w20,241,127,1844,859,858,809,48,9,41,2,9,19,131,43
20260906,r6_d30_t2_w20,242,128,1854,860,866,810,47,9,41,3,11,19,131,43
20260906,r6_d30_t2_w20,243,129,1861,861,871,812,26,9,40,25,14,18,131,43
20260906,r6_d30_t2_w20,244,132,1871,864,875,816,11,8,40,41,16,18,131,43
20260906,r6_d30_t2_w20,245,110,1880,889,881,817,9,32,40,19,11,17,131,43
20260906,r6_d30_t2_w20,246,96,1890,909,885,823,11,48,38,3,9,14,131,43
20260906,r6_d30_t2_w20,247,96,1898,911,891,825,11,35,51,3,10,13,131,43
20260906,r6_d30_t2_w20,248,91,1904,914,899,828,11,29,57,3,11,11,131,43
20260906,r6_d30_t2_w20,249,93,1914,917,904,832,10,22,63,5,13,10,131,43
20260906,r6_d30_t2_w20,250,93,1922,920,909,835,11,18,67,4,12,9,131,43
20260906,r6_d30_t2_w20,251,98,1932,923,911,839,13,15,69,3,13,9,131,43
20260906,r6_d30_t2_w20,252,99,1941,926,916,842,13,13,71,3,12,8,131,43
20260906,r6_d30_t2_w20,253,99,1946,928,919,843,13,13,72,2,12,9,131,43
20260906,r6_d30_t2_w20,254,97,1956,931,928,846,13,14,71,2,14,10,131,43
20260906,r6_d30_t2_w20,255,94,1965,935,936,849,12,17,69,2,14,13,122,43
20260906,r6_d30_t2_w20,256,93,1974,939,942,853,11,17,69,3,12,14,122,43
20260906,r6_d30_t2_w20,257,88,1979,941,950,855,10,14,72,4,10,14,122,43
20260906,r6_d30_t2_w20,258,85,1985,944,956,861,12,11,72,5,9,14,122,43
20260906,r6_d30_t2_w20,259,83,1991,947,961,867,13,11,69,7,9,15,122,43
20260906,r6_d30_t2_w20,260,83,1996,952,961,872,15,15,65,5,9,15,131,43
20260906,r6_d30_t2_w20,261,87,2004,956,961,878,16,14,64,6,9,16,131,43
20260906,r6_d30_t2_w20,262,91,2010,958,961,885,21,14,59,6,9,16,131,43
20260906,r6_d30_t2_w20,263,95,2019,963,961,889,24,14,60,2,9,16,131,43
20260906,r6_d30_t2_w20,264,104,2029,964,961,894,25,12,58,5,9,18,131,43
20260906,r6_d30_t2_w20,265,111,2037,965,961,897,25,11,57,7,9,20,131,43
20260906,r6_d30_t2_w20,266,109,2043,973,961,901,24,18,54,4,9,20,131,43
20260906,r6_d30_t2_w20,267,110,2050,979,961,909,27,20,50,3,9,19,131,43
20260906,r6_d30_t2_w20,268,117,2059,981,961,916,30,21,44,5,9,19,131,43
20260906,r6_d30_t2_w20,269,123,2067,983,961,921,31,18,44,7,9,19,131,43
20260906,r6_d30_t2_w20,270,123,2073,989,961,926,32,16,47,5,9,18,131,43
20260906,r6_d30_t2_w20,271,123,2078,994,961,928,32,18,48,2,9,16,131,43
20260906,r6_d30_t2_w20,272,127,2084,996,961,931,31,17,48,4,10,16,131,43
20260906,r6_d30_t2_w20,273,129,2089,997,963,932,21,8,57,14,10,16,131,43
20260906,r6_d30_t2_w20,274,121,2094,1003,970,942,22,11,50,17,12,15,131,43
20260906,r6_d30_t2_w20,275,107,2101,1015,979,943,21,19,53,7,10,14,131,43
20260906,r6_d30_t2_w20,276,99,2107,1021,987,946,21,20,55,4,11,13,131,43
20260906,r6_d30_t2_w20,277,103,2117,1024,990,949,19,18,57,6,12,13,131,43
20260906,r6_d30_t2_w20,278,102,2124,1029,993,952,18,21,56,5,13,11,131,43
20260906,r6_d30_t2_w20,279,100,2129,1034,995,958,19,24,52,5,14,10,131,43
20260906,r6_d30_t2_w20,280,105,2139,1038,996,961,17,16,61,6,14,10,131,43
20260906,r6_d30_t2_w20,281,102,2147,1041,1004,964,19,13,64,4,15,10,131,43
20260906,r6_d30_t2_w20,282,98,2152,1046,1008,969,21,13,64,2,15,9,131,43
20260906,r6_d30_t2_w20,283,96,2159,1048,1015,974,20,13,61,6,15,9,131,43
20260906,r6_d30_t2_w20,284,97,2168,1049,1022,975,19,11,63,7,12,12,131,43
20260906,r6_d30_t2_w20,285,97,2177,1055,1025,978,21,16,61,2,12,13,121,40
20260906,r6_d30_t2_w20,286,99,2184,1060,1025,986,22,14,60,4,13,14,121,40
20260906,r6_d30_t2_w20,287,100,2192,1061,1031,986,20,8,67,5,11,15,121,40
20260906,r6_d30_t2_w20,288,97,2199,1066,1036,992,21,8,66,5,10,16,121,40
20260906,r6_d30_t2_w20,289,93,2204,1068,1043,999,24,7,62,7,9,16,121,40
20260906,r6_d30_t2_w20,290,98,2213,1071,1044,1002,28,8,61,3,9,15,126,43
20260906,r6_d30_t2_w20,291,105,2223,1074,1044,1006,31,11,57,1,9,15,126,43
20260906,r6_d30_t2_w20,292,108,2228,1076,1044,1015,34,12,49,5,9,15,126,43
20260906,r6_d30_t2_w20,293,112,2234,1078,1044,1018,34,9,51,6,9,15,126,43
20260906,r6_d30_t2_w20,294,114,2241,1083,1044,1025,39,13,45,3,9,16,126,43
20260906,r6_d30_t2_w20,295,118,2248,1085,1045,1028,42,14,43,1,9,16,131,43
20260906,r6_d30_t2_w20,296,126,2258,1087,1045,1029,42,13,45,0,9,18,131,43
20260906,r6_d30_t2_w20,297,131,2264,1088,1045,1033,44,11,44,1,9,19,131,43
20260906,r6_d30_t2_w20,298,131,2272,1090,1051,1036,45,11,43,1,9,20,131,43
20260906,r6_d30_t2_w20,299,134,2281,1092,1055,1040,46,13,39,2,9,21,131,43
20260906,r6_d30_t2_w20,300,132,2289,1093,1064,1044,49,10,39,2,9,20,131,43
20260906,r6_d30_t2_w20,301,127,2294,1096,1071,1049,50,10,37,3,11,18,131,43
20260906,r6_d30_t2_w20,302,129,2302,1098,1075,1052,35,9,37,19,11,17,131,43
20260906,r6_d30_t2_w20,303,128,2308,1101,1079,1056,37,10,35,18,11,17,131,43
20260906,r6_d30_t2_w20,304,109,2313,1117,1087,1059,39,23,35,3,9,16,131,43
20260906,r6_d30_t2_w20,305,103,2319,1123,1093,1062,38,25,36,1,9,14,131,43
20260906,r6_d30_t2_w20,306,107,2328,1124,1097,1064,38,16,44,2,10,12,131,43
20260906,r6_d30_t2_w20,307,108,2336,1125,1103,1068,37,14,43,6,13,11,131,43
20260906,r6_d30_t2_w20,308,105,2343,1129,1109,1071,36,13,45,6,13,9,131,43
20260906,r6_d30_t2_w20,309,104,2348,1133,1111,1073,37,10,50,3,14,9,131,43
20260906,r6_d30_t2_w20,310,104,2358,1135,1119,1075,38,10,50,2,15,8,131,43
20260906,r6_d30_t2_w20,311,108,2367,1136,1123,1076,38,9,51,2,17,8,131,43
20260906,r6_d30_t2_w20,312,110,2373,1137,1126,1077,37,5,55,3,18,8,131,43
20260906,r6_d30_t2_w20,313,112,2383,1141,1130,1079,34,9,53,4,18,10,131,43
20260906,r6_d30_t2_w20,314,111,2390,1143,1136,1080,35,7,56,2,15,9,131,43
20260906,r6_d30_t2_w20,315,112,2400,1146,1142,1083,36,10,53,1,13,11,131,43
20260906,r6_d30_t2_w20,316,106,2405,1148,1151,1084,35,9,55,1,11,11,131,43
20260906,r6_d30_t2_w20,317,105,2410,1150,1155,1087,34,8,55,3,11,12,131,43
20260906,r6_d30_t2_w20,318,101,2415,1152,1162,1090,34,8,54,4,9,12,131,43
20260906,r6_d30_t2_w20,319,96,2421,1157,1168,1095,36,13,49,2,9,13,131,43
20260906,r6_d30_t2_w20,320,103,2430,1159,1168,1100,38,12,47,3,9,14,131,43
20260906,r6_d30_t2_w20,321,105,2435,1162,1168,1102,36,11,49,4,9,14,131,43
20260906,r6_d30_t2_w20,322,104,2440,1165,1171,1106,39,13,46,2,9,14,131,43
20260906,r6_d30_t2_w20,323,105,2447,1169,1173,1111,40,15,43,2,9,14,131,43
20260906,r6_d30_t2_w20,324,109,2452,1170,1173,1114,41,14,42,3,9,15,131,43
20260906,r6_d30_t2_w20,325,113,2462,1174,1175,1120,43,14,40,3,9,17,131,43
20260906,r6_d30_t2_w20,326,120,2472,1176,1176,1127,49,12,37,2,9,17,131,43
20260906,r6_d30_t2_w20,327,128,2482,1178,1176,1129,50,11,38,1,9,18,131,43
20260906,r6_d30_t2_w20,328,129,2489,1180,1180,1134,50,12,34,4,9,17,131,43
20260906,r6_d30_t2_w20,329,133,2497,1181,1183,1138,52,12,31,5,9,18,131,43
20260906,r6_d30_t2_w20,330,126,2502,1187,1189,1140,51,15,32,2,9,16,131,43
20260906,r6_d30_t2_w20,331,122,2508,1190,1196,1141,51,18,31,0,9,16,131,43
20260906,r6_d30_t2_w20,332,122,2514,1191,1201,1145,52,15,31,2,9,16,131,43
20260906,r6_d30_t2_w20,333,120,2522,1192,1210,1146,47,13,33,7,12,14,131,43
20260906,r6_d30_t2_w20,334,121,2530,1194,1215,1148,18,12,34,36,15,13,131,43
20260906,r6_d30_t2_w20,335,113,2535,1200,1222,1150,16,15,35,34,16,13,121,40
20260906,r6_d30_t2_w20,336,83,2540,1233,1224,1153,17,44,36,3,9,13,121,40
20260906,r6_d30_t2_w20,337,83,2548,1237,1228,1158,19,37,42,2,9,12,121,40
20260906,r6_d30_t2_w20,338,85,2554,1238,1231,1161,20,26,51,3,9,12,121,40
20260906,r6_d30_t2_w20,339,83,2559,1241,1235,1164,20,16,61,3,10,12,121,40
20260906,r6_d30_t2_w20,340,87,2568,1242,1239,1164,16,10,68,6,12,12,131,43
20260906,r6_d30_t2_w20,341,90,2577,1246,1241,1168,16,10,68,6,12,11,131,43
20260906,r6_d30_t2_w20,342,90,2585,1250,1245,1168,15,8,74,3,12,10,131,43
20260906,r6_d30_t2_w20,343,87,2590,1252,1251,1171,16,6,75,3,12,8,131,43
20260906,r6_d30_t2_w20,344,86,2597,1255,1256,1175,17,9,71,3,13,7,131,43
20260906,r6_d30_t2_w20,345,80,2602,1258,1264,1176,16,10,72,2,12,8,131,43
20260906,r6_d30_t2_w20,346,79,2612,1261,1272,1178,15,11,72,2,12,10,131,43
20260906,r6_d30_t2_w20,347,78,2622,1263,1281,1182,17,12,69,2,8,11,131,43
20260906,r6_d30_t2_w20,348,75,2628,1266,1287,1184,15,13,69,3,9,11,131,43
20260906,r6_d30_t2_w20,349,72,2635,1268,1295,1189,17,15,64,4,9,11,131,43
20260906,r6_d30_t2_w20,350,72,2640,1273,1295,1198,23,18,57,2,9,12,131,43
20260906,r6_d30_t2_w20,351,75,2648,1278,1295,1205,25,17,56,2,9,14,131,43
20260906,r6_d30_t2_w20,352,82,2656,1279,1295,1215,29,14,50,7,9,16,131,43
20260906,r6_d30_t2_w20,353,89,2665,1281,1295,1221,34,13,47,6,9,16,131,43
20260906,r6_d30_t2_w20,354,88,2670,1287,1295,1232,41,15,40,4,9,17,131,43
20260906,r6_d30_t2_w20,355,95,2678,1288,1295,1236,45,16,36,3,9,17,131,43
20260906,r6_d30_t2_w20,356,98,2686,1293,1295,1242,48,16,35,1,9,17,131,43
20260906,r6_d30_t2_w20,357,105,2695,1295,1295,1247,49,16,32,3,9,17,131,43
20260906,r6_d30_t2_w20,358,113,2705,1297,1295,1248,48,16,33,3,9,17,131,43
20260906,r6_d30_t2_w20,359,115,2711,1299,1297,1248,48,17,34,1,9,16,131,43
20260906,r6_d30_t2_w20,360,115,2719,1307,1297,1251,43,20,36,1,9,16,126,43
20260906,r6_d30_t2_w20,361,124,2728,1307,1297,1252,43,16,39,2,10,16,126,43
20260906,r6_d30_t2_w20,362,130,2735,1308,1297,1255,33,14,39,14,10,16,126,43
20260906,r6_d30_t2_w20,363,131,2741,1311,1299,1259,26,15,37,22,10,16,126,43
20260906,r6_d30_t2_w20,364,118,2747,1325,1304,1263,28,28,34,10,10,16,126,43
20260906,r6_d30_t2_w20,365,115,2757,1338,1304,1264,23,38,36,3,10,16,131,43
20260906,r6_d30_t2_w20,366,111,2764,1341,1312,1266,22,34,41,3,12,13,131,43
20260906,r6_d30_t2_w20,367,108,2771,1345,1318,1269,22,33,43,2,15,12,131,43
20260906,r6_d30_t2_w20,368,112,2781,1347,1322,1270,21,29,48,2,15,11,131,43
20260906,r6_d30_t2_w20,369,112,2787,1348,1327,1273,23,19,56,2,16,11,131,43
20260906,r6_d30_t2_w20,370,112,2795,1351,1332,1276,21,17,58,4,16,11,131,43
20260906,r6_d30_t2_w20,371,111,2802,1352,1339,1278,20,8,66,6,16,10,131,43
20260906,r6_d30_t2_w20,372,110,2809,1355,1344,1279,20,10,66,4,17,9,131,43
20260906,r6_d30_t2_w20,373,108,2815,1358,1349,1279,20,9,70,1,17,9,131,43
20260906,r6_d30_t2_w20,374,113,2825,1360,1352,1285,22,9,66,3,15,11,131,43
20260906,r6_d30_t2_w20,375,115,2835,1360,1360,1288,23,6,66,5,14,13,131,43
20260906,r6_d30_t2_w20,376,111,2842,1365,1366,1291,23,8,66,3,15,13,131,43
20260906,r6_d30_t2_w20,377,109,2851,1370,1372,1296,23,11,63,3,11,15,131,43
20260906,r6_d30_t2_w20,378,105,2860,1375,1380,1301,23,11,63,3,9,15,131,43
20260906,r6_d30_t2_w20,379,105,2869,1378,1386,1306,27,11,61,1,9,14,131,43
20260906,r6_d30_t2_w20,380,108,2876,1381,1387,1310,26,14,57,3,9,15,115,42
20260906,r6_d30_t2_w20,381,114,2884,1383,1387,1314,27,16,53,4,9,17,115,42
20260906,r6_d30_t2_w20,382,117,2892,1388,1387,1319,29,19,50,2,9,17,115,42
20260906,r6_d30_t2_w20,383,123,2900,1390,1387,1325,33,19,46,2,9,18,115,42
20260906,r6_d30_t2_w20,384,129,2910,1394,1387,1334,37,16,44,3,9,19,115,42
20260906,r6_d30_t2_w20,385,134,2918,1397,1387,1340,39,16,41,4,9,19,131,43
20260906,r6_d30_t2_w20,386,142,2928,1399,1387,1341,40,14,44,2,9,21,131,43
20260906,r6_d30_t2_w20,387,144,2938,1403,1391,1345,42,15,43,0,9,19,131,43
20260906,r6_d30_t2_w20,388,143,2944,1406,1395,1353,46,12,41,1,9,19,131,43
20260906,r6_d30_t2_w20,389,140,2949,1408,1401,1358,47,13,37,3,9,21,131,43
20260906,r6_d30_t2_w20,390,141,2958,1411,1406,1359,46,14,38,2,9,21,121,40
20260906,r6_d30_t2_w20,391,141,2965,1414,1410,1361,46,15,38,1,10,21,121,40
20260906,r6_d30_t2_w20,392,138,2971,1416,1417,1362,31,15,39,15,12,20,121,40
20260906,r6_d30_t2_w20,393,139,2978,1417,1422,1365,23,12,40,25,13,18,121,40
20260906,r6_d30_t2_w20,394,123,2985,1432,1430,1366,23,27,39,11,10,17,121,40
20260906,r6_d30_t2_w20,395,112,2995,1444,1439,1370,25,33,41,1,10,16,131,43
20260906,r6_d30_t2_w20,396,112,3000,1445,1443,1371,25,29,45,1,12,15,131,43
20260906,r6_d30_t2_w20,397,114,3010,1447,1449,1372,25,16,59,0,13,15,131,43
20260906,r6_d30_t2_w20,398,116,3020,1448,1456,1373,25,11,64,0,17,13,131,43
20260906,r6_d30_t2_w20,399,114,3026,1448,1464,1375,26,4,69,1,16,13,131,43
20260906,r6_d30_t2_w20,400,113,3031,1450,1468,1377,26,4,69,1,17,11,131,43
20260906,r6_d30_t2_w20,401,112,3039,1453,1474,1384,29,5,64,2,17,11,131,43
20260906,r6_d30_t2_w20,402,113,3049,1455,1481,1385,28,7,63,2,17,11,131,43
20260906,r6_d30_t2_w20,403,110,3058,1460,1488,1389,28,11,60,1,16,12,131,43
20260906,r6_d30_t2_w20,404,107,3065,1462,1496,1394,29,13,55,3,15,12,131,43
20260906,r6_d30_t2_w20,405,109,3075,1463,1503,1395,30,12,56,2,14,12,131,43
20260906,r6_d30_t2_w20,406,104,3082,1467,1511,1401,30,13,53,4,12,12,131,43
20260906,r6_d30_t2_w20,407,104,3092,1468,1520,1407,31,12,49,8,9,13,131,43
20260906,r6_d30_t2_w20,408,102,3098,1474,1522,1412,34,14,48,4,9,12,131,43
20260906,r6_d30_t2_w20,409,100,3105,1480,1525,1418,36,17,45,2,9,13,131,43
20260906,r6_d30_t2_w20,410,106,3115,1483,1526,1426,39,15,42,4,9,14,131,43
20260906,r6_d30_t2_w20,411,112,3125,1487,1526,1428,39,16,43,2,9,14,131,43
20260906,r6_d30_t2_w20,412,116,3133,1491,1526,1433,41,15,43,1,9,14,131,43
20260906,r6_d30_t2_w20,413,122,3139,1491,1526,1436,42,10,45,3,9,15,131,43
20260906,r6_d30_t2_w20,414,127,3147,1494,1526,1443,45,12,39,4,9,17,131,43
20260906,r6_d30_t2_w20,415,134,3156,1496,1526,1447,48,11,38,3,9,18,131,43
20260906,r6_d30_t2_w20,416,139,3164,1499,1526,1449,48,11,39,2,9,18,131,43
20260906,r6_d30_t2_w20,417,136,3173,1502,1535,1450,46,11,41,2,9,19,131,43
20260906,r6_d30_t2_w20,418,137,3182,1503,1542,1452,47,10,41,2,9,21,131,43
20260906,r6_d30_t2_w20,419,139,3187,1504,1544,1455,50,8,41,1,9,21,131,43
20260906,r6_d30_t2_w20,420,138,3195,1510,1547,1460,48,12,38,2,9,21,131,43
20260906,r6_d30_t2_w20,421,138,3203,1512,1553,1460,44,14,38,4,11,20,131,43
20260906,r6_d30_t2_w20,422,138,3212,1516,1558,1465,24,17,34,25,12,19,131,43
20260906,r6_d30_t2_w20,423,133,3218,1518,1567,1469,18,16,33,33,12,17,131,43
20260906,r6_d30_t2_w20,424,115,3228,1542,1571,1473,19,34,35,12,9,16,131,43
20260906,r6_d30_t2_w20,425,103,3233,1550,1580,1476,23,36,38,3,9,15,131,43
20260906,r6_d30_t2_w20,426,100,3239,1556,1583,1478,21,33,45,1,9,15,131,43
20260906,r6_d30_t2_w20,427,97,3244,1557,1590,1479,22,23,55,0,9,14,131,43
20260906,r6_d30_t2_w20,428,97,3249,1557,1595,1479,20,14,64,2,11,13,131,43
20260906,r6_d30_t2_w20,429,95,3254,1558,1601,1481,15,11,66,8,12,12,131,43
20260906,r6_d30_t2_w20,430,94,3264,1562,1608,1489,16,12,61,11,12,12,131,43
20260906,r6_d30_t2_w20,431,85,3272,1571,1616,1494,17,16,61,6,10,12,131,43
20260906,r6_d30_t2_w20,432,88,3282,1577,1617,1495,17,20,62,1,13,11,131,43
20260906,r6_d30_t2_w20,433,87,3288,1580,1621,1498,17,19,63,1,14,11,131,43
20260906,r6_d30_t2_w20,434,89,3298,1581,1628,1501,17,15,65,3,14,8,131,43
20260906,r6_d30_t2_w20,435,90,3308,1582,1636,1503,18,12,67,3,14,7,131,43
20260906,r6_d30_t2_w20,436,87,3316,1586,1643,1506,19,13,67,1,11,7,131,43
20260906,r6_d30_t2_w20,437,82,3321,1588,1651,1511,22,14,63,1,10,7,131,43
20260906,r6_d30_t2_w20,438,81,3330,1590,1659,1516,24,11,63,2,9,10,131,43
20260906,r6_d30_t2_w20,439,83,3337,1591,1663,1518,25,11,62,2,9,10,131,43
20260906,r6_d30_t2_w20,440,89,3347,1595,1663,1523,27,12,60,1,9,12,131,43
20260906,r6_d30_t2_w20,441,87,3352,1602,1663,1530,27,17,55,1,9,12,131,43
20260906,r6_d30_t2_w20,442,90,3357,1603,1664,1536,29,16,51,4,9,12,131,43
20260906,r6_d30_t2_w20,443,92,3363,1606,1665,1545,33,15,46,6,9,12,131,43
20260906,r6_d30_t2_w20,444,93,3371,1613,1665,1552,32,16,45,7,9,13,131,43
20260906,r6_d30_t2_w20,445,94,3377,1617,1666,1554,32,16,47,5,9,14,121,40
20260906,r6_d30_t2_w20,446,91,3382,1624,1667,1557,31,22,45,2,9,14,121,40
20260906,r6_d30_t2_w20,447,97,3390,1626,1667,1566,35,23,37,5,9,17,121,40
20260906,r6_d30_t2_w20,448,103,3397,1627,1667,1568,35,20,39,6,9,19,121,40
20260906,r6_d30_t2_w20,449,107,3405,1631,1667,1569,36,21,41,2,9,19,121,40
20260906,r6_d30_t2_w20,450,112,3413,1634,1667,1572,34,22,40,4,10,19,131,43
20260906,r6_d30_t2_w20,451,119,3422,1636,1667,1575,21,17,44,18,11,19,131,43
20260906,r6_d30_t2_w20,452,123,3431,1641,1667,1579,18,18,44,20,13,19,131,43
20260906,r6_d30_t2_w20,453,117,3440,1656,1667,1583,18,25,48,9,9,18,131,43
20260906,r6_d30_t2_w20,454,110,3445,1663,1672,1586,19,27,50,4,10,17,131,43
20260906,r6_d30_t2_w20,455,106,3452,1666,1680,1590,21,24,52,3,11,15,131,43
20260906,r6_d30_t2_w20,456,103,3458,1668,1687,1593,21,20,55,4,11,13,131,43
20260906,r6_d30_t2_w20,457,100,3463,1671,1692,1594,17,17,60,6,11,12,131,43
20260906,r6_d30_t2_w20,458,103,3473,1674,1696,1595,17,13,66,4,13,10,131,43
20260906,r6_d30_t2_w20,459,104,3483,1679,1700,1598,18,14,67,1,16,10,131,43
20260906,r6_d30_t2_w20,460,105,3491,1679,1707,1601,17,11,67,5,17,9,131,43
20260906,r6_d30_t2_w20,461,106,3498,1681,1711,1602,17,10,69,4,16,9,131,43
20260906,r6_d30_t2_w20,462,107,3508,1687,1714,1606,18,13,68,1,13,10,131,43
20260906,r6_d30_t2_w20,463,106,3513,1688,1719,1608,18,10,70,2,13,10,131,43
20260906,r6_d30_t2_w20,464,105,3520,1691,1724,1616,18,9,66,7,13,10,131,43
20260906,r6_d30_t2_w20,465,108,3528,1692,1728,1617,18,9,66,7,13,11,131,43
20260906,r6_d30_t2_w20,466,107,3534,1698,1729,1621,21,13,64,2,11,12,131,43
20260906,r6_d30_t2_w20,467,104,3540,1701,1735,1626,19,12,63,6,11,12,131,43
20260906,r6_d30_t2_w20,468,99,3548,1708,1741,1635,19,17,56,8,10,13,131,43
20260906,r6_d30_t2_w20,469,97,3555,1713,1745,1638,22,20,55,3,9,15,131,43
20260906,r6_d30_t2_w20,470,98,3560,1717,1745,1642,24,18,57,1,9,15,131,43
20260906,r6_d30_t2_w20,471,103,3567,1719,1745,1649,29,17,53,1,9,17,131,43
20260906,r6_d30_t2_w20,472,104,3573,1722,1747,1654,31,18,50,1,9,17,131,43
20260906,r6_d30_t2_w20,473,109,3583,1725,1749,1661,33,18,46,3,9,18,131,43
20260906,r6_d30_t2_w20,474,114,3592,1729,1749,1666,35,19,44,2,9,18,131,43
20260906,r6_d30_t2_w20,475,118,3600,1733,1749,1670,37,19,44,0,9,18,131,43
20260906,r6_d30_t2_w20,476,122,3605,1733,1750,1674,41,13,46,0,9,19,131,43
20260906,r6_d30_t2_w20,477,125,3611,1734,1752,1680,42,12,42,4,9,18,131,43
20260906,r6_d30_t2_w20,478,124,3620,1736,1760,1680,40,12,44,4,9,17,131,43
20260906,r6_d30_t2_w20,479,119,3626,1741,1766,1683,42,15,43,0,9,16,131,43
20260906,r6_d30_t2_w20,480,118,3635,1743,1774,1685,40,13,45,2,10,15,131,43
20260906,r6_d30_t2_w20,481,119,3641,1745,1777,1688,31,14,43,12,10,14,131,43
20260906,r6_d30_t2_w20,482,115,3649,1751,1783,1693,25,17,41,17,11,14,131,43
20260906,r6_d30_t2_w20,483,109,3659,1764,1786,1696,23,27,41,9,9,13,131,43
20260906,r6_d30_t2_w20,484,105,3667,1771,1791,1699,24,28,44,4,10,13,131,43
20260906,r6_d30_t2_w20,485,108,3677,1774,1795,1703,26,25,46,3,12,12,131,43
20260906,r6_d30_t2_w20,486,111,3686,1777,1798,1703,25,20,54,1,12,11,131,43
20260906,r6_d30_t2_w20,487,110,3694,1781,1803,1706,24,18,57,1,17,11,131,43
20260906,r6_d30_t2_w20,488,107,3700,1782,1811,1711,25,17,54,4,16,9,131,43
20260906,r6_d30_t2_w20,489,106,3706,1783,1817,1715,25,14,54,7,17,9,131,43
20260906,r6_d30_t2_w20,490,108,3712,1786,1818,1716,26,11,59,4,17,9,126,43
20260906,r6_d30_t2_w20,491,108,3722,1793,1821,1720,26,14,59,1,16,9,126,43
20260906,r6_d30_t2_w20,492,107,3730,1797,1826,1724,26,14,59,1,15,9,126,43
20260906,r6_d30_t2_w20,493,108,3739,1799,1832,1727,26,11,61,2,15,10,126,43
20260906,r6_d30_t2_w20,494,109,3748,1799,1840,1728,26,9,62,3,14,12,126,43
20260906,r6_d30_t2_w20,495,107,3755,1803,1845,1736,28,11,56,5,11,13,131,43
20260906,r6_d30_t2_w20,496,108,3761,1805,1848,1738,28,13,54,5,10,13,131,43
20260906,r6_d30_t2_w20,497,105,3769,1812,1852,1744,30,15,53,2,10,13,131,43
20260906,r6_d30_t2_w20,498,105,3778,1813,1860,1748,34,14,51,1,9,14,131,43
20260906,r6_d30_t2_w20,499,107,3785,1815,1863,1753,36,10,52,2,9,14,131,43
20260906,r6_d30_t2_w20,500,114,3794,1817,1863,1756,36,9,52,3,9,16,131,43
20260906,r6_d30_t2_w20,501,118,3801,1819,1864,1761,40,9,49,2,9,17,131,43
20260906,r6_d30_t2_w20,502,124,3810,1822,1864,1766,42,11,45,2,9,18,131,43
20260906,r6_d30_t2_w20,503,128,3816,1824,1864,1769,43,12,43,2,9,20,131,43
20260906,r6_d30_t2_w20,504,133,3825,1827,1865,1776,45,12,39,4,9,21,131,43
20260906,r6_d30_t2_w20,505,139,3835,1828,1868,1777,46,11,40,3,9,21,131,43
20260906,r6_d30_t2_w20,506,139,3844,1832,1873,1781,48,15,36,1,9,21,131,43
20260906,r6_d30_t2_w20,507,135,3849,1835,1879,1783,45,14,38,3,9,20,131,43
20260906,r6_d30_t2_w20,508,134,3856,1838,1884,1786,46,14,38,2,9,20,131,43
20260906,r6_d30_t2_w20,509,134,3863,1842,1887,1791,49,15,36,0,9,21,131,43
20260906,r6_d30_t2_w20,510,138,3873,1844,1891,1793,48,12,39,1,9,21,131,43
20260906,r6_d30_t2_w20,511,138,3881,1845,1898,1798,49,11,36,4,11,21,131,43
20260906,r6_d30_t2_w20,512,139,3891,1850,1902,1802,13,15,33,39,13,19,131,43
20260906,r6_d30_t2_w20,513,137,3900,1855,1908,1805,12,17,33,38,13,19,131,43
20260906,r6_d30_t2_w20,514,106,3907,1889,1912,1806,15,44,39,2,9,17,131,43
20260906,r6_d30_t2_w20,515,103,3914,1893,1918,1810,16,37,46,1,9,16,131,43
20260906,r6_d30_t2_w20,516,103,3922,1895,1924,1810,14,29,56,1,9,15,131,43
20260906,r6_d30_t2_w20,517,102,3929,1898,1929,1812,14,21,65,0,10,15,131,43
20260906,r6_d30_t2_w20,518,98,3936,1900,1938,1815,14,19,66,1,10,12,131,43
20260906,r6_d30_t2_w20,519,102,3946,1902,1942,1818,15,15,69,1,13,12,131,43
20260906,r6_d30_t2_w20,520,102,3954,1903,1949,1819,14,13,71,2,15,9,101,38
20260906,r6_d30_t2_w20,521,104,3963,1904,1955,1820,13,11,73,3,15,7,101,38
20260906,r6_d30_t2_w20,522,101,3970,1906,1963,1821,13,8,77,2,16,7,101,38
20260906,r6_d30_t2_w20,523,100,3976,1907,1969,1822,13,8,77,2,17,8,101,38
20260906,r6_d30_t2_w20,524,100,3984,1910,1974,1827,15,8,75,2,14,9,101,38
20260906,r6_d30_t2_w20,525,96,3992,1913,1983,1831,16,9,73,2,13,9,126,43
20260906,r6_d30_t2_w20,526,94,4002,1918,1990,1838,15,12,68,5,10,10,126,43
20260906,r6_d30_t2_w20,527,95,4010,1922,1993,1845,17,14,63,6,10,10,126,43
20260906,r6_d30_t2_w20,528,90,4016,1927,1999,1854,18,18,55,9,9,11,126,43
20260906,r6_d30_t2_w20,529,88,4023,1929,2006,1859,19,17,53,11,9,12,126,43
20260906,r6_d30_t2_w20,530,88,4032,1937,2007,1868,25,21,48,6,9,13,131,43
20260906,r6_d30_t2_w20,531,90,4039,1941,2008,1869,25,24,48,3,9,14,131,43
20260906,r6_d30_t2_w20,532,95,4046,1943,2008,1879,32,19,45,4,9,15,131,43
20260906,r6_d30_t2_w20,533,103,4056,1945,2008,1882,33,21,42,4,9,15,131,43
20260906,r6_d30_t2_w20,534,104,4063,1951,2008,1887,34,20,44,2,9,15,131,43
20260906,r6_d30_t2_w20,535,109,4073,1955,2009,1891,32,20,44,4,9,16,131,43
20260906,r6_d30_t2_w20,536,113,4080,1958,2009,1893,32,20,45,3,9,17,131,43
20260906,r6_d30_t2_w20,537,114,4085,1962,2009,1897,34,21,44,1,9,19,131,43
20260906,r6_d30_t2_w20,538,116,4094,1966,2012,1902,33,20,44,3,9,19,131,43
20260906,r6_d30_t2_w20,539,122,4104,1969,2013,1905,30,17,47,6,9,20,131,43
20260906,r6_d30_t2_w20,540,125,4112,1974,2013,1908,29,17,49,5,9,20,131,43
20260906,r6_d30_t2_w20,541,129,4121,1978,2014,1909,26,17,52,5,10,19,131,43
20260906,r6_d30_t2_w20,542,133,4126,1979,2014,1911,19,15,53,13,11,19,131,43
20260906,r6_d30_t2_w20,543,135,4136,1985,2016,1914,17,17,54,12,12,18,131,43
20260906,r6_d30_t2_w20,544,126,4143,1995,2022,1915,17,23,57,3,11,17,131,43
20260906,r6_d30_t2_w20,545,126,4152,1998,2028,1919,17,19,60,4,14,16,131,43
20260906,r6_d30_t2_w20,546,125,4158,1998,2035,1920,18,12,66,4,14,15,131,43
20260906,r6_d30_t2_w20,547,119,4163,2002,2042,1924,18,13,65,4,14,15,131,43
20260906,r6_d30_t2_w20,548,118,4168,2003,2047,1927,20,11,65,4,16,14,131,43
20260906,r6_d30_t2_w20,549,117,4176,2008,2051,1929,20,15,64,1,16,12,131,43
20260906,r6_d30_t2_w20,550,116,4181,2008,2057,1931,20,9,68,3,16,12,126,43
20260906,r6_d30_t2_w20,551,112,4187,2011,2064,1938,21,11,62,6,16,10,126,43
20260906,r6_d30_t2_w20,552,108,4194,2018,2068,1950,23,15,53,9,17,10,126,43
20260906,r6_d30_t2_w20,553,101,4200,2024,2075,1953,23,18,53,6,14,9,126,43
20260906,r6_d30_t2_w20,554,97,4208,2032,2079,1959,24,21,52,3,13,10,126,43
20260906,r6_d30_t2_w20,555,97,4218,2035,2086,1963,24,19,53,4,10,12,131,43
20260906,r6_d30_t2_w20,556,99,4226,2037,2090,1966,26,14,57,3,11,12,131,43
20260906,r6_d30_t2_w20,557,101,4236,2042,2093,1972,26,15,55,4,9,12,131,43
20260906,r6_d30_t2_w20,558,99,4241,2044,2098,1974,27,9,61,3,9,12,131,43
20260906,r6_d30_t2_w20,559,95,4247,2048,2104,1976,28,10,62,0,9,13,131,43
20260906,r6_d30_t2_w20,560,99,4252,2048,2105,1979,31,6,63,0,9,14,131,43
20260906,r6_d30_t2_w20,561,104,4257,2048,2105,1984,34,4,60,2,9,14,131,43
20260906,r6_d30_t2_w20,562,110,4264,2048,2106,1989,39,4,55,2,9,15,131,43
20260906,r6_d30_t2_w20,563,113,4274,2054,2107,1994,39,9,51,1,9,15,131,43
20260906,r6_d30_t2_w20,564,116,4280,2056,2108,1997,40,11,48,1,9,16,131,43
20260906,r6_d30_t2_w20,565,113,4285,2059,2113,2000,38,13,46,3,9,16,131,43
20260906,r6_d30_t2_w20,566,118,4294,2061,2115,2002,38,12,47,3,9,16,131,43
20260906,r6_d30_t2_w20,567,117,4299,2065,2117,2009,42,15,41,2,9,16,131,43
20260906,r6_d30_t2_w20,568,120,4307,2066,2121,2013,45,14,39,2,9,16,131,43
20260906,r6_d30_t2_w20,569,123,4317,2070,2124,2018,47,16,36,1,9,17,131,43
20260906,r6_d30_t2_w20,570,120,4325,2076,2129,2022,44,16,38,2,9,17,121,43
20260906,r6_d30_t2_w20,571,121,4333,2080,2132,2025,44,18,37,1,9,15,121,43
20260906,r6_d30_t2_w20,572,119,4339,2082,2138,2027,44,18,37,1,9,15,121,43
20260906,r6_d30_t2_w20,573,119,4346,2084,2143,2032,45,16,36,3,11,14,121,43
20260906,r6_d30_t2_w20,574,120,4354,2085,2149,2036,35,14,35,16,13,12,121,43
20260906,r6_d30_t2_w20,575,119,4363,2088,2156,2038,35,14,36,15,15,11,131,43
20260906,r6_d30_t2_w20,576,106,4370,2104,2160,2040,35,26,38,1,13,11,131,43
20260906,r6_d30_t2_w20,577,105,4380,2107,2168,2042,35,21,44,0,14,10,131,43
20260906,r6_d30_t2_w20,578,108,4389,2108,2173,2044,32,19,45,4,16,10,131,43
20260906,r6_d30_t2_w20,579,108,4395,2110,2177,2047,32,18,45,5,16,10,131,43
20260906,r6_d30_t2_w20,580,104,4400,2115,2181,2051,33,17,47,3,16,10,131,43
20260906,r6_d30_t2_w20,581,109,4409,2117,2183,2052,33,15,50,2,17,9,131,43
20260906,r6_d30_t2_w20,582,107,4416,2122,2187,2056,33,16,50,1,15,10,131,43
20260906,r6_d30_t2_w20,583,107,4422,2122,2193,2061,35,12,49,4,15,12,131,43
20260906,r6_d30_t2_w20,584,110,4431,2123,2198,2062,35,8,53,4,14,13,131,43
20260906,r6_d30_t2_w20,585,112,4438,2126,2200,2065,35,9,52,4,14,12,131,43
20260906,r6_d30_t2_w20,586,112,4446,2127,2207,2067,37,8,52,3,12,12,131,43
20260906,r6_d30_t2_w20,587,115,4456,2132,2209,2074,38,11,47,4,11,13,131,43
20260906,r6_d30_t2_w20,588,117,4462,2132,2213,2075,39,5,52,4,9,16,131,43
20260906,r6_d30_t2_w20,589,115,4471,2136,2220,2080,42,9,47,2,9,16,131,43
20260906,r6_d30_t2_w20,590,119,4478,2139,2220,2084,41,11,44,4,9,16,131,43
20260906,r6_d30_t2_w20,591,126,4488,2141,2221,2086,42,9,46,3,9,18,131,43
20260906,r6_d30_t2_w20,592,132,4498,2145,2221,2092,43,10,43,4,9,18,131,43
20260906,r6_d30_t2_w20,593,136,4504,2147,2221,2097,46,11,39,4,9,19,131,43
20260906,r6_d30_t2_w20,594,139,4511,2151,2221,2102,49,15,34,2,9,21,131,43
20260906,r6_d30_t2_w20,595,144,4521,2155,2222,2104,48,17,34,1,9,22,131,43
20260906,r6_d30_t2_w20,596,144,4531,2160,2227,2108,47,20,32,1,9,24,131,43
20260906,r6_d30_t2_w20,597,142,4539,2160,2237,2111,48,18,31,3,9,22,131,43
20260906,r6_d30_t2_w20,598,143,4547,2161,2243,2113,50,17,31,2,9,23,131,43
20260906,r6_d30_t2_w20,599,148,4556,2163,2245,2116,51,12,35,2,9,24,131,43
20260906,r6_d30_t2_w20,600,149,4565,2167,2249,2116,47,10,41,2,9,24,121,40
20260906,r6_d20_t1_w20,1,5,8,3,0,0,96,3,0,1,1,2,131,43
20260906,r6_d20_t1_w20,2,12,16,4,0,0,81,4,0,15,4,3,131,43
20260906,r6_d20_t1_w20,3,15,22,7,0,0,71,6,1,22,4,4,131,43
20260906,r6_d20_t1_w20,4,6,27,21,0,0,71,19,2,8,1,3,131,43
20260906,r6_d20_t1_w20,5,2,32,30,0,0,70,24,6,0,0,1,131,43
20260906,r6_d20_t1_w20,6,11,42,31,0,0,69,17,14,0,3,2,131,43
20260906,r6_d20_t1_w20,7,21,52,31,0,0,69,13,18,0,6,4,131,43
20260906,r6_d20_t1_w20,8,28,61,33,0,0,67,11,22,0,8,5,131,43
20260906,r6_d20_t1_w20,9,35,69,34,0,0,66,8,26,0,8,5,131,43
20260906,r6_d20_t1_w20,10,40,75,35,0,0,65,6,29,0,9,5,131,43
20260906,r6_d20_t1_w20,11,47,82,35,0,0,64,5,30,1,9,7,131,43
20260906,r6_d20_t1_w20,12,55,91,36,0,0,62,5,31,2,9,10,131,43
20260906,r6_d20_t1_w20,13,64,101,37,0,1,61,4,32,3,9,11,131,43
20260906,r6_d20_t1_w20,14,72,110,38,0,2,62,3,33,2,9,11,131,43
20260906,r6_d20_t1_w20,15,77,118,41,0,6,63,5,30,2,9,12,131,43
20260906,r6_d20_t1_w20,16,85,128,43,0,8,63,5,30,2,9,13,131,43
20260906,r6_d20_t1_w20,17,91,138,47,0,13,64,8,26,2,9,12,131,43
20260906,r6_d20_t1_w20,18,97,145,48,0,16,65,9,23,3,9,13,131,43
20260906,r6_d20_t1_w20,19,100,154,54,0,17,62,13,24,1,9,14,131,43
20260906,r6_d20_t1_w20,20,104,161,57,0,20,63,14,23,0,9,16,121,40
20260906,r6_d20_t1_w20,21,110,170,59,1,23,64,14,22,0,9,16,121,40
20260906,r6_d20_t1_w20,22,118,178,59,1,25,66,14,20,0,9,17,121,40
20260906,r6_d20_t1_w20,23,123,185,61,1,27,65,13,21,1,9,19,121,40
20260906,r6_d20_t1_w20,24,132,195,62,1,29,66,11,22,1,9,21,121,40
20260906,r6_d20_t1_w20,25,140,205,64,1,31,65,10,23,2,9,22,126,43
20260906,r6_d20_t1_w20,26,146,214,66,2,32,64,10,24,2,9,23,126,43
20260906,r6_d20_t1_w20,27,145,221,69,7,33,63,12,24,1,9,22,126,43
20260906,r6_d20_t1_w20,28,145,231,72,14,35,62,11,26,1,9,21,126,43
20260906,r6_d20_t1_w20,29,146,238,73,19,35,62,12,26,0,9,22,126,43
20260906,r6_d20_t1_w20,30,141,243,78,24,37,59,15,26,0,9,21,131,43
20260906,r6_d20_t1_w20,31,140,249,79,30,37,56,13,29,2,11,19,131,43
20260906,r6_d20_t1_w20,32,139,255,79,37,39,41,10,30,19,12,17,131,43
20260906,r6_d20_t1_w20,33,135,264,82,47,42,42,12,28,18,14,16,131,43
20260906,r6_d20_t1_w20,34,116,273,101,56,46,43,28,27,2,11,14,131,43
20260906,r6_d20_t1_w20,35,115,281,103,63,47,41,23,33,3,13,13,131,43
20260906,r6_d20_t1_w20,36,111,287,105,71,49,42,21,35,2,15,12,131,43
20260906,r6_d20_t1_w20,37,107,294,108,79,50,42,22,36,0,17,12,131,43
20260906,r6_d20_t1_w20,38,110,303,108,85,52,43,15,41,1,18,12,131,43
20260906,r6_d20_t1_w20,39,112,312,110,90,54,42,13,43,2,18,12,131,43
20260906,r6_d20_t1_w20,40,115,322,111,96,55,39,8,48,5,18,12,131,43
20260906,r6_d20_t1_w20,41,112,329,113,104,57,40,7,49,4,18,11,131,43
20260906,r6_d20_t1_w20,42,108,334,117,109,58,41,10,49,0,18,10,131,43
20260906,r6_d20_t1_w20,43,112,343,117,114,58,41,6,53,0,18,11,131,43
20260906,r6_d20_t1_w20,44,107,349,119,123,64,42,5,50,3,18,12,131,43
20260906,r6_d20_t1_w20,45,107,359,120,132,65,41,5,50,4,17,13,131,43
20260906,r6_d20_t1_w20,46,103,365,123,139,71,46,7,45,2,13,13,131,43
20260906,r6_d20_t1_w20,47,104,372,124,144,75,49,7,42,2,12,13,131,43
20260906,r6_d20_t1_w20,48,102,381,127,152,77,49,10,40,1,10,14,131,43
20260906,r6_d20_t1_w20,49,106,391,128,157,82,50,10,36,4,9,16,131,43
20260906,r6_d20_t1_w20,50,114,401,130,157,89,55,11,30,4,9,16,126,43
20260906,r6_d20_t1_w20,51,117,409,135,157,91,56,12,32,0,9,16,126,43
20260906,r6_d20_t1_w20,52,124,419,138,157,95,56,11,32,1,9,16,126,43
20260906,r6_d20_t1_w20,53,133,429,139,157,97,56,11,31,2,9,19,126,43
20260906,r6_d20_t1_w20,54,139,438,142,157,101,58,10,31,1,9,21,126,43
20260906,r6_d20_t1_w20,55,144,444,143,157,102,59,11,30,0,9,21,131,43
20260906,r6_d20_t1_w20,56,147,452,145,160,106,61,10,29,0,9,24,131,43
20260906,r6_d20_t1_w20,57,149,461,146,166,108,62,9,29,0,9,25,131,43
20260906,r6_d20_t1_w20,58,149,470,147,174,111,63,9,27,1,9,23,131,43
20260906,r6_d20_t1_w20,59,145,475,149,181,112,61,8,29,2,9,22,131,43
20260906,r6_d20_t1_w20,60,138,480,152,190,116,61,8,28,3,9,21,131,43
20260906,r6_d20_t1_w20,61,137,486,153,196,116,60,8,29,3,10,20,131,43
20260906,r6_d20_t1_w20,62,139,492,155,198,118,50,8,29,13,13,20,131,43
20260906,r6_d20_t1_w20,63,135,500,159,206,119,47,11,29,13,13,20,131,43
20260906,r6_d20_t1_w20,64,126,508,171,211,121,45,21,29,5,12,19,131,43
20260906,r6_d20_t1_w20,65,123,517,175,219,122,41,22,31,6,13,18,131,43
20260906,r6_d20_t1_w20,66,119,522,179,224,123,39,21,35,5,12,17,131,43
20260906,r6_d20_t1_w20,67,116,527,181,230,127,41,21,33,5,14,16,131,43
20260906,r6_d20_t1_w20,68,111,532,186,235,134,40,22,30,8,14,16,131,43
20260906,r6_d20_t1_w20,69,108,541,188,245,135,41,16,37,6,14,13,131,43
20260906,r6_d20_t1_w20,70,100,548,196,252,138,38,20,38,4,15,12,131,43
20260906,r6_d20_t1_w20,71,102,557,196,259,140,39,16,40,5,17,12,131,43
20260906,r6_d20_t1_w20,72,99,565,200,266,141,39,16,43,2,17,11,131,43
20260906,r6_d20_t1_w20,73,94,573,204,275,143,35,18,43,4,18,8,131,43
20260906,r6_d20_t1_w20,74,88,578,207,283,146,36,19,42,3,17,9,131,43
20260906,r6_d20_t1_w20,75,90,588,210,288,146,35,17,47,1,15,10,131,43
20260906,r6_d20_t1_w20,76,89,594,210,295,148,32,14,48,6,14,11,131,43
20260906,r6_d20_t1_w20,77,89,604,211,304,148,32,11,52,5,11,12,131,43
20260906,r6_d20_t1_w20,78,84,609,216,309,151,35,13,52,0,10,12,131,43
20260906,r6_d20_t1_w20,79,87,618,218,313,155,37,10,53,0,9,14,131,43
20260906,r6_d20_t1_w20,80,95,628,220,313,158,38,10,52,0,9,16,131,43
20260906,r6_d20_t1_w20,81,101,637,222,314,161,38,10,51,1,9,17,131,43
20260906,r6_d20_t1_w20,82,109,647,223,315,166,41,10,47,2,9,17,131,43
20260906,r6_d20_t1_w20,83,115,655,225,315,168,42,10,47,1,9,20,131,43
20260906,r6_d20_t1_w20,84,117,663,230,316,172,40,15,43,2,9,22,131,43
20260906,r6_d20_t1_w20,85,123,671,232,316,177,42,15,40,3,9,24,131,43
20260906,r6_d20_t1_w20,86,128,678,234,316,184,44,15,35,6,9,23,131,43
20260906,r6_d20_t1_w20,87,133,685,236,316,187,46,17,32,5,9,23,131,43
20260906,r6_d20_t1_w20,88,133,691,241,317,191,50,17,33,0,9,23,131,43
20260906,r6_d20_t1_w20,89,137,700,245,318,195,50,19,31,0,9,26,131,43
20260906,r6_d20_t1_w20,90,141,708,248,319,198,49,22,28,1,9,26,131,43
20260906,r6_d20_t1_w20,91,135,714,251,328,204,48,21,26,5,11,25,131,43
20260906,r6_d20_t1_w20,92,132,721,254,335,206,39,19,29,13,12,24,131,43
20260906,r6_d20_t1_w20,93,128,727,260,339,207,37,20,33,10,15,22,131,43
20260906,r6_d20_t1_w20,94,117,732,271,344,209,36,26,36,2,12,21,131,43
20260906,r6_d20_t1_w20,95,115,742,274,353,212,35,21,41,3,15,19,131,43
20260906,r6_d20_t1_w20,96,118,750,275,357,212,33,16,47,4,17,18,131,43
20260906,r6_d20_t1_w20,97,113,758,279,366,216,33,17,46,4,17,17,131,43
20260906,r6_d20_t1_w20,98,115,766,281,370,218,33,17,46,4,18,15,131,43
20260906,r6_d20_t1_w20,99,108,771,285,378,219,32,18,48,2,18,13,131,43
20260906,r6_d20_t1_w20,100,103,776,287,386,219,32,13,55,0,18,12,121,40
20260906,r6_d20_t1_w20,101,101,781,288,392,221,32,13,54,1,18,12,121,40
20260906,r6_d20_t1_w20,102,97,787,290,400,222,30,9,59,2,18,12,121,40
20260906,r6_d20_t1_w20,103,96,795,293,406,227,32,9,57,2,18,11,121,40
20260906,r6_d20_t1_w20,104,91,800,297,412,232,32,10,55,3,16,11,121,40
20260906,r6_d20_t1_w20,105,89,806,298,419,235,34,7,56,3,15,9,131,43
20260906,r6_d20_t1_w20,106,88,813,300,425,238,37,7,55,1,14,10,131,43
20260906,r6_d20_t1_w20,107,87,823,306,430,242,36,11,53,0,12,10,131,43
20260906,r6_d20_t1_w20,108,87,831,309,435,249,37,13,47,3,10,11,131,43
20260906,r6_d20_t1_w20,109,89,841,311,441,255,38,12,44,6,9,12,131,43
20260906,r6_d20_t1_w20,110,91,848,316,441,259,40,17,40,3,9,13,131,43
20260906,r6_d20_t1_w20,111,95,855,319,441,261,42,17,41,0,9,14,131,43
20260906,r6_d20_t1_w20,112,103,864,320,441,269,49,13,38,0,9,18,131,43
20260906,r6_d20_t1_w20,113,107,869,321,441,273,52,12,36,0,9,19,131,43
20260906,r6_d20_t1_w20,114,111,874,322,441,275,53,10,37,0,9,20,131,43
20260906,r6_d20_t1_w20,115,112,880,323,445,276,51,9,38,2,9,20,131,43
20260906,r6_d20_t1_w20,116,112,888,324,452,280,54,7,37,2,9,21,131,43
20260906,r6_d20_t1_w20,117,113,897,328,456,284,56,9,35,0,9,20,131,43
20260906,r6_d20_t1_w20,118,112,904,330,462,285,55,11,34,0,9,20,131,43
20260906,r6_d20_t1_w20,119,114,911,333,464,288,55,12,33,0,9,21,131,43
20260906,r6_d20_t1_w20,120,110,918,339,469,290,50,18,31,1,9,19,131,43
20260906,r6_d20_t1_w20,121,108,923,342,473,296,51,20,26,3,10,19,131,43
20260906,r6_d20_t1_w20,122,110,929,343,476,299,42,15,29,14,11,19,131,43
20260906,r6_d20_t1_w20,123,108,935,345,482,302,45,15,28,12,12,19,131,43
20260906,r6_d20_t1_w20,124,100,943,357,486,303,46,18,36,0,11,19,131,43
20260906,r6_d20_t1_w20,125,101,950,358,491,310,48,17,31,4,13,16,121,40
20260906,r6_d20_t1_w20,126,100,958,361,497,310,45,18,33,4,14,16,121,40
20260906,r6_d20_t1_w20,127,95,963,368,500,313,43,19,36,2,15,14,121,40
20260906,r6_d20_t1_w20,128,95,969,369,505,314,43,15,40,2,15,12,121,40
20260906,r6_d20_t1_w20,129,98,979,372,509,315,43,16,41,0,18,11,121,40
20260906,r6_d20_t1_w20,130,100,989,375,514,316,41,12,47,0,18,10,131,43
20260906,r6_d20_t1_w20,131,102,997,375,520,319,42,10,46,2,17,9,131,43
20260906,r6_d20_t1_w20,132,97,1002,376,529,319,41,8,49,2,17,8,131,43
20260906,r6_d20_t1_w20,133,95,1007,378,534,321,41,8,49,2,17,8,131,43
20260906,r6_d20_t1_w20,134,96,1013,379,538,322,41,8,49,2,16,9,131,43
20260906,r6_d20_t1_w20,135,98,1022,382,542,324,41,8,50,1,16,10,131,43
20260906,r6_d20_t1_w20,136,99,1032,384,549,328,42,8,48,2,14,11,131,43
20260906,r6_d20_t1_w20,137,96,1039,386,557,330,42,9,47,2,11,11,131,43
20260906,r6_d20_t1_w20,138,96,1046,388,562,332,40,9,47,4,9,13,131,43
20260906,r6_d20_t1_w20,139,94,1052,391,567,337,43,12,42,3,9,13,131,43
20260906,r6_d20_t1_w20,140,95,1057,395,567,342,46,14,39,1,9,13,131,43
20260906,r6_d20_t1_w20,141,103,1065,395,567,344,48,13,38,1,9,13,131,43
20260906,r6_d20_t1_w20,142,108,1074,399,567,350,50,14,35,1,9,16,131,43
20260906,r6_d20_t1_w20,143,113,1084,403,568,356,50,16,31,3,9,16,131,43
20260906,r6_d20_t1_w20,144,118,1092,405,569,363,54,13,29,4,9,17,131,43
20260906,r6_d20_t1_w20,145,123,1100,408,569,365,55,15,28,2,9,16,131,43
20260906,r6_d20_t1_w20,146,124,1105,412,569,368,56,18,26,0,9,16,131,43
20260906,r6_d20_t1_w20,147,130,1114,413,571,369,55,15,29,1,9,18,131,43
20260906,r6_d20_t1_w20,148,133,1124,414,577,372,56,14,28,2,9,18,131,43
20260906,r6_d20_t1_w20,149,135,1133,415,583,375,59,13,27,1,9,19,131,43
20260906,r6_d20_t1_w20,150,136,1143,417,590,375,55,13,29,3,11,18,131,43
20260906,r6_d20_t1_w20,151,137,1151,417,597,377,41,8,32,19,15,16,131,43
20260906,r6_d20_t1_w20,152,138,1159,420,601,379,41,10,31,18,15,16,131,43
20260906,r6_d20_t1_w20,153,125,1169,438,606,382,38,24,32,6,12,16,131,43
20260906,r6_d20_t1_w20,154,126,1178,441,611,382,33,24,35,8,15,16,131,43
20260906,r6_d20_t1_w20,155,122,1185,445,618,385,32,25,35,8,16,14,126,43
20260906,r6_d20_t1_w20,156,117,1191,450,624,389,33,24,37,6,16,13,126,43
20260906,r6_d20_t1_w20,157,113,1198,455,630,389,30,21,45,4,16,12,126,43
20260906,r6_d20_t1_w20,158,116,1208,457,635,391,30,19,47,4,17,11,126,43
20260906,r6_d20_t1_w20,159,119,1217,459,639,391,29,16,52,3,17,11,126,43
20260906,r6_d20_t1_w20,160,118,1222,461,643,395,30,14,52,4,17,11,131,43
20260906,r6_d20_t1_w20,161,116,1231,464,651,398,29,14,52,5,17,9,131,43
20260906,r6_d20_t1_w20,162,112,1239,468,659,401,29,14,53,4,17,9,131,43
20260906,r6_d20_t1_w20,163,109,1246,470,667,403,29,14,53,4,17,9,131,43
20260906,r6_d20_t1_w20,164,109,1255,472,674,405,30,12,55,3,17,10,131,43
20260906,r6_d20_t1_w20,165,105,1261,475,681,409,30,12,54,4,17,10,131,43
20260906,r6_d20_t1_w20,166,106,1269,479,684,413,28,10,56,6,16,9,131,43
20260906,r6_d20_t1_w20,167,101,1274,482,691,416,30,13,53,4,15,10,131,43
20260906,r6_d20_t1_w20,168,99,1283,485,699,419,31,12,54,3,11,10,131,43
20260906,r6_d20_t1_w20,169,97,1292,488,707,423,32,12,53,3,9,11,131,43
20260906,r6_d20_t1_w20,170,101,1300,492,707,426,33,12,54,1,9,12,131,43
20260906,r6_d20_t1_w20,171,108,1308,493,707,430,37,11,52,0,9,13,131,43
20260906,r6_d20_t1_w20,172,109,1314,497,708,437,39,11,49,1,9,13,131,43
20260906,r6_d20_t1_w20,173,115,1323,499,709,441,41,11,47,1,9,15,131,43
20260906,r6_d20_t1_w20,174,122,1331,500,709,443,43,11,46,0,9,16,131,43
20260906,r6_d20_t1_w20,175,130,1341,502,709,449,46,9,44,1,9,16,131,43
20260906,r6_d20_t1_w20,176,133,1347,505,709,455,49,11,39,1,9,17,131,43
20260906,r6_d20_t1_w20,177,139,1357,508,710,459,48,13,36,3,9,17,131,43
20260906,r6_d20_t1_w20,178,134,1362,510,718,461,46,10,39,5,9,17,131,43
20260906,r6_d20_t1_w20,179,132,1369,515,722,465,47,13,37,3,9,17,131,43
20260906,r6_d20_t1_w20,180,130,1375,521,724,468,44,18,35,3,10,16,121,40
20260906,r6_d20_t1_w20,181,130,1384,524,730,469,40,17,38,5,12,16,121,40
20260906,r6_d20_t1_w20,182,129,1390,526,735,470,40,14,42,4,13,15,121,40
20260906,r6_d20_t1_w20,183,126,1395,530,739,473,41,17,40,2,13,15,121,40
20260906,r6_d20_t1_w20,184,124,1404,533,747,478,40,17,38,5,16,15,121,40
20260906,r6_d20_t1_w20,185,123,1409,535,751,478,38,12,45,5,16,15,131,43
20260906,r6_d20_t1_w20,186,120,1416,540,756,482,41,16,42,1,17,15,131,43
20260906,r6_d20_t1_w20,187,120,1421,542,759,487,43,18,37,2,18,15,131,43
20260906,r6_d20_t1_w20,188,120,1428,542,766,489,43,16,37,4,18,15,131,43
20260906,r6_d20_t1_w20,189,119,1438,545,774,494,46,11,40,3,17,13,131,43
20260906,r6_d20_t1_w20,190,113,1443,549,781,496,46,11,42,1,17,10,131,43
20260906,r6_d20_t1_w20,191,110,1448,551,787,499,47,9,43,1,17,9,131,43
20260906,r6_d20_t1_w20,192,111,1455,553,791,502,47,10,41,2,16,9,131,43
20260906,r6_d20_t1_w20,193,112,1465,556,797,505,47,11,40,2,16,13,131,43
20260906,r6_d20_t1_w20,194,109,1472,559,804,509,49,12,38,1,16,13,131,43
20260906,r6_d20_t1_w20,195,107,1482,562,813,509,45,11,42,2,15,13,131,43
20260906,r6_d20_t1_w20,196,111,1490,562,817,512,48,8,42,2,15,13,131,43
20260906,r6_d20_t1_w20,197,112,1499,566,821,515,48,11,40,1,12,15,131,43
20260906,r6_d20_t1_w20,198,116,1507,566,825,517,48,9,40,3,10,15,131,43
20260906,r6_d20_t1_w20,199,115,1516,570,831,521,47,9,40,4,9,16,131,43
20260906,r6_d20_t1_w20,200,119,1524,574,831,523,46,11,40,3,9,18,131,43
20260906,r6_d20_t1_w20,201,124,1533,577,832,526,47,13,38,2,9,18,131,43
20260906,r6_d20_t1_w20,202,127,1538,579,832,528,48,13,38,1,9,19,131,43
20260906,r6_d20_t1_w20,203,134,1548,580,834,531,51,14,35,0,9,18,131,43
20260906,r6_d20_t1_w20,204,134,1555,580,841,534,52,11,35,2,9,17,131,43
20260906,r6_d20_t1_w20,205,137,1564,582,845,539,54,9,34,3,9,17,131,43
20260906,r6_d20_t1_w20,206,141,1574,584,849,540,55,8,36,1,9,17,131,43
20260906,r6_d20_t1_w20,207,145,1583,585,853,541,56,7,37,0,9,19,131,43
20260906,r6_d20_t1_w20,208,146,1591,586,859,543,56,4,39,1,9,19,131,43
20260906,r6_d20_t1_w20,209,144,1598,586,868,546,58,3,37,2,9,18,131,43
20260906,r6_d20_t1_w20,210,147,1608,591,870,551,57,7,33,3,11,18,131,43
20260906,r6_d20_t1_w20,211,147,1613,592,874,552,50,7,33,10,12,17,131,43
20260906,r6_d20_t1_w20,212,145,1619,594,880,554,51,6,34,9,15,16,131,43
20260906,r6_d20_t1_w20,213,134,1627,604,889,557,52,13,34,1,13,15,131,43
20260906,r6_d20_t1_w20,214,137,1636,605,894,557,52,11,37,0,16,15,131,43
20260906,r6_d20_t1_w20,215,134,1643,608,901,561,51,11,36,2,16,14,131,43
20260906,r6_d20_t1_w20,216,133,1651,610,908,561,47,10,39,4,17,12,131,43
20260906,r6_d20_t1_w20,217,130,1659,613,916,565,49,12,36,3,17,11,131,43
20260906,r6_d20_t1_w20,218,131,1668,615,922,568,49,12,35,4,18,11,131,43
20260906,r6_d20_t1_w20,219,131,1675,616,928,570,50,12,34,4,18,11,131,43
20260906,r6_d20_t1_w20,220,128,1682,620,934,570,49,12,38,1,18,9,131,43
20260906,r6_d20_t1_w20,221,127,1692,622,943,574,50,12,36,2,18,10,131,43
20260906,r6_d20_t1_w20,222,132,1702,622,948,580,54,7,35,4,18,10,131,43
20260906,r6_d20_t1_w20,223,129,1712,625,958,583,56,9,33,2,17,10,131,43
20260906,r6_d20_t1_w20,224,130,1722,628,964,585,57,11,32,0,17,11,131,43
20260906,r6_d20_t1_w20,225,131,1731,630,970,587,56,11,32,1,16,14,131,43
20260906,r6_d20_t1_w20,226,130,1739,632,977,589,55,10,33,2,16,15,131,43
20260906,r6_d20_t1_w20,227,126,1747,635,986,593,56,12,30,2,12,17,131,43
20260906,r6_d20_t1_w20,228,123,1754,637,994,595,55,11,31,3,10,18,131,43
20260906,r6_d20_t1_w20,229,122,1761,639,1000,596,54,10,33,3,9,20,131,43
20260906,r6_d20_t1_w20,230,127,1769,640,1002,597,56,9,34,1,9,19,131,43
20260906,r6_d20_t1_w20,231,134,1778,642,1002,597,55,9,36,0,9,20,131,43
20260906,r6_d20_t1_w20,232,141,1785,642,1002,601,58,5,36,1,9,20,131,43
20260906,r6_d20_t1_w20,233,143,1791,646,1002,604,56,7,35,2,9,21,131,43
20260906,r6_d20_t1_w20,234,147,1801,648,1006,605,56,9,34,1,9,20,131,43
20260906,r6_d20_t1_w20,235,149,1810,649,1012,606,57,9,34,0,9,22,111,40
20260906,r6_d20_t1_w20,236,150,1817,649,1018,610,60,6,33,1,9,21,111,40
20260906,r6_d20_t1_w20,237,153,1827,650,1024,611,58,6,33,3,9,24,111,40
20260906,r6_d20_t1_w20,238,152,1835,651,1032,616,62,7,28,3,9,23,111,40
20260906,r6_d20_t1_w20,239,155,1844,653,1036,619,63,8,26,3,9,24,111,40
20260906,r6_d20_t1_w20,240,155,1853,657,1041,620,60,8,29,3,9,24,131,43
20260906,r6_d20_t1_w20,241,150,1860,660,1050,622,60,10,28,2,10,23,131,43
20260906,r6_d20_t1_w20,242,149,1867,662,1056,625,47,8,29,16,13,21,131,43
20260906,r6_d20_t1_w20,243,145,1874,664,1065,631,46,9,24,21,16,19,131,43
20260906,r6_d20_t1_w20,244,127,1882,680,1075,631,41,23,26,10,11,17,131,43
20260906,r6_d20_t1_w20,245,121,1891,686,1084,631,38,25,30,7,11,17,131,43
20260906,r6_d20_t1_w20,246,118,1900,692,1090,636,38,24,32,6,12,15,131,43
20260906,r6_d20_t1_w20,247,113,1907,697,1097,638,37,25,34,4,14,15,131,43
20260906,r6_d20_t1_w20,248,111,1916,702,1103,638,32,25,39,4,13,14,131,43
20260906,r6_d20_t1_w20,249,110,1921,703,1108,640,31,20,43,6,15,14,131,43
20260906,r6_d20_t1_w20,250,109,1929,706,1114,642,31,18,46,5,16,13,131,43
20260906,r6_d20_t1_w20,251,105,1936,710,1121,643,30,17,50,3,17,11,131,43
20260906,r6_d20_t1_w20,252,102,1943,713,1128,644,30,16,53,1,16,10,131,43
20260906,r6_d20_t1_w20,253,102,1950,716,1132,647,29,13,56,2,19,10,131,43
20260906,r6_d20_t1_w20,254,103,1960,716,1141,647,29,10,59,2,16,9,131,43
20260906,r6_d20_t1_w20,255,101,1969,720,1148,649,28,8,63,1,15,11,122,43
20260906,r6_d20_t1_w20,256,101,1976,721,1154,653,31,6,62,1,15,12,122,43
20260906,r6_d20_t1_w20,257,98,1983,723,1162,657,30,7,59,4,13,12,122,43
20260906,r6_d20_t1_w20,258,98,1990,724,1168,659,31,6,59,4,11,12,122,43
20260906,r6_d20_t1_w20,259,95,1999,729,1175,662,33,10,57,0,9,13,122,43
20260906,r6_d20_t1_w20,260,101,2009,731,1177,665,34,10,56,0,9,14,131,43
20260906,r6_d20_t1_w20,261,108,2019,732,1179,670,38,7,55,0,9,15,131,43
20260906,r6_d20_t1_w20,262,116,2028,733,1179,675,42,5,53,0,9,17,131,43
20260906,r6_d20_t1_w20,263,121,2034,734,1179,682,47,6,46,1,9,17,131,43
20260906,r6_d20_t1_w20,264,122,2039,736,1181,690,53,6,40,1,9,17,131,43
20260906,r6_d20_t1_w20,265,123,2046,741,1182,697,54,11,33,2,9,17,131,43
20260906,r6_d20_t1_w20,266,129,2054,741,1184,698,53,9,34,4,9,19,131,43
20260906,r6_d20_t1_w20,267,134,2061,743,1184,700,54,10,33,3,9,20,131,43
20260906,r6_d20_t1_w20,268,136,2068,746,1186,705,57,12,29,2,9,19,131,43
20260906,r6_d20_t1_w20,269,138,2074,747,1189,708,60,9,30,1,9,19,131,43
20260906,r6_d20_t1_w20,270,137,2084,752,1195,712,57,13,27,3,11,18,131,43
20260906,r6_d20_t1_w20,271,139,2093,752,1202,715,47,10,27,16,14,17,131,43
20260906,r6_d20_t1_w20,272,132,2098,758,1208,718,44,14,26,16,14,17,131,43
20260906,r6_d20_t1_w20,273,125,2107,772,1210,720,44,20,32,4,14,17,131,43
20260906,r6_d20_t1_w20,274,117,2112,776,1219,722,45,22,32,1,15,16,131,43
20260906,r6_d20_t1_w20,275,114,2119,777,1228,722,44,20,35,1,15,16,131,43
20260906,r6_d20_t1_w20,276,117,2127,777,1233,722,43,16,39,2,15,16,131,43
20260906,r6_d20_t1_w20,277,117,2133,778,1238,723,43,11,44,2,17,16,131,43
20260906,r6_d20_t1_w20,278,118,2140,779,1243,726,45,11,42,2,17,15,131,43
20260906,r6_d20_t1_w20,279,115,2146,781,1250,727,43,7,47,3,16,13,131,43
20260906,r6_d20_t1_w20,280,113,2155,784,1258,731,42,10,43,5,18,11,131,43
20260906,r6_d20_t1_w20,281,114,2165,787,1264,735,44,9,43,4,16,11,131,43
20260906,r6_d20_t1_w20,282,112,2171,790,1269,736,44,10,44,2,17,11,131,43
20260906,r6_d20_t1_w20,283,114,2178,791,1273,738,45,9,44,2,17,11,131,43
20260906,r6_d20_t1_w20,284,116,2185,794,1275,741,43,10,43,4,17,11,131,43
20260906,r6_d20_t1_w20,285,114,2193,798,1281,748,46,9,41,4,16,11,121,40
20260906,r6_d20_t1_w20,286,111,2202,804,1287,750,43,14,40,3,14,12,121,40
20260906,r6_d20_t1_w20,287,111,2212,807,1294,753,43,13,41,3,12,14,121,40
20260906,r6_d20_t1_w20,288,111,2221,811,1299,754,40,15,42,3,10,14,121,40
20260906,r6_d20_t1_w20,289,110,2229,815,1304,761,43,19,35,3,9,14,121,40
20260906,r6_d20_t1_w20,290,116,2237,817,1304,767,48,16,34,2,9,14,126,43
20260906,r6_d20_t1_w20,291,121,2244,819,1304,772,52,13,34,1,9,14,126,43
20260906,r6_d20_t1_w20,292,128,2254,822,1304,774,52,13,35,0,9,14,126,43
20260906,r6_d20_t1_w20,293,135,2263,824,1304,778,53,12,34,1,9,16,126,43
20260906,r6_d20_t1_w20,294,139,2272,825,1308,779,53,11,35,1,9,16,126,43
20260906,r6_d20_t1_w20,295,140,2281,827,1314,779,51,10,38,1,9,16,131,43
20260906,r6_d20_t1_w20,296,137,2287,829,1321,781,51,9,39,1,9,16,131,43
20260906,r6_d20_t1_w20,297,137,2294,832,1325,784,52,11,37,0,9,18,131,43
20260906,r6_d20_t1_w20,298,140,2303,832,1331,786,54,9,37,0,9,18,131,43
20260906,r6_d20_t1_w20,299,143,2311,832,1336,788,56,7,37,0,9,18,131,43
20260906,r6_d20_t1_w20,300,140,2319,835,1344,791,55,9,35,1,10,18,131,43
20260906,r6_d20_t1_w20,301,139,2327,835,1353,793,47,8,34,11,13,17,131,43
20260906,r6_d20_t1_w20,302,141,2337,838,1358,795,46,7,36,11,15,16,131,43
20260906,r6_d20_t1_w20,303,130,2344,849,1365,797,46,16,36,2,15,16,131,43
20260906,r6_d20_t1_w20,304,132,2353,851,1370,800,47,16,35,2,18,15,131,43
20260906,r6_d20_t1_w20,305,134,2363,853,1376,803,48,15,35,2,18,15,131,43
20260906,r6_d20_t1_w20,306,135,2372,855,1382,804,47,14,37,2,18,15,131,43
20260906,r6_d20_t1_w20,307,133,2380,856,1391,805,47,12,39,2,18,13,131,43
20260906,r6_d20_t1_w20,308,132,2388,858,1398,809,48,12,37,3,17,13,131,43
20260906,r6_d20_t1_w20,309,131,2395,860,1404,814,48,11,35,6,18,11,131,43
20260906,r6_d20_t1_w20,310,132,2405,865,1408,817,47,14,34,5,18,12,131,43
20260906,r6_d20_t1_w20,311,136,2415,869,1410,818,47,18,33,2,18,14,131,43
20260906,r6_d20_t1_w20,312,132,2420,870,1418,819,48,12,39,1,18,14,131,43
20260906,r6_d20_t1_w20,313,131,2429,873,1425,823,49,10,40,1,18,14,131,43
20260906,r6_d20_t1_w20,314,133,2437,874,1430,828,51,9,37,3,18,15,131,43
20260906,r6_d20_t1_w20,315,135,2447,876,1436,830,52,9,37,2,18,16,131,43
20260906,r6_d20_t1_w20,316,133,2453,879,1441,833,53,10,36,1,17,17,131,43
20260906,r6_d20_t1_w20,317,132,2458,879,1447,834,53,9,36,2,15,17,131,43
20260906,r6_d20_t1_w20,318,124,2463,883,1456,836,52,11,36,1,10,19,131,43
20260906,r6_d20_t1_w20,319,121,2468,884,1463,836,52,10,38,0,9,19,131,43
20260906,r6_d20_t1_w20,320,125,2474,885,1464,836,51,9,40,0,9,19,131,43
20260906,r6_d20_t1_w20,321,133,2483,886,1464,841,51,8,37,4,9,20,131,43
20260906,r6_d20_t1_w20,322,141,2491,886,1464,844,54,7,35,4,9,20,131,43
20260906,r6_d20_t1_w20,323,141,2497,891,1465,848,55,11,32,2,9,20,131,43
20260906,r6_d20_t1_w20,324,137,2504,893,1474,850,54,11,32,3,9,19,131,43
20260906,r6_d20_t1_w20,325,131,2509,896,1482,853,55,12,31,2,9,17,131,43
20260906,r6_d20_t1_w20,326,127,2514,898,1489,856,56,9,33,2,9,18,131,43
20260906,r6_d20_t1_w20,327,126,2523,902,1495,860,57,8,34,1,9,18,131,43
20260906,r6_d20_t1_w20,328,131,2533,903,1499,863,60,7,33,0,9,21,131,43
20260906,r6_d20_t1_w20,329,131,2540,904,1505,866,60,7,31,2,9,21,131,43
20260906,r6_d20_t1_w20,330,127,2545,906,1512,870,61,6,30,3,10,20,131,43
20260906,r6_d20_t1_w20,331,125,2554,908,1521,872,50,7,29,14,12,19,131,43
20260906,r6_d20_t1_w20,332,130,2564,909,1525,873,49,7,29,15,14,18,131,43
20260906,r6_d20_t1_w20,333,113,2569,923,1533,874,49,21,28,2,12,18,131,43
20260906,r6_d20_t1_w20,334,111,2577,927,1539,877,45,18,32,5,14,16,131,43
20260906,r6_d20_t1_w20,335,109,2587,929,1549,881,47,15,33,5,15,15,121,40
20260906,r6_d20_t1_w20,336,103,2593,936,1554,881,41,16,39,4,15,15,121,40
20260906,r6_d20_t1_w20,337,104,2602,940,1558,884,38,17,39,6,16,13,121,40
20260906,r6_d20_t1_w20,338,102,2607,944,1561,888,36,16,40,8,16,13,121,40
20260906,r6_d20_t1_w20,339,103,2616,948,1565,890,30,16,42,12,17,12,121,40
20260906,r6_d20_t1_w20,340,101,2624,955,1568,890,28,21,44,7,17,12,131,43
20260906,r6_d20_t1_w20,341,92,2631,963,1576,893,25,26,44,5,16,10,131,43
20260906,r6_d20_t1_w20,342,90,2639,965,1584,895,23,26,44,7,16,9,131,43
20260906,r6_d20_t1_w20,343,91,2649,969,1589,895,22,26,48,4,16,8,131,43
20260906,r6_d20_t1_w20,344,92,2659,973,1594,900,25,23,50,2,17,10,131,43
20260906,r6_d20_t1_w20,345,93,2667,975,1599,905,26,15,55,4,17,11,131,43
20260906,r6_d20_t1_w20,346,93,2672,977,1602,907,25,12,58,5,16,10,131,43
20260906,r6_d20_t1_w20,347,90,2681,981,1610,911,26,13,57,4,13,10,131,43
20260906,r6_d20_t1_w20,348,84,2687,984,1619,914,28,11,59,2,9,11,131,43
20260906,r6_d20_t1_w20,349,86,2695,986,1623,916,27,11,59,3,9,11,131,43
20260906,r6_d20_t1_w20,350,93,2703,987,1623,917,27,10,60,3,9,12,131,43
20260906,r6_d20_t1_w20,351,95,2709,991,1623,921,30,12,58,0,9,11,131,43
20260906,r6_d20_t1_w20,352,99,2716,993,1624,922,29,11,60,0,9,13,131,43
20260906,r6_d20_t1_w20,353,105,2723,994,1624,926,31,12,56,1,9,13,131,43
20260906,r6_d20_t1_w20,354,112,2731,995,1624,932,31,11,52,6,9,14,131,43
20260906,r6_d20_t1_w20,355,120,2741,997,1624,934,32,13,50,5,9,15,131,43
20260906,r6_d20_t1_w20,356,120,2750,1006,1624,940,32,17,49,2,9,15,131,43
20260906,r6_d20_t1_w20,357,128,2760,1008,1624,945,33,16,47,4,9,15,131,43
20260906,r6_d20_t1_w20,358,130,2765,1011,1624,953,39,16,42,3,9,16,131,43
20260906,r6_d20_t1_w20,359,136,2775,1015,1624,956,40,16,43,1,9,16,131,43
20260906,r6_d20_t1_w20,360,136,2780,1019,1625,962,43,20,37,0,9,16,126,43
20260906,r6_d20_t1_w20,361,135,2786,1019,1632,964,40,18,37,5,11,16,126,43
20260906,r6_d20_t1_w20,362,133,2794,1022,1639,970,40,17,35,8,13,16,126,43
20260906,r6_d20_t1_w20,363,128,2800,1027,1645,972,42,20,35,3,15,14,126,43
20260906,r6_d20_t1_w20,364,125,2807,1031,1651,974,43,16,41,0,15,13,126,43
20260906,r6_d20_t1_w20,365,126,2816,1032,1658,976,44,13,43,0,17,12,131,43
20260906,r6_d20_t1_w20,366,129,2824,1033,1662,980,46,11,42,1,18,12,131,43
20260906,r6_d20_t1_w20,367,134,2834,1033,1667,984,48,8,41,3,18,11,131,43
20260906,r6_d20_t1_w20,368,133,2841,1037,1671,987,47,10,40,3,18,11,131,43
20260906,r6_d20_t1_w20,369,134,2849,1041,1674,991,49,14,36,1,18,10,131,43
20260906,r6_d20_t1_w20,370,133,2857,1043,1681,992,49,14,37,0,18,11,131,43
20260906,r6_d20_t1_w20,371,133,2864,1044,1687,993,46,10,41,3,18,12,131,43
20260906,r6_d20_t1_w20,372,134,2871,1044,1693,995,48,6,43,3,18,14,131,43
20260906,r6_d20_t1_w20,373,133,2880,1049,1698,996,47,10,43,0,18,14,131,43
20260906,r6_d20_t1_w20,374,132,2885,1049,1704,997,48,10,42,0,18,14,131,43
20260906,r6_d20_t1_w20,375,131,2895,1052,1712,1003,51,11,38,0,17,15,131,43
20260906,r6_d20_t1_w20,376,127,2903,1055,1721,1009,53,11,35,1,16,15,131,43
20260906,r6_d20_t1_w20,377,125,2909,1057,1727,1013,54,12,32,2,15,16,131,43
20260906,r6_d20_t1_w20,378,123,2914,1059,1732,1017,56,12,30,2,11,16,131,43
20260906,r6_d20_t1_w20,379,118,2923,1063,1742,1017,52,12,34,2,9,16,131,43
20260906,r6_d20_t1_w20,380,119,2928,1067,1742,1020,52,12,35,1,9,15,115,42
20260906,r6_d20_t1_w20,381,126,2938,1069,1743,1021,52,13,35,0,9,17,115,42
20260906,r6_d20_t1_w20,382,133,2947,1069,1745,1024,55,10,35,0,9,19,115,42
20260906,r6_d20_t1_w20,383,133,2955,1071,1751,1029,58,10,32,0,9,19,115,42
20260906,r6_d20_t1_w20,384,130,2963,1076,1757,1031,54,12,33,1,9,19,115,42
20260906,r6_d20_t1_w20,385,132,2973,1077,1764,1033,55,12,32,1,9,20,131,43
20260906,r6_d20_t1_w20,386,131,2980,1081,1768,1037,55,12,32,1,9,19,131,43
20260906,r6_d20_t1_w20,387,132,2990,1081,1777,1038,56,12,31,1,9,19,131,43
20260906,r6_d20_t1_w20,388,135,2999,1083,1781,1038,55,10,35,0,9,20,131,43
20260906,r6_d20_t1_w20,389,135,3006,1083,1788,1041,58,9,33,0,9,20,131,43
20260906,r6_d20_t1_w20,390,130,3011,1085,1796,1043,56,9,33,2,10,18,121,40
20260906,r6_d20_t1_w20,391,128,3019,1089,1802,1046,44,13,30,13,10,17,121,40
20260906,r6_d20_t1_w20,392,128,3027,1092,1807,1048,39,13,31,17,13,15,121,40
20260906,r6_d20_t1_w20,393,117,3037,1105,1815,1050,35,23,32,10,11,15,121,40
20260906,r6_d20_t1_w20,394,114,3046,1112,1820,1053,35,26,33,6,11,15,121,40
20260906,r6_d20_t1_w20,395,113,3053,1116,1824,1054,34,26,36,4,13,13,131,43
20260906,r6_d20_t1_w20,396,109,3058,1119,1830,1057,32,25,37,6,14,11,131,43
20260906,r6_d20_t1_w20,397,106,3063,1122,1835,1060,31,19,43,7,15,11,131,43
20260906,r6_d20_t1_w20,398,105,3069,1128,1836,1064,30,22,42,6,16,11,131,43
20260906,r6_d20_t1_w20,399,103,3076,1132,1841,1065,30,20,47,3,16,10,131,43
20260906,r6_d20_t1_w20,400,102,3084,1138,1844,1068,29,16,54,1,15,9,131,43
20260906,r6_d20_t1_w20,401,98,3090,1139,1853,1069,29,11,59,1,16,9,131,43
20260906,r6_d20_t1_w20,402,99,3100,1141,1860,1071,29,10,60,1,17,9,131,43
20260906,r6_d20_t1_w20,403,99,3107,1143,1865,1078,31,11,54,4,17,8,131,43
20260906,r6_d20_t1_w20,404,100,3113,1144,1869,1081,33,11,52,4,18,9,131,43
20260906,r6_d20_t1_w20,405,95,3121,1147,1879,1083,34,13,51,2,17,10,131,43
20260906,r6_d20_t1_w20,406,95,3127,1148,1884,1086,35,12,50,3,17,11,131,43
20260906,r6_d20_t1_w20,407,90,3133,1150,1893,1087,35,9,54,2,14,11,131,43
20260906,r6_d20_t1_w20,408,85,3138,1154,1899,1089,33,11,54,2,11,11,131,43
20260906,r6_d20_t1_w20,409,88,3148,1154,1906,1090,34,10,54,2,9,12,131,43
20260906,r6_d20_t1_w20,410,92,3154,1156,1906,1095,38,9,52,1,9,12,131,43
20260906,r6_d20_t1_w20,411,97,3161,1158,1906,1103,44,7,48,1,9,12,131,43
20260906,r6_d20_t1_w20,412,100,3167,1161,1906,1106,42,10,45,3,9,13,131,43
20260906,r6_d20_t1_w20,413,107,3177,1163,1907,1110,44,9,44,3,9,14,131,43
20260906,r6_d20_t1_w20,414,107,3185,1171,1907,1117,46,17,37,0,9,14,131,43
20260906,r6_d20_t1_w20,415,115,3193,1171,1907,1118,47,15,38,0,9,15,131,43
20260906,r6_d20_t1_w20,416,123,3202,1172,1907,1124,52,14,34,0,9,17,131,43
20260906,r6_d20_t1_w20,417,129,3212,1173,1910,1127,54,12,34,0,9,18,131,43
20260906,r6_d20_t1_w20,418,134,3222,1174,1914,1130,54,12,32,2,9,19,131,43
20260906,r6_d20_t1_w20,419,134,3229,1177,1918,1132,53,12,33,2,9,19,131,43
20260906,r6_d20_t1_w20,420,135,3238,1181,1922,1135,51,13,33,3,11,19,131,43
20260906,r6_d20_t1_w20,421,134,3244,1183,1927,1139,41,12,32,15,13,19,131,43
20260906,r6_d20_t1_w20,422,131,3251,1187,1933,1143,43,15,29,13,13,17,131,43
20260906,r6_d20_t1_w20,423,123,3261,1199,1939,1145,43,23,31,3,14,17,131,43
20260906,r6_d20_t1_w20,424,120,3267,1202,1945,1148,42,22,32,4,16,15,131,43
20260906,r6_d20_t1_w20,425,117,3274,1205,1952,1149,39,18,38,5,17,14,131,43
20260906,r6_d20_t1_w20,426,115,3279,1207,1957,1150,38,15,42,5,16,14,131,43
20260906,r6_d20_t1_w20,427,116,3289,1211,1962,1151,38,11,49,2,17,13,131,43
20260906,r6_d20_t1_w20,428,112,3294,1215,1967,1153,37,12,50,1,17,13,131,43
20260906,r6_d20_t1_w20,429,110,3303,1216,1977,1153,34,9,54,3,18,12,131,43
20260906,r6_d20_t1_w20,430,109,3310,1219,1982,1154,31,11,54,4,18,11,131,43
20260906,r6_d20_t1_w20,431,112,3319,1222,1985,1156,32,12,54,2,18,10,131,43
20260906,r6_d20_t1_w20,432,110,3324,1226,1988,1157,30,15,54,1,18,8,131,43
20260906,r6_d20_t1_w20,433,111,3334,1227,1996,1160,30,14,53,3,18,7,131,43
20260906,r6_d20_t1_w20,434,109,3340,1230,2001,1164,28,14,52,6,18,9,131,43
20260906,r6_d20_t1_w20,435,106,3346,1232,2008,1166,28,15,51,6,18,9,131,43
20260906,r6_d20_t1_w20,436,99,3352,1239,2014,1173,27,19,47,7,16,9,131,43
20260906,r6_d20_t1_w20,437,97,3361,1241,2023,1175,27,16,50,7,12,9,131,43
20260906,r6_d20_t1_w20,438,93,3368,1247,2028,1179,29,19,49,3,10,11,131,43
20260906,r6_d20_t1_w20,439,91,3376,1252,2033,1189,35,21,42,2,9,11,131,43
20260906,r6_d20_t1_w20,440,97,3386,1255,2034,1192,35,19,44,2,9,13,131,43
20260906,r6_d20_t1_w20,441,105,3396,1257,2034,1192,32,20,45,3,9,14,131,43
20260906,r6_d20_t1_w20,442,109,3403,1260,2034,1197,32,19,44,5,9,14,131,43
20260906,r6_d20_t1_w20,443,112,3409,1263,2034,1202,36,20,41,3,9,14,131,43
20260906,r6_d20_t1_w20,444,114,3416,1268,2034,1206,38,19,43,0,9,16,131,43
20260906,r6_d20_t1_w20,445,119,3423,1270,2034,1208,37,19,43,1,9,18,121,40
20260906,r6_d20_t1_w20,446,127,3432,1270,2035,1211,39,14,45,2,9,20,121,40
20260906,r6_d20_t1_w20,447,130,3439,1273,2036,1214,37,15,44,4,9,20,121,40
20260906,r6_d20_t1_w20,448,130,3444,1277,2037,1216,34,15,46,5,9,20,121,40
20260906,r6_d20_t1_w20,449,129,3452,1280,2043,1217,34,14,49,3,9,20,121,40
20260906,r6_d20_t1_w20,450,132,3460,1282,2046,1223,37,14,45,4,11,19,131,43
20260906,r6_d20_t1_w20,451,135,3470,1285,2050,1226,29,13,46,12,13,19,131,43
20260906,r6_d20_t1_w20,452,135,3478,1288,2055,1229,30,15,44,11,15,18,131,43
20260906,r6_d20_t1_w20,453,122,3483,1297,2064,1230,30,17,50,3,12,17,131,43
20260906,r6_d20_t1_w20,454,122,3491,1302,2067,1233,28,21,48,3,11,17,131,43
20260906,r6_d20_t1_w20,455,119,3497,1305,2073,1237,29,18,50,3,15,16,131,43
20260906,r6_d20_t1_w20,456,123,3506,1308,2075,1240,31,14,54,1,16,16,131,43
20260906,r6_d20_t1_w20,457,123,3514,1310,2081,1242,30,12,56,2,16,14,131,43
20260906,r6_d20_t1_w20,458,124,3523,1311,2088,1244,29,8,59,4,17,12,131,43
20260906,r6_d20_t1_w20,459,114,3528,1318,2096,1251,30,14,53,3,18,12,131,43
20260906,r6_d20_t1_w20,460,109,3535,1322,2104,1254,29,18,50,3,18,13,131,43
20260906,r6_d20_t1_w20,461,109,3542,1324,2109,1259,32,14,51,3,18,12,131,43
20260906,r6_d20_t1_w20,462,106,3550,1329,2115,1262,30,17,50,3,17,11,131,43
20260906,r6_d20_t1_w20,463,107,3559,1332,2120,1264,29,18,50,3,17,12,131,43
20260906,r6_d20_t1_w20,464,107,3568,1335,2126,1266,29,15,54,2,15,12,131,43
20260906,r6_d20_t1_w20,465,104,3574,1337,2133,1268,29,15,54,2,15,12,131,43
20260906,r6_d20_t1_w20,466,102,3584,1340,2142,1275,33,16,49,2,12,13,131,43
20260906,r6_d20_t1_w20,467,103,3593,1343,2147,1281,35,16,46,3,11,13,131,43
20260906,r6_d20_t1_w20,468,108,3603,1345,2150,1285,37,15,45,3,9,13,131,43
20260906,r6_d20_t1_w20,469,110,3613,1349,2154,1288,38,14,47,1,9,16,131,43
20260906,r6_d20_t1_w20,470,117,3621,1350,2154,1290,40,12,48,0,9,16,131,43
20260906,r6_d20_t1_w20,471,121,3626,1350,2155,1297,46,12,41,1,9,17,131,43
20260906,r6_d20_t1_w20,472,128,3633,1350,2155,1300,48,10,40,2,9,18,131,43
20260906,r6_d20_t1_w20,473,131,3638,1352,2155,1306,52,7,39,2,9,18,131,43
20260906,r6_d20_t1_w20,474,137,3645,1353,2155,1308,53,6,39,2,9,19,131,43
20260906,r6_d20_t1_w20,475,138,3655,1358,2159,1311,52,10,37,1,9,19,131,43
20260906,r6_d20_t1_w20,476,136,3660,1360,2164,1313,52,11,36,1,9,19,131,43
20260906,r6_d20_t1_w20,477,135,3665,1360,2170,1314,53,9,37,1,9,18,131,43
20260906,r6_d20_t1_w20,478,134,3673,1362,2177,1316,54,8,38,0,9,20,131,43
20260906,r6_d20_t1_w20,479,136,3680,1364,2180,1321,56,9,34,1,9,20,131,43
20260906,r6_d20_t1_w20,480,133,3687,1367,2187,1323,54,12,32,2,9,18,131,43
20260906,r6_d20_t1_w20,481,133,3695,1370,2192,1325,49,12,33,6,13,18,131,43
20260906,r6_d20_t1_w20,482,138,3705,1371,2196,1329,39,9,33,19,15,17,131,43
20260906,r6_d20_t1_w20,483,132,3711,1376,2203,1332,39,12,32,17,16,16,131,43
20260906,r6_d20_t1_w20,484,113,3716,1392,2211,1334,38,23,35,4,12,14,131,43
20260906,r6_d20_t1_w20,485,111,3722,1395,2216,1335,38,16,44,2,13,13,131,43
20260906,r6_d20_t1_w20,486,104,3727,1398,2225,1339,38,14,45,3,14,13,131,43
20260906,r6_d20_t1_w20,487,106,3737,1400,2231,1341,38,12,47,3,17,12,131,43
20260906,r6_d20_t1_w20,488,102,3745,1402,2241,1344,40,11,47,2,18,11,131,43
20260906,r6_d20_t1_w20,489,101,3753,1403,2249,1346,41,9,48,2,18,9,131,43
20260906,r6_d20_t1_w20,490,100,3761,1405,2256,1351,43,8,46,3,18,8,126,43
20260906,r6_d20_t1_w20,491,103,3770,1407,2260,1354,44,9,44,3,18,8,126,43
20260906,r6_d20_t1_w20,492,104,3778,1409,2265,1356,45,7,46,2,18,11,126,43
20260906,r6_d20_t1_w20,493,105,3783,1411,2267,1358,46,8,45,1,18,11,126,43
20260906,r6_d20_t1_w20,494,107,3793,1412,2274,1359,46,6,47,1,16,11,126,43
20260906,r6_d20_t1_w20,495,110,3803,1412,2281,1362,46,5,45,4,15,11,131,43
20260906,r6_d20_t1_w20,496,113,3812,1415,2284,1364,43,6,45,6,14,13,131,43
20260906,r6_d20_t1_w20,497,112,3820,1419,2289,1370,47,9,40,4,13,13,131,43
20260906,r6_d20_t1_w20,498,108,3827,1423,2296,1374,49,12,37,2,10,13,131,43
20260906,r6_d20_t1_w20,499,105,3833,1427,2301,1377,46,12,38,4,10,15,131,43
20260906,r6_d20_t1_w20,500,108,3838,1429,2301,1381,42,13,35,10,10,15,131,43
20260906,r6_d20_t1_w20,501,108,3843,1434,2301,1386,41,16,32,11,9,15,131,43
20260906,r6_d20_t1_w20,502,112,3851,1438,2301,1387,45,17,34,4,9,16,131,43
20260906,r6_d20_t1_w20,503,114,3856,1441,2301,1392,49,19,30,2,9,16,131,43
20260906,r6_d20_t1_w20,504,118,3861,1441,2302,1393,49,15,33,3,9,16,131,43
20260906,r6_d20_t1_w20,505,123,3869,1444,2302,1398,52,13,33,2,9,16,131,43
20260906,r6_d20_t1_w20,506,126,3875,1447,2302,1401,53,14,32,1,9,16,131,43
20260906,r6_d20_t1_w20,507,121,3880,1449,2310,1402,53,11,36,0,9,15,131,43
20260906,r6_d20_t1_w20,508,121,3888,1450,2317,1405,55,10,35,0,9,17,131,43
20260906,r6_d20_t1_w20,509,117,3893,1451,2325,1407,55,8,36,1,9,16,131,43
20260906,r6_d20_t1_w20,510,110,3903,1461,2332,1410,47,18,33,2,10,14,131,43
20260906,r6_d20_t1_w20,511,112,3911,1462,2337,1411,37,17,34,12,11,14,131,43
20260906,r6_d20_t1_w20,512,110,3920,1465,2345,1413,33,19,33,15,14,13,131,43
20260906,r6_d20_t1_w20,513,99,3926,1477,2350,1416,32,27,34,7,11,12,131,43
20260906,r6_d20_t1_w20,514,96,3935,1481,2358,1418,33,23,40,4,11,11,131,43
20260906,r6_d20_t1_w20,515,86,3940,1488,2366,1420,31,26,42,1,12,10,131,43
20260906,r6_d20_t1_w20,516,85,3949,1492,2372,1424,29,24,44,3,14,10,131,43
20260906,r6_d20_t1_w20,517,86,3958,1493,2379,1425,27,19,49,5,17,10,131,43
20260906,r6_d20_t1_w20,518,85,3965,1496,2384,1428,28,18,50,4,17,10,131,43
20260906,r6_d20_t1_w20,519,90,3975,1499,2386,1434,30,17,48,5,18,10,131,43
20260906,r6_d20_t1_w20,520,92,3982,1501,2389,1436,31,17,48,4,18,9,101,38
20260906,r6_d20_t1_w20,521,94,3992,1505,2393,1438,28,16,51,5,18,8,101,38
20260906,r6_d20_t1_w20,522,95,3999,1507,2397,1441,29,13,53,5,17,9,101,38
20260906,r6_d20_t1_w20,523,95,4006,1512,2399,1447,31,13,52,4,16,10,101,38
20260906,r6_d20_t1_w20,524,99,4016,1513,2404,1447,30,11,55,4,15,10,101,38
20260906,r6_d20_t1_w20,525,98,4024,1516,2410,1448,31,13,55,1,14,10,126,43
20260906,r6_d20_t1_w20,526,100,4032,1518,2414,1452,34,13,53,0,13,13,126,43
20260906,r6_d20_t1_w20,527,100,4039,1520,2419,1459,35,12,49,4,11,14,126,43
20260906,r6_d20_t1_w20,528,98,4046,1522,2426,1462,36,11,49,4,9,17,126,43
20260906,r6_d20_t1_w20,529,103,4055,1525,2427,1465,39,11,49,1,9,17,126,43
20260906,r6_d20_t1_w20,530,107,4060,1525,2428,1468,41,9,48,2,9,17,131,43
20260906,r6_d20_t1_w20,531,113,4069,1528,2428,1471,41,7,50,2,9,18,131,43
20260906,r6_d20_t1_w20,532,118,4076,1530,2428,1478,45,8,44,3,9,19,131,43
20260906,r6_d20_t1_w20,533,125,4085,1532,2428,1482,47,8,42,3,9,19,131,43
20260906,r6_d20_t1_w20,534,129,4092,1535,2428,1486,48,10,39,3,9,20,131,43
20260906,r6_d20_t1_w20,535,132,4098,1538,2428,1489,48,13,36,3,9,21,131,43
20260906,r6_d20_t1_w20,536,139,4108,1541,2428,1495,51,15,31,3,9,22,131,43
20260906,r6_d20_t1_w20,537,146,4118,1542,2430,1499,55,15,28,2,9,22,131,43
20260906,r6_d20_t1_w20,538,144,4126,1548,2434,1502,53,19,27,1,9,20,131,43
20260906,r6_d20_t1_w20,539,142,4134,1549,2443,1505,55,15,29,1,9,20,131,43
20260906,r6_d20_t1_w20,540,141,4142,1553,2448,1511,56,16,26,2,10,19,131,43
20260906,r6_d20_t1_w20,541,141,4152,1554,2457,1512,50,14,28,8,13,19,131,43
20260906,r6_d20_t1_w20,542,143,4162,1557,2462,1512,48,12,33,7,14,18,131,43
20260906,r6_d20_t1_w20,543,144,4172,1563,2465,1513,49,16,34,1,16,17,131,43
20260906,r6_d20_t1_w20,544,140,4178,1565,2473,1515,47,15,35,3,16,17,131,43
20260906,r6_d20_t1_w20,545,139,4186,1568,2479,1518,43,12,38,7,17,16,131,43
20260906,r6_d20_t1_w20,546,139,4194,1571,2484,1519,43,12,40,5,18,13,131,43
20260906,r6_d20_t1_w20,547,137,4201,1577,2487,1520,40,15,42,3,17,13,131,43
20260906,r6_d20_t1_w20,548,135,4208,1579,2494,1522,41,16,41,2,17,11,131,43
20260906,r6_d20_t1_w20,549,134,4217,1584,2499,1527,41,17,40,2,17,10,131,43
20260906,r6_d20_t1_w20,550,138,4226,1586,2502,1529,41,16,41,2,18,10,126,43
20260906,r6_d20_t1_w20,551,139,4235,1588,2508,1530,40,13,45,2,18,10,126,43
20260906,r6_d20_t1_w20,552,137,4242,1590,2515,1531,38,11,48,3,17,11,126,43
20260906,r6_d20_t1_w20,553,133,4249,1594,2522,1534,39,12,48,1,17,12,126,43
20260906,r6_d20_t1_w20,554,134,4256,1595,2527,1534,39,12,49,0,17,13,126,43
20260906,r6_d20_t1_w20,555,134,4262,1596,2532,1539,42,6,51,1,17,14,131,43
20260906,r6_d20_t1_w20,556,132,4271,1599,2540,1544,43,8,47,2,17,14,131,43
20260906,r6_d20_t1_w20,557,125,4276,1602,2549,1550,46,11,41,2,13,14,131,43
20260906,r6_d20_t1_w20,558,124,4285,1605,2556,1556,48,12,37,3,11,15,131,43
20260906,r6_d20_t1_w20,559,124,4292,1606,2562,1560,51,12,34,3,9,15,131,43
20260906,r6_d20_t1_w20,560,127,4297,1608,2562,1562,53,11,35,1,9,16,131,43
20260906,r6_d20_t1_w20,561,129,4303,1609,2565,1566,57,8,35,0,9,17,131,43
20260906,r6_d20_t1_w20,562,131,4312,1611,2570,1570,59,8,33,0,9,17,131,43
20260906,r6_d20_t1_w20,563,126,4317,1612,2579,1573,60,9,30,1,9,18,131,43
20260906,r6_d20_t1_w20,564,126,4323,1613,2584,1578,64,7,28,1,9,18,131,43
20260906,r6_d20_t1_w20,565,124,4328,1614,2590,1578,64,7,29,0,9,16,131,43
20260906,r6_d20_t1_w20,566,125,4335,1614,2596,1579,65,5,30,0,9,17,131,43
20260906,r6_d20_t1_w20,567,128,4344,1614,2602,1580,65,4,30,1,9,17,131,43
20260906,r6_d20_t1_w20,568,130,4354,1616,2608,1584,64,5,27,4,9,18,131,43
20260906,r6_d20_t1_w20,569,129,4361,1618,2614,1585,64,4,29,3,9,18,131,43
20260906,r6_d20_t1_w20,570,126,4369,1625,2618,1586,61,11,28,0,9,16,121,43
20260906,r6_d20_t1_w20,571,126,4378,1627,2625,1588,59,11,28,2,11,16,121,43
20260906,r6_d20_t1_w20,572,128,4386,1628,2630,1590,43,12,26,19,15,15,121,43
20260906,r6_d20_t1_w20,573,123,4391,1631,2637,1595,46,12,24,18,14,14,121,43
20260906,r6_d20_t1_w20,574,107,4401,1650,2644,1598,45,29,23,3,11,13,121,43
20260906,r6_d20_t1_w20,575,109,4411,1652,2650,1603,48,28,21,3,14,13,131,43
20260906,r6_d20_t1_w20,576,104,4416,1655,2657,1605,48,25,25,2,14,12,131,43
20260906,r6_d20_t1_w20,577,107,4424,1657,2660,1605,47,17,35,1,17,12,131,43
20260906,r6_d20_t1_w20,578,108,4433,1658,2667,1606,47,13,39,1,17,10,131,43
20260906,r6_d20_t1_w20,579,112,4443,1658,2673,1607,48,8,43,1,18,9,131,43
20260906,r6_d20_t1_w20,580,116,4452,1660,2676,1609,47,6,45,2,18,9,131,43
20260906,r6_d20_t1_w20,581,118,4460,1660,2682,1609,47,5,46,2,18,9,131,43
20260906,r6_d20_t1_w20,582,114,4469,1666,2689,1611,45,9,46,0,18,10,131,43
20260906,r6_d20_t1_w20,583,117,4476,1666,2693,1612,46,8,46,0,18,11,131,43
20260906,r6_d20_t1_w20,584,119,4483,1667,2697,1614,46,7,46,1,18,11,131,43
20260906,r6_d20_t1_w20,585,117,4489,1670,2702,1619,47,8,43,2,17,11,131,43
20260906,r6_d20_t1_w20,586,119,4498,1671,2708,1622,47,6,43,4,16,15,131,43
20260906,r6_d20_t1_w20,587,113,4503,1673,2717,1626,50,7,40,3,14,14,131,43
20260906,r6_d20_t1_w20,588,109,4510,1677,2724,1628,51,10,39,0,10,15,131,43
20260906,r6_d20_t1_w20,589,110,4519,1679,2730,1629,50,11,39,0,9,16,131,43
20260906,r6_d20_t1_w20,590,113,4525,1680,2732,1633,52,11,36,1,9,17,131,43
20260906,r6_d20_t1_w20,591,118,4532,1682,2732,1636,53,12,34,1,9,17,131,43
20260906,r6_d20_t1_w20,592,122,4540,1685,2733,1639,52,14,32,2,9,17,131,43
20260906,r6_d20_t1_w20,593,129,4548,1686,2733,1643,55,9,34,2,9,18,131,43
20260906,r6_d20_t1_w20,594,129,4554,1691,2734,1647,56,10,34,0,9,18,131,43
20260906,r6_d20_t1_w20,595,130,4560,1693,2737,1654,58,9,30,3,9,18,131,43
20260906,r6_d20_t1_w20,596,133,4569,1694,2742,1658,61,10,26,3,9,18,131,43
20260906,r6_d20_t1_w20,597,135,4579,1698,2746,1664,65,12,22,1,9,18,131,43
20260906,r6_d20_t1_w20,598,133,4587,1699,2755,1665,65,11,23,1,9,18,131,43
20260906,r6_d20_t1_w20,599,129,4593,1700,2764,1665,63,10,25,2,9,17,131,43
20260906,r6_d20_t1_w20,600,124,4600,1704,2772,1668,62,10,26,2,9,17,121,40
20260906,ctrl_d1_t5_w20,1,4,6,2,0,0,98,2,0,0,0,2,131,43
20260906,ctrl_d1_t5_w20,2,9,12,3,0,0,97,3,0,0,0,3,131,43
20260906,ctrl_d1_t5_w20,3,19,22,3,0,0,97,3,0,0,0,5,131,43
20260906,ctrl_d1_t5_w20,4,27,32,5,0,0,95,5,0,0,1,7,131,43
20260906,ctrl_d1_t5_w20,5,34,41,7,0,0,93,7,0,0,2,7,131,43
20260906,ctrl_d1_t5_w20,6,42,50,8,0,0,92,8,0,0,4,7,131,43
20260906,ctrl_d1_t5_w20,7,49,57,8,0,0,92,8,0,0,6,9,131,43
20260906,ctrl_d1_t5_w20,8,55,65,10,0,0,90,8,2,0,6,11,131,43
20260906,ctrl_d1_t5_w20,9,60,71,11,0,0,89,8,3,0,6,13,131,43
20260906,ctrl_d1_t5_w20,10,67,78,11,0,0,89,8,3,0,6,13,131,43
20260906,ctrl_d1_t5_w20,11,74,88,14,0,0,86,9,5,0,7,13,131,43
20260906,ctrl_d1_t5_w20,12,81,97,16,0,0,84,9,7,0,7,15,131,43
20260906,ctrl_d1_t5_w20,13,86,104,18,0,0,82,9,9,0,7,15,131,43
20260906,ctrl_d1_t5_w20,14,92,111,19,0,0,81,9,10,0,7,16,131,43
20260906,ctrl_d1_t5_w20,15,99,120,21,0,0,79,10,11,0,8,16,131,43
20260906,ctrl_d1_t5_w20,16,109,130,21,0,0,79,6,15,0,9,17,131,43
20260906,ctrl_d1_t5_w20,17,116,138,22,0,0,78,7,15,0,9,19,131,43
20260906,ctrl_d1_t5_w20,18,124,147,23,0,0,77,7,16,0,9,20,131,43
20260906,ctrl_d1_t5_w20,19,129,153,24,0,0,76,5,19,0,9,20,131,43
20260906,ctrl_d1_t5_w20,20,133,158,25,0,2,77,4,19,0,9,21,121,40
20260906,ctrl_d1_t5_w20,21,139,166,27,0,4,77,5,18,0,9,21,121,40
20260906,ctrl_d1_t5_w20,22,143,174,30,1,6,76,8,16,0,9,21,121,40
20260906,ctrl_d1_t5_w20,23,140,183,32,11,6,74,8,18,0,9,20,121,40
20260906,ctrl_d1_t5_w20,24,137,188,34,17,8,74,9,17,0,9,19,121,40
20260906,ctrl_d1_t5_w20,25,134,193,34,25,9,75,7,18,0,9,19,126,43
20260906,ctrl_d1_t5_w20,26,133,201,35,33,10,75,8,17,0,9,19,126,43
20260906,ctrl_d1_t5_w20,27,131,207,36,40,11,75,7,18,0,9,19,126,43
20260906,ctrl_d1_t5_w20,28,135,216,37,44,12,75,5,20,0,9,20,126,43
20260906,ctrl_d1_t5_w20,29,135,223,40,48,14,74,8,18,0,9,20,126,43
20260906,ctrl_d1_t5_w20,30,133,230,42,55,14,72,10,18,0,9,19,131,43
20260906,ctrl_d1_t5_w20,31,134,240,43,63,16,73,11,16,0,9,18,131,43
20260906,ctrl_d1_t5_w20,32,135,248,44,69,18,74,9,17,0,10,18,131,43
20260906,ctrl_d1_t5_w20,33,135,255,45,75,19,74,9,17,0,10,17,131,43
20260906,ctrl_d1_t5_w20,34,136,262,45,81,20,75,6,19,0,10,16,131,43
20260906,ctrl_d1_t5_w20,35,134,268,45,89,22,77,4,19,0,10,15,131,43
20260906,ctrl_d1_t5_w20,36,129,275,48,98,23,75,6,19,0,8,13,131,43
20260906,ctrl_d1_t5_w20,37,128,283,50,105,24,74,7,19,0,8,13,131,43
20260906,ctrl_d1_t5_w20,38,127,292,51,114,24,73,7,20,0,9,11,131,43
20260906,ctrl_d1_t5_w20,39,128,300,54,118,24,70,10,20,0,10,11,131,43
20260906,ctrl_d1_t5_w20,40,131,307,54,122,26,72,8,20,0,11,12,131,43
20260906,ctrl_d1_t5_w20,41,133,317,55,129,27,72,6,22,0,11,12,131,43
20260906,ctrl_d1_t5_w20,42,130,322,57,135,28,71,7,22,0,12,12,131,43
20260906,ctrl_d1_t5_w20,43,126,327,58,143,31,73,8,19,0,12,13,131,43
20260906,ctrl_d1_t5_w20,44,130,336,59,147,31,72,8,20,0,11,16,131,43
20260906,ctrl_d1_t5_w20,45,134,345,59,152,32,73,8,19,0,9,19,131,43
20260906,ctrl_d1_t5_w20,46,135,354,60,159,33,73,8,19,0,9,20,131,43
20260906,ctrl_d1_t5_w20,47,136,360,60,164,34,74,6,20,0,9,20,131,43
20260906,ctrl_d1_t5_w20,48,129,365,63,173,35,72,6,22,0,9,21,131,43
20260906,ctrl_d1_t5_w20,49,129,371,64,178,36,72,6,22,0,9,22,131,43
20260906,ctrl_d1_t5_w20,50,130,378,66,182,38,72,6,22,0,9,20,126,43
20260906,ctrl_d1_t5_w20,51,133,384,66,185,41,75,5,20,0,9,20,126,43
20260906,ctrl_d1_t5_w20,52,133,391,67,191,41,74,5,21,0,8,18,126,43
20260906,ctrl_d1_t5_w20,53,135,400,69,196,43,74,7,19,0,8,18,126,43
20260906,ctrl_d1_t5_w20,54,134,410,74,202,46,72,11,17,0,8,18,126,43
20260906,ctrl_d1_t5_w20,55,137,420,75,208,49,74,10,16,0,8,18,131,43
20260906,ctrl_d1_t5_w20,56,137,427,76,214,50,74,9,17,0,9,19,131,43
20260906,ctrl_d1_t5_w20,57,136,433,77,220,51,74,9,17,0,8,19,131,43
20260906,ctrl_d1_t5_w20,58,133,438,77,228,51,74,7,19,0,8,19,131,43
20260906,ctrl_d1_t5_w20,59,135,448,77,236,53,76,6,18,0,9,20,131,43
20260906,ctrl_d1_t5_w20,60,135,458,80,243,56,76,7,17,0,9,19,131,43
20260906,ctrl_d1_t5_w20,61,133,468,83,252,56,73,7,20,0,9,16,131,43
20260906,ctrl_d1_t5_w20,62,134,476,85,257,57,72,9,19,0,9,15,131,43
20260906,ctrl_d1_t5_w20,63,135,484,87,262,58,71,11,18,0,9,15,131,43
20260906,ctrl_d1_t5_w20,64,131,489,89,269,58,69,10,21,0,9,15,131,43
20260906,ctrl_d1_t5_w20,65,128,495,89,278,59,70,9,21,0,8,15,131,43
20260906,ctrl_d1_t5_w20,66,124,500,90,286,63,73,7,20,0,10,15,131,43
20260906,ctrl_d1_t5_w20,67,127,510,92,291,63,71,8,21,0,10,14,131,43
20260906,ctrl_d1_t5_w20,68,128,515,92,295,64,72,6,22,0,9,13,131,43
20260906,ctrl_d1_t5_w20,69,131,524,92,301,68,76,4,20,0,12,12,131,43
20260906,ctrl_d1_t5_w20,70,133,532,92,307,71,79,3,18,0,11,11,131,43
20260906,ctrl_d1_t5_w20,71,134,540,94,312,72,78,5,17,0,11,12,131,43
20260906,ctrl_d1_t5_w20,72,137,548,95,316,72,77,5,18,0,11,14,131,43
20260906,ctrl_d1_t5_w20,73,139,557,95,323,75,80,4,16,0,10,16,131,43
20260906,ctrl_d1_t5_w20,74,142,566,95,329,75,80,4,16,0,9,17,131,43
20260906,ctrl_d1_t5_w20,75,141,576,97,338,77,80,4,16,0,9,18,131,43
20260906,ctrl_d1_t5_w20,76,140,581,97,344,77,80,4,16,0,9,19,131,43
20260906,ctrl_d1_t5_w20,77,140,586,97,349,79,82,3,15,0,9,19,131,43
20260906,ctrl_d1_t5_w20,78,139,591,99,353,81,82,4,14,0,9,18,131,43
20260906,ctrl_d1_t5_w20,79,137,598,99,362,82,83,3,14,0,9,21,131,43
20260906,ctrl_d1_t5_w20,80,137,603,99,367,83,84,3,13,0,9,22,131,43
20260906,ctrl_d1_t5_w20,81,135,608,99,374,85,86,3,11,0,9,21,131,43
20260906,ctrl_d1_t5_w20,82,132,613,100,381,88,88,4,8,0,9,21,131,43
20260906,ctrl_d1_t5_w20,83,134,622,100,388,89,89,4,7,0,9,25,131,43
20260906,ctrl_d1_t5_w20,84,135,628,101,392,90,89,4,7,0,9,26,131,43
20260906,ctrl_d1_t5_w20,85,134,634,102,398,90,88,5,7,0,9,26,131,43
20260906,ctrl_d1_t5_w20,86,139,644,103,402,90,87,4,9,0,9,26,131,43
20260906,ctrl_d1_t5_w20,87,136,649,103,410,91,88,3,9,0,9,25,131,43
20260906,ctrl_d1_t5_w20,88,138,658,105,415,91,86,5,9,0,9,25,131,43
20260906,ctrl_d1_t5_w20,89,132,663,107,424,91,84,7,9,0,9,24,131,43
20260906,ctrl_d1_t5_w20,90,127,670,111,432,92,81,10,9,0,9,21,131,43
20260906,ctrl_d1_t5_w20,91,121,676,115,440,92,77,14,9,0,9,20,131,43
20260906,ctrl_d1_t5_w20,92,121,684,116,447,93,77,13,10,0,9,18,131,43
20260906,ctrl_d1_t5_w20,93,120,693,117,456,95,78,11,11,0,9,16,131,43
20260906,ctrl_d1_t5_w20,94,118,702,119,465,95,76,11,13,0,9,15,131,43
20260906,ctrl_d1_t5_w20,95,118,711,119,474,95,76,8,16,0,11,14,131,43
20260906,ctrl_d1_t5_w20,96,118,717,120,479,96,76,7,17,0,12,13,131,43
20260906,ctrl_d1_t5_w20,97,116,722,122,484,96,74,6,20,0,10,13,131,43
20260906,ctrl_d1_t5_w20,98,120,732,123,489,96,73,7,20,0,10,13,131,43
20260906,ctrl_d1_t5_w20,99,120,739,123,496,97,74,6,20,0,10,10,131,43
20260906,ctrl_d1_t5_w20,100,124,749,124,501,97,73,5,22,0,12,10,121,40
20260906,ctrl_d1_t5_w20,101,124,755,125,506,98,73,5,22,0,11,10,121,40
20260906,ctrl_d1_t5_w20,102,127,762,125,510,100,75,5,20,0,11,12,121,40
20260906,ctrl_d1_t5_w20,103,121,767,127,519,100,73,6,21,0,9,12,121,40
20260906,ctrl_d1_t5_w20,104,124,777,128,525,101,73,5,22,0,8,13,121,40
20260906,ctrl_d1_t5_w20,105,123,783,130,530,105,75,6,19,0,9,14,131,43
20260906,ctrl_d1_t5_w20,106,117,789,132,540,107,75,8,17,0,9,14,131,43
20260906,ctrl_d1_t5_w20,107,119,796,133,544,108,75,9,16,0,9,14,131,43
20260906,ctrl_d1_t5_w20,108,117,801,135,549,111,76,10,14,0,9,15,131,43
20260906,ctrl_d1_t5_w20,109,116,806,137,553,112,75,8,17,0,9,15,131,43
20260906,ctrl_d1_t5_w20,110,119,811,138,554,114,76,5,19,0,9,16,131,43
20260906,ctrl_d1_t5_w20,111,123,818,139,556,115,76,6,18,0,9,17,131,43
20260906,ctrl_d1_t5_w20,112,121,823,142,560,116,74,8,18,0,9,17,131,43
20260906,ctrl_d1_t5_w20,113,118,828,143,567,119,76,8,16,0,9,16,131,43
20260906,ctrl_d1_t5_w20,114,119,837,146,572,119,73,9,18,0,9,14,131,43
20260906,ctrl_d1_t5_w20,115,117,843,146,580,121,75,6,19,0,9,15,131,43
20260906,ctrl_d1_t5_w20,116,117,851,148,586,122,74,7,19,0,9,14,131,43
20260906,ctrl_d1_t5_w20,117,118,856,149,589,122,73,8,19,0,9,15,131,43
20260906,ctrl_d1_t5_w20,118,116,865,151,598,122,71,10,19,0,9,15,131,43
20260906,ctrl_d1_t5_w20,119,113,870,152,605,124,72,11,17,0,9,16,131,43
20260906,ctrl_d1_t5_w20,120,107,876,157,612,125,68,13,19,0,9,14,131,43
20260906,ctrl_d1_t5_w20,121,107,883,158,618,128,70,11,19,0,9,13,131,43
20260906,ctrl_d1_t5_w20,122,104,888,159,625,129,70,10,20,0,9,12,131,43
20260906,ctrl_d1_t5_w20,123,105,893,159,629,133,74,9,17,0,9,12,131,43
20260906,ctrl_d1_t5_w20,124,104,902,160,638,133,73,8,19,0,9,10,131,43
20260906,ctrl_d1_t5_w20,125,107,911,161,643,135,74,9,17,0,8,10,121,40
20260906,ctrl_d1_t5_w20,126,109,918,161,648,136,75,7,18,0,7,10,121,40
20260906,ctrl_d1_t5_w20,127,108,923,161,654,137,76,4,20,0,7,9,121,40
20260906,ctrl_d1_t5_w20,128,112,932,161,659,138,77,3,20,0,8,9,121,40
20260906,ctrl_d1_t5_w20,129,115,940,163,662,139,76,3,21,0,9,8,121,40
20260906,ctrl_d1_t5_w20,130,119,948,163,666,140,77,2,21,0,11,9,131,43
20260906,ctrl_d1_t5_w20,131,118,954,165,671,142,77,4,19,0,10,9,131,43
20260906,ctrl_d1_t5_w20,132,124,964,166,674,144,78,5,17,0,10,10,131,43
20260906,ctrl_d1_t5_w20,133,128,973,168,677,144,76,6,18,0,9,13,131,43
20260906,ctrl_d1_t5_w20,134,125,978,169,684,145,76,5,19,0,8,14,131,43
20260906,ctrl_d1_t5_w20,135,125,984,169,690,148,79,5,16,0,9,15,131,43
20260906,ctrl_d1_t5_w20,136,121,989,172,696,149,77,8,15,0,9,15,131,43
20260906,ctrl_d1_t5_w20,137,124,996,174,698,152,78,6,16,0,9,18,131,43
20260906,ctrl_d1_t5_w20,138,119,1001,177,705,153,76,9,15,0,9,18,131,43
20260906,ctrl_d1_t5_w20,139,120,1010,180,710,155,75,12,13,0,9,19,131,43
20260906,ctrl_d1_t5_w20,140,128,1020,181,711,156,75,12,13,0,9,21,131,43
20260906,ctrl_d1_t5_w20,141,128,1025,181,716,156,75,12,13,0,9,22,131,43
20260906,ctrl_d1_t5_w20,142,131,1035,183,721,158,75,12,13,0,9,23,131,43
20260906,ctrl_d1_t5_w20,143,136,1045,183,726,159,76,8,16,0,9,23,131,43
20260906,ctrl_d1_t5_w20,144,132,1052,186,734,163,77,9,14,0,9,23,131,43
20260906,ctrl_d1_t5_w20,145,132,1062,188,742,163,75,10,15,0,9,24,131,43
20260906,ctrl_d1_t5_w20,146,135,1072,188,749,163,75,7,18,0,9,25,131,43
20260906,ctrl_d1_t5_w20,147,139,1080,188,753,164,76,5,19,0,9,24,131,43
20260906,ctrl_d1_t5_w20,148,137,1086,188,761,165,77,5,18,0,9,26,131,43
20260906,ctrl_d1_t5_w20,149,139,1096,190,767,165,75,6,19,0,9,25,131,43
20260906,ctrl_d1_t5_w20,150,139,1106,193,774,165,72,7,21,0,9,23,131,43
20260906,ctrl_d1_t5_w20,151,142,1114,193,779,167,74,5,21,0,9,23,131,43
20260906,ctrl_d1_t5_w20,152,138,1120,194,788,169,75,5,20,0,9,22,131,43
20260906,ctrl_d1_t5_w20,153,136,1125,195,794,171,76,6,18,0,10,19,131,43
20260906,ctrl_d1_t5_w20,154,139,1134,197,798,173,76,7,17,0,11,18,131,43
20260906,ctrl_d1_t5_w20,155,140,1142,198,804,176,78,6,16,0,11,17,126,43
20260906,ctrl_d1_t5_w20,156,141,1148,200,807,178,78,8,14,0,12,17,126,43
20260906,ctrl_d1_t5_w20,157,140,1156,202,814,178,76,9,15,0,13,14,126,43
20260906,ctrl_d1_t5_w20,158,140,1161,203,818,179,76,10,14,0,14,14,126,43
20260906,ctrl_d1_t5_w20,159,139,1167,203,825,181,78,6,16,0,15,13,126,43
20260906,ctrl_d1_t5_w20,160,136,1175,204,835,181,77,5,18,0,15,11,131,43
20260906,ctrl_d1_t5_w20,161,136,1181,205,840,183,78,4,18,0,14,12,131,43
20260906,ctrl_d1_t5_w20,162,137,1190,206,847,186,80,4,16,0,13,14,131,43
20260906,ctrl_d1_t5_w20,163,136,1200,207,857,186,79,4,17,0,10,15,131,43
20260906,ctrl_d1_t5_w20,164,138,1208,207,863,186,79,2,19,0,10,15,131,43
20260906,ctrl_d1_t5_w20,165,137,1216,208,871,188,80,3,17,0,9,16,131,43
20260906,ctrl_d1_t5_w20,166,135,1224,209,880,188,79,3,18,0,9,17,131,43
20260906,ctrl_d1_t5_w20,167,137,1233,209,887,189,80,2,18,0,9,17,131,43
20260906,ctrl_d1_t5_w20,168,141,1243,209,893,189,80,1,19,0,9,21,131,43
20260906,ctrl_d1_t5_w20,169,137,1249,210,902,192,82,2,16,0,9,21,131,43
20260906,ctrl_d1_t5_w20,170,135,1255,212,908,193,81,4,15,0,9,19,131,43
20260906,ctrl_d1_t5_w20,171,137,1265,213,915,193,80,5,15,0,9,18,131,43
20260906,ctrl_d1_t5_w20,172,135,1271,215,921,193,78,7,15,0,9,19,131,43
20260906,ctrl_d1_t5_w20,173,135,1276,216,925,194,78,7,15,0,9,18,131,43
20260906,ctrl_d1_t5_w20,174,135,1286,218,933,196,78,8,14,0,9,18,131,43
20260906,ctrl_d1_t5_w20,175,134,1292,218,940,198,80,5,15,0,9,17,131,43
20260906,ctrl_d1_t5_w20,176,137,1301,219,945,201,82,4,14,0,9,18,131,43
20260906,ctrl_d1_t5_w20,177,139,1310,221,950,202,81,4,15,0,9,20,131,43
20260906,ctrl_d1_t5_w20,178,140,1315,221,954,202,81,4,15,0,9,21,131,43
20260906,ctrl_d1_t5_w20,179,139,1320,221,960,204,83,4,13,0,9,20,131,43
20260906,ctrl_d1_t5_w20,180,139,1327,222,966,205,83,4,13,0,9,19,121,40
20260906,ctrl_d1_t5_w20,181,142,1334,222,970,206,84,4,12,0,9,19,121,40
20260906,ctrl_d1_t5_w20,182,137,1340,224,979,206,82,6,12,0,9,18,121,40
20260906,ctrl_d1_t5_w20,183,135,1346,224,987,206,82,5,13,0,9,18,121,40
20260906,ctrl_d1_t5_w20,184,133,1351,225,993,209,84,5,11,0,10,16,121,40
20260906,ctrl_d1_t5_w20,185,134,1359,226,999,210,84,6,10,0,10,15,131,43
20260906,ctrl_d1_t5_w20,186,132,1365,226,1007,210,84,6,10,0,9,14,131,43
20260906,ctrl_d1_t5_w20,187,133,1375,227,1015,212,85,5,10,0,10,12,131,43
20260906,ctrl_d1_t5_w20,188,132,1385,228,1025,214,86,6,8,0,10,12,131,43
20260906,ctrl_d1_t5_w20,189,135,1393,229,1029,215,86,6,8,0,11,12,131,43
20260906,ctrl_d1_t5_w20,190,136,1401,231,1034,216,85,6,9,0,12,12,131,43
20260906,ctrl_d1_t5_w20,191,134,1409,232,1043,216,84,5,11,0,13,13,131,43
20260906,ctrl_d1_t5_w20,192,133,1415,235,1047,216,81,7,12,0,12,13,131,43
20260906,ctrl_d1_t5_w20,193,136,1423,235,1052,216,81,7,12,0,10,15,131,43
20260906,ctrl_d1_t5_w20,194,136,1432,235,1061,218,83,6,11,0,11,16,131,43
20260906,ctrl_d1_t5_w20,195,137,1440,236,1067,218,82,5,13,0,10,17,131,43
20260906,ctrl_d1_t5_w20,196,135,1447,236,1076,218,82,4,14,0,9,18,131,43
20260906,ctrl_d1_t5_w20,197,134,1456,237,1085,218,81,4,15,0,9,19,131,43
20260906,ctrl_d1_t5_w20,198,134,1461,237,1090,218,81,2,17,0,9,19,131,43
20260906,ctrl_d1_t5_w20,199,132,1467,241,1094,219,78,6,16,0,9,19,131,43
20260906,ctrl_d1_t5_w20,200,130,1472,242,1100,220,78,6,16,0,9,18,131,43
20260906,ctrl_d1_t5_w20,201,131,1480,242,1107,221,79,6,15,0,9,17,131,43
20260906,ctrl_d1_t5_w20,202,134,1486,242,1110,222,80,6,14,0,9,19,131,43
20260906,ctrl_d1_t5_w20,203,135,1493,243,1115,223,80,4,16,0,9,18,131,43
20260906,ctrl_d1_t5_w20,204,138,1503,245,1120,226,81,6,13,0,9,18,131,43
20260906,ctrl_d1_t5_w20,205,136,1509,245,1128,226,81,3,16,0,9,16,131,43
20260906,ctrl_d1_t5_w20,206,137,1518,247,1134,227,80,4,16,0,9,18,131,43
20260906,ctrl_d1_t5_w20,207,135,1526,248,1143,227,79,5,16,0,9,19,131,43
20260906,ctrl_d1_t5_w20,208,129,1531,250,1152,228,78,6,16,0,9,18,131,43
20260906,ctrl_d1_t5_w20,209,130,1540,251,1159,230,79,6,15,0,9,18,131,43
20260906,ctrl_d1_t5_w20,210,130,1548,252,1166,231,79,7,14,0,9,17,131,43
20260906,ctrl_d1_t5_w20,211,128,1553,252,1173,233,81,6,13,0,9,17,131,43
20260906,ctrl_d1_t5_w20,212,132,1562,255,1175,234,79,8,13,0,9,17,131,43
20260906,ctrl_d1_t5_w20,213,133,1572,256,1183,235,79,7,14,0,10,14,131,43
20260906,ctrl_d1_t5_w20,214,131,1579,256,1192,236,80,6,14,0,8,13,131,43
20260906,ctrl_d1_t5_w20,215,134,1588,257,1197,237,80,6,14,0,10,12,131,43
20260906,ctrl_d1_t5_w20,216,133,1594,257,1204,237,80,5,15,0,10,12,131,43
20260906,ctrl_d1_t5_w20,217,128,1600,262,1210,239,77,8,15,0,10,11,131,43
20260906,ctrl_d1_t5_w20,218,130,1608,263,1215,241,78,8,14,0,12,10,131,43
20260906,ctrl_d1_t5_w20,219,130,1615,267,1218,242,75,11,14,0,13,10,131,43
20260906,ctrl_d1_t5_w20,220,133,1624,269,1222,242,73,13,14,0,14,10,131,43
20260906,ctrl_d1_t5_w20,221,135,1634,269,1230,246,77,12,11,0,13,12,131,43
20260906,ctrl_d1_t5_w20,222,133,1639,271,1235,246,75,10,15,0,12,13,131,43
20260906,ctrl_d1_t5_w20,223,132,1644,271,1241,246,75,9,16,0,11,13,131,43
20260906,ctrl_d1_t5_w20,224,130,1652,273,1249,248,75,6,19,0,9,14,131,43
20260906,ctrl_d1_t5_w20,225,128,1657,274,1255,250,76,5,19,0,9,14,131,43
20260906,ctrl_d1_t5_w20,226,131,1667,274,1262,250,76,4,20,0,9,17,131,43
20260906,ctrl_d1_t5_w20,227,133,1677,275,1269,252,77,5,18,0,9,19,131,43
20260906,ctrl_d1_t5_w20,228,137,1686,275,1274,252,77,4,19,0,9,20,131,43
20260906,ctrl_d1_t5_w20,229,134,1693,276,1283,252,76,4,20,0,9,22,131,43
20260906,ctrl_d1_t5_w20,230,135,1702,277,1290,254,77,4,19,0,9,21,131,43
20260906,ctrl_d1_t5_w20,231,138,1708,278,1292,255,77,3,20,0,9,22,131,43
20260906,ctrl_d1_t5_w20,232,137,1716,280,1299,255,75,4,21,0,9,21,131,43
20260906,ctrl_d1_t5_w20,233,138,1726,281,1307,257,76,5,19,0,9,20,131,43
20260906,ctrl_d1_t5_w20,234,140,1736,283,1313,257,74,6,20,0,9,20,131,43
20260906,ctrl_d1_t5_w20,235,139,1745,285,1321,259,74,7,19,0,9,19,111,40
20260906,ctrl_d1_t5_w20,236,138,1750,285,1327,260,75,7,18,0,9,19,111,40
20260906,ctrl_d1_t5_w20,237,140,1758,286,1332,262,76,7,17,0,9,21,111,40
20260906,ctrl_d1_t5_w20,238,141,1766,286,1339,262,76,7,17,0,9,19,111,40
20260906,ctrl_d1_t5_w20,239,145,1775,286,1344,263,77,4,19,0,9,19,111,40
20260906,ctrl_d1_t5_w20,240,140,1781,290,1351,265,75,8,17,0,9,19,131,43
20260906,ctrl_d1_t5_w20,241,138,1788,290,1360,266,76,4,20,0,9,17,131,43
20260906,ctrl_d1_t5_w20,242,139,1794,291,1364,269,78,4,18,0,9,17,131,43
20260906,ctrl_d1_t5_w20,243,139,1801,293,1369,272,79,6,15,0,9,16,131,43
20260906,ctrl_d1_t5_w20,244,137,1807,295,1375,274,79,8,13,0,9,14,131,43
20260906,ctrl_d1_t5_w20,245,140,1814,295,1379,274,79,7,14,0,10,14,131,43
20260906,ctrl_d1_t5_w20,246,136,1820,295,1389,275,80,6,14,0,10,14,131,43
20260906,ctrl_d1_t5_w20,247,133,1826,295,1398,275,80,4,16,0,11,14,131,43
20260906,ctrl_d1_t5_w20,248,130,1832,296,1406,275,79,4,17,0,12,12,131,43
20260906,ctrl_d1_t5_w20,249,128,1837,297,1412,276,79,3,18,0,13,11,131,43
20260906,ctrl_d1_t5_w20,250,124,1844,299,1421,278,79,5,16,0,12,10,131,43
20260906,ctrl_d1_t5_w20,251,124,1851,300,1427,280,80,6,14,0,12,10,131,43
20260906,ctrl_d1_t5_w20,252,124,1856,301,1431,280,79,6,15,0,11,9,131,43
20260906,ctrl_d1_t5_w20,253,123,1864,301,1440,282,81,6,13,0,10,10,131,43
20260906,ctrl_d1_t5_w20,254,122,1872,302,1448,283,81,6,13,0,11,11,131,43
20260906,ctrl_d1_t5_w20,255,124,1881,302,1455,284,82,3,15,0,9,11,122,43
20260906,ctrl_d1_t5_w20,256,126,1888,302,1460,284,82,2,16,0,9,13,122,43
20260906,ctrl_d1_t5_w20,257,125,1896,304,1467,285,81,4,15,0,9,14,122,43
20260906,ctrl_d1_t5_w20,258,121,1901,306,1474,286,80,3,17,0,9,15,122,43
20260906,ctrl_d1_t5_w20,259,122,1911,306,1483,289,83,3,14,0,9,16,122,43
20260906,ctrl_d1_t5_w20,260,129,1919,306,1484,290,84,3,13,0,9,16,131,43
20260906,ctrl_d1_t5_w20,261,129,1928,308,1491,291,83,5,12,0,9,16,131,43
20260906,ctrl_d1_t5_w20,262,127,1933,309,1497,291,82,4,14,0,8,15,131,43
20260906,ctrl_d1_t5_w20,263,127,1939,309,1503,292,83,4,13,0,9,16,131,43
20260906,ctrl_d1_t5_w20,264,127,1945,311,1507,292,81,5,14,0,9,17,131,43
20260906,ctrl_d1_t5_w20,265,129,1954,311,1514,293,82,4,14,0,9,16,131,43
20260906,ctrl_d1_t5_w20,266,132,1964,313,1519,293,80,6,14,0,9,17,131,43
20260906,ctrl_d1_t5_w20,267,134,1972,315,1523,295,80,6,14,0,9,16,131,43
20260906,ctrl_d1_t5_w20,268,138,1982,315,1529,297,82,6,12,0,9,19,131,43
20260906,ctrl_d1_t5_w20,269,138,1987,316,1533,300,84,6,10,0,9,19,131,43
20260906,ctrl_d1_t5_w20,270,137,1996,322,1537,300,78,12,10,0,9,19,131,43
20260906,ctrl_d1_t5_w20,271,138,2003,322,1543,300,78,11,11,0,9,18,131,43
20260906,ctrl_d1_t5_w20,272,138,2009,323,1548,301,78,10,12,0,8,17,131,43
20260906,ctrl_d1_t5_w20,273,139,2017,323,1555,302,79,9,12,0,9,17,131,43
20260906,ctrl_d1_t5_w20,274,137,2023,324,1562,303,79,9,12,0,9,17,131,43
20260906,ctrl_d1_t5_w20,275,137,2030,324,1569,304,80,8,12,0,9,16,131,43
20260906,ctrl_d1_t5_w20,276,137,2037,324,1576,304,80,6,14,0,10,13,131,43
20260906,ctrl_d1_t5_w20,277,134,2042,326,1582,305,79,6,15,0,10,12,131,43
20260906,ctrl_d1_t5_w20,278,137,2050,327,1586,305,78,5,17,0,10,12,131,43
20260906,ctrl_d1_t5_w20,279,131,2055,328,1596,306,78,5,17,0,9,12,131,43
20260906,ctrl_d1_t5_w20,280,129,2065,333,1603,307,74,9,17,0,10,12,131,43
20260906,ctrl_d1_t5_w20,281,127,2073,335,1611,309,74,11,15,0,10,12,131,43
20260906,ctrl_d1_t5_w20,282,127,2079,336,1616,310,74,11,15,0,10,13,131,43
20260906,ctrl_d1_t5_w20,283,128,2086,336,1622,310,74,9,17,0,10,15,131,43
20260906,ctrl_d1_t5_w20,284,128,2093,337,1628,312,75,7,18,0,9,15,131,43
20260906,ctrl_d1_t5_w20,285,126,2101,338,1637,313,75,5,20,0,8,16,121,40
20260906,ctrl_d1_t5_w20,286,129,2111,339,1643,315,76,4,20,0,8,16,121,40
20260906,ctrl_d1_t5_w20,287,129,2118,339,1650,316,77,3,20,0,9,16,121,40
20260906,ctrl_d1_t5_w20,288,125,2125,340,1660,317,77,4,19,0,9,17,121,40
20260906,ctrl_d1_t5_w20,289,129,2135,341,1665,319,78,5,17,0,9,18,121,40
20260906,ctrl_d1_t5_w20,290,131,2140,341,1668,323,82,4,14,0,9,19,126,43
20260906,ctrl_d1_t5_w20,291,132,2148,343,1673,323,80,4,16,0,9,19,126,43
20260906,ctrl_d1_t5_w20,292,134,2156,343,1679,324,81,4,15,0,9,19,126,43
20260906,ctrl_d1_t5_w20,293,133,2162,344,1685,325,81,3,16,0,9,18,126,43
20260906,ctrl_d1_t5_w20,294,135,2171,346,1690,327,81,5,14,0,9,18,126,43
20260906,ctrl_d1_t5_w20,295,134,2177,346,1697,327,81,5,14,0,9,18,131,43
20260906,ctrl_d1_t5_w20,296,131,2182,348,1703,327,79,7,14,0,9,17,131,43
20260906,ctrl_d1_t5_w20,297,129,2188,353,1706,330,77,11,12,0,9,17,131,43
20260906,ctrl_d1_t5_w20,298,130,2195,353,1712,332,79,8,13,0,9,16,131,43
20260906,ctrl_d1_t5_w20,299,131,2201,353,1717,332,79,8,13,0,9,15,131,43
20260906,ctrl_d1_t5_w20,300,128,2207,356,1723,332,76,10,14,0,9,14,131,43
20260906,ctrl_d1_t5_w20,301,128,2216,358,1730,334,76,9,15,0,9,14,131,43
20260906,ctrl_d1_t5_w20,302,129,2223,359,1735,336,77,9,14,0,9,13,131,43
20260906,ctrl_d1_t5_w20,303,129,2230,360,1741,336,76,8,16,0,9,12,131,43
20260906,ctrl_d1_t5_w20,304,135,2240,360,1745,336,76,8,16,0,9,12,131,43
20260906,ctrl_d1_t5_w20,305,133,2246,360,1753,337,77,7,16,0,10,12,131,43
20260906,ctrl_d1_t5_w20,306,130,2252,360,1762,338,78,5,17,0,9,11,131,43
20260906,ctrl_d1_t5_w20,307,128,2257,360,1769,338,78,1,21,0,9,10,131,43
20260906,ctrl_d1_t5_w20,308,128,2265,361,1776,340,79,1,20,0,11,9,131,43
20260906,ctrl_d1_t5_w20,309,122,2270,362,1786,340,78,2,20,0,9,8,131,43
20260906,ctrl_d1_t5_w20,310,125,2279,364,1790,342,78,4,18,0,10,8,131,43
20260906,ctrl_d1_t5_w20,311,124,2286,364,1798,345,81,4,15,0,9,8,131,43
20260906,ctrl_d1_t5_w20,312,124,2294,364,1806,346,82,4,14,0,10,9,131,43
20260906,ctrl_d1_t5_w20,313,127,2303,365,1811,348,83,4,13,0,10,12,131,43
20260906,ctrl_d1_t5_w20,314,124,2309,366,1819,350,84,4,12,0,9,13,131,43
20260906,ctrl_d1_t5_w20,315,123,2315,367,1825,351,84,4,12,0,9,13,131,43
20260906,ctrl_d1_t5_w20,316,126,2320,367,1827,351,84,3,13,0,9,14,131,43
20260906,ctrl_d1_t5_w20,317,129,2329,369,1831,351,82,4,14,0,9,15,131,43
20260906,ctrl_d1_t5_w20,318,129,2338,371,1838,351,80,6,14,0,9,17,131,43
20260906,ctrl_d1_t5_w20,319,127,2343,372,1844,352,80,5,15,0,9,20,131,43
20260906,ctrl_d1_t5_w20,320,130,2348,372,1846,353,81,5,14,0,9,20,131,43
20260906,ctrl_d1_t5_w20,321,130,2355,373,1852,355,82,5,13,0,9,19,131,43
20260906,ctrl_d1_t5_w20,322,129,2361,374,1858,357,83,5,12,0,9,18,131,43
20260906,ctrl_d1_t5_w20,323,126,2366,376,1864,359,83,6,11,0,9,18,131,43
20260906,ctrl_d1_t5_w20,324,127,2376,377,1872,359,82,7,11,0,9,19,131,43
20260906,ctrl_d1_t5_w20,325,128,2384,378,1878,360,82,6,12,0,9,20,131,43
20260906,ctrl_d1_t5_w20,326,129,2390,378,1883,360,82,6,12,0,9,18,131,43
20260906,ctrl_d1_t5_w20,327,128,2395,379,1888,361,82,7,11,0,9,18,131,43
20260906,ctrl_d1_t5_w20,328,126,2401,380,1895,362,82,7,11,0,8,18,131,43
20260906,ctrl_d1_t5_w20,329,133,2411,381,1897,362,81,4,15,0,8,20,131,43
20260906,ctrl_d1_t5_w20,330,133,2419,381,1905,362,81,3,16,0,8,20,131,43
20260906,ctrl_d1_t5_w20,331,133,2427,382,1912,364,82,3,15,0,8,20,131,43
20260906,ctrl_d1_t5_w20,332,134,2436,382,1920,364,82,3,15,0,8,17,131,43
20260906,ctrl_d1_t5_w20,333,133,2444,382,1929,364,82,2,16,0,8,14,131,43
20260906,ctrl_d1_t5_w20,334,131,2450,384,1935,367,83,3,14,0,7,14,131,43
20260906,ctrl_d1_t5_w20,335,131,2457,385,1941,368,83,4,13,0,8,13,121,40
20260906,ctrl_d1_t5_w20,336,128,2462,388,1946,370,82,5,13,0,10,13,121,40
20260906,ctrl_d1_t5_w20,337,125,2467,389,1953,371,82,4,14,0,10,12,121,40
20260906,ctrl_d1_t5_w20,338,125,2477,390,1962,373,83,4,13,0,9,12,121,40
20260906,ctrl_d1_t5_w20,339,128,2486,391,1967,374,83,4,13,0,10,11,121,40
20260906,ctrl_d1_t5_w20,340,127,2492,393,1972,374,81,6,13,0,10,12,131,43
20260906,ctrl_d1_t5_w20,341,124,2498,395,1979,375,80,7,13,0,9,13,131,43
20260906,ctrl_d1_t5_w20,342,124,2504,396,1984,376,80,6,14,0,10,13,131,43
20260906,ctrl_d1_t5_w20,343,128,2512,397,1987,377,80,7,13,0,10,13,131,43
20260906,ctrl_d1_t5_w20,344,126,2520,398,1996,377,79,3,18,0,9,14,131,43
20260906,ctrl_d1_t5_w20,345,127,2528,398,2003,377,79,3,18,0,8,15,131,43
20260906,ctrl_d1_t5_w20,346,127,2537,401,2009,378,77,6,17,0,9,16,131,43
20260906,ctrl_d1_t5_w20,347,132,2545,401,2012,378,77,4,19,0,9,16,131,43
20260906,ctrl_d1_t5_w20,348,135,2554,401,2018,381,80,4,16,0,9,17,131,43
20260906,ctrl_d1_t5_w20,349,134,2561,401,2026,383,82,3,15,0,9,17,131,43
20260906,ctrl_d1_t5_w20,350,135,2571,403,2033,384,81,4,15,0,9,16,131,43
20260906,ctrl_d1_t5_w20,351,135,2579,405,2039,386,81,6,13,0,9,15,131,43
20260906,ctrl_d1_t5_w20,352,131,2584,406,2047,386,80,5,15,0,9,15,131,43
20260906,ctrl_d1_t5_w20,353,132,2592,406,2054,387,81,4,15,0,9,15,131,43
20260906,ctrl_d1_t5_w20,354,137,2602,406,2059,387,81,3,16,0,9,15,131,43
20260906,ctrl_d1_t5_w20,355,141,2612,407,2064,387,80,4,16,0,9,16,131,43
20260906,ctrl_d1_t5_w20,356,143,2620,411,2066,391,80,6,14,0,9,16,131,43
20260906,ctrl_d1_t5_w20,357,141,2625,413,2071,392,79,8,13,0,9,16,131,43
20260906,ctrl_d1_t5_w20,358,139,2632,414,2079,393,79,7,14,0,9,15,131,43
20260906,ctrl_d1_t5_w20,359,140,2641,416,2085,393,77,8,15,0,9,17,131,43
20260906,ctrl_d1_t5_w20,360,143,2648,416,2089,393,77,7,16,0,9,17,126,43
20260906,ctrl_d1_t5_w20,361,146,2657,417,2094,393,76,7,17,0,9,17,126,43
20260906,ctrl_d1_t5_w20,362,148,2667,420,2099,397,77,9,14,0,9,16,126,43
20260906,ctrl_d1_t5_w20,363,146,2674,422,2106,399,77,10,13,0,9,15,126,43
20260906,ctrl_d1_t5_w20,364,143,2682,425,2114,399,74,12,14,0,10,15,126,43
20260906,ctrl_d1_t5_w20,365,139,2687,426,2122,399,73,10,17,0,11,14,131,43
20260906,ctrl_d1_t5_w20,366,138,2694,426,2130,399,73,8,19,0,12,13,131,43
20260906,ctrl_d1_t5_w20,367,140,2704,426,2138,399,73,6,21,0,15,12,131,43
20260906,ctrl_d1_t5_w20,368,135,2710,429,2146,401,72,9,19,0,13,12,131,43
20260906,ctrl_d1_t5_w20,369,137,2720,430,2153,402,72,9,19,0,10,12,131,43
20260906,ctrl_d1_t5_w20,370,135,2725,430,2160,403,73,7,20,0,10,12,131,43
20260906,ctrl_d1_t5_w20,371,139,2735,431,2165,407,76,8,16,0,9,13,131,43
20260906,ctrl_d1_t5_w20,372,138,2740,432,2170,408,76,8,16,0,9,13,131,43
20260906,ctrl_d1_t5_w20,373,139,2749,433,2177,409,76,6,18,0,11,14,131,43
20260906,ctrl_d1_t5_w20,374,138,2758,433,2187,409,76,4,20,0,10,15,131,43
20260906,ctrl_d1_t5_w20,375,134,2765,435,2196,410,75,6,19,0,9,16,131,43
20260906,ctrl_d1_t5_w20,376,136,2774,436,2202,411,75,6,19,0,9,18,131,43
20260906,ctrl_d1_t5_w20,377,135,2779,438,2206,413,75,7,18,0,9,17,131,43
20260906,ctrl_d1_t5_w20,378,137,2789,440,2212,413,73,8,19,0,9,18,131,43
20260906,ctrl_d1_t5_w20,379,135,2797,442,2220,415,73,9,18,0,9,19,131,43
20260906,ctrl_d1_t5_w20,380,137,2803,444,2222,418,74,10,16,0,9,20,115,42
20260906,ctrl_d1_t5_w20,381,138,2810,445,2227,418,73,10,17,0,9,20,115,42
20260906,ctrl_d1_t5_w20,382,138,2819,445,2236,419,74,10,16,0,9,19,115,42
20260906,ctrl_d1_t5_w20,383,139,2827,445,2243,420,75,7,18,0,9,19,115,42
20260906,ctrl_d1_t5_w20,384,141,2835,446,2248,422,76,5,19,0,9,20,115,42
20260906,ctrl_d1_t5_w20,385,143,2843,448,2252,424,76,5,19,0,9,20,131,43
20260906,ctrl_d1_t5_w20,386,142,2850,450,2258,425,75,6,19,0,9,21,131,43
20260906,ctrl_d1_t5_w20,387,139,2859,453,2267,426,73,8,19,0,9,19,131,43
20260906,ctrl_d1_t5_w20,388,144,2869,454,2271,427,73,8,19,0,9,19,131,43
20260906,ctrl_d1_t5_w20,389,143,2877,454,2280,427,73,5,22,0,9,18,131,43
20260906,ctrl_d1_t5_w20,390,144,2884,455,2285,428,73,5,22,0,9,18,121,40
20260906,ctrl_d1_t5_w20,391,142,2892,456,2294,429,73,5,22,0,9,18,121,40
20260906,ctrl_d1_t5_w20,392,146,2901,456,2299,431,75,5,20,0,9,17,121,40
20260906,ctrl_d1_t5_w20,393,144,2909,457,2308,433,76,4,20,0,9,15,121,40
20260906,ctrl_d1_t5_w20,394,141,2915,457,2317,437,80,2,18,0,9,14,121,40
20260906,ctrl_d1_t5_w20,395,142,2923,460,2321,438,78,3,19,0,10,14,131,43
20260906,ctrl_d1_t5_w20,396,140,2932,462,2330,438,76,5,19,0,10,13,131,43
20260906,ctrl_d1_t5_w20,397,142,2941,464,2335,438,74,7,19,0,13,12,131,43
20260906,ctrl_d1_t5_w20,398,140,2949,465,2344,438,73,8,19,0,12,12,131,43
20260906,ctrl_d1_t5_w20,399,144,2958,465,2349,439,74,8,18,0,13,12,131,43
20260906,ctrl_d1_t5_w20,400,144,2965,467,2354,440,73,8,19,0,14,11,131,43
20260906,ctrl_d1_t5_w20,401,144,2973,468,2361,442,74,9,17,0,13,12,131,43
20260906,ctrl_d1_t5_w20,402,142,2981,470,2369,445,75,9,16,0,12,14,131,43
20260906,ctrl_d1_t5_w20,403,141,2988,471,2376,447,76,7,17,0,10,14,131,43
20260906,ctrl_d1_t5_w20,404,141,2998,473,2384,451,78,9,13,0,9,15,131,43
20260906,ctrl_d1_t5_w20,405,142,3005,473,2390,451,78,7,15,0,9,15,131,43
20260906,ctrl_d1_t5_w20,406,145,3015,474,2396,451,77,7,16,0,9,16,131,43
20260906,ctrl_d1_t5_w20,407,144,3023,475,2404,452,77,5,18,0,8,16,131,43
20260906,ctrl_d1_t5_w20,408,144,3032,475,2413,454,79,3,18,0,8,16,131,43
20260906,ctrl_d1_t5_w20,409,142,3038,478,2418,454,76,5,19,0,8,17,131,43
20260906,ctrl_d1_t5_w20,410,145,3046,480,2421,456,76,6,18,0,8,19,131,43
20260906,ctrl_d1_t5_w20,411,147,3055,482,2426,459,77,8,15,0,8,20,131,43
20260906,ctrl_d1_t5_w20,412,142,3061,484,2435,460,76,8,16,0,8,18,131,43
20260906,ctrl_d1_t5_w20,413,142,3071,486,2443,460,74,9,17,0,8,18,131,43
20260906,ctrl_d1_t5_w20,414,141,3076,487,2448,462,75,9,16,0,8,18,131,43
20260906,ctrl_d1_t5_w20,415,144,3084,487,2453,463,76,7,17,0,9,18,131,43
20260906,ctrl_d1_t5_w20,416,144,3091,487,2460,463,76,4,20,0,9,19,131,43
20260906,ctrl_d1_t5_w20,417,144,3099,487,2468,464,77,3,20,0,9,20,131,43
20260906,ctrl_d1_t5_w20,418,142,3105,488,2475,465,77,2,21,0,9,20,131,43
20260906,ctrl_d1_t5_w20,419,140,3113,489,2484,465,76,3,21,0,9,20,131,43
20260906,ctrl_d1_t5_w20,420,138,3118,489,2491,465,76,2,22,0,9,20,131,43
20260906,ctrl_d1_t5_w20,421,135,3123,490,2498,467,77,3,20,0,9,19,131,43
20260906,ctrl_d1_t5_w20,422,130,3128,493,2505,469,76,5,19,0,9,16,131,43
20260906,ctrl_d1_t5_w20,423,129,3135,495,2511,470,75,7,18,0,9,15,131,43
20260906,ctrl_d1_t5_w20,424,124,3140,497,2519,471,74,9,17,0,9,13,131,43
20260906,ctrl_d1_t5_w20,425,124,3145,497,2524,474,77,8,15,0,9,13,131,43
20260906,ctrl_d1_t5_w20,426,124,3155,500,2531,477,77,9,14,0,10,13,131,43
20260906,ctrl_d1_t5_w20,427,121,3163,503,2539,477,74,11,15,0,10,12,131,43
20260906,ctrl_d1_t5_w20,428,120,3172,504,2548,479,75,12,13,0,9,9,131,43
20260906,ctrl_d1_t5_w20,429,123,3179,505,2551,482,77,13,10,0,10,11,131,43
20260906,ctrl_d1_t5_w20,430,122,3185,506,2557,482,76,10,14,0,10,12,131,43
20260906,ctrl_d1_t5_w20,431,120,3192,506,2566,482,76,8,16,0,10,12,131,43
20260906,ctrl_d1_t5_w20,432,123,3201,507,2571,482,75,6,19,0,9,12,131,43
20260906,ctrl_d1_t5_w20,433,120,3208,509,2579,483,74,8,18,0,7,12,131,43
20260906,ctrl_d1_t5_w20,434,123,3216,509,2584,484,75,5,20,0,6,14,131,43
20260906,ctrl_d1_t5_w20,435,121,3222,509,2592,485,76,5,19,0,7,14,131,43
20260906,ctrl_d1_t5_w20,436,122,3232,511,2599,486,75,7,18,0,7,15,131,43
20260906,ctrl_d1_t5_w20,437,122,3240,512,2606,486,74,8,18,0,8,16,131,43
20260906,ctrl_d1_t5_w20,438,122,3246,513,2611,487,74,8,18,0,9,16,131,43
20260906,ctrl_d1_t5_w20,439,124,3255,514,2617,489,75,6,19,0,9,17,131,43
20260906,ctrl_d1_t5_w20,440,125,3260,514,2621,490,76,6,18,0,9,15,131,43
20260906,ctrl_d1_t5_w20,441,126,3266,516,2624,491,75,5,20,0,9,16,131,43
20260906,ctrl_d1_t5_w20,442,133,3276,516,2627,492,76,3,21,0,9,17,131,43
20260906,ctrl_d1_t5_w20,443,137,3286,517,2632,493,76,4,20,0,9,19,131,43
20260906,ctrl_d1_t5_w20,444,141,3295,517,2637,493,76,3,21,0,9,18,131,43
20260906,ctrl_d1_t5_w20,445,142,3302,518,2642,494,76,4,20,0,9,17,121,40
20260906,ctrl_d1_t5_w20,446,138,3308,521,2649,497,76,7,17,0,9,16,121,40
20260906,ctrl_d1_t5_w20,447,136,3313,522,2655,499,77,8,15,0,9,17,121,40
20260906,ctrl_d1_t5_w20,448,135,3322,524,2663,500,76,7,17,0,9,16,121,40
20260906,ctrl_d1_t5_w20,449,133,3328,525,2670,501,76,7,17,0,9,15,121,40
20260906,ctrl_d1_t5_w20,450,132,3334,527,2675,504,77,8,15,0,9,15,131,43
20260906,ctrl_d1_t5_w20,451,132,3341,527,2682,504,77,6,17,0,9,13,131,43
20260906,ctrl_d1_t5_w20,452,129,3347,529,2689,505,76,6,18,0,9,13,131,43
20260906,ctrl_d1_t5_w20,453,128,3352,529,2695,506,77,5,18,0,9,13,131,43
20260906,ctrl_d1_t5_w20,454,130,3362,529,2703,509,80,5,15,0,9,13,131,43
20260906,ctrl_d1_t5_w20,455,132,3368,529,2707,509,80,2,18,0,11,12,131,43
20260906,ctrl_d1_t5_w20,456,133,3378,531,2714,510,79,4,17,0,11,12,131,43
20260906,ctrl_d1_t5_w20,457,131,3385,533,2721,510,77,5,18,0,10,11,131,43
20260906,ctrl_d1_t5_w20,458,129,3390,534,2727,511,77,6,17,0,10,11,131,43
20260906,ctrl_d1_t5_w20,459,126,3397,535,2736,513,78,6,16,0,11,11,131,43
20260906,ctrl_d1_t5_w20,460,130,3405,535,2740,514,79,5,16,0,12,11,131,43
20260906,ctrl_d1_t5_w20,461,132,3414,536,2746,515,79,6,15,0,11,12,131,43
20260906,ctrl_d1_t5_w20,462,127,3419,536,2756,516,80,5,15,0,7,12,131,43
20260906,ctrl_d1_t5_w20,463,126,3427,538,2763,518,80,5,15,0,8,13,131,43
20260906,ctrl_d1_t5_w20,464,127,3437,538,2772,519,81,3,16,0,8,13,131,43
20260906,ctrl_d1_t5_w20,465,128,3446,540,2778,520,80,5,15,0,8,15,131,43
20260906,ctrl_d1_t5_w20,466,127,3451,543,2781,522,79,6,15,0,8,15,131,43
20260906,ctrl_d1_t5_w20,467,131,3460,543,2786,523,80,6,14,0,8,17,131,43
20260906,ctrl_d1_t5_w20,468,130,3467,543,2794,524,81,6,13,0,8,18,131,43
20260906,ctrl_d1_t5_w20,469,130,3472,543,2799,526,83,6,11,0,8,19,131,43
20260906,ctrl_d1_t5_w20,470,133,3478,543,2802,527,84,3,13,0,8,19,131,43
20260906,ctrl_d1_t5_w20,471,136,3486,544,2806,527,83,3,14,0,9,20,131,43
20260906,ctrl_d1_t5_w20,472,135,3491,544,2812,529,85,2,13,0,9,22,131,43
20260906,ctrl_d1_t5_w20,473,134,3496,545,2817,532,87,1,12,0,9,21,131,43
20260906,ctrl_d1_t5_w20,474,128,3501,546,2827,532,86,2,12,0,8,18,131,43
20260906,ctrl_d1_t5_w20,475,127,3506,547,2832,533,86,3,11,0,9,18,131,43
20260906,ctrl_d1_t5_w20,476,127,3515,547,2841,533,86,3,11,0,9,18,131,43
20260906,ctrl_d1_t5_w20,477,132,3525,547,2846,533,86,3,11,0,9,20,131,43
20260906,ctrl_d1_t5_w20,478,134,3531,547,2850,534,87,2,11,0,9,21,131,43
20260906,ctrl_d1_t5_w20,479,138,3541,547,2856,535,88,2,10,0,9,22,131,43
20260906,ctrl_d1_t5_w20,480,131,3546,552,2863,536,84,5,11,0,9,21,131,43
20260906,ctrl_d1_t5_w20,481,131,3556,554,2871,536,82,7,11,0,9,21,131,43
20260906,ctrl_d1_t5_w20,482,133,3563,554,2876,536,82,7,11,0,9,21,131,43
20260906,ctrl_d1_t5_w20,483,131,3569,554,2884,537,83,6,11,0,9,20,131,43
20260906,ctrl_d1_t5_w20,484,126,3575,555,2894,538,83,7,10,0,8,17,131,43
20260906,ctrl_d1_t5_w20,485,125,3585,558,2902,541,83,10,7,0,10,17,131,43
20260906,ctrl_d1_t5_w20,486,130,3595,559,2906,543,84,10,6,0,9,16,131,43
20260906,ctrl_d1_t5_w20,487,126,3602,561,2915,544,83,11,6,0,9,16,131,43
20260906,ctrl_d1_t5_w20,488,123,3607,562,2922,545,83,9,8,0,8,15,131,43
20260906,ctrl_d1_t5_w20,489,124,3613,562,2927,545,83,9,8,0,11,15,131,43
20260906,ctrl_d1_t5_w20,490,126,3623,564,2933,545,81,9,10,0,11,14,126,43
20260906,ctrl_d1_t5_w20,491,125,3629,564,2940,545,81,7,12,0,12,12,126,43
20260906,ctrl_d1_t5_w20,492,130,3639,564,2945,545,81,6,13,0,12,11,126,43
20260906,ctrl_d1_t5_w20,493,130,3645,565,2950,545,80,5,15,0,13,10,126,43
20260906,ctrl_d1_t5_w20,494,134,3654,566,2954,546,80,4,16,0,12,11,126,43
20260906,ctrl_d1_t5_w20,495,139,3663,566,2958,546,80,3,17,0,11,12,131,43
20260906,ctrl_d1_t5_w20,496,135,3668,566,2967,547,81,3,16,0,9,13,131,43
20260906,ctrl_d1_t5_w20,497,131,3673,566,2976,548,82,3,15,0,9,15,131,43
20260906,ctrl_d1_t5_w20,498,134,3683,567,2982,548,81,4,15,0,9,15,131,43
20260906,ctrl_d1_t5_w20,499,131,3690,568,2991,549,81,3,16,0,9,16,131,43
20260906,ctrl_d1_t5_w20,500,138,3697,568,2991,549,81,3,16,0,9,19,131,43
20260906,ctrl_d1_t5_w20,501,136,3702,569,2997,551,82,3,15,0,9,19,131,43
20260906,ctrl_d1_t5_w20,502,135,3707,570,3002,551,81,4,15,0,9,19,131,43
20260906,ctrl_d1_t5_w20,503,138,3716,570,3008,551,81,3,16,0,9,19,131,43
20260906,ctrl_d1_t5_w20,504,140,3725,572,3013,552,80,5,15,0,9,18,131,43
20260906,ctrl_d1_t5_w20,505,138,3731,572,3021,552,80,3,17,0,8,19,131,43
20260906,ctrl_d1_t5_w20,506,134,3737,573,3030,553,80,4,16,0,9,18,131,43
20260906,ctrl_d1_t5_w20,507,136,3746,574,3036,557,83,4,13,0,9,18,131,43
20260906,ctrl_d1_t5_w20,508,137,3752,574,3041,559,85,4,11,0,9,18,131,43
20260906,ctrl_d1_t5_w20,509,138,3760,575,3047,561,86,4,10,0,9,17,131,43
20260906,ctrl_d1_t5_w20,510,134,3765,576,3055,563,87,2,11,0,9,16,131,43
20260906,ctrl_d1_t5_w20,511,138,3775,577,3060,563,86,3,11,0,9,16,131,43
20260906,ctrl_d1_t5_w20,512,134,3780,577,3069,564,87,3,10,0,9,16,131,43
20260906,ctrl_d1_t5_w20,513,134,3788,580,3074,564,84,6,10,0,9,15,131,43
20260906,ctrl_d1_t5_w20,514,131,3793,580,3082,564,84,5,11,0,9,13,131,43
20260906,ctrl_d1_t5_w20,515,129,3801,581,3091,566,85,5,10,0,10,13,131,43
20260906,ctrl_d1_t5_w20,516,132,3809,581,3096,567,86,4,10,0,9,13,131,43
20260906,ctrl_d1_t5_w20,517,134,3818,583,3101,569,86,5,9,0,12,12,131,43
20260906,ctrl_d1_t5_w20,518,134,3827,583,3110,569,86,3,11,0,13,12,131,43
20260906,ctrl_d1_t5_w20,519,138,3837,583,3116,570,87,2,11,0,12,12,131,43
20260906,ctrl_d1_t5_w20,520,139,3846,584,3123,570,86,2,12,0,12,12,101,38
20260906,ctrl_d1_t5_w20,521,138,3852,586,3128,570,84,4,12,0,12,12,101,38
20260906,ctrl_d1_t5_w20,522,141,3861,587,3133,572,85,4,11,0,12,13,101,38
20260906,ctrl_d1_t5_w20,523,138,3866,587,3141,572,85,3,12,0,10,14,101,38
20260906,ctrl_d1_t5_w20,524,138,3875,588,3149,573,85,3,12,0,8,16,101,38
20260906,ctrl_d1_t5_w20,525,142,3885,588,3155,573,85,2,13,0,9,19,126,43
20260906,ctrl_d1_t5_w20,526,144,3894,589,3161,574,85,2,13,0,8,20,126,43
20260906,ctrl_d1_t5_w20,527,139,3899,590,3170,575,85,3,12,0,8,20,126,43
20260906,ctrl_d1_t5_w20,528,137,3905,592,3176,576,84,5,11,0,8,22,126,43
20260906,ctrl_d1_t5_w20,529,132,3911,595,3184,577,82,7,11,0,8,21,126,43
20260906,ctrl_d1_t5_w20,530,135,3917,595,3187,577,82,6,12,0,8,22,131,43
20260906,ctrl_d1_t5_w20,531,136,3926,595,3195,577,82,5,13,0,8,23,131,43
20260906,ctrl_d1_t5_w20,532,140,3935,595,3200,579,84,5,11,0,8,23,131,43
20260906,ctrl_d1_t5_w20,533,138,3941,597,3206,581,84,5,11,0,9,22,131,43
20260906,ctrl_d1_t5_w20,534,140,3948,597,3211,582,85,4,11,0,9,22,131,43
20260906,ctrl_d1_t5_w20,535,139,3956,599,3218,583,84,3,13,0,9,21,131,43
20260906,ctrl_d1_t5_w20,536,136,3961,600,3225,583,83,4,13,0,9,21,131,43
20260906,ctrl_d1_t5_w20,537,138,3969,600,3231,584,84,4,12,0,9,23,131,43
20260906,ctrl_d1_t5_w20,538,136,3976,600,3240,585,85,2,13,0,9,24,131,43
20260906,ctrl_d1_t5_w20,539,133,3983,601,3249,585,84,3,13,0,9,24,131,43
20260906,ctrl_d1_t5_w20,540,131,3989,601,3257,585,84,2,14,0,9,22,131,43
20260906,ctrl_d1_t5_w20,541,135,3997,601,3261,585,84,2,14,0,9,21,131,43
20260906,ctrl_d1_t5_w20,542,134,4006,602,3270,587,85,2,13,0,9,20,131,43
20260906,ctrl_d1_t5_w20,543,138,4016,603,3275,588,85,3,12,0,10,19,131,43
20260906,ctrl_d1_t5_w20,544,137,4024,604,3283,590,86,4,10,0,12,17,131,43
20260906,ctrl_d1_t5_w20,545,133,4029,604,3292,591,87,4,9,0,14,14,131,43
20260906,ctrl_d1_t5_w20,546,133,4036,606,3297,592,86,4,10,0,15,13,131,43
20260906,ctrl_d1_t5_w20,547,132,4042,609,3301,593,84,7,9,0,15,13,131,43
20260906,ctrl_d1_t5_w20,548,137,4052,609,3306,593,84,7,9,0,16,11,131,43
20260906,ctrl_d1_t5_w20,549,135,4057,612,3310,593,81,10,9,0,14,11,131,43
20260906,ctrl_d1_t5_w20,550,134,4062,612,3316,594,82,8,10,0,12,12,126,43
20260906,ctrl_d1_t5_w20,551,134,4071,612,3325,594,82,6,12,0,12,12,126,43
20260906,ctrl_d1_t5_w20,552,132,4080,615,3333,597,82,7,11,0,12,12,126,43
20260906,ctrl_d1_t5_w20,553,131,4085,616,3338,598,82,7,11,0,10,13,126,43
20260906,ctrl_d1_t5_w20,554,131,4092,616,3345,599,83,6,11,0,9,13,126,43
20260906,ctrl_d1_t5_w20,555,132,4101,617,3352,599,82,7,11,0,10,14,131,43
20260906,ctrl_d1_t5_w20,556,133,4106,617,3356,600,83,5,12,0,10,14,131,43
20260906,ctrl_d1_t5_w20,557,128,4111,619,3364,600,81,3,16,0,9,15,131,43
20260906,ctrl_d1_t5_w20,558,127,4117,620,3370,600,80,4,16,0,9,16,131,43
20260906,ctrl_d1_t5_w20,559,125,4122,621,3376,602,81,5,14,0,9,18,131,43
20260906,ctrl_d1_t5_w20,560,126,4131,624,3381,602,78,8,14,0,9,18,131,43
20260906,ctrl_d1_t5_w20,561,126,4138,624,3388,604,80,6,14,0,9,19,131,43
20260906,ctrl_d1_t5_w20,562,124,4145,625,3396,606,81,7,12,0,9,20,131,43
20260906,ctrl_d1_t5_w20,563,120,4151,625,3406,606,81,5,14,0,9,19,131,43
20260906,ctrl_d1_t5_w20,564,119,4157,625,3413,606,81,5,14,0,9,19,131,43
20260906,ctrl_d1_t5_w20,565,122,4165,625,3418,607,82,4,14,0,9,19,131,43
20260906,ctrl_d1_t5_w20,566,119,4170,626,3425,607,81,3,16,0,9,18,131,43
20260906,ctrl_d1_t5_w20,567,121,4177,628,3428,607,79,4,17,0,9,18,131,43
20260906,ctrl_d1_t5_w20,568,119,4185,628,3438,607,79,2,19,0,9,17,131,43
20260906,ctrl_d1_t5_w20,569,122,4193,629,3442,610,81,3,16,0,9,18,131,43
20260906,ctrl_d1_t5_w20,570,126,4203,631,3446,611,80,4,16,0,9,17,121,43
20260906,ctrl_d1_t5_w20,571,123,4208,632,3453,612,80,4,16,0,8,16,121,43
20260906,ctrl_d1_t5_w20,572,118,4214,636,3460,614,78,7,15,0,8,16,121,43
20260906,ctrl_d1_t5_w20,573,119,4219,637,3463,615,78,8,14,0,8,15,121,43
20260906,ctrl_d1_t5_w20,574,122,4228,637,3469,618,81,7,12,0,9,15,121,43
20260906,ctrl_d1_t5_w20,575,119,4235,638,3478,618,80,7,13,0,10,15,131,43
20260906,ctrl_d1_t5_w20,576,125,4243,639,3479,618,79,6,15,0,11,15,131,43
20260906,ctrl_d1_t5_w20,577,129,4250,640,3481,619,79,4,17,0,12,15,131,43
20260906,ctrl_d1_t5_w20,578,130,4256,640,3486,622,82,4,14,0,12,13,131,43
20260906,ctrl_d1_t5_w20,579,135,4266,641,3490,623,82,5,13,0,13,12,131,43
20260906,ctrl_d1_t5_w20,580,134,4274,642,3498,624,82,5,13,0,12,13,131,43
20260906,ctrl_d1_t5_w20,581,135,4284,644,3505,624,80,6,14,0,11,15,131,43
20260906,ctrl_d1_t5_w20,582,135,4291,644,3512,626,82,6,12,0,9,15,131,43
20260906,ctrl_d1_t5_w20,583,138,4300,645,3517,626,81,4,15,0,8,15,131,43
20260906,ctrl_d1_t5_w20,584,138,4308,647,3523,626,79,5,16,0,8,15,131,43
20260906,ctrl_d1_t5_w20,585,133,4314,650,3531,629,79,8,13,0,8,15,131,43
20260906,ctrl_d1_t5_w20,586,138,4323,651,3534,632,81,8,11,0,9,16,131,43
20260906,ctrl_d1_t5_w20,587,137,4328,653,3538,632,79,9,12,0,9,16,131,43
20260906,ctrl_d1_t5_w20,588,134,4334,655,3545,633,78,11,11,0,9,16,131,43
20260906,ctrl_d1_t5_w20,589,132,4340,656,3552,633,77,7,16,0,9,17,131,43
20260906,ctrl_d1_t5_w20,590,130,4350,658,3562,633,75,7,18,0,9,16,131,43
20260906,ctrl_d1_t5_w20,591,130,4355,659,3566,636,77,7,16,0,9,17,131,43
20260906,ctrl_d1_t5_w20,592,133,4364,661,3570,637,76,7,17,0,9,17,131,43
20260906,ctrl_d1_t5_w20,593,135,4371,661,3575,637,76,5,19,0,9,17,131,43
20260906,ctrl_d1_t5_w20,594,130,4376,663,3583,638,75,5,20,0,9,17,131,43
20260906,ctrl_d1_t5_w20,595,132,4385,663,3590,638,75,4,21,0,9,17,131,43
20260906,ctrl_d1_t5_w20,596,134,4394,664,3596,640,76,5,19,0,9,19,131,43
20260906,ctrl_d1_t5_w20,597,134,4404,667,3603,641,74,7,19,0,9,19,131,43
20260906,ctrl_d1_t5_w20,598,135,4411,668,3608,642,74,6,20,0,9,19,131,43
20260906,ctrl_d1_t5_w20,599,131,4418,669,3618,643,74,6,20,0,9,19,131,43
20260906,ctrl_d1_t5_w20,600,134,4428,669,3625,644,75,6,19,0,9,18,121,40
20260906,pure_default,1,6,8,2,0,0,98,2,0,0,0,2,131,43
20260906,pure_default,2,13,16,3,0,0,95,3,0,2,1,4,131,43
20260906,pure_default,3,22,26,4,0,0,89,3,1,7,2,6,131,43
20260906,pure_default,4,28,35,7,0,0,88,5,2,5,3,7,131,43
20260906,pure_default,5,27,40,13,0,0,85,11,2,2,4,6,131,43
20260906,pure_default,6,35,48,13,0,0,85,6,7,2,5,8,131,43
20260906,pure_default,7,41,58,17,0,0,82,9,8,1,5,9,131,43
20260906,pure_default,8,46,64,18,0,0,81,8,10,1,7,10,131,43
20260906,pure_default,9,51,70,19,0,0,81,7,12,0,7,12,131,43
20260906,pure_default,10,61,80,19,0,0,81,5,14,0,7,12,131,43
20260906,pure_default,11,66,87,20,1,0,80,5,15,0,8,13,131,43
20260906,pure_default,12,69,92,20,3,0,80,3,17,0,8,14,131,43
20260906,pure_default,13,70,102,21,11,0,77,2,19,2,8,14,131,43
20260906,pure_default,14,73,112,21,18,0,77,0,21,2,8,14,131,43
20260906,pure_default,15,76,122,25,21,0,74,4,21,1,9,12,131,43
20260906,pure_default,16,76,130,25,29,0,74,4,21,1,9,11,131,43
20260906,pure_default,17,75,138,26,37,0,74,4,22,0,9,11,131,43
20260906,pure_default,18,78,147,28,41,1,73,4,23,0,9,12,131,43
20260906,pure_default,19,79,154,29,46,2,73,5,22,0,9,11,131,43
20260906,pure_default,20,79,164,29,56,7,76,4,18,2,9,11,121,40
20260906,pure_default,21,78,172,32,62,12,78,4,16,2,9,12,121,40
20260906,pure_default,22,78,179,35,66,13,78,7,15,0,9,13,121,40
20260906,pure_default,23,75,184,35,74,14,79,5,16,0,9,13,121,40
20260906,pure_default,24,70,190,36,84,14,78,5,17,0,8,13,121,40
20260906,pure_default,25,68,197,36,93,15,79,3,18,0,8,12,126,43
20260906,pure_default,26,65,202,37,100,15,76,3,19,2,8,12,126,43
20260906,pure_default,27,61,207,38,108,19,77,2,17,4,8,12,126,43
20260906,pure_default,28,59,213,40,114,19,76,4,17,3,8,11,126,43
20260906,pure_default,29,63,223,44,116,21,76,7,16,1,8,9,126,43
20260906,pure_default,30,58,228,46,124,22,75,8,16,1,8,6,131,43
20260906,pure_default,31,60,237,46,131,24,77,7,15,1,8,6,131,43
20260906,pure_default,32,60,242,47,135,24,75,7,16,2,8,6,131,43
20260906,pure_default,33,65,252,47,140,27,72,4,16,8,10,5,131,43
20260906,pure_default,34,64,260,51,145,27,69,7,17,7,11,7,131,43
20260906,pure_default,35,61,270,58,151,29,69,10,19,2,10,8,131,43
20260906,pure_default,36,60,276,60,156,29,68,10,21,1,11,7,131,43
20260906,pure_default,37,61,281,61,159,30,67,6,25,2,10,7,131,43
20260906,pure_default,38,61,288,62,165,30,64,6,26,4,9,7,131,43
20260906,pure_default,39,56,294,64,174,31,63,5,28,4,9,8,131,43
20260906,pure_default,40,62,301,65,174,32,65,5,28,2,9,8,131,43
20260906,pure_default,41,62,307,70,175,37,66,9,24,1,9,8,131,43
20260906,pure_default,42,67,314,70,177,38,67,6,26,1,9,11,131,43
20260906,pure_default,43,63,321,72,186,39,67,8,25,0,8,10,131,43
20260906,pure_default,44,66,330,72,192,41,69,7,24,0,8,9,131,43
20260906,pure_default,45,63,336,72,201,42,68,5,25,2,8,11,131,43
20260906,pure_default,46,63,342,72,207,44,70,3,25,2,8,11,131,43
20260906,pure_default,47,67,352,75,210,47,71,5,23,1,8,12,131,43
20260906,pure_default,48,70,362,76,216,47,70,5,24,1,9,11,131,43
20260906,pure_default,49,74,372,77,221,49,71,5,23,1,9,12,131,43
20260906,pure_default,50,76,382,79,227,51,71,7,21,1,9,12,126,43
20260906,pure_default,51,78,391,82,231,52,69,8,22,1,9,12,126,43
20260906,pure_default,52,80,400,82,238,53,70,7,22,1,9,13,126,43
20260906,pure_default,53,82,410,85,243,56,71,9,20,0,9,16,126,43
20260906,pure_default,54,83,420,85,252,58,71,3,24,2,9,15,126,43
20260906,pure_default,55,82,425,85,258,59,72,2,24,2,9,15,131,43
20260906,pure_default,56,83,431,87,261,61,71,4,22,3,9,13,131,43
20260906,pure_default,57,80,438,87,271,64,74,3,20,3,9,12,131,43
20260906,pure_default,58,79,446,90,277,64,72,5,21,2,9,12,131,43
20260906,pure_default,59,79,456,90,287,67,75,3,20,2,9,12,131,43
20260906,pure_default,60,77,465,94,294,67,73,7,20,0,9,10,131,43
20260906,pure_default,61,74,470,95,301,70,74,5,20,1,9,9,131,43
20260906,pure_default,62,71,476,95,310,70,73,3,22,2,11,8,131,43
20260906,pure_default,63,68,484,98,318,70,71,4,24,1,11,5,131,43
20260906,pure_default,64,68,493,99,326,73,73,5,21,1,15,5,131,43
20260906,pure_default,65,70,500,99,331,75,73,4,20,3,14,7,131,43
20260906,pure_default,66,70,507,100,337,78,75,3,19,3,10,8,131,43
20260906,pure_default,67,68,515,104,343,78,72,6,20,2,10,9,131,43
20260906,pure_default,68,70,525,106,349,80,71,8,18,3,9,10,131,43
20260906,pure_default,69,64,530,107,359,80,71,9,18,2,9,10,131,43
20260906,pure_default,70,66,536,109,361,82,73,6,21,0,9,11,131,43
20260906,pure_default,71,71,544,109,364,83,74,6,20,0,9,11,131,43
20260906,pure_default,72,71,550,109,370,84,75,5,20,0,8,12,131,43
20260906,pure_default,73,73,558,109,376,85,76,3,21,0,9,12,131,43
20260906,pure_default,74,70,564,109,385,89,79,2,18,1,9,11,131,43
20260906,pure_default,75,69,572,111,392,90,77,4,17,2,9,11,131,43
20260906,pure_default,76,68,579,113,398,91,77,5,17,1,9,11,131,43
20260906,pure_default,77,68,588,115,405,92,77,5,18,0,9,10,131,43
20260906,pure_default,78,67,596,116,413,92,76,5,19,0,8,11,131,43
20260906,pure_default,79,72,606,116,418,96,80,3,17,0,9,11,131,43
20260906,pure_default,80,71,611,116,424,97,81,3,16,0,9,10,131,43
20260906,pure_default,81,70,618,116,432,97,81,2,17,0,9,8,131,43
20260906,pure_default,82,71,627,118,438,99,81,3,16,0,9,9,131,43
20260906,pure_default,83,73,637,118,446,99,81,2,17,0,9,8,131,43
20260906,pure_default,84,75,645,118,452,101,83,1,16,0,9,10,131,43
20260906,pure_default,85,77,655,119,459,103,84,2,14,0,9,11,131,43
20260906,pure_default,86,79,664,120,465,104,84,3,13,0,9,11,131,43
20260906,pure_default,87,79,672,120,473,104,84,0,16,0,9,10,131,43
20260906,pure_default,88,79,679,120,480,104,84,0,16,0,9,11,131,43
20260906,pure_default,89,74,685,121,490,107,86,1,13,0,9,9,131,43
20260906,pure_default,90,77,692,121,494,109,86,1,11,2,9,9,131,43
20260906,pure_default,91,78,700,121,501,109,85,0,12,3,9,9,131,43
20260906,pure_default,92,76,707,123,508,109,83,2,12,3,10,9,131,43
20260906,pure_default,93,74,715,125,516,109,81,3,13,3,12,8,131,43
20260906,pure_default,94,71,722,128,523,109,80,6,13,1,13,7,131,43
20260906,pure_default,95,69,732,131,532,111,80,7,13,0,9,6,131,43
20260906,pure_default,96,67,737,131,539,114,83,6,11,0,10,7,131,43
20260906,pure_default,97,70,747,131,546,116,84,5,10,1,8,10,131,43
20260906,pure_default,98,70,754,131,553,118,86,2,11,1,8,10,131,43
20260906,pure_default,99,71,761,133,557,118,85,2,13,0,8,11,131,43
20260906,pure_default,100,74,769,133,562,118,85,1,14,0,8,11,121,40
20260906,pure_default,101,71,775,134,570,119,84,2,13,1,8,10,121,40
20260906,pure_default,102,69,782,136,577,119,82,4,13,1,8,11,121,40
20260906,pure_default,103,68,789,138,583,121,83,5,12,0,9,12,121,40
20260906,pure_default,104,67,796,140,589,121,81,7,12,0,9,11,121,40
20260906,pure_default,105,64,802,140,598,121,81,3,16,0,8,10,131,43
20260906,pure_default,106,65,808,140,603,122,81,2,16,1,9,10,131,43
20260906,pure_default,107,63,818,142,613,122,79,2,18,1,8,8,131,43
20260906,pure_default,108,62,825,144,619,122,78,4,18,0,8,8,131,43
20260906,pure_default,109,63,833,144,626,122,78,4,18,0,8,9,131,43
20260906,pure_default,110,63,841,144,634,124,80,3,17,0,8,8,131,43
20260906,pure_default,111,64,849,146,639,126,79,3,17,1,9,9,131,43
20260906,pure_default,112,68,857,146,643,128,81,2,16,1,9,11,131,43
20260906,pure_default,113,68,865,149,648,131,81,4,14,1,9,12,131,43
20260906,pure_default,114,69,873,150,654,131,80,4,15,1,8,13,131,43
20260906,pure_default,115,71,881,151,659,133,81,5,13,1,9,13,131,43
20260906,pure_default,116,74,890,151,665,133,81,3,15,1,9,14,131,43
20260906,pure_default,117,73,897,152,672,135,83,3,14,0,9,15,131,43
20260906,pure_default,118,75,907,154,678,135,80,5,14,1,9,16,131,43
20260906,pure_default,119,73,912,154,685,136,79,5,13,3,8,15,131,43
20260906,pure_default,120,71,920,157,692,139,79,6,12,3,7,13,131,43
20260906,pure_default,121,72,928,160,696,141,79,6,13,2,8,12,131,43
20260906,pure_default,122,70,936,163,703,141,72,8,14,6,10,9,131,43
20260906,pure_default,123,70,943,164,709,144,75,8,12,5,11,8,131,43
20260906,pure_default,124,66,951,169,716,144,75,8,17,0,10,7,131,43
20260906,pure_default,125,64,957,169,724,145,75,6,18,1,9,7,121,40
20260906,pure_default,126,60,962,170,732,146,75,6,18,1,9,8,121,40
20260906,pure_default,127,61,970,171,738,146,75,7,18,0,10,8,121,40
20260906,pure_default,128,59,977,171,747,146,75,5,20,0,8,9,121,40
20260906,pure_default,129,59,982,171,752,147,75,0,24,1,9,9,121,40
20260906,pure_default,130,64,989,172,753,147,74,1,24,1,9,10,131,43
20260906,pure_default,131,64,994,173,757,148,75,2,23,0,9,10,131,43
20260906,pure_default,132,65,1004,174,765,149,74,2,23,1,9,11,131,43
20260906,pure_default,133,65,1010,174,771,151,76,1,22,1,9,10,131,43
20260906,pure_default,134,63,1016,175,778,151,76,2,22,0,9,10,131,43
20260906,pure_default,135,66,1026,176,784,153,77,2,21,0,9,8,131,43
20260906,pure_default,136,67,1033,178,788,158,80,4,16,0,9,8,131,43
20260906,pure_default,137,67,1041,178,796,161,83,4,13,0,9,8,131,43
20260906,pure_default,138,68,1049,179,802,163,84,5,11,0,9,10,131,43
20260906,pure_default,139,73,1059,180,806,164,84,3,13,0,9,11,131,43
20260906,pure_default,140,72,1065,182,811,166,84,4,12,0,9,10,131,43
20260906,pure_default,141,72,1070,182,816,168,86,3,11,0,9,10,131,43
20260906,pure_default,142,71,1079,182,826,169,87,1,12,0,9,8,131,43
20260906,pure_default,143,70,1084,183,831,169,85,2,12,1,9,9,131,43
20260906,pure_default,144,73,1094,184,837,171,86,2,11,1,9,10,131,43
20260906,pure_default,145,72,1102,185,845,172,87,2,11,0,9,9,131,43
20260906,pure_default,146,70,1108,186,852,172,84,3,11,2,8,9,131,43
20260906,pure_default,147,69,1117,188,860,172,82,5,11,2,8,11,131,43
20260906,pure_default,148,64,1122,192,866,173,81,5,14,0,9,9,131,43
20260906,pure_default,149,65,1132,192,875,174,81,5,13,1,9,10,131,43
20260906,pure_default,150,65,1140,195,880,175,79,7,13,1,9,10,131,43
20260906,pure_default,151,66,1146,196,884,175,77,5,16,2,8,8,131,43
20260906,pure_default,152,67,1156,196,893,176,73,5,15,7,9,7,131,43
20260906,pure_default,153,67,1161,198,896,179,75,5,14,6,9,5,131,43
20260906,pure_default,154,62,1171,205,904,180,71,12,13,4,10,5,131,43
20260906,pure_default,155,58,1178,209,911,181,69,13,15,3,10,5,126,43
20260906,pure_default,156,57,1186,213,916,181,68,12,20,0,7,6,126,43
20260906,pure_default,157,61,1195,213,921,181,67,10,22,1,6,8,126,43
20260906,pure_default,158,64,1201,213,924,182,68,6,25,1,6,8,126,43
20260906,pure_default,159,61,1210,215,934,182,66,5,28,1,7,8,126,43
20260906,pure_default,160,68,1217,215,934,184,67,3,28,2,7,9,131,43
20260906,pure_default,161,76,1227,216,935,184,67,3,29,1,8,9,131,43
20260906,pure_default,162,72,1233,218,943,185,67,4,29,0,8,9,131,43
20260906,pure_default,163,72,1240,220,948,190,69,5,25,1,9,9,131,43
20260906,pure_default,164,69,1246,220,957,191,70,5,24,1,8,9,131,43
20260906,pure_default,165,67,1254,225,962,192,67,7,26,0,8,8,131,43
20260906,pure_default,166,69,1263,225,969,193,68,7,25,0,8,9,131,43
20260906,pure_default,167,69,1272,225,978,195,70,5,25,0,8,10,131,43
20260906,pure_default,168,68,1278,226,984,198,72,2,26,0,8,10,131,43
20260906,pure_default,169,68,1287,228,991,201,70,3,24,3,9,11,131,43
20260906,pure_default,170,65,1292,229,998,202,69,3,24,4,9,11,131,43
20260906,pure_default,171,66,1301,232,1003,204,68,6,22,4,9,11,131,43
20260906,pure_default,172,66,1306,234,1006,204,67,8,22,3,9,13,131,43
20260906,pure_default,173,66,1313,238,1009,205,67,8,25,0,9,12,131,43
20260906,pure_default,174,68,1322,240,1014,206,65,9,25,1,9,11,131,43
20260906,pure_default,175,73,1331,240,1018,209,67,9,22,2,9,13,131,43
20260906,pure_default,176,73,1341,242,1026,211,66,9,22,3,9,11,131,43
20260906,pure_default,177,71,1348,243,1034,213,67,7,23,3,9,9,131,43
20260906,pure_default,178,71,1355,246,1038,216,68,5,25,2,9,10,131,43
20260906,pure_default,179,71,1365,248,1046,217,68,7,24,1,9,10,131,43
20260906,pure_default,180,70,1370,249,1051,217,68,7,25,0,9,8,121,40
20260906,pure_default,181,70,1379,250,1059,219,68,7,24,1,8,8,121,40
20260906,pure_default,182,73,1385,250,1062,222,69,5,23,3,11,8,121,40
20260906,pure_default,183,77,1395,251,1067,222,69,3,26,2,13,7,121,40
20260906,pure_default,184,72,1401,255,1074,224,69,5,26,0,12,6,121,40
20260906,pure_default,185,73,1411,255,1083,227,72,4,24,0,12,7,131,43
20260906,pure_default,186,71,1417,257,1089,227,70,4,26,0,11,7,131,43
20260906,pure_default,187,70,1423,257,1096,228,70,1,28,1,9,9,131,43
20260906,pure_default,188,71,1431,257,1103,230,72,1,26,1,9,10,131,43
20260906,pure_default,189,68,1441,260,1113,232,72,3,25,0,8,11,131,43
20260906,pure_default,190,73,1450,262,1115,234,72,5,23,0,8,11,131,43
20260906,pure_default,191,72,1458,263,1123,234,71,5,24,0,8,10,131,43
20260906,pure_default,192,76,1468,263,1129,235,72,3,25,0,8,12,131,43
20260906,pure_default,193,74,1475,263,1138,239,75,2,22,1,9,13,131,43
20260906,pure_default,194,75,1480,263,1142,243,79,0,20,1,8,13,131,43
20260906,pure_default,195,69,1487,267,1151,246,79,4,17,0,8,13,131,43
20260906,pure_default,196,75,1497,267,1155,247,79,4,16,1,8,15,131,43
20260906,pure_default,197,76,1504,268,1160,248,79,4,16,1,8,14,131,43
20260906,pure_default,198,78,1513,269,1166,252,83,3,14,0,9,13,131,43
20260906,pure_default,199,73,1520,271,1176,253,82,5,13,0,9,12,131,43
20260906,pure_default,200,71,1529,273,1185,254,81,6,13,0,9,12,131,43
20260906,pure_default,201,73,1539,274,1192,255,81,7,12,0,9,12,131,43
20260906,pure_default,202,72,1546,274,1200,256,82,3,15,0,9,11,131,43
20260906,pure_default,203,76,1556,274,1206,256,82,2,16,0,8,12,131,43
20260906,pure_default,204,79,1565,275,1211,258,82,1,16,1,8,11,131,43
20260906,pure_default,205,82,1575,276,1217,259,82,2,15,1,8,12,131,43
20260906,pure_default,206,77,1580,277,1226,262,84,3,12,1,8,10,131,43
20260906,pure_default,207,79,1588,277,1232,262,83,3,12,2,8,11,131,43
20260906,pure_default,208,76,1598,282,1240,263,80,8,11,1,8,12,131,43
20260906,pure_default,209,78,1608,285,1245,263,77,7,15,1,9,11,131,43
20260906,pure_default,210,79,1616,286,1251,265,78,7,14,1,9,11,131,43
20260906,pure_default,211,72,1621,289,1260,265,74,6,18,2,9,10,131,43
20260906,pure_default,212,71,1627,289,1267,265,72,4,20,4,10,10,131,43
20260906,pure_default,213,70,1636,291,1275,267,72,4,20,4,12,8,131,43
20260906,pure_default,214,71,1646,293,1282,267,71,4,22,3,12,7,131,43
20260906,pure_default,215,69,1653,295,1289,268,72,5,22,1,10,8,131,43
20260906,pure_default,216,69,1658,296,1293,270,73,5,21,1,9,9,131,43
20260906,pure_default,217,66,1664,297,1301,270,72,4,23,1,8,9,131,43
20260906,pure_default,218,65,1671,298,1308,272,73,3,23,1,9,9,131,43
20260906,pure_default,219,65,1681,299,1317,272,71,2,25,2,8,11,131,43
20260906,pure_default,220,66,1686,300,1320,274,73,3,23,1,7,11,131,43
20260906,pure_default,221,70,1694,302,1322,274,72,5,23,0,9,11,131,43
20260906,pure_default,222,73,1704,303,1328,276,73,6,21,0,9,11,131,43
20260906,pure_default,223,69,1710,304,1337,277,73,6,21,0,9,12,131,43
20260906,pure_default,224,64,1717,306,1347,279,73,4,23,0,9,11,131,43
20260906,pure_default,225,61,1722,307,1354,281,73,4,22,1,9,8,131,43
20260906,pure_default,226,62,1728,307,1359,285,76,3,19,2,9,9,131,43
20260906,pure_default,227,66,1736,308,1362,286,77,3,19,1,9,10,131,43
20260906,pure_default,228,65,1742,309,1368,286,77,3,20,0,9,10,131,43
20260906,pure_default,229,66,1752,309,1377,291,82,2,16,0,9,9,131,43
20260906,pure_default,230,70,1761,310,1381,292,82,3,15,0,9,11,131,43
20260906,pure_default,231,69,1767,310,1388,294,83,3,13,1,9,11,131,43
20260906,pure_default,232,68,1776,310,1398,295,84,3,12,1,9,11,131,43
20260906,pure_default,233,70,1784,312,1402,295,83,3,14,0,9,10,131,43
20260906,pure_default,234,72,1793,313,1408,297,83,2,14,1,9,10,131,43
20260906,pure_default,235,74,1800,314,1412,297,82,2,15,1,9,11,111,40
20260906,pure_default,236,78,1810,315,1417,297,82,3,15,0,9,10,111,40
20260906,pure_default,237,78,1819,316,1425,299,83,2,15,0,9,10,111,40
20260906,pure_default,238,82,1829,316,1431,299,81,1,16,2,9,10,111,40
20260906,pure_default,239,80,1837,316,1441,299,80,1,16,3,9,10,111,40
20260906,pure_default,240,78,1844,318,1448,301,82,3,14,1,9,9,131,43
20260906,pure_default,241,81,1853,320,1452,302,78,2,16,4,12,9,131,43
20260906,pure_default,242,81,1863,321,1461,305,80,3,13,4,14,8,131,43
20260906,pure_default,243,78,1871,326,1467,307,80,8,11,1,13,8,131,43
20260906,pure_default,244,73,1878,329,1476,307,77,9,13,1,13,6,131,43
20260906,pure_default,245,75,1888,331,1482,307,76,7,17,0,13,7,131,43
20260906,pure_default,246,71,1893,331,1491,309,78,6,16,0,12,7,131,43
20260906,pure_default,247,73,1902,331,1498,309,77,5,17,1,10,8,131,43
20260906,pure_default,248,68,1907,331,1508,310,77,1,20,2,8,8,131,43
20260906,pure_default,249,68,1916,332,1516,310,76,1,21,2,8,9,131,43
20260906,pure_default,250,75,1926,334,1517,310,74,3,21,2,8,11,131,43
20260906,pure_default,251,74,1934,335,1525,311,74,3,21,2,9,11,131,43
20260906,pure_default,252,68,1940,339,1533,312,70,6,21,3,9,11,131,43
20260906,pure_default,253,67,1947,340,1540,313,70,7,20,3,8,9,131,43
20260906,pure_default,254,68,1952,342,1542,315,72,8,19,1,8,9,131,43
20260906,pure_default,255,62,1957,344,1551,315,71,8,21,0,7,9,122,43
20260906,pure_default,256,65,1965,345,1555,318,72,7,20,1,7,11,122,43
20260906,pure_default,257,65,1974,345,1564,321,74,4,20,2,7,12,122,43
20260906,pure_default,258,67,1981,346,1568,321,73,4,21,2,7,13,122,43
20260906,pure_default,259,64,1987,347,1576,322,74,4,21,1,7,11,122,43
20260906,pure_default,260,61,1993,349,1583,323,73,4,22,1,9,11,131,43
20260906,pure_default,261,62,2001,349,1590,324,74,3,22,1,9,12,131,43
20260906,pure_default,262,67,2011,351,1593,327,74,5,19,2,9,11,131,43
20260906,pure_default,263,69,2021,353,1599,328,73,6,19,2,9,12,131,43
20260906,pure_default,264,74,2031,355,1602,329,73,6,20,1,9,11,131,43
20260906,pure_default,265,75,2036,355,1606,331,75,5,19,1,9,9,131,43
20260906,pure_default,266,74,2043,357,1612,333,74,6,18,2,9,9,131,43
20260906,pure_default,267,73,2051,357,1621,333,73,4,20,3,9,10,131,43
20260906,pure_default,268,70,2056,360,1626,335,73,7,18,2,9,9,131,43
20260906,pure_default,269,71,2062,361,1630,339,77,5,17,1,9,10,131,43
20260906,pure_default,270,71,2068,362,1635,341,79,6,15,0,9,9,131,43
20260906,pure_default,271,70,2076,363,1643,342,76,4,17,3,10,9,131,43
20260906,pure_default,272,70,2086,364,1652,345,76,4,15,5,13,8,131,43
20260906,pure_default,273,64,2091,367,1660,345,75,6,16,3,12,8,131,43
20260906,pure_default,274,59,2100,371,1670,346,74,8,17,1,8,7,131,43
20260906,pure_default,275,60,2106,372,1674,348,75,8,16,1,9,7,131,43
20260906,pure_default,276,62,2116,374,1680,349,74,9,16,1,8,8,131,43
20260906,pure_default,277,60,2125,377,1688,352,74,7,18,1,7,9,131,43
20260906,pure_default,278,60,2130,378,1692,352,73,7,19,1,7,11,131,43
20260906,pure_default,279,60,2138,380,1698,354,74,7,19,0,8,11,131,43
20260906,pure_default,280,67,2146,381,1698,355,74,7,19,0,8,13,131,43
20260906,pure_default,281,69,2152,382,1701,357,75,6,19,0,8,13,131,43
20260906,pure_default,282,66,2159,382,1711,357,75,4,21,0,8,13,131,43
20260906,pure_default,283,68,2166,382,1716,357,75,1,24,0,9,12,131,43
20260906,pure_default,284,67,2173,382,1724,358,76,1,23,0,8,11,131,43
20260906,pure_default,285,66,2178,382,1730,361,79,0,21,0,8,12,121,40
20260906,pure_default,286,64,2184,383,1737,362,78,1,20,1,9,11,121,40
20260906,pure_default,287,64,2190,383,1743,362,78,1,20,1,9,14,121,40
20260906,pure_default,288,67,2198,384,1747,363,79,2,19,0,8,14,121,40
20260906,pure_default,289,65,2206,386,1755,365,78,4,17,1,8,13,121,40
20260906,pure_default,290,65,2214,387,1762,368,80,4,15,1,8,12,126,43
20260906,pure_default,291,65,2220,388,1767,371,80,5,12,3,8,11,126,43
20260906,pure_default,292,68,2229,388,1773,372,80,2,14,4,8,10,126,43
20260906,pure_default,293,69,2237,391,1777,373,80,5,13,2,9,9,126,43
20260906,pure_default,294,66,2244,395,1783,376,79,8,11,2,9,8,126,43
20260906,pure_default,295,70,2254,397,1787,378,77,8,11,4,9,9,131,43
20260906,pure_default,296,73,2263,398,1792,378,76,7,13,4,9,10,131,43
20260906,pure_default,297,72,2268,401,1795,379,77,8,14,1,9,10,131,43
20260906,pure_default,298,70,2273,402,1801,379,76,8,15,1,9,9,131,43
20260906,pure_default,299,70,2282,405,1807,381,73,9,15,3,9,9,131,43
20260906,pure_default,300,66,2287,408,1813,381,70,12,15,3,9,7,131,43
20260906,pure_default,301,66,2293,410,1817,382,70,11,17,2,10,7,131,43
20260906,pure_default,302,65,2300,411,1824,382,65,9,20,6,11,6,131,43
20260906,pure_default,303,65,2310,413,1832,384,65,9,20,6,11,6,131,43
20260906,pure_default,304,65,2319,418,1836,385,64,11,22,3,11,8,131,43
20260906,pure_default,305,60,2325,419,1846,385,63,8,26,3,10,7,131,43
20260906,pure_default,306,56,2332,421,1855,388,65,6,27,2,7,8,131,43
20260906,pure_default,307,56,2338,422,1860,389,66,6,27,1,8,9,131,43
20260906,pure_default,308,59,2348,424,1865,390,64,7,27,2,8,8,131,43
20260906,pure_default,309,57,2356,426,1873,394,65,8,24,3,8,8,131,43
20260906,pure_default,310,62,2365,430,1873,394,63,10,26,1,9,10,131,43
20260906,pure_default,311,70,2374,431,1873,394,63,7,30,0,9,11,131,43
20260906,pure_default,312,73,2380,432,1875,396,64,6,30,0,9,11,131,43
20260906,pure_default,313,72,2388,432,1884,396,63,5,31,1,9,10,131,43
20260906,pure_default,314,74,2398,432,1892,399,66,2,31,1,9,11,131,43
20260906,pure_default,315,73,2404,434,1897,402,68,3,29,0,9,11,131,43
20260906,pure_default,316,75,2414,435,1904,406,70,3,26,1,9,11,131,43
20260906,pure_default,317,74,2421,437,1910,408,69,4,25,2,9,10,131,43
20260906,pure_default,318,70,2426,439,1917,411,71,6,22,1,9,9,131,43
20260906,pure_default,319,69,2432,440,1923,412,72,7,21,0,8,10,131,43
20260906,pure_default,320,69,2441,442,1930,413,70,7,22,1,8,9,131,43
20260906,pure_default,321,68,2448,442,1938,414,71,5,23,1,8,9,131,43
20260906,pure_default,322,73,2458,444,1941,416,71,6,22,1,9,9,131,43
20260906,pure_default,323,72,2466,445,1949,417,71,5,23,1,9,10,131,43
20260906,pure_default,324,69,2474,447,1958,419,72,6,22,0,9,9,131,43
20260906,pure_default,325,72,2482,447,1963,419,71,6,22,1,8,10,131,43
20260906,pure_default,326,68,2487,447,1972,422,74,4,21,1,8,9,131,43
20260906,pure_default,327,71,2496,448,1977,424,76,3,21,0,9,11,131,43
20260906,pure_default,328,75,2505,448,1982,424,76,2,22,0,9,11,131,43
20260906,pure_default,329,78,2514,448,1988,425,77,1,22,0,9,11,131,43
20260906,pure_default,330,76,2520,449,1995,429,80,2,18,0,9,10,131,43
20260906,pure_default,331,76,2528,450,2002,431,78,3,16,3,10,9,131,43
20260906,pure_default,332,77,2537,451,2009,436,79,3,12,6,10,8,131,43
20260906,pure_default,333,74,2543,454,2015,438,80,5,11,4,9,8,131,43
20260906,pure_default,334,68,2548,458,2022,439,80,7,12,1,9,8,131,43
20260906,pure_default,335,66,2555,459,2030,439,80,7,13,0,12,8,121,40
20260906,pure_default,336,66,2560,459,2035,439,79,1,19,1,13,8,121,40
20260906,pure_default,337,67,2570,459,2044,440,79,1,18,2,11,10,121,40
20260906,pure_default,338,63,2577,461,2053,440,77,3,18,2,8,11,121,40
20260906,pure_default,339,59,2583,462,2062,440,77,4,18,1,8,13,121,40
20260906,pure_default,340,62,2589,463,2064,442,79,3,18,0,9,13,131,43
20260906,pure_default,341,66,2596,463,2067,444,81,2,17,0,9,14,131,43
20260906,pure_default,342,65,2605,464,2076,445,81,3,16,0,9,12,131,43
20260906,pure_default,343,69,2615,464,2082,446,79,3,15,3,9,12,131,43
20260906,pure_default,344,70,2620,464,2086,447,80,1,16,3,9,11,131,43
20260906,pure_default,345,70,2628,468,2090,448,80,5,15,0,9,11,131,43
20260906,pure_default,346,74,2637,468,2095,449,81,5,14,0,9,11,131,43
20260906,pure_default,347,71,2644,468,2105,450,81,4,14,1,9,12,131,43
20260906,pure_default,348,73,2653,469,2111,453,83,4,12,1,8,11,131,43
20260906,pure_default,349,72,2658,471,2115,454,82,6,11,1,8,10,131,43
20260906,pure_default,350,76,2668,471,2121,454,82,5,12,1,9,11,131,43
20260906,pure_default,351,76,2676,473,2127,455,81,6,12,1,9,9,131,43
20260906,pure_default,352,75,2683,473,2135,456,82,3,14,1,9,12,131,43
20260906,pure_default,353,70,2688,475,2143,459,84,4,12,0,8,11,131,43
20260906,pure_default,354,73,2696,475,2148,461,84,3,11,2,9,11,131,43
20260906,pure_default,355,70,2704,478,2156,462,82,6,10,2,8,11,131,43
20260906,pure_default,356,71,2714,480,2163,462,82,7,11,0,9,13,131,43
20260906,pure_default,357,72,2724,482,2170,463,81,7,12,0,9,10,131,43
20260906,pure_default,358,69,2731,484,2178,463,79,9,12,0,9,11,131,43
20260906,pure_default,359,70,2736,484,2182,465,80,5,14,1,9,10,131,43
20260906,pure_default,360,66,2741,484,2191,466,79,3,15,3,9,9,126,43
20260906,pure_default,361,68,2751,486,2197,466,76,3,17,4,11,9,126,43
20260906,pure_default,362,69,2760,489,2202,466,74,4,19,3,11,9,126,43
20260906,pure_default,363,71,2768,491,2206,466,73,5,20,2,14,7,126,43
20260906,pure_default,364,71,2777,493,2213,468,74,7,18,1,12,7,126,43
20260906,pure_default,365,73,2785,494,2218,468,72,5,21,2,12,8,131,43
20260906,pure_default,366,69,2793,496,2228,469,70,6,21,3,9,8,131,43
20260906,pure_default,367,68,2800,498,2234,473,72,6,19,3,9,8,131,43
20260906,pure_default,368,67,2805,499,2239,475,74,3,21,2,8,9,131,43
20260906,pure_default,369,67,2812,502,2243,476,74,4,22,0,8,10,131,43
20260906,pure_default,370,73,2821,503,2245,476,73,3,24,0,9,10,131,43
20260906,pure_default,371,69,2827,504,2254,476,72,3,25,0,9,9,131,43
20260906,pure_default,372,66,2832,504,2262,477,72,2,25,1,9,8,131,43
20260906,pure_default,373,66,2840,504,2270,479,73,0,25,2,9,8,131,43
20260906,pure_default,374,63,2846,506,2277,480,73,2,24,1,9,9,131,43
20260906,pure_default,375,59,2851,508,2284,482,74,4,22,0,9,8,131,43
20260906,pure_default,376,59,2859,510,2290,484,74,6,20,0,9,9,131,43
20260906,pure_default,377,56,2865,512,2297,486,74,7,19,0,7,9,131,43
20260906,pure_default,378,60,2874,513,2301,489,75,4,20,1,6,9,131,43
20260906,pure_default,379,64,2884,513,2307,489,75,4,20,1,7,11,131,43
20260906,pure_default,380,63,2892,515,2314,491,75,4,20,1,6,12,115,42
20260906,pure_default,381,68,2902,515,2319,492,76,4,19,1,8,13,115,42
20260906,pure_default,382,66,2908,518,2324,495,75,6,17,2,8,11,115,42
20260906,pure_default,383,69,2917,518,2330,495,75,4,19,2,8,12,115,42
20260906,pure_default,384,71,2925,522,2332,499,75,6,17,2,8,12,115,42
20260906,pure_default,385,72,2930,522,2336,499,75,6,17,2,9,12,131,43
20260906,pure_default,386,77,2940,524,2339,502,76,7,15,2,9,13,131,43
20260906,pure_default,387,80,2948,524,2344,503,76,5,16,3,9,12,131,43
20260906,pure_default,388,80,2955,526,2349,505,78,6,15,1,9,12,131,43
20260906,pure_default,389,75,2960,527,2358,506,79,7,14,0,9,11,131,43
20260906,pure_default,390,75,2968,528,2365,507,79,4,17,0,9,10,121,40
20260906,pure_default,391,71,2974,528,2375,508,79,4,16,1,10,9,121,40
20260906,pure_default,392,72,2981,528,2381,510,80,3,15,2,10,9,121,40
20260906,pure_default,393,66,2986,530,2390,511,80,3,16,1,10,7,121,40
20260906,pure_default,394,66,2994,531,2397,511,78,4,16,2,11,7,121,40
20260906,pure_default,395,69,3002,531,2402,512,79,3,16,2,10,8,131,43
20260906,pure_default,396,62,3007,533,2412,514,81,4,15,0,7,7,131,43
20260906,pure_default,397,58,3012,534,2420,515,81,3,16,0,7,7,131,43
20260906,pure_default,398,61,3022,535,2426,515,80,4,16,0,9,9,131,43
20260906,pure_default,399,63,3030,536,2431,517,81,5,14,0,9,10,131,43
20260906,pure_default,400,68,3040,538,2434,518,79,6,14,1,9,10,131,43
20260906,pure_default,401,67,3047,540,2440,518,77,7,15,1,9,12,131,43
20260906,pure_default,402,66,3053,541,2446,519,78,6,16,0,9,12,131,43
20260906,pure_default,403,67,3059,541,2451,521,80,2,18,0,9,13,131,43
20260906,pure_default,404,70,3069,541,2458,522,81,0,19,0,9,13,131,43
20260906,pure_default,405,67,3074,541,2466,523,81,0,18,1,9,12,131,43
20260906,pure_default,406,72,3084,541,2471,524,80,0,17,3,9,14,131,43
20260906,pure_default,407,74,3093,544,2475,525,79,3,16,2,9,14,131,43
20260906,pure_default,408,73,3102,547,2482,528,80,6,13,1,9,12,131,43
20260906,pure_default,409,72,3108,547,2489,529,81,5,13,1,9,10,131,43
20260906,pure_default,410,70,3114,548,2496,530,82,5,13,0,9,9,131,43
20260906,pure_default,411,71,3121,548,2502,532,84,4,12,0,9,9,131,43
20260906,pure_default,412,70,3127,549,2508,535,86,4,10,0,9,10,131,43
20260906,pure_default,413,71,3134,550,2513,535,85,3,12,0,9,9,131,43
20260906,pure_default,414,70,3143,550,2523,535,84,2,13,1,8,8,131,43
20260906,pure_default,415,73,3151,550,2528,536,85,1,13,1,8,9,131,43
20260906,pure_default,416,71,3159,551,2537,537,86,1,13,0,8,9,131,43
20260906,pure_default,417,73,3169,552,2544,537,85,2,13,0,8,11,131,43
20260906,pure_default,418,71,3178,555,2552,537,82,4,14,0,8,11,131,43
20260906,pure_default,419,72,3185,555,2558,538,83,4,13,0,8,10,131,43
20260906,pure_default,420,75,3195,556,2564,539,81,5,12,2,9,10,131,43
20260906,pure_default,421,75,3202,556,2571,540,79,3,13,5,9,8,131,43
20260906,pure_default,422,77,3212,559,2576,541,79,5,13,3,12,8,131,43
20260906,pure_default,423,75,3219,563,2581,544,81,7,12,0,12,7,131,43
20260906,pure_default,424,76,3228,563,2589,544,81,6,13,0,13,6,131,43
20260906,pure_default,425,74,3234,563,2597,545,82,4,14,0,13,7,131,43
20260906,pure_default,426,76,3244,564,2604,546,82,2,16,0,12,8,131,43
20260906,pure_default,427,76,3252,564,2612,547,82,1,16,1,10,10,131,43
20260906,pure_default,428,76,3259,565,2618,547,80,2,16,2,9,12,131,43
20260906,pure_default,429,75,3265,566,2624,548,81,3,15,1,9,13,131,43
20260906,pure_default,430,73,3270,567,2630,549,81,3,15,1,9,14,131,43
20260906,pure_default,431,73,3277,567,2637,551,82,2,14,2,8,12,131,43
20260906,pure_default,432,69,3283,569,2645,551,81,3,15,1,9,11,131,43
20260906,pure_default,433,68,3291,572,2651,552,80,6,14,0,9,11,131,43
20260906,pure_default,434,68,3301,573,2660,553,80,5,15,0,9,10,131,43
20260906,pure_default,435,67,3306,573,2666,555,82,3,15,0,9,10,131,43
20260906,pure_default,436,61,3311,574,2676,556,82,2,16,0,9,10,131,43
20260906,pure_default,437,58,3317,575,2684,557,82,3,15,0,8,11,131,43
20260906,pure_default,438,61,3326,575,2690,559,84,1,15,0,8,11,131,43
20260906,pure_default,439,63,3333,575,2695,559,83,0,16,1,8,12,131,43
20260906,pure_default,440,63,3338,575,2700,559,83,0,16,1,9,11,131,43
20260906,pure_default,441,65,3345,576,2704,560,84,1,15,0,9,9,131,43
20260906,pure_default,442,63,3350,577,2710,562,84,2,13,1,9,9,131,43
20260906,pure_default,443,62,3356,577,2717,564,85,2,11,2,9,9,131,43
20260906,pure_default,444,58,3362,579,2725,565,83,4,10,3,9,10,131,43
20260906,pure_default,445,59,3368,580,2729,568,85,4,8,3,9,11,121,40
20260906,pure_default,446,59,3374,582,2733,570,86,6,6,2,9,11,121,40
20260906,pure_default,447,61,3381,584,2736,571,85,7,6,2,9,9,121,40
20260906,pure_default,448,57,3386,585,2744,571,85,7,7,1,8,9,121,40
20260906,pure_default,449,55,3393,587,2751,571,84,7,9,0,8,8,121,40
20260906,pure_default,450,59,3402,588,2755,571,83,7,10,0,8,8,131,43
20260906,pure_default,451,60,3410,588,2762,572,83,4,12,1,9,7,131,43
20260906,pure_default,452,63,3417,589,2765,573,83,4,12,1,10,7,131,43
20260906,pure_default,453,66,3427,591,2770,573,81,6,12,1,12,6,131,43
20260906,pure_default,454,64,3432,592,2776,574,80,4,14,2,11,8,131,43
20260906,pure_default,455,64,3439,593,2782,574,80,4,15,1,11,8,131,43
20260906,pure_default,456,67,3449,595,2787,576,81,5,14,0,10,9,131,43
20260906,pure_default,457,67,3455,596,2792,577,81,4,15,0,9,10,131,43
20260906,pure_default,458,68,3460,596,2796,577,81,4,15,0,9,10,131,43
20260906,pure_default,459,71,3469,597,2801,577,80,2,18,0,9,10,131,43
20260906,pure_default,460,73,3479,598,2808,578,80,3,17,0,9,10,131,43
20260906,pure_default,461,72,3486,598,2816,579,81,3,16,0,9,12,131,43
20260906,pure_default,462,75,3495,598,2822,580,82,1,17,0,9,12,131,43
20260906,pure_default,463,71,3501,598,2832,582,83,1,15,1,9,11,131,43
20260906,pure_default,464,72,3506,598,2836,585,85,0,13,2,9,11,131,43
20260906,pure_default,465,75,3515,599,2841,586,86,1,12,1,9,11,131,43
20260906,pure_default,466,70,3521,601,2850,587,85,3,11,1,8,11,131,43
20260906,pure_default,467,69,3527,602,2856,590,86,4,8,2,8,10,131,43
20260906,pure_default,468,74,3537,603,2860,590,86,4,9,1,9,10,131,43
20260906,pure_default,469,68,3542,606,2868,590,83,6,10,1,8,10,131,43
20260906,pure_default,470,67,3550,607,2876,590,82,7,10,1,8,10,131,43
20260906,pure_default,471,64,3555,609,2882,591,82,6,12,0,8,10,131,43
20260906,pure_default,472,62,3562,609,2891,591,81,4,14,1,8,10,131,43
20260906,pure_default,473,64,3572,611,2897,593,79,5,13,3,9,12,131,43
20260906,pure_default,474,64,3578,613,2901,593,78,4,16,2,9,11,131,43
20260906,pure_default,475,63,3585,615,2907,593,77,5,17,1,9,11,131,43
20260906,pure_default,476,65,3593,615,2913,595,76,3,17,4,9,11,131,43
20260906,pure_default,477,68,3603,618,2917,597,73,4,17,6,8,12,131,43
20260906,pure_default,478,62,3608,622,2924,598,72,8,16,4,9,12,131,43
20260906,pure_default,479,63,3613,625,2925,599,73,11,15,1,9,10,131,43
20260906,pure_default,480,62,3620,628,2930,601,73,12,15,0,9,8,131,43
20260906,pure_default,481,65,3628,629,2934,602,73,9,18,0,9,8,131,43
20260906,pure_default,482,63,3633,629,2941,603,71,6,20,3,10,8,131,43
20260906,pure_default,483,64,3643,629,2950,604,70,4,21,5,10,7,131,43
20260906,pure_default,484,63,3649,632,2954,606,72,5,21,2,8,6,131,43
20260906,pure_default,485,60,3656,635,2961,607,72,6,22,0,9,7,131,43
20260906,pure_default,486,58,3662,636,2968,607,70,5,24,1,8,7,131,43
20260906,pure_default,487,57,3670,636,2977,607,70,4,25,1,10,8,131,43
20260906,pure_default,488,62,3680,637,2981,608,70,2,27,1,9,8,131,43
20260906,pure_default,489,67,3690,637,2986,609,71,2,26,1,9,8,131,43
20260906,pure_default,490,71,3697,639,2987,611,72,4,24,0,9,9,126,43
20260906,pure_default,491,70,3703,641,2992,617,75,6,18,1,9,10,126,43
20260906,pure_default,492,70,3709,642,2997,619,76,4,19,1,9,9,126,43
20260906,pure_default,493,63,3714,645,3006,620,75,6,19,0,8,10,126,43
20260906,pure_default,494,62,3719,647,3010,621,74,8,18,0,9,10,126,43
20260906,pure_default,495,66,3729,647,3016,623,76,6,18,0,9,11,131,43
20260906,pure_default,496,64,3735,650,3021,627,75,8,15,2,8,11,131,43
20260906,pure_default,497,65,3743,650,3028,628,76,6,16,2,8,12,131,43
20260906,pure_default,498,61,3748,652,3035,629,77,6,17,0,7,12,131,43
20260906,pure_default,499,60,3758,653,3045,631,78,4,18,0,8,13,131,43
20260906,pure_default,500,59,3763,654,3050,631,77,3,20,0,9,13,131,43
20260906,pure_default,501,62,3771,655,3054,632,77,2,21,0,9,11,131,43
20260906,pure_default,502,66,3781,656,3059,634,78,2,20,0,9,10,131,43
20260906,pure_default,503,66,3786,657,3063,635,78,2,20,0,8,9,131,43
20260906,pure_default,504,71,3796,658,3067,635,77,3,20,0,9,10,131,43
20260906,pure_default,505,68,3802,658,3076,636,78,3,19,0,9,9,131,43
20260906,pure_default,506,69,3809,659,3081,640,79,2,17,2,9,9,131,43
20260906,pure_default,507,68,3819,662,3089,643,78,5,14,3,9,9,131,43
20260906,pure_default,508,72,3828,664,3092,643,78,5,16,1,9,9,131,43
20260906,pure_default,509,72,3838,665,3101,643,78,5,17,0,9,10,131,43
20260906,pure_default,510,73,3843,665,3105,643,78,4,18,0,9,10,131,43
20260906,pure_default,511,74,3850,666,3110,644,77,5,17,1,10,9,131,43
20260906,pure_default,512,71,3856,666,3119,644,74,3,19,4,11,7,131,43
20260906,pure_default,513,70,3861,668,3123,649,77,4,15,4,9,7,131,43
20260906,pure_default,514,66,3870,672,3132,651,78,6,15,1,10,7,131,43
20260906,pure_default,515,64,3875,673,3138,652,79,5,16,0,9,6,131,43
20260906,pure_default,516,62,3880,673,3145,653,79,2,18,1,9,7,131,43
20260906,pure_default,517,60,3886,674,3152,654,78,2,18,2,7,8,131,43
20260906,pure_default,518,57,3893,675,3161,655,78,2,18,2,8,8,131,43
20260906,pure_default,519,56,3903,676,3171,656,79,2,18,1,7,8,131,43
20260906,pure_default,520,63,3913,677,3173,656,79,3,18,0,8,9,101,38
20260906,pure_default,521,69,3923,678,3176,657,79,4,17,0,9,12,101,38
20260906,pure_default,522,68,3930,680,3182,660,80,5,15,0,9,12,101,38
20260906,pure_default,523,71,3936,680,3185,661,81,5,14,0,9,12,101,38
20260906,pure_default,524,71,3946,682,3193,662,80,5,15,0,9,11,101,38
20260906,pure_default,525,74,3956,684,3198,663,79,6,15,0,9,13,126,43
20260906,pure_default,526,76,3963,684,3203,666,82,4,14,0,9,15,126,43
20260906,pure_default,527,76,3968,684,3208,667,83,2,15,0,9,16,126,43
20260906,pure_default,528,77,3976,684,3215,669,85,2,13,0,9,17,126,43
20260906,pure_default,529,75,3984,685,3224,671,86,1,13,0,9,15,126,43
20260906,pure_default,530,75,3994,685,3234,671,85,1,13,1,8,14,131,43
20260906,pure_default,531,69,3999,686,3244,673,85,2,11,2,9,11,131,43
20260906,pure_default,532,68,4004,688,3248,673,84,3,12,1,9,11,131,43
20260906,pure_default,533,68,4009,689,3252,674,85,3,12,0,9,11,131,43
20260906,pure_default,534,65,4015,689,3261,675,85,3,11,1,9,10,131,43
20260906,pure_default,535,62,4021,689,3270,675,85,3,11,1,9,8,131,43
20260906,pure_default,536,64,4030,690,3276,676,86,3,11,0,8,9,131,43
20260906,pure_default,537,68,4039,690,3281,677,86,2,11,1,8,10,131,43
20260906,pure_default,538,68,4046,690,3288,677,84,2,11,3,9,8,131,43
20260906,pure_default,539,68,4055,693,3294,678,83,4,11,2,9,8,131,43
20260906,pure_default,540,65,4063,696,3302,679,83,7,10,0,7,8,131,43
20260906,pure_default,541,67,4070,697,3306,679,80,8,10,2,8,8,131,43
20260906,pure_default,542,70,4078,697,3311,680,81,7,10,2,7,8,131,43
20260906,pure_default,543,71,4085,699,3315,682,83,5,12,0,10,8,131,43
20260906,pure_default,544,73,4093,699,3321,683,83,5,11,1,11,6,131,43
20260906,pure_default,545,77,4103,700,3326,684,83,3,13,1,10,7,131,43
20260906,pure_default,546,75,4110,703,3332,684,80,5,14,1,9,8,131,43
20260906,pure_default,547,75,4120,704,3341,685,80,5,14,1,9,10,131,43
20260906,pure_default,548,76,4127,705,3346,685,80,5,15,0,8,11,131,43
20260906,pure_default,549,74,4135,707,3354,688,80,4,15,1,7,12,131,43
20260906,pure_default,550,73,4141,707,3361,688,80,2,17,1,7,11,126,43
20260906,pure_default,551,73,4148,708,3367,689,81,3,16,0,8,10,126,43
20260906,pure_default,552,71,4153,708,3374,690,82,2,16,0,8,10,126,43
20260906,pure_default,553,70,4159,708,3381,691,83,1,16,0,8,9,126,43
20260906,pure_default,554,69,4166,709,3388,693,84,1,15,0,9,9,126,43
20260906,pure_default,555,61,4171,712,3398,693,81,4,15,0,8,8,131,43
20260906,pure_default,556,60,4176,712,3404,694,82,4,14,0,9,8,131,43
20260906,pure_default,557,54,4182,714,3414,694,80,5,15,0,8,8,131,43
20260906,pure_default,558,57,4192,715,3420,698,83,3,14,0,8,9,131,43
20260906,pure_default,559,57,4198,715,3426,699,84,3,13,0,7,8,131,43
20260906,pure_default,560,58,4204,715,3431,700,85,3,12,0,8,8,131,43
20260906,pure_default,561,59,4213,716,3438,700,83,4,12,1,8,9,131,43
20260906,pure_default,562,59,4218,717,3442,701,83,1,15,1,8,9,131,43
20260906,pure_default,563,58,4224,719,3447,701,81,3,15,1,8,8,131,43
20260906,pure_default,564,61,4233,720,3452,702,78,4,14,4,7,11,131,43
20260906,pure_default,565,63,4239,722,3454,703,78,5,14,3,8,11,131,43
20260906,pure_default,566,62,4245,726,3457,703,76,7,16,1,9,10,131,43
20260906,pure_default,567,65,4253,726,3462,706,78,5,15,2,9,11,131,43
20260906,pure_default,568,63,4260,728,3469,706,75,6,16,3,8,10,131,43
20260906,pure_default,569,67,4270,730,3473,707,75,6,17,2,8,9,131,43
20260906,pure_default,570,63,4277,736,3478,707,71,9,20,0,8,9,121,43
20260906,pure_default,571,62,4283,736,3485,708,71,8,20,1,9,8,121,43
20260906,pure_default,572,64,4288,737,3487,709,70,8,20,2,10,8,121,43
20260906,pure_default,573,62,4293,738,3493,709,70,6,23,1,8,7,121,43
20260906,pure_default,574,62,4302,739,3501,710,70,5,24,1,10,6,121,43
20260906,pure_default,575,64,4311,740,3507,710,69,4,26,1,11,6,131,43
20260906,pure_default,576,66,4320,741,3513,712,71,5,24,0,9,7,131,43
20260906,pure_default,577,68,4330,741,3521,714,73,3,24,0,10,8,131,43
20260906,pure_default,578,69,4339,742,3528,716,74,3,23,0,9,9,131,43
20260906,pure_default,579,66,4346,742,3538,719,77,2,21,0,8,10,131,43
20260906,pure_default,580,73,4355,743,3539,720,77,2,21,0,9,12,131,43
20260906,pure_default,581,76,4364,744,3544,720,76,3,21,0,8,13,131,43
20260906,pure_default,582,77,4369,744,3548,722,77,3,19,1,9,13,131,43
20260906,pure_default,583,82,4379,744,3553,724,78,1,19,2,9,14,131,43
20260906,pure_default,584,78,4384,745,3561,725,79,1,19,1,9,14,131,43
20260906,pure_default,585,76,4390,746,3568,727,81,2,17,0,9,13,131,43
20260906,pure_default,586,72,4396,747,3577,728,81,2,17,0,9,10,131,43
20260906,pure_default,587,67,4401,747,3587,731,84,2,14,0,9,10,131,43
20260906,pure_default,588,65,4407,747,3595,734,87,2,11,0,9,9,131,43
20260906,pure_default,589,66,4416,748,3602,735,87,2,11,0,9,8,131,43
20260906,pure_default,590,67,4426,749,3610,735,86,3,11,0,9,8,131,43
20260906,pure_default,591,67,4435,750,3618,736,86,4,10,0,8,8,131,43
20260906,pure_default,592,71,4445,751,3623,739,86,3,9,2,9,9,131,43
20260906,pure_default,593,70,4453,751,3632,739,86,2,10,2,9,10,131,43
20260906,pure_default,594,70,4459,753,3636,740,85,3,10,2,9,8,131,43
20260906,pure_default,595,71,4465,753,3641,740,84,1,12,3,9,9,131,43
20260906,pure_default,596,70,4471,757,3644,740,82,5,12,1,9,9,131,43
20260906,pure_default,597,72,4480,760,3648,741,81,8,11,0,9,10,131,43
20260906,pure_default,598,76,4489,760,3653,741,80,8,11,1,9,11,131,43
20260906,pure_default,599,72,4494,760,3662,743,81,6,11,2,9,9,131,43
20260906,pure_default,600,69,4501,762,3670,746,82,6,10,2,8,9,121,40
