seed,combo,t,queue,generated,matched,cancelled,completed,idle,enroute,ontrip,rebal,alertCells,maxPendingCell,trafficCells15,trafficCells25
20260808,final_balanced,1,5,7,2,0,0,153,2,0,5,3,2,131,43
20260808,final_balanced,2,11,13,2,0,0,105,2,0,53,8,2,131,43
20260808,final_balanced,3,14,21,7,0,0,94,5,2,59,9,3,131,43
20260808,final_balanced,4,1,29,28,0,0,105,26,2,27,1,1,131,43
20260808,final_balanced,5,4,37,33,0,0,102,26,7,25,4,1,131,43
20260808,final_balanced,6,9,44,35,0,0,109,7,28,16,7,3,131,43
20260808,final_balanced,7,17,52,35,0,0,100,2,33,25,10,3,131,43
20260808,final_balanced,8,16,60,44,0,0,88,9,35,28,9,4,131,43
20260808,final_balanced,9,12,68,56,0,0,79,21,35,25,8,3,131,43
20260808,final_balanced,10,19,75,56,0,0,77,12,44,27,10,4,131,43
20260808,final_balanced,11,19,82,63,0,0,64,7,56,33,10,5,131,43
20260808,final_balanced,12,11,87,76,0,0,54,20,56,30,8,2,131,43
20260808,final_balanced,13,10,94,84,0,0,53,21,63,23,9,2,131,43
20260808,final_balanced,14,18,102,84,0,1,40,8,75,37,13,2,131,43
20260808,final_balanced,15,23,110,87,0,3,20,3,81,56,13,5,131,43
20260808,final_balanced,16,24,115,91,0,4,17,7,80,56,11,7,131,43
20260808,final_balanced,17,28,122,94,0,6,18,7,81,54,11,7,131,43
20260808,final_balanced,18,24,130,106,0,11,31,15,80,34,13,5,131,43
20260808,final_balanced,19,19,137,118,0,13,39,24,81,16,11,7,131,43
20260808,final_balanced,20,23,144,121,0,20,40,15,86,19,12,7,121,40
20260808,final_balanced,21,29,152,123,0,30,43,5,88,24,12,8,121,40
20260808,final_balanced,22,36,160,124,0,37,48,3,84,25,16,7,121,40
20260808,final_balanced,23,40,168,128,0,43,27,5,80,48,14,7,121,40
20260808,final_balanced,24,41,174,133,0,48,12,9,76,63,12,8,121,40
20260808,final_balanced,25,42,179,137,0,52,26,9,76,49,12,9,126,43
20260808,final_balanced,26,44,186,142,0,55,34,9,78,39,11,10,126,43
20260808,final_balanced,27,39,191,152,0,61,49,15,76,20,10,8,126,43
20260808,final_balanced,28,43,199,156,0,66,59,14,76,11,11,7,126,43
20260808,final_balanced,29,42,206,164,0,73,60,12,79,9,12,7,126,43
20260808,final_balanced,30,47,214,167,0,79,49,11,77,23,15,7,131,43
20260808,final_balanced,31,49,222,173,0,84,35,9,80,36,18,7,131,43
20260808,final_balanced,32,47,228,181,0,91,34,14,76,36,19,7,131,43
20260808,final_balanced,33,39,235,196,0,98,34,23,75,28,16,7,131,43
20260808,final_balanced,34,29,240,211,0,106,40,30,75,15,12,7,131,43
20260808,final_balanced,35,24,246,222,0,111,42,26,85,7,11,6,131,43
20260808,final_balanced,36,25,252,227,0,116,36,16,95,13,15,4,131,43
20260808,final_balanced,37,29,259,230,0,118,26,8,104,22,19,4,131,43
20260808,final_balanced,38,27,264,237,0,124,18,10,103,29,18,3,131,43
20260808,final_balanced,39,31,270,239,0,131,20,9,99,32,18,4,131,43
20260808,final_balanced,40,36,278,242,0,134,24,5,103,28,18,5,131,43
20260808,final_balanced,41,25,283,258,0,140,15,19,99,27,17,3,131,43
20260808,final_balanced,42,20,290,270,0,142,14,28,100,18,13,3,131,43
20260808,final_balanced,43,23,297,274,0,150,29,16,108,7,15,4,131,43
20260808,final_balanced,44,30,305,275,0,159,34,5,111,10,17,4,131,43
20260808,final_balanced,45,33,310,277,0,164,28,3,110,19,18,4,131,43
20260808,final_balanced,46,32,316,284,0,172,19,9,103,29,16,6,131,43
20260808,final_balanced,47,34,321,287,0,178,2,10,99,49,16,6,131,43
20260808,final_balanced,48,32,326,294,0,186,12,10,98,40,12,6,131,43
20260808,final_balanced,49,34,333,299,0,196,41,12,91,16,12,6,131,43
20260808,final_balanced,50,37,341,304,0,204,45,10,90,15,11,6,126,43
20260808,final_balanced,51,38,346,308,0,209,53,9,90,8,9,6,126,43
20260808,final_balanced,52,41,353,312,0,219,51,8,85,16,12,7,126,43
20260808,final_balanced,53,46,361,315,0,226,51,7,82,20,11,7,126,43
20260808,final_balanced,54,46,367,321,0,233,56,9,79,16,11,8,126,43
20260808,final_balanced,55,49,374,325,0,239,60,10,76,14,10,8,131,43
20260808,final_balanced,56,43,381,338,0,247,63,17,74,6,10,8,131,43
20260808,final_balanced,57,46,387,341,0,252,64,16,73,7,11,8,131,43
20260808,final_balanced,58,49,393,344,0,264,63,6,74,17,12,8,131,43
20260808,final_balanced,59,50,399,349,0,268,64,8,73,15,11,11,131,43
20260808,final_balanced,60,52,405,353,0,274,73,9,70,8,14,10,131,43
20260808,final_balanced,61,59,412,353,0,279,37,4,70,49,19,10,131,43
20260808,final_balanced,62,62,420,358,0,285,22,5,68,65,20,10,131,43
20260808,final_balanced,63,48,425,377,0,291,35,24,62,39,13,10,131,43
20260808,final_balanced,64,47,432,385,0,300,40,27,58,35,15,9,131,43
20260808,final_balanced,65,39,437,398,0,303,34,21,74,31,14,8,131,43
20260808,final_balanced,66,32,445,413,0,307,19,28,78,35,15,7,131,43
20260808,final_balanced,67,30,450,420,0,312,12,22,86,40,15,7,131,43
20260808,final_balanced,68,28,458,430,0,316,6,17,97,40,15,7,131,43
20260808,final_balanced,69,34,464,430,0,320,9,10,100,41,20,7,131,43
20260808,final_balanced,70,35,470,435,0,325,10,5,105,40,19,7,131,43
20260808,final_balanced,71,27,475,448,0,330,15,18,100,27,14,7,131,43
20260808,final_balanced,72,21,482,461,0,335,24,26,100,10,9,7,131,43
20260808,final_balanced,73,24,487,463,0,340,30,15,108,7,12,7,131,43
20260808,final_balanced,74,29,492,463,0,343,27,2,118,13,16,7,131,43
20260808,final_balanced,75,30,497,467,0,352,30,4,111,15,16,7,131,43
20260808,final_balanced,76,26,503,477,0,363,22,14,100,24,13,7,131,43
20260808,final_balanced,77,29,511,482,0,371,9,15,96,40,17,7,131,43
20260808,final_balanced,78,29,517,488,0,374,15,11,103,31,18,7,131,43
20260808,final_balanced,79,25,522,497,0,386,15,15,96,34,15,6,131,43
20260808,final_balanced,80,25,528,503,0,395,4,15,93,48,14,4,131,43
20260808,final_balanced,81,18,534,516,0,400,14,19,97,30,12,3,131,43
20260808,final_balanced,82,15,541,526,0,410,34,23,93,10,9,5,131,43
20260808,final_balanced,83,17,549,532,0,415,33,16,101,10,10,4,131,43
20260808,final_balanced,84,23,556,533,0,420,36,7,106,11,11,5,131,43
20260808,final_balanced,85,27,563,536,0,431,46,4,101,9,10,6,131,43
20260808,final_balanced,86,30,568,538,0,438,48,5,95,12,13,6,131,43
20260808,final_balanced,87,33,574,541,0,443,37,5,93,25,12,9,131,43
20260808,final_balanced,88,31,580,549,0,452,30,11,86,33,11,8,131,43
20260808,final_balanced,89,36,588,552,0,461,33,11,80,36,11,9,131,43
20260808,final_balanced,90,38,595,557,0,466,29,8,83,40,14,9,131,43
20260808,final_balanced,91,34,602,568,0,473,14,16,79,51,16,6,131,43
20260808,final_balanced,92,31,609,578,0,479,28,21,78,33,15,5,131,43
20260808,final_balanced,93,15,615,600,0,489,42,32,79,7,7,5,131,43
20260808,final_balanced,94,15,623,608,0,489,35,30,89,6,7,5,131,43
20260808,final_balanced,95,16,629,613,0,497,25,13,103,19,11,5,131,43
20260808,final_balanced,96,20,634,614,0,502,24,6,106,24,14,5,131,43
20260808,final_balanced,97,17,642,625,0,508,25,12,105,18,14,2,131,43
20260808,final_balanced,98,19,649,630,0,517,26,16,97,21,12,3,131,43
20260808,final_balanced,99,22,655,633,0,523,28,8,102,22,12,3,131,43
20260808,final_balanced,100,24,661,637,0,528,31,7,102,20,10,4,121,40
20260808,final_balanced,101,15,666,651,0,540,37,18,93,12,8,3,121,40
20260808,final_balanced,102,16,673,657,0,543,40,20,94,6,7,4,121,40
20260808,final_balanced,103,19,679,660,0,551,49,9,100,2,9,4,121,40
20260808,final_balanced,104,25,686,661,0,557,44,4,100,12,10,4,121,40
20260808,final_balanced,105,29,691,662,0,562,41,2,98,19,10,6,131,43
20260808,final_balanced,106,33,698,665,0,570,55,4,91,10,9,7,131,43
20260808,final_balanced,107,41,706,665,0,579,69,3,83,5,10,8,131,43
20260808,final_balanced,108,45,711,666,0,586,72,1,79,8,10,9,131,43
20260808,final_balanced,109,47,716,669,0,590,72,4,75,9,10,9,131,43
20260808,final_balanced,110,48,722,674,0,603,77,8,63,12,10,11,131,43
20260808,final_balanced,111,49,727,678,0,612,72,9,57,22,11,10,131,43
20260808,final_balanced,112,47,734,687,0,621,55,13,53,39,11,9,131,43
20260808,final_balanced,113,50,742,692,0,627,50,14,51,45,11,10,131,43
20260808,final_balanced,114,47,747,700,0,634,60,13,53,34,12,8,131,43
20260808,final_balanced,115,52,754,702,0,637,52,10,55,43,12,10,131,43
20260808,final_balanced,116,54,760,706,0,643,57,6,57,40,12,10,131,43
20260808,final_balanced,117,49,765,716,0,644,65,14,58,23,12,9,131,43
20260808,final_balanced,118,52,770,718,0,646,57,12,60,31,11,9,131,43
20260808,final_balanced,119,55,776,721,0,652,61,5,64,30,11,10,131,43
20260808,final_balanced,120,59,781,722,0,654,68,4,64,24,14,10,131,43
20260808,final_balanced,121,63,787,724,0,656,41,3,65,51,17,9,131,43
20260808,final_balanced,122,67,794,727,0,659,44,5,63,48,20,9,131,43
20260808,final_balanced,123,58,801,743,0,666,53,19,58,30,16,9,131,43
20260808,final_balanced,124,60,807,747,0,671,35,20,56,49,18,9,131,43
20260808,final_balanced,125,58,812,754,0,673,34,11,70,45,16,8,121,40
20260808,final_balanced,126,62,818,756,0,676,40,9,71,40,18,8,121,40
20260808,final_balanced,127,65,826,761,0,681,37,7,73,43,22,8,121,40
20260808,final_balanced,128,54,832,778,0,690,31,22,66,41,16,7,121,40
20260808,final_balanced,129,53,837,784,0,691,31,23,70,36,16,7,121,40
20260808,final_balanced,130,51,842,791,0,697,41,13,81,25,14,7,131,43
20260808,final_balanced,131,56,848,792,0,700,38,8,84,30,16,7,131,43
20260808,final_balanced,132,58,856,798,0,704,37,7,87,29,18,7,131,43
20260808,final_balanced,133,48,861,813,0,710,21,21,82,36,19,5,131,43
20260808,final_balanced,134,41,866,825,0,717,13,27,81,39,18,5,131,43
20260808,final_balanced,135,40,874,834,0,727,24,21,86,29,18,4,131,43
20260808,final_balanced,136,41,879,838,0,730,23,13,95,29,20,5,131,43
20260808,final_balanced,137,33,887,854,0,733,20,20,101,19,17,8,131,43
20260808,final_balanced,138,29,892,863,0,738,21,25,100,14,14,8,131,43
20260808,final_balanced,139,33,900,867,0,741,24,13,113,10,12,7,131,43
20260808,final_balanced,140,33,905,872,0,746,29,9,117,5,12,7,131,43
20260808,final_balanced,141,36,910,874,0,754,34,7,113,6,12,8,131,43
20260808,final_balanced,142,40,915,875,0,756,28,3,116,13,12,8,131,43
20260808,final_balanced,143,46,923,877,0,764,27,3,110,20,11,8,131,43
20260808,final_balanced,144,54,931,877,0,772,37,2,103,18,14,8,131,43
20260808,final_balanced,145,58,938,880,0,779,18,3,98,41,12,11,131,43
20260808,final_balanced,146,59,946,887,0,787,15,10,90,45,10,10,131,43
20260808,final_balanced,147,63,954,891,0,794,37,11,86,26,12,10,131,43
20260808,final_balanced,148,66,960,894,0,805,34,7,82,37,13,11,131,43
20260808,final_balanced,149,66,965,899,0,814,28,8,77,47,11,10,131,43
20260808,final_balanced,150,67,973,906,0,824,27,12,70,51,16,10,131,43
20260808,final_balanced,151,70,980,910,0,832,13,11,67,69,19,10,131,43
20260808,final_balanced,152,60,987,927,0,841,13,21,65,61,20,9,131,43
20260808,final_balanced,153,42,992,950,0,843,4,40,67,49,17,7,131,43
20260808,final_balanced,154,39,997,958,0,848,1,31,79,49,15,7,131,43
20260808,final_balanced,155,32,1003,971,0,854,1,21,96,42,14,7,126,43
20260808,final_balanced,156,26,1009,983,0,862,3,25,96,36,13,6,126,43
20260808,final_balanced,157,26,1015,989,0,866,18,18,105,19,16,6,126,43
20260808,final_balanced,158,28,1021,993,0,872,13,10,111,26,17,6,126,43
20260808,final_balanced,159,31,1028,997,0,877,9,8,112,31,20,5,126,43
20260808,final_balanced,160,30,1033,1003,0,884,20,10,109,21,18,4,131,43
20260808,final_balanced,161,36,1041,1005,0,887,26,8,110,16,18,4,131,43
20260808,final_balanced,162,36,1049,1013,0,889,27,10,114,9,19,5,131,43
20260808,final_balanced,163,36,1056,1020,0,896,29,15,109,7,18,5,131,43
20260808,final_balanced,164,41,1064,1023,0,900,27,10,113,10,19,6,131,43
20260808,final_balanced,165,45,1071,1026,0,905,17,6,115,22,18,7,131,43
20260808,final_balanced,166,49,1078,1029,0,912,7,6,111,36,17,7,131,43
20260808,final_balanced,167,48,1083,1035,0,920,18,9,106,27,15,7,131,43
20260808,final_balanced,168,47,1088,1041,0,934,18,12,95,35,13,8,131,43
20260808,final_balanced,169,51,1093,1042,0,941,10,7,94,49,14,9,131,43
20260808,final_balanced,170,42,1101,1059,0,954,19,18,87,36,14,6,131,43
20260808,final_balanced,171,43,1109,1066,0,962,24,24,80,32,15,6,131,43
20260808,final_balanced,172,45,1116,1071,0,972,10,12,87,51,14,6,131,43
20260808,final_balanced,173,49,1124,1075,0,984,16,9,82,53,13,9,131,43
20260808,final_balanced,174,51,1130,1079,0,989,23,8,82,47,12,9,131,43
20260808,final_balanced,175,57,1137,1080,0,998,25,5,77,53,16,9,131,43
20260808,final_balanced,176,53,1142,1089,0,1002,26,10,77,47,16,8,131,43
20260808,final_balanced,177,44,1148,1104,0,1006,27,24,74,35,13,7,131,43
20260808,final_balanced,178,46,1153,1107,0,1012,33,18,77,32,14,7,131,43
20260808,final_balanced,179,51,1160,1109,0,1019,28,5,85,42,14,8,131,43
20260808,final_balanced,180,47,1165,1118,0,1027,23,11,80,46,16,7,121,40
20260808,final_balanced,181,39,1172,1133,0,1032,27,24,77,32,12,7,121,40
20260808,final_balanced,182,35,1180,1145,0,1034,27,27,84,22,11,6,121,40
20260808,final_balanced,183,40,1186,1146,0,1036,18,13,97,32,16,6,121,40
20260808,final_balanced,184,31,1191,1160,0,1041,16,15,104,25,17,5,121,40
20260808,final_balanced,185,27,1196,1169,0,1044,5,23,102,30,19,3,131,43
20260808,final_balanced,186,27,1201,1174,0,1053,3,14,107,36,17,3,131,43
20260808,final_balanced,187,21,1208,1187,0,1060,14,18,109,19,16,3,131,43
20260808,final_balanced,188,21,1215,1194,0,1069,16,20,105,19,15,4,131,43
20260808,final_balanced,189,24,1221,1197,0,1074,15,10,113,22,17,3,131,43
20260808,final_balanced,190,27,1229,1202,0,1080,16,8,114,22,16,3,131,43
20260808,final_balanced,191,27,1236,1209,0,1086,19,12,111,18,13,4,131,43
20260808,final_balanced,192,29,1242,1213,0,1095,25,11,107,17,13,4,131,43
20260808,final_balanced,193,30,1248,1218,0,1106,29,9,103,19,13,6,131,43
20260808,final_balanced,194,29,1255,1226,0,1110,36,13,103,8,9,6,131,43
20260808,final_balanced,195,36,1263,1227,0,1115,40,9,103,8,12,6,131,43
20260808,final_balanced,196,40,1268,1228,0,1123,43,2,103,12,11,6,131,43
20260808,final_balanced,197,38,1275,1237,0,1134,48,10,93,9,11,6,131,43
20260808,final_balanced,198,43,1283,1240,0,1142,43,12,86,19,10,6,131,43
20260808,final_balanced,199,43,1288,1245,0,1153,45,8,84,23,10,6,131,43
20260808,final_balanced,200,45,1295,1250,0,1160,48,10,80,22,11,7,131,43
20260808,final_balanced,201,47,1303,1256,0,1169,38,11,76,35,11,7,131,43
20260808,final_balanced,202,50,1311,1261,0,1177,46,11,73,30,9,9,131,43
20260808,final_balanced,203,53,1316,1263,0,1179,57,7,77,19,10,9,131,43
20260808,final_balanced,204,61,1324,1263,0,1187,63,2,74,21,10,12,131,43
20260808,final_balanced,205,55,1329,1274,0,1191,64,11,72,13,11,10,131,43
20260808,final_balanced,206,50,1334,1284,0,1199,59,21,64,16,11,11,131,43
20260808,final_balanced,207,54,1340,1286,0,1202,54,12,72,22,9,12,131,43
20260808,final_balanced,208,60,1348,1288,0,1209,60,4,75,21,9,12,131,43
20260808,final_balanced,209,65,1356,1291,0,1215,63,5,71,21,9,12,131,43
20260808,final_balanced,210,55,1362,1307,0,1223,62,19,65,14,12,10,131,43
20260808,final_balanced,211,53,1369,1316,0,1225,30,25,66,39,18,8,131,43
20260808,final_balanced,212,54,1376,1322,0,1231,17,15,76,52,19,7,131,43
20260808,final_balanced,213,45,1381,1336,0,1234,18,20,82,40,14,7,131,43
20260808,final_balanced,214,49,1389,1340,0,1236,18,18,86,38,18,7,131,43
20260808,final_balanced,215,52,1394,1342,0,1243,22,6,93,39,18,7,131,43
20260808,final_balanced,216,52,1401,1349,0,1251,32,9,89,30,20,7,131,43
20260808,final_balanced,217,43,1407,1364,0,1252,30,22,90,18,15,7,131,43
20260808,final_balanced,218,45,1415,1370,0,1256,30,21,93,16,16,7,131,43
20260808,final_balanced,219,41,1421,1380,0,1260,21,16,104,19,18,6,131,43
20260808,final_balanced,220,41,1426,1385,0,1266,15,15,104,26,18,5,131,43
20260808,final_balanced,221,43,1431,1388,0,1271,27,8,109,16,19,4,131,43
20260808,final_balanced,222,46,1437,1391,0,1274,36,6,111,7,21,4,131,43
20260808,final_balanced,223,47,1442,1395,0,1283,41,7,105,7,22,4,131,43
20260808,final_balanced,224,49,1448,1399,0,1291,35,8,100,17,24,6,131,43
20260808,final_balanced,225,51,1455,1404,0,1303,29,9,92,30,23,6,131,43
20260808,final_balanced,226,52,1460,1408,0,1312,42,9,87,22,23,7,131,43
20260808,final_balanced,227,51,1465,1414,0,1320,44,10,84,22,22,6,131,43
20260808,final_balanced,228,57,1473,1416,0,1328,27,8,80,45,22,6,131,43
20260808,final_balanced,229,60,1479,1419,0,1337,23,5,77,55,21,9,131,43
20260808,final_balanced,230,56,1484,1428,0,1343,25,12,73,50,18,8,131,43
20260808,final_balanced,231,45,1490,1445,0,1350,24,26,69,41,10,9,131,43
20260808,final_balanced,232,51,1498,1447,0,1359,37,19,69,35,12,11,131,43
20260808,final_balanced,233,53,1505,1452,0,1363,32,7,82,39,13,9,131,43
20260808,final_balanced,234,50,1511,1461,0,1372,41,14,75,30,11,8,131,43
20260808,final_balanced,235,54,1519,1465,0,1379,56,13,73,18,11,8,111,40
20260808,final_balanced,236,57,1524,1467,0,1381,49,6,80,25,12,8,111,40
20260808,final_balanced,237,60,1529,1469,0,1384,36,4,81,39,11,10,111,40
20260808,final_balanced,238,62,1536,1474,0,1389,21,7,78,54,10,11,111,40
20260808,final_balanced,239,68,1544,1476,0,1395,22,7,74,57,12,11,111,40
20260808,final_balanced,240,56,1549,1493,0,1403,14,19,71,56,13,8,131,43
20260808,final_balanced,241,44,1554,1510,0,1409,5,34,67,54,14,6,131,43
20260808,final_balanced,242,32,1559,1527,0,1414,7,34,79,40,13,5,131,43
20260808,final_balanced,243,14,1565,1551,0,1418,9,41,92,18,7,3,131,43
20260808,final_balanced,244,6,1572,1566,0,1422,9,39,105,7,5,2,131,43
20260808,final_balanced,245,6,1577,1571,0,1431,13,20,120,7,6,1,131,43
20260808,final_balanced,246,12,1585,1573,0,1438,7,7,128,18,11,2,131,43
20260808,final_balanced,247,16,1592,1576,0,1443,1,5,128,26,15,2,131,43
20260808,final_balanced,248,16,1599,1583,0,1444,0,10,129,21,12,2,131,43
20260808,final_balanced,249,18,1605,1587,0,1451,1,11,125,23,12,3,131,43
20260808,final_balanced,250,22,1611,1589,0,1458,3,6,125,26,12,4,131,43
20260808,final_balanced,251,27,1619,1592,0,1465,7,5,122,26,13,5,131,43
20260808,final_balanced,252,32,1625,1593,0,1470,8,4,119,29,13,6,131,43
20260808,final_balanced,253,29,1633,1604,0,1481,13,12,111,24,11,6,131,43
20260808,final_balanced,254,26,1638,1612,0,1491,15,19,102,24,10,6,131,43
20260808,final_balanced,255,30,1645,1615,0,1497,13,11,107,29,11,6,122,43
20260808,final_balanced,256,31,1652,1621,0,1508,29,9,104,18,12,5,122,43
20260808,final_balanced,257,34,1658,1624,0,1516,39,9,99,13,12,6,122,43
20260808,final_balanced,258,37,1666,1629,0,1523,43,8,98,11,11,7,122,43
20260808,final_balanced,259,42,1674,1632,0,1528,41,8,96,15,12,8,122,43
20260808,final_balanced,260,45,1680,1635,0,1547,37,6,82,35,11,7,131,43
20260808,final_balanced,261,47,1685,1638,0,1555,44,6,77,33,10,8,131,43
20260808,final_balanced,262,48,1692,1644,0,1564,56,9,71,24,10,8,131,43
20260808,final_balanced,263,52,1697,1645,0,1571,50,7,67,36,11,8,131,43
20260808,final_balanced,264,40,1702,1662,0,1583,54,18,61,27,10,7,131,43
20260808,final_balanced,265,35,1708,1673,0,1588,58,28,57,17,11,8,131,43
20260808,final_balanced,266,39,1714,1675,0,1596,57,13,66,24,11,8,131,43
20260808,final_balanced,267,44,1721,1677,0,1598,57,4,75,24,10,8,131,43
20260808,final_balanced,268,48,1729,1681,0,1602,58,6,73,23,9,8,131,43
20260808,final_balanced,269,51,1736,1685,0,1605,67,8,72,13,10,8,131,43
20260808,final_balanced,270,54,1744,1690,0,1612,64,9,69,18,14,8,131,43
20260808,final_balanced,271,59,1750,1691,0,1617,49,6,68,37,17,8,131,43
20260808,final_balanced,272,56,1757,1701,0,1617,39,11,73,37,16,8,131,43
20260808,final_balanced,273,44,1763,1719,0,1622,38,28,69,25,11,8,131,43
20260808,final_balanced,274,46,1768,1722,0,1626,28,21,75,36,13,7,131,43
20260808,final_balanced,275,44,1775,1731,0,1630,19,12,89,40,15,6,131,43
20260808,final_balanced,276,33,1782,1749,0,1637,12,27,85,36,18,3,131,43
20260808,final_balanced,277,35,1788,1753,0,1648,15,22,83,40,18,3,131,43
20260808,final_balanced,278,39,1796,1757,0,1654,27,8,95,30,18,5,131,43
20260808,final_balanced,279,41,1803,1762,0,1657,35,9,96,20,20,5,131,43
20260808,final_balanced,280,36,1811,1775,0,1661,24,18,96,22,13,5,131,43
20260808,final_balanced,281,35,1817,1782,0,1662,8,20,100,32,10,7,131,43
20260808,final_balanced,282,39,1823,1784,0,1670,22,9,105,24,10,7,131,43
20260808,final_balanced,283,44,1828,1784,0,1678,43,2,104,11,11,8,131,43
20260808,final_balanced,284,48,1836,1788,0,1682,39,4,102,15,10,9,131,43
20260808,final_balanced,285,52,1843,1791,0,1687,32,7,97,24,10,9,121,40
20260808,final_balanced,286,58,1851,1793,0,1694,35,5,94,26,11,10,121,40
20260808,final_balanced,287,59,1856,1797,0,1700,29,6,91,34,10,11,121,40
20260808,final_balanced,288,63,1864,1801,0,1706,30,8,87,35,10,11,121,40
20260808,final_balanced,289,66,1869,1803,0,1714,51,6,83,20,11,12,121,40
20260808,final_balanced,290,69,1877,1808,0,1716,50,7,85,18,10,12,126,43
20260808,final_balanced,291,71,1883,1812,0,1726,50,9,77,24,10,12,126,43
20260808,final_balanced,292,77,1890,1813,0,1733,52,5,75,28,12,12,126,43
20260808,final_balanced,293,78,1895,1817,0,1742,48,5,70,37,11,14,126,43
20260808,final_balanced,294,78,1902,1824,0,1749,52,11,64,33,11,12,126,43
20260808,final_balanced,295,81,1908,1827,0,1759,48,10,58,44,12,12,131,43
20260808,final_balanced,296,76,1915,1839,0,1769,41,15,55,49,11,13,131,43
20260808,final_balanced,297,71,1923,1852,0,1771,42,25,56,37,10,11,131,43
20260808,final_balanced,298,76,1930,1854,0,1777,38,15,62,45,12,12,131,43
20260808,final_balanced,299,70,1935,1865,0,1780,28,13,72,47,12,11,131,43
20260808,final_balanced,300,63,1943,1880,0,1785,30,26,69,35,17,10,131,43
20260808,final_balanced,301,66,1948,1882,0,1789,30,17,76,37,18,10,131,43
20260808,final_balanced,302,69,1954,1885,0,1793,35,5,87,33,19,10,131,43
20260808,final_balanced,303,52,1960,1908,0,1796,33,26,86,15,14,8,131,43
20260808,final_balanced,304,59,1968,1909,0,1797,30,24,88,18,19,8,131,43
20260808,final_balanced,305,60,1974,1914,0,1799,28,6,109,17,20,8,131,43
20260808,final_balanced,306,65,1980,1915,0,1807,20,6,102,32,20,8,131,43
20260808,final_balanced,307,70,1987,1917,0,1810,10,3,104,43,20,8,131,43
20260808,final_balanced,308,63,1993,1930,0,1816,22,15,99,24,19,8,131,43
20260808,final_balanced,309,64,1999,1935,0,1827,29,18,90,23,20,8,131,43
20260808,final_balanced,310,64,2005,1941,0,1831,25,11,99,25,21,8,131,43
20260808,final_balanced,311,66,2010,1944,0,1842,26,9,93,32,21,8,131,43
20260808,final_balanced,312,66,2016,1950,0,1850,17,9,91,43,20,8,131,43
20260808,final_balanced,313,59,2021,1962,0,1859,23,18,85,34,20,8,131,43
20260808,final_balanced,314,59,2026,1967,0,1866,31,17,84,28,21,7,131,43
20260808,final_balanced,315,61,2032,1971,0,1870,33,9,92,26,19,6,131,43
20260808,final_balanced,316,52,2038,1986,0,1879,39,19,88,14,19,6,131,43
20260808,final_balanced,317,47,2044,1997,0,1881,40,26,90,4,16,7,131,43
20260808,final_balanced,318,51,2051,2000,0,1888,41,14,98,7,16,8,131,43
20260808,final_balanced,319,57,2058,2001,0,1896,42,4,101,13,16,9,131,43
20260808,final_balanced,320,61,2066,2005,0,1905,44,5,95,16,13,11,131,43
20260808,final_balanced,321,63,2074,2011,0,1912,45,10,89,16,11,11,131,43
20260808,final_balanced,322,66,2081,2015,0,1919,50,10,86,14,11,11,131,43
20260808,final_balanced,323,71,2086,2015,0,1925,47,4,86,23,12,12,131,43
20260808,final_balanced,324,70,2091,2021,0,1931,41,6,84,29,11,12,131,43
20260808,final_balanced,325,67,2096,2029,0,1933,32,14,82,32,10,13,131,43
20260808,final_balanced,326,72,2104,2032,0,1938,34,11,83,32,11,13,131,43
20260808,final_balanced,327,80,2112,2032,0,1948,44,3,81,32,12,14,131,43
20260808,final_balanced,328,82,2118,2036,0,1955,51,4,77,28,12,13,131,43
20260808,final_balanced,329,82,2125,2043,0,1964,43,11,68,38,13,13,131,43
20260808,final_balanced,330,83,2131,2048,0,1967,14,12,69,65,17,12,131,43
20260808,final_balanced,331,85,2138,2053,0,1980,21,10,63,66,18,12,131,43
20260808,final_balanced,332,85,2144,2059,0,1986,31,11,62,56,19,12,131,43
20260808,final_balanced,333,69,2150,2081,0,1988,18,28,65,49,17,11,131,43
20260808,final_balanced,334,61,2155,2094,0,1994,22,35,65,38,13,11,131,43
20260808,final_balanced,335,61,2160,2099,0,1998,20,18,83,39,13,11,121,40
20260808,final_balanced,336,59,2165,2106,0,2008,24,12,86,38,12,11,121,40
20260808,final_balanced,337,61,2172,2111,0,2011,32,12,88,28,16,11,121,40
20260808,final_balanced,338,64,2179,2115,0,2013,17,9,93,41,19,10,121,40
20260808,final_balanced,339,63,2184,2121,0,2017,16,10,94,40,18,10,121,40
20260808,final_balanced,340,41,2189,2148,0,2021,17,33,94,16,14,6,131,43
20260808,final_balanced,341,35,2196,2161,0,2025,14,40,96,10,16,5,131,43
20260808,final_balanced,342,37,2204,2167,0,2030,4,19,118,19,18,5,131,43
20260808,final_balanced,343,40,2210,2170,0,2035,2,9,126,23,20,5,131,43
20260808,final_balanced,344,41,2215,2174,0,2043,3,7,124,26,21,5,131,43
20260808,final_balanced,345,46,2222,2176,0,2048,3,6,122,29,23,5,131,43
20260808,final_balanced,346,48,2230,2182,0,2051,2,8,123,27,21,5,131,43
20260808,final_balanced,347,48,2237,2189,0,2058,12,13,118,17,23,5,131,43
20260808,final_balanced,348,51,2245,2194,0,2060,21,12,122,5,21,5,131,43
20260808,final_balanced,349,53,2251,2198,0,2074,24,9,115,12,20,5,131,43
20260808,final_balanced,350,57,2256,2199,0,2083,25,5,111,19,20,6,131,43
20260808,final_balanced,351,51,2263,2211,1,2098,27,13,100,20,19,5,131,43
20260808,final_balanced,352,48,2269,2217,4,2109,24,18,90,28,20,6,131,43
20260808,final_balanced,353,41,2275,2230,4,2116,15,19,95,31,14,6,131,43
20260808,final_balanced,354,44,2283,2235,4,2125,9,18,92,41,13,6,131,43
20260808,final_balanced,355,47,2288,2237,4,2131,10,7,99,44,11,8,131,43
20260808,final_balanced,356,43,2295,2248,4,2143,23,13,92,32,10,8,131,43
20260808,final_balanced,357,35,2301,2262,4,2152,32,25,85,18,12,6,131,43
20260808,final_balanced,358,27,2306,2275,4,2159,29,27,89,15,11,5,131,43
20260808,final_balanced,359,30,2313,2279,4,2164,31,17,98,14,11,5,131,43
20260808,final_balanced,360,35,2320,2281,4,2169,37,6,106,11,16,5,126,43
20260808,final_balanced,361,40,2328,2284,4,2179,9,5,100,46,21,5,126,43
20260808,final_balanced,362,36,2333,2293,4,2187,4,12,94,50,19,5,126,43
20260808,final_balanced,363,25,2341,2312,4,2190,5,28,94,33,14,4,126,43
20260808,final_balanced,364,27,2347,2316,4,2198,16,23,95,26,18,3,126,43
20260808,final_balanced,365,20,2352,2328,4,2205,23,16,107,14,15,3,131,43
20260808,final_balanced,366,21,2358,2333,4,2210,12,17,106,25,14,3,131,43
20260808,final_balanced,367,20,2366,2342,4,2216,8,14,112,26,10,5,131,43
20260808,final_balanced,368,22,2371,2345,4,2221,11,12,112,25,12,4,131,43
20260808,final_balanced,369,23,2376,2349,4,2228,19,7,114,20,11,4,131,43
20260808,final_balanced,370,29,2384,2351,4,2234,28,6,111,15,13,4,131,43
20260808,final_balanced,371,34,2391,2353,4,2242,35,4,107,14,12,5,131,43
20260808,final_balanced,372,32,2399,2363,4,2249,37,12,102,9,12,4,131,43
20260808,final_balanced,373,37,2406,2365,4,2256,35,12,97,16,11,6,131,43
20260808,final_balanced,374,42,2414,2368,4,2260,36,5,103,16,10,6,131,43
20260808,final_balanced,375,47,2420,2369,4,2270,53,4,95,8,12,6,131,43
20260808,final_balanced,376,55,2428,2369,4,2278,43,1,90,26,12,9,131,43
20260808,final_balanced,377,57,2433,2372,4,2286,30,3,83,44,10,10,131,43
20260808,final_balanced,378,61,2440,2375,4,2295,54,6,74,26,10,10,131,43
20260808,final_balanced,379,64,2445,2377,4,2306,72,5,66,17,11,10,131,43
20260808,final_balanced,380,64,2451,2383,4,2314,70,8,61,21,10,11,115,42
20260808,final_balanced,381,70,2459,2385,4,2320,81,8,57,14,11,11,115,42
20260808,final_balanced,382,75,2466,2387,4,2324,65,4,59,32,13,11,115,42
20260808,final_balanced,383,76,2472,2392,4,2329,49,7,56,48,11,12,115,42
20260808,final_balanced,384,71,2478,2403,4,2336,51,16,51,42,10,13,115,42
20260808,final_balanced,385,75,2484,2405,4,2343,61,13,49,37,12,14,131,43
20260808,final_balanced,386,73,2490,2413,4,2347,49,10,56,45,10,14,131,43
20260808,final_balanced,387,74,2496,2418,4,2353,53,13,52,42,10,17,131,43
20260808,final_balanced,388,74,2503,2425,4,2356,61,12,57,30,10,17,131,43
20260808,final_balanced,389,77,2511,2430,4,2361,54,12,57,37,10,19,131,43
20260808,final_balanced,390,73,2517,2440,4,2364,59,15,61,25,13,18,121,40
20260808,final_balanced,391,66,2522,2452,4,2365,38,22,65,35,15,14,121,40
20260808,final_balanced,392,67,2528,2457,4,2365,29,17,75,39,16,14,121,40
20260808,final_balanced,393,59,2534,2471,4,2368,42,19,84,15,11,14,121,40
20260808,final_balanced,394,65,2541,2472,4,2373,39,15,84,22,15,14,121,40
20260808,final_balanced,395,64,2546,2478,4,2378,25,7,93,35,16,14,131,43
20260808,final_balanced,396,66,2554,2484,4,2383,29,12,89,30,19,14,131,43
20260808,final_balanced,397,66,2559,2489,4,2388,35,11,90,24,18,14,131,43
20260808,final_balanced,398,70,2566,2492,4,2396,45,8,88,19,20,14,131,43
20260808,final_balanced,399,71,2571,2496,4,2402,37,7,87,29,19,14,131,43
20260808,final_balanced,400,75,2578,2499,4,2410,39,7,82,32,20,14,131,43
20260808,final_balanced,401,81,2586,2501,4,2416,53,5,80,22,19,14,131,43
20260808,final_balanced,402,80,2591,2507,4,2420,58,8,79,15,19,14,131,43
20260808,final_balanced,403,74,2599,2521,4,2428,61,20,73,6,18,10,131,43
20260808,final_balanced,404,77,2605,2524,4,2431,59,17,76,8,20,10,131,43
20260808,final_balanced,405,78,2610,2528,4,2437,42,7,84,27,20,10,131,43
20260808,final_balanced,406,78,2615,2533,4,2442,34,9,82,35,17,9,131,43
20260808,final_balanced,407,78,2620,2538,4,2445,46,10,83,21,16,9,131,43
20260808,final_balanced,408,79,2626,2543,4,2453,55,10,80,15,18,8,131,43
20260808,final_balanced,409,76,2633,2553,4,2464,61,15,74,10,20,9,131,43
20260808,final_balanced,410,75,2640,2561,4,2468,50,18,75,17,20,8,131,43
20260808,final_balanced,411,79,2648,2565,4,2476,44,12,77,27,18,9,131,43
20260808,final_balanced,412,78,2655,2568,9,2478,51,7,83,19,18,9,131,43
20260808,final_balanced,413,77,2663,2572,14,2484,41,7,81,31,19,13,131,43
20260808,final_balanced,414,74,2670,2578,18,2490,17,10,78,55,12,15,131,43
20260808,final_balanced,415,74,2676,2584,18,2493,21,12,79,48,13,15,131,43
20260808,final_balanced,416,76,2682,2588,18,2500,45,10,78,27,14,15,131,43
20260808,final_balanced,417,70,2688,2600,18,2509,58,16,75,11,14,12,131,43
20260808,final_balanced,418,67,2693,2608,18,2515,50,20,73,17,16,11,131,43
20260808,final_balanced,419,70,2699,2611,18,2517,24,11,83,42,14,13,131,43
20260808,final_balanced,420,74,2706,2614,18,2524,15,6,84,55,18,13,131,43
20260808,final_balanced,421,78,2711,2615,18,2529,6,4,82,68,21,13,131,43
20260808,final_balanced,422,62,2716,2636,18,2534,6,22,80,52,20,12,131,43
20260808,final_balanced,423,36,2721,2667,18,2539,13,52,76,19,13,10,131,43
20260808,final_balanced,424,36,2727,2673,18,2542,17,37,94,12,14,10,131,43
20260808,final_balanced,425,34,2735,2683,18,2554,4,16,113,27,15,10,131,43
20260808,final_balanced,426,36,2740,2686,18,2557,3,13,116,28,16,10,131,43
20260808,final_balanced,427,41,2748,2689,18,2563,6,6,120,28,19,10,131,43
20260808,final_balanced,428,44,2754,2692,18,2568,5,6,118,31,19,10,131,43
20260808,final_balanced,429,32,2762,2712,18,2572,7,23,117,13,18,5,131,43
20260808,final_balanced,430,33,2768,2717,18,2579,11,25,113,11,20,4,131,43
20260808,final_balanced,431,34,2774,2722,18,2583,10,10,129,11,19,4,131,43
20260808,final_balanced,432,36,2780,2726,18,2589,13,9,128,10,17,4,131,43
20260808,final_balanced,433,40,2788,2730,18,2595,15,8,127,10,15,6,131,43
20260808,final_balanced,434,43,2794,2733,18,2604,16,7,122,15,15,7,131,43
20260808,final_balanced,435,43,2799,2738,18,2609,11,8,121,20,17,6,131,43
20260808,final_balanced,436,39,2806,2749,18,2616,10,16,117,17,14,6,131,43
20260808,final_balanced,437,43,2813,2752,18,2629,11,14,109,26,13,7,131,43
20260808,final_balanced,438,46,2821,2757,18,2640,12,8,109,31,11,8,131,43
20260808,final_balanced,439,47,2829,2764,18,2648,23,12,104,21,12,8,131,43
20260808,final_balanced,440,45,2836,2773,18,2658,28,16,99,17,11,7,131,43
20260808,final_balanced,441,45,2842,2779,18,2668,35,15,96,14,10,8,131,43
20260808,final_balanced,442,50,2850,2782,18,2676,33,9,97,21,11,8,131,43
20260808,final_balanced,443,56,2858,2784,18,2687,27,5,92,36,13,8,131,43
20260808,final_balanced,444,55,2863,2790,18,2697,27,8,85,40,13,7,131,43
20260808,final_balanced,445,49,2869,2802,18,2703,19,18,81,42,12,8,121,40
20260808,final_balanced,446,50,2877,2809,18,2712,17,19,78,46,12,8,121,40
20260808,final_balanced,447,53,2885,2814,18,2719,7,12,83,58,13,8,121,40
20260808,final_balanced,448,54,2891,2819,18,2722,5,10,87,58,11,8,121,40
20260808,final_balanced,449,45,2896,2833,18,2728,7,19,86,48,11,7,121,40
20260808,final_balanced,450,39,2901,2844,18,2732,10,25,87,38,15,6,131,43
20260808,final_balanced,451,29,2906,2859,18,2738,2,26,95,37,17,3,131,43
20260808,final_balanced,452,32,2914,2864,18,2742,1,20,102,37,21,3,131,43
20260808,final_balanced,453,24,2919,2877,18,2751,2,18,108,32,16,3,131,43
20260808,final_balanced,454,28,2927,2881,18,2757,10,17,107,26,18,3,131,43
20260808,final_balanced,455,26,2932,2888,18,2761,13,11,116,20,15,5,131,43
20260808,final_balanced,456,29,2940,2893,18,2769,15,12,112,21,16,7,131,43
20260808,final_balanced,457,31,2947,2898,18,2777,11,10,111,28,15,7,131,43
20260808,final_balanced,458,28,2953,2907,18,2783,11,14,110,25,12,7,131,43
20260808,final_balanced,459,19,2958,2921,18,2791,9,23,107,21,11,3,131,43
20260808,final_balanced,460,24,2966,2924,18,2799,3,17,108,32,9,5,131,43
20260808,final_balanced,461,29,2971,2924,18,2803,17,3,118,22,10,6,131,43
20260808,final_balanced,462,31,2978,2929,18,2812,24,5,112,19,9,6,131,43
20260808,final_balanced,463,36,2984,2930,18,2818,23,6,106,25,9,6,131,43
20260808,final_balanced,464,41,2992,2933,18,2826,29,4,103,24,9,8,131,43
20260808,final_balanced,465,45,2999,2936,18,2831,33,6,99,22,10,8,131,43
20260808,final_balanced,466,46,3004,2940,18,2842,44,7,91,18,10,8,131,43
20260808,final_balanced,467,54,3012,2940,18,2849,48,4,87,21,11,9,131,43
20260808,final_balanced,468,54,3017,2945,18,2857,37,5,83,35,10,8,131,43
20260808,final_balanced,469,59,3025,2948,18,2866,46,8,74,32,9,10,131,43
20260808,final_balanced,470,61,3031,2952,18,2880,75,7,65,13,9,9,131,43
20260808,final_balanced,471,67,3038,2953,18,2888,89,5,60,6,10,11,131,43
20260808,final_balanced,472,72,3046,2956,18,2896,86,4,56,14,10,13,131,43
20260808,final_balanced,473,73,3052,2961,18,2898,76,8,55,21,9,12,131,43
20260808,final_balanced,474,78,3060,2964,18,2910,81,8,46,25,11,13,131,43
20260808,final_balanced,475,83,3066,2965,18,2913,71,4,48,37,11,14,131,43
20260808,final_balanced,476,75,3073,2980,18,2920,74,16,44,26,11,14,131,43
20260808,final_balanced,477,72,3081,2991,18,2927,59,26,38,37,13,14,131,43
20260808,final_balanced,478,75,3087,2994,18,2930,41,14,50,55,11,13,131,43
20260808,final_balanced,479,66,3092,3008,18,2931,47,17,60,36,10,12,131,43
20260808,final_balanced,480,71,3099,3010,18,2932,50,16,62,32,16,12,131,43
20260808,final_balanced,481,67,3106,3021,18,2933,31,13,75,41,17,11,131,43
20260808,final_balanced,482,56,3114,3040,18,2936,22,30,74,34,15,8,131,43
20260808,final_balanced,483,48,3119,3053,18,2937,21,32,84,23,15,8,131,43
20260808,final_balanced,484,52,3126,3056,18,2942,12,16,98,34,18,8,131,43
20260808,final_balanced,485,57,3133,3058,18,2943,13,5,110,32,19,8,131,43
20260808,final_balanced,486,61,3140,3061,18,2949,35,5,107,13,20,7,131,43
20260808,final_balanced,487,66,3146,3062,18,2958,40,4,100,16,19,7,131,43
20260808,final_balanced,488,71,3152,3063,18,2966,34,2,95,29,19,7,131,43
20260808,final_balanced,489,73,3157,3066,18,2970,34,4,92,30,22,6,131,43
20260808,final_balanced,490,73,3164,3073,18,2974,33,10,89,28,23,8,126,43
20260808,final_balanced,491,77,3172,3077,18,2978,25,11,88,36,25,7,126,43
20260808,final_balanced,492,80,3180,3082,18,2985,25,9,88,38,26,8,126,43
20260808,final_balanced,493,75,3188,3095,18,2990,16,18,87,39,26,7,126,43
20260808,final_balanced,494,65,3194,3111,18,2997,17,29,85,29,23,7,126,43
20260808,final_balanced,495,67,3199,3114,18,3002,17,19,93,31,25,7,131,43
20260808,final_balanced,496,69,3205,3118,18,3009,14,7,102,37,23,7,131,43
20260808,final_balanced,497,59,3211,3134,18,3018,14,20,96,30,23,8,131,43
20260808,final_balanced,498,59,3218,3141,18,3024,12,23,94,31,20,8,131,43
20260808,final_balanced,499,58,3223,3147,18,3032,8,13,102,37,17,8,131,43
20260808,final_balanced,500,61,3228,3149,18,3039,20,8,102,30,16,9,131,43
20260808,final_balanced,501,48,3234,3168,18,3050,29,21,97,13,16,7,131,43
20260808,final_balanced,502,50,3241,3173,18,3057,31,24,92,13,14,8,131,43
20260808,final_balanced,503,51,3247,3178,18,3063,35,10,105,10,13,9,131,43
20260808,final_balanced,504,54,3253,3181,18,3071,35,8,102,15,12,10,131,43
20260808,final_balanced,505,55,3258,3185,18,3078,27,7,100,26,11,10,131,43
20260808,final_balanced,506,57,3265,3190,18,3084,9,9,97,45,13,11,131,43
20260808,final_balanced,507,59,3270,3193,18,3089,9,8,96,47,13,11,131,43
20260808,final_balanced,508,53,3276,3205,18,3092,18,15,98,29,10,11,131,43
20260808,final_balanced,509,57,3281,3206,18,3102,38,13,91,18,11,10,131,43
20260808,final_balanced,510,59,3288,3211,18,3108,45,6,97,12,15,10,131,43
20260808,final_balanced,511,59,3293,3216,18,3117,29,10,89,32,17,10,131,43
20260808,final_balanced,512,60,3300,3222,18,3124,31,11,87,31,19,10,131,43
20260808,final_balanced,513,46,3308,3244,18,3133,39,28,83,10,10,10,131,43
20260808,final_balanced,514,44,3316,3254,18,3143,43,32,79,6,10,10,131,43
20260808,final_balanced,515,48,3323,3257,18,3150,34,13,94,19,15,9,131,43
20260808,final_balanced,516,52,3328,3258,18,3156,28,4,98,30,16,9,131,43
20260808,final_balanced,517,49,3336,3269,18,3166,31,12,91,26,16,9,131,43
20260808,final_balanced,518,54,3344,3272,18,3173,31,14,85,30,18,9,131,43
20260808,final_balanced,519,47,3350,3285,18,3179,22,16,90,32,16,9,131,43
20260808,final_balanced,520,38,3357,3301,18,3184,22,29,88,21,16,5,101,38
20260808,final_balanced,521,38,3362,3306,18,3185,22,21,100,17,17,5,101,38
20260808,final_balanced,522,38,3368,3312,18,3189,21,11,112,16,17,5,101,38
20260808,final_balanced,523,33,3375,3324,18,3195,16,18,111,15,18,3,101,38
20260808,final_balanced,524,35,3381,3328,18,3202,16,16,110,18,18,3,101,38
20260808,final_balanced,525,36,3387,3333,18,3206,14,9,118,19,17,5,126,43
20260808,final_balanced,526,36,3394,3340,18,3215,14,12,113,21,16,5,126,43
20260808,final_balanced,527,39,3401,3344,18,3219,15,11,114,20,14,6,126,43
20260808,final_balanced,528,38,3409,3353,18,3222,15,13,118,14,11,7,126,43
20260808,final_balanced,529,37,3414,3359,18,3229,22,15,115,8,9,6,126,43
20260808,final_balanced,530,41,3421,3362,18,3242,31,9,111,9,9,6,131,43
20260808,final_balanced,531,45,3428,3365,18,3248,35,6,111,8,9,7,131,43
20260808,final_balanced,532,48,3435,3369,18,3256,38,7,106,9,11,8,131,43
20260808,final_balanced,533,50,3441,3373,18,3268,34,8,97,21,12,8,131,43
20260808,final_balanced,534,51,3448,3379,18,3280,28,10,89,33,11,10,131,43
20260808,final_balanced,535,50,3455,3387,18,3288,32,14,85,29,10,10,131,43
20260808,final_balanced,536,52,3462,3392,18,3295,41,13,84,22,11,8,131,43
20260808,final_balanced,537,47,3467,3402,18,3303,38,15,84,23,11,8,131,43
20260808,final_balanced,538,43,3473,3412,18,3309,35,20,83,22,9,11,131,43
20260808,final_balanced,539,47,3480,3415,18,3318,40,13,84,23,10,11,131,43
20260808,final_balanced,540,52,3486,3416,18,3326,40,4,86,30,15,11,131,43
20260808,final_balanced,541,43,3491,3430,18,3333,21,15,82,42,17,8,131,43
20260808,final_balanced,542,33,3499,3448,18,3339,15,32,77,36,16,6,131,43
20260808,final_balanced,543,24,3506,3464,18,3345,17,34,85,24,11,6,131,43
20260808,final_balanced,544,29,3514,3467,18,3348,12,19,100,29,16,5,131,43
20260808,final_balanced,545,21,3521,3482,18,3351,10,18,113,19,13,4,131,43
20260808,final_balanced,546,28,3529,3483,18,3355,9,16,112,23,16,4,131,43
20260808,final_balanced,547,31,3534,3485,18,3361,9,3,121,27,17,4,131,43
20260808,final_balanced,548,21,3539,3500,18,3368,13,17,115,15,13,3,131,43
20260808,final_balanced,549,25,3547,3504,18,3379,13,19,106,22,12,4,131,43
20260808,final_balanced,550,28,3553,3507,18,3385,17,7,115,21,10,5,126,43
20260808,final_balanced,551,32,3561,3511,18,3394,26,7,110,17,12,6,126,43
20260808,final_balanced,552,36,3567,3513,18,3403,26,6,104,24,14,6,126,43
20260808,final_balanced,553,29,3572,3525,18,3411,30,14,100,16,11,6,126,43
20260808,final_balanced,554,29,3579,3532,18,3420,41,19,93,7,10,6,126,43
20260808,final_balanced,555,29,3584,3537,18,3430,49,12,95,4,10,6,131,43
20260808,final_balanced,556,31,3591,3542,18,3436,51,10,96,3,10,6,131,43
20260808,final_balanced,557,36,3596,3542,18,3444,57,5,93,5,10,7,131,43
20260808,final_balanced,558,37,3601,3546,18,3450,60,4,92,4,10,7,131,43
20260808,final_balanced,559,39,3606,3549,18,3459,66,7,83,4,10,9,131,43
20260808,final_balanced,560,41,3611,3552,18,3464,70,6,82,2,10,9,131,43
20260808,final_balanced,561,45,3618,3555,18,3470,73,6,79,2,11,8,131,43
20260808,final_balanced,562,50,3623,3555,18,3480,72,3,72,13,11,8,131,43
20260808,final_balanced,563,55,3631,3558,18,3485,74,3,70,13,10,9,131,43
20260808,final_balanced,564,56,3638,3564,18,3493,84,9,62,5,11,9,131,43
20260808,final_balanced,565,59,3645,3568,18,3501,79,10,57,14,10,10,131,43
20260808,final_balanced,566,61,3650,3571,18,3509,82,7,55,16,10,10,131,43
20260808,final_balanced,567,62,3656,3576,18,3517,84,8,51,17,11,9,131,43
20260808,final_balanced,568,65,3664,3581,18,3522,79,10,49,22,11,9,131,43
20260808,final_balanced,569,59,3670,3593,18,3524,71,17,52,20,11,8,131,43
20260808,final_balanced,570,65,3678,3595,18,3531,67,14,50,29,17,8,121,43
20260808,final_balanced,571,72,3686,3596,18,3534,41,3,59,57,21,8,121,43
20260808,final_balanced,572,58,3691,3615,18,3536,15,20,59,66,18,8,121,43
20260808,final_balanced,573,37,3698,3643,18,3537,10,47,59,44,12,8,121,43
20260808,final_balanced,574,41,3705,3646,18,3542,28,31,73,28,14,8,121,43
20260808,final_balanced,575,45,3710,3647,18,3545,34,4,98,24,17,8,131,43
20260808,final_balanced,576,49,3717,3650,18,3547,33,4,99,24,19,8,131,43
20260808,final_balanced,577,48,3725,3659,18,3550,33,12,97,18,22,5,131,43
20260808,final_balanced,578,44,3732,3670,18,3556,35,20,94,11,20,5,131,43
20260808,final_balanced,579,45,3737,3674,18,3559,35,15,100,10,18,6,131,43
20260808,final_balanced,580,47,3742,3677,18,3562,37,7,108,8,17,6,131,43
20260808,final_balanced,581,49,3749,3682,18,3565,29,8,109,14,16,8,131,43
20260808,final_balanced,582,53,3756,3685,18,3572,21,8,105,26,15,8,131,43
20260808,final_balanced,583,55,3761,3688,18,3578,30,6,104,20,14,8,131,43
20260808,final_balanced,584,55,3766,3693,18,3590,36,8,95,21,10,9,131,43
20260808,final_balanced,585,59,3772,3695,18,3597,32,7,91,30,12,9,131,43
20260808,final_balanced,586,62,3777,3697,18,3607,33,4,86,37,12,10,131,43
20260808,final_balanced,587,62,3783,3703,18,3615,39,8,80,33,9,11,131,43
20260808,final_balanced,588,64,3788,3706,18,3621,58,9,76,17,9,12,131,43
20260808,final_balanced,589,68,3793,3707,18,3630,74,4,73,9,9,13,131,43
20260808,final_balanced,590,69,3801,3714,18,3639,80,8,67,5,9,13,131,43
20260808,final_balanced,591,74,3809,3717,18,3645,83,10,62,5,10,14,131,43
20260808,final_balanced,592,75,3814,3721,18,3651,82,7,63,8,10,13,131,43
20260808,final_balanced,593,78,3819,3723,18,3655,84,6,62,8,10,15,131,43
20260808,final_balanced,594,81,3824,3725,18,3665,82,4,56,18,10,15,131,43
20260808,final_balanced,595,86,3832,3728,18,3674,87,5,49,19,10,17,131,43
20260808,final_balanced,596,85,3837,3734,18,3677,99,9,48,4,10,18,131,43
20260808,final_balanced,597,88,3842,3736,18,3677,99,8,51,2,11,19,131,43
20260808,final_balanced,598,93,3848,3737,18,3683,94,3,51,12,11,19,131,43
20260808,final_balanced,599,99,3855,3738,18,3690,85,2,46,27,11,19,131,43
20260808,final_balanced,600,100,3861,3743,18,3691,78,6,46,30,13,18,121,40
20260808,final_balanced_to12,1,5,7,2,0,0,153,2,0,5,3,2,131,43
20260808,final_balanced_to12,2,11,13,2,0,0,105,2,0,53,8,2,131,43
20260808,final_balanced_to12,3,14,21,7,0,0,94,5,2,59,9,3,131,43
20260808,final_balanced_to12,4,1,29,28,0,0,105,26,2,27,1,1,131,43
20260808,final_balanced_to12,5,4,37,33,0,0,102,26,7,25,4,1,131,43
20260808,final_balanced_to12,6,9,44,35,0,0,109,7,28,16,7,3,131,43
20260808,final_balanced_to12,7,17,52,35,0,0,100,2,33,25,10,3,131,43
20260808,final_balanced_to12,8,16,60,44,0,0,88,9,35,28,9,4,131,43
20260808,final_balanced_to12,9,12,68,56,0,0,79,21,35,25,8,3,131,43
20260808,final_balanced_to12,10,19,75,56,0,0,77,12,44,27,10,4,131,43
20260808,final_balanced_to12,11,19,82,63,0,0,64,7,56,33,10,5,131,43
20260808,final_balanced_to12,12,11,87,76,0,0,54,20,56,30,8,2,131,43
20260808,final_balanced_to12,13,10,94,84,0,0,53,21,63,23,9,2,131,43
20260808,final_balanced_to12,14,18,102,84,0,1,40,8,75,37,13,2,131,43
20260808,final_balanced_to12,15,23,110,87,0,3,20,3,81,56,13,5,131,43
20260808,final_balanced_to12,16,24,115,91,0,4,17,7,80,56,11,7,131,43
20260808,final_balanced_to12,17,28,122,94,0,6,18,7,81,54,11,7,131,43
20260808,final_balanced_to12,18,24,130,106,0,11,31,15,80,34,13,5,131,43
20260808,final_balanced_to12,19,19,137,118,0,13,39,24,81,16,11,7,131,43
20260808,final_balanced_to12,20,23,144,121,0,20,40,15,86,19,12,7,121,40
20260808,final_balanced_to12,21,28,152,123,1,30,43,5,88,24,11,8,121,40
20260808,final_balanced_to12,22,35,160,124,1,37,48,3,84,25,15,7,121,40
20260808,final_balanced_to12,23,39,167,127,1,43,27,4,80,49,14,7,121,40
20260808,final_balanced_to12,24,40,174,133,1,48,11,9,76,64,10,7,121,40
20260808,final_balanced_to12,25,43,182,138,1,52,33,11,75,41,10,7,126,43
20260808,final_balanced_to12,26,46,190,143,1,55,42,10,78,30,12,7,126,43
20260808,final_balanced_to12,27,43,196,152,1,61,45,14,77,24,14,6,126,43
20260808,final_balanced_to12,28,48,204,155,1,66,37,12,77,34,17,7,126,43
20260808,final_balanced_to12,29,51,212,160,1,73,28,8,79,45,16,7,126,43
20260808,final_balanced_to12,30,53,218,164,1,79,22,9,76,53,20,6,131,43
20260808,final_balanced_to12,31,55,226,170,1,84,12,10,76,62,20,6,131,43
20260808,final_balanced_to12,32,54,232,177,1,91,5,13,73,69,19,6,131,43
20260808,final_balanced_to12,33,46,238,191,1,99,8,21,71,60,16,6,131,43
20260808,final_balanced_to12,34,29,246,216,1,107,7,39,70,44,11,5,131,43
20260808,final_balanced_to12,35,26,252,225,1,115,19,34,76,31,11,5,131,43
20260808,final_balanced_to12,36,23,257,233,1,118,30,17,98,15,11,5,131,43
20260808,final_balanced_to12,37,27,265,237,1,119,31,12,106,11,16,5,131,43
20260808,final_balanced_to12,38,31,273,241,1,125,29,8,108,15,18,4,131,43
20260808,final_balanced_to12,39,26,279,248,5,130,31,11,107,11,18,3,131,43
20260808,final_balanced_to12,40,25,287,254,8,133,32,13,108,7,12,5,131,43
20260808,final_balanced_to12,41,25,295,257,13,140,34,9,108,9,10,5,131,43
20260808,final_balanced_to12,42,30,301,258,13,146,33,4,108,15,11,6,131,43
20260808,final_balanced_to12,43,34,306,259,13,150,35,2,107,16,12,5,131,43
20260808,final_balanced_to12,44,36,314,265,13,156,35,7,102,16,12,6,131,43
20260808,final_balanced_to12,45,40,320,267,13,165,38,8,94,20,12,8,131,43
20260808,final_balanced_to12,46,42,325,270,13,170,36,5,95,24,10,8,131,43
20260808,final_balanced_to12,47,44,333,276,13,182,42,9,85,24,9,9,131,43
20260808,final_balanced_to12,48,45,338,280,13,191,57,10,79,14,9,9,131,43
20260808,final_balanced_to12,49,52,346,281,13,196,69,5,80,6,9,9,131,43
20260808,final_balanced_to12,50,53,353,287,13,203,68,7,77,8,10,10,126,43
20260808,final_balanced_to12,51,58,361,290,13,213,67,9,68,16,10,12,126,43
20260808,final_balanced_to12,52,58,367,296,13,221,70,9,66,15,10,12,126,43
20260808,final_balanced_to12,53,61,373,299,13,232,67,9,58,26,10,14,126,43
20260808,final_balanced_to12,54,65,380,302,13,240,61,6,56,37,12,12,126,43
20260808,final_balanced_to12,55,58,387,316,13,243,59,17,56,28,12,11,131,43
20260808,final_balanced_to12,56,58,394,323,13,251,55,21,51,33,12,10,131,43
20260808,final_balanced_to12,57,63,401,325,13,254,52,9,62,37,13,11,131,43
20260808,final_balanced_to12,58,68,409,327,14,259,54,4,64,38,12,12,131,43
20260808,final_balanced_to12,59,67,417,330,20,262,64,5,63,28,11,13,131,43
20260808,final_balanced_to12,60,62,424,342,20,270,66,15,57,22,14,11,131,43
20260808,final_balanced_to12,61,63,430,346,21,271,16,16,59,69,18,9,131,43
20260808,final_balanced_to12,62,61,437,351,25,272,10,9,70,71,19,8,131,43
20260808,final_balanced_to12,63,45,443,367,31,279,20,21,67,52,12,6,131,43
20260808,final_balanced_to12,64,47,451,369,35,283,17,18,68,57,17,5,131,43
20260808,final_balanced_to12,65,31,456,389,36,288,22,22,79,37,9,5,131,43
20260808,final_balanced_to12,66,24,462,402,36,293,35,33,76,16,9,4,131,43
20260808,final_balanced_to12,67,24,470,410,36,297,41,21,92,6,13,4,131,43
20260808,final_balanced_to12,68,28,477,413,36,301,29,11,101,19,16,4,131,43
20260808,final_balanced_to12,69,28,483,417,38,303,27,7,107,19,17,4,131,43
20260808,final_balanced_to12,70,18,491,429,44,303,15,16,110,19,17,2,131,43
20260808,final_balanced_to12,71,10,496,436,50,311,6,19,106,29,7,3,131,43
20260808,final_balanced_to12,72,14,503,439,50,313,5,10,116,29,10,3,131,43
20260808,final_balanced_to12,73,18,508,440,50,316,2,4,120,34,11,3,131,43
20260808,final_balanced_to12,74,19,515,446,50,323,3,7,116,34,10,4,131,43
20260808,final_balanced_to12,75,22,521,449,50,332,11,9,108,32,10,4,131,43
20260808,final_balanced_to12,76,16,528,462,50,344,21,16,102,21,10,4,131,43
20260808,final_balanced_to12,77,9,533,474,50,352,31,25,97,7,8,2,131,43
20260808,final_balanced_to12,78,11,539,478,50,360,32,16,102,10,8,2,131,43
20260808,final_balanced_to12,79,16,547,481,50,364,29,7,110,14,10,3,131,43
20260808,final_balanced_to12,80,13,553,490,50,374,32,12,104,12,8,2,131,43
20260808,final_balanced_to12,81,16,560,494,50,381,37,13,100,10,7,5,131,43
20260808,final_balanced_to12,82,19,567,498,50,387,41,8,103,8,7,7,131,43
20260808,final_balanced_to12,83,17,572,505,50,400,46,11,94,9,8,7,131,43
20260808,final_balanced_to12,84,21,579,508,50,406,50,10,92,8,8,6,131,43
20260808,final_balanced_to12,85,20,585,515,50,411,52,10,94,4,9,4,131,43
20260808,final_balanced_to12,86,22,590,518,50,416,43,10,92,15,9,3,131,43
20260808,final_balanced_to12,87,24,596,522,50,423,36,7,92,25,8,4,131,43
20260808,final_balanced_to12,88,26,602,526,50,434,51,8,84,17,10,5,131,43
20260808,final_balanced_to12,89,28,608,530,50,443,55,8,79,18,11,7,131,43
20260808,final_balanced_to12,90,24,613,539,50,450,50,13,76,21,10,5,131,43
20260808,final_balanced_to12,91,27,619,542,50,457,30,12,73,45,13,5,131,43
20260808,final_balanced_to12,92,25,624,549,50,466,31,10,73,46,15,4,131,43
20260808,final_balanced_to12,93,4,630,576,50,469,23,34,73,30,3,2,131,43
20260808,final_balanced_to12,94,7,637,580,50,474,25,31,75,29,6,2,131,43
20260808,final_balanced_to12,95,10,642,582,50,480,25,6,96,33,7,3,131,43
20260808,final_balanced_to12,96,13,648,585,50,483,28,5,97,30,7,4,131,43
20260808,final_balanced_to12,97,9,654,595,50,489,44,13,93,10,7,3,131,43
20260808,final_balanced_to12,98,12,662,600,50,497,52,15,88,5,10,2,131,43
20260808,final_balanced_to12,99,14,669,605,50,506,56,10,89,5,10,3,131,43
20260808,final_balanced_to12,100,19,675,606,50,510,50,6,90,14,11,3,121,40
20260808,final_balanced_to12,101,22,683,611,50,513,51,6,92,11,9,4,121,40
20260808,final_balanced_to12,102,27,690,613,50,518,59,7,88,6,9,5,121,40
20260808,final_balanced_to12,103,32,697,615,50,526,65,4,85,6,9,8,121,40
20260808,final_balanced_to12,104,33,703,620,50,533,69,7,80,4,11,8,121,40
20260808,final_balanced_to12,105,36,709,623,50,539,54,8,76,22,12,8,131,43
20260808,final_balanced_to12,106,40,715,625,50,546,47,5,74,34,10,10,131,43
20260808,final_balanced_to12,107,45,723,628,50,551,57,5,72,26,10,10,131,43
20260808,final_balanced_to12,108,48,729,631,50,558,68,6,67,19,11,10,131,43
20260808,final_balanced_to12,109,49,734,635,50,559,66,7,69,18,10,10,131,43
20260808,final_balanced_to12,110,53,742,639,50,567,61,8,64,27,10,10,131,43
20260808,final_balanced_to12,111,57,747,640,50,572,65,5,63,27,11,11,131,43
20260808,final_balanced_to12,112,55,752,647,50,580,65,8,59,28,11,11,131,43
20260808,final_balanced_to12,113,59,758,649,50,586,70,9,54,27,9,13,131,43
20260808,final_balanced_to12,114,61,765,652,52,592,88,5,55,12,9,14,131,43
20260808,final_balanced_to12,115,62,773,654,57,596,97,5,53,5,11,14,131,43
20260808,final_balanced_to12,116,64,779,657,58,602,84,5,50,21,11,14,131,43
20260808,final_balanced_to12,117,61,784,661,62,605,81,7,49,23,9,13,131,43
20260808,final_balanced_to12,118,59,789,664,66,613,84,7,44,25,9,12,131,43
20260808,final_balanced_to12,119,55,794,666,73,620,88,5,41,26,9,10,131,43
20260808,final_balanced_to12,120,35,799,691,73,624,85,27,40,8,9,7,131,43
20260808,final_balanced_to12,121,35,807,699,73,626,79,33,40,8,13,6,131,43
20260808,final_balanced_to12,122,39,813,701,73,629,68,10,62,20,16,6,131,43
20260808,final_balanced_to12,123,39,819,707,73,630,68,8,69,15,16,6,131,43
20260808,final_balanced_to12,124,32,827,722,73,632,67,21,69,3,13,6,131,43
20260808,final_balanced_to12,125,38,834,723,73,635,66,16,72,6,18,6,121,40
20260808,final_balanced_to12,126,38,840,726,76,638,62,4,84,10,17,4,121,40
20260808,final_balanced_to12,127,36,846,730,80,639,62,7,84,7,17,4,121,40
20260808,final_balanced_to12,128,37,852,730,85,643,63,4,83,10,15,5,121,40
20260808,final_balanced_to12,129,40,860,731,89,643,62,1,87,10,16,6,121,40
20260808,final_balanced_to12,130,35,868,742,91,650,53,12,80,15,14,7,131,43
20260808,final_balanced_to12,131,36,873,743,94,654,47,12,77,24,13,7,131,43
20260808,final_balanced_to12,132,41,879,744,94,661,45,2,81,32,14,7,131,43
20260808,final_balanced_to12,133,44,886,748,94,667,34,5,76,45,14,7,131,43
20260808,final_balanced_to12,134,46,892,752,94,674,34,8,70,48,12,7,131,43
20260808,final_balanced_to12,135,46,897,757,94,677,40,9,71,40,12,7,131,43
20260808,final_balanced_to12,136,48,902,760,94,686,45,8,66,41,11,8,131,43
20260808,final_balanced_to12,137,53,909,762,94,695,37,5,62,56,12,8,131,43
20260808,final_balanced_to12,138,54,917,769,94,701,33,9,59,59,14,7,131,43
20260808,final_balanced_to12,139,43,924,787,94,707,30,25,55,50,12,7,131,43
20260808,final_balanced_to12,140,44,929,791,94,708,35,22,61,42,12,8,131,43
20260808,final_balanced_to12,141,47,934,793,94,717,48,6,70,36,12,8,131,43
20260808,final_balanced_to12,142,51,942,797,94,722,57,6,69,28,12,10,131,43
20260808,final_balanced_to12,143,53,948,801,94,726,39,8,67,46,13,10,131,43
20260808,final_balanced_to12,144,54,953,805,94,729,29,8,68,55,11,11,131,43
20260808,final_balanced_to12,145,59,961,808,94,732,45,7,69,39,13,11,131,43
20260808,final_balanced_to12,146,62,967,811,94,735,30,6,70,54,13,11,131,43
20260808,final_balanced_to12,147,60,972,814,98,738,28,6,70,56,10,9,131,43
20260808,final_balanced_to12,148,62,980,816,102,742,45,5,69,41,11,9,131,43
20260808,final_balanced_to12,149,61,985,818,106,747,50,4,67,39,11,10,131,43
20260808,final_balanced_to12,150,50,990,834,106,754,58,18,62,22,11,8,131,43
20260808,final_balanced_to12,151,52,997,839,106,762,54,21,56,29,13,8,131,43
20260808,final_balanced_to12,152,52,1002,840,110,764,25,6,70,59,16,8,131,43
20260808,final_balanced_to12,153,50,1008,846,112,772,16,7,67,70,18,7,131,43
20260808,final_balanced_to12,154,47,1014,850,117,776,16,10,64,70,19,6,131,43
20260808,final_balanced_to12,155,35,1019,867,117,781,23,21,65,51,17,4,126,43
20260808,final_balanced_to12,156,29,1027,881,117,784,21,31,66,42,17,4,126,43
20260808,final_balanced_to12,157,32,1035,886,117,789,9,19,78,54,21,4,126,43
20260808,final_balanced_to12,158,17,1041,903,121,792,12,22,89,37,11,3,126,43
20260808,final_balanced_to12,159,13,1049,911,125,795,8,25,91,36,11,2,126,43
20260808,final_balanced_to12,160,10,1054,913,131,801,9,10,102,39,9,2,131,43
20260808,final_balanced_to12,161,12,1061,918,131,807,24,7,104,25,9,3,131,43
20260808,final_balanced_to12,162,17,1067,919,131,811,30,6,102,22,11,4,131,43
20260808,final_balanced_to12,163,19,1073,923,131,820,36,5,98,21,10,4,131,43
20260808,final_balanced_to12,164,22,1079,926,131,822,29,7,97,27,14,3,131,43
20260808,final_balanced_to12,165,22,1084,931,131,827,32,8,96,24,12,3,131,43
20260808,final_balanced_to12,166,22,1092,939,131,831,31,13,95,21,14,3,131,43
20260808,final_balanced_to12,167,19,1099,949,131,837,18,18,94,30,13,3,131,43
20260808,final_balanced_to12,168,21,1106,954,131,843,15,15,96,34,11,4,131,43
20260808,final_balanced_to12,169,23,1112,958,131,854,17,9,95,39,11,4,131,43
20260808,final_balanced_to12,170,29,1118,958,131,857,19,4,97,40,12,6,131,43
20260808,final_balanced_to12,171,14,1125,980,131,863,19,22,95,24,10,3,131,43
20260808,final_balanced_to12,172,8,1131,992,131,872,22,34,86,18,6,2,131,43
20260808,final_balanced_to12,173,7,1137,999,131,888,30,19,92,19,6,2,131,43
20260808,final_balanced_to12,174,8,1142,1003,131,897,29,11,95,25,6,2,131,43
20260808,final_balanced_to12,175,6,1148,1011,131,906,15,12,93,40,6,1,131,43
20260808,final_balanced_to12,176,6,1154,1017,131,912,25,14,91,30,4,3,131,43
20260808,final_balanced_to12,177,7,1162,1024,131,917,42,13,94,11,6,2,131,43
20260808,final_balanced_to12,178,10,1167,1026,131,925,40,9,92,19,7,2,131,43
20260808,final_balanced_to12,179,14,1174,1029,131,931,35,5,93,27,10,2,131,43
20260808,final_balanced_to12,180,16,1181,1034,131,936,25,8,90,37,12,3,121,40
20260808,final_balanced_to12,181,20,1189,1038,131,941,21,9,88,42,13,3,121,40
20260808,final_balanced_to12,182,18,1194,1045,131,945,20,11,89,40,12,2,121,40
20260808,final_balanced_to12,183,22,1201,1048,131,950,18,10,88,44,12,4,121,40
20260808,final_balanced_to12,184,11,1206,1064,131,954,19,19,91,31,7,3,121,40
20260808,final_balanced_to12,185,17,1214,1066,131,957,19,18,91,32,9,5,131,43
20260808,final_balanced_to12,186,22,1222,1069,131,968,24,5,96,35,9,6,131,43
20260808,final_balanced_to12,187,9,1229,1089,131,975,28,23,91,18,6,3,131,43
20260808,final_balanced_to12,188,2,1235,1102,131,985,26,33,84,17,2,1,131,43
20260808,final_balanced_to12,189,3,1240,1106,131,995,20,17,94,29,3,1,131,43
20260808,final_balanced_to12,190,6,1245,1108,131,1000,28,6,102,24,3,4,131,43
20260808,final_balanced_to12,191,9,1250,1110,131,1004,46,4,102,8,7,3,131,43
20260808,final_balanced_to12,192,9,1256,1116,131,1011,44,8,97,11,6,3,131,43
20260808,final_balanced_to12,193,12,1261,1118,131,1017,36,8,93,23,6,5,131,43
20260808,final_balanced_to12,194,16,1269,1122,131,1028,40,6,88,26,6,6,131,43
20260808,final_balanced_to12,195,22,1277,1124,131,1037,55,6,81,18,8,6,131,43
20260808,final_balanced_to12,196,24,1284,1129,131,1037,50,7,85,18,10,5,131,43
20260808,final_balanced_to12,197,25,1290,1134,131,1041,20,10,83,47,11,4,131,43
20260808,final_balanced_to12,198,29,1298,1138,131,1048,13,9,81,57,12,4,131,43
20260808,final_balanced_to12,199,29,1304,1144,131,1052,15,10,82,53,11,4,131,43
20260808,final_balanced_to12,200,34,1311,1146,131,1061,27,8,77,48,10,5,131,43
20260808,final_balanced_to12,201,32,1319,1156,131,1073,55,12,71,22,10,7,131,43
20260808,final_balanced_to12,202,29,1326,1166,131,1079,66,20,67,7,9,8,131,43
20260808,final_balanced_to12,203,33,1334,1170,131,1085,68,14,71,7,9,8,131,43
20260808,final_balanced_to12,204,36,1341,1174,131,1091,68,8,75,9,10,8,131,43
20260808,final_balanced_to12,205,40,1349,1178,131,1097,63,8,73,16,11,6,131,43
20260808,final_balanced_to12,206,39,1354,1184,131,1103,55,10,71,24,10,6,131,43
20260808,final_balanced_to12,207,43,1359,1185,131,1109,62,7,69,22,9,7,131,43
20260808,final_balanced_to12,208,48,1366,1187,131,1114,72,3,70,15,10,8,131,43
20260808,final_balanced_to12,209,55,1374,1188,131,1117,73,3,68,16,11,9,131,43
20260808,final_balanced_to12,210,52,1382,1199,131,1120,57,12,67,24,12,9,131,43
20260808,final_balanced_to12,211,55,1387,1201,131,1124,27,13,64,56,14,8,131,43
20260808,final_balanced_to12,212,55,1392,1206,131,1127,30,7,72,51,15,8,131,43
20260808,final_balanced_to12,213,47,1400,1222,131,1133,41,21,68,30,13,7,131,43
20260808,final_balanced_to12,214,47,1405,1227,131,1137,12,21,69,58,17,7,131,43
20260808,final_balanced_to12,215,42,1411,1234,135,1142,4,12,80,64,17,6,131,43
20260808,final_balanced_to12,216,43,1417,1236,138,1148,15,9,79,57,18,5,131,43
20260808,final_balanced_to12,217,27,1425,1254,144,1152,15,20,82,43,14,5,131,43
20260808,final_balanced_to12,218,21,1430,1265,144,1159,28,29,77,26,13,5,131,43
20260808,final_balanced_to12,219,21,1437,1267,149,1164,39,13,90,18,15,3,131,43
20260808,final_balanced_to12,220,14,1444,1281,149,1173,43,16,92,9,9,4,131,43
20260808,final_balanced_to12,221,18,1450,1283,149,1179,47,16,88,9,9,5,131,43
20260808,final_balanced_to12,222,23,1457,1285,149,1184,46,4,97,13,11,4,131,43
20260808,final_balanced_to12,223,23,1463,1291,149,1188,36,8,95,21,12,4,131,43
20260808,final_balanced_to12,224,26,1469,1294,149,1194,28,9,91,32,13,4,131,43
20260808,final_balanced_to12,225,30,1476,1297,149,1199,24,6,92,38,13,5,131,43
20260808,final_balanced_to12,226,28,1482,1305,149,1201,30,11,93,26,13,4,131,43
20260808,final_balanced_to12,227,34,1490,1307,149,1205,30,10,92,28,13,5,131,43
20260808,final_balanced_to12,228,36,1495,1310,149,1211,22,5,94,39,13,5,131,43
20260808,final_balanced_to12,229,31,1503,1323,149,1215,15,16,92,37,11,6,131,43
20260808,final_balanced_to12,230,34,1509,1326,149,1221,31,16,89,24,10,7,131,43
20260808,final_balanced_to12,231,34,1517,1334,149,1230,48,11,93,8,12,5,131,43
20260808,final_balanced_to12,232,39,1525,1337,149,1238,33,11,88,28,15,6,131,43
20260808,final_balanced_to12,233,42,1531,1340,149,1244,22,6,90,42,14,6,131,43
20260808,final_balanced_to12,234,44,1538,1345,149,1253,27,8,84,41,13,7,131,43
20260808,final_balanced_to12,235,47,1545,1348,150,1259,40,8,81,31,12,8,111,40
20260808,final_balanced_to12,236,52,1552,1350,150,1265,36,5,80,39,13,9,111,40
20260808,final_balanced_to12,237,54,1557,1353,150,1272,34,5,76,45,12,9,111,40
20260808,final_balanced_to12,238,47,1564,1367,150,1279,35,17,71,37,11,8,111,40
20260808,final_balanced_to12,239,45,1569,1374,150,1288,35,21,65,39,10,8,111,40
20260808,final_balanced_to12,240,46,1574,1378,150,1294,45,11,73,31,14,8,131,43
20260808,final_balanced_to12,241,45,1582,1387,150,1300,15,13,74,58,16,7,131,43
20260808,final_balanced_to12,242,47,1590,1393,150,1305,20,15,73,52,18,7,131,43
20260808,final_balanced_to12,243,36,1595,1409,150,1309,35,22,78,25,12,7,131,43
20260808,final_balanced_to12,244,38,1600,1412,150,1312,27,19,81,33,14,7,131,43
20260808,final_balanced_to12,245,34,1605,1418,153,1317,26,9,92,33,14,7,131,43
20260808,final_balanced_to12,246,31,1610,1420,159,1323,24,8,89,39,15,4,131,43
20260808,final_balanced_to12,247,23,1616,1430,163,1326,25,12,92,31,14,4,131,43
20260808,final_balanced_to12,248,18,1623,1442,163,1328,25,22,92,21,14,2,131,43
20260808,final_balanced_to12,249,20,1629,1446,163,1340,31,16,90,23,15,2,131,43
20260808,final_balanced_to12,250,21,1636,1452,163,1344,32,10,98,20,13,3,131,43
20260808,final_balanced_to12,251,16,1641,1459,166,1347,35,13,99,13,9,3,131,43
20260808,final_balanced_to12,252,12,1646,1468,166,1353,37,16,99,8,8,3,131,43
20260808,final_balanced_to12,253,14,1651,1471,166,1361,37,12,98,13,9,2,131,43
20260808,final_balanced_to12,254,17,1656,1473,166,1366,34,5,102,19,9,3,131,43
20260808,final_balanced_to12,255,21,1662,1475,166,1377,44,4,94,18,8,5,122,43
20260808,final_balanced_to12,256,25,1668,1477,166,1383,46,4,90,20,9,6,122,43
20260808,final_balanced_to12,257,27,1676,1483,166,1388,48,8,87,17,11,6,122,43
20260808,final_balanced_to12,258,18,1682,1498,166,1394,45,21,83,11,10,4,122,43
20260808,final_balanced_to12,259,23,1690,1501,166,1399,42,18,84,16,11,5,122,43
20260808,final_balanced_to12,260,28,1695,1501,166,1409,33,3,89,35,12,6,131,43
20260808,final_balanced_to12,261,29,1701,1506,166,1417,37,5,84,34,11,6,131,43
20260808,final_balanced_to12,262,33,1708,1509,166,1429,46,8,72,34,11,7,131,43
20260808,final_balanced_to12,263,37,1715,1512,166,1434,46,6,72,36,11,7,131,43
20260808,final_balanced_to12,264,27,1723,1530,166,1438,44,21,71,24,9,6,131,43
20260808,final_balanced_to12,265,26,1729,1537,166,1442,44,25,70,21,11,5,131,43
20260808,final_balanced_to12,266,21,1736,1549,166,1448,40,19,82,19,12,5,131,43
20260808,final_balanced_to12,267,18,1741,1557,166,1453,40,20,84,16,10,5,131,43
20260808,final_balanced_to12,268,21,1747,1560,166,1458,40,11,91,18,12,3,131,43
20260808,final_balanced_to12,269,25,1752,1561,166,1465,41,4,92,23,13,4,131,43
20260808,final_balanced_to12,270,18,1757,1573,166,1472,47,13,88,12,9,4,131,43
20260808,final_balanced_to12,271,20,1765,1579,166,1479,47,18,82,13,14,3,131,43
20260808,final_balanced_to12,272,23,1772,1583,166,1483,14,10,90,46,14,3,131,43
20260808,final_balanced_to12,273,22,1780,1592,166,1490,16,13,89,42,13,5,131,43
20260808,final_balanced_to12,274,6,1787,1615,166,1496,34,32,87,7,5,2,131,43
20260808,final_balanced_to12,275,4,1793,1623,166,1504,27,31,88,14,4,1,131,43
20260808,final_balanced_to12,276,9,1801,1626,166,1508,18,11,107,24,8,2,131,43
20260808,final_balanced_to12,277,16,1809,1627,166,1512,13,4,111,32,12,3,131,43
20260808,final_balanced_to12,278,17,1815,1632,166,1520,15,6,106,33,11,3,131,43
20260808,final_balanced_to12,279,12,1822,1644,166,1526,19,17,101,23,9,2,131,43
20260808,final_balanced_to12,280,8,1830,1656,166,1529,17,24,103,16,8,1,131,43
20260808,final_balanced_to12,281,14,1836,1656,166,1536,9,12,108,31,10,3,131,43
20260808,final_balanced_to12,282,15,1843,1662,166,1545,7,6,111,36,11,3,131,43
20260808,final_balanced_to12,283,17,1850,1667,166,1550,16,11,106,27,12,3,131,43
20260808,final_balanced_to12,284,15,1855,1674,166,1562,18,12,100,30,10,3,131,43
20260808,final_balanced_to12,285,21,1862,1675,166,1567,22,8,100,30,14,3,121,40
20260808,final_balanced_to12,286,24,1870,1680,166,1576,5,6,98,51,13,3,121,40
20260808,final_balanced_to12,287,18,1877,1693,166,1583,7,18,92,43,11,3,121,40
20260808,final_balanced_to12,288,13,1883,1704,166,1587,8,24,93,35,10,2,121,40
20260808,final_balanced_to12,289,18,1891,1707,166,1596,9,14,97,40,9,4,121,40
20260808,final_balanced_to12,290,10,1899,1723,166,1603,24,19,101,16,7,2,126,43
20260808,final_balanced_to12,291,10,1907,1731,166,1612,38,24,95,3,7,2,126,43
20260808,final_balanced_to12,292,16,1914,1732,166,1621,46,9,102,3,10,5,126,43
20260808,final_balanced_to12,293,21,1920,1733,166,1629,46,2,102,10,11,6,126,43
20260808,final_balanced_to12,294,25,1927,1736,166,1635,39,4,97,20,10,7,126,43
20260808,final_balanced_to12,295,29,1933,1738,166,1646,45,5,87,23,10,7,131,43
20260808,final_balanced_to12,296,33,1939,1740,166,1649,51,4,87,18,11,7,131,43
20260808,final_balanced_to12,297,34,1946,1746,166,1654,36,8,84,32,11,7,131,43
20260808,final_balanced_to12,298,37,1953,1750,166,1659,20,10,81,49,11,7,131,43
20260808,final_balanced_to12,299,39,1960,1755,166,1668,40,9,78,33,10,7,131,43
20260808,final_balanced_to12,300,40,1966,1760,166,1673,58,10,77,15,15,7,131,43
20260808,final_balanced_to12,301,44,1973,1763,166,1683,53,8,72,27,17,7,131,43
20260808,final_balanced_to12,302,44,1980,1770,166,1688,52,10,72,26,21,7,131,43
20260808,final_balanced_to12,303,31,1985,1788,166,1692,50,25,71,14,12,7,131,43
20260808,final_balanced_to12,304,34,1992,1792,166,1699,53,22,71,14,14,7,131,43
20260808,final_balanced_to12,305,37,1998,1795,166,1705,56,7,83,14,16,7,131,43
20260808,final_balanced_to12,306,40,2006,1800,166,1711,55,8,81,16,19,6,131,43
20260808,final_balanced_to12,307,41,2013,1804,168,1713,43,9,82,26,19,5,131,43
20260808,final_balanced_to12,308,36,2018,1812,170,1723,43,12,77,28,17,4,131,43
20260808,final_balanced_to12,309,31,2025,1822,172,1731,44,18,73,25,19,4,131,43
20260808,final_balanced_to12,310,29,2031,1826,176,1734,29,14,78,39,16,5,131,43
20260808,final_balanced_to12,311,25,2036,1830,181,1738,33,8,84,35,9,5,131,43
20260808,final_balanced_to12,312,32,2044,1831,181,1746,58,5,80,17,10,7,131,43
20260808,final_balanced_to12,313,35,2050,1834,181,1749,63,4,81,12,10,7,131,43
20260808,final_balanced_to12,314,34,2055,1840,181,1752,65,9,79,7,9,6,131,43
20260808,final_balanced_to12,315,39,2060,1840,181,1761,73,6,73,8,9,7,131,43
20260808,final_balanced_to12,316,46,2068,1841,181,1766,72,1,74,13,11,7,131,43
20260808,final_balanced_to12,317,47,2076,1848,181,1770,53,8,70,29,12,8,131,43
20260808,final_balanced_to12,318,47,2083,1855,181,1775,36,14,66,44,12,7,131,43
20260808,final_balanced_to12,319,50,2091,1860,181,1783,38,12,65,45,13,8,131,43
20260808,final_balanced_to12,320,54,2098,1863,181,1790,45,8,65,42,11,8,131,43
20260808,final_balanced_to12,321,56,2104,1867,181,1791,55,7,69,29,13,8,131,43
20260808,final_balanced_to12,322,60,2111,1870,181,1798,60,7,65,28,13,10,131,43
20260808,final_balanced_to12,323,57,2119,1881,181,1802,52,14,65,29,13,9,131,43
20260808,final_balanced_to12,324,52,2126,1893,181,1808,59,23,62,16,11,9,131,43
20260808,final_balanced_to12,325,57,2133,1895,181,1813,59,14,68,19,12,11,131,43
20260808,final_balanced_to12,326,61,2138,1896,181,1815,44,3,78,35,12,11,131,43
20260808,final_balanced_to12,327,55,2145,1909,181,1822,37,14,73,36,12,11,131,43
20260808,final_balanced_to12,328,59,2150,1910,181,1829,41,14,67,38,12,11,131,43
20260808,final_balanced_to12,329,62,2157,1914,181,1840,44,5,69,42,11,13,131,43
20260808,final_balanced_to12,330,67,2164,1916,181,1844,30,6,66,58,17,13,131,43
20260808,final_balanced_to12,331,65,2169,1922,182,1849,5,8,65,82,18,11,131,43
20260808,final_balanced_to12,332,54,2176,1940,182,1851,4,24,65,67,17,8,131,43
20260808,final_balanced_to12,333,33,2183,1968,182,1856,16,46,66,32,11,6,131,43
20260808,final_balanced_to12,334,35,2190,1973,182,1858,30,33,82,15,14,6,131,43
20260808,final_balanced_to12,335,29,2196,1985,182,1863,15,17,105,23,12,5,121,40
20260808,final_balanced_to12,336,31,2202,1987,184,1865,9,14,108,29,16,5,121,40
20260808,final_balanced_to12,337,30,2207,1988,189,1869,13,3,116,28,17,4,121,40
20260808,final_balanced_to12,338,34,2215,1990,191,1877,18,3,110,29,18,4,121,40
20260808,final_balanced_to12,339,26,2222,2005,191,1883,19,17,105,19,12,5,121,40
20260808,final_balanced_to12,340,28,2228,2009,191,1886,27,19,104,10,11,5,131,43
20260808,final_balanced_to12,341,32,2235,2012,191,1896,33,7,109,11,12,6,131,43
20260808,final_balanced_to12,342,34,2240,2015,191,1900,26,6,109,19,11,8,131,43
20260808,final_balanced_to12,343,38,2245,2016,191,1907,32,4,105,19,11,8,131,43
20260808,final_balanced_to12,344,44,2253,2018,191,1915,24,3,100,33,10,8,131,43
20260808,final_balanced_to12,345,46,2259,2022,191,1926,33,6,90,31,10,9,131,43
20260808,final_balanced_to12,346,33,2265,2041,191,1933,34,23,85,18,11,6,131,43
20260808,final_balanced_to12,347,33,2271,2047,191,1941,35,25,81,19,12,5,131,43
20260808,final_balanced_to12,348,26,2279,2062,191,1947,35,21,94,10,12,6,131,43
20260808,final_balanced_to12,349,29,2287,2067,191,1952,40,20,95,5,12,5,131,43
20260808,final_balanced_to12,350,33,2294,2070,191,1959,44,8,103,5,11,6,131,43
20260808,final_balanced_to12,351,41,2302,2070,191,1965,48,3,102,7,12,6,131,43
20260808,final_balanced_to12,352,44,2307,2072,191,1980,62,2,90,6,12,9,131,43
20260808,final_balanced_to12,353,47,2313,2075,191,1986,66,5,84,5,13,8,131,43
20260808,final_balanced_to12,354,50,2321,2080,191,1991,51,8,81,20,13,9,131,43
20260808,final_balanced_to12,355,54,2327,2082,191,1997,40,7,78,35,13,11,131,43
20260808,final_balanced_to12,356,59,2333,2083,191,2000,51,3,80,26,13,11,131,43
20260808,final_balanced_to12,357,57,2338,2090,191,2010,54,8,72,26,13,11,131,43
20260808,final_balanced_to12,358,54,2345,2100,191,2015,46,17,68,29,13,11,131,43
20260808,final_balanced_to12,359,46,2353,2116,191,2022,38,26,68,28,13,11,131,43
20260808,final_balanced_to12,360,43,2359,2125,191,2029,32,25,71,32,13,11,126,43
20260808,final_balanced_to12,361,42,2366,2133,191,2038,28,17,78,37,16,9,126,43
20260808,final_balanced_to12,362,45,2374,2138,191,2045,23,13,80,44,18,8,126,43
20260808,final_balanced_to12,363,42,2382,2149,191,2054,27,16,79,38,19,7,126,43
20260808,final_balanced_to12,364,25,2387,2171,191,2058,30,33,80,17,11,7,126,43
20260808,final_balanced_to12,365,28,2395,2176,191,2060,29,27,89,15,16,5,131,43
20260808,final_balanced_to12,366,32,2402,2179,191,2068,31,8,103,18,18,5,131,43
20260808,final_balanced_to12,367,34,2409,2184,191,2074,35,8,102,15,19,5,131,43
20260808,final_balanced_to12,368,35,2417,2189,193,2079,36,10,100,14,18,5,131,43
20260808,final_balanced_to12,369,28,2425,2201,196,2082,34,17,102,7,16,3,131,43
20260808,final_balanced_to12,370,26,2431,2205,200,2089,27,16,100,17,15,3,131,43
20260808,final_balanced_to12,371,25,2437,2208,204,2093,22,7,108,23,11,4,131,43
20260808,final_balanced_to12,372,30,2444,2210,204,2097,16,5,108,31,10,5,131,43
20260808,final_balanced_to12,373,34,2452,2214,204,2101,16,6,107,31,11,6,131,43
20260808,final_balanced_to12,374,37,2457,2216,204,2110,21,6,100,33,12,6,131,43
20260808,final_balanced_to12,375,38,2463,2221,204,2119,28,7,95,30,12,6,131,43
20260808,final_balanced_to12,376,33,2471,2234,204,2126,29,18,90,23,14,5,131,43
20260808,final_balanced_to12,377,38,2479,2237,204,2136,35,16,85,24,12,6,131,43
20260808,final_balanced_to12,378,41,2487,2242,204,2144,39,8,90,23,11,7,131,43
20260808,final_balanced_to12,379,45,2495,2246,204,2154,36,9,83,32,12,8,131,43
20260808,final_balanced_to12,380,43,2502,2255,204,2162,35,13,80,32,12,9,115,42
20260808,final_balanced_to12,381,42,2508,2262,204,2167,36,16,79,29,13,9,115,42
20260808,final_balanced_to12,382,35,2513,2274,204,2176,22,19,79,40,13,7,115,42
20260808,final_balanced_to12,383,39,2520,2277,204,2182,14,15,80,51,12,7,115,42
20260808,final_balanced_to12,384,41,2527,2282,204,2185,19,8,89,44,10,7,115,42
20260808,final_balanced_to12,385,47,2534,2283,204,2189,42,6,88,24,11,8,131,43
20260808,final_balanced_to12,386,51,2542,2287,204,2202,54,5,80,21,13,9,131,43
20260808,final_balanced_to12,387,53,2549,2292,204,2208,42,9,75,34,11,9,131,43
20260808,final_balanced_to12,388,55,2557,2298,204,2211,44,11,76,29,11,10,131,43
20260808,final_balanced_to12,389,61,2565,2300,204,2217,62,8,75,15,13,10,131,43
20260808,final_balanced_to12,390,66,2573,2303,204,2218,44,5,80,31,18,10,121,40
20260808,final_balanced_to12,391,67,2578,2307,204,2225,9,7,75,69,18,10,121,40
20260808,final_balanced_to12,392,66,2586,2315,205,2234,21,12,69,58,20,10,121,40
20260808,final_balanced_to12,393,49,2592,2335,208,2241,38,28,66,28,11,8,121,40
20260808,final_balanced_to12,394,46,2599,2344,209,2252,47,29,63,21,11,8,121,40
20260808,final_balanced_to12,395,42,2605,2351,212,2257,53,16,78,13,13,6,131,43
20260808,final_balanced_to12,396,40,2612,2360,212,2263,46,16,81,17,16,5,131,43
20260808,final_balanced_to12,397,41,2620,2362,217,2267,44,11,84,21,19,4,131,43
20260808,final_balanced_to12,398,29,2628,2378,221,2271,44,18,89,9,15,4,131,43
20260808,final_balanced_to12,399,24,2636,2385,227,2275,35,23,87,15,17,3,131,43
20260808,final_balanced_to12,400,23,2643,2386,234,2278,34,8,100,18,15,4,131,43
20260808,final_balanced_to12,401,19,2649,2391,239,2282,37,6,103,14,9,4,131,43
20260808,final_balanced_to12,402,21,2655,2395,239,2285,38,9,101,12,9,5,131,43
20260808,final_balanced_to12,403,25,2660,2396,239,2292,42,5,99,14,9,5,131,43
20260808,final_balanced_to12,404,28,2665,2398,239,2296,36,3,99,22,10,6,131,43
20260808,final_balanced_to12,405,33,2672,2400,239,2305,51,4,91,14,11,6,131,43
20260808,final_balanced_to12,406,37,2678,2402,239,2314,53,4,84,19,14,6,131,43
20260808,final_balanced_to12,407,39,2683,2405,239,2322,34,5,78,43,12,6,131,43
20260808,final_balanced_to12,408,42,2691,2410,239,2329,37,8,73,42,9,7,131,43
20260808,final_balanced_to12,409,44,2698,2415,239,2336,55,10,69,26,10,8,131,43
20260808,final_balanced_to12,410,43,2704,2422,239,2346,61,12,64,23,10,9,131,43
20260808,final_balanced_to12,411,40,2712,2433,239,2355,55,18,60,27,10,8,131,43
20260808,final_balanced_to12,412,45,2719,2435,239,2363,58,13,59,30,11,10,131,43
20260808,final_balanced_to12,413,45,2726,2442,239,2372,56,9,61,34,11,8,131,43
20260808,final_balanced_to12,414,44,2732,2449,239,2380,58,14,55,33,8,8,131,43
20260808,final_balanced_to12,415,46,2737,2452,239,2383,66,10,59,25,9,8,131,43
20260808,final_balanced_to12,416,50,2744,2455,239,2385,65,6,64,25,9,8,131,43
20260808,final_balanced_to12,417,46,2751,2466,239,2387,65,14,65,16,11,8,131,43
20260808,final_balanced_to12,418,39,2759,2481,239,2391,47,26,64,23,12,8,131,43
20260808,final_balanced_to12,419,42,2765,2484,239,2397,29,18,69,44,11,10,131,43
20260808,final_balanced_to12,420,47,2773,2487,239,2401,42,6,80,32,15,10,131,43
20260808,final_balanced_to12,421,49,2779,2491,239,2408,43,7,76,34,18,10,131,43
20260808,final_balanced_to12,422,48,2786,2499,239,2412,40,12,75,33,17,10,131,43
20260808,final_balanced_to12,423,44,2792,2509,239,2417,47,18,74,21,15,10,131,43
20260808,final_balanced_to12,424,45,2797,2513,239,2422,48,14,77,21,16,10,131,43
20260808,final_balanced_to12,425,43,2803,2518,242,2424,48,9,85,18,17,9,131,43
20260808,final_balanced_to12,426,42,2811,2524,245,2427,46,11,86,17,18,9,131,43
20260808,final_balanced_to12,427,34,2816,2532,250,2430,34,14,88,24,18,8,131,43
20260808,final_balanced_to12,428,28,2823,2539,256,2435,26,15,89,30,15,7,131,43
20260808,final_balanced_to12,429,26,2831,2546,259,2446,31,14,86,29,16,4,131,43
20260808,final_balanced_to12,430,25,2839,2552,262,2453,25,13,86,36,15,3,131,43
20260808,final_balanced_to12,431,23,2847,2559,265,2459,15,13,87,45,11,4,131,43
20260808,final_balanced_to12,432,27,2853,2561,265,2466,14,9,86,51,13,5,131,43
20260808,final_balanced_to12,433,27,2858,2566,265,2472,23,7,87,43,10,6,131,43
20260808,final_balanced_to12,434,30,2865,2570,265,2483,49,9,78,24,11,5,131,43
20260808,final_balanced_to12,435,25,2870,2580,265,2486,42,14,80,24,11,5,131,43
20260808,final_balanced_to12,436,25,2877,2587,265,2491,44,17,79,20,10,4,131,43
20260808,final_balanced_to12,437,31,2885,2589,265,2496,53,9,84,14,10,6,131,43
20260808,final_balanced_to12,438,34,2890,2591,265,2508,61,4,79,16,9,7,131,43
20260808,final_balanced_to12,439,31,2898,2602,265,2514,64,13,75,8,8,7,131,43
20260808,final_balanced_to12,440,31,2903,2607,265,2515,61,16,76,7,9,7,131,43
20260808,final_balanced_to12,441,35,2911,2611,265,2525,64,9,77,10,11,6,131,43
20260808,final_balanced_to12,442,35,2916,2616,265,2526,45,9,81,25,11,7,131,43
20260808,final_balanced_to12,443,36,2924,2623,265,2531,31,12,80,37,10,7,131,43
20260808,final_balanced_to12,444,38,2931,2628,265,2539,46,12,77,25,9,8,131,43
20260808,final_balanced_to12,445,41,2936,2630,265,2549,55,7,74,24,11,8,121,40
20260808,final_balanced_to12,446,46,2941,2630,265,2552,43,2,76,39,13,8,121,40
20260808,final_balanced_to12,447,34,2948,2649,265,2560,40,19,70,31,12,6,121,40
20260808,final_balanced_to12,448,39,2956,2652,265,2564,42,22,66,30,12,6,121,40
20260808,final_balanced_to12,449,46,2963,2652,265,2567,42,3,82,33,13,8,121,40
20260808,final_balanced_to12,450,40,2971,2666,265,2572,27,14,80,39,18,7,131,43
20260808,final_balanced_to12,451,35,2979,2679,265,2579,20,27,73,40,17,5,131,43
20260808,final_balanced_to12,452,33,2985,2687,265,2582,20,21,84,35,18,5,131,43
20260808,final_balanced_to12,453,28,2991,2698,265,2589,21,19,90,30,15,5,131,43
20260808,final_balanced_to12,454,15,2996,2716,265,2595,22,29,92,17,13,2,131,43
20260808,final_balanced_to12,455,16,3002,2721,265,2603,23,23,95,19,12,2,131,43
20260808,final_balanced_to12,456,16,3008,2727,265,2608,24,11,108,17,10,3,131,43
20260808,final_balanced_to12,457,15,3016,2736,265,2611,25,15,110,10,9,3,131,43
20260808,final_balanced_to12,458,15,3021,2741,265,2618,25,14,109,12,10,3,131,43
20260808,final_balanced_to12,459,22,3028,2741,265,2622,15,5,114,26,10,4,131,43
20260808,final_balanced_to12,460,24,3033,2744,265,2630,14,3,111,32,8,4,131,43
20260808,final_balanced_to12,461,28,3039,2746,265,2636,24,5,105,26,8,6,131,43
20260808,final_balanced_to12,462,30,3047,2752,265,2641,27,8,103,22,8,6,131,43
20260808,final_balanced_to12,463,35,3054,2754,265,2648,33,8,98,21,9,7,131,43
20260808,final_balanced_to12,464,35,3059,2759,265,2661,48,7,91,14,8,8,131,43
20260808,final_balanced_to12,465,41,3066,2760,265,2668,62,6,86,6,9,9,131,43
20260808,final_balanced_to12,466,47,3074,2762,265,2675,68,3,84,5,9,12,131,43
20260808,final_balanced_to12,467,52,3082,2765,265,2684,68,5,76,11,12,13,131,43
20260808,final_balanced_to12,468,52,3087,2770,265,2700,67,8,62,23,12,12,131,43
20260808,final_balanced_to12,469,52,3094,2777,265,2707,64,12,58,26,11,12,131,43
20260808,final_balanced_to12,470,56,3101,2780,265,2713,69,10,57,24,10,13,131,43
20260808,final_balanced_to12,471,60,3108,2783,265,2716,66,6,61,27,10,14,131,43
20260808,final_balanced_to12,472,65,3116,2786,265,2721,77,6,59,18,11,15,131,43
20260808,final_balanced_to12,473,63,3121,2793,265,2729,79,10,54,17,11,13,131,43
20260808,final_balanced_to12,474,68,3129,2796,265,2735,63,10,51,36,11,13,131,43
20260808,final_balanced_to12,475,70,3136,2798,268,2742,57,5,51,47,11,12,131,43
20260808,final_balanced_to12,476,70,3141,2802,269,2744,56,6,52,46,12,12,131,43
20260808,final_balanced_to12,477,67,3148,2809,272,2746,63,11,52,34,10,12,131,43
20260808,final_balanced_to12,478,66,3156,2811,279,2749,74,9,53,24,11,11,131,43
20260808,final_balanced_to12,479,69,3163,2812,282,2752,64,3,57,36,13,12,131,43
20260808,final_balanced_to12,480,67,3169,2817,285,2757,46,6,54,54,14,10,131,43
20260808,final_balanced_to12,481,61,3176,2830,285,2763,26,18,49,67,18,8,131,43
20260808,final_balanced_to12,482,52,3183,2846,285,2765,40,29,52,39,19,8,131,43
20260808,final_balanced_to12,483,37,3188,2866,285,2767,41,36,63,20,10,7,131,43
20260808,final_balanced_to12,484,42,3196,2869,285,2774,31,23,72,34,15,7,131,43
20260808,final_balanced_to12,485,47,3204,2869,288,2775,26,3,91,40,20,7,131,43
20260808,final_balanced_to12,486,40,3209,2876,293,2779,28,7,90,35,18,6,131,43
20260808,final_balanced_to12,487,26,3214,2895,293,2782,32,26,87,15,13,4,131,43
20260808,final_balanced_to12,488,22,3219,2904,293,2789,36,28,87,9,14,4,131,43
20260808,final_balanced_to12,489,20,3226,2908,298,2790,36,13,105,6,14,3,131,43
20260808,final_balanced_to12,490,16,3232,2913,303,2794,36,9,110,5,12,3,126,43
20260808,final_balanced_to12,491,15,3238,2916,307,2799,32,8,109,11,11,3,126,43
20260808,final_balanced_to12,492,22,3246,2917,307,2806,35,4,107,14,11,4,126,43
20260808,final_balanced_to12,493,24,3251,2920,307,2809,26,4,107,23,11,5,126,43
20260808,final_balanced_to12,494,25,3257,2925,307,2812,29,8,105,18,11,7,126,43
20260808,final_balanced_to12,495,30,3264,2927,307,2821,38,7,99,16,13,8,131,43
20260808,final_balanced_to12,496,37,3272,2928,307,2829,36,3,96,25,14,9,131,43
20260808,final_balanced_to12,497,39,3277,2931,307,2836,37,4,91,28,12,9,131,43
20260808,final_balanced_to12,498,42,3283,2934,307,2850,43,6,78,33,9,9,131,43
20260808,final_balanced_to12,499,47,3288,2934,307,2853,58,3,78,21,10,9,131,43
20260808,final_balanced_to12,500,48,3295,2940,307,2863,65,6,71,18,10,10,131,43
20260808,final_balanced_to12,501,48,3301,2946,307,2873,60,12,61,27,9,8,131,43
20260808,final_balanced_to12,502,50,3307,2950,307,2881,72,10,59,19,9,9,131,43
20260808,final_balanced_to12,503,50,3313,2956,307,2887,85,10,59,6,10,9,131,43
20260808,final_balanced_to12,504,51,3319,2961,307,2893,79,11,57,13,11,8,131,43
20260808,final_balanced_to12,505,57,3326,2962,307,2898,71,6,58,25,11,9,131,43
20260808,final_balanced_to12,506,60,3332,2965,307,2901,66,4,60,30,12,9,131,43
20260808,final_balanced_to12,507,65,3340,2968,307,2910,69,6,52,33,13,9,131,43
20260808,final_balanced_to12,508,61,3348,2980,307,2915,60,15,50,35,14,9,131,43
20260808,final_balanced_to12,509,52,3355,2996,307,2919,33,28,49,50,13,9,131,43
20260808,final_balanced_to12,510,47,3360,3006,307,2920,21,26,60,53,14,8,131,43
20260808,final_balanced_to12,511,51,3366,3008,307,2925,18,12,71,59,18,8,131,43
20260808,final_balanced_to12,512,54,3373,3012,307,2927,2,6,79,73,20,7,131,43
20260808,final_balanced_to12,513,42,3381,3032,307,2929,13,24,79,44,12,7,131,43
20260808,final_balanced_to12,514,41,3386,3037,308,2931,24,25,81,30,12,7,131,43
20260808,final_balanced_to12,515,41,3392,3039,312,2939,6,7,93,54,15,7,131,43
20260808,final_balanced_to12,516,43,3400,3041,316,2942,13,4,95,48,16,7,131,43
20260808,final_balanced_to12,517,38,3406,3052,316,2944,21,13,95,31,14,6,131,43
20260808,final_balanced_to12,518,32,3413,3065,316,2948,22,24,93,21,15,5,131,43
20260808,final_balanced_to12,519,24,3420,3080,316,2956,25,28,96,11,14,5,131,43
20260808,final_balanced_to12,520,26,3428,3086,316,2959,20,21,106,13,14,5,101,38
20260808,final_balanced_to12,521,27,3434,3091,316,2961,5,11,119,25,13,6,101,38
20260808,final_balanced_to12,522,29,3439,3094,316,2966,0,8,120,32,12,6,101,38
20260808,final_balanced_to12,523,35,3446,3095,316,2976,5,4,115,36,13,8,101,38
20260808,final_balanced_to12,524,41,3452,3095,316,2983,11,1,111,37,15,8,101,38
20260808,final_balanced_to12,525,30,3458,3112,316,2992,12,17,103,28,11,7,126,43
20260808,final_balanced_to12,526,28,3464,3120,316,2995,20,25,100,15,10,6,126,43
20260808,final_balanced_to12,527,32,3472,3124,316,2999,25,12,113,10,12,7,126,43
20260808,final_balanced_to12,528,35,3478,3127,316,3008,17,7,112,24,14,7,126,43
20260808,final_balanced_to12,529,31,3483,3136,316,3022,22,12,102,24,11,6,126,43
20260808,final_balanced_to12,530,34,3491,3141,316,3031,30,14,96,20,11,7,131,43
20260808,final_balanced_to12,531,38,3497,3143,316,3042,31,7,94,28,11,9,131,43
20260808,final_balanced_to12,532,37,3503,3150,316,3051,30,9,90,31,11,11,131,43
20260808,final_balanced_to12,533,40,3511,3155,316,3059,36,12,84,28,11,9,131,43
20260808,final_balanced_to12,534,39,3516,3161,316,3068,33,11,82,34,10,7,131,43
20260808,final_balanced_to12,535,41,3521,3164,316,3074,35,9,81,35,12,7,131,43
20260808,final_balanced_to12,536,43,3526,3167,316,3080,47,6,81,26,14,6,131,43
20260808,final_balanced_to12,537,43,3532,3173,316,3084,44,9,80,27,12,6,131,43
20260808,final_balanced_to12,538,49,3539,3174,316,3089,29,7,78,46,12,7,131,43
20260808,final_balanced_to12,539,54,3546,3176,316,3095,24,3,78,55,11,8,131,43
20260808,final_balanced_to12,540,47,3552,3189,316,3101,31,15,73,41,14,8,131,43
20260808,final_balanced_to12,541,50,3560,3194,316,3108,43,18,68,31,16,7,131,43
20260808,final_balanced_to12,542,44,3565,3205,316,3116,53,16,73,18,16,7,131,43
20260808,final_balanced_to12,543,37,3572,3219,316,3125,44,25,69,22,16,7,131,43
20260808,final_balanced_to12,544,37,3578,3225,316,3127,24,20,78,38,16,7,131,43
20260808,final_balanced_to12,545,30,3583,3237,316,3135,33,18,84,25,16,5,131,43
20260808,final_balanced_to12,546,34,3588,3238,316,3144,39,13,81,27,17,5,131,43
20260808,final_balanced_to12,547,34,3593,3242,317,3146,21,5,91,43,17,5,131,43
20260808,final_balanced_to12,548,20,3601,3261,320,3148,23,23,90,24,11,5,131,43
20260808,final_balanced_to12,549,19,3607,3265,323,3150,26,23,92,19,11,5,131,43
20260808,final_balanced_to12,550,17,3612,3267,328,3153,11,6,108,35,10,3,126,43
20260808,final_balanced_to12,551,9,3617,3274,334,3161,17,9,104,30,6,2,126,43
20260808,final_balanced_to12,552,6,3624,3284,334,3167,17,17,100,26,6,1,126,43
20260808,final_balanced_to12,553,8,3629,3287,334,3171,18,13,103,26,6,2,126,43
20260808,final_balanced_to12,554,9,3636,3293,334,3173,29,9,111,11,5,3,126,43
20260808,final_balanced_to12,555,13,3643,3296,334,3182,35,9,105,11,7,3,131,43
20260808,final_balanced_to12,556,18,3649,3297,334,3190,35,4,103,18,9,3,131,43
20260808,final_balanced_to12,557,24,3657,3299,334,3197,36,3,99,22,11,6,131,43
20260808,final_balanced_to12,558,27,3664,3303,334,3204,39,6,93,22,11,7,131,43
20260808,final_balanced_to12,559,33,3671,3304,334,3208,32,5,91,32,11,8,131,43
20260808,final_balanced_to12,560,36,3676,3306,334,3216,35,3,87,35,9,9,131,43
20260808,final_balanced_to12,561,34,3684,3316,334,3224,53,12,80,15,10,7,131,43
20260808,final_balanced_to12,562,34,3691,3323,334,3229,48,17,77,18,11,8,131,43
20260808,final_balanced_to12,563,36,3699,3329,334,3238,34,13,78,35,12,7,131,43
20260808,final_balanced_to12,564,38,3705,3333,334,3248,39,10,75,36,12,6,131,43
20260808,final_balanced_to12,565,40,3712,3338,334,3254,40,9,75,36,11,7,131,43
20260808,final_balanced_to12,566,36,3720,3350,334,3263,45,17,70,28,9,6,131,43
20260808,final_balanced_to12,567,38,3728,3356,334,3267,53,18,71,18,9,8,131,43
20260808,final_balanced_to12,568,43,3735,3358,334,3275,57,8,75,20,10,8,131,43
20260808,final_balanced_to12,569,37,3740,3369,334,3282,54,13,74,19,11,7,131,43
20260808,final_balanced_to12,570,33,3745,3378,334,3285,48,20,73,19,13,4,121,43
20260808,final_balanced_to12,571,38,3753,3381,334,3289,42,12,80,26,16,4,121,43
20260808,final_balanced_to12,572,39,3760,3387,334,3296,44,9,82,25,16,4,121,43
20260808,final_balanced_to12,573,30,3768,3404,334,3301,33,23,80,24,20,3,121,43
20260808,final_balanced_to12,574,28,3774,3412,334,3303,24,25,84,27,21,3,121,43
20260808,final_balanced_to12,575,29,3781,3418,334,3305,24,14,99,23,21,4,131,43
20260808,final_balanced_to12,576,30,3786,3422,334,3312,20,10,100,30,19,5,131,43
20260808,final_balanced_to12,577,35,3793,3424,334,3320,29,6,98,27,20,5,131,43
20260808,final_balanced_to12,578,38,3799,3427,334,3328,47,5,94,14,19,5,131,43
20260808,final_balanced_to12,579,42,3805,3429,334,3333,57,5,91,7,18,6,131,43
20260808,final_balanced_to12,580,44,3813,3432,337,3340,61,5,87,7,14,6,131,43
20260808,final_balanced_to12,581,45,3819,3434,340,3344,61,5,85,9,11,7,131,43
20260808,final_balanced_to12,582,50,3827,3437,340,3350,53,5,82,20,12,10,131,43
20260808,final_balanced_to12,583,52,3832,3440,340,3354,44,6,80,30,10,10,131,43
20260808,final_balanced_to12,584,54,3840,3446,340,3365,51,9,72,28,9,11,131,43
20260808,final_balanced_to12,585,58,3845,3447,340,3376,70,7,64,19,9,11,131,43
20260808,final_balanced_to12,586,57,3850,3453,340,3381,82,7,65,6,9,11,131,43
20260808,final_balanced_to12,587,57,3857,3460,340,3388,84,13,59,4,10,11,131,43
20260808,final_balanced_to12,588,60,3863,3463,340,3397,78,10,56,16,10,11,131,43
20260808,final_balanced_to12,589,63,3869,3466,340,3399,70,6,61,23,9,11,131,43
20260808,final_balanced_to12,590,64,3875,3470,341,3405,82,7,58,13,9,11,131,43
20260808,final_balanced_to12,591,67,3883,3471,345,3408,92,5,58,5,9,12,131,43
20260808,final_balanced_to12,592,65,3890,3474,351,3412,94,4,58,4,9,12,131,43
20260808,final_balanced_to12,593,67,3895,3476,352,3420,97,5,51,7,10,12,131,43
20260808,final_balanced_to12,594,66,3902,3479,357,3424,89,5,50,16,12,11,131,43
20260808,final_balanced_to12,595,67,3909,3485,357,3425,80,9,51,20,11,11,131,43
20260808,final_balanced_to12,596,65,3914,3486,363,3428,79,7,51,23,13,10,131,43
20260808,final_balanced_to12,597,66,3921,3487,368,3432,69,2,53,36,12,11,131,43
20260808,final_balanced_to12,598,56,3926,3502,368,3440,62,16,46,36,11,9,131,43
20260808,final_balanced_to12,599,50,3932,3514,368,3440,59,27,47,27,14,9,131,43
20260808,final_balanced_to12,600,53,3940,3519,368,3442,32,17,60,51,18,8,121,40
20260808,final_balanced_r8,1,3,7,4,0,0,153,4,0,3,3,1,131,43
20260808,final_balanced_r8,2,9,15,6,0,0,116,6,0,38,6,3,131,43
20260808,final_balanced_r8,3,12,21,9,0,0,101,5,4,50,7,4,131,43
20260808,final_balanced_r8,4,0,29,29,0,0,115,23,6,16,0,0,131,43
20260808,final_balanced_r8,5,0,34,34,0,0,125,25,9,1,0,0,131,43
20260808,final_balanced_r8,6,1,42,41,0,0,118,12,29,1,1,1,131,43
20260808,final_balanced_r8,7,1,47,46,0,0,103,12,34,11,1,1,131,43
20260808,final_balanced_r8,8,4,52,48,0,0,96,7,41,16,4,1,131,43
20260808,final_balanced_r8,9,10,59,49,0,0,96,3,46,15,6,3,131,43
20260808,final_balanced_r8,10,15,64,49,0,0,96,1,48,15,8,3,131,43
20260808,final_balanced_r8,11,10,70,60,0,0,92,11,49,8,8,2,131,43
20260808,final_balanced_r8,12,9,77,68,0,0,80,19,49,12,8,2,131,43
20260808,final_balanced_r8,13,13,84,71,0,0,76,11,60,13,9,3,131,43
20260808,final_balanced_r8,14,19,91,72,0,2,75,4,66,15,11,3,131,43
20260808,final_balanced_r8,15,24,97,73,0,2,65,2,69,24,11,4,131,43
20260808,final_balanced_r8,16,27,103,76,0,5,57,4,67,32,10,4,131,43
20260808,final_balanced_r8,17,30,109,79,0,9,60,6,64,30,10,6,131,43
20260808,final_balanced_r8,18,26,115,89,0,13,67,13,63,17,10,5,131,43
20260808,final_balanced_r8,19,19,120,101,0,16,68,22,63,7,8,4,131,43
20260808,final_balanced_r8,20,22,126,104,0,19,72,15,70,3,11,5,121,40
20260808,final_balanced_r8,21,26,131,105,0,27,68,4,74,14,11,6,121,40
20260808,final_balanced_r8,22,28,138,110,0,32,60,6,72,22,10,6,121,40
20260808,final_balanced_r8,23,34,145,111,0,36,64,6,69,21,10,7,121,40
20260808,final_balanced_r8,24,39,151,112,0,43,68,2,67,23,11,7,121,40
20260808,final_balanced_r8,25,45,158,113,0,51,74,2,60,24,11,9,126,43
20260808,final_balanced_r8,26,49,166,117,0,55,75,5,57,23,12,7,126,43
20260808,final_balanced_r8,27,54,172,118,0,59,68,5,54,33,14,8,126,43
20260808,final_balanced_r8,28,59,180,121,0,62,64,4,55,37,13,10,126,43
20260808,final_balanced_r8,29,62,186,124,0,65,63,6,53,38,12,10,126,43
20260808,final_balanced_r8,30,65,191,126,0,70,66,5,51,38,15,10,131,43
20260808,final_balanced_r8,31,55,196,141,0,74,56,17,50,37,16,9,131,43
20260808,final_balanced_r8,32,51,201,150,0,82,50,24,44,42,16,8,131,43
20260808,final_balanced_r8,33,55,207,152,0,88,63,11,53,33,18,8,131,43
20260808,final_balanced_r8,34,47,212,165,0,90,72,15,60,13,18,8,131,43
20260808,final_balanced_r8,35,41,220,179,0,94,73,27,58,2,15,8,131,43
20260808,final_balanced_r8,36,46,226,180,0,97,74,15,68,3,17,8,131,43
20260808,final_balanced_r8,37,52,234,182,0,100,71,3,79,7,20,8,131,43
20260808,final_balanced_r8,38,56,241,185,0,102,49,5,78,28,23,6,131,43
20260808,final_balanced_r8,39,56,246,190,0,109,42,8,73,37,20,6,131,43
20260808,final_balanced_r8,40,59,252,193,0,112,33,8,73,46,17,6,131,43
20260808,final_balanced_r8,41,64,260,196,0,119,46,6,71,37,20,7,131,43
20260808,final_balanced_r8,42,46,265,219,0,120,54,26,73,7,17,7,131,43
20260808,final_balanced_r8,43,45,270,225,0,125,54,29,71,6,15,7,131,43
20260808,final_balanced_r8,44,49,275,226,0,127,46,7,92,15,14,8,131,43
20260808,final_balanced_r8,45,53,283,230,0,131,42,5,94,19,11,9,131,43
20260808,final_balanced_r8,46,61,291,230,0,134,52,4,92,12,12,10,131,43
20260808,final_balanced_r8,47,66,298,232,0,140,55,2,90,13,14,11,131,43
20260808,final_balanced_r8,48,68,303,235,0,146,38,5,84,33,16,11,131,43
20260808,final_balanced_r8,49,66,311,245,0,157,29,13,75,43,15,13,131,43
20260808,final_balanced_r8,50,71,318,247,0,159,29,12,76,43,15,15,126,43
20260808,final_balanced_r8,51,68,323,255,0,170,32,10,75,43,13,12,126,43
20260808,final_balanced_r8,52,59,328,269,0,176,45,22,71,22,13,10,126,43
20260808,final_balanced_r8,53,57,334,277,0,183,58,22,72,8,11,10,126,43
20260808,final_balanced_r8,54,60,339,279,0,190,62,10,79,9,11,9,126,43
20260808,final_balanced_r8,55,62,346,284,0,192,62,7,85,6,11,10,131,43
20260808,final_balanced_r8,56,63,352,289,0,199,67,10,80,3,11,10,131,43
20260808,final_balanced_r8,57,65,357,292,0,203,67,8,81,4,12,10,131,43
20260808,final_balanced_r8,58,71,364,293,0,208,61,4,81,14,12,10,131,43
20260808,final_balanced_r8,59,73,369,296,0,213,54,4,79,23,11,11,131,43
20260808,final_balanced_r8,60,72,375,303,0,215,50,10,78,22,11,11,131,43
20260808,final_balanced_r8,61,71,380,309,0,227,55,13,69,23,12,11,131,43
20260808,final_balanced_r8,62,76,385,309,0,231,41,6,72,41,15,11,131,43
20260808,final_balanced_r8,63,77,392,315,0,238,41,6,71,42,16,11,131,43
20260808,final_balanced_r8,64,68,397,329,0,241,33,20,68,39,12,11,131,43
20260808,final_balanced_r8,65,65,403,338,0,249,23,23,66,48,11,11,131,43
20260808,final_balanced_r8,66,67,410,343,0,255,36,14,74,36,13,11,131,43
20260808,final_balanced_r8,67,72,418,346,0,260,34,8,78,40,15,11,131,43
20260808,final_balanced_r8,68,73,423,350,0,268,36,7,75,42,17,11,131,43
20260808,final_balanced_r8,69,59,431,372,0,271,33,26,75,26,11,11,131,43
20260808,final_balanced_r8,70,64,439,375,0,278,32,25,72,31,16,11,131,43
20260808,final_balanced_r8,71,64,444,380,0,281,29,8,91,32,17,11,131,43
20260808,final_balanced_r8,72,65,450,385,0,283,28,10,92,30,19,11,131,43
20260808,final_balanced_r8,73,69,457,388,0,289,22,8,91,39,20,11,131,43
20260808,final_balanced_r8,74,66,465,398,1,294,29,13,91,27,19,10,131,43
20260808,final_balanced_r8,75,58,472,412,2,296,31,24,92,13,20,8,131,43
20260808,final_balanced_r8,76,55,477,417,5,301,25,19,97,19,20,7,131,43
20260808,final_balanced_r8,77,52,482,425,5,306,24,13,106,17,20,5,131,43
20260808,final_balanced_r8,78,54,487,428,5,314,26,11,103,20,19,5,131,43
20260808,final_balanced_r8,79,56,495,431,8,319,26,6,106,22,19,7,131,43
20260808,final_balanced_r8,80,44,500,448,8,330,28,20,98,14,21,7,131,43
20260808,final_balanced_r8,81,43,507,456,8,340,26,25,91,18,18,8,131,43
20260808,final_balanced_r8,82,40,512,464,8,345,23,16,103,18,17,6,131,43
20260808,final_balanced_r8,83,35,519,472,12,351,16,16,105,23,15,7,131,43
20260808,final_balanced_r8,84,34,524,475,15,358,19,11,106,24,11,7,131,43
20260808,final_balanced_r8,85,34,529,480,15,365,27,8,107,18,10,5,131,43
20260808,final_balanced_r8,86,34,534,485,15,371,34,10,104,12,10,6,131,43
20260808,final_balanced_r8,87,29,539,495,15,378,28,15,102,15,11,5,131,43
20260808,final_balanced_r8,88,33,546,498,15,382,25,13,103,19,11,6,131,43
20260808,final_balanced_r8,89,35,551,501,15,391,27,6,104,23,11,6,131,43
20260808,final_balanced_r8,90,40,559,504,15,400,16,6,98,40,16,5,131,43
20260808,final_balanced_r8,91,31,564,518,15,411,12,17,90,41,15,4,131,43
20260808,final_balanced_r8,92,24,571,532,15,415,12,28,89,31,15,3,131,43
20260808,final_balanced_r8,93,23,577,539,15,420,19,21,98,22,13,3,131,43
20260808,final_balanced_r8,94,15,582,552,15,428,9,20,104,27,12,3,131,43
20260808,final_balanced_r8,95,14,589,560,15,435,7,21,104,28,11,2,131,43
20260808,final_balanced_r8,96,13,597,569,15,445,18,17,107,18,13,1,131,43
20260808,final_balanced_r8,97,14,604,575,15,455,16,15,105,24,12,3,131,43
20260808,final_balanced_r8,98,15,612,582,15,459,11,13,110,26,9,3,131,43
20260808,final_balanced_r8,99,11,618,592,15,463,18,17,112,13,8,3,131,43
20260808,final_balanced_r8,100,17,625,593,15,465,14,11,117,18,10,5,121,40
20260808,final_balanced_r8,101,19,631,597,15,471,7,5,121,27,11,5,121,40
20260808,final_balanced_r8,102,24,638,599,15,476,10,6,117,27,12,6,121,40
20260808,final_balanced_r8,103,26,646,605,15,487,16,8,110,26,9,8,121,40
20260808,final_balanced_r8,104,30,654,609,15,494,29,10,105,16,12,6,121,40
20260808,final_balanced_r8,105,32,662,615,15,506,34,10,99,17,11,7,131,43
20260808,final_balanced_r8,106,35,669,619,15,514,30,10,95,25,11,7,131,43
20260808,final_balanced_r8,107,37,674,622,15,528,32,7,87,34,9,8,131,43
20260808,final_balanced_r8,108,42,681,624,15,534,44,5,85,26,9,7,131,43
20260808,final_balanced_r8,109,32,687,640,15,543,56,18,79,7,9,6,131,43
20260808,final_balanced_r8,110,32,693,646,15,550,59,22,74,5,11,6,131,43
20260808,final_balanced_r8,111,34,698,649,15,558,50,9,82,19,10,7,131,43
20260808,final_balanced_r8,112,36,703,652,15,565,47,6,81,26,9,8,131,43
20260808,final_balanced_r8,113,39,709,655,15,575,54,6,74,26,8,8,131,43
20260808,final_balanced_r8,114,46,717,656,15,581,68,4,71,17,10,9,131,43
20260808,final_balanced_r8,115,47,725,663,15,585,81,8,70,1,11,9,131,43
20260808,final_balanced_r8,116,49,732,668,15,594,85,12,62,1,12,10,131,43
20260808,final_balanced_r8,117,56,739,668,15,597,81,5,66,8,14,11,131,43
20260808,final_balanced_r8,118,61,746,670,15,602,61,2,66,31,14,11,131,43
20260808,final_balanced_r8,119,64,753,674,15,604,49,6,64,41,12,11,131,43
20260808,final_balanced_r8,120,68,760,677,15,610,46,7,60,47,15,11,131,43
20260808,final_balanced_r8,121,69,765,681,15,613,36,7,61,56,16,10,131,43
20260808,final_balanced_r8,122,54,771,702,15,619,39,25,58,38,18,7,131,43
20260808,final_balanced_r8,123,45,777,717,15,623,28,36,58,38,16,6,131,43
20260808,final_balanced_r8,124,45,783,723,15,629,13,21,73,53,19,6,131,43
20260808,final_balanced_r8,125,47,791,729,15,635,25,12,82,41,20,6,121,40
20260808,final_balanced_r8,126,41,798,742,15,639,30,19,84,27,20,5,121,40
20260808,final_balanced_r8,127,42,804,747,15,643,30,18,86,26,18,6,121,40
20260808,final_balanced_r8,128,45,809,749,15,651,34,7,91,28,20,6,121,40
20260808,final_balanced_r8,129,46,814,753,15,656,33,6,91,30,20,6,121,40
20260808,final_balanced_r8,130,46,819,758,15,662,41,9,87,23,18,8,131,43
20260808,final_balanced_r8,131,47,824,762,15,664,53,9,89,9,18,8,131,43
20260808,final_balanced_r8,132,48,829,766,15,670,55,8,88,9,18,9,131,43
20260808,final_balanced_r8,133,52,835,768,15,676,45,6,86,23,18,9,131,43
20260808,final_balanced_r8,134,51,843,777,15,682,37,11,84,28,15,9,131,43
20260808,final_balanced_r8,135,53,850,782,15,688,50,14,80,16,14,10,131,43
20260808,final_balanced_r8,136,59,858,784,15,694,48,7,83,22,16,10,131,43
20260808,final_balanced_r8,137,62,865,788,15,703,23,6,79,52,16,10,131,43
20260808,final_balanced_r8,138,61,870,794,15,710,10,10,74,66,11,10,131,43
20260808,final_balanced_r8,139,63,875,797,15,717,32,9,71,48,9,11,131,43
20260808,final_balanced_r8,140,67,882,800,15,721,65,6,73,16,9,11,131,43
20260808,final_balanced_r8,141,68,888,805,15,730,83,8,67,2,10,11,131,43
20260808,final_balanced_r8,142,72,893,806,15,736,84,6,64,6,11,11,131,43
20260808,final_balanced_r8,143,78,901,808,15,741,79,3,64,14,12,11,131,43
20260808,final_balanced_r8,144,81,909,813,15,747,81,7,59,13,12,13,131,43
20260808,final_balanced_r8,145,85,917,817,15,748,71,9,60,20,13,14,131,43
20260808,final_balanced_r8,146,86,922,821,15,750,63,8,63,26,11,13,131,43
20260808,final_balanced_r8,147,84,928,829,15,756,74,12,61,13,11,14,131,43
20260808,final_balanced_r8,148,87,936,834,15,761,83,13,60,4,10,15,131,43
20260808,final_balanced_r8,149,90,941,836,15,769,87,7,60,6,11,15,131,43
20260808,final_balanced_r8,150,93,949,841,15,775,74,7,59,20,15,15,131,43
20260808,final_balanced_r8,151,94,956,847,15,776,33,11,60,56,17,15,131,43
20260808,final_balanced_r8,152,94,961,852,15,779,34,11,62,53,18,15,131,43
20260808,final_balanced_r8,153,86,969,868,15,783,53,21,64,22,13,15,131,43
20260808,final_balanced_r8,154,75,977,887,15,794,44,35,58,23,13,14,131,43
20260808,final_balanced_r8,155,68,984,901,15,799,35,33,69,23,15,14,126,43
20260808,final_balanced_r8,156,71,990,904,15,802,32,17,85,26,16,13,126,43
20260808,final_balanced_r8,157,73,997,909,15,807,36,8,94,22,18,13,126,43
20260808,final_balanced_r8,158,63,1003,925,15,809,33,21,95,11,16,11,126,43
20260808,final_balanced_r8,159,64,1010,931,15,813,26,22,96,16,16,11,126,43
20260808,final_balanced_r8,160,66,1018,937,15,818,22,12,107,19,19,11,131,43
20260808,final_balanced_r8,161,65,1023,942,16,821,12,11,110,27,20,11,131,43
20260808,final_balanced_r8,162,63,1028,949,16,826,12,12,111,25,17,10,131,43
20260808,final_balanced_r8,163,60,1033,957,16,833,13,15,109,23,17,10,131,43
20260808,final_balanced_r8,164,62,1041,963,16,836,13,14,113,20,20,10,131,43
20260808,final_balanced_r8,165,50,1047,981,16,848,16,24,109,11,18,8,131,43
20260808,final_balanced_r8,166,54,1055,984,17,848,12,21,115,12,24,8,131,43
20260808,final_balanced_r8,167,51,1061,992,18,854,7,11,127,15,20,6,131,43
20260808,final_balanced_r8,168,49,1069,997,23,862,7,13,122,18,21,6,131,43
20260808,final_balanced_r8,169,45,1076,1004,27,869,3,12,123,22,20,5,131,43
20260808,final_balanced_r8,170,44,1082,1010,28,878,2,13,119,26,21,5,131,43
20260808,final_balanced_r8,171,45,1090,1013,32,892,5,9,112,34,21,5,131,43
20260808,final_balanced_r8,172,42,1095,1020,33,899,2,10,111,37,17,6,131,43
20260808,final_balanced_r8,173,34,1103,1036,33,910,2,23,103,32,12,6,131,43
20260808,final_balanced_r8,174,35,1110,1042,33,921,11,22,99,28,12,8,131,43
20260808,final_balanced_r8,175,35,1115,1047,33,930,26,11,106,17,11,10,131,43
20260808,final_balanced_r8,176,37,1121,1051,33,941,25,9,101,25,12,9,131,43
20260808,final_balanced_r8,177,42,1128,1053,33,949,29,6,98,27,11,10,131,43
20260808,final_balanced_r8,178,41,1135,1061,33,958,42,10,93,15,9,9,131,43
20260808,final_balanced_r8,179,43,1142,1066,33,965,43,13,88,16,12,8,131,43
20260808,final_balanced_r8,180,36,1149,1080,33,971,30,19,90,21,11,7,121,40
20260808,final_balanced_r8,181,28,1157,1096,33,976,24,30,90,16,11,5,121,40
20260808,final_balanced_r8,182,31,1163,1099,33,982,13,19,98,30,14,5,121,40
20260808,final_balanced_r8,183,36,1169,1100,33,989,13,4,107,36,16,5,121,40
20260808,final_balanced_r8,184,25,1174,1116,33,998,15,17,101,27,15,3,121,40
20260808,final_balanced_r8,185,25,1180,1122,33,1008,17,22,92,29,16,3,131,43
20260808,final_balanced_r8,186,18,1187,1136,33,1015,19,20,101,20,13,4,131,43
20260808,final_balanced_r8,187,12,1193,1148,33,1021,21,26,101,12,11,2,131,43
20260808,final_balanced_r8,188,11,1201,1157,33,1032,23,21,104,12,10,2,131,43
20260808,final_balanced_r8,189,14,1209,1162,33,1036,22,14,112,12,13,2,131,43
20260808,final_balanced_r8,190,10,1214,1171,33,1043,23,14,114,9,7,3,131,43
20260808,final_balanced_r8,191,15,1221,1173,33,1049,25,11,113,11,10,5,131,43
20260808,final_balanced_r8,192,19,1229,1177,33,1055,29,6,116,9,10,5,131,43
20260808,final_balanced_r8,193,23,1234,1178,33,1058,24,5,115,16,12,6,131,43
20260808,final_balanced_r8,194,27,1242,1182,33,1063,25,5,114,16,9,6,131,43
20260808,final_balanced_r8,195,31,1249,1185,33,1071,31,7,107,15,10,5,131,43
20260808,final_balanced_r8,196,37,1255,1185,33,1082,31,3,100,26,10,7,131,43
20260808,final_balanced_r8,197,38,1260,1189,33,1091,37,4,94,25,10,6,131,43
20260808,final_balanced_r8,198,39,1268,1196,33,1101,38,11,84,27,11,7,131,43
20260808,final_balanced_r8,199,40,1273,1200,33,1116,44,11,73,32,12,7,131,43
20260808,final_balanced_r8,200,39,1279,1207,33,1129,45,11,67,37,13,8,131,43
20260808,final_balanced_r8,201,43,1287,1211,33,1139,55,11,61,33,11,10,131,43
20260808,final_balanced_r8,202,43,1294,1218,33,1145,66,11,62,21,10,9,131,43
20260808,final_balanced_r8,203,48,1301,1220,33,1148,75,9,63,13,11,9,131,43
20260808,final_balanced_r8,204,52,1307,1222,33,1153,68,4,65,23,10,10,131,43
20260808,final_balanced_r8,205,54,1313,1226,33,1157,69,6,63,22,10,10,131,43
20260808,final_balanced_r8,206,51,1318,1234,33,1162,83,12,60,5,10,9,131,43
20260808,final_balanced_r8,207,52,1325,1240,33,1169,88,14,57,1,9,8,131,43
20260808,final_balanced_r8,208,58,1333,1242,33,1174,90,8,60,2,9,9,131,43
20260808,final_balanced_r8,209,64,1339,1242,33,1180,94,2,60,4,10,9,131,43
20260808,final_balanced_r8,210,63,1345,1249,33,1183,79,7,59,15,11,9,131,43
20260808,final_balanced_r8,211,60,1351,1258,33,1186,58,16,56,30,11,9,131,43
20260808,final_balanced_r8,212,64,1359,1262,33,1190,53,13,59,35,15,9,131,43
20260808,final_balanced_r8,213,68,1366,1265,33,1192,47,7,66,40,16,9,131,43
20260808,final_balanced_r8,214,58,1374,1283,33,1197,40,21,65,34,13,9,131,43
20260808,final_balanced_r8,215,54,1382,1295,33,1201,45,30,64,21,9,9,131,43
20260808,final_balanced_r8,216,55,1390,1302,33,1204,43,19,79,19,10,9,131,43
20260808,final_balanced_r8,217,56,1397,1308,33,1208,39,13,87,21,11,9,131,43
20260808,final_balanced_r8,218,52,1404,1319,33,1210,40,17,92,11,15,8,131,43
20260808,final_balanced_r8,219,44,1409,1332,33,1216,42,24,92,2,15,7,131,43
20260808,final_balanced_r8,220,50,1416,1333,33,1222,44,14,97,5,15,7,131,43
20260808,final_balanced_r8,221,52,1422,1337,33,1228,46,5,104,5,15,7,131,43
20260808,final_balanced_r8,222,56,1429,1340,33,1231,47,7,102,4,17,7,131,43
20260808,final_balanced_r8,223,61,1436,1342,33,1235,39,5,102,14,18,7,131,43
20260808,final_balanced_r8,224,64,1442,1345,33,1240,32,5,100,23,16,7,131,43
20260808,final_balanced_r8,225,66,1447,1348,33,1245,34,6,97,23,17,7,131,43
20260808,final_balanced_r8,226,69,1454,1352,33,1258,36,7,87,30,18,6,131,43
20260808,final_balanced_r8,227,64,1461,1364,33,1265,29,16,83,32,20,7,131,43
20260808,final_balanced_r8,228,54,1467,1380,33,1270,21,28,82,29,16,8,131,43
20260808,final_balanced_r8,229,56,1473,1384,33,1278,21,20,86,33,14,10,131,43
20260808,final_balanced_r8,230,59,1478,1386,33,1285,25,6,95,34,13,10,131,43
20260808,final_balanced_r8,231,60,1483,1390,33,1289,19,6,95,40,11,9,131,43
20260808,final_balanced_r8,232,64,1490,1393,33,1294,32,7,92,29,12,8,131,43
20260808,final_balanced_r8,233,62,1495,1400,33,1301,34,10,89,27,14,8,131,43
20260808,final_balanced_r8,234,60,1500,1407,33,1311,14,14,82,50,14,8,131,43
20260808,final_balanced_r8,235,64,1507,1410,33,1320,19,10,80,51,12,9,111,40
20260808,final_balanced_r8,236,63,1513,1417,33,1327,21,10,80,49,10,8,111,40
20260808,final_balanced_r8,237,56,1521,1432,33,1332,27,22,78,33,9,10,111,40
20260808,final_balanced_r8,238,48,1529,1448,33,1343,40,31,74,15,11,8,111,40
20260808,final_balanced_r8,239,47,1536,1456,33,1347,28,24,85,23,12,8,111,40
20260808,final_balanced_r8,240,45,1542,1464,33,1355,24,16,93,27,14,8,131,43
20260808,final_balanced_r8,241,49,1549,1467,33,1358,10,11,98,41,15,8,131,43
20260808,final_balanced_r8,242,48,1554,1473,33,1363,16,9,101,34,15,8,131,43
20260808,final_balanced_r8,243,33,1559,1493,33,1365,17,26,102,15,10,7,131,43
20260808,final_balanced_r8,244,32,1564,1499,33,1369,11,26,104,19,12,7,131,43
20260808,final_balanced_r8,245,28,1570,1509,33,1374,9,16,119,16,14,6,131,43
20260808,final_balanced_r8,246,31,1575,1511,33,1378,8,12,121,19,18,6,131,43
20260808,final_balanced_r8,247,27,1581,1521,33,1385,4,12,124,20,15,6,131,43
20260808,final_balanced_r8,248,23,1588,1532,33,1395,3,21,116,20,14,4,131,43
20260808,final_balanced_r8,249,27,1595,1535,33,1404,9,14,117,20,17,4,131,43
20260808,final_balanced_r8,250,24,1600,1543,33,1412,15,11,120,14,15,4,131,43
20260808,final_balanced_r8,251,24,1606,1549,33,1417,13,14,118,15,12,4,131,43
20260808,final_balanced_r8,252,24,1612,1555,33,1426,17,12,117,14,11,5,131,43
20260808,final_balanced_r8,253,24,1617,1560,33,1433,25,11,116,8,10,6,131,43
20260808,final_balanced_r8,254,25,1622,1564,33,1438,20,9,117,14,13,5,131,43
20260808,final_balanced_r8,255,27,1627,1567,33,1448,15,7,112,26,13,5,122,43
20260808,final_balanced_r8,256,26,1632,1573,33,1456,14,9,108,29,11,5,122,43
20260808,final_balanced_r8,257,21,1637,1583,33,1468,20,16,99,25,11,5,122,43
20260808,final_balanced_r8,258,22,1643,1588,33,1480,27,15,93,25,10,5,122,43
20260808,final_balanced_r8,259,17,1649,1599,33,1494,34,16,89,21,7,5,122,43
20260808,final_balanced_r8,260,17,1655,1605,33,1504,46,17,84,13,7,4,131,43
20260808,final_balanced_r8,261,22,1662,1607,33,1508,49,8,91,12,10,4,131,43
20260808,final_balanced_r8,262,19,1667,1615,33,1514,24,10,91,35,10,4,131,43
20260808,final_balanced_r8,263,19,1673,1621,33,1520,19,14,87,40,8,4,131,43
20260808,final_balanced_r8,264,23,1681,1625,33,1527,24,10,88,38,10,5,131,43
20260808,final_balanced_r8,265,24,1686,1629,33,1532,29,8,89,34,9,5,131,43
20260808,final_balanced_r8,266,13,1692,1646,33,1541,46,21,84,9,8,3,131,43
20260808,final_balanced_r8,267,15,1699,1651,33,1552,54,22,77,7,9,3,131,43
20260808,final_balanced_r8,268,19,1706,1654,33,1555,52,8,91,9,11,3,131,43
20260808,final_balanced_r8,269,19,1714,1662,33,1560,47,11,91,11,11,3,131,43
20260808,final_balanced_r8,270,15,1720,1672,33,1567,43,18,87,12,8,3,131,43
20260808,final_balanced_r8,271,13,1726,1680,33,1573,40,18,89,13,8,3,131,43
20260808,final_balanced_r8,272,14,1734,1687,33,1577,32,15,95,18,11,2,131,43
20260808,final_balanced_r8,273,14,1742,1695,33,1579,17,15,101,27,13,2,131,43
20260808,final_balanced_r8,274,14,1750,1703,33,1589,16,16,98,30,11,2,131,43
20260808,final_balanced_r8,275,8,1758,1717,33,1600,19,22,95,24,8,1,131,43
20260808,final_balanced_r8,276,14,1766,1719,33,1604,12,16,99,33,10,2,131,43
20260808,final_balanced_r8,277,19,1773,1721,33,1609,23,4,108,25,12,3,131,43
20260808,final_balanced_r8,278,20,1778,1725,33,1616,43,6,103,8,11,4,131,43
20260808,final_balanced_r8,279,23,1783,1727,33,1626,42,6,95,17,11,5,131,43
20260808,final_balanced_r8,280,26,1789,1730,33,1628,45,5,97,13,9,5,131,43
20260808,final_balanced_r8,281,30,1797,1734,33,1634,53,7,93,7,10,5,131,43
20260808,final_balanced_r8,282,36,1804,1735,33,1637,51,5,93,11,10,5,131,43
20260808,final_balanced_r8,283,34,1809,1742,33,1644,53,8,90,9,10,6,131,43
20260808,final_balanced_r8,284,39,1816,1744,33,1654,52,9,81,18,9,7,131,43
20260808,final_balanced_r8,285,42,1823,1748,33,1663,57,6,79,18,10,7,121,40
20260808,final_balanced_r8,286,36,1828,1759,33,1672,60,15,72,13,9,8,121,40
20260808,final_balanced_r8,287,38,1835,1764,33,1683,66,16,65,13,9,7,121,40
20260808,final_balanced_r8,288,41,1840,1766,33,1688,77,7,71,5,9,7,121,40
20260808,final_balanced_r8,289,44,1847,1770,33,1694,83,6,70,1,9,7,121,40
20260808,final_balanced_r8,290,47,1853,1773,33,1698,81,7,68,4,10,7,126,43
20260808,final_balanced_r8,291,52,1859,1774,33,1704,76,4,66,14,10,8,126,43
20260808,final_balanced_r8,292,54,1866,1779,33,1707,77,6,66,11,10,8,126,43
20260808,final_balanced_r8,293,59,1873,1781,33,1715,81,7,59,13,9,9,126,43
20260808,final_balanced_r8,294,64,1879,1782,33,1719,82,3,60,15,10,10,126,43
20260808,final_balanced_r8,295,67,1885,1785,33,1726,89,4,55,12,10,10,131,43
20260808,final_balanced_r8,296,68,1891,1790,33,1730,90,8,52,10,9,10,131,43
20260808,final_balanced_r8,297,63,1896,1800,33,1733,90,15,52,3,9,11,131,43
20260808,final_balanced_r8,298,70,1904,1801,33,1737,92,11,53,4,9,14,131,43
20260808,final_balanced_r8,299,75,1912,1804,33,1740,91,4,60,5,11,15,131,43
20260808,final_balanced_r8,300,75,1919,1811,33,1747,70,10,54,26,13,14,131,43
20260808,final_balanced_r8,301,72,1924,1819,33,1751,55,15,53,37,11,14,131,43
20260808,final_balanced_r8,302,73,1930,1824,33,1756,53,13,55,39,13,13,131,43
20260808,final_balanced_r8,303,79,1938,1826,33,1760,33,7,59,61,16,13,131,43
20260808,final_balanced_r8,304,62,1945,1850,33,1765,32,26,59,43,15,11,131,43
20260808,final_balanced_r8,305,52,1951,1866,33,1768,54,40,58,8,10,10,131,43
20260808,final_balanced_r8,306,51,1958,1874,33,1771,49,24,79,8,10,10,131,43
20260808,final_balanced_r8,307,50,1964,1881,33,1771,43,15,95,7,10,10,131,43
20260808,final_balanced_r8,308,49,1972,1890,33,1776,43,16,98,3,16,9,131,43
20260808,final_balanced_r8,309,52,1977,1892,33,1783,48,11,98,3,17,9,131,43
20260808,final_balanced_r8,310,55,1983,1895,33,1786,49,5,104,2,18,9,131,43
20260808,final_balanced_r8,311,59,1989,1897,33,1789,49,5,103,3,20,9,131,43
20260808,final_balanced_r8,312,63,1997,1901,33,1793,43,6,102,9,19,9,131,43
20260808,final_balanced_r8,313,68,2004,1903,33,1798,42,6,99,13,20,9,131,43
20260808,final_balanced_r8,314,70,2009,1906,33,1802,44,5,99,12,21,9,131,43
20260808,final_balanced_r8,315,70,2014,1911,33,1808,44,8,95,13,21,9,131,43
20260808,final_balanced_r8,316,66,2019,1920,33,1815,45,14,91,10,20,9,131,43
20260808,final_balanced_r8,317,67,2026,1926,33,1824,49,15,87,9,20,9,131,43
20260808,final_balanced_r8,318,68,2033,1930,35,1831,54,10,89,7,20,7,131,43
20260808,final_balanced_r8,319,64,2038,1936,38,1833,53,10,93,4,19,8,131,43
20260808,final_balanced_r8,320,60,2043,1940,43,1847,59,10,83,8,18,9,131,43
20260808,final_balanced_r8,321,63,2051,1945,43,1857,60,9,79,12,18,10,131,43
20260808,final_balanced_r8,322,62,2058,1951,45,1863,63,11,77,9,16,10,131,43
20260808,final_balanced_r8,323,60,2065,1956,49,1878,66,11,67,16,16,9,131,43
20260808,final_balanced_r8,324,61,2073,1959,53,1880,58,8,71,23,12,10,131,43
20260808,final_balanced_r8,325,58,2078,1967,53,1886,54,11,70,25,11,10,131,43
20260808,final_balanced_r8,326,62,2085,1970,53,1894,55,11,65,29,12,11,131,43
20260808,final_balanced_r8,327,65,2092,1974,53,1898,52,7,69,32,10,13,131,43
20260808,final_balanced_r8,328,65,2098,1980,53,1901,60,10,69,21,10,14,131,43
20260808,final_balanced_r8,329,71,2104,1980,53,1904,68,6,70,16,11,14,131,43
20260808,final_balanced_r8,330,72,2112,1987,53,1907,51,7,73,29,13,13,131,43
20260808,final_balanced_r8,331,65,2119,2001,53,1911,19,21,69,51,18,11,131,43
20260808,final_balanced_r8,332,63,2124,2008,53,1914,16,21,73,50,18,10,131,43
20260808,final_balanced_r8,333,54,2131,2024,53,1922,30,23,79,28,11,10,131,43
20260808,final_balanced_r8,334,54,2138,2031,53,1931,33,23,77,27,12,9,131,43
20260808,final_balanced_r8,335,51,2143,2039,53,1939,30,15,85,30,15,9,121,40
20260808,final_balanced_r8,336,49,2148,2046,53,1944,27,15,87,31,16,8,121,40
20260808,final_balanced_r8,337,51,2154,2050,53,1952,41,11,87,21,16,8,121,40
20260808,final_balanced_r8,338,54,2160,2053,53,1956,40,7,90,23,21,8,121,40
20260808,final_balanced_r8,339,52,2165,2060,53,1961,24,10,89,37,21,8,121,40
20260808,final_balanced_r8,340,56,2173,2064,53,1963,22,11,90,37,23,8,131,43
20260808,final_balanced_r8,341,60,2181,2068,53,1967,12,8,93,47,26,7,131,43
20260808,final_balanced_r8,342,59,2188,2076,53,1970,13,12,94,41,23,6,131,43
20260808,final_balanced_r8,343,56,2195,2086,53,1974,14,18,94,34,23,6,131,43
20260808,final_balanced_r8,344,61,2203,2089,53,1979,13,13,97,37,25,6,131,43
20260808,final_balanced_r8,345,55,2211,2103,53,1984,5,17,102,36,21,6,131,43
20260808,final_balanced_r8,346,52,2216,2111,53,1998,5,22,91,42,22,5,131,43
20260808,final_balanced_r8,347,51,2221,2117,53,2003,15,14,100,31,23,5,131,43
20260808,final_balanced_r8,348,51,2227,2123,53,2012,22,12,99,27,24,5,131,43
20260808,final_balanced_r8,349,53,2233,2127,53,2017,12,10,100,38,22,5,131,43
20260808,final_balanced_r8,350,53,2240,2134,53,2025,20,11,98,31,22,6,131,43
20260808,final_balanced_r8,351,54,2248,2141,53,2031,20,14,96,30,23,7,131,43
20260808,final_balanced_r8,352,50,2255,2152,53,2036,7,18,98,37,17,8,131,43
20260808,final_balanced_r8,353,46,2263,2164,53,2038,7,23,103,27,13,8,131,43
20260808,final_balanced_r8,354,47,2269,2168,54,2048,18,16,104,22,11,8,131,43
20260808,final_balanced_r8,355,50,2276,2172,54,2056,22,8,108,22,9,8,131,43
20260808,final_balanced_r8,356,54,2284,2176,54,2062,27,8,106,19,11,9,131,43
20260808,final_balanced_r8,357,51,2292,2187,54,2067,16,15,105,24,13,8,131,43
20260808,final_balanced_r8,358,49,2298,2195,54,2075,5,19,101,35,12,9,131,43
20260808,final_balanced_r8,359,50,2305,2201,54,2081,17,14,106,23,12,9,131,43
20260808,final_balanced_r8,360,50,2313,2209,54,2089,30,14,106,10,15,9,126,43
20260808,final_balanced_r8,361,54,2320,2212,54,2095,9,11,106,34,20,9,126,43
20260808,final_balanced_r8,362,53,2325,2218,54,2102,3,9,107,41,19,8,126,43
20260808,final_balanced_r8,363,45,2332,2233,54,2109,10,21,103,26,12,8,126,43
20260808,final_balanced_r8,364,44,2338,2240,54,2119,4,22,99,35,15,7,126,43
20260808,final_balanced_r8,365,35,2344,2255,54,2128,5,22,105,28,11,6,131,43
20260808,final_balanced_r8,366,30,2352,2268,54,2134,4,28,106,22,15,5,131,43
20260808,final_balanced_r8,367,34,2360,2272,54,2143,4,17,112,27,15,5,131,43
20260808,final_balanced_r8,368,35,2366,2277,54,2149,7,9,119,25,18,4,131,43
20260808,final_balanced_r8,369,36,2374,2284,54,2154,9,12,118,21,19,3,131,43
20260808,final_balanced_r8,370,38,2382,2290,54,2159,11,13,118,18,19,4,131,43
20260808,final_balanced_r8,371,38,2387,2295,54,2163,11,11,121,17,19,4,131,43
20260808,final_balanced_r8,372,39,2393,2300,54,2173,7,10,117,26,18,5,131,43
20260808,final_balanced_r8,373,41,2399,2304,54,2182,8,9,113,30,16,5,131,43
20260808,final_balanced_r8,374,36,2407,2317,54,2186,7,17,114,22,17,5,131,43
20260808,final_balanced_r8,375,35,2415,2326,54,2194,7,22,110,21,18,8,131,43
20260808,final_balanced_r8,376,30,2422,2338,54,2203,9,21,114,16,11,6,131,43
20260808,final_balanced_r8,377,30,2428,2344,54,2213,15,18,113,14,10,6,131,43
20260808,final_balanced_r8,378,31,2434,2349,54,2221,22,11,117,10,9,6,131,43
20260808,final_balanced_r8,379,33,2441,2354,54,2231,31,10,113,6,10,7,131,43
20260808,final_balanced_r8,380,38,2447,2355,54,2241,38,6,108,8,10,7,115,42
20260808,final_balanced_r8,381,41,2453,2358,54,2246,40,4,108,8,9,6,115,42
20260808,final_balanced_r8,382,46,2461,2361,54,2254,44,6,101,9,10,7,115,42
20260808,final_balanced_r8,383,49,2467,2364,54,2265,52,6,93,9,11,9,115,42
20260808,final_balanced_r8,384,47,2475,2374,54,2273,54,13,88,5,9,8,115,42
20260808,final_balanced_r8,385,51,2482,2377,54,2278,56,13,86,5,9,9,131,43
20260808,final_balanced_r8,386,53,2488,2381,54,2287,60,7,87,6,9,9,131,43
20260808,final_balanced_r8,387,56,2494,2384,54,2297,67,7,80,6,9,9,131,43
20260808,final_balanced_r8,388,57,2501,2390,54,2300,66,9,81,4,8,9,131,43
20260808,final_balanced_r8,389,60,2508,2394,54,2309,72,10,75,3,9,9,131,43
20260808,final_balanced_r8,390,59,2515,2402,54,2315,71,12,75,2,9,9,121,40
20260808,final_balanced_r8,391,61,2521,2406,54,2322,70,12,72,6,13,8,121,40
20260808,final_balanced_r8,392,65,2528,2409,54,2332,54,7,70,29,16,8,121,40
20260808,final_balanced_r8,393,65,2535,2416,54,2336,54,10,70,26,16,8,121,40
20260808,final_balanced_r8,394,49,2540,2437,54,2346,62,28,63,7,9,8,121,40
20260808,final_balanced_r8,395,49,2547,2444,54,2356,65,28,60,7,10,8,131,43
20260808,final_balanced_r8,396,51,2553,2448,54,2360,60,11,77,12,14,7,131,43
20260808,final_balanced_r8,397,54,2561,2453,54,2363,59,9,81,11,17,7,131,43
20260808,final_balanced_r8,398,52,2568,2462,54,2368,48,14,80,18,18,6,131,43
20260808,final_balanced_r8,399,57,2576,2465,54,2372,36,12,81,31,20,6,131,43
20260808,final_balanced_r8,400,59,2584,2471,54,2377,38,9,85,28,19,6,131,43
20260808,final_balanced_r8,401,61,2590,2475,54,2379,38,10,86,26,21,6,131,43
20260808,final_balanced_r8,402,55,2596,2487,54,2383,39,16,88,17,19,6,131,43
20260808,final_balanced_r8,403,59,2601,2488,54,2386,40,13,89,18,19,8,131,43
20260808,final_balanced_r8,404,62,2608,2492,54,2390,39,5,97,19,22,7,131,43
20260808,final_balanced_r8,405,62,2615,2499,54,2397,48,11,91,10,23,6,131,43
20260808,final_balanced_r8,406,62,2623,2507,54,2405,37,15,87,21,21,7,131,43
20260808,final_balanced_r8,407,64,2629,2511,54,2410,33,12,89,26,19,7,131,43
20260808,final_balanced_r8,408,65,2637,2518,54,2418,36,11,89,24,19,8,131,43
20260808,final_balanced_r8,409,69,2644,2521,54,2425,48,10,86,16,18,9,131,43
20260808,final_balanced_r8,410,72,2652,2526,54,2431,58,8,87,7,20,9,131,43
20260808,final_balanced_r8,411,76,2659,2529,54,2436,40,8,85,27,20,10,131,43
20260808,final_balanced_r8,412,76,2667,2537,54,2443,21,11,83,45,17,10,131,43
20260808,final_balanced_r8,413,79,2672,2539,54,2447,23,10,82,45,15,10,131,43
20260808,final_balanced_r8,414,82,2678,2542,54,2453,29,5,84,42,15,10,131,43
20260808,final_balanced_r8,415,71,2684,2559,54,2461,37,20,78,25,11,10,131,43
20260808,final_balanced_r8,416,69,2692,2569,54,2469,49,27,73,11,11,12,131,43
20260808,final_balanced_r8,417,73,2697,2570,54,2473,53,11,86,10,10,13,131,43
20260808,final_balanced_r8,418,77,2704,2573,54,2481,56,4,88,12,10,13,131,43
20260808,final_balanced_r8,419,83,2712,2575,54,2488,54,5,82,19,11,13,131,43
20260808,final_balanced_r8,420,85,2718,2579,54,2492,41,6,81,32,14,12,131,43
20260808,final_balanced_r8,421,83,2724,2587,54,2500,31,12,75,42,14,12,131,43
20260808,final_balanced_r8,422,78,2729,2597,54,2502,29,18,77,36,17,11,131,43
20260808,final_balanced_r8,423,72,2735,2609,54,2506,18,22,81,39,17,10,131,43
20260808,final_balanced_r8,424,72,2743,2617,54,2510,12,20,87,41,19,10,131,43
20260808,final_balanced_r8,425,69,2751,2628,54,2512,11,19,97,33,17,10,131,43
20260808,final_balanced_r8,426,71,2758,2633,54,2522,12,16,95,37,17,9,131,43
20260808,final_balanced_r8,427,73,2763,2636,54,2528,13,8,100,39,17,9,131,43
20260808,final_balanced_r8,428,70,2768,2644,54,2534,23,11,99,27,16,9,131,43
20260808,final_balanced_r8,429,69,2775,2652,54,2541,35,16,95,14,17,9,131,43
20260808,final_balanced_r8,430,63,2781,2664,54,2551,37,20,93,10,16,9,131,43
20260808,final_balanced_r8,431,63,2786,2669,54,2555,33,17,97,13,17,9,131,43
20260808,final_balanced_r8,432,64,2793,2675,54,2563,25,11,101,23,17,9,131,43
20260808,final_balanced_r8,433,68,2801,2679,54,2568,15,10,101,34,18,9,131,43
20260808,final_balanced_r8,434,69,2808,2685,54,2575,12,10,100,38,20,8,131,43
20260808,final_balanced_r8,435,67,2816,2695,54,2582,8,16,97,39,22,8,131,43
20260808,final_balanced_r8,436,54,2821,2713,54,2585,4,28,100,28,23,6,131,43
20260808,final_balanced_r8,437,46,2828,2728,54,2598,7,33,97,23,24,4,131,43
20260808,final_balanced_r8,438,48,2835,2733,54,2601,5,20,112,23,24,4,131,43
20260808,final_balanced_r8,439,44,2840,2742,54,2611,7,14,117,22,23,4,131,43
20260808,final_balanced_r8,440,45,2845,2746,54,2621,7,13,112,28,20,6,131,43
20260808,final_balanced_r8,441,42,2852,2756,54,2629,10,14,113,23,18,5,131,43
20260808,final_balanced_r8,442,41,2857,2760,56,2641,11,14,105,30,20,5,131,43
20260808,final_balanced_r8,443,41,2864,2764,59,2649,10,8,107,35,19,7,131,43
20260808,final_balanced_r8,444,33,2869,2777,59,2657,11,17,103,29,11,8,131,43
20260808,final_balanced_r8,445,36,2876,2781,59,2663,13,17,101,29,10,10,121,40
20260808,final_balanced_r8,446,37,2883,2787,59,2669,27,10,108,15,11,11,121,40
20260808,final_balanced_r8,447,35,2888,2794,59,2675,35,13,106,6,9,10,121,40
20260808,final_balanced_r8,448,40,2894,2795,59,2684,39,8,103,10,9,10,121,40
20260808,final_balanced_r8,449,42,2899,2798,59,2691,41,4,103,12,9,9,121,40
20260808,final_balanced_r8,450,39,2904,2806,59,2697,41,11,98,10,11,7,131,43
20260808,final_balanced_r8,451,37,2909,2813,59,2702,35,15,96,14,14,5,131,43
20260808,final_balanced_r8,452,39,2914,2816,59,2710,31,10,96,23,18,4,131,43
20260808,final_balanced_r8,453,32,2919,2828,59,2718,32,15,95,18,12,4,131,43
20260808,final_balanced_r8,454,30,2924,2835,59,2724,32,19,92,17,12,4,131,43
20260808,final_balanced_r8,455,28,2929,2842,59,2734,27,14,94,25,12,4,131,43
20260808,final_balanced_r8,456,23,2934,2852,59,2743,31,17,92,20,13,4,131,43
20260808,final_balanced_r8,457,19,2940,2862,59,2752,39,20,90,11,12,3,131,43
20260808,final_balanced_r8,458,19,2945,2867,59,2759,42,15,93,10,12,3,131,43
20260808,final_balanced_r8,459,21,2951,2871,59,2763,45,9,99,7,12,3,131,43
20260808,final_balanced_r8,460,21,2956,2876,59,2770,48,9,97,6,12,4,131,43
20260808,final_balanced_r8,461,22,2961,2880,59,2776,48,9,95,8,11,4,131,43
20260808,final_balanced_r8,462,24,2968,2885,59,2781,35,9,95,21,10,5,131,43
20260808,final_balanced_r8,463,28,2974,2887,59,2789,40,7,91,22,10,6,131,43
20260808,final_balanced_r8,464,30,2982,2893,59,2794,43,8,91,18,13,4,131,43
20260808,final_balanced_r8,465,34,2987,2894,59,2798,23,7,89,41,14,5,131,43
20260808,final_balanced_r8,466,26,2992,2907,59,2804,22,14,89,35,12,5,131,43
20260808,final_balanced_r8,467,23,2997,2915,59,2812,20,21,82,37,10,5,131,43
20260808,final_balanced_r8,468,27,3004,2918,59,2819,23,11,88,38,9,5,131,43
20260808,final_balanced_r8,469,20,3009,2930,59,2828,37,15,87,21,10,4,131,43
20260808,final_balanced_r8,470,22,3016,2935,59,2834,38,17,84,21,10,4,131,43
20260808,final_balanced_r8,471,12,3022,2951,59,2843,29,21,87,23,8,4,131,43
20260808,final_balanced_r8,472,15,3029,2955,59,2853,23,20,82,35,9,4,131,43
20260808,final_balanced_r8,473,20,3037,2958,59,2857,16,7,94,43,10,6,131,43
20260808,final_balanced_r8,474,16,3045,2970,59,2860,26,15,95,24,9,4,131,43
20260808,final_balanced_r8,475,16,3050,2975,59,2867,36,17,91,16,9,3,131,43
20260808,final_balanced_r8,476,20,3055,2976,59,2873,38,6,97,19,10,4,131,43
20260808,final_balanced_r8,477,22,3060,2979,59,2876,48,4,99,9,9,4,131,43
20260808,final_balanced_r8,478,28,3068,2981,59,2883,50,5,93,12,11,7,131,43
20260808,final_balanced_r8,479,32,3073,2982,59,2887,51,3,92,14,13,6,131,43
20260808,final_balanced_r8,480,32,3079,2988,59,2892,31,7,89,33,17,5,131,43
20260808,final_balanced_r8,481,34,3086,2993,59,2899,29,11,83,37,18,5,131,43
20260808,final_balanced_r8,482,35,3093,2999,59,2904,29,11,84,36,16,5,131,43
20260808,final_balanced_r8,483,33,3100,3008,59,2909,30,15,84,31,17,5,131,43
20260808,final_balanced_r8,484,26,3107,3022,59,2920,36,23,79,22,13,5,131,43
20260808,final_balanced_r8,485,30,3115,3026,59,2927,37,18,81,24,15,5,131,43
20260808,final_balanced_r8,486,23,3120,3038,59,2932,31,16,90,23,15,4,131,43
20260808,final_balanced_r8,487,21,3126,3046,59,2941,36,20,85,19,12,4,131,43
20260808,final_balanced_r8,488,26,3133,3048,59,2952,56,10,86,8,11,4,131,43
20260808,final_balanced_r8,489,29,3139,3051,59,2954,47,5,92,16,12,5,131,43
20260808,final_balanced_r8,490,31,3144,3054,59,2960,32,6,88,34,11,5,126,43
20260808,final_balanced_r8,491,34,3149,3056,59,2967,35,5,84,36,10,6,126,43
20260808,final_balanced_r8,492,36,3154,3059,59,2970,45,5,84,26,11,8,126,43
20260808,final_balanced_r8,493,40,3161,3062,59,2979,53,6,77,24,12,8,126,43
20260808,final_balanced_r8,494,43,3166,3064,59,2982,44,5,77,34,13,9,126,43
20260808,final_balanced_r8,495,46,3173,3068,59,2988,36,6,74,44,13,9,131,43
20260808,final_balanced_r8,496,47,3179,3073,59,2995,38,9,69,44,10,10,131,43
20260808,final_balanced_r8,497,53,3185,3073,59,3003,61,5,65,29,10,11,131,43
20260808,final_balanced_r8,498,53,3190,3078,59,3007,79,5,66,10,10,9,131,43
20260808,final_balanced_r8,499,55,3196,3082,59,3012,73,9,61,17,12,10,131,43
20260808,final_balanced_r8,500,58,3203,3086,59,3017,65,8,61,26,12,10,131,43
20260808,final_balanced_r8,501,57,3208,3092,59,3020,65,10,62,23,12,10,131,43
20260808,final_balanced_r8,502,60,3213,3094,59,3029,69,8,57,26,14,11,131,43
20260808,final_balanced_r8,503,64,3220,3097,59,3034,58,5,58,39,14,12,131,43
20260808,final_balanced_r8,504,64,3225,3102,59,3041,53,8,53,46,10,12,131,43
20260808,final_balanced_r8,505,66,3230,3105,59,3045,65,8,52,35,10,12,131,43
20260808,final_balanced_r8,506,73,3238,3106,59,3050,72,4,52,32,11,13,131,43
20260808,final_balanced_r8,507,75,3245,3111,59,3055,64,6,50,40,11,14,131,43
20260808,final_balanced_r8,508,71,3250,3120,59,3057,47,14,49,50,10,11,131,43
20260808,final_balanced_r8,509,73,3256,3124,59,3060,55,13,51,41,9,12,131,43
20260808,final_balanced_r8,510,68,3262,3135,59,3066,62,15,54,29,15,12,131,43
20260808,final_balanced_r8,511,64,3270,3147,59,3069,21,23,55,61,17,11,131,43
20260808,final_balanced_r8,512,54,3277,3164,59,3070,11,29,65,55,18,9,131,43
20260808,final_balanced_r8,513,45,3285,3181,59,3073,4,34,74,48,16,8,131,43
20260808,final_balanced_r8,514,50,3293,3184,59,3076,4,20,88,48,16,8,131,43
20260808,final_balanced_r8,515,56,3301,3186,59,3076,1,5,105,49,18,8,131,43
20260808,final_balanced_r8,516,61,3308,3188,59,3081,1,4,103,52,19,8,131,43
20260808,final_balanced_r8,517,31,3315,3225,59,3088,4,39,98,19,11,7,131,43
20260808,final_balanced_r8,518,31,3321,3231,59,3091,10,43,97,10,12,6,131,43
20260808,final_balanced_r8,519,27,3328,3242,59,3094,5,17,131,7,11,6,131,43
20260808,final_balanced_r8,520,26,3334,3249,59,3099,5,18,132,5,12,5,101,38
20260808,final_balanced_r8,521,29,3339,3251,59,3107,7,9,135,9,15,5,101,38
20260808,final_balanced_r8,522,34,3347,3254,59,3109,5,5,140,10,18,5,101,38
20260808,final_balanced_r8,523,34,3354,3261,59,3118,6,10,133,11,16,5,101,38
20260808,final_balanced_r8,524,39,3362,3264,59,3126,9,10,128,13,19,5,101,38
20260808,final_balanced_r8,525,41,3367,3267,59,3129,12,6,132,10,20,6,126,43
20260808,final_balanced_r8,526,39,3372,3274,59,3135,10,10,129,11,20,6,126,43
20260808,final_balanced_r8,527,42,3379,3278,59,3148,9,11,119,21,19,6,126,43
20260808,final_balanced_r8,528,39,3384,3286,59,3161,10,12,113,25,16,6,126,43
20260808,final_balanced_r8,529,38,3391,3294,59,3174,14,16,104,26,15,7,126,43
20260808,final_balanced_r8,530,39,3398,3300,59,3186,18,14,100,28,14,6,131,43
20260808,final_balanced_r8,531,31,3403,3313,59,3195,20,19,99,22,11,5,131,43
20260808,final_balanced_r8,532,26,3409,3324,59,3204,25,24,96,15,9,6,131,43
20260808,final_balanced_r8,533,31,3417,3327,59,3211,34,14,102,10,11,7,131,43
20260808,final_balanced_r8,534,31,3423,3333,59,3222,37,9,102,12,10,6,131,43
20260808,final_balanced_r8,535,33,3428,3336,59,3230,40,9,97,14,10,9,131,43
20260808,final_balanced_r8,536,36,3434,3339,59,3234,41,6,99,14,12,9,131,43
20260808,final_balanced_r8,537,36,3439,3344,59,3240,27,8,96,29,12,7,131,43
20260808,final_balanced_r8,538,33,3444,3352,59,3248,22,13,91,34,11,7,131,43
20260808,final_balanced_r8,539,36,3449,3354,59,3252,26,10,92,32,12,7,131,43
20260808,final_balanced_r8,540,36,3455,3360,59,3261,27,8,91,34,14,6,131,43
20260808,final_balanced_r8,541,34,3463,3370,59,3273,15,16,81,48,18,5,131,43
20260808,final_balanced_r8,542,32,3469,3378,59,3281,15,18,79,48,17,5,131,43
20260808,final_balanced_r8,543,17,3474,3398,59,3289,22,28,81,29,9,4,131,43
20260808,final_balanced_r8,544,15,3480,3406,59,3292,27,28,86,19,7,4,131,43
20260808,final_balanced_r8,545,12,3487,3416,59,3295,24,18,103,15,7,3,131,43
20260808,final_balanced_r8,546,16,3492,3417,59,3301,24,11,105,20,11,3,131,43
20260808,final_balanced_r8,547,11,3499,3429,59,3312,12,13,104,31,10,2,131,43
20260808,final_balanced_r8,548,13,3506,3434,59,3318,8,17,99,36,10,3,131,43
20260808,final_balanced_r8,549,12,3512,3441,59,3322,17,12,107,24,9,2,131,43
20260808,final_balanced_r8,550,13,3518,3446,59,3327,27,12,107,14,10,2,126,43
20260808,final_balanced_r8,551,8,3523,3456,59,3333,26,15,108,11,7,2,126,43
20260808,final_balanced_r8,552,11,3531,3461,59,3342,28,15,104,13,7,3,126,43
20260808,final_balanced_r8,553,16,3537,3462,59,3345,25,6,111,18,9,4,126,43
20260808,final_balanced_r8,554,17,3543,3467,59,3356,34,6,105,15,9,5,126,43
20260808,final_balanced_r8,555,21,3549,3469,59,3363,36,7,99,18,11,4,131,43
20260808,final_balanced_r8,556,23,3554,3472,59,3370,36,5,97,22,10,4,131,43
20260808,final_balanced_r8,557,25,3560,3476,59,3375,40,7,94,19,10,5,131,43
20260808,final_balanced_r8,558,25,3565,3481,59,3383,33,9,89,29,10,6,131,43
20260808,final_balanced_r8,559,27,3571,3485,59,3387,22,9,89,40,10,5,131,43
20260808,final_balanced_r8,560,24,3578,3495,59,3394,20,14,87,39,9,8,131,43
20260808,final_balanced_r8,561,23,3585,3503,59,3405,39,18,80,23,9,6,131,43
20260808,final_balanced_r8,562,16,3590,3515,59,3412,45,20,83,12,9,4,131,43
20260808,final_balanced_r8,563,17,3598,3522,59,3422,30,19,81,30,11,4,131,43
20260808,final_balanced_r8,564,15,3603,3529,59,3430,25,14,85,36,9,5,131,43
20260808,final_balanced_r8,565,16,3610,3535,59,3439,38,13,83,26,6,5,131,43
20260808,final_balanced_r8,566,19,3617,3539,59,3444,43,10,85,22,9,5,131,43
20260808,final_balanced_r8,567,21,3622,3542,59,3448,56,7,87,10,8,6,131,43
20260808,final_balanced_r8,568,25,3629,3545,59,3451,63,6,88,3,9,7,131,43
20260808,final_balanced_r8,569,28,3634,3547,59,3454,62,5,88,5,11,5,131,43
20260808,final_balanced_r8,570,34,3641,3548,59,3456,50,3,89,18,16,5,121,43
20260808,final_balanced_r8,571,34,3646,3553,59,3468,19,6,79,56,16,5,121,43
20260808,final_balanced_r8,572,31,3651,3561,59,3470,18,13,78,51,13,5,121,43
20260808,final_balanced_r8,573,19,3657,3579,59,3481,45,26,72,17,9,5,121,43
20260808,final_balanced_r8,574,15,3663,3589,59,3487,37,28,74,21,10,3,121,43
20260808,final_balanced_r8,575,8,3669,3602,59,3491,22,23,88,27,8,1,131,43
20260808,final_balanced_r8,576,5,3674,3610,59,3500,31,21,89,19,5,1,131,43
20260808,final_balanced_r8,577,7,3680,3614,59,3506,39,12,96,13,7,1,131,43
20260808,final_balanced_r8,578,9,3685,3617,59,3509,31,7,101,21,9,1,131,43
20260808,final_balanced_r8,579,8,3690,3623,59,3515,30,9,99,22,5,3,131,43
20260808,final_balanced_r8,580,16,3698,3623,59,3521,41,6,96,17,8,4,131,43
20260808,final_balanced_r8,581,20,3703,3624,59,3529,57,1,94,8,7,5,131,43
20260808,final_balanced_r8,582,19,3710,3632,59,3532,58,9,91,2,8,4,131,43
20260808,final_balanced_r8,583,22,3716,3635,59,3539,61,11,85,3,8,4,131,43
20260808,final_balanced_r8,584,26,3722,3637,59,3547,64,5,85,6,9,5,131,43
20260808,final_balanced_r8,585,29,3728,3640,59,3553,61,5,82,12,9,5,131,43
20260808,final_balanced_r8,586,31,3734,3644,59,3556,63,7,81,9,10,5,131,43
20260808,final_balanced_r8,587,35,3741,3647,59,3565,63,7,75,15,10,6,131,43
20260808,final_balanced_r8,588,40,3748,3649,59,3571,65,5,73,17,10,8,131,43
20260808,final_balanced_r8,589,35,3756,3662,59,3578,66,15,69,10,10,6,131,43
20260808,final_balanced_r8,590,38,3762,3665,59,3584,69,16,65,10,9,7,131,43
20260808,final_balanced_r8,591,40,3767,3668,59,3592,76,6,70,8,10,9,131,43
20260808,final_balanced_r8,592,46,3775,3670,59,3594,77,5,71,7,10,10,131,43
20260808,final_balanced_r8,593,45,3783,3679,59,3605,80,11,63,6,10,10,131,43
20260808,final_balanced_r8,594,49,3789,3681,59,3614,85,11,56,8,9,11,131,43
20260808,final_balanced_r8,595,53,3797,3685,59,3619,85,6,60,9,9,10,131,43
20260808,final_balanced_r8,596,55,3805,3691,59,3624,86,10,57,7,11,10,131,43
20260808,final_balanced_r8,597,56,3811,3696,59,3628,87,11,57,5,11,10,131,43
20260808,final_balanced_r8,598,58,3817,3700,59,3632,86,9,59,6,11,10,131,43
20260808,final_balanced_r8,599,61,3823,3703,59,3634,86,7,62,5,12,10,131,43
20260808,final_balanced_r8,600,59,3831,3713,59,3639,76,13,61,10,14,9,121,40
20260808,final_roomy,1,2,6,4,0,0,184,4,0,2,1,2,131,43
20260808,final_roomy,2,10,14,4,0,0,157,4,0,29,6,3,131,43
20260808,final_roomy,3,12,21,9,0,0,134,5,4,47,8,2,131,43
20260808,final_roomy,4,1,29,28,0,0,141,24,4,21,1,1,131,43
20260808,final_roomy,5,1,35,34,0,0,145,25,9,11,1,1,131,43
20260808,final_roomy,6,3,42,39,0,0,132,11,28,19,3,1,131,43
20260808,final_roomy,7,6,47,41,0,0,130,7,34,19,4,2,131,43
20260808,final_roomy,8,12,55,43,0,0,126,4,39,21,8,3,131,43
20260808,final_roomy,9,10,63,53,0,0,125,12,41,12,6,3,131,43
20260808,final_roomy,10,5,70,65,0,0,113,22,43,12,5,1,131,43
20260808,final_roomy,11,10,78,68,0,1,96,15,52,27,7,3,131,43
20260808,final_roomy,12,16,85,69,0,1,91,4,64,31,9,4,131,43
20260808,final_roomy,13,23,93,70,0,2,80,2,66,42,11,5,131,43
20260808,final_roomy,14,18,99,81,0,3,52,12,66,60,10,4,131,43
20260808,final_roomy,15,7,107,100,0,5,59,30,65,36,7,1,131,43
20260808,final_roomy,16,8,114,106,0,9,69,25,72,24,8,1,131,43
20260808,final_roomy,17,14,121,107,0,10,59,7,90,34,9,3,131,43
20260808,final_roomy,18,1,129,128,0,15,55,22,91,22,1,1,131,43
20260808,final_roomy,19,3,134,131,0,18,66,24,89,11,3,1,131,43
20260808,final_roomy,20,10,142,132,0,21,74,4,107,5,7,3,121,40
20260808,final_roomy,21,14,150,136,0,28,76,5,103,6,8,3,121,40
20260808,final_roomy,22,15,155,140,0,35,80,8,97,5,8,3,121,40
20260808,final_roomy,23,18,161,143,0,42,86,7,94,3,8,4,121,40
20260808,final_roomy,24,21,166,145,0,50,91,5,90,4,9,5,121,40
20260808,final_roomy,25,25,172,147,0,56,92,4,87,7,12,5,126,43
20260808,final_roomy,26,30,180,150,0,62,76,5,83,26,13,5,126,43
20260808,final_roomy,27,33,187,154,0,72,63,7,75,45,11,7,126,43
20260808,final_roomy,28,37,195,158,0,78,85,8,72,25,11,8,126,43
20260808,final_roomy,29,39,203,164,0,86,96,10,68,16,12,8,126,43
20260808,final_roomy,30,43,210,167,0,93,73,9,65,43,16,7,131,43
20260808,final_roomy,31,41,215,174,0,100,40,10,64,76,17,7,131,43
20260808,final_roomy,32,37,223,186,0,105,44,19,62,65,16,5,131,43
20260808,final_roomy,33,27,228,201,0,111,71,27,63,29,12,5,131,43
20260808,final_roomy,34,27,234,207,0,116,66,21,70,33,12,5,131,43
20260808,final_roomy,35,26,239,213,0,119,55,12,82,41,11,5,131,43
20260808,final_roomy,36,30,245,215,0,127,63,8,80,39,16,5,131,43
20260808,final_roomy,37,27,252,225,0,133,75,12,80,23,16,5,131,43
20260808,final_roomy,38,12,257,245,0,135,75,30,80,5,7,3,131,43
20260808,final_roomy,39,19,265,246,0,140,66,21,85,18,11,4,131,43
20260808,final_roomy,40,22,270,248,0,146,58,3,99,30,11,4,131,43
20260808,final_roomy,41,24,278,254,0,148,67,8,98,17,11,4,131,43
20260808,final_roomy,42,28,285,257,0,149,72,9,99,10,10,6,131,43
20260808,final_roomy,43,31,292,261,0,152,70,7,102,11,9,6,131,43
20260808,final_roomy,44,37,298,261,0,155,79,4,102,5,9,6,131,43
20260808,final_roomy,45,42,306,264,0,169,88,3,92,7,10,7,131,43
20260808,final_roomy,46,46,312,266,0,170,81,5,91,13,10,7,131,43
20260808,final_roomy,47,45,317,272,0,179,86,8,85,11,11,7,131,43
20260808,final_roomy,48,50,324,274,0,184,78,8,82,22,11,8,131,43
20260808,final_roomy,49,51,330,279,0,195,67,7,77,39,11,9,131,43
20260808,final_roomy,50,48,338,290,0,201,60,16,73,41,10,10,126,43
20260808,final_roomy,51,50,346,296,0,208,68,17,71,34,9,10,126,43
20260808,final_roomy,52,56,354,298,0,215,79,8,75,28,9,11,126,43
20260808,final_roomy,53,58,361,303,0,225,94,7,71,18,10,10,126,43
20260808,final_roomy,54,57,368,311,0,232,105,13,66,6,10,10,126,43
20260808,final_roomy,55,57,373,316,0,236,106,13,67,4,10,10,131,43
20260808,final_roomy,56,62,380,318,0,242,108,7,69,6,10,10,131,43
20260808,final_roomy,57,64,385,321,0,246,109,5,70,6,11,11,131,43
20260808,final_roomy,58,65,390,325,0,253,102,7,65,16,12,10,131,43
20260808,final_roomy,59,71,398,327,0,262,90,6,59,35,16,10,131,43
20260808,final_roomy,60,73,406,333,0,265,61,8,60,61,22,9,131,43
20260808,final_roomy,61,66,411,345,0,266,9,18,61,102,19,9,131,43
20260808,final_roomy,62,64,418,354,0,277,28,21,56,85,17,9,131,43
20260808,final_roomy,63,54,426,372,0,280,56,27,65,42,12,9,131,43
20260808,final_roomy,64,40,433,393,0,284,42,39,70,39,12,9,131,43
20260808,final_roomy,65,39,440,401,0,286,34,29,86,41,11,9,131,43
20260808,final_roomy,66,37,445,408,0,292,25,15,101,49,11,9,131,43
20260808,final_roomy,67,39,453,414,0,296,29,13,105,43,15,9,131,43
20260808,final_roomy,68,25,459,434,0,302,16,26,106,42,16,4,131,43
20260808,final_roomy,69,18,467,449,0,304,13,35,110,32,14,5,131,43
20260808,final_roomy,70,6,474,468,0,307,9,34,127,20,6,1,131,43
20260808,final_roomy,71,10,482,472,0,315,7,23,134,26,7,3,131,43
20260808,final_roomy,72,3,487,484,0,317,8,16,151,15,3,1,131,43
20260808,final_roomy,73,4,494,490,0,322,13,18,150,9,4,1,131,43
20260808,final_roomy,74,7,501,494,0,327,9,10,157,14,6,2,131,43
20260808,final_roomy,75,12,508,496,0,335,8,6,155,21,9,2,131,43
20260808,final_roomy,76,14,516,502,0,346,13,8,148,21,12,2,131,43
20260808,final_roomy,77,15,523,508,0,355,10,12,141,27,10,3,131,43
20260808,final_roomy,78,15,528,513,0,368,17,11,134,28,8,3,131,43
20260808,final_roomy,79,16,533,517,0,377,36,9,131,14,9,3,131,43
20260808,final_roomy,80,18,539,521,0,388,40,8,125,17,9,4,131,43
20260808,final_roomy,81,19,546,527,0,397,42,10,120,18,9,3,131,43
20260808,final_roomy,82,22,553,531,0,408,51,10,113,16,10,4,131,43
20260808,final_roomy,83,23,559,536,0,416,51,9,111,19,10,5,131,43
20260808,final_roomy,84,25,567,542,0,427,37,11,104,38,11,5,131,43
20260808,final_roomy,85,29,575,546,0,443,28,10,93,59,11,4,131,43
20260808,final_roomy,86,27,581,554,0,451,39,12,91,48,11,4,131,43
20260808,final_roomy,87,24,587,563,0,461,44,17,85,44,10,4,131,43
20260808,final_roomy,88,23,594,571,0,467,52,17,87,34,10,5,131,43
20260808,final_roomy,89,24,601,577,0,477,60,14,86,30,9,4,131,43
20260808,final_roomy,90,28,609,581,0,486,53,10,85,42,14,3,131,43
20260808,final_roomy,91,22,615,593,0,493,49,16,84,41,15,3,131,43
20260808,final_roomy,92,13,622,609,0,497,55,28,84,23,5,5,131,43
20260808,final_roomy,93,2,629,627,0,503,61,34,90,5,2,1,131,43
20260808,final_roomy,94,7,635,628,0,505,44,19,104,23,7,1,131,43
20260808,final_roomy,95,8,640,632,0,511,37,5,116,32,6,2,131,43
20260808,final_roomy,96,14,646,632,0,517,61,4,111,14,9,3,131,43
20260808,final_roomy,97,20,654,634,0,523,62,2,109,17,12,3,131,43
20260808,final_roomy,98,22,660,638,0,528,51,6,104,29,11,4,131,43
20260808,final_roomy,99,18,665,647,0,535,45,13,99,33,9,5,131,43
20260808,final_roomy,100,22,670,648,0,542,42,10,96,42,8,5,121,40
20260808,final_roomy,101,20,677,657,0,544,42,10,103,35,10,4,121,40
20260808,final_roomy,102,16,684,668,0,550,48,20,98,24,11,3,121,40
20260808,final_roomy,103,21,692,671,0,565,46,14,92,38,12,3,121,40
20260808,final_roomy,104,23,698,675,0,571,54,7,97,32,14,4,121,40
20260808,final_roomy,105,24,705,681,0,581,59,10,90,31,12,4,131,43
20260808,final_roomy,106,26,710,684,0,588,54,9,87,40,11,4,131,43
20260808,final_roomy,107,28,715,687,0,595,62,6,86,36,11,5,131,43
20260808,final_roomy,108,34,722,688,0,602,57,4,82,47,11,6,131,43
20260808,final_roomy,109,19,727,708,0,612,55,21,75,39,10,3,131,43
20260808,final_roomy,110,6,732,726,0,619,58,38,69,25,4,2,131,43
20260808,final_roomy,111,10,738,728,0,623,71,20,85,14,5,3,131,43
20260808,final_roomy,112,11,743,732,0,632,86,6,94,4,8,3,131,43
20260808,final_roomy,113,15,748,733,0,638,79,5,90,16,8,4,131,43
20260808,final_roomy,114,18,753,735,0,645,73,3,87,27,7,5,131,43
20260808,final_roomy,115,25,760,735,0,650,81,2,83,24,10,6,131,43
20260808,final_roomy,116,26,765,739,0,652,90,4,83,13,9,5,131,43
20260808,final_roomy,117,27,772,745,0,657,93,10,78,9,9,5,131,43
20260808,final_roomy,118,31,780,749,0,658,91,10,81,8,11,6,131,43
20260808,final_roomy,119,28,785,757,0,665,90,12,80,8,8,6,131,43
20260808,final_roomy,120,28,790,762,0,672,87,13,77,13,10,6,131,43
20260808,final_roomy,121,34,798,764,0,678,63,7,79,41,14,5,131,43
20260808,final_roomy,122,32,804,772,0,687,46,10,75,59,15,5,131,43
20260808,final_roomy,123,12,809,797,0,694,57,33,70,30,6,3,131,43
20260808,final_roomy,124,10,816,806,0,699,75,34,73,8,6,2,131,43
20260808,final_roomy,125,8,821,813,0,704,75,16,93,6,6,2,121,40
20260808,final_roomy,126,5,826,821,0,705,68,15,101,6,4,2,121,40
20260808,final_roomy,127,3,834,831,0,712,65,18,101,6,3,1,121,40
20260808,final_roomy,128,3,841,838,0,716,52,17,105,16,3,1,121,40
20260808,final_roomy,129,2,849,847,0,727,53,16,104,17,2,1,121,40
20260808,final_roomy,130,5,854,849,0,733,57,11,105,17,5,1,131,43
20260808,final_roomy,131,10,862,852,0,736,57,5,111,17,7,3,131,43
20260808,final_roomy,132,12,868,856,0,742,54,7,107,22,9,4,131,43
20260808,final_roomy,133,16,873,857,0,745,51,5,107,27,10,4,131,43
20260808,final_roomy,134,12,879,867,0,754,52,11,102,25,8,2,131,43
20260808,final_roomy,135,12,884,872,0,761,44,15,96,35,9,2,131,43
20260808,final_roomy,136,9,890,881,0,771,51,14,96,29,8,2,131,43
20260808,final_roomy,137,7,896,889,0,774,49,17,98,26,7,1,131,43
20260808,final_roomy,138,8,903,895,0,780,41,14,101,34,6,2,131,43
20260808,final_roomy,139,6,908,902,0,791,49,13,98,30,4,2,131,43
20260808,final_roomy,140,10,913,903,0,797,58,8,98,26,8,3,131,43
20260808,final_roomy,141,12,918,906,0,805,54,4,97,35,8,3,131,43
20260808,final_roomy,142,13,923,910,0,813,60,7,90,33,10,2,131,43
20260808,final_roomy,143,17,931,914,0,822,82,8,84,16,11,3,131,43
20260808,final_roomy,144,18,937,919,0,827,76,9,83,22,10,4,131,43
20260808,final_roomy,145,22,945,923,0,832,64,9,82,35,13,5,131,43
20260808,final_roomy,146,23,953,930,0,835,29,11,84,66,13,6,131,43
20260808,final_roomy,147,26,961,935,0,844,29,12,79,70,13,6,131,43
20260808,final_roomy,148,19,966,947,0,856,56,17,74,43,13,3,131,43
20260808,final_roomy,149,23,974,951,0,861,47,16,74,53,13,3,131,43
20260808,final_roomy,150,20,982,962,0,867,26,15,80,69,17,2,131,43
20260808,final_roomy,151,22,989,967,0,876,19,16,75,80,18,3,131,43
20260808,final_roomy,152,18,996,978,0,877,16,16,85,73,14,3,131,43
20260808,final_roomy,153,8,1002,994,0,883,13,27,84,66,7,2,131,43
20260808,final_roomy,154,7,1010,1003,0,888,16,25,90,59,7,1,131,43
20260808,final_roomy,155,3,1017,1014,0,895,31,20,99,40,3,1,126,43
20260808,final_roomy,156,7,1024,1017,0,902,41,14,101,34,6,2,126,43
20260808,final_roomy,157,12,1032,1020,0,904,30,6,110,44,9,3,126,43
20260808,final_roomy,158,3,1038,1035,0,911,34,18,106,32,3,1,126,43
20260808,final_roomy,159,3,1046,1043,0,914,36,23,106,25,3,1,126,43
20260808,final_roomy,160,9,1053,1044,0,917,33,9,118,30,7,3,131,43
20260808,final_roomy,161,13,1060,1047,0,924,26,4,119,41,9,4,131,43
20260808,final_roomy,162,16,1066,1050,0,932,24,6,112,48,8,4,131,43
20260808,final_roomy,163,20,1073,1053,0,944,49,6,103,32,8,5,131,43
20260808,final_roomy,164,16,1079,1063,0,950,60,13,100,17,9,3,131,43
20260808,final_roomy,165,6,1084,1078,0,961,56,25,92,17,6,1,131,43
20260808,final_roomy,166,6,1091,1085,0,971,46,22,92,30,5,2,131,43
20260808,final_roomy,167,9,1097,1088,0,974,49,10,104,27,7,3,131,43
20260808,final_roomy,168,12,1103,1091,0,977,46,6,108,30,8,2,131,43
20260808,final_roomy,169,12,1110,1098,0,986,45,10,102,33,7,3,131,43
20260808,final_roomy,170,15,1115,1100,0,999,61,9,92,28,8,3,131,43
20260808,final_roomy,171,16,1120,1104,0,1005,71,6,93,20,10,3,131,43
20260808,final_roomy,172,7,1126,1119,0,1016,65,19,84,22,6,2,131,43
20260808,final_roomy,173,8,1131,1123,0,1022,56,19,82,33,6,2,131,43
20260808,final_roomy,174,9,1138,1129,0,1028,59,10,91,30,6,3,131,43
20260808,final_roomy,175,14,1146,1132,0,1033,73,9,90,18,9,3,131,43
20260808,final_roomy,176,16,1153,1137,0,1041,72,8,88,22,9,3,131,43
20260808,final_roomy,177,16,1158,1142,0,1048,74,10,84,22,8,4,131,43
20260808,final_roomy,178,12,1164,1152,0,1053,82,15,84,9,7,3,131,43
20260808,final_roomy,179,13,1171,1158,0,1060,82,16,82,10,7,3,131,43
20260808,final_roomy,180,15,1179,1164,0,1064,71,12,88,19,10,2,121,40
20260808,final_roomy,181,16,1187,1171,0,1071,56,13,87,34,12,2,121,40
20260808,final_roomy,182,13,1192,1179,0,1076,44,15,88,43,10,3,121,40
20260808,final_roomy,183,3,1198,1195,0,1079,29,24,92,45,3,1,121,40
20260808,final_roomy,184,4,1205,1201,0,1088,40,22,91,37,4,1,121,40
20260808,final_roomy,185,9,1211,1202,0,1101,46,7,94,43,7,2,131,43
20260808,final_roomy,186,12,1218,1206,0,1108,44,5,93,48,7,3,131,43
20260808,final_roomy,187,9,1224,1215,0,1113,67,13,89,21,6,3,131,43
20260808,final_roomy,188,10,1231,1221,0,1121,85,15,85,5,8,3,131,43
20260808,final_roomy,189,12,1236,1224,0,1127,74,9,88,19,9,2,131,43
20260808,final_roomy,190,14,1243,1229,0,1133,60,8,88,34,8,5,131,43
20260808,final_roomy,191,18,1249,1231,0,1140,76,7,84,23,9,5,131,43
20260808,final_roomy,192,24,1257,1233,0,1144,83,4,85,18,10,5,131,43
20260808,final_roomy,193,24,1263,1239,0,1147,73,8,84,25,9,5,131,43
20260808,final_roomy,194,27,1269,1242,0,1153,86,9,80,15,10,5,131,43
20260808,final_roomy,195,31,1277,1246,0,1161,100,7,78,5,11,5,131,43
20260808,final_roomy,196,34,1285,1251,0,1170,91,9,72,18,11,6,131,43
20260808,final_roomy,197,37,1291,1254,0,1176,80,8,70,32,10,6,131,43
20260808,final_roomy,198,38,1298,1260,0,1183,87,9,68,26,9,7,131,43
20260808,final_roomy,199,42,1306,1264,0,1191,100,10,63,17,11,6,131,43
20260808,final_roomy,200,45,1311,1266,0,1199,102,6,61,21,11,7,131,43
20260808,final_roomy,201,41,1319,1278,0,1205,91,14,59,26,10,7,131,43
20260808,final_roomy,202,45,1327,1282,0,1208,92,16,58,24,11,8,131,43
20260808,final_roomy,203,48,1334,1286,0,1210,88,8,68,26,11,8,131,43
20260808,final_roomy,204,52,1341,1289,0,1220,90,7,62,31,10,9,131,43
20260808,final_roomy,205,58,1349,1291,0,1221,78,5,65,42,13,10,131,43
20260808,final_roomy,206,49,1354,1305,0,1226,56,16,63,55,12,9,131,43
20260808,final_roomy,207,42,1362,1320,0,1230,67,29,61,33,11,8,131,43
20260808,final_roomy,208,48,1369,1321,0,1233,81,16,72,21,12,10,131,43
20260808,final_roomy,209,52,1375,1323,0,1236,65,3,84,38,12,10,131,43
20260808,final_roomy,210,49,1382,1333,0,1243,56,12,78,44,14,9,131,43
20260808,final_roomy,211,52,1387,1335,0,1244,37,12,79,62,18,8,131,43
20260808,final_roomy,212,43,1393,1350,0,1251,30,17,82,61,19,7,131,43
20260808,final_roomy,213,25,1398,1373,0,1258,50,38,77,25,11,4,131,43
20260808,final_roomy,214,21,1403,1382,0,1260,59,32,90,9,10,4,131,43
20260808,final_roomy,215,21,1409,1388,0,1264,58,15,109,8,10,4,131,43
20260808,final_roomy,216,23,1417,1394,0,1272,55,12,110,13,12,4,131,43
20260808,final_roomy,217,25,1422,1397,0,1276,38,9,112,31,15,4,131,43
20260808,final_roomy,218,20,1429,1409,0,1281,37,15,113,25,15,3,131,43
20260808,final_roomy,219,23,1435,1412,0,1284,33,15,113,29,16,4,131,43
20260808,final_roomy,220,25,1443,1418,0,1294,29,9,115,37,14,6,131,43
20260808,final_roomy,221,17,1449,1432,0,1299,40,20,113,17,13,4,131,43
20260808,final_roomy,222,19,1455,1436,0,1305,51,18,113,8,13,4,131,43
20260808,final_roomy,223,22,1461,1439,0,1312,54,7,120,9,11,4,131,43
20260808,final_roomy,224,25,1468,1443,0,1320,55,7,116,12,9,6,131,43
20260808,final_roomy,225,31,1475,1444,0,1324,58,5,115,12,10,6,131,43
20260808,final_roomy,226,31,1481,1450,0,1331,62,7,112,9,10,6,131,43
20260808,final_roomy,227,34,1487,1453,0,1342,61,9,102,18,11,7,131,43
20260808,final_roomy,228,36,1493,1457,0,1353,59,7,97,27,10,8,131,43
20260808,final_roomy,229,38,1501,1463,0,1359,60,10,94,26,10,8,131,43
20260808,final_roomy,230,39,1506,1467,0,1366,70,10,91,19,10,6,131,43
20260808,final_roomy,231,42,1513,1471,0,1374,85,8,89,8,10,7,131,43
20260808,final_roomy,232,47,1521,1474,0,1388,90,7,79,14,9,8,131,43
20260808,final_roomy,233,53,1527,1474,0,1398,98,3,73,16,10,11,131,43
20260808,final_roomy,234,50,1535,1485,0,1403,104,11,71,4,11,9,131,43
20260808,final_roomy,235,51,1540,1489,0,1414,108,15,60,7,10,10,111,40
20260808,final_roomy,236,55,1547,1492,0,1422,102,7,63,18,11,10,111,40
20260808,final_roomy,237,56,1553,1497,0,1430,100,8,59,23,10,10,111,40
20260808,final_roomy,238,58,1559,1501,0,1436,101,9,56,24,9,12,111,40
20260808,final_roomy,239,64,1567,1503,0,1440,103,6,57,24,10,13,111,40
20260808,final_roomy,240,59,1573,1514,0,1443,91,13,58,28,15,11,131,43
20260808,final_roomy,241,55,1580,1525,0,1447,46,22,56,66,17,10,131,43
20260808,final_roomy,242,52,1585,1533,0,1449,43,19,65,63,16,9,131,43
20260808,final_roomy,243,44,1591,1547,0,1452,65,22,73,30,12,9,131,43
20260808,final_roomy,244,33,1599,1566,0,1455,50,33,78,29,12,9,131,43
20260808,final_roomy,245,27,1607,1580,0,1459,40,33,88,29,10,8,131,43
20260808,final_roomy,246,27,1614,1587,0,1465,38,21,101,30,11,8,131,43
20260808,final_roomy,247,28,1622,1594,0,1468,36,14,112,28,13,7,131,43
20260808,final_roomy,248,20,1627,1607,0,1473,30,20,114,26,13,3,131,43
20260808,final_roomy,249,24,1635,1611,0,1479,40,17,115,18,13,4,131,43
20260808,final_roomy,250,24,1643,1619,0,1481,39,12,126,13,15,3,131,43
20260808,final_roomy,251,24,1649,1625,0,1490,27,14,121,28,15,3,131,43
20260808,final_roomy,252,25,1657,1632,0,1492,22,13,127,28,13,3,131,43
20260808,final_roomy,253,29,1663,1634,0,1501,23,9,124,34,16,5,131,43
20260808,final_roomy,254,36,1671,1635,0,1505,20,3,127,40,18,5,131,43
20260808,final_roomy,255,31,1679,1648,0,1514,11,14,120,45,14,5,122,43
20260808,final_roomy,256,36,1686,1650,0,1524,8,15,111,56,12,7,122,43
20260808,final_roomy,257,32,1691,1659,0,1534,20,11,114,45,12,6,122,43
20260808,final_roomy,258,30,1696,1666,0,1546,24,16,104,46,12,4,122,43
20260808,final_roomy,259,23,1704,1681,0,1556,28,22,103,37,12,4,122,43
20260808,final_roomy,260,7,1711,1704,0,1567,35,38,99,18,6,2,131,43
20260808,final_roomy,261,9,1719,1710,0,1574,36,29,107,18,8,2,131,43
20260808,final_roomy,262,10,1726,1716,0,1580,29,12,124,25,9,2,131,43
20260808,final_roomy,263,15,1734,1719,0,1586,30,9,124,27,9,3,131,43
20260808,final_roomy,264,11,1740,1729,0,1595,35,13,121,21,7,3,131,43
20260808,final_roomy,265,13,1746,1733,0,1601,38,14,118,20,6,3,131,43
20260808,final_roomy,266,20,1754,1734,0,1615,44,5,114,27,9,5,131,43
20260808,final_roomy,267,23,1761,1738,0,1624,44,5,109,32,10,5,131,43
20260808,final_roomy,268,14,1766,1752,0,1632,39,18,102,31,8,3,131,43
20260808,final_roomy,269,5,1773,1768,0,1641,39,30,97,24,5,1,131,43
20260808,final_roomy,270,8,1780,1772,0,1647,43,20,105,22,7,2,131,43
20260808,final_roomy,271,12,1785,1773,0,1655,32,5,113,40,9,2,131,43
20260808,final_roomy,272,10,1790,1780,0,1660,36,8,112,34,7,3,131,43
20260808,final_roomy,273,0,1797,1797,0,1668,55,24,105,6,0,0,131,43
20260808,final_roomy,274,1,1805,1804,0,1679,63,24,101,2,1,1,131,43
20260808,final_roomy,275,8,1813,1805,0,1690,69,8,107,6,5,3,131,43
20260808,final_roomy,276,12,1818,1806,0,1697,74,2,107,7,7,3,131,43
20260808,final_roomy,277,12,1824,1812,0,1704,77,7,101,5,8,4,131,43
20260808,final_roomy,278,16,1830,1814,0,1711,74,8,95,13,8,5,131,43
20260808,final_roomy,279,18,1835,1817,0,1719,74,5,93,18,9,4,131,43
20260808,final_roomy,280,21,1843,1822,0,1729,86,8,85,11,10,4,131,43
20260808,final_roomy,281,21,1850,1829,0,1731,74,12,86,18,13,3,131,43
20260808,final_roomy,282,23,1855,1832,0,1742,55,10,80,45,14,3,131,43
20260808,final_roomy,283,23,1861,1838,0,1750,46,9,79,56,13,5,131,43
20260808,final_roomy,284,23,1866,1843,0,1759,44,11,73,62,14,5,131,43
20260808,final_roomy,285,16,1871,1855,0,1763,44,17,75,54,11,4,121,40
20260808,final_roomy,286,8,1879,1871,0,1769,37,28,74,51,7,2,121,40
20260808,final_roomy,287,11,1887,1876,0,1776,34,21,79,56,6,5,121,40
20260808,final_roomy,288,6,1893,1887,0,1782,40,16,89,45,4,2,121,40
20260808,final_roomy,289,9,1901,1892,0,1787,48,16,89,37,8,2,121,40
20260808,final_roomy,290,2,1909,1907,0,1796,35,20,91,44,2,1,126,43
20260808,final_roomy,291,1,1914,1913,0,1800,38,21,92,39,1,1,126,43
20260808,final_roomy,292,2,1922,1920,0,1807,57,13,100,20,2,1,126,43
20260808,final_roomy,293,7,1927,1920,0,1816,72,7,97,14,6,2,126,43
20260808,final_roomy,294,12,1935,1923,0,1822,73,3,98,16,9,2,126,43
20260808,final_roomy,295,16,1943,1927,0,1828,72,7,92,19,9,3,131,43
20260808,final_roomy,296,22,1951,1929,0,1836,66,6,87,31,9,4,131,43
20260808,final_roomy,297,26,1958,1932,0,1839,57,5,88,40,10,5,131,43
20260808,final_roomy,298,24,1963,1939,0,1842,75,10,87,18,9,5,131,43
20260808,final_roomy,299,28,1968,1940,0,1851,96,8,81,5,9,6,131,43
20260808,final_roomy,300,28,1973,1945,0,1856,96,6,83,5,11,5,131,43
20260808,final_roomy,301,31,1979,1948,0,1862,74,8,78,30,15,5,131,43
20260808,final_roomy,302,36,1986,1950,0,1866,47,5,79,59,19,5,131,43
20260808,final_roomy,303,26,1991,1965,0,1872,23,17,76,74,14,5,131,43
20260808,final_roomy,304,27,1997,1970,0,1876,23,20,74,73,14,5,131,43
20260808,final_roomy,305,32,2004,1972,0,1885,51,7,80,52,17,4,131,43
20260808,final_roomy,306,38,2011,1973,0,1889,63,3,81,43,20,4,131,43
20260808,final_roomy,307,26,2019,1993,0,1901,68,21,71,30,17,3,131,43
20260808,final_roomy,308,16,2027,2011,0,1912,62,38,61,29,12,2,131,43
20260808,final_roomy,309,15,2032,2017,0,1916,44,24,77,45,11,3,131,43
20260808,final_roomy,310,18,2038,2020,0,1918,44,9,93,44,11,4,131,43
20260808,final_roomy,311,24,2046,2022,0,1923,38,5,94,53,15,3,131,43
20260808,final_roomy,312,16,2052,2036,0,1927,18,16,93,63,10,3,131,43
20260808,final_roomy,313,10,2060,2050,0,1934,19,28,88,55,8,3,131,43
20260808,final_roomy,314,8,2065,2057,0,1939,8,21,97,64,7,2,131,43
20260808,final_roomy,315,8,2073,2065,0,1946,16,15,104,55,6,2,131,43
20260808,final_roomy,316,10,2079,2069,0,1950,34,12,107,37,8,2,131,43
20260808,final_roomy,317,12,2085,2073,0,1955,33,8,110,39,8,2,131,43
20260808,final_roomy,318,1,2091,2090,0,1962,41,21,107,21,1,1,131,43
20260808,final_roomy,319,3,2098,2095,0,1966,49,22,107,12,3,1,131,43
20260808,final_roomy,320,3,2105,2102,0,1971,36,12,119,23,3,1,131,43
20260808,final_roomy,321,7,2113,2106,0,1978,17,11,117,45,7,1,131,43
20260808,final_roomy,322,11,2119,2108,0,1983,14,6,119,51,8,2,131,43
20260808,final_roomy,323,13,2125,2112,0,1995,43,6,111,30,9,4,131,43
20260808,final_roomy,324,8,2132,2124,0,2001,43,16,107,24,7,2,131,43
20260808,final_roomy,325,3,2137,2134,0,2009,39,22,103,26,3,1,131,43
20260808,final_roomy,326,5,2143,2138,0,2020,53,14,104,19,3,3,131,43
20260808,final_roomy,327,8,2148,2140,0,2025,56,6,109,19,6,3,131,43
20260808,final_roomy,328,9,2156,2147,0,2034,43,9,104,34,7,2,131,43
20260808,final_roomy,329,12,2163,2151,0,2043,39,11,97,43,9,2,131,43
20260808,final_roomy,330,14,2168,2154,0,2050,45,7,97,41,12,2,131,43
20260808,final_roomy,331,18,2175,2157,0,2059,30,6,92,62,14,3,131,43
20260808,final_roomy,332,19,2183,2164,0,2069,26,10,85,69,12,3,131,43
20260808,final_roomy,333,5,2190,2185,0,2072,38,28,85,39,5,1,131,43
20260808,final_roomy,334,3,2197,2194,0,2075,41,30,89,30,3,1,131,43
20260808,final_roomy,335,3,2202,2199,0,2083,51,14,102,23,3,1,121,40
20260808,final_roomy,336,3,2208,2205,0,2091,49,11,103,27,3,1,121,40
20260808,final_roomy,337,6,2214,2208,0,2099,38,9,100,43,5,2,121,40
20260808,final_roomy,338,12,2221,2209,0,2105,31,4,100,55,10,2,121,40
20260808,final_roomy,339,15,2229,2214,0,2113,31,6,95,58,12,2,121,40
20260808,final_roomy,340,5,2234,2229,0,2118,19,20,91,60,5,1,131,43
20260808,final_roomy,341,8,2242,2234,0,2128,41,20,86,43,7,2,131,43
20260808,final_roomy,342,13,2248,2235,0,2131,35,6,98,51,11,2,131,43
20260808,final_roomy,343,14,2253,2239,0,2137,13,5,97,75,9,3,131,43
20260808,final_roomy,344,9,2261,2252,0,2148,29,17,87,57,7,2,131,43
20260808,final_roomy,345,10,2267,2257,0,2156,56,18,83,33,7,2,131,43
20260808,final_roomy,346,1,2273,2272,0,2162,67,20,90,13,1,1,131,43
20260808,final_roomy,347,7,2279,2272,0,2170,71,15,87,17,5,2,131,43
20260808,final_roomy,348,10,2284,2274,0,2171,70,2,101,17,7,3,131,43
20260808,final_roomy,349,3,2289,2286,0,2176,71,14,96,9,3,1,131,43
20260808,final_roomy,350,3,2294,2291,0,2180,68,17,94,11,3,1,131,43
20260808,final_roomy,351,8,2302,2294,0,2186,74,8,100,8,5,4,131,43
20260808,final_roomy,352,11,2307,2296,0,2191,74,5,100,11,7,4,131,43
20260808,final_roomy,353,16,2313,2297,0,2198,66,3,96,25,10,4,131,43
20260808,final_roomy,354,13,2321,2308,0,2206,57,12,90,31,8,4,131,43
20260808,final_roomy,355,16,2327,2311,0,2216,69,14,81,26,9,4,131,43
20260808,final_roomy,356,19,2333,2314,0,2226,82,6,82,20,9,6,131,43
20260808,final_roomy,357,15,2338,2323,0,2233,83,12,78,17,9,3,131,43
20260808,final_roomy,358,18,2343,2325,0,2240,86,11,74,19,9,4,131,43
20260808,final_roomy,359,22,2350,2328,0,2245,88,5,78,19,8,5,131,43
20260808,final_roomy,360,13,2355,2342,0,2256,90,17,69,14,7,3,126,43
20260808,final_roomy,361,9,2363,2354,0,2261,76,26,67,21,8,2,126,43
20260808,final_roomy,362,9,2371,2362,0,2265,55,20,77,38,8,2,126,43
20260808,final_roomy,363,13,2378,2365,0,2271,43,11,83,53,10,3,126,43
20260808,final_roomy,364,1,2386,2385,0,2277,39,23,85,43,1,1,126,43
20260808,final_roomy,365,2,2393,2391,0,2283,57,26,82,25,2,1,131,43
20260808,final_roomy,366,2,2398,2396,0,2289,54,11,96,29,2,1,131,43
20260808,final_roomy,367,5,2404,2399,0,2291,52,8,100,30,3,2,131,43
20260808,final_roomy,368,9,2410,2401,0,2294,61,5,102,22,7,3,131,43
20260808,final_roomy,369,5,2418,2413,0,2297,63,14,102,11,4,2,131,43
20260808,final_roomy,370,1,2425,2424,0,2303,66,23,98,3,1,1,131,43
20260808,final_roomy,371,6,2430,2424,0,2309,61,11,104,14,5,2,131,43
20260808,final_roomy,372,11,2436,2425,0,2315,58,1,109,22,7,5,131,43
20260808,final_roomy,373,13,2441,2428,0,2326,76,4,98,12,7,4,131,43
20260808,final_roomy,374,17,2449,2432,0,2333,85,7,92,6,6,4,131,43
20260808,final_roomy,375,22,2456,2434,0,2339,88,6,89,7,10,5,131,43
20260808,final_roomy,376,27,2463,2436,0,2348,87,4,84,15,11,5,131,43
20260808,final_roomy,377,29,2470,2441,0,2352,78,7,82,23,10,5,131,43
20260808,final_roomy,378,34,2478,2444,0,2358,89,8,78,15,13,7,131,43
20260808,final_roomy,379,39,2486,2447,0,2365,78,6,76,30,12,7,131,43
20260808,final_roomy,380,44,2494,2450,0,2376,73,6,68,43,12,7,115,42
20260808,final_roomy,381,51,2501,2450,0,2385,54,3,62,71,13,9,115,42
20260808,final_roomy,382,50,2507,2457,0,2392,38,7,58,87,10,9,115,42
20260808,final_roomy,383,32,2513,2481,0,2397,62,31,53,44,10,6,115,42
20260808,final_roomy,384,35,2521,2486,0,2405,81,29,52,28,9,6,115,42
20260808,final_roomy,385,32,2528,2496,0,2410,84,15,71,20,12,7,131,43
20260808,final_roomy,386,25,2534,2509,0,2413,70,23,73,24,11,5,131,43
20260808,final_roomy,387,26,2539,2513,0,2416,52,17,80,41,9,5,131,43
20260808,final_roomy,388,30,2545,2515,0,2419,65,6,90,29,10,5,131,43
20260808,final_roomy,389,36,2552,2516,0,2421,65,3,92,30,11,7,131,43
20260808,final_roomy,390,36,2559,2523,0,2422,48,8,93,41,12,7,121,40
20260808,final_roomy,391,40,2564,2524,0,2428,57,8,88,37,17,7,121,40
20260808,final_roomy,392,46,2572,2526,0,2435,48,3,88,51,18,7,121,40
20260808,final_roomy,393,47,2579,2532,0,2440,33,8,84,65,17,7,121,40
20260808,final_roomy,394,39,2584,2545,0,2449,27,19,77,67,15,7,121,40
20260808,final_roomy,395,33,2592,2559,0,2459,38,27,73,52,11,7,131,43
20260808,final_roomy,396,27,2600,2573,0,2463,55,28,82,25,9,6,131,43
20260808,final_roomy,397,25,2607,2582,0,2466,54,23,93,20,9,6,131,43
20260808,final_roomy,398,25,2613,2588,0,2471,51,15,102,22,9,6,131,43
20260808,final_roomy,399,14,2618,2604,0,2477,49,22,105,14,6,4,131,43
20260808,final_roomy,400,8,2625,2617,0,2484,46,29,104,11,7,2,131,43
20260808,final_roomy,401,13,2633,2620,0,2490,43,16,114,17,9,2,131,43
20260808,final_roomy,402,16,2640,2624,0,2496,47,7,121,15,11,3,131,43
20260808,final_roomy,403,14,2646,2632,0,2501,50,12,119,9,8,3,131,43
20260808,final_roomy,404,18,2652,2634,0,2506,56,10,118,6,10,4,131,43
20260808,final_roomy,405,26,2660,2634,0,2511,52,2,121,15,11,5,131,43
20260808,final_roomy,406,29,2666,2637,0,2516,47,3,118,22,10,6,131,43
20260808,final_roomy,407,35,2674,2639,0,2523,63,5,111,11,10,7,131,43
20260808,final_roomy,408,42,2682,2640,0,2530,75,3,107,5,10,8,131,43
20260808,final_roomy,409,47,2689,2642,0,2540,82,3,99,6,10,9,131,43
20260808,final_roomy,410,50,2695,2645,0,2549,78,5,91,16,11,9,131,43
20260808,final_roomy,411,52,2701,2649,0,2560,63,7,82,38,10,9,131,43
20260808,final_roomy,412,55,2708,2653,0,2567,71,8,78,33,9,10,131,43
20260808,final_roomy,413,57,2716,2659,0,2579,95,10,70,15,10,10,131,43
20260808,final_roomy,414,65,2724,2659,0,2588,104,6,65,15,11,11,131,43
20260808,final_roomy,415,64,2730,2666,0,2595,94,7,64,25,10,11,131,43
20260808,final_roomy,416,66,2738,2672,0,2605,95,13,54,28,9,12,131,43
20260808,final_roomy,417,67,2746,2679,0,2612,97,13,54,26,10,13,131,43
20260808,final_roomy,418,62,2752,2690,0,2618,99,18,54,19,11,12,131,43
20260808,final_roomy,419,53,2758,2705,0,2622,91,26,57,16,11,11,131,43
20260808,final_roomy,420,49,2763,2714,0,2629,80,24,61,25,11,10,131,43
20260808,final_roomy,421,53,2768,2715,0,2635,78,10,70,32,15,10,131,43
20260808,final_roomy,422,56,2776,2720,0,2639,47,6,75,62,18,9,131,43
20260808,final_roomy,423,46,2784,2738,0,2643,45,23,72,50,14,9,131,43
20260808,final_roomy,424,42,2790,2748,0,2644,59,28,76,27,12,7,131,43
20260808,final_roomy,425,40,2798,2758,0,2649,28,20,89,53,12,7,131,43
20260808,final_roomy,426,37,2806,2769,0,2652,30,21,96,43,9,7,131,43
20260808,final_roomy,427,38,2812,2774,0,2658,58,16,100,16,13,7,131,43
20260808,final_roomy,428,44,2820,2776,0,2660,38,7,109,36,17,6,131,43
20260808,final_roomy,429,45,2827,2782,0,2666,41,8,108,33,18,6,131,43
20260808,final_roomy,430,33,2835,2802,0,2668,52,26,108,4,12,6,131,43
20260808,final_roomy,431,31,2841,2810,0,2673,40,28,109,13,11,6,131,43
20260808,final_roomy,432,30,2848,2818,0,2680,34,16,122,18,11,6,131,43
20260808,final_roomy,433,34,2855,2821,0,2691,44,11,119,16,14,5,131,43
20260808,final_roomy,434,35,2861,2826,0,2698,30,8,120,32,18,4,131,43
20260808,final_roomy,435,36,2867,2831,0,2702,2,10,119,59,21,4,131,43
20260808,final_roomy,436,27,2872,2845,0,2711,4,19,115,52,15,4,131,43
20260808,final_roomy,437,27,2880,2853,0,2724,20,22,107,41,17,3,131,43
20260808,final_roomy,438,24,2885,2861,0,2732,8,16,113,53,17,3,131,43
20260808,final_roomy,439,13,2892,2879,0,2739,4,26,114,46,10,3,131,43
20260808,final_roomy,440,11,2897,2886,0,2747,5,25,114,46,10,2,131,43
20260808,final_roomy,441,13,2904,2891,0,2756,7,12,123,48,8,3,131,43
20260808,final_roomy,442,4,2911,2907,0,2766,15,21,120,34,4,1,131,43
20260808,final_roomy,443,1,2917,2916,0,2773,28,25,118,19,1,1,131,43
20260808,final_roomy,444,0,2924,2924,0,2786,45,17,121,7,0,0,131,43
20260808,final_roomy,445,1,2930,2929,0,2797,55,13,119,3,1,1,121,40
20260808,final_roomy,446,7,2936,2929,0,2803,47,5,121,17,6,2,121,40
20260808,final_roomy,447,12,2943,2931,0,2813,41,2,116,31,10,2,121,40
20260808,final_roomy,448,2,2948,2946,0,2820,45,17,109,19,2,1,121,40
20260808,final_roomy,449,3,2956,2953,0,2828,49,22,103,16,3,1,121,40
20260808,final_roomy,450,9,2964,2955,0,2838,40,9,108,33,8,2,131,43
20260808,final_roomy,451,15,2972,2957,0,2845,24,4,108,54,11,4,131,43
20260808,final_roomy,452,13,2978,2965,0,2853,29,10,102,49,8,3,131,43
20260808,final_roomy,453,7,2983,2976,0,2857,49,19,100,22,5,2,131,43
20260808,final_roomy,454,3,2990,2987,0,2866,49,22,99,20,3,1,131,43
20260808,final_roomy,455,8,2996,2988,0,2877,42,12,99,37,7,2,131,43
20260808,final_roomy,456,9,3003,2994,0,2889,54,7,98,31,8,2,131,43
20260808,final_roomy,457,9,3008,2999,0,2894,69,11,94,16,8,2,131,43
20260808,final_roomy,458,8,3014,3006,0,2902,63,12,92,23,7,2,131,43
20260808,final_roomy,459,14,3022,3008,0,2911,58,9,88,35,8,3,131,43
20260808,final_roomy,460,12,3027,3015,0,2921,65,9,85,31,7,3,131,43
20260808,final_roomy,461,7,3032,3025,0,2931,72,17,77,24,7,1,131,43
20260808,final_roomy,462,12,3039,3027,0,2935,64,12,80,34,10,2,131,43
20260808,final_roomy,463,16,3046,3030,0,2941,63,5,84,38,11,2,131,43
20260808,final_roomy,464,21,3054,3033,0,2945,58,6,82,44,10,4,131,43
20260808,final_roomy,465,23,3060,3037,0,2951,68,7,79,36,9,5,131,43
20260808,final_roomy,466,18,3068,3050,0,2959,81,17,74,18,10,6,131,43
20260808,final_roomy,467,21,3076,3055,0,2963,74,18,74,24,11,5,131,43
20260808,final_roomy,468,21,3084,3063,0,2967,65,13,83,29,12,4,131,43
20260808,final_roomy,469,24,3089,3065,0,2975,41,10,80,59,12,6,131,43
20260808,final_roomy,470,27,3095,3068,0,2981,40,5,82,63,10,6,131,43
20260808,final_roomy,471,22,3103,3081,0,2988,67,16,77,30,11,5,131,43
20260808,final_roomy,472,27,3110,3083,0,2993,64,15,75,36,13,5,131,43
20260808,final_roomy,473,21,3115,3094,0,2996,54,13,85,38,12,4,131,43
20260808,final_roomy,474,21,3121,3100,0,2999,43,17,84,46,11,5,131,43
20260808,final_roomy,475,23,3126,3103,0,3003,26,9,91,64,9,5,131,43
20260808,final_roomy,476,16,3133,3117,0,3012,31,17,88,54,8,4,131,43
20260808,final_roomy,477,19,3140,3121,0,3016,41,18,87,44,11,4,131,43
20260808,final_roomy,478,23,3148,3125,0,3020,41,8,97,44,10,5,131,43
20260808,final_roomy,479,27,3154,3127,0,3029,52,6,92,40,10,5,131,43
20260808,final_roomy,480,30,3162,3132,0,3038,51,7,87,45,14,5,131,43
20260808,final_roomy,481,29,3167,3138,0,3045,36,11,82,61,16,3,131,43
20260808,final_roomy,482,28,3175,3147,0,3048,47,15,84,44,17,3,131,43
20260808,final_roomy,483,22,3183,3161,0,3052,57,23,86,24,14,3,131,43
20260808,final_roomy,484,25,3191,3166,0,3058,50,19,89,32,17,3,131,43
20260808,final_roomy,485,27,3198,3171,0,3062,49,10,99,32,18,3,131,43
20260808,final_roomy,486,28,3203,3175,0,3072,63,9,94,24,18,3,131,43
20260808,final_roomy,487,25,3209,3184,0,3080,70,13,91,16,15,4,131,43
20260808,final_roomy,488,27,3214,3187,0,3086,61,12,89,28,16,5,131,43
20260808,final_roomy,489,33,3221,3188,0,3091,53,4,93,40,16,6,131,43
20260808,final_roomy,490,30,3229,3199,0,3096,57,12,91,30,14,6,126,43
20260808,final_roomy,491,28,3237,3209,0,3103,64,21,85,20,15,5,126,43
20260808,final_roomy,492,29,3243,3214,0,3108,48,15,91,36,16,5,126,43
20260808,final_roomy,493,33,3250,3217,0,3114,33,8,95,54,15,5,126,43
20260808,final_roomy,494,35,3256,3221,0,3124,36,7,90,57,13,5,126,43
20260808,final_roomy,495,36,3261,3225,0,3129,40,8,88,54,10,6,131,43
20260808,final_roomy,496,37,3267,3230,0,3135,60,9,86,35,9,7,131,43
20260808,final_roomy,497,42,3273,3231,0,3142,86,6,83,15,10,8,131,43
20260808,final_roomy,498,46,3280,3234,0,3153,94,4,77,15,10,11,131,43
20260808,final_roomy,499,48,3285,3237,0,3156,85,6,75,24,10,13,131,43
20260808,final_roomy,500,52,3291,3239,0,3159,85,5,75,25,13,11,131,43
20260808,final_roomy,501,52,3296,3244,0,3163,71,7,74,38,11,12,131,43
20260808,final_roomy,502,47,3302,3255,0,3173,69,16,66,39,10,11,131,43
20260808,final_roomy,503,45,3310,3265,0,3179,79,21,65,25,12,10,131,43
20260808,final_roomy,504,47,3317,3270,0,3189,93,15,66,16,12,9,131,43
20260808,final_roomy,505,50,3323,3273,0,3195,103,8,70,9,15,9,131,43
20260808,final_roomy,506,50,3329,3279,0,3201,88,9,69,24,14,9,131,43
20260808,final_roomy,507,54,3335,3281,0,3207,74,8,66,42,14,9,131,43
20260808,final_roomy,508,57,3342,3285,0,3211,73,6,68,43,13,9,131,43
20260808,final_roomy,509,59,3349,3290,0,3216,86,9,65,30,11,11,131,43
20260808,final_roomy,510,61,3354,3293,0,3217,92,8,68,22,15,11,131,43
20260808,final_roomy,511,67,3360,3293,0,3220,59,3,70,58,18,11,131,43
20260808,final_roomy,512,61,3367,3306,0,3226,36,13,67,74,19,9,131,43
20260808,final_roomy,513,39,3373,3334,0,3231,46,41,62,41,12,8,131,43
20260808,final_roomy,514,35,3378,3343,0,3238,63,37,68,22,11,8,131,43
20260808,final_roomy,515,34,3385,3351,0,3239,68,17,95,10,11,8,131,43
20260808,final_roomy,516,33,3390,3357,0,3245,77,14,98,1,11,8,131,43
20260808,final_roomy,517,34,3397,3363,0,3245,70,12,106,2,12,8,131,43
20260808,final_roomy,518,34,3405,3371,0,3254,60,14,103,13,13,8,131,43
20260808,final_roomy,519,40,3412,3372,0,3260,39,9,103,39,17,8,131,43
20260808,final_roomy,520,44,3419,3375,0,3264,18,4,107,61,18,8,101,38
20260808,final_roomy,521,39,3424,3385,0,3270,16,13,102,59,16,7,101,38
20260808,final_roomy,522,27,3430,3403,0,3280,29,28,95,38,12,6,101,38
20260808,final_roomy,523,26,3438,3412,0,3282,36,27,103,24,11,6,101,38
20260808,final_roomy,524,25,3444,3419,0,3292,34,16,111,29,13,6,101,38
20260808,final_roomy,525,24,3450,3426,0,3297,18,14,115,43,13,6,126,43
20260808,final_roomy,526,24,3458,3434,0,3305,11,15,114,50,18,4,126,43
20260808,final_roomy,527,27,3465,3438,0,3309,22,12,117,39,15,4,126,43
20260808,final_roomy,528,21,3472,3451,0,3315,33,17,119,21,13,3,126,43
20260808,final_roomy,529,16,3480,3464,0,3322,37,26,116,11,9,3,126,43
20260808,final_roomy,530,19,3485,3466,0,3325,35,15,126,14,12,3,131,43
20260808,final_roomy,531,22,3492,3470,0,3337,19,6,127,38,12,4,131,43
20260808,final_roomy,532,23,3498,3475,0,3344,10,9,122,49,12,5,131,43
20260808,final_roomy,533,25,3504,3479,0,3356,14,9,114,53,10,5,131,43
20260808,final_roomy,534,31,3511,3480,0,3364,17,5,111,57,10,6,131,43
20260808,final_roomy,535,8,3519,3511,0,3375,24,32,104,30,5,4,131,43
20260808,final_roomy,536,1,3526,3525,0,3385,44,45,95,6,1,1,131,43
20260808,final_roomy,537,3,3534,3531,0,3392,38,20,119,13,3,1,131,43
20260808,final_roomy,538,6,3539,3533,0,3401,35,8,124,23,6,1,131,43
20260808,final_roomy,539,9,3544,3535,0,3410,35,4,121,30,6,2,131,43
20260808,final_roomy,540,7,3550,3543,0,3418,31,10,115,34,6,2,131,43
20260808,final_roomy,541,13,3558,3545,0,3423,31,10,112,37,8,3,131,43
20260808,final_roomy,542,15,3565,3550,0,3429,41,7,114,28,10,3,131,43
20260808,final_roomy,543,11,3573,3562,0,3437,43,17,108,22,8,2,131,43
20260808,final_roomy,544,12,3579,3567,0,3453,49,17,97,27,9,2,131,43
20260808,final_roomy,545,16,3587,3571,0,3458,53,9,104,24,10,3,131,43
20260808,final_roomy,546,15,3592,3577,0,3467,62,10,100,18,8,4,131,43
20260808,final_roomy,547,20,3600,3580,0,3476,69,9,95,17,10,4,131,43
20260808,final_roomy,548,21,3607,3586,0,3488,73,9,89,19,10,3,131,43
20260808,final_roomy,549,23,3612,3589,0,3496,68,9,84,29,11,4,131,43
20260808,final_roomy,550,25,3619,3594,0,3505,70,8,81,31,11,4,126,43
20260808,final_roomy,551,19,3625,3606,0,3511,85,17,78,10,10,5,126,43
20260808,final_roomy,552,19,3632,3613,0,3514,88,19,80,3,6,7,126,43
20260808,final_roomy,553,27,3640,3613,0,3524,95,7,82,6,9,8,126,43
20260808,final_roomy,554,31,3647,3616,0,3530,91,3,83,13,11,8,126,43
20260808,final_roomy,555,34,3653,3619,0,3538,97,6,75,12,11,8,131,43
20260808,final_roomy,556,39,3660,3621,0,3540,98,5,76,11,11,8,131,43
20260808,final_roomy,557,43,3665,3622,0,3548,102,3,71,14,11,9,131,43
20260808,final_roomy,558,47,3671,3624,0,3552,104,3,69,14,11,9,131,43
20260808,final_roomy,559,50,3679,3629,0,3555,105,7,67,11,10,9,131,43
20260808,final_roomy,560,50,3687,3637,0,3558,95,13,66,16,10,8,131,43
20260808,final_roomy,561,52,3692,3640,0,3565,91,11,64,24,10,7,131,43
20260808,final_roomy,562,54,3697,3643,0,3570,94,6,67,23,10,8,131,43
20260808,final_roomy,563,59,3704,3645,0,3575,97,5,65,23,9,10,131,43
20260808,final_roomy,564,62,3711,3649,0,3584,98,6,59,27,9,11,131,43
20260808,final_roomy,565,64,3716,3652,0,3592,101,7,53,29,9,11,131,43
20260808,final_roomy,566,52,3721,3669,0,3594,102,20,55,13,9,12,131,43
20260808,final_roomy,567,42,3727,3685,0,3600,105,33,52,0,9,11,131,43
20260808,final_roomy,568,47,3733,3686,0,3604,107,17,65,1,9,12,131,43
20260808,final_roomy,569,52,3739,3687,0,3607,107,2,78,3,10,12,131,43
20260808,final_roomy,570,52,3745,3693,0,3611,96,7,75,12,11,11,121,43
20260808,final_roomy,571,52,3753,3701,0,3613,80,14,74,22,12,11,121,43
20260808,final_roomy,572,52,3760,3708,0,3620,84,15,73,18,12,11,121,43
20260808,final_roomy,573,57,3768,3711,0,3623,77,10,78,25,16,11,121,43
20260808,final_roomy,574,61,3773,3712,0,3628,32,4,80,74,17,11,121,43
20260808,final_roomy,575,59,3779,3720,0,3631,25,9,80,76,18,10,131,43
20260808,final_roomy,576,44,3785,3741,0,3632,59,29,80,22,10,8,131,43
20260808,final_roomy,577,44,3793,3749,0,3638,73,29,82,6,13,8,131,43
20260808,final_roomy,578,51,3801,3750,0,3644,61,9,97,23,16,8,131,43
20260808,final_roomy,579,54,3807,3753,0,3651,54,4,98,34,16,8,131,43
20260808,final_roomy,580,53,3813,3760,0,3656,57,10,94,29,16,7,131,43
20260808,final_roomy,581,51,3819,3768,0,3659,49,15,94,32,17,6,131,43
20260808,final_roomy,582,44,3826,3782,0,3664,40,22,96,32,18,7,131,43
20260808,final_roomy,583,35,3831,3796,0,3671,41,28,97,24,15,8,131,43
20260808,final_roomy,584,36,3836,3800,0,3680,53,18,102,17,16,8,131,43
20260808,final_roomy,585,39,3841,3802,0,3685,53,6,111,20,15,9,131,43
20260808,final_roomy,586,41,3847,3806,0,3696,51,6,104,29,15,10,131,43
20260808,final_roomy,587,44,3855,3811,0,3707,56,9,95,30,16,11,131,43
20260808,final_roomy,588,45,3863,3818,0,3716,59,12,90,29,13,10,131,43
20260808,final_roomy,589,38,3869,3831,0,3722,59,20,89,22,13,6,131,43
20260808,final_roomy,590,29,3875,3846,0,3726,52,28,92,18,13,6,131,43
20260808,final_roomy,591,32,3883,3851,0,3733,49,20,98,23,9,7,131,43
20260808,final_roomy,592,39,3890,3851,0,3734,60,5,112,13,9,8,131,43
20260808,final_roomy,593,43,3897,3854,0,3743,76,3,108,3,10,8,131,43
20260808,final_roomy,594,49,3903,3854,0,3750,81,3,101,5,12,8,131,43
20260808,final_roomy,595,50,3908,3858,0,3758,76,4,96,14,12,9,131,43
20260808,final_roomy,596,54,3914,3860,0,3762,76,6,92,16,11,9,131,43
20260808,final_roomy,597,59,3921,3862,0,3772,82,4,86,18,10,10,131,43
20260808,final_roomy,598,66,3929,3863,0,3782,86,3,78,23,12,10,131,43
20260808,final_roomy,599,59,3936,3877,0,3788,85,15,74,16,12,10,131,43
20260808,final_roomy,600,51,3941,3890,0,3793,81,27,70,12,12,10,121,40
20260808,final_busy,1,4,10,6,0,0,251,6,0,3,2,3,131,43
20260808,final_busy,2,12,20,8,0,0,212,8,0,40,8,3,131,43
20260808,final_busy,3,23,34,11,0,0,187,5,6,62,9,5,131,43
20260808,final_busy,4,0,45,45,0,0,190,37,8,25,0,0,131,43
20260808,final_busy,5,0,57,57,0,0,203,46,11,0,0,0,131,43
20260808,final_busy,6,0,68,68,0,0,192,23,45,0,0,0,131,43
20260808,final_busy,7,2,78,76,0,0,182,19,57,2,2,1,131,43
20260808,final_busy,8,10,88,78,0,0,158,10,68,24,8,3,131,43
20260808,final_busy,9,19,99,80,0,0,144,4,76,36,9,6,131,43
20260808,final_busy,10,28,112,84,0,0,137,6,78,39,9,7,131,43
20260808,final_busy,11,38,125,87,0,0,134,7,80,39,9,9,131,43
20260808,final_busy,12,32,136,104,0,0,132,20,84,24,9,6,131,43
20260808,final_busy,13,25,147,122,0,0,126,35,87,12,9,6,131,43
20260808,final_busy,14,22,157,135,0,4,122,31,100,7,9,7,131,43
20260808,final_busy,15,35,170,135,0,9,123,13,113,11,11,10,131,43
20260808,final_busy,16,43,182,139,0,17,107,4,118,31,15,9,131,43
20260808,final_busy,17,48,196,148,0,20,75,13,115,57,14,7,131,43
20260808,final_busy,18,55,210,155,0,25,58,16,114,72,12,9,131,43
20260808,final_busy,19,63,223,160,0,32,59,12,116,73,10,11,131,43
20260808,final_busy,20,63,234,171,0,37,82,16,118,44,12,11,121,40
20260808,final_busy,21,61,244,183,0,45,84,23,115,38,13,10,121,40
20260808,final_busy,22,59,254,195,0,54,64,24,117,55,12,11,121,40
20260808,final_busy,23,60,265,205,0,60,57,22,123,58,11,9,121,40
20260808,final_busy,24,61,275,214,0,70,71,19,125,45,11,10,121,40
20260808,final_busy,25,63,289,226,0,78,87,21,127,25,12,9,126,43
20260808,final_busy,26,72,302,230,0,90,91,16,124,29,14,9,126,43
20260808,final_busy,27,69,314,245,0,100,87,19,126,28,12,10,126,43
20260808,final_busy,28,70,324,254,0,107,95,24,123,18,13,11,126,43
20260808,final_busy,29,74,335,261,0,114,100,16,131,13,13,13,126,43
20260808,final_busy,30,80,345,265,0,118,96,11,136,17,17,13,131,43
20260808,final_busy,31,89,358,269,0,125,81,8,136,35,18,13,131,43
20260808,final_busy,32,89,371,282,0,129,83,17,136,24,19,13,131,43
20260808,final_busy,33,79,381,302,0,140,86,33,129,12,19,13,131,43
20260808,final_busy,34,85,391,306,0,147,69,24,135,32,21,13,131,43
20260808,final_busy,35,88,405,317,0,157,65,15,145,35,19,11,131,43
20260808,final_busy,36,93,415,322,0,166,68,16,140,36,20,11,131,43
20260808,final_busy,37,102,429,327,0,180,62,10,137,51,20,10,131,43
20260808,final_busy,38,92,441,349,0,188,55,27,134,44,23,10,131,43
20260808,final_busy,39,82,451,369,0,203,58,42,124,36,23,10,131,43
20260808,final_busy,40,86,463,377,0,215,51,28,134,47,23,10,131,43
20260808,final_busy,41,87,476,389,0,224,34,20,145,61,22,9,131,43
20260808,final_busy,42,91,486,395,0,235,36,18,142,64,21,10,131,43
20260808,final_busy,43,98,498,400,0,241,47,11,148,54,22,12,131,43
20260808,final_busy,44,85,509,424,0,253,40,29,142,49,20,13,131,43
20260808,final_busy,45,82,522,440,0,258,39,40,142,39,17,13,131,43
20260808,final_busy,46,88,534,446,0,264,51,22,160,27,14,14,131,43
20260808,final_busy,47,97,548,451,0,270,62,11,170,17,15,16,131,43
20260808,final_busy,48,102,558,456,0,285,63,10,161,26,16,19,131,43
20260808,final_busy,49,110,569,459,0,294,55,8,157,40,15,21,131,43
20260808,final_busy,50,112,580,468,0,306,57,12,150,41,11,22,126,43
20260808,final_busy,51,117,590,473,0,319,74,14,140,32,9,23,126,43
20260808,final_busy,52,122,600,478,0,327,88,10,141,21,9,23,126,43
20260808,final_busy,53,126,612,486,0,338,95,13,135,17,9,24,126,43
20260808,final_busy,54,123,622,499,0,347,100,21,131,8,9,23,126,43
20260808,final_busy,55,128,632,504,0,355,103,18,131,8,10,24,131,43
20260808,final_busy,56,136,646,510,0,374,116,11,125,8,11,28,131,43
20260808,final_busy,57,141,657,516,0,385,108,12,119,21,13,29,131,43
20260808,final_busy,58,149,670,521,0,406,107,11,104,38,12,30,131,43
20260808,final_busy,59,154,684,530,0,417,106,14,99,41,9,30,131,43
20260808,final_busy,60,152,698,546,0,426,97,25,95,43,11,30,131,43
20260808,final_busy,61,158,712,554,0,435,74,24,95,67,18,29,131,43
20260808,final_busy,62,147,723,576,0,441,27,30,105,98,18,24,131,43
20260808,final_busy,63,129,736,607,0,448,28,53,106,73,18,18,131,43
20260808,final_busy,64,104,749,645,0,456,46,69,120,25,11,17,131,43
20260808,final_busy,65,87,761,674,0,464,32,67,143,18,13,14,131,43
20260808,final_busy,66,92,771,679,0,470,19,34,175,32,16,14,131,43
20260808,final_busy,67,99,782,683,0,476,18,9,198,35,21,13,131,43
20260808,final_busy,68,108,796,688,0,486,13,9,193,45,22,13,131,43
20260808,final_busy,69,114,809,695,0,489,12,12,194,42,23,13,131,43
20260808,final_busy,70,109,821,712,0,496,12,24,192,32,25,13,131,43
20260808,final_busy,71,118,834,716,0,503,12,21,192,35,25,13,131,43
20260808,final_busy,72,109,844,735,0,514,8,23,198,31,26,11,131,43
20260808,final_busy,73,110,855,745,0,523,7,29,193,31,27,10,131,43
20260808,final_busy,74,116,867,751,0,531,0,16,204,40,26,10,131,43
20260808,final_busy,75,109,878,769,0,545,0,24,200,36,21,11,131,43
20260808,final_busy,76,113,892,779,0,560,14,28,191,27,22,13,131,43
20260808,final_busy,77,113,902,789,0,574,23,20,195,22,23,15,131,43
20260808,final_busy,78,107,913,806,0,595,27,27,184,22,26,10,131,43
20260808,final_busy,79,111,924,813,0,608,13,24,181,42,29,11,131,43
20260808,final_busy,80,110,938,828,0,619,13,22,187,38,29,10,131,43
20260808,final_busy,81,111,951,840,0,632,6,27,181,46,32,11,131,43
20260808,final_busy,82,116,965,849,0,648,1,21,180,58,26,12,131,43
20260808,final_busy,83,116,977,860,1,665,5,20,175,60,23,14,131,43
20260808,final_busy,84,110,990,870,10,682,7,21,167,65,14,15,131,43
20260808,final_busy,85,111,1001,880,10,697,32,20,163,45,14,16,131,43
20260808,final_busy,86,108,1012,894,10,714,50,24,156,30,10,17,131,43
20260808,final_busy,87,111,1023,902,10,724,63,22,156,19,13,17,131,43
20260808,final_busy,88,119,1036,907,10,734,59,13,160,28,12,20,131,43
20260808,final_busy,89,124,1048,914,10,746,61,12,156,31,13,20,131,43
20260808,final_busy,90,111,1058,937,10,761,63,30,146,21,14,18,131,43
20260808,final_busy,91,114,1069,945,10,775,47,31,139,43,17,17,131,43
20260808,final_busy,92,121,1083,952,10,786,45,15,151,49,20,16,131,43
20260808,final_busy,93,96,1095,989,10,799,44,44,146,26,17,15,131,43
20260808,final_busy,94,97,1108,1001,10,812,48,49,140,23,18,15,131,43
20260808,final_busy,95,103,1120,1007,10,820,49,18,169,24,20,15,131,43
20260808,final_busy,96,98,1131,1023,10,834,48,22,167,23,20,14,131,43
20260808,final_busy,97,103,1142,1029,10,842,53,22,165,20,21,13,131,43
20260808,final_busy,98,105,1153,1038,10,854,50,15,169,26,20,12,131,43
20260808,final_busy,99,109,1163,1044,10,863,53,15,166,26,19,12,131,43
20260808,final_busy,100,107,1173,1056,10,866,56,18,172,14,20,11,121,40
20260808,final_busy,101,115,1187,1062,10,878,51,18,166,25,20,10,121,40
20260808,final_busy,102,121,1201,1070,10,886,38,14,170,38,20,10,121,40
20260808,final_busy,103,129,1215,1076,10,890,24,14,172,50,21,13,121,40
20260808,final_busy,104,133,1225,1082,10,910,25,12,160,63,20,15,121,40
20260808,final_busy,105,135,1239,1094,10,922,29,18,154,59,22,14,131,43
20260808,final_busy,106,118,1251,1123,10,935,28,41,147,44,23,16,131,43
20260808,final_busy,107,106,1265,1149,10,949,30,55,145,30,25,12,131,43
20260808,final_busy,108,101,1276,1165,10,968,32,42,155,31,20,13,131,43
20260808,final_busy,109,108,1289,1171,10,982,22,22,167,49,21,14,131,43
20260808,final_busy,110,102,1300,1188,10,992,3,23,173,61,21,15,131,43
20260808,final_busy,111,101,1311,1200,10,1000,0,29,171,60,19,14,131,43
20260808,final_busy,112,103,1324,1211,10,1011,0,23,177,60,18,15,131,43
20260808,final_busy,113,109,1335,1216,10,1023,5,16,177,62,16,17,131,43
20260808,final_busy,114,114,1345,1221,10,1039,14,10,172,64,13,17,131,43
20260808,final_busy,115,114,1358,1234,10,1048,24,18,168,50,14,17,131,43
20260808,final_busy,116,115,1368,1243,10,1056,17,22,165,56,16,18,131,43
20260808,final_busy,117,118,1382,1254,10,1066,18,20,168,54,13,19,131,43
20260808,final_busy,118,123,1392,1259,10,1081,53,16,162,29,13,21,131,43
20260808,final_busy,119,128,1402,1264,10,1086,48,10,168,34,13,21,131,43
20260808,final_busy,120,135,1413,1268,10,1099,32,9,160,59,17,21,131,43
20260808,final_busy,121,140,1423,1273,10,1119,39,9,145,67,19,21,131,43
20260808,final_busy,122,137,1433,1286,10,1128,49,18,140,53,19,20,131,43
20260808,final_busy,123,139,1446,1297,10,1137,42,24,136,58,22,19,131,43
20260808,final_busy,124,127,1459,1322,10,1146,30,36,140,54,23,19,131,43
20260808,final_busy,125,121,1470,1339,10,1160,42,42,137,39,20,19,121,40
20260808,final_busy,126,126,1481,1345,10,1176,60,23,146,31,22,19,121,40
20260808,final_busy,127,127,1491,1354,10,1190,57,15,149,39,22,19,121,40
20260808,final_busy,128,125,1502,1367,10,1205,56,22,140,42,21,19,121,40
20260808,final_busy,129,123,1512,1379,10,1210,67,25,144,24,20,17,121,40
20260808,final_busy,130,121,1525,1394,10,1224,76,27,143,14,18,17,131,43
20260808,final_busy,131,124,1536,1402,10,1232,79,23,147,11,21,14,131,43
20260808,final_busy,132,129,1550,1411,10,1241,70,17,153,20,21,14,131,43
20260808,final_busy,133,137,1562,1415,10,1247,61,13,155,31,21,14,131,43
20260808,final_busy,134,144,1573,1419,10,1258,66,8,153,33,21,16,131,43
20260808,final_busy,135,150,1587,1427,10,1268,66,12,147,35,22,17,131,43
20260808,final_busy,136,143,1599,1446,10,1275,62,27,144,27,23,15,131,43
20260808,final_busy,137,138,1612,1464,10,1287,61,37,140,22,23,14,131,43
20260808,final_busy,138,143,1623,1470,10,1297,51,24,149,36,23,14,131,43
20260808,final_busy,139,146,1636,1480,10,1306,51,16,158,35,22,15,131,43
20260808,final_busy,140,136,1650,1496,18,1316,52,26,154,28,20,16,131,43
20260808,final_busy,141,136,1660,1500,24,1328,56,20,152,32,21,16,131,43
20260808,final_busy,142,123,1673,1519,31,1342,53,23,154,30,21,15,131,43
20260808,final_busy,143,119,1685,1533,33,1352,37,33,148,42,22,16,131,43
20260808,final_busy,144,118,1696,1539,39,1363,4,20,156,80,14,18,131,43
20260808,final_busy,145,119,1706,1548,39,1372,8,15,161,76,10,19,131,43
20260808,final_busy,146,126,1719,1554,39,1392,63,15,147,35,10,21,131,43
20260808,final_busy,147,133,1732,1560,39,1400,77,12,148,23,10,22,131,43
20260808,final_busy,148,140,1742,1563,39,1416,85,9,138,28,10,23,131,43
20260808,final_busy,149,140,1755,1576,39,1425,89,16,135,20,11,24,131,43
20260808,final_busy,150,126,1765,1600,39,1438,79,37,125,19,12,23,131,43
20260808,final_busy,151,135,1777,1603,39,1445,40,27,131,62,16,23,131,43
20260808,final_busy,152,140,1788,1609,39,1457,23,9,143,85,18,22,131,43
20260808,final_busy,153,121,1798,1638,39,1464,34,35,139,52,13,22,131,43
20260808,final_busy,154,108,1810,1663,39,1473,33,54,136,37,15,18,131,43
20260808,final_busy,155,109,1823,1675,39,1487,17,37,151,55,20,17,126,43
20260808,final_busy,156,110,1835,1686,39,1496,19,23,167,51,24,14,126,43
20260808,final_busy,157,109,1847,1699,39,1503,15,24,172,49,22,12,126,43
20260808,final_busy,158,118,1860,1703,39,1517,15,17,169,59,25,12,126,43
20260808,final_busy,159,126,1873,1708,39,1522,7,9,177,67,29,12,126,43
20260808,final_busy,160,107,1883,1737,39,1532,1,34,171,54,22,11,131,43
20260808,final_busy,161,98,1894,1757,39,1543,2,49,165,44,19,10,131,43
20260808,final_busy,162,105,1907,1763,39,1552,7,26,185,42,22,9,131,43
20260808,final_busy,163,87,1917,1791,39,1563,3,34,194,29,24,10,131,43
20260808,final_busy,164,81,1928,1808,39,1573,4,45,190,21,22,11,131,43
20260808,final_busy,165,85,1938,1814,39,1586,4,23,205,28,20,14,131,43
20260808,final_busy,166,92,1951,1820,39,1602,4,12,206,38,20,16,131,43
20260808,final_busy,167,83,1962,1840,39,1615,2,26,199,33,17,14,131,43
20260808,final_busy,168,84,1976,1853,39,1627,0,33,193,34,15,14,131,43
20260808,final_busy,169,94,1988,1855,39,1638,13,15,202,30,15,15,131,43
20260808,final_busy,170,99,1999,1861,39,1653,14,8,200,38,17,17,131,43
20260808,final_busy,171,111,2013,1863,39,1670,10,8,185,57,17,21,131,43
20260808,final_busy,172,116,2025,1870,39,1682,7,9,179,65,16,21,131,43
20260808,final_busy,173,122,2039,1878,39,1696,11,15,167,67,12,21,131,43
20260808,final_busy,174,128,2050,1883,39,1712,17,13,158,72,14,23,131,43
20260808,final_busy,175,137,2064,1888,39,1725,41,10,153,56,13,22,131,43
20260808,final_busy,176,129,2076,1908,39,1738,48,25,145,42,11,23,131,43
20260808,final_busy,177,137,2089,1913,39,1749,52,25,139,44,12,24,131,43
20260808,final_busy,178,143,2102,1920,39,1760,56,12,148,44,15,24,131,43
20260808,final_busy,179,142,2113,1932,39,1781,54,19,132,55,13,21,131,43
20260808,final_busy,180,140,2126,1947,39,1795,60,27,125,48,20,20,121,40
20260808,final_busy,181,139,2139,1961,39,1810,34,29,122,75,21,19,121,40
20260808,final_busy,182,134,2150,1977,39,1821,28,30,126,76,20,18,121,40
20260808,final_busy,183,112,2161,2010,39,1828,30,49,133,48,16,16,121,40
20260808,final_busy,184,118,2175,2018,39,1838,25,41,139,55,21,16,121,40
20260808,final_busy,185,118,2185,2028,39,1849,27,18,161,54,21,16,131,43
20260808,final_busy,186,125,2196,2032,39,1854,26,14,164,56,22,15,131,43
20260808,final_busy,187,125,2208,2044,39,1863,33,16,165,46,23,15,131,43
20260808,final_busy,188,115,2219,2065,39,1876,33,33,156,38,21,15,131,43
20260808,final_busy,189,112,2232,2081,39,1883,26,37,161,36,20,15,131,43
20260808,final_busy,190,117,2243,2087,39,1888,28,22,177,33,19,14,131,43
20260808,final_busy,191,125,2253,2089,39,1899,32,8,182,38,19,14,131,43
20260808,final_busy,192,119,2267,2109,39,1908,35,22,179,24,20,12,131,43
20260808,final_busy,193,111,2280,2130,39,1921,30,41,168,21,22,13,131,43
20260808,final_busy,194,116,2290,2135,39,1934,30,26,175,29,22,14,131,43
20260808,final_busy,195,119,2300,2142,39,1944,38,12,186,24,22,15,131,43
20260808,final_busy,196,123,2314,2152,39,1952,26,17,183,34,23,15,131,43
20260808,final_busy,197,130,2327,2158,39,1962,17,16,180,47,23,16,131,43
20260808,final_busy,198,135,2339,2165,39,1974,16,13,178,53,21,17,131,43
20260808,final_busy,199,130,2352,2183,39,1991,17,25,167,51,23,18,131,43
20260808,final_busy,200,128,2365,2198,39,2001,20,33,164,43,24,17,131,43
20260808,final_busy,201,125,2378,2214,39,2012,7,31,171,51,27,16,131,43
20260808,final_busy,202,131,2392,2222,39,2026,1,24,172,63,24,19,131,43
20260808,final_busy,203,131,2403,2229,43,2041,13,15,173,59,20,21,131,43
20260808,final_busy,204,121,2413,2249,43,2058,12,27,164,57,11,20,131,43
20260808,final_busy,205,125,2423,2255,43,2071,31,26,158,45,9,20,131,43
20260808,final_busy,206,134,2435,2258,43,2089,66,9,160,25,11,20,131,43
20260808,final_busy,207,133,2445,2269,43,2101,64,14,154,28,10,19,131,43
20260808,final_busy,208,134,2455,2278,43,2110,65,20,148,27,10,18,131,43
20260808,final_busy,209,146,2469,2280,43,2119,76,11,150,23,11,19,131,43
20260808,final_busy,210,155,2483,2285,43,2131,61,7,147,45,19,19,131,43
20260808,final_busy,211,160,2495,2292,43,2140,22,12,140,86,20,19,131,43
20260808,final_busy,212,156,2509,2310,43,2150,33,25,135,67,21,19,131,43
20260808,final_busy,213,136,2521,2342,43,2159,32,50,133,45,16,19,131,43
20260808,final_busy,214,134,2535,2358,43,2166,8,48,144,60,18,18,131,43
20260808,final_busy,215,135,2549,2371,43,2174,1,29,168,62,23,18,131,43
20260808,final_busy,216,135,2562,2384,43,2187,5,26,171,58,24,17,131,43
20260808,final_busy,217,140,2576,2393,43,2196,16,22,175,47,23,17,131,43
20260808,final_busy,218,146,2588,2399,43,2214,21,15,170,54,22,17,131,43
20260808,final_busy,219,141,2599,2415,43,2223,19,22,170,49,22,16,131,43
20260808,final_busy,220,124,2610,2443,43,2230,12,44,169,35,23,15,131,43
20260808,final_busy,221,130,2623,2450,43,2244,15,35,171,39,25,15,131,43
20260808,final_busy,222,136,2637,2458,43,2251,14,15,192,39,24,15,131,43
20260808,final_busy,223,135,2649,2471,43,2263,26,21,187,26,26,13,131,43
20260808,final_busy,224,142,2661,2476,43,2268,31,18,190,21,30,13,131,43
20260808,final_busy,225,143,2671,2485,43,2280,21,14,191,34,28,11,131,43
20260808,final_busy,226,150,2682,2489,43,2296,22,13,180,45,26,11,131,43
20260808,final_busy,227,152,2696,2497,47,2306,21,12,179,48,26,10,131,43
20260808,final_busy,228,149,2709,2509,51,2315,10,20,174,56,23,11,131,43
20260808,final_busy,229,140,2719,2526,53,2331,11,29,166,54,21,12,131,43
20260808,final_busy,230,137,2731,2537,57,2346,26,28,163,43,21,14,131,43
20260808,final_busy,231,128,2745,2554,63,2359,31,28,167,34,22,14,131,43
20260808,final_busy,232,120,2757,2567,70,2371,24,30,166,40,20,13,131,43
20260808,final_busy,233,117,2769,2577,75,2389,37,23,165,35,19,16,131,43
20260808,final_busy,234,110,2782,2587,85,2399,49,20,168,23,11,18,131,43
20260808,final_busy,235,114,2796,2597,85,2412,54,20,165,21,14,18,111,40
20260808,final_busy,236,116,2807,2606,85,2423,60,19,164,17,13,20,111,40
20260808,final_busy,237,126,2820,2609,85,2437,57,12,160,31,14,23,111,40
20260808,final_busy,238,133,2833,2615,85,2446,47,9,160,44,15,23,111,40
20260808,final_busy,239,141,2846,2620,85,2458,47,11,151,51,13,24,111,40
20260808,final_busy,240,146,2860,2629,85,2470,41,14,145,60,16,23,131,43
20260808,final_busy,241,155,2871,2631,85,2479,31,11,141,77,19,23,131,43
20260808,final_busy,242,151,2883,2647,85,2493,28,18,136,78,23,22,131,43
20260808,final_busy,243,113,2895,2697,85,2503,18,66,128,48,21,17,131,43
20260808,final_busy,244,98,2907,2724,85,2516,12,77,131,40,21,15,131,43
20260808,final_busy,245,101,2918,2732,85,2530,8,35,167,50,21,14,131,43
20260808,final_busy,246,103,2932,2744,85,2542,3,20,182,55,24,12,131,43
20260808,final_busy,247,96,2946,2765,85,2550,2,33,182,43,22,11,131,43
20260808,final_busy,248,94,2957,2778,85,2562,3,34,182,41,22,11,131,43
20260808,final_busy,249,97,2971,2789,85,2576,7,24,189,40,25,10,131,43
20260808,final_busy,250,92,2984,2807,85,2588,5,29,190,36,24,10,131,43
20260808,final_busy,251,92,2996,2819,85,2595,3,30,194,33,26,12,131,43
20260808,final_busy,252,93,3006,2828,85,2603,3,21,204,32,26,12,131,43
20260808,final_busy,253,98,3019,2836,85,2610,0,17,209,34,26,13,131,43
20260808,final_busy,254,104,3030,2841,85,2625,11,13,203,33,30,13,131,43
20260808,final_busy,255,105,3040,2850,85,2633,17,14,203,26,28,14,122,43
20260808,final_busy,256,106,3051,2860,85,2640,21,19,201,19,25,15,122,43
20260808,final_busy,257,114,3063,2864,85,2653,22,14,197,27,25,16,122,43
20260808,final_busy,258,115,3074,2874,85,2670,15,14,190,41,26,18,122,43
20260808,final_busy,259,110,3086,2891,85,2685,6,27,179,48,22,20,122,43
20260808,final_busy,260,102,3099,2912,85,2706,20,38,168,34,19,19,131,43
20260808,final_busy,261,104,3113,2924,85,2726,20,33,165,42,17,19,131,43
20260808,final_busy,262,108,3124,2931,85,2741,13,19,171,57,17,17,131,43
20260808,final_busy,263,107,3135,2943,85,2756,20,19,168,53,12,16,131,43
20260808,final_busy,264,114,3149,2950,85,2775,35,19,156,50,12,16,131,43
20260808,final_busy,265,115,3159,2959,85,2793,47,16,150,47,13,16,131,43
20260808,final_busy,266,108,3171,2978,85,2802,40,28,148,44,14,15,131,43
20260808,final_busy,267,100,3184,2999,85,2807,35,40,152,33,12,14,131,43
20260808,final_busy,268,97,3194,3012,85,2815,38,34,163,25,11,14,131,43
20260808,final_busy,269,101,3207,3021,85,2826,43,22,173,22,11,15,131,43
20260808,final_busy,270,112,3221,3024,85,2838,23,12,174,51,18,15,131,43
20260808,final_busy,271,120,3233,3028,85,2851,5,7,170,78,21,15,131,43
20260808,final_busy,272,93,3243,3065,85,2862,1,41,162,56,19,14,131,43
20260808,final_busy,273,90,3257,3082,85,2874,9,54,154,43,18,14,131,43
20260808,final_busy,274,95,3268,3088,85,2879,16,23,186,35,20,13,131,43
20260808,final_busy,275,99,3279,3095,85,2891,14,13,191,42,21,13,131,43
20260808,final_busy,276,99,3291,3107,85,2899,8,19,189,44,23,13,131,43
20260808,final_busy,277,85,3305,3135,85,2909,6,40,186,28,22,12,131,43
20260808,final_busy,278,87,3317,3145,85,2920,4,38,187,31,23,11,131,43
20260808,final_busy,279,90,3331,3156,85,2930,0,21,205,34,24,10,131,43
20260808,final_busy,280,94,3343,3164,85,2946,0,19,199,42,25,10,131,43
20260808,final_busy,281,98,3355,3172,85,2961,0,16,195,49,28,10,131,43
20260808,final_busy,282,85,3369,3199,85,2971,0,35,193,32,23,11,131,43
20260808,final_busy,283,93,3380,3202,85,2985,6,30,187,37,22,12,131,43
20260808,final_busy,284,99,3394,3210,85,2999,4,11,200,45,21,12,131,43
20260808,final_busy,285,98,3406,3223,85,3014,15,21,188,36,22,13,121,40
20260808,final_busy,286,106,3420,3229,85,3036,9,19,174,58,22,14,121,40
20260808,final_busy,287,105,3433,3243,85,3050,11,20,173,56,21,13,121,40
20260808,final_busy,288,106,3445,3254,85,3059,16,25,170,49,16,15,121,40
20260808,final_busy,289,110,3458,3263,85,3076,17,20,167,56,13,15,121,40
20260808,final_busy,290,113,3470,3272,85,3092,33,18,162,47,12,16,126,43
20260808,final_busy,291,116,3482,3281,85,3099,38,18,164,40,9,17,126,43
20260808,final_busy,292,125,3495,3285,85,3107,52,13,165,30,11,20,126,43
20260808,final_busy,293,126,3505,3294,85,3120,50,13,161,36,11,19,126,43
20260808,final_busy,294,127,3519,3307,85,3133,47,22,152,39,13,17,126,43
20260808,final_busy,295,126,3529,3318,85,3146,43,24,148,45,12,16,131,43
20260808,final_busy,296,128,3539,3326,85,3160,41,19,147,53,10,16,131,43
20260808,final_busy,297,134,3551,3332,85,3171,61,14,147,38,11,18,131,43
20260808,final_busy,298,130,3561,3346,85,3187,63,20,139,38,11,19,131,43
20260808,final_busy,299,135,3571,3351,85,3199,59,19,133,49,11,20,131,43
20260808,final_busy,300,129,3584,3370,85,3210,65,24,136,35,10,20,131,43
20260808,final_busy,301,131,3595,3379,85,3222,73,28,129,30,16,19,131,43
20260808,final_busy,302,142,3609,3382,85,3230,48,12,140,60,19,19,131,43
20260808,final_busy,303,134,3620,3401,85,3236,42,22,143,53,23,19,131,43
20260808,final_busy,304,105,3634,3444,85,3257,45,62,125,28,18,18,131,43
20260808,final_busy,305,116,3648,3447,85,3263,46,46,138,30,24,18,131,43
20260808,final_busy,306,117,3662,3460,85,3272,45,16,172,27,24,17,131,43
20260808,final_busy,307,114,3675,3476,85,3283,38,29,164,29,24,16,131,43
20260808,final_busy,308,111,3686,3490,85,3291,30,30,169,31,21,14,131,43
20260808,final_busy,309,118,3699,3496,85,3296,40,20,180,20,24,14,131,43
20260808,final_busy,310,125,3713,3503,85,3306,24,13,184,39,29,13,131,43
20260808,final_busy,311,130,3725,3510,85,3314,9,14,182,55,29,13,131,43
20260808,final_busy,312,129,3736,3522,85,3323,6,19,180,55,27,12,131,43
20260808,final_busy,313,135,3749,3529,85,3331,10,19,179,52,26,11,131,43
20260808,final_busy,314,129,3763,3549,85,3349,17,27,173,43,26,11,131,43
20260808,final_busy,315,125,3776,3566,85,3361,13,37,168,42,27,11,131,43
20260808,final_busy,316,124,3787,3578,85,3379,8,29,170,53,27,11,131,43
20260808,final_busy,317,131,3801,3585,85,3392,9,19,174,58,28,12,131,43
20260808,final_busy,318,125,3813,3603,85,3406,11,25,172,52,24,12,131,43
20260808,final_busy,319,129,3826,3612,85,3420,21,27,165,47,24,14,131,43
20260808,final_busy,320,125,3837,3627,85,3430,21,24,173,42,24,14,131,43
20260808,final_busy,321,123,3851,3643,85,3442,14,31,170,45,23,15,131,43
20260808,final_busy,322,119,3862,3658,85,3455,17,31,172,40,22,14,131,43
20260808,final_busy,323,122,3874,3667,85,3464,23,24,179,34,17,16,131,43
20260808,final_busy,324,125,3886,3671,90,3475,33,13,183,31,14,18,131,43
20260808,final_busy,325,129,3898,3679,90,3489,32,12,178,38,16,17,131,43
20260808,final_busy,326,130,3912,3692,90,3499,16,21,172,51,15,18,131,43
20260808,final_busy,327,133,3924,3701,90,3512,17,22,167,54,12,19,131,43
20260808,final_busy,328,137,3934,3707,90,3526,48,15,166,31,12,21,131,43
20260808,final_busy,329,139,3947,3718,90,3543,72,17,158,13,10,20,131,43
20260808,final_busy,330,147,3959,3722,90,3553,71,15,154,20,17,20,131,43
20260808,final_busy,331,154,3971,3727,90,3562,51,9,156,44,19,19,131,43
20260808,final_busy,332,155,3985,3740,90,3575,56,18,147,39,21,18,131,43
20260808,final_busy,333,133,3995,3772,90,3587,58,45,140,17,16,18,131,43
20260808,final_busy,334,138,4009,3781,90,3602,59,41,138,22,20,18,131,43
20260808,final_busy,335,142,4021,3789,90,3618,57,17,154,32,21,18,121,40
20260808,final_busy,336,139,4033,3804,90,3626,55,23,155,27,21,17,121,40
20260808,final_busy,337,139,4044,3815,90,3639,52,26,150,32,23,17,121,40
20260808,final_busy,338,147,4058,3821,90,3651,40,17,153,50,23,17,121,40
20260808,final_busy,339,148,4070,3832,90,3657,32,17,158,53,21,17,121,40
20260808,final_busy,340,153,4082,3839,90,3668,33,18,153,56,22,17,131,43
20260808,final_busy,341,139,4096,3867,90,3678,31,35,154,40,21,15,131,43
20260808,final_busy,342,131,4108,3887,90,3688,42,48,151,19,21,14,131,43
20260808,final_busy,343,139,4120,3891,90,3698,39,24,169,28,23,14,131,43
20260808,final_busy,344,144,4133,3899,90,3706,16,12,181,51,23,13,131,43
20260808,final_busy,345,145,4143,3908,90,3719,11,17,172,60,22,13,131,43
20260808,final_busy,346,152,4153,3911,90,3730,15,12,169,64,22,13,131,43
20260808,final_busy,347,147,4164,3921,96,3739,10,13,169,68,22,13,131,43
20260808,final_busy,348,131,4178,3951,96,3752,11,40,159,50,25,11,131,43
20260808,final_busy,349,122,4190,3972,96,3764,9,51,157,43,24,13,131,43
20260808,final_busy,350,125,4202,3981,96,3777,8,30,174,48,20,15,131,43
20260808,final_busy,351,121,4212,3995,96,3787,15,23,185,37,22,16,131,43
20260808,final_busy,352,120,4225,4009,96,3801,15,28,180,37,23,17,131,43
20260808,final_busy,353,112,4236,4026,98,3820,18,31,175,36,21,16,131,43
20260808,final_busy,354,110,4249,4034,105,3839,24,25,170,41,15,16,131,43
20260808,final_busy,355,115,4259,4039,105,3848,20,13,178,49,14,17,131,43
20260808,final_busy,356,118,4269,4046,105,3857,34,12,177,37,15,17,131,43
20260808,final_busy,357,129,4281,4047,105,3860,25,8,179,48,15,19,131,43
20260808,final_busy,358,126,4292,4061,105,3869,17,15,177,51,14,20,131,43
20260808,final_busy,359,135,4304,4064,105,3881,32,17,166,45,17,21,131,43
20260808,final_busy,360,136,4317,4076,105,3899,31,15,162,52,23,20,126,43
20260808,final_busy,361,133,4331,4093,105,3913,5,29,151,75,28,18,126,43
20260808,final_busy,362,133,4343,4105,105,3933,5,29,143,83,23,18,126,43
20260808,final_busy,363,122,4355,4128,105,3946,12,35,147,66,25,17,126,43
20260808,final_busy,364,112,4369,4152,105,3955,16,47,150,47,28,14,126,43
20260808,final_busy,365,91,4381,4185,105,3978,17,57,150,36,25,12,131,43
20260808,final_busy,366,95,4392,4192,105,3986,20,40,166,34,27,12,131,43
20260808,final_busy,367,100,4406,4201,105,3996,24,16,189,31,27,11,131,43
20260808,final_busy,368,99,4419,4215,105,4009,21,23,183,33,27,9,131,43
20260808,final_busy,369,95,4430,4230,105,4018,24,29,183,24,25,9,131,43
20260808,final_busy,370,96,4442,4241,105,4024,25,26,191,18,24,8,131,43
20260808,final_busy,371,101,4456,4250,105,4035,26,20,195,19,26,8,131,43
20260808,final_busy,372,107,4467,4255,105,4043,21,14,198,27,29,9,131,43
20260808,final_busy,373,115,4481,4261,105,4050,20,11,200,29,26,11,131,43
20260808,final_busy,374,115,4491,4271,105,4061,20,16,194,30,24,11,131,43
20260808,final_busy,375,124,4504,4275,105,4075,11,14,186,49,27,13,131,43
20260808,final_busy,376,126,4515,4284,105,4092,9,13,179,59,23,15,131,43
20260808,final_busy,377,124,4525,4296,105,4106,5,21,169,65,23,16,131,43
20260808,final_busy,378,128,4537,4304,105,4119,9,20,165,66,24,17,131,43
20260808,final_busy,379,121,4549,4323,105,4131,13,27,165,55,20,17,131,43
20260808,final_busy,380,124,4563,4334,105,4146,21,30,158,51,23,18,115,42
20260808,final_busy,381,126,4575,4344,105,4172,19,21,151,69,19,18,115,42
20260808,final_busy,382,118,4586,4363,105,4179,16,29,155,60,14,18,115,42
20260808,final_busy,383,113,4596,4378,105,4200,31,34,144,51,12,17,115,42
20260808,final_busy,384,117,4606,4384,105,4215,35,21,148,56,12,18,115,42
20260808,final_busy,385,107,4616,4404,105,4230,47,26,148,39,11,17,131,43
20260808,final_busy,386,112,4629,4412,105,4237,62,28,147,23,12,21,131,43
20260808,final_busy,387,123,4643,4415,105,4247,79,11,157,13,13,21,131,43
20260808,final_busy,388,131,4657,4421,105,4259,62,9,153,36,12,23,131,43
20260808,final_busy,389,142,4671,4424,105,4266,54,9,149,48,13,23,131,43
20260808,final_busy,390,150,4685,4430,105,4272,38,9,149,64,20,23,121,40
20260808,final_busy,391,160,4699,4434,105,4282,10,10,142,98,20,22,121,40
20260808,final_busy,392,147,4713,4461,105,4292,18,31,138,73,20,18,121,40
20260808,final_busy,393,120,4723,4498,105,4299,38,64,135,23,16,18,121,40
20260808,final_busy,394,123,4736,4508,105,4306,37,47,155,21,18,17,121,40
20260808,final_busy,395,131,4750,4514,105,4319,25,16,179,40,19,17,131,43
20260808,final_busy,396,136,4762,4521,105,4334,24,13,174,49,21,17,131,43
20260808,final_busy,397,141,4776,4530,105,4344,19,16,170,55,20,16,131,43
20260808,final_busy,398,145,4790,4540,105,4358,34,19,163,44,20,16,131,43
20260808,final_busy,399,143,4804,4556,105,4366,35,26,164,35,21,13,131,43
20260808,final_busy,400,146,4818,4567,105,4380,32,27,160,41,21,12,131,43
20260808,final_busy,401,144,4829,4580,105,4391,42,24,165,29,22,11,131,43
20260808,final_busy,402,147,4842,4590,105,4402,45,23,165,27,22,12,131,43
20260808,final_busy,403,147,4855,4603,105,4414,41,23,166,30,22,13,131,43
20260808,final_busy,404,147,4865,4613,105,4429,57,23,161,19,19,14,131,43
20260808,final_busy,405,155,4878,4618,105,4442,72,15,161,12,21,16,131,43
20260808,final_busy,406,159,4888,4624,105,4452,75,11,161,13,21,18,131,43
20260808,final_busy,407,166,4900,4629,105,4461,75,11,157,17,21,18,131,43
20260808,final_busy,408,169,4911,4637,105,4474,71,13,150,26,22,20,131,43
20260808,final_busy,409,173,4923,4645,105,4488,54,16,141,49,23,20,131,43
20260808,final_busy,410,169,4933,4659,105,4501,44,22,136,58,20,22,131,43
20260808,final_busy,411,173,4946,4668,105,4514,39,23,131,67,20,23,131,43
20260808,final_busy,412,168,4958,4685,105,4525,30,26,134,70,19,25,131,43
20260808,final_busy,413,146,4968,4717,105,4540,45,49,128,38,11,23,131,43
20260808,final_busy,414,141,4978,4732,105,4554,62,47,131,20,10,20,131,43
20260808,final_busy,415,146,4989,4738,105,4565,62,21,152,25,12,21,131,43
20260808,final_busy,416,157,5003,4741,105,4574,56,9,158,37,11,23,131,43
20260808,final_busy,417,162,5013,4746,105,4584,48,8,154,50,11,23,131,43
20260808,final_busy,418,160,5024,4759,105,4591,56,18,150,36,13,22,131,43
20260808,final_busy,419,155,5037,4777,105,4600,70,31,146,13,11,22,131,43
20260808,final_busy,420,163,5051,4783,105,4605,61,24,154,21,18,22,131,43
20260808,final_busy,421,170,5062,4787,105,4614,23,10,163,64,20,21,131,43
20260808,final_busy,422,165,5072,4802,105,4626,30,19,157,54,21,20,131,43
20260808,final_busy,423,141,5085,4839,105,4631,34,52,156,18,14,20,131,43
20260808,final_busy,424,136,5096,4855,105,4647,19,53,155,33,13,20,131,43
20260808,final_busy,425,138,5106,4863,105,4656,12,24,183,41,18,20,131,43
20260808,final_busy,426,143,5120,4872,105,4661,16,17,194,33,22,20,131,43
20260808,final_busy,427,146,5132,4881,105,4669,27,18,194,21,23,20,131,43
20260808,final_busy,428,151,5145,4889,105,4682,30,17,190,23,23,19,131,43
20260808,final_busy,429,156,5157,4896,105,4699,30,15,182,33,20,18,131,43
20260808,final_busy,430,158,5171,4908,105,4715,31,19,174,36,22,17,131,43
20260808,final_busy,431,154,5181,4922,105,4725,28,26,171,35,24,17,131,43
20260808,final_busy,432,149,5195,4941,105,4732,23,33,176,28,27,15,131,43
20260808,final_busy,433,150,5205,4950,105,4747,9,28,175,48,25,15,131,43
20260808,final_busy,434,156,5218,4957,105,4763,4,16,178,62,23,15,131,43
20260808,final_busy,435,144,5228,4979,105,4785,22,29,165,44,23,15,131,43
20260808,final_busy,436,142,5240,4990,108,4793,31,33,164,32,24,13,131,43
20260808,final_busy,437,135,5252,5004,113,4805,32,25,174,29,24,12,131,43
20260808,final_busy,438,129,5263,5013,121,4814,32,23,176,29,23,11,131,43
20260808,final_busy,439,120,5273,5024,129,4825,32,20,179,29,19,11,131,43
20260808,final_busy,440,124,5283,5029,130,4840,36,16,173,35,20,12,131,43
20260808,final_busy,441,116,5295,5043,136,4850,36,19,174,31,22,14,131,43
20260808,final_busy,442,104,5307,5067,136,4867,40,38,162,20,18,14,131,43
20260808,final_busy,443,107,5319,5076,136,4882,43,33,161,23,19,13,131,43
20260808,final_busy,444,105,5333,5085,143,4897,35,18,170,37,13,14,131,43
20260808,final_busy,445,111,5345,5091,143,4908,40,15,168,37,13,14,121,40
20260808,final_busy,446,115,5355,5097,143,4918,51,12,167,30,14,15,121,40
20260808,final_busy,447,121,5367,5103,143,4930,55,12,161,32,14,16,121,40
20260808,final_busy,448,132,5379,5104,143,4943,59,7,154,40,15,17,121,40
20260808,final_busy,449,131,5389,5115,143,4950,58,12,153,37,13,18,121,40
20260808,final_busy,450,134,5403,5126,143,4961,53,22,143,42,19,16,131,43
20260808,final_busy,451,140,5415,5132,143,4976,27,17,139,77,22,15,131,43
20260808,final_busy,452,130,5426,5153,143,4989,30,27,137,66,20,15,131,43
20260808,final_busy,453,114,5437,5180,143,5002,41,48,130,41,19,15,131,43
20260808,final_busy,454,118,5448,5187,143,5013,31,34,140,55,21,15,131,43
20260808,final_busy,455,105,5458,5210,143,5030,32,30,150,48,16,15,131,43
20260808,final_busy,456,94,5468,5231,143,5038,33,44,149,34,10,14,131,43
20260808,final_busy,457,95,5481,5243,143,5046,28,33,164,35,16,13,131,43
20260808,final_busy,458,85,5491,5263,143,5055,4,32,176,48,19,12,131,43
20260808,final_busy,459,86,5504,5275,143,5065,2,32,178,48,22,12,131,43
20260808,final_busy,460,95,5517,5279,143,5075,3,16,188,53,24,12,131,43
20260808,final_busy,461,95,5530,5292,143,5087,0,17,188,55,25,11,131,43
20260808,final_busy,462,96,5544,5305,143,5095,1,26,184,49,24,10,131,43
20260808,final_busy,463,101,5556,5312,143,5101,0,20,191,49,26,10,131,43
20260808,final_busy,464,93,5569,5333,143,5107,1,28,198,33,24,10,131,43
20260808,final_busy,465,97,5582,5342,143,5115,11,30,197,22,22,9,131,43
20260808,final_busy,466,103,5592,5346,143,5130,13,13,203,31,24,9,131,43
20260808,final_busy,467,108,5602,5351,143,5140,0,9,202,49,26,8,131,43
20260808,final_busy,468,100,5614,5371,143,5156,0,25,190,45,27,10,131,43
20260808,final_busy,469,103,5627,5381,143,5170,0,30,181,49,27,10,131,43
20260808,final_busy,470,100,5637,5394,143,5190,2,23,181,54,25,10,131,43
20260808,final_busy,471,100,5651,5408,143,5208,14,27,173,46,19,13,131,43
20260808,final_busy,472,95,5661,5422,144,5221,22,28,173,37,21,13,131,43
20260808,final_busy,473,80,5673,5443,150,5235,16,35,173,36,21,13,131,43
20260808,final_busy,474,74,5685,5460,151,5248,13,38,174,35,16,13,131,43
20260808,final_busy,475,81,5698,5466,151,5261,22,23,182,33,15,12,131,43
20260808,final_busy,476,90,5711,5470,151,5278,15,10,182,53,14,14,131,43
20260808,final_busy,477,99,5725,5475,151,5291,15,9,175,61,17,16,131,43
20260808,final_busy,478,100,5737,5486,151,5307,20,16,163,61,13,17,131,43
20260808,final_busy,479,107,5747,5489,151,5317,36,14,158,52,11,19,131,43
20260808,final_busy,480,102,5758,5505,151,5327,50,19,159,32,12,17,131,43
20260808,final_busy,481,97,5768,5520,151,5340,49,31,149,31,12,17,131,43
20260808,final_busy,482,92,5779,5536,151,5353,38,31,152,39,16,15,131,43
20260808,final_busy,483,97,5791,5543,151,5362,15,23,158,64,19,15,131,43
20260808,final_busy,484,101,5805,5553,151,5376,9,17,160,74,25,14,131,43
20260808,final_busy,485,92,5818,5575,151,5387,7,32,156,65,25,13,131,43
20260808,final_busy,486,87,5830,5592,151,5401,6,39,152,63,22,12,131,43
20260808,final_busy,487,89,5840,5600,151,5408,28,25,167,40,20,10,131,43
20260808,final_busy,488,92,5851,5608,151,5421,37,16,171,36,19,10,131,43
20260808,final_busy,489,90,5862,5621,151,5432,32,21,168,39,18,9,131,43
20260808,final_busy,490,83,5872,5638,151,5437,44,30,171,15,20,8,126,43
20260808,final_busy,491,91,5886,5644,151,5449,57,23,172,8,21,8,126,43
20260808,final_busy,492,101,5900,5648,151,5465,62,10,173,15,23,8,126,43
20260808,final_busy,493,108,5913,5654,151,5482,65,10,162,23,23,9,126,43
20260808,final_busy,494,110,5925,5664,151,5490,68,16,158,18,25,10,126,43
20260808,final_busy,495,110,5939,5678,151,5497,63,24,157,16,24,12,131,43
20260808,final_busy,496,119,5953,5683,151,5509,64,19,155,22,24,14,131,43
20260808,final_busy,497,127,5966,5688,151,5515,68,10,163,19,21,15,131,43
20260808,final_busy,498,131,5979,5697,151,5524,71,14,159,16,23,16,131,43
20260808,final_busy,499,131,5991,5709,151,5538,65,21,150,24,24,17,131,43
20260808,final_busy,500,134,6003,5718,151,5550,69,21,147,23,23,16,131,43
20260808,final_busy,501,135,6013,5727,151,5561,67,18,148,27,23,19,131,43
20260808,final_busy,502,136,6023,5736,151,5578,52,18,140,50,20,19,131,43
20260808,final_busy,503,134,6037,5752,151,5588,48,25,139,48,21,20,131,43
20260808,final_busy,504,133,6049,5763,153,5598,42,27,138,53,17,20,131,43
20260808,final_busy,505,138,6063,5772,153,5611,32,20,141,67,17,19,131,43
20260808,final_busy,506,136,6077,5788,153,5629,30,25,134,71,15,17,131,43
20260808,final_busy,507,133,6088,5802,153,5636,25,30,136,69,13,18,131,43
20260808,final_busy,508,139,6098,5806,153,5649,32,18,139,71,15,19,131,43
20260808,final_busy,509,143,6109,5813,153,5660,22,11,142,85,13,21,131,43
20260808,final_busy,510,130,6120,5837,153,5666,24,31,140,65,17,19,131,43
20260808,final_busy,511,135,6134,5846,153,5675,44,33,138,45,19,19,131,43
20260808,final_busy,512,139,6148,5856,153,5682,49,19,155,37,20,19,131,43
20260808,final_busy,513,124,6158,5881,153,5691,43,35,155,27,19,19,131,43
20260808,final_busy,514,122,6169,5894,153,5701,42,38,155,25,19,19,131,43
20260808,final_busy,515,129,6183,5901,153,5707,41,20,174,25,22,19,131,43
20260808,final_busy,516,132,6196,5911,153,5714,34,17,180,29,23,19,131,43
20260808,final_busy,517,128,6208,5927,153,5724,22,26,177,35,23,18,131,43
20260808,final_busy,518,133,6220,5934,153,5742,25,23,169,43,24,17,131,43
20260808,final_busy,519,141,6232,5938,153,5750,22,11,177,50,28,17,131,43
20260808,final_busy,520,134,6243,5956,153,5762,15,22,172,51,24,17,101,38
20260808,final_busy,521,140,6253,5960,153,5771,27,22,167,44,22,17,101,38
20260808,final_busy,522,141,6266,5972,153,5789,28,16,167,49,28,16,101,38
20260808,final_busy,523,138,6278,5987,153,5798,27,27,162,44,27,14,101,38
20260808,final_busy,524,134,6291,6004,153,5814,20,32,158,50,25,14,101,38
20260808,final_busy,525,127,6302,6022,153,5831,18,35,156,51,25,13,126,43
20260808,final_busy,526,117,6313,6043,153,5845,15,39,159,47,26,11,126,43
20260808,final_busy,527,118,6325,6054,153,5853,9,32,169,50,27,12,126,43
20260808,final_busy,528,117,6336,6066,153,5869,12,23,174,51,24,13,126,43
20260808,final_busy,529,116,6347,6078,153,5880,13,24,174,49,22,14,126,43
20260808,final_busy,530,113,6360,6094,153,5889,12,28,177,43,24,14,131,43
20260808,final_busy,531,119,6374,6102,153,5897,6,24,181,49,27,15,131,43
20260808,final_busy,532,118,6387,6116,153,5905,7,22,189,42,23,15,131,43
20260808,final_busy,533,124,6400,6123,153,5914,8,21,188,43,22,16,131,43
20260808,final_busy,534,123,6413,6133,157,5930,0,17,186,57,15,18,131,43
20260808,final_busy,535,119,6424,6148,157,5948,10,25,175,50,13,17,131,43
20260808,final_busy,536,122,6435,6156,157,5966,33,23,167,37,14,17,131,43
20260808,final_busy,537,132,6448,6159,157,5980,25,11,168,56,15,19,131,43
20260808,final_busy,538,135,6462,6170,157,5989,20,14,167,59,13,22,131,43
20260808,final_busy,539,138,6472,6177,157,6002,35,18,157,50,13,21,131,43
20260808,final_busy,540,146,6486,6183,157,6011,36,13,159,52,18,21,131,43
20260808,final_busy,541,148,6497,6192,157,6021,47,15,156,42,20,21,131,43
20260808,final_busy,542,145,6507,6205,157,6034,52,22,149,37,19,20,131,43
20260808,final_busy,543,143,6521,6221,157,6046,41,29,146,44,23,19,131,43
20260808,final_busy,544,144,6533,6232,157,6060,42,27,145,46,22,18,131,43
20260808,final_busy,545,147,6546,6242,157,6076,55,21,145,39,20,18,131,43
20260808,final_busy,546,148,6558,6253,157,6095,61,21,137,41,18,17,131,43
20260808,final_busy,547,142,6570,6271,157,6108,65,29,134,32,21,14,131,43
20260808,final_busy,548,128,6581,6296,157,6116,47,43,137,33,24,13,131,43
20260808,final_busy,549,132,6595,6306,157,6130,19,35,141,65,25,12,131,43
20260808,final_busy,550,137,6609,6315,157,6144,1,19,152,88,22,12,126,43
20260808,final_busy,551,144,6622,6321,157,6152,19,15,154,72,27,12,126,43
20260808,final_busy,552,138,6633,6338,157,6157,17,23,158,62,28,12,126,43
20260808,final_busy,553,133,6645,6355,157,6164,2,34,157,67,26,12,126,43
20260808,final_busy,554,135,6658,6366,157,6173,2,28,165,65,29,11,126,43
20260808,final_busy,555,135,6671,6379,157,6179,14,24,176,46,27,12,131,43
20260808,final_busy,556,126,6682,6399,157,6188,23,33,178,26,27,15,131,43
20260808,final_busy,557,124,6693,6412,157,6198,12,33,181,34,28,12,131,43
20260808,final_busy,558,121,6706,6428,157,6208,1,29,191,39,25,12,131,43
20260808,final_busy,559,126,6720,6437,157,6219,0,25,193,42,25,13,131,43
20260808,final_busy,560,130,6734,6447,157,6227,0,19,201,40,27,14,131,43
20260808,final_busy,561,130,6746,6459,157,6239,1,22,198,39,24,14,131,43
20260808,final_busy,562,133,6759,6467,159,6249,6,20,198,36,24,16,131,43
20260808,final_busy,563,128,6773,6477,168,6266,17,18,193,32,27,16,131,43
20260808,final_busy,564,124,6785,6489,172,6280,17,22,187,34,19,17,131,43
20260808,final_busy,565,126,6798,6500,172,6296,15,23,181,41,15,19,131,43
20260808,final_busy,566,137,6812,6503,172,6308,19,14,181,46,15,21,131,43
20260808,final_busy,567,141,6825,6512,172,6326,36,12,174,38,15,22,131,43
20260808,final_busy,568,151,6837,6514,172,6341,41,11,162,46,15,21,131,43
20260808,final_busy,569,158,6849,6519,172,6353,44,7,159,50,14,23,131,43
20260808,final_busy,570,155,6862,6535,172,6364,36,21,150,53,23,20,121,43
20260808,final_busy,571,154,6875,6549,172,6380,8,30,139,83,23,18,121,43
20260808,final_busy,572,156,6889,6561,172,6389,31,26,146,57,23,18,121,43
20260808,final_busy,573,140,6902,6590,172,6399,44,41,150,25,20,18,121,43
20260808,final_busy,574,144,6913,6597,172,6414,45,36,147,32,20,18,121,43
20260808,final_busy,575,147,6924,6605,172,6434,57,15,156,32,21,18,131,43
20260808,final_busy,576,152,6938,6614,172,6446,46,17,151,46,22,18,131,43
20260808,final_busy,577,155,6949,6622,172,6453,29,17,152,62,23,17,131,43
20260808,final_busy,578,156,6962,6634,172,6460,36,20,154,50,22,16,131,43
20260808,final_busy,579,155,6974,6647,172,6469,40,25,153,42,23,16,131,43
20260808,final_busy,580,163,6985,6650,172,6481,34,16,153,57,21,16,131,43
20260808,final_busy,581,162,6998,6664,172,6493,29,17,154,60,22,16,131,43
20260808,final_busy,582,163,7010,6675,172,6501,22,25,149,64,25,16,131,43
20260808,final_busy,583,156,7023,6695,172,6511,17,31,153,59,21,15,131,43
20260808,final_busy,584,155,7037,6710,172,6525,22,35,150,53,22,15,131,43
20260808,final_busy,585,159,7047,6716,172,6535,32,21,160,47,22,16,131,43
20260808,final_busy,586,160,7060,6728,172,6546,26,18,164,52,22,17,131,43
20260808,final_busy,587,163,7074,6735,176,6560,38,19,156,47,24,17,131,43
20260808,final_busy,588,163,7086,6742,181,6569,44,14,159,43,24,20,131,43
20260808,final_busy,589,158,7099,6754,187,6575,37,19,160,44,19,22,131,43
20260808,final_busy,590,158,7112,6757,197,6583,54,15,159,32,21,24,131,43
20260808,final_busy,591,157,7124,6760,207,6591,38,6,163,53,22,24,131,43
20260808,final_busy,592,150,7137,6780,207,6604,32,23,153,52,19,25,131,43
20260808,final_busy,593,154,7149,6787,208,6616,58,27,144,31,17,27,131,43
20260808,final_busy,594,150,7161,6796,215,6629,68,16,151,25,14,27,131,43
20260808,final_busy,595,158,7175,6802,215,6644,76,15,143,26,13,28,131,43
20260808,final_busy,596,165,7186,6806,215,6654,78,10,142,30,12,29,131,43
20260808,final_busy,597,170,7197,6812,215,6673,90,10,129,31,9,31,131,43
20260808,final_busy,598,182,7210,6813,215,6684,102,7,122,29,9,32,131,43
20260808,final_busy,599,184,7224,6825,215,6691,108,13,121,18,9,31,131,43
20260808,final_busy,600,182,7238,6841,215,6696,97,28,117,18,17,26,121,40
20260808,drama_show,1,6,9,3,0,0,121,3,0,6,5,2,131,43
20260808,drama_show,2,14,19,5,0,0,89,5,0,36,9,3,131,43
20260808,drama_show,3,15,28,13,0,0,77,10,3,40,9,3,131,43
20260808,drama_show,4,12,41,29,0,0,73,24,5,28,9,4,131,43
20260808,drama_show,5,22,52,30,0,0,60,17,13,40,13,5,131,43
20260808,drama_show,6,29,63,34,0,0,38,5,29,58,14,5,131,43
20260808,drama_show,7,37,73,36,0,0,25,6,30,69,14,6,131,43
20260808,drama_show,8,41,84,43,0,0,22,9,34,65,15,6,131,43
20260808,drama_show,9,50,97,47,0,0,11,11,36,72,13,8,131,43
20260808,drama_show,10,50,109,59,0,0,5,16,43,66,13,10,131,43
20260808,drama_show,11,42,121,79,0,0,11,32,47,40,16,8,131,43
20260808,drama_show,12,32,130,98,0,0,2,39,59,30,17,6,131,43
20260808,drama_show,13,37,139,102,0,0,4,23,79,24,15,5,131,43
20260808,drama_show,14,48,151,103,0,3,7,5,95,23,19,7,131,43
20260808,drama_show,15,55,159,104,0,6,0,2,96,32,20,8,131,43
20260808,drama_show,16,59,170,111,0,7,0,8,96,26,16,10,131,43
20260808,drama_show,17,66,178,112,0,11,0,8,93,29,16,10,131,43
20260808,drama_show,18,72,186,114,0,13,7,3,98,22,14,11,131,43
20260808,drama_show,19,72,199,127,0,15,7,15,97,11,14,11,131,43
20260808,drama_show,20,81,209,128,0,20,9,14,94,13,15,12,121,40
20260808,drama_show,21,91,221,130,0,22,13,3,105,9,14,14,121,40
20260808,drama_show,22,96,229,133,0,27,4,5,101,20,15,14,121,40
20260808,drama_show,23,107,241,134,0,34,2,4,96,28,16,15,121,40
20260808,drama_show,24,117,255,138,0,43,8,5,90,27,17,16,121,40
20260808,drama_show,25,126,269,143,0,51,6,9,83,32,18,20,126,43
20260808,drama_show,26,134,281,147,0,59,3,9,79,39,20,19,126,43
20260808,drama_show,27,131,294,163,0,69,5,20,74,31,13,19,126,43
20260808,drama_show,28,140,306,166,0,75,10,19,72,29,16,19,126,43
20260808,drama_show,29,145,315,170,0,83,6,7,80,37,13,20,126,43
20260808,drama_show,30,149,325,176,0,91,11,10,75,34,17,20,131,43
20260808,drama_show,31,155,334,179,0,101,12,9,69,40,23,20,131,43
20260808,drama_show,32,161,346,185,0,108,9,9,68,44,22,20,131,43
20260808,drama_show,33,159,357,198,0,118,21,19,61,29,21,20,131,43
20260808,drama_show,34,155,367,212,0,121,8,27,64,31,23,20,131,43
20260808,drama_show,35,159,380,221,0,124,3,23,74,30,22,20,131,43
20260808,drama_show,36,159,389,226,4,129,4,14,83,29,22,20,131,43
20260808,drama_show,37,162,401,227,12,135,8,6,86,30,22,20,131,43
20260808,drama_show,38,154,414,240,20,138,11,14,88,17,21,20,131,43
20260808,drama_show,39,150,428,248,30,144,16,21,83,10,22,18,131,43
20260808,drama_show,40,153,441,257,31,148,9,17,92,12,21,18,131,43
20260808,drama_show,41,148,449,259,42,150,10,11,98,11,20,16,131,43
20260808,drama_show,42,151,457,259,47,152,21,2,105,2,21,15,131,43
20260808,drama_show,43,151,467,260,56,154,21,1,105,3,24,15,131,43
20260808,drama_show,44,154,481,261,66,161,18,2,98,12,28,15,131,43
20260808,drama_show,45,147,490,266,77,170,9,6,90,25,25,15,131,43
20260808,drama_show,46,139,498,273,86,175,8,12,86,24,24,15,131,43
20260808,drama_show,47,140,512,275,97,182,1,9,84,36,25,16,131,43
20260808,drama_show,48,141,526,280,105,191,2,7,82,39,23,16,131,43
20260808,drama_show,49,139,535,290,106,199,3,15,76,36,15,17,131,43
20260808,drama_show,50,141,546,299,106,208,5,19,72,34,17,18,126,43
20260808,drama_show,51,140,558,311,107,215,2,21,75,32,19,18,126,43
20260808,drama_show,52,146,566,313,107,225,1,14,74,41,18,19,126,43
20260808,drama_show,53,149,576,320,107,229,6,9,82,33,14,21,126,43
20260808,drama_show,54,158,589,324,107,235,18,11,78,23,13,23,126,43
20260808,drama_show,55,165,599,327,107,238,23,7,82,18,14,24,131,43
20260808,drama_show,56,177,613,329,107,243,22,5,81,22,14,26,131,43
20260808,drama_show,57,182,622,333,107,252,24,6,75,25,10,27,131,43
20260808,drama_show,58,185,636,336,115,254,25,7,75,23,11,25,131,43
20260808,drama_show,59,185,650,338,127,260,22,5,73,30,13,23,131,43
20260808,drama_show,60,184,664,346,134,266,7,10,70,43,21,21,131,43
20260808,drama_show,61,187,677,349,141,273,5,11,65,49,25,21,131,43
20260808,drama_show,62,183,689,361,145,280,4,15,66,45,25,21,131,43
20260808,drama_show,63,176,699,378,145,283,4,29,66,31,22,19,131,43
20260808,drama_show,64,177,711,389,145,291,7,28,70,25,23,18,131,43
20260808,drama_show,65,182,723,390,151,293,4,12,85,29,25,18,131,43
20260808,drama_show,66,181,737,400,156,299,4,11,90,25,26,18,131,43
20260808,drama_show,67,179,747,402,166,301,3,12,89,26,26,16,131,43
20260808,drama_show,68,177,761,411,173,305,0,11,95,24,26,14,131,43
20260808,drama_show,69,172,774,423,179,312,0,21,90,19,30,14,131,43
20260808,drama_show,70,175,788,427,186,318,0,16,93,21,33,15,131,43
20260808,drama_show,71,173,799,434,192,323,0,11,100,19,29,15,131,43
20260808,drama_show,72,176,812,438,198,326,2,11,101,16,30,17,131,43
20260808,drama_show,73,173,820,445,202,331,3,11,103,13,28,20,131,43
20260808,drama_show,74,169,833,453,211,338,5,15,100,10,28,21,131,43
20260808,drama_show,75,172,846,460,214,345,4,15,100,11,30,22,131,43
20260808,drama_show,76,167,857,465,225,351,3,12,102,13,29,23,131,43
20260808,drama_show,77,165,867,470,232,359,4,10,101,15,27,24,131,43
20260808,drama_show,78,158,876,475,243,366,5,10,99,16,24,24,131,43
20260808,drama_show,79,157,888,478,253,367,4,8,103,15,21,27,131,43
20260808,drama_show,80,161,899,485,253,374,4,10,101,15,18,28,131,43
20260808,drama_show,81,166,907,488,253,385,12,10,93,15,19,28,131,43
20260808,drama_show,82,171,915,491,253,390,10,6,95,19,22,28,131,43
20260808,drama_show,83,175,924,496,253,398,11,8,90,21,18,28,131,43
20260808,drama_show,84,177,934,501,256,408,11,10,83,26,17,26,131,43
20260808,drama_show,85,175,943,503,265,412,14,7,84,25,16,25,131,43
20260808,drama_show,86,175,955,509,271,417,17,8,84,21,15,25,131,43
20260808,drama_show,87,177,969,516,276,425,16,13,78,23,15,24,131,43
20260808,drama_show,88,174,977,518,285,430,16,9,79,26,15,24,131,43
20260808,drama_show,89,171,986,528,287,437,10,12,79,29,12,25,131,43
20260808,drama_show,90,169,994,533,292,443,24,15,75,16,17,25,131,43
20260808,drama_show,91,170,1005,536,299,453,28,8,75,19,24,25,131,43
20260808,drama_show,92,165,1013,540,308,460,6,7,73,44,28,21,131,43
20260808,drama_show,93,154,1027,558,315,466,3,22,70,35,28,21,131,43
20260808,drama_show,94,147,1036,565,324,474,14,25,66,25,24,17,131,43
20260808,drama_show,95,147,1046,568,331,479,16,10,79,25,23,16,131,43
20260808,drama_show,96,147,1056,575,334,481,23,10,84,13,25,14,131,43
20260808,drama_show,97,147,1070,581,342,485,15,13,83,19,26,13,131,43
20260808,drama_show,98,147,1082,587,348,491,10,12,84,24,26,12,131,43
20260808,drama_show,99,147,1092,592,353,498,20,11,83,16,26,12,131,43
20260808,drama_show,100,148,1103,595,360,503,17,8,84,21,25,11,121,40
20260808,drama_show,101,150,1113,601,362,510,17,9,82,22,23,12,121,40
20260808,drama_show,102,157,1126,603,366,512,15,8,83,24,26,13,121,40
20260808,drama_show,103,152,1138,612,374,519,15,11,82,22,24,13,121,40
20260808,drama_show,104,140,1150,628,382,523,16,25,80,9,24,12,121,40
20260808,drama_show,105,142,1164,632,390,526,14,20,86,10,26,12,131,43
20260808,drama_show,106,142,1176,634,400,531,0,6,97,27,30,12,131,43
20260808,drama_show,107,137,1188,641,410,540,0,9,92,29,26,14,131,43
20260808,drama_show,108,135,1200,648,417,548,4,14,86,26,22,17,131,43
20260808,drama_show,109,130,1208,652,426,554,5,11,87,27,16,18,131,43
20260808,drama_show,110,136,1218,656,426,559,11,8,89,22,18,18,131,43
20260808,drama_show,111,142,1230,662,426,565,14,10,87,19,18,19,131,43
20260808,drama_show,112,153,1244,665,426,571,12,9,85,24,19,20,131,43
20260808,drama_show,113,161,1255,668,426,576,6,6,86,32,18,22,131,43
20260808,drama_show,114,162,1265,677,426,582,8,12,83,27,12,22,131,43
20260808,drama_show,115,167,1275,682,426,590,17,14,78,21,14,21,131,43
20260808,drama_show,116,175,1287,686,426,600,21,9,77,23,14,22,131,43
20260808,drama_show,117,181,1297,690,426,603,22,8,79,21,14,23,131,43
20260808,drama_show,118,189,1310,695,426,606,22,9,80,19,13,24,131,43
20260808,drama_show,119,191,1318,696,431,609,10,6,81,33,13,24,131,43
20260808,drama_show,120,187,1326,700,439,615,3,5,80,42,18,23,131,43
20260808,drama_show,121,183,1334,703,448,619,7,7,77,39,18,23,131,43
20260808,drama_show,122,179,1342,708,455,626,18,8,74,30,19,22,131,43
20260808,drama_show,123,168,1354,725,461,633,18,22,70,20,21,21,131,43
20260808,drama_show,124,160,1367,737,470,644,21,29,64,16,24,20,131,43
20260808,drama_show,125,159,1379,744,476,647,18,19,78,15,24,16,121,40
20260808,drama_show,126,158,1390,750,482,654,19,13,83,15,24,15,121,40
20260808,drama_show,127,155,1400,753,492,658,18,9,86,17,23,15,121,40
20260808,drama_show,128,150,1408,760,498,668,17,10,82,21,26,15,121,40
20260808,drama_show,129,148,1417,763,506,671,6,10,82,32,26,14,121,40
20260808,drama_show,130,142,1428,774,512,674,0,14,86,30,23,13,131,43
20260808,drama_show,131,143,1442,777,522,677,0,14,86,30,23,11,131,43
20260808,drama_show,132,140,1452,781,531,682,0,7,92,31,24,10,131,43
20260808,drama_show,133,136,1464,788,540,686,0,11,91,28,27,10,131,43
20260808,drama_show,134,135,1477,794,548,691,0,13,90,27,28,11,131,43
20260808,drama_show,135,132,1487,807,548,699,0,19,89,22,25,14,131,43
20260808,drama_show,136,138,1501,811,552,705,1,17,89,23,25,15,131,43
20260808,drama_show,137,139,1515,815,561,713,1,8,94,27,25,16,131,43
20260808,drama_show,138,134,1524,819,571,720,1,8,91,30,21,16,131,43
20260808,drama_show,139,132,1537,828,577,725,2,13,90,25,14,18,131,43
20260808,drama_show,140,137,1547,833,577,733,6,14,86,24,15,18,131,43
20260808,drama_show,141,142,1556,837,577,739,6,9,89,26,16,19,131,43
20260808,drama_show,142,144,1568,847,577,747,4,14,86,26,17,20,131,43
20260808,drama_show,143,148,1578,853,577,755,2,16,82,30,15,20,131,43
20260808,drama_show,144,154,1586,855,577,763,13,8,84,25,16,20,131,43
20260808,drama_show,145,158,1596,860,578,770,23,7,83,17,15,20,131,43
20260808,drama_show,146,164,1604,861,579,776,22,6,79,23,15,22,131,43
20260808,drama_show,147,173,1616,863,580,781,22,3,79,26,16,23,131,43
20260808,drama_show,148,174,1624,870,580,788,18,9,73,30,14,25,131,43
20260808,drama_show,149,178,1635,876,581,792,11,13,71,35,15,25,131,43
20260808,drama_show,150,185,1647,879,583,796,2,9,74,45,22,25,131,43
20260808,drama_show,151,182,1660,883,595,800,0,7,76,47,24,24,131,43
20260808,drama_show,152,181,1673,890,602,811,0,11,68,51,27,24,131,43
20260808,drama_show,153,167,1682,908,607,816,0,25,67,38,26,22,131,43
20260808,drama_show,154,150,1691,925,616,821,3,35,69,23,24,21,131,43
20260808,drama_show,155,146,1699,928,625,828,4,20,80,26,23,21,126,43
20260808,drama_show,156,143,1709,932,634,834,11,7,91,21,26,20,126,43
20260808,drama_show,157,143,1721,936,642,836,7,8,92,23,28,19,126,43
20260808,drama_show,158,143,1734,941,650,839,5,9,93,23,28,19,126,43
20260808,drama_show,159,140,1745,944,661,842,2,8,94,26,32,15,126,43
20260808,drama_show,160,144,1759,954,661,846,0,13,95,22,34,15,131,43
20260808,drama_show,161,150,1773,962,661,855,2,18,89,21,33,13,131,43
20260808,drama_show,162,150,1782,965,667,858,9,11,96,14,32,14,131,43
20260808,drama_show,163,147,1791,970,674,863,4,8,99,19,33,13,131,43
20260808,drama_show,164,148,1800,972,680,868,1,7,97,25,33,15,131,43
20260808,drama_show,165,142,1812,983,687,880,14,13,90,13,30,15,131,43
20260808,drama_show,166,142,1823,988,693,886,10,16,86,18,28,15,131,43
20260808,drama_show,167,141,1835,993,701,894,2,10,89,29,25,15,131,43
20260808,drama_show,168,139,1843,996,708,900,11,8,88,23,24,16,131,43
20260808,drama_show,169,141,1855,1004,710,907,20,11,86,13,21,18,131,43
20260808,drama_show,170,149,1869,1010,710,912,21,14,84,11,21,21,131,43
20260808,drama_show,171,160,1883,1013,710,916,15,9,88,18,21,22,131,43
20260808,drama_show,172,166,1897,1021,710,926,13,11,84,22,21,22,131,43
20260808,drama_show,173,175,1909,1024,710,933,4,11,80,35,21,24,131,43
20260808,drama_show,174,182,1917,1025,710,942,1,4,79,46,23,24,131,43
20260808,drama_show,175,186,1929,1033,710,948,0,9,76,45,24,25,131,43
20260808,drama_show,176,183,1937,1039,715,957,3,14,68,45,18,24,131,43
20260808,drama_show,177,188,1949,1039,722,962,18,6,71,35,20,26,131,43
20260808,drama_show,178,187,1960,1044,729,965,18,5,74,33,18,27,131,43
20260808,drama_show,179,187,1972,1050,735,972,18,11,67,34,16,27,131,43
20260808,drama_show,180,184,1982,1057,741,976,20,13,68,29,22,27,121,40
20260808,drama_show,181,173,1990,1068,749,981,12,18,69,31,25,25,121,40
20260808,drama_show,182,173,2004,1082,749,990,13,25,67,25,26,22,121,40
20260808,drama_show,183,163,2012,1096,753,993,13,28,75,14,23,20,121,40
20260808,drama_show,184,169,2026,1100,757,997,13,18,85,14,26,19,121,40
20260808,drama_show,185,168,2039,1107,764,1001,13,11,95,11,24,18,131,43
20260808,drama_show,186,165,2048,1111,772,1006,15,11,94,10,24,17,131,43
20260808,drama_show,187,158,2056,1115,783,1009,15,8,98,9,23,16,131,43
20260808,drama_show,188,159,2064,1118,787,1019,16,7,92,15,22,15,131,43
20260808,drama_show,189,159,2074,1120,795,1025,16,5,90,19,22,13,131,43
20260808,drama_show,190,151,2085,1127,807,1029,13,9,89,19,23,13,131,43
20260808,drama_show,191,144,2095,1132,819,1034,13,12,86,19,22,13,131,43
20260808,drama_show,192,143,2103,1134,826,1039,19,7,88,16,24,13,131,43
20260808,drama_show,193,138,2111,1139,834,1043,19,7,89,15,25,13,131,43
20260808,drama_show,194,139,2121,1145,837,1050,12,11,84,23,24,14,131,43
20260808,drama_show,195,138,2131,1150,843,1056,10,11,83,26,24,16,131,43
20260808,drama_show,196,138,2141,1153,850,1065,12,8,80,30,26,17,131,43
20260808,drama_show,197,132,2150,1159,859,1072,6,9,78,37,28,17,131,43
20260808,drama_show,198,122,2158,1169,867,1083,0,16,70,44,22,18,131,43
20260808,drama_show,199,115,2166,1175,876,1088,0,16,71,43,14,19,131,43
20260808,drama_show,200,116,2179,1187,876,1093,7,18,76,29,18,17,131,43
20260808,drama_show,201,115,2188,1197,876,1099,2,22,76,30,17,18,131,43
20260808,drama_show,202,118,2201,1207,876,1103,1,20,84,25,15,19,131,43
20260808,drama_show,203,121,2209,1212,876,1108,2,15,89,24,13,19,131,43
20260808,drama_show,204,130,2221,1215,876,1112,1,8,95,26,14,22,131,43
20260808,drama_show,205,141,2234,1217,876,1119,11,5,93,21,14,24,131,43
20260808,drama_show,206,150,2245,1219,876,1121,12,4,94,20,14,26,131,43
20260808,drama_show,207,158,2257,1223,876,1128,15,6,89,20,14,28,131,43
20260808,drama_show,208,169,2271,1226,876,1137,24,7,82,17,16,30,131,43
20260808,drama_show,209,168,2279,1233,878,1143,19,10,80,21,17,28,131,43
20260808,drama_show,210,172,2293,1239,882,1150,0,13,76,41,25,28,131,43
20260808,drama_show,211,174,2305,1243,888,1158,0,10,75,45,26,27,131,43
20260808,drama_show,212,168,2315,1258,889,1169,0,19,70,41,29,27,131,43
20260808,drama_show,213,165,2325,1269,891,1174,0,26,69,35,27,27,131,43
20260808,drama_show,214,152,2334,1286,896,1182,0,28,76,26,23,25,131,43
20260808,drama_show,215,142,2342,1297,903,1189,1,28,80,21,23,25,131,43
20260808,drama_show,216,144,2355,1305,906,1192,1,19,94,16,27,25,131,43
20260808,drama_show,217,147,2367,1309,911,1194,0,12,103,15,28,24,131,43
20260808,drama_show,218,143,2376,1317,916,1198,0,12,107,11,28,23,131,43
20260808,drama_show,219,143,2385,1319,923,1204,0,10,105,15,29,19,131,43
20260808,drama_show,220,141,2396,1325,930,1212,0,8,105,17,29,18,131,43
20260808,drama_show,221,140,2409,1331,938,1216,1,12,103,14,27,17,131,43
20260808,drama_show,222,136,2417,1333,948,1219,2,8,106,14,28,13,131,43
20260808,drama_show,223,133,2426,1340,953,1223,1,9,108,12,29,13,131,43
20260808,drama_show,224,128,2436,1346,962,1229,2,13,104,11,27,12,131,43
20260808,drama_show,225,125,2448,1350,973,1239,3,10,101,16,25,14,131,43
20260808,drama_show,226,125,2460,1354,981,1248,4,8,98,20,25,14,131,43
20260808,drama_show,227,123,2472,1360,989,1255,5,10,95,20,23,17,131,43
20260808,drama_show,228,120,2486,1368,998,1262,6,14,92,18,20,17,131,43
20260808,drama_show,229,119,2494,1372,1003,1274,13,12,86,19,15,18,131,43
20260808,drama_show,230,130,2508,1375,1003,1279,3,7,89,31,16,19,131,43
20260808,drama_show,231,137,2519,1379,1003,1287,2,7,85,36,14,19,131,43
20260808,drama_show,232,143,2528,1382,1003,1295,4,7,80,39,15,20,131,43
20260808,drama_show,233,151,2542,1388,1003,1301,5,9,78,38,13,23,131,43
20260808,drama_show,234,150,2555,1402,1003,1310,6,20,72,32,15,22,131,43
20260808,drama_show,235,152,2569,1414,1003,1319,4,26,69,31,16,20,111,40
20260808,drama_show,236,154,2577,1420,1003,1328,2,18,74,36,13,22,111,40
20260808,drama_show,237,160,2588,1425,1003,1332,10,11,82,27,15,25,111,40
20260808,drama_show,238,168,2600,1429,1003,1336,17,9,84,20,15,26,111,40
20260808,drama_show,239,178,2614,1433,1003,1341,15,8,84,23,15,29,111,40
20260808,drama_show,240,185,2625,1437,1003,1345,12,8,84,26,21,29,131,43
20260808,drama_show,241,188,2636,1443,1005,1348,8,10,85,27,24,29,131,43
20260808,drama_show,242,183,2647,1454,1010,1351,6,17,86,21,24,29,131,43
20260808,drama_show,243,180,2657,1460,1017,1355,7,17,88,18,22,26,131,43
20260808,drama_show,244,178,2665,1464,1023,1361,7,10,93,20,23,25,131,43
20260808,drama_show,245,177,2678,1468,1033,1367,5,8,93,24,26,24,131,43
20260808,drama_show,246,171,2686,1480,1035,1373,0,16,91,23,26,23,131,43
20260808,drama_show,247,168,2696,1486,1042,1383,0,18,85,27,27,23,131,43
20260808,drama_show,248,160,2704,1493,1051,1386,0,13,94,23,26,22,131,43
20260808,drama_show,249,161,2716,1500,1055,1394,0,14,92,24,24,19,131,43
20260808,drama_show,250,157,2728,1505,1066,1397,0,12,96,22,24,18,131,43
20260808,drama_show,251,158,2740,1509,1073,1404,4,9,96,21,22,18,131,43
20260808,drama_show,252,160,2748,1510,1078,1408,9,5,97,19,25,18,131,43
20260808,drama_show,253,156,2761,1516,1089,1414,5,7,95,23,24,16,131,43
20260808,drama_show,254,156,2773,1519,1098,1425,6,9,85,30,23,18,131,43
20260808,drama_show,255,151,2781,1524,1106,1432,7,8,84,31,22,18,122,43
20260808,drama_show,256,148,2790,1533,1109,1440,8,14,79,29,23,17,122,43
20260808,drama_show,257,149,2802,1544,1109,1443,0,20,81,29,25,19,122,43
20260808,drama_show,258,148,2812,1551,1113,1448,0,18,85,27,22,19,122,43
20260808,drama_show,259,137,2821,1563,1121,1451,0,19,93,18,17,18,122,43
20260808,drama_show,260,144,2831,1566,1121,1460,2,15,91,22,17,19,131,43
20260808,drama_show,261,153,2843,1569,1121,1466,0,6,97,27,16,20,131,43
20260808,drama_show,262,158,2853,1574,1121,1470,2,8,96,24,13,22,131,43
20260808,drama_show,263,169,2866,1576,1121,1473,16,7,96,11,13,25,131,43
20260808,drama_show,264,178,2880,1580,1122,1490,25,6,84,15,14,26,131,43
20260808,drama_show,265,179,2889,1580,1130,1496,24,4,80,22,14,25,131,43
20260808,drama_show,266,177,2900,1593,1130,1500,24,13,80,13,12,28,131,43
20260808,drama_show,267,184,2912,1598,1130,1505,27,18,75,10,15,28,131,43
20260808,drama_show,268,189,2925,1602,1134,1510,15,9,83,23,18,30,131,43
20260808,drama_show,269,187,2935,1604,1144,1519,4,6,79,41,18,31,131,43
20260808,drama_show,270,186,2947,1610,1151,1521,2,8,81,39,26,27,131,43
20260808,drama_show,271,177,2958,1621,1160,1528,0,17,76,37,25,27,131,43
20260808,drama_show,272,179,2967,1623,1165,1535,0,13,75,42,25,24,131,43
20260808,drama_show,273,177,2981,1628,1176,1543,4,7,78,41,21,24,131,43
20260808,drama_show,274,173,2990,1631,1186,1548,8,8,75,39,22,23,131,43
20260808,drama_show,275,165,3001,1645,1191,1550,0,17,78,35,25,22,131,43
20260808,drama_show,276,154,3009,1662,1193,1556,1,31,75,23,23,22,131,43
20260808,drama_show,277,150,3017,1670,1197,1560,1,25,85,19,22,21,131,43
20260808,drama_show,278,148,3028,1675,1205,1568,2,13,94,21,24,19,131,43
20260808,drama_show,279,150,3039,1677,1212,1575,1,7,95,27,24,18,131,43
20260808,drama_show,280,143,3048,1685,1220,1583,4,10,92,24,22,16,131,43
20260808,drama_show,281,133,3056,1693,1230,1588,11,16,89,14,22,15,131,43
20260808,drama_show,282,135,3069,1696,1238,1592,11,11,93,15,22,13,131,43
20260808,drama_show,283,129,3079,1701,1249,1601,10,8,92,20,23,12,131,43
20260808,drama_show,284,125,3087,1706,1256,1602,3,10,94,23,23,12,131,43
20260808,drama_show,285,126,3099,1711,1262,1605,3,10,96,21,24,12,121,40
20260808,drama_show,286,121,3109,1717,1271,1612,3,11,94,22,19,13,121,40
20260808,drama_show,287,115,3121,1728,1278,1619,5,17,92,16,18,13,121,40
20260808,drama_show,288,115,3133,1732,1286,1628,5,15,89,21,17,15,121,40
20260808,drama_show,289,110,3141,1737,1294,1637,4,9,91,26,12,16,121,40
20260808,drama_show,290,119,3154,1741,1294,1642,15,9,90,16,12,17,126,43
20260808,drama_show,291,128,3164,1742,1294,1648,8,5,89,28,15,17,126,43
20260808,drama_show,292,135,3175,1746,1294,1652,4,5,89,32,17,19,126,43
20260808,drama_show,293,141,3189,1754,1294,1661,5,12,81,32,15,19,126,43
20260808,drama_show,294,147,3198,1757,1294,1669,3,11,77,39,15,20,126,43
20260808,drama_show,295,153,3209,1762,1294,1674,11,8,80,31,15,19,131,43
20260808,drama_show,296,158,3222,1770,1294,1682,8,13,75,34,18,20,131,43
20260808,drama_show,297,154,3230,1782,1294,1689,4,20,73,33,16,22,131,43
20260808,drama_show,298,159,3240,1787,1294,1693,11,17,77,25,16,24,131,43
20260808,drama_show,299,167,3251,1790,1294,1700,18,8,82,22,16,23,131,43
20260808,drama_show,300,171,3260,1795,1294,1700,3,8,87,32,21,23,131,43
20260808,drama_show,301,176,3272,1798,1298,1705,4,8,85,33,25,21,131,43
20260808,drama_show,302,172,3282,1802,1308,1710,3,7,85,35,27,20,131,43
20260808,drama_show,303,173,3294,1807,1314,1717,2,9,81,38,25,20,131,43
20260808,drama_show,304,167,3307,1822,1318,1722,4,20,80,26,22,20,131,43
20260808,drama_show,305,165,3319,1829,1325,1726,4,22,81,23,24,19,131,43
20260808,drama_show,306,156,3327,1839,1332,1737,6,17,85,22,24,18,131,43
20260808,drama_show,307,149,3341,1849,1343,1742,6,20,87,17,26,18,131,43
20260808,drama_show,308,146,3352,1854,1352,1743,4,15,96,15,24,15,131,43
20260808,drama_show,309,144,3360,1859,1357,1749,5,10,100,15,22,13,131,43
20260808,drama_show,310,142,3371,1865,1364,1754,8,11,100,11,22,11,131,43
20260808,drama_show,311,143,3379,1867,1369,1759,8,8,100,14,24,12,131,43
20260808,drama_show,312,147,3393,1870,1376,1763,10,5,102,13,25,13,131,43
20260808,drama_show,313,138,3404,1879,1387,1769,10,12,98,10,26,13,131,43
20260808,drama_show,314,140,3416,1883,1393,1780,3,13,90,24,31,13,131,43
20260808,drama_show,315,137,3428,1893,1398,1789,3,14,90,23,28,13,131,43
20260808,drama_show,316,130,3437,1902,1405,1799,4,19,84,23,27,14,131,43
20260808,drama_show,317,134,3450,1904,1412,1804,3,11,89,27,28,17,131,43
20260808,drama_show,318,130,3459,1910,1419,1808,11,8,94,17,24,16,131,43
20260808,drama_show,319,128,3473,1921,1424,1813,4,17,91,18,15,18,131,43
20260808,drama_show,320,136,3485,1925,1424,1821,4,15,89,22,14,20,131,43
20260808,drama_show,321,147,3497,1926,1424,1825,2,5,96,27,15,21,131,43
20260808,drama_show,322,147,3506,1935,1424,1837,1,10,88,31,15,22,131,43
20260808,drama_show,323,151,3517,1942,1424,1840,3,16,86,25,14,23,131,43
20260808,drama_show,324,154,3527,1949,1424,1846,8,14,89,19,12,23,131,43
20260808,drama_show,325,166,3540,1950,1424,1854,16,8,88,18,13,23,131,43
20260808,drama_show,326,169,3548,1955,1424,1865,19,6,84,21,13,23,131,43
20260808,drama_show,327,178,3561,1959,1424,1873,15,9,77,29,13,25,131,43
20260808,drama_show,328,186,3573,1963,1424,1874,7,8,81,34,15,26,131,43
20260808,drama_show,329,191,3585,1968,1426,1880,2,9,79,40,15,26,131,43
20260808,drama_show,330,188,3595,1970,1437,1885,3,7,78,42,18,24,131,43
20260808,drama_show,331,186,3603,1976,1441,1892,7,8,76,39,19,24,131,43
20260808,drama_show,332,178,3614,1984,1452,1898,2,14,72,42,20,22,131,43
20260808,drama_show,333,169,3628,2003,1456,1901,0,27,75,28,21,22,131,43
20260808,drama_show,334,165,3636,2015,1456,1909,0,31,75,24,22,21,131,43
20260808,drama_show,335,164,3649,2018,1467,1915,0,15,88,27,23,20,121,40
20260808,drama_show,336,164,3659,2024,1471,1920,2,9,95,24,25,19,121,40
20260808,drama_show,337,161,3667,2026,1480,1925,1,8,93,28,27,15,121,40
20260808,drama_show,338,163,3680,2033,1484,1934,9,9,90,22,27,15,121,40
20260808,drama_show,339,157,3691,2039,1495,1942,6,13,84,27,24,15,121,40
20260808,drama_show,340,159,3705,2042,1504,1948,2,9,85,34,24,14,131,43
20260808,drama_show,341,156,3714,2045,1513,1950,4,6,89,31,22,13,131,43
20260808,drama_show,342,157,3723,2046,1520,1954,3,4,88,35,22,13,131,43
20260808,drama_show,343,153,3731,2048,1530,1959,11,3,86,30,22,14,131,43
20260808,drama_show,344,148,3741,2055,1538,1967,18,9,79,24,23,14,131,43
20260808,drama_show,345,145,3753,2062,1546,1972,16,14,76,24,23,16,131,43
20260808,drama_show,346,146,3766,2074,1546,1975,14,19,80,17,24,19,131,43
20260808,drama_show,347,149,3779,2080,1550,1981,12,18,81,19,26,20,131,43
20260808,drama_show,348,144,3788,2086,1558,1988,12,12,86,20,24,20,131,43
20260808,drama_show,349,142,3802,2096,1564,1995,12,16,85,17,13,23,131,43
20260808,drama_show,350,150,3811,2097,1564,1999,12,11,87,20,14,24,131,43
20260808,drama_show,351,161,3824,2099,1564,2007,16,3,89,22,15,24,131,43
20260808,drama_show,352,169,3835,2102,1564,2013,13,5,84,28,17,26,131,43
20260808,drama_show,353,172,3845,2109,1564,2020,7,10,79,34,17,27,131,43
20260808,drama_show,354,173,3853,2116,1564,2028,5,14,74,37,13,27,131,43
20260808,drama_show,355,181,3864,2118,1565,2033,12,9,76,33,13,28,131,43
20260808,drama_show,356,180,3872,2123,1569,2040,18,7,76,29,12,27,131,43
20260808,drama_show,357,183,3883,2126,1574,2045,19,8,73,30,12,28,131,43
20260808,drama_show,358,188,3897,2129,1580,2052,21,6,71,32,15,28,131,43
20260808,drama_show,359,182,3905,2134,1589,2056,18,8,70,34,13,27,131,43
20260808,drama_show,360,175,3913,2141,1597,2059,17,12,70,31,16,25,126,43
20260808,drama_show,361,180,3927,2142,1605,2066,16,8,68,38,23,25,126,43
20260808,drama_show,362,177,3937,2154,1606,2070,16,13,71,30,21,22,126,43
20260808,drama_show,363,164,3946,2176,1606,2077,15,34,65,16,22,22,126,43
20260808,drama_show,364,162,3954,2180,1612,2083,20,26,71,13,21,21,126,43
20260808,drama_show,365,158,3962,2182,1622,2088,18,6,88,18,21,17,131,43
20260808,drama_show,366,155,3972,2186,1631,2099,20,6,81,23,23,17,131,43
20260808,drama_show,367,155,3984,2189,1640,2104,13,7,78,32,27,15,131,43
20260808,drama_show,368,148,3992,2198,1646,2107,4,12,79,35,25,14,131,43
20260808,drama_show,369,140,4001,2210,1651,2110,13,21,79,17,25,12,131,43
20260808,drama_show,370,139,4011,2213,1659,2113,20,15,85,10,25,14,131,43
20260808,drama_show,371,138,4023,2216,1669,2114,3,6,96,25,26,13,131,43
20260808,drama_show,372,136,4031,2222,1673,2119,1,9,94,26,28,13,131,43
20260808,drama_show,373,132,4039,2225,1682,2128,0,9,88,33,30,13,131,43
20260808,drama_show,374,131,4048,2229,1688,2135,0,7,87,36,28,13,131,43
20260808,drama_show,375,130,4062,2238,1694,2137,12,13,88,17,27,15,131,43
20260808,drama_show,376,129,4075,2246,1700,2144,15,17,85,13,27,16,131,43
20260808,drama_show,377,124,4088,2256,1708,2149,15,18,89,8,30,15,131,43
20260808,drama_show,378,121,4098,2261,1716,2154,5,15,92,18,28,16,131,43
20260808,drama_show,379,125,4111,2265,1721,2164,5,9,92,24,22,17,131,43
20260808,drama_show,380,133,4125,2271,1721,2173,2,10,88,30,20,17,115,42
20260808,drama_show,381,143,4139,2275,1721,2179,1,10,86,33,20,19,115,42
20260808,drama_show,382,149,4150,2280,1721,2188,0,9,83,38,20,17,115,42
20260808,drama_show,383,158,4163,2284,1721,2193,0,9,82,39,20,19,115,42
20260808,drama_show,384,160,4174,2293,1721,2200,0,13,80,37,19,19,115,42
20260808,drama_show,385,170,4188,2297,1721,2204,2,13,80,35,20,21,131,43
20260808,drama_show,386,175,4197,2301,1721,2209,0,8,84,38,19,23,131,43
20260808,drama_show,387,179,4205,2305,1721,2214,0,8,83,39,17,24,131,43
20260808,drama_show,388,185,4217,2311,1721,2218,14,10,83,23,15,26,131,43
20260808,drama_show,389,186,4228,2313,1729,2228,10,8,77,35,17,26,131,43
20260808,drama_show,390,188,4240,2316,1736,2235,0,5,76,49,26,26,121,40
20260808,drama_show,391,186,4254,2326,1742,2242,0,13,71,46,25,25,121,40
20260808,drama_show,392,182,4264,2340,1742,2251,4,24,65,37,28,22,121,40
20260808,drama_show,393,176,4275,2356,1743,2256,6,30,70,24,26,21,121,40
20260808,drama_show,394,177,4283,2363,1743,2261,6,23,79,22,27,20,121,40
20260808,drama_show,395,174,4294,2369,1751,2265,6,13,91,20,25,19,131,43
20260808,drama_show,396,175,4307,2375,1757,2274,7,12,89,22,27,16,131,43
20260808,drama_show,397,174,4317,2380,1763,2279,4,11,90,25,28,15,131,43
20260808,drama_show,398,168,4325,2387,1770,2280,4,12,95,19,26,14,131,43
20260808,drama_show,399,171,4339,2389,1779,2282,4,9,98,19,27,13,131,43
20260808,drama_show,400,165,4353,2399,1789,2288,5,12,99,14,26,14,131,43
20260808,drama_show,401,164,4367,2404,1799,2297,6,15,92,17,26,15,131,43
20260808,drama_show,402,164,4378,2407,1807,2300,3,8,99,20,26,15,131,43
20260808,drama_show,403,158,4391,2416,1817,2305,2,12,99,17,27,15,131,43
20260808,drama_show,404,161,4402,2420,1821,2313,2,13,94,21,26,16,131,43
20260808,drama_show,405,158,4413,2427,1828,2320,1,11,96,22,27,16,131,43
20260808,drama_show,406,160,4427,2436,1831,2333,0,16,87,27,27,17,131,43
20260808,drama_show,407,161,4439,2443,1835,2340,0,16,87,27,26,19,131,43
20260808,drama_show,408,159,4452,2452,1841,2344,0,16,92,22,23,19,131,43
20260808,drama_show,409,160,4464,2461,1843,2349,0,18,94,18,16,20,131,43
20260808,drama_show,410,169,4478,2466,1843,2357,5,14,95,16,14,22,131,43
20260808,drama_show,411,178,4491,2470,1843,2360,8,9,101,12,16,24,131,43
20260808,drama_show,412,181,4500,2476,1843,2366,2,10,100,18,13,25,131,43
20260808,drama_show,413,190,4511,2478,1843,2379,4,8,91,27,14,25,131,43
20260808,drama_show,414,195,4521,2483,1843,2384,2,7,92,29,13,27,131,43
20260808,drama_show,415,204,4535,2488,1843,2387,1,10,91,28,15,28,131,43
20260808,drama_show,416,200,4544,2495,1849,2396,9,12,87,22,13,26,131,43
20260808,drama_show,417,206,4557,2501,1850,2400,11,13,88,18,15,25,131,43
20260808,drama_show,418,208,4569,2505,1856,2407,9,10,88,23,18,25,131,43
20260808,drama_show,419,205,4581,2509,1867,2414,3,8,87,32,17,27,131,43
20260808,drama_show,420,200,4593,2515,1878,2419,1,10,86,33,21,23,131,43
20260808,drama_show,421,198,4606,2520,1888,2428,1,11,81,37,24,23,131,43
20260808,drama_show,422,198,4618,2525,1895,2433,1,10,82,37,24,22,131,43
20260808,drama_show,423,199,4632,2533,1900,2439,2,13,81,34,21,22,131,43
20260808,drama_show,424,199,4642,2533,1910,2443,1,8,82,39,24,21,131,43
20260808,drama_show,425,192,4653,2543,1918,2453,0,10,80,40,23,19,131,43
20260808,drama_show,426,184,4664,2551,1929,2457,0,18,76,36,23,17,131,43
20260808,drama_show,427,182,4677,2562,1933,2461,0,19,82,29,25,17,131,43
20260808,drama_show,428,182,4689,2573,1934,2465,0,22,86,22,26,16,131,43
20260808,drama_show,429,178,4700,2580,1942,2476,0,18,86,26,24,15,131,43
20260808,drama_show,430,176,4711,2583,1952,2479,0,10,94,26,29,13,131,43
20260808,drama_show,431,171,4719,2596,1952,2483,0,16,97,17,26,14,131,43
20260808,drama_show,432,172,4731,2607,1952,2489,1,24,94,11,26,15,131,43
20260808,drama_show,433,177,4745,2612,1956,2496,1,16,100,13,26,17,131,43
20260808,drama_show,434,177,4756,2617,1962,2501,0,10,106,14,27,17,131,43
20260808,drama_show,435,176,4769,2622,1971,2506,0,10,106,14,26,20,131,43
20260808,drama_show,436,176,4783,2629,1978,2511,0,12,106,12,26,22,131,43
20260808,drama_show,437,171,4791,2633,1987,2516,0,11,106,13,24,23,131,43
20260808,drama_show,438,171,4804,2641,1992,2526,0,12,103,15,23,23,131,43
20260808,drama_show,439,173,4818,2646,1999,2532,1,13,101,15,17,23,131,43
20260808,drama_show,440,178,4826,2649,1999,2540,1,8,101,20,15,24,131,43
20260808,drama_show,441,187,4837,2651,1999,2550,1,5,96,28,18,28,131,43
20260808,drama_show,442,192,4850,2659,1999,2564,4,10,85,31,15,30,131,43
20260808,drama_show,443,196,4860,2663,2001,2572,6,12,79,33,15,29,131,43
20260808,drama_show,444,196,4869,2666,2007,2577,7,7,82,34,16,29,131,43
20260808,drama_show,445,192,4880,2670,2018,2589,7,7,74,42,15,29,121,40
20260808,drama_show,446,193,4890,2673,2024,2590,4,7,76,43,18,28,121,40
20260808,drama_show,447,194,4904,2684,2026,2599,15,14,71,30,16,26,121,40
20260808,drama_show,448,192,4915,2686,2037,2602,18,13,71,28,17,26,121,40
20260808,drama_show,449,193,4929,2691,2045,2608,7,7,76,40,15,27,121,40
20260808,drama_show,450,191,4938,2698,2049,2617,2,12,69,47,16,25,131,43
20260808,drama_show,451,192,4950,2702,2056,2620,13,11,71,35,18,23,131,43
20260808,drama_show,452,187,4960,2708,2065,2627,10,10,71,39,20,22,131,43
20260808,drama_show,453,176,4974,2721,2077,2630,3,19,72,36,21,20,131,43
20260808,drama_show,454,171,4988,2737,2080,2633,13,29,75,13,24,20,131,43
20260808,drama_show,455,167,4998,2740,2091,2636,1,19,85,25,26,19,131,43
20260808,drama_show,456,161,5008,2744,2103,2644,0,7,93,30,25,17,131,43
20260808,drama_show,457,165,5022,2747,2110,2648,8,7,92,23,28,14,131,43
20260808,drama_show,458,167,5035,2749,2119,2653,1,5,91,33,26,14,131,43
20260808,drama_show,459,160,5044,2753,2131,2657,4,6,90,30,24,12,131,43
20260808,drama_show,460,165,5057,2753,2139,2666,4,4,83,39,25,13,131,43
20260808,drama_show,461,165,5069,2758,2146,2670,3,5,83,39,24,15,131,43
20260808,drama_show,462,158,5078,2764,2156,2673,13,11,80,26,25,13,131,43
20260808,drama_show,463,153,5088,2770,2165,2678,20,12,80,18,25,13,131,43
20260808,drama_show,464,155,5102,2778,2169,2691,9,14,73,34,27,14,131,43
20260808,drama_show,465,159,5116,2780,2177,2699,1,10,71,48,30,15,131,43
20260808,drama_show,466,145,5128,2801,2182,2707,1,23,71,35,25,16,131,43
20260808,drama_show,467,138,5140,2808,2194,2714,3,28,66,33,26,17,131,43
20260808,drama_show,468,132,5148,2815,2201,2718,3,14,83,30,26,16,131,43
20260808,drama_show,469,124,5158,2832,2202,2722,0,24,86,20,18,17,131,43
20260808,drama_show,470,134,5171,2835,2202,2726,1,20,89,20,20,17,131,43
20260808,drama_show,471,145,5183,2836,2202,2730,0,4,102,24,21,21,131,43
20260808,drama_show,472,148,5192,2842,2202,2740,0,7,95,28,18,21,131,43
20260808,drama_show,473,157,5204,2845,2202,2744,0,9,92,29,17,22,131,43
20260808,drama_show,474,166,5218,2850,2202,2748,0,8,94,28,17,23,131,43
20260808,drama_show,475,176,5231,2853,2202,2754,3,8,91,28,16,26,131,43
20260808,drama_show,476,181,5241,2858,2202,2757,4,8,93,25,14,26,131,43
20260808,drama_show,477,190,5254,2862,2202,2764,9,9,89,23,13,28,131,43
20260808,drama_show,478,191,5267,2865,2211,2768,14,7,90,19,13,29,131,43
20260808,drama_show,479,194,5281,2870,2217,2774,15,8,88,19,12,30,131,43
20260808,drama_show,480,193,5295,2873,2229,2784,13,8,81,28,19,30,131,43
20260808,drama_show,481,193,5308,2880,2235,2792,12,10,78,30,20,30,131,43
20260808,drama_show,482,187,5320,2892,2241,2802,11,19,71,29,24,28,131,43
20260808,drama_show,483,182,5330,2903,2245,2811,5,23,69,33,22,26,131,43
20260808,drama_show,484,181,5342,2911,2250,2817,11,19,75,25,23,25,131,43
20260808,drama_show,485,176,5351,2917,2258,2826,15,14,77,24,22,23,131,43
20260808,drama_show,486,167,5359,2925,2267,2832,20,14,79,17,22,22,131,43
20260808,drama_show,487,163,5368,2929,2276,2838,22,12,79,17,23,19,131,43
20260808,drama_show,488,170,5382,2931,2281,2848,19,6,77,28,24,18,131,43
20260808,drama_show,489,167,5390,2935,2288,2851,18,6,78,28,22,17,131,43
20260808,drama_show,490,165,5401,2940,2296,2855,15,9,76,30,22,17,126,43
20260808,drama_show,491,162,5409,2941,2306,2859,19,6,76,29,25,14,126,43
20260808,drama_show,492,163,5421,2948,2310,2862,8,8,78,36,26,13,126,43
20260808,drama_show,493,157,5430,2954,2319,2864,3,13,77,37,26,15,126,43
20260808,drama_show,494,154,5443,2963,2326,2871,2,15,77,36,26,15,126,43
20260808,drama_show,495,149,5452,2966,2337,2880,2,12,74,42,26,15,131,43
20260808,drama_show,496,139,5461,2979,2343,2882,2,16,81,31,26,15,131,43
20260808,drama_show,497,134,5473,2986,2353,2888,0,20,78,32,26,15,131,43
20260808,drama_show,498,129,5482,2989,2364,2896,0,10,83,37,21,18,131,43
20260808,drama_show,499,126,5495,2998,2371,2903,7,12,83,28,13,18,131,43
20260808,drama_show,500,134,5507,3002,2371,2909,12,13,80,25,14,18,131,43
20260808,drama_show,501,141,5518,3006,2371,2914,16,8,84,22,14,19,131,43
20260808,drama_show,502,146,5527,3010,2371,2920,12,8,82,28,13,20,131,43
20260808,drama_show,503,151,5541,3019,2371,2925,4,13,81,32,12,21,131,43
20260808,drama_show,504,157,5553,3025,2371,2932,12,15,78,25,13,22,131,43
20260808,drama_show,505,163,5561,3027,2371,2935,2,8,84,36,12,24,131,43
20260808,drama_show,506,169,5575,3035,2371,2942,3,10,83,34,13,24,131,43
20260808,drama_show,507,177,5586,3038,2371,2944,2,11,83,34,14,25,131,43
20260808,drama_show,508,180,5599,3047,2372,2952,2,12,83,33,17,25,131,43
20260808,drama_show,509,185,5613,3050,2378,2956,2,12,82,34,17,26,131,43
20260808,drama_show,510,187,5625,3053,2385,2961,1,6,86,37,23,23,131,43
20260808,drama_show,511,183,5637,3065,2389,2969,11,15,81,23,20,23,131,43
20260808,drama_show,512,184,5651,3069,2398,2976,17,16,77,20,21,23,131,43
20260808,drama_show,513,177,5659,3080,2402,2984,17,15,81,17,23,23,131,43
20260808,drama_show,514,177,5670,3085,2408,2991,8,16,78,28,26,23,131,43
20260808,drama_show,515,177,5682,3091,2414,2998,5,11,82,32,30,20,131,43
20260808,drama_show,516,176,5691,3101,2414,3002,3,16,83,28,30,20,131,43
20260808,drama_show,517,173,5702,3106,2423,3009,4,15,82,29,27,19,131,43
20260808,drama_show,518,162,5711,3117,2432,3015,5,16,86,23,28,19,131,43
20260808,drama_show,519,156,5724,3126,2442,3022,6,20,84,20,24,17,131,43
20260808,drama_show,520,157,5736,3128,2451,3023,6,11,94,19,27,15,101,38
20260808,drama_show,521,152,5744,3138,2454,3028,6,12,98,14,24,13,101,38
20260808,drama_show,522,150,5752,3147,2455,3033,6,19,95,10,24,13,101,38
20260808,drama_show,523,144,5761,3150,2467,3042,7,12,96,15,22,15,101,38
20260808,drama_show,524,143,5771,3154,2474,3043,7,7,104,12,21,16,101,38
20260808,drama_show,525,143,5784,3165,2476,3052,10,15,98,7,22,18,126,43
20260808,drama_show,526,140,5792,3166,2486,3056,10,12,98,10,22,18,126,43
20260808,drama_show,527,140,5804,3170,2494,3060,9,5,105,11,22,18,126,43
20260808,drama_show,528,141,5815,3172,2502,3064,8,6,102,14,20,20,126,43
20260808,drama_show,529,137,5824,3179,2508,3072,9,9,98,14,13,20,126,43
20260808,drama_show,530,146,5837,3183,2508,3079,13,11,93,13,16,19,131,43
20260808,drama_show,531,149,5847,3190,2508,3087,1,11,92,26,16,21,131,43
20260808,drama_show,532,156,5858,3194,2508,3097,5,11,86,28,15,23,131,43
20260808,drama_show,533,160,5866,3197,2509,3102,7,7,88,28,15,23,131,43
20260808,drama_show,534,165,5875,3201,2509,3112,9,7,82,32,15,24,131,43
20260808,drama_show,535,164,5886,3213,2509,3117,5,16,80,29,13,25,131,43
20260808,drama_show,536,169,5897,3219,2509,3121,2,18,80,30,14,24,131,43
20260808,drama_show,537,179,5911,3222,2510,3134,3,9,79,39,16,25,131,43
20260808,drama_show,538,182,5925,3230,2513,3140,0,11,79,40,15,27,131,43
20260808,drama_show,539,178,5934,3240,2516,3149,13,18,73,26,14,26,131,43
20260808,drama_show,540,180,5948,3243,2525,3156,12,13,74,31,22,24,131,43
20260808,drama_show,541,185,5962,3245,2532,3165,2,5,75,48,25,23,131,43
20260808,drama_show,542,177,5970,3254,2539,3174,2,11,69,48,21,22,131,43
20260808,drama_show,543,170,5984,3269,2545,3178,14,24,67,25,19,22,131,43
20260808,drama_show,544,166,5992,3278,2548,3178,16,24,76,14,22,20,131,43
20260808,drama_show,545,158,6001,3287,2556,3188,20,18,81,11,19,18,131,43
20260808,drama_show,546,159,6013,3298,2556,3193,19,20,85,6,21,18,131,43
20260808,drama_show,547,159,6021,3299,2563,3194,19,12,93,6,21,17,131,43
20260808,drama_show,548,159,6033,3303,2571,3195,19,5,103,3,20,16,131,43
20260808,drama_show,549,163,6047,3305,2579,3204,21,6,95,8,23,16,131,43
20260808,drama_show,550,163,6060,3309,2588,3213,16,6,90,18,23,15,126,43
20260808,drama_show,551,164,6068,3314,2590,3218,6,9,87,28,25,16,126,43
20260808,drama_show,552,160,6079,3322,2597,3224,5,13,85,27,23,17,126,43
20260808,drama_show,553,162,6092,3328,2602,3227,3,14,87,26,24,17,126,43
20260808,drama_show,554,162,6100,3331,2607,3235,4,9,87,30,24,19,126,43
20260808,drama_show,555,159,6113,3339,2615,3243,7,11,85,27,22,20,131,43
20260808,drama_show,556,155,6121,3344,2622,3251,18,13,80,19,24,19,131,43
20260808,drama_show,557,154,6134,3350,2630,3262,19,11,77,23,22,21,131,43
20260808,drama_show,558,150,6143,3355,2638,3265,12,11,79,28,17,21,131,43
20260808,drama_show,559,148,6151,3360,2643,3271,17,10,79,24,12,23,131,43
20260808,drama_show,560,159,6162,3360,2643,3274,14,5,81,30,15,24,131,43
20260808,drama_show,561,157,6173,3373,2643,3280,9,13,80,28,13,21,131,43
20260808,drama_show,562,152,6183,3388,2643,3289,11,28,71,20,13,20,131,43
20260808,drama_show,563,157,6193,3393,2643,3292,16,20,81,13,14,22,131,43
20260808,drama_show,564,166,6206,3397,2643,3299,18,9,89,14,16,23,131,43
20260808,drama_show,565,175,6220,3402,2643,3310,15,9,83,23,17,25,131,43
20260808,drama_show,566,183,6233,3407,2643,3317,7,10,80,33,14,25,131,43
20260808,drama_show,567,182,6241,3413,2646,3322,8,11,80,31,14,27,131,43
20260808,drama_show,568,183,6254,3424,2647,3324,7,17,83,23,15,29,131,43
20260808,drama_show,569,182,6267,3427,2658,3328,5,14,85,26,19,28,131,43
20260808,drama_show,570,185,6281,3431,2665,3332,2,7,92,29,26,27,121,43
20260808,drama_show,571,183,6290,3439,2668,3339,0,12,88,30,25,25,121,43
20260808,drama_show,572,178,6299,3446,2675,3345,0,15,86,29,24,25,121,43
20260808,drama_show,573,171,6309,3455,2683,3350,0,16,89,25,27,24,121,43
20260808,drama_show,574,170,6321,3461,2690,3359,1,15,87,27,22,21,121,43
20260808,drama_show,575,170,6334,3465,2699,3367,3,10,88,29,23,21,131,43
20260808,drama_show,576,175,6348,3474,2699,3373,4,13,88,25,25,20,131,43
20260808,drama_show,577,171,6357,3481,2705,3380,3,16,85,26,24,20,131,43
20260808,drama_show,578,170,6368,3485,2713,3383,3,11,91,25,24,18,131,43
20260808,drama_show,579,169,6378,3490,2719,3390,5,9,91,25,22,17,131,43
20260808,drama_show,580,168,6392,3499,2725,3396,2,14,89,25,19,16,131,43
20260808,drama_show,581,169,6404,3501,2734,3398,3,11,92,24,22,16,131,43
20260808,drama_show,582,172,6417,3505,2740,3405,5,6,94,25,24,18,131,43
20260808,drama_show,583,167,6430,3518,2745,3408,5,17,93,15,24,20,131,43
20260808,drama_show,584,157,6443,3532,2754,3416,3,27,89,11,26,20,131,43
20260808,drama_show,585,158,6456,3535,2763,3426,0,17,92,21,27,20,131,43
20260808,drama_show,586,154,6469,3540,2775,3431,1,8,101,20,26,19,131,43
20260808,drama_show,587,154,6480,3546,2780,3441,1,11,94,24,25,19,131,43
20260808,drama_show,588,151,6493,3551,2791,3450,1,11,90,28,19,21,131,43
20260808,drama_show,589,157,6506,3555,2794,3455,3,9,91,27,16,22,131,43
20260808,drama_show,590,165,6517,3558,2794,3460,2,7,91,30,14,23,131,43
20260808,drama_show,591,171,6528,3563,2794,3469,1,8,86,35,13,24,131,43
20260808,drama_show,592,183,6542,3565,2794,3471,10,7,87,26,15,24,131,43
20260808,drama_show,593,189,6553,3570,2794,3478,6,7,85,32,15,26,131,43
20260808,drama_show,594,192,6561,3575,2794,3487,3,10,78,39,11,27,131,43
20260808,drama_show,595,196,6575,3585,2794,3490,4,15,80,31,14,28,131,43
20260808,drama_show,596,200,6588,3588,2800,3495,4,13,80,33,15,27,131,43
20260808,drama_show,597,204,6601,3590,2807,3500,7,5,85,33,18,27,131,43
20260808,drama_show,598,207,6613,3594,2812,3507,0,6,81,43,20,27,131,43
20260808,drama_show,599,206,6625,3601,2818,3513,2,11,77,40,17,28,131,43
20260808,drama_show,600,201,6634,3604,2829,3522,9,10,72,39,22,26,121,40
20260808,calm_narrate,1,3,5,2,0,0,128,2,0,0,0,1,131,43
20260808,calm_narrate,2,6,9,3,0,0,125,3,0,2,2,2,131,43
20260808,calm_narrate,3,9,12,3,0,0,105,1,2,22,2,2,131,43
20260808,calm_narrate,4,11,16,5,0,0,102,2,3,23,2,3,131,43
20260808,calm_narrate,5,2,21,19,0,0,108,16,3,3,0,1,131,43
20260808,calm_narrate,6,1,26,25,0,0,105,20,5,0,0,1,131,43
20260808,calm_narrate,7,2,29,27,0,0,103,8,19,0,0,1,131,43
20260808,calm_narrate,8,2,32,30,0,0,100,5,25,0,0,1,131,43
20260808,calm_narrate,9,4,35,31,0,0,99,4,27,0,0,1,131,43
20260808,calm_narrate,10,7,38,31,0,0,99,1,30,0,0,1,131,43
20260808,calm_narrate,11,11,43,32,0,0,96,1,31,2,1,3,131,43
20260808,calm_narrate,12,15,47,32,0,0,95,1,31,3,4,3,131,43
20260808,calm_narrate,13,13,50,37,0,1,92,5,31,2,3,3,131,43
20260808,calm_narrate,14,14,53,39,0,1,91,7,31,1,3,3,131,43
20260808,calm_narrate,15,16,56,40,0,1,89,3,36,2,4,3,131,43
20260808,calm_narrate,16,21,61,40,0,2,90,1,37,2,6,4,131,43
20260808,calm_narrate,17,19,64,45,0,5,90,5,35,0,5,4,131,43
20260808,calm_narrate,18,22,67,45,0,8,93,5,32,0,6,4,131,43
20260808,calm_narrate,19,25,70,45,0,11,95,0,34,1,6,4,131,43
20260808,calm_narrate,20,28,74,46,0,12,95,1,33,1,8,5,121,40
20260808,calm_narrate,21,31,79,48,0,17,98,3,28,1,7,6,121,40
20260808,calm_narrate,22,35,83,48,0,18,98,2,28,2,8,6,121,40
20260808,calm_narrate,23,39,88,49,0,21,99,1,27,3,7,7,121,40
20260808,calm_narrate,24,42,93,50,1,22,100,2,26,2,8,8,121,40
20260808,calm_narrate,25,45,98,52,1,27,101,3,22,4,7,8,126,43
20260808,calm_narrate,26,46,102,55,1,29,100,5,21,4,8,8,126,43
20260808,calm_narrate,27,43,105,60,2,35,103,8,17,2,9,9,126,43
20260808,calm_narrate,28,47,109,60,2,35,103,5,20,2,9,9,126,43
20260808,calm_narrate,29,49,114,63,2,38,103,3,22,2,9,9,126,43
20260808,calm_narrate,30,51,117,64,2,41,105,4,19,2,9,9,131,43
20260808,calm_narrate,31,49,121,70,2,42,102,7,21,0,9,9,131,43
20260808,calm_narrate,32,51,125,72,2,43,100,8,21,1,10,9,131,43
20260808,calm_narrate,33,54,128,72,2,45,92,2,25,11,10,9,131,43
20260808,calm_narrate,34,57,132,73,2,45,82,1,27,20,10,9,131,43
20260808,calm_narrate,35,53,136,81,2,46,84,9,26,11,9,9,131,43
20260808,calm_narrate,36,51,140,84,5,47,91,11,26,2,8,9,131,43
20260808,calm_narrate,37,50,143,88,5,47,87,7,34,2,8,8,131,43
20260808,calm_narrate,38,47,146,93,6,48,84,9,36,1,8,7,131,43
20260808,calm_narrate,39,43,150,99,8,49,80,11,39,0,8,6,131,43
20260808,calm_narrate,40,43,154,100,11,50,79,7,43,1,8,6,131,43
20260808,calm_narrate,41,42,157,100,15,54,82,1,45,2,9,6,131,43
20260808,calm_narrate,42,40,160,102,18,57,75,2,43,10,11,5,131,43
20260808,calm_narrate,43,37,163,103,23,58,76,3,42,9,10,5,131,43
20260808,calm_narrate,44,28,168,112,28,59,77,10,43,0,4,5,131,43
20260808,calm_narrate,45,26,171,112,33,64,81,9,39,1,4,5,131,43
20260808,calm_narrate,46,29,175,112,34,66,82,0,46,2,7,4,131,43
20260808,calm_narrate,47,30,180,113,37,67,80,1,45,4,8,3,131,43
20260808,calm_narrate,48,29,184,114,41,67,79,2,45,4,6,5,131,43
20260808,calm_narrate,49,26,187,117,44,72,83,4,41,2,4,6,131,43
20260808,calm_narrate,50,28,192,119,45,76,85,5,38,2,5,8,126,43
20260808,calm_narrate,51,31,197,121,45,81,88,4,36,2,7,7,126,43
20260808,calm_narrate,52,32,200,123,45,83,88,4,36,2,7,7,126,43
20260808,calm_narrate,53,33,203,125,45,86,89,4,35,2,8,7,126,43
20260808,calm_narrate,54,35,206,126,45,91,93,3,32,2,8,7,126,43
20260808,calm_narrate,55,37,211,128,46,92,92,3,33,2,8,7,131,43
20260808,calm_narrate,56,39,215,129,47,96,96,3,30,1,8,6,131,43
20260808,calm_narrate,57,42,220,131,47,101,98,3,27,2,8,6,131,43
20260808,calm_narrate,58,46,224,131,47,102,97,2,27,4,8,6,131,43
20260808,calm_narrate,59,46,227,134,47,105,98,3,26,3,9,7,131,43
20260808,calm_narrate,60,44,231,140,47,109,97,9,22,2,9,6,131,43
20260808,calm_narrate,61,43,235,145,47,111,95,11,23,1,9,6,131,43
20260808,calm_narrate,62,43,238,147,48,113,94,7,27,2,11,6,131,43
20260808,calm_narrate,63,45,241,147,49,113,73,2,32,23,11,6,131,43
20260808,calm_narrate,64,46,244,149,49,116,69,2,31,28,13,6,131,43
20260808,calm_narrate,65,37,247,161,49,122,84,14,25,7,9,6,131,43
20260808,calm_narrate,66,35,250,166,49,125,89,17,24,0,9,6,131,43
20260808,calm_narrate,67,35,255,171,49,125,84,10,36,0,9,6,131,43
20260808,calm_narrate,68,36,259,174,49,125,81,8,41,0,9,6,131,43
20260808,calm_narrate,69,34,262,177,51,125,78,6,46,0,9,6,131,43
20260808,calm_narrate,70,30,265,180,55,128,78,6,46,0,7,5,131,43
20260808,calm_narrate,71,29,268,180,59,130,78,3,47,2,6,5,131,43
20260808,calm_narrate,72,30,272,181,61,132,77,1,48,4,7,5,131,43
20260808,calm_narrate,73,29,275,184,62,133,65,4,47,14,8,5,131,43
20260808,calm_narrate,74,29,279,187,63,137,53,6,44,27,7,5,131,43
20260808,calm_narrate,75,16,282,200,66,141,54,16,43,17,3,4,131,43
20260808,calm_narrate,76,13,285,204,68,143,66,17,44,3,2,2,131,43
20260808,calm_narrate,77,9,290,211,70,145,63,11,55,1,1,2,131,43
20260808,calm_narrate,78,5,293,215,73,148,63,11,56,0,0,1,131,43
20260808,calm_narrate,79,3,297,218,76,151,63,7,60,0,0,1,131,43
20260808,calm_narrate,80,7,302,219,76,155,66,4,60,0,0,1,131,43
20260808,calm_narrate,81,11,307,220,76,159,67,2,59,2,2,2,131,43
20260808,calm_narrate,82,13,310,221,76,161,58,2,58,12,3,2,131,43
20260808,calm_narrate,83,15,315,224,76,165,60,4,55,11,3,2,131,43
20260808,calm_narrate,84,10,320,234,76,166,61,13,55,1,0,1,131,43
20260808,calm_narrate,85,11,324,237,76,170,63,13,54,0,1,2,131,43
20260808,calm_narrate,86,12,328,240,76,174,63,6,60,1,2,2,131,43
20260808,calm_narrate,87,17,333,240,76,176,63,3,61,3,5,3,131,43
20260808,calm_narrate,88,18,336,242,76,179,65,2,61,2,5,3,131,43
20260808,calm_narrate,89,20,340,244,76,183,62,4,57,7,6,3,131,43
20260808,calm_narrate,90,24,344,244,76,187,61,2,55,12,7,3,131,43
20260808,calm_narrate,91,19,348,253,76,193,60,9,51,10,4,3,131,43
20260808,calm_narrate,92,19,353,258,76,197,58,14,47,11,5,3,131,43
20260808,calm_narrate,93,15,356,265,76,204,59,12,49,10,4,2,131,43
20260808,calm_narrate,94,14,361,271,76,207,60,13,51,6,4,2,131,43
20260808,calm_narrate,95,14,365,275,76,213,63,10,52,5,1,3,131,43
20260808,calm_narrate,96,14,368,278,76,223,70,7,48,5,2,2,131,43
20260808,calm_narrate,97,12,371,283,76,230,71,8,45,6,2,2,131,43
20260808,calm_narrate,98,15,376,285,76,232,73,7,46,4,2,4,131,43
20260808,calm_narrate,99,15,381,290,76,234,74,7,49,0,3,3,131,43
20260808,calm_narrate,100,18,385,291,76,235,74,6,50,0,5,4,121,40
20260808,calm_narrate,101,22,390,292,76,240,78,2,50,0,4,5,121,40
20260808,calm_narrate,102,25,393,292,76,242,79,1,49,1,4,6,121,40
20260808,calm_narrate,103,27,397,294,76,245,79,2,47,2,4,6,121,40
20260808,calm_narrate,104,29,400,295,76,246,80,3,46,1,4,8,121,40
20260808,calm_narrate,105,33,405,296,76,248,81,2,46,1,5,9,131,43
20260808,calm_narrate,106,34,410,299,77,252,81,4,43,2,5,10,131,43
20260808,calm_narrate,107,36,413,300,77,255,83,4,41,2,6,10,131,43
20260808,calm_narrate,108,38,418,303,77,263,88,4,36,2,8,10,131,43
20260808,calm_narrate,109,40,423,306,77,265,87,6,35,2,8,10,131,43
20260808,calm_narrate,110,43,428,308,77,269,89,5,34,2,8,10,131,43
20260808,calm_narrate,111,45,433,311,77,272,90,5,34,1,9,11,131,43
20260808,calm_narrate,112,47,436,312,77,274,91,4,34,1,9,11,131,43
20260808,calm_narrate,113,50,439,312,77,282,98,1,29,2,9,11,131,43
20260808,calm_narrate,114,53,443,313,77,284,100,1,28,1,9,11,131,43
20260808,calm_narrate,115,55,446,314,77,288,104,2,24,0,9,12,131,43
20260808,calm_narrate,116,60,451,314,77,289,105,1,24,0,9,12,131,43
20260808,calm_narrate,117,64,456,315,77,291,105,1,23,1,9,13,131,43
20260808,calm_narrate,118,69,461,315,77,291,105,1,23,1,9,14,131,43
20260808,calm_narrate,119,71,464,316,77,295,108,1,20,1,9,15,131,43
20260808,calm_narrate,120,69,469,320,80,295,104,5,20,1,9,14,131,43
20260808,calm_narrate,121,69,473,321,83,296,104,5,20,1,10,13,131,43
20260808,calm_narrate,122,67,476,323,86,301,96,3,19,12,11,12,131,43
20260808,calm_narrate,123,70,481,325,86,301,86,4,20,20,12,12,131,43
20260808,calm_narrate,124,59,485,337,89,302,85,14,21,10,9,10,131,43
20260808,calm_narrate,125,53,490,343,94,303,89,18,22,1,9,8,121,40
20260808,calm_narrate,126,49,493,350,94,305,85,13,32,0,9,8,121,40
20260808,calm_narrate,127,49,497,351,97,307,86,8,36,0,9,7,121,40
20260808,calm_narrate,128,51,502,351,100,307,85,1,43,1,10,7,121,40
20260808,calm_narrate,129,51,505,351,103,310,81,0,41,8,11,7,121,40
20260808,calm_narrate,130,49,508,352,107,311,78,1,40,11,11,7,131,43
20260808,calm_narrate,131,41,512,360,111,312,76,9,39,6,11,5,131,43
20260808,calm_narrate,132,38,515,364,113,314,77,12,38,3,9,5,131,43
20260808,calm_narrate,133,36,518,366,116,315,78,6,45,1,9,5,131,43
20260808,calm_narrate,134,33,522,369,120,315,74,5,49,2,8,5,131,43
20260808,calm_narrate,135,34,525,369,122,316,74,3,50,3,9,4,131,43
20260808,calm_narrate,136,29,528,372,127,320,74,3,49,4,6,4,131,43
20260808,calm_narrate,137,29,532,373,130,323,74,4,46,6,7,4,131,43
20260808,calm_narrate,138,25,536,378,133,328,75,6,44,5,6,5,131,43
20260808,calm_narrate,139,24,541,381,136,331,77,8,42,3,6,4,131,43
20260808,calm_narrate,140,27,545,382,136,335,81,4,43,2,6,4,131,43
20260808,calm_narrate,141,30,549,383,136,338,83,2,43,2,7,5,131,43
20260808,calm_narrate,142,30,552,385,137,339,83,3,43,1,7,5,131,43
20260808,calm_narrate,143,33,557,387,137,345,86,4,38,2,8,6,131,43
20260808,calm_narrate,144,37,562,388,137,349,89,3,36,2,8,6,131,43
20260808,calm_narrate,145,37,565,390,138,351,90,3,36,1,8,6,131,43
20260808,calm_narrate,146,41,569,390,138,355,91,2,33,4,8,8,131,43
20260808,calm_narrate,147,42,572,392,138,357,92,2,33,3,8,7,131,43
20260808,calm_narrate,148,44,577,395,138,361,95,5,29,1,9,7,131,43
20260808,calm_narrate,149,48,582,396,138,363,95,4,29,2,9,7,131,43
20260808,calm_narrate,150,48,586,400,138,364,93,5,31,1,9,7,131,43
20260808,calm_narrate,151,48,589,403,138,365,92,7,31,0,9,7,131,43
20260808,calm_narrate,152,51,592,403,138,368,95,3,32,0,9,7,131,43
20260808,calm_narrate,153,55,596,403,138,371,92,0,32,6,11,7,131,43
20260808,calm_narrate,154,57,599,404,138,374,63,1,29,37,12,7,131,43
20260808,calm_narrate,155,55,604,410,139,377,56,7,26,41,12,7,126,43
20260808,calm_narrate,156,42,608,426,140,379,72,22,25,11,9,7,126,43
20260808,calm_narrate,157,41,611,430,140,380,78,20,30,2,9,7,126,43
20260808,calm_narrate,158,41,616,435,140,383,77,9,43,1,9,7,126,43
20260808,calm_narrate,159,37,620,440,143,384,74,10,46,0,9,6,126,43
20260808,calm_narrate,160,34,624,445,145,385,70,10,50,0,9,6,131,43
20260808,calm_narrate,161,31,628,448,149,390,71,8,50,1,9,6,131,43
20260808,calm_narrate,162,30,631,450,151,391,70,5,54,1,7,6,131,43
20260808,calm_narrate,163,26,634,454,154,393,68,6,55,1,5,5,131,43
20260808,calm_narrate,164,22,637,457,158,393,65,7,57,1,5,4,131,43
20260808,calm_narrate,165,18,641,463,160,395,62,9,59,0,4,3,131,43
20260808,calm_narrate,166,16,644,464,164,399,63,7,58,2,4,3,131,43
20260808,calm_narrate,167,16,647,464,167,400,53,1,63,13,3,3,131,43
20260808,calm_narrate,168,12,650,467,171,406,46,3,58,23,1,2,131,43
20260808,calm_narrate,169,2,654,478,174,409,48,14,55,13,0,1,131,43
20260808,calm_narrate,170,2,659,483,174,411,57,16,56,1,0,1,131,43
20260808,calm_narrate,171,3,662,485,174,414,59,7,64,0,0,1,131,43
20260808,calm_narrate,172,4,667,489,174,418,59,6,65,0,0,1,131,43
20260808,calm_narrate,173,7,671,490,174,419,59,5,66,0,0,1,131,43
20260808,calm_narrate,174,12,676,490,174,423,60,1,66,3,2,3,131,43
20260808,calm_narrate,175,16,681,491,174,431,57,1,59,13,2,4,131,43
20260808,calm_narrate,176,15,684,495,174,435,58,5,55,12,3,3,131,43
20260808,calm_narrate,177,9,689,506,174,439,60,15,52,3,1,2,131,43
20260808,calm_narrate,178,9,692,509,174,446,64,14,49,3,1,2,131,43
20260808,calm_narrate,179,11,695,510,174,453,68,4,53,5,3,2,131,43
20260808,calm_narrate,180,8,700,518,174,461,69,9,48,4,2,2,121,40
20260808,calm_narrate,181,6,703,523,174,464,70,13,46,1,0,1,121,40
20260808,calm_narrate,182,9,707,524,174,468,73,6,50,1,1,2,121,40
20260808,calm_narrate,183,13,711,524,174,470,65,1,53,11,2,3,121,40
20260808,calm_narrate,184,17,716,525,174,473,64,1,51,14,2,4,121,40
20260808,calm_narrate,185,12,721,535,174,478,67,11,46,6,1,2,131,43
20260808,calm_narrate,186,9,724,541,174,482,69,16,43,2,0,1,131,43
20260808,calm_narrate,187,10,729,545,174,482,67,10,53,0,2,2,131,43
20260808,calm_narrate,188,10,732,548,174,487,68,7,54,1,2,2,131,43
20260808,calm_narrate,189,15,737,548,174,488,66,3,57,4,4,3,131,43
20260808,calm_narrate,190,18,742,550,174,495,70,2,53,5,4,3,131,43
20260808,calm_narrate,191,19,747,554,174,497,69,6,51,4,3,3,131,43
20260808,calm_narrate,192,19,751,557,175,504,75,7,46,2,4,4,131,43
20260808,calm_narrate,193,19,754,560,175,506,75,6,48,1,4,3,131,43
20260808,calm_narrate,194,24,759,560,175,509,77,3,48,2,5,3,131,43
20260808,calm_narrate,195,25,762,562,175,513,79,2,47,2,6,4,131,43
20260808,calm_narrate,196,28,766,563,175,519,83,3,41,3,8,4,131,43
20260808,calm_narrate,197,29,770,566,175,524,86,4,38,2,8,4,131,43
20260808,calm_narrate,198,29,774,570,175,527,87,7,36,0,9,4,131,43
20260808,calm_narrate,199,32,779,570,177,529,89,4,37,0,9,6,131,43
20260808,calm_narrate,200,37,784,570,177,530,90,0,40,0,9,6,131,43
20260808,calm_narrate,201,41,788,570,177,532,91,0,38,1,9,7,131,43
20260808,calm_narrate,202,43,793,573,177,537,93,3,33,1,9,8,131,43
20260808,calm_narrate,203,46,797,574,177,540,95,4,30,1,9,9,131,43
20260808,calm_narrate,204,49,801,575,177,541,94,2,32,2,9,9,131,43
20260808,calm_narrate,205,50,806,578,178,544,95,4,30,1,9,9,131,43
20260808,calm_narrate,206,51,810,581,178,548,97,6,27,0,9,10,131,43
20260808,calm_narrate,207,55,815,582,178,552,99,4,26,1,9,11,131,43
20260808,calm_narrate,208,59,820,583,178,554,100,2,27,1,9,11,131,43
20260808,calm_narrate,209,62,824,584,178,557,101,2,25,2,9,12,131,43
20260808,calm_narrate,210,63,827,586,178,559,101,3,24,2,9,12,131,43
20260808,calm_narrate,211,64,832,589,179,559,100,5,25,0,9,12,131,43
20260808,calm_narrate,212,67,835,589,179,562,99,3,24,4,11,12,131,43
20260808,calm_narrate,213,72,840,589,179,564,79,0,25,26,12,12,131,43
20260808,calm_narrate,214,70,844,593,181,567,73,4,22,31,12,10,131,43
20260808,calm_narrate,215,54,848,611,183,568,77,22,21,10,8,10,131,43
20260808,calm_narrate,216,51,852,615,186,570,84,22,23,1,8,10,131,43
20260808,calm_narrate,217,49,856,618,189,573,83,7,38,2,8,9,131,43
20260808,calm_narrate,218,45,859,622,192,575,81,7,40,2,8,8,131,43
20260808,calm_narrate,219,41,862,626,195,576,80,8,42,0,8,8,131,43
20260808,calm_narrate,220,37,866,629,200,579,80,7,43,0,8,6,131,43
20260808,calm_narrate,221,35,870,631,204,582,80,5,44,1,7,6,131,43
20260808,calm_narrate,222,36,875,631,208,582,79,2,47,2,7,6,131,43
20260808,calm_narrate,223,35,878,632,211,582,73,1,49,7,7,5,131,43
20260808,calm_narrate,224,34,881,633,214,585,74,2,46,8,8,5,131,43
20260808,calm_narrate,225,28,884,639,217,586,74,7,46,3,7,4,131,43
20260808,calm_narrate,226,27,889,642,220,587,72,9,46,3,8,4,131,43
20260808,calm_narrate,227,24,892,644,224,590,74,5,49,2,5,4,131,43
20260808,calm_narrate,228,22,896,646,228,596,77,4,46,3,5,4,131,43
20260808,calm_narrate,229,21,900,647,232,601,80,3,43,4,5,4,131,43
20260808,calm_narrate,230,22,905,651,232,605,83,5,41,1,5,5,131,43
20260808,calm_narrate,231,23,908,653,232,608,85,6,39,0,4,5,131,43
20260808,calm_narrate,232,25,911,654,232,610,85,3,41,1,5,5,131,43
20260808,calm_narrate,233,26,914,656,232,613,85,3,40,2,5,7,131,43
20260808,calm_narrate,234,30,919,657,232,614,86,3,40,1,6,8,131,43
20260808,calm_narrate,235,33,923,658,232,618,90,2,38,0,6,9,111,40
20260808,calm_narrate,236,36,926,658,232,620,92,1,37,0,6,10,111,40
20260808,calm_narrate,237,39,929,658,232,626,97,0,32,1,7,10,111,40
20260808,calm_narrate,238,42,932,658,232,629,98,0,29,3,7,10,111,40
20260808,calm_narrate,239,44,935,659,232,632,101,1,26,2,7,9,111,40
20260808,calm_narrate,240,43,938,663,232,638,101,5,20,4,7,9,131,43
20260808,calm_narrate,241,48,943,663,232,638,100,4,21,5,8,9,131,43
20260808,calm_narrate,242,48,947,667,232,640,88,4,23,15,10,7,131,43
20260808,calm_narrate,243,50,951,669,232,643,75,6,20,29,10,7,131,43
20260808,calm_narrate,244,41,956,683,232,645,76,16,22,16,7,7,131,43
20260808,calm_narrate,245,37,959,690,232,646,83,21,23,3,7,7,131,43
20260808,calm_narrate,246,37,963,694,232,648,81,11,35,3,7,7,131,43
20260808,calm_narrate,247,35,967,700,232,653,82,10,37,1,6,7,131,43
20260808,calm_narrate,248,33,970,703,234,654,81,9,40,0,6,7,131,43
20260808,calm_narrate,249,35,974,704,235,655,81,4,45,0,6,7,131,43
20260808,calm_narrate,250,36,979,705,238,657,81,2,46,1,7,7,131,43
20260808,calm_narrate,251,36,982,706,240,657,70,2,47,11,8,6,131,43
20260808,calm_narrate,252,36,985,707,242,658,67,2,47,14,8,6,131,43
20260808,calm_narrate,253,27,989,718,244,658,66,12,48,4,6,4,131,43
20260808,calm_narrate,254,23,993,722,248,659,67,15,48,0,6,3,131,43
20260808,calm_narrate,255,21,996,723,252,662,66,5,56,3,5,3,122,43
20260808,calm_narrate,256,21,1000,724,255,664,65,2,58,5,6,2,122,43
20260808,calm_narrate,257,19,1003,728,256,668,61,5,55,9,4,3,122,43
20260808,calm_narrate,258,18,1007,730,259,673,60,6,51,13,5,3,122,43
20260808,calm_narrate,259,13,1011,737,261,675,58,9,53,10,2,3,122,43
20260808,calm_narrate,260,9,1015,744,262,678,58,14,52,6,2,3,131,43
20260808,calm_narrate,261,8,1020,750,262,682,59,13,55,3,1,2,131,43
20260808,calm_narrate,262,9,1023,752,262,687,61,8,57,4,1,2,131,43
20260808,calm_narrate,263,13,1028,753,262,691,63,3,59,5,3,2,131,43
20260808,calm_narrate,264,12,1031,757,262,693,61,5,59,5,2,2,131,43
20260808,calm_narrate,265,13,1034,759,262,700,68,6,53,3,2,2,131,43
20260808,calm_narrate,266,13,1037,762,262,704,70,5,53,2,1,2,131,43
20260808,calm_narrate,267,17,1041,762,262,708,71,3,51,5,3,3,131,43
20260808,calm_narrate,268,19,1046,765,262,713,75,3,49,3,4,3,131,43
20260808,calm_narrate,269,17,1049,770,262,715,73,8,47,2,5,3,131,43
20260808,calm_narrate,270,18,1052,772,262,719,74,7,46,3,5,3,131,43
20260808,calm_narrate,271,17,1055,776,262,723,75,6,47,2,5,2,131,43
20260808,calm_narrate,272,19,1058,777,262,726,65,5,46,14,5,2,131,43
20260808,calm_narrate,273,21,1061,778,262,730,67,2,46,15,5,2,131,43
20260808,calm_narrate,274,12,1065,791,262,735,70,14,42,4,3,2,131,43
20260808,calm_narrate,275,13,1069,794,262,737,70,16,41,3,3,2,131,43
20260808,calm_narrate,276,14,1072,796,262,741,74,5,50,1,1,2,131,43
20260808,calm_narrate,277,15,1075,798,262,746,76,4,48,2,3,2,131,43
20260808,calm_narrate,278,19,1079,798,262,749,74,2,47,7,5,3,131,43
20260808,calm_narrate,279,18,1082,801,263,753,74,3,45,8,3,3,131,43
20260808,calm_narrate,280,16,1085,806,263,757,77,8,41,4,3,3,131,43
20260808,calm_narrate,281,14,1088,811,263,759,76,10,42,2,3,2,131,43
20260808,calm_narrate,282,16,1091,812,263,763,76,6,43,5,5,3,131,43
20260808,calm_narrate,283,18,1096,815,263,765,76,4,46,4,4,3,131,43
20260808,calm_narrate,284,18,1100,819,263,767,78,7,45,0,4,4,131,43
20260808,calm_narrate,285,23,1105,819,263,770,80,4,45,1,5,5,121,40
20260808,calm_narrate,286,25,1109,820,264,774,82,1,45,2,6,5,121,40
20260808,calm_narrate,287,26,1112,822,264,778,84,3,41,2,6,5,121,40
20260808,calm_narrate,288,30,1117,823,264,781,87,3,39,1,7,6,121,40
20260808,calm_narrate,289,32,1121,824,265,785,89,2,37,2,7,5,121,40
20260808,calm_narrate,290,35,1126,826,265,788,90,3,35,2,8,5,126,43
20260808,calm_narrate,291,38,1131,828,265,789,91,4,35,0,9,5,126,43
20260808,calm_narrate,292,41,1134,828,265,796,94,2,30,4,9,6,126,43
20260808,calm_narrate,293,44,1139,829,266,800,95,1,28,6,9,7,126,43
20260808,calm_narrate,294,43,1143,834,266,804,98,6,24,2,9,6,126,43
20260808,calm_narrate,295,45,1147,836,266,806,99,7,23,1,9,7,131,43
20260808,calm_narrate,296,47,1150,837,266,807,98,3,27,2,9,7,131,43
20260808,calm_narrate,297,50,1154,838,266,810,101,2,26,1,9,7,131,43
20260808,calm_narrate,298,52,1157,839,266,810,101,2,27,0,9,7,131,43
20260808,calm_narrate,299,57,1162,839,266,813,104,1,25,0,9,8,131,43
20260808,calm_narrate,300,57,1165,842,266,814,99,3,25,3,9,8,131,43
20260808,calm_narrate,301,56,1170,848,266,815,94,9,24,3,9,8,131,43
20260808,calm_narrate,302,57,1175,852,266,817,94,10,25,1,9,8,131,43
20260808,calm_narrate,303,60,1178,852,266,819,93,4,29,4,11,8,131,43
20260808,calm_narrate,304,64,1183,853,266,822,76,1,30,23,13,8,131,43
20260808,calm_narrate,305,62,1186,857,267,824,75,5,28,22,13,8,131,43
20260808,calm_narrate,306,49,1189,871,269,825,82,18,28,2,9,8,131,43
20260808,calm_narrate,307,47,1194,876,271,826,80,19,31,0,9,7,131,43
20260808,calm_narrate,308,44,1198,879,275,828,79,8,43,0,9,6,131,43
20260808,calm_narrate,309,42,1202,881,279,829,77,5,47,1,9,6,131,43
20260808,calm_narrate,310,42,1207,882,283,831,76,3,48,3,10,6,131,43
20260808,calm_narrate,311,40,1210,884,286,834,71,3,47,9,12,5,131,43
20260808,calm_narrate,312,38,1213,887,288,836,70,5,46,9,10,5,131,43
20260808,calm_narrate,313,33,1218,894,291,838,71,10,46,3,9,5,131,43
20260808,calm_narrate,314,32,1222,896,294,843,75,9,44,2,6,4,131,43
20260808,calm_narrate,315,33,1227,897,297,845,75,3,49,3,7,4,131,43
20260808,calm_narrate,316,34,1231,898,299,847,76,2,49,3,8,3,131,43
20260808,calm_narrate,317,34,1235,900,301,849,78,3,48,1,9,3,131,43
20260808,calm_narrate,318,35,1240,903,302,853,79,5,45,1,7,5,131,43
20260808,calm_narrate,319,33,1245,905,307,855,79,5,45,1,7,5,131,43
20260808,calm_narrate,320,35,1248,906,307,860,84,3,43,0,8,5,131,43
20260808,calm_narrate,321,40,1253,906,307,864,85,1,41,3,8,6,131,43
20260808,calm_narrate,322,43,1258,907,308,867,87,1,39,3,8,7,131,43
20260808,calm_narrate,323,44,1263,911,308,872,89,5,34,2,7,8,131,43
20260808,calm_narrate,324,47,1266,911,308,876,91,4,31,4,8,8,131,43
20260808,calm_narrate,325,47,1269,914,308,878,92,3,33,2,9,9,131,43
20260808,calm_narrate,326,50,1274,916,308,883,96,5,28,1,9,9,131,43
20260808,calm_narrate,327,55,1279,916,308,887,99,2,27,2,9,9,131,43
20260808,calm_narrate,328,57,1283,917,309,890,101,1,26,2,9,9,131,43
20260808,calm_narrate,329,57,1286,919,310,892,101,3,24,2,9,10,131,43
20260808,calm_narrate,330,56,1291,925,310,896,100,8,21,1,9,10,131,43
20260808,calm_narrate,331,59,1296,927,310,899,101,8,20,1,10,10,131,43
20260808,calm_narrate,332,63,1300,927,310,901,92,2,24,12,10,10,131,43
20260808,calm_narrate,333,67,1305,928,310,903,73,1,24,32,12,10,131,43
20260808,calm_narrate,334,58,1308,940,310,904,72,13,23,22,9,10,131,43
20260808,calm_narrate,335,55,1313,947,311,905,86,19,23,2,9,10,121,40
20260808,calm_narrate,336,51,1318,952,315,905,82,12,35,1,9,9,121,40
20260808,calm_narrate,337,48,1321,955,318,907,82,8,40,0,9,9,121,40
20260808,calm_narrate,338,43,1325,959,323,908,78,7,44,1,9,9,121,40
20260808,calm_narrate,339,42,1329,962,325,908,75,7,47,1,9,9,121,40
20260808,calm_narrate,340,39,1332,966,327,909,72,7,50,1,9,9,131,43
20260808,calm_narrate,341,37,1335,966,332,911,74,4,51,1,9,7,131,43
20260808,calm_narrate,342,34,1339,969,336,914,74,3,52,1,10,5,131,43
20260808,calm_narrate,343,35,1344,969,340,917,62,3,49,16,12,3,131,43
20260808,calm_narrate,344,36,1349,970,343,918,54,1,51,24,10,4,131,43
20260808,calm_narrate,345,21,1352,986,345,921,54,17,48,11,5,3,131,43
20260808,calm_narrate,346,16,1357,991,350,924,61,21,46,2,3,3,131,43
20260808,calm_narrate,347,12,1361,994,355,927,63,8,59,0,2,2,131,43
20260808,calm_narrate,348,8,1365,998,359,929,61,7,62,0,0,1,131,43
20260808,calm_narrate,349,8,1368,1000,360,932,62,6,62,0,0,1,131,43
20260808,calm_narrate,350,12,1373,1001,360,941,69,3,57,1,1,2,131,43
20260808,calm_narrate,351,15,1377,1002,360,943,60,2,57,11,1,2,131,43
20260808,calm_narrate,352,17,1381,1004,360,948,57,3,53,17,2,3,131,43
20260808,calm_narrate,353,10,1386,1015,361,950,53,13,52,12,1,2,131,43
20260808,calm_narrate,354,6,1391,1024,361,952,53,20,52,5,0,1,131,43
20260808,calm_narrate,355,4,1394,1029,361,959,60,14,56,0,0,1,131,43
20260808,calm_narrate,356,7,1399,1031,361,963,61,7,61,1,1,2,131,43
20260808,calm_narrate,357,10,1403,1031,362,968,58,2,61,9,3,2,131,43
20260808,calm_narrate,358,12,1407,1033,362,975,56,2,56,16,4,3,131,43
20260808,calm_narrate,359,9,1412,1041,362,976,54,10,55,11,1,2,131,43
20260808,calm_narrate,360,3,1415,1050,362,979,56,17,54,3,0,1,126,43
20260808,calm_narrate,361,6,1419,1051,362,983,61,10,58,1,1,2,126,43
20260808,calm_narrate,362,8,1422,1052,362,988,54,2,62,12,2,2,126,43
20260808,calm_narrate,363,10,1426,1054,362,989,53,3,62,12,1,3,126,43
20260808,calm_narrate,364,3,1431,1066,362,992,55,14,60,1,0,1,126,43
20260808,calm_narrate,365,7,1436,1067,362,997,60,13,57,0,0,1,131,43
20260808,calm_narrate,366,11,1441,1068,362,1002,63,2,64,1,1,2,131,43
20260808,calm_narrate,367,11,1444,1071,362,1007,60,4,60,6,2,2,131,43
20260808,calm_narrate,368,14,1449,1073,362,1009,61,5,59,5,3,3,131,43
20260808,calm_narrate,369,12,1452,1078,362,1013,64,7,58,1,3,3,131,43
20260808,calm_narrate,370,15,1456,1078,363,1020,68,5,53,4,4,3,131,43
20260808,calm_narrate,371,17,1461,1081,363,1027,72,3,51,4,5,5,131,43
20260808,calm_narrate,372,17,1464,1084,363,1030,75,6,48,1,4,3,131,43
20260808,calm_narrate,373,18,1467,1086,363,1033,76,5,48,1,3,3,131,43
20260808,calm_narrate,374,20,1470,1087,363,1040,81,3,44,2,4,3,131,43
20260808,calm_narrate,375,22,1474,1089,363,1044,83,3,42,2,5,3,131,43
20260808,calm_narrate,376,24,1478,1091,363,1045,82,4,42,2,5,4,131,43
20260808,calm_narrate,377,28,1483,1092,363,1046,82,3,43,2,7,4,131,43
20260808,calm_narrate,378,29,1487,1095,363,1050,81,4,41,4,7,6,131,43
20260808,calm_narrate,379,32,1491,1096,363,1055,85,4,37,4,8,7,131,43
20260808,calm_narrate,380,31,1494,1100,363,1060,88,5,35,2,7,7,115,42
20260808,calm_narrate,381,33,1497,1101,363,1066,93,5,30,2,8,7,115,42
20260808,calm_narrate,382,33,1500,1104,363,1069,93,4,31,2,8,7,115,42
20260808,calm_narrate,383,35,1505,1107,363,1070,91,6,31,2,9,7,115,42
20260808,calm_narrate,384,36,1510,1111,363,1075,91,7,29,3,8,7,115,42
20260808,calm_narrate,385,36,1513,1113,364,1077,91,6,30,3,9,7,131,43
20260808,calm_narrate,386,38,1518,1116,364,1078,89,5,33,3,9,6,131,43
20260808,calm_narrate,387,39,1521,1118,364,1079,89,5,34,2,9,6,131,43
20260808,calm_narrate,388,39,1524,1121,364,1081,90,5,35,0,8,6,131,43
20260808,calm_narrate,389,44,1529,1121,364,1083,92,3,35,0,9,7,131,43
20260808,calm_narrate,390,43,1534,1126,365,1085,88,5,36,1,9,7,121,40
20260808,calm_narrate,391,44,1539,1130,365,1087,85,9,34,2,9,7,121,40
20260808,calm_narrate,392,45,1542,1131,366,1088,86,5,38,1,9,7,121,40
20260808,calm_narrate,393,47,1546,1133,366,1091,86,3,39,2,10,7,121,40
20260808,calm_narrate,394,50,1550,1134,366,1095,75,3,36,16,11,7,121,40
20260808,calm_narrate,395,51,1553,1136,366,1098,72,3,35,20,13,7,131,43
20260808,calm_narrate,396,40,1556,1150,366,1100,74,16,34,6,10,7,131,43
20260808,calm_narrate,397,38,1560,1156,366,1103,77,20,33,0,9,7,131,43
20260808,calm_narrate,398,40,1565,1156,369,1105,78,6,45,1,9,7,131,43
20260808,calm_narrate,399,39,1568,1156,373,1105,77,0,51,2,8,7,131,43
20260808,calm_narrate,400,38,1571,1159,374,1111,80,3,45,2,9,6,131,43
20260808,calm_narrate,401,37,1574,1160,377,1113,81,4,43,2,7,6,131,43
20260808,calm_narrate,402,40,1579,1161,378,1115,82,2,44,2,7,6,131,43
20260808,calm_narrate,403,39,1583,1164,380,1117,80,4,43,3,7,5,131,43
20260808,calm_narrate,404,39,1588,1166,383,1119,80,5,42,3,7,5,131,43
20260808,calm_narrate,405,39,1592,1169,384,1119,75,5,45,5,6,5,131,43
20260808,calm_narrate,406,38,1595,1170,387,1121,76,4,45,5,7,5,131,43
20260808,calm_narrate,407,36,1598,1174,388,1125,79,5,44,2,8,5,131,43
20260808,calm_narrate,408,35,1601,1175,391,1128,80,5,42,3,8,5,131,43
20260808,calm_narrate,409,35,1606,1176,395,1134,86,2,40,2,7,8,131,43
20260808,calm_narrate,410,37,1609,1177,395,1135,87,2,40,1,7,8,131,43
20260808,calm_narrate,411,42,1614,1177,395,1140,90,1,36,3,7,8,131,43
20260808,calm_narrate,412,45,1619,1178,396,1145,95,1,32,2,8,7,131,43
20260808,calm_narrate,413,47,1623,1180,396,1150,99,3,27,1,8,7,131,43
20260808,calm_narrate,414,48,1626,1182,396,1152,98,4,26,2,8,9,131,43
20260808,calm_narrate,415,50,1629,1183,396,1153,97,3,27,3,8,9,131,43
20260808,calm_narrate,416,54,1634,1184,396,1154,98,2,28,2,8,9,131,43
20260808,calm_narrate,417,56,1638,1186,396,1156,99,3,27,1,8,9,131,43
20260808,calm_narrate,418,59,1642,1187,396,1161,103,3,23,1,9,10,131,43
20260808,calm_narrate,419,60,1645,1188,397,1162,104,2,24,0,9,9,131,43
20260808,calm_narrate,420,60,1648,1190,398,1166,105,3,21,1,9,9,131,43
20260808,calm_narrate,421,64,1652,1190,398,1166,104,2,22,2,10,9,131,43
20260808,calm_narrate,422,67,1657,1192,398,1167,91,2,23,14,12,9,131,43
20260808,calm_narrate,423,69,1660,1193,398,1170,67,3,20,40,12,9,131,43
20260808,calm_narrate,424,56,1663,1207,400,1176,69,15,16,30,9,8,131,43
20260808,calm_narrate,425,52,1666,1210,404,1176,93,17,17,3,9,8,131,43
20260808,calm_narrate,426,51,1670,1214,405,1176,92,7,31,0,9,8,131,43
20260808,calm_narrate,427,48,1675,1219,408,1179,90,9,31,0,8,8,131,43
20260808,calm_narrate,428,45,1678,1222,411,1181,87,8,33,2,8,8,131,43
20260808,calm_narrate,429,41,1683,1227,415,1182,83,8,37,2,8,7,131,43
20260808,calm_narrate,430,38,1688,1234,416,1184,79,12,38,1,8,7,131,43
20260808,calm_narrate,431,36,1692,1235,421,1184,78,8,43,1,7,7,131,43
20260808,calm_narrate,432,30,1695,1240,425,1184,74,6,50,0,5,6,131,43
20260808,calm_narrate,433,28,1700,1244,428,1185,71,9,50,0,5,5,131,43
20260808,calm_narrate,434,26,1704,1247,431,1187,70,7,53,0,4,5,131,43
20260808,calm_narrate,435,26,1707,1247,434,1190,73,3,54,0,4,3,131,43
20260808,calm_narrate,436,26,1712,1247,439,1193,73,0,54,3,3,4,131,43
20260808,calm_narrate,437,26,1716,1247,443,1196,59,0,51,20,2,5,131,43
20260808,calm_narrate,438,24,1721,1251,446,1201,56,4,46,24,6,4,131,43
20260808,calm_narrate,439,9,1726,1268,449,1203,55,21,44,10,0,1,131,43
20260808,calm_narrate,440,8,1730,1273,449,1205,59,22,46,3,0,1,131,43
20260808,calm_narrate,441,8,1734,1277,449,1208,61,9,60,0,0,1,131,43
20260808,calm_narrate,442,11,1738,1278,449,1213,65,5,60,0,0,1,131,43
20260808,calm_narrate,443,11,1742,1282,449,1216,64,5,61,0,0,1,131,43
20260808,calm_narrate,444,13,1745,1283,449,1220,66,5,58,1,1,2,131,43
20260808,calm_narrate,445,14,1748,1285,449,1223,62,3,59,6,1,2,121,40
20260808,calm_narrate,446,15,1751,1287,449,1227,63,4,56,7,2,2,121,40
20260808,calm_narrate,447,14,1755,1292,449,1230,65,7,55,3,1,2,121,40
20260808,calm_narrate,448,15,1758,1294,449,1233,65,7,54,4,2,3,121,40
20260808,calm_narrate,449,15,1763,1298,450,1238,65,6,54,5,3,2,121,40
20260808,calm_narrate,450,14,1766,1302,450,1242,68,8,52,2,2,2,131,43
20260808,calm_narrate,451,15,1769,1304,450,1247,72,6,51,1,1,2,131,43
20260808,calm_narrate,452,19,1774,1305,450,1253,68,3,49,10,3,2,131,43
20260808,calm_narrate,453,21,1778,1306,451,1254,67,2,50,11,3,3,131,43
20260808,calm_narrate,454,15,1782,1316,451,1257,68,11,48,3,2,2,131,43
20260808,calm_narrate,455,13,1785,1321,451,1264,71,15,42,2,1,3,131,43
20260808,calm_narrate,456,15,1789,1323,451,1268,73,7,48,2,2,3,131,43
20260808,calm_narrate,457,17,1794,1326,451,1272,73,5,49,3,3,3,131,43
20260808,calm_narrate,458,19,1799,1328,452,1273,73,5,50,2,3,5,131,43
20260808,calm_narrate,459,18,1802,1331,453,1275,74,5,51,0,3,5,131,43
20260808,calm_narrate,460,20,1807,1334,453,1281,73,6,47,4,5,5,131,43
20260808,calm_narrate,461,24,1812,1335,453,1285,74,4,46,6,6,5,131,43
20260808,calm_narrate,462,25,1817,1339,453,1288,75,5,46,4,6,6,131,43
20260808,calm_narrate,463,27,1822,1342,453,1292,78,7,43,2,8,6,131,43
20260808,calm_narrate,464,29,1827,1345,453,1298,81,6,41,2,6,7,131,43
20260808,calm_narrate,465,32,1832,1347,453,1299,79,5,43,3,7,7,131,43
20260808,calm_narrate,466,34,1837,1350,453,1304,83,5,41,1,7,6,131,43
20260808,calm_narrate,467,36,1841,1352,453,1306,83,5,41,1,7,6,131,43
20260808,calm_narrate,468,37,1846,1355,454,1310,82,5,40,3,8,6,131,43
20260808,calm_narrate,469,37,1850,1356,457,1314,83,4,38,5,7,6,131,43
20260808,calm_narrate,470,38,1853,1358,457,1317,84,3,38,5,8,7,131,43
20260808,calm_narrate,471,40,1858,1361,457,1322,88,5,34,3,9,7,131,43
20260808,calm_narrate,472,41,1862,1364,457,1328,92,6,30,2,9,7,131,43
20260808,calm_narrate,473,44,1867,1366,457,1329,92,5,32,1,9,7,131,43
20260808,calm_narrate,474,46,1871,1368,457,1331,92,4,33,1,9,8,131,43
20260808,calm_narrate,475,48,1875,1370,457,1333,92,4,33,1,9,9,131,43
20260808,calm_narrate,476,51,1879,1371,457,1337,96,3,31,0,9,10,131,43
20260808,calm_narrate,477,54,1882,1371,457,1340,98,1,30,1,9,10,131,43
20260808,calm_narrate,478,56,1885,1372,457,1340,97,1,31,1,9,10,131,43
20260808,calm_narrate,479,57,1890,1376,457,1341,95,5,30,0,9,10,131,43
20260808,calm_narrate,480,57,1893,1379,457,1344,92,7,28,3,9,10,131,43
20260808,calm_narrate,481,58,1897,1382,457,1346,91,6,30,3,9,10,131,43
20260808,calm_narrate,482,58,1902,1387,457,1351,93,8,28,1,10,9,131,43
20260808,calm_narrate,483,61,1907,1388,458,1353,82,6,29,13,12,9,131,43
20260808,calm_narrate,484,60,1911,1389,462,1356,79,2,31,18,13,9,131,43
20260808,calm_narrate,485,49,1915,1401,465,1356,79,13,32,6,10,8,131,43
20260808,calm_narrate,486,44,1919,1407,468,1358,79,18,31,2,9,7,131,43
20260808,calm_narrate,487,46,1924,1407,471,1361,80,6,40,4,10,7,131,43
20260808,calm_narrate,488,46,1927,1409,472,1364,81,2,43,4,11,6,131,43
20260808,calm_narrate,489,43,1931,1413,475,1367,79,6,40,5,13,5,131,43
20260808,calm_narrate,490,43,1935,1416,476,1369,79,7,40,4,13,5,126,43
20260808,calm_narrate,491,42,1939,1419,478,1372,78,6,41,5,12,5,126,43
20260808,calm_narrate,492,41,1942,1420,481,1375,79,4,41,6,11,4,126,43
20260808,calm_narrate,493,35,1946,1427,484,1376,75,8,43,4,9,3,126,43
20260808,calm_narrate,494,35,1951,1430,486,1376,74,10,44,2,10,4,126,43
20260808,calm_narrate,495,36,1955,1432,487,1377,75,5,50,0,10,5,131,43
20260808,calm_narrate,496,37,1960,1432,491,1380,75,2,50,3,8,6,131,43
20260808,calm_narrate,497,37,1963,1432,494,1382,76,0,50,4,8,6,131,43
20260808,calm_narrate,498,39,1968,1435,494,1384,76,3,48,3,9,7,131,43
20260808,calm_narrate,499,40,1972,1436,496,1384,76,4,48,2,9,8,131,43
20260808,calm_narrate,500,42,1977,1439,496,1391,81,4,44,1,9,8,131,43
20260808,calm_narrate,501,47,1982,1439,496,1395,83,3,41,3,9,8,131,43
20260808,calm_narrate,502,50,1986,1440,496,1397,82,1,42,5,8,8,131,43
20260808,calm_narrate,503,50,1990,1444,496,1402,84,5,37,4,8,8,131,43
20260808,calm_narrate,504,48,1993,1449,496,1406,86,9,34,1,9,7,131,43
20260808,calm_narrate,505,51,1997,1450,496,1412,92,6,32,0,9,8,131,43
20260808,calm_narrate,506,53,2000,1451,496,1418,96,2,31,1,9,8,131,43
20260808,calm_narrate,507,56,2004,1452,496,1420,97,2,30,1,9,9,131,43
20260808,calm_narrate,508,59,2008,1453,496,1422,96,2,29,3,9,10,131,43
20260808,calm_narrate,509,61,2011,1454,496,1423,96,2,29,3,9,10,131,43
20260808,calm_narrate,510,60,2015,1459,496,1424,93,6,29,2,9,9,131,43
20260808,calm_narrate,511,62,2018,1460,496,1426,94,6,28,2,9,9,131,43
20260808,calm_narrate,512,60,2021,1463,498,1430,92,4,29,5,10,9,131,43
20260808,calm_narrate,513,62,2025,1465,498,1435,83,5,25,17,10,8,131,43
20260808,calm_narrate,514,60,2028,1470,498,1437,69,7,26,28,11,8,131,43
20260808,calm_narrate,515,52,2032,1482,498,1438,65,17,27,21,8,8,131,43
20260808,calm_narrate,516,48,2036,1488,500,1440,77,18,30,5,8,8,131,43
20260808,calm_narrate,517,46,2041,1492,503,1442,79,10,40,1,8,7,131,43
20260808,calm_narrate,518,41,2045,1496,508,1445,77,8,43,2,8,7,131,43
20260808,calm_narrate,519,36,2048,1501,511,1447,75,9,45,1,7,6,131,43
20260808,calm_narrate,520,33,2051,1503,515,1448,75,7,48,0,7,6,101,38
20260808,calm_narrate,521,29,2055,1507,519,1450,72,6,51,1,7,5,101,38
20260808,calm_narrate,522,26,2058,1509,523,1451,71,6,52,1,6,5,101,38
20260808,calm_narrate,523,28,2062,1510,524,1452,67,3,55,5,8,4,101,38
20260808,calm_narrate,524,30,2066,1510,526,1452,54,1,57,18,8,4,101,38
20260808,calm_narrate,525,26,2071,1516,529,1454,52,6,56,16,6,4,126,43
20260808,calm_narrate,526,17,2074,1526,531,1456,57,16,54,3,2,2,126,43
20260808,calm_narrate,527,15,2078,1530,533,1457,57,14,59,0,1,2,126,43
20260808,calm_narrate,528,12,2081,1532,537,1459,57,6,67,0,0,1,126,43
20260808,calm_narrate,529,13,2086,1534,539,1464,59,4,66,1,1,2,126,43
20260808,calm_narrate,530,17,2090,1534,539,1470,62,2,62,4,2,3,131,43
20260808,calm_narrate,531,18,2093,1536,539,1472,61,2,62,5,2,3,131,43
20260808,calm_narrate,532,19,2097,1539,539,1480,67,5,54,4,1,4,131,43
20260808,calm_narrate,533,18,2100,1543,539,1484,68,7,52,3,2,3,131,43
20260808,calm_narrate,534,19,2103,1545,539,1489,70,6,50,4,3,3,131,43
20260808,calm_narrate,535,20,2107,1547,540,1496,73,4,47,6,3,3,131,43
20260808,calm_narrate,536,18,2111,1552,541,1505,77,7,40,6,4,2,131,43
20260808,calm_narrate,537,18,2114,1555,541,1508,79,8,39,4,3,3,131,43
20260808,calm_narrate,538,18,2117,1558,541,1511,78,6,41,5,4,3,131,43
20260808,calm_narrate,539,21,2121,1559,541,1514,76,4,41,9,7,3,131,43
20260808,calm_narrate,540,16,2125,1567,542,1516,72,9,42,7,5,2,131,43
20260808,calm_narrate,541,12,2130,1576,542,1519,70,17,40,3,3,2,131,43
20260808,calm_narrate,542,15,2135,1578,542,1521,62,11,46,11,1,5,131,43
20260808,calm_narrate,543,17,2139,1580,542,1526,65,4,50,11,1,6,131,43
20260808,calm_narrate,544,8,2144,1593,543,1529,65,15,49,1,0,1,131,43
20260808,calm_narrate,545,10,2148,1594,544,1529,65,14,51,0,0,1,131,43
20260808,calm_narrate,546,13,2151,1594,544,1533,68,1,60,1,1,2,131,43
20260808,calm_narrate,547,17,2155,1594,544,1540,68,0,54,8,2,2,131,43
20260808,calm_narrate,548,20,2159,1595,544,1540,66,1,54,9,3,3,131,43
20260808,calm_narrate,549,15,2163,1604,544,1543,67,10,51,2,2,2,131,43
20260808,calm_narrate,550,15,2166,1607,544,1547,68,12,48,2,3,2,126,43
20260808,calm_narrate,551,16,2169,1609,544,1551,69,5,53,3,3,3,126,43
20260808,calm_narrate,552,18,2173,1611,544,1552,69,4,55,2,4,3,126,43
20260808,calm_narrate,553,21,2177,1612,544,1554,71,3,55,1,6,4,126,43
20260808,calm_narrate,554,24,2182,1614,544,1557,71,3,54,2,6,3,126,43
20260808,calm_narrate,555,28,2186,1614,544,1560,72,2,52,4,7,4,131,43
20260808,calm_narrate,556,28,2189,1617,544,1564,72,3,50,5,7,3,131,43
20260808,calm_narrate,557,29,2192,1619,544,1571,77,5,43,5,7,5,131,43
20260808,calm_narrate,558,27,2195,1623,545,1576,80,6,41,3,6,5,131,43
20260808,calm_narrate,559,28,2200,1626,546,1580,82,7,39,2,6,5,131,43
20260808,calm_narrate,560,28,2205,1631,546,1588,84,8,35,3,7,7,131,43
20260808,calm_narrate,561,31,2209,1632,546,1593,88,6,33,3,7,7,131,43
20260808,calm_narrate,562,32,2214,1636,546,1596,88,5,35,2,6,7,131,43
20260808,calm_narrate,563,34,2217,1637,546,1597,89,5,35,1,6,7,131,43
20260808,calm_narrate,564,36,2220,1638,546,1600,92,2,36,0,7,7,131,43
20260808,calm_narrate,565,39,2223,1638,546,1604,95,1,33,1,7,7,131,43
20260808,calm_narrate,566,40,2226,1640,546,1607,96,2,31,1,7,7,131,43
20260808,calm_narrate,567,42,2230,1642,546,1607,93,4,31,2,7,8,131,43
20260808,calm_narrate,568,46,2235,1643,546,1608,92,3,32,3,8,9,131,43
20260808,calm_narrate,569,48,2239,1645,546,1611,92,3,31,4,8,10,131,43
20260808,calm_narrate,570,48,2243,1649,546,1615,93,6,28,3,8,10,121,43
20260808,calm_narrate,571,48,2247,1653,546,1618,95,8,27,0,8,9,121,43
20260808,calm_narrate,572,52,2251,1653,546,1622,96,4,27,3,10,9,121,43
20260808,calm_narrate,573,56,2255,1653,546,1625,83,0,28,19,12,9,121,43
20260808,calm_narrate,574,55,2259,1657,547,1625,81,4,28,17,12,9,121,43
20260808,calm_narrate,575,41,2262,1674,547,1626,80,21,27,2,8,8,131,43
20260808,calm_narrate,576,45,2267,1675,547,1629,82,18,28,2,8,8,131,43
20260808,calm_narrate,577,49,2272,1676,547,1630,81,2,44,3,10,8,131,43
20260808,calm_narrate,578,50,2275,1677,548,1632,81,2,43,4,10,8,131,43
20260808,calm_narrate,579,47,2278,1679,552,1634,82,3,42,3,12,7,131,43
20260808,calm_narrate,580,45,2281,1681,555,1636,82,4,41,3,11,7,131,43
20260808,calm_narrate,581,44,2286,1683,559,1638,80,4,41,5,11,6,131,43
20260808,calm_narrate,582,41,2289,1686,562,1639,80,5,42,3,10,6,131,43
20260808,calm_narrate,583,41,2294,1690,563,1643,83,7,40,0,10,6,131,43
20260808,calm_narrate,584,42,2298,1690,566,1643,82,4,43,1,9,6,131,43
20260808,calm_narrate,585,43,2303,1691,569,1646,83,1,44,2,8,6,131,43
20260808,calm_narrate,586,44,2308,1694,570,1648,83,4,42,1,9,6,131,43
20260808,calm_narrate,587,45,2311,1695,571,1651,83,4,40,3,8,7,131,43
20260808,calm_narrate,588,44,2314,1695,575,1656,86,1,38,5,7,8,131,43
20260808,calm_narrate,589,44,2317,1698,575,1661,91,3,34,2,7,10,131,43
20260808,calm_narrate,590,46,2321,1700,575,1665,95,5,30,0,7,10,131,43
20260808,calm_narrate,591,48,2324,1701,575,1668,97,3,30,0,7,10,131,43
20260808,calm_narrate,592,51,2328,1702,575,1672,99,2,28,1,7,10,131,43
20260808,calm_narrate,593,55,2332,1702,575,1674,101,1,27,1,7,10,131,43
20260808,calm_narrate,594,58,2336,1703,575,1677,104,1,25,0,8,11,131,43
20260808,calm_narrate,595,60,2339,1704,575,1679,103,2,23,2,8,12,131,43
20260808,calm_narrate,596,65,2344,1704,575,1682,103,1,21,5,9,13,131,43
20260808,calm_narrate,597,65,2347,1707,575,1683,102,3,21,4,9,13,131,43
20260808,calm_narrate,598,64,2350,1710,576,1686,105,6,18,1,8,13,131,43
20260808,calm_narrate,599,65,2355,1714,576,1687,101,7,20,2,8,13,131,43
20260808,calm_narrate,600,65,2358,1717,576,1689,99,7,21,3,8,13,121,40
