seed,combo,t,queue,generated,matched,cancelled,completed,idle,enroute,ontrip,rebal,alertCells,maxPendingCell,trafficCells15,trafficCells25
20260808,healthy_std,1,5,6,1,0,0,144,1,0,5,4,2,131,43
20260808,healthy_std,2,11,14,3,0,0,126,3,0,21,7,3,131,43
20260808,healthy_std,3,9,19,10,0,0,124,9,1,16,6,2,131,43
20260808,healthy_std,4,0,27,27,0,0,123,24,3,0,0,0,131,43
20260808,healthy_std,5,0,32,32,0,0,118,22,10,0,0,0,131,43
20260808,healthy_std,6,5,38,33,0,0,114,6,27,3,3,2,131,43
20260808,healthy_std,7,9,43,34,0,0,109,2,32,7,7,2,131,43
20260808,healthy_std,8,12,51,39,0,0,107,6,33,4,7,3,131,43
20260808,healthy_std,9,13,56,43,0,0,107,9,34,0,6,4,131,43
20260808,healthy_std,10,18,61,43,0,0,107,4,39,0,7,4,131,43
20260808,healthy_std,11,25,69,44,0,0,105,1,43,1,10,5,131,43
20260808,healthy_std,12,29,75,46,0,0,96,3,43,8,10,6,131,43
20260808,healthy_std,13,33,82,49,0,0,92,5,44,9,10,8,131,43
20260808,healthy_std,14,41,90,49,0,2,89,3,44,14,12,10,131,43
20260808,healthy_std,15,46,98,52,0,7,83,3,42,22,11,10,131,43
20260808,healthy_std,16,49,103,54,0,9,92,5,40,13,12,12,131,43
20260808,healthy_std,17,52,108,56,0,10,92,4,42,12,11,13,131,43
20260808,healthy_std,18,56,115,59,0,14,95,5,40,10,10,14,131,43
20260808,healthy_std,19,59,120,61,0,20,108,5,36,1,10,13,131,43
20260808,healthy_std,20,59,126,62,5,24,110,3,35,2,10,13,121,40
20260808,healthy_std,21,58,131,63,10,30,110,2,31,7,11,13,121,40
20260808,healthy_std,22,58,138,66,14,32,107,4,30,9,10,10,121,40
20260808,healthy_std,23,56,143,70,17,35,110,7,28,5,9,12,121,40
20260808,healthy_std,24,56,149,73,20,36,112,7,30,1,9,12,121,40
20260808,healthy_std,25,58,156,74,24,42,115,4,28,3,10,12,126,43
20260808,healthy_std,26,60,163,74,29,44,109,1,29,11,11,12,126,43
20260808,healthy_std,27,59,169,77,33,46,102,3,28,17,10,10,126,43
20260808,healthy_std,28,62,175,80,33,47,102,6,27,15,10,12,126,43
20260808,healthy_std,29,62,181,82,37,49,103,5,28,14,11,13,126,43
20260808,healthy_std,30,61,186,83,42,50,100,3,30,17,16,13,131,43
20260808,healthy_std,31,61,193,86,46,51,100,4,31,15,15,13,131,43
20260808,healthy_std,32,59,200,90,51,52,100,7,31,12,16,13,131,43
20260808,healthy_std,33,56,207,97,54,53,98,11,33,8,19,13,131,43
20260808,healthy_std,34,50,212,103,59,59,91,13,31,15,21,10,131,43
20260808,healthy_std,35,50,218,105,63,61,73,8,36,33,22,9,131,43
20260808,healthy_std,36,48,224,109,67,64,84,6,39,21,19,8,131,43
20260808,healthy_std,37,50,232,109,73,66,103,4,39,4,18,5,131,43
20260808,healthy_std,38,51,239,109,79,67,104,0,42,4,19,5,131,43
20260808,healthy_std,39,50,247,112,85,69,94,3,40,13,20,5,131,43
20260808,healthy_std,40,51,255,114,90,70,79,5,39,27,18,6,131,43
20260808,healthy_std,41,52,261,116,93,72,91,4,40,15,16,7,131,43
20260808,healthy_std,42,54,267,119,94,74,100,5,40,5,15,8,131,43
20260808,healthy_std,43,56,272,122,94,79,99,6,37,8,16,8,131,43
20260808,healthy_std,44,60,277,123,94,81,97,4,38,11,15,9,131,43
20260808,healthy_std,45,63,284,126,95,86,100,4,36,10,15,9,131,43
20260808,healthy_std,46,64,292,132,96,90,101,9,33,7,13,10,131,43
20260808,healthy_std,47,64,299,133,102,91,101,7,35,7,14,9,131,43
20260808,healthy_std,48,62,305,137,106,93,93,5,39,13,14,10,131,43
20260808,healthy_std,49,59,312,139,114,99,92,6,34,18,15,8,131,43
20260808,healthy_std,50,60,320,141,119,101,100,4,36,10,14,10,126,43
20260808,healthy_std,51,59,327,145,123,104,105,6,35,4,12,10,126,43
20260808,healthy_std,52,57,332,146,129,107,107,5,34,4,14,10,126,43
20260808,healthy_std,53,56,338,148,134,109,99,3,36,12,14,10,126,43
20260808,healthy_std,54,57,346,150,139,112,88,4,34,24,14,10,126,43
20260808,healthy_std,55,60,354,154,140,112,83,6,36,25,12,10,131,43
20260808,healthy_std,56,59,360,159,142,115,95,9,35,11,11,9,131,43
20260808,healthy_std,57,58,367,167,142,118,98,13,36,3,11,10,131,43
20260808,healthy_std,58,59,372,168,145,121,99,9,38,4,11,10,131,43
20260808,healthy_std,59,60,380,171,149,123,98,4,44,4,12,10,131,43
20260808,healthy_std,60,56,387,180,151,126,93,12,42,3,11,10,131,43
20260808,healthy_std,61,52,394,188,154,129,87,17,42,4,11,10,131,43
20260808,healthy_std,62,51,399,188,160,131,77,8,49,16,15,8,131,43
20260808,healthy_std,63,49,406,192,165,132,72,4,56,18,18,6,131,43
20260808,healthy_std,64,42,412,205,165,135,72,17,53,8,15,6,131,43
20260808,healthy_std,65,39,417,209,169,138,65,17,54,14,15,6,131,43
20260808,healthy_std,66,35,423,213,175,142,65,8,63,14,14,5,131,43
20260808,healthy_std,67,34,431,217,180,146,70,8,63,9,17,4,131,43
20260808,healthy_std,68,32,437,220,185,148,71,7,65,7,16,4,131,43
20260808,healthy_std,69,28,444,225,191,154,72,8,63,7,17,4,131,43
20260808,healthy_std,70,30,452,227,195,155,70,7,65,8,16,4,131,43
20260808,healthy_std,71,25,457,233,199,156,60,8,69,13,12,4,131,43
20260808,healthy_std,72,30,465,236,199,159,53,9,68,20,12,4,131,43
20260808,healthy_std,73,34,471,238,199,161,63,5,72,10,11,6,131,43
20260808,healthy_std,74,37,476,240,199,161,69,4,75,2,11,8,131,43
20260808,healthy_std,75,40,481,242,199,166,69,4,72,5,12,9,131,43
20260808,healthy_std,76,44,486,243,199,176,76,3,64,7,11,10,131,43
20260808,healthy_std,77,49,494,246,199,181,76,4,61,9,13,9,131,43
20260808,healthy_std,78,52,501,250,199,186,70,7,57,16,14,9,131,43
20260808,healthy_std,79,51,507,257,199,188,70,11,58,11,10,12,131,43
20260808,healthy_std,80,53,514,262,199,192,77,12,58,3,9,12,131,43
20260808,healthy_std,81,56,521,263,202,196,80,6,61,3,9,14,131,43
20260808,healthy_std,82,57,529,266,206,203,86,4,59,1,9,12,131,43
20260808,healthy_std,83,58,534,268,208,207,88,5,56,1,9,12,131,43
20260808,healthy_std,84,58,540,268,214,211,89,2,55,4,9,12,131,43
20260808,healthy_std,85,56,546,273,217,221,90,5,47,8,10,12,131,43
20260808,healthy_std,86,57,551,276,218,225,89,8,43,10,12,12,131,43
20260808,healthy_std,87,59,559,282,218,228,80,9,45,16,14,11,131,43
20260808,healthy_std,88,60,567,287,220,232,68,11,44,27,12,11,131,43
20260808,healthy_std,89,61,575,290,224,233,71,8,49,22,9,12,131,43
20260808,healthy_std,90,65,583,292,226,239,74,5,48,23,14,11,131,43
20260808,healthy_std,91,68,591,295,228,242,75,5,48,22,16,8,131,43
20260808,healthy_std,92,56,596,312,228,245,68,20,47,15,16,8,131,43
20260808,healthy_std,93,54,602,320,228,250,62,25,45,18,16,8,131,43
20260808,healthy_std,94,55,607,320,232,255,74,8,57,11,17,7,131,43
20260808,healthy_std,95,57,614,325,232,258,78,5,62,5,18,5,131,43
20260808,healthy_std,96,55,622,330,237,259,76,10,61,3,18,5,131,43
20260808,healthy_std,97,60,630,333,237,261,74,8,64,4,19,7,131,43
20260808,healthy_std,98,62,638,336,240,261,69,6,69,6,20,7,131,43
20260808,healthy_std,99,62,644,339,243,266,69,6,67,8,19,8,131,43
20260808,healthy_std,100,59,650,341,250,267,70,5,69,6,17,8,121,40
20260808,healthy_std,101,54,656,344,258,273,75,5,66,4,11,9,121,40
20260808,healthy_std,102,60,663,345,258,276,76,4,65,5,11,10,121,40
20260808,healthy_std,103,63,668,347,258,282,80,3,62,5,12,11,121,40
20260808,healthy_std,104,67,674,349,258,286,80,4,59,7,13,10,121,40
20260808,healthy_std,105,68,680,353,259,289,80,6,58,6,13,10,131,43
20260808,healthy_std,106,72,688,353,263,292,86,4,57,3,13,11,131,43
20260808,healthy_std,107,70,696,357,269,299,89,4,54,3,12,14,131,43
20260808,healthy_std,108,71,704,358,275,306,95,5,47,3,11,14,131,43
20260808,healthy_std,109,67,709,361,281,309,92,4,48,6,11,12,131,43
20260808,healthy_std,110,68,717,363,286,314,95,5,44,6,10,13,131,43
20260808,healthy_std,111,68,723,363,292,321,106,2,40,2,10,11,131,43
20260808,healthy_std,112,68,729,366,295,327,110,3,36,1,9,11,131,43
20260808,healthy_std,113,68,734,367,299,331,112,4,32,2,9,11,131,43
20260808,healthy_std,114,66,739,367,306,334,113,1,32,4,9,11,131,43
20260808,healthy_std,115,70,747,369,308,335,112,2,32,4,11,10,131,43
20260808,healthy_std,116,69,752,372,311,339,103,5,28,14,12,10,131,43
20260808,healthy_std,117,70,759,374,315,343,103,5,26,16,12,10,131,43
20260808,healthy_std,118,68,767,378,321,346,105,6,26,13,12,10,131,43
20260808,healthy_std,119,67,772,379,326,348,100,5,26,19,13,11,131,43
20260808,healthy_std,120,59,780,389,332,349,95,11,29,15,12,9,131,43
20260808,healthy_std,121,61,787,391,335,351,98,12,28,12,16,9,131,43
20260808,healthy_std,122,59,794,395,340,355,99,6,34,11,16,8,131,43
20260808,healthy_std,123,53,800,401,346,358,99,10,33,8,17,7,131,43
20260808,healthy_std,124,50,807,405,352,359,92,10,36,12,19,6,131,43
20260808,healthy_std,125,48,815,410,357,362,89,9,39,13,21,5,121,40
20260808,healthy_std,126,44,822,419,359,364,81,14,41,14,22,4,121,40
20260808,healthy_std,127,41,827,422,364,365,71,12,45,22,19,4,121,40
20260808,healthy_std,128,42,835,426,367,365,75,7,54,14,19,5,121,40
20260808,healthy_std,129,39,842,432,371,367,72,10,55,13,17,6,121,40
20260808,healthy_std,130,41,850,433,376,372,73,7,54,16,16,8,131,43
20260808,healthy_std,131,30,855,445,380,375,68,13,57,12,11,5,131,43
20260808,healthy_std,132,32,860,448,380,378,71,15,55,9,9,5,131,43
20260808,healthy_std,133,37,866,449,380,379,76,4,66,4,11,6,131,43
20260808,healthy_std,134,43,873,450,380,383,76,2,65,7,12,7,131,43
20260808,healthy_std,135,46,879,453,380,387,80,4,62,4,10,8,131,43
20260808,healthy_std,136,50,884,454,380,388,82,4,62,2,11,8,131,43
20260808,healthy_std,137,57,891,454,380,391,84,1,62,3,11,8,131,43
20260808,healthy_std,138,60,896,456,380,394,87,2,60,1,11,8,131,43
20260808,healthy_std,139,67,904,457,380,399,91,3,55,1,11,10,131,43
20260808,healthy_std,140,66,911,460,385,408,97,4,48,1,10,10,131,43
20260808,healthy_std,141,66,918,463,389,411,95,6,46,3,12,10,131,43
20260808,healthy_std,142,63,923,464,396,417,80,4,43,23,13,11,131,43
20260808,healthy_std,143,64,931,468,399,425,82,5,38,25,11,10,131,43
20260808,healthy_std,144,66,939,473,400,428,90,9,36,15,10,11,131,43
20260808,healthy_std,145,67,945,476,402,432,94,8,36,12,11,11,131,43
20260808,healthy_std,146,60,952,488,404,436,87,15,37,11,10,11,131,43
20260808,healthy_std,147,62,958,491,405,439,88,15,37,10,9,12,131,43
20260808,healthy_std,148,65,964,492,407,442,98,4,46,2,9,12,131,43
20260808,healthy_std,149,65,970,492,413,444,99,1,47,3,11,12,131,43
20260808,healthy_std,150,64,975,494,417,446,84,2,46,18,15,12,131,43
20260808,healthy_std,151,59,980,496,425,448,81,4,44,21,16,9,131,43
20260808,healthy_std,152,55,985,500,430,451,81,6,43,20,17,8,131,43
20260808,healthy_std,153,53,993,507,433,453,79,11,43,17,16,7,131,43
20260808,healthy_std,154,46,999,517,436,457,79,17,43,11,15,7,131,43
20260808,healthy_std,155,45,1005,519,441,458,73,12,49,16,18,6,126,43
20260808,healthy_std,156,36,1013,529,448,462,74,12,55,9,16,5,126,43
20260808,healthy_std,157,34,1018,533,451,466,80,14,53,3,16,5,126,43
20260808,healthy_std,158,34,1024,534,456,467,77,5,62,6,18,6,126,43
20260808,healthy_std,159,32,1030,536,462,469,67,3,64,16,15,7,126,43
20260808,healthy_std,160,28,1035,541,466,473,69,7,61,13,13,6,131,43
20260808,healthy_std,161,29,1042,543,470,476,70,7,60,13,11,6,131,43
20260808,healthy_std,162,35,1050,545,470,477,62,4,64,20,12,6,131,43
20260808,healthy_std,163,29,1055,556,470,482,64,13,61,12,11,5,131,43
20260808,healthy_std,164,32,1060,558,470,488,75,13,57,5,11,6,131,43
20260808,healthy_std,165,35,1066,561,470,493,78,5,63,4,11,6,131,43
20260808,healthy_std,166,40,1074,564,470,496,79,6,62,3,10,8,131,43
20260808,healthy_std,167,44,1079,565,470,500,81,4,61,4,11,8,131,43
20260808,healthy_std,168,48,1084,566,470,504,81,2,60,7,12,9,131,43
20260808,healthy_std,169,53,1092,569,470,510,81,4,55,10,14,8,131,43
20260808,healthy_std,170,56,1099,573,470,515,76,7,51,16,11,10,131,43
20260808,healthy_std,171,60,1107,577,470,522,82,8,47,13,9,10,131,43
20260808,healthy_std,172,65,1115,577,473,526,96,4,47,3,9,11,131,43
20260808,healthy_std,173,68,1123,578,477,528,97,1,49,3,10,11,131,43
20260808,healthy_std,174,69,1131,579,483,535,97,2,42,9,10,12,131,43
20260808,healthy_std,175,68,1137,583,486,539,98,5,39,8,9,13,131,43
20260808,healthy_std,176,73,1145,586,486,539,97,7,40,6,11,14,131,43
20260808,healthy_std,177,72,1150,589,489,539,91,6,44,9,11,13,131,43
20260808,healthy_std,178,69,1157,594,494,546,95,8,40,7,10,14,131,43
20260808,healthy_std,179,71,1165,597,497,553,100,8,36,6,10,15,131,43
20260808,healthy_std,180,72,1172,600,500,556,94,6,38,12,14,14,121,40
20260808,healthy_std,181,72,1177,600,505,560,97,3,37,13,16,12,121,40
20260808,healthy_std,182,65,1183,608,510,562,96,8,38,8,16,11,121,40
20260808,healthy_std,183,62,1191,612,517,564,96,12,36,6,18,11,121,40
20260808,healthy_std,184,57,1196,616,523,569,90,8,39,13,18,9,121,40
20260808,healthy_std,185,54,1204,621,529,570,87,9,42,12,18,7,131,43
20260808,healthy_std,186,52,1211,626,533,572,88,10,44,8,19,6,131,43
20260808,healthy_std,187,52,1219,629,538,573,87,8,48,7,18,6,131,43
20260808,healthy_std,188,51,1226,632,543,574,89,6,52,3,17,6,131,43
20260808,healthy_std,189,53,1232,632,547,576,79,3,53,15,17,6,131,43
20260808,healthy_std,190,51,1239,636,552,579,70,4,53,23,14,7,131,43
20260808,healthy_std,191,50,1245,638,557,583,83,6,49,12,11,8,131,43
20260808,healthy_std,192,52,1250,641,557,584,89,5,52,4,12,9,131,43
20260808,healthy_std,193,60,1258,641,557,585,84,3,53,10,12,13,131,43
20260808,healthy_std,194,63,1266,646,557,592,85,5,49,11,11,14,131,43
20260808,healthy_std,195,65,1273,646,562,596,93,5,45,7,12,15,131,43
20260808,healthy_std,196,67,1280,648,565,603,93,2,43,12,12,17,131,43
20260808,healthy_std,197,66,1286,653,567,605,88,7,41,14,11,17,131,43
20260808,healthy_std,198,66,1294,656,572,609,90,8,39,13,10,16,131,43
20260808,healthy_std,199,64,1302,659,579,614,87,6,39,18,11,15,131,43
20260808,healthy_std,200,64,1309,666,579,615,81,10,41,18,11,14,131,43
20260808,healthy_std,201,66,1315,668,581,618,91,9,41,9,12,15,131,43
20260808,healthy_std,202,66,1322,671,585,621,92,5,45,8,11,15,131,43
20260808,healthy_std,203,65,1328,674,589,629,96,6,39,9,12,14,131,43
20260808,healthy_std,204,67,1333,675,591,634,94,4,37,15,12,13,131,43
20260808,healthy_std,205,64,1340,678,598,636,86,4,38,22,12,10,131,43
20260808,healthy_std,206,65,1348,682,601,638,95,7,37,11,13,10,131,43
20260808,healthy_std,207,62,1353,685,606,638,92,7,40,11,13,10,131,43
20260808,healthy_std,208,61,1360,687,612,640,90,5,42,13,12,10,131,43
20260808,healthy_std,209,61,1367,689,617,642,99,4,43,4,12,10,131,43
20260808,healthy_std,210,55,1373,696,622,650,101,9,37,3,12,9,131,43
20260808,healthy_std,211,57,1381,697,627,653,95,8,36,11,16,9,131,43
20260808,healthy_std,212,57,1389,700,632,656,95,4,40,11,20,7,131,43
20260808,healthy_std,213,50,1394,709,635,656,92,12,41,5,18,7,131,43
20260808,healthy_std,214,47,1399,712,640,659,93,12,41,4,17,6,131,43
20260808,healthy_std,215,48,1404,712,644,660,93,3,49,5,19,6,131,43
20260808,healthy_std,216,50,1412,714,648,664,92,2,48,8,19,6,131,43
20260808,healthy_std,217,49,1419,719,651,666,87,7,46,10,16,7,131,43
20260808,healthy_std,218,46,1424,722,656,669,89,8,45,8,17,7,131,43
20260808,healthy_std,219,49,1430,722,659,673,97,3,46,4,17,7,131,43
20260808,healthy_std,220,48,1438,725,665,677,96,3,45,6,15,7,131,43
20260808,healthy_std,221,47,1444,727,670,680,94,5,42,9,12,9,131,43
20260808,healthy_std,222,49,1449,730,670,681,84,5,44,17,12,9,131,43
20260808,healthy_std,223,54,1456,732,670,684,75,5,43,27,12,10,131,43
20260808,healthy_std,224,59,1462,733,670,691,87,3,39,21,11,11,131,43
20260808,healthy_std,225,62,1470,738,670,693,97,6,39,8,11,11,131,43
20260808,healthy_std,226,68,1478,740,670,697,97,7,36,10,12,12,131,43
20260808,healthy_std,227,69,1483,741,673,701,94,3,37,16,12,12,131,43
20260808,healthy_std,228,66,1491,746,679,702,86,6,38,20,11,12,131,43
20260808,healthy_std,229,63,1497,748,686,704,79,7,37,27,11,13,131,43
20260808,healthy_std,230,67,1505,749,689,707,87,3,39,21,12,14,131,43
20260808,healthy_std,231,67,1512,750,695,711,99,2,37,12,11,12,131,43
20260808,healthy_std,232,64,1517,752,701,714,103,3,35,9,9,9,131,43
20260808,healthy_std,233,64,1523,753,706,716,108,3,34,5,11,8,131,43
20260808,healthy_std,234,67,1530,756,707,720,111,4,32,3,12,9,131,43
20260808,healthy_std,235,66,1537,760,711,723,112,7,30,1,11,9,111,40
20260808,healthy_std,236,65,1542,760,717,727,117,4,29,0,11,11,111,40
20260808,healthy_std,237,65,1549,760,724,727,116,0,33,1,12,12,111,40
20260808,healthy_std,238,65,1555,760,730,727,105,0,33,12,12,12,111,40
20260808,healthy_std,239,65,1560,761,734,731,104,1,29,16,12,11,111,40
20260808,healthy_std,240,61,1565,766,738,732,109,6,28,7,13,11,131,43
20260808,healthy_std,241,62,1571,768,741,736,102,7,25,16,16,10,131,43
20260808,healthy_std,242,59,1577,771,747,738,81,5,28,36,19,9,131,43
20260808,healthy_std,243,47,1584,783,754,740,78,15,28,29,15,8,131,43
20260808,healthy_std,244,38,1592,797,757,742,75,26,29,20,12,8,131,43
20260808,healthy_std,245,32,1600,807,761,744,67,24,39,20,9,7,131,43
20260808,healthy_std,246,31,1606,808,767,746,74,11,51,14,13,6,131,43
20260808,healthy_std,247,32,1613,809,772,748,81,2,59,8,17,3,131,43
20260808,healthy_std,248,27,1618,817,774,752,84,9,56,1,15,3,131,43
20260808,healthy_std,249,27,1625,818,780,754,85,9,55,1,14,4,131,43
20260808,healthy_std,250,28,1633,819,786,755,79,2,62,7,14,5,131,43
20260808,healthy_std,251,28,1639,821,790,756,75,3,62,10,11,5,131,43
20260808,healthy_std,252,30,1644,824,790,758,63,5,61,21,12,6,131,43
20260808,healthy_std,253,32,1652,830,790,760,58,9,61,22,11,6,131,43
20260808,healthy_std,254,34,1658,834,790,763,60,10,61,19,11,6,131,43
20260808,healthy_std,255,40,1666,836,790,766,58,6,64,22,12,6,122,43
20260808,healthy_std,256,34,1674,850,790,766,56,16,68,10,14,5,122,43
20260808,healthy_std,257,34,1681,857,790,770,57,21,66,6,14,5,122,43
20260808,healthy_std,258,37,1687,860,790,777,59,10,73,8,13,6,122,43
20260808,healthy_std,259,40,1693,863,790,782,53,6,75,16,13,8,122,43
20260808,healthy_std,260,44,1701,867,790,785,53,7,75,15,11,11,131,43
20260808,healthy_std,261,48,1708,870,790,794,58,7,69,16,14,10,131,43
20260808,healthy_std,262,51,1713,872,790,799,53,5,68,24,14,10,131,43
20260808,healthy_std,263,42,1720,888,790,809,57,18,61,14,10,7,131,43
20260808,healthy_std,264,47,1728,891,790,814,65,19,58,8,11,7,131,43
20260808,healthy_std,265,49,1734,895,790,817,67,7,71,5,11,10,131,43
20260808,healthy_std,266,49,1739,900,790,822,70,9,69,2,9,9,131,43
20260808,healthy_std,267,56,1746,900,790,825,69,5,70,6,11,9,131,43
20260808,healthy_std,268,59,1753,904,790,829,58,4,71,17,11,9,131,43
20260808,healthy_std,269,62,1761,909,790,834,59,9,66,16,11,10,131,43
20260808,healthy_std,270,61,1769,917,791,842,67,13,62,8,13,10,131,43
20260808,healthy_std,271,64,1775,918,793,847,58,9,62,21,17,10,131,43
20260808,healthy_std,272,58,1780,923,799,849,50,6,68,26,18,9,131,43
20260808,healthy_std,273,49,1786,934,803,851,53,16,67,14,14,8,131,43
20260808,healthy_std,274,49,1793,937,807,858,61,14,65,10,16,6,131,43
20260808,healthy_std,275,51,1801,938,812,861,64,4,73,9,17,5,131,43
20260808,healthy_std,276,44,1807,945,818,866,63,8,71,8,18,5,131,43
20260808,healthy_std,277,43,1812,947,822,870,60,9,68,13,18,6,131,43
20260808,healthy_std,278,41,1820,952,827,875,63,7,70,10,18,7,131,43
20260808,healthy_std,279,44,1828,954,830,876,62,7,71,10,18,8,131,43
20260808,healthy_std,280,46,1836,957,833,888,66,5,64,15,17,8,131,43
20260808,healthy_std,281,43,1841,960,838,893,60,6,61,23,12,8,131,43
20260808,healthy_std,282,48,1849,963,838,902,66,6,55,23,12,9,131,43
20260808,healthy_std,283,51,1856,967,838,908,82,7,52,9,9,10,131,43
20260808,healthy_std,284,55,1861,968,838,911,89,5,52,4,10,10,131,43
20260808,healthy_std,285,59,1868,971,838,917,83,4,50,13,10,11,121,40
20260808,healthy_std,286,65,1875,972,838,919,85,4,49,12,11,11,121,40
20260808,healthy_std,287,63,1880,978,839,923,84,7,48,11,11,11,121,40
20260808,healthy_std,288,66,1888,979,843,930,86,7,42,15,11,12,121,40
20260808,healthy_std,289,70,1896,980,846,933,87,2,45,16,10,12,121,40
20260808,healthy_std,290,67,1901,985,849,938,87,6,41,16,9,11,126,43
20260808,healthy_std,291,63,1906,988,855,940,97,8,40,5,9,11,126,43
20260808,healthy_std,292,61,1911,989,861,944,104,4,41,1,9,12,126,43
20260808,healthy_std,293,66,1919,989,864,950,108,1,38,3,9,14,126,43
20260808,healthy_std,294,66,1927,992,869,954,109,3,35,3,10,11,126,43
20260808,healthy_std,295,68,1935,994,873,958,112,5,31,2,10,12,131,43
20260808,healthy_std,296,71,1942,995,876,958,111,3,34,2,10,11,131,43
20260808,healthy_std,297,71,1949,997,881,963,112,3,31,4,10,10,131,43
20260808,healthy_std,298,73,1957,998,886,963,110,3,32,5,10,12,131,43
20260808,healthy_std,299,75,1964,1003,886,964,109,6,33,2,10,11,131,43
20260808,healthy_std,300,68,1970,1011,891,969,106,13,29,2,10,10,131,43
20260808,healthy_std,301,66,1977,1012,899,975,105,9,28,8,14,9,131,43
20260808,healthy_std,302,66,1983,1015,902,976,89,4,35,22,18,9,131,43
20260808,healthy_std,303,60,1991,1026,905,978,79,14,34,23,16,8,131,43
20260808,healthy_std,304,49,1998,1040,909,979,80,25,36,9,11,7,131,43
20260808,healthy_std,305,46,2005,1043,916,980,70,17,46,17,16,7,131,43
20260808,healthy_std,306,43,2011,1047,921,981,67,7,59,17,16,7,131,43
20260808,healthy_std,307,39,2016,1054,923,986,69,11,57,13,19,5,131,43
20260808,healthy_std,308,36,2022,1056,930,986,66,9,61,14,19,5,131,43
20260808,healthy_std,309,34,2028,1059,935,991,76,5,63,6,20,6,131,43
20260808,healthy_std,310,29,2034,1063,942,991,72,7,65,6,15,5,131,43
20260808,healthy_std,311,28,2040,1066,946,995,75,7,64,4,11,5,131,43
20260808,healthy_std,312,30,2045,1068,947,998,77,5,65,3,11,6,131,43
20260808,healthy_std,313,35,2052,1070,947,1000,76,4,66,4,10,6,131,43
20260808,healthy_std,314,38,2058,1073,947,1005,77,5,63,5,11,6,131,43
20260808,healthy_std,315,43,2063,1073,947,1008,75,3,62,10,11,7,131,43
20260808,healthy_std,316,45,2068,1076,947,1014,80,3,59,8,9,8,131,43
20260808,healthy_std,317,49,2073,1077,947,1019,90,4,54,2,10,8,131,43
20260808,healthy_std,318,51,2078,1080,947,1024,88,4,52,6,10,8,131,43
20260808,healthy_std,319,55,2085,1083,947,1026,86,6,51,7,9,8,131,43
20260808,healthy_std,320,62,2093,1083,948,1030,93,3,50,4,10,10,131,43
20260808,healthy_std,321,62,2099,1086,951,1035,92,3,48,7,12,10,131,43
20260808,healthy_std,322,60,2104,1089,955,1038,92,6,45,7,12,10,131,43
20260808,healthy_std,323,58,2111,1093,960,1042,85,7,44,14,10,10,131,43
20260808,healthy_std,324,57,2116,1094,965,1052,89,5,37,19,11,9,131,43
20260808,healthy_std,325,58,2123,1094,971,1056,98,1,37,14,12,9,131,43
20260808,healthy_std,326,57,2128,1099,972,1059,100,5,35,10,13,8,131,43
20260808,healthy_std,327,56,2134,1105,973,1064,102,11,30,7,12,9,131,43
20260808,healthy_std,328,56,2140,1107,977,1068,105,8,31,6,11,9,131,43
20260808,healthy_std,329,57,2145,1110,978,1070,106,5,35,4,11,10,131,43
20260808,healthy_std,330,55,2152,1117,980,1073,100,10,34,6,13,8,131,43
20260808,healthy_std,331,55,2160,1121,984,1073,82,11,37,20,16,8,131,43
20260808,healthy_std,332,54,2168,1123,991,1075,50,6,42,52,21,6,131,43
20260808,healthy_std,333,43,2175,1138,994,1076,46,17,45,42,15,6,131,43
20260808,healthy_std,334,38,2180,1148,994,1078,62,25,45,18,14,6,131,43
20260808,healthy_std,335,31,2185,1156,998,1082,53,18,56,23,13,5,121,40
20260808,healthy_std,336,30,2192,1160,1002,1084,61,12,64,13,13,5,121,40
20260808,healthy_std,337,30,2199,1161,1008,1086,57,5,70,18,16,3,121,40
20260808,healthy_std,338,33,2207,1164,1010,1092,50,4,68,28,17,4,121,40
20260808,healthy_std,339,31,2213,1170,1012,1092,59,9,69,13,16,5,121,40
20260808,healthy_std,340,32,2221,1172,1017,1093,68,8,71,3,13,5,131,43
20260808,healthy_std,341,34,2227,1173,1020,1097,67,3,73,7,12,5,131,43
20260808,healthy_std,342,39,2235,1175,1021,1099,48,3,73,26,13,6,131,43
20260808,healthy_std,343,40,2241,1180,1021,1104,34,7,69,40,12,7,131,43
20260808,healthy_std,344,45,2249,1183,1021,1106,48,8,69,25,12,9,131,43
20260808,healthy_std,345,49,2254,1184,1021,1108,54,4,72,20,12,10,131,43
20260808,healthy_std,346,54,2260,1185,1021,1114,55,2,69,24,12,10,131,43
20260808,healthy_std,347,49,2265,1195,1021,1117,59,11,67,13,13,9,131,43
20260808,healthy_std,348,53,2273,1199,1021,1127,69,14,58,9,10,9,131,43
20260808,healthy_std,349,57,2281,1203,1021,1131,71,8,64,7,11,9,131,43
20260808,healthy_std,350,60,2289,1208,1021,1138,76,9,61,4,12,9,131,43
20260808,healthy_std,351,61,2295,1210,1024,1146,76,7,57,10,12,8,131,43
20260808,healthy_std,352,60,2301,1212,1029,1153,72,4,55,19,14,8,131,43
20260808,healthy_std,353,61,2308,1215,1032,1157,70,5,53,22,12,8,131,43
20260808,healthy_std,354,57,2316,1221,1038,1162,79,9,50,12,9,8,131,43
20260808,healthy_std,355,56,2322,1228,1038,1167,82,13,48,7,10,8,131,43
20260808,healthy_std,356,62,2330,1228,1040,1169,84,7,52,7,10,9,131,43
20260808,healthy_std,357,61,2336,1235,1040,1173,85,7,55,3,9,10,131,43
20260808,healthy_std,358,61,2342,1238,1043,1180,90,10,48,2,9,10,131,43
20260808,healthy_std,359,65,2350,1240,1045,1181,90,5,54,1,9,9,131,43
20260808,healthy_std,360,62,2356,1243,1051,1182,86,5,56,3,12,9,126,43
20260808,healthy_std,361,63,2361,1243,1055,1184,83,3,56,8,16,8,126,43
20260808,healthy_std,362,60,2366,1246,1060,1187,73,3,56,18,19,8,126,43
20260808,healthy_std,363,56,2371,1251,1064,1192,71,8,51,20,16,7,126,43
20260808,healthy_std,364,60,2378,1251,1067,1196,77,5,50,18,16,7,126,43
20260808,healthy_std,365,61,2386,1251,1074,1199,76,0,52,22,20,5,131,43
20260808,healthy_std,366,49,2392,1262,1081,1204,67,11,47,25,20,5,131,43
20260808,healthy_std,367,41,2398,1273,1084,1206,64,22,45,19,20,5,131,43
20260808,healthy_std,368,38,2404,1276,1090,1209,61,14,53,22,21,4,131,43
20260808,healthy_std,369,38,2411,1280,1093,1213,62,7,60,21,17,4,131,43
20260808,healthy_std,370,36,2416,1282,1098,1215,67,6,61,16,18,5,131,43
20260808,healthy_std,371,32,2421,1286,1103,1223,65,6,57,22,10,5,131,43
20260808,healthy_std,372,38,2429,1288,1103,1225,76,6,57,11,9,6,131,43
20260808,healthy_std,373,40,2436,1293,1103,1230,85,7,56,2,9,7,131,43
20260808,healthy_std,374,44,2441,1294,1103,1231,85,6,57,2,10,7,131,43
20260808,healthy_std,375,48,2447,1296,1103,1233,86,3,60,1,10,8,131,43
20260808,healthy_std,376,52,2453,1298,1103,1239,89,4,55,2,11,8,131,43
20260808,healthy_std,377,57,2459,1299,1103,1244,91,3,52,4,11,9,131,43
20260808,healthy_std,378,60,2467,1302,1105,1248,94,4,50,2,9,10,131,43
20260808,healthy_std,379,65,2475,1303,1107,1252,96,4,47,3,10,10,131,43
20260808,healthy_std,380,67,2482,1303,1112,1257,90,1,45,14,11,11,115,42
20260808,healthy_std,381,65,2487,1306,1116,1261,89,3,42,16,10,11,115,42
20260808,healthy_std,382,65,2492,1307,1120,1262,90,4,41,15,10,11,115,42
20260808,healthy_std,383,68,2500,1307,1125,1266,89,1,40,20,11,10,115,42
20260808,healthy_std,384,67,2507,1308,1132,1271,91,1,36,22,12,10,115,42
20260808,healthy_std,385,67,2513,1311,1135,1274,89,4,33,24,12,11,131,43
20260808,healthy_std,386,68,2521,1315,1138,1277,91,7,31,21,10,10,131,43
20260808,healthy_std,387,68,2529,1317,1144,1283,104,6,28,12,11,11,131,43
20260808,healthy_std,388,70,2535,1317,1148,1288,105,2,27,16,12,10,131,43
20260808,healthy_std,389,70,2542,1320,1152,1291,89,3,26,32,11,11,131,43
20260808,healthy_std,390,61,2550,1330,1159,1293,92,13,24,21,10,10,121,40
20260808,healthy_std,391,56,2556,1335,1165,1296,108,15,24,3,11,10,121,40
20260808,healthy_std,392,50,2562,1341,1171,1297,95,11,33,11,11,9,121,40
20260808,healthy_std,393,49,2569,1344,1176,1299,84,9,36,21,14,8,121,40
20260808,healthy_std,394,50,2575,1345,1180,1300,90,4,41,15,18,8,121,40
20260808,healthy_std,395,45,2583,1351,1187,1300,92,7,44,7,17,7,131,43
20260808,healthy_std,396,42,2590,1356,1192,1302,91,11,43,5,16,5,131,43
20260808,healthy_std,397,39,2595,1360,1196,1302,90,9,49,2,17,5,131,43
20260808,healthy_std,398,39,2603,1361,1203,1305,91,5,51,3,19,5,131,43
20260808,healthy_std,399,39,2608,1361,1208,1308,93,1,52,4,17,7,131,43
20260808,healthy_std,400,37,2614,1364,1213,1310,92,3,51,4,16,8,131,43
20260808,healthy_std,401,35,2622,1367,1220,1311,79,6,50,15,12,8,131,43
20260808,healthy_std,402,36,2627,1371,1220,1313,78,7,51,14,10,8,131,43
20260808,healthy_std,403,43,2635,1372,1220,1316,81,5,51,13,11,9,131,43
20260808,healthy_std,404,49,2642,1373,1220,1320,75,2,51,22,12,10,131,43
20260808,healthy_std,405,53,2647,1374,1220,1327,72,2,45,31,13,11,131,43
20260808,healthy_std,406,55,2652,1377,1220,1331,78,4,42,26,11,11,131,43
20260808,healthy_std,407,59,2659,1379,1221,1335,90,5,39,16,11,12,131,43
20260808,healthy_std,408,59,2665,1380,1226,1337,91,3,40,16,11,10,131,43
20260808,healthy_std,409,53,2670,1391,1226,1343,92,12,36,10,11,10,131,43
20260808,healthy_std,410,55,2675,1394,1226,1347,97,14,33,6,11,10,131,43
20260808,healthy_std,411,51,2680,1399,1230,1351,98,8,40,4,9,10,131,43
20260808,healthy_std,412,55,2686,1399,1232,1353,101,5,41,3,9,12,131,43
20260808,healthy_std,413,54,2692,1402,1236,1353,100,3,46,1,10,10,131,43
20260808,healthy_std,414,56,2700,1406,1238,1357,100,7,42,1,10,10,131,43
20260808,healthy_std,415,53,2705,1407,1245,1359,100,5,43,2,11,9,131,43
20260808,healthy_std,416,54,2713,1410,1249,1361,99,4,45,2,11,9,131,43
20260808,healthy_std,417,53,2718,1412,1253,1363,99,5,44,2,10,9,131,43
20260808,healthy_std,418,54,2723,1413,1256,1365,99,3,45,3,11,8,131,43
20260808,healthy_std,419,54,2729,1415,1260,1368,101,3,44,2,10,8,131,43
20260808,healthy_std,420,51,2734,1419,1264,1371,98,6,42,4,12,7,131,43
20260808,healthy_std,421,56,2742,1419,1267,1376,85,4,39,22,17,6,131,43
20260808,healthy_std,422,57,2750,1423,1270,1381,84,4,38,24,21,6,131,43
20260808,healthy_std,423,41,2755,1440,1274,1383,68,21,36,25,13,6,131,43
20260808,healthy_std,424,32,2761,1450,1279,1387,67,27,36,20,10,5,131,43
20260808,healthy_std,425,32,2768,1454,1282,1395,87,14,45,4,12,5,131,43
20260808,healthy_std,426,34,2776,1455,1287,1398,88,5,52,5,15,5,131,43
20260808,healthy_std,427,34,2782,1458,1290,1400,84,4,54,8,17,5,131,43
20260808,healthy_std,428,31,2787,1461,1295,1401,74,6,54,16,19,4,131,43
20260808,healthy_std,429,29,2795,1467,1299,1404,70,9,54,17,19,4,131,43
20260808,healthy_std,430,32,2802,1468,1302,1405,65,7,56,22,18,5,131,43
20260808,healthy_std,431,29,2810,1473,1308,1408,62,6,59,23,11,5,131,43
20260808,healthy_std,432,33,2817,1476,1308,1410,71,8,58,13,10,7,131,43
20260808,healthy_std,433,38,2823,1477,1308,1412,77,4,61,8,12,7,131,43
20260808,healthy_std,434,41,2830,1481,1308,1416,76,5,60,9,13,7,131,43
20260808,healthy_std,435,46,2838,1484,1308,1419,69,7,58,16,11,9,131,43
20260808,healthy_std,436,49,2844,1487,1308,1425,76,6,56,12,10,8,131,43
20260808,healthy_std,437,50,2849,1491,1308,1430,85,7,54,4,9,9,131,43
20260808,healthy_std,438,54,2855,1493,1308,1434,88,6,53,3,9,9,131,43
20260808,healthy_std,439,60,2863,1495,1308,1439,92,4,52,2,9,10,131,43
20260808,healthy_std,440,64,2869,1497,1308,1447,99,4,46,1,9,11,131,43
20260808,healthy_std,441,68,2874,1498,1308,1452,100,3,43,4,10,11,131,43
20260808,healthy_std,442,71,2882,1499,1312,1457,103,2,40,5,10,12,131,43
20260808,healthy_std,443,71,2890,1503,1316,1459,104,5,39,2,10,11,131,43
20260808,healthy_std,444,72,2897,1503,1322,1465,99,4,34,13,12,11,131,43
20260808,healthy_std,445,73,2903,1504,1326,1467,90,1,36,23,11,12,121,40
20260808,healthy_std,446,72,2909,1506,1331,1469,92,3,34,21,9,11,121,40
20260808,healthy_std,447,70,2916,1507,1339,1471,104,3,33,10,9,10,121,40
20260808,healthy_std,448,68,2921,1510,1343,1473,113,4,33,0,9,9,121,40
20260808,healthy_std,449,68,2926,1510,1348,1476,115,3,31,1,10,10,121,40
20260808,healthy_std,450,63,2931,1514,1354,1476,110,4,34,2,11,9,131,43
20260808,healthy_std,451,59,2938,1517,1362,1481,104,7,29,10,15,9,131,43
20260808,healthy_std,452,59,2945,1519,1367,1486,93,5,28,24,16,8,131,43
20260808,healthy_std,453,57,2953,1526,1370,1491,96,9,26,19,17,7,131,43
20260808,healthy_std,454,45,2960,1539,1376,1495,96,20,24,10,16,6,131,43
20260808,healthy_std,455,41,2967,1545,1381,1498,94,19,28,9,17,6,131,43
20260808,healthy_std,456,39,2973,1549,1385,1499,93,10,40,7,16,6,131,43
20260808,healthy_std,457,35,2978,1552,1391,1500,94,7,45,4,17,4,131,43
20260808,healthy_std,458,34,2985,1556,1395,1501,94,7,48,1,16,4,131,43
20260808,healthy_std,459,34,2992,1558,1400,1503,85,6,49,10,14,5,131,43
20260808,healthy_std,460,38,3000,1559,1403,1504,84,3,52,11,16,6,131,43
20260808,healthy_std,461,38,3006,1562,1406,1505,88,4,53,5,12,7,131,43
20260808,healthy_std,462,41,3012,1565,1406,1507,87,6,52,5,11,8,131,43
20260808,healthy_std,463,45,3017,1565,1407,1507,80,3,55,12,10,9,131,43
20260808,healthy_std,464,48,3022,1567,1407,1512,79,2,53,16,10,10,131,43
20260808,healthy_std,465,53,3028,1568,1407,1514,89,3,51,7,10,13,131,43
20260808,healthy_std,466,54,3033,1572,1407,1517,86,5,50,9,10,12,131,43
20260808,healthy_std,467,61,3041,1573,1407,1521,77,5,47,21,10,13,131,43
20260808,healthy_std,468,61,3046,1576,1409,1525,76,4,47,23,11,13,131,43
20260808,healthy_std,469,60,3051,1578,1413,1527,77,5,46,22,12,12,131,43
20260808,healthy_std,470,60,3058,1580,1418,1530,69,4,46,31,12,12,131,43
20260808,healthy_std,471,60,3066,1583,1423,1534,74,5,44,27,12,11,131,43
20260808,healthy_std,472,57,3073,1592,1424,1541,83,12,39,16,9,10,131,43
20260808,healthy_std,473,56,3078,1594,1428,1544,92,11,39,8,9,9,131,43
20260808,healthy_std,474,58,3086,1595,1433,1549,102,3,43,2,9,9,131,43
20260808,healthy_std,475,58,3091,1595,1438,1557,109,1,37,3,9,9,131,43
20260808,healthy_std,476,60,3098,1597,1441,1561,113,2,34,1,9,9,131,43
20260808,healthy_std,477,60,3103,1599,1444,1562,113,4,33,0,9,9,131,43
20260808,healthy_std,478,62,3111,1601,1448,1563,110,4,34,2,10,10,131,43
20260808,healthy_std,479,60,3116,1601,1455,1564,101,2,35,12,10,9,131,43
20260808,healthy_std,480,63,3123,1604,1456,1566,96,3,35,16,14,9,131,43
20260808,healthy_std,481,66,3129,1604,1459,1569,88,3,32,27,18,9,131,43
20260808,healthy_std,482,60,3136,1611,1465,1571,83,7,33,27,16,7,131,43
20260808,healthy_std,483,53,3144,1621,1470,1574,94,17,30,9,17,6,131,43
20260808,healthy_std,484,54,3152,1625,1473,1575,93,14,36,7,19,6,131,43
20260808,healthy_std,485,53,3158,1629,1476,1579,83,8,42,17,20,5,131,43
20260808,healthy_std,486,51,3166,1634,1481,1579,72,9,46,23,22,5,131,43
20260808,healthy_std,487,49,3171,1638,1484,1582,75,9,47,19,20,6,131,43
20260808,healthy_std,488,43,3177,1643,1491,1584,82,9,50,9,18,6,131,43
20260808,healthy_std,489,43,3183,1646,1494,1588,88,8,50,4,16,7,131,43
20260808,healthy_std,490,43,3189,1647,1499,1589,87,4,54,5,15,10,126,43
20260808,healthy_std,491,43,3197,1652,1502,1595,90,6,51,3,11,10,126,43
20260808,healthy_std,492,49,3204,1653,1502,1596,88,6,51,5,14,10,126,43
20260808,healthy_std,493,54,3211,1655,1502,1597,72,3,55,20,15,10,126,43
20260808,healthy_std,494,57,3218,1659,1502,1599,65,6,54,25,13,11,126,43
20260808,healthy_std,495,62,3226,1662,1502,1603,69,7,52,22,13,10,131,43
20260808,healthy_std,496,66,3233,1665,1502,1608,69,6,51,24,12,12,131,43
20260808,healthy_std,497,69,3241,1670,1502,1611,77,8,51,14,12,12,131,43
20260808,healthy_std,498,70,3248,1675,1503,1617,85,10,48,7,12,12,131,43
20260808,healthy_std,499,72,3253,1678,1503,1621,80,8,49,13,14,12,131,43
20260808,healthy_std,500,74,3261,1681,1506,1628,75,6,47,22,14,11,131,43
20260808,healthy_std,501,68,3266,1688,1510,1631,69,10,47,24,10,11,131,43
20260808,healthy_std,502,67,3273,1691,1515,1635,81,10,46,13,9,11,131,43
20260808,healthy_std,503,65,3280,1697,1518,1638,89,9,50,2,10,10,131,43
20260808,healthy_std,504,68,3287,1697,1522,1640,88,6,51,5,10,10,131,43
20260808,healthy_std,505,65,3293,1700,1528,1643,89,3,54,4,9,10,131,43
20260808,healthy_std,506,63,3298,1702,1533,1645,92,5,52,1,9,10,131,43
20260808,healthy_std,507,61,3303,1702,1540,1648,92,2,52,4,10,10,131,43
20260808,healthy_std,508,61,3311,1704,1546,1652,84,2,50,14,11,10,131,43
20260808,healthy_std,509,57,3317,1708,1552,1656,78,6,46,20,10,10,131,43
20260808,healthy_std,510,60,3325,1710,1555,1659,82,6,45,17,15,9,131,43
20260808,healthy_std,511,64,3333,1711,1558,1661,81,3,47,19,18,9,131,43
20260808,healthy_std,512,52,3338,1722,1564,1665,79,12,45,14,15,8,131,43
20260808,healthy_std,513,52,3345,1726,1567,1670,90,15,41,4,16,8,131,43
20260808,healthy_std,514,52,3352,1729,1571,1677,93,7,45,5,17,7,131,43
20260808,healthy_std,515,53,3359,1731,1575,1680,83,5,46,16,17,5,131,43
20260808,healthy_std,516,47,3365,1737,1581,1683,74,8,46,22,17,5,131,43
20260808,healthy_std,517,48,3372,1739,1585,1686,85,8,45,12,17,5,131,43
20260808,healthy_std,518,49,3379,1742,1588,1692,94,5,45,6,17,7,131,43
20260808,healthy_std,519,48,3386,1746,1592,1692,81,7,47,15,17,7,131,43
20260808,healthy_std,520,46,3394,1751,1597,1694,73,9,48,20,15,7,101,38
20260808,healthy_std,521,46,3401,1753,1602,1695,73,7,51,19,11,9,101,38
20260808,healthy_std,522,50,3408,1756,1602,1697,71,5,54,20,10,10,101,38
20260808,healthy_std,523,56,3414,1756,1602,1701,83,3,52,12,10,12,101,38
20260808,healthy_std,524,61,3420,1757,1602,1704,93,1,52,4,10,13,101,38
20260808,healthy_std,525,67,3426,1757,1602,1705,95,1,51,3,11,15,126,43
20260808,healthy_std,526,69,3433,1759,1605,1712,96,2,45,7,11,15,126,43
20260808,healthy_std,527,68,3439,1760,1611,1716,99,3,41,7,11,13,126,43
20260808,healthy_std,528,69,3447,1764,1614,1721,102,5,38,5,12,12,126,43
20260808,healthy_std,529,65,3453,1767,1621,1723,93,7,37,13,12,12,126,43
20260808,healthy_std,530,65,3460,1769,1626,1727,83,5,37,25,13,12,131,43
20260808,healthy_std,531,65,3468,1774,1629,1728,80,7,39,24,11,12,131,43
20260808,healthy_std,532,63,3473,1781,1629,1732,92,12,37,9,10,11,131,43
20260808,healthy_std,533,64,3481,1783,1634,1739,101,9,35,5,10,10,131,43
20260808,healthy_std,534,63,3487,1784,1640,1741,102,3,40,5,10,9,131,43
20260808,healthy_std,535,62,3493,1789,1642,1742,102,6,41,1,11,10,131,43
20260808,healthy_std,536,64,3501,1790,1647,1747,105,6,37,2,10,10,131,43
20260808,healthy_std,537,65,3508,1791,1652,1748,103,2,41,4,11,11,131,43
20260808,healthy_std,538,65,3516,1794,1657,1750,102,4,40,4,10,13,131,43
20260808,healthy_std,539,64,3521,1796,1661,1752,102,5,39,4,11,12,131,43
20260808,healthy_std,540,62,3526,1798,1666,1754,92,4,40,14,13,11,131,43
20260808,healthy_std,541,64,3534,1801,1669,1757,87,5,39,19,17,11,131,43
20260808,healthy_std,542,65,3542,1805,1672,1762,91,7,36,16,19,10,131,43
20260808,healthy_std,543,59,3550,1812,1679,1764,89,11,37,13,20,10,131,43
20260808,healthy_std,544,57,3555,1819,1679,1766,70,14,39,27,21,9,131,43
20260808,healthy_std,545,51,3560,1823,1686,1770,62,11,42,35,19,9,131,43
20260808,healthy_std,546,49,3567,1828,1690,1773,74,9,46,21,17,8,131,43
20260808,healthy_std,547,52,3575,1830,1693,1776,73,7,47,23,19,8,131,43
20260808,healthy_std,548,44,3583,1838,1701,1780,72,10,48,20,19,6,131,43
20260808,healthy_std,549,42,3591,1845,1704,1784,72,15,46,17,18,6,131,43
20260808,healthy_std,550,41,3598,1846,1711,1786,73,8,52,17,14,7,126,43
20260808,healthy_std,551,43,3604,1847,1714,1788,74,2,57,17,10,7,126,43
20260808,healthy_std,552,45,3611,1852,1714,1791,76,6,55,13,10,8,126,43
20260808,healthy_std,553,43,3618,1861,1714,1793,78,14,54,4,10,7,126,43
20260808,healthy_std,554,48,3625,1863,1714,1798,82,11,54,3,9,8,126,43
20260808,healthy_std,555,52,3630,1864,1714,1801,85,3,60,2,9,8,131,43
20260808,healthy_std,556,59,3638,1865,1714,1802,86,2,61,1,9,9,131,43
20260808,healthy_std,557,65,3646,1867,1714,1804,87,3,60,0,9,10,131,43
20260808,healthy_std,558,73,3654,1867,1714,1808,88,2,57,3,9,10,131,43
20260808,healthy_std,559,76,3660,1869,1715,1814,91,2,53,4,9,11,131,43
20260808,healthy_std,560,75,3666,1873,1718,1820,93,6,47,4,11,10,131,43
20260808,healthy_std,561,76,3671,1874,1721,1824,92,5,45,8,12,10,131,43
20260808,healthy_std,562,74,3679,1877,1728,1827,80,4,46,20,13,11,131,43
20260808,healthy_std,563,75,3686,1878,1733,1833,81,4,41,24,14,11,131,43
20260808,healthy_std,564,70,3691,1884,1737,1840,80,7,37,26,12,11,131,43
20260808,healthy_std,565,67,3696,1889,1740,1845,85,11,33,21,10,11,131,43
20260808,healthy_std,566,67,3703,1891,1745,1848,102,7,36,5,11,11,131,43
20260808,healthy_std,567,69,3711,1894,1748,1852,103,5,37,5,12,10,131,43
20260808,healthy_std,568,66,3718,1896,1756,1854,91,5,37,17,13,9,131,43
20260808,healthy_std,569,66,3726,1898,1762,1856,81,4,38,27,15,9,131,43
20260808,healthy_std,570,57,3732,1906,1769,1858,67,10,38,35,14,9,121,43
20260808,healthy_std,571,56,3740,1910,1774,1860,54,12,38,46,15,8,121,43
20260808,healthy_std,572,58,3748,1914,1776,1861,72,8,45,25,16,8,121,43
20260808,healthy_std,573,45,3753,1929,1779,1863,83,19,47,1,12,7,121,43
20260808,healthy_std,574,45,3759,1929,1785,1867,85,15,47,3,14,7,121,43
20260808,healthy_std,575,47,3767,1930,1790,1869,78,1,60,11,17,7,131,43
20260808,healthy_std,576,46,3772,1932,1794,1874,82,3,55,10,16,6,131,43
20260808,healthy_std,577,46,3780,1936,1798,1876,79,6,54,11,19,6,131,43
20260808,healthy_std,578,47,3788,1939,1802,1877,74,7,55,14,20,7,131,43
20260808,healthy_std,579,44,3796,1944,1808,1877,78,8,59,5,19,9,131,43
20260808,healthy_std,580,46,3804,1948,1810,1882,70,9,57,14,18,9,131,43
20260808,healthy_std,581,47,3811,1949,1815,1885,71,5,59,15,13,10,131,43
20260808,healthy_std,582,49,3818,1954,1815,1886,77,6,62,5,11,10,131,43
20260808,healthy_std,583,55,3825,1955,1815,1890,79,6,59,6,12,11,131,43
20260808,healthy_std,584,57,3831,1959,1815,1891,79,5,63,3,11,10,131,43
20260808,healthy_std,585,62,3839,1962,1815,1895,80,7,60,3,13,10,131,43
20260808,healthy_std,586,69,3846,1962,1815,1902,86,3,57,4,15,10,131,43
20260808,healthy_std,587,66,3852,1965,1821,1908,91,3,54,2,13,10,131,43
20260808,healthy_std,588,67,3858,1966,1825,1915,98,4,47,1,14,10,131,43
20260808,healthy_std,589,71,3866,1967,1828,1918,98,2,47,3,15,11,131,43
20260808,healthy_std,590,72,3873,1967,1834,1923,94,1,43,12,16,11,131,43
20260808,healthy_std,591,70,3880,1972,1838,1927,90,5,40,15,16,10,131,43
20260808,healthy_std,592,69,3885,1976,1840,1932,99,9,35,7,16,10,131,43
20260808,healthy_std,593,67,3892,1980,1845,1937,98,8,35,9,18,11,131,43
20260808,healthy_std,594,66,3898,1982,1850,1942,101,6,34,9,18,10,131,43
20260808,healthy_std,595,64,3906,1986,1856,1945,107,6,35,2,16,11,131,43
20260808,healthy_std,596,66,3914,1987,1861,1947,99,5,35,11,16,10,131,43
20260808,healthy_std,597,66,3922,1991,1865,1951,94,5,35,16,17,11,131,43
20260808,healthy_std,598,60,3928,2001,1867,1952,81,14,35,20,15,10,131,43
20260808,healthy_std,599,55,3934,2006,1873,1956,79,15,35,21,12,10,131,43
20260808,healthy_std,600,54,3941,2011,1876,1956,83,10,45,12,14,10,121,40
20260808,healthy_roomy,1,4,8,4,0,0,162,4,0,4,2,2,131,43
20260808,healthy_roomy,2,8,14,6,0,0,141,6,0,23,5,3,131,43
20260808,healthy_roomy,3,12,22,10,0,0,139,6,4,21,8,3,131,43
20260808,healthy_roomy,4,2,29,27,0,0,136,21,6,7,2,1,131,43
20260808,healthy_roomy,5,2,34,32,0,0,125,22,10,13,2,1,131,43
20260808,healthy_roomy,6,7,42,35,0,0,123,8,27,12,6,2,131,43
20260808,healthy_roomy,7,12,50,38,0,0,127,6,32,5,6,3,131,43
20260808,healthy_roomy,8,17,57,40,0,0,128,5,35,2,7,4,131,43
20260808,healthy_roomy,9,21,62,41,0,0,126,3,38,3,9,5,131,43
20260808,healthy_roomy,10,28,70,42,0,0,123,2,40,5,9,6,131,43
20260808,healthy_roomy,11,32,78,46,0,0,120,5,41,4,8,8,131,43
20260808,healthy_roomy,12,38,84,46,0,0,121,4,42,3,10,8,131,43
20260808,healthy_roomy,13,42,90,48,0,2,107,2,44,17,11,9,131,43
20260808,healthy_roomy,14,47,98,51,0,4,103,5,42,20,10,10,131,43
20260808,healthy_roomy,15,52,105,53,0,5,116,5,43,6,9,10,131,43
20260808,healthy_roomy,16,57,112,55,0,5,119,4,46,1,9,11,131,43
20260808,healthy_roomy,17,63,119,56,0,7,121,3,46,0,9,12,131,43
20260808,healthy_roomy,18,67,124,57,0,11,123,2,44,1,9,12,131,43
20260808,healthy_roomy,19,66,130,58,6,15,124,2,41,3,11,12,131,43
20260808,healthy_roomy,20,65,137,61,11,21,119,4,36,11,10,12,121,40
20260808,healthy_roomy,21,63,142,64,15,25,119,6,33,12,9,11,121,40
20260808,healthy_roomy,22,60,147,64,23,29,132,3,32,3,9,8,121,40
20260808,healthy_roomy,23,59,152,67,26,32,134,3,32,1,10,9,121,40
20260808,healthy_roomy,24,60,158,68,30,36,132,4,28,6,10,10,121,40
20260808,healthy_roomy,25,59,163,70,34,39,133,3,28,6,9,10,126,43
20260808,healthy_roomy,26,58,169,71,40,41,133,3,27,7,10,9,126,43
20260808,healthy_roomy,27,58,176,74,44,45,127,4,25,14,10,9,126,43
20260808,healthy_roomy,28,57,181,80,44,47,126,9,24,11,9,10,126,43
20260808,healthy_roomy,29,56,188,82,50,47,131,8,27,4,10,10,126,43
20260808,healthy_roomy,30,54,196,91,51,47,113,11,33,13,12,9,131,43
20260808,healthy_roomy,31,56,203,93,54,49,80,11,33,46,16,9,131,43
20260808,healthy_roomy,32,53,209,96,60,51,70,5,40,55,17,7,131,43
20260808,healthy_roomy,33,41,217,113,63,55,80,20,38,32,12,6,131,43
20260808,healthy_roomy,34,38,222,118,66,56,90,22,40,18,13,6,131,43
20260808,healthy_roomy,35,32,230,128,70,58,89,15,55,11,11,6,131,43
20260808,healthy_roomy,36,31,236,130,75,61,95,12,57,6,15,5,131,43
20260808,healthy_roomy,37,33,243,131,79,62,88,3,66,13,18,5,131,43
20260808,healthy_roomy,38,31,250,135,84,63,69,5,67,29,19,3,131,43
20260808,healthy_roomy,39,29,256,137,90,66,78,6,65,21,16,4,131,43
20260808,healthy_roomy,40,27,261,139,95,70,86,4,65,15,13,4,131,43
20260808,healthy_roomy,41,29,269,141,99,73,83,4,64,19,13,5,131,43
20260808,healthy_roomy,42,24,274,151,99,77,66,12,62,30,12,4,131,43
20260808,healthy_roomy,43,24,281,158,99,79,54,17,62,37,11,6,131,43
20260808,healthy_roomy,44,30,289,160,99,83,63,9,68,30,12,6,131,43
20260808,healthy_roomy,45,33,294,162,99,87,57,4,71,38,13,7,131,43
20260808,healthy_roomy,46,35,301,167,99,93,57,7,67,39,12,7,131,43
20260808,healthy_roomy,47,40,308,169,99,98,53,7,64,46,11,7,131,43
20260808,healthy_roomy,48,44,315,172,99,104,60,5,63,42,11,6,131,43
20260808,healthy_roomy,49,48,322,175,99,108,79,6,61,24,10,7,131,43
20260808,healthy_roomy,50,53,329,177,99,112,84,5,60,21,9,8,126,43
20260808,healthy_roomy,51,57,334,178,99,119,100,3,56,11,9,8,126,43
20260808,healthy_roomy,52,64,342,179,99,127,114,2,50,4,11,10,126,43
20260808,healthy_roomy,53,67,349,180,102,133,114,2,45,9,11,11,126,43
20260808,healthy_roomy,54,66,356,184,106,135,114,5,44,7,10,11,126,43
20260808,healthy_roomy,55,68,363,186,109,139,117,6,41,6,10,12,131,43
20260808,healthy_roomy,56,67,370,189,114,145,118,5,39,8,10,13,131,43
20260808,healthy_roomy,57,71,377,190,116,145,114,4,41,11,11,13,131,43
20260808,healthy_roomy,58,68,382,192,122,151,117,3,38,12,12,13,131,43
20260808,healthy_roomy,59,66,387,193,128,156,121,3,34,12,11,13,131,43
20260808,healthy_roomy,60,65,393,197,131,159,118,5,33,14,14,13,131,43
20260808,healthy_roomy,61,65,401,199,137,161,109,6,32,23,15,11,131,43
20260808,healthy_roomy,62,61,409,204,144,163,109,7,34,20,16,10,131,43
20260808,healthy_roomy,63,43,414,223,148,167,111,24,32,3,11,9,131,43
20260808,healthy_roomy,64,43,421,226,152,173,115,22,31,2,13,8,131,43
20260808,healthy_roomy,65,44,429,226,159,173,114,3,50,3,16,7,131,43
20260808,healthy_roomy,66,45,437,228,164,176,115,2,50,3,15,6,131,43
20260808,healthy_roomy,67,44,444,230,170,179,116,4,47,3,14,6,131,43
20260808,healthy_roomy,68,44,451,234,173,180,112,6,48,4,15,6,131,43
20260808,healthy_roomy,69,42,456,236,178,180,100,6,50,14,15,7,131,43
20260808,healthy_roomy,70,41,463,242,180,186,99,8,48,15,12,7,131,43
20260808,healthy_roomy,71,42,469,243,184,189,100,7,47,16,11,9,131,43
20260808,healthy_roomy,72,47,476,245,184,189,97,3,53,17,11,9,131,43
20260808,healthy_roomy,73,39,481,258,184,192,95,15,51,9,10,10,131,43
20260808,healthy_roomy,74,40,486,262,184,197,98,17,48,7,10,10,131,43
20260808,healthy_roomy,75,44,494,266,184,199,99,8,59,4,13,9,131,43
20260808,healthy_roomy,76,47,501,270,184,203,92,8,59,11,13,9,131,43
20260808,healthy_roomy,77,50,509,272,187,206,90,6,60,14,12,10,131,43
20260808,healthy_roomy,78,49,514,275,190,212,91,5,58,16,12,9,131,43
20260808,healthy_roomy,79,51,521,277,193,215,91,5,57,17,12,8,131,43
20260808,healthy_roomy,80,46,528,289,193,219,90,14,56,10,11,8,131,43
20260808,healthy_roomy,81,47,533,293,193,223,86,16,54,14,10,9,131,43
20260808,healthy_roomy,82,49,540,298,193,228,90,9,61,10,9,12,131,43
20260808,healthy_roomy,83,55,547,299,193,231,100,6,62,2,9,12,131,43
20260808,healthy_roomy,84,59,553,301,193,236,100,3,62,5,9,12,131,43
20260808,healthy_roomy,85,63,559,302,194,238,100,3,61,6,10,14,131,43
20260808,healthy_roomy,86,65,565,306,194,242,96,5,59,10,10,12,131,43
20260808,healthy_roomy,87,68,572,309,195,244,92,7,58,13,9,12,131,43
20260808,healthy_roomy,88,68,580,314,198,247,95,8,59,8,11,10,131,43
20260808,healthy_roomy,89,67,587,320,200,250,82,11,59,18,11,11,131,43
20260808,healthy_roomy,90,69,595,324,202,261,82,10,53,25,15,11,131,43
20260808,healthy_roomy,91,69,601,325,207,266,90,5,54,21,16,10,131,43
20260808,healthy_roomy,92,68,609,328,213,270,92,4,54,20,18,9,131,43
20260808,healthy_roomy,93,60,616,339,217,274,84,14,51,21,17,7,131,43
20260808,healthy_roomy,94,52,623,349,222,277,82,21,51,16,18,6,131,43
20260808,healthy_roomy,95,52,630,351,227,279,84,12,60,14,21,6,131,43
20260808,healthy_roomy,96,52,637,353,232,283,82,4,66,18,19,6,131,43
20260808,healthy_roomy,97,51,643,355,237,288,82,4,63,21,18,6,131,43
20260808,healthy_roomy,98,47,648,358,243,292,85,5,61,19,18,6,131,43
20260808,healthy_roomy,99,46,655,365,244,294,82,10,61,17,16,6,131,43
20260808,healthy_roomy,100,45,662,372,245,299,75,14,59,22,13,8,121,40
20260808,healthy_roomy,101,50,670,373,247,303,82,8,62,18,11,9,121,40
20260808,healthy_roomy,102,53,677,377,247,307,89,5,65,11,10,9,121,40
20260808,healthy_roomy,103,56,684,381,247,314,97,8,59,6,9,9,121,40
20260808,healthy_roomy,104,61,691,383,247,316,100,6,61,3,10,9,121,40
20260808,healthy_roomy,105,65,698,386,247,320,100,5,61,4,10,10,131,43
20260808,healthy_roomy,106,68,705,387,250,321,100,4,62,4,10,10,131,43
20260808,healthy_roomy,107,69,710,390,251,328,106,4,58,2,10,12,131,43
20260808,healthy_roomy,108,69,718,394,255,333,106,7,54,3,11,13,131,43
20260808,healthy_roomy,109,70,726,398,258,338,96,8,52,14,13,12,131,43
20260808,healthy_roomy,110,74,734,400,260,341,77,6,53,34,13,12,131,43
20260808,healthy_roomy,111,72,742,403,267,346,89,5,52,24,12,13,131,43
20260808,healthy_roomy,112,70,748,408,270,350,99,8,50,13,11,14,131,43
20260808,healthy_roomy,113,69,755,410,276,355,95,7,48,20,10,13,131,43
20260808,healthy_roomy,114,70,762,410,282,358,108,2,50,10,10,13,131,43
20260808,healthy_roomy,115,68,767,411,288,363,120,1,47,2,11,14,131,43
20260808,healthy_roomy,116,68,774,413,293,367,120,3,43,4,11,13,131,43
20260808,healthy_roomy,117,68,782,415,299,367,109,4,44,13,10,13,131,43
20260808,healthy_roomy,118,65,787,416,306,371,107,3,42,18,10,13,131,43
20260808,healthy_roomy,119,65,793,417,311,376,119,2,39,10,10,13,131,43
20260808,healthy_roomy,120,63,800,423,314,379,116,7,37,10,13,13,131,43
20260808,healthy_roomy,121,64,806,424,318,383,95,7,34,34,14,12,131,43
20260808,healthy_roomy,122,58,814,431,325,386,94,8,37,31,16,10,131,43
20260808,healthy_roomy,123,44,821,450,327,387,101,26,37,6,11,10,131,43
20260808,healthy_roomy,124,39,826,457,330,391,103,26,40,1,10,9,131,43
20260808,healthy_roomy,125,32,834,466,336,394,98,16,56,0,10,6,121,40
20260808,healthy_roomy,126,33,842,466,343,401,98,9,56,7,15,5,121,40
20260808,healthy_roomy,127,35,848,467,346,402,94,1,64,11,18,4,121,40
20260808,healthy_roomy,128,31,856,475,350,404,91,9,62,8,17,4,121,40
20260808,healthy_roomy,129,26,862,479,357,406,92,12,61,5,15,3,121,40
20260808,healthy_roomy,130,26,869,483,360,411,93,8,64,5,14,5,131,43
20260808,healthy_roomy,131,27,877,486,364,412,86,7,67,10,14,5,131,43
20260808,healthy_roomy,132,30,884,490,364,412,76,7,71,16,15,6,131,43
20260808,healthy_roomy,133,32,891,495,364,415,76,9,71,14,14,6,131,43
20260808,healthy_roomy,134,34,897,498,365,417,75,8,73,14,11,7,131,43
20260808,healthy_roomy,135,38,904,501,365,422,72,6,73,19,12,8,131,43
20260808,healthy_roomy,136,43,909,501,365,423,81,3,75,11,12,8,131,43
20260808,healthy_roomy,137,42,914,507,365,427,86,6,74,4,10,7,131,43
20260808,healthy_roomy,138,45,919,509,365,432,89,8,69,4,11,8,131,43
20260808,healthy_roomy,139,50,926,511,365,440,86,4,67,13,11,9,131,43
20260808,healthy_roomy,140,55,934,514,365,447,90,5,62,13,10,9,131,43
20260808,healthy_roomy,141,61,942,515,366,454,106,4,57,3,9,10,131,43
20260808,healthy_roomy,142,63,949,517,369,460,106,3,54,7,11,11,131,43
20260808,healthy_roomy,143,62,954,521,371,464,94,6,51,19,12,10,131,43
20260808,healthy_roomy,144,60,959,527,372,472,99,10,45,16,11,10,131,43
20260808,healthy_roomy,145,59,964,529,376,477,91,8,44,27,10,9,131,43
20260808,healthy_roomy,146,60,972,531,381,481,88,4,46,32,9,9,131,43
20260808,healthy_roomy,147,53,977,543,381,486,103,14,43,10,10,8,131,43
20260808,healthy_roomy,148,57,982,544,381,488,102,13,43,12,10,9,131,43
20260808,healthy_roomy,149,60,989,547,382,495,96,4,48,22,11,8,131,43
20260808,healthy_roomy,150,62,997,549,386,496,87,5,48,30,15,8,131,43
20260808,healthy_roomy,151,58,1002,552,392,499,82,5,48,35,16,7,131,43
20260808,healthy_roomy,152,50,1010,563,397,505,93,14,44,19,16,6,131,43
20260808,healthy_roomy,153,34,1017,578,405,509,98,26,43,3,11,5,131,43
20260808,healthy_roomy,154,33,1024,584,407,512,90,21,51,8,13,5,131,43
20260808,healthy_roomy,155,38,1032,586,408,513,89,8,65,8,14,5,126,43
20260808,healthy_roomy,156,38,1038,588,412,514,91,4,70,5,17,5,126,43
20260808,healthy_roomy,157,36,1044,591,417,518,91,5,68,6,16,4,126,43
20260808,healthy_roomy,158,30,1049,596,423,523,94,8,65,3,16,4,126,43
20260808,healthy_roomy,159,30,1054,598,426,529,90,7,62,11,17,5,126,43
20260808,healthy_roomy,160,29,1059,599,431,530,73,3,66,28,15,5,131,43
20260808,healthy_roomy,161,25,1065,606,434,534,77,8,64,21,11,5,131,43
20260808,healthy_roomy,162,30,1071,607,434,537,89,8,62,11,11,5,131,43
20260808,healthy_roomy,163,34,1076,608,434,538,90,2,68,10,11,6,131,43
20260808,healthy_roomy,164,38,1083,611,434,543,100,4,64,2,9,6,131,43
20260808,healthy_roomy,165,41,1090,615,434,548,103,7,60,0,9,8,131,43
20260808,healthy_roomy,166,47,1097,616,434,556,109,5,55,1,10,8,131,43
20260808,healthy_roomy,167,49,1102,619,434,565,108,4,50,8,10,8,131,43
20260808,healthy_roomy,168,53,1110,620,437,570,110,4,46,10,11,9,131,43
20260808,healthy_roomy,169,56,1118,623,439,574,101,4,45,20,11,9,131,43
20260808,healthy_roomy,170,60,1126,626,440,577,98,6,43,23,10,9,131,43
20260808,healthy_roomy,171,65,1134,629,440,579,104,6,44,16,11,11,131,43
20260808,healthy_roomy,172,67,1140,632,441,579,95,6,47,22,11,11,131,43
20260808,healthy_roomy,173,63,1147,643,441,585,95,14,44,17,10,11,131,43
20260808,healthy_roomy,174,67,1155,647,441,590,106,15,42,7,9,13,131,43
20260808,healthy_roomy,175,71,1161,648,442,594,111,5,49,5,11,13,131,43
20260808,healthy_roomy,176,70,1169,653,446,596,102,6,51,11,11,11,131,43
20260808,healthy_roomy,177,70,1176,656,450,599,98,8,49,15,11,12,131,43
20260808,healthy_roomy,178,68,1181,659,454,601,88,6,52,24,11,13,131,43
20260808,healthy_roomy,179,68,1187,665,454,606,89,9,50,22,10,12,131,43
20260808,healthy_roomy,180,66,1194,669,459,607,94,10,52,14,13,11,121,40
20260808,healthy_roomy,181,64,1200,671,465,610,87,6,55,22,16,10,121,40
20260808,healthy_roomy,182,56,1205,682,467,614,89,13,55,13,15,8,121,40
20260808,healthy_roomy,183,45,1211,695,471,618,92,24,53,1,12,8,121,40
20260808,healthy_roomy,184,47,1219,695,477,621,89,13,61,7,17,7,121,40
20260808,healthy_roomy,185,47,1227,697,483,624,84,2,71,13,19,5,131,43
20260808,healthy_roomy,186,44,1235,702,489,628,74,7,67,22,19,4,131,43
20260808,healthy_roomy,187,47,1243,707,489,629,67,10,68,25,22,5,131,43
20260808,healthy_roomy,188,43,1248,713,492,632,74,11,70,15,20,5,131,43
20260808,healthy_roomy,189,41,1255,717,497,638,74,10,69,17,17,6,131,43
20260808,healthy_roomy,190,42,1261,718,501,645,81,5,68,16,14,6,131,43
20260808,healthy_roomy,191,42,1268,722,504,650,92,5,67,6,11,7,131,43
20260808,healthy_roomy,192,49,1276,723,504,655,92,5,63,10,12,7,131,43
20260808,healthy_roomy,193,53,1282,725,504,658,89,3,64,14,11,8,131,43
20260808,healthy_roomy,194,56,1289,729,504,665,96,6,58,10,10,9,131,43
20260808,healthy_roomy,195,62,1295,729,504,669,102,4,56,8,10,9,131,43
20260808,healthy_roomy,196,64,1301,733,504,675,106,4,54,6,10,10,131,43
20260808,healthy_roomy,197,67,1308,734,507,680,109,5,49,7,11,11,131,43
20260808,healthy_roomy,198,65,1315,738,512,684,99,5,49,17,10,11,131,43
20260808,healthy_roomy,199,65,1320,740,515,690,104,6,44,16,9,12,131,43
20260808,healthy_roomy,200,67,1325,741,517,694,117,3,44,6,10,12,131,43
20260808,healthy_roomy,201,65,1330,744,521,701,114,4,39,13,10,11,131,43
20260808,healthy_roomy,202,67,1338,746,525,704,107,5,37,21,10,12,131,43
20260808,healthy_roomy,203,66,1344,748,530,707,118,4,37,11,11,11,131,43
20260808,healthy_roomy,204,64,1350,750,536,709,125,4,37,4,11,11,131,43
20260808,healthy_roomy,205,61,1355,752,542,714,128,4,34,4,10,10,131,43
20260808,healthy_roomy,206,60,1361,754,547,715,130,4,35,1,10,11,131,43
20260808,healthy_roomy,207,58,1367,756,553,717,131,4,35,0,9,12,131,43
20260808,healthy_roomy,208,58,1372,756,558,720,133,2,34,1,9,11,131,43
20260808,healthy_roomy,209,57,1377,757,563,722,132,1,34,3,10,10,131,43
20260808,healthy_roomy,210,55,1385,763,567,727,125,7,29,9,13,10,131,43
20260808,healthy_roomy,211,56,1393,766,571,729,116,9,28,17,14,9,131,43
20260808,healthy_roomy,212,54,1398,770,574,733,123,7,30,10,16,9,131,43
20260808,healthy_roomy,213,44,1404,781,579,734,122,15,32,1,14,7,131,43
20260808,healthy_roomy,214,42,1410,782,586,735,122,12,35,1,16,7,131,43
20260808,healthy_roomy,215,43,1417,785,589,739,124,4,42,0,17,7,131,43
20260808,healthy_roomy,216,46,1425,786,593,742,123,4,40,3,18,6,131,43
20260808,healthy_roomy,217,48,1432,787,597,744,113,2,41,14,20,5,131,43
20260808,healthy_roomy,218,47,1439,790,602,746,112,4,40,14,19,6,131,43
20260808,healthy_roomy,219,46,1447,795,606,749,119,8,38,5,17,8,131,43
20260808,healthy_roomy,220,47,1453,795,611,752,119,5,38,8,13,8,131,43
20260808,healthy_roomy,221,47,1460,799,614,753,118,4,42,6,10,8,131,43
20260808,healthy_roomy,222,49,1466,803,614,757,124,8,38,0,9,9,131,43
20260808,healthy_roomy,223,54,1472,804,614,759,123,5,40,2,10,11,131,43
20260808,healthy_roomy,224,58,1478,806,614,760,120,3,43,4,11,11,131,43
20260808,healthy_roomy,225,63,1486,809,614,761,120,5,43,2,10,12,131,43
20260808,healthy_roomy,226,66,1493,811,616,763,121,5,43,1,11,13,131,43
20260808,healthy_roomy,227,67,1500,812,621,768,124,3,41,2,12,12,131,43
20260808,healthy_roomy,228,64,1505,814,627,774,121,3,37,9,12,13,131,43
20260808,healthy_roomy,229,65,1513,816,632,776,119,4,36,11,13,12,131,43
20260808,healthy_roomy,230,61,1521,824,636,779,115,10,35,10,12,10,131,43
20260808,healthy_roomy,231,63,1528,826,639,783,115,10,33,12,13,10,131,43
20260808,healthy_roomy,232,64,1536,829,643,790,110,5,34,21,13,9,131,43
20260808,healthy_roomy,233,64,1544,834,646,790,106,8,36,20,11,10,131,43
20260808,healthy_roomy,234,68,1549,834,647,793,115,5,36,14,11,11,131,43
20260808,healthy_roomy,235,70,1557,837,650,794,112,3,40,15,13,11,111,40
20260808,healthy_roomy,236,66,1565,848,651,800,106,14,34,16,12,11,111,40
20260808,healthy_roomy,237,67,1571,853,651,800,100,16,37,17,11,12,111,40
20260808,healthy_roomy,238,70,1577,855,652,804,109,7,44,10,10,13,111,40
20260808,healthy_roomy,239,69,1583,857,657,805,110,4,48,8,10,13,111,40
20260808,healthy_roomy,240,66,1588,865,657,808,105,10,47,8,11,12,131,43
20260808,healthy_roomy,241,61,1594,875,658,809,99,18,48,5,11,12,131,43
20260808,healthy_roomy,242,54,1600,884,662,809,93,19,56,2,11,10,131,43
20260808,healthy_roomy,243,50,1605,888,667,812,86,13,63,8,12,10,131,43
20260808,healthy_roomy,244,47,1611,889,675,812,78,5,72,15,16,9,131,43
20260808,healthy_roomy,245,44,1617,892,681,814,83,4,74,9,17,8,131,43
20260808,healthy_roomy,246,36,1624,902,686,820,84,13,69,4,16,7,131,43
20260808,healthy_roomy,247,34,1629,904,691,824,80,12,68,10,17,6,131,43
20260808,healthy_roomy,248,27,1634,908,699,834,82,6,68,14,16,3,131,43
20260808,healthy_roomy,249,23,1639,913,703,837,86,9,67,8,18,3,131,43
20260808,healthy_roomy,250,19,1645,917,709,840,78,9,68,15,14,3,131,43
20260808,healthy_roomy,251,21,1652,918,713,844,78,5,69,18,10,4,131,43
20260808,healthy_roomy,252,22,1658,923,713,849,86,6,68,10,11,4,131,43
20260808,healthy_roomy,253,23,1663,927,713,852,86,9,66,9,10,4,131,43
20260808,healthy_roomy,254,26,1668,929,713,859,96,6,64,4,10,6,131,43
20260808,healthy_roomy,255,29,1676,934,713,863,94,7,64,5,11,6,122,43
20260808,healthy_roomy,256,34,1684,937,713,865,94,8,64,4,10,6,122,43
20260808,healthy_roomy,257,34,1692,945,713,874,97,11,60,2,9,9,122,43
20260808,healthy_roomy,258,41,1699,945,713,880,102,8,57,3,9,11,122,43
20260808,healthy_roomy,259,43,1705,949,713,888,107,4,57,2,9,11,122,43
20260808,healthy_roomy,260,43,1710,954,713,895,109,9,50,2,9,11,131,43
20260808,healthy_roomy,261,48,1716,955,713,902,115,6,47,2,9,10,131,43
20260808,healthy_roomy,262,52,1722,957,713,904,116,3,50,1,10,11,131,43
20260808,healthy_roomy,263,55,1728,960,713,909,117,5,46,2,10,12,131,43
20260808,healthy_roomy,264,59,1734,960,715,911,119,3,46,2,10,13,131,43
20260808,healthy_roomy,265,60,1740,963,717,915,118,3,45,4,10,12,131,43
20260808,healthy_roomy,266,63,1748,964,721,916,114,4,44,8,12,12,131,43
20260808,healthy_roomy,267,64,1756,969,723,921,108,6,42,14,13,11,131,43
20260808,healthy_roomy,268,63,1764,974,727,924,108,10,40,12,11,12,131,43
20260808,healthy_roomy,269,62,1769,977,730,929,116,8,40,6,9,10,131,43
20260808,healthy_roomy,270,59,1777,981,737,931,110,7,43,10,12,8,131,43
20260808,healthy_roomy,271,61,1785,986,738,935,108,9,42,11,16,7,131,43
20260808,healthy_roomy,272,58,1790,994,738,936,107,13,45,5,17,7,131,43
20260808,healthy_roomy,273,56,1798,1000,742,940,107,14,46,3,19,7,131,43
20260808,healthy_roomy,274,57,1804,1001,746,945,97,7,49,17,19,6,131,43
20260808,healthy_roomy,275,55,1809,1004,750,947,97,4,53,16,18,6,131,43
20260808,healthy_roomy,276,53,1816,1007,756,949,102,6,52,10,19,6,131,43
20260808,healthy_roomy,277,54,1823,1010,759,954,105,6,50,9,19,7,131,43
20260808,healthy_roomy,278,52,1829,1014,763,960,110,7,47,6,16,8,131,43
20260808,healthy_roomy,279,49,1836,1018,769,962,108,8,48,6,15,8,131,43
20260808,healthy_roomy,280,48,1842,1024,770,964,106,10,50,4,15,8,131,43
20260808,healthy_roomy,281,50,1849,1026,773,967,102,8,51,9,12,9,131,43
20260808,healthy_roomy,282,51,1854,1030,773,970,102,6,54,8,11,9,131,43
20260808,healthy_roomy,283,56,1861,1032,773,972,98,6,54,12,10,10,131,43
20260808,healthy_roomy,284,59,1868,1036,773,974,96,6,56,12,10,11,131,43
20260808,healthy_roomy,285,58,1874,1041,775,976,92,9,56,13,11,10,121,40
20260808,healthy_roomy,286,58,1881,1045,778,982,88,9,54,19,10,12,121,40
20260808,healthy_roomy,287,58,1886,1046,782,992,97,5,49,19,10,11,121,40
20260808,healthy_roomy,288,59,1893,1048,786,995,97,3,50,20,11,11,121,40
20260808,healthy_roomy,289,58,1900,1051,791,996,93,5,50,22,10,10,121,40
20260808,healthy_roomy,290,54,1905,1055,796,999,98,7,49,16,9,11,126,43
20260808,healthy_roomy,291,55,1910,1056,799,1001,110,5,50,5,9,11,126,43
20260808,healthy_roomy,292,57,1917,1059,801,1010,118,4,45,3,9,11,126,43
20260808,healthy_roomy,293,59,1924,1062,803,1012,117,6,44,3,10,11,126,43
20260808,healthy_roomy,294,62,1932,1065,805,1019,109,6,40,15,11,11,126,43
20260808,healthy_roomy,295,60,1939,1068,811,1021,107,6,41,16,10,12,131,43
20260808,healthy_roomy,296,59,1944,1071,814,1024,117,6,41,6,9,13,131,43
20260808,healthy_roomy,297,64,1952,1072,816,1027,120,4,41,5,9,13,131,43
20260808,healthy_roomy,298,64,1958,1073,821,1029,121,2,42,5,9,12,131,43
20260808,healthy_roomy,299,63,1963,1077,823,1033,120,5,39,6,10,12,131,43
20260808,healthy_roomy,300,58,1968,1084,826,1035,107,11,38,14,11,11,131,43
20260808,healthy_roomy,301,55,1974,1088,831,1038,93,11,39,27,14,9,131,43
20260808,healthy_roomy,302,56,1980,1090,834,1041,73,6,43,48,16,9,131,43
20260808,healthy_roomy,303,52,1985,1096,837,1043,72,8,45,45,15,7,131,43
20260808,healthy_roomy,304,39,1992,1111,842,1048,86,21,42,21,11,7,131,43
20260808,healthy_roomy,305,38,1997,1112,847,1052,97,16,44,13,15,7,131,43
20260808,healthy_roomy,306,33,2002,1117,852,1055,100,6,56,8,14,5,131,43
20260808,healthy_roomy,307,30,2010,1122,858,1055,91,10,57,12,15,5,131,43
20260808,healthy_roomy,308,27,2015,1126,862,1058,84,9,59,18,16,4,131,43
20260808,healthy_roomy,309,23,2021,1129,869,1060,82,7,62,19,13,4,131,43
20260808,healthy_roomy,310,23,2028,1131,874,1064,85,5,62,18,11,5,131,43
20260808,healthy_roomy,311,22,2033,1137,874,1070,95,8,59,8,9,5,131,43
20260808,healthy_roomy,312,25,2040,1141,874,1072,99,10,59,2,10,6,131,43
20260808,healthy_roomy,313,32,2047,1141,874,1073,93,4,64,9,11,7,131,43
20260808,healthy_roomy,314,37,2055,1144,874,1076,84,3,65,18,11,8,131,43
20260808,healthy_roomy,315,41,2060,1145,874,1080,83,4,61,22,11,8,131,43
20260808,healthy_roomy,316,47,2067,1146,874,1080,88,2,64,16,12,8,131,43
20260808,healthy_roomy,317,44,2073,1155,874,1085,86,10,60,14,12,7,131,43
20260808,healthy_roomy,318,47,2078,1157,874,1088,78,11,58,23,10,11,131,43
20260808,healthy_roomy,319,53,2086,1159,874,1094,81,4,61,24,10,11,131,43
20260808,healthy_roomy,320,56,2094,1164,874,1100,94,7,57,12,12,13,131,43
20260808,healthy_roomy,321,59,2101,1168,874,1105,100,9,54,7,14,13,131,43
20260808,healthy_roomy,322,63,2107,1170,874,1110,103,6,54,7,13,13,131,43
20260808,healthy_roomy,323,66,2114,1172,876,1116,106,4,52,8,13,14,131,43
20260808,healthy_roomy,324,66,2120,1174,880,1122,110,4,48,8,14,14,131,43
20260808,healthy_roomy,325,64,2125,1180,881,1129,117,8,43,2,13,13,131,43
20260808,healthy_roomy,326,63,2131,1182,886,1133,117,8,41,4,14,14,131,43
20260808,healthy_roomy,327,66,2138,1182,890,1136,109,2,44,15,15,13,131,43
20260808,healthy_roomy,328,65,2144,1185,894,1139,94,3,43,30,14,14,131,43
20260808,healthy_roomy,329,66,2151,1187,898,1143,104,5,39,22,12,15,131,43
20260808,healthy_roomy,330,62,2158,1194,902,1148,120,9,37,4,13,15,131,43
20260808,healthy_roomy,331,58,2166,1200,908,1150,117,13,37,3,15,14,131,43
20260808,healthy_roomy,332,55,2173,1205,913,1152,106,11,42,11,16,14,131,43
20260808,healthy_roomy,333,55,2179,1206,918,1157,106,6,43,15,19,14,131,43
20260808,healthy_roomy,334,52,2186,1212,922,1157,108,7,48,7,18,10,131,43
20260808,healthy_roomy,335,46,2192,1219,927,1160,108,13,46,3,17,6,121,40
20260808,healthy_roomy,336,46,2199,1222,931,1165,107,10,47,6,19,6,121,40
20260808,healthy_roomy,337,44,2205,1225,936,1169,105,6,50,9,17,6,121,40
20260808,healthy_roomy,338,43,2213,1231,939,1170,103,9,52,6,16,5,121,40
20260808,healthy_roomy,339,41,2219,1234,944,1174,107,9,51,3,16,5,121,40
20260808,healthy_roomy,340,42,2225,1235,948,1176,106,4,55,5,17,6,131,43
20260808,healthy_roomy,341,37,2230,1238,955,1178,104,4,56,6,10,7,131,43
20260808,healthy_roomy,342,38,2236,1243,955,1181,104,8,54,4,9,7,131,43
20260808,healthy_roomy,343,39,2241,1247,955,1185,107,9,53,1,9,7,131,43
20260808,healthy_roomy,344,46,2248,1247,955,1187,108,4,56,2,10,7,131,43
20260808,healthy_roomy,345,50,2254,1249,955,1190,97,2,57,14,11,9,131,43
20260808,healthy_roomy,346,54,2262,1253,955,1194,94,6,53,17,10,12,131,43
20260808,healthy_roomy,347,58,2268,1255,955,1198,97,6,51,16,9,13,131,43
20260808,healthy_roomy,348,62,2276,1256,958,1203,105,3,50,12,9,16,131,43
20260808,healthy_roomy,349,57,2284,1269,958,1205,105,14,50,1,9,16,131,43
20260808,healthy_roomy,350,61,2291,1272,958,1206,102,16,50,2,9,17,131,43
20260808,healthy_roomy,351,65,2297,1272,960,1210,103,3,59,5,9,17,131,43
20260808,healthy_roomy,352,65,2303,1274,964,1213,103,2,59,6,10,17,131,43
20260808,healthy_roomy,353,65,2308,1277,966,1216,102,5,56,7,10,16,131,43
20260808,healthy_roomy,354,69,2316,1280,967,1226,107,6,48,9,10,16,131,43
20260808,healthy_roomy,355,69,2322,1283,970,1227,98,6,50,16,11,16,131,43
20260808,healthy_roomy,356,69,2330,1287,974,1234,90,7,46,27,10,14,131,43
20260808,healthy_roomy,357,71,2338,1290,977,1239,102,7,44,17,9,12,131,43
20260808,healthy_roomy,358,64,2344,1298,982,1239,108,11,48,3,10,10,131,43
20260808,healthy_roomy,359,68,2352,1300,984,1240,107,10,50,3,10,11,131,43
20260808,healthy_roomy,360,64,2359,1305,990,1246,102,7,52,9,14,9,126,43
20260808,healthy_roomy,361,68,2367,1305,994,1248,79,5,52,34,19,9,126,43
20260808,healthy_roomy,362,67,2375,1313,995,1252,79,8,53,30,20,9,126,43
20260808,healthy_roomy,363,52,2380,1329,999,1257,79,24,48,19,14,9,126,43
20260808,healthy_roomy,364,50,2385,1331,1004,1258,75,18,55,22,14,8,126,43
20260808,healthy_roomy,365,48,2393,1341,1004,1260,75,12,69,14,16,8,131,43
20260808,healthy_roomy,366,45,2398,1349,1004,1265,72,18,66,14,18,6,131,43
20260808,healthy_roomy,367,43,2405,1356,1006,1268,74,15,73,8,17,6,131,43
20260808,healthy_roomy,368,38,2411,1364,1009,1275,74,15,74,7,18,4,131,43
20260808,healthy_roomy,369,37,2417,1366,1014,1281,78,10,75,7,18,5,131,43
20260808,healthy_roomy,370,35,2424,1373,1016,1285,81,9,79,1,16,6,131,43
20260808,healthy_roomy,371,33,2430,1374,1023,1291,84,8,75,3,11,7,131,43
20260808,healthy_roomy,372,37,2435,1375,1023,1296,85,2,77,6,12,7,131,43
20260808,healthy_roomy,373,41,2443,1379,1023,1300,80,5,74,11,11,7,131,43
20260808,healthy_roomy,374,45,2448,1380,1023,1302,83,5,73,9,10,7,131,43
20260808,healthy_roomy,375,50,2455,1382,1023,1304,91,3,75,1,10,8,131,43
20260808,healthy_roomy,376,53,2460,1384,1023,1313,98,4,67,1,10,8,131,43
20260808,healthy_roomy,377,58,2465,1384,1023,1321,106,2,61,1,10,9,131,43
20260808,healthy_roomy,378,62,2471,1385,1024,1325,107,1,59,3,11,10,131,43
20260808,healthy_roomy,379,62,2478,1385,1031,1327,108,1,57,4,10,9,131,43
20260808,healthy_roomy,380,62,2484,1390,1032,1331,109,5,54,2,9,9,115,42
20260808,healthy_roomy,381,61,2489,1391,1037,1334,111,6,51,2,9,9,115,42
20260808,healthy_roomy,382,59,2494,1394,1041,1340,114,4,50,2,10,9,115,42
20260808,healthy_roomy,383,58,2500,1397,1045,1349,109,6,42,13,10,9,115,42
20260808,healthy_roomy,384,61,2507,1398,1048,1355,109,4,39,18,10,10,115,42
20260808,healthy_roomy,385,60,2515,1402,1053,1359,110,5,38,17,9,9,131,43
20260808,healthy_roomy,386,60,2520,1405,1055,1363,117,7,35,11,9,9,131,43
20260808,healthy_roomy,387,62,2528,1407,1059,1367,127,5,35,3,10,9,131,43
20260808,healthy_roomy,388,63,2533,1407,1063,1370,118,2,35,15,11,10,131,43
20260808,healthy_roomy,389,63,2541,1411,1067,1373,107,4,34,25,12,10,131,43
20260808,healthy_roomy,390,59,2547,1418,1070,1378,94,11,29,36,12,9,121,40
20260808,healthy_roomy,391,55,2553,1422,1076,1379,85,11,32,42,15,9,121,40
20260808,healthy_roomy,392,46,2558,1436,1076,1382,70,18,36,46,14,7,121,40
20260808,healthy_roomy,393,41,2564,1447,1076,1384,74,25,38,33,16,7,121,40
20260808,healthy_roomy,394,35,2572,1461,1076,1385,85,25,51,9,14,6,121,40
20260808,healthy_roomy,395,41,2580,1463,1076,1387,81,16,60,13,19,6,131,43
20260808,healthy_roomy,396,45,2588,1467,1076,1390,82,6,71,11,16,6,131,43
20260808,healthy_roomy,397,41,2594,1470,1083,1394,90,7,69,4,18,6,131,43
20260808,healthy_roomy,398,42,2602,1472,1088,1396,66,5,71,28,17,5,131,43
20260808,healthy_roomy,399,39,2609,1475,1095,1397,62,5,73,30,15,6,131,43
20260808,healthy_roomy,400,43,2617,1475,1099,1399,88,3,73,6,14,7,131,43
20260808,healthy_roomy,401,42,2622,1476,1104,1400,92,1,75,2,10,9,131,43
20260808,healthy_roomy,402,48,2628,1476,1104,1404,95,1,71,3,11,9,131,43
20260808,healthy_roomy,403,54,2636,1478,1104,1407,96,2,69,3,11,8,131,43
20260808,healthy_roomy,404,58,2643,1481,1104,1411,97,5,65,3,9,9,131,43
20260808,healthy_roomy,405,64,2650,1482,1104,1419,101,4,59,6,10,10,131,43
20260808,healthy_roomy,406,70,2658,1484,1104,1426,103,3,55,9,11,10,131,43
20260808,healthy_roomy,407,72,2666,1490,1104,1432,104,8,50,8,11,12,131,43
20260808,healthy_roomy,408,72,2674,1492,1110,1436,105,8,48,9,14,10,131,43
20260808,healthy_roomy,409,72,2681,1497,1112,1443,103,7,47,13,13,10,131,43
20260808,healthy_roomy,410,71,2689,1501,1117,1450,107,9,42,12,13,9,131,43
20260808,healthy_roomy,411,69,2694,1504,1121,1454,113,7,43,7,12,10,131,43
20260808,healthy_roomy,412,64,2700,1510,1126,1464,120,9,37,4,11,11,131,43
20260808,healthy_roomy,413,64,2705,1512,1129,1468,122,8,36,4,10,13,131,43
20260808,healthy_roomy,414,64,2712,1516,1132,1470,121,6,40,3,11,13,131,43
20260808,healthy_roomy,415,62,2717,1518,1137,1472,117,6,40,7,11,13,131,43
20260808,healthy_roomy,416,60,2725,1521,1144,1473,115,5,43,7,11,12,131,43
20260808,healthy_roomy,417,61,2733,1523,1149,1478,108,5,40,17,11,11,131,43
20260808,healthy_roomy,418,60,2740,1526,1154,1480,98,5,41,26,12,10,131,43
20260808,healthy_roomy,419,59,2746,1532,1155,1482,98,9,41,22,11,11,131,43
20260808,healthy_roomy,420,59,2752,1535,1158,1484,93,9,42,26,14,10,131,43
20260808,healthy_roomy,421,51,2759,1547,1161,1485,80,15,47,28,11,9,131,43
20260808,healthy_roomy,422,46,2767,1555,1166,1487,80,20,48,22,12,8,131,43
20260808,healthy_roomy,423,42,2772,1561,1169,1490,80,14,57,19,12,7,131,43
20260808,healthy_roomy,424,38,2778,1567,1173,1492,82,12,63,13,12,5,131,43
20260808,healthy_roomy,425,38,2785,1570,1177,1495,76,9,66,19,15,5,131,43
20260808,healthy_roomy,426,38,2791,1572,1181,1500,68,5,67,30,18,4,131,43
20260808,healthy_roomy,427,28,2798,1589,1181,1504,64,19,66,21,17,4,131,43
20260808,healthy_roomy,428,29,2803,1593,1181,1509,78,21,63,8,15,4,131,43
20260808,healthy_roomy,429,29,2810,1597,1184,1510,80,8,79,3,15,5,131,43
20260808,healthy_roomy,430,29,2815,1598,1188,1514,74,5,79,12,16,5,131,43
20260808,healthy_roomy,431,25,2821,1602,1194,1517,72,5,80,13,11,5,131,43
20260808,healthy_roomy,432,31,2829,1604,1194,1520,64,6,78,22,13,6,131,43
20260808,healthy_roomy,433,30,2834,1610,1194,1525,51,8,77,34,11,7,131,43
20260808,healthy_roomy,434,30,2839,1615,1194,1529,63,11,75,21,10,7,131,43
20260808,healthy_roomy,435,29,2846,1623,1194,1532,70,13,78,9,9,7,131,43
20260808,healthy_roomy,436,29,2851,1628,1194,1538,73,13,77,7,8,8,131,43
20260808,healthy_roomy,437,30,2857,1633,1194,1542,74,10,81,5,8,7,131,43
20260808,healthy_roomy,438,36,2865,1635,1194,1548,80,7,80,3,9,7,131,43
20260808,healthy_roomy,439,39,2870,1637,1194,1558,87,4,75,4,9,7,131,43
20260808,healthy_roomy,440,44,2876,1638,1194,1564,93,3,71,3,9,8,131,43
20260808,healthy_roomy,441,45,2882,1643,1194,1570,97,6,67,0,9,7,131,43
20260808,healthy_roomy,442,47,2887,1646,1194,1574,97,8,64,1,9,8,131,43
20260808,healthy_roomy,443,51,2892,1647,1194,1578,98,4,65,3,9,9,131,43
20260808,healthy_roomy,444,53,2900,1650,1197,1586,101,4,60,5,11,12,131,43
20260808,healthy_roomy,445,56,2906,1652,1198,1589,85,5,58,22,12,11,121,40
20260808,healthy_roomy,446,58,2913,1655,1200,1597,81,5,53,31,12,11,121,40
20260808,healthy_roomy,447,58,2920,1661,1201,1602,84,9,50,27,10,11,121,40
20260808,healthy_roomy,448,59,2927,1667,1201,1607,91,12,48,19,10,10,121,40
20260808,healthy_roomy,449,61,2935,1670,1204,1611,96,9,50,15,10,11,121,40
20260808,healthy_roomy,450,56,2942,1679,1207,1617,93,12,50,15,13,10,131,43
20260808,healthy_roomy,451,55,2947,1683,1209,1618,85,13,52,20,16,9,131,43
20260808,healthy_roomy,452,52,2954,1687,1215,1623,85,8,56,21,16,8,131,43
20260808,healthy_roomy,453,39,2962,1704,1219,1626,73,21,57,19,11,8,131,43
20260808,healthy_roomy,454,37,2967,1710,1220,1630,74,23,57,16,12,7,131,43
20260808,healthy_roomy,455,34,2973,1716,1223,1637,83,12,67,8,13,6,131,43
20260808,healthy_roomy,456,36,2981,1718,1227,1641,77,8,69,16,16,5,131,43
20260808,healthy_roomy,457,32,2988,1725,1231,1643,76,9,73,12,15,5,131,43
20260808,healthy_roomy,458,31,2995,1728,1236,1646,72,10,72,16,18,3,131,43
20260808,healthy_roomy,459,31,3000,1731,1238,1647,71,6,78,15,17,3,131,43
20260808,healthy_roomy,460,22,3005,1745,1238,1650,73,17,78,2,12,5,131,43
20260808,healthy_roomy,461,27,3013,1745,1241,1659,70,14,72,14,12,5,131,43
20260808,healthy_roomy,462,31,3018,1746,1241,1659,58,1,86,25,12,6,131,43
20260808,healthy_roomy,463,33,3024,1750,1241,1662,69,5,83,13,11,6,131,43
20260808,healthy_roomy,464,36,3029,1752,1241,1665,79,6,81,4,11,7,131,43
20260808,healthy_roomy,465,41,3036,1754,1241,1675,85,4,75,6,11,8,131,43
20260808,healthy_roomy,466,45,3043,1757,1241,1680,79,5,72,14,12,8,131,43
20260808,healthy_roomy,467,48,3049,1760,1241,1686,84,6,68,12,11,9,131,43
20260808,healthy_roomy,468,53,3056,1762,1241,1693,97,5,64,4,12,10,131,43
20260808,healthy_roomy,469,57,3062,1764,1241,1700,87,4,60,19,12,12,131,43
20260808,healthy_roomy,470,57,3067,1768,1242,1707,88,6,55,21,10,12,131,43
20260808,healthy_roomy,471,59,3074,1770,1245,1708,98,6,56,10,11,11,131,43
20260808,healthy_roomy,472,62,3082,1772,1248,1712,94,4,56,16,12,13,131,43
20260808,healthy_roomy,473,62,3090,1779,1249,1714,84,9,56,21,14,12,131,43
20260808,healthy_roomy,474,63,3097,1781,1253,1725,89,9,47,25,13,12,131,43
20260808,healthy_roomy,475,62,3103,1785,1256,1729,93,6,50,21,12,11,131,43
20260808,healthy_roomy,476,62,3109,1789,1258,1733,103,8,48,11,10,13,131,43
20260808,healthy_roomy,477,59,3115,1793,1263,1737,108,8,48,6,10,14,131,43
20260808,healthy_roomy,478,60,3122,1796,1266,1744,110,7,45,8,11,14,131,43
20260808,healthy_roomy,479,57,3127,1798,1272,1748,108,5,45,12,10,14,131,43
20260808,healthy_roomy,480,56,3133,1801,1276,1750,102,5,46,17,12,14,131,43
20260808,healthy_roomy,481,57,3140,1801,1282,1755,87,3,43,37,17,12,131,43
20260808,healthy_roomy,482,53,3148,1813,1282,1758,81,12,43,34,16,9,131,43
20260808,healthy_roomy,483,37,3154,1832,1285,1760,87,31,41,11,10,8,131,43
20260808,healthy_roomy,484,35,3159,1835,1289,1760,92,22,53,3,13,7,131,43
20260808,healthy_roomy,485,36,3166,1838,1292,1763,90,6,69,5,15,6,131,43
20260808,healthy_roomy,486,36,3174,1840,1298,1763,89,5,72,4,18,5,131,43
20260808,healthy_roomy,487,38,3182,1843,1301,1766,91,5,72,2,16,5,131,43
20260808,healthy_roomy,488,38,3188,1844,1306,1770,92,4,70,4,18,6,131,43
20260808,healthy_roomy,489,39,3196,1849,1308,1775,87,6,68,9,16,6,131,43
20260808,healthy_roomy,490,37,3203,1853,1313,1780,88,9,64,9,16,6,126,43
20260808,healthy_roomy,491,39,3211,1859,1313,1783,88,10,66,6,12,6,126,43
20260808,healthy_roomy,492,45,3219,1861,1313,1785,87,8,68,7,13,7,126,43
20260808,healthy_roomy,493,47,3227,1867,1313,1791,77,8,68,17,13,7,126,43
20260808,healthy_roomy,494,51,3234,1870,1313,1796,77,9,65,19,12,7,126,43
20260808,healthy_roomy,495,54,3240,1873,1313,1801,83,6,66,15,12,7,131,43
20260808,healthy_roomy,496,57,3247,1877,1313,1806,82,7,64,17,11,9,131,43
20260808,healthy_roomy,497,54,3255,1888,1313,1811,86,15,62,7,10,8,131,43
20260808,healthy_roomy,498,54,3260,1891,1315,1812,89,14,65,2,10,8,131,43
20260808,healthy_roomy,499,57,3265,1891,1317,1814,90,3,74,3,10,9,131,43
20260808,healthy_roomy,500,57,3271,1894,1320,1820,94,3,71,2,9,9,131,43
20260808,healthy_roomy,501,59,3278,1895,1324,1823,96,4,68,2,9,10,131,43
20260808,healthy_roomy,502,63,3286,1896,1327,1831,102,2,63,3,10,11,131,43
20260808,healthy_roomy,503,64,3294,1898,1332,1833,97,3,62,8,10,11,131,43
20260808,healthy_roomy,504,61,3300,1903,1336,1842,102,7,54,7,9,10,131,43
20260808,healthy_roomy,505,62,3306,1905,1339,1850,112,7,48,3,10,11,131,43
20260808,healthy_roomy,506,62,3313,1906,1345,1853,111,3,50,6,10,13,131,43
20260808,healthy_roomy,507,64,3321,1910,1347,1857,111,5,48,6,9,13,131,43
20260808,healthy_roomy,508,63,3329,1912,1354,1866,119,6,40,5,10,12,131,43
20260808,healthy_roomy,509,64,3336,1916,1356,1870,114,6,40,10,11,12,131,43
20260808,healthy_roomy,510,61,3341,1922,1358,1873,109,10,39,12,12,11,131,43
20260808,healthy_roomy,511,62,3349,1925,1362,1875,97,9,41,23,15,10,131,43
20260808,healthy_roomy,512,63,3357,1929,1365,1877,97,7,45,21,17,10,131,43
20260808,healthy_roomy,513,49,3363,1942,1372,1882,106,17,43,4,13,10,131,43
20260808,healthy_roomy,514,48,3370,1943,1379,1886,107,14,43,6,17,7,131,43
20260808,healthy_roomy,515,45,3376,1945,1386,1888,103,3,54,10,16,5,131,43
20260808,healthy_roomy,516,46,3384,1951,1387,1891,103,8,52,7,16,6,131,43
20260808,healthy_roomy,517,46,3390,1954,1390,1893,99,9,52,10,16,6,131,43
20260808,healthy_roomy,518,45,3398,1957,1396,1895,96,6,56,12,18,6,131,43
20260808,healthy_roomy,519,41,3404,1963,1400,1898,85,9,56,20,17,7,131,43
20260808,healthy_roomy,520,40,3411,1966,1405,1902,83,9,55,23,13,8,101,38
20260808,healthy_roomy,521,39,3419,1972,1408,1902,89,9,61,11,9,9,101,38
20260808,healthy_roomy,522,40,3424,1976,1408,1905,93,10,61,6,10,9,101,38
20260808,healthy_roomy,523,42,3432,1982,1408,1909,91,10,63,6,13,10,101,38
20260808,healthy_roomy,524,47,3440,1985,1408,1912,63,9,64,34,13,10,101,38
20260808,healthy_roomy,525,50,3447,1989,1408,1915,54,7,67,42,11,10,126,43
20260808,healthy_roomy,526,52,3454,1994,1408,1919,70,9,66,25,10,9,126,43
20260808,healthy_roomy,527,56,3460,1996,1408,1923,83,7,66,14,9,10,126,43
20260808,healthy_roomy,528,48,3465,2009,1408,1929,89,15,65,1,9,8,126,43
20260808,healthy_roomy,529,53,3472,2011,1408,1933,89,15,63,3,10,9,126,43
20260808,healthy_roomy,530,58,3477,2011,1408,1937,85,2,72,11,11,11,131,43
20260808,healthy_roomy,531,60,3482,2014,1408,1941,89,3,70,8,10,11,131,43
20260808,healthy_roomy,532,59,3487,2018,1410,1944,95,7,67,1,9,10,131,43
20260808,healthy_roomy,533,57,3492,2018,1417,1954,102,4,60,4,9,10,131,43
20260808,healthy_roomy,534,57,3497,2020,1420,1962,109,2,56,3,9,10,131,43
20260808,healthy_roomy,535,59,3505,2024,1422,1970,110,6,48,6,11,12,131,43
20260808,healthy_roomy,536,59,3510,2025,1426,1974,110,5,46,9,11,11,131,43
20260808,healthy_roomy,537,57,3516,2032,1427,1978,112,8,46,4,10,9,131,43
20260808,healthy_roomy,538,57,3523,2034,1432,1981,112,9,44,5,10,9,131,43
20260808,healthy_roomy,539,54,3528,2036,1438,1985,113,4,47,6,10,8,131,43
20260808,healthy_roomy,540,55,3534,2037,1442,1991,106,3,43,18,15,8,131,43
20260808,healthy_roomy,541,57,3542,2040,1445,1993,93,4,43,30,17,7,131,43
20260808,healthy_roomy,542,51,3547,2047,1449,1999,94,10,38,28,17,7,131,43
20260808,healthy_roomy,543,47,3553,2053,1453,2004,96,13,36,25,15,6,131,43
20260808,healthy_roomy,544,49,3561,2055,1457,2006,108,8,41,13,17,5,131,43
20260808,healthy_roomy,545,48,3566,2057,1461,2009,118,4,44,4,17,5,131,43
20260808,healthy_roomy,546,50,3573,2059,1464,2012,119,4,43,4,17,5,131,43
20260808,healthy_roomy,547,47,3578,2063,1468,2013,118,6,44,2,18,5,131,43
20260808,healthy_roomy,548,48,3584,2065,1471,2018,118,6,41,5,18,7,131,43
20260808,healthy_roomy,549,50,3591,2066,1475,2021,117,3,42,8,19,8,131,43
20260808,healthy_roomy,550,47,3598,2072,1479,2022,96,7,43,24,16,7,126,43
20260808,healthy_roomy,551,47,3605,2077,1481,2023,80,11,43,36,11,8,126,43
20260808,healthy_roomy,552,49,3611,2081,1481,2029,94,9,43,24,11,8,126,43
20260808,healthy_roomy,553,54,3616,2081,1481,2030,107,4,47,12,12,9,126,43
20260808,healthy_roomy,554,55,3621,2085,1481,2032,113,4,49,4,11,8,126,43
20260808,healthy_roomy,555,58,3627,2088,1481,2039,119,7,42,2,11,8,131,43
20260808,healthy_roomy,556,60,3635,2090,1485,2041,115,5,44,6,12,8,131,43
20260808,healthy_roomy,557,62,3643,2092,1489,2044,112,4,44,10,12,9,131,43
20260808,healthy_roomy,558,58,3648,2098,1492,2046,112,8,44,6,10,8,131,43
20260808,healthy_roomy,559,60,3653,2098,1495,2050,119,6,42,3,10,8,131,43
20260808,healthy_roomy,560,60,3660,2099,1501,2055,122,1,43,4,10,10,131,43
20260808,healthy_roomy,561,61,3667,2103,1503,2058,121,5,40,4,10,11,131,43
20260808,healthy_roomy,562,62,3674,2106,1506,2061,123,7,38,2,10,11,131,43
20260808,healthy_roomy,563,64,3681,2108,1509,2066,126,5,37,2,11,11,131,43
20260808,healthy_roomy,564,67,3689,2110,1512,2068,120,4,38,8,11,10,131,43
20260808,healthy_roomy,565,67,3697,2114,1516,2072,122,6,36,6,9,11,131,43
20260808,healthy_roomy,566,69,3704,2116,1519,2076,128,6,34,2,9,12,131,43
20260808,healthy_roomy,567,72,3712,2116,1524,2078,128,2,36,4,10,13,131,43
20260808,healthy_roomy,568,71,3719,2119,1529,2082,120,3,34,13,11,12,131,43
20260808,healthy_roomy,569,69,3725,2123,1533,2083,109,7,33,21,11,12,131,43
20260808,healthy_roomy,570,57,3731,2139,1535,2083,101,20,36,13,11,10,121,43
20260808,healthy_roomy,571,62,3739,2140,1537,2084,91,17,39,23,17,9,121,43
20260808,healthy_roomy,572,63,3747,2143,1541,2088,85,4,51,30,19,8,121,43
20260808,healthy_roomy,573,50,3754,2163,1541,2090,74,23,50,23,20,6,121,43
20260808,healthy_roomy,574,51,3759,2167,1541,2094,70,24,49,27,20,6,121,43
20260808,healthy_roomy,575,53,3764,2170,1541,2097,81,7,66,16,18,6,131,43
20260808,healthy_roomy,576,52,3772,2175,1545,2099,87,8,68,7,19,6,131,43
20260808,healthy_roomy,577,51,3777,2176,1550,2100,88,6,70,6,20,7,131,43
20260808,healthy_roomy,578,44,3783,2182,1557,2102,87,7,73,3,17,6,131,43
20260808,healthy_roomy,579,39,3788,2184,1565,2104,86,8,72,4,15,6,131,43
20260808,healthy_roomy,580,38,3793,2185,1570,2107,89,3,75,3,12,7,131,43
20260808,healthy_roomy,581,38,3799,2188,1573,2112,92,4,72,2,9,7,131,43
20260808,healthy_roomy,582,43,3805,2189,1573,2116,96,4,69,1,10,8,131,43
20260808,healthy_roomy,583,46,3812,2193,1573,2123,100,5,65,0,12,8,131,43
20260808,healthy_roomy,584,52,3818,2193,1573,2129,104,4,60,2,14,9,131,43
20260808,healthy_roomy,585,57,3824,2194,1573,2135,108,1,58,3,14,11,131,43
20260808,healthy_roomy,586,57,3829,2199,1573,2143,111,6,50,3,13,10,131,43
20260808,healthy_roomy,587,57,3835,2203,1575,2149,114,9,45,2,13,10,131,43
20260808,healthy_roomy,588,53,3841,2209,1579,2153,114,10,46,0,12,9,131,43
20260808,healthy_roomy,589,55,3847,2209,1583,2156,115,6,47,2,13,10,131,43
20260808,healthy_roomy,590,56,3854,2209,1589,2161,109,0,48,13,15,10,131,43
20260808,healthy_roomy,591,56,3859,2211,1592,2161,106,2,48,14,13,12,131,43
20260808,healthy_roomy,592,56,3865,2213,1596,2169,118,4,40,8,11,11,131,43
20260808,healthy_roomy,593,59,3873,2214,1600,2171,122,3,40,5,11,12,131,43
20260808,healthy_roomy,594,55,3878,2220,1603,2175,124,7,38,1,9,10,131,43
20260808,healthy_roomy,595,55,3885,2222,1608,2181,127,8,33,2,10,11,131,43
20260808,healthy_roomy,596,58,3893,2224,1611,2184,126,4,36,4,10,11,131,43
20260808,healthy_roomy,597,56,3899,2227,1616,2187,126,5,35,4,10,9,131,43
20260808,healthy_roomy,598,56,3904,2228,1620,2189,127,4,35,4,10,9,131,43
20260808,healthy_roomy,599,59,3912,2229,1624,2193,129,2,34,5,10,9,131,43
20260808,healthy_roomy,600,58,3918,2235,1625,2194,124,7,34,5,11,9,121,40
20260808,healthy_wide,1,2,6,4,0,0,144,4,0,2,2,1,131,43
20260808,healthy_wide,2,6,11,5,0,0,127,5,0,18,5,2,131,43
20260808,healthy_wide,3,7,16,9,0,0,123,5,4,18,4,2,131,43
20260808,healthy_wide,4,0,24,24,0,0,124,19,5,2,0,0,131,43
20260808,healthy_wide,5,1,30,29,0,0,120,20,9,1,1,1,131,43
20260808,healthy_wide,6,5,36,31,0,0,112,7,24,7,5,1,131,43
20260808,healthy_wide,7,10,44,34,0,0,110,5,29,6,7,2,131,43
20260808,healthy_wide,8,16,52,36,0,0,113,5,31,1,8,4,131,43
20260808,healthy_wide,9,23,59,36,0,0,113,2,34,1,9,6,131,43
20260808,healthy_wide,10,26,67,41,0,0,108,5,36,1,9,6,131,43
20260808,healthy_wide,11,32,75,43,0,0,106,7,36,1,9,7,131,43
20260808,healthy_wide,12,35,80,45,0,0,104,4,41,1,9,8,131,43
20260808,healthy_wide,13,43,88,45,0,1,104,2,42,2,10,8,131,43
20260808,healthy_wide,14,47,96,49,0,3,102,4,42,2,10,9,131,43
20260808,healthy_wide,15,50,101,51,0,8,106,6,37,1,10,9,131,43
20260808,healthy_wide,16,54,106,52,0,9,107,3,40,0,10,9,131,43
20260808,healthy_wide,17,60,113,53,0,10,105,2,41,2,10,10,131,43
20260808,healthy_wide,18,66,119,53,0,11,105,1,41,3,10,10,131,43
20260808,healthy_wide,19,66,125,58,1,15,105,5,38,2,9,10,131,43
20260808,healthy_wide,20,65,132,59,8,17,107,6,36,1,9,10,121,40
20260808,healthy_wide,21,64,137,60,13,20,109,2,38,1,9,11,121,40
20260808,healthy_wide,22,67,144,60,17,24,112,1,35,2,10,11,121,40
20260808,healthy_wide,23,67,151,62,22,29,114,2,31,3,10,12,121,40
20260808,healthy_wide,24,67,157,65,25,32,115,5,28,2,10,12,121,40
20260808,healthy_wide,25,67,164,67,30,35,116,5,27,2,11,10,126,43
20260808,healthy_wide,26,65,169,69,35,39,112,4,26,8,11,10,126,43
20260808,healthy_wide,27,62,174,72,40,40,112,5,27,6,10,9,126,43
20260808,healthy_wide,28,61,179,78,40,42,114,9,27,0,10,9,126,43
20260808,healthy_wide,29,62,186,81,43,45,114,9,27,0,10,10,126,43
20260808,healthy_wide,30,56,191,86,49,47,111,8,31,0,10,10,131,43
20260808,healthy_wide,31,52,197,92,53,49,105,11,32,2,10,9,131,43
20260808,healthy_wide,32,51,204,93,60,52,100,7,34,9,14,8,131,43
20260808,healthy_wide,33,51,211,96,64,52,95,4,40,11,17,7,131,43
20260808,healthy_wide,34,44,217,105,68,56,97,12,37,4,16,6,131,43
20260808,healthy_wide,35,38,223,111,74,58,94,15,38,3,17,6,131,43
20260808,healthy_wide,36,39,228,112,77,62,96,7,43,4,17,5,131,43
20260808,healthy_wide,37,34,234,116,84,63,96,5,48,1,15,5,131,43
20260808,healthy_wide,38,37,242,118,87,64,95,6,48,1,16,5,131,43
20260808,healthy_wide,39,38,247,118,91,65,96,2,51,1,16,5,131,43
20260808,healthy_wide,40,37,254,121,96,66,93,3,52,2,13,6,131,43
20260808,healthy_wide,41,37,260,122,101,69,94,4,49,3,9,7,131,43
20260808,healthy_wide,42,41,267,125,101,72,96,4,49,1,9,8,131,43
20260808,healthy_wide,43,46,274,127,101,75,96,5,47,2,9,9,131,43
20260808,healthy_wide,44,50,279,128,101,78,98,3,47,2,9,9,131,43
20260808,healthy_wide,45,53,284,130,101,79,98,3,48,1,9,10,131,43
20260808,healthy_wide,46,59,291,131,101,81,99,3,47,1,9,11,131,43
20260808,healthy_wide,47,61,297,135,101,85,98,5,45,2,9,12,131,43
20260808,healthy_wide,48,64,305,135,106,93,102,4,38,6,10,13,131,43
20260808,healthy_wide,49,64,313,140,109,97,103,5,38,4,10,12,131,43
20260808,healthy_wide,50,66,320,144,110,102,105,9,33,3,11,12,126,43
20260808,healthy_wide,51,68,328,145,115,104,106,5,36,3,11,11,126,43
20260808,healthy_wide,52,66,335,151,118,108,105,7,36,2,11,13,126,43
20260808,healthy_wide,53,67,341,152,122,115,109,7,30,4,13,13,126,43
20260808,healthy_wide,54,66,347,155,126,116,107,4,35,4,13,14,126,43
20260808,healthy_wide,55,66,355,157,132,119,107,5,33,5,11,13,131,43
20260808,healthy_wide,56,69,363,160,134,120,107,5,35,3,11,14,131,43
20260808,healthy_wide,57,69,368,162,137,121,107,5,36,2,12,14,131,43
20260808,healthy_wide,58,67,373,162,144,122,108,2,38,2,12,14,131,43
20260808,healthy_wide,59,70,381,165,146,124,108,3,38,1,11,14,131,43
20260808,healthy_wide,60,62,388,172,154,126,101,10,36,3,10,12,131,43
20260808,healthy_wide,61,62,395,175,158,129,97,10,36,7,14,12,131,43
20260808,healthy_wide,62,61,402,178,163,133,84,6,39,21,14,11,131,43
20260808,healthy_wide,63,57,410,183,170,138,85,8,37,20,15,11,131,43
20260808,healthy_wide,64,44,418,200,174,141,85,22,37,6,14,10,131,43
20260808,healthy_wide,65,44,425,205,176,143,85,22,40,3,15,10,131,43
20260808,healthy_wide,66,43,430,207,180,146,83,7,54,6,16,9,131,43
20260808,healthy_wide,67,38,435,209,188,148,83,4,57,6,15,5,131,43
20260808,healthy_wide,68,37,442,211,194,150,82,4,57,7,17,5,131,43
20260808,healthy_wide,69,37,450,215,198,152,79,6,57,8,18,6,131,43
20260808,healthy_wide,70,37,458,222,199,153,79,11,58,2,15,7,131,43
20260808,healthy_wide,71,36,466,224,206,154,79,9,61,1,9,6,131,43
20260808,healthy_wide,72,41,472,225,206,154,75,3,68,4,9,8,131,43
20260808,healthy_wide,73,45,479,228,206,160,77,4,64,5,9,8,131,43
20260808,healthy_wide,74,46,485,233,206,164,77,8,61,4,10,7,131,43
20260808,healthy_wide,75,49,490,235,206,167,72,7,61,10,10,8,131,43
20260808,healthy_wide,76,52,495,237,206,170,74,4,63,9,9,9,131,43
20260808,healthy_wide,77,57,502,239,206,173,83,4,62,1,9,9,131,43
20260808,healthy_wide,78,62,510,242,206,180,85,5,57,3,10,9,131,43
20260808,healthy_wide,79,68,517,243,206,189,81,4,50,15,13,10,131,43
20260808,healthy_wide,80,69,524,248,207,193,69,6,49,26,12,11,131,43
20260808,healthy_wide,81,65,531,255,211,197,74,12,46,18,9,11,131,43
20260808,healthy_wide,82,65,539,258,216,201,89,10,47,4,9,12,131,43
20260808,healthy_wide,83,63,544,261,220,207,95,6,48,1,9,13,131,43
20260808,healthy_wide,84,64,552,263,225,210,96,5,48,1,9,14,131,43
20260808,healthy_wide,85,62,558,266,230,215,99,5,46,0,9,13,131,43
20260808,healthy_wide,86,64,566,269,233,217,95,6,46,3,10,14,131,43
20260808,healthy_wide,87,63,571,270,238,219,85,4,47,14,10,13,131,43
20260808,healthy_wide,88,64,579,273,242,222,75,4,47,24,11,11,131,43
20260808,healthy_wide,89,61,584,277,246,227,74,7,43,26,11,10,131,43
20260808,healthy_wide,90,56,590,284,250,229,70,11,44,25,12,10,131,43
20260808,healthy_wide,91,57,596,288,251,233,77,11,44,18,12,9,131,43
20260808,healthy_wide,92,56,604,291,257,237,89,7,47,7,16,8,131,43
20260808,healthy_wide,93,49,610,299,262,239,89,11,49,1,16,7,131,43
20260808,healthy_wide,94,48,617,301,268,242,89,10,49,2,18,6,131,43
20260808,healthy_wide,95,47,622,303,272,246,90,4,53,3,19,6,131,43
20260808,healthy_wide,96,43,628,307,278,248,89,6,53,2,17,6,131,43
20260808,healthy_wide,97,45,636,309,282,251,88,6,52,4,17,5,131,43
20260808,healthy_wide,98,44,642,311,287,256,91,4,51,4,16,6,131,43
20260808,healthy_wide,99,44,648,315,289,257,90,6,52,2,14,6,131,43
20260808,healthy_wide,100,44,655,317,294,261,92,6,50,2,12,7,121,40
20260808,healthy_wide,101,49,663,318,296,262,91,3,53,3,10,7,121,40
20260808,healthy_wide,102,53,671,322,296,266,91,5,51,3,10,8,121,40
20260808,healthy_wide,103,58,676,322,296,269,92,4,49,5,10,9,121,40
20260808,healthy_wide,104,65,684,323,296,277,98,1,45,6,10,10,121,40
20260808,healthy_wide,105,66,692,326,300,280,97,4,42,7,10,11,131,43
20260808,healthy_wide,106,67,699,328,304,284,100,5,39,6,9,12,131,43
20260808,healthy_wide,107,66,705,330,309,290,107,4,36,3,9,12,131,43
20260808,healthy_wide,108,67,710,331,312,293,110,3,35,2,9,12,131,43
20260808,healthy_wide,109,67,717,334,316,293,109,4,37,0,9,13,131,43
20260808,healthy_wide,110,68,724,335,321,298,112,4,33,1,10,14,131,43
20260808,healthy_wide,111,71,732,335,326,303,113,1,31,5,10,15,131,43
20260808,healthy_wide,112,69,737,338,330,307,114,3,28,5,10,15,131,43
20260808,healthy_wide,113,69,744,342,333,307,113,7,28,2,10,16,131,43
20260808,healthy_wide,114,69,749,344,336,309,112,6,29,3,10,16,131,43
20260808,healthy_wide,115,69,754,345,340,311,112,3,31,4,10,15,131,43
20260808,healthy_wide,116,68,761,348,345,311,110,4,33,3,10,15,131,43
20260808,healthy_wide,117,70,769,352,347,317,111,7,28,4,10,15,131,43
20260808,healthy_wide,118,69,775,353,353,321,114,5,27,4,10,16,131,43
20260808,healthy_wide,119,70,781,356,355,324,116,4,28,2,10,14,131,43
20260808,healthy_wide,120,67,788,363,358,324,108,10,29,3,11,11,131,43
20260808,healthy_wide,121,65,796,368,363,324,96,12,32,10,15,9,131,43
20260808,healthy_wide,122,66,804,370,368,326,81,7,37,25,17,8,131,43
20260808,healthy_wide,123,61,811,374,376,329,83,6,39,22,20,7,131,43
20260808,healthy_wide,124,50,817,387,380,331,87,17,39,7,15,6,131,43
20260808,healthy_wide,125,46,823,390,387,332,89,16,42,3,17,6,121,40
20260808,healthy_wide,126,47,829,392,390,333,82,5,54,9,18,5,121,40
20260808,healthy_wide,127,47,836,394,395,334,81,4,56,9,17,5,121,40
20260808,healthy_wide,128,47,844,396,401,336,89,4,56,1,17,4,121,40
20260808,healthy_wide,129,43,850,399,408,336,85,5,58,2,19,4,121,40
20260808,healthy_wide,130,44,858,400,414,340,84,4,56,6,18,6,131,43
20260808,healthy_wide,131,40,863,403,420,348,87,4,51,8,10,7,131,43
20260808,healthy_wide,132,45,868,403,420,350,87,3,50,10,10,7,131,43
20260808,healthy_wide,133,47,873,406,420,353,88,3,50,9,9,7,131,43
20260808,healthy_wide,134,46,878,412,420,358,91,9,45,5,10,7,131,43
20260808,healthy_wide,135,49,886,417,420,362,92,11,44,3,11,8,131,43
20260808,healthy_wide,136,52,893,421,420,363,87,9,49,5,11,8,131,43
20260808,healthy_wide,137,57,899,422,420,366,88,5,51,6,11,9,131,43
20260808,healthy_wide,138,56,905,429,420,372,88,8,49,5,10,9,131,43
20260808,healthy_wide,139,57,910,430,423,375,90,8,47,5,9,10,131,43
20260808,healthy_wide,140,55,915,431,429,378,93,2,51,4,9,10,131,43
20260808,healthy_wide,141,61,922,432,429,383,99,2,47,2,9,10,131,43
20260808,healthy_wide,142,58,929,438,433,387,99,7,44,0,9,9,131,43
20260808,healthy_wide,143,58,934,439,437,390,99,7,42,2,9,10,131,43
20260808,healthy_wide,144,59,942,441,442,392,98,3,46,3,9,12,131,43
20260808,healthy_wide,145,59,948,446,443,398,100,7,41,2,10,11,131,43
20260808,healthy_wide,146,61,954,447,446,402,103,6,39,2,10,13,131,43
20260808,healthy_wide,147,61,961,449,451,406,104,3,40,3,9,13,131,43
20260808,healthy_wide,148,62,967,449,456,409,107,2,38,3,9,12,131,43
20260808,healthy_wide,149,61,972,451,460,412,110,2,37,1,9,13,131,43
20260808,healthy_wide,150,60,979,457,462,414,103,8,35,4,10,11,131,43
20260808,healthy_wide,151,60,985,458,467,416,92,7,35,16,15,10,131,43
20260808,healthy_wide,152,61,993,463,469,419,93,6,38,13,15,9,131,43
20260808,healthy_wide,153,50,1000,475,475,422,92,17,36,5,14,9,131,43
20260808,healthy_wide,154,50,1006,476,480,424,93,13,39,5,15,8,131,43
20260808,healthy_wide,155,48,1013,483,482,428,94,8,47,1,16,8,126,43
20260808,healthy_wide,156,48,1021,486,487,431,92,10,45,3,16,6,126,43
20260808,healthy_wide,157,51,1029,488,490,433,90,5,50,5,16,6,126,43
20260808,healthy_wide,158,49,1036,492,495,434,88,6,52,4,16,7,126,43
20260808,healthy_wide,159,47,1042,495,500,438,90,7,50,3,16,6,126,43
20260808,healthy_wide,160,43,1047,498,506,440,90,6,52,2,13,7,131,43
20260808,healthy_wide,161,44,1055,500,511,441,87,5,54,4,9,8,131,43
20260808,healthy_wide,162,49,1061,501,511,441,87,3,57,3,9,9,131,43
20260808,healthy_wide,163,53,1068,504,511,446,89,4,54,3,10,10,131,43
20260808,healthy_wide,164,56,1073,506,511,451,90,5,50,5,11,10,131,43
20260808,healthy_wide,165,59,1080,510,511,453,82,6,51,11,12,10,131,43
20260808,healthy_wide,166,62,1085,512,511,459,85,6,47,12,11,10,131,43
20260808,healthy_wide,167,64,1091,514,513,462,93,4,48,5,11,9,131,43
20260808,healthy_wide,168,66,1099,517,516,465,96,5,47,2,11,8,131,43
20260808,healthy_wide,169,64,1105,520,521,467,96,6,47,1,11,11,131,43
20260808,healthy_wide,170,61,1110,523,526,474,98,6,43,3,10,11,131,43
20260808,healthy_wide,171,60,1117,526,531,480,99,6,40,5,9,10,131,43
20260808,healthy_wide,172,63,1125,529,533,486,102,6,37,5,9,10,131,43
20260808,healthy_wide,173,61,1131,534,536,487,101,8,39,2,9,11,131,43
20260808,healthy_wide,174,59,1138,538,541,491,101,9,38,2,10,12,131,43
20260808,healthy_wide,175,60,1143,539,544,493,100,5,41,4,11,12,131,43
20260808,healthy_wide,176,62,1149,542,545,494,89,4,44,13,11,11,131,43
20260808,healthy_wide,177,63,1157,545,549,500,94,6,39,11,10,11,131,43
20260808,healthy_wide,178,62,1165,550,553,502,101,8,40,1,9,11,131,43
20260808,healthy_wide,179,64,1171,551,556,504,101,6,41,2,9,12,131,43
20260808,healthy_wide,180,58,1178,556,564,506,95,6,44,5,12,11,121,40
20260808,healthy_wide,181,59,1183,558,566,509,91,7,42,10,15,10,121,40
20260808,healthy_wide,182,59,1191,563,569,510,87,7,46,10,15,9,121,40
20260808,healthy_wide,183,55,1197,570,572,513,85,12,45,8,17,8,121,40
20260808,healthy_wide,184,52,1205,574,579,516,76,11,47,16,18,6,121,40
20260808,healthy_wide,185,51,1212,580,581,520,74,10,50,16,16,6,131,43
20260808,healthy_wide,186,48,1218,585,585,525,77,11,49,13,17,6,131,43
20260808,healthy_wide,187,49,1224,589,586,528,75,9,52,14,18,5,131,43
20260808,healthy_wide,188,45,1231,600,586,529,73,15,56,6,18,5,131,43
20260808,healthy_wide,189,47,1238,605,586,531,74,16,58,2,15,7,131,43
20260808,healthy_wide,190,49,1245,606,590,533,73,6,67,4,14,8,131,43
20260808,healthy_wide,191,50,1253,608,595,538,76,3,67,4,10,10,131,43
20260808,healthy_wide,192,53,1260,612,595,541,77,6,65,2,11,10,131,43
20260808,healthy_wide,193,59,1267,613,595,544,78,5,64,3,11,10,131,43
20260808,healthy_wide,194,62,1274,617,595,548,77,5,64,4,10,10,131,43
20260808,healthy_wide,195,65,1280,620,595,554,79,7,59,5,11,10,131,43
20260808,healthy_wide,196,63,1285,623,599,557,81,6,60,3,11,9,131,43
20260808,healthy_wide,197,61,1293,629,603,560,79,9,60,2,11,9,131,43
20260808,healthy_wide,198,64,1301,631,606,563,79,8,60,3,11,9,131,43
20260808,healthy_wide,199,65,1306,634,607,571,84,5,58,3,11,9,131,43
20260808,healthy_wide,200,67,1312,636,609,575,85,5,56,4,12,10,131,43
20260808,healthy_wide,201,66,1320,639,615,585,90,5,49,6,12,10,131,43
20260808,healthy_wide,202,64,1328,643,621,589,88,7,47,8,10,11,131,43
20260808,healthy_wide,203,61,1333,644,628,591,89,5,48,8,9,10,131,43
20260808,healthy_wide,204,61,1338,646,631,597,96,3,46,5,9,9,131,43
20260808,healthy_wide,205,58,1345,650,637,599,97,6,45,2,10,11,131,43
20260808,healthy_wide,206,60,1351,652,639,604,99,6,42,3,10,9,131,43
20260808,healthy_wide,207,62,1358,654,642,609,100,4,41,5,10,10,131,43
20260808,healthy_wide,208,62,1365,658,645,610,99,6,42,3,11,11,131,43
20260808,healthy_wide,209,65,1373,661,647,611,98,7,43,2,11,10,131,43
20260808,healthy_wide,210,59,1378,666,653,619,100,8,39,3,11,9,131,43
20260808,healthy_wide,211,55,1386,677,654,623,93,16,38,3,11,9,131,43
20260808,healthy_wide,212,56,1393,678,659,628,90,12,38,10,17,9,131,43
20260808,healthy_wide,213,54,1398,680,664,630,79,3,47,21,18,8,131,43
20260808,healthy_wide,214,47,1405,689,669,631,74,11,47,18,18,8,131,43
20260808,healthy_wide,215,40,1410,696,674,635,70,16,45,19,16,7,131,43
20260808,healthy_wide,216,36,1417,703,678,637,62,14,52,22,17,5,131,43
20260808,healthy_wide,217,36,1422,708,678,639,66,12,57,15,18,5,131,43
20260808,healthy_wide,218,38,1430,709,683,644,75,6,59,10,17,5,131,43
20260808,healthy_wide,219,31,1436,716,689,648,72,8,60,10,15,4,131,43
20260808,healthy_wide,220,32,1441,718,691,650,72,9,59,10,14,4,131,43
20260808,healthy_wide,221,27,1449,725,697,653,70,9,63,8,11,4,131,43
20260808,healthy_wide,222,30,1457,730,697,655,62,12,63,13,12,5,131,43
20260808,healthy_wide,223,28,1462,737,697,656,58,12,69,11,9,5,131,43
20260808,healthy_wide,224,32,1468,739,697,661,67,9,69,5,9,5,131,43
20260808,healthy_wide,225,37,1475,741,697,662,68,4,75,3,9,6,131,43
20260808,healthy_wide,226,41,1483,745,697,666,67,6,73,4,9,6,131,43
20260808,healthy_wide,227,46,1490,747,697,669,68,6,72,4,9,9,131,43
20260808,healthy_wide,228,48,1496,751,697,677,74,6,68,2,9,10,131,43
20260808,healthy_wide,229,54,1504,753,697,683,77,6,64,3,10,11,131,43
20260808,healthy_wide,230,57,1511,757,697,694,76,6,57,11,11,12,131,43
20260808,healthy_wide,231,59,1517,761,697,702,77,8,51,14,10,13,131,43
20260808,healthy_wide,232,60,1522,765,697,705,83,8,52,7,10,14,131,43
20260808,healthy_wide,233,63,1529,769,697,708,81,8,53,8,10,16,131,43
20260808,healthy_wide,234,64,1535,772,699,711,83,7,54,6,9,15,131,43
20260808,healthy_wide,235,66,1540,772,702,713,88,3,56,3,10,15,111,40
20260808,healthy_wide,236,66,1547,773,708,719,80,1,53,16,10,15,111,40
20260808,healthy_wide,237,61,1552,778,713,723,77,6,49,18,9,14,111,40
20260808,healthy_wide,238,60,1558,782,716,725,87,9,48,6,9,15,111,40
20260808,healthy_wide,239,62,1566,784,720,732,95,6,46,3,10,13,111,40
20260808,healthy_wide,240,55,1571,790,726,735,92,8,47,3,10,12,131,43
20260808,healthy_wide,241,53,1578,796,729,740,90,12,44,4,13,11,131,43
20260808,healthy_wide,242,56,1586,799,731,744,83,9,46,12,17,9,131,43
20260808,healthy_wide,243,55,1593,803,735,748,86,7,48,9,19,8,131,43
20260808,healthy_wide,244,47,1599,813,739,755,89,14,44,3,18,8,131,43
20260808,healthy_wide,245,47,1607,816,744,757,87,13,46,4,19,8,131,43
20260808,healthy_wide,246,45,1612,820,747,758,87,7,55,1,19,7,131,43
20260808,healthy_wide,247,48,1620,821,751,762,89,5,54,2,19,5,131,43
20260808,healthy_wide,248,46,1625,822,757,766,91,2,54,3,18,5,131,43
20260808,healthy_wide,249,45,1630,825,760,769,88,4,52,6,17,5,131,43
20260808,healthy_wide,250,44,1635,827,764,771,89,5,51,5,15,5,131,43
20260808,healthy_wide,251,39,1641,834,768,772,87,9,53,1,10,8,131,43
20260808,healthy_wide,252,42,1646,836,768,776,85,9,51,5,9,9,131,43
20260808,healthy_wide,253,46,1651,837,768,780,88,3,54,5,9,9,131,43
20260808,healthy_wide,254,45,1656,843,768,782,85,7,54,4,9,9,131,43
20260808,healthy_wide,255,49,1661,844,768,787,88,7,50,5,10,10,122,43
20260808,healthy_wide,256,53,1669,848,768,795,94,5,48,3,11,10,122,43
20260808,healthy_wide,257,56,1674,850,768,799,96,6,45,3,10,10,122,43
20260808,healthy_wide,258,58,1679,852,769,804,96,4,44,6,10,10,122,43
20260808,healthy_wide,259,56,1686,856,774,808,96,6,42,6,11,9,122,43
20260808,healthy_wide,260,56,1693,862,775,809,94,10,43,3,11,11,131,43
20260808,healthy_wide,261,57,1700,866,777,811,93,10,45,2,11,11,131,43
20260808,healthy_wide,262,59,1706,867,780,816,93,5,46,6,11,11,131,43
20260808,healthy_wide,263,60,1712,869,783,821,95,3,45,7,11,9,131,43
20260808,healthy_wide,264,59,1718,874,785,823,95,7,44,4,10,10,131,43
20260808,healthy_wide,265,62,1726,876,788,825,96,7,44,3,11,10,131,43
20260808,healthy_wide,266,64,1734,879,791,830,92,5,44,9,10,11,131,43
20260808,healthy_wide,267,66,1742,881,795,833,92,5,43,10,10,12,131,43
20260808,healthy_wide,268,64,1748,884,800,835,96,5,44,5,9,13,131,43
20260808,healthy_wide,269,64,1755,886,805,838,98,5,43,4,9,13,131,43
20260808,healthy_wide,270,65,1763,891,807,841,94,7,43,6,13,12,131,43
20260808,healthy_wide,271,66,1768,892,810,843,93,6,43,8,15,12,131,43
20260808,healthy_wide,272,65,1776,897,814,844,92,6,47,5,17,10,131,43
20260808,healthy_wide,273,64,1784,903,817,850,92,11,42,5,17,9,131,43
20260808,healthy_wide,274,66,1792,905,821,851,91,8,46,5,19,8,131,43
20260808,healthy_wide,275,62,1798,910,826,853,89,7,50,4,20,8,131,43
20260808,healthy_wide,276,64,1806,912,830,856,92,7,49,2,20,7,131,43
20260808,healthy_wide,277,62,1811,912,837,858,96,2,52,0,20,7,131,43
20260808,healthy_wide,278,62,1817,912,843,861,97,0,51,2,18,7,131,43
20260808,healthy_wide,279,60,1822,915,847,867,100,3,45,2,16,10,131,43
20260808,healthy_wide,280,62,1830,917,851,869,97,5,43,5,15,12,131,43
20260808,healthy_wide,281,61,1835,918,856,875,98,3,40,9,11,12,131,43
20260808,healthy_wide,282,62,1840,922,856,877,100,5,40,5,12,12,131,43
20260808,healthy_wide,283,62,1845,927,856,879,99,9,39,3,12,11,131,43
20260808,healthy_wide,284,64,1851,929,858,883,102,7,39,2,12,10,131,43
20260808,healthy_wide,285,62,1856,933,861,885,100,6,42,2,12,10,121,40
20260808,healthy_wide,286,61,1864,935,868,888,100,6,41,3,12,9,121,40
20260808,healthy_wide,287,62,1871,939,870,892,102,6,41,1,11,10,121,40
20260808,healthy_wide,288,59,1876,940,877,894,102,5,41,2,10,10,121,40
20260808,healthy_wide,289,61,1884,941,882,896,102,2,43,3,10,10,121,40
20260808,healthy_wide,290,61,1892,945,886,903,104,5,37,4,11,10,126,43
20260808,healthy_wide,291,64,1898,946,888,905,100,5,36,9,11,11,126,43
20260808,healthy_wide,292,59,1903,949,895,907,101,4,38,7,10,7,126,43
20260808,healthy_wide,293,61,1909,951,897,909,107,5,37,1,10,10,126,43
20260808,healthy_wide,294,64,1916,952,900,914,110,3,35,2,9,10,126,43
20260808,healthy_wide,295,65,1921,952,904,919,113,1,32,4,9,10,131,43
20260808,healthy_wide,296,67,1929,955,907,922,111,3,30,6,10,11,131,43
20260808,healthy_wide,297,68,1937,961,908,923,103,9,29,9,10,12,131,43
20260808,healthy_wide,298,65,1943,966,912,924,103,11,31,5,9,10,131,43
20260808,healthy_wide,299,67,1950,967,916,925,102,6,36,6,9,11,131,43
20260808,healthy_wide,300,63,1956,972,921,926,97,6,40,7,10,10,131,43
20260808,healthy_wide,301,61,1961,978,922,928,89,11,39,11,15,9,131,43
20260808,healthy_wide,302,60,1969,981,928,932,90,9,40,11,16,7,131,43
20260808,healthy_wide,303,51,1977,992,934,935,88,14,43,5,15,7,131,43
20260808,healthy_wide,304,51,1984,994,939,937,88,13,44,5,17,7,131,43
20260808,healthy_wide,305,51,1992,999,942,942,82,7,50,11,18,6,131,43
20260808,healthy_wide,306,49,1999,1002,948,943,80,8,51,11,18,5,131,43
20260808,healthy_wide,307,48,2005,1004,953,947,92,5,52,1,19,4,131,43
20260808,healthy_wide,308,48,2012,1005,959,948,92,3,54,1,18,5,131,43
20260808,healthy_wide,309,49,2017,1006,962,950,92,2,54,2,18,5,131,43
20260808,healthy_wide,310,49,2023,1007,967,951,90,2,54,4,17,6,131,43
20260808,healthy_wide,311,46,2028,1009,973,953,84,3,53,10,11,7,131,43
20260808,healthy_wide,312,50,2036,1013,973,959,81,6,48,15,11,8,131,43
20260808,healthy_wide,313,55,2043,1014,974,965,89,5,44,12,11,9,131,43
20260808,healthy_wide,314,55,2050,1021,974,967,80,8,46,16,10,9,131,43
20260808,healthy_wide,315,58,2056,1024,974,970,81,10,44,15,9,10,131,43
20260808,healthy_wide,316,61,2061,1026,974,974,94,5,47,4,9,11,131,43
20260808,healthy_wide,317,62,2066,1028,976,980,98,4,44,4,9,12,131,43
20260808,healthy_wide,318,63,2071,1030,978,988,103,4,38,5,9,12,131,43
20260808,healthy_wide,319,64,2079,1034,981,991,103,6,37,4,9,11,131,43
20260808,healthy_wide,320,62,2086,1038,986,994,103,8,36,3,9,11,131,43
20260808,healthy_wide,321,62,2091,1041,988,995,102,7,39,2,10,11,131,43
20260808,healthy_wide,322,63,2097,1042,992,997,93,4,41,12,12,11,131,43
20260808,healthy_wide,323,62,2102,1043,997,999,94,2,42,12,11,11,131,43
20260808,healthy_wide,324,58,2107,1046,1003,1004,96,4,38,12,9,10,131,43
20260808,healthy_wide,325,58,2113,1046,1009,1005,97,3,38,12,9,10,131,43
20260808,healthy_wide,326,56,2118,1049,1013,1007,105,3,39,3,9,8,131,43
20260808,healthy_wide,327,55,2123,1051,1017,1009,104,5,37,4,9,9,131,43
20260808,healthy_wide,328,58,2131,1053,1020,1015,107,4,34,5,9,9,131,43
20260808,healthy_wide,329,60,2137,1055,1022,1016,107,4,35,4,10,10,131,43
20260808,healthy_wide,330,56,2145,1065,1024,1022,102,12,31,5,11,9,131,43
20260808,healthy_wide,331,52,2151,1069,1030,1025,94,14,30,12,14,8,131,43
20260808,healthy_wide,332,54,2159,1074,1031,1030,95,9,35,11,18,7,131,43
20260808,healthy_wide,333,48,2165,1083,1034,1031,94,14,38,4,16,7,131,43
20260808,healthy_wide,334,47,2172,1087,1038,1033,94,13,41,2,18,7,131,43
20260808,healthy_wide,335,47,2180,1090,1043,1035,93,7,48,2,19,7,121,40
20260808,healthy_wide,336,45,2185,1093,1047,1036,89,6,51,4,19,6,121,40
20260808,healthy_wide,337,42,2190,1095,1053,1038,88,5,52,5,20,4,121,40
20260808,healthy_wide,338,40,2196,1100,1056,1042,88,7,51,4,20,4,121,40
20260808,healthy_wide,339,39,2201,1102,1060,1044,88,7,51,4,18,5,121,40
20260808,healthy_wide,340,35,2206,1103,1068,1046,87,3,54,6,15,6,131,43
20260808,healthy_wide,341,36,2214,1106,1072,1049,88,4,53,5,10,10,131,43
20260808,healthy_wide,342,40,2222,1110,1072,1049,88,7,54,1,9,11,131,43
20260808,healthy_wide,343,41,2227,1114,1072,1054,88,8,52,2,9,10,131,43
20260808,healthy_wide,344,47,2233,1114,1072,1057,87,4,53,6,9,11,131,43
20260808,healthy_wide,345,50,2238,1116,1072,1059,87,2,55,6,9,12,131,43
20260808,healthy_wide,346,51,2245,1122,1072,1065,88,8,49,5,10,13,131,43
20260808,healthy_wide,347,54,2251,1125,1072,1068,82,9,48,11,11,13,131,43
20260808,healthy_wide,348,52,2256,1132,1072,1072,78,10,50,12,10,12,131,43
20260808,healthy_wide,349,56,2261,1133,1072,1077,82,8,48,12,9,12,131,43
20260808,healthy_wide,350,58,2267,1134,1075,1080,85,2,52,11,9,12,131,43
20260808,healthy_wide,351,59,2274,1136,1079,1083,90,3,50,7,11,11,131,43
20260808,healthy_wide,352,60,2279,1139,1080,1088,94,5,46,5,11,10,131,43
20260808,healthy_wide,353,55,2285,1145,1085,1096,98,9,40,3,10,8,131,43
20260808,healthy_wide,354,54,2292,1148,1090,1103,91,9,36,14,10,8,131,43
20260808,healthy_wide,355,57,2300,1151,1092,1106,83,6,39,22,9,10,131,43
20260808,healthy_wide,356,57,2308,1155,1096,1108,81,7,40,22,9,10,131,43
20260808,healthy_wide,357,58,2315,1160,1097,1111,82,9,40,19,11,11,131,43
20260808,healthy_wide,358,51,2321,1173,1097,1114,79,18,41,12,11,10,131,43
20260808,healthy_wide,359,46,2326,1183,1097,1117,78,23,43,6,11,8,131,43
20260808,healthy_wide,360,43,2332,1192,1097,1118,72,19,55,4,13,7,126,43
20260808,healthy_wide,361,49,2339,1193,1097,1121,65,10,62,13,17,7,126,43
20260808,healthy_wide,362,50,2344,1197,1097,1123,65,5,69,11,17,7,126,43
20260808,healthy_wide,363,43,2350,1210,1097,1124,63,17,69,1,14,7,126,43
20260808,healthy_wide,364,45,2357,1211,1101,1128,65,14,69,2,18,7,126,43
20260808,healthy_wide,365,46,2364,1213,1105,1132,58,3,78,11,20,6,131,43
20260808,healthy_wide,366,42,2369,1217,1110,1134,55,6,77,12,17,6,131,43
20260808,healthy_wide,367,38,2374,1219,1117,1140,59,6,73,12,16,5,131,43
20260808,healthy_wide,368,35,2381,1223,1123,1145,57,6,72,15,17,4,131,43
20260808,healthy_wide,369,34,2386,1228,1124,1149,57,9,70,14,14,6,131,43
20260808,healthy_wide,370,31,2392,1235,1126,1157,62,12,66,10,11,8,131,43
20260808,healthy_wide,371,34,2397,1237,1126,1159,70,9,69,2,10,8,131,43
20260808,healthy_wide,372,39,2402,1237,1126,1161,74,2,74,0,10,9,131,43
20260808,healthy_wide,373,43,2408,1239,1126,1162,73,2,75,0,10,11,131,43
20260808,healthy_wide,374,46,2413,1241,1126,1173,81,4,64,1,9,11,131,43
20260808,healthy_wide,375,52,2421,1243,1126,1184,87,4,55,4,9,11,131,43
20260808,healthy_wide,376,56,2428,1244,1128,1189,90,3,52,5,9,11,131,43
20260808,healthy_wide,377,60,2436,1247,1129,1192,91,4,51,4,11,11,131,43
20260808,healthy_wide,378,61,2443,1250,1132,1197,92,6,47,5,10,10,131,43
20260808,healthy_wide,379,60,2448,1252,1136,1200,93,5,47,5,9,10,131,43
20260808,healthy_wide,380,61,2453,1254,1138,1208,101,4,42,3,9,10,115,42
20260808,healthy_wide,381,64,2460,1257,1139,1212,103,5,40,2,9,9,115,42
20260808,healthy_wide,382,64,2467,1259,1144,1218,108,5,36,1,9,9,115,42
20260808,healthy_wide,383,66,2475,1262,1147,1224,109,5,33,3,10,10,115,42
20260808,healthy_wide,384,66,2481,1263,1152,1225,107,4,34,5,10,11,115,42
20260808,healthy_wide,385,69,2489,1266,1154,1225,106,4,37,3,9,12,131,43
20260808,healthy_wide,386,70,2494,1266,1158,1229,112,3,34,1,9,13,131,43
20260808,healthy_wide,387,70,2502,1267,1165,1233,112,1,33,4,9,13,131,43
20260808,healthy_wide,388,70,2507,1267,1170,1236,115,1,30,4,9,12,131,43
20260808,healthy_wide,389,71,2514,1271,1172,1236,114,4,31,1,10,12,131,43
20260808,healthy_wide,390,66,2522,1277,1179,1239,105,10,28,7,11,12,121,40
20260808,healthy_wide,391,66,2527,1278,1183,1240,100,7,31,12,13,11,121,40
20260808,healthy_wide,392,65,2533,1281,1187,1241,98,4,36,12,16,10,121,40
20260808,healthy_wide,393,55,2540,1291,1194,1246,94,13,32,11,14,9,121,40
20260808,healthy_wide,394,53,2547,1298,1196,1249,90,17,32,11,14,8,121,40
20260808,healthy_wide,395,51,2553,1303,1199,1252,92,12,39,7,14,7,131,43
20260808,healthy_wide,396,51,2561,1308,1202,1254,95,10,44,1,16,6,131,43
20260808,healthy_wide,397,47,2566,1309,1210,1255,94,6,48,2,15,5,131,43
20260808,healthy_wide,398,47,2572,1311,1214,1259,95,3,49,3,16,6,131,43
20260808,healthy_wide,399,42,2579,1315,1222,1260,92,6,49,3,15,8,131,43
20260808,healthy_wide,400,43,2586,1316,1227,1263,94,5,48,3,15,9,131,43
20260808,healthy_wide,401,40,2593,1320,1233,1264,92,5,51,2,9,10,131,43
20260808,healthy_wide,402,42,2599,1324,1233,1266,90,8,50,2,9,10,131,43
20260808,healthy_wide,403,46,2606,1327,1233,1269,88,7,51,4,10,10,131,43
20260808,healthy_wide,404,51,2613,1329,1233,1271,89,5,53,3,10,10,131,43
20260808,healthy_wide,405,53,2620,1334,1233,1276,90,7,51,2,11,10,131,43
20260808,healthy_wide,406,60,2627,1334,1233,1278,92,5,51,2,11,10,131,43
20260808,healthy_wide,407,66,2635,1336,1233,1282,93,2,52,3,11,11,131,43
20260808,healthy_wide,408,64,2640,1338,1238,1284,93,4,50,3,11,12,131,43
20260808,healthy_wide,409,63,2645,1342,1240,1289,95,6,47,2,12,12,131,43
20260808,healthy_wide,410,63,2651,1344,1244,1293,95,6,45,4,13,12,131,43
20260808,healthy_wide,411,61,2656,1347,1248,1296,97,5,46,2,11,12,131,43
20260808,healthy_wide,412,59,2662,1349,1254,1303,100,5,41,4,10,10,131,43
20260808,healthy_wide,413,59,2668,1350,1259,1305,100,3,42,5,10,10,131,43
20260808,healthy_wide,414,60,2675,1355,1260,1308,102,6,41,1,9,9,131,43
20260808,healthy_wide,415,62,2683,1358,1263,1316,106,8,34,2,9,9,131,43
20260808,healthy_wide,416,62,2691,1359,1270,1320,108,4,35,3,9,9,131,43
20260808,healthy_wide,417,63,2696,1361,1272,1321,107,3,37,3,9,10,131,43
20260808,healthy_wide,418,60,2703,1365,1278,1323,104,6,36,4,10,10,131,43
20260808,healthy_wide,419,55,2710,1371,1284,1326,93,10,35,12,10,8,131,43
20260808,healthy_wide,420,55,2718,1377,1286,1328,83,12,37,18,14,8,131,43
20260808,healthy_wide,421,50,2725,1388,1287,1333,72,17,38,23,16,7,131,43
20260808,healthy_wide,422,48,2732,1394,1290,1336,72,17,41,20,15,7,131,43
20260808,healthy_wide,423,34,2738,1409,1295,1339,74,21,49,6,11,7,131,43
20260808,healthy_wide,424,32,2744,1414,1298,1341,75,20,53,2,11,5,131,43
20260808,healthy_wide,425,28,2751,1420,1303,1341,70,11,68,1,12,4,131,43
20260808,healthy_wide,426,28,2757,1421,1308,1344,71,7,70,2,14,4,131,43
20260808,healthy_wide,427,30,2762,1422,1310,1347,72,2,73,3,16,4,131,43
20260808,healthy_wide,428,28,2769,1424,1317,1348,72,3,73,2,13,5,131,43
20260808,healthy_wide,429,32,2777,1425,1320,1352,74,3,70,3,13,6,131,43
20260808,healthy_wide,430,35,2784,1427,1322,1358,78,3,66,3,11,6,131,43
20260808,healthy_wide,431,40,2791,1429,1322,1362,77,4,63,6,9,7,131,43
20260808,healthy_wide,432,44,2797,1431,1322,1366,76,4,61,9,10,6,131,43
20260808,healthy_wide,433,45,2802,1435,1322,1372,82,6,57,5,11,8,131,43
20260808,healthy_wide,434,47,2809,1440,1322,1374,79,9,57,5,12,7,131,43
20260808,healthy_wide,435,53,2817,1442,1322,1377,78,7,58,7,11,9,131,43
20260808,healthy_wide,436,59,2825,1444,1322,1382,83,4,58,5,11,11,131,43
20260808,healthy_wide,437,65,2833,1446,1322,1389,86,4,53,7,12,12,131,43
20260808,healthy_wide,438,68,2841,1451,1322,1394,81,7,50,12,12,12,131,43
20260808,healthy_wide,439,65,2847,1460,1322,1401,77,14,45,14,11,11,131,43
20260808,healthy_wide,440,63,2853,1466,1324,1406,78,15,45,12,10,10,131,43
20260808,healthy_wide,441,61,2858,1470,1327,1411,83,10,49,8,9,12,131,43
20260808,healthy_wide,442,61,2865,1475,1329,1416,84,9,50,7,9,12,131,43
20260808,healthy_wide,443,60,2872,1479,1333,1421,88,9,49,4,9,11,131,43
20260808,healthy_wide,444,61,2880,1486,1333,1426,88,11,49,2,10,12,131,43
20260808,healthy_wide,445,62,2887,1488,1337,1426,82,9,53,6,11,10,121,40
20260808,healthy_wide,446,61,2894,1491,1342,1428,79,5,58,8,11,10,121,40
20260808,healthy_wide,447,58,2902,1496,1348,1431,79,8,57,6,11,11,121,40
20260808,healthy_wide,448,55,2909,1503,1351,1433,71,12,58,9,10,12,121,40
20260808,healthy_wide,449,53,2915,1505,1357,1434,69,9,62,10,9,13,121,40
20260808,healthy_wide,450,53,2923,1512,1358,1437,69,9,66,6,13,12,131,43
20260808,healthy_wide,451,56,2931,1516,1359,1443,69,11,62,8,15,12,131,43
20260808,healthy_wide,452,56,2936,1519,1361,1448,72,7,64,7,16,12,131,43
20260808,healthy_wide,453,55,2943,1524,1364,1450,72,8,66,4,17,10,131,43
20260808,healthy_wide,454,53,2950,1528,1369,1454,74,9,65,2,16,10,131,43
20260808,healthy_wide,455,51,2956,1530,1375,1458,78,6,66,0,16,8,131,43
20260808,healthy_wide,456,49,2961,1533,1379,1461,74,5,67,4,17,7,131,43
20260808,healthy_wide,457,53,2969,1534,1382,1467,74,4,63,9,18,7,131,43
20260808,healthy_wide,458,51,2977,1539,1387,1471,74,6,62,8,18,7,131,43
20260808,healthy_wide,459,49,2984,1544,1391,1477,77,10,57,6,15,9,131,43
20260808,healthy_wide,460,50,2992,1548,1394,1482,79,9,57,5,13,10,131,43
20260808,healthy_wide,461,47,2997,1551,1399,1488,84,7,56,3,11,10,131,43
20260808,healthy_wide,462,50,3003,1554,1399,1494,83,6,54,7,10,10,131,43
20260808,healthy_wide,463,54,3008,1555,1399,1497,82,4,54,10,11,10,131,43
20260808,healthy_wide,464,58,3015,1558,1399,1499,86,4,55,5,10,10,131,43
20260808,healthy_wide,465,63,3023,1561,1399,1504,89,6,51,4,10,11,131,43
20260808,healthy_wide,466,63,3028,1565,1400,1507,89,7,51,3,9,11,131,43
20260808,healthy_wide,467,61,3033,1569,1403,1510,91,8,51,0,9,12,131,43
20260808,healthy_wide,468,65,3040,1570,1405,1516,96,5,49,0,9,12,131,43
20260808,healthy_wide,469,64,3046,1572,1410,1518,93,3,51,3,11,12,131,43
20260808,healthy_wide,470,64,3054,1573,1417,1522,86,3,48,13,11,12,131,43
20260808,healthy_wide,471,62,3061,1576,1423,1529,93,4,43,10,10,10,131,43
20260808,healthy_wide,472,62,3069,1578,1429,1533,104,5,40,1,10,10,131,43
20260808,healthy_wide,473,63,3076,1580,1433,1535,103,4,41,2,10,11,131,43
20260808,healthy_wide,474,64,3081,1581,1436,1537,103,3,41,3,11,11,131,43
20260808,healthy_wide,475,67,3089,1584,1438,1539,101,4,41,4,12,11,131,43
20260808,healthy_wide,476,65,3095,1587,1443,1542,93,6,39,12,12,9,131,43
20260808,healthy_wide,477,63,3102,1590,1449,1547,91,6,37,16,11,9,131,43
20260808,healthy_wide,478,66,3108,1591,1451,1555,105,4,32,9,11,10,131,43
20260808,healthy_wide,479,65,3113,1593,1455,1557,111,3,33,3,10,11,131,43
20260808,healthy_wide,480,59,3118,1601,1458,1560,109,10,31,0,10,10,131,43
20260808,healthy_wide,481,57,3123,1605,1461,1562,106,12,31,1,11,10,131,43
20260808,healthy_wide,482,54,3128,1607,1467,1565,97,6,36,11,14,8,131,43
20260808,healthy_wide,483,54,3136,1609,1473,1568,97,4,37,12,17,8,131,43
20260808,healthy_wide,484,41,3141,1621,1479,1569,95,14,38,3,15,6,131,43
20260808,healthy_wide,485,41,3149,1624,1484,1572,92,15,37,6,18,5,131,43
20260808,healthy_wide,486,43,3157,1627,1487,1577,95,6,44,5,18,5,131,43
20260808,healthy_wide,487,41,3165,1633,1491,1577,94,9,47,0,17,5,131,43
20260808,healthy_wide,488,42,3172,1634,1496,1579,94,7,48,1,18,5,131,43
20260808,healthy_wide,489,40,3177,1635,1502,1579,91,2,54,3,18,6,131,43
20260808,healthy_wide,490,39,3182,1636,1507,1580,91,2,54,3,14,6,126,43
20260808,healthy_wide,491,40,3190,1639,1511,1581,90,4,54,2,12,8,126,43
20260808,healthy_wide,492,44,3195,1640,1511,1585,92,4,51,3,13,8,126,43
20260808,healthy_wide,493,48,3200,1641,1511,1589,91,2,50,7,13,7,126,43
20260808,healthy_wide,494,53,3207,1643,1511,1591,91,3,49,7,11,8,126,43
20260808,healthy_wide,495,55,3212,1646,1511,1593,94,5,48,3,10,9,131,43
20260808,healthy_wide,496,59,3219,1649,1511,1597,97,6,46,1,10,10,131,43
20260808,healthy_wide,497,62,3224,1651,1511,1601,100,5,45,0,10,11,131,43
20260808,healthy_wide,498,62,3229,1652,1515,1606,103,3,43,1,10,12,131,43
20260808,healthy_wide,499,59,3234,1654,1521,1610,105,3,41,1,10,11,131,43
20260808,healthy_wide,500,60,3241,1655,1526,1612,105,3,40,2,10,11,131,43
20260808,healthy_wide,501,59,3246,1657,1530,1618,108,3,36,3,9,11,131,43
20260808,healthy_wide,502,59,3253,1661,1533,1622,108,6,33,3,9,11,131,43
20260808,healthy_wide,503,61,3260,1662,1537,1626,110,5,31,4,9,13,131,43
20260808,healthy_wide,504,60,3265,1666,1539,1628,108,5,33,4,9,12,131,43
20260808,healthy_wide,505,60,3271,1669,1542,1631,109,7,31,3,9,14,131,43
20260808,healthy_wide,506,60,3278,1671,1547,1637,113,5,29,3,9,14,131,43
20260808,healthy_wide,507,62,3284,1672,1550,1637,113,3,32,2,9,14,131,43
20260808,healthy_wide,508,62,3291,1675,1554,1639,113,4,32,1,9,12,131,43
20260808,healthy_wide,509,62,3299,1679,1558,1644,112,7,28,3,9,11,131,43
20260808,healthy_wide,510,61,3306,1684,1561,1647,108,9,28,5,12,11,131,43
20260808,healthy_wide,511,63,3314,1688,1563,1647,100,9,32,9,16,11,131,43
20260808,healthy_wide,512,61,3322,1691,1570,1648,96,7,36,11,19,10,131,43
20260808,healthy_wide,513,58,3328,1697,1573,1651,96,9,37,8,18,10,131,43
20260808,healthy_wide,514,55,3333,1699,1579,1653,100,8,38,4,18,8,131,43
20260808,healthy_wide,515,55,3340,1700,1585,1653,99,3,44,4,20,8,131,43
20260808,healthy_wide,516,55,3346,1703,1588,1656,90,4,43,13,19,7,131,43
20260808,healthy_wide,517,53,3353,1708,1592,1658,86,8,42,14,18,7,131,43
20260808,healthy_wide,518,51,3361,1711,1599,1661,92,8,42,8,16,6,131,43
20260808,healthy_wide,519,49,3367,1713,1605,1666,96,5,42,7,14,7,131,43
20260808,healthy_wide,520,47,3372,1714,1611,1667,99,3,44,4,12,7,101,38
20260808,healthy_wide,521,46,3377,1717,1614,1668,100,4,45,1,9,9,101,38
20260808,healthy_wide,522,51,3384,1719,1614,1672,100,5,42,3,9,10,101,38
20260808,healthy_wide,523,55,3389,1720,1614,1673,97,3,44,6,9,10,101,38
20260808,healthy_wide,524,60,3397,1723,1614,1679,100,4,40,6,10,11,101,38
20260808,healthy_wide,525,60,3404,1728,1616,1680,95,8,40,7,10,11,126,43
20260808,healthy_wide,526,60,3409,1733,1616,1683,93,10,40,7,10,11,126,43
20260808,healthy_wide,527,57,3414,1739,1618,1685,93,11,43,3,10,11,126,43
20260808,healthy_wide,528,58,3419,1743,1618,1686,90,10,47,3,10,12,126,43
20260808,healthy_wide,529,57,3425,1746,1622,1691,90,7,48,5,10,14,126,43
20260808,healthy_wide,530,55,3430,1749,1626,1693,86,6,50,8,12,14,131,43
20260808,healthy_wide,531,54,3435,1752,1629,1699,86,6,47,11,12,13,131,43
20260808,healthy_wide,532,52,3442,1759,1631,1703,77,10,46,17,10,9,131,43
20260808,healthy_wide,533,53,3450,1764,1633,1704,77,12,48,13,9,9,131,43
20260808,healthy_wide,534,54,3456,1766,1636,1704,84,7,55,4,10,8,131,43
20260808,healthy_wide,535,56,3463,1769,1638,1708,86,5,56,3,10,9,131,43
20260808,healthy_wide,536,56,3471,1772,1643,1713,90,6,53,1,9,9,131,43
20260808,healthy_wide,537,57,3477,1772,1648,1718,94,3,51,2,9,10,131,43
20260808,healthy_wide,538,57,3483,1775,1651,1721,93,3,51,3,9,12,131,43
20260808,healthy_wide,539,60,3489,1776,1653,1725,96,4,47,3,9,11,131,43
20260808,healthy_wide,540,64,3496,1778,1654,1727,97,3,48,2,13,11,131,43
20260808,healthy_wide,541,66,3502,1780,1656,1732,99,4,44,3,16,11,131,43
20260808,healthy_wide,542,70,3510,1783,1657,1737,92,5,41,12,18,11,131,43
20260808,healthy_wide,543,69,3515,1786,1660,1739,91,6,41,12,19,9,131,43
20260808,healthy_wide,544,68,3520,1787,1665,1741,99,4,42,5,21,9,131,43
20260808,healthy_wide,545,66,3526,1789,1671,1743,88,3,43,16,20,7,131,43
20260808,healthy_wide,546,64,3534,1794,1676,1747,86,7,40,17,18,7,131,43
20260808,healthy_wide,547,62,3540,1799,1679,1754,96,10,35,9,17,7,131,43
20260808,healthy_wide,548,60,3548,1803,1685,1758,98,9,36,7,14,8,131,43
20260808,healthy_wide,549,62,3555,1808,1685,1759,97,9,40,4,14,10,131,43
20260808,healthy_wide,550,63,3562,1811,1688,1761,96,8,42,4,14,11,126,43
20260808,healthy_wide,551,60,3568,1814,1694,1762,95,6,46,3,9,13,126,43
20260808,healthy_wide,552,64,3573,1815,1694,1763,96,4,48,2,9,14,126,43
20260808,healthy_wide,553,66,3579,1817,1696,1769,99,3,45,3,11,15,126,43
20260808,healthy_wide,554,64,3586,1819,1703,1771,85,4,44,17,12,13,126,43
20260808,healthy_wide,555,64,3591,1821,1706,1773,81,4,44,21,11,13,131,43
20260808,healthy_wide,556,67,3599,1823,1709,1774,78,4,45,23,12,13,131,43
20260808,healthy_wide,557,65,3606,1826,1715,1778,75,5,43,27,11,13,131,43
20260808,healthy_wide,558,64,3611,1832,1715,1780,88,9,43,10,10,11,131,43
20260808,healthy_wide,559,64,3619,1837,1718,1786,99,11,40,0,12,11,131,43
20260808,healthy_wide,560,62,3627,1839,1726,1787,97,7,45,1,12,12,131,43
20260808,healthy_wide,561,59,3633,1841,1733,1792,100,4,45,1,12,10,131,43
20260808,healthy_wide,562,57,3640,1845,1738,1793,96,6,46,2,12,10,131,43
20260808,healthy_wide,563,57,3645,1845,1743,1795,96,4,46,4,12,8,131,43
20260808,healthy_wide,564,59,3651,1847,1745,1801,98,2,44,6,13,8,131,43
20260808,healthy_wide,565,62,3657,1849,1746,1803,97,4,42,7,13,10,131,43
20260808,healthy_wide,566,63,3664,1853,1748,1805,97,6,42,5,13,12,131,43
20260808,healthy_wide,567,67,3672,1856,1749,1809,92,7,40,11,16,13,131,43
20260808,healthy_wide,568,64,3677,1860,1753,1814,77,7,39,27,14,11,131,43
20260808,healthy_wide,569,62,3684,1865,1757,1819,79,9,37,25,13,11,131,43
20260808,healthy_wide,570,49,3692,1884,1759,1820,78,24,40,8,12,10,121,43
20260808,healthy_wide,571,54,3700,1886,1760,1822,78,21,43,8,17,10,121,43
20260808,healthy_wide,572,57,3708,1888,1763,1825,79,4,59,8,18,9,121,43
20260808,healthy_wide,573,56,3715,1896,1763,1828,81,10,58,1,17,9,121,43
20260808,healthy_wide,574,61,3722,1898,1763,1830,82,10,58,0,17,9,121,43
20260808,healthy_wide,575,62,3727,1898,1767,1833,83,2,63,2,18,7,131,43
20260808,healthy_wide,576,63,3733,1898,1772,1837,84,0,61,5,18,6,131,43
20260808,healthy_wide,577,59,3738,1901,1778,1840,86,3,58,3,18,7,131,43
20260808,healthy_wide,578,55,3744,1906,1783,1845,88,8,53,1,19,7,131,43
20260808,healthy_wide,579,55,3750,1907,1788,1848,88,6,53,3,17,7,131,43
20260808,healthy_wide,580,56,3755,1908,1791,1850,84,2,56,8,17,7,131,43
20260808,healthy_wide,581,54,3761,1910,1797,1852,82,3,55,10,12,9,131,43
20260808,healthy_wide,582,57,3767,1913,1797,1857,87,5,51,7,11,8,131,43
20260808,healthy_wide,583,62,3775,1916,1797,1858,89,6,52,3,9,8,131,43
20260808,healthy_wide,584,64,3782,1916,1802,1861,91,3,52,4,10,9,131,43
20260808,healthy_wide,585,66,3790,1916,1808,1868,91,0,48,11,10,9,131,43
20260808,healthy_wide,586,66,3797,1920,1811,1873,92,4,43,11,9,10,131,43
20260808,healthy_wide,587,65,3802,1922,1815,1876,99,6,40,5,10,10,131,43
20260808,healthy_wide,588,65,3810,1927,1818,1882,102,7,38,3,11,10,131,43
20260808,healthy_wide,589,65,3818,1931,1822,1887,103,9,35,3,10,12,131,43
20260808,healthy_wide,590,64,3823,1934,1825,1891,103,7,36,4,9,12,131,43
20260808,healthy_wide,591,63,3828,1936,1829,1895,106,5,36,3,9,13,131,43
20260808,healthy_wide,592,64,3836,1941,1831,1902,109,7,32,2,10,13,131,43
20260808,healthy_wide,593,68,3844,1941,1835,1904,110,5,32,3,10,12,131,43
20260808,healthy_wide,594,67,3852,1945,1840,1905,107,4,36,3,10,11,131,43
20260808,healthy_wide,595,67,3860,1946,1847,1905,102,5,36,7,10,11,131,43
20260808,healthy_wide,596,65,3866,1949,1852,1907,103,4,38,5,11,11,131,43
20260808,healthy_wide,597,63,3871,1954,1854,1911,107,8,35,0,11,10,131,43
20260808,healthy_wide,598,63,3878,1954,1861,1913,108,5,36,1,12,11,131,43
20260808,healthy_wide,599,65,3886,1957,1864,1914,104,3,40,3,12,11,131,43
20260808,healthy_wide,600,59,3894,1967,1868,1915,96,13,39,2,11,10,121,40
20260808,healthy_thr2,1,5,6,1,0,0,148,1,0,1,1,2,131,43
20260808,healthy_thr2,2,9,11,2,0,0,135,2,0,13,3,2,131,43
20260808,healthy_thr2,3,16,19,3,0,0,125,2,1,22,5,3,131,43
20260808,healthy_thr2,4,9,25,16,0,0,124,14,2,10,2,2,131,43
20260808,healthy_thr2,5,4,32,28,0,0,121,25,3,1,1,2,131,43
20260808,healthy_thr2,6,11,40,29,0,0,119,13,16,2,3,3,131,43
20260808,healthy_thr2,7,16,47,31,0,0,118,3,28,1,4,5,131,43
20260808,healthy_thr2,8,21,54,33,0,0,117,4,29,0,7,4,131,43
20260808,healthy_thr2,9,25,59,34,0,0,116,3,31,0,7,4,131,43
20260808,healthy_thr2,10,31,65,34,0,0,115,1,33,1,8,5,131,43
20260808,healthy_thr2,11,36,71,35,0,0,114,1,34,1,8,7,131,43
20260808,healthy_thr2,12,42,79,37,0,0,112,3,34,1,8,7,131,43
20260808,healthy_thr2,13,48,85,37,0,0,112,2,35,1,8,8,131,43
20260808,healthy_thr2,14,50,90,40,0,2,112,3,35,0,8,8,131,43
20260808,healthy_thr2,15,56,96,40,0,2,112,3,35,0,8,10,131,43
20260808,healthy_thr2,16,62,102,40,0,3,112,0,37,1,8,12,131,43
20260808,healthy_thr2,17,64,107,42,1,3,109,2,37,2,8,12,131,43
20260808,healthy_thr2,18,64,115,45,6,4,107,5,36,2,8,12,131,43
20260808,healthy_thr2,19,62,120,47,11,9,111,5,33,1,9,12,131,43
20260808,healthy_thr2,20,61,125,48,16,12,113,3,33,1,9,11,121,40
20260808,healthy_thr2,21,62,131,49,20,15,115,2,32,1,9,11,121,40
20260808,healthy_thr2,22,61,136,50,25,18,118,2,30,0,9,10,121,40
20260808,healthy_thr2,23,61,144,53,30,25,121,4,24,1,9,10,121,40
20260808,healthy_thr2,24,58,149,55,36,28,122,5,22,1,9,11,121,40
20260808,healthy_thr2,25,58,157,59,40,29,119,6,24,1,9,11,126,43
20260808,healthy_thr2,26,60,162,59,43,33,121,4,22,3,9,10,126,43
20260808,healthy_thr2,27,59,169,62,48,34,120,3,25,2,9,9,126,43
20260808,healthy_thr2,28,59,176,65,52,35,119,6,24,1,8,9,126,43
20260808,healthy_thr2,29,61,181,65,55,37,121,3,25,1,8,10,126,43
20260808,healthy_thr2,30,54,186,72,60,40,117,7,25,1,8,8,131,43
20260808,healthy_thr2,31,53,194,77,64,40,110,12,25,3,9,7,131,43
20260808,healthy_thr2,32,55,202,79,68,43,100,7,29,14,9,7,131,43
20260808,healthy_thr2,33,53,208,83,72,43,94,6,34,16,10,6,131,43
20260808,healthy_thr2,34,42,214,95,77,46,95,16,33,6,9,6,131,43
20260808,healthy_thr2,35,38,222,102,82,48,93,19,35,3,10,5,131,43
20260808,healthy_thr2,36,40,229,104,85,49,93,9,46,2,11,4,131,43
20260808,healthy_thr2,37,41,236,105,90,49,93,3,53,1,13,6,131,43
20260808,healthy_thr2,38,40,241,108,93,53,94,4,51,1,10,6,131,43
20260808,healthy_thr2,39,39,247,109,99,56,96,4,49,1,9,7,131,43
20260808,healthy_thr2,40,40,255,110,105,57,96,2,51,1,8,9,131,43
20260808,healthy_thr2,41,44,263,111,108,58,96,2,51,1,8,10,131,43
20260808,healthy_thr2,42,47,268,113,108,59,96,3,51,0,8,11,131,43
20260808,healthy_thr2,43,52,274,114,108,61,96,3,50,1,8,13,131,43
20260808,healthy_thr2,44,58,281,115,108,65,99,2,48,1,8,14,131,43
20260808,healthy_thr2,45,63,288,117,108,69,100,3,45,2,8,16,131,43
20260808,healthy_thr2,46,70,296,118,108,73,103,3,42,2,8,18,131,43
20260808,healthy_thr2,47,74,304,121,109,76,104,4,41,1,9,17,131,43
20260808,healthy_thr2,48,74,312,122,116,80,105,4,38,3,8,16,131,43
20260808,healthy_thr2,49,73,319,125,121,85,107,4,36,3,9,15,131,43
20260808,healthy_thr2,50,73,325,127,125,89,109,5,33,3,9,15,126,43
20260808,healthy_thr2,51,75,332,129,128,90,107,4,35,4,9,15,126,43
20260808,healthy_thr2,52,73,340,133,134,93,106,6,34,4,9,13,126,43
20260808,healthy_thr2,53,73,347,135,139,97,109,6,32,3,9,12,126,43
20260808,healthy_thr2,54,77,354,137,140,99,111,4,34,1,9,11,126,43
20260808,healthy_thr2,55,81,362,138,143,104,115,3,31,1,9,12,131,43
20260808,healthy_thr2,56,78,370,142,150,107,111,5,30,4,9,12,131,43
20260808,healthy_thr2,57,80,378,143,155,110,114,5,28,3,9,14,131,43
20260808,healthy_thr2,58,76,384,148,160,111,112,6,31,1,9,15,131,43
20260808,healthy_thr2,59,73,389,150,166,113,110,7,30,3,9,13,131,43
20260808,healthy_thr2,60,66,394,155,173,115,108,7,33,2,9,12,131,43
20260808,healthy_thr2,61,66,401,159,176,117,106,9,33,2,10,12,131,43
20260808,healthy_thr2,62,64,408,162,182,120,94,7,35,14,11,11,131,43
20260808,healthy_thr2,63,62,416,165,189,126,92,6,33,19,13,9,131,43
20260808,healthy_thr2,64,51,424,180,193,127,89,18,35,8,10,8,131,43
20260808,healthy_thr2,65,44,429,187,198,128,88,22,37,3,10,7,131,43
20260808,healthy_thr2,66,43,435,188,204,128,86,8,52,4,11,7,131,43
20260808,healthy_thr2,67,40,442,190,212,129,87,3,58,2,12,5,131,43
20260808,healthy_thr2,68,39,450,194,217,130,82,6,58,4,10,5,131,43
20260808,healthy_thr2,69,36,456,195,225,132,79,5,58,8,9,5,131,43
20260808,healthy_thr2,70,31,461,202,228,138,80,8,56,6,8,5,131,43
20260808,healthy_thr2,71,31,467,206,230,141,82,11,54,3,8,5,131,43
20260808,healthy_thr2,72,34,473,208,231,143,82,6,59,3,8,5,131,43
20260808,healthy_thr2,73,40,480,209,231,147,84,3,59,4,8,5,131,43
20260808,healthy_thr2,74,44,488,213,231,150,84,5,58,3,9,6,131,43
20260808,healthy_thr2,75,47,494,216,231,160,90,7,49,4,9,7,131,43
20260808,healthy_thr2,76,48,499,219,232,161,87,6,52,5,9,8,131,43
20260808,healthy_thr2,77,50,504,222,232,164,89,6,52,3,8,9,131,43
20260808,healthy_thr2,78,52,509,225,232,167,89,6,52,3,8,9,131,43
20260808,healthy_thr2,79,55,514,227,232,169,87,5,53,5,8,9,131,43
20260808,healthy_thr2,80,57,521,231,233,174,89,6,51,4,9,8,131,43
20260808,healthy_thr2,81,60,527,234,233,180,93,7,47,3,9,9,131,43
20260808,healthy_thr2,82,65,534,235,234,183,95,4,48,3,9,9,131,43
20260808,healthy_thr2,83,66,542,237,239,186,97,3,48,2,9,9,131,43
20260808,healthy_thr2,84,68,548,239,241,195,105,4,40,1,9,9,131,43
20260808,healthy_thr2,85,66,554,242,246,198,106,5,39,0,9,10,131,43
20260808,healthy_thr2,86,65,559,242,252,202,108,3,37,2,9,9,131,43
20260808,healthy_thr2,87,65,566,243,258,205,107,1,37,5,9,11,131,43
20260808,healthy_thr2,88,69,574,245,260,207,108,3,35,4,9,11,131,43
20260808,healthy_thr2,89,68,580,249,263,209,107,6,34,3,9,12,131,43
20260808,healthy_thr2,90,69,587,253,265,210,101,8,35,6,10,12,131,43
20260808,healthy_thr2,91,70,593,256,267,215,99,7,34,10,11,12,131,43
20260808,healthy_thr2,92,72,601,260,269,215,98,7,38,7,14,10,131,43
20260808,healthy_thr2,93,65,607,267,275,217,97,11,39,3,13,10,131,43
20260808,healthy_thr2,94,64,615,270,281,220,95,10,40,5,14,10,131,43
20260808,healthy_thr2,95,60,621,274,287,224,96,7,43,4,16,9,131,43
20260808,healthy_thr2,96,59,628,278,291,226,93,8,44,5,14,8,131,43
20260808,healthy_thr2,97,61,636,279,296,226,93,5,48,4,16,6,131,43
20260808,healthy_thr2,98,61,644,284,299,231,93,6,47,4,15,6,131,43
20260808,healthy_thr2,99,58,649,285,306,233,92,6,46,6,13,6,131,43
20260808,healthy_thr2,100,52,655,290,313,234,92,6,50,2,9,9,121,40
20260808,healthy_thr2,101,53,660,292,315,236,94,7,49,0,9,9,121,40
20260808,healthy_thr2,102,59,667,293,315,238,95,3,52,0,9,9,121,40
20260808,healthy_thr2,103,63,674,296,315,246,99,4,46,1,9,9,121,40
20260808,healthy_thr2,104,66,680,299,315,249,96,6,44,4,9,10,121,40
20260808,healthy_thr2,105,68,685,300,317,253,100,4,43,3,9,10,131,43
20260808,healthy_thr2,106,68,693,304,321,256,99,5,43,3,9,10,131,43
20260808,healthy_thr2,107,66,699,306,327,260,100,6,40,4,9,11,131,43
20260808,healthy_thr2,108,65,704,309,330,263,103,5,41,1,9,13,131,43
20260808,healthy_thr2,109,64,711,310,337,266,104,4,40,2,9,13,131,43
20260808,healthy_thr2,110,64,718,310,344,266,102,1,43,4,9,13,131,43
20260808,healthy_thr2,111,67,724,312,345,268,101,2,42,5,9,13,131,43
20260808,healthy_thr2,112,66,729,314,349,276,107,4,34,5,9,14,131,43
20260808,healthy_thr2,113,66,734,317,351,279,109,5,33,3,9,12,131,43
20260808,healthy_thr2,114,63,739,320,356,280,108,6,34,2,8,13,131,43
20260808,healthy_thr2,115,63,744,322,359,284,110,5,33,2,8,11,131,43
20260808,healthy_thr2,116,66,752,324,362,286,111,4,34,1,9,11,131,43
20260808,healthy_thr2,117,67,759,326,366,288,110,4,34,2,9,12,131,43
20260808,healthy_thr2,118,67,767,328,372,290,107,4,34,5,9,12,131,43
20260808,healthy_thr2,119,68,773,330,375,295,109,4,31,6,9,10,131,43
20260808,healthy_thr2,120,65,780,338,377,298,107,10,30,3,9,10,131,43
20260808,healthy_thr2,121,63,787,344,380,301,103,14,29,4,9,10,131,43
20260808,healthy_thr2,122,60,792,345,387,305,92,7,33,18,10,8,131,43
20260808,healthy_thr2,123,59,799,349,391,306,92,5,38,15,12,7,131,43
20260808,healthy_thr2,124,46,806,364,396,309,94,19,36,1,8,7,131,43
20260808,healthy_thr2,125,48,813,365,400,310,94,16,39,1,11,6,121,40
20260808,healthy_thr2,126,49,819,365,405,312,93,1,52,4,12,6,121,40
20260808,healthy_thr2,127,51,827,367,409,314,91,2,51,6,14,6,121,40
20260808,healthy_thr2,128,48,835,373,414,314,88,8,51,3,12,5,121,40
20260808,healthy_thr2,129,47,841,376,418,318,91,9,49,1,12,5,121,40
20260808,healthy_thr2,130,44,847,379,424,320,90,6,53,1,9,6,131,43
20260808,healthy_thr2,131,46,854,380,428,323,93,4,53,0,8,7,131,43
20260808,healthy_thr2,132,50,859,380,429,323,92,1,56,1,8,9,131,43
20260808,healthy_thr2,133,55,865,380,430,326,93,0,54,3,9,10,131,43
20260808,healthy_thr2,134,61,873,382,430,330,95,2,50,3,9,10,131,43
20260808,healthy_thr2,135,65,881,386,430,335,95,6,45,4,9,10,131,43
20260808,healthy_thr2,136,70,888,388,430,340,98,6,42,4,9,12,131,43
20260808,healthy_thr2,137,71,894,391,432,343,99,5,43,3,9,12,131,43
20260808,healthy_thr2,138,69,900,394,437,349,102,6,39,3,9,11,131,43
20260808,healthy_thr2,139,69,908,398,441,354,105,7,37,1,9,10,131,43
20260808,healthy_thr2,140,69,913,399,445,359,108,5,35,2,9,12,131,43
20260808,healthy_thr2,141,68,919,400,451,361,106,2,37,5,8,11,131,43
20260808,healthy_thr2,142,70,927,403,454,365,108,4,34,4,8,12,131,43
20260808,healthy_thr2,143,68,935,409,458,370,108,9,30,3,8,12,131,43
20260808,healthy_thr2,144,66,940,412,462,372,108,9,31,2,9,12,131,43
20260808,healthy_thr2,145,64,945,415,466,373,107,6,36,1,9,12,131,43
20260808,healthy_thr2,146,62,952,419,471,382,111,7,30,2,9,11,131,43
20260808,healthy_thr2,147,63,958,420,475,382,109,5,33,3,9,12,131,43
20260808,healthy_thr2,148,62,963,421,480,384,111,2,35,2,8,14,131,43
20260808,healthy_thr2,149,61,968,423,484,384,109,3,36,2,8,13,131,43
20260808,healthy_thr2,150,61,973,424,488,386,107,3,35,5,9,11,131,43
20260808,healthy_thr2,151,60,980,427,493,387,95,4,36,15,11,10,131,43
20260808,healthy_thr2,152,61,987,430,496,391,98,6,33,13,12,9,131,43
20260808,healthy_thr2,153,52,995,443,500,394,98,16,33,3,9,8,131,43
20260808,healthy_thr2,154,49,1002,445,508,397,99,15,33,3,12,7,131,43
20260808,healthy_thr2,155,50,1009,447,512,399,101,4,44,1,11,7,126,43
20260808,healthy_thr2,156,52,1017,449,516,401,101,4,44,1,13,5,126,43
20260808,healthy_thr2,157,51,1023,452,520,402,95,5,45,5,14,5,126,43
20260808,healthy_thr2,158,52,1030,454,524,403,94,5,46,5,14,6,126,43
20260808,healthy_thr2,159,48,1038,460,530,407,94,8,45,3,9,8,126,43
20260808,healthy_thr2,160,50,1044,461,533,410,96,7,44,3,8,8,131,43
20260808,healthy_thr2,161,49,1051,464,538,411,93,4,49,4,9,9,131,43
20260808,healthy_thr2,162,54,1059,467,538,412,91,6,49,4,9,10,131,43
20260808,healthy_thr2,163,55,1065,472,538,417,94,8,47,1,9,10,131,43
20260808,healthy_thr2,164,61,1073,473,539,420,97,6,47,0,9,9,131,43
20260808,healthy_thr2,165,63,1078,475,540,422,94,3,50,3,9,9,131,43
20260808,healthy_thr2,166,68,1084,476,540,428,97,3,45,5,9,9,131,43
20260808,healthy_thr2,167,66,1091,482,543,430,96,7,45,2,9,8,131,43
20260808,healthy_thr2,168,65,1097,484,548,434,100,8,42,0,9,10,131,43
20260808,healthy_thr2,169,69,1105,485,551,437,99,3,45,3,9,10,131,43
20260808,healthy_thr2,170,67,1110,486,557,439,98,2,45,5,9,9,131,43
20260808,healthy_thr2,171,64,1117,491,562,443,99,6,42,3,8,10,131,43
20260808,healthy_thr2,172,63,1122,494,565,451,103,8,35,4,8,12,131,43
20260808,healthy_thr2,173,63,1130,497,570,458,107,6,33,4,8,12,131,43
20260808,healthy_thr2,174,63,1136,500,573,461,107,6,33,4,7,13,131,43
20260808,healthy_thr2,175,66,1143,502,575,461,106,5,36,3,8,13,131,43
20260808,healthy_thr2,176,63,1149,506,580,463,104,6,37,3,8,12,131,43
20260808,healthy_thr2,177,68,1155,506,581,463,103,4,39,4,8,12,131,43
20260808,healthy_thr2,178,68,1162,510,584,467,105,4,39,2,8,11,131,43
20260808,healthy_thr2,179,69,1168,511,588,470,106,5,36,3,8,11,131,43
20260808,healthy_thr2,180,67,1173,514,592,475,108,4,35,3,8,10,121,40
20260808,healthy_thr2,181,68,1180,516,596,478,108,5,33,4,10,10,121,40
20260808,healthy_thr2,182,67,1185,518,600,479,95,4,35,16,13,10,121,40
20260808,healthy_thr2,183,66,1191,522,603,481,94,6,35,15,12,7,121,40
20260808,healthy_thr2,184,55,1196,536,605,483,95,18,35,2,8,7,121,40
20260808,healthy_thr2,185,51,1204,540,613,485,95,18,37,0,11,6,131,43
20260808,healthy_thr2,186,46,1209,544,619,488,94,8,48,0,12,5,131,43
20260808,healthy_thr2,187,45,1216,547,624,492,94,7,48,1,12,5,131,43
20260808,healthy_thr2,188,46,1222,547,629,492,93,3,52,2,9,5,131,43
20260808,healthy_thr2,189,46,1229,549,634,492,92,2,55,1,9,5,131,43
20260808,healthy_thr2,190,44,1234,550,640,493,91,3,54,2,9,6,131,43
20260808,healthy_thr2,191,41,1239,552,646,497,88,3,52,7,9,7,131,43
20260808,healthy_thr2,192,44,1245,555,646,501,91,5,49,5,9,7,131,43
20260808,healthy_thr2,193,44,1251,561,646,504,93,9,48,0,9,7,131,43
20260808,healthy_thr2,194,52,1259,561,646,504,91,6,51,2,9,8,131,43
20260808,healthy_thr2,195,56,1264,562,646,511,94,1,50,5,9,9,131,43
20260808,healthy_thr2,196,61,1272,565,646,514,96,4,47,3,10,11,131,43
20260808,healthy_thr2,197,63,1277,568,646,520,100,6,42,2,10,11,131,43
20260808,healthy_thr2,198,68,1283,568,647,522,102,3,43,2,9,11,131,43
20260808,healthy_thr2,199,64,1288,572,652,528,105,4,40,1,9,11,131,43
20260808,healthy_thr2,200,64,1293,572,657,530,106,4,38,2,9,13,131,43
20260808,healthy_thr2,201,66,1300,573,661,534,110,1,38,1,8,13,131,43
20260808,healthy_thr2,202,68,1307,574,665,537,111,2,35,2,9,14,131,43
20260808,healthy_thr2,203,68,1312,575,669,538,108,2,35,5,9,12,131,43
20260808,healthy_thr2,204,67,1319,580,672,546,111,6,28,5,9,12,131,43
20260808,healthy_thr2,205,69,1327,584,674,549,110,9,26,5,9,11,131,43
20260808,healthy_thr2,206,68,1334,586,680,554,115,6,26,3,9,9,131,43
20260808,healthy_thr2,207,70,1342,591,681,555,112,7,29,2,9,10,131,43
20260808,healthy_thr2,208,67,1347,592,688,556,112,6,30,2,9,9,131,43
20260808,healthy_thr2,209,69,1353,595,689,558,112,4,33,1,9,10,131,43
20260808,healthy_thr2,210,63,1359,601,695,559,105,9,33,3,9,10,131,43
20260808,healthy_thr2,211,63,1366,604,699,563,105,9,32,4,9,10,131,43
20260808,healthy_thr2,212,62,1372,607,703,564,101,6,37,6,11,10,131,43
20260808,healthy_thr2,213,60,1377,610,707,565,88,6,39,17,12,10,131,43
20260808,healthy_thr2,214,57,1385,615,713,566,88,8,41,13,14,8,131,43
20260808,healthy_thr2,215,47,1393,630,716,568,88,20,42,0,10,8,131,43
20260808,healthy_thr2,216,45,1398,632,721,571,88,17,44,1,10,8,131,43
20260808,healthy_thr2,217,43,1405,633,729,572,88,3,58,1,12,6,131,43
20260808,healthy_thr2,218,42,1411,634,735,573,89,2,59,0,10,5,131,43
20260808,healthy_thr2,219,41,1417,636,740,577,89,3,56,2,8,6,131,43
20260808,healthy_thr2,220,43,1423,636,744,581,93,2,53,2,8,6,131,43
20260808,healthy_thr2,221,41,1428,640,747,584,93,4,52,1,8,7,131,43
20260808,healthy_thr2,222,47,1436,642,747,584,91,6,52,1,8,8,131,43
20260808,healthy_thr2,223,50,1441,644,747,586,89,4,54,3,9,9,131,43
20260808,healthy_thr2,224,57,1448,644,747,590,92,2,52,4,9,9,131,43
20260808,healthy_thr2,225,59,1454,648,747,594,95,4,50,1,9,9,131,43
20260808,healthy_thr2,226,62,1459,650,747,601,99,6,43,2,9,8,131,43
20260808,healthy_thr2,227,62,1465,652,751,607,100,4,41,5,8,9,131,43
20260808,healthy_thr2,228,65,1472,655,752,609,101,5,41,3,8,10,131,43
20260808,healthy_thr2,229,62,1478,659,757,612,103,7,40,0,9,9,131,43
20260808,healthy_thr2,230,65,1486,660,761,615,105,5,40,0,9,10,131,43
20260808,healthy_thr2,231,67,1494,661,766,621,109,2,38,1,9,10,131,43
20260808,healthy_thr2,232,67,1500,663,770,624,106,3,36,5,9,10,131,43
20260808,healthy_thr2,233,69,1507,666,772,629,107,5,32,6,9,10,131,43
20260808,healthy_thr2,234,67,1513,672,774,631,106,9,32,3,9,10,131,43
20260808,healthy_thr2,235,69,1520,675,776,636,110,9,30,1,9,10,111,40
20260808,healthy_thr2,236,66,1526,679,781,636,107,7,36,0,9,10,111,40
20260808,healthy_thr2,237,63,1531,681,787,639,107,6,36,1,9,10,111,40
20260808,healthy_thr2,238,61,1536,684,791,639,104,5,40,1,9,8,111,40
20260808,healthy_thr2,239,61,1542,686,795,643,106,5,38,1,9,8,111,40
20260808,healthy_thr2,240,57,1547,689,801,646,104,5,38,3,9,8,131,43
20260808,healthy_thr2,241,55,1552,691,806,647,104,5,39,2,9,8,131,43
20260808,healthy_thr2,242,51,1557,697,809,651,101,8,38,3,11,6,131,43
20260808,healthy_thr2,243,49,1563,697,817,656,98,6,35,11,11,6,131,43
20260808,healthy_thr2,244,49,1570,701,820,658,98,4,39,9,11,6,131,43
20260808,healthy_thr2,245,38,1575,711,826,658,93,14,39,4,8,6,131,43
20260808,healthy_thr2,246,37,1581,713,831,659,91,12,42,5,10,4,131,43
20260808,healthy_thr2,247,35,1588,717,836,662,93,6,49,2,11,4,131,43
20260808,healthy_thr2,248,35,1593,719,839,666,94,6,47,3,10,4,131,43
20260808,healthy_thr2,249,39,1601,720,842,669,94,3,48,5,10,5,131,43
20260808,healthy_thr2,250,40,1606,724,842,671,93,5,48,4,9,5,131,43
20260808,healthy_thr2,251,40,1611,726,845,674,94,6,46,4,9,6,131,43
20260808,healthy_thr2,252,42,1616,728,846,676,96,4,48,2,9,8,131,43
20260808,healthy_thr2,253,47,1624,731,846,679,97,5,47,1,9,8,131,43
20260808,healthy_thr2,254,52,1629,731,846,680,97,3,48,2,9,10,131,43
20260808,healthy_thr2,255,55,1636,734,847,685,96,3,46,5,9,9,122,43
20260808,healthy_thr2,256,60,1642,735,847,688,98,4,43,5,9,11,122,43
20260808,healthy_thr2,257,61,1647,739,847,690,100,5,44,1,9,11,122,43
20260808,healthy_thr2,258,66,1655,741,848,692,99,6,43,2,9,10,122,43
20260808,healthy_thr2,259,64,1662,745,853,696,99,6,43,2,9,9,122,43
20260808,healthy_thr2,260,64,1669,749,856,702,100,8,39,3,9,10,131,43
20260808,healthy_thr2,261,60,1675,751,864,708,101,6,37,6,9,10,131,43
20260808,healthy_thr2,262,64,1683,754,865,712,103,5,37,5,9,10,131,43
20260808,healthy_thr2,263,64,1689,758,867,713,102,7,38,3,9,10,131,43
20260808,healthy_thr2,264,66,1695,760,869,717,104,6,37,3,9,11,131,43
20260808,healthy_thr2,265,65,1702,762,875,722,108,4,36,2,9,9,131,43
20260808,healthy_thr2,266,69,1710,764,877,724,109,4,36,1,9,11,131,43
20260808,healthy_thr2,267,71,1718,765,882,726,108,3,36,3,9,13,131,43
20260808,healthy_thr2,268,72,1725,766,887,728,107,2,36,5,9,14,131,43
20260808,healthy_thr2,269,72,1732,771,889,731,105,6,34,5,9,13,131,43
20260808,healthy_thr2,270,73,1740,775,892,734,105,9,32,4,10,11,131,43
20260808,healthy_thr2,271,74,1745,777,894,735,99,6,36,9,12,10,131,43
20260808,healthy_thr2,272,75,1751,779,897,735,99,4,40,7,11,10,131,43
20260808,healthy_thr2,273,69,1757,786,902,737,98,9,40,3,12,9,131,43
20260808,healthy_thr2,274,68,1764,786,910,739,100,7,40,3,12,9,131,43
20260808,healthy_thr2,275,65,1770,790,915,744,103,4,42,1,11,9,131,43
20260808,healthy_thr2,276,66,1776,790,920,748,103,4,38,5,14,8,131,43
20260808,healthy_thr2,277,66,1782,791,925,749,102,1,41,6,15,7,131,43
20260808,healthy_thr2,278,62,1788,795,931,753,103,5,37,5,14,5,131,43
20260808,healthy_thr2,279,55,1793,800,938,756,102,9,35,4,14,5,131,43
20260808,healthy_thr2,280,50,1798,804,944,758,101,9,37,3,10,6,131,43
20260808,healthy_thr2,281,47,1804,807,950,762,101,7,38,4,9,7,131,43
20260808,healthy_thr2,282,49,1809,809,951,764,103,5,40,2,9,7,131,43
20260808,healthy_thr2,283,53,1816,812,951,767,103,5,40,2,9,8,131,43
20260808,healthy_thr2,284,58,1823,814,951,769,100,5,40,5,9,9,131,43
20260808,healthy_thr2,285,60,1828,817,951,771,100,5,41,4,9,8,121,40
20260808,healthy_thr2,286,63,1834,820,951,776,104,6,38,2,9,9,121,40
20260808,healthy_thr2,287,65,1842,823,954,779,103,6,38,3,9,10,121,40
20260808,healthy_thr2,288,65,1848,824,959,784,103,4,36,7,9,9,121,40
20260808,healthy_thr2,289,64,1853,826,963,784,101,3,39,7,9,9,121,40
20260808,healthy_thr2,290,63,1861,834,964,786,97,10,38,5,9,9,126,43
20260808,healthy_thr2,291,61,1866,838,967,789,97,12,37,4,9,9,126,43
20260808,healthy_thr2,292,62,1872,842,968,795,101,8,39,2,9,10,126,43
20260808,healthy_thr2,293,64,1879,843,972,797,103,5,41,1,9,10,126,43
20260808,healthy_thr2,294,63,1884,845,976,801,106,3,41,0,9,10,126,43
20260808,healthy_thr2,295,64,1892,846,982,805,108,3,38,1,9,11,131,43
20260808,healthy_thr2,296,66,1899,846,987,806,109,1,39,1,9,12,131,43
20260808,healthy_thr2,297,66,1904,848,990,808,108,2,38,2,9,12,131,43
20260808,healthy_thr2,298,67,1910,848,995,809,108,2,37,3,9,12,131,43
20260808,healthy_thr2,299,65,1915,851,999,813,110,3,35,2,9,14,131,43
20260808,healthy_thr2,300,60,1920,856,1004,815,107,8,33,2,8,13,131,43
20260808,healthy_thr2,301,59,1927,860,1008,818,105,9,33,3,8,11,131,43
20260808,healthy_thr2,302,60,1932,861,1011,819,103,5,37,5,10,10,131,43
20260808,healthy_thr2,303,62,1939,864,1013,822,100,4,38,8,12,8,131,43
20260808,healthy_thr2,304,57,1945,869,1019,826,100,8,35,7,13,6,131,43
20260808,healthy_thr2,305,51,1950,874,1025,828,100,10,36,4,13,6,131,43
20260808,healthy_thr2,306,55,1957,876,1026,830,101,7,39,3,15,6,131,43
20260808,healthy_thr2,307,51,1964,881,1032,835,101,7,39,3,15,5,131,43
20260808,healthy_thr2,308,49,1971,884,1038,837,100,8,39,3,13,5,131,43
20260808,healthy_thr2,309,48,1978,889,1041,843,103,8,38,1,10,6,131,43
20260808,healthy_thr2,310,46,1985,892,1047,843,100,8,41,1,10,6,131,43
20260808,healthy_thr2,311,49,1993,892,1052,845,102,3,44,1,9,7,131,43
20260808,healthy_thr2,312,54,2000,894,1052,846,101,2,46,1,9,8,131,43
20260808,healthy_thr2,313,61,2008,895,1052,849,103,3,43,1,9,9,131,43
20260808,healthy_thr2,314,60,2013,901,1052,851,100,7,43,0,9,9,131,43
20260808,healthy_thr2,315,62,2018,902,1054,854,101,7,41,1,9,9,131,43
20260808,healthy_thr2,316,63,2025,904,1058,857,100,3,44,3,9,9,131,43
20260808,healthy_thr2,317,66,2033,907,1060,860,100,5,42,3,9,9,131,43
20260808,healthy_thr2,318,66,2041,910,1065,864,102,6,40,2,9,8,131,43
20260808,healthy_thr2,319,65,2047,912,1070,865,102,5,42,1,9,9,131,43
20260808,healthy_thr2,320,66,2054,915,1073,871,106,5,39,0,9,10,131,43
20260808,healthy_thr2,321,64,2060,917,1079,878,109,5,34,2,9,9,131,43
20260808,healthy_thr2,322,65,2067,918,1084,879,107,3,36,4,9,10,131,43
20260808,healthy_thr2,323,62,2074,922,1090,882,106,5,35,4,9,9,131,43
20260808,healthy_thr2,324,62,2081,925,1094,887,108,7,31,4,9,9,131,43
20260808,healthy_thr2,325,64,2089,927,1098,891,111,5,31,3,9,10,131,43
20260808,healthy_thr2,326,64,2094,931,1099,892,107,6,33,4,9,11,131,43
20260808,healthy_thr2,327,64,2101,935,1102,892,103,8,35,4,9,10,131,43
20260808,healthy_thr2,328,64,2107,939,1104,894,103,8,37,2,9,9,131,43
20260808,healthy_thr2,329,61,2112,942,1109,897,103,7,38,2,9,9,131,43
20260808,healthy_thr2,330,58,2119,947,1114,898,99,8,41,2,9,9,131,43
20260808,healthy_thr2,331,57,2124,948,1119,902,101,6,40,3,10,8,131,43
20260808,healthy_thr2,332,59,2132,951,1122,905,88,4,42,16,13,8,131,43
20260808,healthy_thr2,333,58,2137,953,1126,905,86,5,43,16,14,6,131,43
20260808,healthy_thr2,334,46,2145,968,1131,906,85,17,45,3,12,6,131,43
20260808,healthy_thr2,335,45,2152,971,1136,907,85,18,46,1,11,6,121,40
20260808,healthy_thr2,336,44,2160,974,1142,910,84,6,58,2,13,5,121,40
20260808,healthy_thr2,337,42,2166,974,1150,913,84,3,58,5,12,3,121,40
20260808,healthy_thr2,338,44,2173,977,1152,916,84,3,58,5,11,4,121,40
20260808,healthy_thr2,339,42,2178,980,1156,920,88,6,54,2,9,5,121,40
20260808,healthy_thr2,340,41,2185,983,1161,921,88,6,56,0,9,5,131,43
20260808,healthy_thr2,341,40,2191,985,1166,925,88,5,55,2,8,6,131,43
20260808,healthy_thr2,342,46,2197,985,1166,927,89,2,56,3,9,7,131,43
20260808,healthy_thr2,343,52,2205,987,1166,930,91,2,55,2,9,7,131,43
20260808,healthy_thr2,344,55,2212,991,1166,937,94,6,48,2,9,9,131,43
20260808,healthy_thr2,345,59,2220,995,1166,943,93,8,44,5,10,9,131,43
20260808,healthy_thr2,346,62,2225,996,1167,945,91,5,46,8,10,10,131,43
20260808,healthy_thr2,347,64,2232,1001,1167,948,89,6,47,8,9,10,131,43
20260808,healthy_thr2,348,66,2239,1003,1170,951,94,7,45,4,9,11,131,43
20260808,healthy_thr2,349,66,2247,1007,1174,955,95,6,46,3,9,10,131,43
20260808,healthy_thr2,350,67,2254,1008,1179,959,97,5,44,4,9,8,131,43
20260808,healthy_thr2,351,67,2261,1013,1181,961,96,6,46,2,9,8,131,43
20260808,healthy_thr2,352,68,2268,1016,1184,964,96,8,44,2,9,9,131,43
20260808,healthy_thr2,353,68,2275,1020,1187,971,98,7,42,3,9,10,131,43
20260808,healthy_thr2,354,68,2283,1023,1192,975,99,7,41,3,9,10,131,43
20260808,healthy_thr2,355,64,2288,1026,1198,982,104,6,38,2,9,10,131,43
20260808,healthy_thr2,356,62,2293,1029,1202,984,103,6,39,2,9,10,131,43
20260808,healthy_thr2,357,63,2298,1030,1205,984,99,4,42,5,9,10,131,43
20260808,healthy_thr2,358,64,2305,1032,1209,985,97,3,44,6,9,12,131,43
20260808,healthy_thr2,359,65,2311,1037,1209,989,99,7,41,3,9,11,131,43
20260808,healthy_thr2,360,65,2318,1041,1212,991,98,9,41,2,10,10,126,43
20260808,healthy_thr2,361,65,2325,1043,1217,995,92,6,42,10,13,9,126,43
20260808,healthy_thr2,362,63,2332,1046,1223,999,93,5,42,10,13,8,126,43
20260808,healthy_thr2,363,55,2340,1057,1228,1000,90,14,43,3,13,7,126,43
20260808,healthy_thr2,364,55,2347,1059,1233,1004,92,13,42,3,14,6,126,43
20260808,healthy_thr2,365,55,2352,1062,1235,1007,93,5,50,2,12,6,131,43
20260808,healthy_thr2,366,53,2360,1065,1242,1009,91,6,50,3,13,5,131,43
20260808,healthy_thr2,367,55,2368,1067,1246,1013,93,5,49,3,14,5,131,43
20260808,healthy_thr2,368,57,2376,1070,1249,1014,89,5,51,5,12,6,131,43
20260808,healthy_thr2,369,58,2384,1073,1253,1017,88,6,50,6,11,7,131,43
20260808,healthy_thr2,370,52,2390,1080,1258,1023,90,10,47,3,9,7,131,43
20260808,healthy_thr2,371,53,2397,1082,1262,1026,90,9,47,4,9,8,131,43
20260808,healthy_thr2,372,58,2403,1083,1262,1029,91,3,51,5,9,9,131,43
20260808,healthy_thr2,373,62,2410,1086,1262,1030,89,4,52,5,9,9,131,43
20260808,healthy_thr2,374,65,2417,1089,1263,1035,91,6,48,5,9,10,131,43
20260808,healthy_thr2,375,64,2422,1095,1263,1041,92,9,45,4,9,10,131,43
20260808,healthy_thr2,376,65,2427,1098,1264,1046,93,9,43,5,9,9,131,43
20260808,healthy_thr2,377,69,2433,1100,1264,1048,94,5,47,4,9,9,131,43
20260808,healthy_thr2,378,69,2439,1104,1266,1052,97,6,46,1,9,9,131,43
20260808,healthy_thr2,379,69,2447,1107,1271,1055,96,7,45,2,9,11,131,43
20260808,healthy_thr2,380,69,2454,1108,1277,1058,96,4,46,4,9,10,115,42
20260808,healthy_thr2,381,66,2459,1110,1283,1062,98,3,45,4,9,10,115,42
20260808,healthy_thr2,382,67,2465,1112,1286,1065,100,4,43,3,9,10,115,42
20260808,healthy_thr2,383,66,2470,1114,1290,1068,102,4,42,2,9,10,115,42
20260808,healthy_thr2,384,66,2476,1115,1295,1071,104,3,41,2,9,11,115,42
20260808,healthy_thr2,385,66,2484,1118,1300,1074,102,4,40,4,9,11,131,43
20260808,healthy_thr2,386,66,2490,1119,1305,1077,103,4,38,5,9,11,131,43
20260808,healthy_thr2,387,68,2497,1124,1305,1080,101,6,38,5,9,10,131,43
20260808,healthy_thr2,388,69,2502,1126,1307,1083,104,7,36,3,9,10,131,43
20260808,healthy_thr2,389,70,2510,1130,1310,1086,104,6,38,2,9,11,131,43
20260808,healthy_thr2,390,70,2517,1132,1315,1088,99,6,38,7,11,11,121,40
20260808,healthy_thr2,391,69,2524,1136,1319,1090,89,6,40,15,11,10,121,40
20260808,healthy_thr2,392,66,2531,1142,1323,1093,89,10,39,12,12,10,121,40
20260808,healthy_thr2,393,56,2537,1153,1328,1095,89,17,41,3,10,8,121,40
20260808,healthy_thr2,394,52,2542,1157,1333,1101,90,15,41,4,10,7,121,40
20260808,healthy_thr2,395,51,2547,1158,1338,1107,95,5,46,4,12,7,131,43
20260808,healthy_thr2,396,47,2552,1161,1344,1107,93,4,50,3,11,7,131,43
20260808,healthy_thr2,397,46,2560,1164,1350,1108,90,6,50,4,10,6,131,43
20260808,healthy_thr2,398,45,2567,1168,1354,1109,88,7,52,3,11,6,131,43
20260808,healthy_thr2,399,42,2574,1173,1359,1111,87,9,53,1,10,6,131,43
20260808,healthy_thr2,400,41,2580,1175,1364,1115,88,7,53,2,9,7,131,43
20260808,healthy_thr2,401,38,2585,1177,1370,1119,90,4,54,2,8,8,131,43
20260808,healthy_thr2,402,40,2591,1181,1370,1123,92,6,52,0,6,8,131,43
20260808,healthy_thr2,403,45,2598,1183,1370,1126,93,6,51,0,6,11,131,43
20260808,healthy_thr2,404,49,2605,1186,1370,1128,92,5,53,0,7,13,131,43
20260808,healthy_thr2,405,55,2611,1186,1370,1131,94,3,52,1,8,14,131,43
20260808,healthy_thr2,406,61,2619,1187,1371,1135,97,1,51,1,9,13,131,43
20260808,healthy_thr2,407,63,2626,1188,1375,1138,98,2,48,2,9,13,131,43
20260808,healthy_thr2,408,64,2634,1190,1380,1141,99,3,46,2,9,14,131,43
20260808,healthy_thr2,409,64,2640,1193,1383,1144,99,5,44,2,9,12,131,43
20260808,healthy_thr2,410,63,2646,1195,1388,1147,100,5,43,2,9,10,131,43
20260808,healthy_thr2,411,63,2653,1199,1391,1151,102,6,42,0,9,11,131,43
20260808,healthy_thr2,412,62,2661,1202,1397,1157,104,7,38,1,9,10,131,43
20260808,healthy_thr2,413,65,2669,1204,1400,1160,105,5,39,1,9,10,131,43
20260808,healthy_thr2,414,69,2677,1205,1403,1167,111,3,35,1,9,10,131,43
20260808,healthy_thr2,415,71,2684,1206,1407,1170,112,2,34,2,9,11,131,43
20260808,healthy_thr2,416,69,2689,1209,1411,1172,112,4,33,1,9,11,131,43
20260808,healthy_thr2,417,71,2696,1210,1415,1178,117,4,28,1,9,11,131,43
20260808,healthy_thr2,418,71,2704,1211,1422,1179,115,2,30,3,9,10,131,43
20260808,healthy_thr2,419,69,2710,1212,1429,1182,117,2,28,3,9,10,131,43
20260808,healthy_thr2,420,64,2716,1218,1434,1182,113,7,29,1,9,9,131,43
20260808,healthy_thr2,421,65,2721,1220,1436,1185,113,8,27,2,10,9,131,43
20260808,healthy_thr2,422,66,2726,1220,1440,1186,104,2,32,12,12,8,131,43
20260808,healthy_thr2,423,65,2731,1222,1444,1187,102,2,33,13,14,7,131,43
20260808,healthy_thr2,424,53,2736,1233,1450,1188,97,13,32,8,11,7,131,43
20260808,healthy_thr2,425,51,2743,1236,1456,1191,98,14,31,7,10,6,131,43
20260808,healthy_thr2,426,44,2749,1241,1464,1194,99,8,39,4,11,6,131,43
20260808,healthy_thr2,427,40,2755,1244,1471,1197,100,8,39,3,11,5,131,43
20260808,healthy_thr2,428,40,2761,1247,1474,1200,102,6,41,1,10,5,131,43
20260808,healthy_thr2,429,37,2766,1248,1481,1201,101,4,43,2,9,4,131,43
20260808,healthy_thr2,430,35,2772,1249,1488,1202,99,2,45,4,8,5,131,43
20260808,healthy_thr2,431,32,2780,1254,1494,1202,96,6,46,2,6,6,131,43
20260808,healthy_thr2,432,35,2785,1256,1494,1204,96,7,45,2,7,6,131,43
20260808,healthy_thr2,433,39,2791,1257,1495,1205,95,3,49,3,8,7,131,43
20260808,healthy_thr2,434,45,2799,1259,1495,1209,98,3,47,2,8,9,131,43
20260808,healthy_thr2,435,49,2804,1260,1495,1213,101,3,44,2,9,8,131,43
20260808,healthy_thr2,436,54,2811,1261,1496,1219,106,2,40,2,9,9,131,43
20260808,healthy_thr2,437,59,2818,1263,1496,1221,106,3,39,2,9,9,131,43
20260808,healthy_thr2,438,63,2824,1265,1496,1225,108,4,36,2,9,9,131,43
20260808,healthy_thr2,439,65,2829,1268,1496,1228,109,5,35,1,9,9,131,43
20260808,healthy_thr2,440,64,2834,1271,1499,1229,105,6,36,3,9,9,131,43
20260808,healthy_thr2,441,64,2839,1271,1504,1233,107,3,35,5,9,9,131,43
20260808,healthy_thr2,442,63,2847,1277,1507,1239,110,6,32,2,9,10,131,43
20260808,healthy_thr2,443,66,2854,1279,1509,1240,108,8,31,3,9,10,131,43
20260808,healthy_thr2,444,67,2860,1279,1514,1242,108,2,35,5,9,10,131,43
20260808,healthy_thr2,445,68,2866,1282,1516,1246,111,3,33,3,9,11,121,40
20260808,healthy_thr2,446,66,2874,1286,1522,1250,111,7,29,3,9,12,121,40
20260808,healthy_thr2,447,68,2881,1287,1526,1253,113,5,29,3,9,12,121,40
20260808,healthy_thr2,448,66,2886,1289,1531,1254,111,3,32,4,9,10,121,40
20260808,healthy_thr2,449,64,2891,1292,1535,1257,110,5,30,5,9,10,121,40
20260808,healthy_thr2,450,60,2898,1300,1538,1259,103,11,30,6,9,9,131,43
20260808,healthy_thr2,451,62,2904,1302,1540,1261,100,10,31,9,11,8,131,43
20260808,healthy_thr2,452,63,2909,1306,1540,1262,93,6,38,13,12,8,131,43
20260808,healthy_thr2,453,62,2915,1311,1542,1267,96,9,35,10,15,7,131,43
20260808,healthy_thr2,454,53,2920,1320,1547,1270,96,14,36,4,12,7,131,43
20260808,healthy_thr2,455,53,2928,1322,1553,1271,97,11,40,2,14,6,131,43
20260808,healthy_thr2,456,54,2936,1324,1558,1274,100,4,46,0,14,5,131,43
20260808,healthy_thr2,457,54,2943,1325,1564,1275,97,3,47,3,15,5,131,43
20260808,healthy_thr2,458,53,2949,1326,1570,1277,98,2,47,3,11,6,131,43
20260808,healthy_thr2,459,49,2955,1329,1577,1283,103,4,42,1,10,7,131,43
20260808,healthy_thr2,460,49,2963,1333,1581,1286,98,7,40,5,9,7,131,43
20260808,healthy_thr2,461,54,2971,1334,1583,1287,98,5,42,5,9,7,131,43
20260808,healthy_thr2,462,54,2977,1339,1584,1288,96,6,45,3,9,8,131,43
20260808,healthy_thr2,463,58,2982,1340,1584,1291,98,6,43,3,9,8,131,43
20260808,healthy_thr2,464,62,2989,1343,1584,1295,100,4,44,2,9,9,131,43
20260808,healthy_thr2,465,65,2995,1346,1584,1295,97,6,45,2,9,9,131,43
20260808,healthy_thr2,466,70,3001,1347,1584,1296,98,4,47,1,9,11,131,43
20260808,healthy_thr2,467,66,3007,1350,1591,1301,100,4,45,1,9,11,131,43
20260808,healthy_thr2,468,65,3014,1351,1598,1303,100,4,44,2,9,11,131,43
20260808,healthy_thr2,469,62,3020,1356,1602,1305,95,6,45,4,9,11,131,43
20260808,healthy_thr2,470,63,3027,1358,1606,1313,99,7,38,6,9,11,131,43
20260808,healthy_thr2,471,61,3033,1363,1609,1316,98,7,40,5,9,10,131,43
20260808,healthy_thr2,472,64,3041,1368,1609,1320,100,10,38,2,9,10,131,43
20260808,healthy_thr2,473,61,3047,1371,1615,1322,100,8,41,1,9,9,131,43
20260808,healthy_thr2,474,62,3053,1373,1618,1323,99,5,45,1,9,9,131,43
20260808,healthy_thr2,475,64,3061,1375,1622,1327,101,4,44,1,9,9,131,43
20260808,healthy_thr2,476,66,3069,1376,1627,1335,107,3,38,2,9,10,131,43
20260808,healthy_thr2,477,69,3076,1377,1630,1336,107,2,39,2,9,11,131,43
20260808,healthy_thr2,478,68,3083,1380,1635,1340,107,4,36,3,9,12,131,43
20260808,healthy_thr2,479,66,3088,1382,1640,1343,106,5,34,5,9,11,131,43
20260808,healthy_thr2,480,59,3096,1394,1643,1346,99,14,34,3,9,10,131,43
20260808,healthy_thr2,481,59,3101,1399,1643,1347,96,17,35,2,10,10,131,43
20260808,healthy_thr2,482,57,3107,1402,1648,1349,87,8,45,10,11,9,131,43
20260808,healthy_thr2,483,58,3114,1405,1651,1352,89,6,47,8,11,9,131,43
20260808,healthy_thr2,484,49,3120,1414,1657,1355,89,12,47,2,12,7,131,43
20260808,healthy_thr2,485,47,3126,1417,1662,1357,86,12,48,4,13,6,131,43
20260808,healthy_thr2,486,47,3133,1420,1666,1360,87,6,54,3,13,6,131,43
20260808,healthy_thr2,487,46,3141,1422,1673,1363,87,5,54,4,13,5,131,43
20260808,healthy_thr2,488,42,3146,1425,1679,1366,88,5,54,3,14,5,131,43
20260808,healthy_thr2,489,41,3154,1428,1685,1370,90,6,52,2,11,5,131,43
20260808,healthy_thr2,490,40,3159,1429,1690,1372,90,4,53,3,9,5,126,43
20260808,healthy_thr2,491,42,3165,1431,1692,1374,92,3,54,1,8,6,126,43
20260808,healthy_thr2,492,45,3173,1436,1692,1377,89,7,52,2,8,8,126,43
20260808,healthy_thr2,493,48,3178,1438,1692,1384,93,7,47,3,9,8,126,43
20260808,healthy_thr2,494,51,3184,1441,1692,1386,93,5,50,2,9,8,126,43
20260808,healthy_thr2,495,55,3189,1442,1692,1391,97,4,47,2,9,9,131,43
20260808,healthy_thr2,496,59,3197,1446,1692,1394,97,5,47,1,9,10,131,43
20260808,healthy_thr2,497,62,3203,1448,1693,1400,101,6,42,1,9,11,131,43
20260808,healthy_thr2,498,65,3209,1448,1696,1402,103,2,44,1,9,13,131,43
20260808,healthy_thr2,499,65,3217,1450,1702,1408,108,2,40,0,9,14,131,43
20260808,healthy_thr2,500,67,3225,1452,1706,1414,112,4,34,0,9,14,131,43
20260808,healthy_thr2,501,64,3230,1453,1713,1417,113,3,33,1,9,11,131,43
20260808,healthy_thr2,502,63,3235,1454,1718,1418,112,2,34,2,9,11,131,43
20260808,healthy_thr2,503,63,3241,1456,1722,1421,114,3,32,1,9,11,131,43
20260808,healthy_thr2,504,66,3249,1457,1726,1421,113,3,33,1,9,12,131,43
20260808,healthy_thr2,505,67,3256,1459,1730,1425,115,3,31,1,9,12,131,43
20260808,healthy_thr2,506,69,3264,1461,1734,1427,116,4,30,0,9,12,131,43
20260808,healthy_thr2,507,70,3270,1461,1739,1433,122,2,26,0,9,13,131,43
20260808,healthy_thr2,508,69,3276,1462,1745,1436,122,1,25,2,9,13,131,43
20260808,healthy_thr2,509,68,3282,1464,1750,1441,124,3,20,3,9,14,131,43
20260808,healthy_thr2,510,64,3288,1470,1754,1441,119,8,21,2,9,13,131,43
20260808,healthy_thr2,511,62,3294,1473,1759,1445,117,9,19,5,11,13,131,43
20260808,healthy_thr2,512,62,3301,1474,1765,1445,113,4,25,8,13,11,131,43
20260808,healthy_thr2,513,58,3306,1479,1769,1447,113,6,26,5,13,10,131,43
20260808,healthy_thr2,514,56,3313,1485,1772,1449,112,11,25,2,12,9,131,43
20260808,healthy_thr2,515,57,3320,1486,1777,1451,114,7,28,1,14,8,131,43
20260808,healthy_thr2,516,53,3326,1488,1785,1453,113,3,32,2,13,6,131,43
20260808,healthy_thr2,517,53,3331,1488,1790,1454,113,2,32,3,12,7,131,43
20260808,healthy_thr2,518,49,3337,1491,1797,1456,111,3,32,4,13,8,131,43
20260808,healthy_thr2,519,49,3342,1492,1801,1456,111,4,32,3,10,8,131,43
20260808,healthy_thr2,520,48,3349,1495,1806,1456,111,4,35,0,9,8,101,38
20260808,healthy_thr2,521,51,3356,1495,1810,1458,108,3,34,5,9,9,101,38
20260808,healthy_thr2,522,59,3364,1495,1810,1461,104,0,34,12,9,9,101,38
20260808,healthy_thr2,523,58,3370,1502,1810,1463,102,7,32,9,9,8,101,38
20260808,healthy_thr2,524,54,3375,1510,1811,1464,101,15,31,3,9,9,101,38
20260808,healthy_thr2,525,58,3381,1512,1811,1465,100,10,37,3,9,9,126,43
20260808,healthy_thr2,526,63,3387,1513,1811,1471,104,3,39,4,9,9,126,43
20260808,healthy_thr2,527,68,3395,1516,1811,1473,103,4,39,4,9,10,126,43
20260808,healthy_thr2,528,71,3402,1519,1812,1474,99,6,39,6,9,11,126,43
20260808,healthy_thr2,529,73,3408,1521,1814,1477,100,5,39,6,9,13,126,43
20260808,healthy_thr2,530,71,3414,1527,1816,1480,99,8,39,4,9,11,131,43
20260808,healthy_thr2,531,71,3419,1529,1819,1480,96,8,41,5,9,11,131,43
20260808,healthy_thr2,532,71,3427,1532,1824,1483,95,5,44,6,9,9,131,43
20260808,healthy_thr2,533,71,3435,1536,1828,1484,93,7,45,5,9,8,131,43
20260808,healthy_thr2,534,70,3443,1540,1833,1488,94,8,44,4,9,9,131,43
20260808,healthy_thr2,535,71,3449,1543,1835,1493,98,7,43,2,9,10,131,43
20260808,healthy_thr2,536,72,3456,1546,1838,1495,97,6,45,2,9,10,131,43
20260808,healthy_thr2,537,73,3462,1547,1842,1499,98,4,44,4,9,10,131,43
20260808,healthy_thr2,538,72,3468,1550,1846,1502,98,4,44,4,9,10,131,43
20260808,healthy_thr2,539,70,3473,1552,1851,1506,102,5,41,2,9,10,131,43
20260808,healthy_thr2,540,71,3481,1555,1855,1506,98,5,44,3,10,10,131,43
20260808,healthy_thr2,541,71,3489,1558,1860,1510,95,6,42,7,12,10,131,43
20260808,healthy_thr2,542,68,3494,1562,1864,1515,98,7,40,5,13,9,131,43
20260808,healthy_thr2,543,68,3502,1566,1868,1519,98,8,39,5,13,8,131,43
20260808,healthy_thr2,544,66,3508,1567,1875,1520,98,5,42,5,14,7,131,43
20260808,healthy_thr2,545,66,3516,1572,1878,1521,97,6,45,2,15,7,131,43
20260808,healthy_thr2,546,66,3522,1573,1883,1524,97,6,43,4,16,8,131,43
20260808,healthy_thr2,547,66,3527,1574,1887,1529,101,2,43,4,15,9,131,43
20260808,healthy_thr2,548,63,3532,1577,1892,1531,101,4,42,3,14,9,131,43
20260808,healthy_thr2,549,62,3540,1581,1897,1534,101,7,40,2,11,10,131,43
20260808,healthy_thr2,550,63,3548,1584,1901,1538,102,7,39,2,9,11,126,43
20260808,healthy_thr2,551,66,3556,1585,1905,1541,104,4,40,2,9,12,126,43
20260808,healthy_thr2,552,69,3563,1589,1905,1544,103,5,40,2,9,11,126,43
20260808,healthy_thr2,553,70,3568,1590,1908,1550,107,5,35,3,9,11,126,43
20260808,healthy_thr2,554,69,3573,1594,1910,1556,108,5,33,4,9,12,126,43
20260808,healthy_thr2,555,67,3578,1595,1916,1557,106,5,33,6,8,12,131,43
20260808,healthy_thr2,556,68,3586,1599,1919,1559,107,5,35,3,8,12,131,43
20260808,healthy_thr2,557,65,3591,1603,1923,1561,108,8,34,0,8,11,131,43
20260808,healthy_thr2,558,61,3596,1606,1929,1562,105,7,37,1,9,11,131,43
20260808,healthy_thr2,559,62,3602,1606,1934,1564,106,3,39,2,9,11,131,43
20260808,healthy_thr2,560,65,3610,1608,1937,1570,107,2,36,5,9,13,131,43
20260808,healthy_thr2,561,64,3615,1609,1942,1573,108,3,33,6,9,12,131,43
20260808,healthy_thr2,562,61,3621,1613,1947,1573,106,5,35,4,9,12,131,43
20260808,healthy_thr2,563,62,3629,1616,1951,1575,104,7,34,5,9,11,131,43
20260808,healthy_thr2,564,61,3635,1619,1955,1579,105,6,34,5,9,10,131,43
20260808,healthy_thr2,565,65,3642,1622,1955,1580,106,6,36,2,9,10,131,43
20260808,healthy_thr2,566,65,3648,1628,1955,1585,107,9,34,0,9,10,131,43
20260808,healthy_thr2,567,67,3656,1629,1960,1587,108,7,35,0,9,12,131,43
20260808,healthy_thr2,568,66,3662,1629,1967,1590,110,1,38,1,9,12,131,43
20260808,healthy_thr2,569,68,3670,1631,1971,1591,107,2,38,3,9,11,131,43
20260808,healthy_thr2,570,67,3675,1635,1973,1591,103,6,38,3,9,10,121,43
20260808,healthy_thr2,571,66,3683,1640,1977,1592,97,9,39,5,11,10,121,43
20260808,healthy_thr2,572,64,3690,1642,1984,1597,88,7,38,17,12,9,121,43
20260808,healthy_thr2,573,64,3698,1647,1987,1601,79,7,39,25,12,9,121,43
20260808,healthy_thr2,574,52,3703,1660,1991,1603,79,18,39,14,10,7,121,43
20260808,healthy_thr2,575,43,3710,1673,1994,1606,81,26,41,2,10,7,131,43
20260808,healthy_thr2,576,44,3717,1675,1998,1609,83,15,51,1,9,6,131,43
20260808,healthy_thr2,577,44,3724,1675,2005,1613,85,2,60,3,14,5,131,43
20260808,healthy_thr2,578,45,3731,1678,2008,1614,83,3,61,3,13,4,131,43
20260808,healthy_thr2,579,45,3739,1681,2013,1615,81,6,60,3,10,6,131,43
20260808,healthy_thr2,580,44,3747,1684,2019,1618,82,6,60,2,10,6,131,43
20260808,healthy_thr2,581,43,3752,1686,2023,1622,85,5,59,1,9,6,131,43
20260808,healthy_thr2,582,51,3760,1686,2023,1625,87,2,59,2,9,7,131,43
20260808,healthy_thr2,583,54,3767,1689,2024,1628,87,3,58,2,9,8,131,43
20260808,healthy_thr2,584,56,3772,1691,2025,1632,89,5,54,2,9,8,131,43
20260808,healthy_thr2,585,60,3777,1692,2025,1637,92,3,52,3,9,10,131,43
20260808,healthy_thr2,586,64,3785,1696,2025,1643,95,5,48,2,9,12,131,43
20260808,healthy_thr2,587,67,3791,1699,2025,1646,97,7,46,0,9,12,131,43
20260808,healthy_thr2,588,71,3799,1701,2027,1650,99,5,46,0,9,14,131,43
20260808,healthy_thr2,589,70,3807,1703,2034,1653,99,4,46,1,9,15,131,43
20260808,healthy_thr2,590,71,3814,1706,2037,1656,97,5,45,3,9,15,131,43
20260808,healthy_thr2,591,69,3819,1707,2043,1659,99,4,44,3,9,12,131,43
20260808,healthy_thr2,592,68,3827,1711,2048,1663,100,5,43,2,9,11,131,43
20260808,healthy_thr2,593,67,3834,1714,2053,1669,102,7,38,3,9,10,131,43
20260808,healthy_thr2,594,64,3839,1717,2058,1674,103,6,37,4,9,10,131,43
20260808,healthy_thr2,595,64,3846,1721,2061,1678,104,7,36,3,9,10,131,43
20260808,healthy_thr2,596,65,3851,1724,2062,1681,106,7,36,1,9,10,131,43
20260808,healthy_thr2,597,66,3858,1726,2066,1683,106,5,38,1,9,11,131,43
20260808,healthy_thr2,598,64,3864,1728,2072,1687,108,4,37,1,9,11,131,43
20260808,healthy_thr2,599,66,3871,1730,2075,1687,106,4,39,1,9,11,131,43
20260808,healthy_thr2,600,60,3877,1734,2083,1690,103,6,38,3,10,11,121,40
20260808,busy_alive,1,4,12,8,0,0,238,8,0,4,3,2,131,43
20260808,busy_alive,2,13,22,9,0,0,209,9,0,32,7,4,131,43
20260808,busy_alive,3,17,32,15,0,0,204,7,8,31,7,4,131,43
20260808,busy_alive,4,0,46,46,0,0,199,37,9,5,0,0,131,43
20260808,busy_alive,5,7,57,50,0,0,196,35,15,4,5,2,131,43
20260808,busy_alive,6,14,69,55,0,0,193,9,46,2,7,4,131,43
20260808,busy_alive,7,23,81,58,0,0,192,8,50,0,9,4,131,43
20260808,busy_alive,8,30,92,62,0,0,188,7,55,0,9,5,131,43
20260808,busy_alive,9,37,102,65,0,0,183,7,58,2,9,6,131,43
20260808,busy_alive,10,48,114,66,0,0,180,4,62,4,11,8,131,43
20260808,busy_alive,11,57,127,70,0,0,162,5,65,18,13,8,131,43
20260808,busy_alive,12,64,138,74,0,0,156,8,66,20,11,11,131,43
20260808,busy_alive,13,69,148,79,0,1,163,9,69,9,10,13,131,43
20260808,busy_alive,14,78,162,84,0,5,163,10,69,8,10,13,131,43
20260808,busy_alive,15,87,176,89,0,8,166,10,71,3,10,15,131,43
20260808,busy_alive,16,96,190,94,0,12,166,10,72,2,10,17,131,43
20260808,busy_alive,17,104,202,98,0,17,165,9,72,4,12,17,131,43
20260808,busy_alive,18,111,215,101,3,25,163,7,69,11,10,16,131,43
20260808,busy_alive,19,109,225,102,14,29,165,4,69,12,9,14,131,43
20260808,busy_alive,20,116,239,102,21,32,175,1,69,5,10,18,121,40
20260808,busy_alive,21,118,253,107,28,41,180,5,61,4,11,17,121,40
20260808,busy_alive,22,122,267,111,34,49,178,9,53,10,12,18,121,40
20260808,busy_alive,23,121,278,115,42,56,170,8,51,21,13,18,121,40
20260808,busy_alive,24,120,289,118,51,59,154,7,52,37,12,17,121,40
20260808,busy_alive,25,123,303,123,57,65,167,8,50,25,10,19,126,43
20260808,busy_alive,26,127,316,132,57,71,186,14,47,3,11,18,126,43
20260808,busy_alive,27,128,330,135,67,73,178,12,50,10,13,21,126,43
20260808,busy_alive,28,125,342,139,78,76,174,7,56,13,12,22,126,43
20260808,busy_alive,29,127,353,143,83,79,180,8,56,6,11,21,126,43
20260808,busy_alive,30,116,367,156,95,83,169,17,56,8,12,17,131,43
20260808,busy_alive,31,112,377,160,105,85,152,17,58,23,15,16,131,43
20260808,busy_alive,32,105,387,163,119,90,144,7,66,33,16,14,131,43
20260808,busy_alive,33,87,397,182,128,95,141,22,65,22,13,12,131,43
20260808,busy_alive,34,72,407,200,135,97,141,37,66,6,12,11,131,43
20260808,busy_alive,35,73,418,207,138,99,138,25,83,4,16,10,131,43
20260808,busy_alive,36,75,432,211,146,101,123,11,99,17,20,9,131,43
20260808,busy_alive,37,70,444,216,158,105,124,9,102,15,20,7,131,43
20260808,busy_alive,38,60,457,227,170,111,122,16,100,12,20,6,131,43
20260808,busy_alive,39,59,469,230,180,118,119,14,98,19,19,7,131,43
20260808,busy_alive,40,56,479,233,190,120,115,6,107,22,18,8,131,43
20260808,busy_alive,41,57,491,234,200,123,113,4,107,26,14,8,131,43
20260808,busy_alive,42,63,503,240,200,127,124,7,106,13,12,10,131,43
20260808,busy_alive,43,70,513,243,200,134,137,9,100,4,12,10,131,43
20260808,busy_alive,44,77,526,249,200,142,138,9,98,5,11,11,131,43
20260808,busy_alive,45,87,540,253,200,145,137,10,98,5,12,14,131,43
20260808,busy_alive,46,95,553,258,200,151,129,9,98,14,12,15,131,43
20260808,busy_alive,47,102,564,262,200,163,138,9,90,13,11,17,131,43
20260808,busy_alive,48,111,577,266,200,173,154,8,85,3,11,18,131,43
20260808,busy_alive,49,116,590,268,206,179,159,6,83,2,10,19,131,43
20260808,busy_alive,50,117,603,272,214,185,160,6,81,3,10,20,126,43
20260808,busy_alive,51,115,614,275,224,193,165,7,75,3,10,18,126,43
20260808,busy_alive,52,119,625,280,226,206,174,8,66,2,11,18,126,43
20260808,busy_alive,53,119,637,283,235,212,173,8,63,6,10,19,126,43
20260808,busy_alive,54,119,647,285,243,218,175,5,62,8,10,19,126,43
20260808,busy_alive,55,118,660,292,250,228,179,9,55,7,9,18,131,43
20260808,busy_alive,56,115,670,297,258,232,179,12,53,6,11,18,131,43
20260808,busy_alive,57,115,683,304,264,235,177,12,57,4,11,20,131,43
20260808,busy_alive,58,116,695,307,272,240,181,10,57,2,10,19,131,43
20260808,busy_alive,59,119,708,310,279,244,182,6,60,2,11,19,131,43
20260808,busy_alive,60,109,719,320,290,245,170,13,62,5,12,17,131,43
20260808,busy_alive,61,108,733,322,303,247,154,12,63,21,19,15,131,43
20260808,busy_alive,62,105,744,327,312,254,156,7,66,21,19,13,131,43
20260808,busy_alive,63,91,758,347,320,257,154,25,65,6,17,12,131,43
20260808,busy_alive,64,90,772,354,328,261,152,27,66,5,19,11,131,43
20260808,busy_alive,65,88,785,358,339,265,150,11,82,7,22,11,131,43
20260808,busy_alive,66,91,799,362,346,270,149,8,84,9,22,10,131,43
20260808,busy_alive,67,86,809,369,354,272,145,11,86,8,22,10,131,43
20260808,busy_alive,68,86,820,375,359,279,147,13,83,7,20,10,131,43
20260808,busy_alive,69,82,833,382,369,283,147,13,86,4,20,10,131,43
20260808,busy_alive,70,80,846,385,381,290,152,10,85,3,18,12,131,43
20260808,busy_alive,71,76,857,389,392,295,150,7,87,6,12,12,131,43
20260808,busy_alive,72,82,867,393,392,297,148,8,88,6,12,11,131,43
20260808,busy_alive,73,90,881,399,392,303,149,10,86,5,13,12,131,43
20260808,busy_alive,74,95,891,404,392,308,151,11,85,3,13,13,131,43
20260808,busy_alive,75,103,904,409,392,317,149,10,82,9,14,14,131,43
20260808,busy_alive,76,111,914,411,392,321,135,7,83,25,16,15,131,43
20260808,busy_alive,77,108,926,422,396,325,132,13,84,21,16,13,131,43
20260808,busy_alive,78,106,940,438,396,330,122,27,81,20,16,14,131,43
20260808,busy_alive,79,107,951,447,397,340,106,25,82,37,13,14,131,43
20260808,busy_alive,80,107,963,451,405,343,117,13,95,25,10,16,131,43
20260808,busy_alive,81,109,976,454,413,352,133,7,95,15,12,15,131,43
20260808,busy_alive,82,109,988,460,419,361,129,9,90,22,11,15,131,43
20260808,busy_alive,83,108,999,472,419,365,129,18,89,14,10,16,131,43
20260808,busy_alive,84,114,1012,477,421,371,138,17,89,6,12,16,131,43
20260808,busy_alive,85,112,1025,485,428,380,131,13,92,14,16,17,131,43
20260808,busy_alive,86,113,1037,490,434,382,115,13,95,27,17,15,131,43
20260808,busy_alive,87,110,1050,496,444,388,109,11,97,33,12,17,131,43
20260808,busy_alive,88,113,1063,506,444,395,114,16,95,25,13,17,131,43
20260808,busy_alive,89,122,1077,508,447,402,131,12,94,13,12,19,131,43
20260808,busy_alive,90,119,1091,515,457,406,128,9,100,13,17,16,131,43
20260808,busy_alive,91,119,1103,521,463,417,133,13,91,13,21,15,131,43
20260808,busy_alive,92,115,1116,530,471,421,133,15,94,8,23,13,131,43
20260808,busy_alive,93,113,1130,536,481,428,125,15,93,17,21,12,131,43
20260808,busy_alive,94,113,1143,538,492,435,126,8,95,21,22,11,131,43
20260808,busy_alive,95,105,1155,550,500,438,108,14,98,30,21,9,131,43
20260808,busy_alive,96,100,1165,558,507,444,106,20,94,30,19,10,131,43
20260808,busy_alive,97,97,1175,568,510,451,109,18,99,24,19,10,131,43
20260808,busy_alive,98,97,1189,579,513,462,107,21,96,26,17,10,131,43
20260808,busy_alive,99,98,1203,583,522,470,116,15,98,21,18,11,131,43
20260808,busy_alive,100,97,1216,590,529,480,110,11,99,30,17,13,121,40
20260808,busy_alive,101,90,1226,605,531,488,114,22,95,19,10,13,121,40
20260808,busy_alive,102,101,1239,607,531,494,113,17,96,24,13,15,121,40
20260808,busy_alive,103,108,1250,611,531,502,95,6,103,46,13,15,121,40
20260808,busy_alive,104,106,1264,627,531,506,100,20,101,29,12,15,121,40
20260808,busy_alive,105,114,1278,631,533,511,112,20,100,18,11,16,131,43
20260808,busy_alive,106,111,1291,638,542,518,105,11,109,25,10,15,131,43
20260808,busy_alive,107,113,1304,642,549,525,119,11,106,14,10,16,131,43
20260808,busy_alive,108,111,1314,649,554,532,130,11,106,3,10,17,131,43
20260808,busy_alive,109,116,1326,653,557,538,122,11,104,13,10,16,131,43
20260808,busy_alive,110,112,1336,658,566,547,118,9,102,21,9,15,131,43
20260808,busy_alive,111,108,1346,662,576,551,129,9,102,10,9,15,131,43
20260808,busy_alive,112,107,1357,665,585,556,139,7,102,2,9,14,131,43
20260808,busy_alive,113,109,1370,669,592,561,139,7,101,3,11,14,131,43
20260808,busy_alive,114,109,1382,673,600,571,140,8,94,8,11,15,131,43
20260808,busy_alive,115,110,1395,677,608,578,141,8,91,10,10,14,131,43
20260808,busy_alive,116,112,1406,680,614,587,152,7,86,5,11,14,131,43
20260808,busy_alive,117,109,1418,686,623,594,156,9,83,2,11,16,131,43
20260808,busy_alive,118,107,1428,689,632,600,160,9,80,1,10,15,131,43
20260808,busy_alive,119,105,1441,692,644,610,164,6,76,4,13,14,131,43
20260808,busy_alive,120,104,1454,702,648,620,155,13,69,13,18,13,131,43
20260808,busy_alive,121,102,1467,709,656,629,136,17,63,34,20,13,131,43
20260808,busy_alive,122,101,1477,717,659,638,139,15,64,32,19,13,131,43
20260808,busy_alive,123,81,1489,743,665,644,129,34,65,22,17,11,131,43
20260808,busy_alive,124,81,1503,748,674,648,127,31,69,23,22,10,131,43
20260808,busy_alive,125,81,1514,752,681,651,125,9,92,24,22,9,121,40
20260808,busy_alive,126,78,1525,758,689,659,121,10,89,30,25,9,121,40
20260808,busy_alive,127,78,1539,766,695,659,116,14,93,27,22,8,121,40
20260808,busy_alive,128,75,1550,772,703,664,126,14,94,16,22,10,121,40
20260808,busy_alive,129,72,1563,778,713,669,120,12,97,21,24,10,121,40
20260808,busy_alive,130,73,1574,781,720,671,101,9,101,39,20,10,131,43
20260808,busy_alive,131,71,1587,792,724,673,109,14,105,22,11,11,131,43
20260808,busy_alive,132,80,1598,794,724,676,127,13,105,5,11,13,131,43
20260808,busy_alive,133,91,1611,796,724,685,128,4,107,11,13,14,131,43
20260808,busy_alive,134,97,1622,801,724,694,124,7,100,19,11,16,131,43
20260808,busy_alive,135,109,1636,803,724,699,132,7,97,14,10,16,131,43
20260808,busy_alive,136,116,1648,805,727,705,146,4,96,4,11,17,131,43
20260808,busy_alive,137,117,1658,810,731,711,149,7,92,2,11,16,131,43
20260808,busy_alive,138,121,1669,812,736,718,156,7,87,0,11,17,131,43
20260808,busy_alive,139,122,1683,813,748,730,166,3,80,1,11,18,131,43
20260808,busy_alive,140,124,1693,814,755,737,170,2,75,3,11,17,131,43
20260808,busy_alive,141,124,1704,817,763,744,171,4,69,6,11,17,131,43
20260808,busy_alive,142,122,1717,821,774,755,168,7,59,16,11,18,131,43
20260808,busy_alive,143,124,1731,825,782,764,174,8,53,15,11,17,131,43
20260808,busy_alive,144,120,1744,834,790,776,181,13,45,11,10,18,131,43
20260808,busy_alive,145,123,1757,838,796,781,183,13,44,10,10,18,131,43
20260808,busy_alive,146,120,1768,849,799,787,184,15,47,4,10,20,131,43
20260808,busy_alive,147,118,1779,855,806,792,178,17,46,9,10,19,131,43
20260808,busy_alive,148,120,1791,857,814,794,179,8,55,8,11,18,131,43
20260808,busy_alive,149,122,1804,860,822,796,183,5,59,3,11,18,131,43
20260808,busy_alive,150,112,1815,870,833,798,174,13,59,4,12,15,131,43
20260808,busy_alive,151,108,1826,871,847,804,167,11,56,16,15,15,131,43
20260808,busy_alive,152,105,1836,875,856,804,163,5,66,16,18,13,131,43
20260808,busy_alive,153,92,1846,891,863,806,162,20,65,3,15,12,131,43
20260808,busy_alive,154,91,1856,893,872,810,164,18,65,3,17,11,131,43
20260808,busy_alive,155,89,1870,897,884,818,164,6,73,7,19,10,126,43
20260808,busy_alive,156,86,1881,900,895,819,163,7,74,6,20,9,126,43
20260808,busy_alive,157,84,1893,906,903,824,163,9,73,5,22,11,126,43
20260808,busy_alive,158,85,1907,911,911,832,156,11,68,15,23,12,126,43
20260808,busy_alive,159,80,1917,919,918,836,143,13,70,24,22,12,126,43
20260808,busy_alive,160,76,1928,924,928,839,143,13,72,22,19,11,131,43
20260808,busy_alive,161,72,1938,928,938,843,137,9,76,28,12,12,131,43
20260808,busy_alive,162,79,1948,931,938,845,134,7,79,30,12,13,131,43
20260808,busy_alive,163,77,1960,945,938,848,141,17,80,12,12,11,131,43
20260808,busy_alive,164,76,1971,957,938,853,142,26,78,4,15,12,131,43
20260808,busy_alive,165,85,1983,960,938,861,138,15,84,13,16,13,131,43
20260808,busy_alive,166,93,1994,963,938,868,136,6,89,19,15,14,131,43
20260808,busy_alive,167,98,2007,971,938,872,135,11,88,16,15,16,131,43
20260808,busy_alive,168,100,2017,979,938,880,140,16,83,11,13,16,131,43
20260808,busy_alive,169,104,2027,985,938,885,137,14,86,13,12,19,131,43
20260808,busy_alive,170,112,2040,986,942,889,141,7,90,12,11,20,131,43
20260808,busy_alive,171,116,2053,993,944,898,150,8,87,5,10,20,131,43
20260808,busy_alive,172,119,2064,994,951,904,156,8,82,4,10,19,131,43
20260808,busy_alive,173,122,2078,997,959,905,150,4,88,8,11,18,131,43
20260808,busy_alive,174,124,2090,1000,966,912,149,6,82,13,11,19,131,43
20260808,busy_alive,175,127,2104,1005,972,915,140,8,82,20,13,21,131,43
20260808,busy_alive,176,129,2114,1013,972,921,140,13,79,18,11,19,131,43
20260808,busy_alive,177,130,2127,1018,979,932,146,13,73,18,11,19,131,43
20260808,busy_alive,178,130,2140,1021,989,938,152,8,75,15,12,18,131,43
20260808,busy_alive,179,126,2152,1037,989,943,148,19,75,8,11,17,131,43
20260808,busy_alive,180,122,2165,1047,996,954,142,26,67,15,14,16,121,40
20260808,busy_alive,181,121,2176,1051,1004,957,132,14,80,24,19,15,121,40
20260808,busy_alive,182,112,2186,1061,1013,963,133,14,84,19,18,14,121,40
20260808,busy_alive,183,97,2198,1078,1023,972,136,27,79,8,17,12,121,40
20260808,busy_alive,184,97,2212,1082,1033,973,128,21,88,13,20,12,121,40
20260808,busy_alive,185,92,2223,1087,1044,979,128,9,99,14,18,9,131,43
20260808,busy_alive,186,90,2236,1092,1054,987,136,10,95,9,17,9,131,43
20260808,busy_alive,187,90,2250,1094,1066,991,137,7,96,10,21,8,131,43
20260808,busy_alive,188,91,2263,1099,1073,995,131,7,97,15,19,10,131,43
20260808,busy_alive,189,92,2277,1106,1079,1001,131,12,93,14,18,11,131,43
20260808,busy_alive,190,88,2290,1114,1088,1007,137,15,92,6,17,14,131,43
20260808,busy_alive,191,86,2301,1120,1095,1012,141,14,94,1,9,14,131,43
20260808,busy_alive,192,95,2311,1121,1095,1018,146,7,96,1,10,16,131,43
20260808,busy_alive,193,105,2325,1125,1095,1029,147,5,91,7,10,17,131,43
20260808,busy_alive,194,111,2335,1129,1095,1033,145,8,88,9,10,19,131,43
20260808,busy_alive,195,117,2346,1134,1095,1043,148,9,82,11,10,19,131,43
20260808,busy_alive,196,119,2360,1139,1102,1056,153,10,73,14,10,18,131,43
20260808,busy_alive,197,120,2374,1145,1109,1062,150,11,72,17,11,19,131,43
20260808,busy_alive,198,120,2384,1149,1115,1066,148,10,73,19,11,19,131,43
20260808,busy_alive,199,118,2398,1156,1124,1074,147,11,71,21,9,20,131,43
20260808,busy_alive,200,114,2410,1159,1137,1078,154,10,71,15,9,19,131,43
20260808,busy_alive,201,112,2421,1162,1147,1083,168,6,73,3,10,20,131,43
20260808,busy_alive,202,112,2435,1169,1154,1087,154,10,72,14,11,17,131,43
20260808,busy_alive,203,115,2449,1170,1164,1091,143,8,71,28,11,16,131,43
20260808,busy_alive,204,116,2462,1175,1171,1098,153,6,71,20,10,16,131,43
20260808,busy_alive,205,113,2474,1183,1178,1103,163,13,67,7,11,17,131,43
20260808,busy_alive,206,118,2487,1189,1180,1107,155,14,68,13,12,16,131,43
20260808,busy_alive,207,117,2498,1193,1188,1112,153,10,71,16,11,18,131,43
20260808,busy_alive,208,115,2510,1200,1195,1120,163,11,69,7,10,16,131,43
20260808,busy_alive,209,115,2520,1205,1200,1123,156,12,70,12,10,15,131,43
20260808,busy_alive,210,109,2530,1214,1207,1130,144,14,70,22,13,15,131,43
20260808,busy_alive,211,108,2542,1218,1216,1138,142,13,67,28,15,13,131,43
20260808,busy_alive,212,102,2552,1225,1225,1139,146,11,75,18,16,12,131,43
20260808,busy_alive,213,87,2564,1244,1233,1145,145,26,73,6,15,11,131,43
20260808,busy_alive,214,89,2577,1248,1240,1148,142,23,77,8,20,11,131,43
20260808,busy_alive,215,88,2591,1252,1251,1152,136,8,92,14,20,9,131,43
20260808,busy_alive,216,84,2603,1258,1261,1157,134,10,91,15,18,8,131,43
20260808,busy_alive,217,82,2613,1263,1268,1164,135,11,88,16,18,8,131,43
20260808,busy_alive,218,78,2623,1267,1278,1167,136,9,91,14,18,8,131,43
20260808,busy_alive,219,77,2634,1279,1278,1172,137,16,91,6,16,10,131,43
20260808,busy_alive,220,78,2646,1284,1284,1177,139,17,90,4,15,10,131,43
20260808,busy_alive,221,79,2660,1289,1292,1180,139,10,99,2,10,12,131,43
20260808,busy_alive,222,84,2670,1294,1292,1186,139,10,98,3,10,12,131,43
20260808,busy_alive,223,94,2682,1296,1292,1195,146,7,94,3,10,15,131,43
20260808,busy_alive,224,103,2692,1297,1292,1205,152,3,89,6,10,15,131,43
20260808,busy_alive,225,110,2702,1300,1292,1210,154,4,86,6,10,17,131,43
20260808,busy_alive,226,114,2713,1307,1292,1217,152,10,80,8,11,19,131,43
20260808,busy_alive,227,113,2725,1310,1302,1231,156,10,69,15,12,16,131,43
20260808,busy_alive,228,115,2738,1313,1310,1240,164,6,67,13,11,17,131,43
20260808,busy_alive,229,115,2749,1316,1318,1246,172,6,64,8,11,16,131,43
20260808,busy_alive,230,116,2762,1318,1328,1247,165,5,66,14,11,16,131,43
20260808,busy_alive,231,115,2774,1323,1336,1254,164,7,62,17,12,16,131,43
20260808,busy_alive,232,114,2785,1327,1344,1259,165,9,59,17,12,15,131,43
20260808,busy_alive,233,114,2799,1331,1354,1264,168,8,59,15,10,15,131,43
20260808,busy_alive,234,118,2812,1334,1360,1272,183,7,55,5,9,18,131,43
20260808,busy_alive,235,118,2825,1340,1367,1279,186,9,52,3,9,16,111,40
20260808,busy_alive,236,118,2839,1345,1376,1282,182,11,52,5,9,17,111,40
20260808,busy_alive,237,120,2851,1349,1382,1287,182,9,53,6,9,17,111,40
20260808,busy_alive,238,121,2862,1354,1387,1291,184,9,54,3,9,17,111,40
20260808,busy_alive,239,126,2875,1358,1391,1296,187,9,53,1,9,18,111,40
20260808,busy_alive,240,117,2885,1364,1404,1304,185,10,50,5,12,16,131,43
20260808,busy_alive,241,121,2899,1366,1412,1307,162,8,51,29,18,15,131,43
20260808,busy_alive,242,117,2912,1371,1424,1310,161,7,54,28,20,15,131,43
20260808,busy_alive,243,94,2922,1396,1432,1311,141,30,55,24,18,13,131,43
20260808,busy_alive,244,92,2932,1400,1440,1315,136,29,56,29,18,12,131,43
20260808,busy_alive,245,87,2943,1403,1453,1319,155,7,77,11,17,10,131,43
20260808,busy_alive,246,83,2954,1407,1464,1322,160,7,78,5,18,10,131,43
20260808,busy_alive,247,83,2967,1412,1472,1328,153,9,75,13,19,9,131,43
20260808,busy_alive,248,81,2977,1415,1481,1331,151,8,76,15,19,12,131,43
20260808,busy_alive,249,77,2987,1419,1491,1333,139,7,79,25,19,12,131,43
20260808,busy_alive,250,76,2998,1423,1499,1339,131,8,76,35,17,13,131,43
20260808,busy_alive,251,72,3009,1427,1510,1344,142,8,75,25,10,14,131,43
20260808,busy_alive,252,77,3019,1432,1510,1347,143,9,76,22,10,13,131,43
20260808,busy_alive,253,80,3033,1443,1510,1351,145,16,76,13,11,12,131,43
20260808,busy_alive,254,79,3046,1457,1510,1358,143,25,74,8,11,11,131,43
20260808,busy_alive,255,86,3057,1461,1510,1370,146,18,73,13,10,12,122,43
20260808,busy_alive,256,91,3069,1468,1510,1377,150,11,80,9,9,12,122,43
20260808,busy_alive,257,100,3083,1473,1510,1380,151,12,81,6,11,14,122,43
20260808,busy_alive,258,108,3094,1476,1510,1385,137,8,83,22,12,15,122,43
20260808,busy_alive,259,112,3107,1483,1512,1389,127,10,84,29,11,15,122,43
20260808,busy_alive,260,114,3121,1491,1516,1395,142,15,81,12,9,17,131,43
20260808,busy_alive,261,119,3133,1492,1522,1398,154,9,85,2,9,19,131,43
20260808,busy_alive,262,123,3147,1495,1529,1401,153,4,90,3,10,16,131,43
20260808,busy_alive,263,123,3159,1498,1538,1408,155,6,84,5,10,18,131,43
20260808,busy_alive,264,123,3170,1502,1545,1415,160,7,80,3,9,16,131,43
20260808,busy_alive,265,122,3184,1509,1553,1427,164,11,71,4,11,15,131,43
20260808,busy_alive,266,122,3194,1509,1563,1431,161,7,71,11,11,16,131,43
20260808,busy_alive,267,121,3208,1516,1571,1435,161,7,74,8,11,17,131,43
20260808,busy_alive,268,122,3218,1516,1580,1443,169,7,66,8,12,17,131,43
20260808,busy_alive,269,120,3228,1519,1589,1446,164,3,70,13,11,17,131,43
20260808,busy_alive,270,119,3240,1524,1597,1450,158,8,66,18,16,17,131,43
20260808,busy_alive,271,119,3250,1528,1603,1459,149,9,60,32,18,15,131,43
20260808,busy_alive,272,108,3261,1541,1612,1463,144,17,61,28,18,14,131,43
20260808,busy_alive,273,92,3274,1562,1620,1467,142,34,61,13,18,12,131,43
20260808,busy_alive,274,93,3287,1564,1630,1472,152,23,69,6,19,11,131,43
20260808,busy_alive,275,88,3301,1574,1639,1485,158,12,77,3,19,9,131,43
20260808,busy_alive,276,89,3314,1576,1649,1487,156,12,77,5,21,9,131,43
20260808,busy_alive,277,86,3326,1582,1658,1491,150,8,83,9,21,10,131,43
20260808,busy_alive,278,84,3337,1585,1668,1495,149,9,81,11,20,11,131,43
20260808,busy_alive,279,83,3347,1589,1675,1498,144,7,84,15,21,12,131,43
20260808,busy_alive,280,85,3361,1595,1681,1502,140,10,83,17,15,13,131,43
20260808,busy_alive,281,85,3373,1599,1689,1508,150,10,81,9,10,15,131,43
20260808,busy_alive,282,95,3386,1602,1689,1511,154,7,84,5,11,18,131,43
20260808,busy_alive,283,107,3400,1604,1689,1521,152,5,78,15,11,18,131,43
20260808,busy_alive,284,117,3414,1608,1689,1524,151,6,78,15,11,21,131,43
20260808,busy_alive,285,126,3425,1610,1689,1529,154,6,75,15,11,22,121,40
20260808,busy_alive,286,127,3439,1613,1699,1536,157,5,72,16,11,21,121,40
20260808,busy_alive,287,125,3449,1617,1707,1538,158,7,72,13,10,19,121,40
20260808,busy_alive,288,124,3463,1624,1715,1541,155,11,72,12,10,21,121,40
20260808,busy_alive,289,125,3475,1634,1716,1549,160,17,68,5,10,22,121,40
20260808,busy_alive,290,124,3485,1639,1722,1560,168,15,64,3,10,21,126,43
20260808,busy_alive,291,127,3497,1642,1728,1568,175,8,66,1,9,18,126,43
20260808,busy_alive,292,125,3511,1647,1739,1575,178,8,64,0,9,18,126,43
20260808,busy_alive,293,126,3523,1650,1747,1585,182,8,57,3,10,18,126,43
20260808,busy_alive,294,128,3537,1652,1757,1587,177,5,60,8,11,18,126,43
20260808,busy_alive,295,124,3549,1657,1768,1589,175,7,61,7,10,17,131,43
20260808,busy_alive,296,123,3562,1659,1780,1594,178,7,58,7,10,17,131,43
20260808,busy_alive,297,122,3573,1662,1789,1599,179,5,58,8,10,18,131,43
20260808,busy_alive,298,119,3583,1668,1796,1600,179,9,59,3,10,17,131,43
20260808,busy_alive,299,117,3593,1673,1803,1607,183,11,55,1,12,16,131,43
20260808,busy_alive,300,110,3605,1684,1811,1611,171,16,57,6,13,15,131,43
20260808,busy_alive,301,99,3616,1696,1821,1616,156,23,57,14,13,14,131,43
20260808,busy_alive,302,99,3627,1702,1826,1618,141,18,66,25,18,13,131,43
20260808,busy_alive,303,95,3641,1711,1835,1621,140,15,75,20,19,11,131,43
20260808,busy_alive,304,80,3655,1730,1845,1624,140,28,78,4,20,10,131,43
20260808,busy_alive,305,78,3667,1737,1852,1629,138,26,82,4,19,9,131,43
20260808,busy_alive,306,76,3678,1740,1862,1634,139,10,96,5,20,8,131,43
20260808,busy_alive,307,71,3688,1747,1870,1637,136,10,100,4,20,6,131,43
20260808,busy_alive,308,68,3699,1752,1879,1642,131,12,98,9,20,8,131,43
20260808,busy_alive,309,63,3710,1759,1888,1647,122,12,100,16,20,9,131,43
20260808,busy_alive,310,62,3724,1765,1897,1650,120,13,102,15,15,10,131,43
20260808,busy_alive,311,64,3735,1768,1903,1655,128,9,104,9,10,11,131,43
20260808,busy_alive,312,69,3745,1773,1903,1660,129,8,105,8,10,10,131,43
20260808,busy_alive,313,80,3757,1774,1903,1664,129,6,104,11,10,13,131,43
20260808,busy_alive,314,88,3768,1777,1903,1673,136,4,100,10,12,14,131,43
20260808,busy_alive,315,99,3780,1778,1903,1680,139,4,94,13,13,15,131,43
20260808,busy_alive,316,105,3791,1783,1903,1689,142,6,88,14,11,16,131,43
20260808,busy_alive,317,100,3801,1790,1911,1698,153,12,80,5,10,14,131,43
20260808,busy_alive,318,103,3812,1793,1916,1705,157,10,78,5,11,16,131,43
20260808,busy_alive,319,103,3823,1797,1923,1714,155,7,76,12,10,15,131,43
20260808,busy_alive,320,104,3835,1804,1927,1724,158,11,69,12,12,15,131,43
20260808,busy_alive,321,106,3847,1812,1929,1727,156,15,70,9,11,16,131,43
20260808,busy_alive,322,110,3861,1817,1934,1734,155,13,70,12,13,16,131,43
20260808,busy_alive,323,109,3871,1820,1942,1741,150,8,71,21,13,17,131,43
20260808,busy_alive,324,111,3885,1826,1948,1747,154,9,70,17,11,16,131,43
20260808,busy_alive,325,110,3897,1830,1957,1754,164,10,66,10,12,14,131,43
20260808,busy_alive,326,112,3909,1836,1961,1757,161,10,69,10,10,17,131,43
20260808,busy_alive,327,112,3920,1843,1965,1762,166,13,68,3,10,18,131,43
20260808,busy_alive,328,118,3934,1845,1971,1765,169,9,71,1,10,21,131,43
20260808,busy_alive,329,122,3948,1849,1977,1774,173,6,69,2,11,21,131,43
20260808,busy_alive,330,120,3962,1856,1986,1777,156,11,68,15,17,20,131,43
20260808,busy_alive,331,122,3974,1858,1994,1780,146,9,69,26,18,19,131,43
20260808,busy_alive,332,115,3984,1868,2001,1787,147,12,69,22,19,17,131,43
20260808,busy_alive,333,102,3996,1882,2012,1790,144,24,68,14,19,16,131,43
20260808,busy_alive,334,100,4008,1892,2016,1794,146,24,74,6,18,15,131,43
20260808,busy_alive,335,100,4020,1897,2023,1798,148,15,84,3,18,14,121,40
20260808,busy_alive,336,92,4031,1902,2037,1805,152,10,87,1,18,12,121,40
20260808,busy_alive,337,94,4044,1906,2044,1810,149,9,87,5,21,13,121,40
20260808,busy_alive,338,97,4058,1907,2054,1815,146,5,87,12,21,14,121,40
20260808,busy_alive,339,92,4069,1913,2064,1821,146,7,85,12,21,13,121,40
20260808,busy_alive,340,86,4081,1918,2077,1827,149,11,80,10,18,13,131,43
20260808,busy_alive,341,83,4094,1925,2086,1832,149,12,81,8,10,16,131,43
20260808,busy_alive,342,90,4105,1929,2086,1838,153,11,80,6,9,14,131,43
20260808,busy_alive,343,99,4118,1933,2086,1844,157,8,81,4,9,14,131,43
20260808,busy_alive,344,108,4132,1938,2086,1851,160,9,78,3,9,14,131,43
20260808,busy_alive,345,117,4143,1940,2086,1856,163,7,77,3,9,16,131,43
20260808,busy_alive,346,123,4154,1945,2086,1863,165,7,75,3,9,17,131,43
20260808,busy_alive,347,124,4166,1950,2092,1869,164,10,71,5,9,18,131,43
20260808,busy_alive,348,125,4177,1952,2100,1872,165,7,73,5,10,18,131,43
20260808,busy_alive,349,128,4191,1958,2105,1877,159,8,73,10,10,17,131,43
20260808,busy_alive,350,123,4204,1963,2118,1880,154,11,72,13,10,18,131,43
20260808,busy_alive,351,122,4216,1969,2125,1884,153,11,74,12,11,18,131,43
20260808,busy_alive,352,119,4226,1974,2133,1892,153,11,71,15,11,17,131,43
20260808,busy_alive,353,118,4238,1983,2137,1898,153,14,71,12,12,17,131,43
20260808,busy_alive,354,117,4251,1988,2146,1908,154,14,66,16,12,18,131,43
20260808,busy_alive,355,115,4263,1991,2157,1913,154,8,70,18,12,18,131,43
20260808,busy_alive,356,113,4276,2000,2163,1919,157,12,69,12,13,18,131,43
20260808,busy_alive,357,114,4286,2003,2169,1922,147,12,69,22,13,19,131,43
20260808,busy_alive,358,113,4298,2011,2174,1923,142,11,77,20,12,19,131,43
20260808,busy_alive,359,113,4308,2015,2180,1926,154,12,77,7,12,20,131,43
20260808,busy_alive,360,112,4320,2021,2187,1938,148,10,73,19,18,19,126,43
20260808,busy_alive,361,111,4333,2026,2196,1941,141,11,74,24,21,19,126,43
20260808,busy_alive,362,105,4345,2043,2197,1944,133,22,77,18,21,18,126,43
20260808,busy_alive,363,101,4356,2052,2203,1952,137,26,74,13,20,15,126,43
20260808,busy_alive,364,99,4367,2060,2208,1958,139,17,85,9,19,14,126,43
20260808,busy_alive,365,100,4378,2062,2216,1962,143,10,90,7,19,13,131,43
20260808,busy_alive,366,100,4389,2069,2220,1973,147,9,87,7,19,10,131,43
20260808,busy_alive,367,96,4400,2073,2231,1978,146,11,84,9,18,12,131,43
20260808,busy_alive,368,95,4413,2081,2237,1981,139,12,88,11,21,12,131,43
20260808,busy_alive,369,94,4425,2086,2245,1985,124,13,88,25,21,13,131,43
20260808,busy_alive,370,89,4436,2094,2253,1990,118,13,91,28,18,13,131,43
20260808,busy_alive,371,89,4449,2099,2261,1997,119,13,89,29,11,14,131,43
20260808,busy_alive,372,99,4461,2101,2261,2002,121,7,92,30,10,15,131,43
20260808,busy_alive,373,103,4473,2109,2261,2009,136,10,90,14,10,16,131,43
20260808,busy_alive,374,115,4487,2111,2261,2015,149,10,86,5,10,18,131,43
20260808,busy_alive,375,122,4501,2114,2265,2019,151,5,90,4,9,20,131,43
20260808,busy_alive,376,123,4512,2115,2274,2024,154,4,87,5,11,19,131,43
20260808,busy_alive,377,126,4525,2115,2284,2031,138,1,83,28,12,19,131,43
20260808,busy_alive,378,127,4539,2120,2292,2036,130,5,79,36,13,19,131,43
20260808,busy_alive,379,120,4550,2138,2292,2042,123,23,73,31,12,16,131,43
20260808,busy_alive,380,121,4562,2149,2292,2050,121,29,70,30,11,16,115,42
20260808,busy_alive,381,124,4576,2160,2292,2058,134,22,80,14,12,15,115,42
20260808,busy_alive,382,128,4588,2164,2296,2063,142,15,86,7,11,16,115,42
20260808,busy_alive,383,129,4602,2167,2306,2072,137,7,88,18,13,17,115,42
20260808,busy_alive,384,124,4613,2173,2316,2082,128,9,82,31,12,18,115,42
20260808,busy_alive,385,124,4627,2179,2324,2086,137,12,81,20,9,18,131,43
20260808,busy_alive,386,120,4637,2183,2334,2092,156,10,81,3,9,18,131,43
20260808,busy_alive,387,116,4647,2187,2344,2098,161,8,81,0,9,18,131,43
20260808,busy_alive,388,115,4658,2190,2353,2102,160,7,81,2,11,16,131,43
20260808,busy_alive,389,111,4670,2194,2365,2104,146,7,83,14,11,18,131,43
20260808,busy_alive,390,100,4680,2204,2376,2111,140,14,79,17,11,16,121,40
20260808,busy_alive,391,98,4694,2214,2382,2119,137,20,75,18,14,15,121,40
20260808,busy_alive,392,99,4707,2218,2390,2125,125,14,79,32,17,13,121,40
20260808,busy_alive,393,92,4718,2226,2400,2127,124,12,87,27,21,12,121,40
20260808,busy_alive,394,76,4728,2245,2407,2130,108,27,88,27,17,11,121,40
20260808,busy_alive,395,73,4740,2252,2415,2136,102,26,90,32,20,8,131,43
20260808,busy_alive,396,78,4754,2254,2422,2147,110,9,98,33,25,7,131,43
20260808,busy_alive,397,65,4767,2267,2435,2151,91,15,101,43,22,5,131,43
20260808,busy_alive,398,59,4779,2283,2437,2157,78,29,97,46,22,8,131,43
20260808,busy_alive,399,59,4792,2288,2445,2163,96,21,104,29,21,8,131,43
20260808,busy_alive,400,59,4802,2292,2451,2169,118,9,114,9,16,9,131,43
20260808,busy_alive,401,62,4814,2293,2459,2176,120,5,112,13,11,10,131,43
20260808,busy_alive,402,68,4824,2297,2459,2181,120,5,111,14,11,11,131,43
20260808,busy_alive,403,78,4838,2301,2459,2187,116,8,106,20,11,12,131,43
20260808,busy_alive,404,85,4851,2307,2459,2194,119,10,103,18,11,14,131,43
20260808,busy_alive,405,95,4864,2310,2459,2202,129,9,99,13,11,15,131,43
20260808,busy_alive,406,102,4874,2313,2459,2212,134,6,95,15,11,16,131,43
20260808,busy_alive,407,110,4885,2316,2459,2217,144,6,93,7,10,18,131,43
20260808,busy_alive,408,110,4895,2320,2465,2223,145,7,90,8,10,19,131,43
20260808,busy_alive,409,114,4908,2322,2472,2234,153,6,82,9,12,19,131,43
20260808,busy_alive,410,116,4922,2326,2480,2241,154,6,79,11,10,17,131,43
20260808,busy_alive,411,117,4933,2329,2487,2252,163,7,70,10,10,18,131,43
20260808,busy_alive,412,118,4945,2334,2493,2266,179,8,60,3,10,18,131,43
20260808,busy_alive,413,115,4955,2339,2501,2272,180,10,57,3,10,18,131,43
20260808,busy_alive,414,122,4968,2340,2506,2275,181,6,59,4,10,22,131,43
20260808,busy_alive,415,118,4980,2347,2515,2285,185,8,54,3,10,22,131,43
20260808,busy_alive,416,119,4992,2351,2522,2289,184,11,51,4,11,22,131,43
20260808,busy_alive,417,120,5006,2354,2532,2291,180,7,56,7,13,23,131,43
20260808,busy_alive,418,121,5016,2357,2538,2295,169,6,56,19,12,23,131,43
20260808,busy_alive,419,121,5029,2363,2545,2297,167,9,57,17,10,23,131,43
20260808,busy_alive,420,116,5042,2375,2551,2307,176,18,50,6,12,22,131,43
20260808,busy_alive,421,115,5053,2380,2558,2310,163,17,53,17,18,21,131,43
20260808,busy_alive,422,109,5067,2386,2572,2312,159,11,63,17,18,19,131,43
20260808,busy_alive,423,97,5080,2401,2582,2317,156,21,63,10,21,17,131,43
20260808,busy_alive,424,94,5091,2405,2592,2321,141,19,65,25,22,17,131,43
20260808,busy_alive,425,90,5101,2414,2597,2324,128,13,77,32,22,13,131,43
20260808,busy_alive,426,85,5114,2421,2608,2329,133,16,76,25,22,9,131,43
20260808,busy_alive,427,81,5127,2429,2617,2331,127,15,83,25,22,7,131,43
20260808,busy_alive,428,78,5138,2436,2624,2332,113,15,89,33,22,7,131,43
20260808,busy_alive,429,73,5148,2441,2634,2334,110,12,95,33,21,8,131,43
20260808,busy_alive,430,70,5160,2450,2640,2342,105,14,94,37,19,10,131,43
20260808,busy_alive,431,66,5170,2453,2651,2345,98,12,96,44,13,11,131,43
20260808,busy_alive,432,63,5182,2468,2651,2352,110,18,98,24,14,8,131,43
20260808,busy_alive,433,62,5196,2483,2651,2360,118,30,93,9,15,11,131,43
20260808,busy_alive,434,70,5207,2486,2651,2364,119,18,104,9,15,12,131,43
20260808,busy_alive,435,74,5219,2494,2651,2366,116,11,117,6,13,14,131,43
20260808,busy_alive,436,83,5233,2499,2651,2372,113,13,114,10,13,16,131,43
20260808,busy_alive,437,90,5245,2503,2652,2382,108,9,112,21,12,17,131,43
20260808,busy_alive,438,94,5256,2510,2652,2393,114,11,106,19,12,18,131,43
20260808,busy_alive,439,93,5269,2524,2652,2397,110,21,106,13,15,18,131,43
20260808,busy_alive,440,100,5283,2531,2652,2401,99,21,109,21,14,17,131,43
20260808,busy_alive,441,104,5296,2540,2652,2410,102,16,114,18,12,18,131,43
20260808,busy_alive,442,107,5307,2548,2652,2419,114,17,112,7,11,16,131,43
20260808,busy_alive,443,117,5321,2551,2653,2425,114,11,115,10,11,18,131,43
20260808,busy_alive,444,121,5333,2554,2658,2437,124,6,111,9,10,18,131,43
20260808,busy_alive,445,124,5347,2560,2663,2447,128,9,104,9,10,17,121,40
20260808,busy_alive,446,123,5358,2562,2673,2456,134,8,98,10,10,17,121,40
20260808,busy_alive,447,119,5368,2571,2678,2466,142,11,94,3,9,18,121,40
20260808,busy_alive,448,118,5379,2575,2686,2476,149,13,86,2,9,19,121,40
20260808,busy_alive,449,119,5392,2579,2694,2480,150,8,91,1,9,18,121,40
20260808,busy_alive,450,118,5404,2585,2701,2486,143,10,89,8,14,18,131,43
20260808,busy_alive,451,120,5417,2589,2708,2491,134,10,88,18,19,17,131,43
20260808,busy_alive,452,114,5430,2598,2718,2500,140,13,85,12,18,14,131,43
20260808,busy_alive,453,105,5444,2611,2728,2508,139,22,81,8,21,11,131,43
20260808,busy_alive,454,104,5456,2615,2737,2515,127,17,83,23,22,10,131,43
20260808,busy_alive,455,99,5467,2619,2749,2521,108,8,90,44,21,9,131,43
20260808,busy_alive,456,95,5480,2626,2759,2529,114,11,86,39,21,9,131,43
20260808,busy_alive,457,88,5493,2635,2770,2536,112,16,83,39,22,9,131,43
20260808,busy_alive,458,84,5503,2643,2776,2542,107,17,84,42,21,9,131,43
20260808,busy_alive,459,85,5516,2654,2777,2544,123,19,91,17,20,10,131,43
20260808,busy_alive,460,86,5529,2660,2783,2550,136,17,93,4,15,11,131,43
20260808,busy_alive,461,87,5542,2662,2793,2558,139,8,96,7,12,14,131,43
20260808,busy_alive,462,96,5555,2666,2793,2567,143,6,93,8,11,14,131,43
20260808,busy_alive,463,104,5567,2670,2793,2569,144,8,93,5,12,15,131,43
20260808,busy_alive,464,111,5577,2673,2793,2575,149,7,91,3,11,16,131,43
20260808,busy_alive,465,121,5590,2676,2793,2580,152,6,90,2,11,21,131,43
20260808,busy_alive,466,122,5600,2678,2800,2586,154,5,87,4,11,19,131,43
20260808,busy_alive,467,122,5611,2682,2807,2593,146,6,83,15,13,19,131,43
20260808,busy_alive,468,120,5623,2689,2814,2598,142,11,80,17,12,18,131,43
20260808,busy_alive,469,118,5635,2694,2823,2604,147,12,78,13,12,16,131,43
20260808,busy_alive,470,120,5648,2697,2831,2610,152,8,79,11,13,16,131,43
20260808,busy_alive,471,111,5660,2709,2840,2614,148,15,80,7,13,15,131,43
20260808,busy_alive,472,111,5673,2715,2847,2622,138,18,75,19,14,16,131,43
20260808,busy_alive,473,114,5686,2719,2853,2634,135,10,75,30,14,17,131,43
20260808,busy_alive,474,112,5696,2724,2860,2642,142,9,73,26,15,16,131,43
20260808,busy_alive,475,112,5708,2732,2864,2650,154,13,69,14,12,16,131,43
20260808,busy_alive,476,111,5718,2737,2870,2656,162,13,68,7,12,18,131,43
20260808,busy_alive,477,109,5730,2741,2880,2661,159,9,71,11,13,18,131,43
20260808,busy_alive,478,109,5741,2746,2886,2665,140,9,72,29,15,19,131,43
20260808,busy_alive,479,110,5751,2752,2889,2669,125,11,72,42,13,17,131,43
20260808,busy_alive,480,98,5764,2769,2897,2674,120,23,72,35,9,16,131,43
20260808,busy_alive,481,97,5776,2775,2904,2678,133,23,74,20,12,16,131,43
20260808,busy_alive,482,96,5788,2785,2907,2682,126,16,87,21,18,16,131,43
20260808,busy_alive,483,91,5800,2795,2914,2685,120,20,90,20,21,16,131,43
20260808,busy_alive,484,78,5812,2813,2921,2694,124,28,91,7,20,14,131,43
20260808,busy_alive,485,77,5825,2817,2931,2698,122,22,97,9,21,13,131,43
20260808,busy_alive,486,77,5836,2820,2939,2702,124,7,111,8,22,12,131,43
20260808,busy_alive,487,72,5846,2824,2950,2704,123,7,113,7,23,8,131,43
20260808,busy_alive,488,70,5857,2830,2957,2711,124,10,109,7,22,6,131,43
20260808,busy_alive,489,70,5867,2836,2961,2719,129,12,105,4,21,7,131,43
20260808,busy_alive,490,73,5880,2840,2967,2725,131,10,105,4,22,9,126,43
20260808,busy_alive,491,69,5891,2845,2977,2731,131,9,105,5,15,10,126,43
20260808,busy_alive,492,74,5902,2851,2977,2737,124,11,103,12,13,13,126,43
20260808,busy_alive,493,81,5914,2856,2977,2744,126,11,101,12,12,15,126,43
20260808,busy_alive,494,89,5925,2858,2978,2752,137,7,99,7,13,16,126,43
20260808,busy_alive,495,97,5937,2862,2978,2760,137,6,96,11,12,17,131,43
20260808,busy_alive,496,103,5951,2870,2978,2767,137,12,91,10,13,19,131,43
20260808,busy_alive,497,107,5964,2876,2981,2779,144,14,83,9,15,20,131,43
20260808,busy_alive,498,103,5974,2881,2990,2786,142,11,84,13,13,18,131,43
20260808,busy_alive,499,108,5988,2884,2996,2795,151,8,81,10,13,18,131,43
20260808,busy_alive,500,112,6001,2887,3002,2804,161,6,77,6,13,18,131,43
20260808,busy_alive,501,114,6013,2892,3007,2811,161,8,73,8,13,19,131,43
20260808,busy_alive,502,113,6024,2896,3015,2818,162,9,69,10,13,18,131,43
20260808,busy_alive,503,114,6037,2903,3020,2827,159,11,65,15,12,19,131,43
20260808,busy_alive,504,116,6050,2911,3023,2832,158,15,64,13,11,19,131,43
20260808,busy_alive,505,115,6060,2915,3030,2839,170,12,64,4,11,17,131,43
20260808,busy_alive,506,117,6071,2919,3035,2840,170,8,71,1,11,16,131,43
20260808,busy_alive,507,114,6082,2923,3045,2843,168,8,72,2,11,17,131,43
20260808,busy_alive,508,115,6093,2925,3053,2845,167,6,74,3,10,16,131,43
20260808,busy_alive,509,119,6104,2928,3057,2852,172,5,71,2,11,17,131,43
20260808,busy_alive,510,114,6117,2939,3064,2857,164,14,68,4,13,15,131,43
20260808,busy_alive,511,107,6128,2943,3078,2863,140,15,65,30,15,14,131,43
20260808,busy_alive,512,103,6140,2948,3089,2866,138,9,73,30,17,12,131,43
20260808,busy_alive,513,79,6151,2973,3099,2870,130,30,73,17,15,12,131,43
20260808,busy_alive,514,81,6165,2978,3106,2877,121,30,71,28,20,10,131,43
20260808,busy_alive,515,78,6178,2984,3116,2882,120,11,91,28,21,8,131,43
20260808,busy_alive,516,73,6189,2990,3126,2885,121,12,93,24,20,7,131,43
20260808,busy_alive,517,69,6199,3004,3126,2892,122,20,92,16,20,7,131,43
20260808,busy_alive,518,71,6212,3015,3126,2898,126,25,92,7,20,10,131,43
20260808,busy_alive,519,74,6225,3021,3130,2902,125,17,102,6,19,11,131,43
20260808,busy_alive,520,75,6237,3024,3138,2905,123,9,110,8,18,12,101,38
20260808,busy_alive,521,71,6247,3030,3146,2909,126,9,112,3,13,15,101,38
20260808,busy_alive,522,75,6257,3036,3146,2914,125,12,110,3,13,14,101,38
20260808,busy_alive,523,86,6270,3038,3146,2922,124,8,108,10,13,15,101,38
20260808,busy_alive,524,90,6280,3044,3146,2933,129,8,103,10,12,15,101,38
20260808,busy_alive,525,95,6294,3053,3146,2938,131,15,100,4,12,15,126,43
20260808,busy_alive,526,103,6306,3057,3146,2942,127,13,102,8,14,15,126,43
20260808,busy_alive,527,113,6320,3061,3146,2951,122,8,102,18,15,17,126,43
20260808,busy_alive,528,116,6333,3071,3146,2955,115,14,102,19,12,18,126,43
20260808,busy_alive,529,124,6347,3077,3146,2961,116,16,100,18,14,18,126,43
20260808,busy_alive,530,118,6357,3087,3152,2971,116,16,100,18,13,17,131,43
20260808,busy_alive,531,112,6369,3095,3162,2975,117,18,102,13,9,17,131,43
20260808,busy_alive,532,113,6383,3101,3169,2989,130,14,98,8,9,18,131,43
20260808,busy_alive,533,112,6394,3110,3172,2995,130,15,100,5,9,17,131,43
20260808,busy_alive,534,114,6406,3115,3177,3003,134,14,98,4,10,16,131,43
20260808,busy_alive,535,115,6419,3119,3185,3015,133,9,95,13,10,17,131,43
20260808,busy_alive,536,114,6430,3124,3192,3020,126,9,95,20,11,16,131,43
20260808,busy_alive,537,110,6441,3131,3200,3028,125,12,91,22,13,17,131,43
20260808,busy_alive,538,110,6452,3142,3200,3035,112,18,89,31,13,19,131,43
20260808,busy_alive,539,112,6465,3145,3208,3040,109,14,91,36,12,17,131,43
20260808,busy_alive,540,102,6476,3158,3216,3045,100,16,97,37,13,16,131,43
20260808,busy_alive,541,103,6489,3163,3223,3053,112,18,92,28,21,14,131,43
20260808,busy_alive,542,100,6502,3172,3230,3057,113,14,101,22,19,14,131,43
20260808,busy_alive,543,92,6514,3182,3240,3062,112,19,101,18,22,12,131,43
20260808,busy_alive,544,93,6525,3183,3249,3068,106,11,104,29,23,10,131,43
20260808,busy_alive,545,95,6539,3189,3255,3076,107,7,106,30,20,8,131,43
20260808,busy_alive,546,90,6551,3205,3256,3084,116,22,99,13,21,7,131,43
20260808,busy_alive,547,88,6563,3212,3263,3090,116,23,99,12,21,10,131,43
20260808,busy_alive,548,86,6573,3222,3265,3098,107,17,107,19,19,11,131,43
20260808,busy_alive,549,89,6586,3226,3271,3106,108,14,106,22,17,11,131,43
20260808,busy_alive,550,87,6599,3233,3279,3114,118,11,108,13,19,12,126,43
20260808,busy_alive,551,84,6612,3242,3286,3118,109,16,108,17,12,14,126,43
20260808,busy_alive,552,92,6626,3248,3286,3122,99,15,111,25,11,16,126,43
20260808,busy_alive,553,98,6639,3255,3286,3135,109,13,107,21,10,19,126,43
20260808,busy_alive,554,105,6652,3261,3286,3139,116,13,109,12,10,19,126,43
20260808,busy_alive,555,111,6662,3265,3286,3144,122,10,111,7,10,19,131,43
20260808,busy_alive,556,120,6675,3269,3286,3150,128,8,111,3,10,20,131,43
20260808,busy_alive,557,118,6687,3276,3293,3162,133,11,103,3,10,19,131,43
20260808,busy_alive,558,117,6700,3281,3302,3171,131,12,98,9,10,19,131,43
20260808,busy_alive,559,119,6712,3285,3308,3176,133,9,100,8,11,17,131,43
20260808,busy_alive,560,120,6723,3287,3316,3182,131,6,99,14,11,16,131,43
20260808,busy_alive,561,118,6734,3290,3326,3191,136,5,94,15,11,16,131,43
20260808,busy_alive,562,120,6745,3299,3326,3201,141,12,86,11,11,17,131,43
20260808,busy_alive,563,121,6756,3301,3334,3211,146,11,79,14,12,18,131,43
20260808,busy_alive,564,118,6768,3306,3344,3224,152,7,75,16,11,19,131,43
20260808,busy_alive,565,118,6782,3310,3354,3229,154,9,72,15,10,19,131,43
20260808,busy_alive,566,120,6796,3312,3364,3239,170,6,67,7,12,19,131,43
20260808,busy_alive,567,118,6808,3322,3368,3247,163,12,63,12,12,19,131,43
20260808,busy_alive,568,114,6821,3328,3379,3253,152,16,59,23,10,17,131,43
20260808,busy_alive,569,116,6835,3331,3388,3258,154,9,64,23,9,17,131,43
20260808,busy_alive,570,108,6845,3341,3396,3264,162,13,64,11,11,16,121,43
20260808,busy_alive,571,101,6859,3355,3403,3270,159,24,61,6,14,14,121,43
20260808,busy_alive,572,104,6872,3357,3411,3274,142,16,67,25,20,13,121,43
20260808,busy_alive,573,102,6882,3360,3420,3281,139,5,74,32,21,12,121,43
20260808,busy_alive,574,81,6892,3382,3429,3283,136,25,74,15,19,12,121,43
20260808,busy_alive,575,70,6902,3396,3436,3288,134,36,72,8,17,12,131,43
20260808,busy_alive,576,68,6914,3400,3446,3290,131,18,92,9,18,12,131,43
20260808,busy_alive,577,63,6924,3405,3456,3294,129,9,102,10,20,11,131,43
20260808,busy_alive,578,59,6936,3412,3465,3297,128,12,103,7,21,10,131,43
20260808,busy_alive,579,58,6949,3419,3472,3299,126,14,106,4,23,8,131,43
20260808,busy_alive,580,58,6963,3424,3481,3308,120,12,104,14,23,7,131,43
20260808,busy_alive,581,55,6975,3427,3493,3313,122,8,106,14,16,9,131,43
20260808,busy_alive,582,64,6988,3431,3493,3319,117,7,105,21,15,10,131,43
20260808,busy_alive,583,73,7001,3435,3493,3324,115,8,103,24,13,12,131,43
20260808,busy_alive,584,79,7011,3439,3493,3331,119,8,100,23,12,13,131,43
20260808,busy_alive,585,87,7022,3442,3493,3334,120,7,101,22,12,16,131,43
20260808,busy_alive,586,88,7033,3452,3493,3340,132,13,99,6,12,15,131,43
20260808,busy_alive,587,96,7045,3456,3493,3348,131,14,94,11,11,16,131,43
20260808,busy_alive,588,108,7059,3458,3493,3356,138,6,96,10,10,18,131,43
20260808,busy_alive,589,114,7071,3464,3493,3364,144,8,92,6,9,17,131,43
20260808,busy_alive,590,123,7085,3465,3497,3375,153,7,83,7,10,18,131,43
20260808,busy_alive,591,125,7097,3473,3499,3385,160,9,79,2,11,19,131,43
20260808,busy_alive,592,127,7111,3476,3508,3397,163,11,68,8,12,18,131,43
20260808,busy_alive,593,126,7121,3479,3516,3404,166,6,69,9,11,19,131,43
20260808,busy_alive,594,122,7132,3485,3525,3409,168,9,67,6,11,18,131,43
20260808,busy_alive,595,119,7143,3490,3534,3416,170,11,63,6,12,19,131,43
20260808,busy_alive,596,119,7153,3495,3539,3421,171,10,64,5,13,18,131,43
20260808,busy_alive,597,119,7163,3498,3546,3422,170,8,68,4,13,17,131,43
20260808,busy_alive,598,119,7174,3504,3551,3428,172,9,67,2,11,16,131,43
20260808,busy_alive,599,118,7187,3507,3562,3432,172,9,66,3,13,17,131,43
20260808,busy_alive,600,108,7198,3516,3574,3435,162,12,69,7,15,15,121,40
20260808,mild_drama,1,4,8,4,0,0,122,4,0,4,4,1,131,43
20260808,mild_drama,2,13,20,7,0,0,105,7,0,18,7,3,131,43
20260808,mild_drama,3,16,28,12,0,0,97,8,4,21,9,3,131,43
20260808,mild_drama,4,11,38,27,0,0,95,20,7,8,8,3,131,43
20260808,mild_drama,5,18,47,29,0,0,92,17,12,9,10,4,131,43
20260808,mild_drama,6,27,60,33,0,0,86,6,27,11,11,5,131,43
20260808,mild_drama,7,39,73,34,0,0,89,5,29,7,11,6,131,43
20260808,mild_drama,8,47,85,38,0,0,85,5,33,7,10,8,131,43
20260808,mild_drama,9,55,95,40,0,0,86,6,34,4,11,9,131,43
20260808,mild_drama,10,64,107,43,0,0,83,5,38,4,12,10,131,43
20260808,mild_drama,11,73,119,46,0,0,78,6,40,6,13,11,131,43
20260808,mild_drama,12,84,131,47,0,1,65,4,42,19,16,12,131,43
20260808,mild_drama,13,90,141,51,0,1,44,5,45,36,17,13,131,43
20260808,mild_drama,14,100,154,54,0,5,38,7,42,43,17,15,131,43
20260808,mild_drama,15,105,165,60,0,7,33,9,44,44,14,15,131,43
20260808,mild_drama,16,112,179,65,2,9,49,11,45,25,12,16,131,43
20260808,mild_drama,17,114,192,69,9,11,64,9,49,8,14,16,131,43
20260808,mild_drama,18,117,206,72,17,14,43,7,51,29,15,19,131,43
20260808,mild_drama,19,112,217,76,29,16,38,7,53,32,13,18,131,43
20260808,mild_drama,20,111,230,80,39,17,58,8,55,9,12,18,121,40
20260808,mild_drama,21,117,243,83,43,22,56,7,54,13,16,17,121,40
20260808,mild_drama,22,113,252,86,53,24,42,6,56,26,15,15,121,40
20260808,mild_drama,23,113,264,91,60,32,37,8,51,34,12,15,121,40
20260808,mild_drama,24,114,276,93,69,37,44,7,49,30,11,15,121,40
20260808,mild_drama,25,121,289,94,74,40,63,3,51,13,12,18,126,43
20260808,mild_drama,26,118,297,96,83,45,75,3,48,4,12,16,126,43
20260808,mild_drama,27,119,309,99,91,47,74,5,47,4,12,16,126,43
20260808,mild_drama,28,116,323,103,104,48,70,7,48,5,12,17,126,43
20260808,mild_drama,29,115,333,107,111,53,71,8,46,5,12,18,126,43
20260808,mild_drama,30,104,343,119,120,60,66,16,43,5,11,17,131,43
20260808,mild_drama,31,95,353,129,129,62,58,22,45,5,11,16,131,43
20260808,mild_drama,32,92,362,131,139,68,57,12,51,10,16,13,131,43
20260808,mild_drama,33,93,374,133,148,69,53,4,60,13,19,12,131,43
20260808,mild_drama,34,88,383,141,154,69,51,10,62,7,18,10,131,43
20260808,mild_drama,35,86,396,145,165,71,50,12,62,6,18,9,131,43
20260808,mild_drama,36,86,409,147,176,76,53,6,65,6,19,10,131,43
20260808,mild_drama,37,83,422,153,186,79,53,8,66,3,18,11,131,43
20260808,mild_drama,38,83,432,157,192,81,51,10,66,3,18,12,131,43
20260808,mild_drama,39,83,443,158,202,83,53,5,70,2,17,12,131,43
20260808,mild_drama,40,80,452,161,211,87,56,4,70,0,14,13,131,43
20260808,mild_drama,41,81,462,163,218,93,57,5,65,3,10,14,131,43
20260808,mild_drama,42,94,476,164,218,97,45,3,64,18,13,15,131,43
20260808,mild_drama,43,99,484,167,218,103,48,4,60,18,13,16,131,43
20260808,mild_drama,44,103,498,177,218,108,58,13,56,3,11,16,131,43
20260808,mild_drama,45,109,507,180,218,113,60,13,54,3,10,17,131,43
20260808,mild_drama,46,118,520,181,221,115,59,4,62,5,11,17,131,43
20260808,mild_drama,47,120,534,182,232,118,52,2,62,14,13,16,131,43
20260808,mild_drama,48,118,546,184,244,121,43,3,60,24,13,16,131,43
20260808,mild_drama,49,115,557,187,255,128,52,5,54,19,11,16,131,43
20260808,mild_drama,50,120,570,188,262,133,58,4,51,17,15,16,126,43
20260808,mild_drama,51,118,580,189,273,138,51,2,49,28,15,17,126,43
20260808,mild_drama,52,114,588,193,281,144,61,5,44,20,11,18,126,43
20260808,mild_drama,53,117,600,196,287,152,82,7,37,4,10,19,126,43
20260808,mild_drama,54,116,610,196,298,155,86,3,38,3,9,20,126,43
20260808,mild_drama,55,120,620,197,303,161,93,1,35,1,9,22,131,43
20260808,mild_drama,56,116,629,199,314,164,92,3,32,3,10,21,131,43
20260808,mild_drama,57,120,642,200,322,165,91,3,32,4,11,21,131,43
20260808,mild_drama,58,121,656,204,331,170,89,5,29,7,11,17,131,43
20260808,mild_drama,59,121,668,204,343,173,75,4,27,24,13,17,131,43
20260808,mild_drama,60,113,680,213,354,176,59,9,28,34,16,17,131,43
20260808,mild_drama,61,114,694,216,364,178,60,12,26,32,18,16,131,43
20260808,mild_drama,62,112,704,221,371,179,57,8,34,31,20,16,131,43
20260808,mild_drama,63,113,717,225,379,179,45,9,37,39,23,14,131,43
20260808,mild_drama,64,105,730,240,385,180,28,19,41,42,27,13,131,43
20260808,mild_drama,65,93,741,253,395,187,25,28,38,39,24,10,131,43
20260808,mild_drama,66,86,749,259,404,188,29,19,52,30,22,8,131,43
20260808,mild_drama,67,84,760,263,413,190,32,10,63,25,25,8,131,43
20260808,mild_drama,68,84,773,271,418,191,23,12,68,27,26,9,131,43
20260808,mild_drama,69,69,784,286,429,192,24,23,71,12,22,9,131,43
20260808,mild_drama,70,67,795,287,441,195,25,16,76,13,20,9,131,43
20260808,mild_drama,71,69,809,289,451,196,20,3,90,17,16,10,131,43
20260808,mild_drama,72,72,822,299,451,198,14,12,89,15,15,11,131,43
20260808,mild_drama,73,76,830,303,451,204,17,14,85,14,14,12,131,43
20260808,mild_drama,74,85,840,304,451,207,22,5,92,11,14,13,131,43
20260808,mild_drama,75,96,852,305,451,208,23,2,95,10,15,13,131,43
20260808,mild_drama,76,106,865,308,451,214,26,4,90,10,14,13,131,43
20260808,mild_drama,77,112,877,313,452,220,28,8,85,9,13,14,131,43
20260808,mild_drama,78,118,888,317,453,226,33,9,82,6,14,15,131,43
20260808,mild_drama,79,120,900,319,461,233,34,6,80,10,15,18,131,43
20260808,mild_drama,80,115,908,322,471,239,35,5,78,12,15,18,131,43
20260808,mild_drama,81,115,920,323,482,247,38,4,72,16,14,17,131,43
20260808,mild_drama,82,115,932,325,492,258,42,3,64,21,14,17,131,43
20260808,mild_drama,83,115,944,329,500,264,37,6,59,28,17,16,131,43
20260808,mild_drama,84,114,958,335,509,269,44,10,56,20,16,18,131,43
20260808,mild_drama,85,120,970,335,515,279,52,6,50,22,16,18,131,43
20260808,mild_drama,86,119,982,338,525,283,52,3,52,23,15,18,131,43
20260808,mild_drama,87,116,993,345,532,286,58,10,49,13,16,17,131,43
20260808,mild_drama,88,115,1006,349,542,290,50,11,48,21,17,15,131,43
20260808,mild_drama,89,115,1018,354,549,295,49,9,50,22,14,15,131,43
20260808,mild_drama,90,112,1030,362,556,301,49,13,48,20,17,15,131,43
20260808,mild_drama,91,109,1038,364,565,303,51,10,51,18,20,15,131,43
20260808,mild_drama,92,108,1048,372,568,307,53,10,55,12,20,14,131,43
20260808,mild_drama,93,107,1062,376,579,311,61,12,53,4,20,12,131,43
20260808,mild_drama,94,107,1076,382,587,314,60,10,58,2,23,11,131,43
20260808,mild_drama,95,109,1087,383,595,316,60,7,60,3,24,10,131,43
20260808,mild_drama,96,105,1097,387,605,317,49,5,65,11,23,10,131,43
20260808,mild_drama,97,103,1111,391,617,322,40,8,61,21,25,11,131,43
20260808,mild_drama,98,103,1124,394,627,329,35,7,58,30,24,12,131,43
20260808,mild_drama,99,103,1134,399,632,332,34,8,59,29,21,14,131,43
20260808,mild_drama,100,97,1142,405,640,335,46,11,59,14,20,16,121,40
20260808,mild_drama,101,94,1152,408,650,338,55,9,61,5,13,17,121,40
20260808,mild_drama,102,102,1162,410,650,340,58,5,65,2,14,19,121,40
20260808,mild_drama,103,111,1173,412,650,342,51,4,66,9,16,21,121,40
20260808,mild_drama,104,109,1181,415,657,350,49,5,60,16,13,21,121,40
20260808,mild_drama,105,105,1192,417,670,356,50,5,56,19,15,20,131,43
20260808,mild_drama,106,106,1204,422,676,360,53,7,55,15,14,19,131,43
20260808,mild_drama,107,103,1212,425,684,365,59,8,52,11,14,16,131,43
20260808,mild_drama,108,103,1220,427,690,370,60,5,52,13,14,16,131,43
20260808,mild_drama,109,98,1230,433,699,375,54,8,50,18,11,15,131,43
20260808,mild_drama,110,99,1244,436,709,380,60,9,47,14,9,15,131,43
20260808,mild_drama,111,99,1255,439,717,384,71,6,49,4,11,15,131,43
20260808,mild_drama,112,104,1264,442,718,389,69,6,47,8,11,17,131,43
20260808,mild_drama,113,98,1272,446,728,395,72,7,44,7,9,16,131,43
20260808,mild_drama,114,98,1284,450,736,397,75,8,45,2,9,17,131,43
20260808,mild_drama,115,101,1296,453,742,400,74,7,46,3,10,16,131,43
20260808,mild_drama,116,106,1309,455,748,401,71,5,49,5,12,17,131,43
20260808,mild_drama,117,108,1320,458,754,402,69,5,51,5,12,17,131,43
20260808,mild_drama,118,104,1329,462,763,403,67,7,52,4,12,17,131,43
20260808,mild_drama,119,106,1339,463,770,406,64,5,52,9,13,17,131,43
20260808,mild_drama,120,102,1352,474,776,410,49,12,52,17,16,14,131,43
20260808,mild_drama,121,99,1360,477,784,416,50,14,47,19,18,13,131,43
20260808,mild_drama,122,90,1370,483,797,420,58,9,54,9,19,12,131,43
20260808,mild_drama,123,86,1384,493,805,428,62,16,49,3,21,11,131,43
20260808,mild_drama,124,90,1397,495,812,429,60,12,54,4,22,10,131,43
20260808,mild_drama,125,92,1410,501,817,433,48,8,60,14,23,10,121,40
20260808,mild_drama,126,91,1419,502,826,437,41,7,58,24,24,10,121,40
20260808,mild_drama,127,89,1430,507,834,440,38,6,61,25,24,9,121,40
20260808,mild_drama,128,90,1444,512,842,443,36,10,59,25,23,12,121,40
20260808,mild_drama,129,92,1457,514,851,446,43,7,61,19,24,13,121,40
20260808,mild_drama,130,94,1470,519,857,447,31,7,65,27,22,11,131,43
20260808,mild_drama,131,89,1481,528,864,450,30,14,64,22,14,11,131,43
20260808,mild_drama,132,95,1491,532,864,454,39,13,65,13,12,12,131,43
20260808,mild_drama,133,104,1502,533,865,458,43,5,70,12,12,16,131,43
20260808,mild_drama,134,113,1514,536,865,465,52,4,67,7,13,17,131,43
20260808,mild_drama,135,114,1522,538,870,469,51,5,64,10,11,19,131,43
20260808,mild_drama,136,111,1531,543,877,473,54,7,63,6,10,18,131,43
20260808,mild_drama,137,112,1540,544,884,479,62,6,59,3,11,19,131,43
20260808,mild_drama,138,115,1550,545,890,482,64,2,61,3,12,20,131,43
20260808,mild_drama,139,117,1562,547,898,486,56,3,58,13,14,19,131,43
20260808,mild_drama,140,114,1575,551,910,495,52,6,50,22,13,20,131,43
20260808,mild_drama,141,112,1588,555,921,496,56,8,51,15,13,20,131,43
20260808,mild_drama,142,111,1602,562,929,502,63,11,49,7,12,20,131,43
20260808,mild_drama,143,114,1616,564,938,502,58,9,53,10,17,19,131,43
20260808,mild_drama,144,113,1626,567,946,512,52,5,50,23,15,17,131,43
20260808,mild_drama,145,112,1640,573,955,517,54,9,47,20,12,18,131,43
20260808,mild_drama,146,112,1651,577,962,522,62,10,45,13,13,17,131,43
20260808,mild_drama,147,108,1659,581,970,526,59,8,47,16,11,16,131,43
20260808,mild_drama,148,111,1672,583,978,530,68,6,47,9,11,19,131,43
20260808,mild_drama,149,110,1681,587,984,533,74,6,48,2,11,20,131,43
20260808,mild_drama,150,107,1689,589,993,534,71,6,49,4,16,19,131,43
20260808,mild_drama,151,108,1702,593,1001,537,70,6,50,4,18,19,131,43
20260808,mild_drama,152,108,1715,598,1009,543,72,9,46,3,20,15,131,43
20260808,mild_drama,153,105,1723,600,1018,545,70,7,48,5,20,14,131,43
20260808,mild_drama,154,101,1732,603,1028,548,71,5,50,4,21,11,131,43
20260808,mild_drama,155,105,1745,605,1035,551,62,5,49,14,21,9,126,43
20260808,mild_drama,156,107,1758,607,1044,554,58,4,49,19,22,8,126,43
20260808,mild_drama,157,102,1767,610,1055,556,68,5,49,8,19,9,126,43
20260808,mild_drama,158,101,1777,613,1063,558,67,6,49,8,21,10,126,43
20260808,mild_drama,159,105,1788,613,1070,561,54,3,49,24,22,11,126,43
20260808,mild_drama,160,100,1799,618,1081,566,46,5,47,32,19,15,131,43
20260808,mild_drama,161,99,1808,622,1087,572,55,9,41,25,12,17,131,43
20260808,mild_drama,162,104,1817,626,1087,576,55,8,42,25,13,17,131,43
20260808,mild_drama,163,102,1827,629,1096,577,47,7,45,31,12,17,131,43
20260808,mild_drama,164,98,1837,633,1106,580,47,7,46,30,12,16,131,43
20260808,mild_drama,165,104,1851,637,1110,584,45,8,45,32,11,18,131,43
20260808,mild_drama,166,105,1862,642,1115,586,54,9,47,20,10,17,131,43
20260808,mild_drama,167,106,1874,645,1123,592,62,8,45,15,12,18,131,43
20260808,mild_drama,168,103,1883,647,1133,595,49,5,47,29,14,17,131,43
20260808,mild_drama,169,104,1895,657,1134,597,42,12,48,28,15,17,131,43
20260808,mild_drama,170,105,1905,662,1138,599,41,15,48,26,12,16,131,43
20260808,mild_drama,171,105,1916,664,1147,602,41,7,55,27,14,17,131,43
20260808,mild_drama,172,106,1928,666,1156,609,52,4,53,21,13,15,131,43
20260808,mild_drama,173,112,1942,668,1162,613,65,4,51,10,14,14,131,43
20260808,mild_drama,174,115,1955,673,1167,613,62,7,53,8,12,14,131,43
20260808,mild_drama,175,114,1963,676,1173,617,55,8,51,16,15,14,131,43
20260808,mild_drama,176,115,1973,680,1178,621,57,7,52,14,13,16,131,43
20260808,mild_drama,177,106,1982,687,1189,624,60,11,52,7,12,15,131,43
20260808,mild_drama,178,108,1994,692,1194,626,59,12,54,5,14,14,131,43
20260808,mild_drama,179,108,2005,696,1201,630,60,9,57,4,15,17,131,43
20260808,mild_drama,180,112,2016,701,1203,634,48,9,58,15,20,17,121,40
20260808,mild_drama,181,111,2026,705,1210,638,42,9,58,21,21,17,121,40
20260808,mild_drama,182,103,2037,715,1219,646,43,14,55,18,25,14,121,40
20260808,mild_drama,183,96,2047,724,1227,648,29,19,57,25,22,13,121,40
20260808,mild_drama,184,93,2059,731,1235,650,27,16,65,22,21,11,121,40
20260808,mild_drama,185,93,2073,733,1247,654,37,9,70,14,23,10,131,43
20260808,mild_drama,186,91,2085,738,1256,657,30,7,74,19,25,9,131,43
20260808,mild_drama,187,93,2095,743,1259,661,30,10,72,18,21,10,131,43
20260808,mild_drama,188,88,2104,747,1269,665,35,9,73,13,21,10,131,43
20260808,mild_drama,189,93,2118,753,1272,669,38,10,74,8,22,12,131,43
20260808,mild_drama,190,97,2132,759,1276,676,43,12,71,4,18,13,131,43
20260808,mild_drama,191,95,2143,763,1285,678,43,10,75,2,11,14,131,43
20260808,mild_drama,192,102,2152,765,1285,680,44,6,79,1,11,14,131,43
20260808,mild_drama,193,110,2161,766,1285,687,47,3,76,4,12,15,131,43
20260808,mild_drama,194,114,2169,767,1288,691,50,2,74,4,12,16,131,43
20260808,mild_drama,195,115,2179,770,1294,699,53,4,67,6,13,17,131,43
20260808,mild_drama,196,111,2189,774,1304,706,54,7,61,8,12,18,131,43
20260808,mild_drama,197,105,2197,780,1312,712,52,10,58,10,10,19,131,43
20260808,mild_drama,198,107,2211,782,1322,717,55,8,57,10,11,17,131,43
20260808,mild_drama,199,110,2225,785,1330,722,58,5,58,9,14,18,131,43
20260808,mild_drama,200,113,2239,790,1336,724,54,8,58,10,13,19,131,43
20260808,mild_drama,201,108,2248,794,1346,727,52,9,58,11,13,19,131,43
20260808,mild_drama,202,99,2257,798,1360,735,53,8,55,14,13,19,131,43
20260808,mild_drama,203,100,2269,802,1367,741,49,8,53,20,15,19,131,43
20260808,mild_drama,204,101,2282,809,1372,748,53,11,50,16,13,20,131,43
20260808,mild_drama,205,103,2292,811,1378,752,50,9,50,21,16,19,131,43
20260808,mild_drama,206,105,2305,816,1384,758,36,7,51,36,16,19,131,43
20260808,mild_drama,207,105,2317,821,1391,760,50,10,51,19,13,20,131,43
20260808,mild_drama,208,103,2325,823,1399,763,63,7,53,7,11,18,131,43
20260808,mild_drama,209,105,2333,823,1405,767,68,2,54,6,12,16,131,43
20260808,mild_drama,210,101,2345,833,1411,771,61,10,52,7,15,16,131,43
20260808,mild_drama,211,103,2358,834,1421,774,57,11,49,13,20,14,131,43
20260808,mild_drama,212,95,2367,841,1431,776,49,8,57,16,22,11,131,43
20260808,mild_drama,213,94,2378,847,1437,782,51,13,52,14,23,10,131,43
20260808,mild_drama,214,100,2392,850,1442,783,57,9,58,6,22,10,131,43
20260808,mild_drama,215,102,2404,853,1449,786,59,6,61,4,21,9,131,43
20260808,mild_drama,216,97,2412,855,1460,794,62,5,56,7,21,8,131,43
20260808,mild_drama,217,105,2426,858,1463,797,61,5,56,8,22,9,131,43
20260808,mild_drama,218,106,2440,863,1471,802,52,8,53,17,20,11,131,43
20260808,mild_drama,219,104,2452,866,1482,806,50,8,52,20,19,13,131,43
20260808,mild_drama,220,106,2466,872,1488,810,61,9,53,7,17,13,131,43
20260808,mild_drama,221,111,2479,874,1494,812,65,8,54,3,17,15,131,43
20260808,mild_drama,222,120,2489,875,1494,813,55,3,59,13,17,17,131,43
20260808,mild_drama,223,124,2497,878,1495,816,45,4,58,23,18,17,131,43
20260808,mild_drama,224,124,2507,880,1503,819,35,5,56,34,19,17,131,43
20260808,mild_drama,225,125,2521,886,1510,824,37,8,54,31,17,19,131,43
20260808,mild_drama,226,125,2534,888,1521,829,41,8,51,30,16,20,131,43
20260808,mild_drama,227,123,2545,891,1531,832,36,5,54,35,18,19,131,43
20260808,mild_drama,228,125,2559,903,1531,837,31,15,51,33,18,19,131,43
20260808,mild_drama,229,124,2570,913,1533,844,28,22,47,33,16,21,131,43
20260808,mild_drama,230,118,2579,916,1545,847,45,13,56,16,17,20,131,43
20260808,mild_drama,231,118,2591,917,1556,851,55,4,62,9,18,18,131,43
20260808,mild_drama,232,113,2600,920,1567,858,53,4,58,15,16,18,131,43
20260808,mild_drama,233,112,2611,924,1575,861,53,7,56,14,13,18,131,43
20260808,mild_drama,234,109,2622,928,1585,866,58,8,54,10,12,18,131,43
20260808,mild_drama,235,114,2632,929,1589,869,58,5,55,12,12,20,111,40
20260808,mild_drama,236,115,2643,934,1594,871,56,6,57,11,12,18,111,40
20260808,mild_drama,237,115,2656,936,1605,871,44,7,58,21,13,17,111,40
20260808,mild_drama,238,109,2665,938,1618,874,35,4,60,31,11,15,111,40
20260808,mild_drama,239,113,2679,943,1623,880,47,7,56,20,13,16,111,40
20260808,mild_drama,240,111,2692,947,1634,883,52,9,55,14,21,14,131,43
20260808,mild_drama,241,110,2706,953,1643,888,52,10,55,13,22,12,131,43
20260808,mild_drama,242,109,2715,958,1648,891,45,11,56,18,22,12,131,43
20260808,mild_drama,243,106,2727,964,1657,894,47,11,59,13,20,10,131,43
20260808,mild_drama,244,107,2740,969,1664,898,53,11,60,6,22,10,131,43
20260808,mild_drama,245,103,2748,971,1674,904,48,7,60,15,24,10,131,43
20260808,mild_drama,246,100,2757,975,1682,908,39,6,61,24,25,9,131,43
20260808,mild_drama,247,94,2765,981,1690,912,40,10,59,21,24,9,131,43
20260808,mild_drama,248,81,2773,994,1698,915,40,19,60,11,22,8,131,43
20260808,mild_drama,249,77,2783,1001,1705,920,44,20,61,5,19,9,131,43
20260808,mild_drama,250,75,2791,1003,1713,925,50,9,69,2,17,10,131,43
20260808,mild_drama,251,76,2804,1006,1722,927,47,5,74,4,13,12,131,43
20260808,mild_drama,252,84,2814,1008,1722,933,46,5,70,9,14,13,131,43
20260808,mild_drama,253,89,2822,1011,1722,937,42,5,69,14,14,15,131,43
20260808,mild_drama,254,92,2830,1016,1722,943,45,8,65,12,16,15,131,43
20260808,mild_drama,255,94,2843,1020,1729,945,40,9,66,15,14,16,122,43
20260808,mild_drama,256,89,2851,1024,1738,951,38,8,65,19,11,16,122,43
20260808,mild_drama,257,91,2859,1027,1741,952,36,7,68,19,12,16,122,43
20260808,mild_drama,258,92,2870,1030,1748,954,37,6,70,17,14,17,122,43
20260808,mild_drama,259,89,2880,1043,1748,963,37,16,64,13,14,17,122,43
20260808,mild_drama,260,96,2893,1049,1748,972,32,19,58,21,17,17,131,43
20260808,mild_drama,261,97,2903,1053,1753,977,34,10,66,20,17,15,131,43
20260808,mild_drama,262,97,2917,1060,1760,981,40,11,68,11,18,17,131,43
20260808,mild_drama,263,95,2927,1064,1768,984,34,11,69,16,19,16,131,43
20260808,mild_drama,264,93,2936,1068,1775,987,28,8,73,21,17,17,131,43
20260808,mild_drama,265,92,2946,1075,1779,994,35,11,70,14,12,17,131,43
20260808,mild_drama,266,95,2956,1078,1783,1002,45,10,66,9,11,16,131,43
20260808,mild_drama,267,93,2967,1079,1795,1006,48,4,69,9,12,15,131,43
20260808,mild_drama,268,94,2976,1082,1800,1007,47,4,71,8,13,14,131,43
20260808,mild_drama,269,103,2990,1086,1801,1009,45,7,70,8,13,17,131,43
20260808,mild_drama,270,104,2998,1088,1806,1012,44,6,70,10,16,16,131,43
20260808,mild_drama,271,106,3010,1090,1814,1016,42,4,70,14,21,14,131,43
20260808,mild_drama,272,102,3023,1098,1823,1028,47,10,60,13,21,13,131,43
20260808,mild_drama,273,101,3037,1104,1832,1032,49,14,58,9,23,12,131,43
20260808,mild_drama,274,102,3051,1110,1839,1036,48,12,62,8,23,11,131,43
20260808,mild_drama,275,105,3064,1115,1844,1042,46,11,62,11,22,10,131,43
20260808,mild_drama,276,107,3075,1116,1852,1047,36,6,63,25,25,9,131,43
20260808,mild_drama,277,103,3086,1124,1859,1057,24,9,58,39,22,12,131,43
20260808,mild_drama,278,102,3099,1130,1867,1059,28,14,57,31,23,13,131,43
20260808,mild_drama,279,100,3110,1135,1875,1063,35,11,61,23,24,12,131,43
20260808,mild_drama,280,96,3118,1139,1883,1067,43,9,63,15,22,12,131,43
20260808,mild_drama,281,88,3132,1149,1895,1070,49,14,65,2,15,13,131,43
20260808,mild_drama,282,94,3142,1153,1895,1071,45,14,68,3,16,14,131,43
20260808,mild_drama,283,100,3151,1156,1895,1079,46,7,70,7,15,14,131,43
20260808,mild_drama,284,105,3160,1159,1896,1083,48,6,70,6,14,14,131,43
20260808,mild_drama,285,104,3171,1162,1905,1088,51,6,68,5,15,14,121,40
20260808,mild_drama,286,104,3185,1165,1916,1094,45,6,65,14,15,14,121,40
20260808,mild_drama,287,99,3193,1169,1925,1099,47,7,63,13,12,14,121,40
20260808,mild_drama,288,98,3201,1171,1932,1103,58,6,62,4,14,15,121,40
20260808,mild_drama,289,95,3209,1174,1940,1109,60,5,60,5,13,14,121,40
20260808,mild_drama,290,90,3217,1178,1949,1112,61,7,59,3,11,13,126,43
20260808,mild_drama,291,90,3225,1179,1956,1118,67,5,56,2,11,14,126,43
20260808,mild_drama,292,92,3234,1180,1962,1120,57,2,58,13,13,13,126,43
20260808,mild_drama,293,88,3242,1182,1972,1125,55,3,54,18,12,14,126,43
20260808,mild_drama,294,94,3255,1185,1976,1134,70,5,46,9,12,16,126,43
20260808,mild_drama,295,96,3265,1188,1981,1139,72,6,43,9,13,16,131,43
20260808,mild_drama,296,97,3276,1191,1988,1142,72,6,43,9,13,17,131,43
20260808,mild_drama,297,97,3285,1195,1993,1146,76,7,42,5,15,18,131,43
20260808,mild_drama,298,91,3294,1198,2005,1150,62,7,41,20,15,16,131,43
20260808,mild_drama,299,92,3306,1202,2012,1153,60,7,42,21,14,16,131,43
20260808,mild_drama,300,86,3316,1213,2017,1157,61,15,41,13,13,14,131,43
20260808,mild_drama,301,89,3326,1213,2024,1161,49,11,41,29,20,14,131,43
20260808,mild_drama,302,90,3339,1219,2030,1163,42,6,50,32,22,12,131,43
20260808,mild_drama,303,74,3348,1238,2036,1165,31,25,48,26,18,10,131,43
20260808,mild_drama,304,69,3357,1247,2041,1172,31,28,47,24,19,10,131,43
20260808,mild_drama,305,69,3365,1248,2048,1173,31,10,65,24,22,9,131,43
20260808,mild_drama,306,64,3379,1256,2059,1176,33,9,71,17,21,8,131,43
20260808,mild_drama,307,64,3387,1257,2066,1179,48,9,69,4,20,7,131,43
20260808,mild_drama,308,65,3398,1258,2075,1183,50,2,73,5,23,8,131,43
20260808,mild_drama,309,68,3409,1260,2081,1185,48,3,72,7,22,8,131,43
20260808,mild_drama,310,72,3423,1264,2087,1185,45,6,73,6,22,8,131,43
20260808,mild_drama,311,71,3433,1266,2096,1187,41,6,73,10,20,9,131,43
20260808,mild_drama,312,81,3447,1270,2096,1192,35,6,72,17,20,11,131,43
20260808,mild_drama,313,88,3460,1276,2096,1195,34,10,71,15,18,13,131,43
20260808,mild_drama,314,96,3470,1278,2096,1202,39,8,68,15,17,13,131,43
20260808,mild_drama,315,103,3484,1285,2096,1208,34,9,68,19,18,13,131,43
20260808,mild_drama,316,111,3495,1288,2096,1210,36,10,68,16,19,15,131,43
20260808,mild_drama,317,116,3508,1292,2100,1219,40,7,66,17,19,16,131,43
20260808,mild_drama,318,114,3520,1296,2110,1224,35,8,64,23,17,17,131,43
20260808,mild_drama,319,112,3530,1301,2117,1229,42,9,63,16,16,17,131,43
20260808,mild_drama,320,112,3541,1304,2125,1233,46,8,63,13,18,16,131,43
20260808,mild_drama,321,112,3554,1307,2135,1240,36,6,61,27,15,16,131,43
20260808,mild_drama,322,111,3567,1312,2144,1246,41,8,58,23,10,15,131,43
20260808,mild_drama,323,116,3578,1312,2150,1250,62,5,57,6,10,18,131,43
20260808,mild_drama,324,111,3587,1314,2162,1255,68,2,57,3,10,19,131,43
20260808,mild_drama,325,113,3599,1315,2171,1260,68,3,52,7,10,19,131,43
20260808,mild_drama,326,113,3612,1321,2178,1261,65,7,53,5,11,19,131,43
20260808,mild_drama,327,114,3622,1322,2186,1265,66,7,50,7,12,19,131,43
20260808,mild_drama,328,117,3634,1324,2193,1270,67,3,51,9,11,20,131,43
20260808,mild_drama,329,117,3645,1328,2200,1273,67,6,49,8,12,20,131,43
20260808,mild_drama,330,110,3655,1335,2210,1277,57,11,47,15,14,18,131,43
20260808,mild_drama,331,110,3666,1342,2214,1279,50,14,49,17,19,17,131,43
20260808,mild_drama,332,113,3679,1349,2217,1286,53,14,49,14,21,16,131,43
20260808,mild_drama,333,104,3690,1356,2230,1291,53,14,51,12,21,14,131,43
20260808,mild_drama,334,95,3700,1363,2242,1294,53,14,55,8,21,11,131,43
20260808,mild_drama,335,92,3708,1366,2250,1297,51,10,59,10,20,10,121,40
20260808,mild_drama,336,94,3719,1368,2257,1301,53,5,62,10,19,8,121,40
20260808,mild_drama,337,91,3728,1370,2267,1306,62,4,60,4,19,9,121,40
20260808,mild_drama,338,92,3741,1373,2276,1308,61,5,60,4,21,10,121,40
20260808,mild_drama,339,94,3755,1377,2284,1311,54,7,59,10,22,11,121,40
20260808,mild_drama,340,89,3764,1381,2294,1314,54,8,59,9,19,12,131,43
20260808,mild_drama,341,89,3773,1382,2302,1317,57,5,60,8,12,13,131,43
20260808,mild_drama,342,98,3784,1384,2302,1321,58,3,60,9,11,14,131,43
20260808,mild_drama,343,107,3798,1389,2302,1324,58,7,58,7,11,16,131,43
20260808,mild_drama,344,108,3809,1392,2309,1327,60,8,57,5,10,16,131,43
20260808,mild_drama,345,107,3820,1396,2317,1333,65,7,56,2,9,18,131,43
20260808,mild_drama,346,110,3831,1398,2323,1338,62,6,54,8,11,18,131,43
20260808,mild_drama,347,113,3842,1398,2331,1343,61,2,53,14,11,20,131,43
20260808,mild_drama,348,108,3850,1406,2336,1350,61,8,48,13,11,18,131,43
20260808,mild_drama,349,113,3864,1408,2343,1356,58,10,42,20,14,17,131,43
20260808,mild_drama,350,113,3876,1414,2349,1361,43,8,45,34,14,17,131,43
20260808,mild_drama,351,108,3886,1419,2359,1363,40,11,45,34,11,16,131,43
20260808,mild_drama,352,112,3898,1421,2365,1367,49,7,47,27,11,19,131,43
20260808,mild_drama,353,112,3908,1431,2365,1371,41,12,48,29,12,21,131,43
20260808,mild_drama,354,114,3922,1435,2373,1374,41,14,47,28,12,21,131,43
20260808,mild_drama,355,111,3932,1437,2384,1377,45,6,54,25,14,21,131,43
20260808,mild_drama,356,111,3942,1447,2384,1377,36,12,58,24,15,22,131,43
20260808,mild_drama,357,110,3956,1453,2393,1380,32,16,57,25,16,19,131,43
20260808,mild_drama,358,111,3966,1455,2400,1382,31,8,65,26,17,18,131,43
20260808,mild_drama,359,109,3978,1459,2410,1388,35,6,65,24,15,18,131,43
20260808,mild_drama,360,110,3988,1464,2414,1389,33,9,66,22,19,16,126,43
20260808,mild_drama,361,112,4002,1476,2414,1392,32,17,67,14,23,15,126,43
20260808,mild_drama,362,108,4016,1485,2423,1395,32,21,69,8,25,13,126,43
20260808,mild_drama,363,106,4027,1489,2432,1401,29,13,75,13,27,13,126,43
20260808,mild_drama,364,105,4040,1493,2442,1405,30,8,80,12,26,10,126,43
20260808,mild_drama,365,109,4054,1494,2451,1409,29,5,80,16,28,8,131,43
20260808,mild_drama,366,105,4064,1497,2462,1413,31,4,80,15,27,10,131,43
20260808,mild_drama,367,103,4074,1502,2469,1416,31,8,78,13,24,13,131,43
20260808,mild_drama,368,100,4082,1505,2477,1421,33,8,76,13,22,14,131,43
20260808,mild_drama,369,96,4092,1512,2484,1426,41,10,76,3,19,15,131,43
20260808,mild_drama,370,96,4100,1513,2491,1432,45,8,73,4,20,17,131,43
20260808,mild_drama,371,95,4110,1514,2501,1437,43,2,75,10,14,18,131,43
20260808,mild_drama,372,104,4121,1516,2501,1439,42,3,74,11,16,19,131,43
20260808,mild_drama,373,104,4130,1519,2507,1445,34,5,69,22,14,20,131,43
20260808,mild_drama,374,105,4144,1523,2516,1456,40,7,60,23,14,17,131,43
20260808,mild_drama,375,106,4155,1525,2524,1462,57,6,57,10,14,19,131,43
20260808,mild_drama,376,102,4165,1528,2535,1465,57,5,58,10,14,20,131,43
20260808,mild_drama,377,102,4175,1532,2541,1475,61,7,50,12,13,18,131,43
20260808,mild_drama,378,99,4183,1537,2547,1478,56,9,50,15,13,16,131,43
20260808,mild_drama,379,99,4193,1539,2555,1486,52,7,46,25,12,16,131,43
20260808,mild_drama,380,99,4201,1540,2562,1488,51,3,49,27,12,15,115,42
20260808,mild_drama,381,103,4214,1545,2566,1493,63,6,46,15,13,17,115,42
20260808,mild_drama,382,106,4225,1549,2570,1500,62,9,40,19,14,20,115,42
20260808,mild_drama,383,107,4238,1555,2576,1503,54,10,42,24,15,21,115,42
20260808,mild_drama,384,108,4247,1557,2582,1508,60,8,41,21,14,20,115,42
20260808,mild_drama,385,108,4257,1559,2590,1509,61,4,46,19,15,19,131,43
20260808,mild_drama,386,109,4269,1560,2600,1512,67,3,45,15,14,19,131,43
20260808,mild_drama,387,107,4281,1566,2608,1513,68,7,46,9,10,21,131,43
20260808,mild_drama,388,110,4295,1568,2617,1519,77,8,41,4,11,18,131,43
20260808,mild_drama,389,110,4304,1570,2624,1523,74,4,43,9,12,20,131,43
20260808,mild_drama,390,112,4317,1576,2629,1527,59,8,41,22,18,19,121,40
20260808,mild_drama,391,110,4327,1580,2637,1528,56,10,42,22,18,18,121,40
20260808,mild_drama,392,107,4341,1590,2644,1532,53,14,44,19,21,16,121,40
20260808,mild_drama,393,97,4349,1598,2654,1536,45,18,44,23,21,14,121,40
20260808,mild_drama,394,95,4359,1610,2654,1538,43,20,52,15,23,14,121,40
20260808,mild_drama,395,94,4370,1615,2661,1538,49,17,60,4,24,12,131,43
20260808,mild_drama,396,94,4382,1618,2670,1542,52,8,68,2,26,11,131,43
20260808,mild_drama,397,100,4395,1618,2677,1543,52,3,72,3,27,10,131,43
20260808,mild_drama,398,96,4407,1622,2689,1550,54,4,68,4,25,8,131,43
20260808,mild_drama,399,94,4420,1625,2701,1553,43,7,65,15,26,10,131,43
20260808,mild_drama,400,96,4434,1626,2712,1555,32,4,67,27,24,12,131,43
20260808,mild_drama,401,96,4444,1629,2719,1559,36,4,66,24,17,13,131,43
20260808,mild_drama,402,104,4456,1633,2719,1562,49,7,64,10,15,14,131,43
20260808,mild_drama,403,114,4470,1637,2719,1564,54,8,65,3,14,17,131,43
20260808,mild_drama,404,114,4478,1638,2726,1570,58,5,63,4,14,17,131,43
20260808,mild_drama,405,118,4490,1640,2732,1575,53,3,62,12,19,16,131,43
20260808,mild_drama,406,120,4499,1642,2737,1576,47,4,62,17,19,17,131,43
20260808,mild_drama,407,113,4507,1648,2746,1589,53,8,51,18,13,16,131,43
20260808,mild_drama,408,115,4520,1650,2755,1594,62,8,48,12,11,15,131,43
20260808,mild_drama,409,112,4530,1656,2762,1602,73,8,46,3,11,15,131,43
20260808,mild_drama,410,112,4539,1657,2770,1606,74,7,44,5,14,17,131,43
20260808,mild_drama,411,110,4547,1659,2778,1611,55,3,45,27,14,16,131,43
20260808,mild_drama,412,102,4556,1664,2790,1614,47,7,43,33,11,14,131,43
20260808,mild_drama,413,98,4564,1668,2798,1619,62,9,40,19,11,15,131,43
20260808,mild_drama,414,96,4573,1670,2807,1622,70,6,42,12,13,15,131,43
20260808,mild_drama,415,91,4581,1673,2817,1623,66,5,45,14,14,14,131,43
20260808,mild_drama,416,91,4589,1675,2823,1626,63,5,44,18,13,13,131,43
20260808,mild_drama,417,93,4600,1678,2829,1628,73,5,45,7,12,12,131,43
20260808,mild_drama,418,98,4614,1680,2836,1631,67,5,44,14,14,12,131,43
20260808,mild_drama,419,101,4627,1682,2844,1637,64,4,41,21,14,14,131,43
20260808,mild_drama,420,93,4635,1686,2856,1639,56,6,41,27,18,13,131,43
20260808,mild_drama,421,92,4649,1691,2866,1642,57,9,40,24,21,12,131,43
20260808,mild_drama,422,94,4661,1696,2871,1644,68,10,42,10,23,11,131,43
20260808,mild_drama,423,96,4675,1701,2878,1647,69,10,44,7,23,11,131,43
20260808,mild_drama,424,92,4684,1707,2885,1653,69,11,43,7,22,11,131,43
20260808,mild_drama,425,95,4693,1708,2890,1655,66,7,46,11,23,10,131,43
20260808,mild_drama,426,96,4705,1713,2896,1662,68,6,45,11,23,10,131,43
20260808,mild_drama,427,99,4715,1715,2901,1662,57,7,46,20,21,11,131,43
20260808,mild_drama,428,99,4724,1717,2908,1664,54,4,49,23,21,13,131,43
20260808,mild_drama,429,97,4733,1721,2915,1667,62,6,48,14,20,12,131,43
20260808,mild_drama,430,98,4746,1723,2925,1667,63,6,50,11,18,13,131,43
20260808,mild_drama,431,95,4757,1731,2931,1671,62,10,50,8,14,14,131,43
20260808,mild_drama,432,101,4767,1735,2931,1672,58,12,51,9,13,14,131,43
20260808,mild_drama,433,110,4781,1740,2931,1678,55,9,53,13,13,17,131,43
20260808,mild_drama,434,114,4794,1744,2936,1680,57,9,55,9,12,18,131,43
20260808,mild_drama,435,113,4808,1750,2945,1684,60,10,56,4,12,18,131,43
20260808,mild_drama,436,117,4817,1751,2949,1686,62,7,58,3,13,19,131,43
20260808,mild_drama,437,118,4829,1755,2956,1688,59,5,62,4,12,21,131,43
20260808,mild_drama,438,117,4841,1758,2966,1690,58,7,61,4,14,20,131,43
20260808,mild_drama,439,116,4852,1761,2975,1695,51,6,60,13,14,19,131,43
20260808,mild_drama,440,114,4860,1763,2983,1701,45,5,57,23,13,20,131,43
20260808,mild_drama,441,115,4869,1764,2990,1704,55,3,57,15,14,20,131,43
20260808,mild_drama,442,111,4881,1770,3000,1706,62,7,57,4,12,18,131,43
20260808,mild_drama,443,114,4895,1773,3008,1715,66,9,49,6,13,20,131,43
20260808,mild_drama,444,111,4906,1777,3018,1720,60,7,50,13,13,19,131,43
20260808,mild_drama,445,106,4915,1784,3025,1725,60,11,48,11,11,18,121,40
20260808,mild_drama,446,107,4928,1785,3036,1726,63,8,51,8,11,19,121,40
20260808,mild_drama,447,106,4940,1787,3047,1729,64,3,55,8,14,19,121,40
20260808,mild_drama,448,107,4952,1790,3055,1735,51,5,50,24,13,17,121,40
20260808,mild_drama,449,106,4964,1794,3064,1741,50,7,46,27,14,18,121,40
20260808,mild_drama,450,106,4976,1799,3071,1746,33,9,44,44,19,17,131,43
20260808,mild_drama,451,107,4989,1802,3080,1749,25,8,45,52,21,15,131,43
20260808,mild_drama,452,98,5001,1823,3080,1752,39,24,47,20,20,13,131,43
20260808,mild_drama,453,98,5013,1835,3080,1754,39,33,48,10,19,12,131,43
20260808,mild_drama,454,94,5021,1841,3086,1756,37,18,67,8,17,10,131,43
20260808,mild_drama,455,92,5033,1844,3097,1758,38,9,77,6,21,8,131,43
20260808,mild_drama,456,95,5047,1848,3104,1766,41,7,75,7,20,10,131,43
20260808,mild_drama,457,98,5061,1851,3112,1767,41,7,77,5,19,12,131,43
20260808,mild_drama,458,97,5075,1854,3124,1771,43,6,77,4,21,13,131,43
20260808,mild_drama,459,101,5087,1856,3130,1772,38,5,79,8,22,13,131,43
20260808,mild_drama,460,99,5097,1858,3140,1778,35,4,76,15,20,13,131,43
20260808,mild_drama,461,100,5108,1861,3147,1784,39,5,72,14,14,14,131,43
20260808,mild_drama,462,108,5121,1866,3147,1788,42,8,70,10,12,14,131,43
20260808,mild_drama,463,119,5133,1867,3147,1791,46,6,70,8,14,15,131,43
20260808,mild_drama,464,124,5143,1867,3152,1793,42,1,73,14,17,16,131,43
20260808,mild_drama,465,122,5154,1870,3162,1798,26,3,69,32,15,16,131,43
20260808,mild_drama,466,120,5163,1874,3169,1804,34,7,63,26,12,17,131,43
20260808,mild_drama,467,122,5175,1876,3177,1811,56,6,59,9,14,17,131,43
20260808,mild_drama,468,119,5185,1879,3187,1823,66,5,51,8,14,16,131,43
20260808,mild_drama,469,116,5197,1881,3200,1829,68,5,47,10,14,16,131,43
20260808,mild_drama,470,113,5209,1885,3211,1836,63,6,43,18,12,15,131,43
20260808,mild_drama,471,118,5222,1885,3219,1840,66,4,41,19,13,15,131,43
20260808,mild_drama,472,119,5234,1890,3225,1844,68,5,41,16,14,17,131,43
20260808,mild_drama,473,116,5248,1897,3235,1848,70,12,37,11,12,16,131,43
20260808,mild_drama,474,117,5260,1898,3245,1854,80,8,36,6,14,17,131,43
20260808,mild_drama,475,117,5271,1900,3254,1855,79,3,42,6,15,18,131,43
20260808,mild_drama,476,116,5281,1905,3260,1857,75,7,41,7,13,17,131,43
20260808,mild_drama,477,117,5295,1908,3270,1861,76,8,39,7,12,18,131,43
20260808,mild_drama,478,118,5308,1912,3278,1865,80,7,40,3,11,17,131,43
20260808,mild_drama,479,121,5321,1913,3287,1865,79,5,43,3,13,17,131,43
20260808,mild_drama,480,120,5335,1921,3294,1872,66,9,40,15,16,16,131,43
20260808,mild_drama,481,123,5349,1923,3303,1874,63,10,39,18,21,14,131,43
20260808,mild_drama,482,114,5357,1930,3313,1877,65,9,44,12,20,13,131,43
20260808,mild_drama,483,112,5371,1935,3324,1879,63,12,44,11,20,12,131,43
20260808,mild_drama,484,115,5384,1937,3332,1880,58,7,50,15,21,10,131,43
20260808,mild_drama,485,112,5395,1941,3342,1885,57,6,50,17,22,9,131,43
20260808,mild_drama,486,108,5403,1950,3345,1888,54,13,49,14,21,9,131,43
20260808,mild_drama,487,111,5415,1953,3351,1888,55,12,53,10,22,10,131,43
20260808,mild_drama,488,112,5426,1955,3359,1890,61,5,60,4,22,10,131,43
20260808,mild_drama,489,108,5434,1956,3370,1893,64,3,60,3,21,11,131,43
20260808,mild_drama,490,107,5447,1960,3380,1897,66,5,58,1,18,13,126,43
20260808,mild_drama,491,104,5456,1961,3391,1900,68,5,56,1,13,15,126,43
20260808,mild_drama,492,115,5470,1963,3392,1901,64,3,59,4,16,15,126,43
20260808,mild_drama,493,117,5481,1964,3400,1906,58,3,55,14,17,16,126,43
20260808,mild_drama,494,118,5495,1970,3407,1914,60,7,49,14,14,17,126,43
20260808,mild_drama,495,115,5507,1974,3418,1920,67,10,44,9,13,17,131,43
20260808,mild_drama,496,116,5519,1974,3429,1921,65,4,49,12,15,17,131,43
20260808,mild_drama,497,115,5529,1979,3435,1925,65,5,49,11,15,18,131,43
20260808,mild_drama,498,117,5538,1980,3441,1929,63,6,45,16,14,19,131,43
20260808,mild_drama,499,112,5547,1985,3450,1932,61,6,47,16,15,17,131,43
20260808,mild_drama,500,112,5558,1989,3457,1936,69,9,44,8,15,16,131,43
20260808,mild_drama,501,115,5570,1993,3462,1941,71,8,44,7,15,15,131,43
20260808,mild_drama,502,110,5578,1994,3474,1943,59,5,46,20,17,15,131,43
20260808,mild_drama,503,110,5589,1998,3481,1943,49,5,50,26,15,15,131,43
20260808,mild_drama,504,109,5603,2004,3490,1951,64,10,43,13,11,15,131,43
20260808,mild_drama,505,109,5614,2006,3499,1953,73,8,45,4,11,15,131,43
20260808,mild_drama,506,109,5628,2009,3510,1960,79,5,44,2,13,16,131,43
20260808,mild_drama,507,111,5641,2011,3519,1961,77,5,45,3,14,14,131,43
20260808,mild_drama,508,111,5653,2014,3528,1964,74,5,45,6,15,15,131,43
20260808,mild_drama,509,115,5667,2018,3534,1965,68,7,46,9,17,15,131,43
20260808,mild_drama,510,115,5679,2022,3542,1969,50,8,45,27,22,14,131,43
20260808,mild_drama,511,118,5689,2025,3546,1971,50,7,47,26,22,14,131,43
20260808,mild_drama,512,109,5697,2035,3553,1976,46,13,46,25,25,13,131,43
20260808,mild_drama,513,108,5708,2037,3563,1978,45,12,47,26,24,11,131,43
20260808,mild_drama,514,102,5719,2051,3566,1979,54,16,56,4,22,10,131,43
20260808,mild_drama,515,101,5731,2054,3576,1983,58,17,54,1,21,8,131,43
20260808,mild_drama,516,101,5743,2054,3588,1987,60,3,64,3,22,10,131,43
20260808,mild_drama,517,102,5756,2057,3597,1990,58,3,64,5,25,12,131,43
20260808,mild_drama,518,102,5770,2060,3608,1993,47,6,61,16,20,14,131,43
20260808,mild_drama,519,99,5781,2064,3618,1996,46,7,61,16,19,14,131,43
20260808,mild_drama,520,100,5792,2064,3628,1997,40,4,63,23,18,16,101,38
20260808,mild_drama,521,98,5801,2067,3636,2002,37,3,62,28,15,17,101,38
20260808,mild_drama,522,106,5811,2069,3636,2006,39,5,58,28,15,17,101,38
20260808,mild_drama,523,111,5822,2075,3636,2011,36,8,56,30,12,19,101,38
20260808,mild_drama,524,112,5832,2081,3639,2013,51,12,56,11,10,19,101,38
20260808,mild_drama,525,115,5845,2083,3647,2017,60,8,58,4,12,17,126,43
20260808,mild_drama,526,112,5855,2085,3658,2023,58,4,58,10,12,18,126,43
20260808,mild_drama,527,108,5868,2091,3669,2027,57,8,56,9,11,16,126,43
20260808,mild_drama,528,106,5878,2093,3679,2032,58,8,53,11,13,17,126,43
20260808,mild_drama,529,106,5888,2095,3687,2036,43,4,55,28,14,15,126,43
20260808,mild_drama,530,96,5896,2102,3698,2040,46,9,53,22,10,16,131,43
20260808,mild_drama,531,102,5910,2104,3704,2043,63,9,52,6,12,15,131,43
20260808,mild_drama,532,104,5924,2107,3713,2046,56,5,56,13,13,16,131,43
20260808,mild_drama,533,109,5935,2110,3716,2052,52,6,52,20,13,16,131,43
20260808,mild_drama,534,109,5948,2115,3724,2056,60,8,51,11,10,17,131,43
20260808,mild_drama,535,108,5957,2118,3731,2063,72,8,47,3,11,18,131,43
20260808,mild_drama,536,109,5965,2119,3737,2064,66,4,51,9,12,18,131,43
20260808,mild_drama,537,110,5978,2121,3747,2066,58,3,52,17,11,19,131,43
20260808,mild_drama,538,111,5990,2124,3755,2075,67,5,44,14,12,20,131,43
20260808,mild_drama,539,110,5999,2126,3763,2079,70,5,42,13,11,20,131,43
20260808,mild_drama,540,111,6010,2131,3768,2083,70,7,41,12,16,20,131,43
20260808,mild_drama,541,111,6024,2140,3773,2086,65,14,40,11,19,18,131,43
20260808,mild_drama,542,111,6032,2143,3778,2087,64,12,44,10,18,16,131,43
20260808,mild_drama,543,107,6045,2148,3790,2090,59,8,50,13,21,15,131,43
20260808,mild_drama,544,105,6058,2152,3801,2092,57,9,51,13,20,11,131,43
20260808,mild_drama,545,105,6069,2159,3805,2094,61,11,54,4,22,10,131,43
20260808,mild_drama,546,103,6079,2161,3815,2098,53,9,54,14,23,12,131,43
20260808,mild_drama,547,107,6093,2164,3822,2100,44,5,59,22,24,13,131,43
20260808,mild_drama,548,108,6104,2167,3829,2104,46,6,57,21,24,13,131,43
20260808,mild_drama,549,102,6112,2168,3842,2106,50,4,58,18,24,14,131,43
20260808,mild_drama,550,101,6124,2173,3850,2114,49,6,53,22,22,16,126,43
20260808,mild_drama,551,100,6134,2175,3859,2115,42,7,53,28,16,17,126,43
20260808,mild_drama,552,109,6147,2179,3859,2119,37,6,54,33,14,18,126,43
20260808,mild_drama,553,106,6157,2181,3870,2125,51,6,50,23,14,15,126,43
20260808,mild_drama,554,107,6165,2184,3874,2131,59,5,48,18,15,16,126,43
20260808,mild_drama,555,103,6176,2189,3884,2135,57,8,46,19,12,16,131,43
20260808,mild_drama,556,100,6187,2201,3886,2138,59,17,46,8,10,15,131,43
20260808,mild_drama,557,104,6198,2203,3891,2141,61,14,48,7,10,14,131,43
20260808,mild_drama,558,103,6206,2204,3899,2146,67,3,55,5,11,16,131,43
20260808,mild_drama,559,105,6220,2208,3907,2152,68,5,51,6,12,15,131,43
20260808,mild_drama,560,108,6232,2210,3914,2156,69,6,48,7,12,14,131,43
20260808,mild_drama,561,107,6240,2214,3919,2156,67,6,52,5,11,15,131,43
20260808,mild_drama,562,112,6253,2216,3925,2160,63,6,50,11,11,18,131,43
20260808,mild_drama,563,111,6261,2219,3931,2164,66,5,50,9,10,20,131,43
20260808,mild_drama,564,113,6275,2220,3942,2166,74,4,50,2,12,21,131,43
20260808,mild_drama,565,117,6289,2222,3950,2167,60,3,52,15,12,21,131,43
20260808,mild_drama,566,116,6297,2225,3956,2168,59,5,52,14,11,20,131,43
20260808,mild_drama,567,121,6310,2225,3964,2169,66,3,53,8,13,19,131,43
20260808,mild_drama,568,118,6320,2227,3975,2171,54,2,54,20,12,17,131,43
20260808,mild_drama,569,113,6329,2232,3984,2177,53,7,48,22,11,17,131,43
20260808,mild_drama,570,119,6343,2233,3991,2183,55,6,44,25,20,15,121,43
20260808,mild_drama,571,117,6355,2239,3999,2188,38,7,44,41,23,15,121,43
20260808,mild_drama,572,103,6366,2255,4008,2192,41,22,41,26,20,14,121,43
20260808,mild_drama,573,98,6379,2268,4013,2194,53,29,45,3,18,13,121,43
20260808,mild_drama,574,94,6388,2268,4026,2201,60,13,54,3,19,10,121,43
20260808,mild_drama,575,100,6402,2270,4032,2202,60,2,66,2,19,8,131,43
20260808,mild_drama,576,95,6411,2272,4044,2206,60,4,62,4,23,9,131,43
20260808,mild_drama,577,97,6425,2274,4054,2209,57,4,61,8,23,10,131,43
20260808,mild_drama,578,100,6437,2277,4060,2211,58,5,61,6,21,12,131,43
20260808,mild_drama,579,99,6451,2281,4071,2216,60,7,58,5,23,12,131,43
20260808,mild_drama,580,97,6460,2284,4079,2218,43,7,59,21,21,13,131,43
20260808,mild_drama,581,98,6470,2289,4083,2220,39,8,61,22,13,14,131,43
20260808,mild_drama,582,103,6478,2292,4083,2223,53,8,61,8,11,15,131,43
20260808,mild_drama,583,115,6492,2294,4083,2226,57,5,63,5,10,18,131,43
20260808,mild_drama,584,117,6505,2299,4089,2229,56,7,63,4,11,17,131,43
20260808,mild_drama,585,119,6519,2302,4098,2234,55,8,60,7,13,17,131,43
20260808,mild_drama,586,115,6527,2306,4106,2237,56,7,62,5,13,16,131,43
20260808,mild_drama,587,113,6541,2312,4116,2246,61,10,56,3,12,15,131,43
20260808,mild_drama,588,122,6555,2312,4121,2250,65,6,56,3,12,17,131,43
20260808,mild_drama,589,117,6565,2315,4133,2252,67,3,60,0,11,19,131,43
20260808,mild_drama,590,116,6578,2318,4144,2262,71,6,50,3,11,18,131,43
20260808,mild_drama,591,117,6590,2318,4155,2266,72,3,49,6,14,17,131,43
20260808,mild_drama,592,122,6603,2322,4159,2271,61,4,47,18,16,18,131,43
20260808,mild_drama,593,122,6616,2328,4166,2274,42,10,44,34,17,19,131,43
20260808,mild_drama,594,117,6625,2336,4172,2280,49,14,42,25,13,20,131,43
20260808,mild_drama,595,115,6638,2339,4184,2284,59,11,44,16,13,19,131,43
20260808,mild_drama,596,117,6650,2340,4193,2286,54,4,50,22,15,17,131,43
20260808,mild_drama,597,114,6659,2349,4196,2288,48,10,51,21,14,19,131,43
20260808,mild_drama,598,116,6672,2357,4199,2293,51,17,47,15,12,21,131,43
20260808,mild_drama,599,113,6681,2358,4210,2295,52,9,54,15,13,18,131,43
20260808,mild_drama,600,107,6693,2362,4224,2299,40,5,58,27,20,17,121,40
20260808,drama_surge,1,12,15,3,0,0,105,3,0,12,8,2,131,43
20260808,drama_surge,2,24,31,7,0,0,98,7,0,15,8,4,131,43
20260808,drama_surge,3,22,44,22,0,0,95,19,3,3,8,4,131,43
20260808,drama_surge,4,31,57,26,0,0,92,19,7,2,8,7,131,43
20260808,drama_surge,5,40,68,28,0,0,90,6,22,2,9,8,131,43
20260808,drama_surge,6,49,79,30,0,0,88,4,26,2,10,11,131,43
20260808,drama_surge,7,64,94,30,0,0,86,2,28,4,11,12,131,43
20260808,drama_surge,8,73,108,35,0,0,79,5,30,6,12,13,131,43
20260808,drama_surge,9,85,123,38,0,0,76,8,30,6,12,14,131,43
20260808,drama_surge,10,95,134,39,0,0,77,4,35,4,12,17,131,43
20260808,drama_surge,11,102,145,43,0,0,74,5,38,3,12,18,131,43
20260808,drama_surge,12,113,157,44,0,1,73,5,38,4,12,19,131,43
20260808,drama_surge,13,122,172,50,0,1,67,7,42,4,13,20,131,43
20260808,drama_surge,14,129,182,52,1,5,69,8,39,4,14,20,131,43
20260808,drama_surge,15,127,194,56,11,6,65,6,44,5,15,19,131,43
20260808,drama_surge,16,124,204,57,23,8,54,5,44,17,15,21,131,43
20260808,drama_surge,17,126,218,60,32,11,53,4,45,18,15,22,131,43
20260808,drama_surge,18,129,234,62,43,11,56,5,46,13,15,25,131,43
20260808,drama_surge,19,120,244,67,57,15,57,7,45,11,13,24,131,43
20260808,drama_surge,20,120,255,68,67,19,59,6,43,12,14,23,121,40
20260808,drama_surge,21,119,269,70,80,20,56,3,47,14,15,20,121,40
20260808,drama_surge,22,122,285,73,90,24,62,5,44,9,12,20,121,40
20260808,drama_surge,23,121,296,78,97,29,60,8,41,11,11,23,121,40
20260808,drama_surge,24,124,312,79,109,32,58,6,41,15,12,24,121,40
20260808,drama_surge,25,129,328,83,116,37,59,5,41,15,12,25,126,43
20260808,drama_surge,26,129,338,87,122,40,65,8,39,8,11,26,126,43
20260808,drama_surge,27,134,353,91,128,44,68,8,39,5,10,26,126,43
20260808,drama_surge,28,135,364,92,137,46,71,5,41,3,9,25,126,43
20260808,drama_surge,29,136,377,93,148,49,71,2,42,5,10,23,126,43
20260808,drama_surge,30,131,390,99,160,51,60,7,41,12,16,20,131,43
20260808,drama_surge,31,134,406,108,164,52,55,15,41,9,20,19,131,43
20260808,drama_surge,32,128,416,115,173,54,48,16,45,11,23,18,131,43
20260808,drama_surge,33,127,427,116,184,55,45,8,53,14,22,17,131,43
20260808,drama_surge,34,118,440,122,200,59,45,7,56,12,19,16,131,43
20260808,drama_surge,35,123,456,125,208,61,45,9,55,11,20,12,131,43
20260808,drama_surge,36,121,471,128,222,64,45,6,58,11,21,10,131,43
20260808,drama_surge,37,119,483,132,232,71,45,7,54,14,22,10,131,43
20260808,drama_surge,38,118,493,134,241,72,47,6,56,11,24,12,131,43
20260808,drama_surge,39,115,506,138,253,74,45,6,58,11,23,12,131,43
20260808,drama_surge,40,113,519,142,264,77,48,8,57,7,20,14,131,43
20260808,drama_surge,41,112,530,144,274,80,54,6,58,2,14,16,131,43
20260808,drama_surge,42,122,541,145,274,85,43,3,57,17,14,16,131,43
20260808,drama_surge,43,128,557,146,283,88,41,2,56,21,14,16,131,43
20260808,drama_surge,44,133,571,151,287,91,51,6,54,9,13,18,131,43
20260808,drama_surge,45,129,581,155,297,95,53,9,51,7,14,17,131,43
20260808,drama_surge,46,128,594,159,307,100,53,8,51,8,13,18,131,43
20260808,drama_surge,47,130,609,162,317,103,35,7,52,26,15,19,131,43
20260808,drama_surge,48,124,620,167,329,109,25,8,50,37,16,19,131,43
20260808,drama_surge,49,123,631,172,336,116,29,10,46,35,13,21,131,43
20260808,drama_surge,50,125,642,176,341,119,35,9,48,28,11,23,126,43
20260808,drama_surge,51,125,657,180,352,125,40,8,47,25,14,26,126,43
20260808,drama_surge,52,123,667,185,359,128,29,9,48,34,14,28,126,43
20260808,drama_surge,53,126,683,189,368,133,30,9,47,34,13,27,126,43
20260808,drama_surge,54,127,697,193,377,135,43,8,50,19,13,26,126,43
20260808,drama_surge,55,122,708,195,391,137,58,6,52,4,12,26,131,43
20260808,drama_surge,56,122,722,197,403,144,62,4,49,5,12,26,131,43
20260808,drama_surge,57,126,732,197,409,146,50,2,49,19,15,26,131,43
20260808,drama_surge,58,123,742,201,418,148,32,4,49,35,17,23,131,43
20260808,drama_surge,59,121,755,207,427,151,26,10,46,38,18,21,131,43
20260808,drama_surge,60,124,767,211,432,153,26,10,48,36,22,20,131,43
20260808,drama_surge,61,122,778,214,442,157,28,7,50,35,24,17,131,43
20260808,drama_surge,62,118,790,219,453,159,41,8,52,19,22,15,131,43
20260808,drama_surge,63,118,802,222,462,162,55,8,52,5,24,12,131,43
20260808,drama_surge,64,118,813,225,470,165,52,6,54,8,26,10,131,43
20260808,drama_surge,65,111,824,230,483,168,46,8,54,12,26,10,131,43
20260808,drama_surge,66,110,839,235,494,170,41,10,55,14,27,11,131,43
20260808,drama_surge,67,114,855,236,505,174,37,6,56,21,31,14,131,43
20260808,drama_surge,68,114,870,240,516,176,29,5,59,27,34,15,131,43
20260808,drama_surge,69,115,886,248,523,181,30,12,55,23,28,18,131,43
20260808,drama_surge,70,114,898,254,530,187,33,14,53,20,24,19,131,43
20260808,drama_surge,71,115,911,259,537,188,37,11,60,12,16,21,131,43
20260808,drama_surge,72,114,921,264,543,192,38,10,62,10,17,18,131,43
20260808,drama_surge,73,120,937,266,551,201,38,7,58,17,19,18,131,43
20260808,drama_surge,74,116,948,271,561,204,37,7,60,16,17,18,131,43
20260808,drama_surge,75,119,963,275,569,208,30,9,58,23,14,18,131,43
20260808,drama_surge,76,121,974,279,574,213,31,8,58,23,12,18,131,43
20260808,drama_surge,77,122,985,282,581,215,31,7,60,22,12,18,131,43
20260808,drama_surge,78,123,997,284,590,219,29,5,60,26,13,18,131,43
20260808,drama_surge,79,121,1012,300,591,221,25,18,61,16,12,16,131,43
20260808,drama_surge,80,122,1022,305,595,225,22,21,59,18,12,19,131,43
20260808,drama_surge,81,120,1035,307,608,230,28,7,70,15,11,20,131,43
20260808,drama_surge,82,123,1046,310,613,234,38,5,71,6,14,21,131,43
20260808,drama_surge,83,120,1056,314,622,244,44,7,63,6,13,20,131,43
20260808,drama_surge,84,126,1071,318,627,249,45,8,61,6,12,22,131,43
20260808,drama_surge,85,121,1081,321,639,252,39,7,62,12,14,20,131,43
20260808,drama_surge,86,123,1093,325,645,256,34,7,62,17,12,20,131,43
20260808,drama_surge,87,115,1104,330,659,261,42,9,60,9,9,20,131,43
20260808,drama_surge,88,115,1114,331,668,263,50,6,62,2,11,20,131,43
20260808,drama_surge,89,122,1130,332,676,267,45,2,63,10,11,19,131,43
20260808,drama_surge,90,120,1141,336,685,270,44,5,61,10,15,19,131,43
20260808,drama_surge,91,125,1157,336,696,275,49,4,57,10,20,17,131,43
20260808,drama_surge,92,125,1172,342,705,279,43,6,57,14,20,15,131,43
20260808,drama_surge,93,124,1183,344,715,282,42,8,54,16,19,13,131,43
20260808,drama_surge,94,129,1199,348,722,286,48,6,56,10,19,12,131,43
20260808,drama_surge,95,134,1214,349,731,291,59,5,53,3,21,13,131,43
20260808,drama_surge,96,130,1224,349,745,295,46,1,53,20,22,15,131,43
20260808,drama_surge,97,137,1240,353,750,300,43,4,49,24,24,15,131,43
20260808,drama_surge,98,135,1253,357,761,303,40,8,46,26,25,17,131,43
20260808,drama_surge,99,133,1263,359,771,308,38,6,45,31,25,17,131,43
20260808,drama_surge,100,131,1273,371,771,314,45,14,43,18,23,18,121,40
20260808,drama_surge,101,129,1287,375,783,322,54,16,37,13,14,19,121,40
20260808,drama_surge,102,140,1302,378,784,323,53,7,48,12,15,21,121,40
20260808,drama_surge,103,136,1316,383,797,326,53,8,49,10,13,21,121,40
20260808,drama_surge,104,140,1332,385,807,329,55,7,49,9,12,19,121,40
20260808,drama_surge,105,142,1347,387,818,332,60,4,51,5,12,20,131,43
20260808,drama_surge,106,138,1358,389,831,333,61,4,52,3,12,20,131,43
20260808,drama_surge,107,136,1370,391,843,334,60,4,53,3,13,21,131,43
20260808,drama_surge,108,139,1383,391,853,339,62,2,50,6,15,21,131,43
20260808,drama_surge,109,140,1399,394,865,342,58,3,49,10,16,22,131,43
20260808,drama_surge,110,141,1412,397,874,345,57,6,46,11,17,22,131,43
20260808,drama_surge,111,142,1424,401,881,348,51,7,46,16,18,23,131,43
20260808,drama_surge,112,139,1436,407,890,354,50,10,43,17,16,24,131,43
20260808,drama_surge,113,135,1451,413,903,354,53,12,47,8,15,26,131,43
20260808,drama_surge,114,134,1462,413,915,362,62,6,45,7,17,23,131,43
20260808,drama_surge,115,129,1472,415,928,363,48,2,50,20,16,23,131,43
20260808,drama_surge,116,124,1486,419,943,367,52,6,46,16,12,22,131,43
20260808,drama_surge,117,124,1502,422,956,371,66,7,44,3,12,20,131,43
20260808,drama_surge,118,126,1514,422,966,372,69,3,47,1,12,18,131,43
20260808,drama_surge,119,131,1529,424,974,374,69,2,48,1,13,18,131,43
20260808,drama_surge,120,128,1541,429,984,378,61,7,44,8,18,17,131,43
20260808,drama_surge,121,132,1557,429,996,383,64,5,41,10,22,17,131,43
20260808,drama_surge,122,132,1569,433,1004,384,64,4,45,7,26,15,131,43
20260808,drama_surge,123,134,1583,436,1013,386,62,7,43,8,24,13,131,43
20260808,drama_surge,124,136,1598,440,1022,390,58,7,43,12,23,12,131,43
20260808,drama_surge,125,138,1612,442,1032,391,52,6,45,17,23,11,121,40
20260808,drama_surge,126,140,1627,446,1041,392,49,6,48,17,22,12,121,40
20260808,drama_surge,127,141,1639,448,1050,397,51,6,45,18,23,13,121,40
20260808,drama_surge,128,137,1655,454,1064,402,46,8,44,22,25,14,121,40
20260808,drama_surge,129,133,1668,466,1069,404,40,18,44,18,28,14,121,40
20260808,drama_surge,130,132,1681,475,1074,409,43,21,45,11,28,17,131,43
20260808,drama_surge,131,131,1696,479,1086,412,45,13,54,8,16,18,131,43
20260808,drama_surge,132,143,1711,481,1087,414,46,6,61,7,18,19,131,43
20260808,drama_surge,133,138,1722,483,1101,416,44,4,63,9,17,19,131,43
20260808,drama_surge,134,141,1738,488,1109,419,41,7,62,10,18,18,131,43
20260808,drama_surge,135,139,1749,490,1120,421,40,7,62,11,18,18,131,43
20260808,drama_surge,136,136,1761,493,1132,425,42,5,63,10,18,20,131,43
20260808,drama_surge,137,137,1776,495,1144,428,38,5,62,15,19,21,131,43
20260808,drama_surge,138,138,1792,498,1156,429,38,5,64,13,18,21,131,43
20260808,drama_surge,139,137,1803,501,1165,433,41,6,62,11,16,20,131,43
20260808,drama_surge,140,142,1819,503,1174,443,47,5,55,13,18,19,131,43
20260808,drama_surge,141,145,1832,507,1180,451,42,6,50,22,20,22,131,43
20260808,drama_surge,142,142,1848,513,1193,457,31,10,46,33,17,22,131,43
20260808,drama_surge,143,137,1864,519,1208,461,28,12,46,34,19,22,131,43
20260808,drama_surge,144,137,1878,522,1219,463,31,9,50,30,20,22,131,43
20260808,drama_surge,145,136,1894,529,1229,466,44,10,53,13,16,24,131,43
20260808,drama_surge,146,134,1904,531,1239,469,48,9,53,10,16,23,131,43
20260808,drama_surge,147,134,1914,532,1248,472,48,3,57,12,16,20,131,43
20260808,drama_surge,148,135,1928,538,1255,474,49,7,57,7,14,19,131,43
20260808,drama_surge,149,134,1941,539,1268,479,56,7,53,4,14,19,131,43
20260808,drama_surge,150,135,1957,540,1282,483,49,2,55,14,24,17,131,43
20260808,drama_surge,151,139,1973,542,1292,488,33,3,51,33,25,17,131,43
20260808,drama_surge,152,129,1987,555,1303,491,25,15,49,31,26,16,131,43
20260808,drama_surge,153,122,1998,566,1310,495,25,24,47,24,27,13,131,43
20260808,drama_surge,154,122,2014,570,1322,497,24,15,58,23,28,12,131,43
20260808,drama_surge,155,120,2028,577,1331,500,23,11,66,20,27,11,126,43
20260808,drama_surge,156,117,2040,582,1341,505,28,12,65,15,27,10,126,43
20260808,drama_surge,157,113,2052,585,1354,506,32,8,71,9,26,11,126,43
20260808,drama_surge,158,116,2068,590,1362,508,23,8,74,15,25,12,126,43
20260808,drama_surge,159,119,2082,591,1372,513,27,6,72,15,23,14,126,43
20260808,drama_surge,160,118,2097,595,1384,516,35,5,74,6,22,15,131,43
20260808,drama_surge,161,116,2112,600,1396,518,35,9,73,3,16,17,131,43
20260808,drama_surge,162,129,2127,602,1396,520,30,7,75,8,17,18,131,43
20260808,drama_surge,163,138,2139,605,1396,523,23,5,77,15,17,19,131,43
20260808,drama_surge,164,146,2154,607,1401,530,25,5,72,18,17,20,131,43
20260808,drama_surge,165,145,2164,611,1408,534,29,6,71,14,17,19,131,43
20260808,drama_surge,166,145,2178,614,1419,541,35,7,66,12,16,19,131,43
20260808,drama_surge,167,145,2194,617,1432,548,43,6,63,8,15,22,131,43
20260808,drama_surge,168,147,2207,620,1440,550,45,6,64,5,16,21,131,43
20260808,drama_surge,169,147,2220,622,1451,559,33,5,58,24,17,20,131,43
20260808,drama_surge,170,148,2236,626,1462,563,29,6,57,28,16,20,131,43
20260808,drama_surge,171,141,2248,633,1474,569,29,11,53,27,14,19,131,43
20260808,drama_surge,172,140,2263,637,1486,576,30,11,50,29,11,19,131,43
20260808,drama_surge,173,136,2273,638,1499,579,49,5,54,12,11,20,131,43
20260808,drama_surge,174,133,2285,641,1511,585,55,4,52,9,13,20,131,43
20260808,drama_surge,175,136,2301,645,1520,589,52,7,49,12,14,19,131,43
20260808,drama_surge,176,128,2311,654,1529,596,53,13,45,9,11,18,131,43
20260808,drama_surge,177,132,2324,656,1536,600,58,11,45,6,9,20,131,43
20260808,drama_surge,178,133,2339,657,1549,602,62,3,52,3,9,19,131,43
20260808,drama_surge,179,129,2352,659,1564,602,60,3,54,3,11,17,131,43
20260808,drama_surge,180,134,2366,662,1570,604,48,5,53,14,22,16,121,40
20260808,drama_surge,181,136,2381,665,1580,606,34,6,53,27,23,15,121,40
20260808,drama_surge,182,117,2393,681,1595,610,30,19,52,19,20,14,121,40
20260808,drama_surge,183,117,2408,689,1602,615,28,24,50,18,21,14,121,40
20260808,drama_surge,184,112,2420,693,1615,619,31,12,62,15,21,12,121,40
20260808,drama_surge,185,114,2432,695,1623,624,41,6,65,8,23,10,131,43
20260808,drama_surge,186,114,2443,698,1631,629,32,5,64,19,24,10,131,43
20260808,drama_surge,187,110,2455,704,1641,632,31,9,63,17,24,10,131,43
20260808,drama_surge,188,114,2470,709,1647,640,34,11,58,17,26,13,131,43
20260808,drama_surge,189,110,2481,713,1658,644,24,9,60,27,25,13,131,43
20260808,drama_surge,190,100,2491,720,1671,646,23,11,63,23,22,12,131,43
20260808,drama_surge,191,100,2505,724,1681,647,20,11,66,23,14,14,131,43
20260808,drama_surge,192,108,2516,727,1681,649,24,7,71,18,15,16,131,43
20260808,drama_surge,193,118,2532,733,1681,655,33,9,69,9,12,17,131,43
20260808,drama_surge,194,124,2543,736,1683,658,30,9,69,12,13,18,131,43
20260808,drama_surge,195,120,2556,740,1696,665,33,7,68,12,11,16,131,43
20260808,drama_surge,196,122,2570,742,1706,669,36,6,67,11,13,17,131,43
20260808,drama_surge,197,123,2584,747,1714,676,34,7,64,15,15,16,131,43
20260808,drama_surge,198,124,2596,753,1719,679,27,11,63,19,14,18,131,43
20260808,drama_surge,199,125,2611,758,1728,683,34,11,64,11,10,19,131,43
20260808,drama_surge,200,123,2621,760,1738,689,45,7,64,4,12,19,131,43
20260808,drama_surge,201,128,2635,760,1747,696,49,2,62,7,12,21,131,43
20260808,drama_surge,202,128,2645,765,1752,700,50,5,60,5,11,23,131,43
20260808,drama_surge,203,125,2656,767,1764,706,54,7,54,5,13,21,131,43
20260808,drama_surge,204,129,2671,770,1772,711,54,5,54,7,12,20,131,43
20260808,drama_surge,205,128,2687,773,1786,714,53,6,53,8,12,19,131,43
20260808,drama_surge,206,127,2697,776,1794,718,47,6,52,15,11,18,131,43
20260808,drama_surge,207,124,2709,780,1805,721,43,7,52,18,11,18,131,43
20260808,drama_surge,208,121,2719,784,1814,728,54,8,48,10,10,18,131,43
20260808,drama_surge,209,126,2734,787,1821,737,60,7,43,10,10,18,131,43
20260808,drama_surge,210,127,2747,790,1830,740,57,6,44,13,17,16,131,43
20260808,drama_surge,211,127,2761,791,1843,744,58,4,43,15,23,15,131,43
20260808,drama_surge,212,127,2776,800,1849,747,50,10,43,17,22,15,131,43
20260808,drama_surge,213,120,2787,805,1862,750,52,14,41,13,21,15,131,43
20260808,drama_surge,214,124,2800,806,1870,750,46,6,50,18,21,15,131,43
20260808,drama_surge,215,123,2816,815,1878,756,44,10,49,17,20,14,131,43
20260808,drama_surge,216,124,2832,822,1886,761,51,16,45,8,20,13,131,43
20260808,drama_surge,217,119,2844,826,1899,764,54,11,51,4,20,13,131,43
20260808,drama_surge,218,122,2856,827,1907,768,57,5,54,4,20,13,131,43
20260808,drama_surge,219,124,2868,828,1916,770,57,2,56,5,21,16,131,43
20260808,drama_surge,220,127,2880,829,1924,771,51,2,56,11,19,18,131,43
20260808,drama_surge,221,124,2896,834,1938,774,48,6,54,12,11,20,131,43
20260808,drama_surge,222,132,2908,836,1940,778,58,7,51,4,11,21,131,43
20260808,drama_surge,223,135,2924,839,1950,782,58,5,52,5,13,21,131,43
20260808,drama_surge,224,137,2936,840,1959,786,54,4,50,12,13,20,131,43
20260808,drama_surge,225,137,2948,843,1968,788,54,4,51,11,13,21,131,43
20260808,drama_surge,226,138,2963,846,1979,793,45,6,47,22,15,18,131,43
20260808,drama_surge,227,131,2973,851,1991,797,41,8,46,25,14,19,131,43
20260808,drama_surge,228,126,2986,857,2003,798,52,11,48,9,11,18,131,43
20260808,drama_surge,229,127,2999,860,2012,804,59,9,47,5,11,18,131,43
20260808,drama_surge,230,127,3014,867,2020,808,57,10,49,4,11,19,131,43
20260808,drama_surge,231,130,3029,870,2029,810,54,10,50,6,12,19,131,43
20260808,drama_surge,232,128,3040,873,2039,816,50,6,51,13,13,18,131,43
20260808,drama_surge,233,127,3054,875,2052,824,52,5,46,17,13,19,131,43
20260808,drama_surge,234,128,3068,880,2060,828,57,7,45,11,11,18,131,43
20260808,drama_surge,235,123,3078,884,2071,829,56,9,46,9,10,20,111,40
20260808,drama_surge,236,119,3088,888,2081,829,54,8,51,7,11,18,111,40
20260808,drama_surge,237,123,3104,892,2089,832,56,8,52,4,14,18,111,40
20260808,drama_surge,238,125,3118,894,2099,834,42,6,54,18,14,19,111,40
20260808,drama_surge,239,125,3128,898,2105,836,41,6,56,17,11,18,111,40
20260808,drama_surge,240,118,3138,904,2116,840,49,10,54,7,13,17,131,43
20260808,drama_surge,241,120,3151,905,2126,844,45,7,54,14,21,16,131,43
20260808,drama_surge,242,119,3166,911,2136,851,40,7,53,20,21,14,131,43
20260808,drama_surge,243,110,3178,920,2148,853,37,15,52,16,23,14,131,43
20260808,drama_surge,244,104,3190,930,2156,857,33,19,54,14,23,13,131,43
20260808,drama_surge,245,99,3203,937,2167,859,30,17,61,12,26,13,131,43
20260808,drama_surge,246,93,3213,940,2180,863,36,10,67,7,25,10,131,43
20260808,drama_surge,247,97,3227,941,2189,864,33,4,73,10,27,9,131,43
20260808,drama_surge,248,101,3237,946,2190,869,32,6,71,11,28,11,131,43
20260808,drama_surge,249,98,3248,949,2201,876,35,8,65,12,25,12,131,43
20260808,drama_surge,250,95,3260,953,2212,876,36,7,70,7,20,13,131,43
20260808,drama_surge,251,93,3274,960,2221,877,37,11,72,0,13,14,131,43
20260808,drama_surge,252,104,3285,960,2221,884,43,7,69,1,14,14,131,43
20260808,drama_surge,253,116,3299,962,2221,889,41,2,71,6,14,16,131,43
20260808,drama_surge,254,123,3309,962,2224,890,40,2,70,8,15,17,131,43
20260808,drama_surge,255,127,3323,964,2232,896,45,2,66,7,13,19,122,43
20260808,drama_surge,256,132,3338,968,2238,903,46,6,59,9,12,18,122,43
20260808,drama_surge,257,135,3352,971,2246,908,50,7,56,7,12,19,122,43
20260808,drama_surge,258,135,3368,978,2255,913,47,10,55,8,12,20,122,43
20260808,drama_surge,259,130,3378,983,2265,922,45,12,49,14,12,18,122,43
20260808,drama_surge,260,134,3392,984,2274,924,44,6,54,16,14,21,131,43
20260808,drama_surge,261,134,3405,987,2284,927,42,4,56,18,14,22,131,43
20260808,drama_surge,262,135,3420,990,2295,934,44,6,50,20,12,20,131,43
20260808,drama_surge,263,134,3435,1000,2301,936,43,13,51,13,12,20,131,43
20260808,drama_surge,264,135,3448,1003,2310,941,49,13,49,9,15,20,131,43
20260808,drama_surge,265,132,3460,1008,2320,946,43,8,54,15,12,19,131,43
20260808,drama_surge,266,136,3475,1010,2329,952,49,7,51,13,12,18,131,43
20260808,drama_surge,267,134,3488,1013,2341,957,55,5,51,9,13,19,131,43
20260808,drama_surge,268,130,3501,1017,2354,962,56,7,48,9,11,19,131,43
20260808,drama_surge,269,127,3513,1021,2365,966,59,8,47,6,10,18,131,43
20260808,drama_surge,270,130,3527,1023,2374,970,55,6,47,12,18,16,131,43
20260808,drama_surge,271,134,3538,1025,2379,974,54,4,47,15,19,16,131,43
20260808,drama_surge,272,128,3552,1036,2388,975,50,13,48,9,19,16,131,43
20260808,drama_surge,273,130,3568,1044,2394,977,46,19,48,7,20,14,131,43
20260808,drama_surge,274,127,3581,1046,2408,977,41,10,59,10,21,12,131,43
20260808,drama_surge,275,129,3597,1051,2417,979,33,7,65,15,23,12,131,43
20260808,drama_surge,276,131,3610,1054,2425,983,35,8,63,14,23,11,131,43
20260808,drama_surge,277,130,3624,1058,2436,987,35,7,64,14,24,11,131,43
20260808,drama_surge,278,130,3640,1061,2449,990,35,7,64,14,25,13,131,43
20260808,drama_surge,279,129,3653,1064,2460,992,36,6,66,12,24,14,131,43
20260808,drama_surge,280,130,3669,1066,2473,997,41,5,64,10,25,16,131,43
20260808,drama_surge,281,130,3679,1068,2481,1002,37,4,62,17,19,16,131,43
20260808,drama_surge,282,138,3692,1073,2481,1006,38,7,60,15,17,17,131,43
20260808,drama_surge,283,140,3708,1078,2490,1013,50,10,55,5,17,17,131,43
20260808,drama_surge,284,142,3722,1080,2500,1016,43,7,57,13,19,17,131,43
20260808,drama_surge,285,137,3732,1084,2511,1021,41,6,57,16,18,19,121,40
20260808,drama_surge,286,131,3747,1096,2520,1021,35,16,59,10,16,18,121,40
20260808,drama_surge,287,138,3762,1098,2526,1022,30,14,62,14,17,19,121,40
20260808,drama_surge,288,141,3777,1103,2533,1028,27,7,68,18,21,20,121,40
20260808,drama_surge,289,138,3789,1108,2543,1034,35,10,64,11,19,19,121,40
20260808,drama_surge,290,138,3804,1112,2554,1039,30,9,64,17,18,19,126,43
20260808,drama_surge,291,135,3815,1114,2566,1042,27,6,66,21,16,18,126,43
20260808,drama_surge,292,132,3827,1117,2578,1046,27,5,66,22,15,20,126,43
20260808,drama_surge,293,136,3842,1122,2584,1051,29,8,63,20,18,21,126,43
20260808,drama_surge,294,133,3856,1134,2589,1060,26,17,57,20,16,19,126,43
20260808,drama_surge,295,135,3871,1138,2598,1065,28,16,57,19,15,20,131,43
20260808,drama_surge,296,133,3882,1141,2608,1067,30,7,67,16,13,18,131,43
20260808,drama_surge,297,132,3895,1145,2618,1071,32,7,67,14,11,21,131,43
20260808,drama_surge,298,138,3911,1151,2622,1073,38,10,68,4,12,20,131,43
20260808,drama_surge,299,139,3927,1155,2633,1076,37,10,69,4,14,20,131,43
20260808,drama_surge,300,137,3937,1157,2643,1081,32,6,70,12,18,19,131,43
20260808,drama_surge,301,139,3951,1161,2651,1086,26,6,69,19,22,18,131,43
20260808,drama_surge,302,139,3967,1166,2662,1089,32,9,68,11,21,16,131,43
20260808,drama_surge,303,132,3979,1174,2673,1094,37,13,67,3,22,14,131,43
20260808,drama_surge,304,134,3995,1178,2683,1102,39,12,64,5,21,12,131,43
20260808,drama_surge,305,134,4005,1179,2692,1109,42,5,65,8,22,12,131,43
20260808,drama_surge,306,133,4017,1183,2701,1111,38,5,67,10,23,13,131,43
20260808,drama_surge,307,125,4027,1188,2714,1113,31,9,66,14,23,15,131,43
20260808,drama_surge,308,129,4043,1192,2722,1118,32,9,65,14,22,17,131,43
20260808,drama_surge,309,127,4053,1192,2734,1126,44,4,62,10,23,17,131,43
20260808,drama_surge,310,117,4063,1197,2749,1134,48,5,58,9,19,17,131,43
20260808,drama_surge,311,115,4073,1202,2756,1139,49,10,53,8,14,18,131,43
20260808,drama_surge,312,123,4085,1206,2756,1141,44,9,56,11,13,19,131,43
20260808,drama_surge,313,131,4101,1208,2762,1142,42,6,60,12,14,20,131,43
20260808,drama_surge,314,129,4117,1211,2777,1145,35,5,61,19,17,17,131,43
20260808,drama_surge,315,130,4130,1214,2786,1151,30,6,57,27,16,18,131,43
20260808,drama_surge,316,127,4145,1219,2799,1154,32,8,57,23,13,18,131,43
20260808,drama_surge,317,132,4159,1220,2807,1158,31,6,56,27,15,18,131,43
20260808,drama_surge,318,131,4170,1223,2816,1162,27,4,57,32,15,19,131,43
20260808,drama_surge,319,129,4182,1230,2823,1169,33,10,51,26,11,20,131,43
20260808,drama_surge,320,128,4195,1232,2835,1171,42,9,52,17,11,21,131,43
20260808,drama_surge,321,130,4208,1235,2843,1178,53,5,52,10,13,22,131,43
20260808,drama_surge,322,133,4222,1237,2852,1181,48,5,51,16,14,22,131,43
20260808,drama_surge,323,135,4235,1240,2860,1185,45,5,50,20,13,22,131,43
20260808,drama_surge,324,137,4250,1246,2867,1189,43,9,48,20,11,22,131,43
20260808,drama_surge,325,135,4264,1248,2881,1194,44,8,46,22,12,21,131,43
20260808,drama_surge,326,136,4276,1252,2888,1197,45,6,49,20,12,19,131,43
20260808,drama_surge,327,132,4287,1256,2899,1200,46,8,48,18,12,19,131,43
20260808,drama_surge,328,132,4301,1258,2911,1203,51,6,49,14,13,16,131,43
20260808,drama_surge,329,133,4316,1261,2922,1206,57,5,50,8,13,17,131,43
20260808,drama_surge,330,128,4328,1270,2930,1209,56,12,49,3,14,16,131,43
20260808,drama_surge,331,130,4342,1271,2941,1209,49,10,52,9,22,14,131,43
20260808,drama_surge,332,126,4352,1275,2951,1218,49,5,52,14,24,14,131,43
20260808,drama_surge,333,125,4368,1284,2959,1219,45,13,52,10,25,13,131,43
20260808,drama_surge,334,124,4382,1289,2969,1222,34,14,53,19,25,12,131,43
20260808,drama_surge,335,123,4396,1293,2980,1227,28,9,57,26,25,12,121,40
20260808,drama_surge,336,119,4408,1296,2993,1233,33,7,56,24,24,13,121,40
20260808,drama_surge,337,116,4424,1303,3005,1234,30,10,59,21,21,16,121,40
20260808,drama_surge,338,114,4437,1307,3016,1240,37,11,56,16,20,16,121,40
20260808,drama_surge,339,115,4451,1313,3023,1244,36,10,59,15,20,17,121,40
20260808,drama_surge,340,113,4464,1317,3034,1247,42,10,60,8,17,19,131,43
20260808,drama_surge,341,110,4475,1320,3045,1249,42,7,64,7,12,18,131,43
20260808,drama_surge,342,122,4488,1321,3045,1252,32,4,65,19,13,21,131,43
20260808,drama_surge,343,129,4499,1325,3045,1261,36,5,59,20,12,21,131,43
20260808,drama_surge,344,130,4509,1327,3052,1263,30,6,58,26,13,18,131,43
20260808,drama_surge,345,125,4519,1330,3064,1264,26,5,61,28,13,18,131,43
20260808,drama_surge,346,120,4529,1339,3070,1267,28,12,60,20,13,19,131,43
20260808,drama_surge,347,120,4542,1345,3077,1269,22,15,61,22,14,19,131,43
20260808,drama_surge,348,123,4558,1349,3086,1275,21,10,64,25,13,21,131,43
20260808,drama_surge,349,124,4574,1351,3099,1281,27,6,64,23,14,20,131,43
20260808,drama_surge,350,124,4588,1355,3109,1284,28,6,65,21,14,20,131,43
20260808,drama_surge,351,119,4600,1359,3122,1288,29,8,63,20,14,21,131,43
20260808,drama_surge,352,114,4610,1363,3133,1290,29,8,65,18,14,19,131,43
20260808,drama_surge,353,116,4623,1367,3140,1296,34,8,63,15,14,21,131,43
20260808,drama_surge,354,115,4639,1373,3151,1304,39,10,59,12,14,19,131,43
20260808,drama_surge,355,113,4649,1376,3160,1308,40,9,59,12,12,19,131,43
20260808,drama_surge,356,118,4662,1378,3166,1312,46,5,61,8,11,20,131,43
20260808,drama_surge,357,116,4672,1384,3172,1318,47,8,58,7,11,18,131,43
20260808,drama_surge,358,121,4684,1388,3175,1322,45,10,56,9,11,20,131,43
20260808,drama_surge,359,122,4696,1390,3184,1324,44,6,60,10,10,19,131,43
20260808,drama_surge,360,117,4707,1394,3196,1334,44,6,54,16,15,19,126,43
20260808,drama_surge,361,115,4719,1396,3208,1335,34,6,55,25,18,17,126,43
20260808,drama_surge,362,108,4730,1404,3218,1337,33,10,57,20,20,17,126,43
20260808,drama_surge,363,106,4746,1414,3226,1337,31,18,59,12,23,17,126,43
20260808,drama_surge,364,108,4758,1417,3233,1341,31,13,63,13,23,16,126,43
20260808,drama_surge,365,107,4769,1421,3241,1347,37,7,67,9,20,14,131,43
20260808,drama_surge,366,101,4779,1426,3252,1351,40,9,66,5,20,10,131,43
20260808,drama_surge,367,103,4790,1426,3261,1353,35,5,68,12,22,11,131,43
20260808,drama_surge,368,97,4800,1430,3273,1358,31,4,68,17,22,11,131,43
20260808,drama_surge,369,103,4813,1432,3278,1360,35,6,66,13,25,11,131,43
20260808,drama_surge,370,101,4828,1438,3289,1366,36,8,64,12,22,14,131,43
20260808,drama_surge,371,96,4839,1443,3300,1370,34,11,62,13,19,14,131,43
20260808,drama_surge,372,106,4854,1448,3300,1376,33,10,62,15,19,18,131,43
20260808,drama_surge,373,118,4869,1451,3300,1382,38,8,61,13,17,20,131,43
20260808,drama_surge,374,124,4880,1455,3301,1388,43,7,60,10,16,23,131,43
20260808,drama_surge,375,123,4890,1456,3311,1396,45,5,55,15,15,23,131,43
20260808,drama_surge,376,120,4902,1461,3321,1398,47,6,57,10,14,22,131,43
20260808,drama_surge,377,125,4918,1462,3331,1402,50,6,54,10,14,23,131,43
20260808,drama_surge,378,132,4934,1465,3337,1408,55,4,53,8,16,21,131,43
20260808,drama_surge,379,133,4945,1466,3346,1410,56,4,52,8,16,21,131,43
20260808,drama_surge,380,140,4960,1466,3354,1411,55,1,54,10,21,22,115,42
20260808,drama_surge,381,142,4972,1467,3363,1416,56,1,50,13,23,21,115,42
20260808,drama_surge,382,135,4983,1471,3377,1419,43,5,47,25,21,18,115,42
20260808,drama_surge,383,137,4996,1477,3382,1422,48,10,45,17,17,19,115,42
20260808,drama_surge,384,134,5006,1478,3394,1426,54,7,45,14,16,19,115,42
20260808,drama_surge,385,132,5022,1483,3407,1431,56,6,46,12,13,20,131,43
20260808,drama_surge,386,133,5038,1493,3412,1438,60,15,40,5,15,19,131,43
20260808,drama_surge,387,137,5052,1493,3422,1441,55,10,42,13,18,18,131,43
20260808,drama_surge,388,134,5062,1497,3431,1444,44,4,49,23,15,19,131,43
20260808,drama_surge,389,126,5073,1501,3446,1453,45,8,40,27,13,17,131,43
20260808,drama_surge,390,126,5086,1504,3456,1454,45,7,43,25,20,16,121,40
20260808,drama_surge,391,128,5100,1506,3466,1455,55,5,46,14,19,15,121,40
20260808,drama_surge,392,122,5110,1515,3473,1457,56,11,47,6,20,12,121,40
20260808,drama_surge,393,126,5124,1517,3481,1461,50,11,45,14,19,11,121,40
20260808,drama_surge,394,126,5136,1521,3489,1465,49,6,50,15,21,11,121,40
20260808,drama_surge,395,129,5151,1524,3498,1465,49,7,52,12,22,12,131,43
20260808,drama_surge,396,125,5163,1530,3508,1468,40,9,53,18,20,13,131,43
20260808,drama_surge,397,120,5174,1531,3523,1470,46,7,54,13,19,14,131,43
20260808,drama_surge,398,121,5185,1532,3532,1474,58,2,56,4,21,16,131,43
20260808,drama_surge,399,120,5199,1536,3543,1478,48,5,53,14,19,16,131,43
20260808,drama_surge,400,122,5211,1537,3552,1478,47,5,54,14,18,17,131,43
20260808,drama_surge,401,124,5223,1539,3560,1481,49,3,55,13,16,19,131,43
20260808,drama_surge,402,128,5234,1546,3560,1484,45,9,53,13,15,20,131,43
20260808,drama_surge,403,128,5248,1548,3572,1487,45,9,52,14,17,18,131,43
20260808,drama_surge,404,134,5264,1550,3580,1492,42,4,54,20,16,19,131,43
20260808,drama_surge,405,129,5278,1555,3594,1499,54,7,49,10,14,20,131,43
20260808,drama_surge,406,129,5289,1558,3602,1501,49,8,49,14,14,20,131,43
20260808,drama_surge,407,126,5301,1561,3614,1506,45,6,49,20,16,20,131,43
20260808,drama_surge,408,124,5317,1569,3624,1512,39,11,46,24,14,20,131,43
20260808,drama_surge,409,127,5333,1573,3633,1518,42,12,43,23,13,21,131,43
20260808,drama_surge,410,131,5349,1576,3642,1520,42,7,49,22,16,21,131,43
20260808,drama_surge,411,128,5361,1578,3655,1524,32,5,49,34,17,20,131,43
20260808,drama_surge,412,125,5371,1583,3663,1525,30,7,51,32,17,18,131,43
20260808,drama_surge,413,126,5387,1589,3672,1529,37,11,49,23,15,18,131,43
20260808,drama_surge,414,135,5401,1589,3677,1530,32,6,53,29,17,18,131,43
20260808,drama_surge,415,134,5413,1597,3682,1533,32,8,56,24,17,16,131,43
20260808,drama_surge,416,124,5423,1603,3696,1536,30,14,53,23,13,16,131,43
20260808,drama_surge,417,124,5439,1609,3706,1539,23,12,58,27,11,17,131,43
20260808,drama_surge,418,126,5451,1612,3713,1544,34,9,59,18,12,17,131,43
20260808,drama_surge,419,127,5461,1613,3721,1547,44,4,62,10,12,17,131,43
20260808,drama_surge,420,131,5477,1615,3731,1551,41,3,61,15,22,16,131,43
20260808,drama_surge,421,126,5487,1616,3745,1558,24,3,55,38,23,15,131,43
20260808,drama_surge,422,123,5499,1621,3755,1559,32,6,56,26,22,15,131,43
20260808,drama_surge,423,125,5512,1623,3764,1562,46,7,54,13,23,15,131,43
20260808,drama_surge,424,127,5523,1627,3769,1567,42,6,54,18,22,13,131,43
20260808,drama_surge,425,126,5536,1629,3781,1568,50,6,55,9,22,12,131,43
20260808,drama_surge,426,123,5547,1631,3793,1571,55,4,56,5,22,12,131,43
20260808,drama_surge,427,124,5559,1634,3801,1578,58,5,51,6,23,13,131,43
20260808,drama_surge,428,128,5574,1638,3808,1583,58,7,48,7,24,14,131,43
20260808,drama_surge,429,126,5588,1641,3821,1592,47,7,42,24,23,14,131,43
20260808,drama_surge,430,127,5602,1645,3830,1595,47,7,43,23,21,16,131,43
20260808,drama_surge,431,126,5615,1650,3839,1598,53,9,43,15,13,18,131,43
20260808,drama_surge,432,132,5631,1654,3845,1603,53,9,42,16,12,20,131,43
20260808,drama_surge,433,138,5647,1654,3855,1603,45,4,47,24,14,19,131,43
20260808,drama_surge,434,141,5662,1658,3863,1606,43,4,48,25,13,19,131,43
20260808,drama_surge,435,139,5675,1662,3874,1611,62,8,43,7,13,20,131,43
20260808,drama_surge,436,144,5690,1663,3883,1615,65,5,43,7,14,19,131,43
20260808,drama_surge,437,143,5701,1664,3894,1615,64,2,47,7,14,20,131,43
20260808,drama_surge,438,141,5711,1670,3900,1618,64,7,45,4,15,19,131,43
20260808,drama_surge,439,146,5725,1671,3908,1620,57,7,44,12,16,21,131,43
20260808,drama_surge,440,142,5735,1673,3920,1622,59,3,48,10,15,20,131,43
20260808,drama_surge,441,143,5749,1675,3931,1625,70,4,46,0,13,21,131,43
20260808,drama_surge,442,144,5764,1677,3943,1627,68,4,46,2,14,21,131,43
20260808,drama_surge,443,143,5775,1678,3954,1631,64,3,44,9,15,22,131,43
20260808,drama_surge,444,142,5790,1682,3966,1636,62,5,41,12,14,25,131,43
20260808,drama_surge,445,138,5804,1687,3979,1639,61,9,39,11,14,25,121,40
20260808,drama_surge,446,135,5816,1689,3992,1642,64,7,40,9,13,24,121,40
20260808,drama_surge,447,134,5826,1690,4002,1649,75,3,38,4,11,25,121,40
20260808,drama_surge,448,131,5837,1691,4015,1654,80,2,35,3,11,23,121,40
20260808,drama_surge,449,132,5851,1693,4026,1656,78,3,34,5,12,24,121,40
20260808,drama_surge,450,132,5861,1698,4031,1658,57,7,33,23,19,24,131,43
20260808,drama_surge,451,126,5873,1703,4044,1659,55,10,34,21,20,19,131,43
20260808,drama_surge,452,125,5886,1709,4052,1660,61,11,38,10,20,17,131,43
20260808,drama_surge,453,125,5902,1711,4066,1664,53,8,39,20,24,16,131,43
20260808,drama_surge,454,125,5915,1720,4070,1667,39,11,42,28,23,15,131,43
20260808,drama_surge,455,121,5926,1728,4077,1669,42,17,42,19,20,14,131,43
20260808,drama_surge,456,118,5936,1730,4088,1670,51,10,50,9,20,13,131,43
20260808,drama_surge,457,117,5947,1732,4098,1675,50,4,53,13,20,15,131,43
20260808,drama_surge,458,120,5963,1739,4104,1677,48,9,53,10,21,16,131,43
20260808,drama_surge,459,120,5975,1744,4111,1679,48,12,53,7,21,16,131,43
20260808,drama_surge,460,119,5986,1746,4121,1682,48,7,57,8,21,18,131,43
20260808,drama_surge,461,118,6000,1750,4132,1684,43,6,60,11,15,20,131,43
20260808,drama_surge,462,125,6012,1755,4132,1689,44,9,57,10,15,20,131,43
20260808,drama_surge,463,130,6023,1757,4136,1692,48,7,58,7,16,20,131,43
20260808,drama_surge,464,131,6037,1760,4146,1695,39,5,60,16,16,21,131,43
20260808,drama_surge,465,133,6052,1763,4156,1698,40,6,59,15,14,18,131,43
20260808,drama_surge,466,128,6062,1765,4169,1699,52,5,61,2,14,17,131,43
20260808,drama_surge,467,128,6073,1767,4178,1703,51,4,60,5,16,17,131,43
20260808,drama_surge,468,131,6089,1770,4188,1707,40,5,58,17,18,17,131,43
20260808,drama_surge,469,133,6105,1777,4195,1714,41,10,53,16,16,16,131,43
20260808,drama_surge,470,128,6119,1785,4206,1720,43,15,50,12,18,17,131,43
20260808,drama_surge,471,130,6132,1787,4215,1725,44,10,52,14,16,18,131,43
20260808,drama_surge,472,128,6144,1795,4221,1726,42,10,59,9,16,18,131,43
20260808,drama_surge,473,137,6160,1798,4225,1730,37,11,57,15,17,18,131,43
20260808,drama_surge,474,140,6175,1800,4235,1733,41,5,62,12,17,19,131,43
20260808,drama_surge,475,140,6185,1802,4243,1734,51,4,64,1,16,22,131,43
20260808,drama_surge,476,136,6196,1804,4256,1742,55,4,58,3,15,18,131,43
20260808,drama_surge,477,132,6209,1807,4270,1745,55,5,57,3,15,19,131,43
20260808,drama_surge,478,138,6224,1809,4277,1751,56,5,53,6,18,22,131,43
20260808,drama_surge,479,143,6237,1810,4284,1754,46,3,53,18,18,24,131,43
20260808,drama_surge,480,135,6249,1819,4295,1758,35,10,51,24,20,23,131,43
20260808,drama_surge,481,132,6260,1821,4307,1761,34,11,49,26,22,20,131,43
20260808,drama_surge,482,131,6275,1828,4316,1764,36,9,55,20,25,17,131,43
20260808,drama_surge,483,125,6286,1833,4328,1767,32,12,54,22,29,14,131,43
20260808,drama_surge,484,125,6298,1839,4334,1771,24,11,57,28,30,14,131,43
20260808,drama_surge,485,111,6309,1849,4349,1778,33,16,55,16,22,12,131,43
20260808,drama_surge,486,105,6319,1851,4363,1782,44,12,57,7,21,11,131,43
20260808,drama_surge,487,108,6335,1855,4372,1783,39,6,66,9,22,9,131,43
20260808,drama_surge,488,104,6345,1860,4381,1785,37,9,66,8,21,12,131,43
20260808,drama_surge,489,104,6357,1861,4392,1787,43,6,68,3,20,13,131,43
20260808,drama_surge,490,104,6371,1864,4403,1797,47,4,63,6,20,13,126,43
20260808,drama_surge,491,100,6381,1867,4414,1805,43,6,56,15,13,14,126,43
20260808,drama_surge,492,112,6396,1870,4414,1807,41,6,57,16,16,15,126,43
20260808,drama_surge,493,122,6408,1872,4414,1808,34,5,59,22,19,17,126,43
20260808,drama_surge,494,124,6422,1877,4421,1812,20,7,58,35,20,17,126,43
20260808,drama_surge,495,130,6437,1882,4425,1812,14,10,60,36,21,18,131,43
20260808,drama_surge,496,130,6451,1889,4432,1817,22,12,60,26,19,17,131,43
20260808,drama_surge,497,132,6466,1892,4442,1820,23,10,62,25,22,17,131,43
20260808,drama_surge,498,128,6477,1899,4450,1825,13,10,64,33,20,17,131,43
20260808,drama_surge,499,123,6488,1904,4461,1827,24,12,65,19,19,16,131,43
20260808,drama_surge,500,125,6500,1909,4466,1831,33,10,68,9,19,16,131,43
20260808,drama_surge,501,120,6510,1913,4477,1833,21,9,71,19,19,16,131,43
20260808,drama_surge,502,114,6520,1919,4487,1840,25,10,69,16,14,17,131,43
20260808,drama_surge,503,115,6534,1923,4496,1848,38,10,65,7,13,18,131,43
20260808,drama_surge,504,118,6547,1924,4505,1854,42,5,65,8,13,18,131,43
20260808,drama_surge,505,119,6559,1927,4513,1858,43,4,65,8,14,19,131,43
20260808,drama_surge,506,120,6572,1930,4522,1861,44,6,63,7,12,20,131,43
20260808,drama_surge,507,118,6582,1933,4531,1866,47,6,61,6,12,18,131,43
20260808,drama_surge,508,120,6597,1935,4542,1868,37,5,62,16,13,20,131,43
20260808,drama_surge,509,117,6607,1940,4550,1872,31,7,61,21,12,19,131,43
20260808,drama_surge,510,118,6622,1947,4557,1876,29,12,59,20,18,18,131,43
20260808,drama_surge,511,123,6635,1950,4562,1880,19,10,60,31,22,15,131,43
20260808,drama_surge,512,115,6646,1959,4572,1881,20,12,66,22,22,13,131,43
20260808,drama_surge,513,116,6662,1967,4579,1889,28,17,61,14,22,13,131,43
20260808,drama_surge,514,116,6672,1968,4588,1895,27,9,64,20,23,12,131,43
20260808,drama_surge,515,114,6686,1973,4599,1900,26,6,67,21,23,10,131,43
20260808,drama_surge,516,108,6696,1977,4611,1908,30,9,60,21,21,9,131,43
20260808,drama_surge,517,111,6712,1982,4619,1912,32,9,61,18,20,10,131,43
20260808,drama_surge,518,107,6723,1987,4629,1915,38,10,62,10,20,12,131,43
20260808,drama_surge,519,113,6739,1989,4637,1919,45,7,63,5,21,15,131,43
20260808,drama_surge,520,117,6755,1989,4649,1926,47,2,61,10,20,15,101,38
20260808,drama_surge,521,118,6766,1993,4655,1930,44,4,59,13,14,16,101,38
20260808,drama_surge,522,125,6776,1996,4655,1930,44,7,59,10,11,19,101,38
20260808,drama_surge,523,131,6786,1998,4657,1936,51,5,57,7,12,18,101,38
20260808,drama_surge,524,133,6798,2000,4665,1940,45,4,56,15,12,17,101,38
20260808,drama_surge,525,130,6813,2005,4678,1943,43,7,55,15,11,18,126,43
20260808,drama_surge,526,131,6825,2010,4684,1947,40,10,53,17,13,17,126,43
20260808,drama_surge,527,132,6838,2013,4693,1950,30,8,55,27,12,18,126,43
20260808,drama_surge,528,133,6852,2016,4703,1956,32,6,54,28,12,19,126,43
20260808,drama_surge,529,133,6868,2020,4715,1965,38,7,48,27,14,20,126,43
20260808,drama_surge,530,135,6882,2025,4722,1967,47,9,49,15,14,20,131,43
20260808,drama_surge,531,131,6893,2029,4733,1967,53,9,53,5,15,20,131,43
20260808,drama_surge,532,125,6904,2033,4746,1973,52,8,52,8,14,18,131,43
20260808,drama_surge,533,125,6915,2035,4755,1978,54,6,51,9,16,19,131,43
20260808,drama_surge,534,121,6925,2039,4765,1980,55,6,53,6,15,17,131,43
20260808,drama_surge,535,128,6941,2041,4772,1983,43,6,52,19,16,19,131,43
20260808,drama_surge,536,130,6957,2043,4784,1985,42,4,54,20,17,20,131,43
20260808,drama_surge,537,130,6971,2047,4794,1990,53,6,51,10,16,20,131,43
20260808,drama_surge,538,133,6985,2050,4802,1992,54,7,51,8,14,21,131,43
20260808,drama_surge,539,131,6998,2053,4814,1997,56,6,50,8,15,20,131,43
20260808,drama_surge,540,121,7009,2063,4825,1998,34,13,52,21,16,17,131,43
20260808,drama_surge,541,118,7020,2066,4836,2003,42,13,50,15,19,14,131,43
20260808,drama_surge,542,116,7033,2070,4847,2005,51,7,58,4,20,12,131,43
20260808,drama_surge,543,118,7043,2070,4855,2008,52,4,58,6,23,12,131,43
20260808,drama_surge,544,122,7058,2073,4863,2014,53,3,56,8,25,11,131,43
20260808,drama_surge,545,125,7069,2074,4870,2017,48,4,53,15,26,10,131,43
20260808,drama_surge,546,126,7080,2078,4876,2018,49,5,55,11,25,9,131,43
20260808,drama_surge,547,124,7095,2081,4890,2024,50,7,50,13,24,13,131,43
20260808,drama_surge,548,121,7108,2084,4903,2027,48,6,51,15,27,14,131,43
20260808,drama_surge,549,116,7121,2090,4915,2032,48,9,49,14,25,16,131,43
20260808,drama_surge,550,116,7137,2094,4927,2034,45,10,50,15,19,16,126,43
20260808,drama_surge,551,113,7151,2102,4936,2037,40,12,53,15,15,17,126,43
20260808,drama_surge,552,120,7163,2107,4936,2042,36,13,52,19,14,18,126,43
20260808,drama_surge,553,132,7179,2111,4936,2042,37,9,60,14,16,19,126,43
20260808,drama_surge,554,135,7194,2115,4944,2051,37,8,56,19,18,19,126,43
20260808,drama_surge,555,141,7210,2119,4950,2053,35,8,58,19,18,20,131,43
20260808,drama_surge,556,134,7220,2124,4962,2058,44,9,57,10,15,22,131,43
20260808,drama_surge,557,137,7234,2126,4971,2061,46,7,58,9,17,19,131,43
20260808,drama_surge,558,137,7245,2128,4980,2065,51,4,59,6,16,18,131,43
20260808,drama_surge,559,136,7261,2130,4995,2068,49,4,58,9,15,21,131,43
20260808,drama_surge,560,139,7277,2135,5003,2072,47,7,56,10,17,21,131,43
20260808,drama_surge,561,138,7289,2136,5015,2077,53,6,53,8,21,21,131,43
20260808,drama_surge,562,134,7300,2138,5028,2081,44,3,54,19,22,19,131,43
20260808,drama_surge,563,131,7315,2146,5038,2088,40,10,48,22,17,18,131,43
20260808,drama_surge,564,130,7327,2150,5047,2091,46,12,47,15,17,16,131,43
20260808,drama_surge,565,130,7338,2151,5057,2094,46,5,52,17,18,16,131,43
20260808,drama_surge,566,130,7354,2158,5066,2094,42,8,56,14,16,17,131,43
20260808,drama_surge,567,126,7366,2163,5077,2103,53,12,48,7,13,17,131,43
20260808,drama_surge,568,130,7381,2166,5085,2106,50,8,52,10,14,18,131,43
20260808,drama_surge,569,133,7396,2170,5093,2109,41,7,54,18,17,19,131,43
20260808,drama_surge,570,130,7407,2175,5102,2113,29,9,53,29,21,15,121,43
20260808,drama_surge,571,123,7419,2179,5117,2117,27,9,53,31,22,15,121,43
20260808,drama_surge,572,123,7435,2186,5126,2118,24,11,57,28,24,15,121,43
20260808,drama_surge,573,126,7451,2192,5133,2122,29,13,57,21,21,14,121,43
20260808,drama_surge,574,121,7467,2204,5142,2129,34,18,57,11,23,12,121,43
20260808,drama_surge,575,117,7481,2208,5156,2130,29,16,62,13,21,9,131,43
20260808,drama_surge,576,119,7495,2212,5164,2133,30,8,71,11,21,10,131,43
20260808,drama_surge,577,117,7505,2214,5174,2138,39,6,70,5,22,10,131,43
20260808,drama_surge,578,116,7519,2217,5186,2142,40,5,70,5,22,11,131,43
20260808,drama_surge,579,115,7533,2221,5197,2145,38,7,69,6,24,12,131,43
20260808,drama_surge,580,118,7549,2223,5208,2149,31,6,68,15,26,15,131,43
20260808,drama_surge,581,113,7559,2228,5218,2150,19,7,71,23,19,15,131,43
20260808,drama_surge,582,114,7569,2237,5218,2151,11,14,72,23,15,16,131,43
20260808,drama_surge,583,121,7579,2240,5218,2164,23,12,64,21,17,17,131,43
20260808,drama_surge,584,127,7594,2243,5224,2168,23,6,69,22,17,20,131,43
20260808,drama_surge,585,125,7607,2249,5233,2172,20,9,68,23,18,19,131,43
20260808,drama_surge,586,125,7622,2252,5245,2178,31,9,65,15,19,21,131,43
20260808,drama_surge,587,122,7638,2262,5254,2180,33,13,69,5,17,23,131,43
20260808,drama_surge,588,122,7650,2264,5264,2184,37,12,68,3,18,24,131,43
20260808,drama_surge,589,127,7663,2265,5271,2187,36,3,75,6,19,23,131,43
20260808,drama_surge,590,123,7675,2270,5282,2193,37,6,71,6,16,23,131,43
20260808,drama_surge,591,124,7686,2271,5291,2200,45,6,65,4,18,23,131,43
20260808,drama_surge,592,119,7696,2276,5301,2210,45,6,60,9,15,22,131,43
20260808,drama_surge,593,124,7710,2279,5307,2216,44,8,55,13,16,20,131,43
20260808,drama_surge,594,129,7726,2283,5314,2220,48,7,56,9,14,21,131,43
20260808,drama_surge,595,137,7742,2287,5318,2228,53,8,51,8,12,22,131,43
20260808,drama_surge,596,140,7758,2288,5330,2232,55,5,51,9,14,20,131,43
20260808,drama_surge,597,142,7771,2291,5338,2236,56,4,51,9,15,20,131,43
20260808,drama_surge,598,137,7781,2296,5348,2236,52,8,52,8,13,20,131,43
20260808,drama_surge,599,137,7796,2301,5358,2241,54,10,50,6,12,19,131,43
20260808,drama_surge,600,137,7809,2303,5369,2244,47,7,52,14,19,18,121,40
20260808,calm_talk2,1,2,5,3,0,0,117,3,0,0,0,1,131,43
20260808,calm_talk2,2,5,9,4,0,0,116,4,0,0,0,1,131,43
20260808,calm_talk2,3,9,14,5,0,0,112,2,3,3,2,3,131,43
20260808,calm_talk2,4,11,17,6,0,0,109,2,4,5,2,4,131,43
20260808,calm_talk2,5,10,21,11,0,0,107,6,5,2,2,3,131,43
20260808,calm_talk2,6,12,26,14,0,0,106,8,6,0,3,3,131,43
20260808,calm_talk2,7,16,31,15,0,0,105,4,11,0,3,6,131,43
20260808,calm_talk2,8,18,35,17,0,0,103,3,14,0,4,6,131,43
20260808,calm_talk2,9,21,38,17,0,0,102,2,15,1,4,7,131,43
20260808,calm_talk2,10,24,42,18,0,0,98,1,17,4,5,7,131,43
20260808,calm_talk2,11,27,47,20,0,0,95,3,17,5,6,8,131,43
20260808,calm_talk2,12,28,51,23,0,0,95,5,18,2,7,8,131,43
20260808,calm_talk2,13,29,55,26,0,0,93,6,20,1,7,7,131,43
20260808,calm_talk2,14,31,59,28,0,0,91,5,23,1,8,7,131,43
20260808,calm_talk2,15,33,64,31,0,1,88,5,25,2,8,8,131,43
20260808,calm_talk2,16,32,68,36,0,5,86,8,23,3,8,8,131,43
20260808,calm_talk2,17,34,73,39,0,5,85,8,26,1,8,9,131,43
20260808,calm_talk2,18,36,76,40,0,5,84,4,31,1,7,9,131,43
20260808,calm_talk2,19,39,79,40,0,6,85,1,33,1,8,9,131,43
20260808,calm_talk2,20,40,83,43,0,8,85,3,32,0,7,9,121,40
20260808,calm_talk2,21,43,86,43,0,9,85,3,31,1,7,9,121,40
20260808,calm_talk2,22,43,91,44,4,10,85,1,33,1,7,7,121,40
20260808,calm_talk2,23,44,95,46,5,14,88,3,29,0,8,8,121,40
20260808,calm_talk2,24,43,98,47,8,17,90,3,27,0,8,8,121,40
20260808,calm_talk2,25,43,101,47,11,22,95,1,24,0,8,7,126,43
20260808,calm_talk2,26,42,104,47,15,25,98,0,22,0,8,8,126,43
20260808,calm_talk2,27,41,107,47,19,27,99,0,20,1,8,8,126,43
20260808,calm_talk2,28,41,110,48,21,28,99,1,19,1,8,8,126,43
20260808,calm_talk2,29,43,115,50,22,30,100,3,17,0,9,7,126,43
20260808,calm_talk2,30,40,118,53,25,31,97,5,17,1,9,7,131,43
20260808,calm_talk2,31,44,123,54,25,33,96,4,17,3,11,7,131,43
20260808,calm_talk2,32,43,128,57,28,34,94,4,19,3,11,6,131,43
20260808,calm_talk2,33,42,131,59,30,35,92,5,19,4,11,6,131,43
20260808,calm_talk2,34,42,136,61,33,38,93,4,19,4,10,6,131,43
20260808,calm_talk2,35,40,140,66,34,41,93,7,18,2,10,5,131,43
20260808,calm_talk2,36,42,145,67,36,42,92,6,19,3,11,5,131,43
20260808,calm_talk2,37,39,149,70,40,44,92,4,22,2,11,5,131,43
20260808,calm_talk2,38,37,152,72,43,44,91,5,23,1,11,4,131,43
20260808,calm_talk2,39,39,155,72,44,46,93,2,24,1,11,4,131,43
20260808,calm_talk2,40,38,158,73,47,46,93,1,26,0,10,4,131,43
20260808,calm_talk2,41,39,162,74,49,46,91,2,26,1,10,4,131,43
20260808,calm_talk2,42,38,166,76,52,48,90,3,25,2,10,5,131,43
20260808,calm_talk2,43,40,171,77,54,49,91,3,25,1,10,5,131,43
20260808,calm_talk2,44,39,176,79,58,51,92,3,25,0,9,6,131,43
20260808,calm_talk2,45,43,181,80,58,52,92,3,25,0,9,7,131,43
20260808,calm_talk2,46,46,185,81,58,52,90,2,27,1,9,7,131,43
20260808,calm_talk2,47,49,188,81,58,54,92,1,26,1,9,7,131,43
20260808,calm_talk2,48,50,191,83,58,58,94,2,23,1,9,7,131,43
20260808,calm_talk2,49,50,195,84,61,59,94,3,22,1,9,8,131,43
20260808,calm_talk2,50,49,198,85,64,60,95,2,23,0,8,8,126,43
20260808,calm_talk2,51,47,201,86,68,62,96,2,22,0,9,8,126,43
20260808,calm_talk2,52,46,205,88,71,62,93,3,23,1,9,8,126,43
20260808,calm_talk2,53,46,210,90,74,65,94,4,21,1,9,8,126,43
20260808,calm_talk2,54,46,213,91,76,66,95,3,22,0,9,9,126,43
20260808,calm_talk2,55,45,216,93,78,69,96,3,21,0,9,9,131,43
20260808,calm_talk2,56,46,219,93,80,71,98,2,20,0,9,9,131,43
20260808,calm_talk2,57,47,222,93,82,73,99,0,20,1,9,8,131,43
20260808,calm_talk2,58,46,227,94,87,74,98,1,19,2,9,10,131,43
20260808,calm_talk2,59,44,231,96,91,74,96,3,19,2,8,9,131,43
20260808,calm_talk2,60,40,235,100,95,76,95,6,18,1,8,8,131,43
20260808,calm_talk2,61,39,239,102,98,78,93,6,18,3,8,8,131,43
20260808,calm_talk2,62,40,242,102,100,79,92,2,21,5,9,8,131,43
20260808,calm_talk2,63,42,247,105,100,81,94,3,21,2,9,8,131,43
20260808,calm_talk2,64,38,250,108,104,83,93,6,19,2,9,8,131,43
20260808,calm_talk2,65,39,254,108,107,86,95,3,19,3,9,7,131,43
20260808,calm_talk2,66,38,258,111,109,86,91,3,22,4,8,6,131,43
20260808,calm_talk2,67,37,261,114,110,87,87,6,21,6,9,6,131,43
20260808,calm_talk2,68,37,266,117,112,89,87,6,22,5,9,5,131,43
20260808,calm_talk2,69,36,270,120,114,89,87,6,25,2,8,5,131,43
20260808,calm_talk2,70,34,273,123,116,93,86,6,24,4,7,5,131,43
20260808,calm_talk2,71,35,277,123,119,93,86,3,27,4,6,6,131,43
20260808,calm_talk2,72,32,282,128,122,94,86,5,29,0,5,6,131,43
20260808,calm_talk2,73,32,286,128,126,96,87,5,27,1,6,6,131,43
20260808,calm_talk2,74,34,291,128,129,97,87,0,31,2,7,6,131,43
20260808,calm_talk2,75,37,295,129,129,100,90,1,28,1,8,7,131,43
20260808,calm_talk2,76,39,300,132,129,102,89,4,26,1,8,7,131,43
20260808,calm_talk2,77,41,303,133,129,103,87,4,26,3,8,7,131,43
20260808,calm_talk2,78,41,306,135,130,105,87,3,27,3,9,7,131,43
20260808,calm_talk2,79,42,310,138,130,107,88,5,26,1,9,7,131,43
20260808,calm_talk2,80,46,315,139,130,109,90,4,26,0,9,7,131,43
20260808,calm_talk2,81,49,320,141,130,109,87,3,29,1,9,8,131,43
20260808,calm_talk2,82,53,325,142,130,109,86,3,30,1,9,8,131,43
20260808,calm_talk2,83,51,329,146,132,111,85,5,30,0,9,8,131,43
20260808,calm_talk2,84,52,333,146,135,113,86,4,29,1,9,9,131,43
20260808,calm_talk2,85,54,338,147,137,113,84,1,33,2,9,10,131,43
20260808,calm_talk2,86,54,342,149,139,116,86,3,30,1,9,10,131,43
20260808,calm_talk2,87,54,347,151,142,120,86,4,27,3,9,10,131,43
20260808,calm_talk2,88,53,350,151,146,123,88,2,26,4,9,11,131,43
20260808,calm_talk2,89,50,353,156,147,125,86,5,26,3,9,9,131,43
20260808,calm_talk2,90,47,357,159,151,129,85,8,22,5,9,9,131,43
20260808,calm_talk2,91,49,362,162,151,132,87,6,24,3,10,8,131,43
20260808,calm_talk2,92,51,367,165,151,132,85,6,27,2,11,7,131,43
20260808,calm_talk2,93,53,371,165,153,133,85,3,29,3,10,7,131,43
20260808,calm_talk2,94,54,375,167,154,135,86,2,30,2,10,7,131,43
20260808,calm_talk2,95,54,379,168,157,136,85,3,29,3,11,6,131,43
20260808,calm_talk2,96,54,382,169,159,138,87,2,29,2,12,6,131,43
20260808,calm_talk2,97,49,386,173,164,139,86,5,29,0,11,6,131,43
20260808,calm_talk2,98,50,391,174,167,142,87,5,27,1,12,7,131,43
20260808,calm_talk2,99,48,396,177,171,145,86,4,28,2,12,7,131,43
20260808,calm_talk2,100,47,399,179,173,148,88,5,26,1,11,8,121,40
20260808,calm_talk2,101,47,404,180,177,150,89,3,27,1,10,10,121,40
20260808,calm_talk2,102,47,408,181,180,151,89,2,28,1,9,10,121,40
20260808,calm_talk2,103,47,411,182,182,153,90,2,27,1,8,10,121,40
20260808,calm_talk2,104,49,415,182,184,155,91,1,26,2,8,11,121,40
20260808,calm_talk2,105,53,420,183,184,159,95,1,23,1,8,12,131,43
20260808,calm_talk2,106,53,424,185,186,159,93,3,23,1,8,12,131,43
20260808,calm_talk2,107,50,427,186,191,161,93,3,22,2,9,11,131,43
20260808,calm_talk2,108,49,430,188,193,162,93,3,23,1,8,10,131,43
20260808,calm_talk2,109,50,435,189,196,163,94,3,23,0,9,10,131,43
20260808,calm_talk2,110,49,438,189,200,168,98,1,20,1,9,10,131,43
20260808,calm_talk2,111,49,441,189,203,169,97,0,20,3,9,9,131,43
20260808,calm_talk2,112,50,444,190,204,172,100,1,17,2,9,9,131,43
20260808,calm_talk2,113,49,448,193,206,173,98,4,16,2,9,10,131,43
20260808,calm_talk2,114,49,451,193,209,175,99,3,15,3,9,10,131,43
20260808,calm_talk2,115,49,454,195,210,175,99,2,18,1,9,9,131,43
20260808,calm_talk2,116,48,458,197,213,176,98,4,17,1,9,7,131,43
20260808,calm_talk2,117,48,461,197,216,176,96,2,19,3,8,8,131,43
20260808,calm_talk2,118,48,465,199,218,179,97,2,18,3,9,8,131,43
20260808,calm_talk2,119,48,469,201,220,182,99,4,15,2,9,7,131,43
20260808,calm_talk2,120,44,474,207,223,183,94,8,16,2,9,6,131,43
20260808,calm_talk2,121,42,478,211,225,183,90,10,18,2,9,6,131,43
20260808,calm_talk2,122,42,481,212,227,183,90,5,24,1,10,5,131,43
20260808,calm_talk2,123,44,485,214,227,183,89,3,28,0,11,5,131,43
20260808,calm_talk2,124,42,488,214,232,185,90,2,27,1,12,5,131,43
20260808,calm_talk2,125,42,491,214,235,185,88,0,29,3,13,4,121,40
20260808,calm_talk2,126,39,494,218,237,190,90,4,24,2,12,4,121,40
20260808,calm_talk2,127,40,499,220,239,193,91,6,21,2,12,4,121,40
20260808,calm_talk2,128,40,502,220,242,193,91,2,25,2,11,4,121,40
20260808,calm_talk2,129,42,507,222,243,194,92,2,26,0,11,4,121,40
20260808,calm_talk2,130,42,511,223,246,195,92,3,25,0,12,5,131,43
20260808,calm_talk2,131,42,515,224,249,197,93,2,25,0,11,5,131,43
20260808,calm_talk2,132,44,520,224,252,198,94,1,25,0,11,6,131,43
20260808,calm_talk2,133,41,524,227,256,200,93,3,24,0,9,6,131,43
20260808,calm_talk2,134,39,527,228,260,202,94,4,22,0,9,8,131,43
20260808,calm_talk2,135,41,531,230,260,202,92,3,25,0,9,8,131,43
20260808,calm_talk2,136,44,536,232,260,203,91,4,25,0,9,8,131,43
20260808,calm_talk2,137,48,540,232,260,203,90,2,27,1,9,8,131,43
20260808,calm_talk2,138,49,544,232,263,203,90,0,29,1,9,8,131,43
20260808,calm_talk2,139,50,549,234,265,207,93,2,25,0,9,8,131,43
20260808,calm_talk2,140,50,552,234,268,212,98,2,20,0,9,8,131,43
20260808,calm_talk2,141,50,555,236,269,213,97,2,21,0,9,8,131,43
20260808,calm_talk2,142,48,560,238,274,213,93,4,21,2,8,10,131,43
20260808,calm_talk2,143,49,564,238,277,215,94,2,21,3,9,9,131,43
20260808,calm_talk2,144,47,567,240,280,217,95,2,21,2,9,7,131,43
20260808,calm_talk2,145,46,570,241,283,219,97,3,19,1,9,7,131,43
20260808,calm_talk2,146,49,575,242,284,222,100,2,18,0,8,9,131,43
20260808,calm_talk2,147,47,578,242,289,225,102,1,16,1,8,8,131,43
20260808,calm_talk2,148,51,583,242,290,227,104,0,15,1,8,9,131,43
20260808,calm_talk2,149,53,588,243,292,227,104,1,15,0,8,10,131,43
20260808,calm_talk2,150,54,593,245,294,228,103,3,14,0,8,10,131,43
20260808,calm_talk2,151,53,596,246,297,228,102,3,15,0,8,9,131,43
20260808,calm_talk2,152,50,600,249,301,229,100,4,16,0,9,8,131,43
20260808,calm_talk2,153,49,603,249,305,231,102,3,15,0,10,7,131,43
20260808,calm_talk2,154,49,607,249,309,233,103,0,16,1,9,6,131,43
20260808,calm_talk2,155,50,611,249,312,236,103,0,13,4,11,6,126,43
20260808,calm_talk2,156,52,616,251,313,236,102,2,13,3,11,6,126,43
20260808,calm_talk2,157,49,620,254,317,236,102,5,13,0,9,7,126,43
20260808,calm_talk2,158,49,624,254,321,237,102,3,14,1,10,7,126,43
20260808,calm_talk2,159,47,627,256,324,238,101,2,16,1,10,8,126,43
20260808,calm_talk2,160,47,630,257,326,239,100,3,15,2,10,8,131,43
20260808,calm_talk2,161,45,634,258,331,240,99,2,16,3,9,8,131,43
20260808,calm_talk2,162,43,638,261,334,242,99,4,15,2,10,8,131,43
20260808,calm_talk2,163,40,642,263,339,242,97,5,16,2,9,7,131,43
20260808,calm_talk2,164,37,645,264,344,243,98,3,18,1,7,7,131,43
20260808,calm_talk2,165,39,649,266,344,246,100,3,17,0,7,8,131,43
20260808,calm_talk2,166,44,654,266,344,246,99,2,18,1,8,8,131,43
20260808,calm_talk2,167,48,658,266,344,247,100,0,19,1,8,9,131,43
20260808,calm_talk2,168,51,662,267,344,247,100,1,19,0,8,10,131,43
20260808,calm_talk2,169,55,667,267,345,249,101,1,17,1,8,10,131,43
20260808,calm_talk2,170,54,671,268,349,251,102,1,16,1,8,9,131,43
20260808,calm_talk2,171,54,675,270,351,253,102,3,14,1,9,8,131,43
20260808,calm_talk2,172,54,680,271,355,253,100,3,15,2,9,8,131,43
20260808,calm_talk2,173,52,684,274,358,254,98,4,16,2,9,9,131,43
20260808,calm_talk2,174,52,687,275,360,255,99,4,16,1,8,9,131,43
20260808,calm_talk2,175,52,690,276,362,255,98,2,19,1,9,8,131,43
20260808,calm_talk2,176,53,695,277,365,256,98,2,19,1,9,8,131,43
20260808,calm_talk2,177,53,699,279,367,259,99,3,17,1,9,8,131,43
20260808,calm_talk2,178,52,704,282,370,263,99,5,14,2,9,9,131,43
20260808,calm_talk2,179,52,707,283,372,264,100,4,15,1,9,9,131,43
20260808,calm_talk2,180,51,710,286,373,264,96,4,18,2,9,9,121,40
20260808,calm_talk2,181,49,714,287,378,265,96,4,18,2,10,9,121,40
20260808,calm_talk2,182,49,719,290,380,266,96,4,20,0,10,9,121,40
20260808,calm_talk2,183,48,723,291,384,266,93,4,21,2,11,9,121,40
20260808,calm_talk2,184,46,726,291,389,266,92,1,24,3,12,7,121,40
20260808,calm_talk2,185,45,730,293,392,267,91,2,24,3,11,6,131,43
20260808,calm_talk2,186,46,735,294,395,268,92,3,23,2,13,6,131,43
20260808,calm_talk2,187,44,738,296,398,268,91,3,25,1,13,6,131,43
20260808,calm_talk2,188,45,741,296,400,268,91,2,26,1,11,6,131,43
20260808,calm_talk2,189,46,746,299,401,270,91,3,26,0,11,6,131,43
20260808,calm_talk2,190,47,749,299,403,272,92,3,24,1,11,6,131,43
20260808,calm_talk2,191,44,754,302,408,274,91,3,25,1,10,6,131,43
20260808,calm_talk2,192,44,758,303,411,274,91,4,25,0,9,7,131,43
20260808,calm_talk2,193,44,761,303,414,279,95,1,23,1,9,8,131,43
20260808,calm_talk2,194,46,766,303,417,280,96,0,23,1,9,8,131,43
20260808,calm_talk2,195,50,771,304,417,282,98,1,21,0,9,9,131,43
20260808,calm_talk2,196,53,774,304,417,285,100,1,18,1,9,9,131,43
20260808,calm_talk2,197,53,778,304,421,286,101,0,18,1,9,9,131,43
20260808,calm_talk2,198,50,782,308,424,290,102,4,14,0,9,8,131,43
20260808,calm_talk2,199,50,785,309,426,290,99,5,14,2,9,8,131,43
20260808,calm_talk2,200,48,789,311,430,292,99,3,16,2,9,8,131,43
20260808,calm_talk2,201,48,794,313,433,292,98,4,17,1,9,7,131,43
20260808,calm_talk2,202,48,798,314,436,294,99,3,17,1,9,7,131,43
20260808,calm_talk2,203,50,803,316,437,294,96,3,19,2,9,8,131,43
20260808,calm_talk2,204,49,806,317,440,297,96,3,17,4,9,9,131,43
20260808,calm_talk2,205,50,810,319,441,297,95,3,19,3,9,10,131,43
20260808,calm_talk2,206,50,814,323,441,297,90,6,20,4,9,10,131,43
20260808,calm_talk2,207,49,817,324,444,300,92,5,19,4,9,10,131,43
20260808,calm_talk2,208,51,822,327,444,301,91,4,22,3,9,13,131,43
20260808,calm_talk2,209,47,825,331,447,302,87,7,22,4,9,12,131,43
20260808,calm_talk2,210,43,828,335,450,302,85,8,25,2,9,12,131,43
20260808,calm_talk2,211,45,833,337,451,304,87,6,27,0,11,12,131,43
20260808,calm_talk2,212,46,838,337,455,304,87,2,31,0,11,11,131,43
20260808,calm_talk2,213,46,842,340,456,306,85,3,31,1,12,11,131,43
20260808,calm_talk2,214,48,847,340,459,307,85,3,30,2,13,10,131,43
20260808,calm_talk2,215,49,852,342,461,308,84,2,32,2,14,10,131,43
20260808,calm_talk2,216,47,856,345,464,310,84,5,30,1,13,9,131,43
20260808,calm_talk2,217,47,861,347,467,312,85,5,30,0,12,8,131,43
20260808,calm_talk2,218,47,866,349,470,314,85,4,31,0,12,7,131,43
20260808,calm_talk2,219,47,869,349,473,315,86,2,32,0,11,6,131,43
20260808,calm_talk2,220,47,873,351,475,320,88,2,29,1,10,6,131,43
20260808,calm_talk2,221,48,877,352,477,321,88,3,28,1,10,7,131,43
20260808,calm_talk2,222,48,880,354,478,325,91,3,26,0,10,7,131,43
20260808,calm_talk2,223,48,884,355,481,329,94,3,23,0,9,9,131,43
20260808,calm_talk2,224,51,889,357,481,331,94,3,23,0,9,9,131,43
20260808,calm_talk2,225,56,894,357,481,333,96,2,22,0,9,9,131,43
20260808,calm_talk2,226,57,898,357,484,334,97,0,23,0,9,9,131,43
20260808,calm_talk2,227,57,902,358,487,337,99,1,20,0,9,9,131,43
20260808,calm_talk2,228,60,907,358,489,340,102,1,17,0,9,10,131,43
20260808,calm_talk2,229,58,910,358,494,340,102,0,18,0,8,11,131,43
20260808,calm_talk2,230,54,913,360,499,342,102,2,16,0,8,11,131,43
20260808,calm_talk2,231,54,917,361,502,342,101,3,16,0,8,11,131,43
20260808,calm_talk2,232,54,922,362,506,343,101,2,17,0,8,12,131,43
20260808,calm_talk2,233,54,926,363,509,345,102,2,16,0,8,11,131,43
20260808,calm_talk2,234,56,930,365,509,348,103,3,14,0,9,11,131,43
20260808,calm_talk2,235,56,934,365,513,350,104,2,13,1,9,10,111,40
20260808,calm_talk2,236,56,938,366,516,351,104,1,14,1,9,10,111,40
20260808,calm_talk2,237,56,941,367,518,352,105,2,13,0,9,10,111,40
20260808,calm_talk2,238,54,944,368,522,352,103,2,14,1,9,10,111,40
20260808,calm_talk2,239,55,949,369,525,352,102,2,15,1,9,10,111,40
20260808,calm_talk2,240,52,953,373,528,353,99,5,15,1,9,8,131,43
20260808,calm_talk2,241,53,957,373,531,355,101,4,14,1,10,7,131,43
20260808,calm_talk2,242,53,962,375,534,356,100,2,17,1,13,7,131,43
20260808,calm_talk2,243,53,967,375,539,357,101,2,16,1,12,7,131,43
20260808,calm_talk2,244,53,972,377,542,358,101,2,17,0,10,7,131,43
20260808,calm_talk2,245,54,977,378,545,359,101,3,16,0,12,6,131,43
20260808,calm_talk2,246,55,981,378,548,361,103,1,16,0,12,5,131,43
20260808,calm_talk2,247,53,985,380,552,361,101,2,17,0,12,5,131,43
20260808,calm_talk2,248,53,988,380,555,362,102,2,16,0,12,6,131,43
20260808,calm_talk2,249,53,993,381,559,362,101,1,18,0,12,8,131,43
20260808,calm_talk2,250,53,998,382,563,365,102,2,15,1,13,9,131,43
20260808,calm_talk2,251,54,1003,382,567,365,101,1,16,2,10,10,131,43
20260808,calm_talk2,252,53,1007,384,570,366,101,2,16,1,10,10,131,43
20260808,calm_talk2,253,51,1010,387,572,368,101,5,14,0,9,10,131,43
20260808,calm_talk2,254,50,1014,389,575,369,100,5,15,0,9,10,131,43
20260808,calm_talk2,255,53,1019,391,575,372,101,4,15,0,9,10,122,43
20260808,calm_talk2,256,55,1024,392,577,374,101,3,15,1,9,10,122,43
20260808,calm_talk2,257,55,1028,392,581,374,101,1,17,1,9,9,122,43
20260808,calm_talk2,258,52,1032,395,585,374,97,3,18,2,9,9,122,43
20260808,calm_talk2,259,54,1037,395,588,375,97,3,17,3,9,9,122,43
20260808,calm_talk2,260,51,1041,399,591,375,94,4,20,2,9,8,131,43
20260808,calm_talk2,261,51,1044,400,593,375,94,5,20,1,9,7,131,43
20260808,calm_talk2,262,52,1049,401,596,376,95,2,23,0,9,7,131,43
20260808,calm_talk2,263,52,1052,402,598,377,93,2,23,2,9,7,131,43
20260808,calm_talk2,264,53,1057,402,602,378,94,1,23,2,9,8,131,43
20260808,calm_talk2,265,51,1060,405,604,380,94,3,22,1,8,7,131,43
20260808,calm_talk2,266,48,1064,407,609,382,93,5,20,2,8,7,131,43
20260808,calm_talk2,267,50,1069,408,611,383,93,3,22,2,8,7,131,43
20260808,calm_talk2,268,51,1074,411,612,384,92,4,23,1,8,7,131,43
20260808,calm_talk2,269,52,1078,412,614,386,94,4,22,0,8,7,131,43
20260808,calm_talk2,270,50,1083,415,618,388,93,4,23,0,8,7,131,43
20260808,calm_talk2,271,50,1087,416,621,390,92,4,22,2,11,7,131,43
20260808,calm_talk2,272,49,1091,418,624,393,92,3,22,3,11,7,131,43
20260808,calm_talk2,273,48,1094,421,625,396,94,5,20,1,12,7,131,43
20260808,calm_talk2,274,43,1097,424,630,397,93,6,21,0,10,7,131,43
20260808,calm_talk2,275,43,1101,427,631,398,91,6,23,0,9,7,131,43
20260808,calm_talk2,276,44,1105,427,634,400,92,3,24,1,10,6,131,43
20260808,calm_talk2,277,42,1108,427,639,400,92,0,27,1,11,6,131,43
20260808,calm_talk2,278,43,1111,428,640,400,92,1,27,0,12,6,131,43
20260808,calm_talk2,279,42,1116,429,645,400,91,2,27,0,10,6,131,43
20260808,calm_talk2,280,44,1121,431,646,402,91,3,26,0,10,6,131,43
20260808,calm_talk2,281,45,1125,433,647,404,91,4,25,0,11,6,131,43
20260808,calm_talk2,282,45,1130,434,651,406,91,3,25,1,10,8,131,43
20260808,calm_talk2,283,44,1135,437,654,409,91,4,24,1,10,8,131,43
20260808,calm_talk2,284,40,1138,440,658,413,93,6,21,0,9,9,131,43
20260808,calm_talk2,285,43,1141,440,658,414,93,3,23,1,9,9,121,40
20260808,calm_talk2,286,44,1146,442,660,416,93,2,24,1,8,8,121,40
20260808,calm_talk2,287,42,1150,445,663,418,92,5,22,1,9,8,121,40
20260808,calm_talk2,288,43,1154,445,666,419,92,3,23,2,9,8,121,40
20260808,calm_talk2,289,44,1157,447,666,422,94,2,23,1,9,8,121,40
20260808,calm_talk2,290,46,1162,450,666,424,94,5,21,0,9,8,126,43
20260808,calm_talk2,291,45,1165,450,670,424,94,3,23,0,9,9,126,43
20260808,calm_talk2,292,46,1169,450,673,424,93,0,26,1,9,8,126,43
20260808,calm_talk2,293,47,1173,450,676,424,93,0,26,1,9,8,126,43
20260808,calm_talk2,294,46,1176,451,679,424,93,1,26,0,9,9,126,43
20260808,calm_talk2,295,44,1179,452,683,425,91,2,25,2,9,7,131,43
20260808,calm_talk2,296,44,1182,452,686,430,96,1,21,2,9,7,131,43
20260808,calm_talk2,297,42,1185,455,688,433,97,3,19,1,8,9,131,43
20260808,calm_talk2,298,42,1189,457,690,436,96,5,16,3,8,9,131,43
20260808,calm_talk2,299,42,1194,460,692,439,95,5,16,4,7,10,131,43
20260808,calm_talk2,300,41,1199,465,693,441,93,8,16,3,7,9,131,43
20260808,calm_talk2,301,43,1204,468,693,443,93,8,17,2,7,8,131,43
20260808,calm_talk2,302,44,1209,471,694,444,91,6,21,2,9,7,131,43
20260808,calm_talk2,303,43,1212,473,696,445,91,5,23,1,9,6,131,43
20260808,calm_talk2,304,44,1217,476,697,445,88,5,26,1,10,5,131,43
20260808,calm_talk2,305,44,1220,476,700,447,90,3,26,1,9,5,131,43
20260808,calm_talk2,306,45,1225,477,703,448,91,1,28,0,12,6,131,43
20260808,calm_talk2,307,43,1228,479,706,450,91,3,26,0,12,6,131,43
20260808,calm_talk2,308,43,1233,480,710,452,91,3,25,1,11,6,131,43
20260808,calm_talk2,309,44,1238,481,713,452,89,2,27,2,10,6,131,43
20260808,calm_talk2,310,44,1241,483,714,453,89,3,27,1,11,6,131,43
20260808,calm_talk2,311,47,1246,484,715,454,90,3,27,0,10,6,131,43
20260808,calm_talk2,312,48,1251,486,717,454,88,3,29,0,9,7,131,43
20260808,calm_talk2,313,47,1254,488,719,455,86,4,29,1,9,7,131,43
20260808,calm_talk2,314,47,1257,488,722,456,86,2,30,2,9,7,131,43
20260808,calm_talk2,315,48,1262,491,723,459,86,3,29,2,9,8,131,43
20260808,calm_talk2,316,48,1265,492,725,459,86,4,29,1,8,10,131,43
20260808,calm_talk2,317,46,1270,496,728,464,87,5,27,1,8,11,131,43
20260808,calm_talk2,318,48,1275,497,730,467,89,5,25,1,9,11,131,43
20260808,calm_talk2,319,48,1279,499,732,470,90,3,26,1,9,11,131,43
20260808,calm_talk2,320,50,1284,499,735,472,92,2,25,1,9,11,131,43
20260808,calm_talk2,321,47,1288,503,738,477,93,4,22,1,9,9,131,43
20260808,calm_talk2,322,50,1293,504,739,477,92,5,22,1,9,10,131,43
20260808,calm_talk2,323,48,1296,506,742,481,95,3,22,0,9,10,131,43
20260808,calm_talk2,324,48,1299,506,745,481,95,2,23,0,9,9,131,43
20260808,calm_talk2,325,48,1303,507,748,482,94,1,24,1,9,9,131,43
20260808,calm_talk2,326,47,1308,508,753,483,94,2,23,1,9,8,131,43
20260808,calm_talk2,327,48,1313,510,755,483,93,3,24,0,9,8,131,43
20260808,calm_talk2,328,49,1317,511,757,485,94,3,23,0,9,8,131,43
20260808,calm_talk2,329,50,1321,512,759,490,97,2,20,1,9,8,131,43
20260808,calm_talk2,330,50,1325,513,762,490,95,2,21,2,9,7,131,43
20260808,calm_talk2,331,50,1328,514,764,491,96,2,21,1,9,7,131,43
20260808,calm_talk2,332,49,1331,516,766,494,97,3,19,1,11,7,131,43
20260808,calm_talk2,333,47,1335,519,769,495,94,5,19,2,11,7,131,43
20260808,calm_talk2,334,48,1340,520,772,497,96,4,19,1,12,6,131,43
20260808,calm_talk2,335,47,1345,522,776,499,96,3,20,1,11,5,121,40
20260808,calm_talk2,336,48,1348,522,778,500,97,2,20,1,12,5,121,40
20260808,calm_talk2,337,47,1352,524,781,501,97,2,21,0,13,5,121,40
20260808,calm_talk2,338,49,1357,524,784,502,97,2,20,1,14,6,121,40
20260808,calm_talk2,339,51,1362,524,787,503,98,0,21,1,14,6,121,40
20260808,calm_talk2,340,52,1367,525,790,505,99,1,19,1,12,7,131,43
20260808,calm_talk2,341,50,1370,526,794,506,99,2,18,1,11,8,131,43
20260808,calm_talk2,342,50,1375,528,797,507,99,3,18,0,10,8,131,43
20260808,calm_talk2,343,50,1379,529,800,507,97,3,19,1,9,8,131,43
20260808,calm_talk2,344,50,1383,530,803,510,98,2,18,2,9,8,131,43
20260808,calm_talk2,345,53,1388,532,803,512,98,3,17,2,9,9,131,43
20260808,calm_talk2,346,54,1391,534,803,514,99,4,16,1,9,9,131,43
20260808,calm_talk2,347,54,1396,537,805,517,100,5,15,0,9,8,131,43
20260808,calm_talk2,348,57,1400,537,806,517,100,3,17,0,9,8,131,43
20260808,calm_talk2,349,54,1405,540,811,518,98,3,19,0,9,8,131,43
20260808,calm_talk2,350,53,1410,542,815,521,99,5,16,0,9,7,131,43
20260808,calm_talk2,351,56,1415,542,817,523,101,2,17,0,9,9,131,43
20260808,calm_talk2,352,55,1418,542,821,523,100,0,19,1,9,9,131,43
20260808,calm_talk2,353,54,1422,543,825,524,100,1,18,1,9,9,131,43
20260808,calm_talk2,354,55,1427,544,828,524,99,2,18,1,9,10,131,43
20260808,calm_talk2,355,54,1432,545,833,525,97,2,18,3,9,8,131,43
20260808,calm_talk2,356,56,1436,546,834,526,98,2,18,2,9,8,131,43
20260808,calm_talk2,357,52,1439,549,838,527,97,4,18,1,9,9,131,43
20260808,calm_talk2,358,54,1444,550,840,529,98,4,17,1,9,9,131,43
20260808,calm_talk2,359,54,1448,551,843,529,97,2,20,1,9,8,131,43
20260808,calm_talk2,360,51,1453,554,848,532,96,4,18,2,9,8,126,43
20260808,calm_talk2,361,52,1456,555,849,533,97,4,18,1,10,7,126,43
20260808,calm_talk2,362,52,1460,557,851,533,96,3,21,0,9,7,126,43
20260808,calm_talk2,363,54,1465,558,853,534,96,3,21,0,10,7,126,43
20260808,calm_talk2,364,54,1469,559,856,534,94,2,23,1,13,7,126,43
20260808,calm_talk2,365,56,1474,559,859,534,94,1,24,1,15,7,131,43
20260808,calm_talk2,366,53,1477,560,864,538,96,1,21,2,15,5,131,43
20260808,calm_talk2,367,51,1480,562,867,540,95,3,19,3,15,5,131,43
20260808,calm_talk2,368,48,1483,565,870,540,94,5,20,1,12,5,131,43
20260808,calm_talk2,369,45,1487,567,875,544,95,5,18,2,10,5,131,43
20260808,calm_talk2,370,46,1492,568,878,544,94,3,21,2,11,6,131,43
20260808,calm_talk2,371,44,1497,572,881,545,93,5,22,0,10,6,131,43
20260808,calm_talk2,372,46,1502,573,883,547,94,5,21,0,10,8,131,43
20260808,calm_talk2,373,45,1507,575,887,550,95,3,22,0,8,9,131,43
20260808,calm_talk2,374,45,1510,575,890,552,97,2,21,0,8,9,131,43
20260808,calm_talk2,375,49,1514,575,890,553,98,0,22,0,8,10,131,43
20260808,calm_talk2,376,50,1518,576,892,554,98,1,21,0,8,10,131,43
20260808,calm_talk2,377,51,1521,576,894,555,99,1,20,0,8,9,131,43
20260808,calm_talk2,378,51,1526,577,898,556,99,1,20,0,9,8,131,43
20260808,calm_talk2,379,52,1530,577,901,558,101,1,18,0,9,8,131,43
20260808,calm_talk2,380,51,1534,578,905,558,99,1,19,1,9,9,115,42
20260808,calm_talk2,381,51,1537,578,908,559,99,1,18,2,9,9,115,42
20260808,calm_talk2,382,54,1542,579,909,560,99,1,18,2,9,9,115,42
20260808,calm_talk2,383,56,1547,581,910,562,99,3,16,2,9,9,115,42
20260808,calm_talk2,384,57,1552,582,913,563,97,3,16,4,9,9,115,42
20260808,calm_talk2,385,56,1557,584,917,563,95,3,18,4,9,9,131,43
20260808,calm_talk2,386,57,1562,588,917,567,94,6,15,5,9,9,131,43
20260808,calm_talk2,387,58,1566,589,919,567,94,5,17,4,9,10,131,43
20260808,calm_talk2,388,55,1569,593,921,568,94,5,20,1,9,10,131,43
20260808,calm_talk2,389,56,1572,593,923,570,94,4,19,3,9,10,131,43
20260808,calm_talk2,390,52,1575,597,926,571,89,4,22,5,8,10,121,40
20260808,calm_talk2,391,52,1579,600,927,573,87,7,20,6,9,9,121,40
20260808,calm_talk2,392,52,1583,604,927,573,85,7,24,4,10,7,121,40
20260808,calm_talk2,393,51,1587,607,929,575,87,7,25,1,9,6,121,40
20260808,calm_talk2,394,48,1591,610,933,576,86,6,28,0,9,6,121,40
20260808,calm_talk2,395,49,1595,610,936,577,87,3,30,0,11,6,131,43
20260808,calm_talk2,396,50,1600,612,938,579,87,2,31,0,12,5,131,43
20260808,calm_talk2,397,49,1605,613,943,579,86,3,31,0,13,5,131,43
20260808,calm_talk2,398,49,1610,614,947,579,84,2,33,1,13,5,131,43
20260808,calm_talk2,399,48,1614,614,952,581,84,1,32,3,12,6,131,43
20260808,calm_talk2,400,46,1618,616,956,583,84,2,31,3,10,6,131,43
20260808,calm_talk2,401,46,1623,618,959,585,86,4,29,1,9,7,131,43
20260808,calm_talk2,402,43,1627,622,962,588,86,6,28,0,9,7,131,43
20260808,calm_talk2,403,44,1631,622,965,589,87,4,29,0,8,7,131,43
20260808,calm_talk2,404,47,1636,623,966,591,88,1,31,0,8,9,131,43
20260808,calm_talk2,405,52,1641,623,966,594,91,1,28,0,8,10,131,43
20260808,calm_talk2,406,55,1645,624,966,598,94,1,25,0,9,10,131,43
20260808,calm_talk2,407,56,1649,626,967,600,94,3,23,0,9,10,131,43
20260808,calm_talk2,408,56,1653,627,970,603,96,3,21,0,8,9,131,43
20260808,calm_talk2,409,55,1656,628,973,605,97,2,21,0,9,9,131,43
20260808,calm_talk2,410,56,1660,628,976,607,98,1,20,1,9,9,131,43
20260808,calm_talk2,411,56,1664,628,980,607,98,0,21,1,9,9,131,43
20260808,calm_talk2,412,58,1669,629,982,609,100,1,19,0,8,10,131,43
20260808,calm_talk2,413,57,1672,629,986,610,101,1,18,0,8,10,131,43
20260808,calm_talk2,414,58,1677,629,990,612,103,0,17,0,8,10,131,43
20260808,calm_talk2,415,56,1680,630,994,613,102,1,16,1,9,10,131,43
20260808,calm_talk2,416,54,1684,631,999,613,100,2,16,2,9,9,131,43
20260808,calm_talk2,417,55,1688,632,1001,615,101,2,15,2,9,9,131,43
20260808,calm_talk2,418,54,1691,634,1003,617,102,3,14,1,9,9,131,43
20260808,calm_talk2,419,52,1694,635,1007,619,104,3,13,0,9,7,131,43
20260808,calm_talk2,420,51,1699,636,1012,619,102,2,15,1,9,7,131,43
20260808,calm_talk2,421,50,1702,636,1016,621,104,1,14,1,9,6,131,43
20260808,calm_talk2,422,51,1707,638,1018,622,104,2,14,0,11,6,131,43
20260808,calm_talk2,423,51,1711,639,1021,624,105,3,12,0,13,6,131,43
20260808,calm_talk2,424,52,1714,639,1023,625,106,1,13,0,14,6,131,43
20260808,calm_talk2,425,51,1717,639,1027,625,106,0,14,0,14,5,131,43
20260808,calm_talk2,426,51,1722,640,1031,627,106,1,12,1,15,5,131,43
20260808,calm_talk2,427,49,1725,640,1036,629,107,1,10,2,14,5,131,43
20260808,calm_talk2,428,49,1729,641,1039,630,108,1,10,1,13,6,131,43
20260808,calm_talk2,429,47,1734,643,1044,631,107,3,9,1,14,6,131,43
20260808,calm_talk2,430,49,1739,644,1046,631,106,3,10,1,13,6,131,43
20260808,calm_talk2,431,47,1742,646,1049,631,105,3,12,0,11,8,131,43
20260808,calm_talk2,432,48,1747,646,1053,631,105,2,13,0,8,9,131,43
20260808,calm_talk2,433,51,1752,646,1055,631,104,0,15,1,9,9,131,43
20260808,calm_talk2,434,51,1755,646,1058,631,104,0,15,1,9,9,131,43
20260808,calm_talk2,435,54,1759,647,1058,632,105,1,14,0,9,10,131,43
20260808,calm_talk2,436,55,1762,647,1060,634,106,1,12,1,9,11,131,43
20260808,calm_talk2,437,55,1766,648,1063,635,105,1,12,2,9,11,131,43
20260808,calm_talk2,438,55,1769,649,1065,635,105,2,12,1,9,11,131,43
20260808,calm_talk2,439,57,1774,650,1067,637,107,2,11,0,9,11,131,43
20260808,calm_talk2,440,59,1779,650,1070,638,107,1,11,1,9,11,131,43
20260808,calm_talk2,441,59,1783,650,1074,639,106,0,11,3,9,11,131,43
20260808,calm_talk2,442,59,1788,653,1076,641,106,3,9,2,9,11,131,43
20260808,calm_talk2,443,56,1792,657,1079,641,103,7,9,1,9,11,131,43
20260808,calm_talk2,444,55,1795,657,1083,642,104,4,11,1,9,10,131,43
20260808,calm_talk2,445,56,1800,658,1086,644,106,1,13,0,9,11,121,40
20260808,calm_talk2,446,57,1804,658,1089,645,106,1,12,1,9,12,121,40
20260808,calm_talk2,447,55,1808,659,1094,645,103,1,13,3,9,10,121,40
20260808,calm_talk2,448,54,1812,660,1098,646,103,2,12,3,9,9,121,40
20260808,calm_talk2,449,56,1817,662,1099,646,101,3,13,3,9,11,121,40
20260808,calm_talk2,450,54,1820,664,1102,647,101,4,13,2,9,11,131,43
20260808,calm_talk2,451,52,1823,668,1103,648,100,6,14,0,9,10,131,43
20260808,calm_talk2,452,53,1828,669,1106,648,99,5,16,0,10,8,131,43
20260808,calm_talk2,453,55,1832,669,1108,649,100,1,19,0,10,8,131,43
20260808,calm_talk2,454,54,1836,669,1113,651,102,0,18,0,12,8,131,43
20260808,calm_talk2,455,52,1839,669,1118,651,100,0,18,2,14,8,131,43
20260808,calm_talk2,456,52,1844,670,1122,652,100,1,17,2,16,7,131,43
20260808,calm_talk2,457,52,1848,673,1123,653,99,4,16,1,16,6,131,43
20260808,calm_talk2,458,54,1852,673,1125,653,99,3,17,1,16,6,131,43
20260808,calm_talk2,459,55,1857,675,1127,653,98,2,20,0,16,5,131,43
20260808,calm_talk2,460,51,1860,677,1132,655,98,4,18,0,15,5,131,43
20260808,calm_talk2,461,50,1865,679,1136,656,97,4,19,0,12,5,131,43
20260808,calm_talk2,462,49,1868,679,1140,657,98,2,20,0,10,6,131,43
20260808,calm_talk2,463,49,1873,680,1144,660,99,1,19,1,10,7,131,43
20260808,calm_talk2,464,47,1876,680,1149,660,99,1,19,1,9,7,131,43
20260808,calm_talk2,465,49,1881,682,1150,661,99,2,19,0,9,7,131,43
20260808,calm_talk2,466,52,1886,684,1150,662,98,4,18,0,9,8,131,43
20260808,calm_talk2,467,53,1891,685,1153,664,99,3,18,0,9,9,131,43
20260808,calm_talk2,468,52,1894,685,1157,665,100,1,19,0,9,9,131,43
20260808,calm_talk2,469,51,1898,686,1161,668,101,1,17,1,9,8,131,43
20260808,calm_talk2,470,53,1903,686,1164,671,102,1,14,3,9,9,131,43
20260808,calm_talk2,471,52,1908,689,1167,674,103,3,12,2,9,10,131,43
20260808,calm_talk2,472,53,1913,692,1168,674,101,6,12,1,9,8,131,43
20260808,calm_talk2,473,52,1916,692,1172,675,101,3,14,2,9,8,131,43
20260808,calm_talk2,474,53,1920,693,1174,675,99,1,17,3,9,8,131,43
20260808,calm_talk2,475,56,1925,695,1174,675,96,3,17,4,9,10,131,43
20260808,calm_talk2,476,56,1929,697,1176,677,96,4,16,4,9,9,131,43
20260808,calm_talk2,477,57,1934,699,1178,679,98,4,16,2,9,9,131,43
20260808,calm_talk2,478,56,1938,702,1180,679,97,5,18,0,9,10,131,43
20260808,calm_talk2,479,58,1943,702,1183,680,92,3,19,6,9,11,131,43
20260808,calm_talk2,480,55,1948,707,1186,682,89,5,20,6,9,10,131,43
20260808,calm_talk2,481,49,1951,716,1186,685,89,14,17,0,9,8,131,43
20260808,calm_talk2,482,47,1954,719,1188,686,87,12,21,0,9,8,131,43
20260808,calm_talk2,483,47,1958,720,1191,687,87,4,29,0,9,8,131,43
20260808,calm_talk2,484,48,1962,720,1194,687,86,1,32,1,10,7,131,43
20260808,calm_talk2,485,46,1966,721,1199,688,86,1,32,1,10,6,131,43
20260808,calm_talk2,486,43,1969,723,1203,688,84,3,32,1,9,6,131,43
20260808,calm_talk2,487,43,1973,723,1207,690,85,2,31,2,10,5,131,43
20260808,calm_talk2,488,43,1977,725,1209,691,82,2,32,4,11,4,131,43
20260808,calm_talk2,489,41,1981,727,1213,695,83,4,28,5,13,4,131,43
20260808,calm_talk2,490,37,1985,731,1217,698,85,6,27,2,13,4,126,43
20260808,calm_talk2,491,34,1988,733,1221,698,84,6,29,1,11,4,126,43
20260808,calm_talk2,492,34,1993,734,1225,699,84,3,32,1,9,5,126,43
20260808,calm_talk2,493,35,1998,736,1227,701,84,3,32,1,8,5,126,43
20260808,calm_talk2,494,35,2003,736,1232,701,84,2,33,1,8,5,126,43
20260808,calm_talk2,495,36,2006,737,1233,702,84,1,34,1,8,7,131,43
20260808,calm_talk2,496,39,2009,737,1233,707,89,1,29,1,8,7,131,43
20260808,calm_talk2,497,39,2014,742,1233,710,88,5,27,0,9,7,131,43
20260808,calm_talk2,498,43,2018,742,1233,711,88,5,26,1,9,7,131,43
20260808,calm_talk2,499,45,2022,744,1233,717,92,2,25,1,9,7,131,43
20260808,calm_talk2,500,47,2025,745,1233,719,94,3,23,0,8,7,131,43
20260808,calm_talk2,501,50,2029,746,1233,721,94,2,23,1,9,7,131,43
20260808,calm_talk2,502,49,2033,747,1237,722,93,2,23,2,9,8,131,43
20260808,calm_talk2,503,50,2038,749,1239,723,93,3,23,1,9,8,131,43
20260808,calm_talk2,504,50,2043,751,1242,725,94,4,22,0,9,8,131,43
20260808,calm_talk2,505,51,2047,752,1244,726,94,3,23,0,9,8,131,43
20260808,calm_talk2,506,52,2052,753,1247,727,93,2,24,1,9,8,131,43
20260808,calm_talk2,507,52,2057,754,1251,732,97,2,20,1,9,9,131,43
20260808,calm_talk2,508,52,2061,755,1254,733,98,2,20,0,8,10,131,43
20260808,calm_talk2,509,50,2065,756,1259,735,99,2,19,0,8,10,131,43
20260808,calm_talk2,510,48,2068,758,1262,736,98,3,19,0,7,10,131,43
20260808,calm_talk2,511,48,2071,759,1264,740,101,3,16,0,7,10,131,43
20260808,calm_talk2,512,47,2074,761,1266,740,98,3,18,1,8,10,131,43
20260808,calm_talk2,513,46,2078,762,1270,741,97,3,18,2,9,9,131,43
20260808,calm_talk2,514,47,2082,763,1272,742,97,2,19,2,10,9,131,43
20260808,calm_talk2,515,47,2087,765,1275,742,96,3,20,1,10,8,131,43
20260808,calm_talk2,516,45,2090,767,1278,745,96,4,18,2,9,7,131,43
20260808,calm_talk2,517,45,2093,767,1281,745,95,2,20,3,10,7,131,43
20260808,calm_talk2,518,43,2097,770,1284,746,94,3,21,2,10,6,131,43
20260808,calm_talk2,519,41,2100,771,1288,746,94,4,21,1,11,5,131,43
20260808,calm_talk2,520,39,2104,773,1292,749,96,3,21,0,11,5,101,38
20260808,calm_talk2,521,39,2108,773,1296,751,98,2,20,0,11,5,101,38
20260808,calm_talk2,522,37,2111,774,1300,753,98,1,20,1,8,6,101,38
20260808,calm_talk2,523,37,2116,775,1304,756,100,2,17,1,9,6,101,38
20260808,calm_talk2,524,36,2120,776,1308,758,99,2,16,3,8,6,101,38
20260808,calm_talk2,525,40,2124,776,1308,758,99,1,17,3,8,7,126,43
20260808,calm_talk2,526,40,2127,779,1308,760,101,3,16,0,8,6,126,43
20260808,calm_talk2,527,43,2132,781,1308,760,98,5,16,1,8,7,126,43
20260808,calm_talk2,528,46,2136,782,1308,761,98,3,18,1,9,7,126,43
20260808,calm_talk2,529,50,2141,783,1308,764,98,2,17,3,9,9,126,43
20260808,calm_talk2,530,51,2145,784,1310,765,98,2,17,3,9,10,131,43
20260808,calm_talk2,531,51,2150,789,1310,767,98,6,16,0,9,10,131,43
20260808,calm_talk2,532,53,2155,790,1312,768,98,6,16,0,9,10,131,43
20260808,calm_talk2,533,55,2160,790,1315,769,99,1,20,0,9,9,131,43
20260808,calm_talk2,534,56,2165,791,1318,769,97,1,21,1,9,9,131,43
20260808,calm_talk2,535,57,2170,791,1322,771,98,1,19,2,8,9,131,43
20260808,calm_talk2,536,56,2173,792,1325,772,99,1,19,1,8,9,131,43
20260808,calm_talk2,537,57,2176,793,1326,773,99,2,18,1,8,10,131,43
20260808,calm_talk2,538,55,2180,795,1330,775,98,3,17,2,8,10,131,43
20260808,calm_talk2,539,55,2185,797,1333,777,98,4,16,2,8,11,131,43
20260808,calm_talk2,540,53,2189,801,1335,777,94,6,18,2,8,10,131,43
20260808,calm_talk2,541,52,2193,803,1338,778,94,6,19,1,9,9,131,43
20260808,calm_talk2,542,55,2198,804,1339,780,96,3,21,0,8,9,131,43
20260808,calm_talk2,543,54,2202,805,1343,781,95,2,22,1,9,9,131,43
20260808,calm_talk2,544,54,2207,805,1348,781,94,1,23,2,9,7,131,43
20260808,calm_talk2,545,54,2212,807,1351,784,95,2,21,2,11,7,131,43
20260808,calm_talk2,546,55,2217,808,1354,784,95,3,21,1,13,7,131,43
20260808,calm_talk2,547,55,2221,810,1356,786,94,3,21,2,14,6,131,43
20260808,calm_talk2,548,53,2224,810,1361,788,96,2,20,2,14,5,131,43
20260808,calm_talk2,549,54,2229,812,1363,790,96,2,20,2,15,6,131,43
20260808,calm_talk2,550,51,2234,815,1368,791,94,5,19,2,14,6,126,43
20260808,calm_talk2,551,52,2239,819,1368,793,94,7,19,0,12,6,126,43
20260808,calm_talk2,552,52,2243,820,1371,793,93,5,22,0,10,7,126,43
20260808,calm_talk2,553,52,2246,820,1374,795,95,1,24,0,10,7,126,43
20260808,calm_talk2,554,50,2249,820,1379,796,94,0,24,2,9,8,126,43
20260808,calm_talk2,555,54,2254,821,1379,797,93,1,23,3,9,8,131,43
20260808,calm_talk2,556,55,2258,824,1379,798,93,4,22,1,9,9,131,43
20260808,calm_talk2,557,55,2263,826,1382,800,94,5,21,0,9,8,131,43
20260808,calm_talk2,558,55,2266,826,1385,800,93,2,24,1,9,8,131,43
20260808,calm_talk2,559,53,2269,826,1390,803,96,0,23,1,9,9,131,43
20260808,calm_talk2,560,51,2273,828,1394,803,94,2,23,1,9,9,131,43
20260808,calm_talk2,561,49,2276,828,1399,807,97,2,19,2,9,7,131,43
20260808,calm_talk2,562,49,2280,830,1401,808,96,2,20,2,9,7,131,43
20260808,calm_talk2,563,49,2284,832,1403,812,98,4,16,2,9,7,131,43
20260808,calm_talk2,564,45,2287,835,1407,813,96,5,17,2,9,7,131,43
20260808,calm_talk2,565,47,2291,836,1408,814,95,4,18,3,9,7,131,43
20260808,calm_talk2,566,48,2296,837,1411,814,94,2,21,3,9,7,131,43
20260808,calm_talk2,567,48,2301,840,1413,816,94,4,20,2,9,7,131,43
20260808,calm_talk2,568,48,2304,842,1414,819,95,5,18,2,9,7,131,43
20260808,calm_talk2,569,49,2308,843,1416,819,93,3,21,3,9,8,131,43
20260808,calm_talk2,570,45,2311,847,1419,819,90,5,23,2,9,7,121,43
20260808,calm_talk2,571,43,2314,851,1420,821,90,8,22,0,9,7,121,43
20260808,calm_talk2,572,40,2317,853,1424,821,86,6,26,2,9,6,121,43
20260808,calm_talk2,573,42,2322,853,1427,825,87,2,26,5,10,5,121,43
20260808,calm_talk2,574,42,2326,856,1428,827,86,3,26,5,12,5,121,43
20260808,calm_talk2,575,41,2330,860,1429,829,87,7,24,2,10,5,131,43
20260808,calm_talk2,576,40,2335,863,1432,829,85,7,27,1,10,4,131,43
20260808,calm_talk2,577,39,2339,865,1435,832,86,5,28,1,11,4,131,43
20260808,calm_talk2,578,38,2344,868,1438,833,84,5,30,1,11,4,131,43
20260808,calm_talk2,579,42,2349,868,1439,834,85,3,31,1,12,7,131,43
20260808,calm_talk2,580,43,2354,869,1442,835,86,1,33,0,10,7,131,43
20260808,calm_talk2,581,40,2357,870,1447,837,87,2,31,0,8,7,131,43
20260808,calm_talk2,582,35,2360,874,1451,841,86,5,28,1,7,6,131,43
20260808,calm_talk2,583,35,2363,875,1453,844,88,5,26,1,7,8,131,43
20260808,calm_talk2,584,38,2368,876,1454,844,88,2,30,0,8,8,131,43
20260808,calm_talk2,585,40,2372,878,1454,845,87,3,30,0,8,8,131,43
20260808,calm_talk2,586,45,2377,878,1454,847,89,2,29,0,8,8,131,43
20260808,calm_talk2,587,48,2381,879,1454,852,93,1,26,0,9,8,131,43
20260808,calm_talk2,588,51,2386,880,1455,853,93,2,25,0,9,8,131,43
20260808,calm_talk2,589,48,2389,883,1458,857,94,4,22,0,9,7,131,43
20260808,calm_talk2,590,46,2392,884,1462,862,98,4,18,0,9,7,131,43
20260808,calm_talk2,591,47,2396,884,1465,863,99,1,20,0,9,6,131,43
20260808,calm_talk2,592,50,2401,884,1467,867,103,0,17,0,9,7,131,43
20260808,calm_talk2,593,47,2404,886,1471,867,101,2,17,0,9,7,131,43
20260808,calm_talk2,594,45,2409,888,1476,869,101,4,15,0,9,8,131,43
20260808,calm_talk2,595,42,2412,889,1481,870,101,3,16,0,9,7,131,43
20260808,calm_talk2,596,44,2416,889,1483,871,102,1,17,0,9,8,131,43
20260808,calm_talk2,597,45,2419,890,1484,871,101,1,18,0,9,8,131,43
20260808,calm_talk2,598,46,2423,890,1487,873,102,1,16,1,8,9,131,43
20260808,calm_talk2,599,46,2427,890,1491,873,102,0,17,1,9,9,131,43
20260808,calm_talk2,600,46,2432,895,1491,876,101,5,14,0,9,9,121,40
20260808,calm_talk_r5,1,4,5,1,0,0,119,1,0,0,0,1,131,43
20260808,calm_talk_r5,2,7,8,1,0,0,117,1,0,2,2,2,131,43
20260808,calm_talk_r5,3,11,13,2,0,0,112,1,1,6,4,2,131,43
20260808,calm_talk_r5,4,13,17,4,0,0,111,3,1,5,3,3,131,43
20260808,calm_talk_r5,5,12,21,9,0,0,110,7,2,1,2,5,131,43
20260808,calm_talk_r5,6,16,26,10,0,0,110,6,4,0,5,5,131,43
20260808,calm_talk_r5,7,19,31,12,0,0,107,3,9,1,5,5,131,43
20260808,calm_talk_r5,8,22,35,13,0,0,106,3,10,1,5,6,131,43
20260808,calm_talk_r5,9,25,39,14,0,0,105,2,12,1,6,7,131,43
20260808,calm_talk_r5,10,26,42,16,0,0,102,3,13,2,7,7,131,43
20260808,calm_talk_r5,11,28,46,18,0,0,100,4,14,2,7,7,131,43
20260808,calm_talk_r5,12,30,49,19,0,0,98,3,16,3,7,7,131,43
20260808,calm_talk_r5,13,32,52,20,0,0,98,2,18,2,7,8,131,43
20260808,calm_talk_r5,14,35,57,22,0,0,97,3,19,1,7,7,131,43
20260808,calm_talk_r5,15,40,62,22,0,1,98,2,19,1,8,7,131,43
20260808,calm_talk_r5,16,43,67,24,0,3,99,2,19,0,8,7,131,43
20260808,calm_talk_r5,17,47,71,24,0,5,101,2,17,0,9,8,131,43
20260808,calm_talk_r5,18,49,74,25,0,8,101,1,16,2,9,8,131,43
20260808,calm_talk_r5,19,52,78,25,1,9,101,1,15,3,9,8,131,43
20260808,calm_talk_r5,20,52,81,28,1,11,102,3,14,1,9,8,121,40
20260808,calm_talk_r5,21,50,84,29,5,11,102,4,14,0,9,8,121,40
20260808,calm_talk_r5,22,51,88,29,8,13,104,1,15,0,9,8,121,40
20260808,calm_talk_r5,23,53,93,29,11,15,105,0,14,1,9,8,121,40
20260808,calm_talk_r5,24,52,96,29,15,16,106,0,13,1,9,8,121,40
20260808,calm_talk_r5,25,53,100,32,15,17,105,3,12,0,9,8,126,43
20260808,calm_talk_r5,26,54,104,32,18,17,104,3,12,1,9,9,126,43
20260808,calm_talk_r5,27,56,109,32,21,17,104,0,15,1,9,10,126,43
20260808,calm_talk_r5,28,55,112,33,24,18,105,1,14,0,9,10,126,43
20260808,calm_talk_r5,29,54,115,34,27,20,105,2,12,1,9,9,126,43
20260808,calm_talk_r5,30,50,120,38,32,20,100,5,13,2,9,8,131,43
20260808,calm_talk_r5,31,50,125,39,36,20,99,5,14,2,10,7,131,43
20260808,calm_talk_r5,32,48,129,42,39,24,95,4,14,7,10,7,131,43
20260808,calm_talk_r5,33,47,132,43,42,26,96,4,13,7,10,7,131,43
20260808,calm_talk_r5,34,42,136,49,45,26,96,7,16,1,9,6,131,43
20260808,calm_talk_r5,35,43,141,50,48,26,95,7,17,1,10,5,131,43
20260808,calm_talk_r5,36,45,146,50,51,27,94,1,22,3,11,5,131,43
20260808,calm_talk_r5,37,43,149,51,55,27,92,1,23,4,9,5,131,43
20260808,calm_talk_r5,38,39,153,55,59,29,92,5,21,2,8,5,131,43
20260808,calm_talk_r5,39,37,156,57,62,29,91,6,22,1,7,4,131,43
20260808,calm_talk_r5,40,38,160,58,64,31,92,3,24,1,7,7,131,43
20260808,calm_talk_r5,41,37,164,59,68,32,93,2,25,0,7,7,131,43
20260808,calm_talk_r5,42,38,169,59,72,33,94,1,25,0,6,8,131,43
20260808,calm_talk_r5,43,38,172,59,75,34,93,0,25,2,5,8,131,43
20260808,calm_talk_r5,44,40,176,59,77,36,95,0,23,2,5,8,131,43
20260808,calm_talk_r5,45,43,181,61,77,38,96,2,21,1,7,8,131,43
20260808,calm_talk_r5,46,47,185,61,77,40,96,2,19,3,7,9,131,43
20260808,calm_talk_r5,47,49,189,62,78,41,97,1,20,2,7,9,131,43
20260808,calm_talk_r5,48,52,194,64,78,43,98,3,18,1,8,10,131,43
20260808,calm_talk_r5,49,55,199,64,80,45,100,2,17,1,9,10,131,43
20260808,calm_talk_r5,50,57,203,66,80,47,101,2,17,0,9,9,126,43
20260808,calm_talk_r5,51,58,208,67,83,49,101,3,15,1,9,10,126,43
20260808,calm_talk_r5,52,59,211,67,85,51,102,1,15,2,9,10,126,43
20260808,calm_talk_r5,53,60,216,69,87,52,102,2,15,1,9,11,126,43
20260808,calm_talk_r5,54,62,221,70,89,53,101,3,14,2,9,10,126,43
20260808,calm_talk_r5,55,62,225,70,93,55,101,1,14,4,9,10,131,43
20260808,calm_talk_r5,56,60,228,73,95,55,99,3,15,3,9,10,131,43
20260808,calm_talk_r5,57,57,231,76,98,57,99,6,13,2,9,8,131,43
20260808,calm_talk_r5,58,58,236,78,100,57,97,5,16,2,9,8,131,43
20260808,calm_talk_r5,59,56,239,80,103,58,96,4,18,2,9,8,131,43
20260808,calm_talk_r5,60,51,243,85,107,59,91,7,19,3,9,8,131,43
20260808,calm_talk_r5,61,53,248,86,109,61,91,6,19,4,10,8,131,43
20260808,calm_talk_r5,62,53,251,88,110,63,90,3,22,5,10,7,131,43
20260808,calm_talk_r5,63,50,256,91,115,64,88,5,22,5,12,7,131,43
20260808,calm_talk_r5,64,46,259,94,119,64,86,6,24,4,12,6,131,43
20260808,calm_talk_r5,65,46,264,96,122,65,86,5,26,3,12,5,131,43
20260808,calm_talk_r5,66,43,268,98,127,65,85,4,29,2,11,6,131,43
20260808,calm_talk_r5,67,42,272,100,130,69,86,4,27,3,13,5,131,43
20260808,calm_talk_r5,68,41,277,102,134,69,85,4,29,2,12,5,131,43
20260808,calm_talk_r5,69,40,282,104,138,69,85,4,31,0,11,5,131,43
20260808,calm_talk_r5,70,41,287,105,141,71,85,3,31,1,10,6,131,43
20260808,calm_talk_r5,71,39,290,107,144,72,83,3,32,2,9,6,131,43
20260808,calm_talk_r5,72,41,295,109,145,75,84,4,30,2,9,6,131,43
20260808,calm_talk_r5,73,40,299,110,149,75,83,3,32,2,8,7,131,43
20260808,calm_talk_r5,74,40,303,112,151,76,83,3,33,1,8,7,131,43
20260808,calm_talk_r5,75,45,308,112,151,81,88,2,29,1,9,7,131,43
20260808,calm_talk_r5,76,48,311,112,151,82,87,0,30,3,9,7,131,43
20260808,calm_talk_r5,77,51,315,113,151,86,91,1,26,2,9,7,131,43
20260808,calm_talk_r5,78,51,318,116,151,87,89,4,25,2,9,7,131,43
20260808,calm_talk_r5,79,54,321,116,151,90,92,3,23,2,9,7,131,43
20260808,calm_talk_r5,80,56,326,119,151,92,93,3,24,0,9,7,131,43
20260808,calm_talk_r5,81,58,331,119,154,94,95,3,22,0,9,7,131,43
20260808,calm_talk_r5,82,56,334,120,158,96,96,1,23,0,9,7,131,43
20260808,calm_talk_r5,83,56,338,120,162,97,97,1,22,0,9,8,131,43
20260808,calm_talk_r5,84,54,341,120,167,102,101,0,18,1,9,9,131,43
20260808,calm_talk_r5,85,55,346,120,171,103,97,0,17,6,9,9,131,43
20260808,calm_talk_r5,86,53,349,123,173,103,92,3,17,8,9,9,131,43
20260808,calm_talk_r5,87,53,354,128,173,103,92,8,17,3,9,9,131,43
20260808,calm_talk_r5,88,53,357,131,173,106,94,8,17,1,9,8,131,43
20260808,calm_talk_r5,89,53,360,132,175,110,95,4,18,3,9,7,131,43
20260808,calm_talk_r5,90,48,363,136,179,113,94,5,18,3,9,6,131,43
20260808,calm_talk_r5,91,46,367,141,180,113,90,9,19,2,9,6,131,43
20260808,calm_talk_r5,92,44,370,143,183,113,88,7,23,2,10,6,131,43
20260808,calm_talk_r5,93,45,373,144,184,114,85,3,27,5,10,6,131,43
20260808,calm_talk_r5,94,44,377,146,187,115,85,3,28,4,11,5,131,43
20260808,calm_talk_r5,95,39,382,151,192,117,84,7,27,2,8,4,131,43
20260808,calm_talk_r5,96,38,387,152,197,117,82,6,29,3,8,4,131,43
20260808,calm_talk_r5,97,38,391,154,199,117,80,3,34,3,8,4,131,43
20260808,calm_talk_r5,98,35,395,158,202,118,78,6,34,2,7,4,131,43
20260808,calm_talk_r5,99,33,398,161,204,119,77,7,35,1,8,3,131,43
20260808,calm_talk_r5,100,30,401,162,209,122,79,4,36,1,8,3,121,40
20260808,calm_talk_r5,101,31,406,165,210,124,77,4,37,2,8,3,121,40
20260808,calm_talk_r5,102,32,411,166,213,128,80,4,34,2,7,5,121,40
20260808,calm_talk_r5,103,32,415,168,215,130,81,3,35,1,7,6,121,40
20260808,calm_talk_r5,104,35,419,168,216,131,82,2,35,1,9,7,121,40
20260808,calm_talk_r5,105,37,422,169,216,134,85,1,34,0,9,7,131,43
20260808,calm_talk_r5,106,39,425,170,216,136,85,2,32,1,9,7,131,43
20260808,calm_talk_r5,107,43,429,170,216,139,88,1,30,1,9,7,131,43
20260808,calm_talk_r5,108,45,434,173,216,139,86,3,31,0,9,7,131,43
20260808,calm_talk_r5,109,50,439,173,216,141,85,3,29,3,9,7,131,43
20260808,calm_talk_r5,110,49,443,176,218,145,85,3,28,4,9,7,131,43
20260808,calm_talk_r5,111,47,446,181,218,152,88,8,21,3,9,7,131,43
20260808,calm_talk_r5,112,50,450,182,218,153,87,6,23,4,9,8,131,43
20260808,calm_talk_r5,113,48,453,186,219,156,88,5,25,2,9,8,131,43
20260808,calm_talk_r5,114,48,456,189,219,159,89,7,23,1,9,8,131,43
20260808,calm_talk_r5,115,49,460,189,222,161,90,3,25,2,9,7,131,43
20260808,calm_talk_r5,116,47,463,191,225,162,90,2,27,1,8,7,131,43
20260808,calm_talk_r5,117,47,467,192,228,163,90,3,26,1,9,7,131,43
20260808,calm_talk_r5,118,45,470,193,232,163,88,2,28,2,9,7,131,43
20260808,calm_talk_r5,119,42,473,196,235,167,89,4,25,2,9,7,131,43
20260808,calm_talk_r5,120,40,477,200,237,167,84,7,26,3,10,6,131,43
20260808,calm_talk_r5,121,40,481,202,239,168,83,6,28,3,10,6,131,43
20260808,calm_talk_r5,122,38,484,204,242,170,83,4,30,3,10,5,131,43
20260808,calm_talk_r5,123,38,489,206,245,170,81,4,32,3,8,5,131,43
20260808,calm_talk_r5,124,37,494,209,248,171,80,5,33,2,9,4,131,43
20260808,calm_talk_r5,125,40,499,210,249,174,82,4,32,2,12,5,121,40
20260808,calm_talk_r5,126,40,502,211,251,176,84,2,33,1,12,4,121,40
20260808,calm_talk_r5,127,39,505,212,254,178,86,2,32,0,12,5,121,40
20260808,calm_talk_r5,128,41,509,213,255,183,88,2,28,2,11,5,121,40
20260808,calm_talk_r5,129,42,514,215,257,185,87,3,27,3,11,5,121,40
20260808,calm_talk_r5,130,40,517,218,259,185,86,5,28,1,9,6,131,43
20260808,calm_talk_r5,131,42,521,219,260,185,85,4,30,1,8,6,131,43
20260808,calm_talk_r5,132,43,526,219,264,188,87,1,30,2,7,8,131,43
20260808,calm_talk_r5,133,45,530,220,265,190,89,1,29,1,7,9,131,43
20260808,calm_talk_r5,134,47,535,221,267,192,91,2,27,0,8,9,131,43
20260808,calm_talk_r5,135,51,539,221,267,197,95,1,23,1,9,9,131,43
20260808,calm_talk_r5,136,55,544,222,267,197,93,1,24,2,9,10,131,43
20260808,calm_talk_r5,137,57,549,225,267,202,96,4,19,1,9,11,131,43
20260808,calm_talk_r5,138,55,552,227,270,205,98,5,17,0,9,11,131,43
20260808,calm_talk_r5,139,56,557,227,274,207,100,2,18,0,9,10,131,43
20260808,calm_talk_r5,140,56,562,227,279,207,99,0,20,1,9,9,131,43
20260808,calm_talk_r5,141,56,565,227,282,209,100,0,18,2,9,9,131,43
20260808,calm_talk_r5,142,57,570,230,283,213,101,3,14,2,9,9,131,43
20260808,calm_talk_r5,143,58,575,231,286,213,101,4,14,1,8,10,131,43
20260808,calm_talk_r5,144,59,578,232,287,214,101,2,16,1,8,12,131,43
20260808,calm_talk_r5,145,59,581,233,289,215,99,2,16,3,8,12,131,43
20260808,calm_talk_r5,146,58,585,235,292,216,99,3,16,2,8,11,131,43
20260808,calm_talk_r5,147,58,590,237,295,217,99,4,16,1,9,12,131,43
20260808,calm_talk_r5,148,59,595,237,299,218,100,2,17,1,9,11,131,43
20260808,calm_talk_r5,149,58,598,238,302,220,102,1,17,0,9,11,131,43
20260808,calm_talk_r5,150,58,603,239,306,221,100,2,16,2,10,11,131,43
20260808,calm_talk_r5,151,58,607,239,310,223,100,1,15,4,10,10,131,43
20260808,calm_talk_r5,152,55,610,242,313,223,98,3,16,3,11,9,131,43
20260808,calm_talk_r5,153,54,613,244,315,223,98,5,16,1,10,9,131,43
20260808,calm_talk_r5,154,50,617,247,320,225,96,5,17,2,11,8,131,43
20260808,calm_talk_r5,155,49,621,248,324,226,96,4,18,2,13,8,126,43
20260808,calm_talk_r5,156,49,625,250,326,227,97,3,20,0,13,7,126,43
20260808,calm_talk_r5,157,48,628,250,330,228,97,2,20,1,12,6,126,43
20260808,calm_talk_r5,158,45,632,252,335,232,99,2,18,1,10,5,126,43
20260808,calm_talk_r5,159,44,637,256,337,232,94,6,18,2,10,5,126,43
20260808,calm_talk_r5,160,45,641,256,340,233,94,4,19,3,12,5,131,43
20260808,calm_talk_r5,161,44,645,258,343,233,94,2,23,1,11,6,131,43
20260808,calm_talk_r5,162,44,649,259,346,234,95,3,22,0,10,8,131,43
20260808,calm_talk_r5,163,44,654,259,351,235,96,1,23,0,10,8,131,43
20260808,calm_talk_r5,164,45,659,260,354,236,95,1,23,1,9,8,131,43
20260808,calm_talk_r5,165,46,662,261,355,238,96,2,21,1,9,9,131,43
20260808,calm_talk_r5,166,47,665,262,356,240,98,2,20,0,9,9,131,43
20260808,calm_talk_r5,167,50,669,262,357,242,98,1,19,2,9,10,131,43
20260808,calm_talk_r5,168,52,674,262,360,245,101,0,17,2,9,11,131,43
20260808,calm_talk_r5,169,53,677,264,360,247,103,2,15,0,9,11,131,43
20260808,calm_talk_r5,170,54,682,265,363,248,101,3,14,2,9,12,131,43
20260808,calm_talk_r5,171,52,685,266,367,250,101,2,14,3,9,11,131,43
20260808,calm_talk_r5,172,52,688,268,368,250,100,3,15,2,9,10,131,43
20260808,calm_talk_r5,173,52,693,272,369,251,98,6,15,1,9,11,131,43
20260808,calm_talk_r5,174,54,698,273,371,254,100,5,14,1,9,10,131,43
20260808,calm_talk_r5,175,53,702,274,375,254,98,2,18,2,9,10,131,43
20260808,calm_talk_r5,176,51,706,277,378,255,97,4,18,1,9,10,131,43
20260808,calm_talk_r5,177,49,709,278,382,255,96,4,19,1,9,8,131,43
20260808,calm_talk_r5,178,48,712,278,386,257,97,1,20,2,9,9,131,43
20260808,calm_talk_r5,179,47,716,280,389,257,96,2,21,1,9,9,131,43
20260808,calm_talk_r5,180,48,719,281,390,259,95,3,19,3,10,8,121,40
20260808,calm_talk_r5,181,49,723,282,392,260,93,2,20,5,11,8,121,40
20260808,calm_talk_r5,182,49,728,285,394,261,94,4,20,2,11,7,121,40
20260808,calm_talk_r5,183,48,733,287,398,262,95,5,20,0,11,6,121,40
20260808,calm_talk_r5,184,49,737,288,400,265,97,3,20,0,13,6,121,40
20260808,calm_talk_r5,185,50,742,288,404,266,97,1,21,1,13,5,131,43
20260808,calm_talk_r5,186,51,745,288,406,266,96,0,22,2,14,5,131,43
20260808,calm_talk_r5,187,48,749,292,409,268,95,4,20,1,13,4,131,43
20260808,calm_talk_r5,188,48,752,293,411,269,96,5,19,0,13,4,131,43
20260808,calm_talk_r5,189,48,756,293,415,271,98,1,21,0,11,5,131,43
20260808,calm_talk_r5,190,48,759,293,418,273,99,0,20,1,10,6,131,43
20260808,calm_talk_r5,191,48,762,294,420,276,101,1,17,1,9,6,131,43
20260808,calm_talk_r5,192,49,767,295,423,276,101,2,17,0,9,7,131,43
20260808,calm_talk_r5,193,49,771,297,425,280,103,3,14,0,9,7,131,43
20260808,calm_talk_r5,194,49,775,297,429,281,104,2,14,0,9,8,131,43
20260808,calm_talk_r5,195,51,778,298,429,283,105,1,14,0,9,8,131,43
20260808,calm_talk_r5,196,53,782,298,431,285,107,1,12,0,9,8,131,43
20260808,calm_talk_r5,197,53,787,298,436,286,106,0,12,2,9,8,131,43
20260808,calm_talk_r5,198,52,791,298,441,287,107,0,11,2,9,9,131,43
20260808,calm_talk_r5,199,53,796,301,442,287,105,3,11,1,9,9,131,43
20260808,calm_talk_r5,200,52,800,302,446,287,103,4,11,2,9,8,131,43
20260808,calm_talk_r5,201,51,804,306,447,289,102,5,12,1,9,8,131,43
20260808,calm_talk_r5,202,51,809,308,450,291,102,6,11,1,9,9,131,43
20260808,calm_talk_r5,203,51,814,310,453,293,102,4,13,1,9,9,131,43
20260808,calm_talk_r5,204,52,818,311,455,294,101,3,14,2,9,8,131,43
20260808,calm_talk_r5,205,55,823,311,457,295,102,1,15,2,9,8,131,43
20260808,calm_talk_r5,206,56,827,313,458,295,101,2,16,1,9,8,131,43
20260808,calm_talk_r5,207,55,831,313,463,296,100,2,15,3,9,9,131,43
20260808,calm_talk_r5,208,56,834,314,464,296,98,1,17,4,9,9,131,43
20260808,calm_talk_r5,209,54,838,318,466,296,95,5,17,3,9,9,131,43
20260808,calm_talk_r5,210,51,841,324,466,298,91,10,16,3,9,8,131,43
20260808,calm_talk_r5,211,48,845,328,469,299,89,10,19,2,9,7,131,43
20260808,calm_talk_r5,212,48,850,330,472,299,88,6,25,1,9,6,131,43
20260808,calm_talk_r5,213,46,854,332,476,301,86,4,27,3,10,5,131,43
20260808,calm_talk_r5,214,46,857,333,478,301,82,3,29,6,11,5,131,43
20260808,calm_talk_r5,215,47,862,335,480,303,83,3,29,5,11,5,131,43
20260808,calm_talk_r5,216,45,865,339,481,303,83,6,30,1,11,5,131,43
20260808,calm_talk_r5,217,43,868,340,485,304,82,5,31,2,10,4,131,43
20260808,calm_talk_r5,218,44,873,340,489,305,83,1,34,2,9,5,131,43
20260808,calm_talk_r5,219,43,877,343,491,308,84,3,32,1,7,6,131,43
20260808,calm_talk_r5,220,40,880,344,496,310,85,4,30,1,6,6,131,43
20260808,calm_talk_r5,221,37,883,347,499,312,84,4,31,1,5,7,131,43
20260808,calm_talk_r5,222,37,887,347,503,315,86,3,29,2,5,7,131,43
20260808,calm_talk_r5,223,38,891,348,505,316,86,1,31,2,5,8,131,43
20260808,calm_talk_r5,224,39,894,349,506,318,88,2,29,1,5,9,131,43
20260808,calm_talk_r5,225,40,897,351,506,320,89,3,28,0,8,8,131,43
20260808,calm_talk_r5,226,42,902,353,507,321,88,4,28,0,8,9,131,43
20260808,calm_talk_r5,227,45,907,354,508,325,91,3,26,0,8,10,131,43
20260808,calm_talk_r5,228,48,910,354,508,326,92,1,27,0,8,10,131,43
20260808,calm_talk_r5,229,51,914,354,509,332,98,0,22,0,9,10,131,43
20260808,calm_talk_r5,230,49,918,355,514,334,99,1,20,0,9,11,131,43
20260808,calm_talk_r5,231,49,923,357,517,336,99,3,18,0,8,11,131,43
20260808,calm_talk_r5,232,49,926,357,520,337,100,2,18,0,8,10,131,43
20260808,calm_talk_r5,233,48,930,357,525,337,99,0,20,1,8,11,131,43
20260808,calm_talk_r5,234,49,935,358,528,337,98,1,20,1,8,10,131,43
20260808,calm_talk_r5,235,51,938,359,528,338,99,2,19,0,8,10,111,40
20260808,calm_talk_r5,236,53,943,360,530,341,98,2,17,3,9,10,111,40
20260808,calm_talk_r5,237,53,948,361,534,343,98,2,16,4,9,10,111,40
20260808,calm_talk_r5,238,50,951,365,536,345,99,5,15,1,9,9,111,40
20260808,calm_talk_r5,239,53,956,366,537,347,101,5,14,0,9,9,111,40
20260808,calm_talk_r5,240,56,961,366,539,348,101,1,17,1,10,9,131,43
20260808,calm_talk_r5,241,57,966,368,541,349,98,2,17,3,11,9,131,43
20260808,calm_talk_r5,242,54,969,369,546,350,99,3,16,2,13,8,131,43
20260808,calm_talk_r5,243,52,972,372,548,352,100,4,16,0,12,6,131,43
20260808,calm_talk_r5,244,53,977,374,550,353,98,5,16,1,12,6,131,43
20260808,calm_talk_r5,245,55,982,374,553,353,98,2,19,1,13,6,131,43
20260808,calm_talk_r5,246,54,986,375,557,354,99,1,20,0,13,6,131,43
20260808,calm_talk_r5,247,54,989,375,560,355,99,1,19,1,13,5,131,43
20260808,calm_talk_r5,248,54,994,376,564,358,100,1,17,2,15,6,131,43
20260808,calm_talk_r5,249,53,999,378,568,358,99,3,17,1,13,6,131,43
20260808,calm_talk_r5,250,53,1003,379,571,359,99,3,17,1,13,6,131,43
20260808,calm_talk_r5,251,51,1007,380,576,359,96,2,19,3,12,6,131,43
20260808,calm_talk_r5,252,50,1011,381,580,359,95,2,20,3,11,7,131,43
20260808,calm_talk_r5,253,49,1015,383,583,360,95,3,20,2,10,7,131,43
20260808,calm_talk_r5,254,45,1018,385,588,360,94,4,21,1,9,7,131,43
20260808,calm_talk_r5,255,48,1023,387,588,362,95,4,21,0,9,7,122,43
20260808,calm_talk_r5,256,53,1028,387,588,363,95,2,22,1,9,9,122,43
20260808,calm_talk_r5,257,54,1031,389,588,367,97,2,20,1,9,9,122,43
20260808,calm_talk_r5,258,54,1034,391,589,369,97,4,18,1,9,9,122,43
20260808,calm_talk_r5,259,52,1037,391,594,369,96,2,20,2,9,9,122,43
20260808,calm_talk_r5,260,51,1041,392,598,372,98,1,19,2,9,10,131,43
20260808,calm_talk_r5,261,51,1044,393,600,373,99,2,18,1,9,10,131,43
20260808,calm_talk_r5,262,51,1047,395,601,374,98,3,18,1,9,9,131,43
20260808,calm_talk_r5,263,52,1052,395,605,376,98,2,17,3,9,10,131,43
20260808,calm_talk_r5,264,51,1055,396,608,377,99,1,18,2,8,8,131,43
20260808,calm_talk_r5,265,52,1060,398,610,379,101,3,16,0,9,10,131,43
20260808,calm_talk_r5,266,53,1065,399,613,379,100,3,17,0,9,10,131,43
20260808,calm_talk_r5,267,52,1069,400,617,380,97,2,18,3,9,11,131,43
20260808,calm_talk_r5,268,52,1074,401,621,381,95,2,18,5,9,11,131,43
20260808,calm_talk_r5,269,54,1079,404,621,381,94,4,19,3,9,10,131,43
20260808,calm_talk_r5,270,55,1084,407,622,382,94,6,19,1,9,10,131,43
20260808,calm_talk_r5,271,51,1087,409,627,385,95,5,19,1,8,8,131,43
20260808,calm_talk_r5,272,53,1090,409,628,386,94,2,21,3,9,8,131,43
20260808,calm_talk_r5,273,54,1094,410,630,386,94,1,23,2,8,8,131,43
20260808,calm_talk_r5,274,53,1098,413,632,388,93,4,21,2,9,7,131,43
20260808,calm_talk_r5,275,52,1101,413,636,391,94,3,19,4,10,5,131,43
20260808,calm_talk_r5,276,51,1104,415,638,391,92,2,22,4,10,5,131,43
20260808,calm_talk_r5,277,51,1107,417,639,392,93,4,21,2,9,5,131,43
20260808,calm_talk_r5,278,50,1111,419,642,394,94,4,21,1,11,6,131,43
20260808,calm_talk_r5,279,50,1114,420,644,395,93,3,22,2,12,6,131,43
20260808,calm_talk_r5,280,46,1117,422,649,396,93,3,23,1,11,6,131,43
20260808,calm_talk_r5,281,44,1122,424,654,398,94,4,22,0,12,5,131,43
20260808,calm_talk_r5,282,45,1127,424,658,399,95,2,23,0,10,6,131,43
20260808,calm_talk_r5,283,44,1132,426,662,400,94,2,24,0,9,6,131,43
20260808,calm_talk_r5,284,41,1135,427,667,403,95,3,21,1,9,6,131,43
20260808,calm_talk_r5,285,44,1140,428,668,403,93,2,23,2,9,6,121,40
20260808,calm_talk_r5,286,46,1143,428,669,404,95,1,23,1,9,6,121,40
20260808,calm_talk_r5,287,48,1147,429,670,404,95,1,24,0,9,7,121,40
20260808,calm_talk_r5,288,48,1150,431,671,406,94,3,22,1,9,7,121,40
20260808,calm_talk_r5,289,49,1155,432,674,408,94,3,21,2,9,9,121,40
20260808,calm_talk_r5,290,48,1158,434,676,409,94,3,22,1,9,9,126,43
20260808,calm_talk_r5,291,48,1162,436,678,409,93,4,23,0,9,10,126,43
20260808,calm_talk_r5,292,48,1167,438,681,412,93,4,22,1,9,10,126,43
20260808,calm_talk_r5,293,48,1170,438,684,414,95,2,22,1,9,10,126,43
20260808,calm_talk_r5,294,48,1173,440,685,415,94,2,23,1,9,11,126,43
20260808,calm_talk_r5,295,51,1178,440,687,417,96,2,21,1,9,11,131,43
20260808,calm_talk_r5,296,53,1183,441,689,419,98,1,21,0,9,10,131,43
20260808,calm_talk_r5,297,54,1187,441,692,419,98,1,21,0,9,10,131,43
20260808,calm_talk_r5,298,55,1191,441,695,421,100,0,20,0,9,10,131,43
20260808,calm_talk_r5,299,56,1195,441,698,424,100,0,17,3,9,9,131,43
20260808,calm_talk_r5,300,56,1199,441,702,425,98,0,16,6,9,7,131,43
20260808,calm_talk_r5,301,58,1204,444,702,426,98,3,15,4,10,7,131,43
20260808,calm_talk_r5,302,57,1209,449,703,428,97,8,13,2,10,6,131,43
20260808,calm_talk_r5,303,57,1213,450,706,432,100,6,12,2,11,6,131,43
20260808,calm_talk_r5,304,56,1218,451,711,432,100,2,17,1,14,6,131,43
20260808,calm_talk_r5,305,58,1221,452,711,432,99,2,18,1,16,5,131,43
20260808,calm_talk_r5,306,58,1225,453,714,433,98,2,18,2,16,4,131,43
20260808,calm_talk_r5,307,57,1230,455,718,434,97,3,18,2,16,4,131,43
20260808,calm_talk_r5,308,55,1233,457,721,436,97,4,17,2,16,4,131,43
20260808,calm_talk_r5,309,55,1238,459,724,437,97,4,18,1,15,5,131,43
20260808,calm_talk_r5,310,51,1241,461,729,438,96,4,19,1,12,5,131,43
20260808,calm_talk_r5,311,51,1246,461,734,438,94,2,21,3,10,7,131,43
20260808,calm_talk_r5,312,50,1251,463,738,439,94,2,22,2,9,8,131,43
20260808,calm_talk_r5,313,48,1254,465,741,441,96,4,20,0,10,9,131,43
20260808,calm_talk_r5,314,47,1257,466,744,441,94,3,22,1,9,10,131,43
20260808,calm_talk_r5,315,51,1261,466,744,442,94,1,23,2,9,10,131,43
20260808,calm_talk_r5,316,53,1265,467,745,443,95,1,23,1,9,10,131,43
20260808,calm_talk_r5,317,55,1269,468,746,444,96,2,22,0,9,12,131,43
20260808,calm_talk_r5,318,53,1272,469,750,445,96,2,22,0,9,12,131,43
20260808,calm_talk_r5,319,52,1276,469,755,446,97,1,22,0,9,13,131,43
20260808,calm_talk_r5,320,52,1280,470,758,448,97,1,21,1,9,13,131,43
20260808,calm_talk_r5,321,52,1284,471,761,452,100,2,17,1,9,12,131,43
20260808,calm_talk_r5,322,51,1288,472,765,453,101,2,17,0,9,11,131,43
20260808,calm_talk_r5,323,51,1291,472,768,455,102,1,16,1,9,11,131,43
20260808,calm_talk_r5,324,50,1294,472,772,459,105,0,13,2,9,10,131,43
20260808,calm_talk_r5,325,53,1299,473,773,460,103,1,12,4,9,10,131,43
20260808,calm_talk_r5,326,52,1303,474,777,460,102,2,12,4,9,8,131,43
20260808,calm_talk_r5,327,51,1306,477,778,460,101,4,13,2,9,8,131,43
20260808,calm_talk_r5,328,52,1310,478,780,460,101,4,14,1,9,7,131,43
20260808,calm_talk_r5,329,54,1314,479,781,460,101,2,17,0,9,8,131,43
20260808,calm_talk_r5,330,54,1319,480,785,463,103,2,15,0,9,8,131,43
20260808,calm_talk_r5,331,55,1324,480,789,464,102,1,15,2,11,8,131,43
20260808,calm_talk_r5,332,54,1328,481,793,465,99,1,15,5,10,6,131,43
20260808,calm_talk_r5,333,53,1332,484,795,466,99,4,14,3,12,5,131,43
20260808,calm_talk_r5,334,50,1336,487,799,467,99,6,14,1,12,5,131,43
20260808,calm_talk_r5,335,53,1341,487,801,469,100,3,15,2,12,5,121,40
20260808,calm_talk_r5,336,53,1345,489,803,469,99,2,18,1,12,5,121,40
20260808,calm_talk_r5,337,50,1348,491,807,469,98,4,18,0,11,5,121,40
20260808,calm_talk_r5,338,50,1352,492,810,471,99,3,18,0,13,5,121,40
20260808,calm_talk_r5,339,50,1355,492,813,472,100,1,19,0,14,5,121,40
20260808,calm_talk_r5,340,49,1359,492,818,472,100,0,20,0,12,5,131,43
20260808,calm_talk_r5,341,48,1363,493,822,473,100,1,19,0,12,5,131,43
20260808,calm_talk_r5,342,48,1366,493,825,473,100,1,19,0,11,6,131,43
20260808,calm_talk_r5,343,47,1369,494,828,475,100,1,18,1,10,6,131,43
20260808,calm_talk_r5,344,48,1374,494,832,476,99,1,17,3,9,8,131,43
20260808,calm_talk_r5,345,49,1377,496,832,479,101,2,15,2,9,8,131,43
20260808,calm_talk_r5,346,50,1380,498,832,481,103,4,13,0,9,8,131,43
20260808,calm_talk_r5,347,53,1385,498,834,482,103,2,14,1,9,10,131,43
20260808,calm_talk_r5,348,55,1390,498,837,482,102,0,16,2,9,11,131,43
20260808,calm_talk_r5,349,54,1393,499,840,486,105,1,12,2,8,11,131,43
20260808,calm_talk_r5,350,52,1397,500,845,486,104,2,12,2,8,11,131,43
20260808,calm_talk_r5,351,52,1402,503,847,488,103,4,11,2,7,12,131,43
20260808,calm_talk_r5,352,53,1405,504,848,489,104,4,11,1,7,13,131,43
20260808,calm_talk_r5,353,54,1410,506,850,491,103,3,12,2,7,13,131,43
20260808,calm_talk_r5,354,54,1413,506,853,492,103,2,12,3,8,13,131,43
20260808,calm_talk_r5,355,54,1418,509,855,493,103,3,13,1,8,12,131,43
20260808,calm_talk_r5,356,53,1423,512,858,493,100,6,13,1,9,12,131,43
20260808,calm_talk_r5,357,53,1426,512,861,494,101,3,15,1,9,11,131,43
20260808,calm_talk_r5,358,52,1431,516,863,494,97,4,18,1,9,11,131,43
20260808,calm_talk_r5,359,51,1435,516,868,494,97,4,18,1,9,8,131,43
20260808,calm_talk_r5,360,54,1439,517,868,494,97,1,22,0,10,8,126,43
20260808,calm_talk_r5,361,55,1443,518,870,496,98,2,20,0,10,7,126,43
20260808,calm_talk_r5,362,55,1446,518,873,499,101,1,18,0,11,7,126,43
20260808,calm_talk_r5,363,53,1449,518,878,499,101,0,19,0,11,7,126,43
20260808,calm_talk_r5,364,53,1452,518,881,500,102,0,18,0,13,6,126,43
20260808,calm_talk_r5,365,52,1455,518,885,501,102,0,17,1,15,5,131,43
20260808,calm_talk_r5,366,52,1460,519,889,502,102,1,16,1,15,4,131,43
20260808,calm_talk_r5,367,51,1463,520,892,503,102,2,15,1,14,4,131,43
20260808,calm_talk_r5,368,51,1467,520,896,505,104,1,14,1,13,5,131,43
20260808,calm_talk_r5,369,50,1471,522,899,507,104,2,13,1,14,5,131,43
20260808,calm_talk_r5,370,50,1476,523,903,507,102,3,13,2,13,5,131,43
20260808,calm_talk_r5,371,49,1479,524,906,508,103,2,14,1,11,5,131,43
20260808,calm_talk_r5,372,49,1483,526,908,511,104,3,12,1,10,6,131,43
20260808,calm_talk_r5,373,50,1487,526,911,514,107,2,10,1,10,6,131,43
20260808,calm_talk_r5,374,47,1490,528,915,516,108,2,10,0,9,7,131,43
20260808,calm_talk_r5,375,50,1494,529,915,516,106,3,10,1,9,7,131,43
20260808,calm_talk_r5,376,51,1498,530,917,516,105,2,12,1,9,7,131,43
20260808,calm_talk_r5,377,52,1502,531,919,518,107,2,11,0,9,8,131,43
20260808,calm_talk_r5,378,53,1507,532,922,518,106,2,12,0,9,7,131,43
20260808,calm_talk_r5,379,53,1511,533,925,518,103,2,13,2,9,8,131,43
20260808,calm_talk_r5,380,55,1516,533,928,520,105,1,12,2,9,8,115,42
20260808,calm_talk_r5,381,54,1519,535,930,520,105,2,13,0,9,8,115,42
20260808,calm_talk_r5,382,57,1524,535,932,520,105,2,13,0,9,10,115,42
20260808,calm_talk_r5,383,56,1527,535,936,520,105,0,15,0,9,10,115,42
20260808,calm_talk_r5,384,58,1531,535,938,521,104,0,14,2,9,9,115,42
20260808,calm_talk_r5,385,58,1536,535,943,522,103,0,13,4,9,8,131,43
20260808,calm_talk_r5,386,58,1541,538,945,522,102,3,13,2,9,9,131,43
20260808,calm_talk_r5,387,59,1546,541,946,523,101,6,12,1,9,8,131,43
20260808,calm_talk_r5,388,59,1550,541,950,523,99,3,15,3,9,8,131,43
20260808,calm_talk_r5,389,61,1555,542,952,524,98,1,17,4,9,7,131,43
20260808,calm_talk_r5,390,60,1560,546,954,528,96,5,13,6,9,7,121,40
20260808,calm_talk_r5,391,60,1565,550,955,529,93,8,13,6,11,7,121,40
20260808,calm_talk_r5,392,57,1568,555,956,529,90,9,17,4,12,7,121,40
20260808,calm_talk_r5,393,56,1572,557,959,530,91,7,20,2,11,7,121,40
20260808,calm_talk_r5,394,53,1575,559,963,530,91,4,25,0,12,7,121,40
20260808,calm_talk_r5,395,52,1579,559,968,532,93,2,25,0,13,5,131,43
20260808,calm_talk_r5,396,53,1583,559,971,532,92,0,27,1,13,5,131,43
20260808,calm_talk_r5,397,51,1586,559,976,532,90,0,27,3,13,5,131,43
20260808,calm_talk_r5,398,51,1591,562,978,532,88,3,27,2,13,5,131,43
20260808,calm_talk_r5,399,51,1596,564,981,534,90,5,25,0,12,5,131,43
20260808,calm_talk_r5,400,49,1599,564,986,535,89,2,27,2,11,5,131,43
20260808,calm_talk_r5,401,49,1604,564,991,539,93,0,25,2,11,5,131,43
20260808,calm_talk_r5,402,47,1608,567,994,540,93,3,24,0,9,5,131,43
20260808,calm_talk_r5,403,46,1611,567,998,541,94,3,23,0,8,6,131,43
20260808,calm_talk_r5,404,45,1614,567,1002,542,95,0,25,0,8,6,131,43
20260808,calm_talk_r5,405,48,1617,567,1002,544,97,0,23,0,8,7,131,43
20260808,calm_talk_r5,406,50,1620,568,1002,548,99,1,19,1,8,7,131,43
20260808,calm_talk_r5,407,51,1625,570,1004,550,99,3,17,1,9,7,131,43
20260808,calm_talk_r5,408,51,1630,571,1008,552,101,3,16,0,9,8,131,43
20260808,calm_talk_r5,409,54,1635,571,1010,553,102,1,17,0,9,9,131,43
20260808,calm_talk_r5,410,53,1639,572,1014,556,102,1,15,2,9,8,131,43
20260808,calm_talk_r5,411,52,1643,573,1018,557,101,2,14,3,9,7,131,43
20260808,calm_talk_r5,412,52,1646,575,1019,561,105,3,11,1,9,8,131,43
20260808,calm_talk_r5,413,51,1649,577,1021,562,105,4,11,0,9,8,131,43
20260808,calm_talk_r5,414,50,1654,578,1026,562,104,3,13,0,9,7,131,43
20260808,calm_talk_r5,415,51,1658,578,1029,566,105,1,11,3,9,7,131,43
20260808,calm_talk_r5,416,50,1663,579,1034,567,104,1,11,4,9,7,131,43
20260808,calm_talk_r5,417,50,1666,582,1034,567,104,4,11,1,9,8,131,43
20260808,calm_talk_r5,418,52,1671,583,1036,567,103,4,12,1,8,9,131,43
20260808,calm_talk_r5,419,52,1674,584,1038,567,101,2,15,2,8,9,131,43
20260808,calm_talk_r5,420,52,1677,585,1040,567,100,2,16,2,8,9,131,43
20260808,calm_talk_r5,421,55,1682,586,1041,568,99,2,16,3,10,9,131,43
20260808,calm_talk_r5,422,55,1687,588,1044,568,96,3,17,4,11,7,131,43
20260808,calm_talk_r5,423,53,1691,590,1048,569,97,4,17,2,12,7,131,43
20260808,calm_talk_r5,424,50,1695,593,1052,570,97,5,18,0,11,7,131,43
20260808,calm_talk_r5,425,51,1700,593,1056,571,98,3,19,0,13,6,131,43
20260808,calm_talk_r5,426,53,1705,594,1058,572,98,1,21,0,13,6,131,43
20260808,calm_talk_r5,427,54,1709,594,1061,573,99,1,20,0,13,6,131,43
20260808,calm_talk_r5,428,54,1714,596,1064,575,99,2,19,0,13,6,131,43
20260808,calm_talk_r5,429,53,1717,596,1068,577,101,2,17,0,14,7,131,43
20260808,calm_talk_r5,430,53,1721,596,1072,579,102,0,17,1,13,7,131,43
20260808,calm_talk_r5,431,52,1725,597,1076,580,102,1,16,1,11,7,131,43
20260808,calm_talk_r5,432,53,1730,598,1079,580,101,2,16,1,10,7,131,43
20260808,calm_talk_r5,433,50,1733,600,1083,583,101,3,14,2,8,7,131,43
20260808,calm_talk_r5,434,51,1737,601,1085,584,101,3,14,2,7,9,131,43
20260808,calm_talk_r5,435,54,1741,602,1085,586,102,2,14,2,8,9,131,43
20260808,calm_talk_r5,436,57,1745,603,1085,587,103,2,14,1,8,9,131,43
20260808,calm_talk_r5,437,57,1749,604,1088,588,104,2,14,0,9,9,131,43
20260808,calm_talk_r5,438,56,1752,604,1092,590,105,1,13,1,9,9,131,43
20260808,calm_talk_r5,439,56,1757,605,1096,591,102,1,13,4,9,9,131,43
20260808,calm_talk_r5,440,55,1760,606,1099,591,102,2,13,3,9,8,131,43
20260808,calm_talk_r5,441,55,1765,610,1100,592,102,5,13,0,9,7,131,43
20260808,calm_talk_r5,442,54,1769,611,1104,594,101,5,12,2,9,7,131,43
20260808,calm_talk_r5,443,53,1772,611,1108,595,102,1,15,2,9,8,131,43
20260808,calm_talk_r5,444,53,1776,615,1108,598,102,4,13,1,9,9,131,43
20260808,calm_talk_r5,445,52,1779,615,1112,598,102,4,13,1,8,9,121,40
20260808,calm_talk_r5,446,50,1784,620,1114,599,99,5,16,0,8,9,121,40
20260808,calm_talk_r5,447,49,1787,620,1118,599,99,5,16,0,7,9,121,40
20260808,calm_talk_r5,448,50,1790,620,1120,599,99,0,21,0,7,9,121,40
20260808,calm_talk_r5,449,51,1795,620,1124,599,97,0,21,2,8,9,121,40
20260808,calm_talk_r5,450,49,1799,622,1128,601,97,2,19,2,8,8,131,43
20260808,calm_talk_r5,451,50,1803,624,1129,603,98,4,17,1,9,8,131,43
20260808,calm_talk_r5,452,49,1806,624,1133,605,100,2,17,1,9,7,131,43
20260808,calm_talk_r5,453,49,1811,626,1136,605,98,2,19,1,11,6,131,43
20260808,calm_talk_r5,454,47,1814,626,1141,605,98,2,19,1,11,5,131,43
20260808,calm_talk_r5,455,47,1819,628,1144,605,96,2,21,1,11,5,131,43
20260808,calm_talk_r5,456,48,1824,628,1148,608,99,2,18,1,12,6,131,43
20260808,calm_talk_r5,457,49,1828,629,1150,610,99,1,18,2,11,7,131,43
20260808,calm_talk_r5,458,50,1832,629,1153,611,100,1,17,2,10,8,131,43
20260808,calm_talk_r5,459,50,1836,631,1155,611,100,2,18,0,12,9,131,43
20260808,calm_talk_r5,460,50,1839,631,1158,612,100,2,17,1,12,9,131,43
20260808,calm_talk_r5,461,51,1843,632,1160,615,102,1,16,1,12,9,131,43
20260808,calm_talk_r5,462,50,1846,634,1162,617,103,3,14,0,11,10,131,43
20260808,calm_talk_r5,463,53,1851,634,1164,619,104,2,13,1,9,10,131,43
20260808,calm_talk_r5,464,52,1856,635,1169,620,104,1,14,1,9,10,131,43
20260808,calm_talk_r5,465,53,1859,636,1170,621,105,2,13,0,9,10,131,43
20260808,calm_talk_r5,466,56,1862,636,1170,621,104,1,14,1,9,10,131,43
20260808,calm_talk_r5,467,56,1865,636,1173,622,105,0,14,1,9,10,131,43
20260808,calm_talk_r5,468,53,1868,638,1177,622,104,2,14,0,9,11,131,43
20260808,calm_talk_r5,469,53,1872,640,1179,623,103,4,13,0,9,10,131,43
20260808,calm_talk_r5,470,50,1875,641,1184,624,103,3,14,0,9,9,131,43
20260808,calm_talk_r5,471,49,1879,641,1189,625,104,1,15,0,9,7,131,43
20260808,calm_talk_r5,472,49,1883,641,1193,627,105,0,14,1,9,7,131,43
20260808,calm_talk_r5,473,49,1887,641,1197,627,104,0,14,2,9,8,131,43
20260808,calm_talk_r5,474,50,1892,642,1200,627,104,1,14,1,9,8,131,43
20260808,calm_talk_r5,475,48,1895,645,1202,628,103,4,13,0,9,8,131,43
20260808,calm_talk_r5,476,49,1900,646,1205,629,99,4,13,4,9,8,131,43
20260808,calm_talk_r5,477,50,1905,647,1208,630,95,2,15,8,9,7,131,43
20260808,calm_talk_r5,478,48,1909,652,1209,631,92,6,15,7,9,8,131,43
20260808,calm_talk_r5,479,47,1912,656,1209,634,95,9,13,3,9,7,131,43
20260808,calm_talk_r5,480,44,1915,662,1209,634,90,10,18,2,8,7,131,43
20260808,calm_talk_r5,481,43,1919,665,1211,636,89,9,20,2,8,7,131,43
20260808,calm_talk_r5,482,43,1922,667,1212,639,90,5,23,2,9,7,131,43
20260808,calm_talk_r5,483,44,1925,667,1214,639,87,2,26,5,9,6,131,43
20260808,calm_talk_r5,484,43,1929,670,1216,639,85,3,28,4,10,5,131,43
20260808,calm_talk_r5,485,42,1934,674,1218,641,86,7,26,1,10,5,131,43
20260808,calm_talk_r5,486,42,1938,675,1221,641,85,5,29,1,10,5,131,43
20260808,calm_talk_r5,487,43,1942,675,1224,641,85,1,33,1,11,5,131,43
20260808,calm_talk_r5,488,42,1947,677,1228,642,85,2,33,0,11,5,131,43
20260808,calm_talk_r5,489,42,1951,677,1232,645,88,2,30,0,11,5,131,43
20260808,calm_talk_r5,490,43,1954,677,1234,645,87,0,32,1,12,5,126,43
20260808,calm_talk_r5,491,43,1958,677,1238,646,87,0,31,2,9,6,126,43
20260808,calm_talk_r5,492,41,1961,678,1242,651,91,1,26,2,8,5,126,43
20260808,calm_talk_r5,493,37,1964,682,1245,654,90,5,23,2,7,5,126,43
20260808,calm_talk_r5,494,38,1969,683,1248,654,89,5,24,2,7,6,126,43
20260808,calm_talk_r5,495,40,1972,684,1248,657,92,2,25,1,8,6,131,43
20260808,calm_talk_r5,496,42,1976,685,1249,661,96,2,22,0,8,7,131,43
20260808,calm_talk_r5,497,44,1979,686,1249,664,97,2,20,1,8,7,131,43
20260808,calm_talk_r5,498,49,1984,686,1249,664,97,1,21,1,8,7,131,43
20260808,calm_talk_r5,499,51,1989,689,1249,666,97,3,20,0,8,8,131,43
20260808,calm_talk_r5,500,51,1993,692,1250,667,95,6,19,0,8,9,131,43
20260808,calm_talk_r5,501,50,1997,694,1253,668,93,5,21,1,8,8,131,43
20260808,calm_talk_r5,502,50,2001,694,1257,671,96,2,21,1,8,10,131,43
20260808,calm_talk_r5,503,49,2004,695,1260,674,99,1,20,0,8,10,131,43
20260808,calm_talk_r5,504,49,2008,695,1264,674,98,1,20,1,8,10,131,43
20260808,calm_talk_r5,505,50,2012,695,1267,677,100,0,18,2,9,9,131,43
20260808,calm_talk_r5,506,49,2016,697,1270,679,100,2,16,2,9,8,131,43
20260808,calm_talk_r5,507,51,2021,699,1271,681,101,4,14,1,8,8,131,43
20260808,calm_talk_r5,508,52,2025,701,1272,682,101,4,15,0,9,7,131,43
20260808,calm_talk_r5,509,52,2030,701,1277,682,101,2,17,0,9,8,131,43
20260808,calm_talk_r5,510,51,2033,702,1280,683,101,1,18,0,9,8,131,43
20260808,calm_talk_r5,511,51,2037,702,1284,684,101,1,17,1,11,7,131,43
20260808,calm_talk_r5,512,54,2042,702,1286,684,98,0,18,4,11,7,131,43
20260808,calm_talk_r5,513,52,2046,704,1290,685,98,2,17,3,12,7,131,43
20260808,calm_talk_r5,514,50,2049,707,1292,686,99,5,16,0,14,7,131,43
20260808,calm_talk_r5,515,52,2054,708,1294,686,98,4,18,0,14,7,131,43
20260808,calm_talk_r5,516,52,2058,709,1297,687,98,2,20,0,15,6,131,43
20260808,calm_talk_r5,517,51,2062,710,1301,693,103,2,15,0,15,7,131,43
20260808,calm_talk_r5,518,51,2065,711,1303,694,103,2,15,0,15,7,131,43
20260808,calm_talk_r5,519,51,2070,712,1307,694,102,2,16,0,16,7,131,43
20260808,calm_talk_r5,520,52,2075,712,1311,695,103,1,16,0,13,8,101,38
20260808,calm_talk_r5,521,52,2080,713,1315,697,104,1,15,0,12,9,101,38
20260808,calm_talk_r5,522,51,2084,713,1320,699,106,1,13,0,10,9,101,38
20260808,calm_talk_r5,523,50,2088,715,1323,700,105,2,13,0,9,9,101,38
20260808,calm_talk_r5,524,49,2091,715,1327,700,105,2,13,0,9,9,101,38
20260808,calm_talk_r5,525,53,2095,715,1327,700,105,0,15,0,9,10,126,43
20260808,calm_talk_r5,526,54,2099,715,1330,700,105,0,15,0,9,9,126,43
20260808,calm_talk_r5,527,53,2103,715,1335,700,104,0,15,1,9,7,126,43
20260808,calm_talk_r5,528,54,2107,715,1338,701,104,0,14,2,10,7,126,43
20260808,calm_talk_r5,529,55,2111,716,1340,704,107,1,11,1,10,7,126,43
20260808,calm_talk_r5,530,55,2115,717,1343,704,106,2,11,1,9,10,131,43
20260808,calm_talk_r5,531,54,2118,718,1346,707,105,2,9,4,9,10,131,43
20260808,calm_talk_r5,532,54,2123,720,1349,708,105,3,9,3,9,12,131,43
20260808,calm_talk_r5,533,56,2128,723,1349,711,107,5,7,1,9,11,131,43
20260808,calm_talk_r5,534,56,2131,723,1352,711,106,3,9,2,9,10,131,43
20260808,calm_talk_r5,535,54,2135,725,1356,713,107,2,10,1,9,11,131,43
20260808,calm_talk_r5,536,54,2139,727,1358,714,107,4,9,0,9,10,131,43
20260808,calm_talk_r5,537,52,2142,728,1362,714,106,3,11,0,9,9,131,43
20260808,calm_talk_r5,538,51,2145,729,1365,714,105,2,13,0,9,10,131,43
20260808,calm_talk_r5,539,52,2149,729,1368,715,106,1,13,0,9,10,131,43
20260808,calm_talk_r5,540,49,2153,732,1372,715,102,3,14,1,9,10,131,43
20260808,calm_talk_r5,541,50,2158,732,1376,715,102,3,14,1,8,10,131,43
20260808,calm_talk_r5,542,50,2162,733,1379,715,101,1,17,1,10,9,131,43
20260808,calm_talk_r5,543,51,2167,733,1383,716,101,1,16,2,11,8,131,43
20260808,calm_talk_r5,544,50,2171,734,1387,717,101,1,16,2,11,8,131,43
20260808,calm_talk_r5,545,51,2176,735,1390,718,100,2,15,3,14,5,131,43
20260808,calm_talk_r5,546,52,2180,736,1392,718,100,2,16,2,15,4,131,43
20260808,calm_talk_r5,547,52,2185,738,1395,718,100,3,17,0,16,5,131,43
20260808,calm_talk_r5,548,51,2190,739,1400,719,99,3,17,1,13,6,131,43
20260808,calm_talk_r5,549,53,2195,739,1403,720,100,1,18,1,12,7,131,43
20260808,calm_talk_r5,550,55,2200,740,1405,720,100,1,19,0,11,7,126,43
20260808,calm_talk_r5,551,54,2203,741,1408,722,101,2,17,0,10,7,126,43
20260808,calm_talk_r5,552,55,2207,741,1411,723,102,1,17,0,9,8,126,43
20260808,calm_talk_r5,553,56,2211,742,1413,724,102,1,17,0,9,8,126,43
20260808,calm_talk_r5,554,56,2215,742,1417,727,105,1,14,0,9,9,126,43
20260808,calm_talk_r5,555,57,2218,743,1418,728,104,1,14,1,9,9,131,43
20260808,calm_talk_r5,556,62,2223,743,1418,729,105,1,13,1,9,11,131,43
20260808,calm_talk_r5,557,60,2226,745,1421,730,105,2,13,0,9,11,131,43
20260808,calm_talk_r5,558,59,2230,745,1426,731,104,2,12,2,9,10,131,43
20260808,calm_talk_r5,559,59,2234,745,1430,733,106,0,12,2,9,10,131,43
20260808,calm_talk_r5,560,57,2238,747,1434,733,105,2,12,1,9,9,131,43
20260808,calm_talk_r5,561,57,2242,748,1437,735,105,3,10,2,9,9,131,43
20260808,calm_talk_r5,562,56,2246,750,1440,735,102,3,12,3,9,9,131,43
20260808,calm_talk_r5,563,56,2250,751,1443,735,100,3,13,4,9,9,131,43
20260808,calm_talk_r5,564,54,2253,753,1446,737,99,3,13,5,9,9,131,43
20260808,calm_talk_r5,565,52,2256,755,1449,738,96,4,13,7,9,9,131,43
20260808,calm_talk_r5,566,52,2259,758,1449,738,95,5,15,5,9,10,131,43
20260808,calm_talk_r5,567,50,2262,762,1450,742,98,7,13,2,9,10,131,43
20260808,calm_talk_r5,568,52,2267,763,1452,743,99,5,15,1,9,9,131,43
20260808,calm_talk_r5,569,52,2271,764,1455,743,93,2,19,6,9,9,131,43
20260808,calm_talk_r5,570,52,2274,765,1457,743,91,2,20,7,9,8,121,43
20260808,calm_talk_r5,571,50,2279,772,1457,744,90,8,20,2,10,8,121,43
20260808,calm_talk_r5,572,52,2283,774,1457,746,89,9,19,3,11,7,121,43
20260808,calm_talk_r5,573,50,2286,775,1461,746,89,3,26,2,13,6,121,43
20260808,calm_talk_r5,574,48,2291,779,1464,746,86,5,28,1,12,5,121,43
20260808,calm_talk_r5,575,49,2296,779,1468,747,87,4,28,1,13,5,131,43
20260808,calm_talk_r5,576,50,2299,780,1469,749,88,1,30,1,12,5,131,43
20260808,calm_talk_r5,577,50,2304,781,1473,749,87,2,30,1,13,5,131,43
20260808,calm_talk_r5,578,49,2307,782,1476,751,89,2,29,0,13,5,131,43
20260808,calm_talk_r5,579,50,2312,783,1479,752,89,2,29,0,13,5,131,43
20260808,calm_talk_r5,580,50,2315,783,1482,755,92,1,27,0,11,7,131,43
20260808,calm_talk_r5,581,49,2318,784,1485,756,92,1,27,0,11,7,131,43
20260808,calm_talk_r5,582,49,2322,785,1488,757,91,2,26,1,10,8,131,43
20260808,calm_talk_r5,583,49,2327,786,1492,757,89,2,27,2,8,9,131,43
20260808,calm_talk_r5,584,48,2331,787,1496,758,90,2,27,1,9,10,131,43
20260808,calm_talk_r5,585,48,2336,791,1497,762,91,5,24,0,9,10,131,43
20260808,calm_talk_r5,586,50,2339,792,1497,766,94,5,21,0,9,11,131,43
20260808,calm_talk_r5,587,50,2343,793,1500,768,95,2,23,0,9,11,131,43
20260808,calm_talk_r5,588,49,2346,794,1503,772,97,2,20,1,9,11,131,43
20260808,calm_talk_r5,589,51,2351,795,1505,775,99,2,18,1,9,11,131,43
20260808,calm_talk_r5,590,49,2354,796,1509,777,100,2,17,1,9,11,131,43
20260808,calm_talk_r5,591,50,2359,797,1512,780,102,2,15,1,9,10,131,43
20260808,calm_talk_r5,592,50,2364,799,1515,780,101,3,16,0,9,9,131,43
20260808,calm_talk_r5,593,52,2369,800,1517,781,101,3,16,0,8,8,131,43
20260808,calm_talk_r5,594,52,2374,801,1521,781,99,2,18,1,8,9,131,43
20260808,calm_talk_r5,595,52,2377,801,1524,784,99,1,16,4,8,9,131,43
20260808,calm_talk_r5,596,53,2380,802,1525,784,98,1,17,4,8,9,131,43
20260808,calm_talk_r5,597,52,2384,806,1526,786,99,5,15,1,8,10,131,43
20260808,calm_talk_r5,598,50,2387,808,1529,788,100,6,14,0,8,10,131,43
20260808,calm_talk_r5,599,47,2390,810,1533,788,97,4,18,1,7,9,131,43
20260808,calm_talk_r5,600,48,2394,810,1536,790,99,2,18,1,7,8,121,40
