seed,combo,t,queue,generated,matched,cancelled,completed,idle,enroute,ontrip,rebal,alertCells,maxPendingCell,trafficCells15,trafficCells25
20260808,balanced_thr2,1,5,7,2,0,0,156,2,0,2,2,2,131,43
20260808,balanced_thr2,2,10,13,3,0,0,133,3,0,24,2,4,131,43
20260808,balanced_thr2,3,13,21,8,0,0,114,6,2,38,2,4,131,43
20260808,balanced_thr2,4,3,26,23,0,0,121,20,3,16,0,1,131,43
20260808,balanced_thr2,5,2,33,31,0,0,129,23,8,0,0,1,131,43
20260808,balanced_thr2,6,2,39,37,0,0,123,14,23,0,0,1,131,43
20260808,balanced_thr2,7,2,45,43,0,0,117,12,31,0,0,1,131,43
20260808,balanced_thr2,8,3,50,47,0,0,113,10,37,0,0,1,131,43
20260808,balanced_thr2,9,9,58,49,0,0,110,6,43,1,1,2,131,43
20260808,balanced_thr2,10,16,66,50,0,0,107,3,47,3,4,4,131,43
20260808,balanced_thr2,11,20,71,51,0,0,105,2,49,4,6,4,131,43
20260808,balanced_thr2,12,22,76,54,0,0,104,4,50,2,7,4,131,43
20260808,balanced_thr2,13,23,81,58,0,0,102,7,51,0,7,5,131,43
20260808,balanced_thr2,14,27,87,60,0,3,102,6,51,1,7,5,131,43
20260808,balanced_thr2,15,31,92,61,0,6,102,3,52,3,7,5,131,43
20260808,balanced_thr2,16,36,100,64,0,8,101,4,52,3,7,6,131,43
20260808,balanced_thr2,17,39,105,66,0,9,102,5,52,1,7,7,131,43
20260808,balanced_thr2,18,46,113,67,0,12,104,3,52,1,7,7,131,43
20260808,balanced_thr2,19,47,118,71,0,14,99,5,52,4,8,7,131,43
20260808,balanced_thr2,20,54,126,72,0,18,100,5,49,6,9,8,121,40
20260808,balanced_thr2,21,55,132,77,0,26,104,6,45,5,9,9,121,40
20260808,balanced_thr2,22,58,139,81,0,30,105,9,42,4,9,9,121,40
20260808,balanced_thr2,23,62,147,85,0,34,106,8,43,3,9,10,121,40
20260808,balanced_thr2,24,65,152,87,0,39,111,6,42,1,9,10,121,40
20260808,balanced_thr2,25,70,160,90,0,45,112,5,40,3,9,11,126,43
20260808,balanced_thr2,26,75,168,92,1,48,111,5,39,5,9,12,126,43
20260808,balanced_thr2,27,77,174,96,1,53,115,6,37,2,9,12,126,43
20260808,balanced_thr2,28,78,179,100,1,56,115,8,36,1,9,13,126,43
20260808,balanced_thr2,29,83,185,101,1,59,116,5,37,2,9,13,126,43
20260808,balanced_thr2,30,86,193,106,1,60,112,6,40,2,10,13,131,43
20260808,balanced_thr2,31,90,198,107,1,66,104,6,35,15,11,12,131,43
20260808,balanced_thr2,32,95,204,108,1,67,78,2,39,41,12,12,131,43
20260808,balanced_thr2,33,84,209,123,2,73,79,16,34,31,10,12,131,43
20260808,balanced_thr2,34,81,214,131,2,74,99,23,34,4,9,12,131,43
20260808,balanced_thr2,35,80,219,137,2,74,97,14,49,0,9,11,131,43
20260808,balanced_thr2,36,81,227,144,2,77,91,13,54,2,9,11,131,43
20260808,balanced_thr2,37,80,232,150,2,81,88,13,56,3,9,11,131,43
20260808,balanced_thr2,38,79,238,157,2,82,83,13,62,2,9,11,131,43
20260808,balanced_thr2,39,79,243,162,2,83,79,12,67,2,10,11,131,43
20260808,balanced_thr2,40,83,249,164,2,84,79,7,73,1,10,10,131,43
20260808,balanced_thr2,41,87,255,166,2,86,77,4,76,3,11,10,131,43
20260808,balanced_thr2,42,87,261,167,7,90,79,3,74,4,14,9,131,43
20260808,balanced_thr2,43,81,266,171,14,94,80,5,72,3,14,9,131,43
20260808,balanced_thr2,44,83,274,174,17,97,80,7,70,3,17,9,131,43
20260808,balanced_thr2,45,82,280,177,21,99,78,6,72,4,17,8,131,43
20260808,balanced_thr2,46,82,286,179,25,102,77,5,72,6,18,10,131,43
20260808,balanced_thr2,47,81,294,182,31,107,80,5,70,5,18,10,131,43
20260808,balanced_thr2,48,76,299,189,34,113,79,10,66,5,17,11,131,43
20260808,balanced_thr2,49,74,304,192,38,119,84,10,63,3,16,11,131,43
20260808,balanced_thr2,50,70,309,197,42,127,83,8,62,7,13,10,126,43
20260808,balanced_thr2,51,68,314,199,47,137,83,7,55,15,13,10,126,43
20260808,balanced_thr2,52,65,322,207,50,143,84,10,54,12,9,9,126,43
20260808,balanced_thr2,53,65,330,215,50,147,87,16,52,5,9,9,126,43
20260808,balanced_thr2,54,65,336,220,51,152,89,13,55,3,9,8,126,43
20260808,balanced_thr2,55,72,344,221,51,159,92,6,56,6,9,8,131,43
20260808,balanced_thr2,56,73,350,226,51,161,91,6,59,4,9,9,131,43
20260808,balanced_thr2,57,73,357,233,51,165,90,12,56,2,9,9,131,43
20260808,balanced_thr2,58,78,363,234,51,169,93,8,57,2,9,10,131,43
20260808,balanced_thr2,59,81,369,237,51,172,93,4,61,2,9,10,131,43
20260808,balanced_thr2,60,80,377,245,52,177,89,11,57,3,9,10,131,43
20260808,balanced_thr2,61,80,382,250,52,181,86,13,56,5,10,10,131,43
20260808,balanced_thr2,62,84,388,252,52,184,75,7,61,17,12,10,131,43
20260808,balanced_thr2,63,85,395,258,52,186,29,8,64,59,15,10,131,43
20260808,balanced_thr2,64,77,401,272,52,190,13,20,62,65,11,10,131,43
20260808,balanced_thr2,65,65,409,290,54,194,44,32,64,20,9,10,131,43
20260808,balanced_thr2,66,65,414,295,54,200,62,23,72,3,9,10,131,43
20260808,balanced_thr2,67,64,419,301,54,204,60,11,86,3,10,9,131,43
20260808,balanced_thr2,68,63,426,309,54,207,57,14,88,1,10,9,131,43
20260808,balanced_thr2,69,62,434,318,54,213,53,17,88,2,10,8,131,43
20260808,balanced_thr2,70,62,442,326,54,216,47,17,93,3,10,8,131,43
20260808,balanced_thr2,71,60,450,336,54,223,40,18,95,7,10,8,131,43
20260808,balanced_thr2,72,60,456,342,54,229,39,16,97,8,10,8,131,43
20260808,balanced_thr2,73,55,464,355,54,230,33,19,106,2,9,8,131,43
20260808,balanced_thr2,74,52,471,365,54,235,29,23,107,1,9,7,131,43
20260808,balanced_thr2,75,55,479,370,54,245,33,15,110,2,9,7,131,43
20260808,balanced_thr2,76,56,484,371,57,248,32,6,117,5,11,7,131,43
20260808,balanced_thr2,77,55,491,374,62,254,19,4,116,21,12,6,131,43
20260808,balanced_thr2,78,52,497,379,66,261,20,8,110,22,12,5,131,43
20260808,balanced_thr2,79,38,505,397,70,269,25,23,105,7,6,4,131,43
20260808,balanced_thr2,80,37,512,403,72,276,27,24,103,6,8,4,131,43
20260808,balanced_thr2,81,38,518,406,74,288,30,9,109,12,10,3,131,43
20260808,balanced_thr2,82,36,523,411,76,298,35,8,105,12,10,3,131,43
20260808,balanced_thr2,83,32,531,421,78,302,36,15,104,5,6,5,131,43
20260808,balanced_thr2,84,34,538,425,79,311,44,14,100,2,6,6,131,43
20260808,balanced_thr2,85,40,545,426,79,321,46,5,100,9,8,7,131,43
20260808,balanced_thr2,86,41,550,430,79,330,46,5,95,14,9,7,131,43
20260808,balanced_thr2,87,37,555,439,79,335,48,13,91,8,9,7,131,43
20260808,balanced_thr2,88,38,563,446,79,341,50,16,89,5,7,6,131,43
20260808,balanced_thr2,89,39,568,450,79,346,50,11,93,6,9,6,131,43
20260808,balanced_thr2,90,37,575,459,79,357,53,13,89,5,9,5,131,43
20260808,balanced_thr2,91,40,581,462,79,368,53,12,82,13,12,4,131,43
20260808,balanced_thr2,92,45,589,465,79,371,38,6,88,28,13,4,131,43
20260808,balanced_thr2,93,39,594,476,79,378,41,14,84,21,10,4,131,43
20260808,balanced_thr2,94,27,601,495,79,384,41,30,81,8,4,3,131,43
20260808,balanced_thr2,95,25,606,501,80,389,40,25,87,8,4,3,131,43
20260808,balanced_thr2,96,28,614,506,80,394,41,11,101,7,3,4,131,43
20260808,balanced_thr2,97,27,621,514,80,403,45,13,98,4,3,5,131,43
20260808,balanced_thr2,98,30,628,518,80,404,45,12,102,1,2,4,131,43
20260808,balanced_thr2,99,35,636,521,80,410,48,7,104,1,5,5,131,43
20260808,balanced_thr2,100,41,644,523,80,416,50,5,102,3,8,5,121,40
20260808,balanced_thr2,101,44,649,525,80,425,55,4,96,5,7,5,121,40
20260808,balanced_thr2,102,47,656,528,81,434,59,5,89,7,7,6,121,40
20260808,balanced_thr2,103,45,661,535,81,438,58,10,87,5,7,7,121,40
20260808,balanced_thr2,104,45,666,540,81,446,64,12,82,2,9,6,121,40
20260808,balanced_thr2,105,50,674,543,81,453,67,8,82,3,9,7,131,43
20260808,balanced_thr2,106,56,682,545,81,461,74,5,79,2,9,8,131,43
20260808,balanced_thr2,107,59,690,550,81,464,74,7,79,0,9,7,131,43
20260808,balanced_thr2,108,67,698,550,81,473,79,5,72,4,9,10,131,43
20260808,balanced_thr2,109,71,703,551,81,480,83,1,70,6,9,11,131,43
20260808,balanced_thr2,110,73,710,556,81,487,87,6,63,4,9,10,131,43
20260808,balanced_thr2,111,78,717,558,81,491,88,7,60,5,9,10,131,43
20260808,balanced_thr2,112,80,722,561,81,493,87,5,63,5,9,10,131,43
20260808,balanced_thr2,113,80,729,568,81,506,94,10,52,4,9,11,131,43
20260808,balanced_thr2,114,82,737,570,85,509,96,9,52,3,9,10,131,43
20260808,balanced_thr2,115,83,742,574,85,517,99,6,51,4,9,11,131,43
20260808,balanced_thr2,116,85,749,578,86,521,100,8,49,3,9,11,131,43
20260808,balanced_thr2,117,86,755,583,86,523,99,9,51,1,9,12,131,43
20260808,balanced_thr2,118,90,761,585,86,529,103,7,49,1,9,12,131,43
20260808,balanced_thr2,119,91,767,590,86,535,104,7,48,1,9,12,131,43
20260808,balanced_thr2,120,92,774,596,86,538,101,11,47,1,9,12,131,43
20260808,balanced_thr2,121,94,779,598,87,540,100,8,50,2,9,12,131,43
20260808,balanced_thr2,122,99,787,600,88,544,97,4,52,7,12,12,131,43
20260808,balanced_thr2,123,100,792,604,88,548,70,6,50,34,13,11,131,43
20260808,balanced_thr2,124,99,800,613,88,552,68,13,48,31,16,11,131,43
20260808,balanced_thr2,125,82,805,635,88,556,79,31,48,2,9,11,121,40
20260808,balanced_thr2,126,83,813,642,88,563,78,29,50,3,9,11,121,40
20260808,balanced_thr2,127,84,820,648,88,564,72,13,71,4,9,11,121,40
20260808,balanced_thr2,128,89,828,651,88,565,71,9,77,3,12,11,121,40
20260808,balanced_thr2,129,93,833,652,88,569,71,4,79,6,12,11,121,40
20260808,balanced_thr2,130,95,838,654,89,573,73,3,78,6,11,11,131,43
20260808,balanced_thr2,131,91,846,660,95,575,73,8,77,2,12,10,131,43
20260808,balanced_thr2,132,88,851,663,100,579,73,9,75,3,13,9,131,43
20260808,balanced_thr2,133,87,858,664,107,581,72,4,79,5,15,9,131,43
20260808,balanced_thr2,134,85,864,668,111,588,76,5,75,4,14,9,131,43
20260808,balanced_thr2,135,81,871,672,118,592,74,8,72,6,16,9,131,43
20260808,balanced_thr2,136,82,879,674,123,593,74,6,75,5,17,9,131,43
20260808,balanced_thr2,137,77,885,682,126,600,75,10,72,3,17,8,131,43
20260808,balanced_thr2,138,79,893,685,129,606,76,11,68,5,16,7,131,43
20260808,balanced_thr2,139,76,900,690,134,613,78,8,69,5,15,6,131,43
20260808,balanced_thr2,140,75,908,697,136,616,76,12,69,3,13,6,131,43
20260808,balanced_thr2,141,75,913,699,139,625,80,9,65,6,10,8,131,43
20260808,balanced_thr2,142,75,919,700,144,629,82,3,68,7,10,9,131,43
20260808,balanced_thr2,143,73,926,707,146,635,85,8,64,3,9,10,131,43
20260808,balanced_thr2,144,70,931,712,149,642,89,12,58,1,9,9,131,43
20260808,balanced_thr2,145,77,939,713,149,650,96,6,57,1,9,12,131,43
20260808,balanced_thr2,146,81,944,714,149,657,97,2,55,6,9,12,131,43
20260808,balanced_thr2,147,87,952,716,149,661,100,3,52,5,9,13,131,43
20260808,balanced_thr2,148,88,959,722,149,664,102,8,50,0,9,14,131,43
20260808,balanced_thr2,149,93,967,725,149,667,102,9,49,0,9,14,131,43
20260808,balanced_thr2,150,91,972,732,149,671,96,10,51,3,9,14,131,43
20260808,balanced_thr2,151,95,979,734,150,677,93,9,48,10,10,14,131,43
20260808,balanced_thr2,152,98,985,737,150,683,78,5,49,28,10,14,131,43
20260808,balanced_thr2,153,94,992,746,152,684,57,12,50,41,10,13,131,43
20260808,balanced_thr2,154,82,997,763,152,686,58,26,51,25,9,13,131,43
20260808,balanced_thr2,155,82,1003,769,152,689,73,23,57,7,9,13,126,43
20260808,balanced_thr2,156,79,1010,777,154,691,72,14,72,2,9,13,126,43
20260808,balanced_thr2,157,78,1018,786,154,693,67,17,76,0,9,13,126,43
20260808,balanced_thr2,158,77,1026,793,156,698,64,16,79,1,9,13,126,43
20260808,balanced_thr2,159,77,1032,798,157,702,60,12,84,4,9,13,126,43
20260808,balanced_thr2,160,80,1038,801,157,707,61,8,86,5,9,12,131,43
20260808,balanced_thr2,161,85,1046,804,157,711,60,6,87,7,13,11,131,43
20260808,balanced_thr2,162,91,1054,806,157,713,27,5,88,40,15,11,131,43
20260808,balanced_thr2,163,92,1061,812,157,716,26,8,88,38,15,11,131,43
20260808,balanced_thr2,164,64,1068,842,162,719,34,36,87,3,9,11,131,43
20260808,balanced_thr2,165,57,1074,850,167,727,35,38,85,2,9,10,131,43
20260808,balanced_thr2,166,53,1079,854,172,736,39,12,106,3,9,8,131,43
20260808,balanced_thr2,167,55,1086,856,175,743,43,6,107,4,10,7,131,43
20260808,balanced_thr2,168,52,1092,859,181,749,34,5,105,16,11,6,131,43
20260808,balanced_thr2,169,49,1097,864,184,757,34,8,99,19,10,6,131,43
20260808,balanced_thr2,170,35,1105,881,189,763,33,22,96,9,9,5,131,43
20260808,balanced_thr2,171,30,1111,887,194,767,34,23,97,6,5,4,131,43
20260808,balanced_thr2,172,30,1119,890,199,774,38,9,107,6,6,3,131,43
20260808,balanced_thr2,173,28,1126,893,205,778,40,6,109,5,7,3,131,43
20260808,balanced_thr2,174,28,1132,897,207,783,42,7,107,4,6,4,131,43
20260808,balanced_thr2,175,34,1140,899,207,794,47,6,99,8,8,5,131,43
20260808,balanced_thr2,176,35,1146,904,207,802,49,7,95,9,8,5,131,43
20260808,balanced_thr2,177,36,1154,911,207,808,50,12,91,7,6,5,131,43
20260808,balanced_thr2,178,39,1161,915,207,816,56,11,88,5,8,5,131,43
20260808,balanced_thr2,179,39,1166,920,207,827,65,9,84,2,7,5,131,43
20260808,balanced_thr2,180,38,1172,927,207,833,60,12,82,6,7,5,121,40
20260808,balanced_thr2,181,44,1179,928,207,837,60,8,83,9,9,5,121,40
20260808,balanced_thr2,182,44,1186,935,207,849,41,8,78,33,11,4,121,40
20260808,balanced_thr2,183,46,1193,940,207,858,44,12,70,34,12,4,121,40
20260808,balanced_thr2,184,24,1201,970,207,866,45,35,69,11,5,3,121,40
20260808,balanced_thr2,185,21,1206,978,207,867,42,38,73,7,3,3,131,43
20260808,balanced_thr2,186,20,1213,986,207,873,43,16,97,4,1,2,131,43
20260808,balanced_thr2,187,22,1219,990,207,878,45,12,100,3,1,2,131,43
20260808,balanced_thr2,188,25,1225,993,207,886,49,7,100,4,4,3,131,43
20260808,balanced_thr2,189,30,1231,994,207,893,54,4,97,5,7,4,131,43
20260808,balanced_thr2,190,33,1238,998,207,895,54,5,98,3,8,4,131,43
20260808,balanced_thr2,191,36,1243,1000,207,901,58,6,93,3,7,6,131,43
20260808,balanced_thr2,192,34,1248,1006,208,908,61,8,90,1,7,5,131,43
20260808,balanced_thr2,193,37,1255,1010,208,910,60,10,90,0,9,6,131,43
20260808,balanced_thr2,194,40,1260,1011,209,916,64,5,90,1,9,7,131,43
20260808,balanced_thr2,195,44,1265,1012,209,920,67,2,90,1,9,7,131,43
20260808,balanced_thr2,196,46,1271,1016,209,928,72,5,83,0,9,8,131,43
20260808,balanced_thr2,197,50,1277,1018,209,936,76,6,76,2,9,9,131,43
20260808,balanced_thr2,198,55,1282,1018,209,941,81,2,75,2,9,9,131,43
20260808,balanced_thr2,199,57,1288,1022,209,952,85,4,66,5,9,7,131,43
20260808,balanced_thr2,200,63,1294,1022,209,958,90,4,60,6,9,8,131,43
20260808,balanced_thr2,201,63,1301,1029,209,968,94,7,54,5,9,8,131,43
20260808,balanced_thr2,202,69,1309,1030,210,974,97,8,48,7,9,8,131,43
20260808,balanced_thr2,203,72,1316,1034,210,980,101,5,49,5,9,10,131,43
20260808,balanced_thr2,204,74,1322,1038,210,984,103,8,46,3,9,9,131,43
20260808,balanced_thr2,205,76,1327,1041,210,990,107,7,44,2,9,10,131,43
20260808,balanced_thr2,206,80,1334,1044,210,998,113,6,40,1,9,10,131,43
20260808,balanced_thr2,207,85,1341,1046,210,1003,114,5,38,3,9,11,131,43
20260808,balanced_thr2,208,88,1348,1050,210,1007,111,6,37,6,9,12,131,43
20260808,balanced_thr2,209,90,1353,1053,210,1007,111,7,39,3,9,13,131,43
20260808,balanced_thr2,210,89,1360,1061,210,1011,107,11,39,3,9,13,131,43
20260808,balanced_thr2,211,91,1367,1066,210,1013,103,13,40,4,9,13,131,43
20260808,balanced_thr2,212,88,1372,1074,210,1015,100,13,46,1,9,13,131,43
20260808,balanced_thr2,213,90,1377,1077,210,1018,100,11,48,1,9,13,131,43
20260808,balanced_thr2,214,94,1384,1080,210,1020,98,6,54,2,10,13,131,43
20260808,balanced_thr2,215,98,1389,1081,210,1023,86,4,54,16,11,13,131,43
20260808,balanced_thr2,216,102,1395,1083,210,1027,64,3,53,40,13,13,131,43
20260808,balanced_thr2,217,93,1402,1099,210,1028,63,18,53,26,11,12,131,43
20260808,balanced_thr2,218,83,1407,1114,210,1030,74,31,53,2,9,12,131,43
20260808,balanced_thr2,219,82,1413,1120,211,1033,70,21,66,3,9,12,131,43
20260808,balanced_thr2,220,81,1421,1129,211,1037,66,15,77,2,9,12,131,43
20260808,balanced_thr2,221,85,1429,1133,211,1042,67,13,78,2,11,12,131,43
20260808,balanced_thr2,222,86,1435,1133,216,1048,71,4,81,4,13,11,131,43
20260808,balanced_thr2,223,85,1443,1137,221,1054,71,4,79,6,15,9,131,43
20260808,balanced_thr2,224,82,1448,1141,225,1058,73,8,75,4,14,9,131,43
20260808,balanced_thr2,225,81,1454,1145,228,1061,74,8,76,2,16,8,131,43
20260808,balanced_thr2,226,80,1462,1148,234,1066,75,7,75,3,16,7,131,43
20260808,balanced_thr2,227,77,1467,1150,240,1069,76,5,76,3,16,7,131,43
20260808,balanced_thr2,228,74,1472,1152,246,1072,74,4,76,6,16,7,131,43
20260808,balanced_thr2,229,73,1478,1154,251,1076,75,4,74,7,18,6,131,43
20260808,balanced_thr2,230,74,1486,1159,253,1081,74,7,71,8,16,8,131,43
20260808,balanced_thr2,231,71,1492,1164,257,1088,76,10,66,8,14,8,131,43
20260808,balanced_thr2,232,63,1498,1173,262,1094,75,14,65,6,11,8,131,43
20260808,balanced_thr2,233,65,1506,1177,264,1100,76,13,64,7,9,8,131,43
20260808,balanced_thr2,234,65,1512,1180,267,1103,78,7,70,5,9,8,131,43
20260808,balanced_thr2,235,69,1519,1182,268,1106,81,5,71,3,9,8,111,40
20260808,balanced_thr2,236,74,1527,1184,269,1111,83,4,69,4,9,10,111,40
20260808,balanced_thr2,237,74,1534,1191,269,1123,86,9,59,6,9,10,111,40
20260808,balanced_thr2,238,78,1541,1194,269,1130,88,10,54,8,9,10,111,40
20260808,balanced_thr2,239,80,1548,1199,269,1133,87,8,58,7,9,11,111,40
20260808,balanced_thr2,240,79,1553,1205,269,1134,85,11,60,4,9,11,131,43
20260808,balanced_thr2,241,80,1558,1209,269,1140,84,10,59,7,12,10,131,43
20260808,balanced_thr2,242,84,1564,1211,269,1145,54,6,60,40,12,10,131,43
20260808,balanced_thr2,243,84,1570,1217,269,1148,21,8,61,70,11,10,131,43
20260808,balanced_thr2,244,71,1578,1238,269,1153,35,27,58,40,9,10,131,43
20260808,balanced_thr2,245,71,1584,1244,269,1161,72,27,56,5,9,10,131,43
20260808,balanced_thr2,246,68,1591,1254,269,1165,69,16,73,2,9,9,131,43
20260808,balanced_thr2,247,67,1599,1263,269,1169,65,19,75,1,9,9,131,43
20260808,balanced_thr2,248,65,1604,1270,269,1173,63,16,81,0,9,9,131,43
20260808,balanced_thr2,249,66,1611,1276,269,1175,58,13,88,1,9,9,131,43
20260808,balanced_thr2,250,66,1619,1284,269,1180,55,14,90,1,9,9,131,43
20260808,balanced_thr2,251,65,1625,1291,269,1184,51,15,92,2,9,9,131,43
20260808,balanced_thr2,252,66,1632,1296,270,1192,52,12,92,4,9,9,131,43
20260808,balanced_thr2,253,64,1638,1304,270,1194,48,13,97,2,9,8,131,43
20260808,balanced_thr2,254,65,1644,1309,270,1198,46,13,98,3,10,8,131,43
20260808,balanced_thr2,255,72,1652,1310,270,1202,42,6,102,10,11,8,122,43
20260808,balanced_thr2,256,75,1660,1314,271,1206,34,5,103,18,14,8,122,43
20260808,balanced_thr2,257,72,1667,1321,274,1208,35,11,102,12,13,8,122,43
20260808,balanced_thr2,258,57,1674,1336,281,1214,33,22,100,5,12,8,122,43
20260808,balanced_thr2,259,59,1682,1340,283,1226,37,19,95,9,12,7,122,43
20260808,balanced_thr2,260,56,1690,1346,288,1234,36,10,102,12,12,6,131,43
20260808,balanced_thr2,261,49,1697,1353,295,1241,32,13,99,16,11,4,131,43
20260808,balanced_thr2,262,41,1702,1361,300,1245,33,15,101,11,10,3,131,43
20260808,balanced_thr2,263,29,1707,1373,305,1251,35,20,102,3,4,4,131,43
20260808,balanced_thr2,264,27,1713,1377,309,1264,39,16,97,8,4,4,131,43
20260808,balanced_thr2,265,30,1719,1379,310,1272,42,6,101,11,4,5,131,43
20260808,balanced_thr2,266,27,1726,1389,310,1281,48,12,96,4,3,5,131,43
20260808,balanced_thr2,267,29,1734,1395,310,1290,50,16,89,5,4,5,131,43
20260808,balanced_thr2,268,33,1741,1397,311,1297,53,8,92,7,7,5,131,43
20260808,balanced_thr2,269,33,1748,1403,312,1301,52,8,94,6,7,5,131,43
20260808,balanced_thr2,270,36,1755,1407,312,1303,50,10,94,6,7,5,131,43
20260808,balanced_thr2,271,37,1761,1412,312,1309,39,9,94,18,8,4,131,43
20260808,balanced_thr2,272,40,1766,1414,312,1315,33,7,92,28,9,4,131,43
20260808,balanced_thr2,273,24,1771,1435,312,1330,37,23,82,18,3,3,131,43
20260808,balanced_thr2,274,17,1776,1447,312,1337,40,33,77,10,2,3,131,43
20260808,balanced_thr2,275,16,1781,1453,312,1341,40,18,94,8,2,2,131,43
20260808,balanced_thr2,276,19,1789,1458,312,1350,44,11,97,8,2,3,131,43
20260808,balanced_thr2,277,25,1797,1460,312,1356,51,7,97,5,5,4,131,43
20260808,balanced_thr2,278,27,1805,1466,312,1361,53,8,97,2,6,4,131,43
20260808,balanced_thr2,279,30,1810,1468,312,1365,55,8,95,2,6,4,131,43
20260808,balanced_thr2,280,34,1815,1469,312,1374,62,3,92,3,7,5,131,43
20260808,balanced_thr2,281,39,1821,1470,312,1375,62,2,93,3,8,5,131,43
20260808,balanced_thr2,282,42,1828,1474,312,1382,64,5,87,4,8,6,131,43
20260808,balanced_thr2,283,45,1834,1477,312,1387,67,7,83,3,9,7,131,43
20260808,balanced_thr2,284,44,1841,1484,313,1392,68,10,82,0,9,7,131,43
20260808,balanced_thr2,285,51,1849,1485,313,1399,69,8,78,5,9,7,121,40
20260808,balanced_thr2,286,56,1854,1485,313,1405,73,1,79,7,9,8,121,40
20260808,balanced_thr2,287,55,1860,1492,313,1411,76,7,74,3,9,9,121,40
20260808,balanced_thr2,288,59,1867,1495,313,1422,82,10,63,5,9,9,121,40
20260808,balanced_thr2,289,65,1874,1496,313,1432,88,4,60,8,9,10,121,40
20260808,balanced_thr2,290,66,1880,1501,313,1436,89,6,59,6,9,10,126,43
20260808,balanced_thr2,291,66,1888,1508,314,1440,89,12,56,3,9,11,126,43
20260808,balanced_thr2,292,72,1896,1510,314,1449,97,9,52,2,9,10,126,43
20260808,balanced_thr2,293,74,1903,1515,314,1457,98,7,51,4,9,11,126,43
20260808,balanced_thr2,294,78,1909,1517,314,1466,105,7,44,4,9,10,126,43
20260808,balanced_thr2,295,81,1916,1521,314,1470,108,6,45,1,9,10,131,43
20260808,balanced_thr2,296,87,1923,1522,314,1471,109,5,46,0,9,10,131,43
20260808,balanced_thr2,297,92,1928,1522,314,1474,111,1,47,1,9,12,131,43
20260808,balanced_thr2,298,97,1934,1523,314,1477,112,1,45,2,9,13,131,43
20260808,balanced_thr2,299,99,1942,1529,314,1480,109,7,42,2,9,13,131,43
20260808,balanced_thr2,300,98,1949,1537,314,1482,104,14,41,1,9,13,131,43
20260808,balanced_thr2,301,99,1955,1542,314,1484,102,13,45,0,9,12,131,43
20260808,balanced_thr2,302,103,1961,1544,314,1488,101,7,49,3,10,12,131,43
20260808,balanced_thr2,303,107,1966,1545,314,1492,93,3,50,14,11,12,131,43
20260808,balanced_thr2,304,109,1973,1550,314,1496,72,6,48,34,14,12,131,43
20260808,balanced_thr2,305,106,1981,1561,314,1499,74,16,46,24,12,12,131,43
20260808,balanced_thr2,306,97,1989,1578,314,1503,83,28,47,2,10,12,131,43
20260808,balanced_thr2,307,96,1994,1583,315,1504,80,22,57,1,10,12,131,43
20260808,balanced_thr2,308,97,2000,1588,315,1505,77,10,73,0,10,12,131,43
20260808,balanced_thr2,309,99,2006,1590,317,1510,79,7,73,1,11,12,131,43
20260808,balanced_thr2,310,96,2012,1593,323,1513,78,5,75,2,12,11,131,43
20260808,balanced_thr2,311,94,2019,1597,328,1518,76,7,72,5,13,10,131,43
20260808,balanced_thr2,312,95,2027,1598,334,1519,76,5,74,5,15,9,131,43
20260808,balanced_thr2,313,91,2035,1605,339,1525,77,8,72,3,15,9,131,43
20260808,balanced_thr2,314,87,2042,1610,345,1528,76,12,70,2,17,8,131,43
20260808,balanced_thr2,315,90,2050,1612,348,1531,78,7,74,1,19,7,131,43
20260808,balanced_thr2,316,88,2055,1613,354,1536,78,3,74,5,19,7,131,43
20260808,balanced_thr2,317,87,2061,1615,359,1541,80,3,71,6,19,8,131,43
20260808,balanced_thr2,318,86,2068,1619,363,1543,81,6,70,3,19,8,131,43
20260808,balanced_thr2,319,84,2073,1623,366,1553,86,8,62,4,18,8,131,43
20260808,balanced_thr2,320,83,2081,1625,373,1556,88,6,63,3,16,10,131,43
20260808,balanced_thr2,321,80,2087,1630,377,1562,89,7,61,3,12,10,131,43
20260808,balanced_thr2,322,83,2095,1631,381,1569,91,6,56,7,10,11,131,43
20260808,balanced_thr2,323,81,2103,1636,386,1572,88,6,58,8,9,12,131,43
20260808,balanced_thr2,324,78,2108,1642,388,1578,88,11,53,8,9,10,131,43
20260808,balanced_thr2,325,81,2114,1645,388,1588,95,9,48,8,9,10,131,43
20260808,balanced_thr2,326,81,2121,1652,388,1593,95,10,49,6,9,10,131,43
20260808,balanced_thr2,327,81,2126,1657,388,1594,95,12,51,2,9,11,131,43
20260808,balanced_thr2,328,83,2131,1660,388,1599,96,8,53,3,9,10,131,43
20260808,balanced_thr2,329,86,2138,1664,388,1602,93,7,55,5,9,10,131,43
20260808,balanced_thr2,330,82,2143,1672,389,1605,91,12,55,2,9,10,131,43
20260808,balanced_thr2,331,83,2149,1677,389,1607,90,13,57,0,9,10,131,43
20260808,balanced_thr2,332,88,2154,1677,389,1608,87,5,64,4,11,10,131,43
20260808,balanced_thr2,333,94,2162,1679,389,1613,56,2,64,38,13,10,131,43
20260808,balanced_thr2,334,95,2167,1683,389,1618,18,6,59,77,15,10,131,43
20260808,balanced_thr2,335,78,2173,1706,389,1622,32,27,57,44,9,9,121,40
20260808,balanced_thr2,336,79,2181,1713,389,1627,70,30,56,4,9,9,121,40
20260808,balanced_thr2,337,79,2186,1718,389,1632,70,12,74,4,9,9,121,40
20260808,balanced_thr2,338,77,2191,1725,389,1636,68,12,77,3,9,9,121,40
20260808,balanced_thr2,339,76,2196,1731,389,1642,65,13,76,6,9,9,121,40
20260808,balanced_thr2,340,72,2204,1743,389,1647,58,18,78,6,9,9,131,43
20260808,balanced_thr2,341,68,2209,1752,389,1651,55,21,80,4,9,9,131,43
20260808,balanced_thr2,342,66,2217,1762,389,1654,48,19,89,4,9,8,131,43
20260808,balanced_thr2,343,66,2222,1767,389,1657,47,15,95,3,9,8,131,43
20260808,balanced_thr2,344,62,2230,1776,392,1659,41,14,103,2,9,7,131,43
20260808,balanced_thr2,345,54,2236,1784,398,1667,38,17,100,5,9,7,131,43
20260808,balanced_thr2,346,50,2241,1789,402,1670,35,13,106,6,9,7,131,43
20260808,balanced_thr2,347,45,2247,1796,406,1677,36,12,107,5,8,6,131,43
20260808,balanced_thr2,348,41,2252,1802,409,1685,36,13,104,7,8,4,131,43
20260808,balanced_thr2,349,43,2257,1805,409,1687,26,9,109,16,10,4,131,43
20260808,balanced_thr2,350,39,2262,1810,413,1694,27,8,108,17,8,4,131,43
20260808,balanced_thr2,351,26,2269,1824,419,1697,27,19,108,6,4,3,131,43
20260808,balanced_thr2,352,24,2276,1832,420,1710,29,22,100,9,4,2,131,43
20260808,balanced_thr2,353,26,2281,1833,422,1713,31,9,111,9,3,2,131,43
20260808,balanced_thr2,354,18,2288,1847,423,1725,36,15,107,2,1,2,131,43
20260808,balanced_thr2,355,22,2296,1851,423,1735,36,18,98,8,3,3,131,43
20260808,balanced_thr2,356,29,2304,1852,423,1740,41,5,107,7,6,4,131,43
20260808,balanced_thr2,357,23,2309,1862,424,1747,42,11,104,3,5,3,131,43
20260808,balanced_thr2,358,26,2316,1866,424,1758,48,14,94,4,6,4,131,43
20260808,balanced_thr2,359,26,2321,1871,424,1764,52,9,98,1,6,4,131,43
20260808,balanced_thr2,360,25,2326,1877,424,1768,50,11,98,1,6,4,126,43
20260808,balanced_thr2,361,30,2334,1880,424,1778,52,9,93,6,7,4,126,43
20260808,balanced_thr2,362,35,2342,1883,424,1786,44,6,91,19,9,4,126,43
20260808,balanced_thr2,363,38,2350,1888,424,1792,41,8,88,23,9,4,126,43
20260808,balanced_thr2,364,30,2357,1903,424,1798,46,20,85,9,6,3,126,43
20260808,balanced_thr2,365,25,2363,1914,424,1808,51,26,80,3,5,2,131,43
20260808,balanced_thr2,366,29,2368,1915,424,1814,49,12,89,10,6,2,131,43
20260808,balanced_thr2,367,30,2374,1919,425,1822,52,5,92,11,7,2,131,43
20260808,balanced_thr2,368,29,2380,1926,425,1825,52,11,90,7,5,5,131,43
20260808,balanced_thr2,369,28,2385,1932,425,1833,55,13,86,6,5,5,131,43
20260808,balanced_thr2,370,28,2392,1939,425,1840,55,13,86,6,4,5,131,43
20260808,balanced_thr2,371,32,2399,1942,425,1845,57,10,87,6,5,6,131,43
20260808,balanced_thr2,372,34,2404,1945,425,1852,64,6,87,3,7,6,131,43
20260808,balanced_thr2,373,36,2411,1950,425,1858,67,8,84,1,6,8,131,43
20260808,balanced_thr2,374,43,2419,1951,425,1861,65,6,84,5,9,10,131,43
20260808,balanced_thr2,375,47,2425,1953,425,1867,68,3,83,6,9,11,131,43
20260808,balanced_thr2,376,51,2433,1957,425,1874,73,6,77,4,9,11,131,43
20260808,balanced_thr2,377,54,2441,1962,425,1879,72,9,74,5,8,13,131,43
20260808,balanced_thr2,378,58,2448,1964,426,1886,76,7,71,6,9,12,131,43
20260808,balanced_thr2,379,59,2454,1969,426,1895,81,7,67,5,9,11,131,43
20260808,balanced_thr2,380,61,2462,1974,427,1898,82,10,66,2,9,10,115,42
20260808,balanced_thr2,381,62,2468,1979,427,1907,87,10,62,1,9,12,115,42
20260808,balanced_thr2,382,67,2473,1979,427,1915,93,5,59,3,9,12,115,42
20260808,balanced_thr2,383,71,2479,1981,427,1922,98,2,57,3,9,12,115,42
20260808,balanced_thr2,384,73,2485,1985,427,1927,99,6,52,3,9,12,115,42
20260808,balanced_thr2,385,78,2492,1987,427,1931,100,6,50,4,9,13,131,43
20260808,balanced_thr2,386,79,2499,1993,427,1935,99,8,50,3,9,13,131,43
20260808,balanced_thr2,387,80,2505,1998,427,1938,97,11,49,3,9,13,131,43
20260808,balanced_thr2,388,85,2511,1999,427,1943,102,6,50,2,9,13,131,43
20260808,balanced_thr2,389,88,2517,2002,427,1949,104,4,49,3,9,12,131,43
20260808,balanced_thr2,390,88,2523,2008,427,1953,101,9,46,4,9,12,121,40
20260808,balanced_thr2,391,91,2530,2012,427,1955,99,10,47,4,11,12,121,40
20260808,balanced_thr2,392,96,2536,2013,427,1958,68,5,50,37,13,12,121,40
20260808,balanced_thr2,393,98,2544,2019,427,1959,61,7,53,39,13,12,121,40
20260808,balanced_thr2,394,83,2550,2040,427,1964,78,27,49,6,9,12,121,40
20260808,balanced_thr2,395,84,2558,2047,427,1967,77,28,52,3,9,12,131,43
20260808,balanced_thr2,396,84,2563,2052,427,1971,77,12,69,2,9,11,131,43
20260808,balanced_thr2,397,82,2571,2062,427,1980,76,15,67,2,9,11,131,43
20260808,balanced_thr2,398,83,2577,2067,427,1983,73,15,69,3,9,11,131,43
20260808,balanced_thr2,399,88,2585,2070,427,1984,70,8,78,4,11,10,131,43
20260808,balanced_thr2,400,93,2593,2073,427,1986,67,6,81,6,14,10,131,43
20260808,balanced_thr2,401,94,2601,2077,430,1990,65,7,80,8,15,10,131,43
20260808,balanced_thr2,402,87,2606,2082,437,1993,66,9,80,5,15,9,131,43
20260808,balanced_thr2,403,87,2614,2088,439,1995,65,11,82,2,16,8,131,43
20260808,balanced_thr2,404,85,2620,2091,444,2004,66,9,78,7,16,7,131,43
20260808,balanced_thr2,405,83,2625,2093,449,2006,66,5,82,7,16,7,131,43
20260808,balanced_thr2,406,81,2632,2100,451,2010,67,9,81,3,16,6,131,43
20260808,balanced_thr2,407,80,2638,2104,454,2020,73,11,73,3,17,8,131,43
20260808,balanced_thr2,408,78,2644,2108,458,2029,73,8,71,8,17,11,131,43
20260808,balanced_thr2,409,78,2650,2110,462,2037,77,6,67,10,15,11,131,43
20260808,balanced_thr2,410,77,2657,2117,463,2041,73,9,67,11,14,11,131,43
20260808,balanced_thr2,411,75,2665,2124,466,2045,72,14,65,9,14,12,131,43
20260808,balanced_thr2,412,70,2672,2133,469,2050,74,16,67,3,13,12,131,43
20260808,balanced_thr2,413,68,2677,2136,473,2054,74,12,70,4,10,12,131,43
20260808,balanced_thr2,414,63,2682,2141,478,2062,74,8,71,7,9,12,131,43
20260808,balanced_thr2,415,66,2688,2144,478,2065,77,8,71,4,9,12,131,43
20260808,balanced_thr2,416,67,2693,2148,478,2070,77,7,71,5,9,12,131,43
20260808,balanced_thr2,417,73,2699,2148,478,2074,80,4,70,6,9,12,131,43
20260808,balanced_thr2,418,72,2705,2155,478,2082,82,7,66,5,9,12,131,43
20260808,balanced_thr2,419,78,2713,2157,478,2085,82,9,63,6,9,14,131,43
20260808,balanced_thr2,420,73,2720,2168,479,2091,80,13,64,3,9,14,131,43
20260808,balanced_thr2,421,78,2728,2171,479,2095,80,14,62,4,11,14,131,43
20260808,balanced_thr2,422,84,2735,2172,479,2102,61,4,66,29,13,14,131,43
20260808,balanced_thr2,423,87,2743,2177,479,2106,27,6,65,62,14,14,131,43
20260808,balanced_thr2,424,68,2748,2201,479,2111,31,29,61,39,9,14,131,43
20260808,balanced_thr2,425,67,2754,2208,479,2116,63,31,61,5,9,14,131,43
20260808,balanced_thr2,426,66,2761,2216,479,2122,63,15,79,3,9,14,131,43
20260808,balanced_thr2,427,65,2769,2225,479,2125,57,17,83,3,9,14,131,43
20260808,balanced_thr2,428,66,2777,2232,479,2129,55,16,87,2,9,13,131,43
20260808,balanced_thr2,429,64,2783,2240,479,2136,54,15,89,2,9,12,131,43
20260808,balanced_thr2,430,64,2788,2245,479,2138,49,13,94,4,9,12,131,43
20260808,balanced_thr2,431,64,2796,2253,479,2142,46,13,98,3,10,11,131,43
20260808,balanced_thr2,432,68,2802,2255,479,2148,39,10,97,14,10,11,131,43
20260808,balanced_thr2,433,73,2809,2257,479,2152,38,4,101,17,11,11,131,43
20260808,balanced_thr2,434,59,2814,2274,481,2158,36,19,97,8,10,9,131,43
20260808,balanced_thr2,435,57,2821,2280,484,2160,33,23,97,7,10,9,131,43
20260808,balanced_thr2,436,50,2826,2286,490,2167,37,12,107,4,9,8,131,43
20260808,balanced_thr2,437,47,2833,2291,495,2174,35,11,106,8,12,7,131,43
20260808,balanced_thr2,438,48,2838,2293,497,2180,37,7,106,10,12,7,131,43
20260808,balanced_thr2,439,47,2846,2302,497,2183,35,11,108,6,12,7,131,43
20260808,balanced_thr2,440,46,2851,2305,500,2193,36,12,100,12,11,5,131,43
20260808,balanced_thr2,441,45,2858,2309,504,2200,37,7,102,14,11,4,131,43
20260808,balanced_thr2,442,34,2863,2321,508,2207,37,16,98,9,8,4,131,43
20260808,balanced_thr2,443,30,2868,2327,511,2214,40,18,95,7,7,5,131,43
20260808,balanced_thr2,444,24,2873,2333,516,2223,43,12,98,7,3,6,131,43
20260808,balanced_thr2,445,27,2881,2338,516,2234,50,11,93,6,6,6,121,40
20260808,balanced_thr2,446,31,2889,2342,516,2240,54,9,93,4,5,5,121,40
20260808,balanced_thr2,447,35,2897,2346,516,2244,54,8,94,4,7,6,121,40
20260808,balanced_thr2,448,36,2902,2349,517,2250,57,7,92,4,8,7,121,40
20260808,balanced_thr2,449,39,2908,2352,517,2254,58,6,92,4,9,7,121,40
20260808,balanced_thr2,450,37,2913,2359,517,2264,62,10,85,3,8,7,131,43
20260808,balanced_thr2,451,39,2920,2364,517,2274,66,12,78,4,9,6,131,43
20260808,balanced_thr2,452,45,2928,2366,517,2283,55,7,76,22,12,6,131,43
20260808,balanced_thr2,453,48,2936,2370,518,2289,45,6,75,34,13,6,131,43
20260808,balanced_thr2,454,36,2943,2389,518,2297,47,23,69,21,10,5,131,43
20260808,balanced_thr2,455,26,2949,2405,518,2307,53,35,63,9,6,4,131,43
20260808,balanced_thr2,456,24,2955,2413,518,2317,61,24,72,3,4,4,131,43
20260808,balanced_thr2,457,21,2961,2422,518,2321,58,17,84,1,4,4,131,43
20260808,balanced_thr2,458,26,2967,2423,518,2326,56,10,87,7,7,4,131,43
20260808,balanced_thr2,459,29,2972,2425,518,2331,52,3,91,14,8,4,131,43
20260808,balanced_thr2,460,28,2977,2431,518,2332,53,8,91,8,9,3,131,43
20260808,balanced_thr2,461,25,2982,2439,518,2337,56,14,88,2,6,3,131,43
20260808,balanced_thr2,462,30,2989,2440,519,2342,56,9,89,6,6,4,131,43
20260808,balanced_thr2,463,29,2994,2446,519,2346,52,7,93,8,7,5,131,43
20260808,balanced_thr2,464,29,3000,2452,519,2348,51,12,92,5,7,4,131,43
20260808,balanced_thr2,465,30,3005,2456,519,2350,52,10,96,2,6,4,131,43
20260808,balanced_thr2,466,34,3010,2457,519,2361,60,5,91,4,6,5,131,43
20260808,balanced_thr2,467,40,3018,2459,519,2367,64,3,89,4,6,7,131,43
20260808,balanced_thr2,468,44,3025,2462,519,2370,66,5,87,2,6,8,131,43
20260808,balanced_thr2,469,46,3033,2468,519,2380,67,9,79,5,8,8,131,43
20260808,balanced_thr2,470,53,3041,2469,519,2384,69,7,78,6,8,9,131,43
20260808,balanced_thr2,471,53,3048,2476,519,2395,74,8,73,5,8,10,131,43
20260808,balanced_thr2,472,58,3056,2479,519,2398,75,10,71,4,9,9,131,43
20260808,balanced_thr2,473,62,3064,2483,519,2403,78,7,73,2,9,10,131,43
20260808,balanced_thr2,474,67,3070,2484,519,2411,83,5,68,4,9,10,131,43
20260808,balanced_thr2,475,68,3075,2488,519,2418,84,5,65,6,9,9,131,43
20260808,balanced_thr2,476,70,3082,2493,519,2427,90,9,57,4,9,9,131,43
20260808,balanced_thr2,477,72,3089,2498,519,2433,94,10,55,1,9,9,131,43
20260808,balanced_thr2,478,76,3096,2501,519,2437,95,8,56,1,9,11,131,43
20260808,balanced_thr2,479,83,3104,2502,519,2441,95,4,57,4,9,12,131,43
20260808,balanced_thr2,480,84,3111,2508,519,2445,93,7,56,4,9,12,131,43
20260808,balanced_thr2,481,82,3116,2515,519,2448,92,13,54,1,9,11,131,43
20260808,balanced_thr2,482,83,3121,2519,519,2454,95,11,54,0,9,11,131,43
20260808,balanced_thr2,483,89,3129,2521,519,2457,91,6,58,5,11,11,131,43
20260808,balanced_thr2,484,94,3135,2522,519,2466,67,3,53,37,12,11,131,43
20260808,balanced_thr2,485,96,3142,2527,519,2466,66,6,55,33,13,11,131,43
20260808,balanced_thr2,486,77,3149,2553,519,2472,76,31,50,3,9,11,131,43
20260808,balanced_thr2,487,76,3156,2561,519,2473,69,34,54,3,9,11,131,43
20260808,balanced_thr2,488,80,3164,2565,519,2479,71,12,74,3,10,11,131,43
20260808,balanced_thr2,489,82,3170,2569,519,2481,69,8,80,3,11,11,131,43
20260808,balanced_thr2,490,84,3175,2572,519,2484,68,7,81,4,12,11,126,43
20260808,balanced_thr2,491,89,3181,2573,519,2489,71,4,80,5,13,11,126,43
20260808,balanced_thr2,492,94,3189,2576,519,2493,73,4,79,4,14,10,126,43
20260808,balanced_thr2,493,99,3197,2579,519,2499,78,6,74,2,16,10,126,43
20260808,balanced_thr2,494,95,3203,2583,525,2504,79,7,72,2,17,9,126,43
20260808,balanced_thr2,495,94,3208,2583,531,2509,81,4,70,5,17,9,131,43
20260808,balanced_thr2,496,90,3214,2586,538,2513,82,3,70,5,18,7,131,43
20260808,balanced_thr2,497,89,3222,2589,544,2516,83,6,67,4,18,8,131,43
20260808,balanced_thr2,498,85,3228,2593,550,2522,84,7,64,5,17,8,131,43
20260808,balanced_thr2,499,84,3233,2595,554,2524,86,6,65,3,14,7,131,43
20260808,balanced_thr2,500,81,3239,2600,558,2530,87,7,63,3,13,8,131,43
20260808,balanced_thr2,501,83,3245,2601,561,2535,88,6,60,6,13,9,131,43
20260808,balanced_thr2,502,82,3253,2605,566,2538,89,5,62,4,11,9,131,43
20260808,balanced_thr2,503,82,3260,2609,569,2542,91,8,59,2,10,10,131,43
20260808,balanced_thr2,504,77,3268,2615,576,2550,89,10,55,6,9,11,131,43
20260808,balanced_thr2,505,81,3274,2617,576,2558,96,8,51,5,9,13,131,43
20260808,balanced_thr2,506,86,3282,2620,576,2563,100,5,52,3,9,17,131,43
20260808,balanced_thr2,507,91,3288,2621,576,2571,105,4,46,5,9,19,131,43
20260808,balanced_thr2,508,92,3293,2625,576,2573,106,5,47,2,9,21,131,43
20260808,balanced_thr2,509,95,3299,2628,576,2575,106,7,46,1,9,23,131,43
20260808,balanced_thr2,510,98,3307,2633,576,2580,106,8,45,1,9,23,131,43
20260808,balanced_thr2,511,101,3312,2635,576,2583,105,7,45,3,10,23,131,43
20260808,balanced_thr2,512,107,3318,2635,576,2586,96,2,47,15,11,23,131,43
20260808,balanced_thr2,513,109,3324,2638,577,2589,74,3,46,37,14,23,131,43
20260808,balanced_thr2,514,102,3330,2651,577,2594,59,16,41,44,11,23,131,43
20260808,balanced_thr2,515,95,3335,2663,577,2597,74,25,41,20,9,23,131,43
20260808,balanced_thr2,516,94,3342,2671,577,2598,86,20,53,1,9,23,131,43
20260808,balanced_thr2,517,94,3349,2678,577,2601,83,15,62,0,9,23,131,43
20260808,balanced_thr2,518,94,3355,2684,577,2607,81,13,64,2,9,23,131,43
20260808,balanced_thr2,519,94,3361,2690,577,2609,77,12,69,2,9,23,131,43
20260808,balanced_thr2,520,90,3368,2698,580,2612,72,14,72,2,9,22,101,38
20260808,balanced_thr2,521,87,3373,2702,584,2620,76,12,70,2,9,22,101,38
20260808,balanced_thr2,522,78,3381,2713,590,2624,71,15,74,0,9,21,101,38
20260808,balanced_thr2,523,76,3386,2715,595,2624,67,13,78,2,11,21,101,38
20260808,balanced_thr2,524,77,3392,2715,600,2627,48,2,86,24,11,18,101,38
20260808,balanced_thr2,525,74,3399,2719,606,2633,25,4,82,49,11,17,126,43
20260808,balanced_thr2,526,59,3406,2737,610,2634,30,22,81,27,9,17,126,43
20260808,balanced_thr2,527,54,3412,2741,617,2640,57,22,79,2,7,15,126,43
20260808,balanced_thr2,528,50,3419,2746,623,2643,55,9,94,2,7,14,126,43
20260808,balanced_thr2,529,43,3426,2754,629,2650,55,13,91,1,5,13,126,43
20260808,balanced_thr2,530,38,3432,2760,634,2655,53,14,91,2,3,11,131,43
20260808,balanced_thr2,531,31,3438,2766,641,2661,52,12,93,3,3,6,131,43
20260808,balanced_thr2,532,23,3445,2776,646,2665,46,16,95,3,2,4,131,43
20260808,balanced_thr2,533,20,3451,2783,648,2673,47,17,93,3,1,2,131,43
20260808,balanced_thr2,534,18,3456,2787,651,2680,47,11,96,6,0,1,131,43
20260808,balanced_thr2,535,19,3462,2792,651,2687,50,9,96,5,1,2,131,43
20260808,balanced_thr2,536,26,3470,2793,651,2694,46,6,93,15,4,3,131,43
20260808,balanced_thr2,537,27,3478,2799,652,2705,45,7,87,21,4,3,131,43
20260808,balanced_thr2,538,17,3486,2817,652,2713,47,24,80,9,3,2,131,43
20260808,balanced_thr2,539,18,3494,2824,652,2719,50,25,80,5,3,2,131,43
20260808,balanced_thr2,540,16,3502,2834,652,2726,43,17,91,9,1,2,131,43
20260808,balanced_thr2,541,15,3510,2843,652,2733,43,19,91,7,0,1,131,43
20260808,balanced_thr2,542,18,3518,2848,652,2744,51,14,90,5,3,3,131,43
20260808,balanced_thr2,543,24,3524,2848,652,2749,46,5,94,15,6,3,131,43
20260808,balanced_thr2,544,24,3530,2854,652,2753,48,6,95,11,6,3,131,43
20260808,balanced_thr2,545,17,3535,2866,652,2758,52,18,90,0,3,3,131,43
20260808,balanced_thr2,546,25,3543,2866,652,2765,56,12,89,3,4,4,131,43
20260808,balanced_thr2,547,33,3551,2866,652,2773,63,0,93,4,6,5,131,43
20260808,balanced_thr2,548,35,3558,2871,652,2777,64,5,89,2,7,6,131,43
20260808,balanced_thr2,549,39,3566,2875,652,2783,66,9,83,2,9,5,131,43
20260808,balanced_thr2,550,40,3571,2879,652,2789,67,8,82,3,9,5,126,43
20260808,balanced_thr2,551,41,3578,2885,652,2794,66,10,81,3,8,5,126,43
20260808,balanced_thr2,552,44,3584,2888,652,2803,72,9,76,3,8,6,126,43
20260808,balanced_thr2,553,48,3589,2889,652,2810,78,4,75,3,9,7,126,43
20260808,balanced_thr2,554,52,3597,2893,652,2814,79,5,74,2,9,7,126,43
20260808,balanced_thr2,555,57,3604,2895,652,2822,84,6,67,3,9,8,131,43
20260808,balanced_thr2,556,61,3610,2897,652,2829,88,4,64,4,9,9,131,43
20260808,balanced_thr2,557,63,3615,2900,652,2836,90,5,59,6,9,9,131,43
20260808,balanced_thr2,558,66,3622,2904,652,2841,89,7,56,8,9,9,131,43
20260808,balanced_thr2,559,66,3627,2909,652,2849,92,9,51,8,9,9,131,43
20260808,balanced_thr2,560,69,3635,2914,652,2851,92,10,53,5,9,8,131,43
20260808,balanced_thr2,561,70,3643,2921,652,2854,90,12,55,3,8,9,131,43
20260808,balanced_thr2,562,73,3650,2924,653,2861,94,10,53,3,8,10,131,43
20260808,balanced_thr2,563,74,3655,2928,653,2867,96,7,54,3,8,10,131,43
20260808,balanced_thr2,564,80,3662,2929,653,2869,97,5,55,3,9,11,131,43
20260808,balanced_thr2,565,85,3670,2932,653,2873,98,4,55,3,9,13,131,43
20260808,balanced_thr2,566,91,3678,2934,653,2878,102,5,51,2,9,14,131,43
20260808,balanced_thr2,567,95,3686,2938,653,2882,103,6,50,1,9,16,131,43
20260808,balanced_thr2,568,101,3693,2939,653,2885,105,5,49,1,9,17,131,43
20260808,balanced_thr2,569,107,3701,2941,653,2888,105,3,50,2,9,18,131,43
20260808,balanced_thr2,570,107,3707,2947,653,2894,104,8,45,3,9,18,121,43
20260808,balanced_thr2,571,107,3715,2955,653,2896,100,14,45,1,9,18,121,43
20260808,balanced_thr2,572,111,3721,2957,653,2899,98,10,48,4,10,18,121,43
20260808,balanced_thr2,573,114,3726,2958,654,2902,85,3,53,19,14,18,121,43
20260808,balanced_thr2,574,115,3734,2965,654,2906,61,8,51,40,16,17,121,43
20260808,balanced_thr2,575,105,3739,2980,654,2910,63,22,48,27,12,17,131,43
20260808,balanced_thr2,576,98,3746,2994,654,2916,78,29,49,4,9,17,131,43
20260808,balanced_thr2,577,96,3752,3001,655,2916,72,21,64,3,9,17,131,43
20260808,balanced_thr2,578,96,3760,3009,655,2918,68,15,76,1,9,16,131,43
20260808,balanced_thr2,579,94,3767,3014,659,2920,65,13,81,1,10,16,131,43
20260808,balanced_thr2,580,94,3773,3016,663,2924,60,7,85,8,12,16,131,43
20260808,balanced_thr2,581,94,3780,3018,668,2926,58,4,88,10,11,14,131,43
20260808,balanced_thr2,582,91,3788,3025,672,2930,58,9,86,7,12,14,131,43
20260808,balanced_thr2,583,91,3796,3029,676,2933,56,11,85,8,13,13,131,43
20260808,balanced_thr2,584,91,3802,3033,678,2938,57,8,87,8,13,13,131,43
20260808,balanced_thr2,585,84,3807,3039,684,2946,59,10,83,8,15,12,131,43
20260808,balanced_thr2,586,83,3815,3043,689,2951,62,10,82,6,18,11,131,43
20260808,balanced_thr2,587,79,3822,3050,693,2957,63,11,82,4,16,10,131,43
20260808,balanced_thr2,588,82,3830,3052,696,2961,63,9,82,6,17,9,131,43
20260808,balanced_thr2,589,74,3835,3060,701,2971,63,10,79,8,15,8,131,43
20260808,balanced_thr2,590,70,3841,3066,705,2981,70,14,71,5,13,8,131,43
20260808,balanced_thr2,591,70,3848,3070,708,2984,71,10,76,3,14,7,131,43
20260808,balanced_thr2,592,69,3856,3072,715,2987,72,6,79,3,12,9,131,43
20260808,balanced_thr2,593,66,3861,3074,721,2997,73,4,73,10,9,9,131,43
20260808,balanced_thr2,594,66,3869,3076,727,3000,74,4,72,10,9,9,131,43
20260808,balanced_thr2,595,68,3876,3081,727,3003,79,7,71,3,9,9,131,43
20260808,balanced_thr2,596,72,3884,3085,727,3010,80,9,66,5,9,9,131,43
20260808,balanced_thr2,597,75,3890,3088,727,3019,87,7,62,4,9,10,131,43
20260808,balanced_thr2,598,75,3895,3093,727,3024,88,8,61,3,9,10,131,43
20260808,balanced_thr2,599,79,3902,3096,727,3030,91,8,58,3,9,11,131,43
20260808,balanced_thr2,600,79,3910,3104,727,3033,88,11,60,1,9,11,121,40
20260808,busy_thr2,1,4,10,6,0,0,252,6,0,2,1,3,131,43
20260808,busy_thr2,2,14,22,8,0,0,225,8,0,27,4,4,131,43
20260808,busy_thr2,3,22,32,10,0,0,186,4,6,64,6,4,131,43
20260808,busy_thr2,4,5,45,40,0,0,181,32,8,39,1,2,131,43
20260808,busy_thr2,5,1,59,58,0,0,202,48,10,0,0,1,131,43
20260808,busy_thr2,6,2,69,67,0,0,193,27,40,0,0,1,131,43
20260808,busy_thr2,7,2,79,77,0,0,183,19,58,0,0,1,131,43
20260808,busy_thr2,8,4,90,86,0,0,174,19,67,0,1,2,131,43
20260808,busy_thr2,9,15,103,88,0,0,171,11,77,1,3,5,131,43
20260808,busy_thr2,10,26,116,90,0,0,169,4,86,1,7,6,131,43
20260808,busy_thr2,11,37,130,93,0,0,167,5,88,0,8,8,131,43
20260808,busy_thr2,12,46,143,97,0,1,161,7,89,3,9,11,131,43
20260808,busy_thr2,13,59,157,98,0,1,158,5,92,5,9,12,131,43
20260808,busy_thr2,14,69,171,102,0,1,157,5,96,2,8,13,131,43
20260808,busy_thr2,15,73,181,108,0,6,157,10,92,1,8,13,131,43
20260808,busy_thr2,16,80,191,111,0,12,158,9,90,3,8,15,131,43
20260808,busy_thr2,17,90,205,115,0,17,158,7,91,4,9,16,131,43
20260808,busy_thr2,18,99,216,117,0,27,165,6,84,5,9,17,131,43
20260808,busy_thr2,19,106,227,121,0,37,171,6,78,5,9,18,131,43
20260808,busy_thr2,20,109,238,129,0,42,168,12,75,5,9,18,121,40
20260808,busy_thr2,21,120,252,132,0,52,175,11,69,5,9,20,121,40
20260808,busy_thr2,22,127,265,138,0,60,175,9,69,7,9,21,121,40
20260808,busy_thr2,23,134,277,143,0,68,177,11,64,8,9,20,121,40
20260808,busy_thr2,24,138,289,151,0,74,179,13,64,4,9,21,121,40
20260808,busy_thr2,25,149,303,154,0,77,182,11,66,1,9,23,126,43
20260808,busy_thr2,26,157,313,156,0,83,184,5,68,3,9,24,126,43
20260808,busy_thr2,27,166,324,158,0,88,184,4,66,6,9,25,126,43
20260808,busy_thr2,28,175,336,161,0,93,185,5,63,7,9,27,126,43
20260808,busy_thr2,29,184,350,166,0,99,187,8,59,6,9,27,126,43
20260808,busy_thr2,30,180,363,183,0,101,173,22,60,5,9,26,131,43
20260808,busy_thr2,31,183,375,192,0,106,169,26,60,5,11,25,131,43
20260808,busy_thr2,32,192,388,196,0,109,147,13,74,26,12,24,131,43
20260808,busy_thr2,33,199,401,202,0,115,123,10,77,50,14,24,131,43
20260808,busy_thr2,34,184,411,227,0,117,122,31,79,28,11,24,131,43
20260808,busy_thr2,35,172,422,250,0,125,133,48,77,2,9,24,131,43
20260808,busy_thr2,36,177,436,259,0,131,129,32,96,3,10,24,131,43
20260808,busy_thr2,37,187,449,262,0,134,124,12,116,8,12,24,131,43
20260808,busy_thr2,38,188,459,266,5,138,122,7,121,10,15,24,131,43
20260808,busy_thr2,39,182,471,275,14,143,120,13,119,8,17,24,131,43
20260808,busy_thr2,40,177,482,284,21,147,117,18,119,6,17,23,131,43
20260808,busy_thr2,41,177,494,289,28,153,117,14,122,7,18,23,131,43
20260808,busy_thr2,42,176,507,293,38,156,118,9,128,5,18,22,131,43
20260808,busy_thr2,43,174,517,299,44,161,120,10,128,2,18,20,131,43
20260808,busy_thr2,44,175,529,302,52,174,126,9,119,6,18,19,131,43
20260808,busy_thr2,45,178,543,306,59,182,125,7,117,11,18,17,131,43
20260808,busy_thr2,46,175,556,312,69,187,126,10,115,9,18,16,131,43
20260808,busy_thr2,47,169,567,321,77,195,127,15,111,7,18,15,131,43
20260808,busy_thr2,48,171,579,325,83,201,130,13,111,6,18,15,131,43
20260808,busy_thr2,49,170,591,330,91,211,136,9,110,5,18,16,131,43
20260808,busy_thr2,50,162,604,339,103,228,140,14,97,9,18,16,126,43
20260808,busy_thr2,51,166,616,343,107,240,144,13,90,13,17,16,126,43
20260808,busy_thr2,52,160,626,351,115,250,147,12,89,12,17,18,126,43
20260808,busy_thr2,53,156,639,363,120,260,150,20,83,7,13,22,126,43
20260808,busy_thr2,54,151,651,369,131,265,153,18,86,3,9,23,126,43
20260808,busy_thr2,55,160,665,374,131,277,158,11,86,5,9,23,131,43
20260808,busy_thr2,56,167,675,377,131,283,159,8,86,7,9,23,131,43
20260808,busy_thr2,57,171,686,384,131,287,157,10,87,6,9,25,131,43
20260808,busy_thr2,58,177,697,389,131,294,161,12,83,4,9,25,131,43
20260808,busy_thr2,59,185,709,393,131,302,165,9,82,4,9,27,131,43
20260808,busy_thr2,60,188,723,404,131,313,156,15,76,13,10,27,131,43
20260808,busy_thr2,61,194,734,409,131,316,132,16,77,35,12,27,131,43
20260808,busy_thr2,62,193,745,421,131,321,70,17,83,90,15,25,131,43
20260808,busy_thr2,63,177,756,448,131,325,42,39,84,95,9,25,131,43
20260808,busy_thr2,64,175,767,461,131,331,99,40,90,31,9,25,131,43
20260808,busy_thr2,65,173,781,477,131,342,122,29,106,3,9,25,131,43
20260808,busy_thr2,66,173,794,490,131,343,111,29,118,2,9,25,131,43
20260808,busy_thr2,67,172,808,505,131,347,102,28,130,0,9,25,131,43
20260808,busy_thr2,68,169,821,516,136,352,96,26,138,0,9,24,131,43
20260808,busy_thr2,69,159,832,527,146,358,88,22,147,3,9,22,131,43
20260808,busy_thr2,70,148,843,537,158,364,83,21,152,4,9,19,131,43
20260808,busy_thr2,71,133,854,553,168,369,75,26,158,1,9,18,131,43
20260808,busy_thr2,72,123,866,567,176,380,71,30,157,2,9,18,131,43
20260808,busy_thr2,73,123,876,569,184,386,73,16,167,4,11,18,131,43
20260808,busy_thr2,74,119,886,575,192,392,59,8,175,18,12,16,131,43
20260808,busy_thr2,75,119,899,577,203,397,45,8,172,35,16,16,131,43
20260808,busy_thr2,76,100,911,598,213,404,41,23,171,25,14,12,131,43
20260808,busy_thr2,77,81,922,622,219,418,44,45,159,12,10,11,131,43
20260808,busy_thr2,78,76,933,630,227,428,49,32,170,9,10,8,131,43
20260808,busy_thr2,79,69,945,641,235,444,51,19,178,12,14,8,131,43
20260808,busy_thr2,80,70,958,645,243,458,56,15,172,17,15,6,131,43
20260808,busy_thr2,81,69,969,655,245,466,58,14,175,13,16,8,131,43
20260808,busy_thr2,82,65,979,667,247,473,54,22,172,12,16,8,131,43
20260808,busy_thr2,83,61,989,673,255,490,56,18,165,21,12,7,131,43
20260808,busy_thr2,84,55,1001,684,262,503,59,17,164,20,8,7,131,43
20260808,busy_thr2,85,53,1012,697,262,518,72,24,155,9,9,7,131,43
20260808,busy_thr2,86,56,1022,704,262,530,79,20,154,7,9,7,131,43
20260808,busy_thr2,87,63,1035,710,262,544,85,13,153,9,9,10,131,43
20260808,busy_thr2,88,70,1046,714,262,556,94,10,148,8,9,9,131,43
20260808,busy_thr2,89,70,1059,727,262,570,95,17,140,8,9,10,131,43
20260808,busy_thr2,90,70,1070,738,262,582,93,24,132,11,10,9,131,43
20260808,busy_thr2,91,71,1081,748,262,596,79,21,131,29,13,8,131,43
20260808,busy_thr2,92,73,1091,756,262,618,59,18,120,63,13,8,131,43
20260808,busy_thr2,93,63,1105,780,262,622,59,32,126,43,13,8,131,43
20260808,busy_thr2,94,38,1118,818,262,630,61,62,126,11,7,5,131,43
20260808,busy_thr2,95,39,1131,830,262,639,55,50,141,14,7,5,131,43
20260808,busy_thr2,96,37,1141,842,262,650,57,24,168,11,8,4,131,43
20260808,busy_thr2,97,41,1152,849,262,658,59,19,172,10,10,3,131,43
20260808,busy_thr2,98,44,1164,858,262,668,62,16,174,8,11,5,131,43
20260808,busy_thr2,99,46,1174,866,262,680,67,17,169,7,11,5,131,43
20260808,busy_thr2,100,51,1186,873,262,689,69,15,169,7,9,6,121,40
20260808,busy_thr2,101,56,1197,879,262,693,68,13,173,6,8,7,121,40
20260808,busy_thr2,102,62,1209,885,262,701,69,12,172,7,9,9,121,40
20260808,busy_thr2,103,70,1223,891,262,711,74,12,168,6,9,9,121,40
20260808,busy_thr2,104,72,1237,903,262,725,78,18,160,4,9,9,121,40
20260808,busy_thr2,105,76,1249,911,262,737,82,20,154,4,9,11,131,43
20260808,busy_thr2,106,82,1262,918,262,757,93,15,146,6,9,13,131,43
20260808,busy_thr2,107,92,1275,921,262,774,107,10,137,6,9,13,131,43
20260808,busy_thr2,108,100,1287,925,262,784,112,7,134,7,9,14,131,43
20260808,busy_thr2,109,109,1300,929,262,801,126,8,120,6,9,13,131,43
20260808,busy_thr2,110,114,1314,938,262,810,127,13,115,5,9,15,131,43
20260808,busy_thr2,111,123,1328,943,262,819,131,14,110,5,9,17,131,43
20260808,busy_thr2,112,128,1341,951,262,832,137,13,106,4,9,19,131,43
20260808,busy_thr2,113,137,1355,956,262,841,141,13,102,4,9,19,131,43
20260808,busy_thr2,114,144,1368,962,262,852,149,11,99,1,9,19,131,43
20260808,busy_thr2,115,154,1382,966,262,865,158,10,91,1,9,22,131,43
20260808,busy_thr2,116,163,1392,967,262,871,162,5,91,2,9,24,131,43
20260808,busy_thr2,117,171,1403,970,262,881,166,4,85,5,9,26,131,43
20260808,busy_thr2,118,180,1415,973,262,891,171,6,76,7,9,28,131,43
20260808,busy_thr2,119,182,1426,982,262,900,173,12,70,5,9,28,131,43
20260808,busy_thr2,120,179,1439,998,262,903,159,25,70,6,9,28,131,43
20260808,busy_thr2,121,186,1452,1004,262,911,157,22,71,10,11,27,131,43
20260808,busy_thr2,122,190,1462,1010,262,916,134,12,82,32,14,27,131,43
20260808,busy_thr2,123,196,1476,1018,262,922,91,14,82,73,16,27,131,43
20260808,busy_thr2,124,179,1487,1046,262,927,90,36,83,51,11,27,131,43
20260808,busy_thr2,125,170,1499,1067,262,932,119,49,86,6,9,27,121,40
20260808,busy_thr2,126,169,1510,1079,262,939,116,33,107,4,9,27,121,40
20260808,busy_thr2,127,166,1522,1094,262,949,111,27,118,4,9,27,121,40
20260808,busy_thr2,128,164,1532,1106,262,950,102,27,129,2,9,27,121,40
20260808,busy_thr2,129,171,1545,1112,262,952,96,18,142,4,12,27,121,40
20260808,busy_thr2,130,173,1558,1115,270,955,92,9,151,8,14,23,131,43
20260808,busy_thr2,131,171,1572,1120,281,962,93,8,150,9,15,20,131,43
20260808,busy_thr2,132,172,1585,1125,288,971,97,10,144,9,17,18,131,43
20260808,busy_thr2,133,170,1595,1131,294,978,97,11,142,10,18,18,131,43
20260808,busy_thr2,134,162,1607,1142,303,984,92,17,141,10,17,18,131,43
20260808,busy_thr2,135,159,1619,1149,311,988,93,18,143,6,18,17,131,43
20260808,busy_thr2,136,157,1633,1154,322,997,94,12,145,9,18,14,131,43
20260808,busy_thr2,137,156,1647,1161,330,1003,93,12,146,9,18,13,131,43
20260808,busy_thr2,138,149,1661,1174,338,1020,97,20,134,9,18,14,131,43
20260808,busy_thr2,139,145,1671,1180,346,1035,103,19,126,12,18,15,131,43
20260808,busy_thr2,140,137,1684,1190,357,1050,111,16,124,9,18,14,131,43
20260808,busy_thr2,141,137,1696,1196,363,1055,113,16,125,6,18,15,131,43
20260808,busy_thr2,142,137,1709,1201,371,1063,114,11,127,8,16,17,131,43
20260808,busy_thr2,143,135,1719,1204,380,1069,113,8,127,12,12,17,131,43
20260808,busy_thr2,144,132,1732,1215,385,1080,115,14,121,10,9,17,131,43
20260808,busy_thr2,145,132,1744,1227,385,1099,120,23,105,12,9,19,131,43
20260808,busy_thr2,146,142,1757,1230,385,1110,131,15,105,9,9,22,131,43
20260808,busy_thr2,147,143,1770,1242,385,1119,135,15,108,2,9,22,131,43
20260808,busy_thr2,148,153,1782,1244,385,1128,143,14,102,1,9,22,131,43
20260808,busy_thr2,149,165,1796,1246,385,1133,145,4,109,2,9,21,131,43
20260808,busy_thr2,150,165,1809,1259,385,1141,139,15,103,3,9,21,131,43
20260808,busy_thr2,151,173,1822,1264,385,1147,137,18,99,6,11,21,131,43
20260808,busy_thr2,152,181,1834,1268,385,1152,101,9,107,43,15,21,131,43
20260808,busy_thr2,153,183,1846,1278,385,1164,49,14,100,97,16,20,131,43
20260808,busy_thr2,154,157,1860,1318,385,1171,50,50,97,63,9,20,131,43
20260808,busy_thr2,155,153,1872,1334,385,1179,97,56,99,8,9,20,126,43
20260808,busy_thr2,156,153,1882,1344,385,1186,98,26,132,4,9,20,126,43
20260808,busy_thr2,157,149,1893,1359,385,1194,93,25,140,2,9,19,126,43
20260808,busy_thr2,158,149,1907,1373,385,1199,84,29,145,2,9,19,126,43
20260808,busy_thr2,159,146,1921,1390,385,1206,75,31,153,1,9,19,126,43
20260808,busy_thr2,160,145,1932,1400,387,1211,67,27,162,4,9,19,131,43
20260808,busy_thr2,161,140,1942,1403,399,1219,65,13,171,11,12,17,131,43
20260808,busy_thr2,162,141,1954,1406,407,1224,56,6,176,22,15,17,131,43
20260808,busy_thr2,163,135,1965,1416,414,1234,52,13,169,26,14,16,131,43
20260808,busy_thr2,164,123,1977,1434,420,1242,49,28,164,19,14,16,131,43
20260808,busy_thr2,165,113,1989,1448,428,1249,50,32,167,11,15,13,131,43
20260808,busy_thr2,166,107,2000,1458,435,1259,53,24,175,8,16,13,131,43
20260808,busy_thr2,167,106,2011,1464,441,1269,57,16,179,8,16,11,131,43
20260808,busy_thr2,168,106,2024,1471,447,1282,58,13,176,13,16,10,131,43
20260808,busy_thr2,169,109,2038,1477,452,1297,64,13,167,16,17,9,131,43
20260808,busy_thr2,170,106,2050,1488,456,1312,72,17,159,12,18,8,131,43
20260808,busy_thr2,171,101,2060,1497,462,1322,75,20,155,10,17,9,131,43
20260808,busy_thr2,172,100,2072,1505,467,1335,79,17,153,11,15,11,131,43
20260808,busy_thr2,173,94,2085,1513,478,1349,79,16,148,17,12,12,131,43
20260808,busy_thr2,174,90,2098,1520,488,1362,84,15,143,18,9,13,131,43
20260808,busy_thr2,175,97,2112,1527,488,1371,91,14,142,13,9,14,131,43
20260808,busy_thr2,176,101,2123,1534,488,1392,106,14,128,12,9,15,131,43
20260808,busy_thr2,177,100,2133,1545,488,1405,110,18,122,10,9,15,131,43
20260808,busy_thr2,178,107,2147,1552,488,1414,114,18,120,8,9,16,131,43
20260808,busy_thr2,179,112,2159,1559,488,1425,115,14,120,11,9,16,131,43
20260808,busy_thr2,180,108,2170,1574,488,1434,109,22,118,11,9,16,121,40
20260808,busy_thr2,181,104,2182,1590,488,1439,102,31,120,7,9,13,121,40
20260808,busy_thr2,182,107,2192,1597,488,1449,100,23,125,12,13,13,121,40
20260808,busy_thr2,183,116,2204,1600,488,1462,71,10,128,51,14,13,121,40
20260808,busy_thr2,184,118,2216,1610,488,1470,71,13,127,49,15,12,121,40
20260808,busy_thr2,185,86,2230,1656,488,1477,71,56,123,10,9,11,131,43
20260808,busy_thr2,186,90,2243,1665,488,1481,65,55,129,11,13,11,131,43
20260808,busy_thr2,187,98,2255,1669,488,1492,63,13,164,20,14,11,131,43
20260808,busy_thr2,188,97,2269,1684,488,1500,60,19,165,16,17,10,131,43
20260808,busy_thr2,189,92,2282,1702,488,1510,60,33,159,8,17,9,131,43
20260808,busy_thr2,190,100,2296,1708,488,1520,61,24,164,11,18,9,131,43
20260808,busy_thr2,191,106,2307,1713,488,1530,60,11,172,17,18,9,131,43
20260808,busy_thr2,192,108,2319,1723,488,1539,62,15,169,14,18,9,131,43
20260808,busy_thr2,193,109,2332,1735,488,1548,63,22,165,10,18,11,131,43
20260808,busy_thr2,194,116,2346,1742,488,1563,71,19,160,10,18,12,131,43
20260808,busy_thr2,195,120,2359,1751,488,1572,77,16,163,4,18,16,131,43
20260808,busy_thr2,196,122,2369,1759,488,1582,76,17,160,7,18,17,131,43
20260808,busy_thr2,197,134,2383,1761,488,1589,77,10,162,11,18,19,131,43
20260808,busy_thr2,198,137,2396,1771,488,1602,80,12,157,11,17,20,131,43
20260808,busy_thr2,199,141,2406,1777,488,1614,82,16,147,15,14,20,131,43
20260808,busy_thr2,200,142,2418,1788,488,1630,86,17,141,16,13,21,131,43
20260808,busy_thr2,201,146,2432,1798,488,1639,89,21,138,12,11,24,131,43
20260808,busy_thr2,202,147,2445,1810,488,1653,94,22,135,9,9,27,131,43
20260808,busy_thr2,203,151,2456,1817,488,1660,94,19,138,9,9,27,131,43
20260808,busy_thr2,204,158,2470,1824,488,1681,108,14,129,9,9,28,131,43
20260808,busy_thr2,205,163,2484,1833,488,1694,114,16,123,7,9,29,131,43
20260808,busy_thr2,206,166,2495,1841,488,1704,118,17,120,5,9,29,131,43
20260808,busy_thr2,207,174,2509,1847,488,1718,122,14,115,9,9,28,131,43
20260808,busy_thr2,208,181,2521,1852,488,1726,122,11,115,12,9,29,131,43
20260808,busy_thr2,209,182,2531,1861,488,1737,125,14,110,11,9,29,131,43
20260808,busy_thr2,210,177,2543,1878,488,1743,117,26,109,8,9,29,131,43
20260808,busy_thr2,211,181,2554,1885,488,1753,120,24,108,8,11,28,131,43
20260808,busy_thr2,212,188,2567,1891,488,1757,84,13,121,42,15,26,131,43
20260808,busy_thr2,213,194,2579,1897,488,1766,79,12,119,50,14,26,131,43
20260808,busy_thr2,214,166,2590,1936,488,1774,81,45,117,17,9,26,131,43
20260808,busy_thr2,215,165,2603,1950,488,1784,88,53,113,6,9,26,131,43
20260808,busy_thr2,216,168,2615,1959,488,1789,85,23,147,5,10,26,131,43
20260808,busy_thr2,217,175,2625,1962,488,1795,84,12,155,9,11,25,131,43
20260808,busy_thr2,218,180,2635,1967,488,1809,91,8,150,11,13,25,131,43
20260808,busy_thr2,219,185,2649,1974,490,1818,93,12,144,11,15,24,131,43
20260808,busy_thr2,220,181,2661,1980,500,1822,95,13,145,7,17,23,131,43
20260808,busy_thr2,221,178,2674,1990,506,1831,96,16,143,5,17,20,131,43
20260808,busy_thr2,222,179,2687,1992,516,1840,100,12,140,8,17,17,131,43
20260808,busy_thr2,223,174,2700,2000,526,1849,101,10,141,8,17,16,131,43
20260808,busy_thr2,224,169,2710,2009,532,1859,102,17,133,8,18,15,131,43
20260808,busy_thr2,225,164,2721,2015,542,1868,101,15,132,12,18,14,131,43
20260808,busy_thr2,226,156,2731,2022,553,1877,105,13,132,10,18,11,131,43
20260808,busy_thr2,227,153,2743,2031,559,1883,109,16,132,3,18,12,131,43
20260808,busy_thr2,228,152,2756,2035,569,1888,110,13,134,3,17,14,131,43
20260808,busy_thr2,229,148,2768,2042,578,1904,114,11,127,8,17,14,131,43
20260808,busy_thr2,230,149,2780,2045,586,1916,121,10,119,10,16,16,131,43
20260808,busy_thr2,231,143,2792,2056,593,1928,121,14,114,11,16,17,131,43
20260808,busy_thr2,232,140,2806,2063,603,1936,122,18,109,11,13,18,131,43
20260808,busy_thr2,233,137,2820,2072,611,1949,127,16,107,10,11,18,131,43
20260808,busy_thr2,234,140,2833,2077,616,1962,132,14,101,13,9,21,131,43
20260808,busy_thr2,235,148,2846,2082,616,1972,139,10,100,11,9,21,111,40
20260808,busy_thr2,236,150,2858,2092,616,1978,139,15,99,7,9,23,111,40
20260808,busy_thr2,237,154,2869,2099,616,1988,143,17,94,6,9,22,111,40
20260808,busy_thr2,238,161,2882,2105,616,1993,142,13,99,6,9,24,111,40
20260808,busy_thr2,239,167,2893,2110,616,1998,145,11,101,3,9,25,111,40
20260808,busy_thr2,240,169,2904,2119,616,2008,145,14,97,4,10,24,131,43
20260808,busy_thr2,241,178,2915,2121,616,2011,131,11,99,19,12,24,131,43
20260808,busy_thr2,242,180,2925,2129,616,2022,79,10,97,74,17,24,131,43
20260808,busy_thr2,243,177,2939,2146,616,2028,34,25,93,108,15,24,131,43
20260808,busy_thr2,244,154,2949,2179,616,2037,66,50,92,52,9,23,131,43
20260808,busy_thr2,245,152,2961,2193,616,2046,108,47,100,5,9,22,131,43
20260808,busy_thr2,246,152,2973,2205,616,2056,107,26,123,4,9,22,131,43
20260808,busy_thr2,247,150,2986,2220,616,2063,101,27,130,2,9,22,131,43
20260808,busy_thr2,248,148,2996,2232,616,2069,97,27,136,0,9,21,131,43
20260808,busy_thr2,249,148,3010,2246,616,2073,86,26,147,1,9,21,131,43
20260808,busy_thr2,250,147,3023,2257,619,2075,76,25,157,2,9,21,131,43
20260808,busy_thr2,251,138,3036,2273,625,2078,63,27,168,2,9,19,131,43
20260808,busy_thr2,252,130,3046,2282,634,2084,59,25,173,3,9,17,131,43
20260808,busy_thr2,253,121,3060,2294,645,2094,54,21,179,6,10,17,131,43
20260808,busy_thr2,254,121,3070,2297,652,2105,45,15,177,23,14,16,131,43
20260808,busy_thr2,255,120,3082,2302,660,2116,41,8,178,33,18,14,122,43
20260808,busy_thr2,256,103,3093,2325,665,2126,42,28,171,19,15,13,122,43
20260808,busy_thr2,257,94,3106,2341,671,2135,40,39,167,14,14,11,122,43
20260808,busy_thr2,258,89,3119,2350,680,2142,39,25,183,13,18,10,122,43
20260808,busy_thr2,259,78,3130,2361,691,2150,37,20,191,12,18,8,122,43
20260808,busy_thr2,260,75,3140,2367,698,2162,41,17,188,14,17,7,131,43
20260808,busy_thr2,261,71,3151,2377,703,2175,48,16,186,10,18,7,131,43
20260808,busy_thr2,262,69,3165,2387,709,2190,51,20,177,12,15,8,131,43
20260808,busy_thr2,263,72,3179,2393,714,2200,51,16,177,16,11,9,131,43
20260808,busy_thr2,264,70,3191,2402,719,2218,56,15,169,20,9,10,131,43
20260808,busy_thr2,265,76,3203,2408,719,2235,68,15,158,19,9,11,131,43
20260808,busy_thr2,266,74,3216,2423,719,2247,71,21,155,13,9,12,131,43
20260808,busy_thr2,267,77,3227,2431,719,2263,80,23,145,12,9,11,131,43
20260808,busy_thr2,268,81,3240,2440,719,2281,89,17,142,12,9,14,131,43
20260808,busy_thr2,269,86,3253,2448,719,2288,89,17,143,11,9,13,131,43
20260808,busy_thr2,270,83,3265,2463,719,2299,84,23,141,12,9,13,131,43
20260808,busy_thr2,271,83,3275,2472,720,2316,90,24,132,14,11,10,131,43
20260808,busy_thr2,272,86,3287,2481,720,2324,61,18,139,42,16,10,131,43
20260808,busy_thr2,273,91,3300,2489,720,2334,65,17,138,40,15,10,131,43
20260808,busy_thr2,274,66,3312,2526,720,2350,71,45,131,13,9,10,131,43
20260808,busy_thr2,275,67,3322,2535,720,2358,73,46,131,10,10,9,131,43
20260808,busy_thr2,276,69,3333,2544,720,2364,69,18,162,11,13,7,131,43
20260808,busy_thr2,277,80,3346,2546,720,2370,72,11,165,12,17,7,131,43
20260808,busy_thr2,278,82,3359,2557,720,2378,73,13,166,8,16,7,131,43
20260808,busy_thr2,279,91,3373,2562,720,2387,78,16,159,7,18,7,131,43
20260808,busy_thr2,280,92,3384,2572,720,2398,80,15,159,6,18,7,131,43
20260808,busy_thr2,281,102,3398,2575,721,2408,82,13,154,11,18,8,131,43
20260808,busy_thr2,282,110,3412,2581,721,2420,88,9,152,11,18,9,131,43
20260808,busy_thr2,283,113,3425,2591,721,2436,92,16,139,13,18,9,131,43
20260808,busy_thr2,284,117,3435,2597,721,2444,92,16,137,15,17,11,131,43
20260808,busy_thr2,285,118,3449,2610,721,2455,92,19,136,13,16,13,121,40
20260808,busy_thr2,286,123,3463,2619,721,2461,92,22,136,10,15,16,121,40
20260808,busy_thr2,287,128,3476,2627,721,2469,89,17,141,13,15,15,121,40
20260808,busy_thr2,288,137,3490,2632,721,2482,93,13,137,17,15,17,121,40
20260808,busy_thr2,289,137,3504,2645,722,2494,93,18,133,16,13,19,121,40
20260808,busy_thr2,290,137,3515,2656,722,2510,95,24,122,19,12,18,126,43
20260808,busy_thr2,291,138,3528,2668,722,2517,95,23,128,14,10,19,126,43
20260808,busy_thr2,292,135,3538,2681,722,2529,96,25,127,12,9,19,126,43
20260808,busy_thr2,293,142,3552,2688,722,2536,97,20,132,11,9,20,126,43
20260808,busy_thr2,294,150,3564,2692,722,2542,106,11,139,4,9,22,126,43
20260808,busy_thr2,295,155,3574,2697,722,2554,111,9,134,6,9,22,131,43
20260808,busy_thr2,296,162,3585,2701,722,2562,112,9,130,9,9,24,131,43
20260808,busy_thr2,297,165,3599,2712,722,2574,117,15,123,5,9,26,131,43
20260808,busy_thr2,298,168,3609,2719,722,2582,121,18,119,2,9,29,131,43
20260808,busy_thr2,299,174,3621,2725,722,2590,123,13,122,2,9,32,131,43
20260808,busy_thr2,300,176,3633,2735,722,2599,120,16,120,4,9,31,131,43
20260808,busy_thr2,301,176,3644,2746,722,2608,114,21,117,8,9,31,131,43
20260808,busy_thr2,302,179,3655,2754,722,2615,111,19,120,10,11,30,131,43
20260808,busy_thr2,303,180,3665,2762,723,2623,81,16,123,40,13,29,131,43
20260808,busy_thr2,304,185,3677,2769,723,2626,62,15,128,55,18,27,131,43
20260808,busy_thr2,305,159,3688,2806,723,2635,68,44,127,21,9,27,131,43
20260808,busy_thr2,306,153,3702,2826,723,2649,81,57,120,2,9,26,131,43
20260808,busy_thr2,307,159,3716,2834,723,2658,80,28,148,4,10,26,131,43
20260808,busy_thr2,308,170,3730,2837,723,2665,73,11,161,15,15,26,131,43
20260808,busy_thr2,309,178,3742,2841,723,2678,78,7,156,19,17,26,131,43
20260808,busy_thr2,310,174,3754,2854,726,2682,74,17,155,14,17,25,131,43
20260808,busy_thr2,311,169,3766,2864,733,2695,78,23,146,13,15,22,131,43
20260808,busy_thr2,312,162,3776,2875,739,2705,81,21,149,9,16,22,131,43
20260808,busy_thr2,313,150,3786,2887,749,2714,82,23,150,5,16,20,131,43
20260808,busy_thr2,314,145,3797,2895,757,2723,84,20,152,4,17,17,131,43
20260808,busy_thr2,315,142,3808,2900,766,2734,87,13,153,7,17,16,131,43
20260808,busy_thr2,316,136,3818,2907,775,2748,92,12,147,9,17,14,131,43
20260808,busy_thr2,317,134,3831,2916,781,2754,89,16,146,9,17,14,131,43
20260808,busy_thr2,318,130,3842,2924,788,2763,89,17,144,10,18,13,131,43
20260808,busy_thr2,319,128,3853,2930,795,2771,92,14,145,9,18,15,131,43
20260808,busy_thr2,320,124,3863,2939,800,2780,93,15,144,8,18,17,131,43
20260808,busy_thr2,321,125,3875,2946,804,2798,95,16,132,17,18,18,131,43
20260808,busy_thr2,322,121,3887,2952,814,2806,95,13,133,19,15,19,131,43
20260808,busy_thr2,323,117,3899,2967,815,2822,101,21,124,14,12,18,131,43
20260808,busy_thr2,324,115,3913,2975,823,2833,102,23,119,16,9,18,131,43
20260808,busy_thr2,325,117,3923,2983,823,2841,104,16,126,14,9,19,131,43
20260808,busy_thr2,326,123,3935,2989,823,2847,110,14,128,8,9,19,131,43
20260808,busy_thr2,327,129,3948,2996,823,2854,115,13,129,3,9,18,131,43
20260808,busy_thr2,328,134,3962,3005,823,2862,116,16,127,1,9,18,131,43
20260808,busy_thr2,329,143,3974,3008,823,2873,122,12,123,3,9,21,131,43
20260808,busy_thr2,330,144,3984,3017,823,2883,119,12,122,7,9,21,131,43
20260808,busy_thr2,331,144,3994,3027,823,2894,120,19,114,7,10,21,131,43
20260808,busy_thr2,332,154,4008,3031,823,2903,110,14,114,22,14,20,131,43
20260808,busy_thr2,333,158,4019,3038,823,2913,45,11,114,90,15,20,131,43
20260808,busy_thr2,334,147,4029,3059,823,2923,43,28,108,81,11,20,131,43
20260808,busy_thr2,335,130,4042,3089,823,2931,90,51,107,12,9,20,121,40
20260808,busy_thr2,336,126,4054,3105,823,2937,89,46,122,3,9,18,121,40
20260808,busy_thr2,337,124,4068,3121,823,2946,81,32,143,4,9,18,121,40
20260808,busy_thr2,338,122,4079,3134,823,2952,72,29,153,6,9,18,121,40
20260808,busy_thr2,339,119,4092,3150,823,2960,66,29,161,4,9,17,121,40
20260808,busy_thr2,340,116,4106,3167,823,2969,59,33,165,3,9,17,131,43
20260808,busy_thr2,341,127,4120,3170,823,2976,57,20,174,9,14,17,131,43
20260808,busy_thr2,342,134,4132,3175,823,2986,47,8,181,24,17,16,131,43
20260808,busy_thr2,343,134,4142,3185,823,2998,47,15,172,26,17,16,131,43
20260808,busy_thr2,344,124,4155,3204,827,3001,45,29,174,12,16,15,131,43
20260808,busy_thr2,345,123,4169,3217,829,3013,46,32,172,10,18,13,131,43
20260808,busy_thr2,346,119,4180,3223,838,3024,51,19,180,10,18,12,131,43
20260808,busy_thr2,347,114,4191,3233,844,3031,52,16,186,6,18,11,131,43
20260808,busy_thr2,348,109,4201,3239,853,3047,56,16,176,12,18,11,131,43
20260808,busy_thr2,349,104,4211,3247,860,3058,56,14,175,15,18,10,131,43
20260808,busy_thr2,350,98,4222,3259,865,3065,57,20,174,9,18,10,131,43
20260808,busy_thr2,351,96,4234,3271,867,3081,59,24,166,11,18,11,131,43
20260808,busy_thr2,352,97,4247,3274,876,3095,63,15,164,18,14,12,131,43
20260808,busy_thr2,353,96,4260,3285,879,3110,67,14,161,18,11,12,131,43
20260808,busy_thr2,354,85,4271,3297,889,3126,72,23,148,17,9,12,131,43
20260808,busy_thr2,355,86,4281,3306,889,3150,86,21,135,18,9,13,131,43
20260808,busy_thr2,356,89,4293,3315,889,3162,90,18,135,17,9,14,131,43
20260808,busy_thr2,357,93,4307,3325,889,3171,93,19,135,13,9,15,131,43
20260808,busy_thr2,358,94,4320,3337,889,3180,95,22,135,8,9,17,131,43
20260808,busy_thr2,359,99,4330,3342,889,3193,102,17,132,9,9,19,131,43
20260808,busy_thr2,360,100,4341,3352,889,3200,97,15,137,11,9,19,126,43
20260808,busy_thr2,361,102,4352,3361,889,3209,96,19,133,12,12,17,126,43
20260808,busy_thr2,362,110,4366,3367,889,3220,54,15,132,59,15,16,126,43
20260808,busy_thr2,363,114,4379,3376,889,3230,57,15,131,57,16,16,126,43
20260808,busy_thr2,364,81,4393,3423,889,3241,68,56,126,10,9,15,126,43
20260808,busy_thr2,365,78,4404,3437,889,3249,65,61,127,7,9,15,131,43
20260808,busy_thr2,366,80,4417,3448,889,3262,65,25,161,9,11,14,131,43
20260808,busy_thr2,367,85,4428,3454,889,3269,61,17,168,14,14,13,131,43
20260808,busy_thr2,368,91,4441,3461,889,3278,66,13,170,11,16,13,131,43
20260808,busy_thr2,369,94,4453,3470,889,3289,68,16,165,11,17,12,131,43
20260808,busy_thr2,370,103,4466,3474,889,3299,72,13,162,13,17,10,131,43
20260808,busy_thr2,371,107,4477,3481,889,3309,78,11,161,10,17,10,131,43
20260808,busy_thr2,372,110,4488,3489,889,3316,80,15,158,7,17,10,131,43
20260808,busy_thr2,373,115,4499,3495,889,3322,78,14,159,9,17,10,131,43
20260808,busy_thr2,374,120,4509,3500,889,3331,79,11,158,12,17,12,131,43
20260808,busy_thr2,375,122,4522,3511,889,3350,86,16,145,13,17,13,131,43
20260808,busy_thr2,376,128,4536,3519,889,3364,89,19,136,16,17,14,131,43
20260808,busy_thr2,377,129,4546,3528,889,3375,95,17,136,12,16,15,131,43
20260808,busy_thr2,378,129,4558,3540,889,3382,94,21,137,8,14,18,131,43
20260808,busy_thr2,379,135,4569,3545,889,3396,98,17,132,13,14,18,131,43
20260808,busy_thr2,380,133,4580,3558,889,3412,99,18,128,15,13,19,115,42
20260808,busy_thr2,381,134,4591,3568,889,3424,99,23,121,17,11,19,115,42
20260808,busy_thr2,382,138,4602,3575,889,3434,103,17,124,16,9,20,115,42
20260808,busy_thr2,383,139,4614,3586,889,3446,110,18,122,10,9,23,115,42
20260808,busy_thr2,384,146,4627,3592,889,3456,117,17,119,7,9,26,115,42
20260808,busy_thr2,385,152,4640,3599,889,3467,120,13,119,8,9,25,131,43
20260808,busy_thr2,386,162,4654,3603,889,3477,124,11,115,10,9,26,131,43
20260808,busy_thr2,387,166,4665,3610,889,3483,124,11,116,9,9,25,131,43
20260808,busy_thr2,388,170,4677,3618,889,3493,128,15,110,7,9,26,131,43
20260808,busy_thr2,389,172,4688,3627,889,3498,127,17,112,4,9,28,131,43
20260808,busy_thr2,390,169,4699,3641,889,3506,123,23,112,2,9,27,121,40
20260808,busy_thr2,391,168,4713,3656,889,3510,112,29,117,2,9,27,121,40
20260808,busy_thr2,392,171,4723,3663,889,3520,113,22,121,4,10,27,121,40
20260808,busy_thr2,393,180,4734,3665,889,3524,100,9,132,19,13,26,121,40
20260808,busy_thr2,394,185,4744,3670,889,3534,71,7,129,53,15,26,121,40
20260808,busy_thr2,395,180,4756,3687,889,3543,79,22,122,37,13,26,131,43
20260808,busy_thr2,396,166,4769,3714,889,3552,97,44,118,1,9,25,131,43
20260808,busy_thr2,397,164,4782,3729,889,3563,93,42,124,1,9,25,131,43
20260808,busy_thr2,398,162,4792,3738,892,3571,91,24,143,2,9,25,131,43
20260808,busy_thr2,399,160,4804,3743,901,3582,91,14,147,8,13,23,131,43
20260808,busy_thr2,400,162,4818,3747,909,3590,88,9,148,15,17,23,131,43
20260808,busy_thr2,401,161,4830,3754,915,3597,91,11,146,12,16,21,131,43
20260808,busy_thr2,402,150,4841,3768,923,3609,93,21,138,8,17,20,131,43
20260808,busy_thr2,403,147,4851,3772,932,3618,95,18,136,11,18,17,131,43
20260808,busy_thr2,404,149,4864,3780,935,3625,97,12,143,8,18,16,131,43
20260808,busy_thr2,405,148,4875,3787,940,3632,100,15,140,5,18,15,131,43
20260808,busy_thr2,406,143,4886,3794,949,3650,105,14,130,11,18,14,131,43
20260808,busy_thr2,407,141,4898,3799,958,3662,108,12,125,15,18,11,131,43
20260808,busy_thr2,408,141,4912,3808,963,3668,112,14,126,8,18,12,131,43
20260808,busy_thr2,409,133,4922,3818,971,3681,118,19,118,5,18,12,131,43
20260808,busy_thr2,410,131,4933,3821,981,3690,121,13,118,8,17,14,131,43
20260808,busy_thr2,411,130,4947,3827,990,3703,126,9,115,10,15,16,131,43
20260808,busy_thr2,412,132,4958,3832,994,3713,131,11,108,10,14,17,131,43
20260808,busy_thr2,413,127,4971,3841,1003,3722,133,14,105,8,10,17,131,43
20260808,busy_thr2,414,129,4981,3847,1005,3728,134,15,104,7,9,17,131,43
20260808,busy_thr2,415,134,4993,3854,1005,3738,137,13,103,7,9,18,131,43
20260808,busy_thr2,416,142,5006,3859,1005,3742,136,12,105,7,9,20,131,43
20260808,busy_thr2,417,146,5016,3865,1005,3753,142,11,101,6,9,20,131,43
20260808,busy_thr2,418,151,5026,3870,1005,3757,142,11,102,5,9,20,131,43
20260808,busy_thr2,419,159,5040,3876,1005,3767,145,11,98,6,9,20,131,43
20260808,busy_thr2,420,161,5050,3883,1006,3769,139,13,101,7,11,20,131,43
20260808,busy_thr2,421,165,5060,3889,1006,3782,122,13,94,31,13,20,131,43
20260808,busy_thr2,422,171,5071,3894,1006,3791,70,11,92,87,16,20,131,43
20260808,busy_thr2,423,154,5085,3925,1006,3801,48,36,88,88,10,20,131,43
20260808,busy_thr2,424,146,5095,3943,1006,3805,91,49,89,31,9,20,131,43
20260808,busy_thr2,425,144,5109,3959,1006,3813,110,34,112,4,9,20,131,43
20260808,busy_thr2,426,143,5122,3973,1006,3820,105,30,123,2,9,19,131,43
20260808,busy_thr2,427,138,5136,3992,1006,3829,95,33,130,2,9,19,131,43
20260808,busy_thr2,428,137,5149,4006,1006,3834,84,33,139,4,9,19,131,43
20260808,busy_thr2,429,136,5160,4018,1006,3840,79,26,152,3,9,19,131,43
20260808,busy_thr2,430,136,5174,4032,1006,3845,70,26,161,3,9,18,131,43
20260808,busy_thr2,431,144,5188,4038,1006,3850,66,20,168,6,11,18,131,43
20260808,busy_thr2,432,148,5201,4045,1008,3857,34,13,175,38,16,17,131,43
20260808,busy_thr2,433,138,5212,4053,1021,3867,31,15,171,43,14,15,131,43
20260808,busy_thr2,434,108,5222,4084,1030,3874,37,39,171,13,9,14,131,43
20260808,busy_thr2,435,99,5232,4097,1036,3885,41,44,168,7,9,13,131,43
20260808,busy_thr2,436,90,5244,4110,1044,3900,45,26,184,5,10,12,131,43
20260808,busy_thr2,437,86,5254,4118,1050,3911,40,21,186,13,11,12,131,43
20260808,busy_thr2,438,81,5264,4123,1060,3922,38,13,188,21,14,10,131,43
20260808,busy_thr2,439,76,5278,4134,1068,3933,44,16,185,15,14,9,131,43
20260808,busy_thr2,440,72,5292,4148,1072,3944,44,25,179,12,16,8,131,43
20260808,busy_thr2,441,69,5304,4155,1080,3953,43,21,181,15,16,7,131,43
20260808,busy_thr2,442,65,5317,4166,1086,3968,45,18,180,17,15,8,131,43
20260808,busy_thr2,443,58,5327,4179,1090,3981,47,24,174,15,12,7,131,43
20260808,busy_thr2,444,51,5338,4190,1097,3993,51,24,173,12,9,7,131,43
20260808,busy_thr2,445,59,5351,4195,1097,4007,61,16,172,11,9,8,121,40
20260808,busy_thr2,446,64,5362,4201,1097,4020,68,11,170,11,9,10,121,40
20260808,busy_thr2,447,64,5372,4211,1097,4037,69,16,158,17,9,9,121,40
20260808,busy_thr2,448,68,5384,4219,1097,4051,77,18,150,15,9,11,121,40
20260808,busy_thr2,449,66,5396,4233,1097,4065,85,22,146,7,9,10,121,40
20260808,busy_thr2,450,63,5410,4250,1097,4079,81,31,140,8,9,9,131,43
20260808,busy_thr2,451,65,5420,4258,1097,4091,81,25,142,12,12,9,131,43
20260808,busy_thr2,452,69,5432,4266,1097,4102,62,16,148,34,15,9,131,43
20260808,busy_thr2,453,72,5445,4276,1097,4116,63,18,142,37,14,9,131,43
20260808,busy_thr2,454,56,5458,4305,1097,4126,61,39,140,20,13,7,131,43
20260808,busy_thr2,455,55,5470,4318,1097,4139,62,42,137,19,11,6,131,43
20260808,busy_thr2,456,54,5484,4333,1097,4151,60,28,154,18,13,6,131,43
20260808,busy_thr2,457,57,5497,4343,1097,4159,61,25,159,15,11,7,131,43
20260808,busy_thr2,458,56,5509,4356,1097,4165,59,23,168,10,10,7,131,43
20260808,busy_thr2,459,62,5522,4363,1097,4178,65,20,165,10,9,9,131,43
20260808,busy_thr2,460,69,5534,4368,1097,4181,66,12,175,7,9,11,131,43
20260808,busy_thr2,461,73,5546,4376,1097,4189,71,13,174,2,9,11,131,43
20260808,busy_thr2,462,82,5559,4380,1097,4202,79,12,166,3,9,13,131,43
20260808,busy_thr2,463,92,5573,4384,1097,4211,84,8,165,3,9,16,131,43
20260808,busy_thr2,464,99,5587,4391,1097,4222,87,11,158,4,9,18,131,43
20260808,busy_thr2,465,110,5601,4394,1097,4237,97,10,147,6,9,20,131,43
20260808,busy_thr2,466,116,5613,4400,1097,4246,102,9,145,4,9,17,131,43
20260808,busy_thr2,467,121,5623,4405,1097,4257,107,11,137,5,9,19,131,43
20260808,busy_thr2,468,132,5637,4408,1097,4271,116,8,129,7,9,20,131,43
20260808,busy_thr2,469,139,5651,4415,1097,4282,121,10,123,6,9,21,131,43
20260808,busy_thr2,470,146,5665,4422,1097,4299,128,14,109,9,9,22,131,43
20260808,busy_thr2,471,153,5675,4425,1097,4309,138,10,106,6,9,25,131,43
20260808,busy_thr2,472,155,5687,4435,1097,4317,141,13,105,1,9,25,131,43
20260808,busy_thr2,473,161,5697,4439,1097,4335,149,14,90,7,9,25,131,43
20260808,busy_thr2,474,171,5710,4442,1097,4345,154,7,90,9,9,26,131,43
20260808,busy_thr2,475,175,5721,4449,1097,4352,157,10,87,6,9,25,131,43
20260808,busy_thr2,476,181,5734,4456,1097,4365,164,14,77,5,9,25,131,43
20260808,busy_thr2,477,190,5748,4461,1097,4368,165,12,81,2,9,27,131,43
20260808,busy_thr2,478,200,5762,4465,1097,4374,168,9,82,1,9,28,131,43
20260808,busy_thr2,479,213,5775,4465,1097,4380,172,4,81,3,9,28,131,43
20260808,busy_thr2,480,212,5788,4479,1097,4385,163,14,80,3,9,28,131,43
20260808,busy_thr2,481,212,5802,4493,1097,4394,155,28,71,6,9,28,131,43
20260808,busy_thr2,482,218,5814,4499,1097,4401,151,20,78,11,13,28,131,43
20260808,busy_thr2,483,225,5826,4504,1097,4406,108,11,87,54,16,28,131,43
20260808,busy_thr2,484,226,5836,4513,1097,4410,106,14,89,51,15,28,131,43
20260808,busy_thr2,485,202,5849,4550,1097,4415,119,46,89,6,9,27,131,43
20260808,busy_thr2,486,192,5863,4568,1103,4423,111,55,90,4,9,27,131,43
20260808,busy_thr2,487,188,5876,4576,1112,4430,111,26,120,3,11,26,131,43
20260808,busy_thr2,488,181,5886,4584,1121,4435,106,16,133,5,12,23,131,43
20260808,busy_thr2,489,179,5899,4588,1132,4439,106,12,137,5,16,22,131,43
20260808,busy_thr2,490,173,5912,4595,1144,4445,107,11,139,3,15,20,126,43
20260808,busy_thr2,491,173,5926,4599,1154,4450,108,11,138,3,17,19,126,43
20260808,busy_thr2,492,170,5936,4603,1163,4452,106,8,143,3,17,18,126,43
20260808,busy_thr2,493,168,5949,4607,1174,4460,108,8,139,5,18,14,126,43
20260808,busy_thr2,494,169,5961,4610,1182,4467,106,7,136,11,18,14,126,43
20260808,busy_thr2,495,169,5975,4615,1191,4478,111,8,129,12,18,12,131,43
20260808,busy_thr2,496,164,5989,4628,1197,4491,110,18,119,13,18,12,131,43
20260808,busy_thr2,497,163,6001,4636,1202,4504,116,21,111,12,18,14,131,43
20260808,busy_thr2,498,162,6012,4644,1206,4512,117,16,116,11,18,14,131,43
20260808,busy_thr2,499,152,6022,4653,1217,4522,118,17,114,11,18,14,131,43
20260808,busy_thr2,500,148,6032,4663,1221,4531,121,19,113,7,18,14,131,43
20260808,busy_thr2,501,149,6043,4667,1227,4539,125,14,114,7,17,15,131,43
20260808,busy_thr2,502,140,6057,4677,1240,4547,123,14,116,7,14,19,131,43
20260808,busy_thr2,503,135,6070,4686,1249,4555,124,19,112,5,12,19,131,43
20260808,busy_thr2,504,133,6084,4691,1260,4566,129,14,111,6,9,19,131,43
20260808,busy_thr2,505,140,6095,4695,1260,4573,132,9,113,6,9,21,131,43
20260808,busy_thr2,506,145,6108,4703,1260,4587,137,12,104,7,9,20,131,43
20260808,busy_thr2,507,151,6118,4707,1260,4597,143,12,98,7,9,23,131,43
20260808,busy_thr2,508,160,6132,4712,1260,4601,147,9,102,2,9,23,131,43
20260808,busy_thr2,509,167,6143,4716,1260,4609,152,9,98,1,9,26,131,43
20260808,busy_thr2,510,167,6153,4726,1260,4618,147,14,94,5,9,26,131,43
20260808,busy_thr2,511,171,6163,4732,1260,4624,144,16,92,8,10,26,131,43
20260808,busy_thr2,512,172,6173,4741,1260,4635,130,15,91,24,13,26,131,43
20260808,busy_thr2,513,178,6186,4748,1260,4643,69,16,89,86,15,26,131,43
20260808,busy_thr2,514,172,6200,4768,1260,4652,32,27,89,112,15,25,131,43
20260808,busy_thr2,515,152,6210,4798,1260,4660,73,50,88,49,9,25,131,43
20260808,busy_thr2,516,151,6221,4810,1260,4665,109,42,103,6,9,24,131,43
20260808,busy_thr2,517,148,6231,4823,1260,4673,104,25,125,6,9,23,131,43
20260808,busy_thr2,518,145,6241,4836,1260,4681,98,26,129,7,9,23,131,43
20260808,busy_thr2,519,145,6253,4848,1260,4685,92,25,138,5,9,22,131,43
20260808,busy_thr2,520,143,6267,4864,1260,4687,82,28,149,1,9,22,101,38
20260808,busy_thr2,521,139,6280,4877,1264,4689,71,29,159,1,9,22,101,38
20260808,busy_thr2,522,128,6291,4888,1275,4699,63,24,165,8,9,20,101,38
20260808,busy_thr2,523,116,6303,4904,1283,4708,56,27,169,8,9,19,101,38
20260808,busy_thr2,524,110,6316,4923,1283,4714,50,35,174,1,9,18,101,38
20260808,busy_thr2,525,112,6330,4929,1289,4725,48,25,179,8,13,17,126,43
20260808,busy_thr2,526,115,6343,4930,1298,4734,45,7,189,19,15,16,126,43
20260808,busy_thr2,527,108,6357,4942,1307,4745,48,13,184,15,17,14,126,43
20260808,busy_thr2,528,98,6368,4957,1313,4753,50,27,177,6,17,13,126,43
20260808,busy_thr2,529,97,6380,4964,1319,4771,52,22,171,15,16,13,126,43
20260808,busy_thr2,530,96,6391,4968,1327,4779,55,11,178,16,15,10,131,43
20260808,busy_thr2,531,89,6403,4983,1331,4790,51,19,174,16,16,10,131,43
20260808,busy_thr2,532,89,6413,4988,1336,4798,49,20,170,21,16,12,131,43
20260808,busy_thr2,533,75,6425,5006,1344,4809,50,23,174,13,10,10,131,43
20260808,busy_thr2,534,69,6439,5021,1349,4828,55,33,160,12,9,10,131,43
20260808,busy_thr2,535,74,6451,5028,1349,4841,62,22,165,11,9,11,131,43
20260808,busy_thr2,536,76,6464,5039,1349,4856,68,18,165,9,9,13,131,43
20260808,busy_thr2,537,80,6475,5046,1349,4875,76,18,153,13,9,14,131,43
20260808,busy_thr2,538,84,6487,5054,1349,4892,86,15,147,12,9,13,131,43
20260808,busy_thr2,539,84,6498,5065,1349,4899,82,19,147,12,9,12,131,43
20260808,busy_thr2,540,83,6509,5077,1349,4909,80,23,145,12,9,11,131,43
20260808,busy_thr2,541,80,6519,5090,1349,4921,80,25,144,11,11,10,131,43
20260808,busy_thr2,542,84,6530,5097,1349,4934,60,20,143,37,14,9,131,43
20260808,busy_thr2,543,88,6541,5104,1349,4944,58,14,146,42,15,9,131,43
20260808,busy_thr2,544,70,6554,5135,1349,4950,59,38,147,16,11,9,131,43
20260808,busy_thr2,545,69,6568,5150,1349,4961,61,46,143,10,10,8,131,43
20260808,busy_thr2,546,72,6580,5159,1349,4971,61,24,164,11,14,7,131,43
20260808,busy_thr2,547,72,6590,5169,1349,4980,57,19,170,14,14,7,131,43
20260808,busy_thr2,548,80,6604,5175,1349,4992,59,16,167,18,16,7,131,43
20260808,busy_thr2,549,81,6617,5187,1349,5001,62,18,168,12,16,7,131,43
20260808,busy_thr2,550,82,6628,5197,1349,5009,65,22,166,7,16,7,126,43
20260808,busy_thr2,551,90,6641,5202,1349,5016,65,15,171,9,15,9,126,43
20260808,busy_thr2,552,96,6653,5208,1349,5026,69,11,171,9,15,9,126,43
20260808,busy_thr2,553,100,6666,5217,1349,5041,74,15,161,10,15,11,126,43
20260808,busy_thr2,554,106,6678,5223,1349,5050,79,15,158,8,15,13,126,43
20260808,busy_thr2,555,106,6688,5233,1349,5062,80,16,155,9,15,12,131,43
20260808,busy_thr2,556,115,6701,5237,1349,5073,84,14,150,12,13,13,131,43
20260808,busy_thr2,557,116,6712,5247,1349,5084,87,14,149,10,11,14,131,43
20260808,busy_thr2,558,122,6726,5255,1349,5099,92,18,138,12,11,16,131,43
20260808,busy_thr2,559,126,6738,5263,1349,5110,95,16,137,12,9,17,131,43
20260808,busy_thr2,560,125,6748,5274,1349,5126,105,19,129,7,9,18,131,43
20260808,busy_thr2,561,131,6762,5282,1349,5137,113,19,126,2,9,18,131,43
20260808,busy_thr2,562,138,6773,5286,1349,5148,118,12,126,4,9,18,131,43
20260808,busy_thr2,563,146,6784,5289,1349,5157,121,7,125,7,9,19,131,43
20260808,busy_thr2,564,148,6795,5298,1349,5172,127,12,114,7,9,19,131,43
20260808,busy_thr2,565,154,6806,5303,1349,5179,129,14,110,7,9,21,131,43
20260808,busy_thr2,566,159,6817,5309,1349,5190,135,11,108,6,9,22,131,43
20260808,busy_thr2,567,165,6827,5313,1349,5193,135,10,110,5,9,21,131,43
20260808,busy_thr2,568,171,6840,5320,1349,5201,138,11,108,3,9,22,131,43
20260808,busy_thr2,569,179,6851,5323,1349,5211,144,10,102,4,9,23,131,43
20260808,busy_thr2,570,179,6861,5333,1349,5218,139,13,102,6,9,23,121,43
20260808,busy_thr2,571,181,6875,5345,1349,5224,136,22,99,3,9,23,121,43
20260808,busy_thr2,572,187,6888,5352,1349,5232,133,19,101,7,14,23,121,43
20260808,busy_thr2,573,194,6898,5355,1349,5239,78,10,106,66,18,22,121,43
20260808,busy_thr2,574,197,6912,5366,1349,5249,81,14,103,62,17,22,121,43
20260808,busy_thr2,575,170,6922,5403,1349,5253,106,48,102,4,9,22,131,43
20260808,busy_thr2,576,166,6932,5417,1349,5264,104,51,102,3,9,22,131,43
20260808,busy_thr2,577,164,6942,5428,1350,5275,101,25,128,6,9,22,131,43
20260808,busy_thr2,578,156,6956,5440,1360,5282,95,23,135,7,10,20,131,43
20260808,busy_thr2,579,156,6967,5446,1365,5286,89,18,142,11,12,20,131,43
20260808,busy_thr2,580,155,6977,5451,1371,5294,91,11,146,12,15,17,131,43
20260808,busy_thr2,581,145,6988,5461,1382,5300,91,15,146,8,14,16,131,43
20260808,busy_thr2,582,146,7000,5466,1388,5306,92,15,145,8,16,16,131,43
20260808,busy_thr2,583,138,7010,5474,1398,5310,90,13,151,6,17,15,131,43
20260808,busy_thr2,584,137,7023,5480,1406,5315,91,14,151,4,18,13,131,43
20260808,busy_thr2,585,138,7037,5485,1414,5323,92,11,151,6,18,13,131,43
20260808,busy_thr2,586,136,7048,5488,1424,5337,97,8,143,12,18,12,131,43
20260808,busy_thr2,587,136,7059,5494,1429,5351,99,9,134,18,18,14,131,43
20260808,busy_thr2,588,132,7073,5506,1435,5359,99,18,129,14,18,16,131,43
20260808,busy_thr2,589,129,7083,5518,1436,5377,106,24,117,13,18,18,131,43
20260808,busy_thr2,590,126,7093,5526,1441,5383,106,20,123,11,17,19,131,43
20260808,busy_thr2,591,119,7105,5539,1447,5394,109,21,124,6,16,20,131,43
20260808,busy_thr2,592,118,7115,5545,1452,5407,114,19,119,8,15,20,131,43
20260808,busy_thr2,593,115,7129,5554,1460,5419,118,15,120,7,11,20,131,43
20260808,busy_thr2,594,112,7139,5560,1467,5428,122,15,117,6,9,20,131,43
20260808,busy_thr2,595,116,7151,5568,1467,5441,126,14,113,7,9,20,131,43
20260808,busy_thr2,596,121,7162,5574,1467,5451,129,14,109,8,9,21,131,43
20260808,busy_thr2,597,127,7175,5581,1467,5458,129,13,110,8,9,21,131,43
20260808,busy_thr2,598,133,7185,5585,1467,5463,131,11,111,7,9,21,131,43
20260808,busy_thr2,599,139,7197,5591,1467,5470,134,10,111,5,9,22,131,43
20260808,busy_thr2,600,141,7208,5600,1467,5478,133,15,107,5,10,21,121,40
20260808,drama_thr2,1,6,9,3,0,0,126,3,0,1,1,2,131,43
20260808,drama_thr2,2,18,23,5,0,0,107,5,0,18,5,5,131,43
20260808,drama_thr2,3,25,35,10,0,0,86,7,3,34,7,5,131,43
20260808,drama_thr2,4,17,44,27,0,0,86,22,5,17,5,4,131,43
20260808,drama_thr2,5,13,58,45,0,0,85,35,10,0,3,4,131,43
20260808,drama_thr2,6,21,68,47,0,0,83,20,27,0,5,6,131,43
20260808,drama_thr2,7,30,80,50,0,0,79,5,45,1,7,6,131,43
20260808,drama_thr2,8,41,92,51,0,0,78,4,47,1,7,7,131,43
20260808,drama_thr2,9,48,101,53,0,0,77,3,50,0,8,7,131,43
20260808,drama_thr2,10,62,115,53,0,0,76,2,51,1,9,9,131,43
20260808,drama_thr2,11,69,123,54,0,0,75,1,53,1,9,12,131,43
20260808,drama_thr2,12,75,131,56,0,0,74,3,53,0,9,13,131,43
20260808,drama_thr2,13,87,144,57,0,0,73,3,54,0,9,14,131,43
20260808,drama_thr2,14,96,153,57,0,3,76,1,53,0,9,15,131,43
20260808,drama_thr2,15,103,163,60,0,5,75,3,52,0,9,15,131,43
20260808,drama_thr2,16,110,171,61,0,9,77,4,48,1,9,16,131,43
20260808,drama_thr2,17,117,179,62,0,14,80,2,46,2,9,16,131,43
20260808,drama_thr2,18,123,187,64,0,17,82,3,44,1,9,17,131,43
20260808,drama_thr2,19,132,201,69,0,22,83,7,40,0,9,19,131,43
20260808,drama_thr2,20,139,209,70,0,24,83,6,40,1,9,19,121,40
20260808,drama_thr2,21,146,219,73,0,31,84,4,38,4,9,21,121,40
20260808,drama_thr2,22,153,231,78,0,33,81,8,37,4,9,22,121,40
20260808,drama_thr2,23,163,245,82,0,36,81,9,37,3,9,23,121,40
20260808,drama_thr2,24,167,253,86,0,42,84,8,36,2,9,23,121,40
20260808,drama_thr2,25,175,266,89,2,45,84,7,37,2,9,26,126,43
20260808,drama_thr2,26,179,276,90,7,52,88,4,34,4,9,25,126,43
20260808,drama_thr2,27,183,289,93,13,53,88,4,36,2,9,24,126,43
20260808,drama_thr2,28,183,301,97,21,56,89,7,34,0,9,25,126,43
20260808,drama_thr2,29,187,313,98,28,57,89,5,36,0,9,24,126,43
20260808,drama_thr2,30,179,325,104,42,57,80,7,40,3,10,21,131,43
20260808,drama_thr2,31,182,337,106,49,60,65,8,38,19,12,21,131,43
20260808,drama_thr2,32,183,346,110,53,62,45,6,42,37,14,21,131,43
20260808,drama_thr2,33,168,360,130,62,65,43,24,41,22,14,20,131,43
20260808,drama_thr2,34,149,369,151,69,65,43,41,45,1,10,18,131,43
20260808,drama_thr2,35,153,383,154,76,68,43,24,62,1,13,17,131,43
20260808,drama_thr2,36,153,391,154,84,70,44,3,81,2,14,17,131,43
20260808,drama_thr2,37,158,405,157,90,70,42,3,84,1,16,16,131,43
20260808,drama_thr2,38,158,414,159,97,76,43,5,78,4,16,14,131,43
20260808,drama_thr2,39,158,428,162,108,77,40,5,80,5,17,14,131,43
20260808,drama_thr2,40,157,437,166,114,85,45,7,74,4,18,12,131,43
20260808,drama_thr2,41,154,447,171,122,89,43,9,73,5,18,11,131,43
20260808,drama_thr2,42,154,455,174,127,93,46,8,73,3,18,12,131,43
20260808,drama_thr2,43,148,467,180,139,97,44,9,74,3,18,13,131,43
20260808,drama_thr2,44,149,479,184,146,102,43,10,72,5,18,15,131,43
20260808,drama_thr2,45,144,487,187,156,107,45,7,73,5,17,15,131,43
20260808,drama_thr2,46,142,498,193,163,110,42,9,74,5,16,16,131,43
20260808,drama_thr2,47,133,506,199,174,116,42,12,71,5,15,16,131,43
20260808,drama_thr2,48,130,517,205,182,126,46,12,67,5,12,17,131,43
20260808,drama_thr2,49,124,525,210,191,133,48,11,66,5,9,16,131,43
20260808,drama_thr2,50,133,539,214,192,135,48,9,70,3,9,18,126,43
20260808,drama_thr2,51,138,547,215,194,137,51,5,73,1,9,20,126,43
20260808,drama_thr2,52,148,560,218,194,144,55,4,70,1,9,23,126,43
20260808,drama_thr2,53,161,573,218,194,152,63,3,63,1,9,28,126,43
20260808,drama_thr2,54,168,583,221,194,160,67,3,58,2,9,28,126,43
20260808,drama_thr2,55,174,592,223,195,167,71,5,51,3,9,28,131,43
20260808,drama_thr2,56,182,606,227,197,167,69,6,54,1,9,29,131,43
20260808,drama_thr2,57,183,619,229,207,172,71,6,51,2,9,29,131,43
20260808,drama_thr2,58,185,630,232,213,176,70,5,51,4,9,28,131,43
20260808,drama_thr2,59,185,643,235,223,183,75,6,46,3,9,28,131,43
20260808,drama_thr2,60,182,651,242,227,186,70,10,46,4,10,26,131,43
20260808,drama_thr2,61,185,660,243,232,187,55,8,48,19,12,26,131,43
20260808,drama_thr2,62,185,670,247,238,195,17,5,47,61,12,25,131,43
20260808,drama_thr2,63,173,682,265,244,199,16,22,44,48,12,24,131,43
20260808,drama_thr2,64,156,694,289,249,201,38,42,46,4,9,24,131,43
20260808,drama_thr2,65,148,707,303,256,203,29,38,62,1,9,22,131,43
20260808,drama_thr2,66,141,718,315,262,206,20,26,83,1,9,21,131,43
20260808,drama_thr2,67,142,730,319,269,209,16,16,94,4,11,20,131,43
20260808,drama_thr2,68,141,742,324,277,214,15,9,101,5,14,19,131,43
20260808,drama_thr2,69,140,751,327,284,217,15,8,102,5,17,19,131,43
20260808,drama_thr2,70,143,765,330,292,220,15,6,104,5,17,18,131,43
20260808,drama_thr2,71,143,774,333,298,225,15,6,102,7,17,15,131,43
20260808,drama_thr2,72,137,784,336,311,227,16,6,103,5,17,12,131,43
20260808,drama_thr2,73,127,792,343,322,231,16,10,102,2,17,11,131,43
20260808,drama_thr2,74,128,803,345,330,238,19,9,98,4,18,11,131,43
20260808,drama_thr2,75,129,817,351,337,241,15,8,102,5,18,10,131,43
20260808,drama_thr2,76,124,829,356,349,251,18,11,94,7,18,13,131,43
20260808,drama_thr2,77,119,839,360,360,259,20,9,92,9,15,12,131,43
20260808,drama_thr2,78,117,852,365,370,264,20,9,92,9,12,15,131,43
20260808,drama_thr2,79,109,862,371,382,274,25,11,86,8,9,16,131,43
20260808,drama_thr2,80,115,872,375,382,283,31,10,82,7,9,16,131,43
20260808,drama_thr2,81,119,883,382,382,292,35,11,79,5,9,17,131,43
20260808,drama_thr2,82,119,891,390,382,301,38,15,74,3,9,17,131,43
20260808,drama_thr2,83,124,903,397,382,312,37,15,70,8,9,17,131,43
20260808,drama_thr2,84,127,912,403,382,321,37,13,69,11,9,17,131,43
20260808,drama_thr2,85,130,924,412,382,325,34,15,72,9,9,16,131,43
20260808,drama_thr2,86,138,937,417,382,335,40,14,68,8,9,17,131,43
20260808,drama_thr2,87,145,951,424,382,339,41,12,73,4,9,18,131,43
20260808,drama_thr2,88,153,965,430,382,342,39,13,75,3,9,19,131,43
20260808,drama_thr2,89,162,979,435,382,349,39,11,75,5,9,20,131,43
20260808,drama_thr2,90,163,988,443,382,355,35,13,75,7,9,20,131,43
20260808,drama_thr2,91,166,997,449,382,358,32,14,77,7,12,20,131,43
20260808,drama_thr2,92,176,1011,453,382,358,26,10,85,9,17,20,131,43
20260808,drama_thr2,93,185,1023,456,382,363,29,7,86,8,17,20,131,43
20260808,drama_thr2,94,188,1035,465,382,368,28,12,85,5,17,20,131,43
20260808,drama_thr2,95,181,1044,470,393,373,28,14,83,5,17,18,131,43
20260808,drama_thr2,96,177,1056,477,402,381,28,12,84,6,17,18,131,43
20260808,drama_thr2,97,173,1064,481,410,385,28,11,85,6,17,16,131,43
20260808,drama_thr2,98,166,1073,487,420,392,29,10,85,6,18,15,131,43
20260808,drama_thr2,99,161,1082,493,428,398,30,12,83,5,18,14,131,43
20260808,drama_thr2,100,157,1091,498,436,404,31,11,83,5,18,13,121,40
20260808,drama_thr2,101,154,1103,503,446,412,32,10,81,7,18,14,121,40
20260808,drama_thr2,102,154,1111,509,448,416,32,11,82,5,18,14,121,40
20260808,drama_thr2,103,148,1119,515,456,420,29,12,83,6,18,14,121,40
20260808,drama_thr2,104,153,1132,517,462,426,30,8,83,9,18,17,121,40
20260808,drama_thr2,105,153,1141,522,466,431,31,7,84,8,18,19,131,43
20260808,drama_thr2,106,151,1152,528,473,438,33,11,79,7,18,20,131,43
20260808,drama_thr2,107,151,1162,532,479,446,32,10,76,12,17,21,131,43
20260808,drama_thr2,108,143,1172,538,491,451,31,10,77,12,10,22,131,43
20260808,drama_thr2,109,139,1181,546,496,456,35,14,76,5,9,23,131,43
20260808,drama_thr2,110,145,1190,549,496,459,39,11,79,1,9,24,131,43
20260808,drama_thr2,111,152,1201,552,497,466,44,6,80,0,9,23,131,43
20260808,drama_thr2,112,161,1213,555,497,474,49,6,75,0,9,24,131,43
20260808,drama_thr2,113,170,1222,555,497,481,55,3,71,1,9,24,131,43
20260808,drama_thr2,114,171,1230,557,502,487,59,2,68,1,9,24,131,43
20260808,drama_thr2,115,170,1240,561,509,495,63,6,60,1,9,22,131,43
20260808,drama_thr2,116,170,1253,563,520,502,67,6,55,2,9,22,131,43
20260808,drama_thr2,117,174,1266,567,525,509,70,6,52,2,9,22,131,43
20260808,drama_thr2,118,179,1280,569,532,512,71,6,51,2,9,21,131,43
20260808,drama_thr2,119,181,1291,573,537,516,70,6,51,3,9,22,131,43
20260808,drama_thr2,120,177,1300,579,544,520,67,10,49,4,10,22,131,43
20260808,drama_thr2,121,179,1314,585,550,525,53,12,48,17,13,21,131,43
20260808,drama_thr2,122,182,1328,591,555,530,41,12,49,28,17,21,131,43
20260808,drama_thr2,123,169,1339,611,559,537,42,26,48,14,16,21,131,43
20260808,drama_thr2,124,153,1348,627,568,539,40,36,52,2,14,19,131,43
20260808,drama_thr2,125,155,1359,629,575,542,41,18,69,2,15,17,121,40
20260808,drama_thr2,126,153,1371,632,586,547,42,5,80,3,16,14,121,40
20260808,drama_thr2,127,152,1379,635,592,548,41,6,81,2,16,14,121,40
20260808,drama_thr2,128,152,1389,640,597,553,42,8,79,1,18,13,121,40
20260808,drama_thr2,129,152,1397,640,605,557,44,5,78,3,18,13,121,40
20260808,drama_thr2,130,155,1410,644,611,560,44,4,80,2,18,12,131,43
20260808,drama_thr2,131,156,1420,646,618,563,45,6,77,2,18,11,131,43
20260808,drama_thr2,132,156,1430,646,628,564,45,2,80,3,18,12,131,43
20260808,drama_thr2,133,159,1440,649,632,570,49,3,76,2,18,15,131,43
20260808,drama_thr2,134,159,1450,653,638,576,47,7,70,6,18,15,131,43
20260808,drama_thr2,135,157,1460,657,646,579,46,8,70,6,18,15,131,43
20260808,drama_thr2,136,156,1472,662,654,584,48,9,69,4,17,16,131,43
20260808,drama_thr2,137,149,1480,667,664,594,48,10,63,9,14,16,131,43
20260808,drama_thr2,138,140,1488,674,674,606,52,12,56,10,13,17,131,43
20260808,drama_thr2,139,138,1497,680,679,612,54,13,55,8,9,17,131,43
20260808,drama_thr2,140,139,1505,686,680,615,55,12,59,4,9,17,131,43
20260808,drama_thr2,141,144,1515,691,680,620,56,11,60,3,9,16,131,43
20260808,drama_thr2,142,151,1523,692,680,624,58,6,62,4,9,17,131,43
20260808,drama_thr2,143,160,1537,696,681,632,62,5,59,4,9,18,131,43
20260808,drama_thr2,144,170,1549,698,681,634,61,6,58,5,9,20,131,43
20260808,drama_thr2,145,175,1559,702,682,638,61,6,58,5,9,22,131,43
20260808,drama_thr2,146,182,1572,704,686,641,59,6,57,8,9,23,131,43
20260808,drama_thr2,147,183,1581,708,690,644,61,6,58,5,9,24,131,43
20260808,drama_thr2,148,182,1589,714,693,646,60,10,58,2,9,23,131,43
20260808,drama_thr2,149,183,1599,715,701,649,59,7,59,5,10,22,131,43
20260808,drama_thr2,150,178,1608,719,711,653,52,5,61,12,13,20,131,43
20260808,drama_thr2,151,176,1619,725,718,656,7,10,59,54,14,20,131,43
20260808,drama_thr2,152,168,1627,732,727,660,10,13,59,48,16,19,131,43
20260808,drama_thr2,153,139,1641,768,734,664,23,43,61,3,9,18,131,43
20260808,drama_thr2,154,135,1654,777,742,669,20,45,63,2,9,18,131,43
20260808,drama_thr2,155,134,1666,784,748,676,18,16,92,4,11,17,126,43
20260808,drama_thr2,156,130,1675,788,757,679,17,11,98,4,11,16,126,43
20260808,drama_thr2,157,127,1684,793,764,684,17,9,100,4,13,15,126,43
20260808,drama_thr2,158,126,1692,795,771,689,19,7,99,5,15,15,126,43
20260808,drama_thr2,159,122,1700,799,779,694,18,6,99,7,16,13,126,43
20260808,drama_thr2,160,128,1714,804,782,700,18,9,95,8,18,13,131,43
20260808,drama_thr2,161,123,1722,810,789,704,18,11,95,6,18,11,131,43
20260808,drama_thr2,162,125,1735,816,794,707,18,12,97,3,18,10,131,43
20260808,drama_thr2,163,121,1747,821,805,714,19,11,96,4,18,11,131,43
20260808,drama_thr2,164,117,1757,824,816,721,19,8,95,8,17,13,131,43
20260808,drama_thr2,165,119,1771,831,821,732,20,10,89,11,16,13,131,43
20260808,drama_thr2,166,116,1783,837,830,737,21,13,87,9,13,17,131,43
20260808,drama_thr2,167,114,1794,846,834,742,20,15,89,6,11,15,131,43
20260808,drama_thr2,168,115,1805,852,838,748,22,15,89,4,11,14,131,43
20260808,drama_thr2,169,110,1813,857,846,762,26,11,84,9,9,14,131,43
20260808,drama_thr2,170,124,1827,857,846,763,28,5,89,8,9,15,131,43
20260808,drama_thr2,171,133,1840,861,846,772,40,4,85,1,9,16,131,43
20260808,drama_thr2,172,145,1854,863,846,779,45,6,78,1,9,19,131,43
20260808,drama_thr2,173,154,1868,868,846,785,44,7,76,3,9,21,131,43
20260808,drama_thr2,174,165,1882,870,847,792,48,7,71,4,9,22,131,43
20260808,drama_thr2,175,169,1891,875,847,798,50,7,70,3,9,22,131,43
20260808,drama_thr2,176,178,1902,877,847,802,52,7,68,3,9,23,131,43
20260808,drama_thr2,177,182,1910,881,847,805,53,6,70,1,9,24,131,43
20260808,drama_thr2,178,186,1919,886,847,815,57,9,62,2,9,26,131,43
20260808,drama_thr2,179,194,1929,888,847,819,58,7,62,3,9,27,131,43
20260808,drama_thr2,180,195,1941,895,851,826,57,9,60,4,11,26,121,40
20260808,drama_thr2,181,197,1950,896,857,832,45,8,56,21,14,26,121,40
20260808,drama_thr2,182,199,1964,899,866,840,49,4,55,22,18,23,121,40
20260808,drama_thr2,183,187,1978,917,874,845,49,21,51,9,16,23,121,40
20260808,drama_thr2,184,184,1990,923,883,849,47,24,50,9,17,23,121,40
20260808,drama_thr2,185,185,2004,929,890,852,48,12,65,5,18,23,131,43
20260808,drama_thr2,186,180,2014,937,897,858,48,14,65,3,18,22,131,43
20260808,drama_thr2,187,183,2027,939,905,860,48,10,69,3,18,18,131,43
20260808,drama_thr2,188,182,2038,942,914,862,47,5,75,3,18,17,131,43
20260808,drama_thr2,189,185,2049,945,919,867,46,6,72,6,18,15,131,43
20260808,drama_thr2,190,177,2057,948,932,869,47,6,73,4,18,14,131,43
20260808,drama_thr2,191,174,2069,955,940,871,46,10,74,0,18,14,131,43
20260808,drama_thr2,192,168,2077,957,952,873,45,9,75,1,18,14,131,43
20260808,drama_thr2,193,164,2085,960,961,878,44,5,77,4,18,14,131,43
20260808,drama_thr2,194,163,2097,961,973,881,43,4,76,7,18,15,131,43
20260808,drama_thr2,195,163,2109,966,980,885,44,6,75,5,17,19,131,43
20260808,drama_thr2,196,159,2119,973,987,893,46,12,68,4,13,20,131,43
20260808,drama_thr2,197,165,2133,976,992,898,47,10,68,5,13,21,131,43
20260808,drama_thr2,198,167,2147,983,997,905,47,10,68,5,10,23,131,43
20260808,drama_thr2,199,165,2155,986,1004,912,51,10,64,5,9,25,131,43
20260808,drama_thr2,200,172,2165,988,1005,915,55,5,68,2,9,26,131,43
20260808,drama_thr2,201,182,2178,991,1005,924,60,5,62,3,9,27,131,43
20260808,drama_thr2,202,192,2190,992,1006,930,62,4,58,6,9,27,131,43
20260808,drama_thr2,203,199,2202,996,1007,932,63,5,59,3,9,29,131,43
20260808,drama_thr2,204,199,2213,1000,1014,939,69,8,53,0,9,28,131,43
20260808,drama_thr2,205,198,2224,1000,1026,940,70,4,56,0,9,26,131,43
20260808,drama_thr2,206,195,2233,1003,1035,945,71,3,55,1,9,27,131,43
20260808,drama_thr2,207,193,2242,1005,1044,950,72,5,50,3,9,27,131,43
20260808,drama_thr2,208,196,2255,1006,1053,950,71,3,53,3,9,26,131,43
20260808,drama_thr2,209,198,2269,1010,1061,952,70,5,53,2,9,24,131,43
20260808,drama_thr2,210,195,2279,1017,1067,958,69,11,48,2,9,23,131,43
20260808,drama_thr2,211,193,2288,1021,1074,968,69,11,42,8,13,22,131,43
20260808,drama_thr2,212,195,2297,1025,1077,973,36,8,44,42,17,20,131,43
20260808,drama_thr2,213,196,2310,1033,1081,975,36,12,46,36,15,20,131,43
20260808,drama_thr2,214,162,2323,1070,1091,978,35,45,47,3,9,19,131,43
20260808,drama_thr2,215,153,2331,1076,1102,982,33,43,51,3,10,17,131,43
20260808,drama_thr2,216,152,2340,1079,1109,985,34,9,85,2,13,16,131,43
20260808,drama_thr2,217,146,2351,1082,1123,987,33,6,89,2,17,15,131,43
20260808,drama_thr2,218,145,2363,1083,1135,991,34,4,88,4,17,14,131,43
20260808,drama_thr2,219,145,2373,1085,1143,994,33,3,88,6,17,13,131,43
20260808,drama_thr2,220,145,2383,1090,1148,997,33,7,86,4,18,12,131,43
20260808,drama_thr2,221,141,2396,1094,1161,1000,33,9,85,3,18,11,131,43
20260808,drama_thr2,222,135,2404,1097,1172,1005,36,7,85,2,18,10,131,43
20260808,drama_thr2,223,135,2417,1099,1183,1006,37,5,88,0,18,10,131,43
20260808,drama_thr2,224,133,2425,1099,1193,1010,37,2,87,4,18,12,131,43
20260808,drama_thr2,225,131,2436,1101,1204,1015,37,2,84,7,18,14,131,43
20260808,drama_thr2,226,132,2447,1107,1208,1022,39,8,77,6,18,14,131,43
20260808,drama_thr2,227,132,2456,1113,1211,1030,41,12,71,6,16,15,131,43
20260808,drama_thr2,228,121,2464,1120,1223,1040,42,13,67,8,11,18,131,43
20260808,drama_thr2,229,122,2476,1126,1228,1049,43,13,64,10,9,19,131,43
20260808,drama_thr2,230,130,2487,1129,1228,1055,50,9,65,6,9,20,131,43
20260808,drama_thr2,231,129,2495,1138,1228,1062,52,12,64,2,9,20,131,43
20260808,drama_thr2,232,138,2509,1143,1228,1071,56,14,58,2,9,19,131,43
20260808,drama_thr2,233,143,2517,1146,1228,1076,59,8,62,1,9,19,131,43
20260808,drama_thr2,234,148,2525,1148,1229,1079,60,5,64,1,9,19,131,43
20260808,drama_thr2,235,156,2534,1149,1229,1082,59,3,64,4,9,19,111,40
20260808,drama_thr2,236,161,2542,1151,1230,1088,62,3,60,5,9,20,111,40
20260808,drama_thr2,237,163,2550,1157,1230,1093,62,8,56,4,9,19,111,40
20260808,drama_thr2,238,169,2562,1162,1231,1097,62,11,54,3,9,21,111,40
20260808,drama_thr2,239,173,2574,1164,1237,1101,64,7,56,3,9,21,111,40
20260808,drama_thr2,240,176,2586,1167,1243,1103,59,5,59,7,11,20,131,43
20260808,drama_thr2,241,169,2594,1171,1254,1108,27,7,56,40,12,19,131,43
20260808,drama_thr2,242,170,2603,1176,1257,1112,30,9,55,36,13,18,131,43
20260808,drama_thr2,243,140,2615,1209,1266,1117,36,38,54,2,9,17,131,43
20260808,drama_thr2,244,137,2628,1219,1272,1123,32,43,53,2,9,16,131,43
20260808,drama_thr2,245,135,2639,1223,1281,1128,30,14,81,5,11,14,131,43
20260808,drama_thr2,246,134,2648,1225,1289,1128,26,6,91,7,14,14,131,43
20260808,drama_thr2,247,136,2662,1231,1295,1132,23,8,91,8,17,13,131,43
20260808,drama_thr2,248,134,2673,1237,1302,1138,25,12,87,6,17,13,131,43
20260808,drama_thr2,249,132,2683,1243,1308,1144,26,12,87,5,18,13,131,43
20260808,drama_thr2,250,129,2691,1246,1316,1148,27,9,89,5,18,11,131,43
20260808,drama_thr2,251,132,2705,1251,1322,1149,27,8,94,1,18,11,131,43
20260808,drama_thr2,252,128,2715,1253,1334,1152,25,7,94,4,18,12,131,43
20260808,drama_thr2,253,127,2723,1256,1340,1159,26,5,92,7,17,13,131,43
20260808,drama_thr2,254,130,2736,1261,1345,1163,24,8,90,8,16,14,131,43
20260808,drama_thr2,255,134,2750,1266,1350,1170,25,10,86,9,16,16,122,43
20260808,drama_thr2,256,131,2759,1272,1356,1176,25,11,85,9,15,15,122,43
20260808,drama_thr2,257,130,2771,1279,1362,1189,29,13,77,11,13,16,122,43
20260808,drama_thr2,258,126,2783,1289,1368,1199,28,17,73,12,12,18,122,43
20260808,drama_thr2,259,119,2794,1297,1378,1207,29,18,72,11,9,18,122,43
20260808,drama_thr2,260,123,2803,1302,1378,1210,32,13,79,6,9,20,131,43
20260808,drama_thr2,261,129,2817,1310,1378,1218,36,13,79,2,9,19,131,43
20260808,drama_thr2,262,138,2831,1314,1379,1225,38,12,77,3,9,20,131,43
20260808,drama_thr2,263,146,2841,1316,1379,1231,42,6,79,3,9,20,131,43
20260808,drama_thr2,264,156,2855,1319,1380,1238,43,5,76,6,10,21,131,43
20260808,drama_thr2,265,161,2865,1323,1381,1244,36,7,72,15,10,22,131,43
20260808,drama_thr2,266,164,2874,1329,1381,1250,31,10,69,20,9,22,131,43
20260808,drama_thr2,267,172,2884,1331,1381,1253,40,8,70,12,9,23,131,43
20260808,drama_thr2,268,181,2895,1333,1381,1256,51,4,73,2,9,25,131,43
20260808,drama_thr2,269,190,2908,1337,1381,1262,52,6,69,3,9,25,131,43
20260808,drama_thr2,270,198,2922,1341,1383,1265,46,8,68,8,13,24,131,43
20260808,drama_thr2,271,192,2933,1347,1394,1271,41,10,66,13,15,23,131,43
20260808,drama_thr2,272,190,2944,1353,1401,1275,41,12,66,11,15,22,131,43
20260808,drama_thr2,273,188,2957,1363,1406,1279,42,16,68,4,17,21,131,43
20260808,drama_thr2,274,187,2971,1371,1413,1287,39,18,66,7,17,21,131,43
20260808,drama_thr2,275,181,2981,1375,1425,1295,39,12,68,11,17,21,131,43
20260808,drama_thr2,276,183,2994,1383,1428,1301,40,12,70,8,18,20,131,43
20260808,drama_thr2,277,183,3007,1390,1434,1305,39,15,70,6,18,20,131,43
20260808,drama_thr2,278,178,3017,1398,1441,1313,40,15,70,5,18,18,131,43
20260808,drama_thr2,279,177,3025,1402,1446,1315,39,12,75,4,18,17,131,43
20260808,drama_thr2,280,178,3036,1405,1453,1320,39,7,78,6,18,20,131,43
20260808,drama_thr2,281,170,3045,1409,1466,1323,40,7,79,4,18,21,131,43
20260808,drama_thr2,282,170,3057,1413,1474,1328,44,8,77,1,18,22,131,43
20260808,drama_thr2,283,169,3067,1416,1482,1329,41,7,80,2,17,23,131,43
20260808,drama_thr2,284,166,3075,1420,1489,1337,44,7,76,3,17,23,131,43
20260808,drama_thr2,285,164,3084,1422,1498,1340,45,6,76,3,17,24,121,40
20260808,drama_thr2,286,165,3097,1427,1505,1349,48,7,71,4,16,25,121,40
20260808,drama_thr2,287,168,3108,1428,1512,1352,48,6,70,6,15,26,121,40
20260808,drama_thr2,288,165,3121,1436,1520,1361,49,9,66,6,12,27,121,40
20260808,drama_thr2,289,163,3134,1442,1529,1367,48,14,61,7,9,28,121,40
20260808,drama_thr2,290,165,3143,1449,1529,1372,48,13,64,5,9,29,126,43
20260808,drama_thr2,291,168,3152,1455,1529,1379,51,13,63,3,9,30,126,43
20260808,drama_thr2,292,174,3164,1461,1529,1385,50,12,64,4,9,31,126,43
20260808,drama_thr2,293,184,3177,1463,1530,1390,51,8,65,6,9,31,126,43
20260808,drama_thr2,294,189,3191,1466,1536,1396,56,5,65,4,9,31,126,43
20260808,drama_thr2,295,184,3199,1475,1540,1401,53,12,62,3,9,29,131,43
20260808,drama_thr2,296,177,3207,1479,1551,1406,53,13,60,4,9,28,131,43
20260808,drama_thr2,297,178,3220,1484,1558,1408,51,9,67,3,9,26,131,43
20260808,drama_thr2,298,181,3231,1486,1564,1410,49,7,69,5,9,26,131,43
20260808,drama_thr2,299,182,3239,1489,1568,1416,51,5,68,6,9,25,131,43
20260808,drama_thr2,300,177,3251,1499,1575,1417,41,13,69,7,10,24,131,43
20260808,drama_thr2,301,183,3265,1503,1579,1420,25,14,69,22,15,23,131,43
20260808,drama_thr2,302,182,3277,1508,1587,1422,26,9,77,18,15,21,131,43
20260808,drama_thr2,303,169,3291,1529,1593,1433,27,26,70,7,15,20,131,43
20260808,drama_thr2,304,176,3305,1529,1600,1435,29,21,73,7,17,19,131,43
20260808,drama_thr2,305,178,3317,1536,1603,1440,31,7,89,3,18,18,131,43
20260808,drama_thr2,306,177,3327,1537,1613,1449,34,8,80,8,18,18,131,43
20260808,drama_thr2,307,171,3336,1542,1623,1452,34,6,84,6,18,17,131,43
20260808,drama_thr2,308,167,3346,1549,1630,1459,34,12,78,6,18,16,131,43
20260808,drama_thr2,309,162,3354,1551,1641,1464,34,9,78,9,18,13,131,43
20260808,drama_thr2,310,165,3368,1557,1646,1466,34,8,83,5,18,13,131,43
20260808,drama_thr2,311,167,3382,1563,1652,1471,36,12,80,2,18,13,131,43
20260808,drama_thr2,312,165,3396,1568,1663,1475,34,11,82,3,18,14,131,43
20260808,drama_thr2,313,163,3404,1571,1670,1481,35,8,82,5,18,14,131,43
20260808,drama_thr2,314,158,3414,1575,1681,1489,39,7,79,5,18,17,131,43
20260808,drama_thr2,315,159,3422,1580,1683,1497,42,9,74,5,17,18,131,43
20260808,drama_thr2,316,165,3436,1583,1688,1501,44,8,74,4,17,19,131,43
20260808,drama_thr2,317,160,3444,1586,1698,1509,47,6,71,6,14,19,131,43
20260808,drama_thr2,318,159,3456,1590,1707,1515,48,7,68,7,11,22,131,43
20260808,drama_thr2,319,157,3465,1598,1710,1519,48,12,67,3,9,22,131,43
20260808,drama_thr2,320,164,3476,1602,1710,1522,48,12,68,2,9,24,131,43
20260808,drama_thr2,321,167,3484,1606,1711,1530,50,8,68,4,9,26,131,43
20260808,drama_thr2,322,177,3498,1610,1711,1538,54,8,64,4,9,27,131,43
20260808,drama_thr2,323,184,3511,1615,1712,1540,53,9,66,2,9,27,131,43
20260808,drama_thr2,324,188,3521,1619,1714,1548,56,9,62,3,9,29,131,43
20260808,drama_thr2,325,186,3531,1621,1724,1551,55,6,64,5,9,29,131,43
20260808,drama_thr2,326,186,3544,1626,1732,1557,57,7,62,4,9,28,131,43
20260808,drama_thr2,327,191,3558,1630,1737,1562,60,9,59,2,9,26,131,43
20260808,drama_thr2,328,188,3566,1634,1744,1566,61,8,60,1,9,26,131,43
20260808,drama_thr2,329,187,3574,1637,1750,1571,63,7,59,1,9,26,131,43
20260808,drama_thr2,330,177,3582,1642,1763,1574,60,8,60,2,9,25,131,43
20260808,drama_thr2,331,175,3593,1646,1772,1578,55,9,59,7,14,22,131,43
20260808,drama_thr2,332,172,3603,1650,1781,1583,15,8,59,48,17,21,131,43
20260808,drama_thr2,333,173,3616,1656,1787,1588,16,10,58,46,17,21,131,43
20260808,drama_thr2,334,137,3624,1692,1795,1594,27,42,56,5,9,18,131,43
20260808,drama_thr2,335,132,3634,1703,1799,1600,24,47,56,3,10,17,121,40
20260808,drama_thr2,336,130,3646,1706,1810,1604,17,14,88,11,14,16,121,40
20260808,drama_thr2,337,130,3654,1708,1816,1608,19,5,95,11,14,16,121,40
20260808,drama_thr2,338,132,3668,1712,1824,1613,20,6,93,11,16,16,121,40
20260808,drama_thr2,339,133,3677,1714,1830,1616,21,6,92,11,16,15,121,40
20260808,drama_thr2,340,126,3690,1726,1838,1619,19,14,93,4,17,14,131,43
20260808,drama_thr2,341,128,3701,1729,1844,1625,19,15,89,7,17,13,131,43
20260808,drama_thr2,342,125,3713,1733,1855,1629,19,7,97,7,18,11,131,43
20260808,drama_thr2,343,124,3725,1738,1863,1631,18,9,98,5,18,11,131,43
20260808,drama_thr2,344,124,3734,1742,1868,1638,18,9,95,8,18,11,131,43
20260808,drama_thr2,345,120,3742,1745,1877,1645,21,7,93,9,16,11,131,43
20260808,drama_thr2,346,116,3752,1753,1883,1653,23,11,89,7,16,11,131,43
20260808,drama_thr2,347,105,3760,1761,1894,1661,24,16,84,6,14,12,131,43
20260808,drama_thr2,348,105,3772,1767,1900,1670,27,14,83,6,10,13,131,43
20260808,drama_thr2,349,104,3784,1774,1906,1680,31,13,81,5,9,14,131,43
20260808,drama_thr2,350,108,3793,1779,1906,1688,36,12,79,3,9,15,131,43
20260808,drama_thr2,351,114,3803,1783,1906,1696,41,9,78,2,9,16,131,43
20260808,drama_thr2,352,123,3814,1785,1906,1703,46,6,76,2,9,17,131,43
20260808,drama_thr2,353,129,3823,1788,1906,1709,48,5,74,3,9,18,131,43
20260808,drama_thr2,354,139,3835,1790,1906,1713,50,5,72,3,9,18,131,43
20260808,drama_thr2,355,146,3847,1795,1906,1720,49,7,68,6,9,20,131,43
20260808,drama_thr2,356,157,3860,1797,1906,1723,50,7,67,6,9,21,131,43
20260808,drama_thr2,357,160,3872,1805,1907,1729,51,10,66,3,9,20,131,43
20260808,drama_thr2,358,172,3886,1807,1907,1736,53,10,61,6,9,22,131,43
20260808,drama_thr2,359,182,3899,1810,1907,1740,53,5,65,7,9,24,131,43
20260808,drama_thr2,360,184,3912,1821,1907,1747,50,14,60,6,10,23,126,43
20260808,drama_thr2,361,192,3926,1825,1909,1753,36,15,57,22,15,23,126,43
20260808,drama_thr2,362,195,3940,1830,1915,1757,32,9,64,25,17,22,126,43
20260808,drama_thr2,363,177,3950,1850,1923,1760,32,25,65,8,13,19,126,43
20260808,drama_thr2,364,173,3959,1858,1928,1770,33,28,60,9,15,19,126,43
20260808,drama_thr2,365,177,3970,1860,1933,1772,31,10,78,11,17,19,131,43
20260808,drama_thr2,366,179,3984,1867,1938,1776,32,9,82,7,17,18,131,43
20260808,drama_thr2,367,183,3998,1873,1942,1782,32,13,78,7,17,18,131,43
20260808,drama_thr2,368,183,4010,1877,1950,1791,36,10,76,8,18,18,131,43
20260808,drama_thr2,369,184,4022,1881,1957,1792,35,8,81,6,18,18,131,43
20260808,drama_thr2,370,184,4036,1889,1963,1795,33,12,82,3,18,16,131,43
20260808,drama_thr2,371,186,4049,1891,1972,1799,34,10,82,4,18,17,131,43
20260808,drama_thr2,372,181,4057,1893,1983,1803,35,4,86,5,18,17,131,43
20260808,drama_thr2,373,182,4068,1898,1988,1809,37,7,82,4,18,17,131,43
20260808,drama_thr2,374,176,4076,1902,1998,1812,35,9,81,5,18,17,131,43
20260808,drama_thr2,375,168,4085,1908,2009,1817,34,10,81,5,18,18,131,43
20260808,drama_thr2,376,167,4099,1911,2021,1822,36,9,80,5,17,20,131,43
20260808,drama_thr2,377,164,4110,1916,2030,1827,37,8,81,4,14,20,131,43
20260808,drama_thr2,378,159,4119,1922,2038,1834,39,11,77,3,12,21,131,43
20260808,drama_thr2,379,152,4127,1927,2048,1842,40,11,74,5,9,22,131,43
20260808,drama_thr2,380,161,4139,1930,2048,1847,42,8,75,5,9,22,115,42
20260808,drama_thr2,381,167,4151,1936,2048,1857,46,9,70,5,9,23,115,42
20260808,drama_thr2,382,177,4165,1939,2049,1862,47,9,68,6,9,23,115,42
20260808,drama_thr2,383,186,4179,1944,2049,1870,50,8,66,6,9,24,115,42
20260808,drama_thr2,384,191,4190,1950,2049,1877,53,11,62,4,9,24,115,42
20260808,drama_thr2,385,193,4198,1955,2050,1884,58,11,60,1,9,24,131,43
20260808,drama_thr2,386,198,4211,1958,2055,1891,62,8,59,1,9,25,131,43
20260808,drama_thr2,387,194,4222,1960,2068,1894,61,5,61,3,9,24,131,43
20260808,drama_thr2,388,193,4235,1963,2079,1895,59,5,63,3,9,24,131,43
20260808,drama_thr2,389,197,4249,1966,2086,1900,61,6,60,3,9,25,131,43
20260808,drama_thr2,390,188,4259,1977,2094,1906,56,14,57,3,9,25,121,40
20260808,drama_thr2,391,183,4270,1982,2105,1908,54,16,58,2,10,22,121,40
20260808,drama_thr2,392,186,4281,1988,2107,1913,37,11,64,18,14,22,121,40
20260808,drama_thr2,393,183,4290,1991,2116,1916,34,9,66,21,16,22,121,40
20260808,drama_thr2,394,172,4302,2009,2121,1919,33,21,69,7,13,21,121,40
20260808,drama_thr2,395,175,4316,2016,2125,1923,34,25,68,3,15,21,131,43
20260808,drama_thr2,396,169,4326,2021,2136,1927,34,12,82,2,17,20,131,43
20260808,drama_thr2,397,165,4334,2023,2146,1933,34,7,83,6,17,20,131,43
20260808,drama_thr2,398,166,4346,2026,2154,1938,33,5,83,9,17,19,131,43
20260808,drama_thr2,399,168,4357,2031,2158,1941,34,8,82,6,17,18,131,43
20260808,drama_thr2,400,165,4367,2036,2166,1947,38,10,79,3,17,17,131,43
20260808,drama_thr2,401,165,4379,2037,2177,1951,40,6,80,4,18,16,131,43
20260808,drama_thr2,402,163,4390,2040,2187,1955,42,4,81,3,18,16,131,43
20260808,drama_thr2,403,156,4399,2043,2200,1960,41,6,77,6,18,17,131,43
20260808,drama_thr2,404,152,4407,2047,2208,1968,44,7,72,7,18,19,131,43
20260808,drama_thr2,405,155,4419,2052,2212,1972,47,9,71,3,18,20,131,43
20260808,drama_thr2,406,157,4432,2054,2221,1979,47,7,68,8,18,21,131,43
20260808,drama_thr2,407,153,4440,2057,2230,1983,47,5,69,9,16,21,131,43
20260808,drama_thr2,408,152,4453,2066,2235,1990,49,12,64,5,12,21,131,43
20260808,drama_thr2,409,144,4461,2070,2247,1992,47,13,65,5,9,21,131,43
20260808,drama_thr2,410,147,4470,2076,2247,2001,52,10,65,3,9,20,131,43
20260808,drama_thr2,411,155,4480,2078,2247,2006,53,8,64,5,9,23,131,43
20260808,drama_thr2,412,163,4493,2082,2248,2010,53,6,66,5,9,23,131,43
20260808,drama_thr2,413,164,4506,2093,2249,2022,55,15,56,4,9,26,131,43
20260808,drama_thr2,414,173,4516,2094,2249,2024,55,12,58,5,9,27,131,43
20260808,drama_thr2,415,176,4525,2099,2250,2030,55,6,63,6,9,28,131,43
20260808,drama_thr2,416,182,4535,2103,2250,2037,59,9,57,5,9,30,131,43
20260808,drama_thr2,417,185,4543,2107,2251,2041,61,8,58,3,9,29,131,43
20260808,drama_thr2,418,188,4556,2109,2259,2043,61,6,60,3,9,28,131,43
20260808,drama_thr2,419,185,4564,2111,2268,2047,64,4,60,2,9,27,131,43
20260808,drama_thr2,420,180,4574,2117,2277,2050,62,8,59,1,9,23,131,43
20260808,drama_thr2,421,179,4587,2120,2288,2055,57,9,56,8,13,22,131,43
20260808,drama_thr2,422,181,4600,2120,2299,2057,20,3,60,47,17,22,131,43
20260808,drama_thr2,423,176,4608,2129,2303,2065,23,9,55,43,15,22,131,43
20260808,drama_thr2,424,146,4619,2164,2309,2065,27,44,55,4,9,20,131,43
20260808,drama_thr2,425,139,4629,2174,2316,2070,26,45,59,0,9,19,131,43
20260808,drama_thr2,426,139,4642,2176,2327,2075,24,12,89,5,11,17,131,43
20260808,drama_thr2,427,144,4656,2177,2335,2082,25,3,92,10,15,15,131,43
20260808,drama_thr2,428,142,4669,2183,2344,2083,24,7,93,6,17,13,131,43
20260808,drama_thr2,429,144,4678,2188,2346,2085,26,11,92,1,17,13,131,43
20260808,drama_thr2,430,147,4692,2192,2353,2091,28,9,92,1,18,13,131,43
20260808,drama_thr2,431,148,4704,2195,2361,2097,28,7,91,4,18,12,131,43
20260808,drama_thr2,432,146,4712,2196,2370,2099,30,4,93,3,18,10,131,43
20260808,drama_thr2,433,145,4726,2201,2380,2103,29,6,92,3,17,10,131,43
20260808,drama_thr2,434,142,4735,2204,2389,2110,30,8,86,6,17,11,131,43
20260808,drama_thr2,435,141,4748,2210,2397,2121,30,9,80,11,16,13,131,43
20260808,drama_thr2,436,137,4758,2215,2406,2128,31,11,76,12,15,13,131,43
20260808,drama_thr2,437,135,4766,2223,2408,2133,33,13,77,7,13,13,131,43
20260808,drama_thr2,438,130,4777,2230,2417,2141,34,15,74,7,11,13,131,43
20260808,drama_thr2,439,131,4789,2237,2421,2148,34,14,75,7,9,14,131,43
20260808,drama_thr2,440,138,4800,2240,2422,2154,38,10,76,6,10,14,131,43
20260808,drama_thr2,441,144,4810,2244,2422,2160,39,7,77,7,10,16,131,43
20260808,drama_thr2,442,151,4824,2251,2422,2167,42,11,73,4,10,19,131,43
20260808,drama_thr2,443,158,4837,2257,2422,2175,44,13,69,4,9,19,131,43
20260808,drama_thr2,444,167,4846,2257,2422,2180,47,6,71,6,9,20,131,43
20260808,drama_thr2,445,175,4860,2263,2422,2186,51,6,71,2,9,23,121,40
20260808,drama_thr2,446,181,4870,2266,2423,2191,53,9,66,2,9,22,121,40
20260808,drama_thr2,447,186,4879,2269,2424,2196,53,6,67,4,9,23,121,40
20260808,drama_thr2,448,187,4887,2275,2425,2202,55,9,64,2,9,25,121,40
20260808,drama_thr2,449,194,4897,2278,2425,2208,58,9,61,2,9,25,121,40
20260808,drama_thr2,450,188,4907,2286,2433,2214,55,11,61,3,9,24,131,43
20260808,drama_thr2,451,185,4916,2289,2442,2214,50,11,64,5,12,24,131,43
20260808,drama_thr2,452,191,4930,2293,2446,2218,30,7,68,25,16,23,131,43
20260808,drama_thr2,453,185,4944,2300,2459,2227,33,11,62,24,18,21,131,43
20260808,drama_thr2,454,167,4954,2322,2465,2229,33,29,64,4,14,20,131,43
20260808,drama_thr2,455,159,4964,2329,2476,2234,32,29,66,3,16,19,131,43
20260808,drama_thr2,456,160,4974,2332,2482,2239,33,10,83,4,17,18,131,43
20260808,drama_thr2,457,165,4988,2338,2485,2243,33,9,86,2,18,16,131,43
20260808,drama_thr2,458,166,4997,2340,2491,2248,36,8,84,2,18,14,131,43
20260808,drama_thr2,459,159,5005,2344,2502,2251,35,6,87,2,18,14,131,43
20260808,drama_thr2,460,161,5019,2347,2511,2254,36,7,86,1,18,12,131,43
20260808,drama_thr2,461,164,5032,2349,2519,2259,38,5,85,2,18,11,131,43
20260808,drama_thr2,462,157,5041,2355,2529,2267,37,8,80,5,18,11,131,43
20260808,drama_thr2,463,157,5054,2359,2538,2273,36,10,76,8,18,13,131,43
20260808,drama_thr2,464,153,5065,2367,2545,2281,37,12,74,7,18,14,131,43
20260808,drama_thr2,465,148,5075,2371,2556,2286,39,12,73,6,17,16,131,43
20260808,drama_thr2,466,152,5089,2376,2561,2291,40,9,76,5,16,16,131,43
20260808,drama_thr2,467,153,5101,2380,2568,2295,41,9,76,4,14,18,131,43
20260808,drama_thr2,468,155,5113,2385,2573,2302,42,9,74,5,11,19,131,43
20260808,drama_thr2,469,155,5126,2390,2581,2308,43,10,72,5,9,19,131,43
20260808,drama_thr2,470,158,5134,2395,2581,2315,47,10,70,3,9,20,131,43
20260808,drama_thr2,471,167,5145,2397,2581,2317,48,7,73,2,9,20,131,43
20260808,drama_thr2,472,173,5156,2401,2582,2323,50,6,72,2,9,22,131,43
20260808,drama_thr2,473,178,5168,2407,2583,2333,54,10,64,2,9,23,131,43
20260808,drama_thr2,474,188,5182,2411,2583,2337,55,10,64,1,9,23,131,43
20260808,drama_thr2,475,194,5191,2413,2584,2344,59,6,63,2,9,24,131,43
20260808,drama_thr2,476,190,5201,2419,2592,2351,58,8,60,4,9,25,131,43
20260808,drama_thr2,477,186,5209,2422,2601,2354,59,9,59,3,9,26,131,43
20260808,drama_thr2,478,185,5217,2425,2607,2358,61,6,61,2,9,24,131,43
20260808,drama_thr2,479,186,5225,2428,2611,2362,62,6,60,2,9,24,131,43
20260808,drama_thr2,480,182,5239,2434,2623,2363,55,9,62,4,11,23,131,43
20260808,drama_thr2,481,180,5250,2436,2634,2369,27,8,59,36,15,22,131,43
20260808,drama_thr2,482,185,5264,2439,2640,2372,27,5,62,36,17,22,131,43
20260808,drama_thr2,483,151,5272,2472,2649,2375,27,36,61,6,10,20,131,43
20260808,drama_thr2,484,152,5284,2476,2656,2380,29,37,59,5,11,19,131,43
20260808,drama_thr2,485,153,5297,2482,2662,2386,29,10,86,5,16,18,131,43
20260808,drama_thr2,486,147,5307,2487,2673,2394,32,11,82,5,16,17,131,43
20260808,drama_thr2,487,146,5318,2491,2681,2397,32,9,85,4,17,15,131,43
20260808,drama_thr2,488,147,5330,2493,2690,2403,36,6,84,4,18,13,131,43
20260808,drama_thr2,489,145,5340,2496,2699,2405,37,5,86,2,18,12,131,43
20260808,drama_thr2,490,147,5350,2499,2704,2408,38,6,85,1,18,11,126,43
20260808,drama_thr2,491,149,5359,2499,2711,2412,41,3,84,2,18,12,126,43
20260808,drama_thr2,492,152,5373,2502,2719,2414,41,3,85,1,18,13,126,43
20260808,drama_thr2,493,150,5384,2505,2729,2421,43,6,78,3,18,14,126,43
20260808,drama_thr2,494,150,5398,2509,2739,2430,47,7,72,4,18,15,126,43
20260808,drama_thr2,495,150,5410,2514,2746,2434,47,9,71,3,16,16,131,43
20260808,drama_thr2,496,145,5418,2519,2754,2444,51,10,65,4,15,17,131,43
20260808,drama_thr2,497,149,5431,2523,2759,2452,54,9,62,5,13,20,131,43
20260808,drama_thr2,498,152,5444,2530,2762,2459,54,11,60,5,11,21,131,43
20260808,drama_thr2,499,158,5458,2533,2767,2462,57,10,61,2,9,21,131,43
20260808,drama_thr2,500,165,5468,2536,2767,2470,62,6,60,2,9,21,131,43
20260808,drama_thr2,501,176,5482,2539,2767,2475,61,6,58,5,9,23,131,43
20260808,drama_thr2,502,176,5492,2549,2767,2483,60,13,53,4,9,24,131,43
20260808,drama_thr2,503,180,5503,2556,2767,2486,59,17,53,1,9,24,131,43
20260808,drama_thr2,504,185,5512,2560,2767,2493,61,11,56,2,9,27,131,43
20260808,drama_thr2,505,193,5522,2562,2767,2499,64,6,57,3,9,28,131,43
20260808,drama_thr2,506,195,5532,2564,2773,2501,65,4,59,2,9,29,131,43
20260808,drama_thr2,507,197,5546,2566,2783,2502,63,4,60,3,9,28,131,43
20260808,drama_thr2,508,199,5560,2568,2793,2504,62,4,60,4,9,27,131,43
20260808,drama_thr2,509,199,5569,2571,2799,2508,64,5,58,3,9,27,131,43
20260808,drama_thr2,510,196,5581,2581,2804,2514,60,13,54,3,10,25,131,43
20260808,drama_thr2,511,195,5590,2584,2811,2516,38,13,55,24,12,24,131,43
20260808,drama_thr2,512,190,5599,2586,2823,2518,15,5,63,47,13,22,131,43
20260808,drama_thr2,513,169,5610,2610,2831,2522,15,26,62,27,10,22,131,43
20260808,drama_thr2,514,150,5624,2634,2840,2531,24,48,55,3,9,21,131,43
20260808,drama_thr2,515,141,5632,2641,2850,2535,23,31,75,1,9,18,131,43
20260808,drama_thr2,516,143,5644,2647,2854,2540,21,13,94,2,10,18,131,43
20260808,drama_thr2,517,141,5657,2649,2867,2542,18,8,99,5,12,17,131,43
20260808,drama_thr2,518,141,5670,2655,2874,2548,16,8,99,7,17,15,131,43
20260808,drama_thr2,519,139,5682,2658,2885,2550,17,9,99,5,18,15,131,43
20260808,drama_thr2,520,139,5694,2662,2893,2552,18,7,103,2,18,12,101,38
20260808,drama_thr2,521,138,5704,2663,2903,2559,20,5,99,6,18,12,101,38
20260808,drama_thr2,522,137,5712,2665,2910,2563,20,3,99,8,18,13,101,38
20260808,drama_thr2,523,132,5721,2672,2917,2567,19,9,96,6,18,11,101,38
20260808,drama_thr2,524,133,5733,2678,2922,2577,20,13,88,9,18,12,101,38
20260808,drama_thr2,525,135,5746,2681,2930,2584,23,9,88,10,17,14,126,43
20260808,drama_thr2,526,130,5755,2690,2935,2592,23,12,86,9,17,14,126,43
20260808,drama_thr2,527,124,5766,2696,2946,2602,27,15,79,9,15,13,126,43
20260808,drama_thr2,528,121,5780,2702,2957,2609,29,12,81,8,10,15,126,43
20260808,drama_thr2,529,119,5792,2710,2963,2616,29,14,80,7,9,15,126,43
20260808,drama_thr2,530,124,5801,2714,2963,2623,33,12,79,6,9,16,131,43
20260808,drama_thr2,531,133,5814,2718,2963,2629,37,8,81,4,9,16,131,43
20260808,drama_thr2,532,139,5826,2724,2963,2634,36,10,80,4,9,17,131,43
20260808,drama_thr2,533,150,5840,2727,2963,2641,39,9,77,5,9,20,131,43
20260808,drama_thr2,534,156,5849,2730,2963,2647,42,6,77,5,9,21,131,43
20260808,drama_thr2,535,166,5863,2733,2964,2656,44,6,71,9,9,21,131,43
20260808,drama_thr2,536,171,5875,2739,2965,2661,46,9,69,6,9,23,131,43
20260808,drama_thr2,537,171,5884,2748,2965,2664,45,15,69,1,9,23,131,43
20260808,drama_thr2,538,181,5895,2749,2965,2669,47,10,70,3,9,25,131,43
20260808,drama_thr2,539,192,5909,2752,2965,2670,46,4,78,2,9,26,131,43
20260808,drama_thr2,540,197,5922,2758,2967,2677,42,9,72,7,12,26,131,43
20260808,drama_thr2,541,196,5933,2762,2975,2681,28,10,71,21,15,24,131,43
20260808,drama_thr2,542,192,5941,2770,2979,2690,31,12,68,19,17,24,131,43
20260808,drama_thr2,543,180,5951,2785,2986,2699,35,23,63,9,14,22,131,43
20260808,drama_thr2,544,178,5961,2791,2992,2703,36,21,67,6,14,21,131,43
20260808,drama_thr2,545,176,5975,2796,3003,2706,35,11,79,5,17,21,131,43
20260808,drama_thr2,546,181,5983,2798,3004,2707,35,7,84,4,17,21,131,43
20260808,drama_thr2,547,186,5996,2802,3008,2713,38,6,83,3,18,18,131,43
20260808,drama_thr2,548,179,6007,2806,3022,2720,38,8,78,6,18,17,131,43
20260808,drama_thr2,549,179,6019,2809,3031,2723,39,7,79,5,18,15,131,43
20260808,drama_thr2,550,180,6033,2816,3037,2731,40,10,75,5,18,14,126,43
20260808,drama_thr2,551,177,6042,2819,3046,2735,41,10,74,5,18,14,126,43
20260808,drama_thr2,552,175,6055,2825,3055,2744,43,9,72,6,18,15,126,43
20260808,drama_thr2,553,172,6065,2827,3066,2748,42,8,71,9,18,16,126,43
20260808,drama_thr2,554,168,6074,2834,3072,2752,43,9,73,5,18,16,126,43
20260808,drama_thr2,555,159,6083,2841,3083,2755,40,14,72,4,18,18,131,43
20260808,drama_thr2,556,160,6095,2842,3093,2759,44,8,75,3,16,19,131,43
20260808,drama_thr2,557,157,6103,2847,3099,2764,45,6,77,2,15,19,131,43
20260808,drama_thr2,558,159,6115,2848,3108,2770,46,6,72,6,12,19,131,43
20260808,drama_thr2,559,155,6126,2851,3120,2777,47,4,70,9,9,20,131,43
20260808,drama_thr2,560,160,6135,2854,3121,2786,56,6,62,6,9,21,131,43
20260808,drama_thr2,561,165,6143,2857,3121,2789,60,6,62,2,9,21,131,43
20260808,drama_thr2,562,177,6157,2858,3122,2794,63,4,60,3,9,22,131,43
20260808,drama_thr2,563,186,6169,2861,3122,2798,65,4,59,2,9,24,131,43
20260808,drama_thr2,564,186,6178,2867,3125,2805,66,9,53,2,9,24,131,43
20260808,drama_thr2,565,187,6189,2870,3132,2809,65,9,52,4,9,25,131,43
20260808,drama_thr2,566,189,6200,2874,3137,2813,67,7,54,2,9,25,131,43
20260808,drama_thr2,567,187,6209,2878,3144,2818,70,8,52,0,9,24,131,43
20260808,drama_thr2,568,188,6222,2882,3152,2825,72,8,49,1,9,23,131,43
20260808,drama_thr2,569,186,6236,2888,3162,2829,69,10,49,2,9,25,131,43
20260808,drama_thr2,570,179,6247,2897,3171,2834,64,15,48,3,9,23,121,43
20260808,drama_thr2,571,181,6261,2903,3177,2841,56,15,47,12,14,21,121,43
20260808,drama_thr2,572,177,6269,2905,3187,2842,37,8,55,30,15,19,121,43
20260808,drama_thr2,573,172,6282,2916,3194,2845,36,13,58,23,15,19,121,43
20260808,drama_thr2,574,153,6292,2938,3201,2848,37,33,57,3,13,18,121,43
20260808,drama_thr2,575,155,6306,2944,3207,2854,40,28,62,0,15,16,131,43
20260808,drama_thr2,576,155,6319,2948,3216,2859,39,10,79,2,16,15,131,43
20260808,drama_thr2,577,158,6330,2950,3222,2863,40,6,81,3,18,14,131,43
20260808,drama_thr2,578,157,6344,2954,3233,2867,41,6,81,2,18,13,131,43
20260808,drama_thr2,579,156,6356,2958,3242,2869,40,8,81,1,18,13,131,43
20260808,drama_thr2,580,158,6369,2962,3249,2872,39,8,82,1,18,13,131,43
20260808,drama_thr2,581,160,6380,2964,3256,2876,39,6,82,3,18,12,131,43
20260808,drama_thr2,582,159,6393,2965,3269,2877,40,3,85,2,18,12,131,43
20260808,drama_thr2,583,156,6404,2970,3278,2884,42,6,80,2,17,12,131,43
20260808,drama_thr2,584,161,6416,2972,3283,2890,46,7,75,2,17,14,131,43
20260808,drama_thr2,585,155,6426,2980,3291,2899,43,10,71,6,16,14,131,43
20260808,drama_thr2,586,157,6440,2981,3302,2905,46,9,67,8,16,15,131,43
20260808,drama_thr2,587,155,6451,2990,3306,2911,46,10,69,5,14,16,131,43
20260808,drama_thr2,588,157,6464,2994,3313,2915,46,13,66,5,11,17,131,43
20260808,drama_thr2,589,158,6477,3001,3318,2922,47,11,68,4,9,18,131,43
20260808,drama_thr2,590,165,6489,3006,3318,2930,48,12,64,6,9,20,131,43
20260808,drama_thr2,591,172,6502,3012,3318,2939,51,11,62,6,9,21,131,43
20260808,drama_thr2,592,177,6511,3016,3318,2945,54,10,61,5,9,21,131,43
20260808,drama_thr2,593,185,6522,3019,3318,2951,57,7,61,5,9,26,131,43
20260808,drama_thr2,594,193,6534,3023,3318,2953,57,7,63,3,9,26,131,43
20260808,drama_thr2,595,201,6548,3029,3318,2955,54,10,64,2,9,28,131,43
20260808,drama_thr2,596,208,6558,3032,3318,2960,56,9,63,2,9,30,131,43
20260808,drama_thr2,597,208,6567,3033,3326,2961,57,4,68,1,9,31,131,43
20260808,drama_thr2,598,200,6575,3037,3338,2967,58,5,65,2,9,30,131,43
20260808,drama_thr2,599,198,6585,3040,3347,2971,58,7,62,3,9,28,131,43
20260808,drama_thr2,600,194,6594,3045,3355,2977,59,8,60,3,11,27,121,40
20260808,calm_r10,1,0,5,5,0,0,125,5,0,0,0,0,131,43
20260808,calm_r10,2,0,8,8,0,0,122,8,0,0,0,0,131,43
20260808,calm_r10,3,1,12,11,0,0,119,6,5,0,0,1,131,43
20260808,calm_r10,4,3,17,14,0,0,116,6,8,0,0,1,131,43
20260808,calm_r10,5,6,21,15,0,0,114,4,11,1,1,2,131,43
20260808,calm_r10,6,10,25,15,0,0,103,1,14,12,2,2,131,43
20260808,calm_r10,7,12,29,17,0,0,97,2,15,16,2,3,131,43
20260808,calm_r10,8,4,32,28,0,0,97,13,15,5,0,1,131,43
20260808,calm_r10,9,4,37,33,0,0,97,16,17,0,0,1,131,43
20260808,calm_r10,10,9,42,33,0,0,97,5,28,0,2,3,131,43
20260808,calm_r10,11,13,46,33,0,0,96,0,33,1,4,4,131,43
20260808,calm_r10,12,16,51,35,0,0,94,2,33,1,4,5,131,43
20260808,calm_r10,13,17,54,37,0,1,92,4,32,2,3,6,131,43
20260808,calm_r10,14,20,58,38,0,2,92,3,33,2,3,6,131,43
20260808,calm_r10,15,22,62,40,0,2,91,3,35,1,4,6,131,43
20260808,calm_r10,16,25,65,40,0,2,91,2,36,1,5,7,131,43
20260808,calm_r10,17,27,68,41,0,4,93,1,36,0,6,8,131,43
20260808,calm_r10,18,30,73,43,0,7,92,3,33,2,7,9,131,43
20260808,calm_r10,19,30,77,47,0,10,90,6,31,3,8,9,131,43
20260808,calm_r10,20,31,81,50,0,12,91,7,31,1,8,9,121,40
20260808,calm_r10,21,35,86,51,0,15,93,4,32,1,9,11,121,40
20260808,calm_r10,22,39,91,52,0,17,93,2,33,2,9,11,121,40
20260808,calm_r10,23,42,95,53,0,18,93,2,33,2,9,11,121,40
20260808,calm_r10,24,46,100,54,0,24,98,2,28,2,9,12,121,40
20260808,calm_r10,25,47,105,58,0,29,100,5,24,1,9,10,126,43
20260808,calm_r10,26,50,110,60,0,33,103,6,21,0,9,10,126,43
20260808,calm_r10,27,55,115,60,0,34,103,2,24,1,9,10,126,43
20260808,calm_r10,28,59,119,60,0,37,106,0,23,1,9,11,126,43
20260808,calm_r10,29,63,124,61,0,37,105,1,23,1,9,12,126,43
20260808,calm_r10,30,63,127,64,0,39,104,4,21,1,9,12,131,43
20260808,calm_r10,31,63,131,68,0,40,102,7,21,0,9,12,131,43
20260808,calm_r10,32,62,136,74,0,41,97,10,23,0,9,12,131,43
20260808,calm_r10,33,62,141,79,0,42,93,11,26,0,9,12,131,43
20260808,calm_r10,34,65,144,79,0,43,93,5,31,1,9,12,131,43
20260808,calm_r10,35,66,149,83,0,47,91,4,32,3,10,12,131,43
20260808,calm_r10,36,68,153,85,0,52,82,6,27,15,10,12,131,43
20260808,calm_r10,37,71,158,87,0,52,75,4,31,20,12,12,131,43
20260808,calm_r10,38,61,161,100,0,53,76,15,32,7,10,12,131,43
20260808,calm_r10,39,56,165,109,0,55,76,22,32,0,9,12,131,43
20260808,calm_r10,40,60,170,110,0,57,76,10,43,1,10,12,131,43
20260808,calm_r10,41,63,175,112,0,59,70,3,50,7,11,12,131,43
20260808,calm_r10,42,64,178,114,0,59,67,4,51,8,11,12,131,43
20260808,calm_r10,43,60,181,121,0,59,66,9,53,2,9,12,131,43
20260808,calm_r10,44,63,186,123,0,59,66,9,55,0,9,12,131,43
20260808,calm_r10,45,64,189,124,1,62,67,3,59,1,11,12,131,43
20260808,calm_r10,46,65,193,125,3,66,68,2,57,3,12,12,131,43
20260808,calm_r10,47,65,197,126,6,71,72,2,53,3,14,12,131,43
20260808,calm_r10,48,65,200,128,7,73,72,3,52,3,14,11,131,43
20260808,calm_r10,49,67,203,129,7,76,73,3,50,4,16,11,131,43
20260808,calm_r10,50,64,207,133,10,80,75,5,48,2,15,10,126,43
20260808,calm_r10,51,60,212,138,14,83,74,9,46,1,14,9,126,43
20260808,calm_r10,52,59,215,139,17,87,76,6,46,2,14,9,126,43
20260808,calm_r10,53,57,218,141,20,90,76,3,48,3,13,8,126,43
20260808,calm_r10,54,56,223,144,23,96,77,5,43,5,14,7,126,43
20260808,calm_r10,55,56,227,147,24,100,78,6,41,5,13,7,131,43
20260808,calm_r10,56,51,230,152,27,106,80,8,38,4,12,8,131,43
20260808,calm_r10,57,49,235,155,31,110,82,8,37,3,10,9,131,43
20260808,calm_r10,58,46,239,159,34,114,84,7,38,1,10,9,131,43
20260808,calm_r10,59,45,242,160,37,116,86,5,39,0,9,9,131,43
20260808,calm_r10,60,47,246,162,37,118,85,3,41,1,9,9,131,43
20260808,calm_r10,61,46,249,165,38,121,84,5,39,2,9,9,131,43
20260808,calm_r10,62,45,252,169,38,124,84,7,38,1,9,8,131,43
20260808,calm_r10,63,45,255,172,38,131,88,7,34,1,9,8,131,43
20260808,calm_r10,64,47,259,174,38,132,86,5,37,2,9,8,131,43
20260808,calm_r10,65,48,262,176,38,132,84,4,40,2,10,8,131,43
20260808,calm_r10,66,51,266,177,38,136,75,3,38,14,11,8,131,43
20260808,calm_r10,67,52,270,180,38,138,52,4,38,36,12,8,131,43
20260808,calm_r10,68,43,275,194,38,141,51,17,36,26,10,8,131,43
20260808,calm_r10,69,40,280,202,38,144,69,22,36,3,9,8,131,43
20260808,calm_r10,70,41,284,205,38,145,70,11,49,0,9,8,131,43
20260808,calm_r10,71,41,288,209,38,145,66,7,57,0,9,8,131,43
20260808,calm_r10,72,42,292,212,38,150,68,7,55,0,9,8,131,43
20260808,calm_r10,73,42,295,215,38,155,70,6,54,0,9,8,131,43
20260808,calm_r10,74,42,300,220,38,159,69,8,53,0,9,8,131,43
20260808,calm_r10,75,42,303,223,38,162,69,8,53,0,9,8,131,43
20260808,calm_r10,76,45,306,223,38,165,71,3,55,1,10,8,131,43
20260808,calm_r10,77,47,311,225,39,168,62,2,55,11,9,8,131,43
20260808,calm_r10,78,48,316,228,40,173,55,5,50,20,9,8,131,43
20260808,calm_r10,79,39,321,239,43,174,54,14,51,11,8,7,131,43
20260808,calm_r10,80,34,324,245,45,178,61,17,50,2,8,7,131,43
20260808,calm_r10,81,29,329,251,49,180,58,12,59,1,6,7,131,43
20260808,calm_r10,82,26,332,256,50,187,61,11,58,0,5,7,131,43
20260808,calm_r10,83,26,335,257,52,191,63,6,60,1,4,7,131,43
20260808,calm_r10,84,28,340,257,55,192,62,1,64,3,4,6,131,43
20260808,calm_r10,85,26,343,259,58,198,62,2,59,7,4,5,131,43
20260808,calm_r10,86,24,346,262,60,203,65,5,54,6,3,5,131,43
20260808,calm_r10,87,18,351,269,64,208,67,10,51,2,3,3,131,43
20260808,calm_r10,88,18,354,270,66,210,65,8,52,5,3,3,131,43
20260808,calm_r10,89,16,357,272,69,214,67,3,55,5,3,3,131,43
20260808,calm_r10,90,13,361,279,69,220,66,9,50,5,1,2,131,43
20260808,calm_r10,91,14,364,281,69,225,67,9,47,7,2,2,131,43
20260808,calm_r10,92,14,368,285,69,227,59,6,52,13,2,2,131,43
20260808,calm_r10,93,16,373,288,69,230,52,7,51,20,3,4,131,43
20260808,calm_r10,94,9,377,299,69,233,53,14,52,11,1,2,131,43
20260808,calm_r10,95,1,381,311,69,239,57,23,49,1,0,1,131,43
20260808,calm_r10,96,1,385,315,69,243,58,16,56,0,0,1,131,43
20260808,calm_r10,97,5,389,315,69,245,59,4,66,1,1,2,131,43
20260808,calm_r10,98,8,392,315,69,248,55,0,67,8,2,2,131,43
20260808,calm_r10,99,10,395,316,69,254,58,1,61,10,3,2,131,43
20260808,calm_r10,100,8,400,323,69,261,64,8,54,4,2,2,121,40
20260808,calm_r10,101,7,403,327,69,262,64,11,54,1,1,3,121,40
20260808,calm_r10,102,9,407,329,69,269,68,6,54,2,2,3,121,40
20260808,calm_r10,103,12,411,330,69,272,70,3,55,2,2,3,121,40
20260808,calm_r10,104,13,414,332,69,273,71,3,56,0,3,3,121,40
20260808,calm_r10,105,14,418,335,69,278,72,5,52,1,6,2,131,43
20260808,calm_r10,106,17,421,335,69,280,74,3,52,1,7,3,131,43
20260808,calm_r10,107,19,424,336,69,282,76,1,53,0,6,4,131,43
20260808,calm_r10,108,21,427,337,69,284,76,2,51,1,7,4,131,43
20260808,calm_r10,109,24,430,337,69,290,80,1,46,3,7,5,131,43
20260808,calm_r10,110,25,433,339,69,294,83,2,43,2,7,5,131,43
20260808,calm_r10,111,26,437,342,69,301,89,5,36,0,7,4,131,43
20260808,calm_r10,112,27,440,344,69,308,93,5,31,1,7,5,131,43
20260808,calm_r10,113,31,445,345,69,312,96,3,30,1,8,5,131,43
20260808,calm_r10,114,32,448,347,69,314,97,3,30,0,8,6,131,43
20260808,calm_r10,115,35,453,349,69,317,96,4,28,2,8,7,131,43
20260808,calm_r10,116,38,458,351,69,318,95,4,29,2,9,7,131,43
20260808,calm_r10,117,40,463,354,69,323,98,5,26,1,9,6,131,43
20260808,calm_r10,118,42,466,355,69,326,100,4,25,1,9,7,131,43
20260808,calm_r10,119,44,469,356,69,328,102,2,26,0,9,8,131,43
20260808,calm_r10,120,44,472,359,69,329,100,4,26,0,9,8,131,43
20260808,calm_r10,121,44,476,363,69,330,97,7,26,0,9,8,131,43
20260808,calm_r10,122,43,479,367,69,333,96,8,26,0,9,7,131,43
20260808,calm_r10,123,44,482,369,69,333,92,6,30,2,9,7,131,43
20260808,calm_r10,124,46,485,370,69,335,92,3,32,3,9,7,131,43
20260808,calm_r10,125,49,490,372,69,338,92,3,31,4,10,7,121,40
20260808,calm_r10,126,50,494,375,69,340,81,5,30,14,11,7,121,40
20260808,calm_r10,127,51,498,378,69,342,81,6,30,13,12,6,121,40
20260808,calm_r10,128,42,501,390,69,345,83,15,30,2,9,6,121,40
20260808,calm_r10,129,44,505,392,69,346,83,14,32,1,9,6,121,40
20260808,calm_r10,130,48,509,392,69,349,83,2,41,4,12,6,131,43
20260808,calm_r10,131,50,512,393,69,351,84,1,41,4,13,6,131,43
20260808,calm_r10,132,52,517,396,69,352,83,4,40,3,12,6,131,43
20260808,calm_r10,133,56,522,397,69,355,85,4,38,3,11,6,131,43
20260808,calm_r10,134,56,525,400,69,356,84,4,40,2,12,6,131,43
20260808,calm_r10,135,60,530,401,69,359,87,4,38,1,15,6,131,43
20260808,calm_r10,136,62,533,402,69,361,87,2,39,2,16,6,131,43
20260808,calm_r10,137,64,537,402,71,365,91,1,36,2,17,6,131,43
20260808,calm_r10,138,64,541,405,72,365,90,3,37,0,16,6,131,43
20260808,calm_r10,139,66,546,405,75,370,92,3,32,3,15,7,131,43
20260808,calm_r10,140,66,549,407,76,372,92,2,33,3,15,7,131,43
20260808,calm_r10,141,67,554,410,77,375,94,5,30,1,15,8,131,43
20260808,calm_r10,142,69,559,411,79,375,92,4,32,2,15,9,131,43
20260808,calm_r10,143,69,563,412,82,377,93,2,33,2,14,9,131,43
20260808,calm_r10,144,71,568,413,84,379,94,2,32,2,13,10,131,43
20260808,calm_r10,145,70,572,416,86,384,97,4,28,1,12,10,131,43
20260808,calm_r10,146,71,577,418,88,386,96,5,27,2,11,11,131,43
20260808,calm_r10,147,70,580,418,92,389,99,2,27,2,10,11,131,43
20260808,calm_r10,148,67,584,423,94,396,101,5,22,2,10,11,131,43
20260808,calm_r10,149,67,587,423,97,398,99,5,20,6,9,11,131,43
20260808,calm_r10,150,65,591,429,97,399,96,6,24,4,9,11,131,43
20260808,calm_r10,151,63,596,436,97,399,93,13,24,0,9,11,131,43
20260808,calm_r10,152,67,600,436,97,403,94,7,26,3,11,11,131,43
20260808,calm_r10,153,71,604,436,97,405,75,0,31,24,11,11,131,43
20260808,calm_r10,154,72,609,440,97,406,67,4,30,29,11,11,131,43
20260808,calm_r10,155,60,614,457,97,407,71,21,29,9,9,11,126,43
20260808,calm_r10,156,60,617,460,97,408,77,20,32,1,9,11,126,43
20260808,calm_r10,157,60,621,464,97,410,75,7,47,1,9,11,126,43
20260808,calm_r10,158,60,624,467,97,411,73,7,49,1,9,11,126,43
20260808,calm_r10,159,60,629,472,97,412,70,8,52,0,9,11,126,43
20260808,calm_r10,160,60,633,476,97,414,68,9,53,0,9,11,131,43
20260808,calm_r10,161,62,636,477,97,414,67,5,58,0,9,11,131,43
20260808,calm_r10,162,63,640,480,97,418,67,4,58,1,10,11,131,43
20260808,calm_r10,163,67,645,481,97,420,57,4,57,12,11,11,131,43
20260808,calm_r10,164,70,650,482,98,422,45,2,58,25,11,10,131,43
20260808,calm_r10,165,58,655,495,102,425,46,14,56,14,9,9,131,43
20260808,calm_r10,166,50,659,505,104,428,53,23,54,0,8,9,131,43
20260808,calm_r10,167,46,663,510,107,430,50,15,65,0,8,8,131,43
20260808,calm_r10,168,41,667,517,109,439,52,12,66,0,8,8,131,43
20260808,calm_r10,169,39,672,520,113,443,52,10,67,1,7,7,131,43
20260808,calm_r10,170,39,676,522,115,449,56,5,68,1,7,7,131,43
20260808,calm_r10,171,37,680,524,119,451,56,4,69,1,8,7,131,43
20260808,calm_r10,172,36,685,526,123,457,49,4,65,12,9,6,131,43
20260808,calm_r10,173,34,690,529,127,461,49,5,63,13,10,6,131,43
20260808,calm_r10,174,22,694,542,130,461,47,16,65,2,5,5,131,43
20260808,calm_r10,175,19,699,547,133,470,50,18,59,3,5,4,131,43
20260808,calm_r10,176,17,702,548,137,476,55,6,66,3,5,3,131,43
20260808,calm_r10,177,14,705,552,139,480,55,5,67,3,3,3,131,43
20260808,calm_r10,178,14,708,553,141,488,57,5,60,8,3,3,131,43
20260808,calm_r10,179,10,711,558,143,490,57,6,62,5,3,2,131,43
20260808,calm_r10,180,6,714,565,143,495,60,12,58,0,1,2,121,40
20260808,calm_r10,181,10,718,565,143,497,61,7,61,1,1,2,121,40
20260808,calm_r10,182,11,721,567,143,498,60,2,67,1,1,2,121,40
20260808,calm_r10,183,14,725,568,143,503,63,3,62,2,2,2,121,40
20260808,calm_r10,184,16,728,569,143,508,58,2,59,11,4,2,121,40
20260808,calm_r10,185,18,732,571,143,514,61,3,54,12,4,3,131,43
20260808,calm_r10,186,10,736,583,143,519,63,14,50,3,1,2,131,43
20260808,calm_r10,187,10,740,587,143,523,65,16,48,1,3,3,131,43
20260808,calm_r10,188,14,744,587,143,528,68,4,55,3,4,4,131,43
20260808,calm_r10,189,15,747,589,143,532,71,2,55,2,4,4,131,43
20260808,calm_r10,190,16,752,593,143,537,72,6,50,2,4,3,131,43
20260808,calm_r10,191,19,755,593,143,540,75,4,49,2,5,4,131,43
20260808,calm_r10,192,22,760,595,143,543,77,2,50,1,5,5,131,43
20260808,calm_r10,193,24,764,597,143,550,79,4,43,4,6,5,131,43
20260808,calm_r10,194,25,769,601,143,554,77,6,41,6,6,5,131,43
20260808,calm_r10,195,25,772,604,143,559,82,7,38,3,7,5,131,43
20260808,calm_r10,196,26,777,608,143,562,83,7,39,1,7,5,131,43
20260808,calm_r10,197,29,780,608,143,566,85,4,38,3,7,6,131,43
20260808,calm_r10,198,30,783,610,143,568,86,2,40,2,8,6,131,43
20260808,calm_r10,199,30,786,613,143,570,87,5,38,0,8,6,131,43
20260808,calm_r10,200,34,790,613,143,571,86,3,39,2,8,7,131,43
20260808,calm_r10,201,38,795,614,143,575,88,1,38,3,8,9,131,43
20260808,calm_r10,202,39,798,616,143,583,95,3,30,2,8,9,131,43
20260808,calm_r10,203,41,801,617,143,586,96,3,28,3,8,10,131,43
20260808,calm_r10,204,43,804,618,143,588,95,2,28,5,8,10,131,43
20260808,calm_r10,205,45,808,620,143,590,96,3,27,4,8,9,131,43
20260808,calm_r10,206,45,813,625,143,592,96,7,26,1,7,9,131,43
20260808,calm_r10,207,47,816,626,143,595,98,6,25,1,8,8,131,43
20260808,calm_r10,208,50,820,627,143,595,97,2,30,1,8,9,131,43
20260808,calm_r10,209,52,824,629,143,595,95,3,31,1,9,9,131,43
20260808,calm_r10,210,53,827,631,143,601,98,4,26,2,9,9,131,43
20260808,calm_r10,211,52,831,636,143,604,97,7,25,1,9,9,131,43
20260808,calm_r10,212,51,835,641,143,606,95,10,25,0,9,9,131,43
20260808,calm_r10,213,51,840,646,143,609,92,10,27,1,9,9,131,43
20260808,calm_r10,214,51,843,649,143,610,90,8,31,1,9,9,131,43
20260808,calm_r10,215,52,846,651,143,611,90,5,35,0,8,9,131,43
20260808,calm_r10,216,57,851,651,143,612,88,2,37,3,9,9,131,43
20260808,calm_r10,217,62,856,651,143,614,73,0,37,20,11,9,131,43
20260808,calm_r10,218,64,861,654,143,614,71,3,37,19,13,9,131,43
20260808,calm_r10,219,51,865,671,143,616,72,20,35,3,8,9,131,43
20260808,calm_r10,220,52,870,675,143,618,71,21,36,2,9,9,131,43
20260808,calm_r10,221,54,873,676,143,620,71,5,51,3,11,9,131,43
20260808,calm_r10,222,53,876,680,143,624,72,5,51,2,11,9,131,43
20260808,calm_r10,223,56,881,682,143,627,74,6,49,1,12,9,131,43
20260808,calm_r10,224,59,884,682,143,627,74,2,53,1,13,9,131,43
20260808,calm_r10,225,60,887,684,143,628,74,2,54,0,13,9,131,43
20260808,calm_r10,226,61,891,685,145,632,74,3,50,3,15,9,131,43
20260808,calm_r10,227,63,895,685,147,636,75,1,48,6,16,9,131,43
20260808,calm_r10,228,63,898,688,147,637,75,3,48,4,16,8,131,43
20260808,calm_r10,229,59,901,693,149,639,75,8,46,1,13,8,131,43
20260808,calm_r10,230,57,905,695,153,643,75,7,45,3,15,8,131,43
20260808,calm_r10,231,54,908,698,156,648,77,5,45,3,14,7,131,43
20260808,calm_r10,232,52,912,703,157,653,78,8,42,2,14,5,131,43
20260808,calm_r10,233,53,917,704,160,658,81,6,40,3,12,5,131,43
20260808,calm_r10,234,53,922,708,161,664,82,5,39,4,12,6,131,43
20260808,calm_r10,235,50,926,712,164,666,79,8,38,5,11,7,111,40
20260808,calm_r10,236,50,930,716,164,668,79,8,40,3,10,7,111,40
20260808,calm_r10,237,52,935,719,164,670,77,7,42,4,10,8,111,40
20260808,calm_r10,238,54,940,722,164,674,78,6,42,4,9,8,111,40
20260808,calm_r10,239,52,945,727,166,677,78,8,42,2,9,8,111,40
20260808,calm_r10,240,51,950,733,166,683,78,11,39,2,9,8,131,43
20260808,calm_r10,241,50,954,738,166,686,76,11,41,2,9,8,131,43
20260808,calm_r10,242,50,959,743,166,687,73,10,46,1,9,8,131,43
20260808,calm_r10,243,53,963,744,166,690,75,6,48,1,10,8,131,43
20260808,calm_r10,244,55,966,745,166,693,65,2,50,13,11,7,131,43
20260808,calm_r10,245,57,969,746,166,695,62,2,49,17,11,7,131,43
20260808,calm_r10,246,49,974,759,166,696,61,14,49,6,9,7,131,43
20260808,calm_r10,247,47,978,765,166,697,61,19,49,1,9,7,131,43
20260808,calm_r10,248,49,983,768,166,699,59,9,60,2,10,7,131,43
20260808,calm_r10,249,51,988,770,167,703,53,5,62,10,11,7,131,43
20260808,calm_r10,250,52,993,774,167,708,51,6,60,13,12,7,131,43
20260808,calm_r10,251,46,997,784,167,712,51,14,58,7,10,7,131,43
20260808,calm_r10,252,43,1001,791,167,716,51,17,58,4,9,7,131,43
20260808,calm_r10,253,44,1006,795,167,721,53,11,63,3,9,7,131,43
20260808,calm_r10,254,47,1011,797,167,727,53,6,64,7,11,7,131,43
20260808,calm_r10,255,48,1014,799,167,730,49,4,65,12,12,7,122,43
20260808,calm_r10,256,46,1018,805,167,732,47,8,65,10,12,7,122,43
20260808,calm_r10,257,42,1021,812,167,737,51,13,62,4,11,7,122,43
20260808,calm_r10,258,41,1024,816,167,740,52,11,65,2,12,6,122,43
20260808,calm_r10,259,45,1029,817,167,745,55,5,67,3,13,6,122,43
20260808,calm_r10,260,47,1034,820,167,749,55,4,67,4,14,6,131,43
20260808,calm_r10,261,47,1037,822,168,752,55,5,65,5,14,6,131,43
20260808,calm_r10,262,43,1040,826,171,759,55,6,61,8,12,6,131,43
20260808,calm_r10,263,42,1045,828,175,761,55,6,61,8,13,5,131,43
20260808,calm_r10,264,40,1049,834,175,766,57,8,60,5,12,4,131,43
20260808,calm_r10,265,39,1052,838,175,770,58,10,58,4,12,4,131,43
20260808,calm_r10,266,36,1055,841,178,772,58,7,62,3,11,5,131,43
20260808,calm_r10,267,33,1059,844,182,775,55,6,63,6,11,5,131,43
20260808,calm_r10,268,32,1064,847,185,784,62,6,57,5,8,5,131,43
20260808,calm_r10,269,30,1069,852,187,791,68,8,53,1,7,6,131,43
20260808,calm_r10,270,30,1073,856,187,795,68,9,52,1,6,6,131,43
20260808,calm_r10,271,30,1077,860,187,802,70,8,50,2,6,6,131,43
20260808,calm_r10,272,31,1082,864,187,805,67,8,51,4,6,5,131,43
20260808,calm_r10,273,33,1085,865,187,808,67,5,52,6,8,5,131,43
20260808,calm_r10,274,33,1090,870,187,813,59,6,51,14,7,5,131,43
20260808,calm_r10,275,32,1094,875,187,819,62,10,46,12,7,5,131,43
20260808,calm_r10,276,24,1099,888,187,824,63,18,46,3,6,4,131,43
20260808,calm_r10,277,23,1103,893,187,828,63,18,47,2,6,4,131,43
20260808,calm_r10,278,23,1106,896,187,831,64,8,57,1,5,4,131,43
20260808,calm_r10,279,24,1110,899,187,833,63,6,60,1,4,4,131,43
20260808,calm_r10,280,25,1113,901,187,833,60,5,63,2,5,4,131,43
20260808,calm_r10,281,27,1118,903,188,834,54,4,65,7,7,4,131,43
20260808,calm_r10,282,28,1122,906,188,838,53,5,63,9,7,4,131,43
20260808,calm_r10,283,26,1125,911,188,841,56,8,62,4,6,4,131,43
20260808,calm_r10,284,25,1129,916,188,843,57,10,63,0,7,3,131,43
20260808,calm_r10,285,25,1132,919,188,848,57,8,63,2,6,3,121,40
20260808,calm_r10,286,26,1135,921,188,855,59,5,61,5,6,3,121,40
20260808,calm_r10,287,25,1138,925,188,862,62,6,57,5,5,4,121,40
20260808,calm_r10,288,23,1141,930,188,868,63,9,53,5,4,4,121,40
20260808,calm_r10,289,21,1145,936,188,873,63,11,52,4,4,4,121,40
20260808,calm_r10,290,21,1149,940,188,880,69,10,50,1,4,4,126,43
20260808,calm_r10,291,24,1154,942,188,883,67,6,53,4,4,4,126,43
20260808,calm_r10,292,26,1158,944,188,885,66,4,55,5,5,4,126,43
20260808,calm_r10,293,23,1162,950,189,888,67,8,54,1,6,4,126,43
20260808,calm_r10,294,24,1166,953,189,893,68,9,51,2,7,5,126,43
20260808,calm_r10,295,27,1170,954,189,896,69,4,54,3,8,5,131,43
20260808,calm_r10,296,27,1175,959,189,903,73,6,50,1,9,5,131,43
20260808,calm_r10,297,29,1180,962,189,906,72,8,48,2,9,5,131,43
20260808,calm_r10,298,32,1183,962,189,911,75,3,48,4,9,7,131,43
20260808,calm_r10,299,33,1187,965,189,913,75,3,49,3,9,7,131,43
20260808,calm_r10,300,32,1192,971,189,918,76,9,44,1,7,7,131,43
20260808,calm_r10,301,34,1197,974,189,921,77,9,44,0,7,7,131,43
20260808,calm_r10,302,34,1200,977,189,923,76,6,48,0,7,7,131,43
20260808,calm_r10,303,36,1204,979,189,925,76,5,49,0,7,6,131,43
20260808,calm_r10,304,38,1207,980,189,929,77,3,48,2,8,6,131,43
20260808,calm_r10,305,41,1211,981,189,933,67,2,46,15,11,6,131,43
20260808,calm_r10,306,40,1214,985,189,937,68,5,43,14,10,6,131,43
20260808,calm_r10,307,31,1219,999,189,942,68,18,39,5,9,6,131,43
20260808,calm_r10,308,34,1223,1000,189,946,71,15,39,5,10,6,131,43
20260808,calm_r10,309,31,1226,1006,189,949,70,7,50,3,7,6,131,43
20260808,calm_r10,310,33,1231,1009,189,950,69,9,50,2,8,6,131,43
20260808,calm_r10,311,35,1235,1011,189,954,70,5,52,3,9,5,131,43
20260808,calm_r10,312,38,1239,1012,189,957,71,3,52,4,10,6,131,43
20260808,calm_r10,313,40,1244,1015,189,959,73,4,52,1,12,6,131,43
20260808,calm_r10,314,43,1249,1017,189,962,73,5,50,2,12,6,131,43
20260808,calm_r10,315,47,1253,1017,189,963,74,2,52,2,12,7,131,43
20260808,calm_r10,316,49,1258,1020,189,965,75,3,52,0,13,6,131,43
20260808,calm_r10,317,53,1263,1021,189,967,75,4,50,1,13,7,131,43
20260808,calm_r10,318,55,1266,1022,189,972,79,2,48,1,13,7,131,43
20260808,calm_r10,319,58,1271,1024,189,976,81,3,45,1,14,8,131,43
20260808,calm_r10,320,61,1276,1026,189,979,79,4,43,4,14,8,131,43
20260808,calm_r10,321,63,1279,1027,189,982,82,3,42,3,14,8,131,43
20260808,calm_r10,322,62,1284,1033,189,987,84,7,39,0,13,8,131,43
20260808,calm_r10,323,64,1287,1034,189,990,85,7,37,1,13,9,131,43
20260808,calm_r10,324,68,1291,1034,189,994,88,1,39,2,13,9,131,43
20260808,calm_r10,325,70,1294,1035,189,999,90,1,35,4,13,9,131,43
20260808,calm_r10,326,66,1297,1038,193,1002,91,4,32,3,10,9,131,43
20260808,calm_r10,327,68,1302,1041,193,1008,95,6,27,2,10,9,131,43
20260808,calm_r10,328,68,1305,1041,196,1013,95,3,25,7,9,10,131,43
20260808,calm_r10,329,67,1310,1046,197,1018,96,5,23,6,9,10,131,43
20260808,calm_r10,330,64,1315,1054,197,1019,93,13,22,2,9,10,131,43
20260808,calm_r10,331,67,1320,1056,197,1019,89,10,27,4,11,10,131,43
20260808,calm_r10,332,69,1324,1058,197,1020,69,4,34,23,11,10,131,43
20260808,calm_r10,333,70,1328,1061,197,1020,63,5,36,26,10,10,131,43
20260808,calm_r10,334,62,1333,1074,197,1023,72,16,35,7,9,10,131,43
20260808,calm_r10,335,62,1336,1077,197,1024,74,16,37,3,9,10,121,40
20260808,calm_r10,336,63,1339,1079,197,1024,73,5,50,2,9,10,121,40
20260808,calm_r10,337,63,1344,1084,197,1027,73,7,50,0,9,10,121,40
20260808,calm_r10,338,62,1347,1088,197,1030,72,9,49,0,9,10,121,40
20260808,calm_r10,339,60,1352,1095,197,1034,68,11,50,1,9,10,121,40
20260808,calm_r10,340,63,1357,1097,197,1036,67,9,52,2,9,10,131,43
20260808,calm_r10,341,64,1360,1099,197,1038,68,4,57,1,9,10,131,43
20260808,calm_r10,342,67,1365,1101,197,1041,67,4,56,3,12,10,131,43
20260808,calm_r10,343,71,1369,1101,197,1043,50,2,56,22,13,10,131,43
20260808,calm_r10,344,67,1373,1105,201,1047,47,4,54,25,12,9,131,43
20260808,calm_r10,345,50,1378,1124,204,1050,50,23,51,6,9,7,131,43
20260808,calm_r10,346,47,1383,1128,208,1052,53,23,53,1,9,7,131,43
20260808,calm_r10,347,43,1386,1131,212,1055,52,7,69,2,9,7,131,43
20260808,calm_r10,348,43,1391,1135,213,1058,52,7,70,1,9,6,131,43
20260808,calm_r10,349,41,1396,1140,215,1066,55,9,65,1,10,6,131,43
20260808,calm_r10,350,41,1401,1141,219,1069,48,6,66,10,11,6,131,43
20260808,calm_r10,351,39,1404,1144,221,1073,47,4,67,12,12,6,131,43
20260808,calm_r10,352,30,1407,1153,224,1075,46,12,66,6,7,6,131,43
20260808,calm_r10,353,25,1410,1159,226,1083,51,15,61,3,7,5,131,43
20260808,calm_r10,354,22,1414,1162,230,1086,54,9,67,0,5,4,131,43
20260808,calm_r10,355,22,1418,1163,233,1090,56,4,69,1,5,4,131,43
20260808,calm_r10,356,23,1422,1164,235,1097,56,2,65,7,4,4,131,43
20260808,calm_r10,357,21,1427,1166,240,1101,57,3,62,8,6,2,131,43
20260808,calm_r10,358,16,1432,1174,242,1106,57,10,58,5,4,3,131,43
20260808,calm_r10,359,13,1435,1177,245,1106,53,11,60,6,3,4,131,43
20260808,calm_r10,360,13,1438,1180,245,1111,56,6,63,5,1,4,126,43
20260808,calm_r10,361,11,1441,1185,245,1113,54,8,64,4,1,3,126,43
20260808,calm_r10,362,12,1445,1188,245,1118,56,8,62,4,2,2,126,43
20260808,calm_r10,363,12,1448,1191,245,1124,55,6,61,8,2,3,126,43
20260808,calm_r10,364,10,1451,1196,245,1130,56,8,58,8,2,3,126,43
20260808,calm_r10,365,9,1456,1202,245,1138,62,11,53,4,1,3,131,43
20260808,calm_r10,366,8,1459,1206,245,1143,63,10,53,4,1,3,131,43
20260808,calm_r10,367,9,1464,1210,245,1147,63,8,55,4,3,3,131,43
20260808,calm_r10,368,9,1468,1214,245,1152,65,8,54,3,3,4,131,43
20260808,calm_r10,369,10,1472,1217,245,1154,65,7,56,2,4,4,131,43
20260808,calm_r10,370,11,1475,1219,245,1158,67,5,56,2,3,5,131,43
20260808,calm_r10,371,14,1480,1221,245,1158,66,4,59,1,4,5,131,43
20260808,calm_r10,372,18,1485,1222,245,1164,72,3,55,0,5,5,131,43
20260808,calm_r10,373,22,1489,1222,245,1167,74,1,54,1,6,6,131,43
20260808,calm_r10,374,24,1493,1224,245,1173,76,2,49,3,7,6,131,43
20260808,calm_r10,375,25,1496,1226,245,1181,83,4,41,2,7,5,131,43
20260808,calm_r10,376,25,1499,1229,245,1185,86,5,39,0,7,5,131,43
20260808,calm_r10,377,29,1503,1229,245,1187,87,3,39,1,8,6,131,43
20260808,calm_r10,378,30,1506,1231,245,1192,90,2,37,1,7,6,131,43
20260808,calm_r10,379,30,1509,1234,245,1195,90,5,34,1,7,5,131,43
20260808,calm_r10,380,32,1512,1235,245,1199,93,4,32,1,7,6,115,42
20260808,calm_r10,381,33,1515,1237,245,1206,99,3,28,0,7,6,115,42
20260808,calm_r10,382,37,1519,1237,245,1206,99,2,29,0,7,7,115,42
20260808,calm_r10,383,40,1523,1238,245,1211,103,1,26,0,7,8,115,42
20260808,calm_r10,384,45,1528,1238,245,1213,104,1,24,1,8,8,115,42
20260808,calm_r10,385,48,1531,1238,245,1215,106,0,23,1,9,8,131,43
20260808,calm_r10,386,51,1536,1240,245,1218,107,2,20,1,9,8,131,43
20260808,calm_r10,387,54,1539,1240,245,1219,108,2,19,1,9,8,131,43
20260808,calm_r10,388,55,1543,1243,245,1220,107,3,20,0,9,8,131,43
20260808,calm_r10,389,57,1546,1244,245,1222,108,4,18,0,9,10,131,43
20260808,calm_r10,390,57,1550,1248,245,1224,106,5,19,0,9,10,121,40
20260808,calm_r10,391,57,1555,1253,245,1225,101,9,19,1,9,10,121,40
20260808,calm_r10,392,57,1558,1256,245,1226,99,8,22,1,9,10,121,40
20260808,calm_r10,393,56,1562,1261,245,1226,94,8,27,1,9,9,121,40
20260808,calm_r10,394,59,1567,1263,245,1229,94,7,27,2,9,9,121,40
20260808,calm_r10,395,61,1572,1266,245,1230,91,5,31,3,10,9,131,43
20260808,calm_r10,396,62,1576,1269,245,1232,73,6,31,20,12,9,131,43
20260808,calm_r10,397,63,1579,1271,245,1234,72,5,32,21,12,9,131,43
20260808,calm_r10,398,52,1584,1287,245,1238,78,18,31,3,9,9,131,43
20260808,calm_r10,399,51,1588,1292,245,1239,74,21,32,3,9,9,131,43
20260808,calm_r10,400,51,1591,1295,245,1241,72,8,46,4,9,9,131,43
20260808,calm_r10,401,53,1596,1298,245,1241,72,6,51,1,9,9,131,43
20260808,calm_r10,402,56,1601,1300,245,1243,70,5,52,3,11,9,131,43
20260808,calm_r10,403,57,1605,1301,247,1245,69,3,53,5,12,8,131,43
20260808,calm_r10,404,56,1610,1305,249,1248,69,5,52,4,14,8,131,43
20260808,calm_r10,405,56,1615,1308,251,1248,67,7,53,3,14,8,131,43
20260808,calm_r10,406,55,1618,1310,253,1250,68,5,55,2,14,7,131,43
20260808,calm_r10,407,56,1622,1311,255,1253,69,3,55,3,15,6,131,43
20260808,calm_r10,408,57,1626,1312,257,1254,68,2,56,4,17,6,131,43
20260808,calm_r10,409,57,1630,1316,257,1257,69,5,54,2,16,6,131,43
20260808,calm_r10,410,60,1635,1318,257,1262,72,6,50,2,16,6,131,43
20260808,calm_r10,411,61,1638,1318,259,1266,75,2,50,3,15,6,131,43
20260808,calm_r10,412,57,1642,1322,263,1271,76,4,47,3,14,7,131,43
20260808,calm_r10,413,55,1645,1324,266,1277,81,6,41,2,14,7,131,43
20260808,calm_r10,414,51,1649,1328,270,1281,82,6,41,1,13,7,131,43
20260808,calm_r10,415,51,1652,1328,273,1285,86,4,39,1,13,7,131,43
20260808,calm_r10,416,50,1657,1329,278,1289,85,1,39,5,10,7,131,43
20260808,calm_r10,417,52,1662,1329,281,1291,87,1,37,5,10,8,131,43
20260808,calm_r10,418,49,1666,1335,282,1296,88,6,33,3,9,8,131,43
20260808,calm_r10,419,50,1669,1336,283,1299,90,7,30,3,8,8,131,43
20260808,calm_r10,420,47,1672,1342,283,1303,87,7,32,4,8,7,131,43
20260808,calm_r10,421,47,1675,1345,283,1305,86,9,31,4,8,7,131,43
20260808,calm_r10,422,46,1680,1351,283,1307,85,9,35,1,8,6,131,43
20260808,calm_r10,423,49,1684,1352,283,1310,85,7,35,3,10,6,131,43
20260808,calm_r10,424,51,1688,1354,283,1313,64,3,38,25,12,6,131,43
20260808,calm_r10,425,53,1692,1356,283,1313,54,4,39,33,11,6,131,43
20260808,calm_r10,426,40,1695,1372,283,1317,65,18,37,10,8,6,131,43
20260808,calm_r10,427,40,1700,1377,283,1318,71,21,38,0,8,6,131,43
20260808,calm_r10,428,40,1704,1381,283,1319,67,9,53,1,8,6,131,43
20260808,calm_r10,429,41,1708,1384,283,1324,69,7,53,1,8,6,131,43
20260808,calm_r10,430,39,1711,1389,283,1328,69,8,53,0,8,5,131,43
20260808,calm_r10,431,38,1714,1393,283,1331,68,9,53,0,8,5,131,43
20260808,calm_r10,432,39,1718,1396,283,1333,67,7,56,0,8,5,131,43
20260808,calm_r10,433,37,1723,1403,283,1339,66,10,54,0,8,5,131,43
20260808,calm_r10,434,40,1728,1405,283,1340,65,9,56,0,8,5,131,43
20260808,calm_r10,435,41,1731,1407,283,1342,65,4,61,0,8,5,131,43
20260808,calm_r10,436,44,1736,1409,283,1344,64,4,61,1,9,5,131,43
20260808,calm_r10,437,45,1740,1412,283,1347,51,5,60,14,12,5,131,43
20260808,calm_r10,438,47,1745,1415,283,1348,41,6,61,22,11,5,131,43
20260808,calm_r10,439,36,1749,1430,283,1353,43,18,59,10,8,5,131,43
20260808,calm_r10,440,30,1753,1436,287,1356,48,21,59,2,8,5,131,43
20260808,calm_r10,441,28,1758,1440,290,1358,47,10,72,1,8,4,131,43
20260808,calm_r10,442,25,1762,1444,293,1362,48,8,74,0,6,4,131,43
20260808,calm_r10,443,28,1766,1444,294,1362,48,4,78,0,6,4,131,43
20260808,calm_r10,444,27,1769,1446,296,1368,51,2,76,1,5,4,131,43
20260808,calm_r10,445,27,1774,1448,299,1370,46,4,74,6,6,3,121,40
20260808,calm_r10,446,24,1777,1451,302,1376,47,5,70,8,7,2,121,40
20260808,calm_r10,447,15,1780,1458,307,1381,49,10,67,4,3,2,121,40
20260808,calm_r10,448,13,1785,1462,310,1387,52,11,64,3,2,2,121,40
20260808,calm_r10,449,11,1788,1464,313,1391,48,6,67,9,2,3,121,40
20260808,calm_r10,450,9,1791,1469,313,1397,50,7,65,8,1,3,131,43
20260808,calm_r10,451,3,1794,1478,313,1403,52,14,61,3,0,1,131,43
20260808,calm_r10,452,4,1797,1480,313,1410,57,11,59,3,1,2,131,43
20260808,calm_r10,453,8,1802,1481,313,1413,53,3,65,9,1,2,131,43
20260808,calm_r10,454,10,1807,1484,313,1421,59,4,59,8,2,3,131,43
20260808,calm_r10,455,6,1812,1493,313,1424,60,12,57,1,1,3,131,43
20260808,calm_r10,456,9,1815,1493,313,1428,63,9,56,2,1,3,131,43
20260808,calm_r10,457,11,1819,1495,313,1433,67,2,60,1,3,3,131,43
20260808,calm_r10,458,12,1823,1498,313,1439,70,5,54,1,4,2,131,43
20260808,calm_r10,459,14,1827,1500,313,1445,73,5,50,2,5,3,131,43
20260808,calm_r10,460,16,1831,1502,313,1449,75,4,49,2,4,3,131,43
20260808,calm_r10,461,18,1835,1504,313,1451,75,4,49,2,5,4,131,43
20260808,calm_r10,462,20,1838,1505,313,1455,78,3,47,2,5,5,131,43
20260808,calm_r10,463,23,1842,1506,313,1457,80,2,47,1,6,5,131,43
20260808,calm_r10,464,26,1847,1508,313,1461,83,3,44,0,6,6,131,43
20260808,calm_r10,465,28,1851,1510,313,1469,88,4,37,1,7,6,131,43
20260808,calm_r10,466,32,1855,1510,313,1472,91,2,36,1,8,6,131,43
20260808,calm_r10,467,34,1858,1511,313,1476,95,1,34,0,8,7,131,43
20260808,calm_r10,468,39,1863,1511,313,1479,98,1,31,0,8,7,131,43
20260808,calm_r10,469,43,1868,1512,313,1481,97,1,30,2,9,8,131,43
20260808,calm_r10,470,44,1871,1514,313,1486,100,3,25,2,9,8,131,43
20260808,calm_r10,471,47,1876,1516,313,1487,101,4,25,0,9,8,131,43
20260808,calm_r10,472,47,1879,1519,313,1492,102,5,22,1,9,8,131,43
20260808,calm_r10,473,50,1884,1521,313,1493,101,5,23,1,9,9,131,43
20260808,calm_r10,474,52,1887,1522,313,1494,101,3,25,1,8,9,131,43
20260808,calm_r10,475,55,1890,1522,313,1496,103,1,25,1,8,9,131,43
20260808,calm_r10,476,57,1895,1525,313,1497,101,3,25,1,9,9,131,43
20260808,calm_r10,477,62,1900,1525,313,1500,104,3,22,1,9,10,131,43
20260808,calm_r10,478,65,1905,1527,313,1503,105,2,22,1,9,10,131,43
20260808,calm_r10,479,68,1909,1528,313,1504,105,3,21,1,9,11,131,43
20260808,calm_r10,480,67,1912,1532,313,1507,104,5,20,1,9,11,131,43
20260808,calm_r10,481,66,1916,1537,313,1510,102,9,18,1,9,11,131,43
20260808,calm_r10,482,68,1919,1538,313,1510,102,6,22,0,9,11,131,43
20260808,calm_r10,483,72,1923,1538,313,1512,103,1,25,1,10,11,131,43
20260808,calm_r10,484,74,1926,1539,313,1513,95,1,25,9,11,11,131,43
20260808,calm_r10,485,77,1931,1541,313,1514,88,3,24,15,13,11,131,43
20260808,calm_r10,486,73,1935,1549,313,1516,90,10,23,7,10,11,131,43
20260808,calm_r10,487,70,1939,1556,313,1518,92,15,23,0,9,11,131,43
20260808,calm_r10,488,74,1943,1556,313,1520,93,7,29,1,9,11,131,43
20260808,calm_r10,489,78,1947,1556,313,1520,92,0,36,2,11,11,131,43
20260808,calm_r10,490,79,1950,1558,313,1521,91,2,35,2,12,11,126,43
20260808,calm_r10,491,83,1955,1559,313,1522,92,3,34,1,13,11,126,43
20260808,calm_r10,492,83,1959,1560,316,1522,91,2,36,1,16,11,126,43
20260808,calm_r10,493,84,1964,1560,320,1527,94,1,32,3,17,10,126,43
20260808,calm_r10,494,82,1968,1561,325,1527,93,1,33,3,17,9,126,43
20260808,calm_r10,495,81,1971,1563,327,1529,94,3,31,2,17,9,131,43
20260808,calm_r10,496,79,1976,1567,330,1533,94,6,28,2,17,8,131,43
20260808,calm_r10,497,77,1981,1571,333,1536,94,8,27,1,17,7,131,43
20260808,calm_r10,498,75,1984,1572,337,1538,94,5,29,2,18,7,131,43
20260808,calm_r10,499,73,1987,1573,341,1540,93,2,31,4,18,9,131,43
20260808,calm_r10,500,75,1992,1575,342,1542,95,3,30,2,18,9,131,43
20260808,calm_r10,501,72,1995,1577,346,1545,97,4,28,1,18,9,131,43
20260808,calm_r10,502,74,1998,1577,347,1546,97,2,29,2,18,10,131,43
20260808,calm_r10,503,73,2003,1579,351,1549,98,2,28,2,16,10,131,43
20260808,calm_r10,504,72,2006,1580,354,1553,102,3,24,1,15,11,131,43
20260808,calm_r10,505,72,2010,1582,356,1554,102,3,25,0,13,12,131,43
20260808,calm_r10,506,70,2013,1584,359,1556,101,4,24,1,12,13,131,43
20260808,calm_r10,507,69,2017,1585,363,1561,102,3,21,4,12,13,131,43
20260808,calm_r10,508,68,2020,1586,366,1563,102,2,21,5,9,13,131,43
20260808,calm_r10,509,66,2023,1589,368,1564,102,4,21,3,9,12,131,43
20260808,calm_r10,510,64,2026,1594,368,1566,100,8,20,2,9,12,131,43
20260808,calm_r10,511,64,2031,1599,368,1567,97,10,22,1,9,12,131,43
20260808,calm_r10,512,64,2036,1604,368,1568,94,10,26,0,9,12,131,43
20260808,calm_r10,513,64,2039,1607,368,1570,93,8,29,0,9,12,131,43
20260808,calm_r10,514,67,2042,1607,368,1570,91,3,34,2,11,12,131,43
20260808,calm_r10,515,70,2045,1607,368,1572,72,0,35,23,11,12,131,43
20260808,calm_r10,516,72,2050,1610,368,1575,61,3,32,34,11,12,131,43
20260808,calm_r10,517,63,2054,1623,368,1576,69,16,31,14,9,12,131,43
20260808,calm_r10,518,63,2058,1627,368,1577,79,17,33,1,9,12,131,43
20260808,calm_r10,519,63,2061,1630,368,1578,78,7,45,0,9,12,131,43
20260808,calm_r10,520,63,2064,1633,368,1580,77,6,47,0,9,12,101,38
20260808,calm_r10,521,63,2069,1638,368,1582,72,8,48,2,9,12,101,38
20260808,calm_r10,522,63,2073,1642,368,1583,68,9,50,3,9,12,101,38
20260808,calm_r10,523,58,2076,1647,371,1586,68,9,52,1,9,10,101,38
20260808,calm_r10,524,53,2080,1652,375,1589,67,10,53,0,8,8,101,38
20260808,calm_r10,525,52,2085,1657,376,1595,67,10,52,1,8,8,126,43
20260808,calm_r10,526,52,2089,1657,380,1596,67,5,56,2,9,7,126,43
20260808,calm_r10,527,50,2092,1659,383,1599,54,2,58,16,10,7,126,43
20260808,calm_r10,528,50,2097,1661,386,1603,38,4,54,34,11,6,126,43
20260808,calm_r10,529,40,2102,1676,386,1607,39,17,52,22,9,6,126,43
20260808,calm_r10,530,31,2107,1686,390,1613,54,25,48,3,8,5,131,43
20260808,calm_r10,531,29,2112,1691,392,1613,51,15,63,1,8,5,131,43
20260808,calm_r10,532,26,2117,1696,395,1618,50,10,68,2,8,4,131,43
20260808,calm_r10,533,22,2120,1699,399,1620,50,8,71,1,6,4,131,43
20260808,calm_r10,534,20,2123,1702,401,1626,54,6,70,0,5,4,131,43
20260808,calm_r10,535,18,2127,1705,404,1631,55,6,68,1,3,3,131,43
20260808,calm_r10,536,19,2130,1705,406,1632,56,3,70,1,3,3,131,43
20260808,calm_r10,537,15,2133,1708,410,1639,60,3,66,1,1,2,131,43
20260808,calm_r10,538,15,2138,1712,411,1646,51,7,59,13,2,3,131,43
20260808,calm_r10,539,12,2141,1715,414,1651,46,7,57,20,2,3,131,43
20260808,calm_r10,540,4,2145,1727,414,1655,49,15,57,9,0,1,131,43
20260808,calm_r10,541,7,2148,1727,414,1658,59,12,57,2,1,2,131,43
20260808,calm_r10,542,8,2152,1729,415,1663,62,2,64,2,2,2,131,43
20260808,calm_r10,543,10,2156,1731,415,1666,64,4,61,1,3,3,131,43
20260808,calm_r10,544,11,2160,1734,415,1671,66,5,58,1,3,3,131,43
20260808,calm_r10,545,14,2164,1735,415,1674,67,4,57,2,5,4,131,43
20260808,calm_r10,546,16,2167,1736,415,1677,70,2,57,1,5,4,131,43
20260808,calm_r10,547,18,2171,1738,415,1681,72,3,54,1,5,4,131,43
20260808,calm_r10,548,21,2175,1739,415,1689,76,3,47,4,5,5,131,43
20260808,calm_r10,549,22,2178,1741,415,1695,81,3,43,3,6,5,131,43
20260808,calm_r10,550,22,2182,1745,415,1698,82,6,41,1,7,4,126,43
20260808,calm_r10,551,25,2187,1747,415,1704,84,6,37,3,6,5,126,43
20260808,calm_r10,552,26,2190,1749,415,1706,84,4,39,3,6,5,126,43
20260808,calm_r10,553,29,2195,1751,415,1711,89,4,36,1,8,5,126,43
20260808,calm_r10,554,31,2199,1753,415,1713,90,4,36,0,8,5,126,43
20260808,calm_r10,555,36,2204,1753,415,1716,92,2,35,1,8,6,131,43
20260808,calm_r10,556,41,2209,1753,415,1721,95,0,32,3,8,8,131,43
20260808,calm_r10,557,44,2214,1755,415,1725,96,2,28,4,8,8,131,43
20260808,calm_r10,558,45,2217,1757,415,1728,97,4,25,4,8,7,131,43
20260808,calm_r10,559,48,2222,1759,415,1729,97,4,26,3,9,8,131,43
20260808,calm_r10,560,49,2226,1762,415,1732,98,5,25,2,9,8,131,43
20260808,calm_r10,561,53,2231,1763,415,1736,102,4,23,1,9,8,131,43
20260808,calm_r10,562,56,2235,1764,415,1737,103,2,25,0,9,9,131,43
20260808,calm_r10,563,58,2238,1765,415,1740,105,2,23,0,9,9,131,43
20260808,calm_r10,564,62,2243,1766,415,1741,105,2,23,0,9,10,131,43
20260808,calm_r10,565,66,2248,1767,415,1747,109,2,18,1,9,10,131,43
20260808,calm_r10,566,70,2252,1767,415,1747,108,1,19,2,9,11,131,43
20260808,calm_r10,567,73,2256,1768,415,1748,108,1,19,2,9,11,131,43
20260808,calm_r10,568,76,2261,1770,415,1751,108,3,16,3,9,11,131,43
20260808,calm_r10,569,79,2266,1772,415,1751,107,4,17,2,9,11,131,43
20260808,calm_r10,570,77,2269,1777,415,1752,105,7,18,0,9,11,121,43
20260808,calm_r10,571,80,2274,1779,415,1753,104,7,19,0,9,11,121,43
20260808,calm_r10,572,83,2278,1780,415,1755,104,3,22,1,10,11,121,43
20260808,calm_r10,573,86,2281,1780,415,1755,92,1,24,13,12,11,121,43
20260808,calm_r10,574,87,2284,1782,415,1755,79,2,25,24,13,11,121,43
20260808,calm_r10,575,77,2287,1795,415,1757,80,15,23,12,9,11,131,43
20260808,calm_r10,576,75,2290,1800,415,1757,87,18,25,0,9,11,131,43
20260808,calm_r10,577,74,2294,1805,415,1758,82,10,37,1,9,11,131,43
20260808,calm_r10,578,75,2299,1809,415,1762,81,9,38,2,9,11,131,43
20260808,calm_r10,579,76,2303,1812,415,1762,79,7,43,1,9,11,131,43
20260808,calm_r10,580,78,2307,1814,415,1765,80,5,44,1,10,11,131,43
20260808,calm_r10,581,80,2311,1814,417,1766,77,2,46,5,12,11,131,43
20260808,calm_r10,582,80,2314,1815,419,1767,76,1,47,6,13,10,131,43
20260808,calm_r10,583,74,2319,1822,423,1768,74,8,46,2,12,9,131,43
20260808,calm_r10,584,72,2322,1825,425,1770,74,10,45,1,12,9,131,43
20260808,calm_r10,585,72,2327,1827,428,1776,76,5,46,3,15,8,131,43
20260808,calm_r10,586,70,2331,1828,433,1779,78,3,46,3,16,8,131,43
20260808,calm_r10,587,70,2335,1830,435,1781,78,3,46,3,17,7,131,43
20260808,calm_r10,588,69,2338,1831,438,1784,81,3,44,2,17,7,131,43
20260808,calm_r10,589,68,2343,1833,442,1787,84,3,43,0,17,7,131,43
20260808,calm_r10,590,67,2346,1835,444,1792,84,4,39,3,17,5,131,43
20260808,calm_r10,591,65,2351,1837,449,1795,83,4,38,5,17,6,131,43
20260808,calm_r10,592,61,2355,1842,452,1798,81,7,37,5,16,7,131,43
20260808,calm_r10,593,60,2358,1844,454,1799,81,7,38,4,16,7,131,43
20260808,calm_r10,594,56,2362,1848,458,1802,81,6,40,3,13,5,131,43
20260808,calm_r10,595,55,2366,1850,461,1808,83,6,36,5,13,6,131,43
20260808,calm_r10,596,53,2369,1852,464,1813,85,4,35,6,13,7,131,43
20260808,calm_r10,597,50,2374,1857,467,1815,83,7,35,5,10,8,131,43
20260808,calm_r10,598,49,2379,1860,470,1819,87,8,33,2,9,7,131,43
20260808,calm_r10,599,46,2383,1864,473,1819,85,7,38,0,9,7,131,43
20260808,calm_r10,600,46,2386,1867,473,1819,80,7,41,2,9,7,121,40
