seed,combo,t,queue,generated,matched,cancelled,completed,idle,enroute,ontrip,rebal,alertCells,maxPendingCell,trafficCells15,trafficCells25
20260808,A_default,1,8,10,2,0,0,97,2,0,1,1,2,131,43
20260808,A_default,2,17,19,2,0,0,95,2,0,3,5,4,131,43
20260808,A_default,3,22,25,3,0,0,93,1,2,4,5,6,131,43
20260808,A_default,4,28,33,5,0,0,90,3,2,5,6,6,131,43
20260808,A_default,5,31,39,8,0,0,89,5,3,3,7,8,131,43
20260808,A_default,6,36,48,12,0,0,88,7,5,0,7,9,131,43
20260808,A_default,7,44,57,13,0,0,86,5,8,1,8,9,131,43
20260808,A_default,8,52,67,15,0,0,82,3,12,3,9,9,131,43
20260808,A_default,9,58,75,17,0,0,80,4,13,3,9,9,131,43
20260808,A_default,10,65,85,20,0,0,79,5,15,1,9,9,131,43
20260808,A_default,11,69,92,22,1,0,78,5,17,0,9,9,131,43
20260808,A_default,12,74,102,23,5,0,76,3,20,1,9,13,131,43
20260808,A_default,13,77,111,24,10,0,75,2,22,1,9,9,131,43
20260808,A_default,14,78,121,26,17,1,75,3,22,0,9,10,131,43
20260808,A_default,15,77,126,27,22,1,74,3,23,0,9,11,131,43
20260808,A_default,16,73,131,29,29,1,72,3,25,0,9,11,131,43
20260808,A_default,17,70,139,32,37,2,68,5,25,2,9,10,131,43
20260808,A_default,18,68,145,33,44,4,68,4,25,3,9,10,131,43
20260808,A_default,19,66,151,36,49,4,67,4,28,1,9,11,131,43
20260808,A_default,20,66,160,37,57,5,67,4,28,1,9,9,121,40
20260808,A_default,21,66,167,38,63,9,69,2,27,2,9,9,121,40
20260808,A_default,22,61,172,41,70,12,70,4,25,1,9,9,121,40
20260808,A_default,23,59,178,42,77,14,72,4,24,0,9,9,121,40
20260808,A_default,24,54,183,42,87,15,73,1,26,0,9,9,121,40
20260808,A_default,25,58,192,43,91,18,75,1,24,0,9,9,126,43
20260808,A_default,26,63,202,44,95,18,74,2,24,0,9,10,126,43
20260808,A_default,27,62,207,44,101,20,75,1,23,1,9,10,126,43
20260808,A_default,28,66,216,45,105,21,75,1,23,1,9,10,126,43
20260808,A_default,29,65,222,47,110,22,75,3,22,0,9,10,126,43
20260808,A_default,30,61,227,48,118,22,72,3,23,2,10,7,131,43
20260808,A_default,31,64,235,48,123,23,66,1,24,9,12,7,131,43
20260808,A_default,32,64,241,51,126,27,69,3,21,7,14,7,131,43
20260808,A_default,33,57,248,59,132,29,69,11,19,1,13,6,131,43
20260808,A_default,34,57,253,59,137,32,70,8,19,3,14,6,131,43
20260808,A_default,35,52,259,61,146,35,71,2,24,3,13,4,131,43
20260808,A_default,36,46,264,63,155,36,72,4,23,1,10,5,131,43
20260808,A_default,37,46,271,65,160,38,73,4,23,0,9,5,131,43
20260808,A_default,38,51,281,65,165,40,74,2,23,1,9,7,131,43
20260808,A_default,39,50,287,66,171,42,75,1,23,1,9,7,131,43
20260808,A_default,40,51,292,68,173,44,76,3,21,0,9,7,131,43
20260808,A_default,41,57,300,70,173,44,73,4,22,1,9,8,131,43
20260808,A_default,42,59,306,70,177,44,73,2,24,1,9,8,131,43
20260808,A_default,43,59,311,72,180,46,72,2,24,2,9,7,131,43
20260808,A_default,44,60,317,72,185,46,71,2,24,3,9,7,131,43
20260808,A_default,45,59,323,75,189,48,72,3,24,1,9,8,131,43
20260808,A_default,46,63,333,77,193,48,71,5,24,0,9,8,131,43
20260808,A_default,47,63,340,78,199,52,74,3,23,0,9,10,131,43
20260808,A_default,48,63,350,78,209,52,72,1,25,2,9,12,131,43
20260808,A_default,49,64,358,80,214,54,71,2,24,3,9,13,131,43
20260808,A_default,50,65,364,83,216,59,75,5,19,1,9,13,126,43
20260808,A_default,51,65,371,84,222,59,74,4,21,1,9,16,126,43
20260808,A_default,52,67,380,85,228,59,71,2,24,3,9,13,126,43
20260808,A_default,53,71,389,87,231,62,73,3,22,2,9,13,126,43
20260808,A_default,54,74,399,90,235,64,74,5,21,0,9,14,126,43
20260808,A_default,55,77,407,90,240,66,76,3,21,0,9,14,131,43
20260808,A_default,56,73,412,90,249,68,76,0,22,2,9,11,131,43
20260808,A_default,57,75,420,90,255,72,80,0,18,2,9,10,131,43
20260808,A_default,58,71,426,92,263,73,81,2,17,0,9,10,131,43
20260808,A_default,59,70,433,94,269,74,80,4,16,0,9,11,131,43
20260808,A_default,60,66,438,97,275,75,77,5,17,1,9,11,131,43
20260808,A_default,61,66,445,97,282,76,75,3,18,4,11,10,131,43
20260808,A_default,62,67,454,99,288,78,72,2,19,7,14,8,131,43
20260808,A_default,63,61,461,104,296,79,70,7,18,5,15,8,131,43
20260808,A_default,64,55,468,108,305,80,70,9,19,2,14,7,131,43
20260808,A_default,65,52,474,110,312,82,71,6,22,1,12,5,131,43
20260808,A_default,66,51,479,111,317,82,69,3,26,2,12,6,131,43
20260808,A_default,67,48,485,112,325,84,70,2,26,2,9,6,131,43
20260808,A_default,68,47,491,114,330,85,71,3,26,0,9,6,131,43
20260808,A_default,69,46,496,114,336,85,71,2,27,0,9,6,131,43
20260808,A_default,70,51,502,114,337,86,69,0,28,3,9,7,131,43
20260808,A_default,71,54,508,117,337,87,67,3,27,3,9,10,131,43
20260808,A_default,72,60,517,120,337,90,69,6,24,1,9,10,131,43
20260808,A_default,73,60,524,120,344,91,70,3,26,1,9,9,131,43
20260808,A_default,74,61,532,121,350,95,74,1,25,0,9,11,131,43
20260808,A_default,75,63,541,122,356,97,73,2,23,2,9,10,131,43
20260808,A_default,76,67,551,123,361,99,73,2,22,3,9,10,131,43
20260808,A_default,77,67,557,125,365,102,76,3,20,1,9,9,131,43
20260808,A_default,78,68,563,126,369,103,77,3,20,0,9,11,131,43
20260808,A_default,79,73,573,126,374,104,76,1,21,2,9,10,131,43
20260808,A_default,80,74,580,127,379,104,74,1,22,3,9,11,131,43
20260808,A_default,81,78,589,129,382,105,74,3,21,2,9,10,131,43
20260808,A_default,82,73,594,130,391,107,75,3,20,2,9,10,131,43
20260808,A_default,83,76,602,131,395,109,77,2,20,1,9,11,131,43
20260808,A_default,84,76,611,132,403,111,78,2,19,1,9,11,131,43
20260808,A_default,85,74,616,132,410,115,81,1,16,2,9,12,131,43
20260808,A_default,86,73,625,133,419,116,81,1,16,2,9,11,131,43
20260808,A_default,87,72,630,134,424,117,82,2,15,1,9,11,131,43
20260808,A_default,88,73,639,137,429,119,81,4,14,1,9,10,131,43
20260808,A_default,89,69,645,138,438,120,79,4,14,3,9,11,131,43
20260808,A_default,90,68,652,140,444,121,77,3,16,4,12,10,131,43
20260808,A_default,91,66,660,142,452,123,78,4,15,3,15,7,131,43
20260808,A_default,92,70,669,144,455,124,78,4,16,2,16,7,131,43
20260808,A_default,93,70,678,146,462,125,78,4,17,1,18,6,131,43
20260808,A_default,94,69,686,148,469,125,76,4,19,1,18,6,131,43
20260808,A_default,95,69,691,148,474,125,73,2,21,4,17,7,131,43
20260808,A_default,96,66,697,149,482,125,71,1,23,5,13,7,131,43
20260808,A_default,97,66,704,153,485,126,71,5,22,2,12,7,131,43
20260808,A_default,98,66,711,155,490,128,73,6,21,0,12,9,131,43
20260808,A_default,99,66,717,156,495,130,71,3,23,3,9,9,131,43
20260808,A_default,100,68,724,157,499,132,71,2,23,4,9,10,121,40
20260808,A_default,101,69,733,158,506,133,74,2,23,1,9,10,121,40
20260808,A_default,102,69,742,159,514,134,74,2,23,1,8,11,121,40
20260808,A_default,103,69,749,159,521,135,75,1,23,1,9,9,121,40
20260808,A_default,104,69,757,161,527,136,75,2,23,0,8,10,121,40
20260808,A_default,105,73,767,162,532,140,78,3,19,0,8,12,131,43
20260808,A_default,106,74,777,167,536,142,75,6,19,0,9,11,131,43
20260808,A_default,107,73,784,169,542,144,75,7,18,0,9,12,131,43
20260808,A_default,108,72,790,170,548,146,75,3,21,1,9,11,131,43
20260808,A_default,109,76,800,171,553,146,73,2,23,2,9,14,131,43
20260808,A_default,110,76,808,172,560,148,75,2,22,1,9,13,131,43
20260808,A_default,111,75,815,174,566,151,76,3,20,1,9,13,131,43
20260808,A_default,112,75,822,174,573,153,78,2,19,1,9,13,131,43
20260808,A_default,113,76,830,175,579,154,79,1,20,0,9,13,131,43
20260808,A_default,114,75,837,175,587,154,79,1,20,0,9,13,131,43
20260808,A_default,115,70,842,175,597,156,80,0,19,1,8,11,131,43
20260808,A_default,116,68,847,175,604,157,81,0,18,1,9,11,131,43
20260808,A_default,117,68,852,176,608,157,81,1,18,0,9,10,131,43
20260808,A_default,118,71,861,177,613,160,82,2,15,1,9,9,131,43
20260808,A_default,119,68,868,177,623,161,83,1,15,1,9,10,131,43
20260808,A_default,120,66,876,180,630,162,80,3,15,2,10,8,131,43
20260808,A_default,121,68,886,182,636,162,76,5,15,4,14,8,131,43
20260808,A_default,122,69,896,184,643,162,76,4,18,2,15,7,131,43
20260808,A_default,123,66,905,188,651,164,76,6,18,0,17,7,131,43
20260808,A_default,124,68,914,189,657,165,76,5,19,0,14,7,131,43
20260808,A_default,125,72,924,190,662,170,79,2,18,1,14,7,121,40
20260808,A_default,126,71,929,191,667,174,80,2,15,3,13,8,121,40
20260808,A_default,127,71,934,193,670,174,79,3,16,2,11,8,121,40
20260808,A_default,128,69,944,197,678,174,77,6,17,0,10,10,121,40
20260808,A_default,129,69,951,198,684,177,77,5,16,2,8,10,121,40
20260808,A_default,130,73,957,198,686,177,77,1,20,2,8,10,131,43
20260808,A_default,131,72,965,200,693,177,77,2,21,0,8,9,131,43
20260808,A_default,132,71,973,200,702,177,77,2,21,0,8,9,131,43
20260808,A_default,133,68,978,200,710,177,77,0,23,0,9,10,131,43
20260808,A_default,134,67,986,202,717,182,80,2,18,0,9,9,131,43
20260808,A_default,135,66,996,203,727,182,79,3,18,0,9,8,131,43
20260808,A_default,136,69,1003,203,731,183,80,1,19,0,9,8,131,43
20260808,A_default,137,75,1013,203,735,184,81,0,19,0,9,11,131,43
20260808,A_default,138,71,1018,203,744,184,80,0,19,1,9,12,131,43
20260808,A_default,139,69,1024,205,750,186,79,2,17,2,9,11,131,43
20260808,A_default,140,73,1034,206,755,188,81,3,15,1,9,10,131,43
20260808,A_default,141,71,1040,208,761,191,81,3,14,2,9,10,131,43
20260808,A_default,142,71,1047,208,768,193,83,2,13,2,9,10,131,43
20260808,A_default,143,74,1057,212,771,195,82,4,13,1,9,10,131,43
20260808,A_default,144,72,1062,213,777,195,80,5,13,2,9,9,131,43
20260808,A_default,145,67,1067,214,786,195,80,2,17,1,9,9,131,43
20260808,A_default,146,70,1077,215,792,198,83,2,15,0,9,10,131,43
20260808,A_default,147,69,1085,215,801,198,83,1,16,0,9,10,131,43
20260808,A_default,148,72,1093,215,806,199,83,0,16,1,9,10,131,43
20260808,A_default,149,74,1102,216,812,200,82,1,15,2,9,10,131,43
20260808,A_default,150,67,1107,219,821,203,81,4,12,3,9,8,131,43
20260808,A_default,151,66,1112,221,825,203,80,5,13,2,9,8,131,43
20260808,A_default,152,67,1120,224,829,203,75,5,16,4,13,8,131,43
20260808,A_default,153,67,1127,224,836,205,77,3,16,4,15,8,131,43
20260808,A_default,154,70,1137,228,839,205,75,4,19,2,15,6,131,43
20260808,A_default,155,73,1145,228,844,205,74,4,19,3,15,7,126,43
20260808,A_default,156,66,1150,230,854,206,75,2,22,1,14,7,126,43
20260808,A_default,157,63,1158,233,862,207,74,5,21,0,12,7,126,43
20260808,A_default,158,63,1166,233,870,209,76,3,21,0,10,8,126,43
20260808,A_default,159,61,1174,234,879,209,74,1,24,1,9,8,126,43
20260808,A_default,160,66,1179,234,879,210,75,1,23,1,9,8,131,43
20260808,A_default,161,70,1189,239,880,211,71,5,23,1,9,9,131,43
20260808,A_default,162,68,1194,240,886,214,72,6,20,2,9,9,131,43
20260808,A_default,163,68,1203,243,892,215,70,4,24,2,9,10,131,43
20260808,A_default,164,67,1213,245,901,218,71,5,22,2,9,11,131,43
20260808,A_default,165,67,1220,246,907,219,70,3,24,3,8,13,131,43
20260808,A_default,166,67,1226,248,911,221,71,3,24,2,9,12,131,43
20260808,A_default,167,69,1235,251,915,221,69,5,25,1,9,11,131,43
20260808,A_default,168,71,1244,251,922,224,72,3,24,1,9,11,131,43
20260808,A_default,169,69,1250,252,929,225,73,1,26,0,9,12,131,43
20260808,A_default,170,71,1257,252,934,226,72,1,25,2,9,13,131,43
20260808,A_default,171,72,1266,253,941,229,74,1,23,2,9,12,131,43
20260808,A_default,172,73,1271,255,943,230,74,3,22,1,9,10,131,43
20260808,A_default,173,69,1276,257,950,233,75,4,20,1,9,10,131,43
20260808,A_default,174,63,1281,259,959,235,75,4,20,1,9,9,131,43
20260808,A_default,175,62,1287,259,966,238,77,2,19,2,9,8,131,43
20260808,A_default,176,61,1292,260,971,239,76,1,20,3,9,9,131,43
20260808,A_default,177,59,1299,261,979,240,77,2,19,2,9,7,131,43
20260808,A_default,178,54,1304,264,986,240,75,4,20,1,9,6,131,43
20260808,A_default,179,58,1313,265,990,244,78,4,17,1,9,8,131,43
20260808,A_default,180,60,1322,267,995,245,75,3,19,3,12,8,121,40
20260808,A_default,181,62,1331,268,1001,245,72,3,20,5,13,7,121,40
20260808,A_default,182,61,1337,271,1005,248,75,4,19,2,13,7,121,40
20260808,A_default,183,63,1346,275,1008,248,72,7,20,1,16,6,121,40
20260808,A_default,184,66,1356,277,1013,249,71,6,22,1,14,7,121,40
20260808,A_default,185,66,1363,278,1019,252,74,3,23,0,12,7,131,43
20260808,A_default,186,69,1370,278,1023,254,75,1,23,1,12,9,131,43
20260808,A_default,187,68,1377,279,1030,255,75,1,23,1,11,9,131,43
20260808,A_default,188,72,1387,280,1035,257,77,2,21,0,11,10,131,43
20260808,A_default,189,68,1392,281,1043,257,74,2,22,2,9,11,131,43
20260808,A_default,190,72,1399,281,1046,258,75,1,22,2,9,11,131,43
20260808,A_default,191,70,1405,283,1052,258,75,2,23,0,9,9,131,43
20260808,A_default,192,72,1412,283,1057,259,75,2,22,1,9,10,131,43
20260808,A_default,193,75,1422,283,1064,261,77,0,22,1,9,9,131,43
20260808,A_default,194,69,1427,285,1073,265,80,2,18,0,9,8,131,43
20260808,A_default,195,69,1435,286,1080,266,80,3,17,0,9,9,131,43
20260808,A_default,196,71,1444,286,1087,267,81,1,18,0,9,9,131,43
20260808,A_default,197,71,1453,288,1094,269,81,2,17,0,9,10,131,43
20260808,A_default,198,67,1460,290,1103,270,80,4,16,0,9,8,131,43
20260808,A_default,199,73,1470,291,1106,273,82,3,15,0,9,10,131,43
20260808,A_default,200,73,1477,293,1111,276,83,3,14,0,9,10,131,43
20260808,A_default,201,73,1484,294,1117,276,82,3,15,0,9,12,131,43
20260808,A_default,202,71,1489,294,1124,278,83,1,15,1,9,11,131,43
20260808,A_default,203,72,1499,294,1133,278,83,0,16,1,9,14,131,43
20260808,A_default,204,76,1509,296,1137,279,81,2,15,2,9,14,131,43
20260808,A_default,205,77,1518,297,1144,280,80,3,14,3,9,13,131,43
20260808,A_default,206,76,1527,300,1151,281,78,4,15,3,8,13,131,43
20260808,A_default,207,74,1535,301,1160,283,80,4,14,2,9,12,131,43
20260808,A_default,208,75,1541,303,1163,283,78,3,17,2,9,12,131,43
20260808,A_default,209,75,1551,303,1173,284,76,2,17,5,9,10,131,43
20260808,A_default,210,75,1558,307,1176,285,74,4,18,4,10,10,131,43
20260808,A_default,211,78,1568,310,1180,286,72,7,17,4,13,10,131,43
20260808,A_default,212,78,1575,313,1184,287,69,6,20,5,13,9,131,43
20260808,A_default,213,72,1585,319,1194,287,65,9,23,3,15,8,131,43
20260808,A_default,214,71,1594,321,1202,288,66,8,25,1,17,7,131,43
20260808,A_default,215,68,1599,322,1209,289,63,3,30,4,15,7,131,43
20260808,A_default,216,67,1606,322,1217,292,65,1,29,5,14,10,131,43
20260808,A_default,217,60,1611,326,1225,293,66,4,29,1,12,9,131,43
20260808,A_default,218,62,1618,327,1229,293,66,5,29,0,10,12,131,43
20260808,A_default,219,60,1625,327,1238,295,68,1,31,0,9,14,131,43
20260808,A_default,220,66,1632,327,1239,295,68,0,32,0,9,14,131,43
20260808,A_default,221,70,1642,328,1244,299,71,1,28,0,9,15,131,43
20260808,A_default,222,70,1647,328,1249,305,77,1,22,0,9,14,131,43
20260808,A_default,223,68,1653,328,1257,308,78,0,20,2,9,14,131,43
20260808,A_default,224,66,1661,329,1266,310,79,1,18,2,9,11,131,43
20260808,A_default,225,69,1670,331,1270,311,80,3,17,0,9,11,131,43
20260808,A_default,226,66,1675,333,1276,313,80,4,16,0,9,9,131,43
20260808,A_default,227,65,1680,334,1281,313,75,3,18,4,9,10,131,43
20260808,A_default,228,68,1690,334,1288,314,74,1,19,6,9,10,131,43
20260808,A_default,229,65,1696,341,1290,316,72,7,18,3,9,11,131,43
20260808,A_default,230,63,1701,343,1295,318,73,9,16,2,9,10,131,43
20260808,A_default,231,63,1711,345,1303,320,74,4,21,1,9,10,131,43
20260808,A_default,232,65,1720,347,1308,320,73,4,23,0,9,10,131,43
20260808,A_default,233,66,1727,349,1312,321,72,4,24,0,9,11,131,43
20260808,A_default,234,63,1732,350,1319,322,72,3,25,0,9,11,131,43
20260808,A_default,235,61,1740,351,1328,327,75,2,22,1,9,10,111,40
20260808,A_default,236,66,1750,352,1332,327,74,2,23,1,9,10,111,40
20260808,A_default,237,68,1758,355,1335,327,72,4,24,0,9,12,111,40
20260808,A_default,238,63,1763,355,1345,327,71,3,25,1,9,11,111,40
20260808,A_default,239,65,1769,355,1349,331,72,0,24,4,9,10,111,40
20260808,A_default,240,69,1779,357,1353,332,70,2,23,5,11,10,131,43
20260808,A_default,241,70,1789,360,1359,334,72,5,21,2,15,7,131,43
20260808,A_default,242,69,1797,362,1366,335,73,5,22,0,16,5,131,43
20260808,A_default,243,70,1804,363,1371,337,74,3,23,0,16,6,131,43
20260808,A_default,244,75,1813,363,1375,339,76,1,23,0,16,6,131,43
20260808,A_default,245,73,1819,365,1381,342,75,2,21,2,15,7,131,43
20260808,A_default,246,73,1829,366,1390,342,72,3,21,4,13,8,131,43
20260808,A_default,247,71,1838,370,1397,345,73,5,20,2,11,10,131,43
20260808,A_default,248,74,1848,373,1401,348,74,7,18,1,9,12,131,43
20260808,A_default,249,76,1853,373,1404,348,74,3,22,1,9,12,131,43
20260808,A_default,250,77,1860,374,1409,350,76,1,23,0,9,13,131,43
20260808,A_default,251,71,1865,375,1419,351,76,2,22,0,9,11,131,43
20260808,A_default,252,69,1872,376,1427,351,75,2,23,0,9,12,131,43
20260808,A_default,253,69,1880,377,1434,355,77,2,20,1,9,14,131,43
20260808,A_default,254,68,1888,377,1443,356,77,1,20,2,9,13,131,43
20260808,A_default,255,71,1895,378,1446,357,78,1,20,1,9,13,122,43
20260808,A_default,256,70,1904,379,1455,357,78,2,20,0,9,11,122,43
20260808,A_default,257,67,1909,379,1463,358,79,1,20,0,9,9,122,43
20260808,A_default,258,66,1917,380,1471,361,81,1,18,0,9,9,122,43
20260808,A_default,259,65,1922,381,1476,361,80,2,18,0,9,9,122,43
20260808,A_default,260,66,1930,381,1483,362,80,1,18,1,9,9,131,43
20260808,A_default,261,69,1937,381,1487,367,84,0,14,2,9,9,131,43
20260808,A_default,262,68,1943,383,1492,368,83,2,13,2,9,10,131,43
20260808,A_default,263,69,1951,385,1497,371,85,4,10,1,9,11,131,43
20260808,A_default,264,66,1956,386,1504,372,86,3,11,0,8,10,131,43
20260808,A_default,265,69,1966,386,1511,374,88,1,11,0,8,12,131,43
20260808,A_default,266,64,1971,387,1520,374,86,1,12,1,8,12,131,43
20260808,A_default,267,68,1979,387,1524,378,90,1,8,1,9,11,131,43
20260808,A_default,268,65,1984,388,1531,378,90,1,9,0,9,11,131,43
20260808,A_default,269,68,1991,388,1535,378,90,1,9,0,9,12,131,43
20260808,A_default,270,68,1999,388,1543,378,90,0,10,0,11,12,131,43
20260808,A_default,271,71,2009,388,1550,378,89,0,10,1,14,10,131,43
20260808,A_default,272,72,2016,388,1556,379,90,0,9,1,14,9,131,43
20260808,A_default,273,74,2026,389,1563,379,90,1,9,0,15,7,131,43
20260808,A_default,274,73,2031,390,1568,380,90,2,8,0,15,7,131,43
20260808,A_default,275,73,2041,390,1578,381,88,1,8,3,14,8,131,43
20260808,A_default,276,77,2049,390,1582,382,88,0,8,4,14,8,131,43
20260808,A_default,277,77,2058,393,1588,383,89,3,7,1,12,10,131,43
20260808,A_default,278,78,2066,395,1593,383,87,5,7,1,10,11,131,43
20260808,A_default,279,76,2071,395,1600,383,86,2,10,2,9,11,131,43
20260808,A_default,280,74,2076,396,1606,384,87,1,11,1,9,10,131,43
20260808,A_default,281,73,2086,397,1616,385,88,2,10,0,9,10,131,43
20260808,A_default,282,74,2094,397,1623,385,87,1,11,1,9,10,131,43
20260808,A_default,283,72,2103,398,1633,386,87,1,11,1,9,11,131,43
20260808,A_default,284,77,2112,399,1636,387,88,2,10,0,9,12,131,43
20260808,A_default,285,73,2117,399,1645,387,88,1,11,0,9,11,121,40
20260808,A_default,286,74,2126,399,1653,388,88,0,11,1,8,11,121,40
20260808,A_default,287,74,2135,399,1662,388,88,0,11,1,9,12,121,40
20260808,A_default,288,70,2141,402,1669,388,86,3,11,0,9,10,121,40
20260808,A_default,289,73,2150,403,1674,388,85,4,11,0,9,10,121,40
20260808,A_default,290,77,2157,403,1677,390,86,1,12,1,9,10,126,43
20260808,A_default,291,73,2162,403,1686,392,88,0,11,1,9,10,126,43
20260808,A_default,292,72,2171,406,1693,392,86,3,11,0,9,10,126,43
20260808,A_default,293,73,2181,406,1702,395,89,3,8,0,9,11,126,43
20260808,A_default,294,68,2186,407,1711,397,90,1,9,0,9,13,126,43
20260808,A_default,295,70,2193,407,1716,397,89,1,9,1,9,12,131,43
20260808,A_default,296,65,2199,409,1725,397,85,2,10,3,9,11,131,43
20260808,A_default,297,65,2206,410,1731,397,84,3,10,3,9,12,131,43
20260808,A_default,298,67,2215,414,1734,397,81,5,12,2,9,12,131,43
20260808,A_default,299,65,2221,415,1741,397,79,5,13,3,9,12,131,43
20260808,A_default,300,63,2229,419,1747,399,77,5,15,3,10,10,131,43
20260808,A_default,301,65,2237,422,1750,400,74,7,15,4,12,9,131,43
20260808,A_default,302,65,2244,423,1756,401,75,4,18,3,14,9,131,43
20260808,A_default,303,58,2250,426,1766,401,75,4,21,0,16,6,131,43
20260808,A_default,304,58,2256,427,1771,401,74,4,22,0,17,5,131,43
20260808,A_default,305,57,2262,427,1778,401,74,1,25,0,16,5,131,43
20260808,A_default,306,57,2268,428,1783,402,74,1,25,0,15,6,131,43
20260808,A_default,307,61,2278,428,1789,403,74,1,24,1,14,7,131,43
20260808,A_default,308,62,2287,429,1796,403,73,1,25,1,11,9,131,43
20260808,A_default,309,59,2292,431,1802,404,73,3,24,0,9,8,131,43
20260808,A_default,310,69,2302,431,1802,406,75,2,23,0,9,9,131,43
20260808,A_default,311,68,2309,431,1810,408,77,0,23,0,9,9,131,43
20260808,A_default,312,71,2319,431,1817,410,78,0,21,1,9,10,131,43
20260808,A_default,313,73,2327,431,1823,411,79,0,20,1,9,9,131,43
20260808,A_default,314,76,2336,432,1828,412,80,1,19,0,9,9,131,43
20260808,A_default,315,75,2342,435,1832,415,80,4,16,0,9,9,131,43
20260808,A_default,316,77,2350,436,1837,416,80,4,16,0,9,10,131,43
20260808,A_default,317,75,2358,436,1847,420,84,1,15,0,9,11,131,43
20260808,A_default,318,70,2363,438,1855,423,85,2,13,0,9,9,131,43
20260808,A_default,319,71,2368,438,1859,424,86,2,12,0,9,9,131,43
20260808,A_default,320,71,2378,438,1869,424,86,0,14,0,9,10,131,43
20260808,A_default,321,70,2384,438,1876,425,87,0,13,0,9,10,131,43
20260808,A_default,322,71,2394,439,1884,426,87,1,12,0,9,9,131,43
20260808,A_default,323,71,2402,439,1892,427,88,1,11,0,9,9,131,43
20260808,A_default,324,69,2408,439,1900,427,88,0,12,0,9,9,131,43
20260808,A_default,325,72,2417,439,1906,429,90,0,10,0,9,11,131,43
20260808,A_default,326,68,2423,442,1913,429,87,3,10,0,9,9,131,43
20260808,A_default,327,66,2429,442,1921,430,88,3,9,0,9,8,131,43
20260808,A_default,328,69,2436,442,1925,431,88,0,11,1,9,11,131,43
20260808,A_default,329,69,2441,442,1930,432,88,0,10,2,9,10,131,43
20260808,A_default,330,63,2447,445,1939,433,86,3,9,2,9,9,131,43
20260808,A_default,331,62,2452,446,1944,433,84,4,9,3,11,8,131,43
20260808,A_default,332,62,2461,448,1951,433,82,3,12,3,14,8,131,43
20260808,A_default,333,60,2468,450,1958,436,84,4,10,2,15,7,131,43
20260808,A_default,334,57,2473,452,1964,436,82,4,12,2,14,6,131,43
20260808,A_default,335,54,2480,455,1971,436,80,5,14,1,16,6,121,40
20260808,A_default,336,57,2489,457,1975,436,79,5,16,0,13,7,121,40
20260808,A_default,337,60,2498,457,1981,438,80,2,17,1,11,7,121,40
20260808,A_default,338,58,2503,457,1988,438,80,0,19,1,10,9,121,40
20260808,A_default,339,58,2508,458,1992,438,79,1,19,1,9,10,121,40
20260808,A_default,340,64,2515,458,1993,439,80,1,18,1,9,10,131,43
20260808,A_default,341,66,2523,460,1997,439,79,2,19,0,9,10,131,43
20260808,A_default,342,62,2528,460,2006,440,79,2,18,1,9,8,131,43
20260808,A_default,343,62,2535,460,2013,440,79,0,20,1,9,10,131,43
20260808,A_default,344,63,2540,461,2016,441,80,1,19,0,9,8,131,43
20260808,A_default,345,65,2547,461,2021,443,82,1,17,0,9,8,131,43
20260808,A_default,346,64,2554,461,2029,448,87,0,13,0,9,7,131,43
20260808,A_default,347,59,2559,462,2038,450,88,1,11,0,9,8,131,43
20260808,A_default,348,61,2566,462,2043,453,91,1,8,0,9,8,131,43
20260808,A_default,349,61,2572,463,2048,453,90,1,9,0,9,9,131,43
20260808,A_default,350,61,2580,464,2055,454,89,2,8,1,9,9,131,43
20260808,A_default,351,61,2587,464,2062,455,90,1,8,1,9,8,131,43
20260808,A_default,352,65,2596,465,2066,455,89,1,9,1,9,8,131,43
20260808,A_default,353,66,2604,465,2073,455,88,1,9,2,9,9,131,43
20260808,A_default,354,69,2612,466,2077,457,90,1,8,1,9,10,131,43
20260808,A_default,355,69,2620,467,2084,458,91,2,7,0,9,10,131,43
20260808,A_default,356,69,2627,468,2090,458,90,2,8,0,9,11,131,43
20260808,A_default,357,73,2636,469,2094,459,90,2,8,0,9,13,131,43
20260808,A_default,358,74,2644,469,2101,461,91,1,7,1,9,13,131,43
20260808,A_default,359,76,2652,470,2106,461,89,1,8,2,9,13,131,43
20260808,A_default,360,79,2662,471,2112,461,86,2,8,4,12,12,126,43
20260808,A_default,361,82,2672,472,2118,461,84,2,9,5,16,11,126,43
20260808,A_default,362,78,2680,475,2127,461,83,4,10,3,14,10,126,43
20260808,A_default,363,74,2686,477,2135,461,83,5,11,1,14,8,126,43
20260808,A_default,364,70,2693,481,2142,461,79,6,14,1,13,7,126,43
20260808,A_default,365,67,2699,482,2150,462,78,5,15,2,13,6,131,43
20260808,A_default,366,70,2709,483,2156,462,78,2,19,1,13,7,131,43
20260808,A_default,367,66,2714,484,2164,463,78,2,19,1,11,8,131,43
20260808,A_default,368,68,2724,485,2171,463,77,2,20,1,9,9,131,43
20260808,A_default,369,69,2733,486,2178,464,78,2,20,0,9,10,131,43
20260808,A_default,370,77,2743,486,2180,465,79,1,20,0,9,12,131,43
20260808,A_default,371,76,2752,486,2190,467,80,0,19,1,9,11,131,43
20260808,A_default,372,72,2758,488,2198,469,80,2,17,1,9,11,131,43
20260808,A_default,373,72,2763,489,2202,469,79,3,17,1,9,9,131,43
20260808,A_default,374,75,2771,489,2207,470,80,1,18,1,9,8,131,43
20260808,A_default,375,74,2776,490,2212,472,82,1,17,0,9,8,131,43
20260808,A_default,376,73,2785,490,2222,474,82,1,15,2,9,9,131,43
20260808,A_default,377,75,2792,490,2227,474,82,0,16,2,9,10,131,43
20260808,A_default,378,73,2801,492,2236,474,82,2,16,0,9,9,131,43
20260808,A_default,379,72,2806,492,2242,474,81,2,16,1,9,8,131,43
20260808,A_default,380,70,2814,492,2252,474,81,0,18,1,9,10,115,42
20260808,A_default,381,68,2822,494,2260,474,80,2,18,0,9,9,115,42
20260808,A_default,382,73,2832,494,2265,475,80,2,17,1,9,12,115,42
20260808,A_default,383,76,2841,495,2270,481,84,1,13,2,9,13,115,42
20260808,A_default,384,74,2847,496,2277,483,86,2,11,1,9,14,115,42
20260808,A_default,385,73,2852,498,2281,484,83,3,11,3,9,13,131,43
20260808,A_default,386,70,2858,498,2290,485,84,2,11,3,9,12,131,43
20260808,A_default,387,70,2866,501,2295,487,85,3,11,1,9,13,131,43
20260808,A_default,388,70,2874,501,2303,488,85,3,10,2,9,13,131,43
20260808,A_default,389,72,2881,502,2307,490,85,1,11,3,9,12,131,43
20260808,A_default,390,71,2891,506,2314,490,79,5,11,5,10,11,121,40
20260808,A_default,391,69,2896,508,2319,490,79,6,12,3,11,10,121,40
20260808,A_default,392,68,2905,511,2326,491,79,5,15,1,13,10,121,40
20260808,A_default,393,65,2912,512,2335,491,78,4,17,1,15,8,121,40
20260808,A_default,394,67,2920,513,2340,492,79,2,19,0,14,7,121,40
20260808,A_default,395,69,2927,514,2344,492,77,2,20,1,15,7,131,43
20260808,A_default,396,70,2935,515,2350,492,76,2,21,1,15,8,131,43
20260808,A_default,397,70,2943,517,2356,493,75,3,21,1,13,9,131,43
20260808,A_default,398,69,2950,517,2364,493,75,2,22,1,10,12,131,43
20260808,A_default,399,70,2958,518,2370,496,77,1,21,1,9,13,131,43
20260808,A_default,400,69,2963,519,2375,499,79,2,18,1,9,13,131,43
20260808,A_default,401,72,2971,519,2380,499,80,1,19,0,9,14,131,43
20260808,A_default,402,73,2980,519,2388,501,82,0,18,0,9,13,131,43
20260808,A_default,403,70,2985,520,2395,503,83,1,16,0,9,13,131,43
20260808,A_default,404,68,2991,521,2402,506,85,2,13,0,9,11,131,43
20260808,A_default,405,68,2997,521,2408,508,85,1,12,2,9,11,131,43
20260808,A_default,406,67,3004,521,2416,508,85,0,13,2,9,11,131,43
20260808,A_default,407,66,3010,523,2421,508,85,2,13,0,9,11,131,43
20260808,A_default,408,67,3018,523,2428,510,87,2,11,0,9,11,131,43
20260808,A_default,409,67,3026,523,2436,512,88,0,11,1,9,10,131,43
20260808,A_default,410,72,3036,523,2441,513,88,0,10,2,9,11,131,43
20260808,A_default,411,73,3046,525,2448,516,90,2,7,1,9,11,131,43
20260808,A_default,412,69,3052,527,2456,517,90,4,6,0,9,9,131,43
20260808,A_default,413,72,3062,529,2461,518,88,4,7,1,9,10,131,43
20260808,A_default,414,75,3070,529,2466,518,88,2,9,1,9,10,131,43
20260808,A_default,415,72,3075,531,2472,518,86,2,11,1,9,9,131,43
20260808,A_default,416,74,3083,532,2477,519,86,3,10,1,9,9,131,43
20260808,A_default,417,73,3090,534,2483,519,85,3,12,0,9,9,131,43
20260808,A_default,418,73,3097,534,2490,519,85,2,13,0,9,9,131,43
20260808,A_default,419,70,3102,534,2498,520,85,0,14,1,9,9,131,43
20260808,A_default,420,71,3112,534,2507,520,83,0,14,3,11,8,131,43
20260808,A_default,421,67,3117,535,2515,520,83,1,14,2,12,8,131,43
20260808,A_default,422,66,3123,537,2520,521,82,3,13,2,14,7,131,43
20260808,A_default,423,65,3131,537,2529,523,84,2,12,2,17,6,131,43
20260808,A_default,424,61,3140,542,2537,525,81,5,12,2,16,5,131,43
20260808,A_default,425,60,3145,544,2541,525,77,7,12,4,17,5,131,43
20260808,A_default,426,57,3151,546,2548,526,76,4,16,4,14,5,131,43
20260808,A_default,427,60,3161,549,2552,526,75,5,18,2,10,6,131,43
20260808,A_default,428,59,3169,552,2558,527,74,6,19,1,9,7,131,43
20260808,A_default,429,63,3178,552,2563,527,73,3,22,2,9,9,131,43
20260808,A_default,430,67,3187,554,2566,527,72,2,25,1,9,12,131,43
20260808,A_default,431,69,3193,555,2569,530,75,3,22,0,9,11,131,43
20260808,A_default,432,73,3202,555,2574,531,76,1,23,0,9,12,131,43
20260808,A_default,433,73,3210,555,2582,532,76,0,23,1,9,11,131,43
20260808,A_default,434,71,3215,555,2589,534,78,0,21,1,9,11,131,43
20260808,A_default,435,76,3224,557,2591,535,77,2,20,1,9,13,131,43
20260808,A_default,436,79,3234,558,2597,537,76,3,18,3,9,14,131,43
20260808,A_default,437,73,3239,561,2605,539,76,4,18,2,9,11,131,43
20260808,A_default,438,72,3245,563,2610,541,78,5,17,0,9,11,131,43
20260808,A_default,439,70,3251,563,2618,541,77,2,20,1,9,10,131,43
20260808,A_default,440,71,3261,563,2627,543,78,0,20,2,9,9,131,43
20260808,A_default,441,72,3269,565,2632,543,77,2,20,1,9,9,131,43
20260808,A_default,442,72,3279,567,2640,545,78,4,18,0,9,9,131,43
20260808,A_default,443,72,3287,567,2648,546,78,2,19,1,9,9,131,43
20260808,A_default,444,73,3295,569,2653,548,78,2,19,1,9,10,131,43
20260808,A_default,445,69,3300,570,2661,549,79,3,18,0,9,10,121,40
20260808,A_default,446,70,3308,570,2668,551,81,1,18,0,9,11,121,40
20260808,A_default,447,75,3318,571,2672,552,81,1,18,0,9,11,121,40
20260808,A_default,448,79,3328,571,2678,553,82,1,17,0,9,12,121,40
20260808,A_default,449,79,3333,571,2683,556,85,0,15,0,9,11,121,40
20260808,A_default,450,80,3343,571,2692,556,82,0,15,3,11,10,131,43
20260808,A_default,451,77,3348,572,2699,559,84,1,12,3,13,10,131,43
20260808,A_default,452,73,3355,575,2707,560,85,4,11,0,13,9,131,43
20260808,A_default,453,74,3364,576,2714,561,85,4,11,0,15,8,131,43
20260808,A_default,454,73,3372,577,2722,562,85,2,13,0,15,7,131,43
20260808,A_default,455,74,3378,577,2727,563,86,1,13,0,16,7,131,43
20260808,A_default,456,73,3385,577,2735,566,89,0,11,0,15,8,131,43
20260808,A_default,457,68,3391,578,2745,566,87,1,11,1,13,9,131,43
20260808,A_default,458,65,3398,578,2755,566,87,1,11,1,10,10,131,43
20260808,A_default,459,69,3408,579,2760,566,87,1,12,0,9,11,131,43
20260808,A_default,460,68,3413,579,2766,567,87,1,11,1,9,8,131,43
20260808,A_default,461,66,3418,581,2771,567,84,2,12,2,9,8,131,43
20260808,A_default,462,68,3428,584,2776,568,83,5,11,1,9,8,131,43
20260808,A_default,463,68,3437,586,2783,569,83,5,12,0,9,8,131,43
20260808,A_default,464,68,3447,588,2791,571,83,4,13,0,9,9,131,43
20260808,A_default,465,71,3456,588,2797,571,83,2,15,0,8,9,131,43
20260808,A_default,466,74,3465,588,2803,572,84,0,16,0,8,9,131,43
20260808,A_default,467,71,3470,591,2808,573,82,3,15,0,9,10,131,43
20260808,A_default,468,73,3480,592,2815,574,82,4,14,0,9,10,131,43
20260808,A_default,469,70,3487,592,2825,575,82,1,16,1,9,10,131,43
20260808,A_default,470,71,3495,594,2830,575,80,2,17,1,9,11,131,43
20260808,A_default,471,74,3502,596,2832,575,78,4,17,1,9,10,131,43
20260808,A_default,472,74,3510,596,2840,575,77,2,19,2,9,12,131,43
20260808,A_default,473,69,3515,598,2848,575,75,2,21,2,9,12,131,43
20260808,A_default,474,74,3525,600,2851,580,76,4,16,4,9,11,131,43
20260808,A_default,475,70,3531,603,2858,580,74,5,18,3,8,12,131,43
20260808,A_default,476,69,3541,608,2864,580,71,8,20,1,8,11,131,43
20260808,A_default,477,69,3548,610,2869,583,71,7,20,2,9,10,131,43
20260808,A_default,478,66,3555,611,2878,583,69,3,25,3,9,11,131,43
20260808,A_default,479,64,3562,614,2884,584,68,4,26,2,9,10,131,43
20260808,A_default,480,67,3571,616,2888,586,66,5,25,4,12,8,131,43
20260808,A_default,481,68,3579,617,2894,588,67,3,26,4,13,8,131,43
20260808,A_default,482,60,3584,623,2901,588,65,7,28,0,13,6,131,43
20260808,A_default,483,62,3591,624,2905,588,64,7,29,0,14,5,131,43
20260808,A_default,484,63,3601,624,2914,590,66,1,33,0,17,6,131,43
20260808,A_default,485,69,3611,624,2918,592,68,0,32,0,16,6,131,43
20260808,A_default,486,69,3620,624,2927,593,68,0,31,1,14,8,131,43
20260808,A_default,487,72,3630,625,2933,594,68,1,30,1,12,9,131,43
20260808,A_default,488,73,3638,626,2939,599,71,2,25,2,10,11,131,43
20260808,A_default,489,74,3643,626,2943,601,73,1,24,2,9,11,131,43
20260808,A_default,490,77,3651,628,2946,603,75,2,23,0,9,10,126,43
20260808,A_default,491,78,3658,628,2952,605,77,2,21,0,9,12,126,43
20260808,A_default,492,81,3668,630,2957,607,77,2,21,0,9,12,126,43
20260808,A_default,493,78,3675,633,2964,609,75,5,19,1,9,14,126,43
20260808,A_default,494,74,3680,633,2973,610,76,3,20,1,9,13,126,43
20260808,A_default,495,67,3685,635,2983,611,75,2,22,1,9,10,131,43
20260808,A_default,496,67,3693,635,2991,613,77,2,20,1,8,12,131,43
20260808,A_default,497,63,3698,636,2999,615,79,1,20,0,8,12,131,43
20260808,A_default,498,63,3708,639,3006,618,79,4,17,0,9,11,131,43
20260808,A_default,499,65,3715,639,3011,621,82,3,15,0,9,11,131,43
20260808,A_default,500,66,3725,640,3019,625,83,1,14,2,9,10,131,43
20260808,A_default,501,67,3734,641,3026,625,82,2,14,2,9,11,131,43
20260808,A_default,502,64,3741,644,3033,627,83,4,13,0,9,12,131,43
20260808,A_default,503,70,3751,644,3037,627,82,3,14,1,9,11,131,43
20260808,A_default,504,69,3756,645,3042,628,82,1,16,1,9,11,131,43
20260808,A_default,505,70,3762,646,3046,629,83,2,15,0,9,11,131,43
20260808,A_default,506,69,3768,646,3053,629,83,1,16,0,9,11,131,43
20260808,A_default,507,71,3776,647,3058,629,82,1,17,0,9,10,131,43
20260808,A_default,508,67,3782,649,3066,631,81,3,15,1,9,10,131,43
20260808,A_default,509,66,3788,649,3073,632,82,2,15,1,9,10,131,43
20260808,A_default,510,64,3796,652,3080,632,79,3,17,1,10,7,131,43
20260808,A_default,511,64,3803,652,3087,633,77,3,16,4,11,6,131,43
20260808,A_default,512,64,3810,653,3093,637,80,1,15,4,13,6,131,43
20260808,A_default,513,56,3815,657,3102,638,79,5,14,2,13,5,131,43
20260808,A_default,514,58,3825,660,3107,638,77,7,15,1,13,5,131,43
20260808,A_default,515,59,3832,661,3112,640,79,4,17,0,13,6,131,43
20260808,A_default,516,60,3839,662,3117,641,79,2,19,0,12,6,131,43
20260808,A_default,517,58,3844,662,3124,642,80,1,19,0,10,7,131,43
20260808,A_default,518,62,3854,664,3128,644,79,2,18,1,10,8,131,43
20260808,A_default,519,63,3862,665,3134,644,77,3,18,2,9,10,131,43
20260808,A_default,520,65,3867,667,3135,645,75,3,19,3,9,11,101,38
20260808,A_default,521,69,3877,668,3140,646,76,3,19,2,9,12,101,38
20260808,A_default,522,71,3886,670,3145,647,77,3,20,0,9,13,101,38
20260808,A_default,523,71,3891,670,3150,647,77,2,21,0,9,11,101,38
20260808,A_default,524,72,3900,670,3158,649,79,0,21,0,9,11,101,38
20260808,A_default,525,71,3905,670,3164,651,81,0,19,0,8,12,126,43
20260808,A_default,526,74,3915,671,3170,652,81,1,18,0,8,13,126,43
20260808,A_default,527,76,3925,674,3175,654,80,4,16,0,8,14,126,43
20260808,A_default,528,73,3934,676,3185,658,81,5,13,1,8,11,126,43
20260808,A_default,529,70,3939,677,3192,659,81,3,15,1,8,11,126,43
20260808,A_default,530,70,3945,679,3196,660,81,3,16,0,9,10,131,43
20260808,A_default,531,69,3954,679,3206,663,83,2,14,1,9,10,131,43
20260808,A_default,532,70,3964,679,3215,665,85,0,14,1,9,10,131,43
20260808,A_default,533,71,3970,680,3219,666,84,1,13,2,9,9,131,43
20260808,A_default,534,68,3976,681,3227,668,83,2,11,4,9,9,131,43
20260808,A_default,535,69,3984,685,3230,668,81,5,12,2,9,10,131,43
20260808,A_default,536,69,3993,687,3237,669,82,6,12,0,9,8,131,43
20260808,A_default,537,68,3999,687,3244,669,82,2,16,0,9,8,131,43
20260808,A_default,538,67,4006,687,3252,669,82,0,18,0,9,9,131,43
20260808,A_default,539,70,4014,688,3256,669,81,1,18,0,9,9,131,43
20260808,A_default,540,70,4020,690,3260,670,79,3,17,1,9,9,131,43
20260808,A_default,541,68,4028,691,3269,670,77,3,18,2,12,8,131,43
20260808,A_default,542,64,4034,692,3278,672,79,2,18,1,12,7,131,43
20260808,A_default,543,61,4039,694,3284,672,78,3,19,0,13,6,131,43
20260808,A_default,544,61,4044,694,3289,673,79,2,19,0,13,5,131,43
20260808,A_default,545,63,4053,694,3296,675,80,0,19,1,14,6,131,43
20260808,A_default,546,60,4058,695,3303,676,79,1,18,2,13,6,131,43
20260808,A_default,547,58,4063,696,3309,680,83,2,14,1,11,7,131,43
20260808,A_default,548,60,4072,698,3314,680,82,3,15,0,12,8,131,43
20260808,A_default,549,57,4078,699,3322,682,83,3,14,0,9,8,131,43
20260808,A_default,550,60,4083,699,3324,683,84,1,15,0,9,8,126,43
20260808,A_default,551,58,4088,699,3331,683,84,0,16,0,8,8,126,43
20260808,A_default,552,59,4095,699,3337,685,86,0,14,0,8,9,126,43
20260808,A_default,553,65,4105,699,3341,686,87,0,13,0,9,10,126,43
20260808,A_default,554,65,4110,699,3346,689,90,0,10,0,9,9,126,43
20260808,A_default,555,65,4120,700,3355,690,90,1,9,0,9,12,131,43
20260808,A_default,556,64,4125,701,3360,692,91,2,7,0,9,12,131,43
20260808,A_default,557,68,4134,701,3365,694,93,1,6,0,9,12,131,43
20260808,A_default,558,65,4141,702,3374,694,90,1,7,2,9,13,131,43
20260808,A_default,559,65,4146,702,3379,694,90,1,7,2,9,12,131,43
20260808,A_default,560,69,4156,705,3382,694,88,3,8,1,9,13,131,43
20260808,A_default,561,70,4162,705,3387,694,86,3,8,3,9,13,131,43
20260808,A_default,562,72,4171,706,3393,695,87,1,10,2,9,11,131,43
20260808,A_default,563,68,4177,708,3401,695,86,3,10,1,9,10,131,43
20260808,A_default,564,71,4186,709,3406,695,85,3,11,1,9,10,131,43
20260808,A_default,565,68,4193,711,3414,696,83,3,12,2,8,10,131,43
20260808,A_default,566,72,4201,711,3418,698,84,2,11,3,8,11,131,43
20260808,A_default,567,71,4209,713,3425,699,85,2,12,1,9,9,131,43
20260808,A_default,568,70,4216,716,3430,699,82,5,12,1,9,8,131,43
20260808,A_default,569,68,4221,718,3435,699,79,5,14,2,9,8,131,43
20260808,A_default,570,64,4229,723,3442,701,73,7,15,5,9,7,121,43
20260808,A_default,571,64,4234,724,3446,703,71,6,15,8,12,7,121,43
20260808,A_default,572,64,4244,730,3450,703,69,7,20,4,14,5,121,43
20260808,A_default,573,63,4254,735,3456,703,67,11,21,1,15,5,121,43
20260808,A_default,574,66,4264,735,3463,703,66,5,27,2,17,5,121,43
20260808,A_default,575,67,4272,736,3469,704,66,1,31,2,16,5,131,43
20260808,A_default,576,64,4278,737,3477,704,66,2,31,1,13,6,131,43
20260808,A_default,577,65,4288,738,3485,706,68,2,30,0,10,8,131,43
20260808,A_default,578,65,4293,738,3490,708,70,1,29,0,9,8,131,43
20260808,A_default,579,65,4298,738,3495,709,70,0,29,1,9,10,131,43
20260808,A_default,580,71,4305,738,3496,712,73,0,26,1,9,11,131,43
20260808,A_default,581,73,4311,740,3498,713,72,2,25,1,9,11,131,43
20260808,A_default,582,72,4318,740,3506,715,73,2,23,2,9,12,131,43
20260808,A_default,583,73,4328,741,3514,715,73,1,25,1,9,11,131,43
20260808,A_default,584,73,4338,742,3523,716,74,2,24,0,9,10,131,43
20260808,A_default,585,70,4344,743,3531,722,78,2,19,1,9,10,131,43
20260808,A_default,586,71,4352,744,3537,724,79,2,18,1,9,9,131,43
20260808,A_default,587,68,4360,746,3546,727,80,3,16,1,9,10,131,43
20260808,A_default,588,73,4369,746,3550,728,81,2,16,1,9,10,131,43
20260808,A_default,589,74,4376,747,3555,731,83,1,15,1,9,11,131,43
20260808,A_default,590,77,4385,747,3561,732,84,1,14,1,9,12,131,43
20260808,A_default,591,77,4390,748,3565,734,86,1,13,0,9,12,131,43
20260808,A_default,592,77,4399,750,3572,737,87,3,10,0,9,11,131,43
20260808,A_default,593,75,4408,751,3582,738,86,3,10,1,9,11,131,43
20260808,A_default,594,69,4413,752,3592,738,84,2,12,2,9,8,131,43
20260808,A_default,595,71,4421,754,3596,738,81,3,13,3,9,9,131,43
20260808,A_default,596,72,4429,755,3602,738,80,3,14,3,9,10,131,43
20260808,A_default,597,71,4436,758,3607,739,80,4,15,1,9,11,131,43
20260808,A_default,598,70,4443,759,3614,741,82,4,14,0,9,11,131,43
20260808,A_default,599,70,4450,759,3621,741,81,1,17,1,9,9,131,43
20260808,A_default,600,69,4460,761,3630,742,78,2,17,3,10,8,121,40
20260808,r6,1,7,10,3,0,0,96,3,0,1,1,2,131,43
20260808,r6,2,16,20,4,0,0,92,4,0,4,3,4,131,43
20260808,r6,3,21,28,7,0,0,88,4,3,5,7,4,131,43
20260808,r6,4,24,35,11,0,0,86,7,4,3,6,4,131,43
20260808,r6,5,31,45,14,0,0,85,7,7,1,7,6,131,43
20260808,r6,6,37,53,16,0,0,82,5,11,2,7,7,131,43
20260808,r6,7,45,62,17,0,0,81,3,14,2,8,8,131,43
20260808,r6,8,51,70,19,0,0,80,3,16,1,9,8,131,43
20260808,r6,9,58,80,22,0,0,77,5,17,1,9,8,131,43
20260808,r6,10,64,89,25,0,0,75,6,19,0,9,8,131,43
20260808,r6,11,71,98,27,0,0,72,5,22,1,9,10,131,43
20260808,r6,12,72,107,29,6,0,69,4,25,2,9,11,131,43
20260808,r6,13,75,117,31,11,0,68,4,27,1,9,12,131,43
20260808,r6,14,75,124,33,16,0,67,4,29,0,9,12,131,43
20260808,r6,15,76,134,33,25,1,68,2,30,0,9,13,131,43
20260808,r6,16,78,142,33,31,1,68,0,32,0,9,14,131,43
20260808,r6,17,76,148,34,38,1,67,1,32,0,9,14,131,43
20260808,r6,18,73,153,34,46,4,70,1,29,0,9,11,131,43
20260808,r6,19,73,160,34,53,4,70,0,30,0,9,12,131,43
20260808,r6,20,73,170,37,60,5,68,3,29,0,9,12,121,40
20260808,r6,21,70,175,38,67,6,68,4,28,0,9,10,121,40
20260808,r6,22,66,180,40,74,10,69,3,27,1,9,10,121,40
20260808,r6,23,64,190,42,84,11,68,4,27,1,9,9,121,40
20260808,r6,24,63,195,43,89,16,73,3,24,0,9,10,121,40
20260808,r6,25,58,201,44,99,20,76,2,22,0,9,9,126,43
20260808,r6,26,60,211,44,107,22,78,1,21,0,8,10,126,43
20260808,r6,27,63,219,45,111,24,77,1,20,2,8,9,126,43
20260808,r6,28,63,224,45,116,26,79,1,18,2,9,9,126,43
20260808,r6,29,65,234,48,121,27,79,3,18,0,8,10,126,43
20260808,r6,30,59,241,54,128,29,74,9,16,1,8,10,131,43
20260808,r6,31,57,246,57,132,31,73,9,17,1,8,10,131,43
20260808,r6,32,58,254,62,134,33,69,8,21,2,9,9,131,43
20260808,r6,33,55,260,63,142,36,68,6,21,5,12,8,131,43
20260808,r6,34,55,268,67,146,37,67,5,25,3,14,7,131,43
20260808,r6,35,56,277,72,149,39,67,9,24,0,14,7,131,43
20260808,r6,36,50,282,74,158,40,66,7,27,0,13,7,131,43
20260808,r6,37,49,289,74,166,40,66,2,32,0,12,8,131,43
20260808,r6,38,50,296,75,171,41,66,1,33,0,12,8,131,43
20260808,r6,39,51,305,75,179,42,67,1,32,0,8,8,131,43
20260808,r6,40,54,310,77,179,44,67,2,31,0,9,9,131,43
20260808,r6,41,59,316,77,180,44,67,2,31,0,9,9,131,43
20260808,r6,42,61,322,77,184,45,66,0,32,2,8,9,131,43
20260808,r6,43,61,328,78,189,47,67,1,30,2,9,10,131,43
20260808,r6,44,63,338,80,195,48,67,3,29,1,9,9,131,43
20260808,r6,45,63,346,82,201,50,67,4,28,1,9,10,131,43
20260808,r6,46,68,355,83,204,51,67,3,29,1,9,9,131,43
20260808,r6,47,69,364,84,211,54,69,2,28,1,9,10,131,43
20260808,r6,48,71,373,85,217,54,68,2,29,1,9,11,131,43
20260808,r6,49,69,380,85,226,54,67,1,30,2,9,12,131,43
20260808,r6,50,74,388,86,228,56,68,1,29,2,9,11,126,43
20260808,r6,51,73,394,88,233,58,69,3,27,1,9,11,126,43
20260808,r6,52,73,399,89,237,64,75,3,22,0,9,11,126,43
20260808,r6,53,76,408,90,242,69,78,2,19,1,9,12,126,43
20260808,r6,54,71,415,92,252,70,77,3,19,1,9,12,126,43
20260808,r6,55,71,424,95,258,73,77,5,17,1,9,12,131,43
20260808,r6,56,72,434,95,267,74,76,3,18,3,9,10,131,43
20260808,r6,57,71,441,96,274,75,77,1,20,2,9,9,131,43
20260808,r6,58,69,449,99,281,76,77,4,19,0,8,11,131,43
20260808,r6,59,67,457,102,288,78,76,6,18,0,9,10,131,43
20260808,r6,60,62,463,105,296,78,73,6,21,0,9,10,131,43
20260808,r6,61,59,468,108,301,79,69,6,23,2,9,10,131,43
20260808,r6,62,59,473,108,306,81,69,3,24,4,10,8,131,43
20260808,r6,63,58,483,112,313,83,66,4,25,5,12,8,131,43
20260808,r6,64,60,493,115,318,85,67,7,23,3,14,6,131,43
20260808,r6,65,56,501,120,325,86,64,8,26,2,15,5,131,43
20260808,r6,66,52,507,121,334,87,62,6,28,4,15,4,131,43
20260808,r6,67,52,515,123,340,89,64,3,31,2,13,6,131,43
20260808,r6,68,48,522,127,347,91,64,6,30,0,9,6,131,43
20260808,r6,69,50,530,128,352,91,63,5,32,0,9,8,131,43
20260808,r6,70,56,537,128,353,92,64,1,35,0,9,8,131,43
20260808,r6,71,62,544,129,353,92,62,1,36,1,9,9,131,43
20260808,r6,72,68,550,129,353,93,62,1,35,2,9,11,131,43
20260808,r6,73,64,556,132,360,93,59,3,36,2,9,9,131,43
20260808,r6,74,61,563,134,368,94,58,5,35,2,9,9,131,43
20260808,r6,75,62,573,138,373,97,57,6,35,2,9,8,131,43
20260808,r6,76,67,583,139,377,99,57,5,35,3,9,11,131,43
20260808,r6,77,64,588,142,382,103,57,4,35,4,9,11,131,43
20260808,r6,78,66,596,144,386,107,61,5,32,2,9,10,131,43
20260808,r6,79,62,601,148,391,113,64,6,29,1,9,10,131,43
20260808,r6,80,61,608,149,398,113,62,5,31,2,9,9,131,43
20260808,r6,81,63,617,151,403,117,64,3,31,2,9,8,131,43
20260808,r6,82,64,623,152,407,121,68,3,28,1,9,9,131,43
20260808,r6,83,70,633,153,410,122,68,2,29,1,9,10,131,43
20260808,r6,84,73,643,154,416,122,64,2,30,4,9,10,131,43
20260808,r6,85,71,651,157,423,124,62,4,29,5,9,10,131,43
20260808,r6,86,70,661,161,430,125,62,7,29,2,9,10,131,43
20260808,r6,87,74,669,163,432,127,64,6,30,0,9,10,131,43
20260808,r6,88,72,676,165,439,129,64,4,32,0,9,11,131,43
20260808,r6,89,76,684,166,442,131,65,3,32,0,9,11,131,43
20260808,r6,90,73,689,168,448,134,65,3,31,1,9,11,131,43
20260808,r6,91,73,699,170,456,136,63,4,30,3,11,8,131,43
20260808,r6,92,75,708,173,460,137,62,5,31,2,13,8,131,43
20260808,r6,93,69,714,175,470,142,67,5,28,0,13,7,131,43
20260808,r6,94,67,721,175,479,144,69,2,29,0,15,7,131,43
20260808,r6,95,67,730,176,487,147,71,1,28,0,16,7,131,43
20260808,r6,96,63,737,178,496,147,69,3,28,0,15,7,131,43
20260808,r6,97,64,746,178,504,149,69,2,27,2,12,8,131,43
20260808,r6,98,66,755,179,510,151,68,1,27,4,11,9,131,43
20260808,r6,99,63,760,182,515,152,68,4,26,2,9,10,131,43
20260808,r6,100,68,767,183,516,155,72,4,24,0,9,10,121,40
20260808,r6,101,67,772,183,522,156,73,1,26,0,9,9,121,40
20260808,r6,102,65,778,184,529,160,76,1,23,0,9,9,121,40
20260808,r6,103,68,786,184,534,162,78,1,21,0,9,9,121,40
20260808,r6,104,67,792,184,541,162,78,0,22,0,9,10,121,40
20260808,r6,105,66,799,184,549,163,79,0,21,0,8,11,131,43
20260808,r6,106,67,806,184,555,168,84,0,16,0,9,9,131,43
20260808,r6,107,65,815,186,564,168,82,2,16,0,9,8,131,43
20260808,r6,108,64,822,186,572,169,83,2,15,0,9,10,131,43
20260808,r6,109,69,832,187,576,170,83,1,16,0,9,11,131,43
20260808,r6,110,69,842,190,583,171,80,4,15,1,9,10,131,43
20260808,r6,111,73,852,191,588,174,82,4,13,1,9,11,131,43
20260808,r6,112,70,857,194,593,175,80,4,15,1,9,11,131,43
20260808,r6,113,69,867,198,600,177,77,7,14,2,9,12,131,43
20260808,r6,114,72,876,200,604,177,76,6,17,1,9,13,131,43
20260808,r6,115,68,882,204,610,178,73,6,20,1,9,13,131,43
20260808,r6,116,66,887,204,617,179,73,4,21,2,9,13,131,43
20260808,r6,117,64,893,206,623,180,73,2,24,1,9,13,131,43
20260808,r6,118,61,900,210,629,182,72,6,22,0,9,12,131,43
20260808,r6,119,61,908,211,636,182,70,5,24,1,9,11,131,43
20260808,r6,120,62,917,212,643,184,71,2,26,1,11,11,131,43
20260808,r6,121,61,926,213,652,186,71,2,25,2,13,9,131,43
20260808,r6,122,63,932,214,655,186,70,2,26,2,14,9,131,43
20260808,r6,123,61,940,217,662,187,69,4,26,1,16,8,131,43
20260808,r6,124,63,949,217,669,188,69,3,26,2,15,8,131,43
20260808,r6,125,67,957,218,672,188,69,1,29,1,13,9,121,40
20260808,r6,126,67,963,219,677,188,67,2,29,2,12,8,121,40
20260808,r6,127,69,970,219,682,190,69,1,28,2,11,10,121,40
20260808,r6,128,71,980,224,685,193,69,5,26,0,9,10,121,40
20260808,r6,129,75,990,224,691,193,69,5,26,0,9,11,121,40
20260808,r6,130,79,1000,225,696,195,69,1,29,1,9,12,131,43
20260808,r6,131,79,1009,225,705,196,70,1,28,1,9,10,131,43
20260808,r6,132,80,1016,227,709,200,73,2,25,0,9,12,131,43
20260808,r6,133,81,1026,228,717,202,73,3,23,1,9,12,131,43
20260808,r6,134,78,1034,230,726,205,73,3,22,2,9,14,131,43
20260808,r6,135,75,1040,232,733,207,73,4,21,2,9,13,131,43
20260808,r6,136,76,1048,234,738,209,73,4,21,2,9,12,131,43
20260808,r6,137,78,1057,235,744,213,76,3,19,2,9,12,131,43
20260808,r6,138,76,1064,236,752,214,77,2,20,1,8,12,131,43
20260808,r6,139,71,1069,238,760,215,77,3,20,0,8,14,131,43
20260808,r6,140,70,1079,240,769,215,75,4,21,0,9,14,131,43
20260808,r6,141,68,1087,241,778,216,73,3,22,2,9,13,131,43
20260808,r6,142,71,1095,241,783,218,74,1,22,3,9,12,131,43
20260808,r6,143,72,1105,244,789,220,74,3,21,2,9,14,131,43
20260808,r6,144,72,1112,245,795,221,74,4,20,2,9,16,131,43
20260808,r6,145,74,1118,246,798,221,73,2,23,2,9,16,131,43
20260808,r6,146,73,1126,248,805,223,73,3,22,2,9,15,131,43
20260808,r6,147,70,1132,250,812,224,73,4,22,1,9,13,131,43
20260808,r6,148,69,1139,252,818,225,73,4,23,0,9,15,131,43
20260808,r6,149,73,1148,253,822,226,72,3,24,1,9,14,131,43
20260808,r6,150,67,1155,258,830,227,68,6,25,1,9,12,131,43
20260808,r6,151,65,1160,259,836,229,69,6,24,1,10,10,131,43
20260808,r6,152,64,1169,261,844,230,67,3,28,2,13,9,131,43
20260808,r6,153,57,1174,263,854,231,67,4,28,1,14,7,131,43
20260808,r6,154,55,1183,267,861,231,64,6,30,0,14,6,131,43
20260808,r6,155,53,1189,269,867,234,65,6,29,0,15,6,126,43
20260808,r6,156,52,1195,269,874,239,69,2,28,1,13,7,126,43
20260808,r6,157,52,1203,271,880,243,70,2,26,2,13,8,126,43
20260808,r6,158,53,1210,272,885,243,70,3,26,1,10,10,126,43
20260808,r6,159,54,1220,274,892,245,70,3,26,1,9,10,126,43
20260808,r6,160,63,1230,275,892,246,70,3,26,1,9,11,131,43
20260808,r6,161,65,1238,278,895,246,68,4,28,0,9,10,131,43
20260808,r6,162,63,1244,280,901,248,68,5,27,0,9,9,131,43
20260808,r6,163,69,1254,280,905,250,70,2,28,0,9,10,131,43
20260808,r6,164,65,1259,282,912,252,70,2,28,0,9,9,131,43
20260808,r6,165,70,1269,283,916,253,70,3,27,0,9,10,131,43
20260808,r6,166,73,1278,283,922,256,73,1,26,0,9,11,131,43
20260808,r6,167,70,1283,284,929,258,74,1,25,0,9,10,131,43
20260808,r6,168,67,1289,286,936,264,77,3,19,1,9,11,131,43
20260808,r6,169,64,1296,287,945,266,78,3,18,1,9,10,131,43
20260808,r6,170,59,1303,291,953,268,76,5,18,1,9,10,131,43
20260808,r6,171,61,1311,292,958,270,77,5,17,1,9,10,131,43
20260808,r6,172,60,1316,294,962,270,76,3,21,0,9,9,131,43
20260808,r6,173,56,1322,295,971,270,73,3,22,2,9,8,131,43
20260808,r6,174,58,1328,296,974,274,73,2,20,5,9,8,131,43
20260808,r6,175,57,1335,298,980,274,73,3,21,3,9,8,131,43
20260808,r6,176,52,1340,302,986,276,73,6,20,1,9,9,131,43
20260808,r6,177,57,1350,303,990,278,74,5,20,1,9,8,131,43
20260808,r6,178,58,1358,307,993,280,72,5,22,1,9,10,131,43
20260808,r6,179,57,1364,308,999,282,69,5,21,5,9,9,131,43
20260808,r6,180,59,1370,309,1002,283,69,2,24,5,11,8,121,40
20260808,r6,181,57,1375,313,1005,283,69,5,25,1,11,7,121,40
20260808,r6,182,57,1380,316,1007,285,69,7,24,0,13,7,121,40
20260808,r6,183,59,1388,318,1011,287,69,5,26,0,12,6,121,40
20260808,r6,184,61,1396,318,1017,287,68,2,29,1,15,6,121,40
20260808,r6,185,64,1406,319,1023,288,67,1,30,2,15,6,131,43
20260808,r6,186,67,1416,322,1027,292,69,4,26,1,15,6,131,43
20260808,r6,187,66,1425,323,1036,294,71,4,25,0,12,8,131,43
20260808,r6,188,69,1435,325,1041,295,70,3,27,0,11,9,131,43
20260808,r6,189,70,1441,325,1046,295,70,2,28,0,9,9,131,43
20260808,r6,190,70,1446,325,1051,297,72,0,28,0,9,9,131,43
20260808,r6,191,71,1452,325,1056,300,75,0,25,0,9,10,131,43
20260808,r6,192,71,1457,326,1060,302,76,1,23,0,9,12,131,43
20260808,r6,193,68,1463,329,1066,304,75,4,21,0,9,11,131,43
20260808,r6,194,67,1470,329,1074,304,75,3,22,0,8,11,131,43
20260808,r6,195,62,1475,331,1082,308,77,2,21,0,6,12,131,43
20260808,r6,196,60,1483,332,1091,309,75,3,20,2,7,10,131,43
20260808,r6,197,59,1492,333,1100,310,74,2,21,3,7,9,131,43
20260808,r6,198,58,1502,338,1106,315,76,6,17,1,9,8,131,43
20260808,r6,199,55,1507,342,1110,317,75,9,16,0,9,9,131,43
20260808,r6,200,61,1517,342,1114,319,77,4,19,0,9,11,131,43
20260808,r6,201,60,1524,344,1120,319,75,2,23,0,9,10,131,43
20260808,r6,202,60,1531,346,1125,322,76,4,20,0,9,11,131,43
20260808,r6,203,62,1538,348,1128,323,74,4,21,1,9,10,131,43
20260808,r6,204,64,1547,348,1135,323,74,2,23,1,9,9,131,43
20260808,r6,205,69,1556,349,1138,323,74,1,25,0,9,12,131,43
20260808,r6,206,68,1564,352,1144,324,72,4,24,0,9,13,131,43
20260808,r6,207,67,1571,352,1152,325,73,3,24,0,8,14,131,43
20260808,r6,208,69,1580,352,1159,327,75,0,25,0,9,14,131,43
20260808,r6,209,68,1586,355,1163,327,71,3,25,1,9,14,131,43
20260808,r6,210,60,1593,361,1172,329,67,9,23,1,9,13,131,43
20260808,r6,211,60,1600,364,1176,329,63,9,26,2,10,11,131,43
20260808,r6,212,63,1609,365,1181,334,66,4,27,3,14,10,131,43
20260808,r6,213,65,1618,367,1186,335,65,3,29,3,15,9,131,43
20260808,r6,214,62,1624,368,1194,337,67,3,28,2,14,8,131,43
20260808,r6,215,58,1632,372,1202,341,68,5,26,1,14,5,131,43
20260808,r6,216,55,1637,374,1208,344,69,6,24,1,13,6,131,43
20260808,r6,217,56,1646,376,1214,346,70,4,26,0,11,8,131,43
20260808,r6,218,52,1651,376,1223,346,70,2,28,0,9,9,131,43
20260808,r6,219,55,1658,377,1226,346,68,1,30,1,9,10,131,43
20260808,r6,220,62,1666,378,1226,346,67,2,30,1,9,11,131,43
20260808,r6,221,63,1672,381,1228,349,68,4,28,0,9,12,131,43
20260808,r6,222,64,1682,382,1236,350,68,4,28,0,9,13,131,43
20260808,r6,223,65,1692,382,1245,352,70,1,29,0,9,11,131,43
20260808,r6,224,67,1701,383,1251,355,72,1,27,0,9,12,131,43
20260808,r6,225,66,1706,383,1257,357,74,1,25,0,9,11,131,43
20260808,r6,226,68,1713,385,1260,359,74,2,24,0,9,10,131,43
20260808,r6,227,64,1718,386,1268,364,78,3,19,0,9,9,131,43
20260808,r6,228,64,1724,388,1272,367,79,3,18,0,9,10,131,43
20260808,r6,229,63,1729,388,1278,367,79,2,19,0,9,9,131,43
20260808,r6,230,59,1734,390,1285,369,79,2,19,0,9,10,131,43
20260808,r6,231,63,1743,390,1290,370,80,2,18,0,9,10,131,43
20260808,r6,232,61,1753,392,1300,370,78,2,20,0,9,10,131,43
20260808,r6,233,57,1760,394,1309,372,77,4,18,1,9,10,131,43
20260808,r6,234,52,1766,396,1318,372,75,4,20,1,9,10,131,43
20260808,r6,235,50,1771,399,1322,374,75,5,20,0,8,9,111,40
20260808,r6,236,51,1777,399,1327,375,74,3,21,2,9,9,111,40
20260808,r6,237,52,1784,402,1330,378,74,3,21,2,9,10,111,40
20260808,r6,238,56,1793,404,1333,380,76,5,19,0,9,10,111,40
20260808,r6,239,57,1799,405,1337,380,75,3,22,0,9,10,111,40
20260808,r6,240,58,1806,408,1340,382,74,4,22,0,9,8,131,43
20260808,r6,241,53,1812,411,1348,384,73,6,21,0,10,7,131,43
20260808,r6,242,50,1819,413,1356,385,71,5,23,1,13,6,131,43
20260808,r6,243,55,1829,413,1361,386,72,2,25,1,14,5,131,43
20260808,r6,244,57,1835,414,1364,386,71,1,27,1,13,5,131,43
20260808,r6,245,61,1844,416,1367,387,70,3,26,1,13,7,131,43
20260808,r6,246,62,1852,417,1373,389,72,3,25,0,14,10,131,43
20260808,r6,247,63,1858,418,1377,392,74,2,24,0,13,10,131,43
20260808,r6,248,59,1863,419,1385,395,75,2,22,1,9,10,131,43
20260808,r6,249,61,1872,420,1391,395,73,2,23,2,8,11,131,43
20260808,r6,250,66,1882,423,1393,398,74,4,21,1,9,11,131,43
20260808,r6,251,70,1889,424,1395,399,74,4,21,1,9,11,131,43
20260808,r6,252,73,1897,425,1399,401,74,2,22,2,9,12,131,43
20260808,r6,253,69,1903,426,1408,403,76,2,21,1,9,10,131,43
20260808,r6,254,71,1912,428,1413,404,76,3,21,0,9,11,131,43
20260808,r6,255,69,1918,430,1419,406,75,4,20,1,9,10,122,43
20260808,r6,256,66,1924,431,1427,409,77,3,19,1,9,9,122,43
20260808,r6,257,65,1929,433,1431,410,77,3,20,0,9,9,122,43
20260808,r6,258,66,1936,434,1436,411,77,3,20,0,9,10,122,43
20260808,r6,259,61,1941,437,1443,413,75,4,20,1,9,10,122,43
20260808,r6,260,57,1948,438,1453,413,74,4,21,1,9,9,131,43
20260808,r6,261,60,1958,439,1459,414,75,2,23,0,9,10,131,43
20260808,r6,262,61,1968,440,1467,416,76,2,22,0,9,11,131,43
20260808,r6,263,65,1977,441,1471,418,77,2,21,0,9,11,131,43
20260808,r6,264,62,1986,444,1480,419,75,4,21,0,9,12,131,43
20260808,r6,265,63,1993,446,1484,421,75,5,20,0,9,12,131,43
20260808,r6,266,68,2003,446,1489,423,77,2,21,0,9,11,131,43
20260808,r6,267,69,2010,448,1493,425,76,2,21,1,9,11,131,43
20260808,r6,268,71,2018,448,1499,425,75,2,21,2,9,12,131,43
20260808,r6,269,75,2026,450,1501,426,73,2,22,3,9,14,131,43
20260808,r6,270,72,2031,453,1506,426,70,5,22,3,9,13,131,43
20260808,r6,271,66,2036,457,1513,429,70,7,21,2,10,11,131,43
20260808,r6,272,61,2041,459,1521,431,70,6,22,2,13,9,131,43
20260808,r6,273,59,2049,461,1529,431,68,4,26,2,14,8,131,43
20260808,r6,274,59,2057,463,1535,432,67,4,27,2,15,7,131,43
20260808,r6,275,58,2063,464,1541,432,66,3,29,2,13,7,131,43
20260808,r6,276,55,2073,469,1549,436,66,6,27,1,12,5,131,43
20260808,r6,277,55,2081,472,1554,439,66,8,25,1,12,7,131,43
20260808,r6,278,53,2086,472,1561,440,67,3,29,1,11,8,131,43
20260808,r6,279,52,2094,474,1568,442,68,2,30,0,8,7,131,43
20260808,r6,280,57,2102,477,1568,444,67,5,28,0,8,8,131,43
20260808,r6,281,59,2108,480,1569,447,67,6,27,0,9,8,131,43
20260808,r6,282,61,2115,481,1573,447,66,4,30,0,9,9,131,43
20260808,r6,283,60,2123,483,1580,449,66,3,31,0,9,9,131,43
20260808,r6,284,62,2132,484,1586,449,65,3,32,0,9,10,131,43
20260808,r6,285,64,2139,484,1591,452,68,1,31,0,9,11,121,40
20260808,r6,286,60,2144,484,1600,453,69,0,31,0,9,10,121,40
20260808,r6,287,63,2153,485,1605,457,72,1,27,0,9,11,121,40
20260808,r6,288,64,2161,487,1610,461,74,3,23,0,9,11,121,40
20260808,r6,289,66,2170,487,1617,461,74,2,24,0,9,9,121,40
20260808,r6,290,63,2175,489,1623,463,71,2,24,3,9,10,126,43
20260808,r6,291,66,2183,490,1627,464,71,3,23,3,9,10,126,43
20260808,r6,292,63,2189,494,1632,466,72,5,23,0,9,10,126,43
20260808,r6,293,68,2199,495,1636,468,72,5,22,1,9,11,126,43
20260808,r6,294,67,2207,496,1644,472,74,2,22,2,9,10,126,43
20260808,r6,295,67,2216,499,1650,473,72,4,22,2,9,10,131,43
20260808,r6,296,70,2225,501,1654,474,72,5,22,1,9,10,131,43
20260808,r6,297,67,2233,504,1662,477,72,5,22,1,9,11,131,43
20260808,r6,298,65,2238,505,1668,479,73,4,22,1,9,11,131,43
20260808,r6,299,64,2246,507,1675,481,74,3,23,0,9,9,131,43
20260808,r6,300,65,2255,512,1678,482,69,7,23,1,9,9,131,43
20260808,r6,301,67,2263,512,1684,484,71,5,23,1,12,8,131,43
20260808,r6,302,66,2268,513,1689,487,74,1,25,0,14,7,131,43
20260808,r6,303,61,2273,514,1698,487,73,2,25,0,15,7,131,43
20260808,r6,304,61,2280,514,1705,487,73,1,26,0,15,6,131,43
20260808,r6,305,61,2288,515,1712,488,71,1,26,2,15,5,131,43
20260808,r6,306,61,2298,518,1719,490,70,4,24,2,14,6,131,43
20260808,r6,307,64,2307,521,1722,492,70,6,23,1,11,7,131,43
20260808,r6,308,66,2314,522,1726,492,67,4,26,3,10,9,131,43
20260808,r6,309,65,2321,524,1732,493,66,3,28,3,9,9,131,43
20260808,r6,310,68,2330,526,1736,495,67,4,27,2,9,10,131,43
20260808,r6,311,65,2336,528,1743,497,67,4,27,2,9,10,131,43
20260808,r6,312,70,2346,529,1747,499,69,3,27,1,9,12,131,43
20260808,r6,313,73,2354,532,1749,500,68,4,28,0,9,12,131,43
20260808,r6,314,73,2362,533,1756,503,70,4,26,0,9,12,131,43
20260808,r6,315,71,2367,533,1763,505,72,1,27,0,9,11,131,43
20260808,r6,316,69,2372,533,1770,507,74,0,26,0,9,11,131,43
20260808,r6,317,66,2379,534,1779,508,74,1,25,0,9,10,131,43
20260808,r6,318,64,2384,535,1785,510,74,2,23,1,9,9,131,43
20260808,r6,319,62,2389,536,1791,514,77,2,20,1,9,10,131,43
20260808,r6,320,60,2395,537,1798,516,77,2,19,2,9,11,131,43
20260808,r6,321,58,2401,539,1804,519,78,3,17,2,9,10,131,43
20260808,r6,322,55,2409,542,1812,520,78,5,17,0,8,9,131,43
20260808,r6,323,54,2415,542,1819,521,79,3,18,0,8,9,131,43
20260808,r6,324,54,2423,543,1826,523,79,1,19,1,8,9,131,43
20260808,r6,325,59,2433,543,1831,524,79,1,18,2,8,10,131,43
20260808,r6,326,60,2439,544,1835,524,79,1,19,1,9,10,131,43
20260808,r6,327,60,2447,547,1840,526,77,4,17,2,9,10,131,43
20260808,r6,328,65,2457,548,1844,528,78,4,16,2,9,13,131,43
20260808,r6,329,66,2463,551,1846,529,78,4,18,0,9,13,131,43
20260808,r6,330,66,2471,553,1852,530,76,5,18,1,10,12,131,43
20260808,r6,331,71,2481,554,1856,533,78,3,18,1,13,11,131,43
20260808,r6,332,70,2491,558,1863,535,77,5,18,0,14,11,131,43
20260808,r6,333,69,2497,559,1869,537,78,5,17,0,14,10,131,43
20260808,r6,334,73,2507,559,1875,537,78,1,21,0,14,9,131,43
20260808,r6,335,67,2514,562,1885,537,74,3,22,1,11,9,121,40
20260808,r6,336,69,2524,564,1891,537,72,5,22,1,13,10,121,40
20260808,r6,337,67,2529,565,1897,538,73,3,24,0,13,11,121,40
20260808,r6,338,63,2534,565,1906,539,74,1,25,0,10,11,121,40
20260808,r6,339,67,2544,566,1911,539,72,1,26,1,9,12,121,40
20260808,r6,340,71,2553,567,1915,541,73,2,24,1,9,12,131,43
20260808,r6,341,69,2561,569,1923,544,75,3,22,0,9,12,131,43
20260808,r6,342,69,2571,571,1931,545,71,4,22,3,9,12,131,43
20260808,r6,343,72,2579,572,1935,549,74,3,20,3,9,12,131,43
20260808,r6,344,68,2586,575,1943,550,74,4,21,1,9,11,131,43
20260808,r6,345,70,2591,575,1946,551,74,3,21,2,9,11,131,43
20260808,r6,346,67,2598,578,1953,552,73,3,23,1,9,8,131,43
20260808,r6,347,68,2604,579,1957,555,76,4,20,0,9,10,131,43
20260808,r6,348,72,2613,579,1962,555,75,1,23,1,9,12,131,43
20260808,r6,349,70,2622,581,1971,557,74,2,22,2,9,11,131,43
20260808,r6,350,68,2630,583,1979,557,72,4,22,2,9,10,131,43
20260808,r6,351,66,2636,586,1984,558,70,5,23,2,9,11,131,43
20260808,r6,352,63,2641,587,1991,560,71,4,23,2,9,10,131,43
20260808,r6,353,66,2651,588,1997,563,73,2,23,2,9,12,131,43
20260808,r6,354,69,2660,589,2002,564,74,2,23,1,9,12,131,43
20260808,r6,355,69,2665,590,2006,564,73,2,24,1,9,12,131,43
20260808,r6,356,70,2673,592,2011,567,74,3,22,1,9,11,131,43
20260808,r6,357,69,2678,593,2016,568,75,3,22,0,9,12,131,43
20260808,r6,358,66,2685,594,2025,570,75,2,22,1,9,12,131,43
20260808,r6,359,65,2692,595,2032,572,75,2,21,2,9,11,131,43
20260808,r6,360,64,2698,596,2038,572,75,2,22,1,11,9,126,43
20260808,r6,361,63,2703,597,2043,574,77,2,21,0,13,9,126,43
20260808,r6,362,68,2713,597,2048,575,78,1,21,0,14,8,126,43
20260808,r6,363,68,2723,597,2058,576,79,0,21,0,14,7,126,43
20260808,r6,364,65,2730,598,2067,577,78,1,20,1,15,8,126,43
20260808,r6,365,63,2735,601,2071,580,78,4,17,1,14,10,131,43
20260808,r6,366,63,2742,603,2076,583,80,5,15,0,13,11,131,43
20260808,r6,367,65,2750,606,2079,585,78,5,16,1,11,11,131,43
20260808,r6,368,65,2759,608,2086,585,76,5,18,1,9,11,131,43
20260808,r6,369,69,2769,609,2091,586,77,3,20,0,8,12,131,43
20260808,r6,370,69,2776,611,2096,589,78,3,19,0,8,11,131,43
20260808,r6,371,70,2782,611,2101,590,79,2,19,0,8,13,131,43
20260808,r6,372,65,2788,612,2111,591,79,1,20,0,8,12,131,43
20260808,r6,373,63,2797,613,2121,593,80,2,18,0,8,10,131,43
20260808,r6,374,61,2802,614,2127,594,80,2,18,0,8,9,131,43
20260808,r6,375,63,2808,614,2131,594,80,1,19,0,9,9,131,43
20260808,r6,376,64,2815,614,2137,595,81,0,19,0,9,10,131,43
20260808,r6,377,68,2825,614,2143,597,82,0,17,1,9,11,131,43
20260808,r6,378,66,2830,614,2150,599,83,0,15,2,9,9,131,43
20260808,r6,379,65,2840,615,2160,601,85,1,13,1,9,11,131,43
20260808,r6,380,65,2847,619,2163,602,83,5,12,0,9,11,115,42
20260808,r6,381,66,2855,620,2169,603,83,5,12,0,9,9,115,42
20260808,r6,382,67,2862,621,2174,604,83,2,15,0,9,10,115,42
20260808,r6,383,64,2868,623,2181,604,81,3,16,0,9,10,115,42
20260808,r6,384,67,2877,624,2186,605,81,3,16,0,8,10,115,42
20260808,r6,385,69,2887,626,2192,605,79,3,18,0,9,10,131,43
20260808,r6,386,68,2896,629,2199,605,76,5,19,0,9,10,131,43
20260808,r6,387,67,2906,630,2209,608,78,4,18,0,9,11,131,43
20260808,r6,388,72,2916,630,2214,612,79,1,17,3,9,11,131,43
20260808,r6,389,73,2926,630,2223,612,79,0,18,3,9,10,131,43
20260808,r6,390,71,2934,638,2225,612,73,8,18,1,9,10,121,40
20260808,r6,391,70,2940,640,2230,613,71,10,17,2,10,9,121,40
20260808,r6,392,71,2947,641,2235,613,68,3,25,4,11,9,121,40
20260808,r6,393,71,2954,643,2240,614,68,3,26,3,14,9,121,40
20260808,r6,394,68,2961,647,2246,617,70,6,24,0,14,9,121,40
20260808,r6,395,66,2967,647,2254,618,71,4,25,0,13,8,131,43
20260808,r6,396,68,2976,648,2260,618,70,1,29,0,16,7,131,43
20260808,r6,397,64,2982,649,2269,618,69,2,29,0,14,7,131,43
20260808,r6,398,62,2991,650,2279,618,68,2,30,0,11,9,131,43
20260808,r6,399,58,2997,650,2289,621,71,1,28,0,9,9,131,43
20260808,r6,400,62,3002,650,2290,622,72,0,28,0,9,10,131,43
20260808,r6,401,68,3012,651,2293,624,73,1,26,0,9,10,131,43
20260808,r6,402,69,3019,652,2298,627,75,2,23,0,9,12,131,43
20260808,r6,403,71,3028,652,2305,627,75,1,24,0,9,12,131,43
20260808,r6,404,73,3038,653,2312,629,76,1,23,0,9,12,131,43
20260808,r6,405,77,3048,653,2318,629,76,1,23,0,9,14,131,43
20260808,r6,406,77,3058,655,2326,630,75,2,23,0,9,14,131,43
20260808,r6,407,77,3065,656,2332,634,78,3,19,0,9,14,131,43
20260808,r6,408,77,3075,660,2338,635,75,5,20,0,9,15,131,43
20260808,r6,409,78,3083,661,2344,637,75,5,19,1,9,17,131,43
20260808,r6,410,81,3090,661,2348,640,78,1,20,1,9,17,131,43
20260808,r6,411,81,3100,663,2356,642,78,2,19,1,9,19,131,43
20260808,r6,412,79,3106,665,2362,646,80,4,15,1,9,18,131,43
20260808,r6,413,75,3113,669,2369,647,77,6,16,1,9,18,131,43
20260808,r6,414,73,3119,669,2377,647,77,4,18,1,9,17,131,43
20260808,r6,415,70,3127,672,2385,649,77,3,20,0,9,14,131,43
20260808,r6,416,71,3137,673,2393,650,77,4,19,0,9,12,131,43
20260808,r6,417,68,3145,677,2400,650,73,5,22,0,9,11,131,43
20260808,r6,418,64,3151,679,2408,651,72,6,22,0,9,9,131,43
20260808,r6,419,63,3158,679,2416,651,72,2,26,0,9,11,131,43
20260808,r6,420,60,3163,681,2422,653,72,2,26,0,8,11,131,43
20260808,r6,421,59,3172,683,2430,654,70,4,25,1,10,9,131,43
20260808,r6,422,57,3177,684,2436,654,69,3,27,1,12,8,131,43
20260808,r6,423,60,3187,686,2441,655,69,3,28,0,13,8,131,43
20260808,r6,424,62,3195,686,2447,656,69,2,28,1,14,8,131,43
20260808,r6,425,62,3204,688,2454,659,70,2,27,1,14,8,131,43
20260808,r6,426,61,3210,689,2460,661,72,3,25,0,13,8,131,43
20260808,r6,427,66,3220,689,2465,663,74,1,25,0,12,9,131,43
20260808,r6,428,67,3226,690,2469,665,72,1,24,3,11,9,131,43
20260808,r6,429,66,3232,690,2476,666,73,1,23,3,9,11,131,43
20260808,r6,430,73,3242,692,2477,669,77,2,21,0,9,11,131,43
20260808,r6,431,71,3247,692,2484,671,79,2,19,0,9,10,131,43
20260808,r6,432,74,3256,693,2489,673,80,1,19,0,9,11,131,43
20260808,r6,433,72,3266,696,2498,674,77,4,18,1,9,12,131,43
20260808,r6,434,75,3275,696,2504,675,76,3,18,3,9,12,131,43
20260808,r6,435,76,3285,698,2511,677,77,2,19,2,9,11,131,43
20260808,r6,436,76,3291,701,2514,679,78,5,17,0,9,11,131,43
20260808,r6,437,74,3301,703,2524,681,77,5,17,1,9,10,131,43
20260808,r6,438,74,3310,706,2530,683,76,5,18,1,9,11,131,43
20260808,r6,439,75,3317,708,2534,685,77,5,18,0,9,10,131,43
20260808,r6,440,71,3322,708,2543,685,77,2,21,0,9,11,131,43
20260808,r6,441,75,3332,709,2548,688,78,1,20,1,9,12,131,43
20260808,r6,442,73,3341,711,2557,689,77,3,19,1,9,11,131,43
20260808,r6,443,72,3351,715,2564,691,75,6,18,1,9,12,131,43
20260808,r6,444,73,3361,715,2573,692,73,4,19,4,9,14,131,43
20260808,r6,445,72,3369,716,2581,693,74,1,22,3,9,13,121,40
20260808,r6,446,73,3377,720,2584,693,73,5,22,0,9,11,121,40
20260808,r6,447,69,3384,724,2591,694,69,8,22,1,9,11,121,40
20260808,r6,448,71,3394,726,2597,697,69,6,23,2,9,10,121,40
20260808,r6,449,68,3399,729,2602,699,69,5,25,1,9,10,121,40
20260808,r6,450,70,3408,731,2607,700,68,5,26,1,11,10,131,43
20260808,r6,451,68,3415,732,2615,701,68,3,28,1,11,8,131,43
20260808,r6,452,66,3421,733,2622,701,68,2,30,0,12,6,131,43
20260808,r6,453,69,3431,734,2628,701,67,2,31,0,13,6,131,43
20260808,r6,454,69,3441,735,2637,702,67,2,31,0,14,7,131,43
20260808,r6,455,69,3449,735,2645,703,67,1,31,1,14,9,131,43
20260808,r6,456,70,3456,735,2651,703,67,0,32,1,13,10,131,43
20260808,r6,457,72,3464,739,2653,705,65,4,30,1,11,10,131,43
20260808,r6,458,71,3474,740,2663,707,66,5,28,1,9,11,131,43
20260808,r6,459,71,3479,742,2666,709,67,3,30,0,9,11,131,43
20260808,r6,460,75,3489,743,2671,712,69,3,28,0,9,11,131,43
20260808,r6,461,75,3494,743,2676,716,73,1,26,0,9,10,131,43
20260808,r6,462,72,3499,745,2682,719,73,2,24,1,9,10,131,43
20260808,r6,463,65,3504,747,2692,723,75,4,20,1,9,11,131,43
20260808,r6,464,63,3512,750,2699,725,74,5,20,1,9,11,131,43
20260808,r6,465,62,3519,750,2707,726,75,3,21,1,9,12,131,43
20260808,r6,466,65,3529,751,2713,726,74,1,24,1,9,12,131,43
20260808,r6,467,65,3534,751,2718,729,77,1,21,1,9,10,131,43
20260808,r6,468,63,3544,753,2728,731,78,2,20,0,9,9,131,43
20260808,r6,469,63,3550,755,2732,732,77,4,19,0,9,11,131,43
20260808,r6,470,62,3559,755,2742,732,77,2,21,0,9,12,131,43
20260808,r6,471,62,3564,755,2747,735,80,0,20,0,9,10,131,43
20260808,r6,472,65,3571,755,2751,736,80,0,19,1,9,10,131,43
20260808,r6,473,69,3578,755,2754,738,80,0,17,3,9,11,131,43
20260808,r6,474,72,3587,756,2759,741,83,1,14,2,9,12,131,43
20260808,r6,475,71,3593,758,2764,742,84,3,13,0,9,14,131,43
20260808,r6,476,69,3603,760,2774,743,79,4,13,4,9,14,131,43
20260808,r6,477,74,3611,760,2777,745,78,2,13,7,9,15,131,43
20260808,r6,478,68,3617,766,2783,746,76,6,14,4,9,16,131,43
20260808,r6,479,70,3625,770,2785,746,74,10,14,2,9,15,131,43
20260808,r6,480,63,3630,774,2793,746,70,8,20,2,9,13,131,43
20260808,r6,481,62,3635,775,2798,747,68,5,23,4,10,13,131,43
20260808,r6,482,64,3643,776,2803,749,67,2,25,6,11,11,131,43
20260808,r6,483,61,3649,779,2809,749,66,4,26,4,14,8,131,43
20260808,r6,484,57,3655,782,2816,751,68,6,25,1,14,6,131,43
20260808,r6,485,60,3664,783,2821,752,69,4,27,0,16,5,131,43
20260808,r6,486,61,3674,784,2829,755,71,2,27,0,15,6,131,43
20260808,r6,487,59,3681,785,2837,757,72,2,26,0,11,7,131,43
20260808,r6,488,64,3691,786,2841,758,72,2,26,0,10,9,131,43
20260808,r6,489,64,3700,788,2848,759,71,3,26,0,9,9,131,43
20260808,r6,490,73,3710,789,2848,761,72,3,25,0,9,10,126,43
20260808,r6,491,76,3718,790,2852,762,72,2,26,0,9,10,126,43
20260808,r6,492,74,3724,790,2860,764,74,1,25,0,9,10,126,43
20260808,r6,493,76,3732,790,2866,766,76,0,24,0,9,12,126,43
20260808,r6,494,76,3739,791,2872,766,74,1,24,1,9,13,126,43
20260808,r6,495,77,3748,793,2878,767,73,3,23,1,9,12,131,43
20260808,r6,496,75,3756,794,2887,768,74,3,23,0,9,11,131,43
20260808,r6,497,75,3762,794,2893,772,78,1,21,0,9,11,131,43
20260808,r6,498,74,3769,794,2901,777,83,0,17,0,9,10,131,43
20260808,r6,499,73,3778,797,2908,782,84,3,12,1,9,11,131,43
20260808,r6,500,71,3787,798,2918,783,84,4,11,1,9,11,131,43
20260808,r6,501,71,3794,799,2924,783,84,2,14,0,9,11,131,43
20260808,r6,502,72,3802,800,2930,785,85,2,13,0,9,11,131,43
20260808,r6,503,73,3812,801,2938,787,85,2,12,1,9,11,131,43
20260808,r6,504,75,3820,801,2944,787,85,1,13,1,9,12,131,43
20260808,r6,505,71,3825,803,2951,788,85,2,13,0,9,12,131,43
20260808,r6,506,70,3835,806,2959,789,82,5,12,1,9,10,131,43
20260808,r6,507,69,3840,806,2965,789,82,3,14,1,8,10,131,43
20260808,r6,508,67,3845,807,2971,789,82,1,17,0,9,10,131,43
20260808,r6,509,66,3851,808,2977,790,81,2,16,1,9,11,131,43
20260808,r6,510,61,3856,809,2986,790,79,2,17,2,10,10,131,43
20260808,r6,511,61,3865,812,2992,792,77,4,16,3,12,9,131,43
20260808,r6,512,62,3873,813,2998,793,78,4,16,2,14,8,131,43
20260808,r6,513,56,3878,815,3007,795,80,3,17,0,15,7,131,43
20260808,r6,514,56,3886,815,3015,796,81,2,17,0,15,6,131,43
20260808,r6,515,56,3891,816,3019,799,83,1,16,0,15,5,131,43
20260808,r6,516,56,3899,817,3026,799,82,2,16,0,12,5,131,43
20260808,r6,517,56,3904,817,3031,799,81,1,17,1,11,6,131,43
20260808,r6,518,58,3914,820,3036,800,78,3,17,2,11,9,131,43
20260808,r6,519,58,3922,823,3041,800,75,6,17,2,9,8,131,43
20260808,r6,520,66,3932,825,3041,802,76,5,18,1,9,8,101,38
20260808,r6,521,65,3937,826,3046,802,75,3,21,1,9,9,101,38
20260808,r6,522,65,3945,826,3054,804,77,1,21,1,9,9,101,38
20260808,r6,523,66,3952,828,3058,805,76,2,21,1,9,10,101,38
20260808,r6,524,65,3959,828,3066,807,78,2,19,1,9,11,101,38
20260808,r6,525,70,3968,829,3069,808,78,1,20,1,9,11,126,43
20260808,r6,526,71,3976,829,3076,811,81,1,17,1,9,10,126,43
20260808,r6,527,74,3985,831,3080,812,80,2,17,1,9,11,126,43
20260808,r6,528,72,3995,835,3088,813,77,6,16,1,9,10,126,43
20260808,r6,529,73,4002,836,3093,817,81,5,14,0,9,9,126,43
20260808,r6,530,69,4010,839,3102,817,78,4,18,0,9,9,131,43
20260808,r6,531,69,4015,839,3107,819,80,3,17,0,9,8,131,43
20260808,r6,532,71,4025,839,3115,820,80,0,19,1,9,9,131,43
20260808,r6,533,73,4033,839,3121,820,80,0,19,1,9,10,131,43
20260808,r6,534,71,4040,842,3127,821,78,3,18,1,9,9,131,43
20260808,r6,535,70,4047,842,3135,822,78,3,17,2,9,11,131,43
20260808,r6,536,73,4057,844,3140,823,77,2,19,2,9,10,131,43
20260808,r6,537,75,4067,846,3146,825,78,4,17,1,9,10,131,43
20260808,r6,538,72,4072,847,3153,825,78,3,19,0,9,9,131,43
20260808,r6,539,71,4081,850,3160,827,76,4,19,1,9,9,131,43
20260808,r6,540,72,4089,851,3166,827,75,4,20,1,11,9,131,43
20260808,r6,541,71,4094,853,3170,829,73,3,21,3,13,8,131,43
20260808,r6,542,71,4104,854,3179,830,73,3,21,3,13,7,131,43
20260808,r6,543,70,4111,857,3184,833,75,4,20,1,17,6,131,43
20260808,r6,544,71,4120,860,3189,834,73,6,20,1,18,6,131,43
20260808,r6,545,74,4129,861,3194,835,73,4,22,1,17,7,131,43
20260808,r6,546,71,4136,861,3204,836,74,1,24,1,15,7,131,43
20260808,r6,547,70,4144,862,3212,836,73,1,25,1,13,9,131,43
20260808,r6,548,71,4151,863,3217,838,72,2,23,3,11,9,131,43
20260808,r6,549,69,4157,864,3224,838,72,2,24,2,9,9,131,43
20260808,r6,550,68,4162,864,3230,839,74,1,24,1,9,9,126,43
20260808,r6,551,73,4171,864,3234,841,76,0,23,1,9,10,126,43
20260808,r6,552,71,4179,866,3242,844,78,2,20,0,9,9,126,43
20260808,r6,553,74,4189,866,3249,847,81,2,17,0,9,11,126,43
20260808,r6,554,73,4195,867,3255,848,81,1,18,0,9,11,126,43
20260808,r6,555,69,4200,867,3264,850,83,1,16,0,9,11,131,43
20260808,r6,556,66,4206,869,3271,854,85,2,13,0,9,11,131,43
20260808,r6,557,60,4211,872,3279,855,83,5,12,0,9,10,131,43
20260808,r6,558,63,4221,873,3285,855,82,4,14,0,9,9,131,43
20260808,r6,559,64,4228,873,3291,858,84,1,14,1,9,9,131,43
20260808,r6,560,67,4237,874,3296,860,84,1,13,2,9,10,131,43
20260808,r6,561,64,4245,877,3304,861,80,4,12,4,9,10,131,43
20260808,r6,562,63,4250,878,3309,863,82,4,11,3,9,9,131,43
20260808,r6,563,62,4260,883,3315,865,80,6,12,2,8,9,131,43
20260808,r6,564,66,4270,883,3321,865,79,5,13,3,8,9,131,43
20260808,r6,565,67,4276,885,3324,865,79,2,18,1,8,9,131,43
20260808,r6,566,68,4283,888,3327,865,76,5,18,1,8,10,131,43
20260808,r6,567,75,4293,888,3330,865,75,3,20,2,8,11,131,43
20260808,r6,568,73,4300,890,3337,867,76,2,21,1,8,11,131,43
20260808,r6,569,73,4310,894,3343,867,73,6,21,0,8,11,131,43
20260808,r6,570,67,4316,898,3351,869,70,8,21,1,8,11,121,43
20260808,r6,571,67,4325,899,3359,870,69,5,24,2,10,10,121,43
20260808,r6,572,70,4334,901,3363,870,66,3,28,3,13,10,121,43
20260808,r6,573,68,4344,905,3371,870,63,6,29,2,14,10,121,43
20260808,r6,574,62,4352,909,3381,871,62,8,30,0,15,8,121,43
20260808,r6,575,64,4360,909,3387,872,62,4,33,1,16,7,131,43
20260808,r6,576,65,4367,910,3392,874,63,1,35,1,16,7,131,43
20260808,r6,577,62,4377,913,3402,877,64,4,32,0,13,9,131,43
20260808,r6,578,60,4382,914,3408,879,65,4,31,0,11,9,131,43
20260808,r6,579,60,4389,914,3415,883,69,1,30,0,9,9,131,43
20260808,r6,580,64,4394,914,3416,884,69,0,30,1,9,10,131,43
20260808,r6,581,68,4402,914,3420,887,72,0,27,1,9,10,131,43
20260808,r6,582,64,4407,916,3427,889,73,2,25,0,9,10,131,43
20260808,r6,583,64,4414,916,3434,889,73,2,25,0,9,11,131,43
20260808,r6,584,65,4421,916,3440,892,76,0,24,0,9,11,131,43
20260808,r6,585,62,4426,916,3448,895,78,0,21,1,9,10,131,43
20260808,r6,586,60,4432,918,3454,899,80,2,17,1,9,10,131,43
20260808,r6,587,59,4439,919,3461,900,81,3,16,0,9,9,131,43
20260808,r6,588,63,4447,919,3465,901,81,1,17,1,9,9,131,43
20260808,r6,589,64,4455,919,3472,902,81,0,17,2,9,9,131,43
20260808,r6,590,64,4461,921,3476,905,83,2,14,1,9,9,131,43
20260808,r6,591,61,4466,923,3482,909,86,4,10,0,9,9,131,43
20260808,r6,592,63,4472,923,3486,910,86,2,11,1,9,11,131,43
20260808,r6,593,63,4479,923,3493,912,88,0,11,1,9,9,131,43
20260808,r6,594,58,4484,926,3500,913,86,3,10,1,9,8,131,43
20260808,r6,595,59,4489,926,3504,913,86,3,10,1,9,8,131,43
20260808,r6,596,57,4494,928,3509,914,83,2,12,3,9,7,131,43
20260808,r6,597,56,4500,928,3516,914,83,2,12,3,9,8,131,43
20260808,r6,598,57,4510,931,3522,917,86,3,11,0,9,9,131,43
20260808,r6,599,57,4518,932,3529,918,85,4,10,1,9,10,131,43
20260808,r6,600,58,4528,936,3534,918,81,5,13,1,9,9,121,40
20260808,r10,1,5,10,5,0,0,95,5,0,0,0,1,131,43
20260808,r10,2,6,15,9,0,0,91,9,0,0,1,2,131,43
20260808,r10,3,9,20,11,0,0,89,6,5,0,2,2,131,43
20260808,r10,4,15,27,12,0,0,88,3,9,0,5,3,131,43
20260808,r10,5,23,37,14,0,0,86,3,11,0,7,4,131,43
20260808,r10,6,29,45,16,0,0,84,4,12,0,9,5,131,43
20260808,r10,7,32,51,19,0,0,81,5,14,0,9,5,131,43
20260808,r10,8,39,61,22,0,0,78,6,16,0,9,7,131,43
20260808,r10,9,43,66,23,0,0,77,4,19,0,9,8,131,43
20260808,r10,10,48,71,23,0,0,77,1,22,0,9,8,131,43
20260808,r10,11,55,81,25,1,0,75,2,23,0,9,9,131,43
20260808,r10,12,61,91,28,2,0,72,5,23,0,9,10,131,43
20260808,r10,13,65,98,29,4,1,72,4,24,0,9,10,131,43
20260808,r10,14,66,107,32,9,3,71,4,25,0,9,13,131,43
20260808,r10,15,67,117,32,18,3,71,3,26,0,9,14,131,43
20260808,r10,16,68,126,33,25,3,70,1,29,0,9,16,131,43
20260808,r10,17,70,134,34,30,7,73,2,25,0,9,16,131,43
20260808,r10,18,65,139,36,38,9,73,3,24,0,9,14,131,43
20260808,r10,19,67,148,40,41,12,72,6,22,0,9,13,131,43
20260808,r10,20,67,155,44,44,12,68,8,24,0,9,12,121,40
20260808,r10,21,63,160,45,52,14,69,5,26,0,9,11,121,40
20260808,r10,22,60,165,48,57,15,67,4,29,0,9,9,121,40
20260808,r10,23,63,175,51,61,19,68,6,26,0,9,11,121,40
20260808,r10,24,59,181,54,68,19,65,6,29,0,9,9,121,40
20260808,r10,25,55,189,56,78,22,66,5,29,0,9,8,126,43
20260808,r10,26,51,194,57,86,23,66,3,31,0,9,8,126,43
20260808,r10,27,53,203,58,92,24,66,2,32,0,9,8,126,43
20260808,r10,28,57,213,62,94,27,65,5,30,0,9,10,126,43
20260808,r10,29,59,222,63,100,28,65,5,30,0,9,11,126,43
20260808,r10,30,58,228,67,103,29,62,5,33,0,9,10,131,43
20260808,r10,31,64,238,68,106,33,65,5,30,0,12,10,131,43
20260808,r10,32,70,248,68,110,35,67,1,32,0,15,10,131,43
20260808,r10,33,67,258,71,120,37,66,3,31,0,16,7,131,43
20260808,r10,34,73,268,72,123,38,66,4,30,0,17,6,131,43
20260808,r10,35,75,277,73,129,40,67,2,31,0,15,7,131,43
20260808,r10,36,76,283,75,132,45,70,3,27,0,15,8,131,43
20260808,r10,37,71,288,77,140,47,70,4,26,0,14,9,131,43
20260808,r10,38,67,293,79,147,48,69,4,27,0,12,9,131,43
20260808,r10,39,63,300,82,155,51,69,5,26,0,9,10,131,43
20260808,r10,40,69,308,84,155,53,69,5,26,0,9,10,131,43
20260808,r10,41,68,317,86,163,55,69,4,27,0,9,9,131,43
20260808,r10,42,61,324,90,173,57,67,6,27,0,9,9,131,43
20260808,r10,43,59,330,91,180,59,68,5,27,0,9,10,131,43
20260808,r10,44,57,338,93,188,59,66,3,31,0,9,9,131,43
20260808,r10,45,56,348,95,197,60,65,4,31,0,9,9,131,43
20260808,r10,46,55,353,98,200,63,65,5,30,0,9,9,131,43
20260808,r10,47,58,363,100,205,64,64,5,31,0,9,9,131,43
20260808,r10,48,61,373,104,208,68,64,6,30,0,9,11,131,43
20260808,r10,49,62,381,105,214,72,67,5,28,0,9,9,131,43
20260808,r10,50,66,391,106,219,74,68,2,30,0,9,9,126,43
20260808,r10,51,66,398,106,226,74,68,1,31,0,9,9,126,43
20260808,r10,52,65,403,109,229,78,69,3,28,0,9,8,126,43
20260808,r10,53,67,412,113,232,78,65,7,28,0,9,9,126,43
20260808,r10,54,66,420,115,239,80,65,6,29,0,9,9,126,43
20260808,r10,55,68,430,115,247,80,65,2,33,0,9,10,131,43
20260808,r10,56,73,439,116,250,82,66,1,33,0,9,10,131,43
20260808,r10,57,74,449,117,258,82,65,2,33,0,9,11,131,43
20260808,r10,58,73,459,122,264,86,64,6,30,0,9,11,131,43
20260808,r10,59,75,469,123,271,87,64,6,30,0,9,11,131,43
20260808,r10,60,69,475,126,280,89,63,4,33,0,9,10,131,43
20260808,r10,61,67,480,127,286,90,63,4,33,0,10,10,131,43
20260808,r10,62,71,490,128,291,93,65,2,33,0,12,10,131,43
20260808,r10,63,70,495,129,296,97,68,2,30,0,15,9,131,43
20260808,r10,64,70,502,131,301,100,69,3,28,0,17,9,131,43
20260808,r10,65,63,508,136,309,104,68,7,25,0,17,8,131,43
20260808,r10,66,58,513,138,317,105,67,7,26,0,16,5,131,43
20260808,r10,67,53,522,143,326,108,65,7,28,0,14,7,131,43
20260808,r10,68,53,532,145,334,109,64,7,29,0,11,10,131,43
20260808,r10,69,49,538,147,342,109,62,4,34,0,8,10,131,43
20260808,r10,70,52,544,149,343,111,62,4,34,0,8,10,131,43
20260808,r10,71,55,549,150,344,112,62,3,35,0,8,11,131,43
20260808,r10,72,55,559,152,352,114,62,3,35,0,9,10,131,43
20260808,r10,73,55,565,153,357,114,61,3,36,0,9,8,131,43
20260808,r10,74,58,575,158,359,117,59,6,35,0,9,9,131,43
20260808,r10,75,59,580,158,363,118,60,5,35,0,9,10,131,43
20260808,r10,76,63,589,159,367,120,61,1,38,0,9,11,131,43
20260808,r10,77,63,596,162,371,123,61,4,35,0,9,10,131,43
20260808,r10,78,63,605,163,379,125,62,4,34,0,9,9,131,43
20260808,r10,79,64,613,165,384,127,62,3,35,0,9,10,131,43
20260808,r10,80,60,618,170,388,131,61,7,32,0,9,11,131,43
20260808,r10,81,64,627,172,391,132,60,7,33,0,9,11,131,43
20260808,r10,82,61,634,174,399,134,60,4,36,0,9,11,131,43
20260808,r10,83,62,642,175,405,136,61,3,36,0,9,13,131,43
20260808,r10,84,60,649,178,411,139,61,4,35,0,9,11,131,43
20260808,r10,85,59,654,179,416,141,62,4,34,0,9,11,131,43
20260808,r10,86,54,659,181,424,144,63,3,34,0,9,9,131,43
20260808,r10,87,53,665,183,429,146,63,4,33,0,9,9,131,43
20260808,r10,88,49,670,183,438,150,67,2,31,0,9,9,131,43
20260808,r10,89,49,676,183,444,152,69,0,31,0,9,9,131,43
20260808,r10,90,51,681,184,446,154,70,1,29,0,9,9,131,43
20260808,r10,91,52,690,185,453,157,72,2,26,0,12,7,131,43
20260808,r10,92,53,699,188,458,157,69,4,27,0,14,6,131,43
20260808,r10,93,51,705,191,463,159,68,6,26,0,15,6,131,43
20260808,r10,94,52,713,196,465,159,63,8,29,0,13,6,131,43
20260808,r10,95,54,720,198,468,163,65,7,28,0,13,6,131,43
20260808,r10,96,54,726,201,471,164,63,5,32,0,12,8,131,43
20260808,r10,97,57,736,204,475,166,62,6,32,0,11,9,131,43
20260808,r10,98,57,741,204,480,167,63,3,34,0,9,9,131,43
20260808,r10,99,56,750,209,485,168,59,5,36,0,8,11,131,43
20260808,r10,100,59,760,214,487,173,59,10,31,0,9,12,121,40
20260808,r10,101,54,765,215,496,174,59,6,35,0,9,9,121,40
20260808,r10,102,51,770,217,502,177,60,3,37,0,9,9,121,40
20260808,r10,103,55,780,219,506,177,58,4,38,0,9,9,121,40
20260808,r10,104,55,787,221,511,182,61,4,35,0,9,10,121,40
20260808,r10,105,55,797,225,517,184,59,6,35,0,9,11,131,43
20260808,r10,106,57,805,228,520,189,61,7,32,0,9,9,131,43
20260808,r10,107,52,811,233,526,191,58,8,34,0,9,9,131,43
20260808,r10,108,51,816,235,530,192,57,7,36,0,9,9,131,43
20260808,r10,109,54,825,237,534,192,55,4,41,0,9,9,131,43
20260808,r10,110,54,832,239,539,195,56,4,40,0,9,9,131,43
20260808,r10,111,56,840,242,542,199,57,5,38,0,8,10,131,43
20260808,r10,112,56,846,245,545,201,56,6,38,0,8,11,131,43
20260808,r10,113,57,855,246,552,205,59,4,37,0,8,10,131,43
20260808,r10,114,56,860,248,556,207,59,3,38,0,8,9,131,43
20260808,r10,115,57,867,249,561,209,60,3,37,0,8,10,131,43
20260808,r10,116,61,877,251,565,211,60,3,37,0,9,9,131,43
20260808,r10,117,61,883,254,568,214,60,5,35,0,9,9,131,43
20260808,r10,118,64,890,256,570,217,61,5,34,0,9,10,131,43
20260808,r10,119,60,896,258,578,221,63,4,33,0,9,9,131,43
20260808,r10,120,58,906,265,583,226,61,9,30,0,9,9,131,43
20260808,r10,121,58,914,268,588,230,62,10,28,0,10,8,131,43
20260808,r10,122,57,919,270,592,232,62,5,33,0,12,7,131,43
20260808,r10,123,56,927,271,600,236,65,3,32,0,16,7,131,43
20260808,r10,124,60,937,273,604,237,64,3,33,0,16,6,131,43
20260808,r10,125,54,942,277,611,239,62,6,32,0,15,5,121,40
20260808,r10,126,48,947,278,621,240,62,5,33,0,13,5,121,40
20260808,r10,127,50,956,281,625,241,60,4,36,0,10,7,121,40
20260808,r10,128,50,964,284,630,245,61,6,33,0,8,9,121,40
20260808,r10,129,52,973,286,635,247,61,5,34,0,9,11,121,40
20260808,r10,130,57,982,289,636,249,60,5,35,0,9,11,131,43
20260808,r10,131,60,988,290,638,251,61,4,35,0,9,11,131,43
20260808,r10,132,62,994,290,642,256,66,1,33,0,9,9,131,43
20260808,r10,133,65,1004,292,647,257,65,2,33,0,9,10,131,43
20260808,r10,134,60,1010,293,657,259,66,3,31,0,9,10,131,43
20260808,r10,135,64,1020,295,661,262,67,3,30,0,9,13,131,43
20260808,r10,136,65,1026,295,666,262,67,2,31,0,9,12,131,43
20260808,r10,137,64,1034,298,672,265,67,3,30,0,9,10,131,43
20260808,r10,138,66,1044,301,677,268,67,6,27,0,9,8,131,43
20260808,r10,139,68,1054,302,684,273,71,4,25,0,9,10,131,43
20260808,r10,140,68,1061,304,689,273,69,3,28,0,9,9,131,43
20260808,r10,141,69,1068,305,694,276,71,3,26,0,9,12,131,43
20260808,r10,142,67,1074,307,700,278,71,3,26,0,9,13,131,43
20260808,r10,143,68,1083,308,707,279,71,3,26,0,9,13,131,43
20260808,r10,144,68,1089,309,712,284,75,2,23,0,9,12,131,43
20260808,r10,145,65,1095,311,719,285,74,3,23,0,9,11,131,43
20260808,r10,146,64,1104,315,725,285,70,6,24,0,9,11,131,43
20260808,r10,147,66,1113,317,730,285,68,6,26,0,9,11,131,43
20260808,r10,148,65,1122,319,738,287,68,4,28,0,9,11,131,43
20260808,r10,149,62,1130,322,746,288,66,5,29,0,9,10,131,43
20260808,r10,150,59,1140,330,751,292,62,11,27,0,9,9,131,43
20260808,r10,151,58,1148,333,757,296,63,11,26,0,11,9,131,43
20260808,r10,152,60,1156,334,762,297,63,4,33,0,14,8,131,43
20260808,r10,153,58,1166,338,770,301,63,5,32,0,15,7,131,43
20260808,r10,154,58,1172,339,775,301,62,5,33,0,14,7,131,43
20260808,r10,155,61,1182,341,780,301,60,3,37,0,13,7,126,43
20260808,r10,156,59,1188,345,784,304,59,6,35,0,13,7,126,43
20260808,r10,157,58,1194,345,791,304,59,4,37,0,12,8,126,43
20260808,r10,158,55,1200,347,798,305,58,2,40,0,10,8,126,43
20260808,r10,159,58,1210,348,804,308,60,3,37,0,8,10,126,43
20260808,r10,160,65,1220,350,805,309,59,3,38,0,8,11,131,43
20260808,r10,161,69,1230,352,809,310,58,4,38,0,8,11,131,43
20260808,r10,162,69,1240,355,816,313,58,5,37,0,8,12,131,43
20260808,r10,163,69,1249,356,824,318,62,4,34,0,9,12,131,43
20260808,r10,164,71,1255,356,828,320,64,1,35,0,9,13,131,43
20260808,r10,165,67,1261,358,836,324,66,2,32,0,9,14,131,43
20260808,r10,166,69,1269,361,839,327,66,5,29,0,9,13,131,43
20260808,r10,167,70,1277,362,845,330,68,4,28,0,9,16,131,43
20260808,r10,168,73,1285,363,849,332,69,2,29,0,9,15,131,43
20260808,r10,169,72,1294,363,859,337,74,1,25,0,9,15,131,43
20260808,r10,170,72,1302,363,867,340,77,0,23,0,9,13,131,43
20260808,r10,171,69,1309,365,875,343,78,2,20,0,9,15,131,43
20260808,r10,172,65,1317,372,880,345,73,9,18,0,9,14,131,43
20260808,r10,173,63,1323,372,888,349,77,7,16,0,9,13,131,43
20260808,r10,174,65,1332,374,893,351,77,2,21,0,9,12,131,43
20260808,r10,175,67,1339,374,898,351,77,2,21,0,9,12,131,43
20260808,r10,176,67,1347,377,903,352,75,3,22,0,9,12,131,43
20260808,r10,177,68,1356,378,910,352,74,4,22,0,9,14,131,43
20260808,r10,178,66,1362,379,917,355,76,2,22,0,9,12,131,43
20260808,r10,179,67,1372,380,925,358,78,2,20,0,9,11,131,43
20260808,r10,180,66,1379,382,931,358,76,3,21,0,10,10,121,40
20260808,r10,181,65,1388,385,938,359,74,5,21,0,13,8,121,40
20260808,r10,182,69,1396,385,942,360,75,3,22,0,15,8,121,40
20260808,r10,183,68,1402,388,946,360,72,3,25,0,16,6,121,40
20260808,r10,184,67,1409,389,953,362,73,4,23,0,16,6,121,40
20260808,r10,185,64,1414,390,960,364,74,2,24,0,14,6,131,43
20260808,r10,186,62,1420,392,966,364,72,3,25,0,13,6,131,43
20260808,r10,187,60,1428,395,973,365,70,5,25,0,13,7,131,43
20260808,r10,188,60,1433,395,978,365,70,3,27,0,12,8,131,43
20260808,r10,189,57,1442,397,988,366,69,2,29,0,9,9,131,43
20260808,r10,190,60,1449,399,990,368,69,4,27,0,9,8,131,43
20260808,r10,191,60,1459,403,996,370,67,6,27,0,9,9,131,43
20260808,r10,192,58,1465,403,1004,372,69,4,27,0,9,8,131,43
20260808,r10,193,57,1472,405,1010,376,71,2,27,0,9,9,131,43
20260808,r10,194,52,1477,410,1015,377,67,7,26,0,9,8,131,43
20260808,r10,195,54,1484,411,1019,377,66,6,28,0,9,7,131,43
20260808,r10,196,57,1494,413,1024,379,66,3,31,0,9,8,131,43
20260808,r10,197,55,1500,414,1031,382,68,3,29,0,9,8,131,43
20260808,r10,198,58,1510,416,1036,386,70,3,27,0,9,8,131,43
20260808,r10,199,60,1520,418,1042,389,71,4,25,0,9,10,131,43
20260808,r10,200,59,1525,420,1046,391,71,4,25,0,9,9,131,43
20260808,r10,201,56,1531,421,1054,394,73,3,24,0,9,8,131,43
20260808,r10,202,58,1539,421,1060,394,73,1,26,0,9,8,131,43
20260808,r10,203,58,1548,425,1065,395,70,4,26,0,9,9,131,43
20260808,r10,204,59,1555,430,1066,397,67,9,24,0,9,9,131,43
20260808,r10,205,57,1560,433,1070,401,68,8,24,0,9,8,131,43
20260808,r10,206,59,1568,434,1075,401,67,4,29,0,8,8,131,43
20260808,r10,207,59,1573,435,1079,402,67,2,31,0,9,8,131,43
20260808,r10,208,55,1579,437,1087,403,66,3,31,0,9,8,131,43
20260808,r10,209,56,1587,438,1093,408,70,3,27,0,9,8,131,43
20260808,r10,210,53,1597,447,1097,411,64,10,26,0,9,8,131,43
20260808,r10,211,56,1606,448,1102,412,64,10,26,0,11,7,131,43
20260808,r10,212,52,1611,449,1110,413,64,2,34,0,12,6,131,43
20260808,r10,213,51,1617,451,1115,415,64,3,33,0,12,6,131,43
20260808,r10,214,55,1626,451,1120,415,64,2,34,0,15,5,131,43
20260808,r10,215,54,1632,455,1123,418,63,4,33,0,14,5,131,43
20260808,r10,216,56,1640,455,1129,421,66,4,30,0,13,8,131,43
20260808,r10,217,58,1647,456,1133,424,68,1,31,0,13,8,131,43
20260808,r10,218,60,1655,457,1138,424,67,2,31,0,11,8,131,43
20260808,r10,219,58,1665,461,1146,424,63,5,32,0,9,9,131,43
20260808,r10,220,66,1673,461,1146,427,66,4,30,0,9,10,131,43
20260808,r10,221,64,1679,461,1154,432,71,0,29,0,8,10,131,43
20260808,r10,222,67,1688,464,1157,433,69,3,28,0,8,11,131,43
20260808,r10,223,69,1694,464,1161,439,75,3,22,0,8,12,131,43
20260808,r10,224,65,1700,465,1170,441,76,1,23,0,8,12,131,43
20260808,r10,225,67,1709,467,1175,443,76,3,21,0,8,11,131,43
20260808,r10,226,68,1718,467,1183,445,78,2,20,0,8,12,131,43
20260808,r10,227,67,1727,471,1189,447,76,4,20,0,8,10,131,43
20260808,r10,228,65,1733,474,1194,447,73,7,20,0,8,10,131,43
20260808,r10,229,67,1741,474,1200,450,76,3,21,0,9,11,131,43
20260808,r10,230,67,1749,476,1206,452,76,2,22,0,9,12,131,43
20260808,r10,231,70,1758,477,1211,452,75,3,22,0,9,11,131,43
20260808,r10,232,67,1765,479,1219,454,75,3,22,0,9,12,131,43
20260808,r10,233,67,1772,480,1225,456,76,3,21,0,9,12,131,43
20260808,r10,234,67,1782,484,1231,457,73,5,22,0,9,10,131,43
20260808,r10,235,68,1791,486,1237,460,74,6,20,0,9,10,111,40
20260808,r10,236,64,1796,486,1246,461,75,2,23,0,9,9,111,40
20260808,r10,237,62,1802,488,1252,463,75,2,23,0,9,9,111,40
20260808,r10,238,63,1810,491,1256,464,73,5,22,0,9,10,111,40
20260808,r10,239,62,1820,494,1264,464,70,6,24,0,9,10,111,40
20260808,r10,240,61,1830,498,1271,465,67,7,26,0,10,9,131,43
20260808,r10,241,54,1836,502,1280,467,65,8,27,0,11,8,131,43
20260808,r10,242,56,1843,502,1285,469,67,4,29,0,14,6,131,43
20260808,r10,243,55,1852,506,1291,470,64,4,32,0,14,6,131,43
20260808,r10,244,58,1862,506,1298,470,64,4,32,0,15,7,131,43
20260808,r10,245,62,1872,506,1304,471,65,0,35,0,14,7,131,43
20260808,r10,246,62,1877,506,1309,472,66,0,34,0,12,7,131,43
20260808,r10,247,62,1883,508,1313,475,67,2,31,0,11,7,131,43
20260808,r10,248,64,1893,511,1318,478,67,5,28,0,11,8,131,43
20260808,r10,249,63,1899,511,1325,480,69,3,28,0,9,8,131,43
20260808,r10,250,64,1907,513,1330,482,69,2,29,0,9,9,131,43
20260808,r10,251,69,1915,513,1333,484,71,2,27,0,9,10,131,43
20260808,r10,252,70,1924,515,1339,484,69,2,29,0,9,11,131,43
20260808,r10,253,70,1934,520,1344,485,65,7,28,0,9,11,131,43
20260808,r10,254,64,1940,522,1354,490,68,7,25,0,9,11,131,43
20260808,r10,255,61,1949,526,1362,494,68,6,26,0,9,11,122,43
20260808,r10,256,63,1959,529,1367,496,67,7,26,0,9,11,122,43
20260808,r10,257,66,1969,531,1372,497,66,5,29,0,9,11,122,43
20260808,r10,258,66,1976,531,1379,500,69,2,29,0,9,11,122,43
20260808,r10,259,66,1983,532,1385,503,71,1,28,0,9,11,122,43
20260808,r10,260,69,1993,533,1391,504,71,2,27,0,9,11,131,43
20260808,r10,261,66,2000,536,1398,504,68,4,28,0,9,12,131,43
20260808,r10,262,63,2005,537,1405,505,68,4,28,0,8,12,131,43
20260808,r10,263,64,2014,539,1411,506,67,3,30,0,8,15,131,43
20260808,r10,264,70,2024,540,1414,507,67,3,30,0,8,15,131,43
20260808,r10,265,67,2030,542,1421,511,69,3,28,0,9,15,131,43
20260808,r10,266,67,2037,543,1427,513,70,3,27,0,9,15,131,43
20260808,r10,267,68,2047,546,1433,515,69,4,27,0,9,13,131,43
20260808,r10,268,68,2056,550,1438,518,68,7,25,0,9,16,131,43
20260808,r10,269,68,2063,551,1444,520,69,5,26,0,9,15,131,43
20260808,r10,270,59,2068,556,1453,520,64,6,30,0,9,12,131,43
20260808,r10,271,58,2075,558,1459,521,63,7,30,0,10,9,131,43
20260808,r10,272,60,2080,558,1462,523,65,2,33,0,12,8,131,43
20260808,r10,273,60,2090,561,1469,523,62,3,35,0,15,7,131,43
20260808,r10,274,58,2097,564,1475,525,61,6,33,0,15,7,131,43
20260808,r10,275,57,2103,567,1479,530,63,6,31,0,15,6,131,43
20260808,r10,276,58,2113,569,1486,533,64,5,31,0,14,6,131,43
20260808,r10,277,54,2123,575,1494,535,60,8,32,0,14,6,131,43
20260808,r10,278,53,2131,577,1501,536,59,8,33,0,11,7,131,43
20260808,r10,279,56,2141,578,1507,538,60,3,37,0,9,9,131,43
20260808,r10,280,62,2149,580,1507,538,58,3,39,0,9,9,131,43
20260808,r10,281,64,2157,581,1512,542,61,3,36,0,9,8,131,43
20260808,r10,282,69,2166,581,1516,545,64,1,35,0,9,9,131,43
20260808,r10,283,67,2174,583,1524,547,64,2,34,0,9,8,131,43
20260808,r10,284,69,2182,587,1526,551,64,6,30,0,9,9,131,43
20260808,r10,285,73,2190,589,1528,554,65,6,29,0,9,10,121,40
20260808,r10,286,73,2199,590,1536,557,67,3,30,0,9,10,121,40
20260808,r10,287,75,2208,591,1542,560,69,2,29,0,9,11,121,40
20260808,r10,288,71,2213,592,1550,560,68,2,30,0,9,10,121,40
20260808,r10,289,70,2222,595,1557,565,70,4,26,0,9,11,121,40
20260808,r10,290,72,2232,597,1563,568,71,5,24,0,9,11,126,43
20260808,r10,291,74,2242,598,1570,568,70,3,27,0,9,13,126,43
20260808,r10,292,70,2247,599,1578,569,70,2,28,0,9,11,126,43
20260808,r10,293,73,2257,600,1584,571,71,2,27,0,9,12,126,43
20260808,r10,294,74,2267,601,1592,575,74,2,24,0,9,12,126,43
20260808,r10,295,73,2273,602,1598,578,76,2,22,0,9,11,131,43
20260808,r10,296,72,2281,604,1605,580,76,3,21,0,9,11,131,43
20260808,r10,297,70,2288,605,1613,580,75,3,22,0,9,9,131,43
20260808,r10,298,74,2298,608,1616,581,73,4,23,0,9,10,131,43
20260808,r10,299,70,2303,611,1622,583,72,6,22,0,9,10,131,43
20260808,r10,300,64,2308,614,1630,585,71,6,23,0,9,9,131,43
20260808,r10,301,59,2313,618,1636,586,68,7,25,0,9,9,131,43
20260808,r10,302,59,2318,618,1641,587,69,4,27,0,12,8,131,43
20260808,r10,303,55,2323,619,1649,589,70,1,29,0,13,8,131,43
20260808,r10,304,52,2332,623,1657,591,68,5,27,0,14,8,131,43
20260808,r10,305,54,2342,625,1663,592,67,6,27,0,14,6,131,43
20260808,r10,306,51,2347,626,1670,593,67,3,30,0,14,6,131,43
20260808,r10,307,50,2353,627,1676,595,68,2,30,0,12,7,131,43
20260808,r10,308,46,2359,630,1683,597,67,4,29,0,9,7,131,43
20260808,r10,309,50,2367,631,1686,597,66,4,30,0,9,8,131,43
20260808,r10,310,56,2377,635,1686,599,64,5,31,0,9,9,131,43
20260808,r10,311,58,2382,636,1688,602,66,5,29,0,9,11,131,43
20260808,r10,312,56,2387,638,1693,603,65,3,32,0,9,13,131,43
20260808,r10,313,58,2393,639,1696,606,67,3,30,0,9,12,131,43
20260808,r10,314,57,2400,640,1703,608,68,2,30,0,9,11,131,43
20260808,r10,315,54,2409,644,1711,609,65,5,30,0,9,9,131,43
20260808,r10,316,58,2419,645,1716,611,66,5,29,0,9,9,131,43
20260808,r10,317,56,2424,646,1722,614,68,2,30,0,9,10,131,43
20260808,r10,318,57,2431,648,1726,619,71,3,26,0,9,11,131,43
20260808,r10,319,56,2438,648,1734,621,73,2,25,0,9,10,131,43
20260808,r10,320,57,2446,650,1739,621,71,2,27,0,9,11,131,43
20260808,r10,321,61,2455,650,1744,624,74,2,24,0,9,11,131,43
20260808,r10,322,63,2464,653,1748,626,73,3,24,0,9,11,131,43
20260808,r10,323,66,2473,654,1753,627,73,4,23,0,9,11,131,43
20260808,r10,324,70,2483,654,1759,629,75,1,24,0,9,11,131,43
20260808,r10,325,71,2492,658,1763,630,72,4,24,0,9,12,131,43
20260808,r10,326,73,2502,659,1770,632,73,5,22,0,9,11,131,43
20260808,r10,327,73,2509,661,1775,633,72,3,25,0,9,12,131,43
20260808,r10,328,76,2518,662,1780,636,74,3,23,0,9,12,131,43
20260808,r10,329,73,2523,663,1787,637,74,2,24,0,9,11,131,43
20260808,r10,330,68,2529,669,1792,639,70,7,23,0,9,11,131,43
20260808,r10,331,64,2537,672,1801,641,69,9,22,0,10,9,131,43
20260808,r10,332,63,2547,676,1808,644,68,7,25,0,13,8,131,43
20260808,r10,333,61,2552,676,1815,644,68,4,28,0,16,7,131,43
20260808,r10,334,60,2562,677,1825,644,67,1,32,0,13,7,131,43
20260808,r10,335,60,2570,679,1831,647,68,3,29,0,13,9,121,40
20260808,r10,336,59,2579,679,1841,647,68,2,30,0,14,10,121,40
20260808,r10,337,58,2586,682,1846,653,71,3,26,0,13,9,121,40
20260808,r10,338,57,2592,682,1853,653,71,3,26,0,10,10,121,40
20260808,r10,339,58,2601,685,1858,655,70,3,27,0,9,11,121,40
20260808,r10,340,61,2606,687,1858,656,69,5,26,0,9,11,131,43
20260808,r10,341,68,2616,689,1859,659,70,4,26,0,9,11,131,43
20260808,r10,342,64,2621,690,1867,661,71,3,26,0,9,9,131,43
20260808,r10,343,67,2631,693,1871,664,71,4,25,0,8,11,131,43
20260808,r10,344,64,2639,694,1881,665,71,4,25,0,9,9,131,43
20260808,r10,345,67,2648,696,1885,666,70,3,27,0,9,11,131,43
20260808,r10,346,63,2654,698,1893,668,70,4,26,0,9,11,131,43
20260808,r10,347,62,2659,698,1899,669,71,2,27,0,8,10,131,43
20260808,r10,348,59,2666,703,1904,672,69,5,26,0,9,10,131,43
20260808,r10,349,60,2675,704,1911,674,70,6,24,0,9,9,131,43
20260808,r10,350,66,2684,704,1914,677,73,1,26,0,9,10,131,43
20260808,r10,351,67,2693,707,1919,679,72,3,25,0,9,10,131,43
20260808,r10,352,66,2698,710,1922,680,70,6,24,0,9,9,131,43
20260808,r10,353,64,2707,712,1931,682,70,5,25,0,9,10,131,43
20260808,r10,354,62,2714,714,1938,682,68,4,28,0,9,9,131,43
20260808,r10,355,59,2723,720,1944,684,64,8,28,0,9,8,131,43
20260808,r10,356,60,2730,720,1950,686,66,6,28,0,9,9,131,43
20260808,r10,357,59,2737,724,1954,688,64,4,32,0,9,9,131,43
20260808,r10,358,63,2746,726,1957,691,65,6,29,0,9,11,131,43
20260808,r10,359,64,2754,726,1964,692,66,2,32,0,9,10,131,43
20260808,r10,360,56,2762,733,1973,696,63,7,30,0,9,9,126,43
20260808,r10,361,55,2772,737,1980,696,59,11,30,0,11,9,126,43
20260808,r10,362,58,2779,739,1982,700,61,6,33,0,12,9,126,43
20260808,r10,363,60,2789,741,1988,701,60,4,36,0,13,7,126,43
20260808,r10,364,60,2797,744,1993,705,61,5,34,0,16,7,126,43
20260808,r10,365,58,2802,745,1999,708,63,4,33,0,14,9,131,43
20260808,r10,366,56,2809,747,2006,708,61,3,36,0,14,9,131,43
20260808,r10,367,58,2816,748,2010,711,63,3,34,0,14,10,131,43
20260808,r10,368,57,2822,748,2017,711,63,1,36,0,11,10,131,43
20260808,r10,369,53,2828,750,2025,713,63,2,35,0,9,10,131,43
20260808,r10,370,58,2833,750,2025,713,63,2,35,0,9,10,131,43
20260808,r10,371,59,2840,750,2031,718,68,0,32,0,9,10,131,43
20260808,r10,372,60,2849,754,2035,723,69,4,27,0,9,9,131,43
20260808,r10,373,56,2858,757,2045,725,68,7,25,0,9,12,131,43
20260808,r10,374,56,2865,759,2050,728,69,5,26,0,8,11,131,43
20260808,r10,375,61,2875,760,2054,728,68,3,29,0,8,12,131,43
20260808,r10,376,61,2883,763,2059,733,70,4,26,0,8,11,131,43
20260808,r10,377,61,2889,764,2064,734,70,4,26,0,8,11,131,43
20260808,r10,378,62,2897,766,2069,736,70,3,27,0,8,12,131,43
20260808,r10,379,65,2905,769,2071,739,70,5,25,0,8,13,131,43
20260808,r10,380,69,2914,769,2076,743,74,3,23,0,8,11,115,42
20260808,r10,381,68,2923,772,2083,744,72,3,25,0,8,11,115,42
20260808,r10,382,67,2930,774,2089,746,72,5,23,0,8,11,115,42
20260808,r10,383,69,2939,775,2095,746,71,3,26,0,9,12,115,42
20260808,r10,384,67,2946,780,2099,748,68,6,26,0,9,11,115,42
20260808,r10,385,67,2954,784,2103,750,66,9,25,0,9,10,131,43
20260808,r10,386,69,2962,787,2106,751,64,7,29,0,9,11,131,43
20260808,r10,387,71,2968,789,2108,752,63,5,32,0,9,11,131,43
20260808,r10,388,72,2976,791,2113,755,64,4,32,0,9,10,131,43
20260808,r10,389,72,2985,794,2119,757,63,5,32,0,9,12,131,43
20260808,r10,390,65,2995,803,2127,758,55,12,33,0,9,11,121,40
20260808,r10,391,64,3003,806,2133,760,54,12,34,0,10,8,121,40
20260808,r10,392,62,3008,807,2139,762,55,4,41,0,14,8,121,40
20260808,r10,393,62,3016,807,2147,764,57,1,42,0,15,7,121,40
20260808,r10,394,64,3025,808,2153,764,56,1,43,0,15,7,121,40
20260808,r10,395,63,3033,809,2161,766,57,2,41,0,16,7,131,43
20260808,r10,396,62,3040,811,2167,769,58,3,39,0,14,9,131,43
20260808,r10,397,67,3049,811,2171,772,61,2,37,0,14,10,131,43
20260808,r10,398,65,3055,811,2179,774,63,0,37,0,10,11,131,43
20260808,r10,399,59,3060,814,2187,778,64,3,33,0,9,11,131,43
20260808,r10,400,64,3067,815,2188,781,66,4,30,0,9,11,131,43
20260808,r10,401,65,3074,816,2193,787,71,2,27,0,9,11,131,43
20260808,r10,402,69,3083,816,2198,789,73,1,26,0,9,13,131,43
20260808,r10,403,66,3091,820,2205,792,72,4,24,0,9,13,131,43
20260808,r10,404,65,3100,823,2212,793,70,7,23,0,9,12,131,43
20260808,r10,405,68,3110,825,2217,795,70,5,25,0,9,11,131,43
20260808,r10,406,66,3115,826,2223,798,72,3,25,0,9,10,131,43
20260808,r10,407,63,3121,826,2232,800,74,1,25,0,9,10,131,43
20260808,r10,408,61,3128,829,2238,802,73,3,24,0,9,9,131,43
20260808,r10,409,60,3134,832,2242,804,72,6,22,0,9,9,131,43
20260808,r10,410,57,3140,836,2247,806,70,7,23,0,9,9,131,43
20260808,r10,411,57,3150,839,2254,807,68,7,25,0,9,9,131,43
20260808,r10,412,55,3156,839,2262,808,69,3,28,0,9,8,131,43
20260808,r10,413,54,3162,840,2268,809,69,1,30,0,9,7,131,43
20260808,r10,414,53,3168,841,2274,811,70,2,28,0,9,9,131,43
20260808,r10,415,48,3174,844,2282,814,70,4,26,0,9,7,131,43
20260808,r10,416,49,3180,845,2286,818,73,4,23,0,9,7,131,43
20260808,r10,417,52,3189,845,2292,820,75,1,24,0,9,8,131,43
20260808,r10,418,52,3197,849,2296,821,72,4,24,0,9,9,131,43
20260808,r10,419,54,3202,849,2299,821,72,4,24,0,9,9,131,43
20260808,r10,420,59,3212,851,2302,822,71,2,27,0,12,9,131,43
20260808,r10,421,59,3222,854,2309,823,69,5,26,0,14,8,131,43
20260808,r10,422,58,3229,856,2315,825,69,5,26,0,15,8,131,43
20260808,r10,423,62,3239,858,2319,826,68,4,28,0,16,7,131,43
20260808,r10,424,62,3246,860,2324,828,68,4,28,0,16,7,131,43
20260808,r10,425,63,3253,862,2328,831,69,4,27,0,16,7,131,43
20260808,r10,426,66,3262,863,2333,832,69,3,28,0,15,8,131,43
20260808,r10,427,61,3268,866,2341,833,67,4,29,0,11,9,131,43
20260808,r10,428,63,3275,867,2345,836,69,4,27,0,10,10,131,43
20260808,r10,429,62,3281,869,2350,837,68,3,29,0,9,10,131,43
20260808,r10,430,63,3289,869,2357,839,70,2,28,0,9,10,131,43
20260808,r10,431,66,3298,869,2363,840,71,0,29,0,9,10,131,43
20260808,r10,432,67,3304,869,2368,845,76,0,24,0,9,10,131,43
20260808,r10,433,64,3310,869,2377,846,77,0,23,0,9,12,131,43
20260808,r10,434,63,3315,870,2382,851,81,1,18,0,9,13,131,43
20260808,r10,435,63,3322,872,2387,852,80,3,17,0,9,13,131,43
20260808,r10,436,64,3332,874,2394,855,81,4,15,0,9,14,131,43
20260808,r10,437,66,3340,875,2399,856,81,3,16,0,9,15,131,43
20260808,r10,438,67,3348,878,2403,857,79,4,17,0,9,16,131,43
20260808,r10,439,65,3353,880,2408,857,77,5,18,0,9,16,131,43
20260808,r10,440,63,3360,882,2415,859,77,4,19,0,8,16,131,43
20260808,r10,441,60,3365,882,2423,860,78,2,20,0,9,14,131,43
20260808,r10,442,58,3373,887,2428,861,74,5,21,0,9,11,131,43
20260808,r10,443,61,3382,889,2432,863,74,7,19,0,9,11,131,43
20260808,r10,444,62,3389,892,2435,866,74,5,21,0,9,10,131,43
20260808,r10,445,63,3399,894,2442,867,73,5,22,0,9,9,121,40
20260808,r10,446,57,3404,895,2452,868,73,3,24,0,9,9,121,40
20260808,r10,447,57,3414,901,2456,870,69,7,24,0,9,10,121,40
20260808,r10,448,58,3422,903,2461,872,69,8,23,0,9,10,121,40
20260808,r10,449,61,3429,904,2464,872,68,3,29,0,9,10,121,40
20260808,r10,450,60,3435,906,2469,872,66,3,31,0,9,9,131,43
20260808,r10,451,63,3442,906,2473,875,69,2,29,0,12,9,131,43
20260808,r10,452,68,3452,906,2478,876,70,0,30,0,15,8,131,43
20260808,r10,453,66,3461,910,2485,877,67,4,29,0,16,7,131,43
20260808,r10,454,68,3471,913,2490,879,66,7,27,0,18,7,131,43
20260808,r10,455,63,3476,915,2498,879,64,5,31,0,17,6,131,43
20260808,r10,456,67,3486,917,2502,884,67,4,29,0,16,6,131,43
20260808,r10,457,65,3492,918,2509,887,69,3,28,0,13,8,131,43
20260808,r10,458,62,3497,918,2517,888,70,1,29,0,12,8,131,43
20260808,r10,459,64,3507,920,2523,891,71,2,27,0,9,11,131,43
20260808,r10,460,65,3512,923,2524,893,70,5,25,0,9,11,131,43
20260808,r10,461,63,3517,924,2530,894,70,4,26,0,9,10,131,43
20260808,r10,462,61,3525,925,2539,896,71,2,27,0,9,9,131,43
20260808,r10,463,62,3535,927,2546,896,69,3,28,0,9,9,131,43
20260808,r10,464,59,3541,928,2554,899,71,3,26,0,9,10,131,43
20260808,r10,465,62,3549,929,2558,900,71,2,27,0,9,10,131,43
20260808,r10,466,65,3559,930,2564,904,74,2,24,0,9,10,131,43
20260808,r10,467,62,3564,932,2570,907,75,3,22,0,9,10,131,43
20260808,r10,468,63,3570,932,2575,908,76,2,22,0,9,10,131,43
20260808,r10,469,60,3576,932,2584,909,77,0,23,0,9,9,131,43
20260808,r10,470,64,3584,932,2588,911,79,0,21,0,9,11,131,43
20260808,r10,471,64,3592,937,2591,914,77,5,18,0,9,11,131,43
20260808,r10,472,65,3602,940,2597,914,74,8,18,0,9,10,131,43
20260808,r10,473,64,3611,944,2603,918,74,7,19,0,9,9,131,43
20260808,r10,474,64,3616,944,2608,919,75,4,21,0,9,10,131,43
20260808,r10,475,64,3624,945,2615,922,77,1,22,0,9,9,131,43
20260808,r10,476,59,3631,947,2625,923,76,3,21,0,9,9,131,43
20260808,r10,477,63,3639,948,2628,925,77,3,20,0,9,9,131,43
20260808,r10,478,65,3647,949,2633,926,77,2,21,0,9,8,131,43
20260808,r10,479,66,3655,950,2639,926,76,2,22,0,9,10,131,43
20260808,r10,480,65,3664,955,2644,927,72,6,22,0,11,9,131,43
20260808,r10,481,66,3671,957,2648,930,73,7,20,0,12,7,131,43
20260808,r10,482,67,3681,958,2656,932,74,3,23,0,14,7,131,43
20260808,r10,483,63,3686,961,2662,933,72,4,24,0,13,7,131,43
20260808,r10,484,67,3694,962,2665,934,72,4,24,0,15,6,131,43
20260808,r10,485,63,3703,968,2672,936,68,7,25,0,15,6,131,43
20260808,r10,486,62,3709,970,2677,936,66,8,26,0,13,7,131,43
20260808,r10,487,60,3717,973,2684,939,66,5,29,0,13,8,131,43
20260808,r10,488,57,3722,973,2692,940,67,3,30,0,12,8,131,43
20260808,r10,489,58,3730,973,2699,940,67,0,33,0,9,8,131,43
20260808,r10,490,55,3736,977,2704,942,65,4,31,0,9,9,126,43
20260808,r10,491,58,3745,980,2707,944,64,7,29,0,9,11,126,43
20260808,r10,492,54,3750,981,2715,947,66,4,30,0,9,8,126,43
20260808,r10,493,57,3756,982,2717,950,68,2,30,0,9,8,126,43
20260808,r10,494,59,3766,982,2725,952,70,1,29,0,9,10,126,43
20260808,r10,495,61,3776,986,2729,952,66,4,30,0,9,10,131,43
20260808,r10,496,61,3784,988,2735,953,65,6,29,0,9,10,131,43
20260808,r10,497,63,3793,989,2741,956,67,3,30,0,9,10,131,43
20260808,r10,498,62,3798,990,2746,956,66,2,32,0,9,10,131,43
20260808,r10,499,55,3803,994,2754,962,68,5,27,0,9,9,131,43
20260808,r10,500,58,3810,995,2757,963,68,5,27,0,9,10,131,43
20260808,r10,501,57,3816,996,2763,965,69,2,29,0,9,8,131,43
20260808,r10,502,57,3824,1001,2766,968,67,6,27,0,9,10,131,43
20260808,r10,503,61,3833,1004,2768,969,65,8,27,0,9,11,131,43
20260808,r10,504,57,3840,1007,2776,972,65,6,29,0,9,8,131,43
20260808,r10,505,62,3850,1007,2781,972,65,3,32,0,9,9,131,43
20260808,r10,506,62,3858,1008,2788,976,68,1,31,0,9,10,131,43
20260808,r10,507,61,3865,1010,2794,978,68,3,29,0,9,9,131,43
20260808,r10,508,61,3872,1015,2796,982,67,7,26,0,8,10,131,43
20260808,r10,509,61,3878,1017,2800,982,65,7,28,0,8,10,131,43
20260808,r10,510,60,3887,1021,2806,985,64,6,30,0,8,9,131,43
20260808,r10,511,62,3895,1023,2810,985,62,6,32,0,10,8,131,43
20260808,r10,512,64,3903,1023,2816,985,62,2,36,0,15,8,131,43
20260808,r10,513,65,3913,1025,2823,988,63,2,35,0,17,7,131,43
20260808,r10,514,68,3922,1027,2827,990,63,4,33,0,16,6,131,43
20260808,r10,515,70,3931,1027,2834,994,67,2,31,0,15,7,131,43
20260808,r10,516,66,3936,1028,2842,995,67,1,32,0,13,7,131,43
20260808,r10,517,63,3941,1029,2849,996,67,2,31,0,11,8,131,43
20260808,r10,518,63,3946,1030,2853,999,69,2,29,0,10,8,131,43
20260808,r10,519,63,3954,1034,2857,1001,67,5,28,0,9,9,131,43
20260808,r10,520,62,3960,1036,2862,1006,70,6,24,0,9,8,101,38
20260808,r10,521,64,3968,1037,2867,1009,72,3,25,0,9,8,101,38
20260808,r10,522,64,3976,1037,2875,1011,74,1,25,0,9,9,101,38
20260808,r10,523,63,3985,1038,2884,1016,78,1,21,0,9,9,101,38
20260808,r10,524,62,3994,1041,2891,1016,75,4,21,0,9,8,101,38
20260808,r10,525,59,4000,1042,2899,1018,76,4,20,0,9,8,126,43
20260808,r10,526,62,4008,1042,2904,1021,79,1,20,0,9,9,126,43
20260808,r10,527,62,4017,1046,2909,1023,77,4,19,0,8,11,126,43
20260808,r10,528,64,4022,1046,2912,1023,77,4,19,0,9,11,126,43
20260808,r10,529,65,4029,1048,2916,1027,79,2,19,0,9,12,126,43
20260808,r10,530,68,4038,1050,2920,1029,79,4,17,0,9,11,131,43
20260808,r10,531,71,4048,1050,2927,1029,79,2,19,0,9,12,131,43
20260808,r10,532,69,4057,1054,2934,1029,75,4,21,0,9,13,131,43
20260808,r10,533,68,4065,1056,2941,1029,73,6,21,0,9,11,131,43
20260808,r10,534,67,4071,1056,2948,1030,74,2,24,0,9,12,131,43
20260808,r10,535,64,4076,1058,2954,1031,73,2,25,0,9,11,131,43
20260808,r10,536,64,4085,1060,2961,1033,73,4,23,0,9,11,131,43
20260808,r10,537,62,4090,1061,2967,1035,74,3,23,0,9,10,131,43
20260808,r10,538,63,4096,1062,2971,1035,73,2,25,0,9,11,131,43
20260808,r10,539,62,4106,1067,2977,1039,72,6,22,0,9,10,131,43
20260808,r10,540,58,4111,1069,2984,1040,71,7,22,0,10,10,131,43
20260808,r10,541,53,4116,1070,2993,1041,71,3,26,0,11,7,131,43
20260808,r10,542,57,4126,1070,2999,1042,72,1,27,0,11,7,131,43
20260808,r10,543,56,4133,1071,3006,1043,72,1,27,0,12,7,131,43
20260808,r10,544,57,4140,1071,3012,1044,73,1,26,0,14,6,131,43
20260808,r10,545,59,4149,1075,3015,1045,70,4,26,0,14,6,131,43
20260808,r10,546,59,4157,1076,3022,1049,73,5,22,0,13,7,131,43
20260808,r10,547,62,4167,1078,3027,1051,73,3,24,0,12,8,131,43
20260808,r10,548,66,4177,1079,3032,1052,73,3,24,0,10,9,131,43
20260808,r10,549,66,4182,1079,3037,1053,74,1,25,0,9,9,131,43
20260808,r10,550,69,4189,1080,3040,1054,74,1,25,0,9,10,126,43
20260808,r10,551,70,4196,1081,3045,1057,76,2,22,0,9,12,126,43
20260808,r10,552,69,4205,1081,3055,1060,79,1,20,0,9,11,126,43
20260808,r10,553,71,4214,1082,3061,1061,79,1,20,0,8,12,126,43
20260808,r10,554,68,4219,1083,3068,1063,80,2,18,0,8,12,126,43
20260808,r10,555,69,4228,1086,3073,1065,79,4,17,0,8,13,131,43
20260808,r10,556,71,4237,1088,3078,1066,78,5,17,0,9,12,131,43
20260808,r10,557,68,4243,1089,3086,1069,80,3,17,0,9,10,131,43
20260808,r10,558,66,4250,1089,3095,1069,80,1,19,0,9,12,131,43
20260808,r10,559,66,4257,1091,3100,1071,80,2,18,0,9,12,131,43
20260808,r10,560,65,4263,1094,3104,1072,78,5,17,0,9,11,131,43
20260808,r10,561,69,4273,1095,3109,1075,80,4,16,0,8,14,131,43
20260808,r10,562,67,4282,1097,3118,1076,79,3,18,0,9,15,131,43
20260808,r10,563,67,4289,1097,3125,1076,79,2,19,0,9,14,131,43
20260808,r10,564,68,4295,1098,3129,1077,79,1,20,0,9,15,131,43
20260808,r10,565,66,4303,1102,3135,1078,76,5,19,0,9,18,131,43
20260808,r10,566,63,4309,1103,3143,1080,77,5,18,0,9,16,131,43
20260808,r10,567,66,4318,1105,3147,1081,76,3,21,0,9,14,131,43
20260808,r10,568,61,4323,1108,3154,1082,74,5,21,0,9,14,131,43
20260808,r10,569,62,4333,1114,3157,1083,69,9,22,0,9,13,131,43
20260808,r10,570,61,4340,1118,3161,1083,65,10,25,0,9,13,121,43
20260808,r10,571,60,4347,1119,3168,1084,65,5,30,0,10,10,121,43
20260808,r10,572,58,4354,1121,3175,1085,64,3,33,0,11,9,121,43
20260808,r10,573,56,4362,1124,3182,1086,62,5,33,0,14,9,121,43
20260808,r10,574,55,4369,1126,3188,1088,62,5,33,0,14,7,121,43
20260808,r10,575,52,4375,1129,3194,1090,61,5,34,0,14,6,131,43
20260808,r10,576,51,4381,1130,3200,1091,61,4,35,0,15,7,131,43
20260808,r10,577,49,4387,1130,3208,1095,65,1,34,0,11,9,131,43
20260808,r10,578,54,4397,1132,3211,1096,64,2,34,0,9,9,131,43
20260808,r10,579,52,4402,1134,3216,1096,62,4,34,0,8,10,131,43
20260808,r10,580,56,4407,1134,3217,1099,65,2,33,0,9,11,131,43
20260808,r10,581,54,4413,1137,3222,1102,65,3,32,0,9,11,131,43
20260808,r10,582,56,4421,1139,3226,1105,66,5,29,0,9,12,131,43
20260808,r10,583,58,4431,1144,3229,1106,62,7,31,0,9,10,131,43
20260808,r10,584,61,4439,1144,3234,1109,65,5,30,0,9,10,131,43
20260808,r10,585,63,4447,1145,3239,1110,65,1,34,0,9,9,131,43
20260808,r10,586,64,4457,1150,3243,1116,66,6,28,0,9,12,131,43
20260808,r10,587,62,4463,1153,3248,1117,64,8,28,0,9,13,131,43
20260808,r10,588,60,4472,1156,3256,1120,64,6,30,0,8,15,131,43
20260808,r10,589,64,4481,1156,3261,1122,66,3,31,0,8,17,131,43
20260808,r10,590,68,4491,1159,3264,1124,65,3,32,0,8,17,131,43
20260808,r10,591,69,4498,1161,3268,1126,65,5,30,0,8,16,131,43
20260808,r10,592,71,4508,1162,3275,1127,65,3,32,0,9,16,131,43
20260808,r10,593,71,4516,1165,3280,1130,65,4,31,0,9,15,131,43
20260808,r10,594,69,4523,1166,3288,1132,66,4,30,0,9,12,131,43
20260808,r10,595,64,4528,1170,3294,1132,62,5,33,0,9,11,131,43
20260808,r10,596,62,4535,1172,3301,1133,61,6,33,0,9,10,131,43
20260808,r10,597,65,4540,1173,3302,1135,62,3,35,0,9,11,131,43
20260808,r10,598,65,4549,1175,3309,1139,64,3,33,0,9,12,131,43
20260808,r10,599,63,4557,1178,3316,1141,63,5,32,0,9,11,131,43
20260808,r10,600,57,4563,1182,3324,1143,61,7,32,0,9,10,121,40
20260808,r15,1,0,10,10,0,0,90,10,0,0,0,0,131,43
20260808,r15,2,1,19,18,0,0,82,18,0,0,0,1,131,43
20260808,r15,3,7,26,19,0,0,81,9,10,0,0,1,131,43
20260808,r15,4,10,31,21,0,0,79,3,18,0,2,3,131,43
20260808,r15,5,15,39,24,0,0,76,5,19,0,6,3,131,43
20260808,r15,6,21,46,25,0,0,75,4,21,0,7,4,131,43
20260808,r15,7,27,52,25,0,0,75,1,24,0,8,6,131,43
20260808,r15,8,34,60,26,0,0,74,1,25,0,9,7,131,43
20260808,r15,9,41,68,27,0,0,73,2,25,0,9,9,131,43
20260808,r15,10,49,78,29,0,0,71,3,26,0,9,11,131,43
20260808,r15,11,59,88,29,0,0,71,2,27,0,9,14,131,43
20260808,r15,12,66,97,30,1,1,71,1,28,0,9,14,131,43
20260808,r15,13,66,102,31,5,3,72,2,26,0,9,14,131,43
20260808,r15,14,68,110,33,9,6,73,3,24,0,9,14,131,43
20260808,r15,15,69,117,33,15,7,74,2,24,0,9,12,131,43
20260808,r15,16,68,124,35,21,7,72,2,26,0,9,12,131,43
20260808,r15,17,65,130,38,27,7,69,5,26,0,9,10,131,43
20260808,r15,18,63,135,39,33,7,68,4,28,0,9,10,131,43
20260808,r15,19,60,140,41,39,9,68,3,29,0,9,10,131,43
20260808,r15,20,55,146,46,45,15,69,7,24,0,8,10,121,40
20260808,r15,21,50,152,47,55,18,71,6,23,0,8,9,121,40
20260808,r15,22,48,159,49,62,21,72,3,25,0,7,10,121,40
20260808,r15,23,49,166,51,66,24,73,4,23,0,8,9,121,40
20260808,r15,24,50,176,54,72,25,71,5,24,0,9,8,121,40
20260808,r15,25,50,183,55,78,27,72,4,24,0,9,9,126,43
20260808,r15,26,51,190,56,83,28,72,2,26,0,9,8,126,43
20260808,r15,27,53,198,59,86,28,69,4,27,0,9,9,126,43
20260808,r15,28,54,207,62,91,28,66,6,28,0,9,8,126,43
20260808,r15,29,53,212,65,94,29,64,6,30,0,9,8,126,43
20260808,r15,30,50,219,72,97,31,59,10,31,0,9,8,131,43
20260808,r15,31,45,226,78,103,34,56,13,31,0,9,8,131,43
20260808,r15,32,41,231,82,108,36,54,10,36,0,9,7,131,43
20260808,r15,33,40,237,84,113,38,54,6,40,0,9,6,131,43
20260808,r15,34,39,244,85,120,40,55,3,42,0,9,5,131,43
20260808,r15,35,38,254,89,127,41,52,5,43,0,8,5,131,43
20260808,r15,36,34,260,93,133,43,50,8,42,0,8,5,131,43
20260808,r15,37,34,267,96,137,44,48,7,45,0,8,7,131,43
20260808,r15,38,34,275,98,143,45,47,5,48,0,7,7,131,43
20260808,r15,39,37,283,100,146,46,46,4,50,0,9,7,131,43
20260808,r15,40,40,288,102,146,50,48,4,48,0,9,8,131,43
20260808,r15,41,46,296,104,146,56,52,4,44,0,9,8,131,43
20260808,r15,42,52,305,106,147,59,53,4,43,0,9,9,131,43
20260808,r15,43,53,311,107,151,61,54,3,43,0,9,8,131,43
20260808,r15,44,55,318,109,154,64,55,3,42,0,9,8,131,43
20260808,r15,45,53,324,112,159,70,58,5,37,0,9,9,131,43
20260808,r15,46,56,331,113,162,70,57,4,39,0,9,10,131,43
20260808,r15,47,56,339,118,165,74,56,6,38,0,9,11,131,43
20260808,r15,48,60,349,121,168,77,56,8,36,0,9,9,131,43
20260808,r15,49,61,359,124,174,83,59,6,35,0,9,9,131,43
20260808,r15,50,64,365,124,177,86,62,3,35,0,9,10,126,43
20260808,r15,51,65,374,127,182,88,61,3,36,0,9,11,126,43
20260808,r15,52,63,381,128,190,89,61,4,35,0,9,10,126,43
20260808,r15,53,63,386,129,194,92,63,2,35,0,9,10,126,43
20260808,r15,54,62,392,130,200,94,64,2,34,0,9,10,126,43
20260808,r15,55,59,397,134,204,96,62,5,33,0,9,10,131,43
20260808,r15,56,58,406,138,210,98,60,8,32,0,9,11,131,43
20260808,r15,57,57,414,140,217,101,61,6,33,0,9,11,131,43
20260808,r15,58,53,419,141,225,102,61,3,36,0,9,11,131,43
20260808,r15,59,54,429,143,232,104,61,3,36,0,9,11,131,43
20260808,r15,60,49,439,152,238,108,56,11,33,0,9,10,131,43
20260808,r15,61,42,445,158,245,111,53,15,32,0,8,9,131,43
20260808,r15,62,38,455,166,251,112,46,14,40,0,8,6,131,43
20260808,r15,63,35,460,169,256,116,47,11,42,0,8,5,131,43
20260808,r15,64,36,466,169,261,117,48,3,49,0,11,4,131,43
20260808,r15,65,40,474,171,263,120,49,2,49,0,12,4,131,43
20260808,r15,66,41,482,173,268,124,51,4,45,0,12,4,131,43
20260808,r15,67,43,491,174,274,125,51,3,46,0,11,5,131,43
20260808,r15,68,45,500,177,278,127,50,4,46,0,10,5,131,43
20260808,r15,69,43,509,180,286,132,52,6,42,0,8,8,131,43
20260808,r15,70,47,515,182,286,133,51,5,44,0,8,8,131,43
20260808,r15,71,51,520,183,286,134,51,3,46,0,8,8,131,43
20260808,r15,72,57,529,186,286,138,52,4,44,0,9,9,131,43
20260808,r15,73,63,539,189,287,139,50,6,44,0,9,10,131,43
20260808,r15,74,65,548,195,288,143,48,9,43,0,9,10,131,43
20260808,r15,75,65,553,196,292,147,51,7,42,0,9,11,131,43
20260808,r15,76,65,561,202,294,150,48,7,45,0,9,10,131,43
20260808,r15,77,63,570,207,300,153,46,11,43,0,9,10,131,43
20260808,r15,78,62,577,210,305,157,47,8,45,0,9,10,131,43
20260808,r15,79,62,587,212,313,159,47,5,48,0,9,9,131,43
20260808,r15,80,61,594,215,318,163,48,5,47,0,9,11,131,43
20260808,r15,81,61,599,215,323,167,52,3,45,0,9,11,131,43
20260808,r15,82,59,606,217,330,170,53,2,45,0,9,9,131,43
20260808,r15,83,60,616,219,337,173,54,4,42,0,9,8,131,43
20260808,r15,84,59,623,223,341,177,54,6,40,0,8,9,131,43
20260808,r15,85,64,633,225,344,181,56,6,38,0,9,10,131,43
20260808,r15,86,64,638,226,348,182,56,3,41,0,9,10,131,43
20260808,r15,87,67,648,230,351,185,55,5,40,0,9,11,131,43
20260808,r15,88,69,658,235,354,185,50,9,41,0,9,10,131,43
20260808,r15,89,69,666,236,361,190,54,6,40,0,9,10,131,43
20260808,r15,90,68,676,244,364,192,48,9,43,0,10,9,131,43
20260808,r15,91,69,683,245,369,196,51,9,40,0,12,9,131,43
20260808,r15,92,68,689,246,375,199,53,2,45,0,13,8,131,43
20260808,r15,93,61,695,249,385,202,53,4,43,0,14,6,131,43
20260808,r15,94,59,700,250,391,205,55,4,41,0,14,6,131,43
20260808,r15,95,57,707,252,398,210,58,3,39,0,16,6,131,43
20260808,r15,96,58,716,256,402,213,57,6,37,0,15,7,131,43
20260808,r15,97,51,721,260,410,216,56,8,36,0,14,9,131,43
20260808,r15,98,49,729,261,419,219,58,5,37,0,10,9,131,43
20260808,r15,99,48,739,266,425,221,55,6,39,0,9,11,131,43
20260808,r15,100,53,744,266,425,225,59,5,36,0,9,11,121,40
20260808,r15,101,55,749,267,427,227,60,1,39,0,9,11,121,40
20260808,r15,102,54,755,268,433,230,62,2,36,0,9,11,121,40
20260808,r15,103,56,763,272,435,235,63,5,32,0,9,11,121,40
20260808,r15,104,58,770,273,439,235,62,5,33,0,9,11,121,40
20260808,r15,105,56,777,275,446,238,63,3,34,0,9,11,131,43
20260808,r15,106,54,784,278,452,240,62,5,33,0,9,11,131,43
20260808,r15,107,58,792,278,456,242,64,3,33,0,9,11,131,43
20260808,r15,108,61,802,280,461,249,69,2,29,0,9,11,131,43
20260808,r15,109,62,812,283,467,251,68,5,27,0,9,11,131,43
20260808,r15,110,65,821,284,472,253,69,4,27,0,9,11,131,43
20260808,r15,111,70,830,284,476,257,73,1,26,0,9,11,131,43
20260808,r15,112,72,839,287,480,258,71,3,26,0,9,13,131,43
20260808,r15,113,73,848,289,486,261,72,5,23,0,9,13,131,43
20260808,r15,114,75,858,292,491,263,71,5,24,0,9,14,131,43
20260808,r15,115,73,864,295,496,265,70,6,24,0,9,15,131,43
20260808,r15,116,73,870,297,500,267,70,5,25,0,9,15,131,43
20260808,r15,117,72,877,297,508,267,70,2,28,0,9,14,131,43
20260808,r15,118,70,885,297,518,269,72,0,28,0,9,15,131,43
20260808,r15,119,71,893,300,522,273,73,3,24,0,9,12,131,43
20260808,r15,120,64,901,307,530,275,68,10,22,0,9,10,131,43
20260808,r15,121,60,908,310,538,277,67,10,23,0,10,10,131,43
20260808,r15,122,58,915,312,545,278,66,5,29,0,12,8,131,43
20260808,r15,123,54,920,313,553,280,67,3,30,0,13,7,131,43
20260808,r15,124,52,927,315,560,283,68,3,29,0,13,6,131,43
20260808,r15,125,49,932,319,564,283,64,6,30,0,14,7,121,40
20260808,r15,126,49,939,321,569,284,63,6,31,0,15,8,121,40
20260808,r15,127,45,944,323,576,285,62,4,34,0,13,9,121,40
20260808,r15,128,42,950,324,584,285,61,3,36,0,9,10,121,40
20260808,r15,129,39,955,324,592,286,62,1,37,0,8,11,121,40
20260808,r15,130,42,960,326,592,291,65,2,33,0,8,11,131,43
20260808,r15,131,48,970,330,592,294,64,6,30,0,9,13,131,43
20260808,r15,132,54,978,332,592,296,64,6,30,0,9,15,131,43
20260808,r15,133,55,983,333,595,299,66,3,31,0,9,14,131,43
20260808,r15,134,58,993,335,600,303,68,3,29,0,9,12,131,43
20260808,r15,135,57,998,337,604,304,67,4,29,0,9,12,131,43
20260808,r15,136,58,1008,339,611,307,68,4,28,0,9,10,131,43
20260808,r15,137,61,1015,339,615,309,70,2,28,0,9,9,131,43
20260808,r15,138,60,1021,343,618,311,68,4,28,0,9,9,131,43
20260808,r15,139,60,1026,343,623,312,69,4,27,0,9,9,131,43
20260808,r15,140,59,1031,344,628,314,70,1,29,0,9,10,131,43
20260808,r15,141,57,1036,344,635,317,73,1,26,0,9,12,131,43
20260808,r15,142,57,1046,347,642,318,71,3,26,0,9,12,131,43
20260808,r15,143,58,1052,348,646,321,73,4,23,0,9,13,131,43
20260808,r15,144,57,1062,350,655,322,72,3,25,0,9,12,131,43
20260808,r15,145,60,1071,354,657,327,73,6,21,0,9,11,131,43
20260808,r15,146,60,1080,356,664,330,74,6,20,0,9,10,131,43
20260808,r15,147,58,1085,358,669,331,73,4,23,0,8,9,131,43
20260808,r15,148,60,1091,358,673,332,74,2,24,0,8,11,131,43
20260808,r15,149,64,1100,358,678,333,75,0,25,0,9,10,131,43
20260808,r15,150,61,1106,364,681,333,69,6,25,0,9,10,131,43
20260808,r15,151,56,1112,370,686,335,65,12,23,0,9,9,131,43
20260808,r15,152,49,1118,375,694,338,63,11,26,0,9,9,131,43
20260808,r15,153,53,1128,375,700,338,63,5,32,0,12,8,131,43
20260808,r15,154,50,1137,379,708,339,60,4,36,0,13,6,131,43
20260808,r15,155,51,1147,382,714,340,58,7,35,0,15,6,126,43
20260808,r15,156,49,1153,383,721,340,57,4,39,0,14,6,126,43
20260808,r15,157,52,1162,384,726,340,56,2,42,0,11,8,126,43
20260808,r15,158,55,1172,386,731,343,57,3,40,0,9,11,126,43
20260808,r15,159,52,1182,392,738,346,54,8,38,0,8,12,126,43
20260808,r15,160,58,1191,395,738,350,55,9,36,0,8,13,131,43
20260808,r15,161,66,1200,396,738,352,56,4,40,0,8,13,131,43
20260808,r15,162,72,1210,400,738,353,53,5,42,0,8,14,131,43
20260808,r15,163,74,1216,401,741,357,56,5,39,0,8,12,131,43
20260808,r15,164,74,1224,403,747,357,54,3,43,0,8,13,131,43
20260808,r15,165,69,1229,406,754,362,56,5,39,0,8,11,131,43
20260808,r15,166,72,1236,407,757,366,59,4,37,0,9,11,131,43
20260808,r15,167,69,1245,412,764,371,59,6,35,0,9,10,131,43
20260808,r15,168,66,1254,414,774,371,57,7,36,0,9,10,131,43
20260808,r15,169,68,1264,416,780,375,59,4,37,0,9,11,131,43
20260808,r15,170,69,1273,420,784,376,56,6,38,0,9,11,131,43
20260808,r15,171,68,1281,424,789,378,54,8,38,0,9,9,131,43
20260808,r15,172,67,1289,427,795,382,55,7,38,0,9,10,131,43
20260808,r15,173,64,1294,431,799,386,55,7,38,0,9,9,131,43
20260808,r15,174,61,1301,434,806,389,55,7,38,0,9,10,131,43
20260808,r15,175,61,1309,439,809,391,52,8,40,0,9,10,131,43
20260808,r15,176,59,1317,444,814,395,51,10,39,0,9,10,131,43
20260808,r15,177,60,1325,447,818,395,48,8,44,0,9,11,131,43
20260808,r15,178,58,1331,450,823,396,46,6,48,0,9,10,131,43
20260808,r15,179,51,1336,455,830,399,44,8,48,0,8,8,131,43
20260808,r15,180,44,1344,463,837,402,39,13,48,0,8,8,121,40
20260808,r15,181,46,1354,467,841,403,36,12,52,0,10,8,121,40
20260808,r15,182,44,1362,470,848,408,38,7,55,0,11,6,121,40
20260808,r15,183,48,1371,471,852,411,40,4,56,0,14,5,121,40
20260808,r15,184,48,1377,472,857,417,45,2,53,0,13,6,121,40
20260808,r15,185,48,1383,475,860,420,45,4,51,0,12,6,131,43
20260808,r15,186,46,1388,478,864,421,43,6,51,0,12,6,131,43
20260808,r15,187,44,1393,480,869,427,47,5,48,0,9,7,131,43
20260808,r15,188,47,1403,483,873,431,48,5,47,0,8,8,131,43
20260808,r15,189,48,1411,486,877,434,48,6,46,0,8,9,131,43
20260808,r15,190,57,1421,487,877,436,49,4,47,0,8,12,131,43
20260808,r15,191,57,1426,488,881,440,52,2,46,0,8,12,131,43
20260808,r15,192,56,1433,491,886,442,51,4,45,0,8,12,131,43
20260808,r15,193,57,1443,492,894,447,55,4,41,0,8,13,131,43
20260808,r15,194,58,1449,493,898,452,59,2,39,0,7,12,131,43
20260808,r15,195,59,1459,498,902,455,57,6,37,0,7,12,131,43
20260808,r15,196,62,1465,499,904,459,60,6,34,0,8,13,131,43
20260808,r15,197,65,1474,501,908,461,60,3,37,0,8,14,131,43
20260808,r15,198,62,1479,501,916,463,62,2,36,0,9,14,131,43
20260808,r15,199,61,1486,503,922,467,64,2,34,0,9,13,131,43
20260808,r15,200,59,1495,506,930,471,65,5,30,0,9,12,131,43
20260808,r15,201,63,1503,506,934,475,69,3,28,0,9,10,131,43
20260808,r15,202,61,1508,510,937,477,67,4,29,0,8,10,131,43
20260808,r15,203,57,1515,514,944,483,69,8,23,0,8,11,131,43
20260808,r15,204,61,1524,515,948,486,71,5,24,0,8,10,131,43
20260808,r15,205,62,1532,520,950,488,68,6,26,0,8,10,131,43
20260808,r15,206,63,1537,521,953,489,68,6,26,0,9,11,131,43
20260808,r15,207,62,1547,524,961,490,66,4,30,0,9,11,131,43
20260808,r15,208,62,1552,525,965,493,68,4,28,0,9,11,131,43
20260808,r15,209,60,1557,527,970,494,67,3,30,0,9,11,131,43
20260808,r15,210,54,1562,532,976,498,66,7,27,0,9,9,131,43
20260808,r15,211,47,1568,537,984,499,62,10,28,0,9,8,131,43
20260808,r15,212,47,1576,540,989,500,60,8,32,0,11,8,131,43
20260808,r15,213,46,1582,543,993,501,58,6,36,0,11,7,131,43
20260808,r15,214,47,1592,544,1001,502,58,4,38,0,12,5,131,43
20260808,r15,215,49,1602,549,1004,504,55,6,39,0,14,6,131,43
20260808,r15,216,48,1608,552,1008,507,55,8,37,0,13,7,131,43
20260808,r15,217,46,1615,554,1015,509,55,5,40,0,10,7,131,43
20260808,r15,218,45,1621,556,1020,511,55,4,41,0,8,8,131,43
20260808,r15,219,48,1631,559,1024,513,54,5,41,0,8,9,131,43
20260808,r15,220,53,1639,562,1024,515,53,6,41,0,9,10,131,43
20260808,r15,221,57,1644,563,1024,516,53,4,43,0,9,11,131,43
20260808,r15,222,61,1651,565,1025,519,54,3,43,0,9,12,131,43
20260808,r15,223,67,1659,565,1027,521,56,2,42,0,9,13,131,43
20260808,r15,224,65,1666,567,1034,525,58,2,40,0,9,13,131,43
20260808,r15,225,60,1671,568,1043,528,60,3,37,0,9,11,131,43
20260808,r15,226,64,1681,570,1047,533,63,3,34,0,9,12,131,43
20260808,r15,227,63,1688,572,1053,539,67,4,29,0,9,13,131,43
20260808,r15,228,63,1694,574,1057,543,69,4,27,0,9,14,131,43
20260808,r15,229,58,1699,576,1065,543,67,4,29,0,9,15,131,43
20260808,r15,230,60,1708,579,1069,547,68,5,27,0,9,14,131,43
20260808,r15,231,63,1718,583,1072,548,65,7,28,0,9,14,131,43
20260808,r15,232,59,1723,585,1079,550,65,6,29,0,9,13,131,43
20260808,r15,233,56,1732,590,1086,551,61,7,32,0,8,11,131,43
20260808,r15,234,60,1741,590,1091,553,63,5,32,0,8,11,131,43
20260808,r15,235,65,1751,592,1094,555,63,2,35,0,8,13,111,40
20260808,r15,236,61,1757,593,1103,557,64,3,33,0,8,12,111,40
20260808,r15,237,65,1767,594,1108,561,67,2,31,0,9,13,111,40
20260808,r15,238,64,1773,597,1112,563,66,4,30,0,8,13,111,40
20260808,r15,239,66,1779,599,1114,565,66,5,29,0,8,14,111,40
20260808,r15,240,60,1786,604,1122,569,65,7,28,0,8,13,131,43
20260808,r15,241,57,1796,609,1130,571,62,10,28,0,10,10,131,43
20260808,r15,242,60,1803,610,1133,572,62,6,32,0,12,10,131,43
20260808,r15,243,61,1810,610,1139,573,63,1,36,0,14,10,131,43
20260808,r15,244,53,1815,614,1148,573,59,4,37,0,14,6,131,43
20260808,r15,245,47,1823,620,1156,574,54,10,36,0,15,5,131,43
20260808,r15,246,48,1833,624,1161,575,51,10,39,0,14,5,131,43
20260808,r15,247,40,1838,629,1169,577,48,9,43,0,11,6,131,43
20260808,r15,248,44,1847,631,1172,579,48,7,45,0,10,7,131,43
20260808,r15,249,41,1855,637,1177,584,47,8,45,0,9,7,131,43
20260808,r15,250,43,1861,641,1177,588,47,10,43,0,9,7,131,43
20260808,r15,251,45,1869,642,1182,592,50,5,45,0,9,8,131,43
20260808,r15,252,46,1876,643,1187,594,51,2,47,0,9,9,131,43
20260808,r15,253,49,1884,645,1190,596,51,3,46,0,9,10,131,43
20260808,r15,254,53,1894,651,1190,599,48,8,44,0,9,10,131,43
20260808,r15,255,59,1903,654,1190,604,50,9,41,0,9,12,122,43
20260808,r15,256,60,1911,656,1195,605,49,5,46,0,8,13,122,43
20260808,r15,257,63,1916,656,1197,608,52,2,46,0,8,13,122,43
20260808,r15,258,64,1926,657,1205,614,57,1,42,0,9,13,122,43
20260808,r15,259,68,1934,658,1208,616,58,2,40,0,9,14,122,43
20260808,r15,260,68,1940,660,1212,617,57,3,40,0,9,15,131,43
20260808,r15,261,66,1949,663,1220,617,54,5,41,0,9,14,131,43
20260808,r15,262,63,1954,665,1226,620,55,5,40,0,9,14,131,43
20260808,r15,263,61,1961,668,1232,626,58,5,37,0,9,12,131,43
20260808,r15,264,61,1969,669,1239,630,61,4,35,0,9,10,131,43
20260808,r15,265,62,1978,672,1244,632,60,4,36,0,9,10,131,43
20260808,r15,266,64,1987,673,1250,636,63,4,33,0,9,11,131,43
20260808,r15,267,67,1995,674,1254,640,66,2,32,0,9,12,131,43
20260808,r15,268,61,2001,676,1264,645,69,3,28,0,8,11,131,43
20260808,r15,269,63,2010,679,1268,648,69,5,26,0,9,11,131,43
20260808,r15,270,58,2015,685,1272,650,65,9,26,0,9,10,131,43
20260808,r15,271,53,2021,690,1278,650,60,11,29,0,9,8,131,43
20260808,r15,272,55,2027,690,1282,652,62,5,33,0,11,8,131,43
20260808,r15,273,54,2033,691,1288,652,61,1,38,0,12,8,131,43
20260808,r15,274,54,2042,693,1295,654,61,3,36,0,14,7,131,43
20260808,r15,275,52,2049,696,1301,657,61,5,34,0,13,7,131,43
20260808,r15,276,51,2059,699,1309,657,58,6,36,0,13,6,131,43
20260808,r15,277,49,2067,701,1317,659,58,5,37,0,13,8,131,43
20260808,r15,278,49,2073,703,1321,661,58,4,38,0,10,8,131,43
20260808,r15,279,47,2083,707,1329,664,57,6,37,0,9,9,131,43
20260808,r15,280,50,2088,709,1329,666,57,6,37,0,9,9,131,43
20260808,r15,281,52,2093,712,1329,668,56,5,39,0,9,8,131,43
20260808,r15,282,54,2100,713,1333,671,58,4,38,0,9,9,131,43
20260808,r15,283,58,2109,714,1337,674,60,2,38,0,9,10,131,43
20260808,r15,284,60,2119,716,1343,678,62,3,35,0,9,9,131,43
20260808,r15,285,60,2126,720,1346,682,62,6,32,0,8,10,121,40
20260808,r15,286,62,2136,722,1352,685,63,6,31,0,8,11,121,40
20260808,r15,287,63,2145,725,1357,689,64,5,31,0,8,12,121,40
20260808,r15,288,68,2155,727,1360,689,62,5,33,0,8,16,121,40
20260808,r15,289,66,2162,732,1364,690,58,7,35,0,9,14,121,40
20260808,r15,290,68,2168,734,1366,693,59,7,34,0,9,13,126,43
20260808,r15,291,70,2174,736,1368,694,58,4,38,0,9,12,126,43
20260808,r15,292,69,2180,739,1372,696,57,5,38,0,9,13,126,43
20260808,r15,293,68,2189,741,1380,698,57,5,38,0,9,11,126,43
20260808,r15,294,64,2195,743,1388,701,58,4,38,0,9,11,126,43
20260808,r15,295,64,2202,745,1393,704,59,4,37,0,9,12,131,43
20260808,r15,296,57,2207,749,1401,706,57,6,37,0,9,13,131,43
20260808,r15,297,59,2216,750,1407,709,59,5,36,0,9,13,131,43
20260808,r15,298,56,2224,752,1416,712,60,3,37,0,9,13,131,43
20260808,r15,299,59,2234,754,1421,714,60,4,36,0,9,13,131,43
20260808,r15,300,54,2240,763,1423,716,53,11,36,0,9,11,131,43
20260808,r15,301,52,2245,765,1428,718,53,11,36,0,9,9,131,43
20260808,r15,302,51,2254,770,1433,719,49,7,44,0,11,7,131,43
20260808,r15,303,49,2261,772,1440,722,50,7,43,0,13,7,131,43
20260808,r15,304,49,2266,772,1445,722,50,2,48,0,14,6,131,43
20260808,r15,305,47,2274,777,1450,727,50,5,45,0,13,5,131,43
20260808,r15,306,50,2282,779,1453,732,53,7,40,0,13,5,131,43
20260808,r15,307,48,2288,780,1460,736,56,3,41,0,11,6,131,43
20260808,r15,308,52,2297,780,1465,739,59,1,40,0,11,7,131,43
20260808,r15,309,48,2307,786,1473,742,56,6,38,0,9,8,131,43
20260808,r15,310,54,2315,788,1473,744,56,8,36,0,9,9,131,43
20260808,r15,311,60,2324,790,1474,745,55,4,41,0,9,9,131,43
20260808,r15,312,61,2333,793,1479,748,55,5,40,0,9,10,131,43
20260808,r15,313,60,2338,795,1483,750,55,5,40,0,9,10,131,43
20260808,r15,314,63,2348,797,1488,754,57,4,39,0,9,12,131,43
20260808,r15,315,64,2355,799,1492,754,55,4,41,0,9,13,131,43
20260808,r15,316,66,2365,800,1499,757,57,3,40,0,9,13,131,43
20260808,r15,317,69,2375,804,1502,763,59,5,36,0,9,14,131,43
20260808,r15,318,66,2383,807,1510,764,57,7,36,0,9,13,131,43
20260808,r15,319,67,2391,809,1515,765,56,5,39,0,9,12,131,43
20260808,r15,320,67,2398,809,1522,770,61,2,37,0,9,10,131,43
20260808,r15,321,66,2407,813,1528,774,61,4,35,0,9,9,131,43
20260808,r15,322,64,2415,819,1532,778,59,10,31,0,9,9,131,43
20260808,r15,323,69,2425,820,1536,780,60,7,33,0,9,9,131,43
20260808,r15,324,65,2430,822,1543,782,60,3,37,0,9,10,131,43
20260808,r15,325,63,2435,824,1548,785,61,4,35,0,9,9,131,43
20260808,r15,326,58,2441,826,1557,787,61,4,35,0,9,9,131,43
20260808,r15,327,55,2450,830,1565,788,58,6,36,0,9,9,131,43
20260808,r15,328,56,2457,833,1568,791,58,7,35,0,9,9,131,43
20260808,r15,329,54,2465,836,1575,794,58,6,36,0,9,11,131,43
20260808,r15,330,51,2471,840,1580,796,56,7,37,0,8,11,131,43
20260808,r15,331,53,2479,841,1585,799,58,5,37,0,10,10,131,43
20260808,r15,332,57,2489,844,1588,801,57,4,39,0,10,9,131,43
20260808,r15,333,53,2495,845,1597,802,57,4,39,0,13,8,131,43
20260808,r15,334,56,2504,847,1601,805,58,3,39,0,15,8,131,43
20260808,r15,335,57,2513,851,1605,809,58,6,36,0,15,7,121,40
20260808,r15,336,56,2518,853,1609,813,60,6,34,0,14,6,121,40
20260808,r15,337,55,2523,854,1614,817,63,3,34,0,13,7,121,40
20260808,r15,338,56,2533,857,1620,817,60,4,36,0,11,8,121,40
20260808,r15,339,54,2539,859,1626,818,59,5,36,0,9,8,121,40
20260808,r15,340,60,2547,861,1626,822,61,4,35,0,9,9,131,43
20260808,r15,341,65,2553,861,1627,824,63,2,35,0,9,10,131,43
20260808,r15,342,62,2558,861,1635,826,65,0,35,0,9,10,131,43
20260808,r15,343,63,2565,861,1641,829,68,0,32,0,9,9,131,43
20260808,r15,344,61,2575,867,1647,833,66,6,28,0,9,10,131,43
20260808,r15,345,61,2584,871,1652,837,66,10,24,0,9,10,131,43
20260808,r15,346,63,2591,872,1656,840,68,5,27,0,9,9,131,43
20260808,r15,347,65,2597,875,1657,843,68,4,28,0,9,10,131,43
20260808,r15,348,65,2607,878,1664,844,66,6,28,0,9,15,131,43
20260808,r15,349,65,2614,883,1666,847,64,8,28,0,9,14,131,43
20260808,r15,350,65,2622,887,1670,847,60,9,31,0,9,12,131,43
20260808,r15,351,62,2628,891,1675,849,58,8,34,0,9,11,131,43
20260808,r15,352,65,2635,893,1677,852,59,6,35,0,9,10,131,43
20260808,r15,353,62,2643,897,1684,853,56,6,38,0,9,11,131,43
20260808,r15,354,62,2652,901,1689,853,52,8,40,0,9,11,131,43
20260808,r15,355,60,2657,903,1694,854,51,6,43,0,9,10,131,43
20260808,r15,356,55,2665,911,1699,860,49,10,41,0,9,7,131,43
20260808,r15,357,60,2673,912,1701,863,51,9,40,0,9,8,131,43
20260808,r15,358,57,2679,913,1709,864,51,2,47,0,9,9,131,43
20260808,r15,359,60,2687,915,1712,865,50,3,47,0,9,9,131,43
20260808,r15,360,58,2693,917,1718,867,50,4,46,0,10,8,126,43
20260808,r15,361,58,2702,922,1722,870,48,7,45,0,12,7,126,43
20260808,r15,362,55,2707,925,1727,873,48,8,44,0,13,6,126,43
20260808,r15,363,57,2717,929,1731,876,47,7,46,0,15,6,126,43
20260808,r15,364,54,2723,932,1737,880,48,7,45,0,16,6,126,43
20260808,r15,365,53,2728,934,1741,882,48,5,47,0,15,5,131,43
20260808,r15,366,53,2738,938,1747,886,48,6,46,0,14,6,131,43
20260808,r15,367,48,2743,940,1755,893,53,6,41,0,12,7,131,43
20260808,r15,368,50,2752,942,1760,894,52,4,44,0,10,8,131,43
20260808,r15,369,45,2758,948,1765,896,48,8,44,0,8,9,131,43
20260808,r15,370,53,2768,950,1765,899,49,8,43,0,9,10,131,43
20260808,r15,371,55,2774,952,1767,904,52,4,44,0,9,11,131,43
20260808,r15,372,60,2782,953,1769,906,53,3,44,0,9,12,131,43
20260808,r15,373,58,2791,955,1778,910,55,3,42,0,9,12,131,43
20260808,r15,374,59,2798,957,1782,915,58,4,38,0,9,15,131,43
20260808,r15,375,62,2805,957,1786,915,58,2,40,0,9,16,131,43
20260808,r15,376,60,2812,959,1793,918,59,2,39,0,9,15,131,43
20260808,r15,377,61,2818,960,1797,919,59,3,38,0,9,15,131,43
20260808,r15,378,58,2824,964,1802,924,60,5,35,0,9,12,131,43
20260808,r15,379,60,2833,968,1805,927,59,8,33,0,9,10,131,43
20260808,r15,380,62,2842,968,1812,931,63,4,33,0,9,9,115,42
20260808,r15,381,66,2852,969,1817,933,64,1,35,0,9,10,115,42
20260808,r15,382,69,2862,970,1823,937,67,2,31,0,9,10,115,42
20260808,r15,383,69,2871,972,1830,941,69,3,28,0,9,11,115,42
20260808,r15,384,69,2877,973,1835,943,70,3,27,0,9,12,115,42
20260808,r15,385,68,2884,976,1840,948,72,4,24,0,9,12,131,43
20260808,r15,386,72,2894,977,1845,949,72,4,24,0,9,12,131,43
20260808,r15,387,76,2904,979,1849,951,72,3,25,0,9,12,131,43
20260808,r15,388,77,2914,984,1853,951,67,7,26,0,9,11,131,43
20260808,r15,389,80,2923,984,1859,954,70,5,25,0,9,12,131,43
20260808,r15,390,71,2928,989,1868,955,66,5,29,0,9,11,121,40
20260808,r15,391,66,2938,995,1877,955,60,11,29,0,10,10,121,40
20260808,r15,392,59,2943,997,1887,955,58,8,34,0,9,8,121,40
20260808,r15,393,54,2949,1000,1895,956,56,5,39,0,9,8,121,40
20260808,r15,394,55,2957,1002,1900,960,58,5,37,0,14,8,121,40
20260808,r15,395,54,2965,1007,1904,963,56,7,37,0,16,7,131,43
20260808,r15,396,52,2975,1010,1913,965,55,8,37,0,14,6,131,43
20260808,r15,397,50,2983,1011,1922,967,56,4,40,0,12,7,131,43
20260808,r15,398,48,2990,1014,1928,970,56,4,40,0,12,7,131,43
20260808,r15,399,46,2998,1016,1936,970,54,5,41,0,9,8,131,43
20260808,r15,400,49,3003,1018,1936,972,54,4,42,0,9,8,131,43
20260808,r15,401,57,3013,1020,1936,974,54,4,42,0,9,9,131,43
20260808,r15,402,65,3022,1020,1937,978,58,2,40,0,9,10,131,43
20260808,r15,403,69,3030,1020,1941,981,61,0,39,0,9,12,131,43
20260808,r15,404,68,3038,1021,1949,984,63,1,36,0,9,12,131,43
20260808,r15,405,67,3044,1024,1953,986,62,4,34,0,9,12,131,43
20260808,r15,406,66,3052,1025,1961,988,63,4,33,0,9,12,131,43
20260808,r15,407,63,3058,1026,1969,991,65,2,33,0,9,12,131,43
20260808,r15,408,65,3066,1030,1971,994,64,5,31,0,9,10,131,43
20260808,r15,409,65,3074,1032,1977,997,65,6,29,0,9,10,131,43
20260808,r15,410,70,3084,1035,1979,1000,65,5,30,0,9,10,131,43
20260808,r15,411,69,3091,1037,1985,1001,64,5,31,0,9,10,131,43
20260808,r15,412,65,3096,1037,1994,1005,68,2,30,0,9,10,131,43
20260808,r15,413,62,3104,1040,2002,1008,68,3,29,0,9,10,131,43
20260808,r15,414,62,3114,1043,2009,1008,65,6,29,0,9,9,131,43
20260808,r15,415,61,3121,1047,2013,1009,62,7,31,0,9,9,131,43
20260808,r15,416,58,3126,1048,2020,1015,67,5,28,0,9,9,131,43
20260808,r15,417,57,3132,1050,2025,1016,66,3,31,0,8,9,131,43
20260808,r15,418,55,3140,1053,2032,1018,65,5,30,0,8,9,131,43
20260808,r15,419,55,3147,1054,2038,1019,65,4,31,0,8,10,131,43
20260808,r15,420,46,3157,1064,2047,1022,58,11,31,0,8,10,131,43
20260808,r15,421,40,3164,1071,2053,1024,53,17,30,0,7,9,131,43
20260808,r15,422,39,3173,1077,2057,1027,50,13,37,0,8,8,131,43
20260808,r15,423,34,3179,1082,2063,1027,45,11,44,0,7,5,131,43
20260808,r15,424,33,3186,1085,2068,1030,45,8,47,0,8,4,131,43
20260808,r15,425,34,3194,1089,2071,1034,45,7,48,0,8,5,131,43
20260808,r15,426,35,3199,1089,2075,1034,45,4,51,0,8,7,131,43
20260808,r15,427,39,3209,1092,2078,1037,45,3,52,0,8,9,131,43
20260808,r15,428,40,3215,1093,2082,1038,45,4,51,0,8,11,131,43
20260808,r15,429,38,3223,1096,2089,1042,46,4,50,0,8,11,131,43
20260808,r15,430,45,3233,1099,2089,1044,45,6,49,0,9,12,131,43
20260808,r15,431,48,3241,1104,2089,1046,42,8,50,0,9,12,131,43
20260808,r15,432,54,3250,1107,2089,1048,41,8,51,0,9,13,131,43
20260808,r15,433,55,3257,1113,2089,1051,38,9,53,0,9,12,131,43
20260808,r15,434,59,3266,1117,2090,1057,40,10,50,0,9,11,131,43
20260808,r15,435,55,3272,1123,2094,1061,38,10,52,0,9,10,131,43
20260808,r15,436,58,3282,1129,2095,1066,37,12,51,0,9,9,131,43
20260808,r15,437,61,3291,1131,2099,1069,38,8,54,0,9,9,131,43
20260808,r15,438,65,3299,1131,2103,1070,39,2,59,0,8,11,131,43
20260808,r15,439,63,3304,1132,2109,1076,44,1,55,0,8,10,131,43
20260808,r15,440,62,3313,1134,2117,1078,44,3,53,0,8,10,131,43
20260808,r15,441,64,3322,1137,2121,1080,43,5,52,0,9,11,131,43
20260808,r15,442,59,3328,1141,2128,1085,44,7,49,0,9,10,131,43
20260808,r15,443,59,3334,1144,2131,1090,46,7,47,0,9,9,131,43
20260808,r15,444,63,3344,1145,2136,1092,47,4,49,0,9,11,131,43
20260808,r15,445,66,3350,1145,2139,1095,50,1,49,0,9,12,121,40
20260808,r15,446,61,3357,1149,2147,1101,52,4,44,0,9,11,121,40
20260808,r15,447,62,3366,1149,2155,1106,57,4,39,0,9,12,121,40
20260808,r15,448,62,3374,1152,2160,1110,58,3,39,0,9,11,121,40
20260808,r15,449,60,3381,1157,2164,1113,56,8,36,0,9,10,121,40
20260808,r15,450,53,3387,1162,2172,1115,53,10,37,0,9,9,131,43
20260808,r15,451,53,3394,1164,2177,1116,52,7,41,0,9,8,131,43
20260808,r15,452,52,3399,1166,2181,1119,53,4,43,0,14,7,131,43
20260808,r15,453,55,3407,1167,2185,1122,55,3,42,0,14,7,131,43
20260808,r15,454,53,3414,1167,2194,1126,59,1,40,0,14,6,131,43
20260808,r15,455,53,3420,1167,2200,1129,62,0,38,0,15,6,131,43
20260808,r15,456,55,3428,1169,2204,1135,66,2,32,0,14,6,131,43
20260808,r15,457,49,3434,1173,2212,1139,66,6,28,0,10,7,131,43
20260808,r15,458,49,3443,1175,2219,1140,65,6,29,0,9,7,131,43
20260808,r15,459,52,3449,1177,2220,1141,64,4,32,0,9,9,131,43
20260808,r15,460,59,3459,1180,2220,1144,64,5,31,0,9,11,131,43
20260808,r15,461,62,3467,1182,2223,1145,63,5,32,0,9,10,131,43
20260808,r15,462,63,3477,1186,2228,1146,60,6,34,0,9,10,131,43
20260808,r15,463,65,3487,1187,2235,1150,63,5,32,0,9,10,131,43
20260808,r15,464,63,3492,1187,2242,1152,65,1,34,0,9,10,131,43
20260808,r15,465,61,3498,1189,2248,1155,66,2,32,0,9,10,131,43
20260808,r15,466,58,3503,1190,2255,1157,67,3,30,0,9,8,131,43
20260808,r15,467,60,3512,1196,2256,1159,63,7,30,0,9,9,131,43
20260808,r15,468,57,3518,1198,2263,1161,63,8,29,0,9,9,131,43
20260808,r15,469,56,3525,1201,2268,1162,61,5,34,0,9,10,131,43
20260808,r15,470,57,3535,1204,2274,1163,59,6,35,0,9,10,131,43
20260808,r15,471,60,3545,1206,2279,1170,64,5,31,0,9,10,131,43
20260808,r15,472,57,3550,1208,2285,1173,65,4,31,0,9,9,131,43
20260808,r15,473,56,3559,1210,2293,1177,67,4,29,0,9,8,131,43
20260808,r15,474,54,3566,1216,2296,1178,62,8,30,0,9,9,131,43
20260808,r15,475,56,3573,1217,2300,1179,62,7,31,0,9,10,131,43
20260808,r15,476,56,3579,1220,2303,1180,60,4,36,0,9,10,131,43
20260808,r15,477,59,3588,1221,2308,1181,60,4,36,0,9,13,131,43
20260808,r15,478,62,3597,1223,2312,1182,59,3,38,0,8,13,131,43
20260808,r15,479,62,3603,1224,2317,1184,60,3,37,0,8,13,131,43
20260808,r15,480,54,3609,1230,2325,1190,60,7,33,0,8,12,131,43
20260808,r15,481,48,3619,1237,2334,1192,55,13,32,0,9,9,131,43
20260808,r15,482,49,3624,1238,2337,1195,57,8,35,0,10,9,131,43
20260808,r15,483,46,3630,1240,2344,1196,56,3,41,0,11,8,131,43
20260808,r15,484,49,3638,1242,2347,1198,56,4,40,0,13,7,131,43
20260808,r15,485,52,3647,1243,2352,1200,57,3,40,0,15,6,131,43
20260808,r15,486,53,3653,1243,2357,1203,60,1,39,0,15,6,131,43
20260808,r15,487,47,3658,1246,2365,1206,60,3,37,0,13,6,131,43
20260808,r15,488,42,3663,1249,2372,1213,64,6,30,0,9,6,131,43
20260808,r15,489,42,3671,1252,2377,1215,63,6,31,0,8,8,131,43
20260808,r15,490,47,3676,1252,2377,1217,65,3,32,0,8,9,126,43
20260808,r15,491,53,3683,1253,2377,1220,67,1,32,0,8,10,126,43
20260808,r15,492,54,3689,1254,2381,1222,68,2,30,0,9,11,126,43
20260808,r15,493,57,3698,1255,2386,1223,68,2,30,0,9,12,126,43
20260808,r15,494,60,3707,1256,2391,1223,67,2,31,0,8,12,126,43
20260808,r15,495,58,3717,1260,2399,1226,66,5,29,0,9,11,131,43
20260808,r15,496,59,3724,1261,2404,1229,68,5,27,0,9,12,131,43
20260808,r15,497,60,3730,1264,2406,1231,67,4,29,0,9,12,131,43
20260808,r15,498,64,3739,1265,2410,1234,69,4,27,0,9,13,131,43
20260808,r15,499,65,3747,1267,2415,1235,68,3,29,0,9,13,131,43
20260808,r15,500,67,3756,1269,2420,1237,68,4,28,0,9,13,131,43
20260808,r15,501,68,3765,1271,2426,1240,69,4,27,0,9,13,131,43
20260808,r15,502,72,3774,1271,2431,1241,70,2,28,0,9,13,131,43
20260808,r15,503,73,3784,1274,2437,1246,72,3,25,0,9,13,131,43
20260808,r15,504,75,3794,1275,2444,1247,72,4,24,0,9,15,131,43
20260808,r15,505,73,3804,1278,2453,1249,71,4,25,0,9,13,131,43
20260808,r15,506,74,3811,1278,2459,1251,73,3,24,0,9,12,131,43
20260808,r15,507,76,3819,1280,2463,1253,73,2,25,0,9,13,131,43
20260808,r15,508,74,3826,1281,2471,1253,72,3,25,0,9,13,131,43
20260808,r15,509,76,3836,1284,2476,1254,70,4,26,0,9,13,131,43
20260808,r15,510,69,3842,1290,2483,1257,67,9,24,0,9,12,131,43
20260808,r15,511,67,3852,1295,2490,1259,64,11,25,0,10,11,131,43
20260808,r15,512,62,3857,1296,2499,1259,63,6,31,0,11,11,131,43
20260808,r15,513,58,3867,1301,2508,1260,59,6,35,0,13,9,131,43
20260808,r15,514,58,3877,1302,2517,1260,58,6,36,0,15,8,131,43
20260808,r15,515,54,3882,1304,2524,1263,59,3,38,0,15,7,131,43
20260808,r15,516,50,3889,1310,2529,1265,55,8,37,0,13,7,131,43
20260808,r15,517,50,3899,1315,2534,1271,56,11,33,0,12,8,131,43
20260808,r15,518,53,3909,1316,2540,1272,56,6,38,0,10,9,131,43
20260808,r15,519,52,3917,1317,2548,1273,56,2,42,0,9,11,131,43
20260808,r15,520,58,3927,1321,2548,1275,54,5,41,0,9,12,101,38
20260808,r15,521,63,3933,1322,2548,1276,54,5,41,0,9,12,101,38
20260808,r15,522,66,3940,1323,2551,1280,57,2,41,0,9,13,101,38
20260808,r15,523,64,3948,1329,2555,1281,52,7,41,0,9,13,101,38
20260808,r15,524,63,3957,1331,2563,1286,55,8,37,0,8,10,101,38
20260808,r15,525,66,3965,1333,2566,1288,55,4,41,0,8,10,126,43
20260808,r15,526,68,3973,1336,2569,1289,53,5,42,0,9,10,126,43
20260808,r15,527,69,3983,1339,2575,1292,53,6,41,0,9,11,126,43
20260808,r15,528,66,3991,1346,2579,1298,52,10,38,0,9,10,126,43
20260808,r15,529,63,3997,1350,2584,1299,49,11,40,0,9,10,126,43
20260808,r15,530,59,4002,1353,2590,1301,48,7,45,0,9,12,131,43
20260808,r15,531,60,4011,1357,2594,1306,49,7,44,0,9,12,131,43
20260808,r15,532,61,4019,1361,2597,1310,49,8,43,0,9,11,131,43
20260808,r15,533,59,4024,1364,2601,1311,47,7,46,0,9,9,131,43
20260808,r15,534,61,4034,1366,2607,1312,46,5,49,0,9,8,131,43
20260808,r15,535,59,4040,1368,2613,1316,48,4,48,0,9,8,131,43
20260808,r15,536,58,4047,1372,2617,1318,46,6,48,0,9,7,131,43
20260808,r15,537,58,4057,1375,2624,1320,45,7,48,0,9,8,131,43
20260808,r15,538,56,4062,1378,2628,1327,49,6,45,0,9,8,131,43
20260808,r15,539,59,4071,1380,2632,1328,48,5,47,0,9,8,131,43
20260808,r15,540,55,4078,1388,2635,1332,44,10,46,0,9,8,131,43
20260808,r15,541,54,4086,1390,2642,1336,46,10,44,0,11,7,131,43
20260808,r15,542,48,4091,1395,2648,1340,45,7,48,0,12,5,131,43
20260808,r15,543,48,4097,1399,2650,1343,44,9,47,0,13,5,131,43
20260808,r15,544,41,4102,1403,2658,1345,42,8,50,0,13,5,131,43
20260808,r15,545,41,4108,1405,2662,1346,41,6,53,0,12,6,131,43
20260808,r15,546,39,4113,1408,2666,1351,43,5,52,0,14,6,131,43
20260808,r15,547,37,4121,1412,2672,1354,42,7,51,0,11,8,131,43
20260808,r15,548,33,4126,1417,2676,1360,43,9,48,0,9,8,131,43
20260808,r15,549,33,4135,1421,2681,1361,40,9,51,0,8,9,131,43
20260808,r15,550,38,4144,1425,2681,1363,38,8,54,0,9,9,126,43
20260808,r15,551,41,4151,1427,2683,1365,38,6,56,0,8,10,126,43
20260808,r15,552,46,4159,1429,2684,1365,36,4,60,0,9,10,126,43
20260808,r15,553,48,4166,1430,2688,1371,41,3,56,0,9,8,126,43
20260808,r15,554,48,4173,1433,2692,1376,43,4,53,0,9,9,126,43
20260808,r15,555,51,4180,1433,2696,1383,50,3,47,0,9,9,131,43
20260808,r15,556,53,4185,1433,2699,1387,54,0,46,0,9,10,131,43
20260808,r15,557,50,4190,1435,2705,1390,55,2,43,0,9,9,131,43
20260808,r15,558,54,4199,1438,2707,1394,56,5,39,0,9,9,131,43
20260808,r15,559,54,4204,1438,2712,1396,58,3,39,0,9,8,131,43
20260808,r15,560,56,4214,1443,2715,1400,57,5,38,0,9,8,131,43
20260808,r15,561,56,4221,1445,2720,1403,58,7,35,0,9,9,131,43
20260808,r15,562,55,4226,1445,2726,1408,63,2,35,0,9,9,131,43
20260808,r15,563,53,4236,1451,2732,1412,61,6,33,0,9,9,131,43
20260808,r15,564,54,4241,1451,2736,1415,64,6,30,0,9,10,131,43
20260808,r15,565,56,4251,1454,2741,1418,64,3,33,0,9,10,131,43
20260808,r15,566,58,4260,1456,2746,1420,64,5,31,0,9,9,131,43
20260808,r15,567,60,4267,1460,2747,1425,65,6,29,0,9,9,131,43
20260808,r15,568,59,4273,1463,2751,1426,63,7,30,0,9,10,131,43
20260808,r15,569,57,4278,1465,2756,1428,63,5,32,0,9,10,131,43
20260808,r15,570,51,4283,1472,2760,1431,59,9,32,0,9,9,121,43
20260808,r15,571,51,4292,1477,2764,1433,56,12,32,0,10,8,121,43
20260808,r15,572,51,4300,1480,2769,1434,54,8,38,0,11,7,121,43
20260808,r15,573,52,4310,1483,2775,1436,53,6,41,0,13,7,121,43
20260808,r15,574,51,4318,1487,2780,1439,52,7,41,0,15,7,121,43
20260808,r15,575,46,4323,1488,2789,1440,52,5,43,0,12,7,131,43
20260808,r15,576,44,4330,1490,2796,1443,53,3,44,0,10,7,131,43
20260808,r15,577,43,4340,1497,2800,1445,48,9,43,0,10,9,131,43
20260808,r15,578,43,4346,1499,2804,1452,53,9,38,0,9,9,131,43
20260808,r15,579,47,4355,1501,2807,1452,51,4,45,0,9,10,131,43
20260808,r15,580,52,4360,1501,2807,1452,51,2,47,0,9,11,131,43
20260808,r15,581,57,4367,1503,2807,1456,53,2,45,0,9,12,131,43
20260808,r15,582,61,4376,1504,2811,1458,54,3,43,0,9,10,131,43
20260808,r15,583,60,4385,1507,2818,1459,52,4,44,0,9,9,131,43
20260808,r15,584,60,4390,1508,2822,1460,52,4,44,0,9,9,131,43
20260808,r15,585,62,4400,1512,2826,1460,48,5,47,0,9,9,131,43
20260808,r15,586,61,4406,1513,2832,1462,49,5,46,0,9,10,131,43
20260808,r15,587,63,4416,1515,2838,1465,50,3,47,0,9,11,131,43
20260808,r15,588,65,4425,1516,2844,1467,51,3,46,0,8,12,131,43
20260808,r15,589,63,4433,1520,2850,1472,52,5,43,0,9,12,131,43
20260808,r15,590,62,4439,1523,2854,1481,58,7,35,0,9,11,131,43
20260808,r15,591,63,4449,1526,2860,1485,59,6,35,0,9,10,131,43
20260808,r15,592,60,4455,1527,2868,1487,60,4,36,0,9,9,131,43
20260808,r15,593,59,4462,1529,2874,1490,61,3,36,0,9,9,131,43
20260808,r15,594,62,4472,1533,2877,1497,64,6,30,0,9,10,131,43
20260808,r15,595,61,4477,1535,2881,1499,64,6,30,0,9,10,131,43
20260808,r15,596,61,4483,1537,2885,1501,64,4,32,0,9,10,131,43
20260808,r15,597,59,4490,1538,2893,1502,64,3,33,0,9,10,131,43
20260808,r15,598,57,4496,1539,2900,1505,66,2,32,0,9,12,131,43
20260808,r15,599,56,4502,1540,2906,1508,68,2,30,0,9,14,131,43
20260808,r15,600,52,4508,1546,2910,1509,63,7,30,0,9,14,121,40
20260808,r20,1,0,10,10,0,0,90,10,0,0,0,0,131,43
20260808,r20,2,0,19,19,0,0,81,19,0,0,0,0,131,43
20260808,r20,3,1,26,25,0,0,75,15,10,0,0,1,131,43
20260808,r20,4,8,34,26,0,0,74,7,19,0,1,3,131,43
20260808,r20,5,11,39,28,0,0,72,3,25,0,3,3,131,43
20260808,r20,6,20,48,28,0,0,72,2,26,0,6,4,131,43
20260808,r20,7,27,55,28,0,0,72,0,28,0,9,5,131,43
20260808,r20,8,34,63,29,0,0,71,1,28,0,9,6,131,43
20260808,r20,9,38,69,31,0,0,69,3,28,0,9,7,131,43
20260808,r20,10,43,76,33,0,0,67,4,29,0,9,8,131,43
20260808,r20,11,50,86,36,0,0,64,5,31,0,9,9,131,43
20260808,r20,12,59,96,37,0,2,65,4,31,0,9,11,131,43
20260808,r20,13,64,104,40,0,3,63,4,33,0,9,11,131,43
20260808,r20,14,61,109,42,6,6,64,5,31,0,9,12,131,43
20260808,r20,15,64,114,43,7,9,66,3,31,0,9,12,131,43
20260808,r20,16,61,120,43,16,12,69,1,30,0,9,10,131,43
20260808,r20,17,57,126,47,22,14,67,4,29,0,9,9,131,43
20260808,r20,18,55,132,48,29,15,67,5,28,0,9,9,131,43
20260808,r20,19,58,142,50,34,18,68,3,29,0,9,9,131,43
20260808,r20,20,57,147,51,39,21,70,3,27,0,9,11,121,40
20260808,r20,21,54,152,52,46,23,71,2,27,0,9,9,121,40
20260808,r20,22,53,162,54,55,24,70,3,27,0,9,8,121,40
20260808,r20,23,56,172,56,60,25,69,4,27,0,9,7,121,40
20260808,r20,24,57,178,56,65,29,73,2,25,0,9,9,121,40
20260808,r20,25,61,188,58,69,31,73,2,25,0,9,9,126,43
20260808,r20,26,60,193,59,74,34,75,3,22,0,9,9,126,43
20260808,r20,27,62,200,61,77,35,74,3,23,0,9,9,126,43
20260808,r20,28,62,207,64,81,37,73,5,22,0,9,10,126,43
20260808,r20,29,60,215,67,88,39,72,6,22,0,9,10,126,43
20260808,r20,30,56,225,77,92,40,63,13,24,0,9,9,131,43
20260808,r20,31,52,232,84,96,41,57,17,26,0,9,8,131,43
20260808,r20,32,46,239,90,103,42,52,13,35,0,10,7,131,43
20260808,r20,33,45,247,92,110,44,52,8,40,0,11,6,131,43
20260808,r20,34,42,252,94,116,46,52,4,44,0,11,5,131,43
20260808,r20,35,38,258,96,124,48,52,4,44,0,12,4,131,43
20260808,r20,36,36,263,98,129,49,51,4,45,0,9,5,131,43
20260808,r20,37,40,272,100,132,50,50,4,46,0,10,6,131,43
20260808,r20,38,42,281,102,137,51,49,4,47,0,10,6,131,43
20260808,r20,39,40,289,106,143,53,47,6,47,0,9,7,131,43
20260808,r20,40,48,298,107,143,54,47,5,48,0,9,7,131,43
20260808,r20,41,51,304,110,143,57,47,4,49,0,9,10,131,43
20260808,r20,42,56,309,110,143,60,50,3,47,0,9,11,131,43
20260808,r20,43,58,317,112,147,63,51,2,47,0,9,11,131,43
20260808,r20,44,59,326,115,152,67,52,5,43,0,9,9,131,43
20260808,r20,45,62,332,117,153,69,52,5,43,0,9,10,131,43
20260808,r20,46,66,340,118,156,73,55,3,42,0,9,11,131,43
20260808,r20,47,62,347,120,165,80,60,3,37,0,9,9,131,43
20260808,r20,48,62,355,122,171,81,59,4,37,0,9,9,131,43
20260808,r20,49,65,365,124,176,85,61,4,35,0,9,10,131,43
20260808,r20,50,63,370,124,183,88,64,2,34,0,9,10,126,43
20260808,r20,51,64,377,125,188,91,66,1,33,0,9,11,126,43
20260808,r20,52,65,384,128,191,94,66,4,30,0,9,12,126,43
20260808,r20,53,65,393,131,197,96,65,6,29,0,9,11,126,43
20260808,r20,54,59,398,135,204,102,67,7,26,0,9,10,126,43
20260808,r20,55,57,403,138,208,108,70,7,23,0,9,9,131,43
20260808,r20,56,55,411,141,215,110,69,6,25,0,9,8,131,43
20260808,r20,57,50,416,145,221,111,66,7,27,0,9,9,131,43
20260808,r20,58,50,422,145,227,112,67,4,29,0,9,8,131,43
20260808,r20,59,49,428,146,233,112,66,1,33,0,9,8,131,43
20260808,r20,60,46,437,154,237,113,59,9,32,0,9,8,131,43
20260808,r20,61,39,443,160,244,115,55,14,31,0,9,7,131,43
20260808,r20,62,34,451,168,249,116,48,14,38,0,7,7,131,43
20260808,r20,63,29,460,177,254,117,40,17,43,0,7,6,131,43
20260808,r20,64,29,467,181,257,119,38,13,49,0,8,5,131,43
20260808,r20,65,27,477,188,262,119,31,11,58,0,9,3,131,43
20260808,r20,66,29,486,189,268,119,30,8,62,0,8,4,131,43
20260808,r20,67,32,491,191,268,123,32,3,65,0,8,4,131,43
20260808,r20,68,29,497,195,273,128,33,6,61,0,6,5,131,43
20260808,r20,69,30,505,197,278,128,31,6,63,0,6,6,131,43
20260808,r20,70,33,511,199,279,131,32,4,64,0,6,7,131,43
20260808,r20,71,35,516,202,279,135,33,5,62,0,7,8,131,43
20260808,r20,72,40,525,206,279,138,32,7,61,0,8,10,131,43
20260808,r20,73,45,533,209,279,141,32,7,61,0,8,9,131,43
20260808,r20,74,47,539,213,279,145,32,7,61,0,7,9,131,43
20260808,r20,75,51,546,216,279,147,31,7,62,0,8,10,131,43
20260808,r20,76,50,552,218,284,156,38,5,57,0,9,9,131,43
20260808,r20,77,52,560,223,285,160,37,7,56,0,9,8,131,43
20260808,r20,78,51,568,228,289,164,36,10,54,0,9,9,131,43
20260808,r20,79,53,575,230,292,169,39,7,54,0,9,8,131,43
20260808,r20,80,56,584,234,294,177,43,6,51,0,9,8,131,43
20260808,r20,81,60,593,236,297,180,44,6,50,0,9,10,131,43
20260808,r20,82,61,603,237,305,184,47,3,50,0,9,10,131,43
20260808,r20,83,59,610,239,312,188,49,3,48,0,9,9,131,43
20260808,r20,84,60,618,241,317,193,52,4,44,0,9,9,131,43
20260808,r20,85,61,627,246,320,198,52,7,41,0,9,9,131,43
20260808,r20,86,63,634,248,323,203,55,7,38,0,9,9,131,43
20260808,r20,87,69,644,249,326,205,56,3,41,0,9,11,131,43
20260808,r20,88,71,654,253,330,206,53,5,42,0,9,13,131,43
20260808,r20,89,74,664,256,334,209,53,7,40,0,9,13,131,43
20260808,r20,90,67,672,264,341,214,50,11,39,0,9,13,131,43
20260808,r20,91,59,680,273,348,217,44,17,39,0,9,11,131,43
20260808,r20,92,51,686,279,356,222,43,15,42,0,9,9,131,43
20260808,r20,93,50,693,283,360,225,42,10,48,0,8,9,131,43
20260808,r20,94,44,700,290,366,230,40,11,49,0,9,7,131,43
20260808,r20,95,44,708,292,372,231,39,9,52,0,11,6,131,43
20260808,r20,96,41,715,295,379,233,38,5,57,0,13,5,131,43
20260808,r20,97,36,721,297,388,236,39,5,56,0,10,4,131,43
20260808,r20,98,35,731,300,396,239,39,5,56,0,11,5,131,43
20260808,r20,99,34,738,303,401,242,39,6,55,0,9,7,131,43
20260808,r20,100,39,747,307,401,244,37,7,56,0,9,8,121,40
20260808,r20,101,46,754,307,401,247,40,4,56,0,9,8,121,40
20260808,r20,102,52,760,307,401,251,44,0,56,0,9,8,121,40
20260808,r20,103,55,767,311,401,254,43,4,53,0,9,8,121,40
20260808,r20,104,60,773,312,401,258,46,5,49,0,9,9,121,40
20260808,r20,105,64,781,313,404,260,47,2,51,0,9,9,131,43
20260808,r20,106,66,791,316,409,266,50,4,46,0,9,9,131,43
20260808,r20,107,64,797,319,414,269,50,6,44,0,9,10,131,43
20260808,r20,108,63,807,321,423,269,48,5,47,0,9,10,131,43
20260808,r20,109,65,817,323,429,273,50,4,46,0,9,11,131,43
20260808,r20,110,64,823,325,434,274,49,4,47,0,9,11,131,43
20260808,r20,111,63,831,331,437,283,52,8,40,0,9,10,131,43
20260808,r20,112,62,837,335,440,287,52,10,38,0,9,9,131,43
20260808,r20,113,62,845,339,444,293,54,8,38,0,9,9,131,43
20260808,r20,114,63,851,341,447,297,56,6,38,0,9,10,131,43
20260808,r20,115,61,859,345,453,301,56,6,38,0,9,9,131,43
20260808,r20,116,56,866,348,462,305,57,7,36,0,9,9,131,43
20260808,r20,117,63,876,349,464,308,59,4,37,0,9,9,131,43
20260808,r20,118,64,886,351,471,310,59,3,38,0,9,9,131,43
20260808,r20,119,60,892,352,480,311,59,3,38,0,9,9,131,43
20260808,r20,120,55,902,362,485,314,52,11,37,0,9,9,131,43
20260808,r20,121,48,909,369,492,316,47,17,36,0,9,9,131,43
20260808,r20,122,44,919,379,496,317,38,17,45,0,9,8,131,43
20260808,r20,123,38,928,388,502,322,34,19,47,0,9,8,131,43
20260808,r20,124,41,938,391,506,323,32,12,56,0,9,8,131,43
20260808,r20,125,45,947,392,510,328,36,4,60,0,10,7,121,40
20260808,r20,126,42,955,397,516,331,34,6,60,0,10,7,121,40
20260808,r20,127,39,963,398,526,335,37,6,57,0,10,5,121,40
20260808,r20,128,38,970,398,534,338,40,1,59,0,10,7,121,40
20260808,r20,129,39,977,399,539,340,41,1,58,0,9,7,121,40
20260808,r20,130,46,984,399,539,340,41,1,58,0,9,7,131,43
20260808,r20,131,55,993,399,539,341,42,0,58,0,9,9,131,43
20260808,r20,132,63,1003,401,539,348,47,2,51,0,9,10,131,43
20260808,r20,133,69,1010,402,539,350,48,3,49,0,9,12,131,43
20260808,r20,134,68,1016,405,543,352,47,4,49,0,9,10,131,43
20260808,r20,135,65,1024,410,549,356,46,8,46,0,9,11,131,43
20260808,r20,136,69,1034,412,553,361,49,7,44,0,9,11,131,43
20260808,r20,137,68,1041,418,555,369,51,8,41,0,9,12,131,43
20260808,r20,138,67,1047,421,559,372,51,9,40,0,9,10,131,43
20260808,r20,139,68,1057,426,563,380,54,8,38,0,9,11,131,43
20260808,r20,140,67,1066,432,567,386,54,11,35,0,9,11,131,43
20260808,r20,141,67,1072,432,573,390,58,6,36,0,9,10,131,43
20260808,r20,142,61,1077,433,583,392,59,1,40,0,9,10,131,43
20260808,r20,143,64,1087,434,589,394,60,2,38,0,9,12,131,43
20260808,r20,144,65,1093,435,593,395,60,2,38,0,9,10,131,43
20260808,r20,145,66,1101,436,599,400,64,2,34,0,9,9,131,43
20260808,r20,146,65,1110,437,608,400,63,2,35,0,9,11,131,43
20260808,r20,147,66,1118,439,613,405,66,3,31,0,9,11,131,43
20260808,r20,148,71,1128,440,617,409,69,3,28,0,9,12,131,43
20260808,r20,149,71,1138,442,625,411,69,3,28,0,9,13,131,43
20260808,r20,150,64,1146,452,630,415,63,12,25,0,9,12,131,43
20260808,r20,151,58,1151,457,636,416,59,15,26,0,9,10,131,43
20260808,r20,152,54,1158,464,640,419,55,12,33,0,9,10,131,43
20260808,r20,153,45,1167,475,647,425,50,18,32,0,9,8,131,43
20260808,r20,154,41,1172,480,651,427,47,16,37,0,8,8,131,43
20260808,r20,155,35,1179,486,658,427,41,11,48,0,7,8,126,43
20260808,r20,156,31,1186,489,666,427,38,9,53,0,8,5,126,43
20260808,r20,157,29,1193,491,673,427,36,5,59,0,9,4,126,43
20260808,r20,158,21,1199,496,682,430,34,7,59,0,6,4,126,43
20260808,r20,159,18,1207,499,690,431,32,8,60,0,6,5,126,43
20260808,r20,160,22,1212,500,690,432,32,4,64,0,7,6,131,43
20260808,r20,161,29,1221,502,690,437,35,3,62,0,7,6,131,43
20260808,r20,162,33,1226,503,690,440,37,3,60,0,9,6,131,43
20260808,r20,163,35,1232,507,690,445,38,5,57,0,9,6,131,43
20260808,r20,164,33,1237,514,690,448,34,11,55,0,9,5,131,43
20260808,r20,165,36,1242,516,690,451,35,9,56,0,9,6,131,43
20260808,r20,166,36,1250,524,690,462,38,10,52,0,9,6,131,43
20260808,r20,167,42,1256,524,690,463,39,8,53,0,9,6,131,43
20260808,r20,168,50,1265,525,690,466,41,1,58,0,9,7,131,43
20260808,r20,169,53,1272,529,690,472,43,5,52,0,9,7,131,43
20260808,r20,170,57,1278,530,691,477,47,5,48,0,9,9,131,43
20260808,r20,171,54,1286,534,698,478,44,5,51,0,9,8,131,43
20260808,r20,172,53,1292,536,703,483,47,6,47,0,9,8,131,43
20260808,r20,173,57,1302,540,705,490,50,6,44,0,9,8,131,43
20260808,r20,174,55,1307,545,707,493,48,9,43,0,8,8,131,43
20260808,r20,175,53,1314,552,709,499,47,12,41,0,9,8,131,43
20260808,r20,176,56,1319,553,710,501,48,8,44,0,9,8,131,43
20260808,r20,177,55,1326,557,714,503,46,5,49,0,9,9,131,43
20260808,r20,178,50,1331,560,721,509,49,7,44,0,9,9,131,43
20260808,r20,179,49,1339,563,727,511,48,6,46,0,9,10,131,43
20260808,r20,180,43,1345,569,733,514,45,9,46,0,9,9,121,40
20260808,r20,181,38,1350,575,737,515,40,12,48,0,8,7,121,40
20260808,r20,182,34,1360,585,741,517,32,16,52,0,8,7,121,40
20260808,r20,183,34,1370,591,745,520,29,16,55,0,10,7,121,40
20260808,r20,184,33,1375,595,747,526,31,10,59,0,9,7,121,40
20260808,r20,185,32,1385,603,750,528,25,12,63,0,9,5,131,43
20260808,r20,186,33,1395,607,755,532,25,12,63,0,10,5,131,43
20260808,r20,187,37,1405,608,760,537,29,5,66,0,9,7,131,43
20260808,r20,188,41,1414,610,763,542,32,3,65,0,8,8,131,43
20260808,r20,189,38,1420,615,767,546,31,7,62,0,7,9,131,43
20260808,r20,190,46,1429,616,767,550,34,6,60,0,9,9,131,43
20260808,r20,191,51,1436,618,767,553,35,3,62,0,9,9,131,43
20260808,r20,192,52,1441,622,767,556,34,6,60,0,9,10,131,43
20260808,r20,193,57,1449,624,768,557,33,6,61,0,9,11,131,43
20260808,r20,194,64,1459,626,769,561,35,4,61,0,9,11,131,43
20260808,r20,195,66,1466,628,772,564,36,4,60,0,9,11,131,43
20260808,r20,196,65,1472,630,777,565,35,4,61,0,9,13,131,43
20260808,r20,197,62,1479,636,781,573,37,8,55,0,9,11,131,43
20260808,r20,198,62,1487,638,787,577,39,8,53,0,9,11,131,43
20260808,r20,199,63,1497,642,792,585,43,6,51,0,9,11,131,43
20260808,r20,200,57,1503,645,801,590,45,7,48,0,9,10,131,43
20260808,r20,201,59,1513,649,805,596,47,7,46,0,9,10,131,43
20260808,r20,202,61,1519,650,808,597,47,5,48,0,9,10,131,43
20260808,r20,203,59,1524,654,811,604,50,5,45,0,8,10,131,43
20260808,r20,204,56,1534,660,818,609,49,10,41,0,9,9,131,43
20260808,r20,205,56,1540,662,822,616,54,8,38,0,9,9,131,43
20260808,r20,206,60,1550,662,828,617,55,2,43,0,9,9,131,43
20260808,r20,207,62,1558,664,832,618,54,2,44,0,9,9,131,43
20260808,r20,208,63,1568,666,839,620,54,4,42,0,9,10,131,43
20260808,r20,209,62,1575,669,844,623,54,5,41,0,9,10,131,43
20260808,r20,210,61,1581,675,845,625,50,9,41,0,9,10,131,43
20260808,r20,211,55,1586,679,852,629,50,10,40,0,9,8,131,43
20260808,r20,212,49,1596,690,857,630,40,15,45,0,9,8,131,43
20260808,r20,213,46,1603,696,861,630,34,17,49,0,9,8,131,43
20260808,r20,214,43,1613,702,868,635,33,12,55,0,10,8,131,43
20260808,r20,215,43,1623,706,874,637,31,10,59,0,12,7,131,43
20260808,r20,216,39,1629,708,882,639,31,6,63,0,13,6,131,43
20260808,r20,217,36,1634,710,888,641,31,4,65,0,13,6,131,43
20260808,r20,218,35,1644,713,896,646,33,5,62,0,9,6,131,43
20260808,r20,219,32,1649,716,901,652,36,6,58,0,8,9,131,43
20260808,r20,220,39,1656,716,901,655,39,3,58,0,8,10,131,43
20260808,r20,221,44,1662,717,901,661,44,1,55,0,8,11,131,43
20260808,r20,222,50,1671,720,901,666,46,4,50,0,8,12,131,43
20260808,r20,223,55,1678,722,901,671,49,5,46,0,9,12,131,43
20260808,r20,224,60,1688,724,904,674,50,4,46,0,9,12,131,43
20260808,r20,225,62,1697,725,910,676,51,3,46,0,9,9,131,43
20260808,r20,226,62,1704,728,914,682,54,4,42,0,9,10,131,43
20260808,r20,227,62,1710,732,916,683,51,7,42,0,9,11,131,43
20260808,r20,228,59,1715,733,923,686,53,5,42,0,9,9,131,43
20260808,r20,229,64,1725,734,927,690,56,2,42,0,9,9,131,43
20260808,r20,230,58,1730,740,932,696,56,7,37,0,9,9,131,43
20260808,r20,231,63,1740,743,934,699,56,9,35,0,9,10,131,43
20260808,r20,232,63,1745,745,937,704,59,5,36,0,9,12,131,43
20260808,r20,233,60,1752,750,942,713,63,7,30,0,9,12,131,43
20260808,r20,234,62,1762,751,949,716,65,6,29,0,9,12,131,43
20260808,r20,235,56,1767,757,954,720,63,7,30,0,9,10,111,40
20260808,r20,236,58,1776,759,959,720,61,8,31,0,9,11,111,40
20260808,r20,237,59,1784,761,964,720,59,4,37,0,9,11,111,40
20260808,r20,238,62,1793,763,968,721,58,4,38,0,9,11,111,40
20260808,r20,239,56,1799,766,977,723,57,5,38,0,9,10,111,40
20260808,r20,240,53,1805,772,980,725,53,9,38,0,9,9,131,43
20260808,r20,241,44,1813,780,989,727,47,14,39,0,9,7,131,43
20260808,r20,242,40,1822,789,993,729,40,17,43,0,9,6,131,43
20260808,r20,243,36,1827,796,995,733,37,16,47,0,8,6,131,43
20260808,r20,244,33,1834,799,1002,735,36,10,54,0,8,5,131,43
20260808,r20,245,37,1841,800,1004,735,35,4,61,0,10,5,131,43
20260808,r20,246,31,1847,805,1011,739,34,6,60,0,10,4,131,43
20260808,r20,247,31,1856,808,1017,740,32,8,60,0,6,5,131,43
20260808,r20,248,31,1863,809,1023,741,32,4,64,0,8,6,131,43
20260808,r20,249,36,1873,814,1023,744,30,6,64,0,9,5,131,43
20260808,r20,250,42,1883,818,1023,748,30,9,61,0,9,7,131,43
20260808,r20,251,48,1893,822,1023,752,30,8,62,0,9,7,131,43
20260808,r20,252,50,1902,829,1023,756,27,11,62,0,9,7,131,43
20260808,r20,253,58,1911,830,1023,756,26,8,66,0,9,9,131,43
20260808,r20,254,65,1920,832,1023,760,28,3,69,0,9,10,131,43
20260808,r20,255,72,1930,834,1024,765,31,4,65,0,9,13,122,43
20260808,r20,256,76,1938,837,1025,769,32,5,63,0,9,13,122,43
20260808,r20,257,76,1946,841,1029,773,32,7,61,0,9,13,122,43
20260808,r20,258,76,1953,844,1033,777,33,7,60,0,9,14,122,43
20260808,r20,259,75,1961,846,1040,781,35,5,60,0,9,13,122,43
20260808,r20,260,70,1971,853,1048,788,35,9,56,0,9,12,131,43
20260808,r20,261,67,1976,855,1054,794,39,9,52,0,9,12,131,43
20260808,r20,262,70,1985,858,1057,803,45,5,50,0,9,14,131,43
20260808,r20,263,63,1992,869,1060,809,40,14,46,0,9,14,131,43
20260808,r20,264,59,1997,870,1068,810,40,12,48,0,9,12,131,43
20260808,r20,265,57,2004,872,1075,815,43,3,54,0,9,11,131,43
20260808,r20,266,54,2010,874,1082,818,44,4,52,0,9,9,131,43
20260808,r20,267,52,2017,878,1087,820,42,6,52,0,9,8,131,43
20260808,r20,268,54,2027,883,1090,825,42,9,49,0,9,7,131,43
20260808,r20,269,54,2034,885,1095,827,42,7,51,0,9,8,131,43
20260808,r20,270,47,2044,896,1101,830,34,13,53,0,8,8,131,43
20260808,r20,271,43,2054,908,1103,835,27,23,50,0,8,7,131,43
20260808,r20,272,42,2064,911,1111,838,27,15,58,0,10,6,131,43
20260808,r20,273,45,2071,915,1111,845,30,7,63,0,10,6,131,43
20260808,r20,274,45,2076,916,1115,847,31,5,64,0,10,5,131,43
20260808,r20,275,47,2086,918,1121,850,32,3,65,0,10,7,131,43
20260808,r20,276,51,2094,920,1123,852,32,4,64,0,12,7,131,43
20260808,r20,277,50,2101,923,1128,853,30,5,65,0,13,7,131,43
20260808,r20,278,47,2109,926,1136,856,30,6,64,0,8,8,131,43
20260808,r20,279,47,2114,927,1140,860,33,4,63,0,8,10,131,43
20260808,r20,280,50,2119,929,1140,865,36,3,61,0,9,10,131,43
20260808,r20,281,54,2127,933,1140,874,41,6,53,0,9,9,131,43
20260808,r20,282,57,2135,937,1141,883,46,8,46,0,9,9,131,43
20260808,r20,283,61,2145,938,1146,884,46,5,49,0,9,9,131,43
20260808,r20,284,65,2153,939,1149,887,48,2,50,0,9,10,131,43
20260808,r20,285,64,2161,939,1158,890,51,1,48,0,9,9,121,40
20260808,r20,286,62,2169,942,1165,894,52,3,45,0,9,9,121,40
20260808,r20,287,65,2179,945,1169,898,53,6,41,0,9,10,121,40
20260808,r20,288,67,2188,947,1174,903,56,5,39,0,9,11,121,40
20260808,r20,289,69,2195,948,1178,906,58,3,39,0,9,12,121,40
20260808,r20,290,76,2205,950,1179,914,64,3,33,0,9,12,126,43
20260808,r20,291,76,2212,951,1185,918,67,3,30,0,9,12,126,43
20260808,r20,292,72,2222,960,1190,920,60,10,30,0,9,12,126,43
20260808,r20,293,69,2232,966,1197,923,57,15,28,0,9,11,126,43
20260808,r20,294,66,2237,967,1204,924,57,7,36,0,9,10,126,43
20260808,r20,295,62,2243,970,1211,927,57,4,39,0,9,9,131,43
20260808,r20,296,64,2253,973,1216,929,56,6,38,0,8,11,131,43
20260808,r20,297,61,2258,973,1224,929,56,3,41,0,9,11,131,43
20260808,r20,298,59,2264,974,1231,933,59,1,40,0,9,12,131,43
20260808,r20,299,55,2269,978,1236,937,59,5,36,0,9,12,131,43
20260808,r20,300,45,2274,983,1246,937,54,9,37,0,9,11,131,43
20260808,r20,301,38,2284,993,1253,940,47,15,38,0,8,10,131,43
20260808,r20,302,38,2290,996,1256,943,47,13,40,0,8,10,131,43
20260808,r20,303,36,2295,999,1260,945,46,6,48,0,9,9,131,43
20260808,r20,304,39,2302,1001,1262,947,46,5,49,0,10,8,131,43
20260808,r20,305,42,2310,1002,1266,948,46,3,51,0,13,7,131,43
20260808,r20,306,39,2315,1002,1274,951,49,1,50,0,11,5,131,43
20260808,r20,307,39,2320,1003,1278,955,52,1,47,0,11,7,131,43
20260808,r20,308,41,2329,1005,1283,957,52,3,45,0,8,9,131,43
20260808,r20,309,43,2335,1007,1285,959,52,4,44,0,9,9,131,43
20260808,r20,310,50,2343,1008,1285,960,52,3,45,0,9,10,131,43
20260808,r20,311,56,2349,1008,1285,962,54,1,45,0,9,11,131,43
20260808,r20,312,60,2358,1013,1285,970,57,5,38,0,9,13,131,43
20260808,r20,313,62,2365,1014,1289,974,60,6,34,0,9,14,131,43
20260808,r20,314,61,2373,1016,1296,975,59,3,38,0,9,11,131,43
20260808,r20,315,58,2378,1017,1303,978,61,3,36,0,9,11,131,43
20260808,r20,316,59,2385,1018,1308,980,62,2,36,0,9,13,131,43
20260808,r20,317,62,2393,1019,1312,986,67,2,31,0,9,14,131,43
20260808,r20,318,59,2398,1021,1318,987,66,3,31,0,9,11,131,43
20260808,r20,319,59,2404,1022,1323,988,66,3,31,0,9,10,131,43
20260808,r20,320,58,2410,1024,1328,995,71,3,26,0,9,10,131,43
20260808,r20,321,60,2419,1025,1334,996,71,3,26,0,9,11,131,43
20260808,r20,322,57,2426,1029,1340,1001,72,5,23,0,9,10,131,43
20260808,r20,323,59,2436,1032,1345,1003,71,7,22,0,9,10,131,43
20260808,r20,324,60,2441,1032,1349,1006,74,3,23,0,9,9,131,43
20260808,r20,325,64,2449,1032,1353,1007,75,0,25,0,9,10,131,43
20260808,r20,326,63,2455,1034,1358,1007,73,2,25,0,9,12,131,43
20260808,r20,327,62,2462,1035,1365,1008,73,3,24,0,9,11,131,43
20260808,r20,328,62,2468,1038,1368,1010,72,4,24,0,9,10,131,43
20260808,r20,329,68,2478,1038,1372,1012,74,3,23,0,9,10,131,43
20260808,r20,330,63,2485,1044,1378,1012,68,6,26,0,9,9,131,43
20260808,r20,331,56,2491,1050,1385,1014,64,12,24,0,9,8,131,43
20260808,r20,332,50,2498,1057,1391,1017,60,13,27,0,9,7,131,43
20260808,r20,333,41,2504,1063,1400,1020,57,13,30,0,9,6,131,43
20260808,r20,334,36,2512,1071,1405,1020,49,14,37,0,9,6,131,43
20260808,r20,335,28,2522,1082,1412,1023,41,19,40,0,9,5,121,40
20260808,r20,336,26,2528,1086,1416,1026,40,15,45,0,8,4,121,40
20260808,r20,337,24,2538,1091,1423,1027,36,9,55,0,7,3,121,40
20260808,r20,338,21,2543,1095,1427,1030,35,9,56,0,8,3,121,40
20260808,r20,339,19,2552,1096,1437,1032,36,5,59,0,5,6,121,40
20260808,r20,340,22,2559,1099,1438,1033,34,4,62,0,5,6,131,43
20260808,r20,341,25,2566,1103,1438,1034,31,7,62,0,6,6,131,43
20260808,r20,342,34,2575,1103,1438,1037,34,4,62,0,8,6,131,43
20260808,r20,343,42,2585,1105,1438,1038,33,2,65,0,8,8,131,43
20260808,r20,344,46,2590,1106,1438,1038,32,3,65,0,9,8,131,43
20260808,r20,345,49,2596,1109,1438,1040,31,4,65,0,9,9,131,43
20260808,r20,346,56,2605,1111,1438,1047,36,5,59,0,9,10,131,43
20260808,r20,347,61,2613,1114,1438,1053,39,5,56,0,9,10,131,43
20260808,r20,348,64,2619,1115,1440,1059,44,4,52,0,9,11,131,43
20260808,r20,349,61,2624,1120,1443,1062,42,6,52,0,8,11,131,43
20260808,r20,350,59,2631,1124,1448,1067,43,9,48,0,8,11,131,43
20260808,r20,351,57,2636,1129,1450,1074,45,9,46,0,8,11,131,43
20260808,r20,352,53,2642,1132,1457,1079,47,8,45,0,8,9,131,43
20260808,r20,353,52,2650,1135,1463,1085,50,6,44,0,8,11,131,43
20260808,r20,354,52,2655,1140,1463,1090,50,8,42,0,9,11,131,43
20260808,r20,355,54,2663,1143,1466,1093,50,8,42,0,9,10,131,43
20260808,r20,356,53,2672,1147,1472,1098,51,7,42,0,9,9,131,43
20260808,r20,357,53,2678,1148,1477,1102,54,5,41,0,9,9,131,43
20260808,r20,358,51,2684,1150,1483,1103,53,3,44,0,9,8,131,43
20260808,r20,359,55,2693,1151,1487,1104,53,3,44,0,8,9,131,43
20260808,r20,360,51,2701,1159,1491,1107,48,9,43,0,8,8,126,43
20260808,r20,361,47,2708,1168,1493,1111,43,17,40,0,8,7,126,43
20260808,r20,362,44,2716,1176,1496,1113,37,17,46,0,8,7,126,43
20260808,r20,363,39,2723,1181,1503,1114,33,13,54,0,8,6,126,43
20260808,r20,364,42,2732,1184,1506,1116,32,8,60,0,9,6,126,43
20260808,r20,365,40,2740,1187,1513,1117,30,6,64,0,10,5,131,43
20260808,r20,366,35,2749,1194,1520,1124,30,10,60,0,11,4,131,43
20260808,r20,367,34,2758,1199,1525,1128,29,12,59,0,10,4,131,43
20260808,r20,368,37,2767,1200,1530,1131,31,6,63,0,10,5,131,43
20260808,r20,369,34,2774,1202,1538,1133,31,3,66,0,8,6,131,43
20260808,r20,370,38,2779,1203,1538,1142,39,3,58,0,8,7,131,43
20260808,r20,371,42,2785,1205,1538,1145,40,3,57,0,8,7,131,43
20260808,r20,372,47,2794,1209,1538,1149,40,6,54,0,7,8,131,43
20260808,r20,373,51,2802,1213,1538,1151,38,8,54,0,7,9,131,43
20260808,r20,374,56,2811,1217,1538,1154,37,8,55,0,8,10,131,43
20260808,r20,375,62,2820,1220,1538,1157,37,7,56,0,8,11,131,43
20260808,r20,376,61,2825,1224,1540,1165,41,7,52,0,8,11,131,43
20260808,r20,377,59,2831,1225,1547,1169,44,5,51,0,9,12,131,43
20260808,r20,378,52,2838,1230,1556,1174,44,6,50,0,9,11,131,43
20260808,r20,379,53,2845,1231,1561,1178,47,6,47,0,9,10,131,43
20260808,r20,380,52,2853,1235,1566,1185,50,5,45,0,9,9,115,42
20260808,r20,381,52,2860,1238,1570,1188,50,7,43,0,9,9,115,42
20260808,r20,382,51,2868,1241,1576,1197,56,6,38,0,9,8,115,42
20260808,r20,383,48,2874,1245,1581,1201,56,7,37,0,9,8,115,42
20260808,r20,384,47,2879,1247,1585,1205,58,6,36,0,9,9,115,42
20260808,r20,385,44,2885,1249,1592,1206,57,4,39,0,9,8,131,43
20260808,r20,386,48,2895,1254,1593,1207,53,7,40,0,9,9,131,43
20260808,r20,387,50,2902,1254,1598,1210,56,5,39,0,9,8,131,43
20260808,r20,388,52,2907,1254,1601,1213,59,0,41,0,9,9,131,43
20260808,r20,389,51,2912,1256,1605,1215,59,2,39,0,9,10,131,43
20260808,r20,390,47,2921,1266,1608,1218,52,12,36,0,9,9,121,40
20260808,r20,391,42,2929,1274,1613,1218,44,18,38,0,9,7,121,40
20260808,r20,392,38,2934,1277,1619,1220,43,11,46,0,9,6,121,40
20260808,r20,393,39,2944,1284,1621,1224,40,10,50,0,9,5,121,40
20260808,r20,394,42,2952,1285,1625,1225,40,8,52,0,10,5,121,40
20260808,r20,395,40,2957,1288,1629,1227,39,4,57,0,10,6,131,43
20260808,r20,396,42,2967,1291,1634,1230,39,6,55,0,11,6,131,43
20260808,r20,397,40,2977,1297,1640,1233,36,9,55,0,8,6,131,43
20260808,r20,398,44,2987,1299,1644,1238,39,8,53,0,8,7,131,43
20260808,r20,399,47,2995,1300,1648,1239,39,3,58,0,9,8,131,43
20260808,r20,400,52,3002,1302,1648,1244,42,3,55,0,9,9,131,43
20260808,r20,401,50,3007,1309,1648,1252,43,9,48,0,9,10,131,43
20260808,r20,402,57,3014,1309,1648,1254,45,7,48,0,9,12,131,43
20260808,r20,403,60,3021,1312,1649,1255,43,3,54,0,9,13,131,43
20260808,r20,404,65,3031,1315,1651,1259,44,6,50,0,8,15,131,43
20260808,r20,405,65,3036,1318,1653,1263,45,6,49,0,9,14,131,43
20260808,r20,406,64,3043,1320,1659,1264,44,5,51,0,9,14,131,43
20260808,r20,407,65,3051,1323,1663,1267,44,5,51,0,9,12,131,43
20260808,r20,408,64,3060,1325,1671,1273,48,5,47,0,9,12,131,43
20260808,r20,409,57,3068,1332,1679,1275,43,9,48,0,9,10,131,43
20260808,r20,410,58,3074,1334,1682,1279,45,9,46,0,9,12,131,43
20260808,r20,411,61,3082,1337,1684,1282,45,5,50,0,9,12,131,43
20260808,r20,412,59,3088,1339,1690,1291,52,5,43,0,9,10,131,43
20260808,r20,413,57,3093,1341,1695,1293,52,4,44,0,9,9,131,43
20260808,r20,414,54,3099,1343,1702,1297,54,4,42,0,9,9,131,43
20260808,r20,415,55,3105,1346,1704,1300,54,5,41,0,9,10,131,43
20260808,r20,416,53,3111,1349,1709,1301,52,6,42,0,9,9,131,43
20260808,r20,417,49,3117,1352,1716,1304,52,6,42,0,8,8,131,43
20260808,r20,418,47,3124,1355,1722,1310,55,6,39,0,9,8,131,43
20260808,r20,419,49,3131,1358,1724,1312,54,6,40,0,9,8,131,43
20260808,r20,420,44,3138,1365,1729,1312,47,10,43,0,9,7,131,43
20260808,r20,421,37,3145,1372,1736,1318,46,14,40,0,9,6,131,43
20260808,r20,422,33,3151,1377,1741,1321,44,12,44,0,9,5,131,43
20260808,r20,423,34,3156,1378,1744,1322,44,6,50,0,10,5,131,43
20260808,r20,424,32,3163,1382,1749,1324,42,5,53,0,9,4,131,43
20260808,r20,425,29,3170,1388,1753,1329,41,10,49,0,10,4,131,43
20260808,r20,426,29,3175,1389,1757,1332,43,7,50,0,11,3,131,43
20260808,r20,427,26,3182,1396,1760,1334,38,8,54,0,6,5,131,43
20260808,r20,428,25,3192,1401,1766,1336,35,12,53,0,6,5,131,43
20260808,r20,429,23,3199,1405,1771,1340,35,9,56,0,6,5,131,43
20260808,r20,430,28,3205,1406,1771,1341,35,5,60,0,7,6,131,43
20260808,r20,431,32,3211,1408,1771,1346,38,3,59,0,9,5,131,43
20260808,r20,432,39,3220,1410,1771,1350,40,4,56,0,9,6,131,43
20260808,r20,433,47,3229,1411,1771,1352,41,3,56,0,9,7,131,43
20260808,r20,434,52,3239,1416,1771,1357,41,6,53,0,8,7,131,43
20260808,r20,435,56,3247,1420,1771,1362,42,9,49,0,8,9,131,43
20260808,r20,436,56,3254,1425,1773,1368,43,9,48,0,9,9,131,43
20260808,r20,437,60,3263,1428,1775,1372,44,8,48,0,9,9,131,43
20260808,r20,438,62,3270,1431,1777,1376,45,6,49,0,9,10,131,43
20260808,r20,439,65,3280,1433,1782,1378,45,5,50,0,9,11,131,43
20260808,r20,440,63,3287,1437,1787,1383,46,6,48,0,9,11,131,43
20260808,r20,441,64,3293,1438,1791,1387,49,5,46,0,9,12,131,43
20260808,r20,442,64,3301,1439,1798,1388,49,2,49,0,9,15,131,43
20260808,r20,443,62,3309,1444,1803,1393,49,6,45,0,9,13,131,43
20260808,r20,444,60,3316,1446,1810,1397,51,7,42,0,9,10,131,43
20260808,r20,445,61,3326,1449,1816,1400,51,5,44,0,9,10,121,40
20260808,r20,446,60,3332,1453,1819,1403,50,7,43,0,9,10,121,40
20260808,r20,447,57,3337,1457,1823,1411,54,8,38,0,9,10,121,40
20260808,r20,448,57,3343,1458,1828,1413,55,5,40,0,9,11,121,40
20260808,r20,449,54,3349,1461,1834,1416,55,4,41,0,9,12,121,40
20260808,r20,450,50,3354,1466,1838,1418,52,8,40,0,9,12,131,43
20260808,r20,451,45,3359,1472,1842,1418,46,11,43,0,9,11,131,43
20260808,r20,452,38,3364,1478,1848,1424,46,12,42,0,8,8,131,43
20260808,r20,453,32,3369,1483,1854,1427,44,11,45,0,8,8,131,43
20260808,r20,454,28,3379,1491,1860,1428,37,13,50,0,7,8,131,43
20260808,r20,455,24,3384,1493,1867,1431,38,10,52,0,7,7,131,43
20260808,r20,456,26,3393,1497,1870,1437,40,6,54,0,8,5,131,43
20260808,r20,457,30,3402,1499,1873,1439,40,6,54,0,8,6,131,43
20260808,r20,458,32,3412,1501,1879,1442,41,4,55,0,6,6,131,43
20260808,r20,459,30,3417,1503,1884,1446,43,4,53,0,5,7,131,43
20260808,r20,460,35,3424,1505,1884,1447,42,4,54,0,7,7,131,43
20260808,r20,461,39,3430,1507,1884,1452,45,4,51,0,7,8,131,43
20260808,r20,462,42,3436,1510,1884,1454,44,5,51,0,7,10,131,43
20260808,r20,463,49,3445,1512,1884,1458,46,5,49,0,7,10,131,43
20260808,r20,464,56,3453,1513,1884,1460,47,3,50,0,8,12,131,43
20260808,r20,465,63,3462,1515,1884,1465,50,3,47,0,9,12,131,43
20260808,r20,466,62,3468,1515,1891,1466,51,2,47,0,9,10,131,43
20260808,r20,467,61,3475,1518,1896,1469,51,3,46,0,9,9,131,43
20260808,r20,468,58,3481,1518,1905,1475,57,3,40,0,9,8,131,43
20260808,r20,469,60,3487,1518,1909,1479,61,0,39,0,9,9,131,43
20260808,r20,470,62,3494,1520,1912,1482,62,2,36,0,9,11,131,43
20260808,r20,471,61,3500,1522,1917,1483,61,4,35,0,9,10,131,43
20260808,r20,472,60,3505,1524,1921,1490,66,4,30,0,9,10,131,43
20260808,r20,473,57,3510,1525,1928,1493,68,3,29,0,9,8,131,43
20260808,r20,474,55,3519,1530,1934,1499,69,6,25,0,9,9,131,43
20260808,r20,475,54,3528,1531,1943,1501,70,6,24,0,9,8,131,43
20260808,r20,476,55,3536,1533,1948,1505,72,3,25,0,9,9,131,43
20260808,r20,477,55,3541,1533,1953,1508,75,2,23,0,9,11,131,43
20260808,r20,478,54,3547,1534,1959,1511,77,1,22,0,9,9,131,43
20260808,r20,479,56,3557,1536,1965,1513,77,3,20,0,9,11,131,43
20260808,r20,480,49,3566,1545,1972,1514,69,11,20,0,9,9,131,43
20260808,r20,481,45,3571,1550,1976,1515,65,14,21,0,9,9,131,43
20260808,r20,482,43,3581,1559,1979,1517,58,14,28,0,9,8,131,43
20260808,r20,483,44,3590,1563,1983,1517,54,13,33,0,10,8,131,43
20260808,r20,484,42,3595,1565,1988,1517,52,6,42,0,9,7,131,43
20260808,r20,485,38,3602,1568,1996,1519,51,5,44,0,12,5,131,43
20260808,r20,486,33,3610,1574,2003,1522,48,9,43,0,9,4,131,43
20260808,r20,487,34,3617,1576,2007,1524,48,8,44,0,10,4,131,43
20260808,r20,488,33,3624,1579,2012,1524,45,5,50,0,10,4,131,43
20260808,r20,489,30,3629,1579,2020,1525,46,3,51,0,8,5,131,43
20260808,r20,490,33,3634,1581,2020,1525,44,2,54,0,8,6,126,43
20260808,r20,491,38,3641,1583,2020,1528,45,4,51,0,9,6,126,43
20260808,r20,492,44,3649,1585,2020,1530,45,4,51,0,9,6,126,43
20260808,r20,493,51,3659,1587,2021,1535,48,4,48,0,9,7,126,43
20260808,r20,494,56,3668,1589,2023,1538,49,4,47,0,9,9,126,43
20260808,r20,495,62,3678,1592,2024,1539,47,5,48,0,9,9,131,43
20260808,r20,496,58,3684,1597,2029,1545,48,8,44,0,9,9,131,43
20260808,r20,497,61,3692,1598,2033,1548,50,6,44,0,9,10,131,43
20260808,r20,498,61,3698,1599,2038,1549,50,2,48,0,9,10,131,43
20260808,r20,499,63,3705,1599,2043,1554,55,1,44,0,9,11,131,43
20260808,r20,500,65,3713,1603,2045,1559,56,4,40,0,9,11,131,43
20260808,r20,501,70,3722,1606,2046,1563,57,7,36,0,9,12,131,43
20260808,r20,502,67,3727,1608,2052,1567,59,5,36,0,9,13,131,43
20260808,r20,503,67,3737,1609,2061,1570,61,3,36,0,9,15,131,43
20260808,r20,504,65,3743,1612,2066,1575,63,4,33,0,9,16,131,43
20260808,r20,505,60,3749,1615,2074,1576,61,6,33,0,9,13,131,43
20260808,r20,506,64,3758,1617,2077,1579,62,5,33,0,9,12,131,43
20260808,r20,507,64,3767,1620,2083,1582,62,5,33,0,9,11,131,43
20260808,r20,508,63,3774,1622,2089,1586,64,5,31,0,9,11,131,43
20260808,r20,509,63,3781,1624,2094,1589,65,4,31,0,9,9,131,43
20260808,r20,510,57,3787,1631,2099,1590,59,9,32,0,9,9,131,43
20260808,r20,511,49,3797,1640,2108,1590,50,16,34,0,9,8,131,43
20260808,r20,512,44,3805,1648,2113,1591,43,17,40,0,9,7,131,43
20260808,r20,513,36,3813,1657,2120,1595,38,17,45,0,9,7,131,43
20260808,r20,514,35,3819,1658,2126,1595,37,10,53,0,11,7,131,43
20260808,r20,515,36,3827,1663,2128,1598,35,6,59,0,11,7,131,43
20260808,r20,516,32,3834,1666,2136,1601,35,8,57,0,10,4,131,43
20260808,r20,517,32,3843,1668,2143,1602,34,5,61,0,9,4,131,43
20260808,r20,518,30,3850,1672,2148,1606,34,6,60,0,9,5,131,43
20260808,r20,519,30,3859,1677,2152,1610,33,9,58,0,8,6,131,43
20260808,r20,520,36,3868,1680,2152,1615,35,8,57,0,8,7,101,38
20260808,r20,521,42,3876,1682,2152,1617,35,5,60,0,8,8,101,38
20260808,r20,522,47,3885,1685,2153,1619,34,5,61,0,8,10,101,38
20260808,r20,523,50,3891,1688,2153,1622,34,6,60,0,8,11,101,38
20260808,r20,524,55,3901,1693,2153,1629,36,8,56,0,9,13,101,38
20260808,r20,525,59,3907,1695,2153,1632,37,7,56,0,9,13,126,43
20260808,r20,526,66,3917,1698,2153,1638,40,5,55,0,9,14,126,43
20260808,r20,527,70,3927,1700,2157,1641,41,5,54,0,9,13,126,43
20260808,r20,528,68,3935,1705,2162,1643,38,7,55,0,9,12,126,43
20260808,r20,529,65,3941,1708,2168,1646,38,8,54,0,9,12,126,43
20260808,r20,530,61,3948,1713,2174,1654,41,8,51,0,9,10,131,43
20260808,r20,531,60,3953,1713,2180,1658,45,5,50,0,9,10,131,43
20260808,r20,532,59,3959,1715,2185,1663,48,2,50,0,9,10,131,43
20260808,r20,533,58,3965,1718,2189,1667,49,5,46,0,9,11,131,43
20260808,r20,534,57,3974,1720,2197,1670,50,5,45,0,9,11,131,43
20260808,r20,535,56,3980,1725,2199,1676,51,7,42,0,9,12,131,43
20260808,r20,536,55,3988,1727,2206,1680,53,7,40,0,9,11,131,43
20260808,r20,537,55,3997,1730,2212,1683,53,5,42,0,8,11,131,43
20260808,r20,538,57,4007,1733,2217,1687,54,6,40,0,8,13,131,43
20260808,r20,539,58,4016,1737,2221,1688,51,7,42,0,9,13,131,43
20260808,r20,540,55,4021,1743,2223,1695,52,10,38,0,9,13,131,43
20260808,r20,541,50,4031,1755,2226,1697,42,18,40,0,9,11,131,43
20260808,r20,542,49,4040,1759,2232,1697,38,16,46,0,9,9,131,43
20260808,r20,543,53,4049,1761,2235,1697,36,6,58,0,12,8,131,43
20260808,r20,544,49,4058,1766,2243,1702,36,7,57,0,13,7,131,43
20260808,r20,545,52,4066,1768,2246,1705,37,7,56,0,14,7,131,43
20260808,r20,546,49,4071,1772,2250,1710,38,6,56,0,13,7,131,43
20260808,r20,547,46,4077,1773,2258,1713,40,5,55,0,12,8,131,43
20260808,r20,548,43,4082,1774,2265,1715,41,2,57,0,8,9,131,43
20260808,r20,549,40,4090,1779,2271,1718,39,6,55,0,7,10,131,43
20260808,r20,550,49,4099,1779,2271,1719,40,5,55,0,9,10,126,43
20260808,r20,551,51,4108,1786,2271,1727,41,7,52,0,9,10,126,43
20260808,r20,552,56,4116,1789,2271,1732,43,10,47,0,9,8,126,43
20260808,r20,553,61,4126,1793,2272,1734,41,7,52,0,9,8,126,43
20260808,r20,554,62,4133,1794,2277,1741,47,5,48,0,9,8,126,43
20260808,r20,555,63,4140,1794,2283,1744,50,1,49,0,9,9,131,43
20260808,r20,556,60,4146,1799,2287,1746,47,5,48,0,9,9,131,43
20260808,r20,557,62,4156,1801,2293,1750,49,7,44,0,9,11,131,43
20260808,r20,558,67,4166,1801,2298,1754,53,2,45,0,9,13,131,43
20260808,r20,559,65,4171,1804,2302,1756,52,3,45,0,9,13,131,43
20260808,r20,560,61,4177,1805,2311,1762,57,4,39,0,9,11,131,43
20260808,r20,561,57,4182,1809,2316,1766,57,5,38,0,9,11,131,43
20260808,r20,562,58,4191,1811,2322,1768,57,6,37,0,9,11,131,43
20260808,r20,563,60,4201,1813,2328,1771,58,4,38,0,9,10,131,43
20260808,r20,564,61,4208,1813,2334,1772,59,2,39,0,9,11,131,43
20260808,r20,565,57,4213,1815,2341,1775,60,2,38,0,9,10,131,43
20260808,r20,566,60,4219,1818,2341,1782,64,5,31,0,9,10,131,43
20260808,r20,567,59,4227,1820,2348,1786,66,5,29,0,9,10,131,43
20260808,r20,568,54,4233,1824,2355,1789,65,6,29,0,9,9,131,43
20260808,r20,569,60,4243,1826,2357,1789,63,6,31,0,9,10,131,43
20260808,r20,570,55,4250,1834,2361,1792,58,10,32,0,9,8,121,43
20260808,r20,571,52,4256,1840,2364,1794,54,14,32,0,9,7,121,43
20260808,r20,572,44,4262,1846,2372,1797,51,12,37,0,9,7,121,43
20260808,r20,573,37,4269,1852,2380,1799,47,12,41,0,8,6,121,43
20260808,r20,574,33,4274,1854,2387,1800,46,8,46,0,8,5,121,43
20260808,r20,575,35,4282,1857,2390,1803,46,5,49,0,10,5,131,43
20260808,r20,576,35,4292,1861,2396,1805,44,7,49,0,13,4,131,43
20260808,r20,577,34,4298,1864,2400,1808,44,7,49,0,11,5,131,43
20260808,r20,578,35,4308,1869,2404,1812,43,8,49,0,9,5,131,43
20260808,r20,579,34,4314,1869,2411,1815,46,5,49,0,8,6,131,43
20260808,r20,580,41,4324,1872,2411,1816,44,3,53,0,8,7,131,43
20260808,r20,581,46,4334,1877,2411,1818,41,8,51,0,8,8,131,43
20260808,r20,582,47,4341,1883,2411,1823,40,11,49,0,8,9,131,43
20260808,r20,583,54,4350,1885,2411,1825,40,8,52,0,8,10,131,43
20260808,r20,584,59,4356,1886,2411,1828,42,3,55,0,9,10,131,43
20260808,r20,585,61,4364,1889,2414,1833,44,4,52,0,9,10,131,43
20260808,r20,586,57,4369,1890,2422,1834,44,4,52,0,9,11,131,43
20260808,r20,587,59,4378,1893,2426,1839,46,4,50,0,8,11,131,43
20260808,r20,588,61,4386,1895,2430,1845,50,5,45,0,8,11,131,43
20260808,r20,589,61,4394,1898,2435,1847,49,5,46,0,9,12,131,43
20260808,r20,590,59,4399,1900,2440,1849,49,5,46,0,9,11,131,43
20260808,r20,591,57,4404,1902,2445,1855,53,4,43,0,9,10,131,43
20260808,r20,592,58,4410,1903,2449,1860,57,3,40,0,8,9,131,43
20260808,r20,593,59,4420,1906,2455,1863,57,4,39,0,9,10,131,43
20260808,r20,594,59,4425,1907,2459,1868,61,4,35,0,9,9,131,43
20260808,r20,595,57,4431,1909,2465,1871,62,3,35,0,9,8,131,43
20260808,r20,596,58,4436,1909,2469,1871,62,2,36,0,9,9,131,43
20260808,r20,597,58,4445,1911,2476,1874,63,2,35,0,9,10,131,43
20260808,r20,598,57,4454,1913,2484,1880,67,4,29,0,9,10,131,43
20260808,r20,599,56,4462,1917,2489,1884,67,6,27,0,9,10,131,43
20260808,r20,600,52,4471,1926,2493,1886,60,13,27,0,9,9,121,40
20260808,B_smooth,1,6,6,0,0,0,149,0,0,1,1,2,131,43
20260808,B_smooth,2,11,14,3,0,0,140,3,0,7,2,3,131,43
20260808,B_smooth,3,17,21,4,0,0,139,4,0,7,4,4,131,43
20260808,B_smooth,4,17,28,11,0,0,135,8,3,4,5,5,131,43
20260808,B_smooth,5,23,36,13,0,0,131,9,4,6,8,4,131,43
20260808,B_smooth,6,23,40,17,0,0,130,6,11,3,5,6,131,43
20260808,B_smooth,7,24,46,22,0,0,127,9,13,1,5,6,131,43
20260808,B_smooth,8,31,53,22,0,0,125,5,17,3,7,8,131,43
20260808,B_smooth,9,34,57,23,0,0,125,1,22,2,9,7,131,43
20260808,B_smooth,10,37,62,25,0,0,124,3,22,1,9,7,131,43
20260808,B_smooth,11,42,67,25,0,0,123,2,23,2,9,8,131,43
20260808,B_smooth,12,46,73,27,0,0,122,2,25,1,8,9,131,43
20260808,B_smooth,13,48,78,30,0,0,120,5,25,0,8,9,131,43
20260808,B_smooth,14,46,82,32,4,1,118,5,26,1,8,9,131,43
20260808,B_smooth,15,46,89,32,11,1,118,2,29,1,9,7,131,43
20260808,B_smooth,16,49,96,34,13,2,118,2,30,0,9,8,131,43
20260808,B_smooth,17,52,104,35,17,5,119,3,27,1,9,10,131,43
20260808,B_smooth,18,51,110,35,24,6,120,1,28,1,9,10,131,43
20260808,B_smooth,19,50,115,38,27,9,121,3,26,0,9,10,131,43
20260808,B_smooth,20,52,123,39,32,13,123,4,22,1,9,10,121,40
20260808,B_smooth,21,56,131,39,36,13,123,1,25,1,9,11,121,40
20260808,B_smooth,22,55,137,41,41,16,125,2,23,0,9,11,121,40
20260808,B_smooth,23,56,141,41,44,18,126,2,21,1,9,9,121,40
20260808,B_smooth,24,60,148,41,47,20,128,0,21,1,9,10,121,40
20260808,B_smooth,25,61,156,43,52,23,130,2,18,0,9,10,126,43
20260808,B_smooth,26,63,164,43,58,26,132,2,15,1,9,11,126,43
20260808,B_smooth,27,59,168,44,65,29,134,1,14,1,9,10,126,43
20260808,B_smooth,28,61,176,45,70,31,134,2,12,2,8,9,126,43
20260808,B_smooth,29,63,182,45,74,31,134,1,13,2,8,10,126,43
20260808,B_smooth,30,60,190,51,79,32,130,6,13,1,9,10,131,43
20260808,B_smooth,31,60,198,51,87,33,128,6,12,4,12,9,131,43
20260808,B_smooth,32,60,204,52,92,35,126,1,16,7,14,7,131,43
20260808,B_smooth,33,60,212,56,96,35,124,5,16,5,14,6,131,43
20260808,B_smooth,34,54,216,60,102,35,124,8,17,1,12,5,131,43
20260808,B_smooth,35,50,220,61,109,36,124,5,20,1,13,5,131,43
20260808,B_smooth,36,49,228,62,117,37,122,2,23,3,13,5,131,43
20260808,B_smooth,37,50,232,63,119,41,126,2,20,2,13,7,131,43
20260808,B_smooth,38,45,238,66,127,41,123,4,21,2,9,7,131,43
20260808,B_smooth,39,44,244,67,133,43,123,4,20,3,8,8,131,43
20260808,B_smooth,40,50,252,69,133,44,123,3,22,2,8,8,131,43
20260808,B_smooth,41,56,260,70,134,44,123,3,23,1,8,9,131,43
20260808,B_smooth,42,58,268,72,138,44,122,3,25,0,9,10,131,43
20260808,B_smooth,43,55,272,72,145,45,123,2,25,0,9,10,131,43
20260808,B_smooth,44,57,278,72,149,45,121,0,27,2,9,10,131,43
20260808,B_smooth,45,56,283,74,153,46,119,2,26,3,9,9,131,43
20260808,B_smooth,46,55,289,76,158,48,119,4,24,3,9,8,131,43
20260808,B_smooth,47,58,297,79,160,50,119,5,24,2,9,8,131,43
20260808,B_smooth,48,58,303,81,164,52,121,5,24,0,9,9,131,43
20260808,B_smooth,49,58,309,82,169,56,122,3,23,2,9,8,131,43
20260808,B_smooth,50,57,314,82,175,58,124,1,23,2,9,8,126,43
20260808,B_smooth,51,54,319,84,181,59,125,2,23,0,9,9,126,43
20260808,B_smooth,52,53,325,84,188,61,127,2,21,0,9,8,126,43
20260808,B_smooth,53,55,333,86,192,62,125,2,22,1,9,9,126,43
20260808,B_smooth,54,54,339,87,198,64,125,3,20,2,9,8,126,43
20260808,B_smooth,55,56,345,89,200,66,125,3,20,2,9,9,131,43
20260808,B_smooth,56,53,349,90,206,68,126,3,19,2,9,9,131,43
20260808,B_smooth,57,52,355,93,210,69,125,4,20,1,9,8,131,43
20260808,B_smooth,58,54,363,94,215,70,125,4,20,1,9,10,131,43
20260808,B_smooth,59,53,369,95,221,70,123,2,23,2,9,9,131,43
20260808,B_smooth,60,49,376,102,225,72,119,8,22,1,9,8,131,43
20260808,B_smooth,61,51,384,103,230,73,119,8,22,1,10,7,131,43
20260808,B_smooth,62,53,391,103,235,74,113,1,28,8,15,7,131,43
20260808,B_smooth,63,53,398,104,241,75,113,1,28,8,15,7,131,43
20260808,B_smooth,64,45,406,115,246,77,109,12,26,3,13,4,131,43
20260808,B_smooth,65,46,413,116,251,80,110,12,24,4,13,6,131,43
20260808,B_smooth,66,46,419,118,255,81,111,3,34,2,12,8,131,43
20260808,B_smooth,67,48,426,120,258,81,111,4,35,0,13,8,131,43
20260808,B_smooth,68,45,432,121,266,84,111,3,34,2,10,9,131,43
20260808,B_smooth,69,47,440,123,270,88,113,3,32,2,9,9,131,43
20260808,B_smooth,70,48,444,126,270,89,113,5,32,0,9,9,131,43
20260808,B_smooth,71,54,450,126,270,89,111,3,34,2,9,11,131,43
20260808,B_smooth,72,59,458,127,272,89,108,1,37,4,9,14,131,43
20260808,B_smooth,73,58,466,131,277,92,108,5,34,3,9,13,131,43
20260808,B_smooth,74,59,471,133,279,93,109,6,34,1,8,12,131,43
20260808,B_smooth,75,55,475,135,285,96,111,4,35,0,8,10,131,43
20260808,B_smooth,76,58,483,135,290,97,112,2,36,0,9,8,131,43
20260808,B_smooth,77,56,488,135,297,97,111,0,38,1,9,8,131,43
20260808,B_smooth,78,58,495,135,302,101,114,0,34,2,9,8,131,43
20260808,B_smooth,79,54,499,136,309,104,117,1,31,1,9,8,131,43
20260808,B_smooth,80,55,503,137,311,109,121,2,26,1,9,8,131,43
20260808,B_smooth,81,54,508,137,317,110,122,1,26,1,9,8,131,43
20260808,B_smooth,82,50,512,139,323,111,121,2,26,1,9,8,131,43
20260808,B_smooth,83,48,516,139,329,115,125,2,22,1,9,7,131,43
20260808,B_smooth,84,49,522,140,333,119,127,1,20,2,9,8,131,43
20260808,B_smooth,85,49,527,142,336,120,124,3,19,4,9,7,131,43
20260808,B_smooth,86,47,535,146,342,125,124,6,15,5,9,8,131,43
20260808,B_smooth,87,46,541,149,346,127,123,7,15,5,8,7,131,43
20260808,B_smooth,88,44,547,154,349,129,121,8,17,4,7,7,131,43
20260808,B_smooth,89,48,555,156,351,131,123,7,18,2,7,8,131,43
20260808,B_smooth,90,52,562,159,351,132,118,5,22,5,8,8,131,43
20260808,B_smooth,91,55,569,159,355,133,115,3,23,9,11,8,131,43
20260808,B_smooth,92,54,573,164,355,134,116,5,25,4,12,8,131,43
20260808,B_smooth,93,56,580,168,356,134,115,9,25,1,14,7,131,43
20260808,B_smooth,94,58,588,168,362,134,113,4,30,3,15,7,131,43
20260808,B_smooth,95,60,593,169,364,135,112,1,33,4,15,7,131,43
20260808,B_smooth,96,58,599,172,369,136,112,4,32,2,11,7,131,43
20260808,B_smooth,97,57,605,176,372,137,109,7,32,2,11,7,131,43
20260808,B_smooth,98,59,612,176,377,140,111,4,32,3,10,9,131,43
20260808,B_smooth,99,57,619,178,384,143,112,2,33,3,9,9,131,43
20260808,B_smooth,100,59,627,182,386,143,108,6,33,3,9,10,121,40
20260808,B_smooth,101,59,635,185,391,146,109,7,32,2,8,11,121,40
20260808,B_smooth,102,60,641,187,394,147,109,5,35,1,9,12,121,40
20260808,B_smooth,103,58,647,189,400,150,109,4,35,2,9,12,121,40
20260808,B_smooth,104,58,655,190,407,151,108,3,36,3,9,12,121,40
20260808,B_smooth,105,61,662,192,409,154,110,3,35,2,9,12,131,43
20260808,B_smooth,106,59,667,194,414,158,112,4,32,2,9,10,131,43
20260808,B_smooth,107,60,675,197,418,163,115,5,29,1,9,11,131,43
20260808,B_smooth,108,59,682,199,424,167,118,5,27,0,9,11,131,43
20260808,B_smooth,109,60,690,200,430,168,118,3,29,0,9,11,131,43
20260808,B_smooth,110,62,698,201,435,170,118,2,29,1,9,9,131,43
20260808,B_smooth,111,63,706,201,442,172,117,1,28,4,9,8,131,43
20260808,B_smooth,112,62,710,202,446,174,118,1,27,4,9,10,131,43
20260808,B_smooth,113,65,718,205,448,175,116,4,26,4,9,9,131,43
20260808,B_smooth,114,65,726,207,454,177,117,5,25,3,9,8,131,43
20260808,B_smooth,115,62,731,210,459,178,115,5,27,3,9,8,131,43
20260808,B_smooth,116,62,735,210,463,180,117,3,27,3,9,9,131,43
20260808,B_smooth,117,62,742,214,466,182,118,4,28,0,9,9,131,43
20260808,B_smooth,118,62,750,216,472,185,118,6,25,1,9,10,131,43
20260808,B_smooth,119,60,755,216,479,190,122,2,24,2,9,10,131,43
20260808,B_smooth,120,57,763,221,485,190,118,5,26,1,9,8,131,43
20260808,B_smooth,121,53,769,224,492,193,116,8,23,3,11,7,131,43
20260808,B_smooth,122,53,773,224,496,196,115,3,25,7,12,7,131,43
20260808,B_smooth,123,49,781,228,504,198,116,4,26,4,13,6,131,43
20260808,B_smooth,124,43,786,232,511,198,116,8,26,0,12,6,131,43
20260808,B_smooth,125,46,794,233,515,198,113,5,30,2,15,5,121,40
20260808,B_smooth,126,47,800,234,519,199,113,2,33,2,14,5,121,40
20260808,B_smooth,127,45,806,236,525,202,115,3,31,1,11,7,121,40
20260808,B_smooth,128,44,814,238,532,206,115,4,28,3,10,9,121,40
20260808,B_smooth,129,44,820,239,537,208,117,3,28,2,8,9,121,40
20260808,B_smooth,130,48,828,242,538,209,116,4,29,1,9,9,131,43
20260808,B_smooth,131,55,836,243,538,209,115,4,30,1,9,10,131,43
20260808,B_smooth,132,59,841,244,538,210,116,2,32,0,9,9,131,43
20260808,B_smooth,133,57,846,246,543,212,115,3,31,1,9,10,131,43
20260808,B_smooth,134,56,851,247,548,216,118,3,28,1,9,11,131,43
20260808,B_smooth,135,56,859,249,554,218,118,3,28,1,8,11,131,43
20260808,B_smooth,136,56,867,252,559,221,117,5,26,2,8,11,131,43
20260808,B_smooth,137,57,874,253,564,224,119,4,25,2,9,11,131,43
20260808,B_smooth,138,58,880,254,568,224,118,2,28,2,9,10,131,43
20260808,B_smooth,139,61,888,255,572,227,121,2,26,1,9,11,131,43
20260808,B_smooth,140,58,894,257,579,229,121,3,25,1,9,10,131,43
20260808,B_smooth,141,56,900,257,587,229,121,2,26,1,9,9,131,43
20260808,B_smooth,142,58,907,258,591,232,123,1,25,1,9,10,131,43
20260808,B_smooth,143,60,913,259,594,233,122,2,24,2,9,10,131,43
20260808,B_smooth,144,59,920,263,598,233,119,5,25,1,9,12,131,43
20260808,B_smooth,145,58,925,265,602,235,117,6,24,3,9,12,131,43
20260808,B_smooth,146,58,931,265,608,235,117,2,28,3,9,10,131,43
20260808,B_smooth,147,55,935,268,612,238,120,3,27,0,9,10,131,43
20260808,B_smooth,148,56,942,268,618,238,120,3,27,0,9,10,131,43
20260808,B_smooth,149,53,948,269,626,240,121,1,28,0,9,9,131,43
20260808,B_smooth,150,52,953,270,631,244,123,2,24,1,10,9,131,43
20260808,B_smooth,151,52,960,271,637,246,120,2,23,5,12,7,131,43
20260808,B_smooth,152,50,967,273,644,248,119,3,22,6,12,6,131,43
20260808,B_smooth,153,47,974,278,649,252,122,7,19,2,11,5,131,43
20260808,B_smooth,154,46,979,280,653,254,123,7,19,1,11,6,131,43
20260808,B_smooth,155,49,986,280,657,255,124,2,23,1,11,8,126,43
20260808,B_smooth,156,46,991,282,663,256,123,2,24,1,12,8,126,43
20260808,B_smooth,157,47,997,283,667,256,121,3,24,2,11,8,126,43
20260808,B_smooth,158,46,1004,284,674,259,124,2,23,1,9,8,126,43
20260808,B_smooth,159,41,1008,288,679,262,124,5,21,0,8,7,126,43
20260808,B_smooth,160,48,1016,289,679,263,124,5,21,0,8,7,131,43
20260808,B_smooth,161,50,1020,290,680,263,122,2,25,1,8,8,131,43
20260808,B_smooth,162,54,1028,292,682,264,121,3,25,1,9,9,131,43
20260808,B_smooth,163,51,1032,293,688,267,124,3,23,0,9,8,131,43
20260808,B_smooth,164,51,1039,295,693,270,124,3,22,1,9,10,131,43
20260808,B_smooth,165,50,1045,295,700,272,125,2,21,2,9,11,131,43
20260808,B_smooth,166,49,1050,298,703,273,124,3,22,1,9,10,131,43
20260808,B_smooth,167,49,1056,300,707,274,123,5,21,1,8,12,131,43
20260808,B_smooth,168,48,1062,301,713,276,124,3,22,1,9,13,131,43
20260808,B_smooth,169,53,1070,303,714,276,123,3,24,0,9,14,131,43
20260808,B_smooth,170,52,1078,304,722,277,122,3,24,1,9,12,131,43
20260808,B_smooth,171,53,1082,304,725,280,124,1,23,2,9,12,131,43
20260808,B_smooth,172,51,1088,308,729,282,122,4,22,2,9,12,131,43
20260808,B_smooth,173,52,1092,309,731,284,123,5,20,2,9,11,131,43
20260808,B_smooth,174,47,1097,313,737,288,122,5,20,3,9,8,131,43
20260808,B_smooth,175,49,1105,315,741,289,121,6,20,3,9,8,131,43
20260808,B_smooth,176,54,1113,317,742,291,122,4,22,2,9,9,131,43
20260808,B_smooth,177,55,1121,321,745,292,119,6,23,2,9,8,131,43
20260808,B_smooth,178,54,1126,323,749,293,119,6,24,1,9,8,131,43
20260808,B_smooth,179,50,1130,325,755,293,117,4,28,1,9,7,131,43
20260808,B_smooth,180,44,1137,330,763,295,111,7,28,4,9,6,121,40
20260808,B_smooth,181,46,1144,332,766,296,111,7,29,3,11,6,121,40
20260808,B_smooth,182,44,1149,337,768,296,107,7,34,2,12,5,121,40
20260808,B_smooth,183,47,1155,337,771,299,109,5,33,3,13,5,121,40
20260808,B_smooth,184,51,1162,339,772,303,112,2,34,2,13,5,121,40
20260808,B_smooth,185,46,1166,342,778,305,112,5,32,1,14,5,131,43
20260808,B_smooth,186,40,1170,345,785,305,110,6,34,0,10,4,131,43
20260808,B_smooth,187,39,1175,346,790,306,109,4,36,1,9,5,131,43
20260808,B_smooth,188,38,1179,346,795,306,108,1,39,2,8,5,131,43
20260808,B_smooth,189,37,1185,350,798,307,106,4,39,1,9,5,131,43
20260808,B_smooth,190,41,1191,351,799,309,107,5,37,1,9,6,131,43
20260808,B_smooth,191,42,1195,351,802,312,109,1,38,2,9,7,131,43
20260808,B_smooth,192,43,1199,352,804,314,109,1,37,3,8,9,131,43
20260808,B_smooth,193,42,1204,353,809,320,115,2,31,2,8,8,131,43
20260808,B_smooth,194,41,1210,356,813,321,115,4,31,0,8,9,131,43
20260808,B_smooth,195,45,1218,356,817,321,115,3,32,0,9,10,131,43
20260808,B_smooth,196,47,1223,357,819,326,119,1,30,0,9,10,131,43
20260808,B_smooth,197,49,1229,357,823,331,122,1,25,2,9,9,131,43
20260808,B_smooth,198,49,1235,359,827,334,122,2,23,3,9,9,131,43
20260808,B_smooth,199,50,1239,361,828,334,122,4,23,1,9,9,131,43
20260808,B_smooth,200,49,1246,364,833,337,121,5,22,2,9,8,131,43
20260808,B_smooth,201,51,1251,364,836,341,124,3,20,3,9,9,131,43
20260808,B_smooth,202,51,1255,366,838,342,124,2,22,2,9,9,131,43
20260808,B_smooth,203,53,1262,367,842,342,123,3,22,2,9,10,131,43
20260808,B_smooth,204,50,1266,369,847,345,125,3,21,1,8,10,131,43
20260808,B_smooth,205,49,1272,370,853,345,125,3,22,0,9,9,131,43
20260808,B_smooth,206,49,1277,371,857,345,122,2,24,2,9,9,131,43
20260808,B_smooth,207,49,1284,372,863,349,121,2,21,6,9,10,131,43
20260808,B_smooth,208,52,1292,375,865,352,122,4,19,5,9,13,131,43
20260808,B_smooth,209,51,1296,379,866,352,119,7,20,4,9,12,131,43
20260808,B_smooth,210,53,1304,382,869,355,116,7,20,7,10,11,131,43
20260808,B_smooth,211,51,1311,388,872,356,111,9,23,7,10,10,131,43
20260808,B_smooth,212,50,1319,395,874,359,108,13,23,6,8,9,131,43
20260808,B_smooth,213,47,1324,398,879,359,108,10,29,3,8,8,131,43
20260808,B_smooth,214,44,1330,403,883,361,107,8,34,1,9,8,131,43
20260808,B_smooth,215,43,1336,404,889,362,106,6,36,2,10,7,131,43
20260808,B_smooth,216,43,1342,407,892,362,104,4,41,1,10,6,131,43
20260808,B_smooth,217,43,1349,408,898,362,103,4,42,1,10,5,131,43
20260808,B_smooth,218,40,1355,410,905,365,103,3,42,2,7,6,131,43
20260808,B_smooth,219,39,1360,413,908,367,103,5,41,1,7,7,131,43
20260808,B_smooth,220,41,1364,414,909,368,104,4,42,0,7,7,131,43
20260808,B_smooth,221,44,1369,415,910,370,104,2,43,1,8,8,131,43
20260808,B_smooth,222,45,1375,417,913,374,105,3,40,2,8,7,131,43
20260808,B_smooth,223,45,1380,418,917,374,105,3,41,1,8,7,131,43
20260808,B_smooth,224,47,1385,420,918,378,107,3,39,1,8,7,131,43
20260808,B_smooth,225,47,1389,420,922,384,113,2,34,1,8,7,131,43
20260808,B_smooth,226,49,1396,421,926,387,116,1,33,0,9,9,131,43
20260808,B_smooth,227,47,1400,421,932,388,117,1,32,0,9,8,131,43
20260808,B_smooth,228,47,1404,421,936,391,120,0,30,0,9,8,131,43
20260808,B_smooth,229,46,1408,421,941,397,124,0,24,2,8,8,131,43
20260808,B_smooth,230,48,1414,422,944,402,126,1,19,4,9,11,131,43
20260808,B_smooth,231,48,1420,425,947,404,127,4,17,2,9,9,131,43
20260808,B_smooth,232,51,1428,427,950,406,129,5,16,0,9,10,131,43
20260808,B_smooth,233,49,1433,429,955,411,131,4,14,1,9,9,131,43
20260808,B_smooth,234,50,1441,431,960,414,130,4,13,3,9,9,131,43
20260808,B_smooth,235,52,1447,432,963,415,130,3,14,3,9,8,111,40
20260808,B_smooth,236,50,1452,435,967,417,130,4,14,2,9,7,111,40
20260808,B_smooth,237,53,1458,436,969,419,132,4,13,1,9,9,111,40
20260808,B_smooth,238,53,1463,438,972,419,131,3,16,0,9,8,111,40
20260808,B_smooth,239,54,1468,440,974,420,129,4,16,1,9,9,111,40
20260808,B_smooth,240,51,1472,441,980,420,125,3,18,4,9,9,131,43
20260808,B_smooth,241,50,1477,443,984,420,122,3,20,5,9,8,131,43
20260808,B_smooth,242,48,1483,446,989,420,119,5,21,5,12,8,131,43
20260808,B_smooth,243,48,1490,450,992,421,116,7,22,5,10,8,131,43
20260808,B_smooth,244,47,1498,454,997,422,116,8,24,2,10,7,131,43
20260808,B_smooth,245,46,1506,457,1003,422,115,7,28,0,7,6,131,43
20260808,B_smooth,246,49,1514,457,1008,423,116,3,31,0,9,6,131,43
20260808,B_smooth,247,48,1521,459,1014,425,115,2,32,1,9,7,131,43
20260808,B_smooth,248,51,1528,459,1018,425,115,2,32,1,9,8,131,43
20260808,B_smooth,249,51,1535,461,1023,426,114,2,33,1,9,9,131,43
20260808,B_smooth,250,56,1540,461,1023,427,113,2,32,3,9,10,131,43
20260808,B_smooth,251,59,1544,462,1023,429,114,1,32,3,9,11,131,43
20260808,B_smooth,252,60,1549,464,1025,430,115,3,31,1,9,11,131,43
20260808,B_smooth,253,59,1554,465,1030,433,117,3,29,1,9,10,131,43
20260808,B_smooth,254,58,1560,465,1037,435,119,1,29,1,9,10,131,43
20260808,B_smooth,255,58,1566,466,1042,442,126,1,23,0,9,9,122,43
20260808,B_smooth,256,57,1572,466,1049,443,127,1,22,0,9,10,122,43
20260808,B_smooth,257,54,1576,467,1055,445,128,1,21,0,9,9,122,43
20260808,B_smooth,258,54,1583,467,1062,446,129,1,20,0,9,9,122,43
20260808,B_smooth,259,53,1590,468,1069,447,128,1,20,1,9,8,122,43
20260808,B_smooth,260,52,1594,468,1074,450,130,1,17,2,9,8,131,43
20260808,B_smooth,261,55,1602,470,1077,452,131,2,16,1,9,8,131,43
20260808,B_smooth,262,55,1607,472,1080,456,133,4,12,1,9,8,131,43
20260808,B_smooth,263,58,1615,472,1085,456,133,2,14,1,9,9,131,43
20260808,B_smooth,264,59,1623,475,1089,457,130,3,15,2,9,9,131,43
20260808,B_smooth,265,59,1629,475,1095,459,132,3,13,2,9,9,131,43
20260808,B_smooth,266,57,1633,477,1099,460,133,2,15,0,9,9,131,43
20260808,B_smooth,267,58,1639,479,1102,462,133,4,13,0,9,9,131,43
20260808,B_smooth,268,57,1645,479,1109,463,133,2,14,1,9,9,131,43
20260808,B_smooth,269,59,1652,479,1114,464,133,0,15,2,9,10,131,43
20260808,B_smooth,270,59,1660,484,1117,465,129,5,14,2,9,8,131,43
20260808,B_smooth,271,55,1664,486,1123,466,128,7,13,2,10,7,131,43
20260808,B_smooth,272,58,1672,487,1127,466,125,3,18,4,13,7,131,43
20260808,B_smooth,273,56,1680,489,1135,468,126,3,18,3,14,7,131,43
20260808,B_smooth,274,50,1684,492,1142,468,126,5,19,0,14,6,131,43
20260808,B_smooth,275,49,1689,492,1148,469,126,3,20,1,13,5,131,43
20260808,B_smooth,276,51,1696,493,1152,469,125,1,23,1,13,5,131,43
20260808,B_smooth,277,51,1703,495,1157,470,124,3,22,1,12,6,131,43
20260808,B_smooth,278,53,1711,495,1163,472,125,2,21,2,12,7,131,43
20260808,B_smooth,279,48,1715,497,1170,473,125,2,22,1,9,8,131,43
20260808,B_smooth,280,55,1723,498,1170,473,123,3,22,2,9,9,131,43
20260808,B_smooth,281,61,1730,499,1170,475,124,2,22,2,9,9,131,43
20260808,B_smooth,282,58,1734,501,1175,475,124,3,23,0,9,8,131,43
20260808,B_smooth,283,55,1739,502,1182,477,124,3,22,1,9,8,131,43
20260808,B_smooth,284,55,1744,503,1186,479,125,2,22,1,9,8,131,43
20260808,B_smooth,285,57,1751,504,1190,480,125,2,22,1,9,8,121,40
20260808,B_smooth,286,53,1755,506,1196,481,122,3,22,3,9,9,121,40
20260808,B_smooth,287,53,1761,507,1201,481,121,3,23,3,9,8,121,40
20260808,B_smooth,288,53,1768,509,1206,487,125,3,19,3,9,9,121,40
20260808,B_smooth,289,56,1776,511,1209,488,123,4,19,4,9,10,121,40
20260808,B_smooth,290,52,1780,513,1215,491,126,4,18,2,9,9,126,43
20260808,B_smooth,291,54,1788,515,1219,493,127,4,18,1,9,11,126,43
20260808,B_smooth,292,55,1793,515,1223,495,127,2,18,3,9,12,126,43
20260808,B_smooth,293,57,1798,517,1224,496,127,2,19,2,8,12,126,43
20260808,B_smooth,294,56,1802,520,1226,496,123,5,19,3,8,10,126,43
20260808,B_smooth,295,53,1808,522,1233,498,120,5,19,6,8,10,131,43
20260808,B_smooth,296,53,1813,526,1234,499,118,6,21,5,8,8,131,43
20260808,B_smooth,297,50,1818,530,1238,500,117,8,22,3,8,8,131,43
20260808,B_smooth,298,49,1824,533,1242,501,116,7,25,2,8,7,131,43
20260808,B_smooth,299,50,1831,534,1247,503,114,4,27,5,9,9,131,43
20260808,B_smooth,300,49,1836,537,1250,504,111,4,29,6,9,8,131,43
20260808,B_smooth,301,46,1843,543,1254,505,107,9,29,5,11,7,131,43
20260808,B_smooth,302,44,1847,546,1257,506,104,9,31,6,11,6,131,43
20260808,B_smooth,303,44,1854,549,1261,507,105,6,36,3,11,6,131,43
20260808,B_smooth,304,42,1858,553,1263,510,106,7,36,1,11,6,131,43
20260808,B_smooth,305,44,1866,555,1267,512,106,6,37,1,12,5,131,43
20260808,B_smooth,306,46,1872,556,1270,512,106,3,41,0,14,5,131,43
20260808,B_smooth,307,48,1879,557,1274,513,106,2,42,0,13,6,131,43
20260808,B_smooth,308,47,1885,559,1279,514,105,3,42,0,11,7,131,43
20260808,B_smooth,309,44,1893,563,1286,515,102,6,42,0,9,7,131,43
20260808,B_smooth,310,49,1899,563,1287,516,102,4,43,1,9,8,131,43
20260808,B_smooth,311,51,1907,566,1290,520,103,3,43,1,9,7,131,43
20260808,B_smooth,312,52,1911,567,1292,525,108,4,38,0,9,9,131,43
20260808,B_smooth,313,52,1918,568,1298,530,111,2,36,1,9,9,131,43
20260808,B_smooth,314,54,1926,571,1301,534,112,4,33,1,9,8,131,43
20260808,B_smooth,315,53,1931,572,1306,537,115,4,31,0,9,8,131,43
20260808,B_smooth,316,54,1938,572,1312,542,120,1,29,0,9,8,131,43
20260808,B_smooth,317,53,1944,573,1318,544,121,1,28,0,9,8,131,43
20260808,B_smooth,318,52,1948,574,1322,546,122,2,26,0,9,8,131,43
20260808,B_smooth,319,52,1953,576,1325,548,121,3,25,1,9,11,131,43
20260808,B_smooth,320,53,1961,577,1331,549,120,3,25,2,9,11,131,43
20260808,B_smooth,321,52,1968,580,1336,554,123,4,22,1,9,9,131,43
20260808,B_smooth,322,53,1974,582,1339,554,122,5,23,0,9,8,131,43
20260808,B_smooth,323,49,1979,584,1346,559,124,4,21,1,9,9,131,43
20260808,B_smooth,324,46,1984,586,1352,560,121,4,22,3,8,9,131,43
20260808,B_smooth,325,45,1988,587,1356,560,120,3,24,3,7,7,131,43
20260808,B_smooth,326,44,1993,590,1359,561,120,4,25,1,7,7,131,43
20260808,B_smooth,327,40,1997,593,1364,561,116,6,26,2,7,8,131,43
20260808,B_smooth,328,41,2001,593,1367,563,118,3,27,2,7,7,131,43
20260808,B_smooth,329,41,2005,596,1368,568,122,3,25,0,7,7,131,43
20260808,B_smooth,330,39,2009,596,1374,571,124,3,22,1,8,6,131,43
20260808,B_smooth,331,42,2017,597,1378,571,120,1,25,4,9,5,131,43
20260808,B_smooth,332,40,2021,600,1381,573,120,4,23,3,9,5,131,43
20260808,B_smooth,333,36,2025,603,1386,575,119,6,22,3,9,4,131,43
20260808,B_smooth,334,38,2031,603,1390,576,120,3,24,3,11,4,131,43
20260808,B_smooth,335,36,2035,607,1392,579,122,4,24,0,11,4,121,40
20260808,B_smooth,336,37,2040,607,1396,580,121,4,23,2,11,5,121,40
20260808,B_smooth,337,39,2048,610,1399,583,120,3,24,3,10,7,121,40
20260808,B_smooth,338,40,2054,612,1402,586,122,5,21,2,9,8,121,40
20260808,B_smooth,339,43,2060,612,1405,587,124,2,23,1,8,8,121,40
20260808,B_smooth,340,47,2064,612,1405,587,125,0,25,0,8,8,131,43
20260808,B_smooth,341,46,2068,612,1410,587,125,0,25,0,8,9,131,43
20260808,B_smooth,342,48,2073,612,1413,589,126,0,23,1,8,9,131,43
20260808,B_smooth,343,52,2081,612,1417,591,127,0,21,2,9,9,131,43
20260808,B_smooth,344,50,2085,613,1422,591,127,1,21,1,9,9,131,43
20260808,B_smooth,345,49,2089,616,1424,593,127,4,19,0,9,9,131,43
20260808,B_smooth,346,48,2093,616,1429,594,127,3,19,1,8,9,131,43
20260808,B_smooth,347,48,2098,616,1434,596,129,0,20,1,9,9,131,43
20260808,B_smooth,348,47,2103,617,1439,597,130,1,19,0,9,8,131,43
20260808,B_smooth,349,46,2111,620,1445,601,130,4,15,1,9,7,131,43
20260808,B_smooth,350,48,2118,621,1449,602,130,4,15,1,9,7,131,43
20260808,B_smooth,351,49,2123,622,1452,604,132,2,16,0,9,9,131,43
20260808,B_smooth,352,50,2129,622,1457,607,135,1,14,0,8,10,131,43
20260808,B_smooth,353,49,2137,623,1465,608,135,1,14,0,8,9,131,43
20260808,B_smooth,354,51,2145,625,1469,609,131,3,13,3,8,10,131,43
20260808,B_smooth,355,53,2150,626,1471,610,131,3,13,3,9,10,131,43
20260808,B_smooth,356,51,2154,630,1473,611,129,5,14,2,9,11,131,43
20260808,B_smooth,357,51,2158,630,1477,612,129,4,14,3,8,10,131,43
20260808,B_smooth,358,52,2166,634,1480,613,127,4,17,2,8,10,131,43
20260808,B_smooth,359,54,2173,636,1483,614,126,6,16,2,8,10,131,43
20260808,B_smooth,360,54,2179,638,1487,614,123,4,20,3,8,9,126,43
20260808,B_smooth,361,53,2183,640,1490,614,121,4,22,3,8,9,126,43
20260808,B_smooth,362,54,2191,643,1494,615,118,5,23,4,13,7,126,43
20260808,B_smooth,363,55,2199,644,1500,615,117,4,25,4,15,6,126,43
20260808,B_smooth,364,54,2207,647,1506,617,119,4,26,1,14,5,126,43
20260808,B_smooth,365,55,2214,648,1511,618,119,4,26,1,14,7,131,43
20260808,B_smooth,366,56,2221,651,1514,618,115,4,29,2,15,7,131,43
20260808,B_smooth,367,58,2227,652,1517,619,114,4,29,3,14,8,131,43
20260808,B_smooth,368,59,2235,653,1523,619,113,2,32,3,10,8,131,43
20260808,B_smooth,369,59,2243,655,1529,622,115,3,30,2,9,10,131,43
20260808,B_smooth,370,64,2249,656,1529,623,116,3,30,1,9,10,131,43
20260808,B_smooth,371,70,2257,657,1530,625,116,2,30,2,9,10,131,43
20260808,B_smooth,372,66,2262,659,1537,628,117,3,28,2,9,9,131,43
20260808,B_smooth,373,64,2268,661,1543,629,118,4,28,0,9,9,131,43
20260808,B_smooth,374,62,2274,661,1551,631,119,2,28,1,9,8,131,43
20260808,B_smooth,375,59,2278,662,1557,634,121,1,27,1,9,10,131,43
20260808,B_smooth,376,60,2286,664,1562,637,123,3,24,0,9,10,131,43
20260808,B_smooth,377,63,2294,665,1566,639,123,3,23,1,9,12,131,43
20260808,B_smooth,378,60,2300,666,1574,643,126,2,21,1,9,11,131,43
20260808,B_smooth,379,59,2308,668,1581,646,128,3,19,0,9,12,131,43
20260808,B_smooth,380,57,2315,671,1587,647,122,5,19,4,9,11,115,42
20260808,B_smooth,381,58,2323,671,1594,649,123,3,19,5,9,11,115,42
20260808,B_smooth,382,59,2329,676,1594,649,122,5,22,1,9,9,115,42
20260808,B_smooth,383,62,2337,677,1598,651,124,6,20,0,9,8,115,42
20260808,B_smooth,384,63,2344,677,1604,653,124,1,23,2,9,10,115,42
20260808,B_smooth,385,64,2350,678,1608,655,123,1,22,4,9,10,131,43
20260808,B_smooth,386,61,2355,681,1613,658,124,4,19,3,9,9,131,43
20260808,B_smooth,387,59,2360,683,1618,658,123,5,20,2,9,8,131,43
20260808,B_smooth,388,60,2367,685,1622,659,120,4,22,4,9,9,131,43
20260808,B_smooth,389,57,2372,687,1628,660,120,4,23,3,9,8,131,43
20260808,B_smooth,390,55,2379,695,1629,661,115,10,24,1,9,8,121,40
20260808,B_smooth,391,53,2384,695,1636,662,115,8,25,2,10,6,121,40
20260808,B_smooth,392,52,2388,696,1640,665,117,1,30,2,10,6,121,40
20260808,B_smooth,393,47,2395,700,1648,669,118,5,26,1,12,6,121,40
20260808,B_smooth,394,45,2401,701,1655,672,119,5,24,2,14,4,121,40
20260808,B_smooth,395,44,2407,703,1660,674,118,3,26,3,14,5,131,43
20260808,B_smooth,396,45,2413,705,1663,675,118,4,26,2,14,6,131,43
20260808,B_smooth,397,44,2418,707,1667,675,117,4,28,1,12,7,131,43
20260808,B_smooth,398,43,2423,708,1672,676,118,3,29,0,10,8,131,43
20260808,B_smooth,399,44,2429,708,1677,677,118,1,30,1,9,10,131,43
20260808,B_smooth,400,48,2434,709,1677,678,118,1,30,1,9,10,131,43
20260808,B_smooth,401,50,2440,710,1680,680,120,2,28,0,9,11,131,43
20260808,B_smooth,402,53,2447,711,1683,682,121,2,27,0,9,11,131,43
20260808,B_smooth,403,52,2454,714,1688,683,119,4,27,0,8,11,131,43
20260808,B_smooth,404,53,2461,714,1694,684,119,3,27,1,8,12,131,43
20260808,B_smooth,405,53,2468,716,1699,686,118,2,28,2,8,12,131,43
20260808,B_smooth,406,53,2475,718,1704,690,121,4,24,1,9,12,131,43
20260808,B_smooth,407,54,2481,720,1707,692,121,4,24,1,9,11,131,43
20260808,B_smooth,408,53,2485,720,1712,695,124,2,23,1,9,8,131,43
20260808,B_smooth,409,51,2489,721,1717,701,130,1,19,0,8,9,131,43
20260808,B_smooth,410,51,2493,721,1721,702,130,1,18,1,9,10,131,43
20260808,B_smooth,411,50,2500,723,1727,706,131,2,15,2,9,12,131,43
20260808,B_smooth,412,53,2507,724,1730,706,130,3,15,2,9,12,131,43
20260808,B_smooth,413,56,2515,725,1734,706,128,2,17,3,9,11,131,43
20260808,B_smooth,414,57,2523,726,1740,708,130,2,16,2,9,12,131,43
20260808,B_smooth,415,53,2527,729,1745,710,131,4,15,0,8,12,131,43
20260808,B_smooth,416,52,2531,729,1750,711,131,3,15,1,8,12,131,43
20260808,B_smooth,417,54,2538,729,1755,714,134,0,15,1,8,11,131,43
20260808,B_smooth,418,58,2546,730,1758,716,136,1,13,0,9,10,131,43
20260808,B_smooth,419,60,2551,730,1761,716,136,1,13,0,9,8,131,43
20260808,B_smooth,420,61,2557,731,1765,717,133,1,13,3,9,8,131,43
20260808,B_smooth,421,62,2564,731,1771,719,134,1,11,4,13,8,131,43
20260808,B_smooth,422,59,2568,734,1775,720,135,3,11,1,12,6,131,43
20260808,B_smooth,423,55,2573,735,1783,720,135,4,11,0,12,5,131,43
20260808,B_smooth,424,52,2580,737,1791,721,133,3,13,1,12,5,131,43
20260808,B_smooth,425,50,2584,740,1794,721,130,5,14,1,12,5,131,43
20260808,B_smooth,426,50,2590,742,1798,724,131,5,13,1,11,6,131,43
20260808,B_smooth,427,50,2597,742,1805,724,130,2,16,2,9,7,131,43
20260808,B_smooth,428,46,2602,743,1813,725,131,1,17,1,9,7,131,43
20260808,B_smooth,429,45,2607,744,1818,726,131,2,16,1,9,7,131,43
20260808,B_smooth,430,49,2612,745,1818,727,131,2,16,1,9,7,131,43
20260808,B_smooth,431,47,2617,746,1824,728,132,2,16,0,9,7,131,43
20260808,B_smooth,432,50,2624,746,1828,729,133,1,16,0,9,8,131,43
20260808,B_smooth,433,49,2628,746,1833,731,134,0,15,1,9,8,131,43
20260808,B_smooth,434,51,2636,746,1839,732,134,0,14,2,9,9,131,43
20260808,B_smooth,435,55,2641,747,1839,733,134,1,13,2,9,9,131,43
20260808,B_smooth,436,56,2648,749,1843,736,135,3,10,2,9,9,131,43
20260808,B_smooth,437,56,2656,750,1850,738,136,3,9,2,8,11,131,43
20260808,B_smooth,438,58,2664,753,1853,740,135,4,9,2,8,10,131,43
20260808,B_smooth,439,60,2672,755,1857,740,134,5,10,1,7,12,131,43
20260808,B_smooth,440,60,2677,757,1860,742,134,4,11,1,8,11,131,43
20260808,B_smooth,441,58,2683,760,1865,742,131,5,13,1,8,9,131,43
20260808,B_smooth,442,53,2687,763,1871,743,130,6,14,0,8,9,131,43
20260808,B_smooth,443,57,2694,763,1874,743,129,3,17,1,8,9,131,43
20260808,B_smooth,444,56,2701,763,1882,744,129,0,19,2,8,9,131,43
20260808,B_smooth,445,56,2706,764,1886,744,127,1,19,3,8,8,121,40
20260808,B_smooth,446,56,2712,765,1891,744,127,2,19,2,8,8,121,40
20260808,B_smooth,447,53,2718,768,1897,745,125,4,19,2,8,8,121,40
20260808,B_smooth,448,53,2725,769,1903,746,123,4,19,4,8,7,121,40
20260808,B_smooth,449,51,2732,772,1909,747,122,4,21,3,8,7,121,40
20260808,B_smooth,450,52,2739,776,1911,748,116,7,21,6,10,7,131,43
20260808,B_smooth,451,54,2743,777,1912,749,117,5,23,5,10,7,131,43
20260808,B_smooth,452,53,2748,782,1913,750,117,6,26,1,10,6,131,43
20260808,B_smooth,453,54,2756,782,1920,751,118,5,26,1,13,6,131,43
20260808,B_smooth,454,50,2760,784,1926,751,116,2,31,1,12,5,131,43
20260808,B_smooth,455,49,2764,784,1931,753,117,2,29,2,12,6,131,43
20260808,B_smooth,456,47,2770,786,1937,754,115,2,30,3,11,7,131,43
20260808,B_smooth,457,49,2777,787,1941,756,116,3,28,3,10,8,131,43
20260808,B_smooth,458,48,2782,789,1945,757,115,3,29,3,8,8,131,43
20260808,B_smooth,459,47,2786,789,1950,760,119,2,27,2,8,8,131,43
20260808,B_smooth,460,51,2791,790,1950,763,122,1,26,1,8,8,131,43
20260808,B_smooth,461,54,2798,790,1954,767,125,1,22,2,8,8,131,43
20260808,B_smooth,462,52,2802,792,1958,769,126,2,21,1,9,7,131,43
20260808,B_smooth,463,50,2808,793,1965,770,127,3,20,0,9,8,131,43
20260808,B_smooth,464,53,2814,793,1968,772,129,1,20,0,9,8,131,43
20260808,B_smooth,465,52,2818,794,1972,774,130,1,19,0,9,9,131,43
20260808,B_smooth,466,52,2825,795,1978,777,132,2,16,0,9,9,131,43
20260808,B_smooth,467,52,2832,795,1985,778,132,1,16,1,9,10,131,43
20260808,B_smooth,468,54,2840,796,1990,778,130,1,17,2,9,11,131,43
20260808,B_smooth,469,58,2848,798,1992,782,133,3,13,1,9,11,131,43
20260808,B_smooth,470,59,2856,801,1996,785,131,5,11,3,9,12,131,43
20260808,B_smooth,471,55,2861,803,2003,786,129,5,12,4,8,11,131,43
20260808,B_smooth,472,55,2867,807,2005,786,126,6,15,3,8,11,131,43
20260808,B_smooth,473,55,2872,809,2008,787,125,6,16,3,9,11,131,43
20260808,B_smooth,474,52,2876,812,2012,788,123,5,19,3,9,9,131,43
20260808,B_smooth,475,54,2882,814,2014,789,118,5,20,7,9,9,131,43
20260808,B_smooth,476,52,2889,817,2020,789,116,5,23,6,9,8,131,43
20260808,B_smooth,477,50,2894,823,2021,789,112,9,25,4,9,7,131,43
20260808,B_smooth,478,52,2901,824,2025,791,109,7,26,8,8,9,131,43
20260808,B_smooth,479,52,2908,827,2029,792,107,4,31,8,9,8,131,43
20260808,B_smooth,480,48,2912,833,2031,793,107,9,31,3,8,7,131,43
20260808,B_smooth,481,52,2919,836,2031,795,107,9,32,2,10,7,131,43
20260808,B_smooth,482,55,2925,836,2034,796,106,3,37,4,12,7,131,43
20260808,B_smooth,483,53,2930,838,2039,798,107,2,38,3,13,7,131,43
20260808,B_smooth,484,54,2936,840,2042,799,108,4,37,1,13,6,131,43
20260808,B_smooth,485,53,2940,841,2046,801,110,3,37,0,12,6,131,43
20260808,B_smooth,486,53,2946,841,2052,802,110,1,38,1,12,6,131,43
20260808,B_smooth,487,53,2951,841,2057,808,116,0,33,1,11,7,131,43
20260808,B_smooth,488,54,2959,842,2063,809,116,1,32,1,11,7,131,43
20260808,B_smooth,489,51,2966,845,2070,811,115,4,30,1,9,8,131,43
20260808,B_smooth,490,55,2974,849,2070,814,115,7,28,0,9,9,126,43
20260808,B_smooth,491,53,2980,850,2077,816,116,5,29,0,9,8,126,43
20260808,B_smooth,492,52,2985,850,2083,818,117,1,31,1,8,8,126,43
20260808,B_smooth,493,50,2991,853,2088,821,116,3,29,2,8,8,126,43
20260808,B_smooth,494,50,2997,854,2093,823,118,4,27,1,8,8,126,43
20260808,B_smooth,495,52,3002,856,2094,829,122,3,24,1,8,9,131,43
20260808,B_smooth,496,50,3008,858,2100,834,125,4,20,1,8,9,131,43
20260808,B_smooth,497,51,3014,859,2104,835,126,3,21,0,8,10,131,43
20260808,B_smooth,498,48,3019,860,2111,838,127,2,20,1,9,9,131,43
20260808,B_smooth,499,49,3025,860,2116,838,127,1,21,1,8,8,131,43
20260808,B_smooth,500,49,3032,863,2120,840,127,3,20,0,9,9,131,43
20260808,B_smooth,501,50,3038,863,2125,842,129,3,18,0,9,9,131,43
20260808,B_smooth,502,49,3042,863,2130,842,129,0,21,0,9,9,131,43
20260808,B_smooth,503,50,3048,864,2134,842,128,1,21,0,9,9,131,43
20260808,B_smooth,504,49,3053,865,2139,844,129,2,19,0,9,9,131,43
20260808,B_smooth,505,50,3058,866,2142,845,129,2,19,0,9,9,131,43
20260808,B_smooth,506,49,3063,867,2147,847,130,2,18,0,8,8,131,43
20260808,B_smooth,507,49,3070,869,2152,849,130,3,17,0,8,10,131,43
20260808,B_smooth,508,49,3076,870,2157,852,132,3,15,0,8,11,131,43
20260808,B_smooth,509,49,3084,873,2162,855,130,4,14,2,9,10,131,43
20260808,B_smooth,510,47,3090,876,2167,855,126,6,15,3,8,10,131,43
20260808,B_smooth,511,46,3094,878,2170,856,126,5,17,2,9,8,131,43
20260808,B_smooth,512,50,3102,879,2173,857,124,3,19,4,13,7,131,43
20260808,B_smooth,513,51,3108,880,2177,858,124,2,20,4,12,7,131,43
20260808,B_smooth,514,50,3114,883,2181,859,125,4,20,1,12,6,131,43
20260808,B_smooth,515,53,3122,884,2185,860,125,4,20,1,11,6,131,43
20260808,B_smooth,516,55,3130,885,2190,861,125,2,22,1,11,6,131,43
20260808,B_smooth,517,55,3137,887,2195,863,126,3,21,0,9,8,131,43
20260808,B_smooth,518,54,3141,887,2200,863,126,2,22,0,9,8,131,43
20260808,B_smooth,519,57,3149,887,2205,864,125,0,23,2,9,9,131,43
20260808,B_smooth,520,63,3155,887,2205,865,126,0,22,2,9,10,101,38
20260808,B_smooth,521,62,3159,891,2206,866,124,4,21,1,9,9,101,38
20260808,B_smooth,522,62,3167,891,2214,868,124,4,19,3,9,8,101,38
20260808,B_smooth,523,64,3175,892,2219,868,124,1,23,2,9,9,101,38
20260808,B_smooth,524,62,3179,894,2223,871,126,3,20,1,9,9,101,38
20260808,B_smooth,525,60,3185,894,2231,876,131,2,16,1,9,8,126,43
20260808,B_smooth,526,55,3189,897,2237,877,130,3,17,0,9,7,126,43
20260808,B_smooth,527,52,3196,900,2244,879,129,6,15,0,9,7,126,43
20260808,B_smooth,528,53,3200,900,2247,879,129,3,18,0,9,7,126,43
20260808,B_smooth,529,53,3208,901,2254,880,129,1,20,0,9,10,126,43
20260808,B_smooth,530,55,3216,902,2259,881,128,2,19,1,9,10,131,43
20260808,B_smooth,531,59,3224,903,2262,881,127,2,20,1,9,10,131,43
20260808,B_smooth,532,56,3228,904,2268,884,130,2,18,0,9,8,131,43
20260808,B_smooth,533,51,3233,906,2276,884,128,3,19,0,9,7,131,43
20260808,B_smooth,534,50,3237,907,2280,886,127,3,18,2,9,7,131,43
20260808,B_smooth,535,52,3245,907,2286,888,129,1,18,2,9,8,131,43
20260808,B_smooth,536,50,3249,911,2288,890,129,4,17,0,9,7,131,43
20260808,B_smooth,537,54,3257,911,2292,892,130,4,15,1,9,9,131,43
20260808,B_smooth,538,57,3264,911,2296,894,132,0,17,1,9,9,131,43
20260808,B_smooth,539,55,3269,912,2302,894,132,1,17,0,8,8,131,43
20260808,B_smooth,540,57,3277,912,2308,895,132,1,16,1,10,7,131,43
20260808,B_smooth,541,54,3281,912,2315,896,133,0,16,1,12,7,131,43
20260808,B_smooth,542,53,3285,914,2318,899,133,2,13,2,13,6,131,43
20260808,B_smooth,543,54,3291,915,2322,899,131,3,13,3,13,6,131,43
20260808,B_smooth,544,55,3299,918,2326,900,131,4,14,1,14,5,131,43
20260808,B_smooth,545,53,3304,919,2332,901,132,4,14,0,13,6,131,43
20260808,B_smooth,546,57,3312,920,2335,903,132,2,15,1,14,7,131,43
20260808,B_smooth,547,54,3318,921,2343,903,130,2,16,2,11,9,131,43
20260808,B_smooth,548,51,3322,922,2349,903,128,2,17,3,9,11,131,43
20260808,B_smooth,549,53,3330,924,2353,905,129,3,16,2,8,11,131,43
20260808,B_smooth,550,51,3336,927,2358,906,129,5,16,0,8,10,126,43
20260808,B_smooth,551,53,3342,928,2361,908,130,4,16,0,8,11,126,43
20260808,B_smooth,552,55,3349,929,2365,909,129,2,18,1,9,10,126,43
20260808,B_smooth,553,58,3357,929,2370,910,129,1,18,2,9,11,126,43
20260808,B_smooth,554,56,3362,930,2376,911,129,1,18,2,9,10,126,43
20260808,B_smooth,555,56,3368,932,2380,912,129,3,17,1,9,11,131,43
20260808,B_smooth,556,52,3374,935,2387,912,126,5,18,1,9,10,131,43
20260808,B_smooth,557,53,3380,936,2391,913,126,4,19,1,9,8,131,43
20260808,B_smooth,558,52,3384,939,2393,916,127,4,19,0,9,7,131,43
20260808,B_smooth,559,53,3392,939,2400,917,128,3,19,0,9,6,131,43
20260808,B_smooth,560,52,3398,941,2405,918,123,2,21,4,9,7,131,43
20260808,B_smooth,561,54,3405,941,2410,919,123,2,20,5,9,7,131,43
20260808,B_smooth,562,55,3413,945,2413,919,121,4,22,3,9,7,131,43
20260808,B_smooth,563,49,3417,950,2418,921,118,9,20,3,9,6,131,43
20260808,B_smooth,564,48,3422,953,2421,922,117,8,23,2,9,6,131,43
20260808,B_smooth,565,49,3429,955,2425,923,115,5,27,3,9,8,131,43
20260808,B_smooth,566,49,3433,956,2428,925,117,3,28,2,9,9,131,43
20260808,B_smooth,567,51,3441,959,2431,926,117,4,29,0,9,8,131,43
20260808,B_smooth,568,55,3447,960,2432,926,116,4,30,0,9,8,131,43
20260808,B_smooth,569,53,3453,960,2440,927,114,1,32,3,9,9,131,43
20260808,B_smooth,570,55,3459,960,2444,930,113,0,30,7,9,9,121,43
20260808,B_smooth,571,53,3464,963,2448,931,113,3,29,5,13,9,121,43
20260808,B_smooth,572,49,3468,967,2452,932,114,7,28,1,14,8,121,43
20260808,B_smooth,573,55,3476,968,2453,932,114,5,31,0,16,7,121,43
20260808,B_smooth,574,56,3482,969,2457,934,115,2,33,0,14,6,121,43
20260808,B_smooth,575,55,3489,971,2463,937,115,3,31,1,14,5,131,43
20260808,B_smooth,576,57,3495,971,2467,938,116,2,31,1,14,6,131,43
20260808,B_smooth,577,52,3499,973,2474,945,122,2,26,0,13,6,131,43
20260808,B_smooth,578,51,3505,975,2479,950,125,4,21,0,10,7,131,43
20260808,B_smooth,579,49,3511,977,2485,952,125,4,21,0,9,8,131,43
20260808,B_smooth,580,48,3516,978,2490,953,125,3,22,0,9,8,131,43
20260808,B_smooth,581,45,3521,981,2495,954,123,4,23,0,9,7,131,43
20260808,B_smooth,582,48,3529,982,2499,956,123,4,22,1,9,7,131,43
20260808,B_smooth,583,48,3536,983,2505,960,125,2,21,2,9,8,131,43
20260808,B_smooth,584,50,3543,984,2509,960,124,2,22,2,9,7,131,43
20260808,B_smooth,585,53,3551,985,2513,961,124,2,22,2,9,9,131,43
20260808,B_smooth,586,50,3555,987,2518,963,125,3,21,1,9,9,131,43
20260808,B_smooth,587,53,3562,989,2520,965,125,4,20,1,9,11,131,43
20260808,B_smooth,588,54,3567,989,2524,965,125,2,22,1,9,12,131,43
20260808,B_smooth,589,54,3572,991,2527,966,124,2,23,1,9,12,131,43
20260808,B_smooth,590,54,3576,991,2531,966,124,2,23,1,9,12,131,43
20260808,B_smooth,591,56,3582,993,2533,970,126,2,21,1,9,11,131,43
20260808,B_smooth,592,55,3588,995,2538,973,127,4,18,1,9,10,131,43
20260808,B_smooth,593,54,3596,998,2544,974,125,5,19,1,9,8,131,43
20260808,B_smooth,594,52,3601,998,2551,977,128,3,18,1,8,8,131,43
20260808,B_smooth,595,49,3606,1000,2557,978,128,2,20,0,9,8,131,43
20260808,B_smooth,596,51,3612,1001,2560,980,129,3,18,0,9,8,131,43
20260808,B_smooth,597,53,3620,1001,2566,981,130,1,19,0,9,8,131,43
20260808,B_smooth,598,53,3626,1002,2571,983,131,1,18,0,9,8,131,43
20260808,B_smooth,599,52,3631,1004,2575,984,129,3,17,1,9,8,131,43
20260808,B_smooth,600,49,3636,1008,2579,984,125,6,18,1,9,7,121,40
20260808,B_r3,1,6,6,0,0,0,149,0,0,1,1,2,131,43
20260808,B_r3,2,11,14,3,0,0,140,3,0,7,2,3,131,43
20260808,B_r3,3,17,21,4,0,0,139,4,0,7,4,4,131,43
20260808,B_r3,4,17,28,11,0,0,135,8,3,4,5,5,131,43
20260808,B_r3,5,23,36,13,0,0,132,9,4,5,5,5,131,43
20260808,B_r3,6,28,44,16,0,0,130,5,11,4,6,6,131,43
20260808,B_r3,7,34,52,18,0,0,129,5,13,3,8,6,131,43
20260808,B_r3,8,34,56,22,0,0,127,6,16,1,8,6,131,43
20260808,B_r3,9,37,60,23,0,0,127,5,18,0,8,7,131,43
20260808,B_r3,10,43,67,24,0,0,125,2,22,1,8,8,131,43
20260808,B_r3,11,46,72,26,0,0,123,3,23,1,8,10,131,43
20260808,B_r3,12,52,79,27,0,0,121,3,24,2,9,11,131,43
20260808,B_r3,13,58,85,27,0,0,120,1,26,3,9,13,131,43
20260808,B_r3,14,58,93,31,4,1,117,4,26,3,9,10,131,43
20260808,B_r3,15,55,98,33,10,2,117,6,25,2,9,10,131,43
20260808,B_r3,16,50,102,37,15,2,115,6,29,0,9,10,131,43
20260808,B_r3,17,46,106,37,23,3,115,4,30,1,8,8,131,43
20260808,B_r3,18,50,112,37,25,5,116,0,32,2,8,8,131,43
20260808,B_r3,19,50,117,39,28,9,119,2,28,1,8,7,131,43
20260808,B_r3,20,48,121,40,33,10,119,3,27,1,9,7,121,40
20260808,B_r3,21,52,129,41,36,10,118,2,29,1,9,7,121,40
20260808,B_r3,22,52,137,44,41,13,117,4,27,2,9,7,121,40
20260808,B_r3,23,54,145,45,46,14,117,4,27,2,9,8,121,40
20260808,B_r3,24,52,149,48,49,18,120,4,26,0,9,8,121,40
20260808,B_r3,25,54,155,48,53,20,121,3,25,1,9,8,126,43
20260808,B_r3,26,54,159,48,57,23,124,0,25,1,9,9,126,43
20260808,B_r3,27,52,163,51,60,26,125,3,22,0,9,9,126,43
20260808,B_r3,28,51,168,52,65,29,127,4,19,0,9,9,126,43
20260808,B_r3,29,50,173,53,70,31,128,2,20,0,9,9,126,43
20260808,B_r3,30,47,177,56,74,33,127,4,19,0,9,8,131,43
20260808,B_r3,31,44,184,58,82,35,123,5,18,4,11,7,131,43
20260808,B_r3,32,42,190,60,88,36,116,4,20,10,10,6,131,43
20260808,B_r3,33,39,198,66,93,37,112,8,21,9,13,4,131,43
20260808,B_r3,34,36,203,72,95,39,114,12,21,3,11,4,131,43
20260808,B_r3,35,32,207,75,100,41,116,9,25,0,9,3,131,43
20260808,B_r3,36,31,211,76,104,42,116,4,30,0,7,3,131,43
20260808,B_r3,37,33,217,77,107,42,115,2,33,0,8,4,131,43
20260808,B_r3,38,38,225,78,109,42,112,2,34,2,9,5,131,43
20260808,B_r3,39,37,230,80,113,44,112,3,33,2,8,5,131,43
20260808,B_r3,40,41,234,80,113,45,115,2,33,0,8,5,131,43
20260808,B_r3,41,45,238,80,113,46,115,0,34,1,9,6,131,43
20260808,B_r3,42,51,246,80,115,49,117,0,31,2,9,6,131,43
20260808,B_r3,43,52,254,81,121,51,118,1,29,2,9,6,131,43
20260808,B_r3,44,53,260,82,125,54,121,2,26,1,9,8,131,43
20260808,B_r3,45,57,268,83,128,57,123,2,24,1,9,9,131,43
20260808,B_r3,46,57,272,84,131,59,123,2,23,2,9,9,131,43
20260808,B_r3,47,57,277,85,135,62,126,2,21,1,9,10,131,43
20260808,B_r3,48,55,283,86,142,66,129,2,18,1,9,10,131,43
20260808,B_r3,49,60,291,86,145,69,132,1,16,1,9,11,131,43
20260808,B_r3,50,61,296,87,148,71,132,1,15,2,8,11,126,43
20260808,B_r3,51,61,300,87,152,74,134,1,12,3,8,11,126,43
20260808,B_r3,52,57,305,89,159,76,134,2,11,3,8,11,126,43
20260808,B_r3,53,54,309,90,165,76,134,3,11,2,8,9,126,43
20260808,B_r3,54,55,317,93,169,77,133,4,12,1,8,9,126,43
20260808,B_r3,55,52,322,93,177,78,134,3,12,1,9,10,131,43
20260808,B_r3,56,53,326,94,179,78,134,1,15,0,9,10,131,43
20260808,B_r3,57,53,331,94,184,79,135,1,14,0,9,9,131,43
20260808,B_r3,58,55,339,94,190,81,136,0,13,1,9,10,131,43
20260808,B_r3,59,52,346,96,198,82,135,2,12,1,9,9,131,43
20260808,B_r3,60,53,354,99,202,84,133,5,10,2,9,8,131,43
20260808,B_r3,61,56,362,100,206,84,124,4,12,10,11,7,131,43
20260808,B_r3,62,56,370,104,210,85,121,5,14,10,13,5,131,43
20260808,B_r3,63,51,376,112,213,86,121,12,14,3,11,5,131,43
20260808,B_r3,64,48,384,116,220,87,120,12,17,1,13,4,131,43
20260808,B_r3,65,48,390,118,224,87,119,6,25,0,12,5,131,43
20260808,B_r3,66,51,397,118,228,87,117,2,29,2,12,5,131,43
20260808,B_r3,67,53,404,118,233,87,116,0,31,3,13,6,131,43
20260808,B_r3,68,48,410,121,241,87,113,3,31,3,9,6,131,43
20260808,B_r3,69,48,416,122,246,88,113,4,30,3,9,8,131,43
20260808,B_r3,70,49,420,125,246,91,115,4,30,1,9,7,131,43
20260808,B_r3,71,50,424,126,248,91,114,4,31,1,9,7,131,43
20260808,B_r3,72,52,428,127,249,91,113,2,34,1,9,8,131,43
20260808,B_r3,73,49,432,129,254,93,114,3,33,0,9,8,131,43
20260808,B_r3,74,48,437,129,260,96,117,2,31,0,8,7,131,43
20260808,B_r3,75,51,445,129,265,98,117,0,31,2,9,7,131,43
20260808,B_r3,76,52,453,129,272,102,121,0,27,2,9,7,131,43
20260808,B_r3,77,50,459,133,276,104,119,4,25,2,9,8,131,43
20260808,B_r3,78,49,463,133,281,106,121,4,23,2,9,8,131,43
20260808,B_r3,79,47,467,135,285,107,121,2,26,1,9,7,131,43
20260808,B_r3,80,49,474,136,289,110,119,3,23,5,8,8,131,43
20260808,B_r3,81,53,482,137,292,112,120,2,23,5,9,8,131,43
20260808,B_r3,82,53,487,142,292,114,120,6,22,2,9,8,131,43
20260808,B_r3,83,57,493,143,293,114,119,6,23,2,9,9,131,43
20260808,B_r3,84,60,500,145,295,118,121,3,24,2,9,10,131,43
20260808,B_r3,85,59,507,147,301,122,123,4,21,2,9,10,131,43
20260808,B_r3,86,58,515,149,308,124,124,4,21,1,9,9,131,43
20260808,B_r3,87,60,522,150,312,124,123,3,23,1,9,9,131,43
20260808,B_r3,88,62,529,151,316,125,122,2,24,2,9,9,131,43
20260808,B_r3,89,63,534,152,319,127,123,2,23,2,9,9,131,43
20260808,B_r3,90,61,539,154,324,128,121,3,23,3,9,8,131,43
20260808,B_r3,91,59,544,155,330,128,118,3,24,5,12,8,131,43
20260808,B_r3,92,57,548,159,332,130,117,5,24,4,13,7,131,43
20260808,B_r3,93,56,555,162,337,131,115,7,24,4,15,7,131,43
20260808,B_r3,94,54,560,163,343,132,116,4,27,3,16,6,131,43
20260808,B_r3,95,51,565,166,348,135,117,4,27,2,14,5,131,43
20260808,B_r3,96,52,572,166,354,139,121,3,24,2,12,6,131,43
20260808,B_r3,97,50,578,168,360,139,121,2,27,0,10,7,131,43
20260808,B_r3,98,49,583,168,366,139,121,2,27,0,8,7,131,43
20260808,B_r3,99,49,587,168,370,141,123,0,27,0,8,8,131,43
20260808,B_r3,100,55,595,169,371,144,124,1,24,1,8,9,121,40
20260808,B_r3,101,56,602,170,376,146,125,2,22,1,8,7,121,40
20260808,B_r3,102,58,609,172,379,148,126,3,21,0,8,9,121,40
20260808,B_r3,103,57,615,172,386,148,126,2,22,0,9,8,121,40
20260808,B_r3,104,56,620,173,391,152,128,1,20,1,9,8,121,40
20260808,B_r3,105,56,625,173,396,152,126,1,20,3,9,8,131,43
20260808,B_r3,106,51,629,176,402,154,126,3,19,2,9,8,131,43
20260808,B_r3,107,52,636,178,406,156,128,5,17,0,9,9,131,43
20260808,B_r3,108,55,644,178,411,160,130,2,16,2,9,9,131,43
20260808,B_r3,109,58,652,179,415,161,130,1,17,2,9,9,131,43
20260808,B_r3,110,55,656,181,420,163,131,3,15,1,9,8,131,43
20260808,B_r3,111,57,664,182,425,165,131,3,14,2,9,9,131,43
20260808,B_r3,112,59,671,183,429,166,131,2,15,2,9,10,131,43
20260808,B_r3,113,59,678,185,434,167,130,3,15,2,9,9,131,43
20260808,B_r3,114,60,684,186,438,168,130,3,15,2,9,10,131,43
20260808,B_r3,115,60,690,188,442,170,131,3,15,1,8,10,131,43
20260808,B_r3,116,60,694,190,444,170,130,4,16,0,8,10,131,43
20260808,B_r3,117,61,702,190,451,171,131,2,17,0,8,9,131,43
20260808,B_r3,118,56,710,195,459,171,124,5,19,2,9,9,131,43
20260808,B_r3,119,55,717,196,466,172,124,6,18,2,9,8,131,43
20260808,B_r3,120,51,721,201,469,175,124,6,20,0,9,8,131,43
20260808,B_r3,121,49,726,202,475,176,124,6,20,0,9,8,131,43
20260808,B_r3,122,47,731,203,481,176,120,2,25,3,11,8,131,43
20260808,B_r3,123,45,735,203,487,177,120,1,25,4,12,7,131,43
20260808,B_r3,124,45,743,206,492,179,121,3,24,2,12,6,131,43
20260808,B_r3,125,43,748,207,498,180,119,4,23,4,11,6,121,40
20260808,B_r3,126,44,754,208,502,181,120,2,25,3,13,6,121,40
20260808,B_r3,127,39,760,212,509,184,120,5,23,2,9,6,121,40
20260808,B_r3,128,43,767,212,512,184,120,4,24,2,10,8,121,40
20260808,B_r3,129,41,773,214,518,185,118,2,27,3,9,9,121,40
20260808,B_r3,130,48,781,215,518,187,119,3,25,3,9,11,131,43
20260808,B_r3,131,49,786,219,518,188,119,5,26,0,9,11,131,43
20260808,B_r3,132,52,790,219,519,189,120,4,26,0,9,11,131,43
20260808,B_r3,133,57,796,220,519,191,120,1,28,1,9,12,131,43
20260808,B_r3,134,54,801,220,527,193,120,1,26,3,9,9,131,43
20260808,B_r3,135,54,806,221,531,193,119,1,27,3,9,9,131,43
20260808,B_r3,136,56,814,224,534,194,119,4,26,1,8,9,131,43
20260808,B_r3,137,56,820,226,538,196,120,5,25,0,8,9,131,43
20260808,B_r3,138,54,826,227,545,201,124,3,23,0,8,8,131,43
20260808,B_r3,139,56,834,227,551,203,124,1,23,2,8,8,131,43
20260808,B_r3,140,54,840,227,559,206,127,0,21,2,8,9,131,43
20260808,B_r3,141,53,844,230,561,209,128,3,18,1,8,8,131,43
20260808,B_r3,142,56,851,231,564,209,127,4,18,1,9,9,131,43
20260808,B_r3,143,55,856,233,568,211,127,3,19,1,9,9,131,43
20260808,B_r3,144,58,864,233,573,212,128,2,19,1,9,9,131,43
20260808,B_r3,145,56,868,236,576,213,127,3,20,0,9,8,131,43
20260808,B_r3,146,54,875,238,583,216,128,5,17,0,9,7,131,43
20260808,B_r3,147,56,882,238,588,216,127,2,20,1,9,7,131,43
20260808,B_r3,148,57,889,238,594,218,128,0,20,2,9,6,131,43
20260808,B_r3,149,58,897,239,600,219,128,1,19,2,9,7,131,43
20260808,B_r3,150,56,904,243,605,221,126,5,17,2,10,7,131,43
20260808,B_r3,151,57,910,245,608,221,122,6,18,4,11,6,131,43
20260808,B_r3,152,56,916,246,614,222,121,3,21,5,10,6,131,43
20260808,B_r3,153,53,920,249,618,224,123,4,21,2,10,5,131,43
20260808,B_r3,154,50,927,251,626,224,122,5,22,1,11,5,131,43
20260808,B_r3,155,51,931,252,628,227,124,3,22,1,12,5,126,43
20260808,B_r3,156,49,936,253,634,228,124,2,23,1,11,5,126,43
20260808,B_r3,157,48,941,253,640,231,124,1,21,4,12,6,126,43
20260808,B_r3,158,45,946,254,647,233,126,1,20,3,9,6,126,43
20260808,B_r3,159,38,950,257,655,234,126,4,19,1,7,8,126,43
20260808,B_r3,160,40,954,257,657,234,124,3,20,3,8,8,131,43
20260808,B_r3,161,43,962,260,659,234,122,3,23,2,9,8,131,43
20260808,B_r3,162,43,966,263,660,237,123,6,20,1,9,9,131,43
20260808,B_r3,163,45,970,263,662,239,125,3,21,1,9,9,131,43
20260808,B_r3,164,44,977,266,667,242,124,3,21,2,9,8,131,43
20260808,B_r3,165,46,983,267,670,244,124,4,19,3,9,10,131,43
20260808,B_r3,166,46,988,269,673,245,124,3,21,2,9,8,131,43
20260808,B_r3,167,45,993,271,677,246,124,4,21,1,9,8,131,43
20260808,B_r3,168,46,1000,272,682,246,124,3,23,0,9,8,131,43
20260808,B_r3,169,48,1005,273,684,248,124,2,23,1,9,7,131,43
20260808,B_r3,170,50,1012,274,688,249,123,2,23,2,8,7,131,43
20260808,B_r3,171,53,1020,275,692,250,124,2,23,1,8,8,131,43
20260808,B_r3,172,55,1025,276,694,251,125,2,23,0,9,8,131,43
20260808,B_r3,173,57,1032,277,698,253,126,2,22,0,9,9,131,43
20260808,B_r3,174,57,1038,277,704,256,127,1,20,2,9,9,131,43
20260808,B_r3,175,59,1045,277,709,257,126,0,20,4,9,10,131,43
20260808,B_r3,176,62,1053,279,712,258,126,2,19,3,9,9,131,43
20260808,B_r3,177,64,1060,281,715,258,125,4,19,2,9,8,131,43
20260808,B_r3,178,64,1068,283,721,259,124,4,20,2,9,9,131,43
20260808,B_r3,179,63,1073,286,724,260,121,5,21,3,9,10,131,43
20260808,B_r3,180,63,1081,289,729,263,118,6,20,6,10,9,121,40
20260808,B_r3,181,61,1087,291,735,263,114,5,23,8,12,8,121,40
20260808,B_r3,182,61,1094,296,737,263,113,7,26,4,13,8,121,40
20260808,B_r3,183,58,1102,302,742,266,113,11,25,1,12,8,121,40
20260808,B_r3,184,58,1108,302,748,267,113,6,29,2,15,7,121,40
20260808,B_r3,185,58,1116,304,754,270,113,2,32,3,13,6,131,43
20260808,B_r3,186,53,1120,307,760,272,113,5,30,2,11,6,131,43
20260808,B_r3,187,53,1128,309,766,272,111,5,32,2,12,7,131,43
20260808,B_r3,188,53,1135,310,772,275,112,3,32,3,10,7,131,43
20260808,B_r3,189,52,1139,312,775,278,114,3,31,2,10,7,131,43
20260808,B_r3,190,55,1144,313,776,280,115,3,30,2,10,8,131,43
20260808,B_r3,191,56,1149,314,779,281,116,2,31,1,10,8,131,43
20260808,B_r3,192,57,1157,315,785,282,116,2,31,1,9,9,131,43
20260808,B_r3,193,56,1161,315,790,284,117,1,30,2,9,9,131,43
20260808,B_r3,194,55,1166,316,795,286,117,1,29,3,9,8,131,43
20260808,B_r3,195,54,1172,317,801,286,117,2,29,2,9,9,131,43
20260808,B_r3,196,59,1180,319,802,288,119,3,28,0,9,11,131,43
20260808,B_r3,197,57,1188,321,810,289,115,4,28,3,9,10,131,43
20260808,B_r3,198,55,1193,321,817,291,117,2,28,3,9,10,131,43
20260808,B_r3,199,56,1200,326,818,299,123,5,22,0,9,10,131,43
20260808,B_r3,200,59,1207,326,822,302,125,5,19,1,9,10,131,43
20260808,B_r3,201,58,1213,328,827,303,123,2,23,2,9,10,131,43
20260808,B_r3,202,54,1217,329,834,308,127,3,18,2,9,8,131,43
20260808,B_r3,203,55,1223,331,837,309,126,3,19,2,9,8,131,43
20260808,B_r3,204,55,1228,333,840,310,125,4,19,2,9,8,131,43
20260808,B_r3,205,53,1232,334,845,310,122,3,21,4,9,9,131,43
20260808,B_r3,206,50,1237,335,852,312,123,2,21,4,9,8,131,43
20260808,B_r3,207,49,1242,338,855,312,123,4,22,1,8,8,131,43
20260808,B_r3,208,51,1250,341,858,313,119,6,22,3,9,7,131,43
20260808,B_r3,209,49,1255,342,864,316,116,4,22,8,9,7,131,43
20260808,B_r3,210,44,1259,347,868,319,117,6,22,5,8,6,131,43
20260808,B_r3,211,44,1266,353,869,321,116,11,21,2,9,5,131,43
20260808,B_r3,212,46,1272,354,872,321,115,7,26,2,12,4,131,43
20260808,B_r3,213,45,1278,357,876,322,115,4,31,0,13,4,131,43
20260808,B_r3,214,47,1283,357,879,324,116,3,30,1,12,4,131,43
20260808,B_r3,215,50,1290,358,882,326,117,1,31,1,14,5,131,43
20260808,B_r3,216,51,1297,359,887,327,117,2,30,1,13,6,131,43
20260808,B_r3,217,52,1304,360,892,329,118,2,29,1,11,7,131,43
20260808,B_r3,218,50,1312,363,899,329,114,4,30,2,10,9,131,43
20260808,B_r3,219,53,1319,363,903,330,115,3,30,2,9,10,131,43
20260808,B_r3,220,58,1326,364,904,331,117,1,32,0,9,10,131,43
20260808,B_r3,221,58,1330,364,908,335,120,1,28,1,9,10,131,43
20260808,B_r3,222,59,1336,364,913,337,122,0,27,1,9,12,131,43
20260808,B_r3,223,60,1343,366,917,337,121,2,27,0,9,12,131,43
20260808,B_r3,224,64,1351,366,921,339,122,2,25,1,9,12,131,43
20260808,B_r3,225,64,1358,366,928,341,124,0,25,1,9,11,131,43
20260808,B_r3,226,62,1363,367,934,347,129,1,19,1,9,9,131,43
20260808,B_r3,227,59,1367,368,940,347,128,2,19,1,9,10,131,43
20260808,B_r3,228,60,1374,369,945,348,129,2,19,0,9,9,131,43
20260808,B_r3,229,58,1380,370,952,352,131,2,16,1,9,7,131,43
20260808,B_r3,230,57,1388,372,959,355,132,3,14,1,9,8,131,43
20260808,B_r3,231,54,1393,376,963,356,130,6,14,0,9,8,131,43
20260808,B_r3,232,57,1401,376,968,360,133,4,12,1,9,8,131,43
20260808,B_r3,233,56,1408,378,974,362,131,2,14,3,9,9,131,43
20260808,B_r3,234,54,1416,381,981,364,130,5,12,3,9,9,131,43
20260808,B_r3,235,52,1422,384,986,364,129,6,14,1,9,10,111,40
20260808,B_r3,236,51,1426,385,990,364,129,4,17,0,9,9,111,40
20260808,B_r3,237,55,1433,385,993,364,129,1,20,0,9,10,111,40
20260808,B_r3,238,52,1437,385,1000,364,129,0,21,0,9,11,111,40
20260808,B_r3,239,52,1442,386,1004,365,129,1,20,0,9,11,111,40
20260808,B_r3,240,54,1450,386,1010,367,128,1,18,3,9,9,131,43
20260808,B_r3,241,59,1458,387,1012,367,124,1,19,6,11,9,131,43
20260808,B_r3,242,55,1463,390,1018,367,123,4,19,4,11,9,131,43
20260808,B_r3,243,51,1467,393,1023,369,125,6,18,1,10,7,131,43
20260808,B_r3,244,52,1475,394,1029,371,126,4,19,1,12,5,131,43
20260808,B_r3,245,52,1482,395,1035,372,125,2,21,2,14,5,131,43
20260808,B_r3,246,54,1488,396,1038,374,126,2,20,2,13,5,131,43
20260808,B_r3,247,53,1496,398,1045,376,125,3,19,3,10,6,131,43
20260808,B_r3,248,55,1503,399,1049,378,126,3,18,3,10,7,131,43
20260808,B_r3,249,54,1507,401,1052,380,128,3,18,1,9,7,131,43
20260808,B_r3,250,57,1515,403,1055,381,128,4,18,0,9,9,131,43
20260808,B_r3,251,57,1520,405,1058,384,129,4,17,0,9,9,131,43
20260808,B_r3,252,59,1528,406,1063,384,127,3,19,1,9,9,131,43
20260808,B_r3,253,62,1536,407,1067,386,128,2,19,1,9,11,131,43
20260808,B_r3,254,58,1540,408,1074,389,131,2,17,0,9,12,131,43
20260808,B_r3,255,57,1545,408,1080,392,134,1,15,0,9,10,122,43
20260808,B_r3,256,56,1549,408,1085,392,133,0,16,1,9,11,122,43
20260808,B_r3,257,53,1554,409,1092,393,133,1,15,1,9,11,122,43
20260808,B_r3,258,51,1558,410,1097,396,136,2,12,0,9,9,122,43
20260808,B_r3,259,50,1562,411,1101,397,133,2,12,3,9,9,122,43
20260808,B_r3,260,46,1567,412,1109,398,133,2,12,3,9,9,131,43
20260808,B_r3,261,47,1572,415,1110,400,135,4,11,0,9,9,131,43
20260808,B_r3,262,47,1579,415,1117,400,135,3,12,0,9,8,131,43
20260808,B_r3,263,47,1585,415,1123,402,135,0,13,2,9,8,131,43
20260808,B_r3,264,50,1593,416,1127,402,134,1,13,2,9,9,131,43
20260808,B_r3,265,48,1598,419,1131,403,132,4,12,2,9,9,131,43
20260808,B_r3,266,53,1606,419,1134,404,133,3,12,2,9,10,131,43
20260808,B_r3,267,53,1612,421,1138,406,134,2,13,1,9,13,131,43
20260808,B_r3,268,54,1616,421,1141,406,132,2,13,3,9,14,131,43
20260808,B_r3,269,58,1624,423,1143,407,130,2,14,4,9,13,131,43
20260808,B_r3,270,61,1632,426,1145,408,127,5,13,5,11,11,131,43
20260808,B_r3,271,61,1637,428,1148,409,124,5,14,7,12,10,131,43
20260808,B_r3,272,58,1643,431,1154,409,124,5,17,4,14,8,131,43
20260808,B_r3,273,55,1650,436,1159,409,123,8,19,0,12,7,131,43
20260808,B_r3,274,52,1654,436,1166,409,123,5,22,0,10,6,131,43
20260808,B_r3,275,56,1662,436,1170,410,123,0,26,1,11,8,131,43
20260808,B_r3,276,52,1667,437,1178,411,122,1,25,2,9,8,131,43
20260808,B_r3,277,51,1672,439,1182,413,122,3,23,2,8,8,131,43
20260808,B_r3,278,54,1679,440,1185,414,122,3,23,2,8,9,131,43
20260808,B_r3,279,49,1683,443,1191,415,121,4,24,1,9,9,131,43
20260808,B_r3,280,54,1691,445,1192,416,121,5,24,0,9,9,131,43
20260808,B_r3,281,59,1699,445,1195,418,123,2,25,0,9,11,131,43
20260808,B_r3,282,59,1706,447,1200,421,124,2,24,0,9,12,131,43
20260808,B_r3,283,56,1710,447,1207,421,124,2,24,0,9,11,131,43
20260808,B_r3,284,56,1715,448,1211,423,125,1,24,0,9,9,131,43
20260808,B_r3,285,56,1723,448,1219,423,125,1,24,0,9,8,121,40
20260808,B_r3,286,59,1731,450,1222,426,126,2,22,0,9,10,121,40
20260808,B_r3,287,60,1737,451,1226,428,125,3,20,2,9,10,121,40
20260808,B_r3,288,59,1743,452,1232,429,125,2,21,2,9,10,121,40
20260808,B_r3,289,60,1748,454,1234,431,127,3,20,0,9,10,121,40
20260808,B_r3,290,61,1756,454,1241,432,128,2,20,0,9,9,126,43
20260808,B_r3,291,56,1760,455,1249,439,132,1,15,2,9,8,126,43
20260808,B_r3,292,57,1768,457,1254,440,131,3,14,2,9,10,126,43
20260808,B_r3,293,60,1774,459,1255,440,131,4,15,0,9,10,126,43
20260808,B_r3,294,60,1780,460,1260,443,131,3,14,2,9,8,126,43
20260808,B_r3,295,57,1785,460,1268,445,131,1,14,4,9,8,131,43
20260808,B_r3,296,56,1791,462,1273,445,129,2,15,4,9,8,131,43
20260808,B_r3,297,57,1799,465,1277,446,127,5,14,4,9,8,131,43
20260808,B_r3,298,56,1805,468,1281,447,127,6,15,2,9,9,131,43
20260808,B_r3,299,54,1809,470,1285,447,123,5,18,4,9,9,131,43
20260808,B_r3,300,53,1814,470,1291,447,123,2,21,4,9,8,131,43
20260808,B_r3,301,54,1821,475,1292,449,122,5,21,2,11,8,131,43
20260808,B_r3,302,55,1826,475,1296,451,116,5,19,10,12,6,131,43
20260808,B_r3,303,55,1834,477,1302,452,117,2,23,8,12,5,131,43
20260808,B_r3,304,47,1840,486,1307,453,115,11,22,2,12,5,131,43
20260808,B_r3,305,46,1844,486,1312,454,116,9,23,2,13,4,131,43
20260808,B_r3,306,41,1848,489,1318,455,114,3,31,2,10,4,131,43
20260808,B_r3,307,41,1855,489,1325,455,113,3,31,3,10,4,131,43
20260808,B_r3,308,41,1861,491,1329,458,115,2,31,2,9,6,131,43
20260808,B_r3,309,41,1865,492,1332,458,115,3,31,1,9,6,131,43
20260808,B_r3,310,46,1872,493,1333,459,115,2,32,1,8,6,131,43
20260808,B_r3,311,50,1878,494,1334,462,117,2,30,1,8,7,131,43
20260808,B_r3,312,52,1883,496,1335,465,119,3,28,0,8,7,131,43
20260808,B_r3,313,51,1889,497,1341,466,119,3,28,0,8,8,131,43
20260808,B_r3,314,53,1897,498,1346,469,121,2,27,0,8,8,131,43
20260808,B_r3,315,57,1905,498,1350,471,123,1,26,0,9,8,131,43
20260808,B_r3,316,56,1909,499,1354,473,124,1,25,0,8,8,131,43
20260808,B_r3,317,53,1913,499,1361,478,128,1,20,1,8,8,131,43
20260808,B_r3,318,54,1920,499,1367,478,128,0,21,1,9,10,131,43
20260808,B_r3,319,55,1924,500,1369,480,130,1,19,0,9,10,131,43
20260808,B_r3,320,51,1928,501,1376,481,129,2,18,1,9,9,131,43
20260808,B_r3,321,54,1936,502,1380,482,128,2,18,2,9,10,131,43
20260808,B_r3,322,52,1940,505,1383,483,127,4,18,1,9,10,131,43
20260808,B_r3,323,53,1946,506,1387,484,128,4,18,0,9,9,131,43
20260808,B_r3,324,50,1953,508,1395,489,131,3,16,0,8,8,131,43
20260808,B_r3,325,51,1961,508,1402,492,133,2,14,1,8,9,131,43
20260808,B_r3,326,53,1966,508,1405,492,131,0,16,3,8,8,131,43
20260808,B_r3,327,54,1972,510,1408,492,128,2,16,4,8,8,131,43
20260808,B_r3,328,54,1979,512,1413,493,128,4,15,3,9,8,131,43
20260808,B_r3,329,57,1985,514,1414,494,129,4,16,1,9,9,131,43
20260808,B_r3,330,60,1993,516,1417,498,131,4,14,1,9,9,131,43
20260808,B_r3,331,57,1997,516,1424,499,129,2,15,4,12,8,131,43
20260808,B_r3,332,62,2005,517,1426,500,130,1,16,3,14,8,131,43
20260808,B_r3,333,61,2012,520,1431,501,130,4,15,1,13,8,131,43
20260808,B_r3,334,60,2019,521,1438,502,130,4,15,1,12,8,131,43
20260808,B_r3,335,57,2026,523,1446,503,130,3,17,0,12,8,121,40
20260808,B_r3,336,58,2032,523,1451,503,130,2,18,0,11,7,121,40
20260808,B_r3,337,61,2040,523,1456,505,132,0,18,0,12,9,121,40
20260808,B_r3,338,57,2045,525,1463,507,132,2,16,0,10,9,121,40
20260808,B_r3,339,58,2052,525,1469,507,132,2,16,0,9,10,121,40
20260808,B_r3,340,62,2059,526,1471,507,131,1,18,0,9,10,131,43
20260808,B_r3,341,64,2066,527,1475,507,129,2,18,1,8,12,131,43
20260808,B_r3,342,63,2072,527,1482,509,131,1,17,1,8,14,131,43
20260808,B_r3,343,60,2077,530,1487,512,132,3,15,0,8,14,131,43
20260808,B_r3,344,57,2081,531,1493,512,129,4,15,2,8,13,131,43
20260808,B_r3,345,57,2089,532,1500,513,128,2,17,3,8,13,131,43
20260808,B_r3,346,58,2095,535,1502,514,128,4,17,1,9,10,131,43
20260808,B_r3,347,56,2101,536,1509,515,128,4,17,1,9,9,131,43
20260808,B_r3,348,55,2105,536,1514,518,130,1,17,2,9,9,131,43
20260808,B_r3,349,55,2113,538,1520,521,132,2,15,1,9,9,131,43
20260808,B_r3,350,53,2117,539,1525,523,133,3,13,1,9,9,131,43
20260808,B_r3,351,54,2124,539,1531,523,132,1,15,2,9,7,131,43
20260808,B_r3,352,51,2128,542,1535,523,129,3,16,2,8,8,131,43
20260808,B_r3,353,51,2132,543,1538,523,127,4,16,3,8,8,131,43
20260808,B_r3,354,51,2136,546,1539,523,123,4,19,4,9,9,131,43
20260808,B_r3,355,46,2141,550,1545,525,122,7,18,3,9,8,131,43
20260808,B_r3,356,44,2146,553,1549,526,121,7,20,2,8,10,131,43
20260808,B_r3,357,44,2154,556,1554,527,120,6,23,1,7,10,131,43
20260808,B_r3,358,46,2160,558,1556,527,119,5,26,0,8,9,131,43
20260808,B_r3,359,40,2164,560,1564,528,116,4,28,2,8,6,131,43
20260808,B_r3,360,44,2172,560,1568,528,116,2,30,2,10,5,126,43
20260808,B_r3,361,45,2179,562,1572,529,117,2,31,0,13,5,126,43
20260808,B_r3,362,46,2183,563,1574,531,118,3,29,0,12,5,126,43
20260808,B_r3,363,50,2190,563,1577,532,117,1,30,2,14,5,126,43
20260808,B_r3,364,54,2198,563,1581,533,118,0,30,2,13,6,126,43
20260808,B_r3,365,57,2206,566,1583,537,121,3,26,0,13,6,131,43
20260808,B_r3,366,59,2213,567,1587,542,125,4,21,0,11,7,131,43
20260808,B_r3,367,61,2221,568,1592,544,125,2,22,1,12,9,131,43
20260808,B_r3,368,62,2227,568,1597,546,127,1,21,1,9,12,131,43
20260808,B_r3,369,66,2235,570,1599,547,127,2,21,0,9,12,131,43
20260808,B_r3,370,66,2242,570,1606,550,130,2,18,0,9,13,131,43
20260808,B_r3,371,63,2248,572,1613,554,132,2,16,0,9,12,131,43
20260808,B_r3,372,65,2255,573,1617,556,132,3,14,1,9,11,131,43
20260808,B_r3,373,62,2261,575,1624,556,130,3,16,1,9,9,131,43
20260808,B_r3,374,59,2265,576,1630,557,130,3,16,1,9,9,131,43
20260808,B_r3,375,60,2273,576,1637,557,130,1,18,1,9,9,131,43
20260808,B_r3,376,62,2280,577,1641,557,129,1,19,1,9,9,131,43
20260808,B_r3,377,59,2284,577,1648,560,132,1,16,1,9,8,131,43
20260808,B_r3,378,56,2289,580,1653,561,131,3,16,0,9,8,131,43
20260808,B_r3,379,52,2293,581,1660,564,132,4,13,1,9,7,131,43
20260808,B_r3,380,50,2298,581,1667,565,133,1,15,1,9,8,115,42
20260808,B_r3,381,48,2304,584,1672,565,129,3,16,2,9,7,115,42
20260808,B_r3,382,51,2312,584,1677,567,131,3,14,2,9,9,115,42
20260808,B_r3,383,54,2320,586,1680,568,131,2,16,1,8,10,115,42
20260808,B_r3,384,57,2328,587,1684,570,131,3,14,2,9,10,115,42
20260808,B_r3,385,55,2334,588,1691,571,130,2,15,3,9,10,131,43
20260808,B_r3,386,55,2341,590,1696,572,127,3,15,5,8,10,131,43
20260808,B_r3,387,57,2347,592,1698,572,125,4,16,5,8,11,131,43
20260808,B_r3,388,62,2355,595,1698,573,124,5,17,4,7,11,131,43
20260808,B_r3,389,66,2361,597,1698,574,125,5,18,2,8,12,131,43
20260808,B_r3,390,65,2368,602,1701,575,123,7,20,0,8,12,121,40
20260808,B_r3,391,64,2372,602,1706,577,123,5,20,2,9,10,121,40
20260808,B_r3,392,60,2376,602,1714,578,122,0,24,4,11,9,121,40
20260808,B_r3,393,52,2380,607,1721,580,118,5,22,5,11,8,121,40
20260808,B_r3,394,50,2387,609,1728,581,119,7,21,3,11,6,121,40
20260808,B_r3,395,51,2395,612,1732,583,121,5,24,0,12,5,131,43
20260808,B_r3,396,50,2399,612,1737,584,121,3,25,1,13,5,131,43
20260808,B_r3,397,50,2405,612,1743,585,121,0,27,2,11,5,131,43
20260808,B_r3,398,48,2413,615,1750,586,120,3,26,1,11,6,131,43
20260808,B_r3,399,47,2419,616,1756,587,120,4,25,1,9,7,131,43
20260808,B_r3,400,51,2425,616,1758,588,121,1,27,1,9,8,131,43
20260808,B_r3,401,54,2431,618,1759,589,121,2,27,0,9,8,131,43
20260808,B_r3,402,55,2436,618,1763,589,121,2,27,0,9,8,131,43
20260808,B_r3,403,57,2440,618,1765,590,122,0,28,0,9,8,131,43
20260808,B_r3,404,56,2446,618,1772,592,124,0,26,0,9,9,131,43
20260808,B_r3,405,56,2453,618,1779,593,125,0,25,0,9,9,131,43
20260808,B_r3,406,56,2457,618,1783,596,127,0,22,1,8,9,131,43
20260808,B_r3,407,53,2461,620,1788,598,126,2,20,2,9,9,131,43
20260808,B_r3,408,49,2465,622,1794,600,126,4,18,2,9,6,131,43
20260808,B_r3,409,47,2469,624,1798,604,129,4,16,1,9,6,131,43
20260808,B_r3,410,46,2473,626,1801,607,131,4,15,0,9,7,131,43
20260808,B_r3,411,47,2480,627,1806,607,130,3,17,0,9,6,131,43
20260808,B_r3,412,45,2484,628,1811,611,133,2,15,0,9,7,131,43
20260808,B_r3,413,47,2490,628,1815,611,133,1,16,0,9,7,131,43
20260808,B_r3,414,47,2496,628,1821,612,134,0,16,0,9,7,131,43
20260808,B_r3,415,48,2504,628,1828,612,133,0,16,1,9,7,131,43
20260808,B_r3,416,53,2512,628,1831,615,135,0,13,2,9,8,131,43
20260808,B_r3,417,51,2517,631,1835,615,132,3,13,2,9,8,131,43
20260808,B_r3,418,53,2522,632,1837,615,132,4,13,1,9,10,131,43
20260808,B_r3,419,54,2526,633,1839,618,135,2,13,0,9,9,131,43
20260808,B_r3,420,57,2533,633,1843,619,134,1,13,2,11,9,131,43
20260808,B_r3,421,56,2538,633,1849,620,132,0,13,5,13,9,131,43
20260808,B_r3,422,55,2544,636,1853,622,132,3,11,4,13,8,131,43
20260808,B_r3,423,55,2552,639,1858,624,134,6,9,1,14,6,131,43
20260808,B_r3,424,52,2556,640,1864,624,133,4,12,1,14,5,131,43
20260808,B_r3,425,49,2561,640,1872,625,134,1,14,1,13,5,131,43
20260808,B_r3,426,46,2567,641,1880,625,134,1,15,0,10,6,131,43
20260808,B_r3,427,47,2573,642,1884,626,133,2,14,1,10,7,131,43
20260808,B_r3,428,45,2577,643,1889,627,133,2,14,1,8,7,131,43
20260808,B_r3,429,43,2582,646,1893,629,132,4,13,1,9,7,131,43
20260808,B_r3,430,47,2586,646,1893,630,133,3,13,1,9,8,131,43
20260808,B_r3,431,46,2590,648,1896,631,132,2,15,1,9,8,131,43
20260808,B_r3,432,49,2598,648,1901,631,132,2,15,1,9,8,131,43
20260808,B_r3,433,46,2603,649,1908,631,132,1,17,0,9,7,131,43
20260808,B_r3,434,49,2609,649,1911,631,131,1,17,1,9,7,131,43
20260808,B_r3,435,48,2613,649,1916,631,131,0,18,1,9,7,131,43
20260808,B_r3,436,49,2621,650,1922,632,131,1,17,1,9,7,131,43
20260808,B_r3,437,50,2627,651,1926,633,131,2,16,1,9,6,131,43
20260808,B_r3,438,51,2631,652,1928,635,133,2,15,0,9,6,131,43
20260808,B_r3,439,53,2637,652,1932,635,133,1,16,0,9,8,131,43
20260808,B_r3,440,52,2641,653,1936,636,133,1,16,0,9,9,131,43
20260808,B_r3,441,53,2646,654,1939,639,135,2,13,0,9,9,131,43
20260808,B_r3,442,50,2651,654,1947,639,134,1,14,1,9,11,131,43
20260808,B_r3,443,52,2658,654,1952,641,136,0,13,1,9,13,131,43
20260808,B_r3,444,53,2665,655,1957,641,135,1,13,1,9,13,131,43
20260808,B_r3,445,55,2671,656,1960,644,136,2,10,2,9,14,121,40
20260808,B_r3,446,53,2679,658,1968,644,134,3,11,2,9,14,121,40
20260808,B_r3,447,53,2683,659,1971,646,135,3,10,2,9,13,121,40
20260808,B_r3,448,54,2688,660,1974,647,136,2,11,1,9,11,121,40
20260808,B_r3,449,52,2693,662,1979,648,135,3,11,1,9,10,121,40
20260808,B_r3,450,52,2697,663,1982,648,134,3,12,1,9,9,131,43
20260808,B_r3,451,56,2705,664,1985,648,132,2,14,2,10,9,131,43
20260808,B_r3,452,56,2710,664,1990,649,133,1,14,2,11,6,131,43
20260808,B_r3,453,52,2716,667,1997,650,132,3,14,1,13,6,131,43
20260808,B_r3,454,52,2724,668,2004,652,133,4,12,1,14,6,131,43
20260808,B_r3,455,50,2728,669,2009,652,133,2,15,0,14,6,131,43
20260808,B_r3,456,45,2732,671,2016,652,128,3,16,3,12,6,131,43
20260808,B_r3,457,49,2740,671,2020,652,128,2,17,3,10,7,131,43
20260808,B_r3,458,49,2746,674,2023,654,129,3,17,1,8,7,131,43
20260808,B_r3,459,55,2754,674,2025,655,130,3,16,1,9,8,131,43
20260808,B_r3,460,62,2762,674,2026,655,131,0,19,0,9,8,131,43
20260808,B_r3,461,58,2767,675,2034,656,131,1,18,0,9,9,131,43
20260808,B_r3,462,56,2771,676,2039,657,131,2,17,0,9,8,131,43
20260808,B_r3,463,56,2777,677,2044,657,130,2,18,0,9,9,131,43
20260808,B_r3,464,54,2783,677,2052,658,131,1,18,0,9,9,131,43
20260808,B_r3,465,53,2788,679,2056,659,129,2,18,1,9,10,131,43
20260808,B_r3,466,56,2793,679,2058,660,130,2,17,1,9,9,131,43
20260808,B_r3,467,53,2798,680,2065,662,132,1,17,0,9,8,131,43
20260808,B_r3,468,55,2806,681,2070,664,132,2,15,1,9,8,131,43
20260808,B_r3,469,54,2813,681,2078,665,129,1,15,5,9,9,131,43
20260808,B_r3,470,54,2820,682,2084,665,127,1,16,6,9,9,131,43
20260808,B_r3,471,54,2824,686,2084,667,129,5,14,2,9,8,131,43
20260808,B_r3,472,54,2829,689,2086,670,130,7,12,1,9,8,131,43
20260808,B_r3,473,54,2836,691,2091,671,128,5,15,2,9,8,131,43
20260808,B_r3,474,54,2842,692,2096,671,125,3,18,4,9,10,131,43
20260808,B_r3,475,57,2849,693,2099,675,127,2,16,5,9,10,131,43
20260808,B_r3,476,56,2854,696,2102,675,123,4,17,6,9,8,131,43
20260808,B_r3,477,58,2861,698,2105,676,123,5,17,5,9,8,131,43
20260808,B_r3,478,60,2869,702,2107,676,122,6,20,2,9,10,131,43
20260808,B_r3,479,61,2877,703,2113,676,121,5,22,2,9,9,131,43
20260808,B_r3,480,59,2884,706,2119,676,113,4,26,7,10,8,131,43
20260808,B_r3,481,59,2888,707,2122,676,112,4,27,7,10,7,131,43
20260808,B_r3,482,59,2895,713,2123,676,112,7,30,1,12,6,131,43
20260808,B_r3,483,59,2900,714,2127,679,115,7,28,0,12,6,131,43
20260808,B_r3,484,60,2907,714,2133,682,116,1,31,2,16,5,131,43
20260808,B_r3,485,58,2912,714,2140,686,120,0,28,2,17,6,131,43
20260808,B_r3,486,54,2916,717,2145,686,119,3,28,0,14,6,131,43
20260808,B_r3,487,52,2921,717,2152,686,119,3,28,0,12,7,131,43
20260808,B_r3,488,49,2926,717,2160,686,118,0,31,1,9,9,131,43
20260808,B_r3,489,49,2934,717,2168,691,121,0,26,3,9,9,131,43
20260808,B_r3,490,55,2941,718,2168,692,121,1,25,3,9,9,126,43
20260808,B_r3,491,60,2949,719,2170,695,123,2,22,3,9,8,126,43
20260808,B_r3,492,58,2955,720,2177,696,124,2,22,2,9,8,126,43
20260808,B_r3,493,62,2963,722,2179,698,126,3,21,0,9,9,126,43
20260808,B_r3,494,61,2969,722,2186,700,128,2,20,0,9,9,126,43
20260808,B_r3,495,60,2973,723,2190,702,127,1,20,2,9,11,131,43
20260808,B_r3,496,62,2981,725,2194,705,126,3,17,4,9,12,131,43
20260808,B_r3,497,65,2989,727,2197,706,125,4,17,4,9,13,131,43
20260808,B_r3,498,66,2995,729,2200,707,125,4,18,3,9,15,131,43
20260808,B_r3,499,64,3002,732,2206,708,125,5,19,1,9,14,131,43
20260808,B_r3,500,63,3008,734,2211,710,126,5,19,0,9,12,131,43
20260808,B_r3,501,62,3016,735,2219,713,128,3,19,0,9,10,131,43
20260808,B_r3,502,63,3023,735,2225,714,128,1,20,1,9,9,131,43
20260808,B_r3,503,60,3028,735,2233,715,129,0,20,1,9,9,131,43
20260808,B_r3,504,60,3034,736,2238,717,131,1,18,0,9,9,131,43
20260808,B_r3,505,59,3039,738,2242,717,128,3,18,1,9,9,131,43
20260808,B_r3,506,57,3043,738,2248,719,130,2,17,1,9,9,131,43
20260808,B_r3,507,54,3049,740,2255,720,129,2,18,1,9,8,131,43
20260808,B_r3,508,56,3057,741,2260,720,128,3,18,1,9,12,131,43
20260808,B_r3,509,53,3061,743,2265,722,129,3,18,0,9,11,131,43
20260808,B_r3,510,51,3067,745,2271,723,127,4,18,1,9,8,131,43
20260808,B_r3,511,52,3075,745,2278,724,124,2,19,5,10,6,131,43
20260808,B_r3,512,51,3083,748,2284,726,121,3,19,7,13,6,131,43
20260808,B_r3,513,49,3090,753,2288,726,119,8,19,4,14,5,131,43
20260808,B_r3,514,46,3096,756,2294,728,119,8,20,3,12,5,131,43
20260808,B_r3,515,45,3100,758,2297,730,119,5,23,3,11,5,131,43
20260808,B_r3,516,47,3107,760,2300,730,118,4,26,2,13,4,131,43
20260808,B_r3,517,45,3111,761,2305,733,120,3,25,2,11,5,131,43
20260808,B_r3,518,44,3117,762,2311,736,123,2,24,1,9,6,131,43
20260808,B_r3,519,46,3123,763,2314,736,123,2,25,0,9,6,131,43
20260808,B_r3,520,50,3127,763,2314,738,125,1,24,0,9,6,101,38
20260808,B_r3,521,53,3133,765,2315,739,121,2,24,3,9,8,101,38
20260808,B_r3,522,52,3138,765,2321,740,120,2,23,5,9,7,101,38
20260808,B_r3,523,49,3143,769,2325,741,120,4,24,2,9,7,101,38
20260808,B_r3,524,51,3150,771,2328,741,120,6,24,0,9,7,101,38
20260808,B_r3,525,53,3155,771,2331,743,122,2,26,0,8,8,126,43
20260808,B_r3,526,53,3162,771,2338,746,122,0,25,3,9,8,126,43
20260808,B_r3,527,56,3169,771,2342,746,122,0,25,3,9,8,126,43
20260808,B_r3,528,55,3175,776,2344,750,124,5,21,0,8,8,126,43
20260808,B_r3,529,55,3182,777,2350,751,124,6,20,0,7,8,126,43
20260808,B_r3,530,58,3189,778,2353,756,128,2,20,0,8,9,131,43
20260808,B_r3,531,61,3197,778,2358,757,127,1,20,2,9,9,131,43
20260808,B_r3,532,63,3204,778,2363,757,127,0,21,2,9,8,131,43
20260808,B_r3,533,65,3211,781,2365,758,127,3,20,0,9,9,131,43
20260808,B_r3,534,65,3218,781,2372,759,128,3,19,0,9,9,131,43
20260808,B_r3,535,64,3224,783,2377,762,128,2,19,1,9,9,131,43
20260808,B_r3,536,63,3230,783,2384,765,129,2,16,3,9,9,131,43
20260808,B_r3,537,64,3238,784,2390,765,127,1,18,4,9,9,131,43
20260808,B_r3,538,68,3246,786,2392,766,128,3,17,2,9,10,131,43
20260808,B_r3,539,66,3251,788,2397,766,128,4,18,0,9,10,131,43
20260808,B_r3,540,65,3256,788,2403,766,128,2,20,0,9,9,131,43
20260808,B_r3,541,61,3261,789,2411,766,127,1,22,0,11,8,131,43
20260808,B_r3,542,61,3267,789,2417,768,128,1,20,1,13,8,131,43
20260808,B_r3,543,61,3273,789,2423,770,129,0,19,2,13,6,131,43
20260808,B_r3,544,60,3280,790,2430,771,130,1,18,1,13,6,131,43
20260808,B_r3,545,57,3284,791,2436,772,131,2,17,0,13,5,131,43
20260808,B_r3,546,56,3289,792,2441,776,131,2,14,3,13,5,131,43
20260808,B_r3,547,55,3296,792,2449,777,129,1,14,6,10,7,131,43
20260808,B_r3,548,52,3303,796,2455,778,129,4,14,3,7,6,131,43
20260808,B_r3,549,50,3309,800,2459,780,130,8,12,0,8,7,131,43
20260808,B_r3,550,55,3314,800,2459,781,130,4,15,1,8,8,126,43
20260808,B_r3,551,55,3318,800,2463,782,131,0,18,1,8,8,126,43
20260808,B_r3,552,54,3325,802,2469,783,131,2,17,0,8,8,126,43
20260808,B_r3,553,54,3330,802,2474,785,133,2,15,0,8,8,126,43
20260808,B_r3,554,53,3334,802,2479,785,132,0,17,1,8,8,126,43
20260808,B_r3,555,52,3339,804,2483,786,131,2,16,1,8,7,131,43
20260808,B_r3,556,49,3343,806,2488,787,131,4,15,0,8,7,131,43
20260808,B_r3,557,50,3350,806,2494,787,131,2,17,0,9,6,131,43
20260808,B_r3,558,45,3354,808,2501,788,130,2,18,0,9,7,131,43
20260808,B_r3,559,44,3358,808,2506,790,131,2,16,1,9,7,131,43
20260808,B_r3,560,47,3366,809,2510,791,131,1,17,1,9,6,131,43
20260808,B_r3,561,47,3371,811,2513,792,129,3,16,2,9,6,131,43
20260808,B_r3,562,45,3376,811,2520,793,129,2,16,3,9,6,131,43
20260808,B_r3,563,47,3384,813,2524,793,128,2,18,2,9,6,131,43
20260808,B_r3,564,51,3392,815,2526,795,128,4,16,2,9,7,131,43
20260808,B_r3,565,51,3396,817,2528,796,125,4,17,4,9,8,131,43
20260808,B_r3,566,54,3404,820,2530,800,125,5,15,5,9,8,131,43
20260808,B_r3,567,50,3408,823,2535,800,123,6,17,4,9,8,131,43
20260808,B_r3,568,54,3414,825,2535,802,123,5,18,4,9,8,131,43
20260808,B_r3,569,56,3420,828,2536,803,120,5,20,5,9,9,131,43
20260808,B_r3,570,51,3426,834,2541,804,115,9,21,5,9,8,121,43
20260808,B_r3,571,51,3430,837,2542,804,115,9,24,2,9,8,121,43
20260808,B_r3,572,52,3438,840,2546,805,112,6,29,3,11,7,121,43
20260808,B_r3,573,53,3446,840,2553,805,109,3,32,6,13,6,121,43
20260808,B_r3,574,45,3450,844,2561,805,106,4,35,5,12,6,121,43
20260808,B_r3,575,45,3456,847,2564,807,107,7,33,3,13,6,131,43
20260808,B_r3,576,45,3463,849,2569,808,107,5,36,2,11,6,131,43
20260808,B_r3,577,48,3471,850,2573,811,110,3,36,1,10,6,131,43
20260808,B_r3,578,48,3478,852,2578,815,112,3,34,1,9,6,131,43
20260808,B_r3,579,50,3486,853,2583,818,113,3,32,2,8,6,131,43
20260808,B_r3,580,58,3494,853,2583,820,115,1,32,2,8,9,131,43
20260808,B_r3,581,60,3498,855,2583,823,117,2,30,1,9,9,131,43
20260808,B_r3,582,59,3502,858,2585,826,118,5,27,0,9,8,131,43
20260808,B_r3,583,58,3509,859,2592,830,121,4,25,0,9,8,131,43
20260808,B_r3,584,59,3514,859,2596,830,121,1,28,0,9,8,131,43
20260808,B_r3,585,57,3519,860,2602,831,120,1,28,1,9,9,131,43
20260808,B_r3,586,57,3527,861,2609,831,118,2,28,2,8,11,131,43
20260808,B_r3,587,57,3535,862,2616,834,121,2,26,1,7,10,131,43
20260808,B_r3,588,53,3539,864,2622,837,122,3,24,1,7,9,131,43
20260808,B_r3,589,53,3546,864,2629,839,124,2,23,1,8,11,131,43
20260808,B_r3,590,51,3551,865,2635,842,127,1,22,0,8,10,131,43
20260808,B_r3,591,53,3556,865,2638,843,128,1,21,0,8,10,131,43
20260808,B_r3,592,55,3561,866,2640,846,130,1,19,0,8,10,131,43
20260808,B_r3,593,54,3568,867,2647,849,130,2,16,2,8,11,131,43
20260808,B_r3,594,53,3573,868,2652,852,131,2,14,3,8,12,131,43
20260808,B_r3,595,55,3579,870,2654,854,133,3,13,1,8,11,131,43
20260808,B_r3,596,55,3585,871,2659,856,134,3,12,1,9,10,131,43
20260808,B_r3,597,54,3593,872,2667,857,134,2,13,1,9,9,131,43
20260808,B_r3,598,54,3597,874,2669,857,133,3,14,0,9,10,131,43
20260808,B_r3,599,51,3602,875,2676,859,133,3,13,1,9,7,131,43
20260808,B_r3,600,51,3609,877,2681,859,129,3,15,3,10,6,121,40
20260808,B_r12,1,0,6,6,0,0,144,6,0,0,0,0,131,43
20260808,B_r12,2,0,11,11,0,0,139,11,0,0,0,0,131,43
20260808,B_r12,3,1,19,18,0,0,132,12,6,0,0,1,131,43
20260808,B_r12,4,5,23,18,0,0,132,7,11,0,1,2,131,43
20260808,B_r12,5,7,29,22,0,0,128,4,18,0,1,3,131,43
20260808,B_r12,6,11,33,22,0,0,128,4,18,0,3,3,131,43
20260808,B_r12,7,12,37,25,0,0,125,3,22,0,4,3,131,43
20260808,B_r12,8,14,41,27,0,0,123,5,22,0,5,3,131,43
20260808,B_r12,9,19,46,27,0,0,123,2,25,0,6,4,131,43
20260808,B_r12,10,23,52,29,0,0,121,2,27,0,7,4,131,43
20260808,B_r12,11,28,57,29,0,0,121,2,27,0,7,5,131,43
20260808,B_r12,12,31,65,34,0,0,116,5,29,0,7,5,131,43
20260808,B_r12,13,32,70,38,0,0,112,9,29,0,7,6,131,43
20260808,B_r12,14,36,75,39,0,1,112,5,33,0,7,6,131,43
20260808,B_r12,15,40,82,41,1,2,111,3,36,0,8,6,131,43
20260808,B_r12,16,43,87,42,2,6,114,3,33,0,8,7,131,43
20260808,B_r12,17,44,94,44,6,8,114,3,33,0,9,7,131,43
20260808,B_r12,18,44,99,48,7,10,112,6,32,0,9,8,131,43
20260808,B_r12,19,46,106,50,10,12,112,6,32,0,9,8,131,43
20260808,B_r12,20,46,114,54,14,13,109,6,35,0,9,9,121,40
20260808,B_r12,21,46,119,55,18,18,113,5,32,0,9,8,121,40
20260808,B_r12,22,48,127,57,22,20,113,3,34,0,9,8,121,40
20260808,B_r12,23,51,135,59,25,22,113,4,33,0,9,8,121,40
20260808,B_r12,24,53,143,63,27,26,113,6,31,0,9,8,121,40
20260808,B_r12,25,52,149,65,32,27,112,6,32,0,9,8,126,43
20260808,B_r12,26,51,153,67,35,30,113,4,33,0,9,9,126,43
20260808,B_r12,27,52,160,67,41,31,114,2,34,0,8,10,126,43
20260808,B_r12,28,55,168,68,45,33,115,1,34,0,8,10,126,43
20260808,B_r12,29,51,172,71,50,38,117,4,29,0,9,10,126,43
20260808,B_r12,30,46,179,78,55,38,110,10,30,0,9,9,131,43
20260808,B_r12,31,41,183,83,59,39,106,12,32,0,8,8,131,43
20260808,B_r12,32,34,189,90,65,43,103,12,35,0,8,6,131,43
20260808,B_r12,33,32,196,95,69,45,100,12,38,0,9,5,131,43
20260808,B_r12,34,28,204,101,75,49,98,11,41,0,8,5,131,43
20260808,B_r12,35,27,210,104,79,50,96,9,45,0,8,4,131,43
20260808,B_r12,36,28,215,106,81,54,98,5,47,0,8,6,131,43
20260808,B_r12,37,25,221,109,87,57,98,5,47,0,5,5,131,43
20260808,B_r12,38,23,226,109,94,59,100,3,47,0,6,5,131,43
20260808,B_r12,39,21,230,112,97,61,99,3,48,0,4,4,131,43
20260808,B_r12,40,24,238,117,97,62,95,8,47,0,6,5,131,43
20260808,B_r12,41,29,244,118,97,65,97,6,47,0,7,6,131,43
20260808,B_r12,42,30,252,125,97,67,92,8,50,0,7,5,131,43
20260808,B_r12,43,32,257,128,97,69,91,10,49,0,8,5,131,43
20260808,B_r12,44,33,261,129,99,72,93,4,53,0,8,6,131,43
20260808,B_r12,45,38,268,130,100,78,98,2,50,0,8,7,131,43
20260808,B_r12,46,39,272,131,102,81,100,2,48,0,8,8,131,43
20260808,B_r12,47,42,279,135,102,84,99,5,46,0,8,8,131,43
20260808,B_r12,48,42,284,137,105,87,100,6,44,0,8,8,131,43
20260808,B_r12,49,47,292,138,107,90,102,3,45,0,9,9,131,43
20260808,B_r12,50,46,297,139,112,91,102,2,46,0,9,9,126,43
20260808,B_r12,51,46,302,141,115,98,107,3,40,0,9,8,126,43
20260808,B_r12,52,47,309,142,120,103,111,3,36,0,9,7,126,43
20260808,B_r12,53,51,316,143,122,110,117,2,31,0,9,9,126,43
20260808,B_r12,54,54,324,144,126,113,119,2,29,0,9,10,126,43
20260808,B_r12,55,53,328,145,130,115,120,2,28,0,9,10,131,43
20260808,B_r12,56,54,334,146,134,119,123,2,25,0,9,11,131,43
20260808,B_r12,57,56,342,148,138,119,121,3,26,0,9,11,131,43
20260808,B_r12,58,57,346,149,140,121,122,3,25,0,9,11,131,43
20260808,B_r12,59,55,352,150,147,127,127,2,21,0,9,12,131,43
20260808,B_r12,60,51,356,154,151,129,125,5,20,0,9,11,131,43
20260808,B_r12,61,47,360,158,155,131,123,8,19,0,8,10,131,43
20260808,B_r12,62,40,368,167,161,134,117,13,20,0,8,10,131,43
20260808,B_r12,63,35,372,170,167,135,115,12,23,0,8,7,131,43
20260808,B_r12,64,27,378,176,175,137,111,9,30,0,8,6,131,43
20260808,B_r12,65,23,382,181,178,139,108,11,31,0,8,6,131,43
20260808,B_r12,66,21,387,183,183,139,106,7,37,0,6,4,131,43
20260808,B_r12,67,18,393,185,190,139,104,4,42,0,2,2,131,43
20260808,B_r12,68,17,397,186,194,140,104,3,43,0,3,2,131,43
20260808,B_r12,69,13,403,190,200,141,101,5,44,0,4,3,131,43
20260808,B_r12,70,16,409,193,200,142,99,7,44,0,6,3,131,43
20260808,B_r12,71,19,413,194,200,144,100,4,46,0,7,3,131,43
20260808,B_r12,72,24,419,195,200,145,100,2,48,0,7,5,131,43
20260808,B_r12,73,27,425,198,200,149,101,4,45,0,7,5,131,43
20260808,B_r12,74,29,429,200,200,151,101,5,44,0,7,5,131,43
20260808,B_r12,75,32,436,204,200,152,98,6,46,0,7,7,131,43
20260808,B_r12,76,36,442,206,200,157,101,6,43,0,7,7,131,43
20260808,B_r12,77,36,446,209,201,162,103,5,42,0,9,8,131,43
20260808,B_r12,78,40,453,212,201,165,103,6,41,0,9,10,131,43
20260808,B_r12,79,45,461,214,202,171,107,5,38,0,9,10,131,43
20260808,B_r12,80,45,465,216,204,175,109,4,37,0,9,9,131,43
20260808,B_r12,81,46,471,218,207,178,110,4,36,0,9,9,131,43
20260808,B_r12,82,43,476,221,212,184,113,5,32,0,9,9,131,43
20260808,B_r12,83,46,483,223,214,185,112,5,33,0,9,10,131,43
20260808,B_r12,84,46,489,229,214,187,108,8,34,0,9,9,131,43
20260808,B_r12,85,43,494,232,219,190,108,9,33,0,9,9,131,43
20260808,B_r12,86,44,499,235,220,195,110,6,34,0,9,9,131,43
20260808,B_r12,87,45,504,238,221,197,109,6,35,0,9,10,131,43
20260808,B_r12,88,44,510,244,222,199,105,9,36,0,8,9,131,43
20260808,B_r12,89,43,516,248,225,200,102,10,38,0,8,8,131,43
20260808,B_r12,90,40,524,256,228,204,98,12,40,0,8,8,131,43
20260808,B_r12,91,36,529,261,232,205,94,13,43,0,8,8,131,43
20260808,B_r12,92,37,535,263,235,206,93,7,50,0,8,7,131,43
20260808,B_r12,93,38,543,264,241,209,95,3,52,0,7,7,131,43
20260808,B_r12,94,33,547,269,245,211,92,6,52,0,6,7,131,43
20260808,B_r12,95,33,554,272,249,212,90,8,52,0,7,6,131,43
20260808,B_r12,96,32,558,273,253,217,94,4,52,0,8,7,131,43
20260808,B_r12,97,30,562,276,256,219,93,4,53,0,6,7,131,43
20260808,B_r12,98,28,567,279,260,221,92,6,52,0,6,9,131,43
20260808,B_r12,99,28,573,282,263,226,94,6,50,0,6,11,131,43
20260808,B_r12,100,33,580,284,263,227,93,5,52,0,6,12,121,40
20260808,B_r12,101,37,586,286,263,232,96,4,50,0,7,14,121,40
20260808,B_r12,102,41,592,288,263,235,97,4,49,0,8,14,121,40
20260808,B_r12,103,41,598,291,266,236,95,5,50,0,6,13,121,40
20260808,B_r12,104,45,605,293,267,240,97,5,48,0,7,13,121,40
20260808,B_r12,105,44,609,293,272,249,106,2,42,0,8,11,131,43
20260808,B_r12,106,46,614,294,274,253,109,1,40,0,9,10,131,43
20260808,B_r12,107,47,620,297,276,257,110,4,36,0,9,9,131,43
20260808,B_r12,108,50,627,299,278,261,112,5,33,0,9,9,131,43
20260808,B_r12,109,54,635,299,282,262,113,2,35,0,9,9,131,43
20260808,B_r12,110,55,642,299,288,265,116,0,34,0,9,9,131,43
20260808,B_r12,111,52,647,302,293,267,115,3,32,0,9,10,131,43
20260808,B_r12,112,52,654,305,297,273,118,6,26,0,9,9,131,43
20260808,B_r12,113,51,659,307,301,274,117,5,28,0,9,9,131,43
20260808,B_r12,114,52,665,308,305,275,117,3,30,0,9,10,131,43
20260808,B_r12,115,54,671,309,308,278,119,2,29,0,9,9,131,43
20260808,B_r12,116,53,676,311,312,281,120,3,27,0,9,9,131,43
20260808,B_r12,117,50,680,315,315,281,116,6,28,0,9,9,131,43
20260808,B_r12,118,45,688,322,321,286,114,11,25,0,9,7,131,43
20260808,B_r12,119,42,693,327,324,289,112,12,26,0,8,7,131,43
20260808,B_r12,120,39,697,332,326,292,110,10,30,0,8,6,131,43
20260808,B_r12,121,36,702,337,329,292,105,10,35,0,8,5,131,43
20260808,B_r12,122,30,710,346,334,295,99,14,37,0,7,5,131,43
20260808,B_r12,123,33,717,348,336,299,101,11,38,0,8,5,131,43
20260808,B_r12,124,31,721,348,342,301,103,2,45,0,10,4,131,43
20260808,B_r12,125,30,727,351,346,301,100,3,47,0,9,4,121,40
20260808,B_r12,126,30,733,355,348,304,99,7,44,0,8,4,121,40
20260808,B_r12,127,32,739,356,351,304,98,5,47,0,9,4,121,40
20260808,B_r12,128,32,744,356,356,304,98,1,51,0,8,4,121,40
20260808,B_r12,129,29,748,360,359,306,96,4,50,0,7,6,121,40
20260808,B_r12,130,36,756,361,359,310,99,5,46,0,7,9,131,43
20260808,B_r12,131,41,762,362,359,311,99,2,49,0,8,10,131,43
20260808,B_r12,132,46,768,363,359,317,104,2,44,0,8,10,131,43
20260808,B_r12,133,48,774,363,363,319,106,1,43,0,9,10,131,43
20260808,B_r12,134,52,782,365,365,326,111,2,37,0,9,10,131,43
20260808,B_r12,135,54,788,367,367,331,114,4,32,0,9,9,131,43
20260808,B_r12,136,54,793,368,371,334,116,3,31,0,9,10,131,43
20260808,B_r12,137,50,797,374,373,336,112,7,31,0,9,9,131,43
20260808,B_r12,138,50,803,376,377,339,113,8,29,0,9,8,131,43
20260808,B_r12,139,55,810,376,379,344,118,2,30,0,9,8,131,43
20260808,B_r12,140,52,817,379,386,346,117,3,30,0,9,8,131,43
20260808,B_r12,141,48,822,384,390,350,116,8,26,0,9,8,131,43
20260808,B_r12,142,49,828,385,394,352,117,6,27,0,9,7,131,43
20260808,B_r12,143,47,833,388,398,356,118,4,28,0,9,8,131,43
20260808,B_r12,144,47,841,391,403,357,116,6,28,0,9,7,131,43
20260808,B_r12,145,45,847,393,409,357,114,5,31,0,9,7,131,43
20260808,B_r12,146,46,853,395,412,358,113,4,33,0,9,7,131,43
20260808,B_r12,147,48,861,400,413,360,110,7,33,0,9,7,131,43
20260808,B_r12,148,51,868,400,417,364,114,5,31,0,9,8,131,43
20260808,B_r12,149,48,872,402,422,366,114,2,34,0,9,8,131,43
20260808,B_r12,150,42,880,411,427,366,105,11,34,0,8,8,131,43
20260808,B_r12,151,39,884,416,429,366,100,14,36,0,8,8,131,43
20260808,B_r12,152,34,889,422,433,370,98,11,41,0,8,7,131,43
20260808,B_r12,153,33,895,426,436,371,95,10,45,0,7,7,131,43
20260808,B_r12,154,32,902,429,441,375,96,7,47,0,8,6,131,43
20260808,B_r12,155,33,909,431,445,377,96,5,49,0,9,4,126,43
20260808,B_r12,156,33,916,433,450,377,94,4,52,0,11,4,126,43
20260808,B_r12,157,32,921,434,455,379,95,3,52,0,10,5,126,43
20260808,B_r12,158,29,925,434,462,380,96,1,53,0,8,5,126,43
20260808,B_r12,159,28,933,439,466,383,94,5,51,0,8,6,126,43
20260808,B_r12,160,33,941,442,466,390,98,8,44,0,8,7,131,43
20260808,B_r12,161,39,947,442,466,391,99,3,48,0,9,8,131,43
20260808,B_r12,162,42,951,443,466,394,101,1,48,0,9,7,131,43
20260808,B_r12,163,44,955,445,466,399,104,3,43,0,9,7,131,43
20260808,B_r12,164,47,962,447,468,403,106,4,40,0,9,9,131,43
20260808,B_r12,165,48,969,449,472,406,107,4,39,0,9,9,131,43
20260808,B_r12,166,46,973,450,477,411,111,3,36,0,9,7,131,43
20260808,B_r12,167,47,978,451,480,415,114,2,34,0,9,7,131,43
20260808,B_r12,168,48,985,454,483,420,116,4,30,0,9,7,131,43
20260808,B_r12,169,49,993,458,486,423,115,7,28,0,9,8,131,43
20260808,B_r12,170,47,998,459,492,427,118,5,27,0,9,7,131,43
20260808,B_r12,171,47,1006,461,498,429,118,3,29,0,9,7,131,43
20260808,B_r12,172,45,1011,465,501,432,117,6,27,0,9,7,131,43
20260808,B_r12,173,49,1017,466,502,435,119,5,26,0,9,8,131,43
20260808,B_r12,174,48,1021,467,506,437,120,2,28,0,8,9,131,43
20260808,B_r12,175,49,1029,472,508,437,115,6,29,0,8,9,131,43
20260808,B_r12,176,50,1035,474,511,439,115,7,28,0,9,9,131,43
20260808,B_r12,177,51,1042,476,515,439,113,4,33,0,9,8,131,43
20260808,B_r12,178,53,1049,479,517,440,111,5,34,0,8,9,131,43
20260808,B_r12,179,48,1053,484,521,443,109,8,33,0,8,10,131,43
20260808,B_r12,180,46,1058,490,522,445,105,11,34,0,8,9,121,40
20260808,B_r12,181,41,1065,496,528,449,103,12,35,0,8,8,121,40
20260808,B_r12,182,42,1071,497,532,450,103,7,40,0,9,7,121,40
20260808,B_r12,183,41,1077,498,538,454,106,2,42,0,11,6,121,40
20260808,B_r12,184,41,1081,498,542,455,107,1,42,0,12,5,121,40
20260808,B_r12,185,42,1089,501,546,455,104,3,43,0,12,6,131,43
20260808,B_r12,186,42,1095,502,551,458,106,4,40,0,10,6,131,43
20260808,B_r12,187,42,1102,505,555,461,106,4,40,0,10,7,131,43
20260808,B_r12,188,40,1110,509,561,463,104,7,39,0,8,8,131,43
20260808,B_r12,189,40,1115,511,564,465,104,6,40,0,8,8,131,43
20260808,B_r12,190,44,1120,511,565,466,105,2,43,0,9,9,131,43
20260808,B_r12,191,47,1125,513,565,466,103,2,45,0,9,10,131,43
20260808,B_r12,192,48,1131,515,568,470,105,4,41,0,9,10,131,43
20260808,B_r12,193,45,1136,517,574,476,109,4,37,0,9,8,131,43
20260808,B_r12,194,47,1142,518,577,483,115,3,32,0,8,10,131,43
20260808,B_r12,195,47,1149,519,583,485,116,2,32,0,9,9,131,43
20260808,B_r12,196,48,1156,521,587,487,116,3,31,0,9,8,131,43
20260808,B_r12,197,48,1162,522,592,493,121,3,26,0,9,8,131,43
20260808,B_r12,198,49,1170,526,595,497,121,5,24,0,9,9,131,43
20260808,B_r12,199,51,1177,529,597,499,120,7,23,0,9,9,131,43
20260808,B_r12,200,48,1181,533,600,499,116,7,27,0,9,9,131,43
20260808,B_r12,201,52,1187,534,601,500,116,5,29,0,9,9,131,43
20260808,B_r12,202,53,1193,535,605,502,117,2,31,0,8,9,131,43
20260808,B_r12,203,54,1200,538,608,503,115,4,31,0,8,8,131,43
20260808,B_r12,204,54,1206,541,611,508,117,6,27,0,9,10,131,43
20260808,B_r12,205,54,1213,543,616,510,117,5,28,0,9,9,131,43
20260808,B_r12,206,56,1219,544,619,511,117,3,30,0,9,8,131,43
20260808,B_r12,207,54,1225,548,623,513,115,5,30,0,9,9,131,43
20260808,B_r12,208,52,1232,550,630,514,114,6,30,0,8,9,131,43
20260808,B_r12,209,55,1240,551,634,516,115,3,32,0,8,11,131,43
20260808,B_r12,210,50,1245,559,636,520,111,9,30,0,8,10,131,43
20260808,B_r12,211,45,1252,567,640,521,104,16,30,0,8,10,131,43
20260808,B_r12,212,43,1258,571,644,521,100,12,38,0,8,9,131,43
20260808,B_r12,213,39,1263,573,651,526,103,6,41,0,9,7,131,43
20260808,B_r12,214,38,1270,576,656,527,101,5,44,0,11,7,131,43
20260808,B_r12,215,36,1275,578,661,528,100,5,45,0,12,5,131,43
20260808,B_r12,216,36,1282,579,667,530,101,3,46,0,11,5,131,43
20260808,B_r12,217,37,1287,582,668,533,101,4,45,0,11,6,131,43
20260808,B_r12,218,35,1292,583,674,534,101,4,45,0,7,7,131,43
20260808,B_r12,219,32,1299,585,682,537,102,3,45,0,7,7,131,43
20260808,B_r12,220,37,1306,587,682,540,103,4,43,0,7,8,131,43
20260808,B_r12,221,41,1312,589,682,545,106,4,40,0,7,9,131,43
20260808,B_r12,222,44,1318,591,683,549,108,4,38,0,7,11,131,43
20260808,B_r12,223,51,1326,591,684,551,110,2,38,0,9,10,131,43
20260808,B_r12,224,50,1331,594,687,556,112,3,35,0,9,10,131,43
20260808,B_r12,225,54,1337,594,689,557,113,3,34,0,9,10,131,43
20260808,B_r12,226,54,1343,597,692,560,113,3,34,0,9,9,131,43
20260808,B_r12,227,52,1347,599,696,562,113,5,32,0,9,9,131,43
20260808,B_r12,228,51,1353,602,700,566,114,5,31,0,9,9,131,43
20260808,B_r12,229,48,1358,605,705,567,112,6,32,0,9,9,131,43
20260808,B_r12,230,47,1364,606,711,567,111,4,35,0,9,9,131,43
20260808,B_r12,231,47,1369,606,716,573,117,1,32,0,9,8,131,43
20260808,B_r12,232,44,1374,609,721,575,116,3,31,0,9,9,131,43
20260808,B_r12,233,42,1381,610,729,577,117,4,29,0,8,8,131,43
20260808,B_r12,234,44,1387,611,732,582,121,2,27,0,8,11,131,43
20260808,B_r12,235,44,1393,612,737,585,123,2,25,0,9,10,111,40
20260808,B_r12,236,46,1401,614,741,588,124,3,23,0,9,8,111,40
20260808,B_r12,237,49,1408,616,743,589,123,4,23,0,9,8,111,40
20260808,B_r12,238,51,1413,616,746,591,125,2,23,0,9,9,111,40
20260808,B_r12,239,53,1419,617,749,592,125,1,24,0,9,10,111,40
20260808,B_r12,240,48,1423,621,754,594,123,5,22,0,8,9,131,43
20260808,B_r12,241,42,1428,627,759,597,120,10,20,0,8,9,131,43
20260808,B_r12,242,46,1436,630,760,598,118,9,23,0,10,8,131,43
20260808,B_r12,243,42,1440,632,766,600,118,5,27,0,10,7,131,43
20260808,B_r12,244,39,1444,633,772,600,117,3,30,0,9,6,131,43
20260808,B_r12,245,36,1448,635,777,602,117,3,30,0,7,7,131,43
20260808,B_r12,246,32,1454,638,784,602,114,5,31,0,9,6,131,43
20260808,B_r12,247,32,1459,639,788,607,118,4,28,0,8,6,131,43
20260808,B_r12,248,33,1467,641,793,608,117,3,30,0,9,5,131,43
20260808,B_r12,249,31,1474,644,799,608,114,5,31,0,7,6,131,43
20260808,B_r12,250,35,1480,646,799,609,113,5,32,0,8,7,131,43
20260808,B_r12,251,37,1487,651,799,611,110,7,33,0,8,7,131,43
20260808,B_r12,252,44,1495,652,799,614,112,6,32,0,8,8,131,43
20260808,B_r12,253,43,1499,655,801,618,113,4,33,0,8,8,131,43
20260808,B_r12,254,46,1507,657,804,620,113,5,32,0,9,8,131,43
20260808,B_r12,255,48,1512,658,806,625,117,3,30,0,9,8,122,43
20260808,B_r12,256,53,1520,658,809,626,118,1,31,0,9,10,122,43
20260808,B_r12,257,52,1526,662,812,630,118,4,28,0,9,10,122,43
20260808,B_r12,258,49,1530,664,817,633,119,6,25,0,9,10,122,43
20260808,B_r12,259,47,1536,666,823,634,118,4,28,0,9,10,122,43
20260808,B_r12,260,49,1542,667,826,638,121,3,26,0,8,11,131,43
20260808,B_r12,261,50,1549,670,829,639,119,4,27,0,8,13,131,43
20260808,B_r12,262,49,1554,672,833,642,120,5,25,0,8,13,131,43
20260808,B_r12,263,51,1561,675,835,644,119,5,26,0,8,12,131,43
20260808,B_r12,264,51,1567,677,839,644,117,5,28,0,9,12,131,43
20260808,B_r12,265,47,1572,681,844,645,114,6,30,0,9,12,131,43
20260808,B_r12,266,44,1577,683,850,649,116,6,28,0,9,14,131,43
20260808,B_r12,267,43,1582,685,854,649,114,4,32,0,9,11,131,43
20260808,B_r12,268,43,1587,686,858,649,113,3,34,0,8,10,131,43
20260808,B_r12,269,44,1593,689,860,651,112,4,34,0,8,8,131,43
20260808,B_r12,270,41,1599,693,865,654,111,7,32,0,9,8,131,43
20260808,B_r12,271,40,1605,695,870,656,111,6,33,0,9,8,131,43
20260808,B_r12,272,38,1609,698,873,657,109,5,36,0,9,7,131,43
20260808,B_r12,273,37,1616,702,877,658,106,7,37,0,8,6,131,43
20260808,B_r12,274,34,1620,706,880,660,104,8,38,0,8,6,131,43
20260808,B_r12,275,35,1626,710,881,661,101,8,41,0,9,4,131,43
20260808,B_r12,276,34,1630,711,885,665,104,5,41,0,10,4,131,43
20260808,B_r12,277,34,1636,713,889,670,107,3,40,0,11,5,131,43
20260808,B_r12,278,33,1641,716,892,672,106,5,39,0,9,6,131,43
20260808,B_r12,279,33,1648,718,897,674,106,5,39,0,9,7,131,43
20260808,B_r12,280,36,1654,720,898,675,105,4,41,0,9,7,131,43
20260808,B_r12,281,41,1661,720,900,678,108,2,40,0,9,7,131,43
20260808,B_r12,282,47,1668,720,901,680,110,0,40,0,9,8,131,43
20260808,B_r12,283,48,1674,723,903,680,107,3,40,0,9,8,131,43
20260808,B_r12,284,53,1682,726,903,684,108,6,36,0,8,9,131,43
20260808,B_r12,285,52,1690,732,906,685,103,9,38,0,8,11,121,40
20260808,B_r12,286,54,1697,734,909,690,106,8,36,0,8,10,121,40
20260808,B_r12,287,56,1704,735,913,693,108,3,39,0,8,11,121,40
20260808,B_r12,288,58,1711,737,916,700,113,3,34,0,8,11,121,40
20260808,B_r12,289,59,1718,738,921,701,113,3,34,0,8,12,121,40
20260808,B_r12,290,60,1725,740,925,705,115,3,32,0,8,13,126,43
20260808,B_r12,291,59,1733,742,932,706,114,4,32,0,9,12,126,43
20260808,B_r12,292,54,1740,747,939,710,113,7,30,0,9,11,126,43
20260808,B_r12,293,54,1745,749,942,711,112,7,31,0,9,10,126,43
20260808,B_r12,294,52,1751,752,947,713,111,5,34,0,9,9,126,43
20260808,B_r12,295,53,1756,752,951,714,112,3,35,0,9,8,131,43
20260808,B_r12,296,55,1762,753,954,718,115,1,34,0,9,9,131,43
20260808,B_r12,297,55,1770,756,959,720,114,4,32,0,9,12,131,43
20260808,B_r12,298,54,1775,757,964,724,117,4,29,0,9,12,131,43
20260808,B_r12,299,50,1779,761,968,724,113,5,32,0,9,10,131,43
20260808,B_r12,300,45,1785,766,974,726,110,9,31,0,9,9,131,43
20260808,B_r12,301,43,1793,772,978,729,107,11,32,0,8,9,131,43
20260808,B_r12,302,41,1798,775,982,735,110,9,31,0,8,8,131,43
20260808,B_r12,303,41,1802,775,986,736,111,3,36,0,11,8,131,43
20260808,B_r12,304,38,1807,778,991,740,112,3,35,0,10,8,131,43
20260808,B_r12,305,36,1811,779,996,741,112,4,34,0,10,6,131,43
20260808,B_r12,306,34,1816,780,1002,743,113,2,35,0,7,5,131,43
20260808,B_r12,307,35,1824,781,1008,744,113,2,35,0,8,6,131,43
20260808,B_r12,308,34,1829,784,1011,745,111,4,35,0,8,6,131,43
20260808,B_r12,309,37,1836,785,1014,746,111,4,35,0,9,5,131,43
20260808,B_r12,310,41,1840,785,1014,747,112,1,37,0,9,6,131,43
20260808,B_r12,311,44,1845,787,1014,748,111,2,37,0,9,7,131,43
20260808,B_r12,312,47,1852,788,1017,750,112,3,35,0,9,9,131,43
20260808,B_r12,313,50,1860,792,1018,754,112,5,33,0,9,9,131,43
20260808,B_r12,314,52,1866,793,1021,755,112,5,33,0,9,9,131,43
20260808,B_r12,315,52,1870,797,1021,762,115,5,30,0,9,9,131,43
20260808,B_r12,316,54,1876,798,1024,763,115,5,30,0,9,10,131,43
20260808,B_r12,317,50,1880,799,1031,766,117,2,31,0,9,9,131,43
20260808,B_r12,318,52,1888,802,1034,770,118,4,28,0,9,9,131,43
20260808,B_r12,319,51,1894,804,1039,771,117,5,28,0,9,8,131,43
20260808,B_r12,320,53,1902,806,1043,773,117,4,29,0,9,9,131,43
20260808,B_r12,321,51,1908,810,1047,778,118,6,26,0,9,8,131,43
20260808,B_r12,322,52,1915,813,1050,781,118,7,25,0,9,8,131,43
20260808,B_r12,323,51,1921,814,1056,781,117,4,29,0,9,8,131,43
20260808,B_r12,324,51,1928,819,1058,782,113,6,31,0,9,8,131,43
20260808,B_r12,325,51,1933,823,1059,785,112,9,29,0,9,9,131,43
20260808,B_r12,326,51,1940,824,1065,786,112,5,33,0,9,9,131,43
20260808,B_r12,327,50,1945,826,1069,789,113,3,34,0,9,8,131,43
20260808,B_r12,328,49,1951,827,1075,789,112,3,35,0,9,8,131,43
20260808,B_r12,329,48,1956,829,1079,792,113,3,34,0,9,10,131,43
20260808,B_r12,330,43,1961,834,1084,796,112,7,31,0,9,9,131,43
20260808,B_r12,331,41,1966,835,1090,799,114,6,30,0,9,8,131,43
20260808,B_r12,332,39,1971,836,1096,802,116,2,32,0,10,6,131,43
20260808,B_r12,333,39,1977,836,1102,804,118,1,31,0,11,6,131,43
20260808,B_r12,334,39,1981,837,1105,807,120,1,29,0,11,6,131,43
20260808,B_r12,335,40,1986,838,1108,809,121,2,27,0,12,5,121,40
20260808,B_r12,336,37,1990,839,1114,810,121,2,27,0,12,4,121,40
20260808,B_r12,337,38,1997,842,1117,813,121,4,25,0,12,6,121,40
20260808,B_r12,338,36,2002,844,1122,815,121,5,24,0,9,6,121,40
20260808,B_r12,339,38,2010,846,1126,816,120,4,26,0,9,7,121,40
20260808,B_r12,340,43,2016,847,1126,817,120,3,27,0,9,7,131,43
20260808,B_r12,341,45,2021,849,1127,820,121,3,26,0,9,8,131,43
20260808,B_r12,342,47,2029,853,1129,822,119,6,25,0,9,9,131,43
20260808,B_r12,343,46,2035,858,1131,824,116,9,25,0,9,9,131,43
20260808,B_r12,344,46,2039,860,1133,827,117,7,26,0,9,9,131,43
20260808,B_r12,345,42,2043,864,1137,828,114,6,30,0,9,7,131,43
20260808,B_r12,346,43,2049,867,1139,831,114,7,29,0,9,8,131,43
20260808,B_r12,347,45,2057,868,1144,833,115,4,31,0,9,8,131,43
20260808,B_r12,348,50,2065,868,1147,835,117,1,32,0,9,10,131,43
20260808,B_r12,349,49,2072,872,1151,835,113,4,33,0,9,11,131,43
20260808,B_r12,350,51,2078,872,1155,835,113,4,33,0,9,11,131,43
20260808,B_r12,351,50,2082,874,1158,836,112,2,36,0,8,10,131,43
20260808,B_r12,352,45,2087,880,1162,837,107,8,35,0,8,9,131,43
20260808,B_r12,353,47,2093,883,1163,838,105,9,36,0,8,9,131,43
20260808,B_r12,354,50,2101,885,1166,841,106,5,39,0,8,8,131,43
20260808,B_r12,355,54,2108,887,1167,845,108,4,38,0,8,9,131,43
20260808,B_r12,356,55,2114,891,1168,846,105,6,39,0,9,9,131,43
20260808,B_r12,357,49,2119,897,1173,849,102,10,38,0,9,9,131,43
20260808,B_r12,358,47,2123,898,1178,851,103,7,40,0,9,9,131,43
20260808,B_r12,359,43,2128,903,1182,854,101,6,43,0,8,8,131,43
20260808,B_r12,360,42,2134,905,1187,858,103,7,40,0,8,6,126,43
20260808,B_r12,361,40,2138,908,1190,862,104,5,41,0,11,5,126,43
20260808,B_r12,362,41,2146,912,1193,864,102,7,41,0,13,5,126,43
20260808,B_r12,363,44,2152,914,1194,866,102,6,42,0,15,5,126,43
20260808,B_r12,364,42,2159,915,1202,869,104,3,43,0,13,4,126,43
20260808,B_r12,365,41,2164,916,1207,871,105,2,43,0,12,5,131,43
20260808,B_r12,366,39,2169,918,1212,873,105,3,42,0,10,6,131,43
20260808,B_r12,367,41,2175,920,1214,878,108,4,38,0,9,6,131,43
20260808,B_r12,368,44,2181,921,1216,880,109,3,38,0,8,7,131,43
20260808,B_r12,369,48,2189,923,1218,884,111,3,36,0,9,8,131,43
20260808,B_r12,370,50,2194,925,1219,885,110,4,36,0,9,8,131,43
20260808,B_r12,371,53,2201,926,1222,890,114,3,33,0,9,8,131,43
20260808,B_r12,372,53,2209,929,1227,898,119,4,27,0,9,9,131,43
20260808,B_r12,373,55,2216,931,1230,902,121,5,24,0,9,9,131,43
20260808,B_r12,374,55,2221,931,1235,905,124,2,24,0,9,8,131,43
20260808,B_r12,375,57,2227,932,1238,906,124,1,25,0,9,9,131,43
20260808,B_r12,376,57,2233,935,1241,907,122,4,24,0,9,10,131,43
20260808,B_r12,377,52,2237,938,1247,909,121,6,23,0,9,10,131,43
20260808,B_r12,378,51,2243,940,1252,911,121,5,24,0,9,9,131,43
20260808,B_r12,379,48,2247,942,1257,914,122,4,24,0,9,9,131,43
20260808,B_r12,380,49,2252,942,1261,915,123,2,25,0,9,10,115,42
20260808,B_r12,381,48,2258,943,1267,915,122,1,27,0,9,8,115,42
20260808,B_r12,382,50,2266,945,1271,917,122,3,25,0,9,9,115,42
20260808,B_r12,383,46,2271,948,1277,920,122,5,23,0,8,9,115,42
20260808,B_r12,384,48,2278,949,1281,920,121,4,25,0,8,10,115,42
20260808,B_r12,385,48,2286,953,1285,922,119,5,26,0,9,8,131,43
20260808,B_r12,386,50,2292,957,1285,923,116,8,26,0,9,8,131,43
20260808,B_r12,387,53,2299,959,1287,924,115,6,29,0,9,8,131,43
20260808,B_r12,388,56,2306,961,1289,926,115,4,31,0,9,8,131,43
20260808,B_r12,389,55,2311,965,1291,929,114,6,30,0,9,7,131,43
20260808,B_r12,390,50,2316,972,1294,932,110,11,29,0,9,6,121,40
20260808,B_r12,391,45,2322,980,1297,935,105,15,30,0,9,6,121,40
20260808,B_r12,392,39,2327,985,1303,936,101,13,36,0,9,5,121,40
20260808,B_r12,393,38,2332,989,1305,938,99,9,42,0,9,5,121,40
20260808,B_r12,394,33,2336,994,1309,940,96,9,45,0,10,4,121,40
20260808,B_r12,395,27,2341,999,1315,942,93,10,47,0,7,4,131,43
20260808,B_r12,396,24,2345,1002,1319,942,90,8,52,0,6,4,131,43
20260808,B_r12,397,23,2352,1004,1325,946,92,5,53,0,6,3,131,43
20260808,B_r12,398,19,2356,1006,1331,947,91,4,55,0,5,3,131,43
20260808,B_r12,399,18,2363,1009,1336,948,89,5,56,0,4,4,131,43
20260808,B_r12,400,22,2368,1010,1336,951,91,4,55,0,7,5,131,43
20260808,B_r12,401,25,2373,1012,1336,954,92,3,55,0,6,5,131,43
20260808,B_r12,402,30,2378,1012,1336,956,94,2,54,0,7,7,131,43
20260808,B_r12,403,33,2385,1016,1336,964,98,4,48,0,7,6,131,43
20260808,B_r12,404,39,2393,1018,1336,966,98,6,46,0,8,8,131,43
20260808,B_r12,405,42,2398,1020,1336,972,102,4,44,0,8,10,131,43
20260808,B_r12,406,49,2406,1020,1337,973,103,2,45,0,9,11,131,43
20260808,B_r12,407,51,2411,1022,1338,977,105,2,43,0,9,10,131,43
20260808,B_r12,408,52,2417,1023,1342,980,107,3,40,0,9,10,131,43
20260808,B_r12,409,52,2421,1023,1346,983,110,1,39,0,9,10,131,43
20260808,B_r12,410,50,2426,1025,1351,988,113,2,35,0,9,10,131,43
20260808,B_r12,411,51,2433,1030,1352,994,114,7,29,0,9,11,131,43
20260808,B_r12,412,53,2440,1032,1355,999,117,7,26,0,9,13,131,43
20260808,B_r12,413,52,2444,1035,1357,1003,118,5,27,0,9,11,131,43
20260808,B_r12,414,53,2452,1035,1364,1008,123,3,24,0,8,12,131,43
20260808,B_r12,415,51,2457,1037,1369,1010,123,2,25,0,8,11,131,43
20260808,B_r12,416,51,2465,1040,1374,1011,121,5,24,0,8,9,131,43
20260808,B_r12,417,51,2469,1041,1377,1015,124,4,22,0,9,9,131,43
20260808,B_r12,418,52,2475,1043,1380,1017,124,3,23,0,9,11,131,43
20260808,B_r12,419,56,2483,1044,1383,1017,123,3,24,0,9,10,131,43
20260808,B_r12,420,53,2490,1051,1386,1018,117,8,25,0,9,10,131,43
20260808,B_r12,421,46,2498,1060,1392,1021,111,16,23,0,9,9,131,43
20260808,B_r12,422,44,2503,1060,1399,1023,113,9,28,0,10,7,131,43
20260808,B_r12,423,46,2510,1062,1402,1024,112,2,36,0,11,6,131,43
20260808,B_r12,424,43,2516,1063,1410,1024,111,3,36,0,12,5,131,43
20260808,B_r12,425,41,2522,1067,1414,1027,110,5,35,0,13,4,131,43
20260808,B_r12,426,41,2530,1068,1421,1031,113,5,32,0,15,4,131,43
20260808,B_r12,427,36,2534,1075,1423,1033,108,8,34,0,13,4,131,43
20260808,B_r12,428,34,2539,1076,1429,1033,107,8,35,0,11,4,131,43
20260808,B_r12,429,26,2543,1080,1437,1036,106,5,39,0,8,4,131,43
20260808,B_r12,430,33,2551,1081,1437,1039,108,5,37,0,9,6,131,43
20260808,B_r12,431,36,2557,1084,1437,1039,105,4,41,0,9,6,131,43
20260808,B_r12,432,41,2564,1086,1437,1042,106,5,39,0,9,8,131,43
20260808,B_r12,433,45,2571,1088,1438,1042,104,4,42,0,9,7,131,43
20260808,B_r12,434,43,2575,1091,1441,1045,104,5,41,0,9,8,131,43
20260808,B_r12,435,41,2579,1094,1444,1047,103,6,41,0,9,8,131,43
20260808,B_r12,436,36,2583,1097,1450,1050,103,6,41,0,8,7,131,43
20260808,B_r12,437,43,2590,1097,1450,1054,107,3,40,0,9,8,131,43
20260808,B_r12,438,47,2598,1098,1453,1055,107,1,42,0,9,8,131,43
20260808,B_r12,439,49,2602,1098,1455,1057,109,1,40,0,9,8,131,43
20260808,B_r12,440,50,2610,1099,1461,1058,109,1,40,0,9,9,131,43
20260808,B_r12,441,51,2617,1102,1464,1065,113,4,33,0,9,12,131,43
20260808,B_r12,442,50,2622,1104,1468,1066,112,5,33,0,9,11,131,43
20260808,B_r12,443,48,2629,1108,1473,1072,114,6,30,0,9,8,131,43
20260808,B_r12,444,53,2637,1110,1474,1073,113,6,31,0,9,9,131,43
20260808,B_r12,445,53,2641,1113,1475,1073,110,5,35,0,9,10,121,40
20260808,B_r12,446,55,2648,1117,1476,1076,109,7,34,0,9,11,121,40
20260808,B_r12,447,51,2652,1118,1483,1081,113,5,32,0,8,11,121,40
20260808,B_r12,448,49,2660,1124,1487,1088,114,7,29,0,9,10,121,40
20260808,B_r12,449,52,2667,1126,1489,1091,115,8,27,0,9,10,121,40
20260808,B_r12,450,50,2674,1129,1495,1091,112,5,33,0,11,9,131,43
20260808,B_r12,451,48,2680,1131,1501,1092,111,5,34,0,10,6,131,43
20260808,B_r12,452,48,2686,1133,1505,1092,109,4,37,0,11,6,131,43
20260808,B_r12,453,45,2690,1137,1508,1096,109,6,35,0,11,5,131,43
20260808,B_r12,454,43,2695,1138,1514,1098,110,5,35,0,12,6,131,43
20260808,B_r12,455,45,2701,1140,1516,1101,111,3,36,0,13,7,131,43
20260808,B_r12,456,45,2708,1142,1521,1104,112,4,34,0,12,7,131,43
20260808,B_r12,457,49,2715,1143,1523,1106,113,3,34,0,11,8,131,43
20260808,B_r12,458,50,2723,1145,1528,1108,113,3,34,0,8,10,131,43
20260808,B_r12,459,50,2730,1146,1534,1110,114,3,33,0,7,12,131,43
20260808,B_r12,460,51,2735,1148,1536,1110,112,3,35,0,8,13,131,43
20260808,B_r12,461,52,2742,1149,1541,1110,111,3,36,0,9,12,131,43
20260808,B_r12,462,51,2746,1149,1546,1112,113,1,36,0,9,11,131,43
20260808,B_r12,463,53,2752,1150,1549,1114,114,1,35,0,9,10,131,43
20260808,B_r12,464,55,2759,1150,1554,1116,116,1,33,0,8,9,131,43
20260808,B_r12,465,58,2767,1152,1557,1121,119,2,29,0,8,11,131,43
20260808,B_r12,466,58,2774,1154,1562,1127,123,4,23,0,9,13,131,43
20260808,B_r12,467,56,2782,1160,1566,1131,121,8,21,0,9,13,131,43
20260808,B_r12,468,54,2788,1160,1574,1133,123,6,21,0,9,10,131,43
20260808,B_r12,469,52,2793,1161,1580,1134,123,1,26,0,9,11,131,43
20260808,B_r12,470,52,2799,1163,1584,1137,124,3,23,0,9,14,131,43
20260808,B_r12,471,54,2807,1164,1589,1137,123,3,24,0,9,15,131,43
20260808,B_r12,472,55,2814,1167,1592,1141,124,4,22,0,9,15,131,43
20260808,B_r12,473,56,2820,1169,1595,1142,123,5,22,0,8,15,131,43
20260808,B_r12,474,54,2824,1172,1598,1143,121,5,24,0,8,14,131,43
20260808,B_r12,475,52,2828,1174,1602,1144,120,5,25,0,9,17,131,43
20260808,B_r12,476,50,2833,1176,1607,1145,119,4,27,0,9,16,131,43
20260808,B_r12,477,51,2840,1180,1609,1145,115,6,29,0,9,16,131,43
20260808,B_r12,478,52,2847,1183,1612,1148,115,7,28,0,9,15,131,43
20260808,B_r12,479,50,2851,1186,1615,1149,113,6,31,0,9,13,131,43
20260808,B_r12,480,43,2855,1192,1620,1149,107,9,34,0,9,10,131,43
20260808,B_r12,481,40,2860,1196,1624,1154,108,10,32,0,9,8,131,43
20260808,B_r12,482,35,2868,1203,1630,1156,103,11,36,0,9,7,131,43
20260808,B_r12,483,32,2874,1206,1636,1158,102,10,38,0,7,6,131,43
20260808,B_r12,484,35,2881,1207,1639,1158,101,4,45,0,10,6,131,43
20260808,B_r12,485,33,2886,1210,1643,1162,102,4,44,0,10,6,131,43
20260808,B_r12,486,34,2894,1214,1646,1166,102,7,41,0,9,4,131,43
20260808,B_r12,487,32,2898,1215,1651,1168,103,5,42,0,9,5,131,43
20260808,B_r12,488,29,2902,1216,1657,1168,102,2,46,0,7,6,131,43
20260808,B_r12,489,33,2910,1217,1660,1170,103,2,45,0,9,7,131,43
20260808,B_r12,490,36,2916,1220,1660,1175,105,4,41,0,9,7,126,43
20260808,B_r12,491,40,2921,1221,1660,1176,105,4,41,0,9,8,126,43
20260808,B_r12,492,44,2927,1223,1660,1177,104,3,43,0,9,8,126,43
20260808,B_r12,493,46,2932,1225,1661,1178,103,4,43,0,9,8,126,43
20260808,B_r12,494,44,2936,1229,1663,1182,103,6,41,0,9,7,126,43
20260808,B_r12,495,46,2943,1231,1666,1186,105,6,39,0,9,7,131,43
20260808,B_r12,496,45,2950,1235,1670,1189,104,6,40,0,9,7,131,43
20260808,B_r12,497,44,2954,1239,1671,1192,103,8,39,0,9,7,131,43
20260808,B_r12,498,43,2959,1243,1673,1194,101,8,41,0,9,7,131,43
20260808,B_r12,499,42,2965,1243,1680,1199,106,4,40,0,9,7,131,43
20260808,B_r12,500,43,2972,1245,1684,1203,108,2,40,0,9,8,131,43
20260808,B_r12,501,45,2980,1247,1688,1207,110,4,36,0,9,7,131,43
20260808,B_r12,502,44,2985,1249,1692,1207,108,4,38,0,8,8,131,43
20260808,B_r12,503,44,2990,1250,1696,1210,110,3,37,0,8,10,131,43
20260808,B_r12,504,44,2996,1255,1697,1213,108,6,36,0,8,10,131,43
20260808,B_r12,505,42,3001,1257,1702,1215,108,7,35,0,8,10,131,43
20260808,B_r12,506,43,3008,1260,1705,1218,108,5,37,0,8,12,131,43
20260808,B_r12,507,45,3015,1264,1706,1222,108,7,35,0,8,11,131,43
20260808,B_r12,508,48,3022,1266,1708,1223,107,6,37,0,9,10,131,43
20260808,B_r12,509,48,3028,1267,1713,1226,109,3,38,0,9,10,131,43
20260808,B_r12,510,42,3033,1272,1719,1226,104,6,40,0,8,9,131,43
20260808,B_r12,511,37,3039,1276,1726,1229,103,9,38,0,7,7,131,43
20260808,B_r12,512,37,3044,1278,1729,1236,108,6,36,0,8,7,131,43
20260808,B_r12,513,37,3052,1281,1734,1237,106,5,39,0,12,5,131,43
20260808,B_r12,514,38,3057,1284,1735,1240,106,6,38,0,12,5,131,43
20260808,B_r12,515,37,3061,1286,1738,1241,105,5,40,0,14,5,131,43
20260808,B_r12,516,33,3066,1289,1744,1242,103,5,42,0,12,5,131,43
20260808,B_r12,517,36,3073,1290,1747,1244,104,4,42,0,11,5,131,43
20260808,B_r12,518,36,3080,1293,1751,1249,106,4,40,0,9,6,131,43
20260808,B_r12,519,36,3086,1295,1755,1251,106,5,39,0,8,8,131,43
20260808,B_r12,520,40,3093,1298,1755,1251,103,5,42,0,9,9,101,38
20260808,B_r12,521,45,3101,1300,1756,1255,105,5,40,0,9,10,101,38
20260808,B_r12,522,49,3106,1300,1757,1258,108,2,40,0,9,10,101,38
20260808,B_r12,523,49,3111,1300,1762,1260,110,0,40,0,9,11,101,38
20260808,B_r12,524,46,3115,1303,1766,1263,110,3,37,0,9,9,101,38
20260808,B_r12,525,49,3122,1305,1768,1269,114,5,31,0,9,9,126,43
20260808,B_r12,526,49,3126,1307,1770,1272,115,4,31,0,9,10,126,43
20260808,B_r12,527,47,3133,1310,1776,1275,115,5,30,0,9,11,126,43
20260808,B_r12,528,47,3139,1310,1782,1278,118,3,29,0,8,12,126,43
20260808,B_r12,529,48,3145,1311,1786,1281,120,1,29,0,8,12,126,43
20260808,B_r12,530,50,3153,1314,1789,1285,121,4,25,0,8,12,131,43
20260808,B_r12,531,51,3161,1315,1795,1287,122,4,24,0,8,11,131,43
20260808,B_r12,532,53,3168,1316,1799,1289,123,2,25,0,9,9,131,43
20260808,B_r12,533,53,3175,1320,1802,1292,122,5,23,0,9,8,131,43
20260808,B_r12,534,57,3182,1321,1804,1292,121,5,24,0,9,10,131,43
20260808,B_r12,535,57,3186,1321,1808,1293,122,1,27,0,9,10,131,43
20260808,B_r12,536,60,3194,1322,1812,1296,124,1,25,0,9,10,131,43
20260808,B_r12,537,62,3200,1323,1815,1298,125,2,23,0,9,10,131,43
20260808,B_r12,538,59,3204,1324,1821,1299,125,2,23,0,9,10,131,43
20260808,B_r12,539,58,3211,1327,1826,1300,123,4,23,0,9,9,131,43
20260808,B_r12,540,52,3217,1334,1831,1302,118,10,22,0,10,8,131,43
20260808,B_r12,541,49,3221,1336,1836,1305,119,9,22,0,10,8,131,43
20260808,B_r12,542,43,3225,1339,1843,1308,119,5,26,0,10,6,131,43
20260808,B_r12,543,44,3233,1340,1849,1309,119,4,27,0,11,5,131,43
20260808,B_r12,544,41,3240,1344,1855,1311,117,5,28,0,11,5,131,43
20260808,B_r12,545,43,3247,1346,1858,1314,118,6,26,0,12,5,131,43
20260808,B_r12,546,43,3254,1346,1865,1314,118,2,30,0,12,6,131,43
20260808,B_r12,547,41,3260,1348,1871,1316,118,2,30,0,11,6,131,43
20260808,B_r12,548,43,3267,1351,1873,1320,119,5,26,0,9,7,131,43
20260808,B_r12,549,42,3273,1353,1878,1320,117,5,28,0,9,7,131,43
20260808,B_r12,550,46,3279,1354,1879,1321,117,3,30,0,9,7,126,43
20260808,B_r12,551,48,3283,1354,1881,1321,117,1,32,0,9,7,126,43
20260808,B_r12,552,52,3291,1358,1881,1322,114,4,32,0,9,10,126,43
20260808,B_r12,553,52,3298,1358,1888,1325,117,4,29,0,9,9,126,43
20260808,B_r12,554,51,3302,1360,1891,1326,116,2,32,0,9,9,126,43
20260808,B_r12,555,49,3309,1364,1896,1328,114,6,30,0,9,8,131,43
20260808,B_r12,556,46,3315,1369,1900,1330,111,9,30,0,8,8,131,43
20260808,B_r12,557,48,3322,1371,1903,1333,112,7,31,0,8,8,131,43
20260808,B_r12,558,49,3329,1372,1908,1333,111,3,36,0,9,9,131,43
20260808,B_r12,559,49,3334,1374,1911,1337,113,3,34,0,9,9,131,43
20260808,B_r12,560,52,3342,1374,1916,1340,116,2,32,0,9,11,131,43
20260808,B_r12,561,51,3348,1377,1920,1343,116,3,31,0,9,10,131,43
20260808,B_r12,562,51,3356,1381,1924,1346,115,7,28,0,8,10,131,43
20260808,B_r12,563,47,3361,1386,1928,1346,110,9,31,0,8,9,131,43
20260808,B_r12,564,49,3369,1388,1932,1347,109,7,34,0,8,10,131,43
20260808,B_r12,565,50,3377,1390,1937,1347,107,4,39,0,9,10,131,43
20260808,B_r12,566,48,3382,1394,1940,1351,107,6,37,0,9,9,131,43
20260808,B_r12,567,42,3387,1401,1944,1353,102,11,37,0,8,8,131,43
20260808,B_r12,568,39,3391,1406,1946,1357,101,12,37,0,8,9,131,43
20260808,B_r12,569,40,3397,1408,1949,1358,100,7,43,0,9,7,131,43
20260808,B_r12,570,36,3402,1415,1951,1360,95,9,46,0,8,7,121,43
20260808,B_r12,571,36,3409,1419,1954,1360,91,11,48,0,7,7,121,43
20260808,B_r12,572,36,3415,1420,1959,1364,94,5,51,0,8,6,121,43
20260808,B_r12,573,37,3419,1422,1960,1365,93,3,54,0,8,6,121,43
20260808,B_r12,574,37,3426,1425,1964,1369,94,5,51,0,9,6,121,43
20260808,B_r12,575,36,3432,1427,1969,1370,93,5,52,0,10,5,131,43
20260808,B_r12,576,38,3440,1429,1973,1371,92,4,54,0,11,6,131,43
20260808,B_r12,577,33,3444,1435,1976,1376,91,8,51,0,9,6,131,43
20260808,B_r12,578,32,3448,1437,1979,1381,94,8,48,0,7,8,131,43
20260808,B_r12,579,28,3452,1440,1984,1383,93,5,52,0,7,7,131,43
20260808,B_r12,580,31,3457,1442,1984,1385,93,5,52,0,8,7,131,43
20260808,B_r12,581,38,3464,1442,1984,1392,100,2,48,0,9,7,131,43
20260808,B_r12,582,36,3468,1444,1988,1395,101,2,47,0,8,6,131,43
20260808,B_r12,583,40,3476,1446,1990,1398,102,4,44,0,8,6,131,43
20260808,B_r12,584,44,3483,1447,1992,1399,102,3,45,0,9,7,131,43
20260808,B_r12,585,39,3487,1452,1996,1403,101,6,43,0,9,6,131,43
20260808,B_r12,586,37,3492,1455,2000,1407,102,8,40,0,9,6,131,43
20260808,B_r12,587,42,3499,1457,2000,1413,106,5,39,0,9,7,131,43
20260808,B_r12,588,45,3507,1459,2003,1417,108,4,38,0,9,8,131,43
20260808,B_r12,589,47,3513,1460,2006,1418,108,3,39,0,9,8,131,43
20260808,B_r12,590,52,3521,1461,2008,1421,110,2,38,0,9,8,131,43
20260808,B_r12,591,52,3529,1462,2015,1423,111,2,37,0,9,8,131,43
20260808,B_r12,592,52,3533,1463,2018,1428,115,2,33,0,9,9,131,43
20260808,B_r12,593,53,3541,1465,2023,1431,116,3,31,0,9,9,131,43
20260808,B_r12,594,51,3548,1469,2028,1436,117,6,27,0,9,10,131,43
20260808,B_r12,595,49,3552,1473,2030,1439,116,8,26,0,8,9,131,43
20260808,B_r12,596,52,3559,1474,2033,1441,117,5,28,0,8,11,131,43
20260808,B_r12,597,55,3567,1476,2036,1445,119,3,28,0,9,11,131,43
20260808,B_r12,598,56,3574,1477,2041,1445,118,3,29,0,9,12,131,43
20260808,B_r12,599,55,3579,1479,2045,1445,116,3,31,0,9,12,131,43
20260808,B_r12,600,48,3584,1485,2051,1449,114,8,28,0,9,11,121,40
20260808,C_surge,1,11,12,1,0,0,96,1,0,3,3,2,131,43
20260808,C_surge,2,26,28,2,0,0,88,2,0,10,8,4,131,43
20260808,C_surge,3,43,48,5,0,0,88,4,1,7,7,10,131,43
20260808,C_surge,4,47,60,13,0,0,86,11,2,1,9,8,131,43
20260808,C_surge,5,59,79,20,0,0,79,15,5,1,9,11,131,43
20260808,C_surge,6,74,97,23,0,0,77,10,13,0,9,12,131,43
20260808,C_surge,7,88,113,25,0,0,73,5,20,2,9,14,131,43
20260808,C_surge,8,105,133,28,0,0,70,5,23,2,9,18,131,43
20260808,C_surge,9,118,153,35,0,0,64,10,25,1,9,20,131,43
20260808,C_surge,10,134,170,36,0,0,63,8,28,1,9,21,131,43
20260808,C_surge,11,152,190,38,0,0,62,3,35,0,9,22,131,43
20260808,C_surge,12,162,202,40,0,0,60,4,36,0,9,23,131,43
20260808,C_surge,13,177,219,41,1,0,59,3,38,0,9,25,131,43
20260808,C_surge,14,182,235,43,10,2,59,3,38,0,9,27,131,43
20260808,C_surge,15,178,255,47,30,2,55,6,39,0,9,31,131,43
20260808,C_surge,16,181,272,50,41,3,53,7,40,0,9,29,131,43
20260808,C_surge,17,183,290,53,54,6,53,6,41,0,9,28,131,43
20260808,C_surge,18,184,306,53,69,7,54,3,43,0,9,28,131,43
20260808,C_surge,19,188,326,55,83,9,54,2,44,0,9,30,131,43
20260808,C_surge,20,185,341,56,100,11,54,3,42,1,9,32,121,40
20260808,C_surge,21,186,358,57,115,14,56,2,41,1,9,31,121,40
20260808,C_surge,22,189,377,60,128,19,57,4,37,2,9,31,121,40
20260808,C_surge,23,186,394,61,147,24,61,4,33,2,9,29,121,40
20260808,C_surge,24,187,406,63,156,26,63,3,34,0,9,28,121,40
20260808,C_surge,25,186,423,65,172,30,65,4,31,0,9,28,126,43
20260808,C_surge,26,184,437,67,186,35,68,4,28,0,9,29,126,43
20260808,C_surge,27,178,451,70,203,38,68,5,27,0,9,24,126,43
20260808,C_surge,28,178,465,70,217,40,70,3,27,0,9,27,126,43
20260808,C_surge,29,179,484,73,232,44,71,3,26,0,9,28,126,43
20260808,C_surge,30,171,496,78,247,45,65,8,25,2,11,26,131,43
20260808,C_surge,31,165,511,81,265,48,55,8,25,12,14,24,131,43
20260808,C_surge,32,163,525,85,277,50,55,7,28,10,18,22,131,43
20260808,C_surge,33,158,544,97,289,53,55,16,28,1,18,20,131,43
20260808,C_surge,34,157,561,99,305,54,53,14,31,2,18,18,131,43
20260808,C_surge,35,157,578,102,319,56,52,5,41,2,19,16,131,43
20260808,C_surge,36,162,596,104,330,56,51,5,43,1,19,14,131,43
20260808,C_surge,37,159,608,105,344,58,53,3,44,0,19,13,131,43
20260808,C_surge,38,158,620,105,357,59,54,1,45,0,19,14,131,43
20260808,C_surge,39,163,638,106,369,61,54,1,44,1,18,15,131,43
20260808,C_surge,40,170,657,106,381,63,56,1,42,1,15,19,131,43
20260808,C_surge,41,164,672,109,399,65,56,3,41,0,10,21,131,43
20260808,C_surge,42,181,692,112,399,65,53,6,41,0,10,24,131,43
20260808,C_surge,43,185,709,115,409,73,57,6,36,1,9,26,131,43
20260808,C_surge,44,182,722,117,423,75,57,5,37,1,9,25,131,43
20260808,C_surge,45,171,734,123,440,82,58,8,33,1,9,23,131,43
20260808,C_surge,46,171,750,126,453,86,59,9,31,1,9,24,131,43
20260808,C_surge,47,169,769,132,468,88,55,9,35,1,9,23,131,43
20260808,C_surge,48,166,786,135,485,92,56,9,34,1,9,20,131,43
20260808,C_surge,49,168,802,138,496,92,54,6,40,0,9,24,131,43
20260808,C_surge,50,169,817,140,508,93,53,5,42,0,9,26,126,43
20260808,C_surge,51,162,831,144,525,94,49,6,44,1,9,23,126,43
20260808,C_surge,52,154,843,146,543,97,50,6,43,1,9,19,126,43
20260808,C_surge,53,155,861,151,555,102,50,7,42,1,9,19,126,43
20260808,C_surge,54,158,879,152,569,105,52,6,41,1,9,19,126,43
20260808,C_surge,55,158,896,155,583,106,51,4,45,0,9,19,131,43
20260808,C_surge,56,163,914,157,594,108,51,5,44,0,9,21,131,43
20260808,C_surge,57,165,927,160,602,113,53,5,42,0,9,22,131,43
20260808,C_surge,58,160,939,162,617,114,51,5,43,1,9,21,131,43
20260808,C_surge,59,163,957,165,629,116,50,5,44,1,9,20,131,43
20260808,C_surge,60,163,971,168,640,123,52,6,39,3,11,19,131,43
20260808,C_surge,61,168,991,170,653,126,53,5,39,3,17,19,131,43
20260808,C_surge,62,173,1010,174,663,126,52,6,42,0,18,18,131,43
20260808,C_surge,63,176,1028,178,674,129,51,8,41,0,18,17,131,43
20260808,C_surge,64,181,1048,183,684,133,50,9,41,0,18,15,131,43
20260808,C_surge,65,177,1064,186,701,137,51,8,41,0,18,13,131,43
20260808,C_surge,66,171,1077,190,716,139,48,7,44,1,18,15,131,43
20260808,C_surge,67,168,1094,195,731,142,46,9,44,1,18,16,131,43
20260808,C_surge,68,163,1109,199,747,143,44,9,47,0,18,17,131,43
20260808,C_surge,69,164,1121,199,758,146,46,4,49,1,17,19,131,43
20260808,C_surge,70,173,1141,200,768,148,47,1,51,1,14,21,131,43
20260808,C_surge,71,167,1154,204,783,151,47,5,48,0,9,23,131,43
20260808,C_surge,72,174,1171,206,791,154,48,6,46,0,9,23,131,43
20260808,C_surge,73,170,1185,206,809,158,51,2,46,1,9,21,131,43
20260808,C_surge,74,169,1203,208,826,165,55,2,41,2,9,22,131,43
20260808,C_surge,75,170,1223,212,841,166,51,6,40,3,9,22,131,43
20260808,C_surge,76,162,1235,214,859,167,51,6,41,2,9,22,131,43
20260808,C_surge,77,163,1255,221,871,168,47,9,44,0,9,21,131,43
20260808,C_surge,78,172,1275,224,879,175,51,10,39,0,9,23,131,43
20260808,C_surge,79,172,1287,224,891,179,54,3,42,1,9,23,131,43
20260808,C_surge,80,175,1305,228,902,183,53,4,41,2,9,21,131,43
20260808,C_surge,81,177,1321,231,913,186,53,7,38,2,9,22,131,43
20260808,C_surge,82,173,1337,234,930,187,51,6,41,2,9,22,131,43
20260808,C_surge,83,180,1357,237,940,188,49,6,43,2,9,23,131,43
20260808,C_surge,84,178,1373,240,955,190,49,6,44,1,9,24,131,43
20260808,C_surge,85,175,1386,244,967,195,51,7,42,0,9,23,131,43
20260808,C_surge,86,176,1403,245,982,198,53,5,42,0,9,24,131,43
20260808,C_surge,87,174,1418,246,998,200,54,2,44,0,9,23,131,43
20260808,C_surge,88,175,1434,250,1009,203,52,5,42,1,9,23,131,43
20260808,C_surge,89,177,1453,251,1025,207,55,5,39,1,9,21,131,43
20260808,C_surge,90,175,1471,254,1042,210,54,4,40,2,13,20,131,43
20260808,C_surge,91,178,1488,257,1053,215,55,6,36,3,16,19,131,43
20260808,C_surge,92,178,1506,261,1067,218,55,7,36,2,17,15,131,43
20260808,C_surge,93,177,1523,265,1081,220,54,8,37,1,17,13,131,43
20260808,C_surge,94,178,1541,269,1094,223,53,8,38,1,18,13,131,43
20260808,C_surge,95,178,1561,273,1110,225,51,8,40,1,18,13,131,43
20260808,C_surge,96,177,1580,281,1122,230,47,12,39,2,18,13,131,43
20260808,C_surge,97,177,1592,282,1133,232,47,9,41,3,18,15,131,43
20260808,C_surge,98,174,1609,287,1148,234,46,6,47,1,18,18,131,43
20260808,C_surge,99,174,1625,289,1162,237,47,7,45,1,17,20,131,43
20260808,C_surge,100,177,1644,293,1174,240,46,6,47,1,14,21,121,40
20260808,C_surge,101,177,1664,296,1191,242,46,7,47,0,9,23,121,40
20260808,C_surge,102,180,1679,298,1201,246,47,5,47,1,9,23,121,40
20260808,C_surge,103,184,1698,299,1215,247,46,3,49,2,9,24,121,40
20260808,C_surge,104,181,1711,300,1230,250,48,2,48,2,9,24,121,40
20260808,C_surge,105,183,1728,302,1243,253,49,3,46,2,9,25,131,43
20260808,C_surge,106,183,1748,308,1257,258,49,8,42,1,9,24,131,43
20260808,C_surge,107,187,1768,310,1271,261,51,8,41,0,9,26,131,43
20260808,C_surge,108,185,1781,311,1285,263,51,3,45,1,9,23,131,43
20260808,C_surge,109,189,1797,311,1297,265,53,1,45,1,9,23,131,43
20260808,C_surge,110,191,1817,315,1311,272,56,4,39,1,9,25,131,43
20260808,C_surge,111,194,1837,317,1326,273,55,6,38,1,9,25,131,43
20260808,C_surge,112,192,1852,318,1342,279,60,3,36,1,9,25,131,43
20260808,C_surge,113,182,1864,323,1359,283,59,6,34,1,9,25,131,43
20260808,C_surge,114,186,1883,325,1372,284,57,7,34,2,9,26,131,43
20260808,C_surge,115,189,1902,326,1387,285,57,3,38,2,9,27,131,43
20260808,C_surge,116,185,1914,330,1399,288,58,5,37,0,9,28,131,43
20260808,C_surge,117,188,1933,331,1414,292,61,5,34,0,9,26,131,43
20260808,C_surge,118,186,1951,334,1431,295,61,4,35,0,9,26,131,43
20260808,C_surge,119,182,1967,336,1449,297,59,5,34,2,9,25,131,43
20260808,C_surge,120,182,1982,340,1460,299,52,6,35,7,12,24,131,43
20260808,C_surge,121,179,1996,344,1473,302,53,8,34,5,15,21,131,43
20260808,C_surge,122,174,2014,351,1489,304,52,11,36,1,16,17,131,43
20260808,C_surge,123,173,2030,353,1504,308,54,9,36,1,17,15,131,43
20260808,C_surge,124,174,2047,354,1519,311,57,3,40,0,18,14,131,43
20260808,C_surge,125,177,2061,355,1529,313,55,2,40,3,18,13,121,40
20260808,C_surge,126,178,2079,356,1545,314,55,2,40,3,18,14,121,40
20260808,C_surge,127,175,2097,360,1562,317,55,5,38,2,18,15,121,40
20260808,C_surge,128,176,2111,363,1572,318,51,7,38,4,18,16,121,40
20260808,C_surge,129,173,2130,367,1590,322,51,7,38,4,17,19,121,40
20260808,C_surge,130,169,2145,370,1606,323,51,7,40,2,13,21,131,43
20260808,C_surge,131,165,2157,373,1619,326,52,6,41,1,9,21,131,43
20260808,C_surge,132,180,2174,374,1620,327,52,4,43,1,9,24,131,43
20260808,C_surge,133,184,2191,375,1632,331,55,2,42,1,9,24,131,43
20260808,C_surge,134,179,2204,376,1649,332,55,2,42,1,9,24,131,43
20260808,C_surge,135,177,2217,378,1662,335,57,3,40,0,9,25,131,43
20260808,C_surge,136,175,2234,382,1677,339,56,6,37,1,9,25,131,43
20260808,C_surge,137,175,2250,385,1690,340,53,7,38,2,9,23,131,43
20260808,C_surge,138,171,2264,388,1705,345,56,6,37,1,9,21,131,43
20260808,C_surge,139,167,2280,392,1721,353,60,7,32,1,9,20,131,43
20260808,C_surge,140,171,2298,393,1734,355,61,5,33,1,9,21,131,43
20260808,C_surge,141,171,2315,395,1749,358,62,3,34,1,9,20,131,43
20260808,C_surge,142,170,2328,395,1763,359,63,2,34,1,9,23,131,43
20260808,C_surge,143,172,2346,400,1774,364,64,5,31,0,9,21,131,43
20260808,C_surge,144,171,2361,401,1789,365,64,6,30,0,9,23,131,43
20260808,C_surge,145,173,2379,402,1804,368,65,2,32,1,9,20,131,43
20260808,C_surge,146,171,2391,403,1817,370,66,2,31,1,9,20,131,43
20260808,C_surge,147,169,2405,407,1829,371,63,5,31,1,9,21,131,43
20260808,C_surge,148,169,2421,410,1842,374,63,7,29,1,9,22,131,43
20260808,C_surge,149,171,2438,413,1854,375,62,6,32,0,9,22,131,43
20260808,C_surge,150,167,2452,418,1867,376,56,8,34,2,11,21,131,43
20260808,C_surge,151,166,2467,419,1882,381,55,6,32,7,15,19,131,43
20260808,C_surge,152,164,2486,423,1899,382,53,5,36,6,16,17,131,43
20260808,C_surge,153,164,2506,428,1914,382,53,9,37,1,18,16,131,43
20260808,C_surge,154,165,2521,429,1927,384,55,6,39,0,18,16,131,43
20260808,C_surge,155,170,2540,431,1939,386,54,3,42,1,18,15,126,43
20260808,C_surge,156,167,2553,433,1953,387,52,4,42,2,18,14,126,43
20260808,C_surge,157,161,2565,435,1969,389,53,4,42,1,18,15,126,43
20260808,C_surge,158,163,2582,438,1981,394,56,5,39,0,18,17,126,43
20260808,C_surge,159,164,2601,443,1994,396,52,8,39,1,18,18,126,43
20260808,C_surge,160,167,2619,445,2007,398,50,7,40,3,13,20,131,43
20260808,C_surge,161,168,2636,447,2021,401,51,4,42,3,9,22,131,43
20260808,C_surge,162,182,2656,450,2024,405,54,5,40,1,9,25,131,43
20260808,C_surge,163,186,2674,453,2035,408,55,6,39,0,9,26,131,43
20260808,C_surge,164,182,2688,456,2050,411,55,6,39,0,9,23,131,43
20260808,C_surge,165,176,2702,457,2069,412,53,4,41,2,9,24,131,43
20260808,C_surge,166,174,2716,459,2083,415,53,3,41,3,9,23,131,43
20260808,C_surge,167,168,2730,465,2097,418,51,8,39,2,9,22,131,43
20260808,C_surge,168,174,2747,468,2105,422,50,9,37,4,9,23,131,43
20260808,C_surge,169,177,2761,470,2114,424,48,5,41,6,9,23,131,43
20260808,C_surge,170,179,2780,473,2128,425,46,5,43,6,9,23,131,43
20260808,C_surge,171,180,2799,478,2141,428,47,8,42,3,9,25,131,43
20260808,C_surge,172,182,2817,482,2153,431,48,9,42,1,9,24,131,43
20260808,C_surge,173,182,2835,485,2168,433,47,7,45,1,9,25,131,43
20260808,C_surge,174,181,2853,487,2185,437,50,5,45,0,9,24,131,43
20260808,C_surge,175,180,2869,487,2202,439,52,2,46,0,9,24,131,43
20260808,C_surge,176,179,2883,490,2214,441,50,3,46,1,9,23,131,43
20260808,C_surge,177,184,2900,491,2225,444,51,4,43,2,9,23,131,43
20260808,C_surge,178,184,2916,496,2236,450,51,6,40,3,9,23,131,43
20260808,C_surge,179,186,2935,501,2248,453,50,10,38,2,9,25,131,43
20260808,C_surge,180,182,2951,507,2262,457,48,11,39,2,12,22,121,40
20260808,C_surge,181,183,2968,511,2274,461,48,10,40,2,16,19,121,40
20260808,C_surge,182,175,2981,517,2289,463,46,10,44,0,17,18,121,40
20260808,C_surge,183,171,2995,518,2306,465,46,7,46,1,18,15,121,40
20260808,C_surge,184,170,3015,522,2323,469,44,5,48,3,18,13,121,40
20260808,C_surge,185,166,3028,524,2338,471,45,6,47,2,18,10,131,43
20260808,C_surge,186,163,3042,526,2353,472,45,4,50,1,18,10,131,43
20260808,C_surge,187,164,3058,528,2366,473,44,4,51,1,18,12,131,43
20260808,C_surge,188,167,3073,530,2376,476,46,4,50,0,17,14,131,43
20260808,C_surge,189,163,3089,534,2392,483,48,6,45,1,15,15,131,43
20260808,C_surge,190,164,3105,537,2404,486,48,7,44,1,12,17,131,43
20260808,C_surge,191,164,3125,542,2419,489,47,8,45,0,9,20,131,43
20260808,C_surge,192,165,3139,543,2431,490,47,6,47,0,9,20,131,43
20260808,C_surge,193,164,3154,545,2445,495,50,3,47,0,9,18,131,43
20260808,C_surge,194,171,3172,547,2454,497,50,4,46,0,9,20,131,43
20260808,C_surge,195,177,3192,550,2465,499,49,5,46,0,9,21,131,43
20260808,C_surge,196,175,3212,555,2482,506,50,8,41,1,9,21,131,43
20260808,C_surge,197,183,3231,556,2492,509,52,6,41,1,9,21,131,43
20260808,C_surge,198,184,3247,560,2503,513,53,5,42,0,9,23,131,43
20260808,C_surge,199,188,3267,563,2516,514,50,7,42,1,9,25,131,43
20260808,C_surge,200,186,3281,566,2529,518,50,6,42,2,9,25,131,43
20260808,C_surge,201,185,3296,569,2542,525,52,6,38,4,9,24,131,43
20260808,C_surge,202,189,3316,572,2555,528,53,6,38,3,9,28,131,43
20260808,C_surge,203,183,3328,577,2568,530,52,8,39,1,9,28,131,43
20260808,C_surge,204,184,3346,581,2581,534,52,9,38,1,9,27,131,43
20260808,C_surge,205,186,3361,582,2593,535,50,5,42,3,9,27,131,43
20260808,C_surge,206,186,3377,583,2608,537,49,2,44,5,9,27,131,43
20260808,C_surge,207,187,3396,588,2621,541,51,6,41,2,9,30,131,43
20260808,C_surge,208,180,3410,594,2636,542,47,11,41,1,9,31,131,43
20260808,C_surge,209,171,3422,598,2653,546,47,10,42,1,9,29,131,43
20260808,C_surge,210,168,3439,603,2668,548,44,9,46,1,11,25,131,43
20260808,C_surge,211,160,3451,606,2685,550,41,8,48,3,15,23,131,43
20260808,C_surge,212,161,3466,609,2696,553,42,6,50,2,16,21,131,43
20260808,C_surge,213,158,3482,615,2709,559,44,9,47,0,18,18,131,43
20260808,C_surge,214,155,3499,618,2726,560,41,9,49,1,18,13,131,43
20260808,C_surge,215,156,3511,619,2736,562,42,4,53,1,18,13,131,43
20260808,C_surge,216,155,3529,622,2752,564,42,4,54,0,18,13,131,43
20260808,C_surge,217,152,3544,625,2767,567,42,6,52,0,18,14,131,43
20260808,C_surge,218,155,3564,628,2781,571,42,6,51,1,16,16,131,43
20260808,C_surge,219,155,3581,629,2797,576,45,4,49,2,15,19,131,43
20260808,C_surge,220,156,3594,630,2808,576,44,2,52,2,11,19,131,43
20260808,C_surge,221,161,3611,632,2818,583,49,3,46,2,9,21,131,43
20260808,C_surge,222,172,3630,635,2823,586,50,5,44,1,9,22,131,43
20260808,C_surge,223,174,3643,638,2831,590,52,6,42,0,9,23,131,43
20260808,C_surge,224,179,3662,640,2843,592,52,5,43,0,9,24,131,43
20260808,C_surge,225,185,3682,641,2856,600,58,3,38,1,9,26,131,43
20260808,C_surge,226,183,3698,645,2870,601,55,5,39,1,9,28,131,43
20260808,C_surge,227,184,3715,650,2881,606,55,9,35,1,9,28,131,43
20260808,C_surge,228,182,3730,651,2897,609,57,6,36,1,9,29,131,43
20260808,C_surge,229,182,3745,654,2909,613,59,4,37,0,9,25,131,43
20260808,C_surge,230,185,3763,656,2922,618,62,5,33,0,9,27,131,43
20260808,C_surge,231,181,3780,662,2937,621,59,8,33,0,9,27,131,43
20260808,C_surge,232,188,3799,662,2949,622,60,6,34,0,9,29,131,43
20260808,C_surge,233,188,3817,664,2965,625,61,2,37,0,9,27,131,43
20260808,C_surge,234,187,3835,665,2983,625,60,3,37,0,9,25,131,43
20260808,C_surge,235,188,3847,666,2993,628,62,2,36,0,9,27,111,40
20260808,C_surge,236,184,3864,668,3012,630,62,3,35,0,9,29,111,40
20260808,C_surge,237,176,3877,670,3031,631,60,4,35,1,9,31,111,40
20260808,C_surge,238,178,3894,673,3043,633,58,5,35,2,9,33,111,40
20260808,C_surge,239,176,3910,677,3057,636,58,7,34,1,9,31,111,40
20260808,C_surge,240,171,3924,682,3071,639,53,9,34,4,12,30,131,43
20260808,C_surge,241,175,3944,685,3084,640,47,8,37,8,15,27,131,43
20260808,C_surge,242,167,3957,689,3101,640,47,7,42,4,16,22,131,43
20260808,C_surge,243,169,3977,695,3113,645,50,10,40,0,18,20,131,43
20260808,C_surge,244,163,3992,697,3132,647,50,8,42,0,18,17,131,43
20260808,C_surge,245,162,4009,700,3147,652,49,5,43,3,18,16,131,43
20260808,C_surge,246,157,4023,702,3164,654,47,5,43,5,18,19,131,43
20260808,C_surge,247,160,4042,709,3173,656,45,9,44,2,18,20,131,43
20260808,C_surge,248,153,4055,714,3188,659,43,12,43,2,15,20,131,43
20260808,C_surge,249,161,4075,714,3200,660,43,5,49,3,15,22,131,43
20260808,C_surge,250,160,4091,716,3215,662,45,2,52,1,11,22,131,43
20260808,C_surge,251,168,4111,717,3226,671,53,3,43,1,9,25,131,43
20260808,C_surge,252,181,4130,721,3228,672,50,5,44,1,9,26,131,43
20260808,C_surge,253,178,4142,723,3241,674,51,6,43,0,9,25,131,43
20260808,C_surge,254,183,4161,724,3254,677,51,3,44,2,9,26,131,43
20260808,C_surge,255,179,4176,724,3273,682,56,1,41,2,9,26,122,43
20260808,C_surge,256,183,4194,728,3283,684,55,4,40,1,9,26,122,43
20260808,C_surge,257,184,4212,731,3297,688,56,7,36,1,9,28,122,43
20260808,C_surge,258,186,4231,735,3310,689,54,7,39,0,9,28,122,43
20260808,C_surge,259,187,4248,737,3324,692,55,6,39,0,9,26,122,43
20260808,C_surge,260,189,4262,740,3333,696,55,5,39,1,9,24,131,43
20260808,C_surge,261,182,4276,743,3351,700,56,6,37,1,9,21,131,43
20260808,C_surge,262,178,4292,749,3365,704,55,9,36,0,9,20,131,43
20260808,C_surge,263,170,4306,751,3385,708,57,8,35,0,9,21,131,43
20260808,C_surge,264,170,4324,753,3401,709,56,4,40,0,9,23,131,43
20260808,C_surge,265,175,4341,756,3410,709,53,5,42,0,9,24,131,43
20260808,C_surge,266,166,4357,762,3429,713,50,9,40,1,9,22,131,43
20260808,C_surge,267,162,4371,765,3444,717,50,9,39,2,9,20,131,43
20260808,C_surge,268,163,4385,766,3456,721,53,4,41,2,9,22,131,43
20260808,C_surge,269,163,4402,769,3470,723,53,4,42,1,9,23,131,43
20260808,C_surge,270,163,4420,774,3483,726,50,8,40,2,11,21,131,43
20260808,C_surge,271,160,4435,779,3496,729,48,10,40,2,15,19,131,43
20260808,C_surge,272,163,4451,782,3506,734,52,8,40,0,16,18,131,43
20260808,C_surge,273,166,4466,783,3517,735,52,4,44,0,18,17,131,43
20260808,C_surge,274,166,4485,789,3530,735,46,7,47,0,18,15,131,43
20260808,C_surge,275,170,4504,791,3543,737,45,8,46,1,18,13,131,43
20260808,C_surge,276,170,4523,792,3561,738,45,3,51,1,18,14,131,43
20260808,C_surge,277,171,4537,794,3572,741,47,3,50,0,18,16,131,43
20260808,C_surge,278,175,4557,796,3586,744,48,4,48,0,18,18,131,43
20260808,C_surge,279,181,4576,799,3596,747,47,5,47,1,17,21,131,43
20260808,C_surge,280,179,4588,801,3608,752,50,5,44,1,13,22,131,43
20260808,C_surge,281,175,4605,806,3624,758,52,7,41,0,9,25,131,43
20260808,C_surge,282,176,4619,809,3634,761,52,8,40,0,9,24,131,43
20260808,C_surge,283,177,4636,812,3647,766,54,6,40,0,9,24,131,43
20260808,C_surge,284,178,4655,816,3661,768,52,7,41,0,9,25,131,43
20260808,C_surge,285,182,4674,818,3674,772,53,6,40,1,9,26,121,40
20260808,C_surge,286,181,4690,821,3688,777,55,5,39,1,9,26,121,40
20260808,C_surge,287,178,4705,824,3703,780,55,6,38,1,9,24,121,40
20260808,C_surge,288,177,4722,825,3720,781,55,4,40,1,9,23,121,40
20260808,C_surge,289,177,4740,831,3732,782,51,7,42,0,9,22,121,40
20260808,C_surge,290,176,4755,831,3748,783,52,6,42,0,9,24,126,43
20260808,C_surge,291,170,4769,834,3765,786,52,3,45,0,9,21,126,43
20260808,C_surge,292,173,4785,837,3775,790,53,6,41,0,9,23,126,43
20260808,C_surge,293,168,4800,840,3792,795,55,6,39,0,9,22,126,43
20260808,C_surge,294,173,4820,842,3805,799,56,5,38,1,9,22,126,43
20260808,C_surge,295,176,4836,843,3817,801,57,3,39,1,9,23,131,43
20260808,C_surge,296,176,4852,845,3831,804,58,3,38,1,9,22,131,43
20260808,C_surge,297,176,4871,848,3847,808,59,5,35,1,9,22,131,43
20260808,C_surge,298,177,4890,854,3859,812,58,9,33,0,9,22,131,43
20260808,C_surge,299,179,4910,859,3872,815,56,11,33,0,9,23,131,43
20260808,C_surge,300,172,4924,863,3889,816,51,9,38,2,11,21,131,43
20260808,C_surge,301,171,4939,865,3903,819,52,6,40,2,14,20,131,43
20260808,C_surge,302,171,4957,870,3916,820,50,7,43,0,15,18,131,43
20260808,C_surge,303,173,4973,873,3927,823,48,8,42,2,15,18,131,43
20260808,C_surge,304,171,4986,874,3941,824,48,4,46,2,16,14,131,43
20260808,C_surge,305,168,4998,877,3953,825,48,4,48,0,18,13,131,43
20260808,C_surge,306,160,5010,879,3971,830,51,5,44,0,18,13,131,43
20260808,C_surge,307,164,5029,881,3984,834,53,4,43,0,17,17,131,43
20260808,C_surge,308,166,5048,885,3997,839,54,6,40,0,17,19,131,43
20260808,C_surge,309,163,5062,886,4013,840,54,5,41,0,17,20,131,43
20260808,C_surge,310,160,5077,889,4028,843,51,4,42,3,15,20,131,43
20260808,C_surge,311,155,5092,892,4045,847,51,6,39,4,9,23,131,43
20260808,C_surge,312,162,5108,896,4050,847,49,7,42,2,9,24,131,43
20260808,C_surge,313,161,5124,900,4063,849,48,8,43,1,9,25,131,43
20260808,C_surge,314,158,5137,903,4076,853,50,7,43,0,9,25,131,43
20260808,C_surge,315,160,5154,905,4089,855,50,5,45,0,9,24,131,43
20260808,C_surge,316,162,5168,906,4100,860,54,3,43,0,9,22,131,43
20260808,C_surge,317,169,5188,908,4111,863,54,3,42,1,9,25,131,43
20260808,C_surge,318,178,5208,909,4121,866,55,3,40,2,9,28,131,43
20260808,C_surge,319,174,5223,912,4137,870,57,4,38,1,9,26,131,43
20260808,C_surge,320,170,5240,918,4152,874,55,9,35,1,9,27,131,43
20260808,C_surge,321,175,5257,918,4164,877,58,6,35,1,9,25,131,43
20260808,C_surge,322,174,5274,926,4174,880,52,8,38,2,9,24,131,43
20260808,C_surge,323,173,5288,928,4187,885,55,10,33,2,9,23,131,43
20260808,C_surge,324,171,5302,932,4199,887,54,6,39,1,9,26,131,43
20260808,C_surge,325,171,5318,935,4212,889,52,7,39,2,9,27,131,43
20260808,C_surge,326,173,5332,937,4222,889,51,5,43,1,9,27,131,43
20260808,C_surge,327,169,5346,941,4236,891,50,6,44,0,9,22,131,43
20260808,C_surge,328,173,5365,942,4250,893,50,5,44,1,9,23,131,43
20260808,C_surge,329,171,5381,943,4267,897,53,2,44,1,9,19,131,43
20260808,C_surge,330,165,5396,947,4284,899,51,5,43,1,14,17,131,43
20260808,C_surge,331,163,5411,951,4297,901,48,8,42,2,14,17,131,43
20260808,C_surge,332,166,5431,955,4310,909,53,8,38,1,18,17,131,43
20260808,C_surge,333,160,5448,961,4327,911,50,10,40,0,18,15,131,43
20260808,C_surge,334,165,5468,964,4339,915,50,9,40,1,17,13,131,43
20260808,C_surge,335,170,5485,964,4351,917,51,3,44,2,17,13,121,40
20260808,C_surge,336,171,5499,965,4363,918,52,1,46,1,17,14,121,40
20260808,C_surge,337,175,5515,966,4374,918,52,2,46,0,17,16,121,40
20260808,C_surge,338,179,5534,967,4388,921,54,2,44,0,17,18,121,40
20260808,C_surge,339,181,5550,970,4399,925,55,4,41,0,15,20,121,40
20260808,C_surge,340,182,5569,972,4415,927,55,5,40,0,13,23,131,43
20260808,C_surge,341,183,5585,974,4428,932,56,4,38,2,9,25,131,43
20260808,C_surge,342,188,5600,975,4437,935,56,3,37,4,9,24,131,43
20260808,C_surge,343,190,5616,980,4446,939,57,6,35,2,9,27,131,43
20260808,C_surge,344,190,5636,983,4463,941,58,8,34,0,9,26,131,43
20260808,C_surge,345,195,5655,984,4476,944,60,4,36,0,9,28,131,43
20260808,C_surge,346,185,5668,990,4493,948,58,7,35,0,9,25,131,43
20260808,C_surge,347,188,5688,991,4509,953,62,7,31,0,9,25,131,43
20260808,C_surge,348,186,5700,993,4521,954,60,3,36,1,9,26,131,43
20260808,C_surge,349,186,5718,996,4536,956,59,5,35,1,9,24,131,43
20260808,C_surge,350,184,5734,999,4551,958,59,6,35,0,9,24,131,43
20260808,C_surge,351,183,5753,1003,4567,963,60,7,33,0,9,24,131,43
20260808,C_surge,352,176,5766,1006,4584,966,60,7,33,0,9,23,131,43
20260808,C_surge,353,170,5778,1008,4600,969,61,5,34,0,9,23,131,43
20260808,C_surge,354,166,5790,1010,4614,972,62,4,34,0,9,23,131,43
20260808,C_surge,355,165,5804,1011,4628,974,62,3,34,1,9,22,131,43
20260808,C_surge,356,160,5820,1014,4646,974,57,4,36,3,9,20,131,43
20260808,C_surge,357,157,5834,1016,4661,978,59,5,33,3,9,18,131,43
20260808,C_surge,358,164,5852,1019,4669,979,59,5,35,1,9,21,131,43
20260808,C_surge,359,157,5865,1021,4687,980,59,5,36,0,9,19,131,43
20260808,C_surge,360,158,5878,1023,4697,980,56,4,39,1,12,16,126,43
20260808,C_surge,361,158,5898,1028,4712,981,51,7,40,2,15,14,126,43
20260808,C_surge,362,156,5910,1029,4725,984,54,6,39,1,15,14,126,43
20260808,C_surge,363,154,5928,1032,4742,986,54,4,42,0,17,12,126,43
20260808,C_surge,364,159,5948,1036,4753,992,55,7,37,1,17,12,126,43
20260808,C_surge,365,162,5964,1038,4764,994,55,6,38,1,18,12,131,43
20260808,C_surge,366,164,5979,1042,4773,1000,58,6,36,0,18,14,131,43
20260808,C_surge,367,170,5996,1043,4783,1001,58,5,37,0,18,19,131,43
20260808,C_surge,368,168,6013,1048,4797,1003,55,6,39,0,18,21,131,43
20260808,C_surge,369,166,6025,1049,4810,1007,56,6,36,2,16,22,131,43
20260808,C_surge,370,158,6037,1052,4827,1010,56,4,38,2,12,23,131,43
20260808,C_surge,371,164,6057,1056,4837,1012,56,7,37,0,9,25,131,43
20260808,C_surge,372,174,6076,1059,4843,1015,56,7,37,0,9,26,131,43
20260808,C_surge,373,175,6091,1060,4856,1015,55,4,41,0,9,27,131,43
20260808,C_surge,374,181,6110,1063,4866,1016,52,4,43,1,9,26,131,43
20260808,C_surge,375,181,6127,1065,4881,1021,55,5,39,1,9,26,131,43
20260808,C_surge,376,182,6147,1069,4896,1021,52,6,42,0,9,26,131,43
20260808,C_surge,377,185,6167,1071,4911,1023,51,6,42,1,9,28,131,43
20260808,C_surge,378,188,6186,1073,4925,1028,54,4,41,1,9,28,131,43
20260808,C_surge,379,189,6206,1078,4939,1031,53,7,40,0,9,31,131,43
20260808,C_surge,380,189,6222,1079,4954,1033,54,6,40,0,9,30,115,42
20260808,C_surge,381,189,6235,1081,4965,1035,54,3,43,0,9,29,115,42
20260808,C_surge,382,186,6250,1087,4977,1043,55,8,36,1,9,31,115,42
20260808,C_surge,383,181,6267,1092,4994,1046,53,11,35,1,9,30,115,42
20260808,C_surge,384,175,6282,1098,5009,1050,52,11,37,0,9,26,115,42
20260808,C_surge,385,181,6302,1101,5020,1052,51,9,40,0,9,26,131,43
20260808,C_surge,386,177,6316,1104,5035,1055,51,6,43,0,9,26,131,43
20260808,C_surge,387,177,6330,1105,5048,1057,50,4,44,2,9,28,131,43
20260808,C_surge,388,174,6348,1107,5067,1059,48,3,45,4,9,25,131,43
20260808,C_surge,389,172,6367,1111,5084,1060,47,6,45,2,9,23,131,43
20260808,C_surge,390,170,6384,1117,5097,1065,45,10,42,3,12,22,121,40
20260808,C_surge,391,166,6400,1121,5113,1069,42,10,42,6,15,20,121,40
20260808,C_surge,392,158,6412,1125,5129,1072,44,8,45,3,17,18,121,40
20260808,C_surge,393,161,6432,1130,5141,1075,45,9,46,0,18,16,121,40
20260808,C_surge,394,160,6445,1131,5154,1078,47,6,47,0,18,14,121,40
20260808,C_surge,395,163,6461,1132,5166,1080,47,2,50,1,18,14,131,43
20260808,C_surge,396,168,6479,1134,5177,1083,48,3,48,1,18,15,131,43
20260808,C_surge,397,166,6494,1136,5192,1085,46,4,47,3,18,16,131,43
20260808,C_surge,398,168,6510,1137,5205,1088,47,3,46,4,18,17,131,43
20260808,C_surge,399,168,6526,1142,5216,1094,50,6,42,2,16,19,131,43
20260808,C_surge,400,165,6543,1146,5232,1095,48,9,42,1,16,20,131,43
20260808,C_surge,401,166,6561,1147,5248,1100,53,5,42,0,9,21,131,43
20260808,C_surge,402,174,6576,1150,5252,1104,54,4,42,0,9,24,131,43
20260808,C_surge,403,175,6594,1156,5263,1107,51,9,40,0,9,23,131,43
20260808,C_surge,404,174,6610,1161,5275,1111,50,11,39,0,9,23,131,43
20260808,C_surge,405,174,6629,1162,5293,1112,49,6,44,1,9,24,131,43
20260808,C_surge,406,179,6649,1165,5305,1116,49,4,45,2,9,27,131,43
20260808,C_surge,407,177,6663,1168,5318,1119,50,6,43,1,9,25,131,43
20260808,C_surge,408,177,6683,1172,5334,1121,49,7,44,0,9,25,131,43
20260808,C_surge,409,177,6700,1176,5347,1124,48,8,44,0,9,23,131,43
20260808,C_surge,410,175,6715,1179,5361,1127,48,7,45,0,9,21,131,43
20260808,C_surge,411,176,6733,1182,5375,1130,46,6,46,2,9,22,131,43
20260808,C_surge,412,174,6745,1183,5388,1136,49,4,43,4,9,22,131,43
20260808,C_surge,413,174,6761,1187,5400,1139,49,5,43,3,9,24,131,43
20260808,C_surge,414,175,6779,1194,5410,1144,49,11,39,1,9,24,131,43
20260808,C_surge,415,175,6795,1196,5424,1145,49,9,42,0,9,23,131,43
20260808,C_surge,416,178,6812,1197,5437,1148,51,3,46,0,9,23,131,43
20260808,C_surge,417,174,6825,1198,5453,1151,53,2,45,0,9,25,131,43
20260808,C_surge,418,169,6842,1201,5472,1153,52,4,44,0,9,25,131,43
20260808,C_surge,419,170,6855,1204,5481,1158,54,6,40,0,9,25,131,43
20260808,C_surge,420,163,6867,1205,5499,1159,52,4,42,2,11,22,131,43
20260808,C_surge,421,159,6879,1206,5514,1161,51,2,43,4,16,20,131,43
20260808,C_surge,422,154,6893,1212,5527,1165,50,7,40,3,17,18,131,43
20260808,C_surge,423,149,6905,1214,5542,1168,52,8,38,2,18,16,131,43
20260808,C_surge,424,151,6923,1218,5554,1170,50,6,42,2,18,14,131,43
20260808,C_surge,425,153,6943,1222,5568,1174,51,8,40,1,18,13,131,43
20260808,C_surge,426,150,6958,1226,5582,1178,52,8,40,0,18,13,131,43
20260808,C_surge,427,147,6971,1227,5597,1181,54,5,41,0,18,14,131,43
20260808,C_surge,428,144,6986,1228,5614,1185,57,2,41,0,17,15,131,43
20260808,C_surge,429,145,6999,1229,5625,1186,57,2,41,0,16,18,131,43
20260808,C_surge,430,153,7019,1230,5636,1189,59,2,39,0,10,19,131,43
20260808,C_surge,431,156,7036,1233,5647,1190,57,4,39,0,9,20,131,43
20260808,C_surge,432,161,7049,1236,5652,1192,56,6,38,0,9,20,131,43
20260808,C_surge,433,166,7067,1238,5663,1192,53,5,41,1,9,22,131,43
20260808,C_surge,434,170,7085,1241,5674,1195,52,5,41,2,9,23,131,43
20260808,C_surge,435,170,7098,1244,5684,1198,51,6,40,3,9,23,131,43
20260808,C_surge,436,174,7118,1246,5698,1204,55,5,37,3,9,24,131,43
20260808,C_surge,437,174,7134,1248,5712,1207,57,4,37,2,9,23,131,43
20260808,C_surge,438,176,7154,1253,5725,1213,58,7,33,2,9,25,131,43
20260808,C_surge,439,179,7173,1257,5737,1217,59,9,31,1,9,25,131,43
20260808,C_surge,440,185,7192,1259,5748,1218,58,6,35,1,9,26,131,43
20260808,C_surge,441,184,7205,1260,5761,1218,57,3,39,1,9,28,131,43
20260808,C_surge,442,181,7223,1266,5776,1219,52,7,40,1,9,27,131,43
20260808,C_surge,443,184,7242,1268,5790,1224,54,8,36,2,9,26,131,43
20260808,C_surge,444,188,7260,1274,5798,1227,51,8,39,2,9,27,131,43
20260808,C_surge,445,191,7279,1277,5811,1229,50,9,39,2,9,26,121,40
20260808,C_surge,446,191,7298,1280,5827,1231,48,6,43,3,9,26,121,40
20260808,C_surge,447,194,7317,1284,5839,1234,47,7,43,3,9,27,121,40
20260808,C_surge,448,187,7330,1289,5854,1235,45,9,45,1,9,26,121,40
20260808,C_surge,449,190,7349,1290,5869,1238,47,6,46,1,9,29,121,40
20260808,C_surge,450,189,7364,1291,5884,1240,44,2,49,5,14,28,131,43
20260808,C_surge,451,188,7381,1294,5899,1245,47,4,45,4,17,25,131,43
20260808,C_surge,452,182,7397,1300,5915,1249,49,9,42,0,16,25,131,43
20260808,C_surge,453,185,7412,1300,5927,1249,49,6,45,0,18,20,131,43
20260808,C_surge,454,188,7430,1302,5940,1252,48,2,48,2,18,18,131,43
20260808,C_surge,455,185,7449,1307,5957,1256,45,7,44,4,18,16,131,43
20260808,C_surge,456,182,7463,1312,5969,1260,46,10,42,2,18,14,131,43
20260808,C_surge,457,181,7481,1316,5984,1264,47,9,43,1,18,19,131,43
20260808,C_surge,458,179,7499,1319,6001,1267,47,7,45,1,18,19,131,43
20260808,C_surge,459,177,7516,1322,6017,1269,45,6,47,2,16,21,131,43
20260808,C_surge,460,183,7535,1324,6028,1271,43,5,48,4,14,22,131,43
20260808,C_surge,461,181,7554,1329,6044,1273,41,7,49,3,9,23,131,43
20260808,C_surge,462,187,7572,1331,6054,1280,48,7,44,1,9,24,131,43
20260808,C_surge,463,186,7588,1332,6070,1283,51,3,46,0,9,23,131,43
20260808,C_surge,464,186,7604,1334,6084,1284,49,3,47,1,9,22,131,43
20260808,C_surge,465,184,7616,1335,6097,1288,52,3,44,1,9,22,131,43
20260808,C_surge,466,184,7634,1338,6112,1288,49,4,46,1,9,23,131,43
20260808,C_surge,467,184,7653,1342,6127,1296,52,7,39,2,9,22,131,43
20260808,C_surge,468,189,7670,1344,6137,1299,53,6,39,2,9,25,131,43
20260808,C_surge,469,188,7689,1348,6153,1303,54,6,39,1,9,24,131,43
20260808,C_surge,470,185,7703,1351,6167,1305,54,7,39,0,9,23,131,43
20260808,C_surge,471,185,7721,1354,6182,1309,54,6,39,1,9,22,131,43
20260808,C_surge,472,179,7735,1356,6200,1315,58,5,36,1,9,21,131,43
20260808,C_surge,473,178,7754,1363,6213,1321,57,9,33,1,9,21,131,43
20260808,C_surge,474,175,7768,1363,6230,1323,59,7,33,1,9,23,131,43
20260808,C_surge,475,179,7787,1364,6244,1324,60,1,39,0,9,22,131,43
20260808,C_surge,476,179,7803,1367,6257,1326,59,4,37,0,9,24,131,43
20260808,C_surge,477,182,7821,1372,6267,1327,55,8,37,0,9,23,131,43
20260808,C_surge,478,181,7841,1377,6283,1333,55,10,34,1,9,22,131,43
20260808,C_surge,479,181,7861,1382,6298,1335,52,10,37,1,9,26,131,43
20260808,C_surge,480,173,7873,1387,6313,1336,47,10,41,2,11,25,131,43
20260808,C_surge,481,175,7892,1389,6328,1337,46,7,45,2,16,23,131,43
20260808,C_surge,482,175,7908,1394,6339,1341,47,7,46,0,17,22,131,43
20260808,C_surge,483,175,7923,1397,6351,1344,47,8,45,0,18,20,131,43
20260808,C_surge,484,173,7935,1398,6364,1344,46,4,50,0,18,16,131,43
20260808,C_surge,485,175,7954,1399,6380,1345,46,2,52,0,18,15,131,43
20260808,C_surge,486,172,7968,1402,6394,1347,43,4,51,2,18,15,131,43
20260808,C_surge,487,170,7986,1404,6412,1350,44,5,49,2,18,17,131,43
20260808,C_surge,488,170,8005,1409,6426,1354,42,7,48,3,18,18,131,43
20260808,C_surge,489,171,8021,1410,6440,1362,48,6,42,4,17,21,131,43
20260808,C_surge,490,166,8036,1416,6454,1365,48,7,44,1,14,23,126,43
20260808,C_surge,491,164,8051,1417,6470,1368,49,7,42,2,9,24,126,43
20260808,C_surge,492,171,8067,1422,6474,1371,47,6,45,2,9,28,126,43
20260808,C_surge,493,165,8080,1425,6490,1373,48,8,44,0,9,26,126,43
20260808,C_surge,494,168,8096,1426,6502,1375,49,4,47,0,9,26,126,43
20260808,C_surge,495,169,8114,1430,6515,1380,49,5,45,1,9,27,131,43
20260808,C_surge,496,172,8129,1433,6524,1385,51,7,41,1,9,25,131,43
20260808,C_surge,497,171,8148,1438,6539,1392,54,8,38,0,9,25,131,43
20260808,C_surge,498,171,8161,1442,6548,1393,51,9,40,0,9,24,131,43
20260808,C_surge,499,173,8181,1445,6563,1399,54,7,39,0,9,23,131,43
20260808,C_surge,500,171,8199,1448,6580,1400,50,6,42,2,9,25,131,43
20260808,C_surge,501,171,8213,1449,6593,1404,52,4,41,3,9,24,131,43
20260808,C_surge,502,175,8228,1451,6602,1405,53,3,43,1,9,24,131,43
20260808,C_surge,503,176,8244,1453,6615,1407,54,4,42,0,9,24,131,43
20260808,C_surge,504,180,8263,1455,6628,1409,54,4,42,0,9,27,131,43
20260808,C_surge,505,182,8278,1456,6640,1411,54,3,42,1,9,26,131,43
20260808,C_surge,506,182,8292,1458,6652,1413,54,3,42,1,9,25,131,43
20260808,C_surge,507,176,8305,1462,6667,1417,55,6,39,0,9,23,131,43
20260808,C_surge,508,173,8318,1463,6682,1418,54,5,40,1,9,24,131,43
20260808,C_surge,509,172,8334,1463,6699,1421,57,1,41,1,9,23,131,43
20260808,C_surge,510,169,8348,1468,6711,1424,53,5,39,3,12,22,131,43
20260808,C_surge,511,168,8366,1471,6727,1426,52,8,37,3,15,19,131,43
20260808,C_surge,512,165,8385,1477,6743,1433,56,9,35,0,18,17,131,43
20260808,C_surge,513,164,8397,1478,6755,1435,57,7,36,0,18,16,131,43
20260808,C_surge,514,162,8412,1481,6769,1438,56,4,39,1,18,13,131,43
20260808,C_surge,515,158,8424,1482,6784,1441,58,4,37,1,18,11,131,43
20260808,C_surge,516,154,8438,1484,6800,1444,59,3,37,1,18,12,131,43
20260808,C_surge,517,152,8451,1485,6814,1446,60,3,36,1,18,13,131,43
20260808,C_surge,518,158,8470,1487,6825,1447,59,3,37,1,18,16,131,43
20260808,C_surge,519,163,8489,1490,6836,1450,59,5,35,1,18,18,131,43
20260808,C_surge,520,163,8501,1491,6847,1452,61,4,35,0,14,19,101,38
20260808,C_surge,521,167,8521,1492,6862,1457,63,2,33,2,9,21,101,38
20260808,C_surge,522,177,8538,1495,6866,1459,62,4,32,2,9,22,101,38
20260808,C_surge,523,175,8554,1499,6880,1459,59,7,33,1,9,22,101,38
20260808,C_surge,524,175,8573,1500,6898,1461,60,5,34,1,9,22,101,38
20260808,C_surge,525,176,8587,1502,6909,1463,60,3,36,1,9,22,126,43
20260808,C_surge,526,177,8602,1504,6921,1466,60,4,34,2,9,23,126,43
20260808,C_surge,527,180,8619,1508,6931,1470,61,6,32,1,9,22,126,43
20260808,C_surge,528,181,8639,1513,6945,1473,59,9,31,1,9,24,126,43
20260808,C_surge,529,181,8652,1514,6957,1475,58,6,33,3,9,23,126,43
20260808,C_surge,530,178,8670,1518,6974,1477,57,5,36,2,9,23,131,43
20260808,C_surge,531,176,8684,1523,6985,1478,54,9,36,1,9,26,131,43
20260808,C_surge,532,173,8697,1527,6997,1480,52,9,38,1,9,24,131,43
20260808,C_surge,533,163,8710,1531,7016,1483,51,8,40,1,9,25,131,43
20260808,C_surge,534,160,8723,1532,7031,1485,52,5,42,1,9,26,131,43
20260808,C_surge,535,158,8737,1534,7045,1489,54,3,42,1,9,25,131,43
20260808,C_surge,536,156,8755,1537,7062,1491,53,5,41,1,9,23,131,43
20260808,C_surge,537,159,8770,1538,7073,1494,56,4,40,0,9,23,131,43
20260808,C_surge,538,158,8783,1539,7086,1497,57,2,40,1,9,22,131,43
20260808,C_surge,539,159,8803,1541,7103,1497,55,3,41,1,9,20,131,43
20260808,C_surge,540,161,8823,1544,7118,1500,54,5,39,2,15,19,131,43
20260808,C_surge,541,161,8835,1545,7129,1503,56,4,38,2,17,17,131,43
20260808,C_surge,542,159,8849,1551,7139,1506,55,7,38,0,18,16,131,43
20260808,C_surge,543,159,8864,1553,7152,1511,56,8,34,2,18,16,131,43
20260808,C_surge,544,161,8878,1554,7163,1512,55,3,39,3,18,13,131,43
20260808,C_surge,545,161,8894,1559,7174,1515,55,6,38,1,18,11,131,43
20260808,C_surge,546,161,8912,1566,7185,1520,53,12,34,1,18,13,131,43
20260808,C_surge,547,166,8930,1567,7197,1523,54,8,36,2,18,16,131,43
20260808,C_surge,548,166,8946,1569,7211,1526,55,3,40,2,17,17,131,43
20260808,C_surge,549,167,8961,1571,7223,1528,55,4,39,2,15,17,131,43
20260808,C_surge,550,174,8979,1572,7233,1531,57,3,38,2,15,20,126,43
20260808,C_surge,551,170,8996,1576,7250,1535,56,5,36,3,9,20,126,43
20260808,C_surge,552,180,9016,1577,7259,1536,57,5,36,2,9,22,126,43
20260808,C_surge,553,181,9033,1582,7270,1539,57,6,37,0,9,22,126,43
20260808,C_surge,554,182,9047,1585,7280,1542,57,8,35,0,9,22,126,43
20260808,C_surge,555,178,9064,1591,7295,1544,53,9,38,0,9,22,131,43
20260808,C_surge,556,177,9077,1593,7307,1545,52,8,40,0,9,23,131,43
20260808,C_surge,557,175,9090,1595,7320,1547,52,4,44,0,9,23,131,43
20260808,C_surge,558,171,9102,1596,7335,1547,51,3,46,0,9,23,131,43
20260808,C_surge,559,168,9116,1597,7351,1552,54,2,43,1,9,23,131,43
20260808,C_surge,560,164,9129,1600,7365,1556,54,4,40,2,9,26,131,43
20260808,C_surge,561,161,9141,1603,7377,1559,54,6,38,2,9,23,131,43
20260808,C_surge,562,162,9160,1606,7392,1562,55,6,38,1,9,24,131,43
20260808,C_surge,563,160,9172,1608,7404,1564,55,5,39,1,9,25,131,43
20260808,C_surge,564,151,9184,1609,7424,1568,57,3,38,2,9,19,131,43
20260808,C_surge,565,151,9201,1611,7439,1570,58,3,38,1,9,21,131,43
20260808,C_surge,566,148,9213,1615,7450,1574,58,6,35,1,9,20,131,43
20260808,C_surge,567,153,9233,1618,7462,1576,55,7,35,3,9,22,131,43
20260808,C_surge,568,158,9251,1620,7473,1581,59,5,34,2,9,23,131,43
20260808,C_surge,569,159,9268,1627,7482,1583,55,9,35,1,9,23,131,43
20260808,C_surge,570,165,9288,1630,7493,1586,51,10,34,5,14,21,121,43
20260808,C_surge,571,170,9307,1634,7503,1591,51,7,36,6,16,20,121,43
20260808,C_surge,572,172,9323,1638,7513,1594,54,8,36,2,18,17,121,43
20260808,C_surge,573,175,9339,1642,7522,1596,54,8,38,0,18,17,121,43
20260808,C_surge,574,169,9353,1643,7541,1598,53,5,40,2,18,14,121,43
20260808,C_surge,575,177,9371,1643,7551,1599,54,1,43,2,18,13,131,43
20260808,C_surge,576,181,9390,1648,7561,1601,53,5,42,0,18,16,131,43
20260808,C_surge,577,178,9405,1649,7578,1604,54,6,39,1,18,18,131,43
20260808,C_surge,578,186,9424,1652,7586,1607,53,4,41,2,18,21,131,43
20260808,C_surge,579,181,9438,1655,7602,1610,52,6,39,3,18,21,131,43
20260808,C_surge,580,175,9453,1659,7619,1611,49,7,41,3,13,23,131,43
20260808,C_surge,581,176,9473,1665,7632,1613,47,10,42,1,9,23,131,43
20260808,C_surge,582,181,9489,1668,7640,1615,47,9,44,0,9,24,131,43
20260808,C_surge,583,179,9505,1669,7657,1616,47,4,49,0,9,25,131,43
20260808,C_surge,584,181,9522,1671,7670,1617,46,3,51,0,9,24,131,43
20260808,C_surge,585,178,9536,1674,7684,1623,47,5,46,2,9,23,131,43
20260808,C_surge,586,177,9549,1674,7698,1626,50,3,45,2,9,22,131,43
20260808,C_surge,587,172,9564,1679,7713,1627,48,5,47,0,9,24,131,43
20260808,C_surge,588,165,9576,1682,7729,1631,47,8,43,2,9,23,131,43
20260808,C_surge,589,168,9594,1682,7744,1634,50,3,45,2,9,23,131,43
20260808,C_surge,590,170,9614,1686,7758,1639,52,4,43,1,9,24,131,43
20260808,C_surge,591,167,9626,1688,7771,1640,51,6,42,1,9,22,131,43
20260808,C_surge,592,167,9645,1697,7781,1646,49,11,40,0,9,22,131,43
20260808,C_surge,593,165,9659,1698,7796,1649,51,10,39,0,9,22,131,43
20260808,C_surge,594,165,9677,1702,7810,1654,51,5,43,1,9,23,131,43
20260808,C_surge,595,162,9692,1705,7825,1659,53,7,39,1,9,21,131,43
20260808,C_surge,596,164,9709,1706,7839,1661,55,4,41,0,9,20,131,43
20260808,C_surge,597,164,9724,1708,7852,1663,55,3,42,0,9,21,131,43
20260808,C_surge,598,161,9737,1712,7864,1664,52,6,42,0,9,22,131,43
20260808,C_surge,599,161,9750,1714,7875,1665,51,6,43,0,9,24,131,43
20260808,C_surge,600,167,9767,1716,7884,1669,52,4,43,1,14,23,121,40
20260808,D_big_r_surge,1,5,12,7,0,0,93,7,0,0,0,1,131,43
20260808,D_big_r_surge,2,20,32,12,0,0,86,12,0,2,5,5,131,43
20260808,D_big_r_surge,3,31,47,16,0,0,82,9,7,2,9,6,131,43
20260808,D_big_r_surge,4,46,66,20,0,0,80,8,12,0,9,7,131,43
20260808,D_big_r_surge,5,57,79,22,0,0,78,6,16,0,9,8,131,43
20260808,D_big_r_surge,6,68,92,24,0,0,75,4,20,1,9,11,131,43
20260808,D_big_r_surge,7,84,110,26,0,0,73,4,22,1,9,14,131,43
20260808,D_big_r_surge,8,94,128,34,0,0,66,10,24,0,9,14,131,43
20260808,D_big_r_surge,9,109,146,37,0,0,63,11,26,0,9,15,131,43
20260808,D_big_r_surge,10,124,165,41,0,0,59,7,34,0,9,17,131,43
20260808,D_big_r_surge,11,137,179,42,0,0,58,5,37,0,9,20,131,43
20260808,D_big_r_surge,12,157,199,42,0,0,58,1,41,0,9,22,131,43
20260808,D_big_r_surge,13,168,214,46,0,2,56,4,40,0,9,23,131,43
20260808,D_big_r_surge,14,166,230,48,16,3,55,6,39,0,9,23,131,43
20260808,D_big_r_surge,15,171,248,50,27,4,54,4,42,0,9,24,131,43
20260808,D_big_r_surge,16,172,267,52,43,5,53,4,43,0,9,22,131,43
20260808,D_big_r_surge,17,178,284,52,54,7,55,2,43,0,9,23,131,43
20260808,D_big_r_surge,18,179,302,58,65,8,50,6,44,0,9,22,131,43
20260808,D_big_r_surge,19,175,316,60,81,10,50,8,42,0,9,23,131,43
20260808,D_big_r_surge,20,179,334,62,93,12,50,4,46,0,9,25,121,40
20260808,D_big_r_surge,21,176,349,65,108,13,48,5,47,0,9,27,121,40
20260808,D_big_r_surge,22,169,361,69,123,19,50,7,43,0,9,29,121,40
20260808,D_big_r_surge,23,173,380,72,135,23,51,7,42,0,9,29,121,40
20260808,D_big_r_surge,24,165,394,74,155,32,58,5,37,0,9,26,121,40
20260808,D_big_r_surge,25,166,411,79,166,37,58,7,35,0,9,25,126,43
20260808,D_big_r_surge,26,168,431,83,180,40,57,9,34,0,9,25,126,43
20260808,D_big_r_surge,27,164,444,84,196,41,57,5,38,0,9,25,126,43
20260808,D_big_r_surge,28,160,458,86,212,43,57,3,40,0,9,25,126,43
20260808,D_big_r_surge,29,163,478,86,229,46,60,2,38,0,9,27,126,43
20260808,D_big_r_surge,30,162,498,96,240,48,48,10,38,4,11,25,131,43
20260808,D_big_r_surge,31,168,515,96,251,49,46,10,37,7,16,24,131,43
20260808,D_big_r_surge,32,158,528,103,267,52,46,7,44,3,18,19,131,43
20260808,D_big_r_surge,33,152,540,109,279,53,44,13,43,0,18,18,131,43
20260808,D_big_r_surge,34,156,558,114,288,54,39,11,49,1,18,17,131,43
20260808,D_big_r_surge,35,151,573,117,305,55,37,8,54,1,18,14,131,43
20260808,D_big_r_surge,36,153,593,122,318,56,32,8,58,2,18,13,131,43
20260808,D_big_r_surge,37,154,609,125,330,60,30,8,57,5,18,15,131,43
20260808,D_big_r_surge,38,152,624,128,344,64,33,6,58,3,18,16,131,43
20260808,D_big_r_surge,39,149,638,134,355,68,34,9,57,0,16,17,131,43
20260808,D_big_r_surge,40,153,656,136,367,71,35,8,57,0,15,18,131,43
20260808,D_big_r_surge,41,148,675,140,387,74,34,6,60,0,9,21,131,43
20260808,D_big_r_surge,42,162,694,145,387,77,32,9,59,0,9,23,131,43
20260808,D_big_r_surge,43,166,713,149,398,82,32,9,58,1,9,26,131,43
20260808,D_big_r_surge,44,167,732,157,408,88,30,12,57,1,9,27,131,43
20260808,D_big_r_surge,45,168,744,161,415,94,33,12,55,0,9,27,131,43
20260808,D_big_r_surge,46,173,762,162,427,98,36,5,59,0,9,26,131,43
20260808,D_big_r_surge,47,178,781,165,438,100,35,4,61,0,9,24,131,43
20260808,D_big_r_surge,48,178,798,166,454,101,35,4,61,0,9,23,131,43
20260808,D_big_r_surge,49,183,818,167,468,103,36,2,62,0,9,22,131,43
20260808,D_big_r_surge,50,182,835,171,482,109,37,5,57,1,9,23,126,43
20260808,D_big_r_surge,51,186,853,172,495,114,41,5,53,1,9,23,126,43
20260808,D_big_r_surge,52,187,870,177,506,119,42,6,52,0,9,24,126,43
20260808,D_big_r_surge,53,183,888,180,525,122,42,8,50,0,9,26,126,43
20260808,D_big_r_surge,54,183,904,182,539,125,42,5,52,1,9,24,126,43
20260808,D_big_r_surge,55,178,919,187,554,127,39,7,53,1,9,23,131,43
20260808,D_big_r_surge,56,183,939,189,567,131,42,7,51,0,9,24,131,43
20260808,D_big_r_surge,57,183,951,195,573,138,43,8,49,0,9,24,131,43
20260808,D_big_r_surge,58,177,964,196,591,141,45,7,48,0,9,25,131,43
20260808,D_big_r_surge,59,178,983,198,607,148,50,3,47,0,9,27,131,43
20260808,D_big_r_surge,60,175,1002,204,623,151,46,8,45,1,13,24,131,43
20260808,D_big_r_surge,61,170,1019,208,641,157,48,10,41,1,16,20,131,43
20260808,D_big_r_surge,62,166,1033,213,654,161,47,9,43,1,18,20,131,43
20260808,D_big_r_surge,63,165,1053,216,672,166,49,8,42,1,18,16,131,43
20260808,D_big_r_surge,64,163,1069,219,687,168,49,6,45,0,18,13,131,43
20260808,D_big_r_surge,65,158,1084,222,704,173,51,6,43,0,18,11,131,43
20260808,D_big_r_surge,66,160,1103,226,717,175,49,7,44,0,18,13,131,43
20260808,D_big_r_surge,67,159,1115,228,728,176,48,6,46,0,18,14,131,43
20260808,D_big_r_surge,68,154,1131,231,746,177,45,5,49,1,17,16,131,43
20260808,D_big_r_surge,69,160,1149,235,754,179,41,7,49,3,17,18,131,43
20260808,D_big_r_surge,70,162,1167,240,765,180,38,9,51,2,13,19,131,43
20260808,D_big_r_surge,71,153,1180,246,781,181,34,11,54,1,9,20,131,43
20260808,D_big_r_surge,72,158,1194,249,787,188,38,9,52,1,9,22,131,43
20260808,D_big_r_surge,73,156,1213,256,801,193,37,10,53,0,9,21,131,43
20260808,D_big_r_surge,74,160,1232,260,812,199,39,11,50,0,9,22,131,43
20260808,D_big_r_surge,75,153,1245,263,829,204,41,7,52,0,9,22,131,43
20260808,D_big_r_surge,76,151,1258,266,841,206,40,6,54,0,9,21,131,43
20260808,D_big_r_surge,77,150,1271,268,853,209,41,5,54,0,9,21,131,43
20260808,D_big_r_surge,78,150,1290,272,868,211,39,6,55,0,9,20,131,43
20260808,D_big_r_surge,79,156,1307,273,878,215,42,5,53,0,9,21,131,43
20260808,D_big_r_surge,80,162,1326,276,888,221,45,4,51,0,9,22,131,43
20260808,D_big_r_surge,81,159,1344,282,903,225,40,9,48,3,9,22,131,43
20260808,D_big_r_surge,82,156,1356,285,915,229,39,9,47,5,9,22,131,43
20260808,D_big_r_surge,83,160,1372,291,921,231,38,9,51,2,9,22,131,43
20260808,D_big_r_surge,84,160,1386,296,930,235,39,11,50,0,9,22,131,43
20260808,D_big_r_surge,85,156,1398,298,944,239,41,7,52,0,9,22,131,43
20260808,D_big_r_surge,86,155,1414,300,959,244,44,4,52,0,9,24,131,43
20260808,D_big_r_surge,87,158,1430,302,970,245,42,4,53,1,9,26,131,43
20260808,D_big_r_surge,88,160,1448,308,980,248,39,8,52,1,9,25,131,43
20260808,D_big_r_surge,89,164,1466,311,991,254,43,9,48,0,9,28,131,43
20260808,D_big_r_surge,90,166,1486,314,1006,259,43,6,49,2,14,24,131,43
20260808,D_big_r_surge,91,159,1499,318,1022,263,43,7,48,2,16,21,131,43
20260808,D_big_r_surge,92,153,1512,323,1036,267,44,9,47,0,18,19,131,43
20260808,D_big_r_surge,93,155,1530,326,1049,268,41,8,50,1,18,18,131,43
20260808,D_big_r_surge,94,165,1550,328,1057,271,42,5,52,1,18,16,131,43
20260808,D_big_r_surge,95,160,1564,333,1071,278,44,7,48,1,18,16,131,43
20260808,D_big_r_surge,96,165,1583,336,1082,282,45,8,46,1,18,16,131,43
20260808,D_big_r_surge,97,173,1603,338,1092,282,44,5,51,0,18,19,131,43
20260808,D_big_r_surge,98,175,1623,342,1106,284,42,6,52,0,18,24,131,43
20260808,D_big_r_surge,99,176,1641,346,1119,292,46,8,46,0,16,24,131,43
20260808,D_big_r_surge,100,174,1653,348,1131,297,48,6,45,1,13,25,121,40
20260808,D_big_r_surge,101,169,1669,352,1148,299,46,6,47,1,9,26,121,40
20260808,D_big_r_surge,102,173,1685,354,1158,300,46,6,48,0,9,23,121,40
20260808,D_big_r_surge,103,173,1699,357,1169,302,45,5,50,0,9,27,121,40
20260808,D_big_r_surge,104,178,1718,359,1181,305,46,5,49,0,9,28,121,40
20260808,D_big_r_surge,105,177,1735,362,1196,308,46,5,49,0,9,27,131,43
20260808,D_big_r_surge,106,177,1754,366,1211,313,47,7,46,0,9,26,131,43
20260808,D_big_r_surge,107,178,1771,373,1220,316,43,11,46,0,9,26,131,43
20260808,D_big_r_surge,108,176,1787,376,1235,322,45,10,44,1,9,24,131,43
20260808,D_big_r_surge,109,168,1799,378,1253,323,44,5,50,1,9,24,131,43
20260808,D_big_r_surge,110,166,1816,384,1266,329,45,8,47,0,9,23,131,43
20260808,D_big_r_surge,111,169,1836,386,1281,332,44,8,46,2,9,23,131,43
20260808,D_big_r_surge,112,173,1856,390,1293,334,42,6,50,2,9,25,131,43
20260808,D_big_r_surge,113,168,1868,396,1304,337,41,10,49,0,9,24,131,43
20260808,D_big_r_surge,114,168,1882,396,1318,339,43,6,51,0,9,23,131,43
20260808,D_big_r_surge,115,165,1895,400,1330,344,44,4,52,0,9,23,131,43
20260808,D_big_r_surge,116,155,1908,406,1347,347,41,10,49,0,9,23,131,43
20260808,D_big_r_surge,117,155,1925,407,1363,351,44,7,49,0,9,22,131,43
20260808,D_big_r_surge,118,154,1943,410,1379,354,44,4,52,0,9,21,131,43
20260808,D_big_r_surge,119,153,1957,415,1389,357,42,8,50,0,9,20,131,43
20260808,D_big_r_surge,120,150,1976,423,1403,357,32,13,53,2,14,19,131,43
20260808,D_big_r_surge,121,149,1989,427,1413,361,32,12,54,2,14,17,131,43
20260808,D_big_r_surge,122,151,2009,430,1428,365,35,7,58,0,16,15,131,43
20260808,D_big_r_surge,123,149,2027,434,1444,365,31,7,62,0,18,14,131,43
20260808,D_big_r_surge,124,153,2046,434,1459,368,34,4,62,0,18,12,131,43
20260808,D_big_r_surge,125,156,2060,436,1468,371,35,2,63,0,18,12,121,40
20260808,D_big_r_surge,126,154,2075,441,1480,378,37,7,56,0,17,14,121,40
20260808,D_big_r_surge,127,151,2087,445,1491,380,35,9,56,0,17,14,121,40
20260808,D_big_r_surge,128,160,2105,447,1498,383,34,6,58,2,17,18,121,40
20260808,D_big_r_surge,129,162,2125,449,1514,389,37,4,56,3,15,18,121,40
20260808,D_big_r_surge,130,158,2141,454,1529,392,37,7,55,1,12,22,131,43
20260808,D_big_r_surge,131,162,2157,458,1537,397,38,9,52,1,9,23,131,43
20260808,D_big_r_surge,132,171,2172,461,1540,404,42,7,50,1,9,23,131,43
20260808,D_big_r_surge,133,172,2185,464,1549,406,41,6,52,1,9,23,131,43
20260808,D_big_r_surge,134,163,2200,469,1568,412,42,8,49,1,9,23,131,43
20260808,D_big_r_surge,135,161,2212,470,1581,414,44,6,50,0,9,23,131,43
20260808,D_big_r_surge,136,155,2230,476,1599,414,38,7,55,0,9,22,131,43
20260808,D_big_r_surge,137,153,2246,480,1613,418,37,10,52,1,9,23,131,43
20260808,D_big_r_surge,138,152,2259,482,1625,426,43,6,50,1,9,22,131,43
20260808,D_big_r_surge,139,156,2276,487,1633,428,41,7,52,0,9,22,131,43
20260808,D_big_r_surge,140,154,2293,491,1648,433,42,9,49,0,9,22,131,43
20260808,D_big_r_surge,141,152,2309,491,1666,438,47,4,49,0,9,26,131,43
20260808,D_big_r_surge,142,149,2324,494,1681,442,48,3,49,0,9,23,131,43
20260808,D_big_r_surge,143,148,2344,502,1694,445,43,11,46,0,9,23,131,43
20260808,D_big_r_surge,144,149,2359,504,1706,451,47,10,43,0,9,23,131,43
20260808,D_big_r_surge,145,156,2378,506,1716,454,48,4,48,0,9,24,131,43
20260808,D_big_r_surge,146,160,2395,508,1727,457,49,4,47,0,9,24,131,43
20260808,D_big_r_surge,147,163,2412,512,1737,461,49,6,45,0,9,27,131,43
20260808,D_big_r_surge,148,168,2431,513,1750,462,49,5,46,0,9,28,131,43
20260808,D_big_r_surge,149,171,2448,516,1761,464,48,4,48,0,9,28,131,43
20260808,D_big_r_surge,150,169,2463,524,1770,468,44,11,45,0,11,26,131,43
20260808,D_big_r_surge,151,165,2477,527,1785,472,45,11,44,0,15,22,131,43
20260808,D_big_r_surge,152,169,2497,529,1799,478,48,5,46,1,18,21,131,43
20260808,D_big_r_surge,153,171,2516,532,1813,478,45,5,49,1,18,17,131,43
20260808,D_big_r_surge,154,170,2529,535,1824,485,50,6,44,0,18,15,131,43
20260808,D_big_r_surge,155,166,2541,538,1837,488,50,6,44,0,18,13,126,43
20260808,D_big_r_surge,156,173,2561,539,1849,490,51,4,45,0,18,12,126,43
20260808,D_big_r_surge,157,168,2576,542,1866,493,50,4,45,1,18,14,126,43
20260808,D_big_r_surge,158,166,2592,545,1881,496,50,6,43,1,17,15,126,43
20260808,D_big_r_surge,159,160,2604,551,1893,500,49,9,42,0,17,17,126,43
20260808,D_big_r_surge,160,152,2620,557,1911,504,47,12,41,0,13,20,131,43
20260808,D_big_r_surge,161,147,2632,560,1925,508,47,9,43,1,9,22,131,43
20260808,D_big_r_surge,162,156,2645,560,1929,514,51,3,43,3,9,22,131,43
20260808,D_big_r_surge,163,162,2665,563,1940,517,52,3,43,2,9,24,131,43
20260808,D_big_r_surge,164,155,2679,567,1957,518,50,7,42,1,9,23,131,43
20260808,D_big_r_surge,165,151,2691,570,1970,521,50,7,42,1,9,23,131,43
20260808,D_big_r_surge,166,152,2706,572,1982,524,52,5,43,0,9,23,131,43
20260808,D_big_r_surge,167,153,2721,577,1991,529,52,7,41,0,9,23,131,43
20260808,D_big_r_surge,168,151,2740,579,2010,530,51,7,42,0,9,22,131,43
20260808,D_big_r_surge,169,157,2757,579,2021,532,53,2,45,0,9,23,131,43
20260808,D_big_r_surge,170,160,2774,581,2033,535,54,2,44,0,9,24,131,43
20260808,D_big_r_surge,171,162,2787,584,2041,536,52,5,43,0,9,22,131,43
20260808,D_big_r_surge,172,164,2806,588,2054,539,51,7,42,0,9,23,131,43
20260808,D_big_r_surge,173,167,2819,589,2063,545,56,5,39,0,9,24,131,43
20260808,D_big_r_surge,174,167,2836,593,2076,547,53,5,41,1,9,24,131,43
20260808,D_big_r_surge,175,163,2853,596,2094,548,51,7,41,1,9,22,131,43
20260808,D_big_r_surge,176,165,2870,600,2105,549,49,7,44,0,9,22,131,43
20260808,D_big_r_surge,177,167,2885,604,2114,554,50,8,42,0,9,22,131,43
20260808,D_big_r_surge,178,170,2902,604,2128,555,51,4,45,0,9,22,131,43
20260808,D_big_r_surge,179,175,2919,605,2139,561,56,1,43,0,9,25,131,43
20260808,D_big_r_surge,180,173,2939,611,2155,564,52,7,40,1,12,23,121,40
20260808,D_big_r_surge,181,169,2959,618,2172,569,49,13,36,2,18,19,121,40
20260808,D_big_r_surge,182,165,2974,622,2187,572,49,11,39,1,18,17,121,40
20260808,D_big_r_surge,183,168,2991,625,2198,574,49,7,44,0,18,17,121,40
20260808,D_big_r_surge,184,169,3006,625,2212,574,49,3,48,0,18,14,121,40
20260808,D_big_r_surge,185,171,3025,629,2225,577,48,4,48,0,18,13,131,43
20260808,D_big_r_surge,186,170,3038,631,2237,579,48,6,46,0,18,14,131,43
20260808,D_big_r_surge,187,170,3053,633,2250,585,52,4,44,0,17,18,131,43
20260808,D_big_r_surge,188,169,3068,635,2264,588,52,4,43,1,17,19,131,43
20260808,D_big_r_surge,189,171,3086,640,2275,591,50,7,42,1,16,21,131,43
20260808,D_big_r_surge,190,165,3098,643,2290,595,50,8,40,2,13,23,131,43
20260808,D_big_r_surge,191,160,3114,648,2306,598,48,8,42,2,9,25,131,43
20260808,D_big_r_surge,192,162,3131,653,2316,601,48,10,42,0,9,25,131,43
20260808,D_big_r_surge,193,164,3147,656,2327,605,49,8,43,0,9,23,131,43
20260808,D_big_r_surge,194,164,3161,658,2339,608,49,5,45,1,9,22,131,43
20260808,D_big_r_surge,195,162,3177,661,2354,610,48,5,46,1,9,24,131,43
20260808,D_big_r_surge,196,166,3196,662,2368,610,48,4,48,0,9,23,131,43
20260808,D_big_r_surge,197,163,3212,665,2384,616,50,4,45,1,9,24,131,43
20260808,D_big_r_surge,198,162,3229,670,2397,617,45,8,45,2,9,24,131,43
20260808,D_big_r_surge,199,160,3245,677,2408,623,44,12,42,2,9,25,131,43
20260808,D_big_r_surge,200,157,3259,681,2421,626,43,11,44,2,9,23,131,43
20260808,D_big_r_surge,201,152,3272,686,2434,628,41,9,49,1,9,26,131,43
20260808,D_big_r_surge,202,150,3287,692,2445,631,39,11,50,0,9,26,131,43
20260808,D_big_r_surge,203,147,3300,694,2459,636,41,8,50,1,9,28,131,43
20260808,D_big_r_surge,204,148,3315,695,2472,638,42,3,54,1,9,28,131,43
20260808,D_big_r_surge,205,147,3329,700,2482,641,41,6,53,0,9,26,131,43
20260808,D_big_r_surge,206,151,3344,700,2493,645,44,5,50,1,9,24,131,43
20260808,D_big_r_surge,207,154,3361,702,2505,647,43,2,53,2,9,26,131,43
20260808,D_big_r_surge,208,148,3378,708,2522,651,40,8,49,3,9,25,131,43
20260808,D_big_r_surge,209,147,3398,716,2535,651,33,14,51,2,9,23,131,43
20260808,D_big_r_surge,210,147,3415,723,2545,654,31,15,54,0,11,23,131,43
20260808,D_big_r_surge,211,146,3428,725,2557,658,32,9,58,1,15,21,131,43
20260808,D_big_r_surge,212,147,3441,725,2569,662,36,2,61,1,16,21,131,43
20260808,D_big_r_surge,213,152,3460,729,2579,666,36,4,59,1,16,17,131,43
20260808,D_big_r_surge,214,156,3477,732,2589,671,38,7,54,1,16,16,131,43
20260808,D_big_r_surge,215,159,3491,734,2598,675,41,5,54,0,17,14,131,43
20260808,D_big_r_surge,216,152,3505,741,2612,680,39,9,52,0,17,16,131,43
20260808,D_big_r_surge,217,160,3525,743,2622,682,39,9,52,0,18,17,131,43
20260808,D_big_r_surge,218,158,3540,746,2636,687,40,5,54,1,17,19,131,43
20260808,D_big_r_surge,219,157,3560,753,2650,691,36,10,52,2,16,20,131,43
20260808,D_big_r_surge,220,162,3579,756,2661,696,39,10,50,1,12,23,131,43
20260808,D_big_r_surge,221,156,3591,761,2674,702,41,8,51,0,9,24,131,43
20260808,D_big_r_surge,222,163,3605,762,2680,705,43,6,51,0,9,26,131,43
20260808,D_big_r_surge,223,164,3617,762,2691,708,46,1,53,0,9,27,131,43
20260808,D_big_r_surge,224,167,3634,765,2702,711,46,3,51,0,9,25,131,43
20260808,D_big_r_surge,225,161,3646,767,2718,714,47,5,48,0,9,22,131,43
20260808,D_big_r_surge,226,164,3666,770,2732,715,45,5,50,0,9,21,131,43
20260808,D_big_r_surge,227,165,3684,774,2745,718,44,7,49,0,9,22,131,43
20260808,D_big_r_surge,228,165,3696,776,2755,722,46,6,48,0,9,26,131,43
20260808,D_big_r_surge,229,160,3712,780,2772,726,46,6,48,0,9,26,131,43
20260808,D_big_r_surge,230,159,3729,785,2785,729,44,9,47,0,9,25,131,43
20260808,D_big_r_surge,231,157,3744,786,2801,735,48,6,45,1,9,25,131,43
20260808,D_big_r_surge,232,155,3762,788,2819,741,52,3,44,1,9,26,131,43
20260808,D_big_r_surge,233,157,3779,795,2827,746,51,9,40,0,9,26,131,43
20260808,D_big_r_surge,234,163,3799,800,2836,748,47,12,40,1,9,22,131,43
20260808,D_big_r_surge,235,163,3814,803,2848,750,46,8,45,1,9,22,111,40
20260808,D_big_r_surge,236,162,3830,806,2862,753,46,6,47,1,9,25,111,40
20260808,D_big_r_surge,237,167,3847,809,2871,757,47,6,46,1,9,25,111,40
20260808,D_big_r_surge,238,166,3864,813,2885,760,47,7,46,0,9,25,111,40
20260808,D_big_r_surge,239,160,3877,818,2899,763,45,9,46,0,9,23,111,40
20260808,D_big_r_surge,240,159,3891,821,2911,764,42,8,49,1,11,21,131,43
20260808,D_big_r_surge,241,158,3908,825,2925,767,40,7,51,2,16,16,131,43
20260808,D_big_r_surge,242,155,3920,829,2936,773,43,8,48,1,16,16,131,43
20260808,D_big_r_surge,243,151,3932,831,2950,773,42,6,52,0,16,14,131,43
20260808,D_big_r_surge,244,148,3950,836,2966,776,40,7,53,0,18,13,131,43
20260808,D_big_r_surge,245,148,3962,837,2977,779,41,6,52,1,18,12,131,43
20260808,D_big_r_surge,246,149,3982,843,2990,783,39,7,53,1,18,13,131,43
20260808,D_big_r_surge,247,154,4002,849,2999,789,40,12,48,0,18,14,131,43
20260808,D_big_r_surge,248,147,4014,854,3013,792,38,11,51,0,17,15,131,43
20260808,D_big_r_surge,249,147,4030,856,3027,794,38,7,55,0,16,16,131,43
20260808,D_big_r_surge,250,153,4049,856,3040,795,39,2,59,0,12,18,131,43
20260808,D_big_r_surge,251,154,4063,861,3048,798,36,5,58,1,9,20,131,43
20260808,D_big_r_surge,252,158,4076,866,3052,802,35,10,54,1,9,19,131,43
20260808,D_big_r_surge,253,153,4088,871,3064,811,38,10,50,2,9,21,131,43
20260808,D_big_r_surge,254,156,4102,871,3075,813,40,5,53,2,9,22,131,43
20260808,D_big_r_surge,255,163,4122,876,3083,817,40,5,54,1,9,22,122,43
20260808,D_big_r_surge,256,161,4138,880,3097,821,39,9,50,2,9,21,122,43
20260808,D_big_r_surge,257,164,4152,882,3106,824,41,6,52,1,9,22,122,43
20260808,D_big_r_surge,258,162,4168,886,3120,827,41,6,53,0,9,22,122,43
20260808,D_big_r_surge,259,157,4183,889,3137,833,44,7,49,0,9,22,122,43
20260808,D_big_r_surge,260,168,4203,890,3145,833,43,4,53,0,9,21,131,43
20260808,D_big_r_surge,261,161,4217,896,3160,838,42,7,51,0,9,21,131,43
20260808,D_big_r_surge,262,153,4229,898,3178,840,42,8,50,0,9,21,131,43
20260808,D_big_r_surge,263,162,4249,899,3188,844,45,3,52,0,9,23,131,43
20260808,D_big_r_surge,264,167,4264,900,3197,849,48,2,49,1,9,23,131,43
20260808,D_big_r_surge,265,175,4284,903,3206,856,52,4,43,1,9,25,131,43
20260808,D_big_r_surge,266,172,4296,905,3219,859,54,5,41,0,9,24,131,43
20260808,D_big_r_surge,267,165,4308,908,3235,862,53,5,41,1,9,22,131,43
20260808,D_big_r_surge,268,162,4320,911,3247,867,55,6,38,1,9,21,131,43
20260808,D_big_r_surge,269,160,4332,913,3259,867,52,5,41,2,9,20,131,43
20260808,D_big_r_surge,270,159,4350,917,3274,876,56,6,35,3,14,19,131,43
20260808,D_big_r_surge,271,163,4367,922,3282,879,55,9,34,2,16,17,131,43
20260808,D_big_r_surge,272,156,4381,927,3298,881,53,10,36,1,18,16,131,43
20260808,D_big_r_surge,273,154,4394,931,3309,884,53,9,38,0,18,16,131,43
20260808,D_big_r_surge,274,157,4414,937,3320,889,52,10,38,0,18,14,131,43
20260808,D_big_r_surge,275,153,4433,941,3339,892,51,10,39,0,18,13,131,43
20260808,D_big_r_surge,276,158,4452,942,3352,893,51,5,44,0,18,14,131,43
20260808,D_big_r_surge,277,152,4468,948,3368,895,47,7,46,0,18,15,131,43
20260808,D_big_r_surge,278,155,4488,954,3379,898,44,12,44,0,17,17,131,43
20260808,D_big_r_surge,279,154,4500,956,3390,901,44,8,47,1,14,17,131,43
20260808,D_big_r_surge,280,160,4518,957,3401,903,44,3,51,2,12,21,131,43
20260808,D_big_r_surge,281,159,4530,961,3410,907,45,5,49,1,9,21,131,43
20260808,D_big_r_surge,282,164,4548,964,3420,909,45,7,48,0,9,21,131,43
20260808,D_big_r_surge,283,165,4568,968,3435,911,43,7,50,0,9,24,131,43
20260808,D_big_r_surge,284,170,4584,970,3444,915,45,6,49,0,9,24,131,43
20260808,D_big_r_surge,285,170,4596,972,3454,918,46,4,50,0,9,22,121,40
20260808,D_big_r_surge,286,165,4612,976,3471,922,46,6,48,0,9,22,121,40
20260808,D_big_r_surge,287,162,4627,979,3486,925,46,7,47,0,9,23,121,40
20260808,D_big_r_surge,288,158,4642,982,3502,929,47,6,47,0,9,24,121,40
20260808,D_big_r_surge,289,156,4657,987,3514,934,47,8,45,0,9,26,121,40
20260808,D_big_r_surge,290,157,4675,988,3530,935,47,6,47,0,9,28,126,43
20260808,D_big_r_surge,291,157,4691,994,3540,938,44,7,49,0,9,28,126,43
20260808,D_big_r_surge,292,152,4706,998,3556,944,45,10,44,1,9,24,126,43
20260808,D_big_r_surge,293,160,4725,1000,3565,945,44,6,49,1,9,25,126,43
20260808,D_big_r_surge,294,163,4745,1002,3580,951,49,4,47,0,9,28,126,43
20260808,D_big_r_surge,295,155,4758,1007,3596,953,46,7,47,0,9,25,131,43
20260808,D_big_r_surge,296,157,4775,1011,3607,957,46,9,45,0,9,26,131,43
20260808,D_big_r_surge,297,158,4787,1012,3617,960,47,5,47,1,9,28,131,43
20260808,D_big_r_surge,298,158,4800,1012,3630,962,49,1,49,1,9,26,131,43
20260808,D_big_r_surge,299,161,4818,1018,3639,965,47,6,47,0,9,24,131,43
20260808,D_big_r_surge,300,154,4831,1026,3651,968,40,14,44,2,9,22,131,43
20260808,D_big_r_surge,301,157,4848,1028,3663,969,35,10,49,6,16,18,131,43
20260808,D_big_r_surge,302,154,4867,1036,3677,975,34,10,51,5,18,15,131,43
20260808,D_big_r_surge,303,150,4880,1042,3688,975,31,14,53,2,18,14,131,43
20260808,D_big_r_surge,304,154,4898,1047,3697,982,33,11,54,2,18,14,131,43
20260808,D_big_r_surge,305,150,4910,1049,3711,986,34,7,56,3,18,13,131,43
20260808,D_big_r_surge,306,141,4925,1055,3729,990,33,8,57,2,18,10,131,43
20260808,D_big_r_surge,307,143,4944,1062,3739,993,30,13,56,1,18,13,131,43
20260808,D_big_r_surge,308,146,4963,1064,3753,997,30,9,58,3,18,17,131,43
20260808,D_big_r_surge,309,146,4977,1068,3763,1000,30,6,62,2,15,18,131,43
20260808,D_big_r_surge,310,148,4995,1073,3774,1003,30,9,61,0,14,21,131,43
20260808,D_big_r_surge,311,149,5015,1077,3789,1006,29,9,62,0,9,23,131,43
20260808,D_big_r_surge,312,162,5031,1080,3789,1009,29,7,64,0,9,24,131,43
20260808,D_big_r_surge,313,164,5045,1086,3795,1016,30,9,61,0,9,25,131,43
20260808,D_big_r_surge,314,167,5061,1087,3807,1016,29,7,64,0,9,27,131,43
20260808,D_big_r_surge,315,171,5080,1092,3817,1018,26,6,68,0,9,26,131,43
20260808,D_big_r_surge,316,169,5098,1097,3832,1022,24,10,65,1,9,29,131,43
20260808,D_big_r_surge,317,170,5112,1100,3842,1023,22,8,69,1,9,28,131,43
20260808,D_big_r_surge,318,173,5131,1105,3853,1026,21,8,71,0,9,27,131,43
20260808,D_big_r_surge,319,174,5149,1107,3868,1029,22,7,71,0,9,27,131,43
20260808,D_big_r_surge,320,167,5164,1112,3885,1036,23,7,69,1,9,24,131,43
20260808,D_big_r_surge,321,168,5178,1115,3895,1039,23,8,68,1,9,23,131,43
20260808,D_big_r_surge,322,165,5190,1120,3905,1047,27,8,65,0,9,21,131,43
20260808,D_big_r_surge,323,164,5208,1122,3922,1053,31,7,62,0,9,23,131,43
20260808,D_big_r_surge,324,164,5224,1125,3935,1061,36,5,59,0,9,25,131,43
20260808,D_big_r_surge,325,164,5242,1132,3946,1069,36,10,53,1,9,26,131,43
20260808,D_big_r_surge,326,165,5260,1134,3961,1074,39,9,51,1,9,24,131,43
20260808,D_big_r_surge,327,169,5278,1136,3973,1076,40,4,56,0,9,26,131,43
20260808,D_big_r_surge,328,165,5294,1142,3987,1084,41,8,50,1,9,22,131,43
20260808,D_big_r_surge,329,173,5314,1143,3998,1087,43,7,49,1,9,23,131,43
20260808,D_big_r_surge,330,170,5326,1147,4009,1088,40,5,54,1,10,21,131,43
20260808,D_big_r_surge,331,166,5341,1149,4026,1092,41,6,51,2,17,19,131,43
20260808,D_big_r_surge,332,168,5358,1152,4038,1097,43,5,50,2,17,17,131,43
20260808,D_big_r_surge,333,167,5373,1155,4051,1100,44,6,49,1,18,15,131,43
20260808,D_big_r_surge,334,171,5393,1162,4060,1104,41,10,48,1,18,13,131,43
20260808,D_big_r_surge,335,170,5412,1166,4076,1109,42,11,46,1,18,13,121,40
20260808,D_big_r_surge,336,172,5431,1171,4088,1113,42,9,49,0,18,13,121,40
20260808,D_big_r_surge,337,176,5451,1175,4100,1115,38,9,51,2,18,14,121,40
20260808,D_big_r_surge,338,169,5465,1178,4118,1120,40,7,51,2,17,17,121,40
20260808,D_big_r_surge,339,167,5484,1184,4133,1122,37,9,53,1,17,19,121,40
20260808,D_big_r_surge,340,165,5497,1186,4146,1125,38,8,53,1,13,21,131,43
20260808,D_big_r_surge,341,161,5514,1191,4162,1130,39,7,54,0,9,24,131,43
20260808,D_big_r_surge,342,169,5527,1194,4164,1134,40,8,52,0,9,26,131,43
20260808,D_big_r_surge,343,172,5546,1197,4177,1138,41,6,53,0,9,26,131,43
20260808,D_big_r_surge,344,171,5564,1202,4191,1141,39,8,53,0,9,26,131,43
20260808,D_big_r_surge,345,172,5580,1203,4205,1145,42,6,52,0,9,28,131,43
20260808,D_big_r_surge,346,171,5594,1203,4220,1147,44,1,55,0,9,28,131,43
20260808,D_big_r_surge,347,166,5608,1206,4236,1147,41,3,56,0,9,26,131,43
20260808,D_big_r_surge,348,163,5621,1207,4251,1150,43,4,53,0,9,24,131,43
20260808,D_big_r_surge,349,163,5637,1208,4266,1157,49,2,49,0,9,24,131,43
20260808,D_big_r_surge,350,168,5657,1211,4278,1160,49,4,47,0,9,24,131,43
20260808,D_big_r_surge,351,167,5673,1215,4291,1165,49,7,43,1,9,24,131,43
20260808,D_big_r_surge,352,166,5692,1223,4303,1169,45,12,42,1,9,25,131,43
20260808,D_big_r_surge,353,169,5712,1228,4315,1172,43,13,43,1,9,24,131,43
20260808,D_big_r_surge,354,169,5727,1232,4326,1175,42,9,48,1,9,23,131,43
20260808,D_big_r_surge,355,163,5740,1236,4341,1181,45,8,47,0,9,22,131,43
20260808,D_big_r_surge,356,160,5755,1241,4354,1184,42,9,48,1,9,21,131,43
20260808,D_big_r_surge,357,161,5775,1246,4368,1188,41,10,48,1,9,21,131,43
20260808,D_big_r_surge,358,162,5791,1249,4380,1192,43,8,49,0,9,20,131,43
20260808,D_big_r_surge,359,163,5805,1252,4390,1195,43,6,51,0,9,20,131,43
20260808,D_big_r_surge,360,159,5824,1265,4400,1196,31,16,53,0,10,19,126,43
20260808,D_big_r_surge,361,160,5843,1268,4415,1199,31,16,53,0,15,17,126,43
20260808,D_big_r_surge,362,154,5862,1277,4431,1203,25,12,62,1,17,15,126,43
20260808,D_big_r_surge,363,154,5875,1277,4444,1206,28,9,62,1,18,14,126,43
20260808,D_big_r_surge,364,151,5889,1282,4456,1207,25,5,70,0,18,13,126,43
20260808,D_big_r_surge,365,151,5907,1284,4472,1211,27,7,66,0,18,13,131,43
20260808,D_big_r_surge,366,151,5921,1286,4484,1214,27,4,68,1,18,16,131,43
20260808,D_big_r_surge,367,157,5940,1287,4496,1219,30,3,65,2,18,17,131,43
20260808,D_big_r_surge,368,166,5960,1288,4506,1224,33,2,62,3,18,19,131,43
20260808,D_big_r_surge,369,166,5978,1291,4521,1234,40,4,53,3,16,21,131,43
20260808,D_big_r_surge,370,164,5998,1298,4536,1235,35,10,53,2,12,23,131,43
20260808,D_big_r_surge,371,167,6015,1300,4548,1236,35,9,55,1,9,25,131,43
20260808,D_big_r_surge,372,177,6027,1302,4548,1241,38,4,57,1,9,25,131,43
20260808,D_big_r_surge,373,175,6043,1307,4561,1248,40,7,52,1,9,26,131,43
20260808,D_big_r_surge,374,178,6060,1309,4573,1251,42,7,51,0,9,28,131,43
20260808,D_big_r_surge,375,176,6074,1313,4585,1254,41,6,53,0,9,29,131,43
20260808,D_big_r_surge,376,183,6093,1316,4594,1261,45,7,48,0,9,28,131,43
20260808,D_big_r_surge,377,179,6108,1318,4611,1269,49,5,44,2,9,24,131,43
20260808,D_big_r_surge,378,176,6121,1321,4624,1271,47,5,45,3,9,24,131,43
20260808,D_big_r_surge,379,168,6137,1330,4639,1275,43,12,43,2,9,23,131,43
20260808,D_big_r_surge,380,160,6150,1332,4658,1277,43,11,44,2,9,23,115,42
20260808,D_big_r_surge,381,161,6167,1334,4672,1280,45,4,50,1,9,21,115,42
20260808,D_big_r_surge,382,158,6180,1336,4686,1285,49,4,47,0,9,21,115,42
20260808,D_big_r_surge,383,153,6194,1340,4701,1289,49,6,45,0,9,21,115,42
20260808,D_big_r_surge,384,158,6211,1344,4709,1293,49,8,43,0,9,21,115,42
20260808,D_big_r_surge,385,158,6226,1347,4721,1293,46,7,47,0,9,20,131,43
20260808,D_big_r_surge,386,157,6239,1347,4735,1296,49,3,48,0,9,19,131,43
20260808,D_big_r_surge,387,159,6254,1348,4747,1299,50,1,48,1,9,21,131,43
20260808,D_big_r_surge,388,154,6266,1350,4762,1302,50,3,45,2,9,21,131,43
20260808,D_big_r_surge,389,154,6282,1354,4774,1304,49,6,44,1,9,24,131,43
20260808,D_big_r_surge,390,158,6302,1361,4783,1306,44,11,44,1,14,21,121,40
20260808,D_big_r_surge,391,159,6320,1366,4795,1308,41,12,46,1,17,21,121,40
20260808,D_big_r_surge,392,160,6337,1370,4807,1313,43,9,48,0,18,19,121,40
20260808,D_big_r_surge,393,158,6352,1371,4823,1315,44,5,51,0,18,18,121,40
20260808,D_big_r_surge,394,160,6370,1375,4835,1318,43,5,52,0,18,18,121,40
20260808,D_big_r_surge,395,159,6382,1377,4846,1321,43,6,50,1,18,17,131,43
20260808,D_big_r_surge,396,157,6401,1382,4862,1325,40,7,50,3,18,13,131,43
20260808,D_big_r_surge,397,155,6414,1386,4873,1331,43,9,46,2,18,17,131,43
20260808,D_big_r_surge,398,157,6429,1390,4882,1335,44,8,47,1,18,18,131,43
20260808,D_big_r_surge,399,160,6449,1393,4896,1339,44,7,47,2,15,19,131,43
20260808,D_big_r_surge,400,158,6462,1398,4906,1343,44,8,47,1,11,21,131,43
20260808,D_big_r_surge,401,162,6481,1401,4918,1346,45,8,47,0,9,22,131,43
20260808,D_big_r_surge,402,169,6501,1404,4928,1349,45,6,49,0,9,24,131,43
20260808,D_big_r_surge,403,171,6518,1407,4940,1352,45,6,49,0,9,24,131,43
20260808,D_big_r_surge,404,168,6530,1407,4955,1353,46,3,51,0,9,24,131,43
20260808,D_big_r_surge,405,168,6547,1410,4969,1356,46,3,51,0,9,24,131,43
20260808,D_big_r_surge,406,168,6566,1417,4981,1359,41,10,48,1,9,23,131,43
20260808,D_big_r_surge,407,168,6579,1419,4992,1359,39,9,51,1,9,25,131,43
20260808,D_big_r_surge,408,163,6592,1422,5007,1363,40,5,54,1,9,21,131,43
20260808,D_big_r_surge,409,164,6605,1424,5017,1367,41,5,52,2,9,22,131,43
20260808,D_big_r_surge,410,167,6622,1427,5028,1369,41,5,53,1,9,22,131,43
20260808,D_big_r_surge,411,165,6638,1430,5043,1377,46,6,47,1,9,22,131,43
20260808,D_big_r_surge,412,170,6655,1431,5054,1381,48,4,46,2,9,23,131,43
20260808,D_big_r_surge,413,166,6669,1434,5069,1383,48,4,47,1,9,23,131,43
20260808,D_big_r_surge,414,164,6688,1438,5086,1388,50,7,43,0,9,22,131,43
20260808,D_big_r_surge,415,161,6700,1440,5099,1395,55,6,39,0,9,23,131,43
20260808,D_big_r_surge,416,162,6715,1442,5111,1398,56,4,40,0,9,22,131,43
20260808,D_big_r_surge,417,162,6733,1446,5125,1401,55,6,39,0,9,22,131,43
20260808,D_big_r_surge,418,167,6753,1451,5135,1404,53,9,38,0,9,22,131,43
20260808,D_big_r_surge,419,168,6765,1452,5145,1405,53,6,41,0,9,21,131,43
20260808,D_big_r_surge,420,166,6779,1456,5157,1409,53,5,42,0,11,20,131,43
20260808,D_big_r_surge,421,164,6791,1459,5168,1412,53,7,40,0,16,20,131,43
20260808,D_big_r_surge,422,164,6809,1462,5183,1413,51,6,43,0,17,19,131,43
20260808,D_big_r_surge,423,161,6824,1464,5199,1414,50,5,45,0,18,16,131,43
20260808,D_big_r_surge,424,155,6837,1468,5214,1418,50,6,44,0,18,15,131,43
20260808,D_big_r_surge,425,153,6849,1469,5227,1420,50,5,44,1,18,13,131,43
20260808,D_big_r_surge,426,155,6868,1470,5243,1425,54,2,43,1,18,16,131,43
20260808,D_big_r_surge,427,156,6880,1472,5252,1429,56,3,40,1,18,18,131,43
20260808,D_big_r_surge,428,159,6897,1473,5265,1431,55,3,39,3,18,22,131,43
20260808,D_big_r_surge,429,160,6914,1474,5280,1436,58,2,36,4,17,23,131,43
20260808,D_big_r_surge,430,159,6932,1477,5296,1437,58,4,36,2,12,26,131,43
20260808,D_big_r_surge,431,163,6950,1480,5307,1439,59,6,35,0,9,28,131,43
20260808,D_big_r_surge,432,170,6965,1486,5309,1446,60,9,31,0,9,28,131,43
20260808,D_big_r_surge,433,174,6981,1487,5320,1447,60,7,33,0,9,28,131,43
20260808,D_big_r_surge,434,175,7000,1491,5334,1451,59,5,35,1,9,28,131,43
20260808,D_big_r_surge,435,177,7016,1492,5347,1453,59,5,34,2,9,27,131,43
20260808,D_big_r_surge,436,182,7034,1495,5357,1455,59,4,36,1,9,26,131,43
20260808,D_big_r_surge,437,184,7051,1500,5367,1458,58,8,34,0,9,26,131,43
20260808,D_big_r_surge,438,180,7068,1504,5384,1462,58,9,33,0,9,25,131,43
20260808,D_big_r_surge,439,176,7082,1511,5395,1464,53,11,36,0,9,24,131,43
20260808,D_big_r_surge,440,171,7095,1514,5410,1467,52,10,37,1,9,24,131,43
20260808,D_big_r_surge,441,167,7109,1515,5427,1468,52,4,43,1,9,22,131,43
20260808,D_big_r_surge,442,157,7121,1521,5443,1471,50,7,43,0,9,21,131,43
20260808,D_big_r_surge,443,153,7133,1521,5459,1473,52,6,42,0,9,22,131,43
20260808,D_big_r_surge,444,158,7153,1524,5471,1478,54,3,43,0,9,25,131,43
20260808,D_big_r_surge,445,155,7166,1526,5485,1479,53,5,42,0,9,26,121,40
20260808,D_big_r_surge,446,151,7179,1528,5500,1481,53,4,43,0,9,25,121,40
20260808,D_big_r_surge,447,150,7194,1530,5514,1482,51,4,44,1,9,24,121,40
20260808,D_big_r_surge,448,150,7211,1533,5528,1485,51,5,43,1,9,25,121,40
20260808,D_big_r_surge,449,149,7226,1538,5539,1491,53,8,39,0,9,22,121,40
20260808,D_big_r_surge,450,151,7246,1541,5554,1494,53,8,39,0,15,20,131,43
20260808,D_big_r_surge,451,161,7266,1542,5563,1499,55,4,39,2,17,18,131,43
20260808,D_big_r_surge,452,157,7278,1547,5574,1504,55,6,37,2,17,17,131,43
20260808,D_big_r_surge,453,156,7294,1553,5585,1506,53,11,36,0,18,16,131,43
20260808,D_big_r_surge,454,163,7314,1558,5593,1510,52,11,37,0,18,13,131,43
20260808,D_big_r_surge,455,169,7334,1561,5604,1512,51,8,41,0,18,13,131,43
20260808,D_big_r_surge,456,164,7350,1564,5622,1513,49,6,45,0,18,16,131,43
20260808,D_big_r_surge,457,166,7365,1567,5632,1516,49,6,45,0,18,18,131,43
20260808,D_big_r_surge,458,165,7379,1570,5644,1518,48,6,46,0,18,18,131,43
20260808,D_big_r_surge,459,168,7395,1573,5654,1521,48,6,46,0,17,20,131,43
20260808,D_big_r_surge,460,169,7413,1575,5669,1524,49,5,46,0,12,22,131,43
20260808,D_big_r_surge,461,169,7427,1577,5681,1526,48,4,47,1,9,22,131,43
20260808,D_big_r_surge,462,170,7442,1581,5691,1528,46,6,47,1,9,22,131,43
20260808,D_big_r_surge,463,163,7458,1586,5709,1532,46,9,45,0,9,21,131,43
20260808,D_big_r_surge,464,167,7475,1591,5717,1536,45,10,45,0,9,23,131,43
20260808,D_big_r_surge,465,160,7488,1598,5730,1539,41,12,47,0,9,22,131,43
20260808,D_big_r_surge,466,155,7502,1601,5746,1545,44,10,46,0,9,24,131,43
20260808,D_big_r_surge,467,152,7516,1602,5762,1547,45,4,51,0,9,23,131,43
20260808,D_big_r_surge,468,156,7534,1603,5775,1549,44,2,52,2,9,24,131,43
20260808,D_big_r_surge,469,158,7552,1605,5789,1551,44,3,51,2,9,22,131,43
20260808,D_big_r_surge,470,162,7571,1611,5798,1555,44,8,48,0,9,21,131,43
20260808,D_big_r_surge,471,164,7586,1612,5810,1558,46,7,47,0,9,21,131,43
20260808,D_big_r_surge,472,165,7604,1613,5826,1560,45,2,51,2,9,22,131,43
20260808,D_big_r_surge,473,170,7622,1614,5838,1565,48,2,47,3,9,23,131,43
20260808,D_big_r_surge,474,169,7634,1618,5847,1568,49,5,45,1,9,24,131,43
20260808,D_big_r_surge,475,170,7647,1619,5858,1571,52,5,43,0,9,23,131,43
20260808,D_big_r_surge,476,169,7659,1620,5870,1574,54,2,44,0,9,25,131,43
20260808,D_big_r_surge,477,177,7679,1624,5878,1581,56,5,38,1,9,26,131,43
20260808,D_big_r_surge,478,177,7695,1626,5892,1584,57,6,36,1,9,25,131,43
20260808,D_big_r_surge,479,174,7708,1630,5904,1588,58,6,36,0,9,24,131,43
20260808,D_big_r_surge,480,171,7727,1635,5921,1591,54,9,35,2,13,22,131,43
20260808,D_big_r_surge,481,170,7743,1638,5935,1595,54,8,35,3,17,20,131,43
20260808,D_big_r_surge,482,165,7755,1641,5949,1596,51,6,39,4,18,18,131,43
20260808,D_big_r_surge,483,169,7774,1643,5962,1599,53,5,39,3,18,15,131,43
20260808,D_big_r_surge,484,166,7792,1649,5977,1600,51,8,41,0,18,14,131,43
20260808,D_big_r_surge,485,164,7811,1652,5995,1603,51,9,40,0,18,11,131,43
20260808,D_big_r_surge,486,171,7829,1654,6004,1606,52,5,43,0,18,13,131,43
20260808,D_big_r_surge,487,173,7847,1657,6017,1608,51,5,44,0,18,16,131,43
20260808,D_big_r_surge,488,175,7861,1658,6028,1610,51,4,44,1,18,18,131,43
20260808,D_big_r_surge,489,175,7878,1659,6044,1613,52,2,44,2,16,19,131,43
20260808,D_big_r_surge,490,172,7890,1661,6057,1616,54,3,42,1,13,20,126,43
20260808,D_big_r_surge,491,177,7910,1666,6067,1621,55,7,38,0,9,22,126,43
20260808,D_big_r_surge,492,179,7927,1670,6078,1623,53,9,38,0,9,23,126,43
20260808,D_big_r_surge,493,175,7941,1675,6091,1625,50,9,41,0,9,24,126,43
20260808,D_big_r_surge,494,184,7961,1677,6100,1626,49,7,44,0,9,26,126,43
20260808,D_big_r_surge,495,177,7975,1681,6117,1633,52,6,42,0,9,25,131,43
20260808,D_big_r_surge,496,169,7988,1687,6132,1637,48,10,40,2,9,23,131,43
20260808,D_big_r_surge,497,168,8002,1687,6147,1639,48,6,42,4,9,23,131,43
20260808,D_big_r_surge,498,167,8022,1695,6160,1642,44,8,45,3,10,22,131,43
20260808,D_big_r_surge,499,168,8040,1698,6174,1644,45,11,43,1,10,21,131,43
20260808,D_big_r_surge,500,167,8055,1700,6188,1644,44,5,51,0,10,24,131,43
20260808,D_big_r_surge,501,168,8071,1701,6202,1645,44,3,53,0,10,21,131,43
20260808,D_big_r_surge,502,169,8086,1704,6213,1646,40,4,54,2,10,23,131,43
20260808,D_big_r_surge,503,162,8100,1707,6231,1647,38,6,54,2,9,23,131,43
20260808,D_big_r_surge,504,161,8115,1713,6241,1655,42,9,49,0,9,22,131,43
20260808,D_big_r_surge,505,165,8131,1717,6249,1661,44,10,46,0,9,22,131,43
20260808,D_big_r_surge,506,159,8147,1722,6266,1664,42,9,49,0,9,21,131,43
20260808,D_big_r_surge,507,158,8162,1725,6279,1670,45,8,47,0,9,21,131,43
20260808,D_big_r_surge,508,162,8179,1729,6288,1676,46,7,46,1,9,24,131,43
20260808,D_big_r_surge,509,162,8195,1731,6302,1677,45,6,48,1,9,25,131,43
20260808,D_big_r_surge,510,159,8211,1737,6315,1679,41,8,50,1,12,23,131,43
20260808,D_big_r_surge,511,159,8229,1739,6331,1682,40,8,49,3,15,21,131,43
20260808,D_big_r_surge,512,160,8248,1743,6345,1684,39,6,53,2,18,21,131,43
20260808,D_big_r_surge,513,161,8264,1747,6356,1687,40,8,52,0,18,18,131,43
20260808,D_big_r_surge,514,162,8279,1751,6366,1691,40,8,52,0,18,17,131,43
20260808,D_big_r_surge,515,163,8296,1756,6377,1695,39,9,52,0,18,15,131,43
20260808,D_big_r_surge,516,167,8315,1757,6391,1696,39,6,55,0,18,13,131,43
20260808,D_big_r_surge,517,164,8330,1761,6405,1700,39,5,56,0,17,15,131,43
20260808,D_big_r_surge,518,158,8343,1767,6418,1706,39,10,51,0,17,16,131,43
20260808,D_big_r_surge,519,160,8357,1769,6428,1710,41,8,51,0,15,18,131,43
20260808,D_big_r_surge,520,158,8374,1774,6442,1713,39,7,54,0,13,20,101,38
20260808,D_big_r_surge,521,156,8390,1778,6456,1719,40,9,50,1,9,20,101,38
20260808,D_big_r_surge,522,167,8407,1783,6457,1722,38,9,52,1,9,20,101,38
20260808,D_big_r_surge,523,159,8419,1786,6474,1725,39,8,53,0,9,20,101,38
20260808,D_big_r_surge,524,153,8431,1789,6489,1729,40,6,54,0,9,23,101,38
20260808,D_big_r_surge,525,156,8451,1793,6502,1732,39,7,54,0,9,23,126,43
20260808,D_big_r_surge,526,155,8466,1797,6514,1736,38,8,53,1,9,23,126,43
20260808,D_big_r_surge,527,153,8478,1798,6527,1736,37,5,57,1,9,24,126,43
20260808,D_big_r_surge,528,151,8493,1801,6541,1739,38,4,58,0,9,24,126,43
20260808,D_big_r_surge,529,150,8507,1804,6553,1746,42,6,52,0,9,24,126,43
20260808,D_big_r_surge,530,157,8526,1806,6563,1748,42,5,53,0,9,23,131,43
20260808,D_big_r_surge,531,154,8538,1808,6576,1753,45,4,51,0,9,24,131,43
20260808,D_big_r_surge,532,152,8550,1810,6588,1758,48,4,48,0,9,24,131,43
20260808,D_big_r_surge,533,148,8565,1815,6602,1763,48,7,45,0,9,25,131,43
20260808,D_big_r_surge,534,148,8582,1819,6615,1770,51,9,40,0,9,24,131,43
20260808,D_big_r_surge,535,151,8598,1822,6625,1772,50,7,43,0,9,24,131,43
20260808,D_big_r_surge,536,152,8612,1825,6635,1773,48,6,46,0,9,21,131,43
20260808,D_big_r_surge,537,146,8624,1828,6650,1775,47,6,47,0,9,20,131,43
20260808,D_big_r_surge,538,149,8638,1828,6661,1780,51,3,45,1,9,22,131,43
20260808,D_big_r_surge,539,152,8655,1831,6672,1785,53,3,43,1,9,21,131,43
20260808,D_big_r_surge,540,147,8669,1838,6684,1789,51,10,39,0,12,19,131,43
20260808,D_big_r_surge,541,148,8685,1840,6697,1792,52,9,39,0,17,17,131,43
20260808,D_big_r_surge,542,142,8698,1843,6713,1793,50,5,45,0,18,16,131,43
20260808,D_big_r_surge,543,142,8713,1849,6722,1796,47,9,44,0,18,15,131,43
20260808,D_big_r_surge,544,141,8726,1854,6731,1800,46,11,43,0,18,14,131,43
20260808,D_big_r_surge,545,141,8743,1859,6743,1805,46,10,44,0,18,13,131,43
20260808,D_big_r_surge,546,141,8761,1863,6757,1809,46,9,45,0,18,12,131,43
20260808,D_big_r_surge,547,144,8776,1864,6768,1812,47,5,47,1,18,14,131,43
20260808,D_big_r_surge,548,148,8792,1865,6779,1817,51,2,46,1,18,16,131,43
20260808,D_big_r_surge,549,148,8804,1867,6789,1821,54,3,43,0,18,17,131,43
20260808,D_big_r_surge,550,151,8822,1868,6803,1824,56,3,41,0,12,17,126,43
20260808,D_big_r_surge,551,148,8835,1872,6815,1825,52,5,42,1,9,19,126,43
20260808,D_big_r_surge,552,152,8849,1874,6823,1826,51,6,42,1,9,18,126,43
20260808,D_big_r_surge,553,154,8867,1877,6836,1828,51,5,44,0,9,19,126,43
20260808,D_big_r_surge,554,162,8887,1880,6845,1832,52,6,42,0,9,20,126,43
20260808,D_big_r_surge,555,162,8900,1885,6853,1835,50,8,42,0,9,20,131,43
20260808,D_big_r_surge,556,168,8916,1887,6861,1837,50,7,43,0,9,20,131,43
20260808,D_big_r_surge,557,162,8932,1893,6877,1841,47,8,44,1,9,22,131,43
20260808,D_big_r_surge,558,157,8945,1896,6892,1846,49,9,41,1,9,23,131,43
20260808,D_big_r_surge,559,155,8962,1901,6906,1849,48,8,44,0,9,21,131,43
20260808,D_big_r_surge,560,156,8977,1903,6918,1852,47,7,44,2,9,21,131,43
20260808,D_big_r_surge,561,158,8992,1906,6928,1855,47,5,46,2,9,21,131,43
20260808,D_big_r_surge,562,157,9009,1909,6943,1856,45,6,47,2,9,22,131,43
20260808,D_big_r_surge,563,160,9024,1913,6951,1862,47,7,44,2,9,21,131,43
20260808,D_big_r_surge,564,159,9039,1919,6961,1864,45,10,45,0,9,21,131,43
20260808,D_big_r_surge,565,156,9055,1922,6977,1868,44,9,45,2,9,21,131,43
20260808,D_big_r_surge,566,155,9073,1925,6993,1871,44,6,48,2,9,24,131,43
20260808,D_big_r_surge,567,159,9088,1930,6999,1873,41,8,49,2,9,25,131,43
20260808,D_big_r_surge,568,162,9104,1930,7012,1874,40,5,51,4,9,25,131,43
20260808,D_big_r_surge,569,161,9120,1937,7022,1878,38,7,52,3,9,25,131,43
20260808,D_big_r_surge,570,164,9138,1943,7031,1882,36,13,48,3,13,24,121,43
20260808,D_big_r_surge,571,160,9151,1947,7044,1887,38,10,50,2,16,23,121,43
20260808,D_big_r_surge,572,155,9163,1950,7058,1890,40,7,53,0,17,22,121,43
20260808,D_big_r_surge,573,160,9182,1953,7069,1891,38,6,56,0,18,19,121,43
20260808,D_big_r_surge,574,157,9198,1956,7085,1894,38,6,56,0,18,16,121,43
20260808,D_big_r_surge,575,158,9214,1957,7099,1899,42,4,54,0,18,15,131,43
20260808,D_big_r_surge,576,167,9234,1959,7108,1902,43,3,54,0,18,13,131,43
20260808,D_big_r_surge,577,162,9247,1963,7122,1906,43,6,51,0,18,15,131,43
20260808,D_big_r_surge,578,161,9265,1967,7137,1911,44,8,48,0,18,17,131,43
20260808,D_big_r_surge,579,162,9282,1973,7147,1918,43,10,45,2,14,18,131,43
20260808,D_big_r_surge,580,160,9298,1976,7162,1921,43,9,46,2,12,21,131,43
20260808,D_big_r_surge,581,164,9317,1980,7173,1926,45,7,47,1,9,23,131,43
20260808,D_big_r_surge,582,165,9331,1982,7184,1927,44,6,49,1,9,23,131,43
20260808,D_big_r_surge,583,170,9349,1985,7194,1930,45,5,50,0,9,26,131,43
20260808,D_big_r_surge,584,173,9369,1991,7205,1935,44,9,47,0,9,26,131,43
20260808,D_big_r_surge,585,169,9384,1995,7220,1938,42,10,47,1,9,24,131,43
20260808,D_big_r_surge,586,167,9398,2000,7231,1940,39,9,51,1,9,23,131,43
20260808,D_big_r_surge,587,165,9415,2003,7247,1941,37,8,54,1,9,23,131,43
20260808,D_big_r_surge,588,158,9428,2006,7264,1944,37,6,56,1,9,22,131,43
20260808,D_big_r_surge,589,163,9447,2012,7272,1947,35,9,56,0,9,22,131,43
20260808,D_big_r_surge,590,160,9459,2014,7285,1949,34,8,57,1,9,24,131,43
20260808,D_big_r_surge,591,153,9471,2019,7299,1956,36,7,56,1,9,23,131,43
20260808,D_big_r_surge,592,156,9489,2023,7310,1959,35,9,55,1,9,23,131,43
20260808,D_big_r_surge,593,154,9506,2026,7326,1963,35,7,56,2,9,20,131,43
20260808,D_big_r_surge,594,154,9521,2031,7336,1966,34,8,57,1,9,22,131,43
20260808,D_big_r_surge,595,150,9536,2035,7351,1970,35,9,56,0,9,22,131,43
20260808,D_big_r_surge,596,148,9553,2038,7367,1973,35,7,58,0,9,23,131,43
20260808,D_big_r_surge,597,153,9570,2040,7377,1978,38,5,57,0,9,22,131,43
20260808,D_big_r_surge,598,155,9582,2042,7385,1984,40,4,54,2,9,22,131,43
20260808,D_big_r_surge,599,159,9602,2045,7398,1989,41,5,51,3,9,25,131,43
20260808,D_big_r_surge,600,162,9616,2050,7404,1996,44,8,46,2,11,25,121,40
20260808,E_weak_rebalance,1,16,20,4,0,0,96,4,0,0,0,4,131,43
20260808,E_weak_rebalance,2,28,33,5,0,0,95,5,0,0,2,5,131,43
20260808,E_weak_rebalance,3,40,47,7,0,0,93,3,4,0,4,6,131,43
20260808,E_weak_rebalance,4,55,64,9,0,0,91,4,5,0,8,8,131,43
20260808,E_weak_rebalance,5,74,84,10,0,0,90,3,7,0,9,11,131,43
20260808,E_weak_rebalance,6,83,98,15,0,0,85,6,9,0,9,12,131,43
20260808,E_weak_rebalance,7,97,114,17,0,0,83,7,10,0,9,13,131,43
20260808,E_weak_rebalance,8,114,133,19,0,0,81,4,15,0,9,17,131,43
20260808,E_weak_rebalance,9,130,151,21,0,0,79,4,17,0,9,17,131,43
20260808,E_weak_rebalance,10,138,163,25,0,0,75,6,19,0,9,18,131,43
20260808,E_weak_rebalance,11,139,181,28,14,0,72,7,21,0,9,17,131,43
20260808,E_weak_rebalance,12,143,198,30,25,0,70,5,25,0,9,17,131,43
20260808,E_weak_rebalance,13,146,215,32,37,2,70,4,26,0,9,19,131,43
20260808,E_weak_rebalance,14,146,229,32,51,3,71,2,27,0,9,20,131,43
20260808,E_weak_rebalance,15,138,242,34,70,4,70,2,28,0,9,19,131,43
20260808,E_weak_rebalance,16,146,262,36,80,5,69,4,27,0,9,22,131,43
20260808,E_weak_rebalance,17,147,277,36,94,6,70,2,28,0,9,20,131,43
20260808,E_weak_rebalance,18,144,296,40,112,9,69,4,27,0,9,23,131,43
20260808,E_weak_rebalance,19,139,310,45,126,10,65,9,26,0,9,23,131,43
20260808,E_weak_rebalance,20,145,326,47,134,10,63,7,30,0,9,26,121,40
20260808,E_weak_rebalance,21,145,342,49,148,11,62,4,34,0,9,25,121,40
20260808,E_weak_rebalance,22,145,360,52,163,14,62,5,33,0,9,21,121,40
20260808,E_weak_rebalance,23,148,379,53,178,16,63,4,33,0,9,25,121,40
20260808,E_weak_rebalance,24,153,399,56,190,18,62,4,34,0,9,24,121,40
20260808,E_weak_rebalance,25,159,419,59,201,20,61,6,33,0,9,25,126,43
20260808,E_weak_rebalance,26,155,435,63,217,22,59,7,34,0,9,25,126,43
20260808,E_weak_rebalance,27,156,451,64,231,22,58,5,37,0,9,26,126,43
20260808,E_weak_rebalance,28,151,465,69,245,24,55,6,39,0,9,23,126,43
20260808,E_weak_rebalance,29,153,480,70,257,27,57,6,37,0,9,21,126,43
20260808,E_weak_rebalance,30,151,500,78,271,33,55,9,36,0,9,18,131,43
20260808,E_weak_rebalance,31,152,520,83,285,35,52,13,35,0,13,16,131,43
20260808,E_weak_rebalance,32,147,532,84,301,36,52,6,42,0,13,16,131,43
20260808,E_weak_rebalance,33,145,549,88,316,37,49,5,46,0,14,11,131,43
20260808,E_weak_rebalance,34,144,568,89,335,39,50,5,45,0,15,10,131,43
20260808,E_weak_rebalance,35,143,587,93,351,40,47,5,48,0,14,14,131,43
20260808,E_weak_rebalance,36,145,607,95,367,40,45,6,49,0,12,15,131,43
20260808,E_weak_rebalance,37,145,624,96,383,43,47,3,50,0,9,16,131,43
20260808,E_weak_rebalance,38,147,640,99,394,45,46,4,50,0,9,20,131,43
20260808,E_weak_rebalance,39,151,659,101,407,49,48,5,47,0,9,21,131,43
20260808,E_weak_rebalance,40,155,676,103,418,54,51,4,45,0,9,21,131,43
20260808,E_weak_rebalance,41,156,696,107,433,59,52,6,42,0,9,24,131,43
20260808,E_weak_rebalance,42,163,714,107,444,65,58,4,38,0,9,23,131,43
20260808,E_weak_rebalance,43,163,732,112,457,68,56,5,39,0,9,23,131,43
20260808,E_weak_rebalance,44,157,744,113,474,71,58,6,36,0,9,23,131,43
20260808,E_weak_rebalance,45,160,764,115,489,74,59,3,38,0,9,23,131,43
20260808,E_weak_rebalance,46,155,777,116,506,78,62,3,35,0,9,22,131,43
20260808,E_weak_rebalance,47,152,792,119,521,82,63,4,33,0,9,24,131,43
20260808,E_weak_rebalance,48,149,808,123,536,87,64,7,29,0,9,23,131,43
20260808,E_weak_rebalance,49,147,826,126,553,91,65,7,28,0,9,22,131,43
20260808,E_weak_rebalance,50,148,844,127,569,92,65,4,31,0,9,22,126,43
20260808,E_weak_rebalance,51,146,860,128,586,92,64,2,34,0,9,18,126,43
20260808,E_weak_rebalance,52,146,878,130,602,93,63,3,34,0,9,20,126,43
20260808,E_weak_rebalance,53,147,892,132,613,95,63,4,33,0,9,20,126,43
20260808,E_weak_rebalance,54,153,911,134,624,97,63,4,33,0,9,21,126,43
20260808,E_weak_rebalance,55,148,926,137,641,100,63,5,32,0,9,20,131,43
20260808,E_weak_rebalance,56,145,938,142,651,104,62,8,30,0,9,20,131,43
20260808,E_weak_rebalance,57,144,951,142,665,110,68,5,27,0,9,19,131,43
20260808,E_weak_rebalance,58,148,968,142,678,111,69,0,31,0,9,19,131,43
20260808,E_weak_rebalance,59,146,984,145,693,116,71,3,26,0,9,21,131,43
20260808,E_weak_rebalance,60,141,999,148,710,121,73,6,21,0,9,19,131,43
20260808,E_weak_rebalance,61,132,1011,154,725,122,68,9,23,0,10,17,131,43
20260808,E_weak_rebalance,62,127,1025,157,741,122,65,9,26,0,11,14,131,43
20260808,E_weak_rebalance,63,132,1042,157,753,125,68,3,29,0,13,13,131,43
20260808,E_weak_rebalance,64,127,1059,161,771,125,64,4,32,0,14,11,131,43
20260808,E_weak_rebalance,65,133,1079,164,782,125,61,7,32,0,14,12,131,43
20260808,E_weak_rebalance,66,140,1097,165,792,128,63,4,33,0,14,13,131,43
20260808,E_weak_rebalance,67,140,1111,166,805,130,64,2,34,0,12,15,131,43
20260808,E_weak_rebalance,68,141,1129,167,821,130,63,2,35,0,9,18,131,43
20260808,E_weak_rebalance,69,142,1147,169,836,131,62,3,35,0,9,20,131,43
20260808,E_weak_rebalance,70,152,1167,170,845,131,61,3,36,0,9,22,131,43
20260808,E_weak_rebalance,71,162,1187,171,854,134,63,2,35,0,9,23,131,43
20260808,E_weak_rebalance,72,164,1202,172,866,137,65,2,33,0,9,23,131,43
20260808,E_weak_rebalance,73,158,1215,174,883,142,68,3,29,0,9,24,131,43
20260808,E_weak_rebalance,74,162,1235,176,897,142,66,4,30,0,9,25,131,43
20260808,E_weak_rebalance,75,160,1252,177,915,145,68,3,29,0,9,25,131,43
20260808,E_weak_rebalance,76,157,1269,180,932,149,69,4,27,0,9,23,131,43
20260808,E_weak_rebalance,77,160,1286,182,944,151,69,5,26,0,9,23,131,43
20260808,E_weak_rebalance,78,160,1304,184,960,154,70,4,26,0,9,23,131,43
20260808,E_weak_rebalance,79,158,1322,187,977,154,67,5,28,0,9,23,131,43
20260808,E_weak_rebalance,80,152,1338,190,996,158,68,6,26,0,9,22,131,43
20260808,E_weak_rebalance,81,149,1354,193,1012,163,70,6,24,0,9,21,131,43
20260808,E_weak_rebalance,82,147,1366,193,1026,165,72,3,25,0,9,19,131,43
20260808,E_weak_rebalance,83,149,1382,194,1039,165,71,1,28,0,9,20,131,43
20260808,E_weak_rebalance,84,145,1401,199,1057,165,66,6,28,0,9,20,131,43
20260808,E_weak_rebalance,85,150,1421,201,1070,166,65,7,28,0,9,19,131,43
20260808,E_weak_rebalance,86,147,1433,201,1085,170,69,2,29,0,9,21,131,43
20260808,E_weak_rebalance,87,145,1449,205,1099,173,68,4,28,0,9,19,131,43
20260808,E_weak_rebalance,88,147,1467,206,1114,174,68,5,27,0,9,20,131,43
20260808,E_weak_rebalance,89,141,1481,213,1127,175,62,8,30,0,9,20,131,43
20260808,E_weak_rebalance,90,143,1501,217,1141,177,60,11,29,0,9,18,131,43
20260808,E_weak_rebalance,91,140,1515,219,1156,181,62,6,32,0,12,16,131,43
20260808,E_weak_rebalance,92,143,1533,222,1168,181,59,5,36,0,11,15,131,43
20260808,E_weak_rebalance,93,146,1553,224,1183,182,58,5,37,0,14,13,131,43
20260808,E_weak_rebalance,94,144,1568,227,1197,185,58,5,37,0,15,11,131,43
20260808,E_weak_rebalance,95,145,1587,230,1212,187,57,6,37,0,15,12,131,43
20260808,E_weak_rebalance,96,145,1599,231,1223,188,57,4,39,0,13,13,131,43
20260808,E_weak_rebalance,97,144,1611,231,1236,189,58,1,41,0,11,16,131,43
20260808,E_weak_rebalance,98,142,1629,235,1252,190,55,4,41,0,9,18,131,43
20260808,E_weak_rebalance,99,150,1648,237,1261,194,57,6,37,0,9,19,131,43
20260808,E_weak_rebalance,100,151,1664,237,1276,196,59,2,39,0,9,19,121,40
20260808,E_weak_rebalance,101,144,1676,243,1289,200,57,6,37,0,9,18,121,40
20260808,E_weak_rebalance,102,142,1690,244,1304,204,60,7,33,0,9,20,121,40
20260808,E_weak_rebalance,103,137,1703,245,1321,204,59,2,39,0,9,19,121,40
20260808,E_weak_rebalance,104,138,1718,247,1333,209,62,3,35,0,9,19,121,40
20260808,E_weak_rebalance,105,135,1737,251,1351,211,60,6,34,0,9,20,131,43
20260808,E_weak_rebalance,106,141,1755,253,1361,211,58,6,36,0,9,20,131,43
20260808,E_weak_rebalance,107,142,1770,255,1373,212,57,4,39,0,9,20,131,43
20260808,E_weak_rebalance,108,146,1787,256,1385,217,61,3,36,0,9,21,131,43
20260808,E_weak_rebalance,109,138,1800,259,1403,220,61,4,35,0,9,18,131,43
20260808,E_weak_rebalance,110,138,1816,260,1418,226,66,4,30,0,9,18,131,43
20260808,E_weak_rebalance,111,143,1831,260,1428,227,67,1,32,0,9,18,131,43
20260808,E_weak_rebalance,112,142,1844,260,1442,227,67,0,33,0,9,18,131,43
20260808,E_weak_rebalance,113,146,1862,265,1451,231,66,5,29,0,9,19,131,43
20260808,E_weak_rebalance,114,143,1875,267,1465,232,65,7,28,0,9,19,131,43
20260808,E_weak_rebalance,115,139,1888,269,1480,233,64,4,32,0,9,21,131,43
20260808,E_weak_rebalance,116,137,1904,272,1495,234,62,5,33,0,9,21,131,43
20260808,E_weak_rebalance,117,136,1917,272,1509,236,64,3,33,0,9,19,131,43
20260808,E_weak_rebalance,118,137,1935,275,1523,238,63,3,34,0,9,21,131,43
20260808,E_weak_rebalance,119,139,1951,277,1535,241,64,5,31,0,9,21,131,43
20260808,E_weak_rebalance,120,140,1968,279,1549,242,63,4,33,0,9,19,131,43
20260808,E_weak_rebalance,121,146,1988,279,1563,245,66,2,32,0,11,17,131,43
20260808,E_weak_rebalance,122,147,2005,282,1576,249,67,3,30,0,15,14,131,43
20260808,E_weak_rebalance,123,142,2017,283,1592,251,68,4,28,0,16,12,131,43
20260808,E_weak_rebalance,124,140,2029,286,1603,252,66,4,30,0,15,11,131,43
20260808,E_weak_rebalance,125,143,2046,289,1614,256,67,6,27,0,15,12,121,40
20260808,E_weak_rebalance,126,145,2065,293,1627,256,63,7,30,0,12,14,121,40
20260808,E_weak_rebalance,127,149,2082,293,1640,258,65,4,31,0,11,17,121,40
20260808,E_weak_rebalance,128,152,2102,295,1655,260,65,2,33,0,9,19,121,40
20260808,E_weak_rebalance,129,150,2116,296,1670,262,66,3,31,0,9,20,121,40
20260808,E_weak_rebalance,130,152,2133,297,1684,264,67,2,31,0,9,20,131,43
20260808,E_weak_rebalance,131,148,2152,300,1704,266,66,4,30,0,9,19,131,43
20260808,E_weak_rebalance,132,148,2172,303,1721,267,64,6,30,0,9,20,131,43
20260808,E_weak_rebalance,133,154,2186,303,1729,268,65,3,32,0,9,19,131,43
20260808,E_weak_rebalance,134,157,2201,304,1740,271,67,1,32,0,9,19,131,43
20260808,E_weak_rebalance,135,155,2216,305,1756,275,70,2,28,0,9,19,131,43
20260808,E_weak_rebalance,136,153,2234,310,1771,281,71,6,23,0,9,18,131,43
20260808,E_weak_rebalance,137,150,2249,311,1788,283,72,6,22,0,9,18,131,43
20260808,E_weak_rebalance,138,149,2267,313,1805,285,72,3,25,0,9,17,131,43
20260808,E_weak_rebalance,139,145,2279,317,1817,289,72,6,22,0,9,16,131,43
20260808,E_weak_rebalance,140,144,2295,319,1832,290,71,6,23,0,9,18,131,43
20260808,E_weak_rebalance,141,144,2312,320,1848,290,70,3,27,0,9,19,131,43
20260808,E_weak_rebalance,142,141,2326,320,1865,293,73,1,26,0,9,17,131,43
20260808,E_weak_rebalance,143,144,2343,322,1877,294,72,2,26,0,9,17,131,43
20260808,E_weak_rebalance,144,145,2360,324,1891,295,71,4,25,0,9,19,131,43
20260808,E_weak_rebalance,145,148,2378,326,1904,296,70,4,26,0,9,18,131,43
20260808,E_weak_rebalance,146,150,2397,328,1919,297,69,4,27,0,9,19,131,43
20260808,E_weak_rebalance,147,153,2415,330,1932,298,68,4,28,0,9,19,131,43
20260808,E_weak_rebalance,148,155,2434,331,1948,299,68,3,29,0,9,20,131,43
20260808,E_weak_rebalance,149,159,2452,335,1958,302,67,5,28,0,9,20,131,43
20260808,E_weak_rebalance,150,159,2467,335,1973,303,68,4,28,0,9,18,131,43
20260808,E_weak_rebalance,151,158,2482,336,1988,304,68,1,31,0,10,16,131,43
20260808,E_weak_rebalance,152,159,2497,336,2002,305,69,1,30,0,10,15,131,43
20260808,E_weak_rebalance,153,154,2511,338,2019,309,71,2,27,0,14,14,131,43
20260808,E_weak_rebalance,154,153,2527,339,2035,312,73,3,24,0,14,14,131,43
20260808,E_weak_rebalance,155,152,2543,339,2052,312,73,1,26,0,16,15,126,43
20260808,E_weak_rebalance,156,146,2556,341,2069,315,74,2,24,0,12,17,126,43
20260808,E_weak_rebalance,157,145,2573,343,2085,315,72,4,24,0,9,18,126,43
20260808,E_weak_rebalance,158,141,2590,347,2102,319,72,6,22,0,9,19,126,43
20260808,E_weak_rebalance,159,142,2609,351,2116,321,70,8,22,0,9,20,126,43
20260808,E_weak_rebalance,160,139,2624,357,2128,324,67,10,23,0,9,19,131,43
20260808,E_weak_rebalance,161,142,2644,360,2142,327,67,9,24,0,9,19,131,43
20260808,E_weak_rebalance,162,148,2664,360,2156,330,70,3,27,0,9,19,131,43
20260808,E_weak_rebalance,163,147,2676,362,2167,330,68,2,30,0,9,20,131,43
20260808,E_weak_rebalance,164,146,2691,365,2180,332,67,5,28,0,9,19,131,43
20260808,E_weak_rebalance,165,148,2710,367,2195,334,67,5,28,0,9,21,131,43
20260808,E_weak_rebalance,166,153,2728,369,2206,334,65,4,31,0,9,21,131,43
20260808,E_weak_rebalance,167,154,2748,371,2223,335,64,4,32,0,9,19,131,43
20260808,E_weak_rebalance,168,154,2761,373,2234,337,64,4,32,0,9,17,131,43
20260808,E_weak_rebalance,169,149,2775,376,2250,338,62,5,33,0,9,18,131,43
20260808,E_weak_rebalance,170,153,2792,378,2261,339,61,5,34,0,9,18,131,43
20260808,E_weak_rebalance,171,152,2812,380,2280,343,63,4,33,0,9,18,131,43
20260808,E_weak_rebalance,172,146,2827,383,2298,346,63,5,32,0,9,18,131,43
20260808,E_weak_rebalance,173,150,2844,384,2310,346,62,4,34,0,9,18,131,43
20260808,E_weak_rebalance,174,148,2859,388,2323,348,60,5,35,0,9,18,131,43
20260808,E_weak_rebalance,175,145,2877,392,2340,350,58,8,34,0,9,18,131,43
20260808,E_weak_rebalance,176,143,2890,393,2354,352,59,5,36,0,9,18,131,43
20260808,E_weak_rebalance,177,141,2906,394,2371,353,59,2,39,0,9,18,131,43
20260808,E_weak_rebalance,178,144,2922,396,2382,354,58,3,39,0,9,17,131,43
20260808,E_weak_rebalance,179,147,2939,398,2394,359,61,4,35,0,9,18,131,43
20260808,E_weak_rebalance,180,148,2959,403,2408,364,61,7,32,0,9,15,121,40
20260808,E_weak_rebalance,181,144,2974,405,2425,366,61,7,32,0,10,13,121,40
20260808,E_weak_rebalance,182,146,2991,407,2438,366,59,4,37,0,14,11,121,40
20260808,E_weak_rebalance,183,145,3007,410,2452,370,60,5,35,0,14,11,121,40
20260808,E_weak_rebalance,184,148,3024,413,2463,374,61,6,33,0,14,12,121,40
20260808,E_weak_rebalance,185,147,3044,418,2479,378,60,8,32,0,14,15,131,43
20260808,E_weak_rebalance,186,151,3064,422,2491,382,60,9,31,0,13,18,131,43
20260808,E_weak_rebalance,187,150,3079,424,2505,383,59,6,35,0,11,22,131,43
20260808,E_weak_rebalance,188,147,3091,426,2518,384,58,4,38,0,10,24,131,43
20260808,E_weak_rebalance,189,146,3109,431,2532,387,56,7,37,0,9,27,131,43
20260808,E_weak_rebalance,190,143,3121,433,2545,389,56,7,37,0,8,25,131,43
20260808,E_weak_rebalance,191,146,3138,434,2558,390,56,3,41,0,8,22,131,43
20260808,E_weak_rebalance,192,148,3154,434,2572,393,59,1,40,0,9,21,131,43
20260808,E_weak_rebalance,193,147,3169,435,2587,394,59,1,40,0,9,20,131,43
20260808,E_weak_rebalance,194,146,3185,437,2602,398,61,3,36,0,9,20,131,43
20260808,E_weak_rebalance,195,141,3200,441,2618,401,60,6,34,0,9,17,131,43
20260808,E_weak_rebalance,196,135,3215,445,2635,405,60,8,32,0,9,15,131,43
20260808,E_weak_rebalance,197,133,3227,446,2648,406,60,5,35,0,9,14,131,43
20260808,E_weak_rebalance,198,137,3243,448,2658,408,60,3,37,0,9,16,131,43
20260808,E_weak_rebalance,199,137,3260,450,2673,410,60,4,36,0,9,16,131,43
20260808,E_weak_rebalance,200,137,3272,451,2684,412,61,3,36,0,9,16,131,43
20260808,E_weak_rebalance,201,129,3286,458,2699,416,58,8,34,0,9,16,131,43
20260808,E_weak_rebalance,202,125,3298,459,2714,418,59,8,33,0,9,16,131,43
20260808,E_weak_rebalance,203,129,3316,459,2728,419,60,1,39,0,9,19,131,43
20260808,E_weak_rebalance,204,128,3330,460,2742,421,61,1,38,0,9,21,131,43
20260808,E_weak_rebalance,205,132,3346,461,2753,427,66,2,32,0,9,22,131,43
20260808,E_weak_rebalance,206,132,3360,463,2765,430,67,3,30,0,9,21,131,43
20260808,E_weak_rebalance,207,135,3376,467,2774,430,63,6,31,0,9,22,131,43
20260808,E_weak_rebalance,208,136,3392,470,2786,434,64,7,29,0,9,21,131,43
20260808,E_weak_rebalance,209,136,3408,470,2802,435,65,3,32,0,9,20,131,43
20260808,E_weak_rebalance,210,135,3423,474,2814,438,64,4,32,0,9,19,131,43
20260808,E_weak_rebalance,211,139,3439,475,2825,442,67,5,28,0,10,17,131,43
20260808,E_weak_rebalance,212,142,3458,479,2837,444,65,5,30,0,12,12,131,43
20260808,E_weak_rebalance,213,141,3475,481,2853,445,64,6,30,0,15,10,131,43
20260808,E_weak_rebalance,214,146,3493,482,2865,448,66,3,31,0,16,11,131,43
20260808,E_weak_rebalance,215,143,3509,487,2879,450,63,6,31,0,16,14,131,43
20260808,E_weak_rebalance,216,142,3522,488,2892,450,62,6,32,0,12,16,131,43
20260808,E_weak_rebalance,217,142,3537,491,2904,455,64,4,32,0,9,16,131,43
20260808,E_weak_rebalance,218,142,3550,492,2916,455,63,4,33,0,9,16,131,43
20260808,E_weak_rebalance,219,138,3565,495,2932,455,60,4,36,0,9,19,131,43
20260808,E_weak_rebalance,220,139,3577,497,2941,457,60,5,35,0,9,20,131,43
20260808,E_weak_rebalance,221,143,3595,497,2955,460,63,2,35,0,9,21,131,43
20260808,E_weak_rebalance,222,142,3611,498,2971,463,65,1,34,0,9,19,131,43
20260808,E_weak_rebalance,223,142,3628,500,2986,465,65,3,32,0,9,21,131,43
20260808,E_weak_rebalance,224,135,3641,502,3004,465,63,4,33,0,9,19,131,43
20260808,E_weak_rebalance,225,130,3654,506,3018,469,63,6,31,0,9,19,131,43
20260808,E_weak_rebalance,226,130,3667,507,3030,472,65,5,30,0,9,20,131,43
20260808,E_weak_rebalance,227,131,3681,508,3042,476,68,2,30,0,9,22,131,43
20260808,E_weak_rebalance,228,137,3699,509,3053,478,69,2,29,0,9,19,131,43
20260808,E_weak_rebalance,229,140,3718,511,3067,480,69,3,28,0,9,21,131,43
20260808,E_weak_rebalance,230,144,3734,513,3077,482,69,4,27,0,9,19,131,43
20260808,E_weak_rebalance,231,142,3750,516,3092,485,69,5,26,0,9,16,131,43
20260808,E_weak_rebalance,232,139,3763,518,3106,486,68,5,27,0,9,16,131,43
20260808,E_weak_rebalance,233,138,3781,522,3121,490,68,6,26,0,9,17,131,43
20260808,E_weak_rebalance,234,138,3794,523,3133,493,70,5,25,0,9,17,131,43
20260808,E_weak_rebalance,235,138,3806,524,3144,495,71,2,27,0,9,17,111,40
20260808,E_weak_rebalance,236,140,3819,524,3155,498,74,1,25,0,9,20,111,40
20260808,E_weak_rebalance,237,143,3839,528,3168,498,70,4,26,0,9,20,111,40
20260808,E_weak_rebalance,238,138,3853,530,3185,499,69,6,25,0,9,18,111,40
20260808,E_weak_rebalance,239,132,3867,533,3202,503,70,5,25,0,9,19,111,40
20260808,E_weak_rebalance,240,135,3886,539,3212,506,67,9,24,0,9,17,131,43
20260808,E_weak_rebalance,241,137,3904,541,3226,508,67,8,25,0,10,17,131,43
20260808,E_weak_rebalance,242,139,3919,542,3238,508,66,3,31,0,13,14,131,43
20260808,E_weak_rebalance,243,133,3932,545,3254,508,63,4,33,0,13,11,131,43
20260808,E_weak_rebalance,244,137,3949,545,3267,510,65,3,32,0,14,10,131,43
20260808,E_weak_rebalance,245,141,3968,548,3279,513,65,3,32,0,14,13,131,43
20260808,E_weak_rebalance,246,139,3984,553,3292,515,62,8,30,0,12,13,131,43
20260808,E_weak_rebalance,247,137,3998,554,3307,518,64,6,30,0,9,14,131,43
20260808,E_weak_rebalance,248,133,4011,559,3319,523,64,6,30,0,8,18,131,43
20260808,E_weak_rebalance,249,135,4027,560,3332,523,63,6,31,0,8,23,131,43
20260808,E_weak_rebalance,250,136,4040,562,3342,524,62,3,35,0,9,24,131,43
20260808,E_weak_rebalance,251,141,4060,562,3357,525,63,2,35,0,9,25,131,43
20260808,E_weak_rebalance,252,147,4080,564,3369,527,63,2,35,0,9,26,131,43
20260808,E_weak_rebalance,253,148,4095,568,3379,530,62,6,32,0,9,24,131,43
20260808,E_weak_rebalance,254,144,4110,573,3393,532,59,9,32,0,9,24,131,43
20260808,E_weak_rebalance,255,140,4124,573,3411,532,59,5,36,0,9,22,122,43
20260808,E_weak_rebalance,256,143,4142,575,3424,535,60,2,38,0,9,26,122,43
20260808,E_weak_rebalance,257,144,4155,576,3435,537,61,3,36,0,9,25,122,43
20260808,E_weak_rebalance,258,148,4173,579,3446,539,60,4,36,0,9,23,122,43
20260808,E_weak_rebalance,259,145,4187,581,3461,543,62,5,33,0,9,20,122,43
20260808,E_weak_rebalance,260,150,4205,584,3471,545,61,5,34,0,9,19,131,43
20260808,E_weak_rebalance,261,140,4217,586,3491,548,62,5,33,0,9,18,131,43
20260808,E_weak_rebalance,262,128,4229,591,3510,550,59,7,34,0,9,15,131,43
20260808,E_weak_rebalance,263,132,4246,591,3523,552,61,5,34,0,9,16,131,43
20260808,E_weak_rebalance,264,138,4264,592,3534,555,63,1,36,0,9,18,131,43
20260808,E_weak_rebalance,265,143,4284,594,3547,557,63,3,34,0,9,19,131,43
20260808,E_weak_rebalance,266,143,4300,594,3563,559,65,2,33,0,9,19,131,43
20260808,E_weak_rebalance,267,144,4314,596,3574,562,66,2,32,0,9,19,131,43
20260808,E_weak_rebalance,268,140,4326,596,3590,562,66,2,32,0,9,19,131,43
20260808,E_weak_rebalance,269,141,4341,598,3602,563,65,2,33,0,9,19,131,43
20260808,E_weak_rebalance,270,141,4355,600,3614,566,66,4,30,0,9,17,131,43
20260808,E_weak_rebalance,271,142,4368,601,3625,568,67,3,30,0,10,17,131,43
20260808,E_weak_rebalance,272,140,4382,608,3634,571,63,8,29,0,13,16,131,43
20260808,E_weak_rebalance,273,136,4396,609,3651,572,63,8,29,0,14,14,131,43
20260808,E_weak_rebalance,274,138,4415,610,3667,575,65,2,33,0,15,11,131,43
20260808,E_weak_rebalance,275,135,4433,612,3686,580,68,3,29,0,13,13,131,43
20260808,E_weak_rebalance,276,132,4447,614,3701,584,70,4,26,0,12,14,131,43
20260808,E_weak_rebalance,277,133,4462,614,3715,586,72,2,26,0,9,15,131,43
20260808,E_weak_rebalance,278,141,4482,616,3725,588,72,2,26,0,9,18,131,43
20260808,E_weak_rebalance,279,140,4494,616,3738,590,74,2,24,0,9,20,131,43
20260808,E_weak_rebalance,280,140,4506,617,3749,591,74,1,25,0,9,19,131,43
20260808,E_weak_rebalance,281,146,4524,618,3760,593,75,2,23,0,9,19,131,43
20260808,E_weak_rebalance,282,146,4539,621,3772,595,74,4,22,0,9,18,131,43
20260808,E_weak_rebalance,283,141,4552,625,3786,596,71,7,22,0,9,18,131,43
20260808,E_weak_rebalance,284,137,4568,627,3804,596,69,6,25,0,9,18,131,43
20260808,E_weak_rebalance,285,133,4580,628,3819,598,70,3,27,0,9,18,121,40
20260808,E_weak_rebalance,286,134,4595,630,3831,598,68,3,29,0,9,17,121,40
20260808,E_weak_rebalance,287,136,4610,630,3844,601,71,2,27,0,9,17,121,40
20260808,E_weak_rebalance,288,134,4626,631,3861,602,71,1,28,0,9,19,121,40
20260808,E_weak_rebalance,289,136,4642,633,3873,605,72,3,25,0,9,22,121,40
20260808,E_weak_rebalance,290,140,4658,634,3884,607,73,3,24,0,9,24,126,43
20260808,E_weak_rebalance,291,140,4674,634,3900,611,77,1,22,0,9,24,126,43
20260808,E_weak_rebalance,292,139,4688,635,3914,612,77,1,22,0,9,26,126,43
20260808,E_weak_rebalance,293,144,4708,638,3926,612,74,4,22,0,9,26,126,43
20260808,E_weak_rebalance,294,143,4721,640,3938,614,74,5,21,0,9,24,126,43
20260808,E_weak_rebalance,295,143,4733,641,3949,614,73,3,24,0,9,21,131,43
20260808,E_weak_rebalance,296,144,4748,642,3962,617,75,2,23,0,9,21,131,43
20260808,E_weak_rebalance,297,144,4764,643,3977,617,74,2,24,0,9,20,131,43
20260808,E_weak_rebalance,298,136,4777,648,3993,617,69,6,25,0,9,17,131,43
20260808,E_weak_rebalance,299,136,4795,652,4007,618,66,9,25,0,9,23,131,43
20260808,E_weak_rebalance,300,132,4809,657,4020,623,66,9,25,0,9,19,131,43
20260808,E_weak_rebalance,301,129,4823,658,4036,625,67,6,27,0,10,17,131,43
20260808,E_weak_rebalance,302,131,4840,660,4049,627,67,3,30,0,12,13,131,43
20260808,E_weak_rebalance,303,129,4857,663,4065,629,66,5,29,0,14,11,131,43
20260808,E_weak_rebalance,304,130,4871,666,4075,629,63,6,31,0,12,12,131,43
20260808,E_weak_rebalance,305,133,4885,667,4085,630,63,4,33,0,13,13,131,43
20260808,E_weak_rebalance,306,136,4905,670,4099,631,61,4,35,0,9,16,131,43
20260808,E_weak_rebalance,307,133,4919,672,4114,631,59,5,36,0,10,17,131,43
20260808,E_weak_rebalance,308,134,4932,675,4123,632,57,5,38,0,10,19,131,43
20260808,E_weak_rebalance,309,137,4950,676,4137,636,60,4,36,0,9,19,131,43
20260808,E_weak_rebalance,310,143,4967,678,4146,637,59,3,38,0,9,17,131,43
20260808,E_weak_rebalance,311,139,4979,681,4159,641,60,5,35,0,9,18,131,43
20260808,E_weak_rebalance,312,133,4995,687,4175,646,59,9,32,0,9,16,131,43
20260808,E_weak_rebalance,313,131,5008,688,4189,649,61,7,32,0,9,15,131,43
20260808,E_weak_rebalance,314,134,5022,688,4200,650,62,1,37,0,9,16,131,43
20260808,E_weak_rebalance,315,140,5042,690,4212,650,60,2,38,0,9,17,131,43
20260808,E_weak_rebalance,316,136,5057,692,4229,651,59,4,37,0,9,19,131,43
20260808,E_weak_rebalance,317,138,5071,692,4241,655,63,2,35,0,9,19,131,43
20260808,E_weak_rebalance,318,137,5084,695,4252,658,63,3,34,0,9,20,131,43
20260808,E_weak_rebalance,319,130,5096,699,4267,661,62,7,31,0,9,19,131,43
20260808,E_weak_rebalance,320,133,5116,702,4281,665,63,7,30,0,9,20,131,43
20260808,E_weak_rebalance,321,138,5135,706,4291,669,63,7,30,0,9,19,131,43
20260808,E_weak_rebalance,322,140,5150,708,4302,670,62,6,32,0,9,19,131,43
20260808,E_weak_rebalance,323,145,5168,710,4313,671,61,4,35,0,9,20,131,43
20260808,E_weak_rebalance,324,150,5187,712,4325,673,61,4,35,0,9,20,131,43
20260808,E_weak_rebalance,325,147,5207,716,4344,675,59,6,35,0,9,19,131,43
20260808,E_weak_rebalance,326,147,5220,716,4357,677,61,4,35,0,9,20,131,43
20260808,E_weak_rebalance,327,148,5237,718,4371,678,60,2,38,0,9,19,131,43
20260808,E_weak_rebalance,328,150,5252,721,4381,681,60,5,35,0,9,21,131,43
20260808,E_weak_rebalance,329,158,5272,723,4391,683,60,5,35,0,9,24,131,43
20260808,E_weak_rebalance,330,157,5290,724,4409,685,61,3,36,0,9,22,131,43
20260808,E_weak_rebalance,331,153,5305,726,4426,690,64,3,33,0,11,19,131,43
20260808,E_weak_rebalance,332,154,5322,728,4440,694,66,4,30,0,13,17,131,43
20260808,E_weak_rebalance,333,149,5337,732,4456,696,64,6,30,0,15,16,131,43
20260808,E_weak_rebalance,334,141,5351,736,4474,700,64,8,28,0,14,13,131,43
20260808,E_weak_rebalance,335,138,5367,739,4490,703,64,7,29,0,15,12,121,40
20260808,E_weak_rebalance,336,143,5385,740,4502,704,64,4,32,0,12,14,121,40
20260808,E_weak_rebalance,337,150,5404,741,4513,707,66,2,32,0,10,15,121,40
20260808,E_weak_rebalance,338,149,5417,743,4525,710,67,3,30,0,9,19,121,40
20260808,E_weak_rebalance,339,147,5436,746,4543,711,65,5,30,0,9,21,121,40
20260808,E_weak_rebalance,340,140,5449,749,4560,716,67,6,27,0,9,21,131,43
20260808,E_weak_rebalance,341,140,5463,750,4573,717,67,4,29,0,9,20,131,43
20260808,E_weak_rebalance,342,134,5475,754,4587,717,63,5,32,0,9,20,131,43
20260808,E_weak_rebalance,343,135,5491,757,4599,717,60,7,33,0,9,22,131,43
20260808,E_weak_rebalance,344,141,5510,759,4610,720,61,5,34,0,9,22,131,43
20260808,E_weak_rebalance,345,136,5523,764,4623,722,58,7,35,0,9,22,131,43
20260808,E_weak_rebalance,346,135,5542,768,4639,726,58,9,33,0,9,21,131,43
20260808,E_weak_rebalance,347,133,5559,770,4656,728,58,6,36,0,9,20,131,43
20260808,E_weak_rebalance,348,139,5577,771,4667,728,57,3,40,0,9,17,131,43
20260808,E_weak_rebalance,349,137,5591,772,4682,730,58,2,40,0,9,17,131,43
20260808,E_weak_rebalance,350,143,5608,775,4690,732,57,4,39,0,9,20,131,43
20260808,E_weak_rebalance,351,148,5628,778,4702,737,59,6,35,0,9,21,131,43
20260808,E_weak_rebalance,352,157,5646,781,4708,738,57,6,37,0,9,19,131,43
20260808,E_weak_rebalance,353,157,5662,783,4722,742,59,5,36,0,9,20,131,43
20260808,E_weak_rebalance,354,158,5681,783,4740,742,59,2,39,0,9,21,131,43
20260808,E_weak_rebalance,355,159,5699,788,4752,746,58,5,37,0,9,22,131,43
20260808,E_weak_rebalance,356,156,5713,790,4767,749,59,7,34,0,9,20,131,43
20260808,E_weak_rebalance,357,152,5726,792,4782,754,62,4,34,0,9,20,131,43
20260808,E_weak_rebalance,358,154,5745,793,4798,755,62,3,35,0,9,22,131,43
20260808,E_weak_rebalance,359,159,5763,794,4810,757,63,2,35,0,9,24,131,43
20260808,E_weak_rebalance,360,155,5778,798,4825,761,63,5,32,0,9,23,126,43
20260808,E_weak_rebalance,361,154,5796,803,4839,765,62,9,29,0,11,20,126,43
20260808,E_weak_rebalance,362,152,5814,807,4855,766,59,9,32,0,12,18,126,43
20260808,E_weak_rebalance,363,152,5830,807,4871,768,61,4,35,0,15,16,126,43
20260808,E_weak_rebalance,364,145,5842,807,4890,769,62,0,38,0,14,18,126,43
20260808,E_weak_rebalance,365,143,5855,809,4903,773,64,2,34,0,16,19,131,43
20260808,E_weak_rebalance,366,140,5867,811,4916,774,63,4,33,0,14,22,131,43
20260808,E_weak_rebalance,367,141,5882,813,4928,775,62,4,34,0,12,22,131,43
20260808,E_weak_rebalance,368,136,5896,814,4946,778,64,3,33,0,9,22,131,43
20260808,E_weak_rebalance,369,137,5916,816,4963,780,64,3,33,0,9,23,131,43
20260808,E_weak_rebalance,370,140,5929,816,4973,782,66,2,32,0,9,23,131,43
20260808,E_weak_rebalance,371,138,5943,817,4988,785,68,1,31,0,9,20,131,43
20260808,E_weak_rebalance,372,132,5956,819,5005,786,67,3,30,0,9,17,131,43
20260808,E_weak_rebalance,373,127,5968,820,5021,792,72,3,25,0,9,16,131,43
20260808,E_weak_rebalance,374,129,5984,822,5033,792,70,3,27,0,9,18,131,43
20260808,E_weak_rebalance,375,136,6003,824,5043,794,70,4,26,0,9,20,131,43
20260808,E_weak_rebalance,376,137,6017,827,5053,794,67,5,28,0,9,19,131,43
20260808,E_weak_rebalance,377,135,6030,829,5066,797,68,5,27,0,9,17,131,43
20260808,E_weak_rebalance,378,134,6043,831,5078,800,69,4,27,0,9,18,131,43
20260808,E_weak_rebalance,379,130,6060,835,5095,801,66,6,28,0,9,19,131,43
20260808,E_weak_rebalance,380,128,6072,837,5107,804,67,6,27,0,9,18,115,42
20260808,E_weak_rebalance,381,128,6087,838,5121,805,67,3,30,0,9,16,115,42
20260808,E_weak_rebalance,382,130,6102,843,5129,809,66,6,28,0,9,16,115,42
20260808,E_weak_rebalance,383,129,6115,845,5141,812,67,7,26,0,9,18,115,42
20260808,E_weak_rebalance,384,124,6127,849,5154,813,64,6,30,0,9,19,115,42
20260808,E_weak_rebalance,385,125,6147,851,5171,815,64,6,30,0,9,14,131,43
20260808,E_weak_rebalance,386,129,6163,853,5181,816,63,4,33,0,9,18,131,43
20260808,E_weak_rebalance,387,126,6175,856,5193,819,63,5,32,0,9,16,131,43
20260808,E_weak_rebalance,388,134,6195,858,5203,819,61,5,34,0,9,18,131,43
20260808,E_weak_rebalance,389,134,6212,859,5219,819,60,3,37,0,9,19,131,43
20260808,E_weak_rebalance,390,141,6228,860,5227,822,62,2,36,0,9,17,121,40
20260808,E_weak_rebalance,391,142,6247,864,5241,826,62,5,33,0,11,15,121,40
20260808,E_weak_rebalance,392,145,6263,865,5253,827,62,5,33,0,13,13,121,40
20260808,E_weak_rebalance,393,148,6277,865,5264,830,65,1,34,0,14,12,121,40
20260808,E_weak_rebalance,394,153,6293,867,5273,831,64,2,34,0,16,14,121,40
20260808,E_weak_rebalance,395,149,6311,870,5292,834,64,5,31,0,14,16,131,43
20260808,E_weak_rebalance,396,146,6325,874,5305,836,62,7,31,0,14,17,131,43
20260808,E_weak_rebalance,397,148,6338,874,5316,838,64,4,32,0,12,18,131,43
20260808,E_weak_rebalance,398,143,6356,880,5333,842,62,6,32,0,9,20,131,43
20260808,E_weak_rebalance,399,144,6371,880,5347,843,63,6,31,0,9,23,131,43
20260808,E_weak_rebalance,400,141,6383,881,5361,844,63,1,36,0,9,21,131,43
20260808,E_weak_rebalance,401,134,6395,882,5379,846,64,2,34,0,8,22,131,43
20260808,E_weak_rebalance,402,135,6410,882,5393,849,67,1,32,0,8,21,131,43
20260808,E_weak_rebalance,403,129,6422,886,5407,850,64,4,32,0,8,20,131,43
20260808,E_weak_rebalance,404,133,6440,888,5419,856,68,6,26,0,9,19,131,43
20260808,E_weak_rebalance,405,137,6458,888,5433,859,71,2,27,0,9,21,131,43
20260808,E_weak_rebalance,406,140,6478,894,5444,861,67,6,27,0,9,21,131,43
20260808,E_weak_rebalance,407,142,6493,894,5457,861,67,6,27,0,9,22,131,43
20260808,E_weak_rebalance,408,139,6505,895,5471,861,66,1,33,0,9,22,131,43
20260808,E_weak_rebalance,409,135,6517,896,5486,862,66,2,32,0,9,25,131,43
20260808,E_weak_rebalance,410,141,6533,896,5496,864,68,1,31,0,9,25,131,43
20260808,E_weak_rebalance,411,142,6548,898,5508,868,70,2,28,0,9,23,131,43
20260808,E_weak_rebalance,412,140,6561,898,5523,870,72,2,26,0,9,23,131,43
20260808,E_weak_rebalance,413,146,6577,899,5532,871,72,1,27,0,9,22,131,43
20260808,E_weak_rebalance,414,143,6592,902,5547,875,73,4,23,0,9,22,131,43
20260808,E_weak_rebalance,415,140,6610,906,5564,878,72,7,21,0,9,18,131,43
20260808,E_weak_rebalance,416,136,6625,908,5581,881,73,6,21,0,9,18,131,43
20260808,E_weak_rebalance,417,137,6644,912,5595,886,74,6,20,0,9,18,131,43
20260808,E_weak_rebalance,418,139,6659,914,5606,887,73,6,21,0,9,18,131,43
20260808,E_weak_rebalance,419,143,6678,917,5618,888,71,5,24,0,9,21,131,43
20260808,E_weak_rebalance,420,139,6690,917,5634,889,72,3,25,0,9,18,131,43
20260808,E_weak_rebalance,421,138,6702,917,5647,890,73,0,27,0,9,16,131,43
20260808,E_weak_rebalance,422,137,6715,919,5659,890,71,2,27,0,10,14,131,43
20260808,E_weak_rebalance,423,132,6727,922,5673,890,68,5,27,0,12,12,131,43
20260808,E_weak_rebalance,424,133,6742,925,5684,892,67,6,27,0,15,12,131,43
20260808,E_weak_rebalance,425,138,6761,925,5698,892,67,3,30,0,15,13,131,43
20260808,E_weak_rebalance,426,144,6781,926,5711,892,66,1,33,0,14,15,131,43
20260808,E_weak_rebalance,427,140,6795,927,5728,894,67,2,31,0,10,16,131,43
20260808,E_weak_rebalance,428,139,6809,929,5741,896,67,3,30,0,9,19,131,43
20260808,E_weak_rebalance,429,135,6822,930,5757,897,67,3,30,0,9,22,131,43
20260808,E_weak_rebalance,430,140,6840,933,5767,901,68,4,28,0,9,22,131,43
20260808,E_weak_rebalance,431,145,6857,934,5778,904,70,4,26,0,9,21,131,43
20260808,E_weak_rebalance,432,145,6869,934,5790,906,72,1,27,0,9,22,131,43
20260808,E_weak_rebalance,433,149,6886,936,5801,908,72,2,26,0,9,23,131,43
20260808,E_weak_rebalance,434,152,6905,938,5815,910,72,4,24,0,9,23,131,43
20260808,E_weak_rebalance,435,146,6920,940,5834,914,74,4,22,0,9,21,131,43
20260808,E_weak_rebalance,436,145,6940,942,5853,917,75,4,21,0,9,22,131,43
20260808,E_weak_rebalance,437,147,6957,945,5865,918,73,5,22,0,9,21,131,43
20260808,E_weak_rebalance,438,150,6973,945,5878,919,74,3,23,0,9,22,131,43
20260808,E_weak_rebalance,439,152,6990,948,5890,919,71,3,26,0,9,21,131,43
20260808,E_weak_rebalance,440,152,7007,949,5906,919,70,4,26,0,9,19,131,43
20260808,E_weak_rebalance,441,149,7022,951,5922,920,69,3,28,0,9,19,131,43
20260808,E_weak_rebalance,442,151,7036,951,5934,921,70,2,28,0,9,19,131,43
20260808,E_weak_rebalance,443,151,7051,951,5949,922,71,0,29,0,9,19,131,43
20260808,E_weak_rebalance,444,149,7068,954,5965,926,72,3,25,0,9,18,131,43
20260808,E_weak_rebalance,445,155,7085,954,5976,927,73,3,24,0,9,19,121,40
20260808,E_weak_rebalance,446,155,7104,956,5993,930,74,2,24,0,9,21,121,40
20260808,E_weak_rebalance,447,156,7122,957,6009,930,73,3,24,0,9,18,121,40
20260808,E_weak_rebalance,448,155,7137,957,6025,931,74,1,25,0,9,21,121,40
20260808,E_weak_rebalance,449,156,7155,960,6039,932,72,3,25,0,9,20,121,40
20260808,E_weak_rebalance,450,154,7172,964,6054,935,71,7,22,0,9,18,131,43
20260808,E_weak_rebalance,451,153,7185,964,6068,937,73,4,23,0,9,17,131,43
20260808,E_weak_rebalance,452,147,7200,971,6082,939,68,7,25,0,12,17,131,43
20260808,E_weak_rebalance,453,146,7215,973,6096,940,67,9,24,0,12,16,131,43
20260808,E_weak_rebalance,454,147,7230,973,6110,943,70,2,28,0,14,12,131,43
20260808,E_weak_rebalance,455,146,7246,974,6126,944,70,1,29,0,14,13,131,43
20260808,E_weak_rebalance,456,145,7264,976,6143,947,71,3,26,0,12,16,131,43
20260808,E_weak_rebalance,457,147,7282,977,6158,950,73,3,24,0,10,18,131,43
20260808,E_weak_rebalance,458,149,7300,978,6173,952,74,2,24,0,9,20,131,43
20260808,E_weak_rebalance,459,146,7314,979,6189,952,73,2,25,0,9,21,131,43
20260808,E_weak_rebalance,460,149,7331,981,6201,954,73,3,24,0,9,20,131,43
20260808,E_weak_rebalance,461,152,7346,981,6213,956,75,2,23,0,9,21,131,43
20260808,E_weak_rebalance,462,155,7362,984,6223,956,72,3,25,0,9,21,131,43
20260808,E_weak_rebalance,463,156,7378,985,6237,959,74,4,22,0,9,22,131,43
20260808,E_weak_rebalance,464,153,7390,986,6251,964,78,2,20,0,9,22,131,43
20260808,E_weak_rebalance,465,148,7406,991,6267,965,74,6,20,0,9,21,131,43
20260808,E_weak_rebalance,466,149,7425,993,6283,965,72,7,21,0,9,19,131,43
20260808,E_weak_rebalance,467,148,7443,995,6300,967,72,4,24,0,9,21,131,43
20260808,E_weak_rebalance,468,145,7458,996,6317,969,73,3,24,0,9,19,131,43
20260808,E_weak_rebalance,469,144,7470,996,6330,969,73,1,26,0,9,18,131,43
20260808,E_weak_rebalance,470,144,7484,996,6344,970,74,0,26,0,9,17,131,43
20260808,E_weak_rebalance,471,142,7497,996,6359,973,77,0,23,0,9,17,131,43
20260808,E_weak_rebalance,472,138,7509,999,6372,975,76,3,21,0,9,19,131,43
20260808,E_weak_rebalance,473,138,7527,1001,6388,977,76,5,19,0,9,17,131,43
20260808,E_weak_rebalance,474,144,7547,1004,6399,978,74,5,21,0,9,19,131,43
20260808,E_weak_rebalance,475,146,7563,1006,6411,981,75,5,20,0,9,20,131,43
20260808,E_weak_rebalance,476,144,7579,1007,6428,983,76,3,21,0,9,20,131,43
20260808,E_weak_rebalance,477,147,7599,1009,6443,983,74,3,23,0,9,19,131,43
20260808,E_weak_rebalance,478,145,7613,1010,6458,986,76,3,21,0,9,19,131,43
20260808,E_weak_rebalance,479,146,7625,1010,6469,989,79,1,20,0,9,20,131,43
20260808,E_weak_rebalance,480,145,7640,1014,6481,990,76,4,20,0,9,18,131,43
20260808,E_weak_rebalance,481,145,7655,1016,6494,992,76,6,18,0,10,17,131,43
20260808,E_weak_rebalance,482,155,7675,1017,6503,993,76,3,21,0,13,15,131,43
20260808,E_weak_rebalance,483,158,7695,1019,6518,993,74,3,23,0,16,14,131,43
20260808,E_weak_rebalance,484,154,7712,1021,6537,993,72,4,24,0,15,13,131,43
20260808,E_weak_rebalance,485,154,7727,1021,6552,994,73,2,25,0,15,13,131,43
20260808,E_weak_rebalance,486,150,7740,1022,6568,996,74,1,25,0,12,13,131,43
20260808,E_weak_rebalance,487,146,7756,1025,6585,997,72,4,24,0,11,19,131,43
20260808,E_weak_rebalance,488,147,7771,1025,6599,998,73,3,24,0,9,21,131,43
20260808,E_weak_rebalance,489,145,7785,1029,6611,1001,72,4,24,0,9,21,131,43
20260808,E_weak_rebalance,490,149,7805,1032,6624,1001,69,7,24,0,9,19,126,43
20260808,E_weak_rebalance,491,148,7819,1034,6637,1002,68,5,27,0,9,21,126,43
20260808,E_weak_rebalance,492,149,7839,1037,6653,1005,68,5,27,0,9,22,126,43
20260808,E_weak_rebalance,493,149,7859,1038,6672,1005,67,4,29,0,9,20,126,43
20260808,E_weak_rebalance,494,149,7875,1039,6687,1007,68,2,30,0,9,20,126,43
20260808,E_weak_rebalance,495,148,7890,1041,6701,1010,69,3,28,0,9,19,131,43
20260808,E_weak_rebalance,496,150,7905,1044,6711,1013,69,5,26,0,8,20,131,43
20260808,E_weak_rebalance,497,148,7920,1047,6725,1015,68,6,26,0,9,21,131,43
20260808,E_weak_rebalance,498,146,7933,1048,6739,1017,69,4,27,0,9,20,131,43
20260808,E_weak_rebalance,499,154,7953,1049,6750,1017,68,2,30,0,9,21,131,43
20260808,E_weak_rebalance,500,151,7969,1051,6767,1018,67,3,30,0,9,19,131,43
20260808,E_weak_rebalance,501,157,7989,1053,6779,1019,66,4,30,0,9,19,131,43
20260808,E_weak_rebalance,502,155,8009,1056,6798,1024,68,5,27,0,9,19,131,43
20260808,E_weak_rebalance,503,155,8027,1057,6815,1025,68,4,28,0,9,20,131,43
20260808,E_weak_rebalance,504,156,8045,1061,6828,1028,67,5,28,0,9,20,131,43
20260808,E_weak_rebalance,505,160,8064,1062,6842,1029,67,5,28,0,9,22,131,43
20260808,E_weak_rebalance,506,161,8080,1065,6854,1032,67,4,29,0,9,22,131,43
20260808,E_weak_rebalance,507,161,8095,1067,6867,1034,67,5,28,0,9,23,131,43
20260808,E_weak_rebalance,508,162,8110,1070,6878,1038,68,5,27,0,9,24,131,43
20260808,E_weak_rebalance,509,159,8126,1071,6896,1040,69,4,27,0,9,21,131,43
20260808,E_weak_rebalance,510,157,8139,1072,6910,1041,69,2,29,0,9,21,131,43
20260808,E_weak_rebalance,511,158,8158,1072,6928,1044,72,1,27,0,10,20,131,43
20260808,E_weak_rebalance,512,157,8178,1074,6947,1044,70,2,28,0,14,18,131,43
20260808,E_weak_rebalance,513,154,8195,1076,6965,1045,69,4,27,0,14,16,131,43
20260808,E_weak_rebalance,514,153,8212,1077,6982,1046,69,3,28,0,15,13,131,43
20260808,E_weak_rebalance,515,145,8224,1079,7000,1050,71,3,26,0,16,14,131,43
20260808,E_weak_rebalance,516,149,8244,1082,7013,1052,70,5,25,0,13,14,131,43
20260808,E_weak_rebalance,517,149,8259,1083,7027,1055,72,4,24,0,11,18,131,43
20260808,E_weak_rebalance,518,147,8272,1085,7040,1056,71,3,26,0,9,19,131,43
20260808,E_weak_rebalance,519,151,8292,1088,7053,1059,71,5,24,0,9,20,131,43
20260808,E_weak_rebalance,520,151,8305,1090,7064,1062,72,5,23,0,9,21,101,38
20260808,E_weak_rebalance,521,143,8318,1093,7082,1063,70,5,25,0,9,21,101,38
20260808,E_weak_rebalance,522,137,8332,1095,7100,1066,71,5,24,0,9,20,101,38
20260808,E_weak_rebalance,523,141,8352,1096,7115,1066,70,3,27,0,9,21,101,38
20260808,E_weak_rebalance,524,143,8369,1097,7129,1066,69,2,29,0,9,20,101,38
20260808,E_weak_rebalance,525,142,8381,1100,7139,1067,67,4,29,0,9,23,126,43
20260808,E_weak_rebalance,526,141,8400,1101,7158,1071,70,4,26,0,9,22,126,43
20260808,E_weak_rebalance,527,143,8416,1101,7172,1075,74,1,25,0,9,20,126,43
20260808,E_weak_rebalance,528,148,8434,1103,7183,1076,73,2,25,0,9,23,126,43
20260808,E_weak_rebalance,529,142,8449,1107,7200,1077,70,6,24,0,9,20,126,43
20260808,E_weak_rebalance,530,145,8464,1109,7210,1078,69,6,25,0,9,21,131,43
20260808,E_weak_rebalance,531,151,8483,1110,7222,1078,68,3,29,0,9,21,131,43
20260808,E_weak_rebalance,532,157,8501,1112,7232,1079,67,3,30,0,9,21,131,43
20260808,E_weak_rebalance,533,156,8521,1114,7251,1082,68,4,28,0,9,25,131,43
20260808,E_weak_rebalance,534,157,8538,1115,7266,1084,69,3,28,0,9,23,131,43
20260808,E_weak_rebalance,535,162,8554,1117,7275,1085,68,3,29,0,9,23,131,43
20260808,E_weak_rebalance,536,159,8573,1120,7294,1087,67,5,28,0,9,23,131,43
20260808,E_weak_rebalance,537,161,8591,1122,7308,1088,66,5,29,0,9,22,131,43
20260808,E_weak_rebalance,538,160,8611,1125,7326,1089,64,5,31,0,9,23,131,43
20260808,E_weak_rebalance,539,162,8626,1129,7335,1093,64,7,29,0,9,23,131,43
20260808,E_weak_rebalance,540,160,8640,1131,7349,1096,65,6,29,0,9,20,131,43
20260808,E_weak_rebalance,541,159,8657,1132,7366,1097,65,3,32,0,11,19,131,43
20260808,E_weak_rebalance,542,160,8675,1134,7381,1100,66,3,31,0,12,16,131,43
20260808,E_weak_rebalance,543,155,8692,1139,7398,1101,62,7,31,0,15,14,131,43
20260808,E_weak_rebalance,544,158,8712,1140,7414,1104,64,6,30,0,16,11,131,43
20260808,E_weak_rebalance,545,163,8731,1142,7426,1106,64,3,33,0,15,13,131,43
20260808,E_weak_rebalance,546,160,8744,1144,7440,1109,65,4,31,0,13,13,131,43
20260808,E_weak_rebalance,547,158,8760,1146,7456,1113,67,4,29,0,10,16,131,43
20260808,E_weak_rebalance,548,160,8780,1147,7473,1113,66,3,31,0,9,18,131,43
20260808,E_weak_rebalance,549,158,8794,1149,7487,1115,66,3,31,0,9,21,131,43
20260808,E_weak_rebalance,550,153,8806,1152,7501,1118,66,5,29,0,9,20,126,43
20260808,E_weak_rebalance,551,151,8822,1154,7517,1120,66,5,29,0,9,24,126,43
20260808,E_weak_rebalance,552,151,8837,1155,7531,1121,66,3,31,0,9,24,126,43
20260808,E_weak_rebalance,553,156,8856,1156,7544,1123,67,2,31,0,9,24,126,43
20260808,E_weak_rebalance,554,149,8870,1157,7564,1124,67,2,31,0,9,22,126,43
20260808,E_weak_rebalance,555,144,8886,1159,7583,1127,68,3,29,0,9,19,131,43
20260808,E_weak_rebalance,556,149,8904,1160,7595,1130,70,3,27,0,9,21,131,43
20260808,E_weak_rebalance,557,151,8923,1162,7610,1131,69,3,28,0,9,20,131,43
20260808,E_weak_rebalance,558,143,8936,1164,7629,1134,70,4,26,0,9,18,131,43
20260808,E_weak_rebalance,559,149,8955,1164,7642,1135,71,2,27,0,9,18,131,43
20260808,E_weak_rebalance,560,149,8968,1167,7652,1136,69,3,28,0,9,19,131,43
20260808,E_weak_rebalance,561,148,8983,1168,7667,1140,72,4,24,0,9,20,131,43
20260808,E_weak_rebalance,562,148,8996,1169,7679,1142,73,2,25,0,9,19,131,43
20260808,E_weak_rebalance,563,143,9013,1174,7696,1146,72,6,22,0,9,21,131,43
20260808,E_weak_rebalance,564,144,9028,1176,7708,1149,73,7,20,0,9,19,131,43
20260808,E_weak_rebalance,565,144,9046,1178,7724,1150,72,4,24,0,9,21,131,43
20260808,E_weak_rebalance,566,142,9063,1181,7740,1151,70,5,25,0,9,19,131,43
20260808,E_weak_rebalance,567,134,9075,1184,7757,1151,67,6,27,0,9,17,131,43
20260808,E_weak_rebalance,568,138,9091,1186,7767,1153,67,5,28,0,9,17,131,43
20260808,E_weak_rebalance,569,136,9111,1189,7786,1155,66,5,29,0,9,17,131,43
20260808,E_weak_rebalance,570,139,9124,1193,7792,1158,65,7,28,0,9,17,121,43
20260808,E_weak_rebalance,571,135,9138,1198,7805,1160,62,9,29,0,9,15,121,43
20260808,E_weak_rebalance,572,136,9151,1198,7817,1160,62,5,33,0,11,15,121,43
20260808,E_weak_rebalance,573,141,9170,1198,7831,1163,65,0,35,0,14,12,121,43
20260808,E_weak_rebalance,574,143,9189,1201,7845,1163,62,3,35,0,16,11,121,43
20260808,E_weak_rebalance,575,142,9205,1203,7860,1163,60,5,35,0,12,13,131,43
20260808,E_weak_rebalance,576,142,9223,1206,7875,1164,58,5,37,0,10,15,131,43
20260808,E_weak_rebalance,577,150,9242,1207,7885,1166,59,4,37,0,10,16,131,43
20260808,E_weak_rebalance,578,145,9254,1209,7900,1169,60,3,37,0,9,16,131,43
20260808,E_weak_rebalance,579,141,9268,1212,7915,1174,62,5,33,0,9,17,131,43
20260808,E_weak_rebalance,580,143,9281,1212,7926,1175,63,3,34,0,9,20,131,43
20260808,E_weak_rebalance,581,149,9300,1214,7937,1178,64,2,34,0,9,23,131,43
20260808,E_weak_rebalance,582,149,9314,1216,7949,1181,65,4,31,0,9,24,131,43
20260808,E_weak_rebalance,583,144,9331,1219,7968,1183,64,5,31,0,9,22,131,43
20260808,E_weak_rebalance,584,140,9343,1219,7984,1184,65,3,32,0,9,22,131,43
20260808,E_weak_rebalance,585,141,9362,1223,7998,1186,63,4,33,0,9,22,131,43
20260808,E_weak_rebalance,586,137,9375,1224,8014,1190,66,5,29,0,9,23,131,43
20260808,E_weak_rebalance,587,136,9394,1228,8030,1194,66,5,29,0,9,20,131,43
20260808,E_weak_rebalance,588,140,9411,1230,8041,1196,66,6,28,0,9,19,131,43
20260808,E_weak_rebalance,589,146,9428,1230,8052,1196,66,2,32,0,9,19,131,43
20260808,E_weak_rebalance,590,147,9442,1232,8063,1197,65,2,33,0,9,17,131,43
20260808,E_weak_rebalance,591,144,9455,1233,8078,1200,67,3,30,0,9,17,131,43
20260808,E_weak_rebalance,592,142,9467,1234,8091,1201,67,2,31,0,9,18,131,43
20260808,E_weak_rebalance,593,146,9487,1234,8107,1202,68,1,31,0,9,19,131,43
20260808,E_weak_rebalance,594,146,9501,1236,8119,1205,69,2,29,0,9,18,131,43
20260808,E_weak_rebalance,595,144,9515,1237,8134,1208,71,3,26,0,9,17,131,43
20260808,E_weak_rebalance,596,145,9530,1239,8146,1210,71,3,26,0,9,16,131,43
20260808,E_weak_rebalance,597,145,9548,1241,8162,1212,71,4,25,0,9,17,131,43
20260808,E_weak_rebalance,598,142,9562,1243,8177,1214,71,4,25,0,9,16,131,43
20260808,E_weak_rebalance,599,143,9581,1244,8194,1217,73,3,24,0,9,16,131,43
20260808,E_weak_rebalance,600,142,9595,1246,8207,1220,74,3,23,0,9,14,121,40
20260808,F_agile,1,11,12,1,0,0,88,1,0,11,8,2,131,43
20260808,F_agile,2,26,28,2,0,0,77,2,0,21,10,5,131,43
20260808,F_agile,3,32,48,16,0,0,72,15,1,12,10,6,131,43
20260808,F_agile,4,44,68,24,0,0,60,22,2,16,15,8,131,43
20260808,F_agile,5,59,86,27,0,0,54,11,16,19,13,15,131,43
20260808,F_agile,6,68,101,33,0,0,59,9,24,8,12,16,131,43
20260808,F_agile,7,80,113,33,0,0,46,6,27,21,12,17,131,43
20260808,F_agile,8,91,127,36,0,0,41,3,33,23,14,17,131,43
20260808,F_agile,9,106,142,36,0,0,34,3,33,30,19,18,131,43
20260808,F_agile,10,117,158,41,0,0,25,5,36,34,15,22,131,43
20260808,F_agile,11,128,177,49,0,0,30,13,36,21,14,23,131,43
20260808,F_agile,12,140,196,49,7,0,33,8,41,18,19,22,131,43
20260808,F_agile,13,136,211,53,22,0,37,4,49,10,22,21,131,43
20260808,F_agile,14,139,231,57,35,1,37,8,48,7,21,20,131,43
20260808,F_agile,15,133,244,59,52,4,39,6,49,6,19,16,131,43
20260808,F_agile,16,137,260,61,62,8,40,4,49,7,20,17,131,43
20260808,F_agile,17,140,276,63,73,12,40,4,47,9,22,17,131,43
20260808,F_agile,18,143,292,67,82,16,42,6,45,7,23,20,131,43
20260808,F_agile,19,142,305,69,94,16,42,6,47,5,21,23,131,43
20260808,F_agile,20,143,324,72,109,17,35,5,50,10,26,21,121,40
20260808,F_agile,21,141,339,75,123,24,30,6,45,19,31,19,121,40
20260808,F_agile,22,132,351,82,137,29,34,10,43,13,24,18,121,40
20260808,F_agile,23,135,365,85,145,31,35,10,44,11,23,19,121,40
20260808,F_agile,24,137,384,85,162,35,38,3,47,12,24,19,121,40
20260808,F_agile,25,134,399,90,175,39,36,5,46,13,24,21,126,43
20260808,F_agile,26,133,412,91,188,43,31,6,42,21,25,21,126,43
20260808,F_agile,27,130,432,100,202,46,29,10,44,17,20,19,126,43
20260808,F_agile,28,135,450,103,212,49,25,12,42,21,22,19,126,43
20260808,F_agile,29,139,469,109,221,50,20,9,50,21,23,24,126,43
20260808,F_agile,30,140,488,115,233,53,12,12,50,26,25,22,131,43
20260808,F_agile,31,149,508,118,241,57,14,9,52,25,28,21,131,43
20260808,F_agile,32,147,525,126,252,60,20,11,55,14,32,20,131,43
20260808,F_agile,33,146,542,131,265,63,16,13,55,16,30,19,131,43
20260808,F_agile,34,144,562,136,282,67,16,10,59,15,30,14,131,43
20260808,F_agile,35,143,575,140,292,71,6,9,60,25,31,14,131,43
20260808,F_agile,36,144,590,143,303,78,5,7,58,30,33,13,131,43
20260808,F_agile,37,143,610,148,319,81,10,8,59,23,27,16,131,43
20260808,F_agile,38,139,624,154,331,82,16,11,61,12,23,17,131,43
20260808,F_agile,39,130,639,165,344,87,16,17,61,6,18,18,131,43
20260808,F_agile,40,141,651,165,345,92,16,11,62,11,18,21,131,43
20260808,F_agile,41,145,671,167,359,94,19,2,71,8,20,22,131,43
20260808,F_agile,42,143,683,170,370,96,21,5,69,5,20,22,131,43
20260808,F_agile,43,139,695,171,385,99,17,4,68,11,21,19,131,43
20260808,F_agile,44,131,707,174,402,106,19,4,64,13,22,18,131,43
20260808,F_agile,45,134,720,177,409,107,18,6,64,12,22,19,131,43
20260808,F_agile,46,135,734,181,418,108,15,7,66,12,23,20,131,43
20260808,F_agile,47,127,752,187,438,114,15,10,63,12,25,20,131,43
20260808,F_agile,48,128,770,192,450,119,10,11,62,17,26,21,131,43
20260808,F_agile,49,131,789,197,461,125,8,10,62,20,25,21,131,43
20260808,F_agile,50,128,805,205,472,132,7,13,60,20,20,19,126,43
20260808,F_agile,51,124,821,209,488,137,10,12,60,18,17,19,126,43
20260808,F_agile,52,131,839,211,497,141,19,6,64,11,19,19,126,43
20260808,F_agile,53,128,853,218,507,144,18,9,65,8,15,19,126,43
20260808,F_agile,54,129,865,220,516,147,17,9,64,10,15,19,126,43
20260808,F_agile,55,133,882,222,527,153,20,4,65,11,18,19,131,43
20260808,F_agile,56,135,896,225,536,157,20,5,63,12,18,20,131,43
20260808,F_agile,57,142,916,229,545,164,23,7,58,12,19,20,131,43
20260808,F_agile,58,144,934,233,557,169,23,8,56,13,17,21,131,43
20260808,F_agile,59,141,952,238,573,173,16,9,56,19,18,20,131,43
20260808,F_agile,60,138,967,244,585,175,16,11,58,15,21,18,131,43
20260808,F_agile,61,135,982,250,597,178,18,12,60,10,22,16,131,43
20260808,F_agile,62,138,1001,252,611,180,17,8,64,11,23,12,131,43
20260808,F_agile,63,141,1018,256,621,181,11,6,69,14,24,11,131,43
20260808,F_agile,64,150,1038,259,629,186,15,7,66,12,24,13,131,43
20260808,F_agile,65,154,1057,262,641,190,13,6,66,15,26,13,131,43
20260808,F_agile,66,155,1072,266,651,197,10,7,62,21,27,17,131,43
20260808,F_agile,67,148,1088,273,667,199,11,11,63,15,24,17,131,43
20260808,F_agile,68,146,1105,276,683,205,15,10,61,14,24,19,131,43
20260808,F_agile,69,145,1117,277,695,209,17,4,64,15,16,22,131,43
20260808,F_agile,70,148,1134,283,703,216,22,7,60,11,13,22,131,43
20260808,F_agile,71,146,1147,287,714,223,28,10,54,8,15,20,131,43
20260808,F_agile,72,141,1160,290,729,227,28,7,56,9,14,19,131,43
20260808,F_agile,73,142,1179,295,742,230,28,8,57,7,14,21,131,43
20260808,F_agile,74,141,1198,296,761,236,29,6,54,11,16,22,131,43
20260808,F_agile,75,141,1215,299,775,239,27,4,56,13,15,20,131,43
20260808,F_agile,76,144,1233,304,785,243,28,8,53,11,15,20,131,43
20260808,F_agile,77,145,1252,309,798,244,20,10,55,15,16,19,131,43
20260808,F_agile,78,144,1266,313,809,246,17,9,58,16,18,20,131,43
20260808,F_agile,79,144,1281,317,820,254,20,8,55,17,18,18,131,43
20260808,F_agile,80,140,1295,320,835,258,22,7,55,16,19,17,131,43
20260808,F_agile,81,139,1309,325,845,261,25,8,56,11,15,17,131,43
20260808,F_agile,82,142,1326,327,857,264,28,7,56,9,15,18,131,43
20260808,F_agile,83,139,1342,331,872,268,19,6,57,18,17,19,131,43
20260808,F_agile,84,137,1361,335,889,273,14,8,54,24,17,20,131,43
20260808,F_agile,85,137,1380,342,901,277,13,11,54,22,15,20,131,43
20260808,F_agile,86,138,1400,348,914,281,11,13,54,22,19,19,131,43
20260808,F_agile,87,141,1420,351,928,285,7,9,57,27,20,18,131,43
20260808,F_agile,88,142,1437,357,938,291,7,9,57,27,17,18,131,43
20260808,F_agile,89,145,1456,361,950,292,13,10,59,18,16,21,131,43
20260808,F_agile,90,147,1472,365,960,296,21,8,61,10,20,20,131,43
20260808,F_agile,91,148,1489,369,972,298,24,8,63,5,24,17,131,43
20260808,F_agile,92,143,1501,372,986,301,23,7,64,6,26,14,131,43
20260808,F_agile,93,141,1513,376,996,307,21,7,62,10,23,13,131,43
20260808,F_agile,94,143,1533,380,1010,313,21,8,59,12,26,12,131,43
20260808,F_agile,95,142,1551,383,1026,315,24,7,61,8,27,14,131,43
20260808,F_agile,96,142,1566,387,1037,319,27,7,61,5,29,15,131,43
20260808,F_agile,97,144,1586,389,1053,323,28,6,60,6,29,18,131,43
20260808,F_agile,98,146,1605,392,1067,326,21,5,61,13,25,20,131,43
20260808,F_agile,99,141,1621,396,1084,331,23,7,58,12,17,22,131,43
20260808,F_agile,100,149,1641,397,1095,335,33,5,57,5,18,22,121,40
20260808,F_agile,101,149,1654,399,1106,336,25,3,60,12,19,21,121,40
20260808,F_agile,102,154,1672,402,1116,340,21,5,57,17,17,22,121,40
20260808,F_agile,103,161,1691,403,1127,345,25,4,54,17,20,22,121,40
20260808,F_agile,104,162,1710,407,1141,349,26,5,53,16,21,22,121,40
20260808,F_agile,105,156,1725,415,1154,351,24,12,52,12,18,22,131,43
20260808,F_agile,106,164,1744,415,1165,358,27,8,49,16,18,24,131,43
20260808,F_agile,107,161,1762,419,1182,360,18,4,55,23,23,24,131,43
20260808,F_agile,108,159,1782,423,1200,367,14,8,48,30,24,22,131,43
20260808,F_agile,109,156,1796,427,1213,372,11,8,47,34,21,24,131,43
20260808,F_agile,110,150,1814,434,1230,377,18,11,46,25,22,21,131,43
20260808,F_agile,111,147,1826,439,1240,379,17,12,48,23,21,22,131,43
20260808,F_agile,112,143,1840,441,1256,380,15,7,54,24,21,20,131,43
20260808,F_agile,113,145,1860,444,1271,382,11,5,57,27,22,18,131,43
20260808,F_agile,114,146,1878,446,1286,387,13,5,54,28,21,19,131,43
20260808,F_agile,115,145,1893,449,1299,391,28,5,53,14,21,20,131,43
20260808,F_agile,116,137,1906,453,1316,395,29,7,51,13,20,18,131,43
20260808,F_agile,117,134,1919,456,1329,398,22,7,51,20,19,17,131,43
20260808,F_agile,118,136,1939,462,1341,403,20,9,50,21,21,20,131,43
20260808,F_agile,119,141,1959,464,1354,407,5,8,49,38,26,18,131,43
20260808,F_agile,120,137,1974,469,1368,414,4,7,48,41,29,18,131,43
20260808,F_agile,121,142,1992,474,1376,418,7,10,46,37,30,18,131,43
20260808,F_agile,122,138,2004,480,1386,421,11,11,48,30,29,15,131,43
20260808,F_agile,123,121,2018,496,1401,424,7,22,50,21,26,13,131,43
20260808,F_agile,124,118,2034,499,1417,427,9,19,53,19,26,11,131,43
20260808,F_agile,125,118,2052,505,1429,431,18,9,65,8,23,11,121,40
20260808,F_agile,126,126,2072,506,1440,433,16,7,66,11,30,12,121,40
20260808,F_agile,127,126,2084,509,1449,436,9,4,69,18,30,12,121,40
20260808,F_agile,128,120,2099,516,1463,439,7,10,67,16,28,15,121,40
20260808,F_agile,129,119,2113,519,1475,442,12,10,67,11,21,16,121,40
20260808,F_agile,130,128,2128,525,1475,445,13,9,71,7,20,16,131,43
20260808,F_agile,131,128,2140,529,1483,448,15,10,71,4,19,17,131,43
20260808,F_agile,132,135,2157,529,1493,453,17,4,72,7,21,17,131,43
20260808,F_agile,133,137,2174,532,1505,455,13,3,74,10,21,20,131,43
20260808,F_agile,134,131,2187,535,1521,458,12,6,71,11,20,18,131,43
20260808,F_agile,135,123,2201,541,1537,462,9,9,70,12,15,15,131,43
20260808,F_agile,136,123,2215,543,1549,469,15,8,66,11,14,16,131,43
20260808,F_agile,137,125,2228,544,1559,474,21,3,67,9,16,15,131,43
20260808,F_agile,138,130,2246,547,1569,479,17,4,64,15,16,15,131,43
20260808,F_agile,139,131,2264,554,1579,485,17,10,59,14,18,17,131,43
20260808,F_agile,140,129,2279,559,1591,491,14,12,56,18,18,16,131,43
20260808,F_agile,141,134,2297,564,1599,498,12,10,56,22,18,17,131,43
20260808,F_agile,142,131,2314,569,1614,507,13,10,52,25,15,19,131,43
20260808,F_agile,143,131,2333,575,1627,510,14,11,54,21,12,20,131,43
20260808,F_agile,144,134,2348,579,1635,516,27,10,53,10,14,20,131,43
20260808,F_agile,145,137,2365,583,1645,520,25,8,55,12,14,23,131,43
20260808,F_agile,146,136,2379,585,1658,528,21,6,51,22,14,26,131,43
20260808,F_agile,147,139,2398,592,1667,529,19,9,54,18,12,27,131,43
20260808,F_agile,148,138,2414,593,1683,532,31,8,53,8,16,25,131,43
20260808,F_agile,149,142,2429,594,1693,534,24,2,58,16,16,25,131,43
20260808,F_agile,150,141,2446,602,1703,540,23,9,53,15,22,25,131,43
20260808,F_agile,151,146,2465,603,1716,542,28,9,52,11,25,25,131,43
20260808,F_agile,152,146,2483,607,1730,547,28,5,55,12,25,20,131,43
20260808,F_agile,153,141,2499,610,1748,551,27,7,52,14,26,16,131,43
20260808,F_agile,154,140,2513,615,1758,556,20,8,51,21,22,14,131,43
20260808,F_agile,155,143,2531,618,1770,560,26,8,50,16,22,15,126,43
20260808,F_agile,156,145,2547,620,1782,564,34,5,51,10,23,18,126,43
20260808,F_agile,157,145,2564,622,1797,568,34,4,50,12,26,21,126,43
20260808,F_agile,158,145,2578,624,1809,570,34,4,50,12,25,21,126,43
20260808,F_agile,159,147,2596,626,1823,573,30,4,49,17,19,22,126,43
20260808,F_agile,160,154,2615,631,1830,576,30,7,48,15,19,21,131,43
20260808,F_agile,161,145,2627,634,1848,580,24,8,46,22,18,20,131,43
20260808,F_agile,162,143,2645,638,1864,582,20,7,49,24,17,20,131,43
20260808,F_agile,163,138,2658,644,1876,587,28,10,47,15,14,18,131,43
20260808,F_agile,164,133,2670,647,1890,592,30,9,46,15,15,17,131,43
20260808,F_agile,165,125,2682,651,1906,596,24,7,48,21,14,16,131,43
20260808,F_agile,166,126,2700,656,1918,600,23,9,47,21,16,17,131,43
20260808,F_agile,167,127,2719,661,1931,604,19,10,47,24,16,19,131,43
20260808,F_agile,168,128,2736,668,1940,609,19,12,47,22,15,19,131,43
20260808,F_agile,169,127,2755,673,1955,612,21,12,49,18,16,17,131,43
20260808,F_agile,170,129,2773,674,1970,613,21,6,55,18,20,17,131,43
20260808,F_agile,171,129,2785,686,1970,617,19,13,56,12,20,16,131,43
20260808,F_agile,172,128,2801,690,1983,622,16,16,52,16,20,18,131,43
20260808,F_agile,173,129,2816,693,1994,625,21,7,61,11,19,16,131,43
20260808,F_agile,174,139,2836,695,2002,628,23,5,62,10,20,17,131,43
20260808,F_agile,175,146,2854,696,2012,628,13,3,65,19,22,18,131,43
20260808,F_agile,176,141,2866,700,2025,631,17,5,64,14,21,18,131,43
20260808,F_agile,177,140,2883,704,2039,635,23,8,61,8,20,20,131,43
20260808,F_agile,178,140,2898,706,2052,638,24,6,62,8,19,19,131,43
20260808,F_agile,179,137,2912,709,2066,641,25,5,63,7,18,17,131,43
20260808,F_agile,180,141,2929,709,2079,645,18,3,61,18,29,16,121,40
20260808,F_agile,181,143,2944,713,2088,649,17,4,60,19,32,14,121,40
20260808,F_agile,182,138,2964,726,2100,657,18,17,52,13,30,13,121,40
20260808,F_agile,183,142,2984,730,2112,662,16,17,51,16,32,12,121,40
20260808,F_agile,184,137,2999,737,2125,667,16,11,59,14,34,10,121,40
20260808,F_agile,185,133,3019,748,2138,676,16,18,54,12,31,11,131,43
20260808,F_agile,186,136,3035,752,2147,681,19,15,56,10,31,14,131,43
20260808,F_agile,187,134,3052,757,2161,688,20,9,60,11,35,15,131,43
20260808,F_agile,188,132,3068,762,2174,694,17,10,58,15,35,16,131,43
20260808,F_agile,189,128,3080,766,2186,696,19,9,61,11,26,17,131,43
20260808,F_agile,190,138,3095,770,2187,698,19,8,64,9,26,18,131,43
20260808,F_agile,191,144,3112,773,2195,700,19,7,66,8,27,18,131,43
20260808,F_agile,192,141,3131,778,2212,702,18,8,68,6,28,18,131,43
20260808,F_agile,193,138,3148,781,2229,704,17,8,69,6,27,17,131,43
20260808,F_agile,194,139,3161,784,2238,709,19,6,69,6,28,16,131,43
20260808,F_agile,195,138,3181,788,2255,714,17,7,67,9,25,15,131,43
20260808,F_agile,196,141,3201,793,2267,718,18,9,66,7,24,18,131,43
20260808,F_agile,197,146,3219,796,2277,722,20,8,66,6,24,20,131,43
20260808,F_agile,198,149,3238,800,2289,730,19,7,63,11,21,21,131,43
20260808,F_agile,199,153,3255,802,2300,733,18,6,63,13,22,21,131,43
20260808,F_agile,200,156,3274,808,2310,739,15,8,61,16,20,23,131,43
20260808,F_agile,201,158,3293,812,2323,743,10,10,59,21,21,23,131,43
20260808,F_agile,202,160,3312,816,2336,747,15,8,61,16,21,22,131,43
20260808,F_agile,203,158,3328,819,2351,750,22,7,62,9,19,22,131,43
20260808,F_agile,204,164,3347,821,2362,755,21,5,61,13,21,22,131,43
20260808,F_agile,205,158,3361,824,2379,761,23,5,58,14,21,20,131,43
20260808,F_agile,206,154,3380,830,2396,769,27,9,52,12,18,21,131,43
20260808,F_agile,207,155,3397,832,2410,772,15,8,52,25,22,23,131,43
20260808,F_agile,208,155,3417,836,2426,778,15,6,52,27,20,20,131,43
20260808,F_agile,209,151,3432,842,2439,785,21,10,47,22,21,19,131,43
20260808,F_agile,210,149,3450,848,2453,788,17,12,48,23,27,18,131,43
20260808,F_agile,211,146,3466,853,2467,790,15,11,52,22,24,17,131,43
20260808,F_agile,212,141,3482,860,2481,793,14,12,55,19,31,13,131,43
20260808,F_agile,213,142,3500,863,2495,797,14,10,56,20,32,11,131,43
20260808,F_agile,214,137,3515,870,2508,798,10,10,62,18,33,10,131,43
20260808,F_agile,215,131,3535,884,2520,803,10,21,60,9,31,14,131,43
20260808,F_agile,216,132,3555,888,2535,806,7,18,64,11,31,17,131,43
20260808,F_agile,217,138,3575,892,2545,810,8,8,74,10,33,19,131,43
20260808,F_agile,218,133,3592,895,2564,813,9,7,75,9,30,20,131,43
20260808,F_agile,219,136,3606,898,2572,816,9,6,76,9,27,20,131,43
20260808,F_agile,220,151,3626,902,2573,821,11,7,74,8,24,21,131,43
20260808,F_agile,221,160,3646,905,2581,829,17,7,69,7,23,24,131,43
20260808,F_agile,222,157,3660,911,2592,833,16,9,69,6,18,23,131,43
20260808,F_agile,223,156,3678,914,2608,838,16,9,67,8,20,22,131,43
20260808,F_agile,224,155,3690,915,2620,841,12,4,70,14,24,23,131,43
20260808,F_agile,225,152,3706,919,2635,845,9,5,69,17,23,26,131,43
20260808,F_agile,226,143,3722,927,2652,850,10,12,65,13,18,25,131,43
20260808,F_agile,227,144,3741,928,2669,858,12,9,61,18,21,25,131,43
20260808,F_agile,228,138,3753,932,2683,861,9,5,66,20,19,25,131,43
20260808,F_agile,229,135,3765,941,2689,867,10,13,61,16,17,22,131,43
20260808,F_agile,230,133,3783,943,2707,871,13,11,61,15,19,19,131,43
20260808,F_agile,231,132,3803,947,2724,875,13,6,66,15,23,16,131,43
20260808,F_agile,232,131,3818,952,2735,879,13,9,64,14,25,17,131,43
20260808,F_agile,233,129,3833,959,2745,885,8,12,62,18,26,18,131,43
20260808,F_agile,234,129,3846,965,2752,886,5,13,66,16,23,18,131,43
20260808,F_agile,235,132,3864,967,2765,895,11,8,64,17,27,18,111,40
20260808,F_agile,236,134,3882,969,2779,902,4,4,63,29,32,19,111,40
20260808,F_agile,237,123,3895,978,2794,906,7,11,61,21,24,19,111,40
20260808,F_agile,238,128,3915,983,2804,910,18,14,59,9,24,20,111,40
20260808,F_agile,239,134,3934,988,2812,915,20,10,63,7,25,22,111,40
20260808,F_agile,240,134,3948,989,2825,916,14,6,67,13,33,19,131,43
20260808,F_agile,241,132,3964,993,2839,924,12,5,64,19,35,17,131,43
20260808,F_agile,242,131,3979,999,2849,930,9,10,59,22,31,14,131,43
20260808,F_agile,243,128,3991,1003,2860,932,12,10,61,17,28,13,131,43
20260808,F_agile,244,130,4009,1009,2870,937,12,10,62,16,28,12,131,43
20260808,F_agile,245,132,4024,1011,2881,940,11,8,63,18,27,11,131,43
20260808,F_agile,246,129,4038,1017,2892,943,13,8,66,13,28,12,131,43
20260808,F_agile,247,132,4053,1018,2903,948,13,7,63,17,29,15,131,43
20260808,F_agile,248,132,4073,1024,2917,951,15,7,66,12,28,16,131,43
20260808,F_agile,249,132,4090,1027,2931,956,17,9,62,12,21,20,131,43
20260808,F_agile,250,141,4105,1029,2935,966,21,5,58,16,23,20,131,43
20260808,F_agile,251,143,4124,1034,2947,970,21,7,57,15,22,21,131,43
20260808,F_agile,252,140,4139,1040,2959,975,21,11,54,14,19,22,131,43
20260808,F_agile,253,144,4157,1044,2969,980,19,10,54,17,18,22,131,43
20260808,F_agile,254,140,4172,1050,2982,984,21,10,56,13,12,21,131,43
20260808,F_agile,255,136,4184,1052,2996,986,29,8,58,5,13,21,122,43
20260808,F_agile,256,143,4204,1055,3006,992,24,5,58,13,16,22,122,43
20260808,F_agile,257,146,4224,1060,3018,995,9,8,57,26,20,21,122,43
20260808,F_agile,258,140,4238,1066,3032,1001,12,11,54,23,17,22,122,43
20260808,F_agile,259,139,4257,1071,3047,1003,15,11,57,17,17,24,122,43
20260808,F_agile,260,143,4273,1072,3058,1009,17,6,57,20,19,24,131,43
20260808,F_agile,261,136,4287,1078,3073,1015,23,7,56,14,15,25,131,43
20260808,F_agile,262,134,4303,1083,3086,1021,25,11,51,13,16,26,131,43
20260808,F_agile,263,131,4316,1085,3100,1023,23,7,55,15,15,24,131,43
20260808,F_agile,264,132,4335,1088,3115,1027,28,5,56,11,14,22,131,43
20260808,F_agile,265,137,4351,1089,3125,1032,37,4,53,6,16,22,131,43
20260808,F_agile,266,135,4365,1091,3139,1034,30,3,54,13,17,22,131,43
20260808,F_agile,267,132,4378,1094,3152,1036,25,5,53,17,16,21,131,43
20260808,F_agile,268,128,4390,1099,3163,1041,29,8,50,13,13,22,131,43
20260808,F_agile,269,126,4403,1100,3177,1044,31,6,50,13,12,18,131,43
20260808,F_agile,270,124,4417,1103,3190,1046,31,4,53,12,19,17,131,43
20260808,F_agile,271,124,4430,1107,3199,1049,28,7,51,14,24,16,131,43
20260808,F_agile,272,126,4449,1114,3209,1055,20,11,48,21,24,14,131,43
20260808,F_agile,273,125,4465,1118,3222,1058,20,11,49,20,25,12,131,43
20260808,F_agile,274,121,4483,1123,3239,1064,24,9,50,17,24,13,131,43
20260808,F_agile,275,117,4495,1129,3249,1068,21,11,50,18,26,13,131,43
20260808,F_agile,276,119,4513,1136,3258,1072,23,13,51,13,24,14,131,43
20260808,F_agile,277,123,4531,1139,3269,1075,22,10,54,14,25,17,131,43
20260808,F_agile,278,130,4549,1140,3279,1077,17,4,59,20,28,18,131,43
20260808,F_agile,279,124,4561,1145,3292,1082,20,6,57,17,22,19,131,43
20260808,F_agile,280,134,4574,1148,3292,1084,14,8,56,22,20,20,131,43
20260808,F_agile,281,136,4589,1153,3300,1086,14,8,59,19,17,18,131,43
20260808,F_agile,282,134,4606,1156,3316,1093,31,8,55,6,16,18,131,43
20260808,F_agile,283,138,4624,1157,3329,1094,26,4,59,11,19,17,131,43
20260808,F_agile,284,140,4644,1159,3345,1098,20,3,58,19,23,20,131,43
20260808,F_agile,285,147,4664,1163,3354,1102,17,6,55,22,22,21,121,40
20260808,F_agile,286,144,4681,1167,3370,1106,12,8,53,27,21,22,121,40
20260808,F_agile,287,142,4699,1171,3386,1109,14,8,54,24,21,20,121,40
20260808,F_agile,288,139,4715,1179,3397,1112,21,12,55,12,16,20,121,40
20260808,F_agile,289,144,4728,1181,3403,1118,27,10,53,10,15,24,121,40
20260808,F_agile,290,150,4747,1184,3413,1122,27,5,57,11,18,24,126,43
20260808,F_agile,291,149,4765,1190,3426,1127,23,9,54,14,19,23,126,43
20260808,F_agile,292,140,4779,1198,3441,1133,19,14,51,16,15,21,126,43
20260808,F_agile,293,139,4792,1200,3453,1135,23,10,55,12,16,18,126,43
20260808,F_agile,294,142,4812,1203,3467,1142,27,5,56,12,17,19,126,43
20260808,F_agile,295,139,4828,1206,3483,1144,24,6,56,14,16,20,131,43
20260808,F_agile,296,134,4842,1213,3495,1148,25,10,55,10,15,20,131,43
20260808,F_agile,297,139,4862,1214,3509,1152,20,8,54,18,17,18,131,43
20260808,F_agile,298,135,4877,1218,3524,1157,16,5,56,23,17,19,131,43
20260808,F_agile,299,137,4893,1221,3535,1157,14,7,57,22,18,20,131,43
20260808,F_agile,300,133,4908,1225,3550,1161,14,7,57,22,24,17,131,43
20260808,F_agile,301,134,4921,1226,3561,1165,25,5,56,14,25,16,131,43
20260808,F_agile,302,135,4935,1229,3571,1170,25,4,55,16,25,16,131,43
20260808,F_agile,303,137,4952,1235,3580,1181,25,9,45,21,23,14,131,43
20260808,F_agile,304,134,4971,1241,3596,1182,18,12,47,23,23,12,131,43
20260808,F_agile,305,135,4990,1244,3611,1186,23,9,49,19,24,12,131,43
20260808,F_agile,306,134,5002,1249,3619,1190,27,8,51,14,26,13,131,43
20260808,F_agile,307,131,5019,1252,3636,1195,31,8,49,12,27,14,131,43
20260808,F_agile,308,134,5037,1256,3647,1197,26,7,52,15,25,17,131,43
20260808,F_agile,309,132,5053,1261,3660,1198,20,9,54,17,19,18,131,43
20260808,F_agile,310,136,5065,1265,3664,1204,10,9,52,29,18,18,131,43
20260808,F_agile,311,142,5085,1269,3674,1206,12,8,55,25,20,20,131,43
20260808,F_agile,312,147,5105,1274,3684,1208,23,9,57,11,23,22,131,43
20260808,F_agile,313,147,5122,1277,3698,1214,13,8,55,24,24,26,131,43
20260808,F_agile,314,138,5136,1284,3714,1215,6,10,59,25,22,26,131,43
20260808,F_agile,315,136,5152,1288,3728,1219,16,11,58,15,24,22,131,43
20260808,F_agile,316,143,5169,1290,3736,1223,17,6,61,16,28,23,131,43
20260808,F_agile,317,135,5181,1297,3749,1226,13,9,62,16,25,19,131,43
20260808,F_agile,318,131,5195,1301,3763,1230,18,11,60,11,26,19,131,43
20260808,F_agile,319,130,5209,1304,3775,1233,16,7,64,13,25,18,131,43
20260808,F_agile,320,131,5224,1307,3786,1237,17,6,64,13,23,16,131,43
20260808,F_agile,321,125,5236,1309,3802,1241,17,5,63,15,21,17,131,43
20260808,F_agile,322,127,5256,1313,3816,1251,23,6,56,15,19,21,131,43
20260808,F_agile,323,123,5270,1316,3831,1255,28,7,54,11,16,19,131,43
20260808,F_agile,324,132,5290,1319,3839,1257,27,6,56,11,16,22,131,43
20260808,F_agile,325,133,5307,1324,3850,1261,26,8,55,11,17,23,131,43
20260808,F_agile,326,132,5322,1331,3859,1265,24,12,54,10,18,23,131,43
20260808,F_agile,327,135,5334,1333,3866,1271,26,9,53,12,18,23,131,43
20260808,F_agile,328,140,5352,1336,3876,1276,22,5,55,18,17,21,131,43
20260808,F_agile,329,140,5368,1340,3888,1281,21,7,52,20,18,19,131,43
20260808,F_agile,330,145,5388,1343,3900,1284,16,7,52,25,27,17,131,43
20260808,F_agile,331,142,5401,1349,3910,1286,17,9,54,20,26,16,131,43
20260808,F_agile,332,131,5416,1357,3928,1292,10,14,51,25,28,13,131,43
20260808,F_agile,333,133,5436,1361,3942,1294,8,12,55,25,32,12,131,43
20260808,F_agile,334,123,5449,1367,3959,1302,8,10,55,27,28,12,131,43
20260808,F_agile,335,128,5469,1371,3970,1305,8,10,56,26,28,13,121,40
20260808,F_agile,336,132,5486,1375,3979,1311,10,8,56,26,27,16,121,40
20260808,F_agile,337,138,5506,1379,3989,1314,9,8,57,26,27,18,121,40
20260808,F_agile,338,135,5523,1386,4002,1315,15,11,60,14,26,20,121,40
20260808,F_agile,339,138,5539,1388,4013,1319,11,9,60,20,21,24,121,40
20260808,F_agile,340,140,5553,1392,4021,1322,7,6,64,23,21,23,131,43
20260808,F_agile,341,148,5572,1396,4028,1324,9,8,64,19,21,20,131,43
20260808,F_agile,342,146,5587,1401,4040,1329,14,9,63,14,19,18,131,43
20260808,F_agile,343,148,5606,1405,4053,1338,18,9,58,15,22,18,131,43
20260808,F_agile,344,152,5622,1406,4064,1340,13,5,61,21,23,18,131,43
20260808,F_agile,345,146,5640,1414,4080,1344,11,9,61,19,20,19,131,43
20260808,F_agile,346,143,5654,1416,4095,1348,12,10,58,20,18,20,131,43
20260808,F_agile,347,133,5666,1421,4112,1351,13,7,63,17,15,19,131,43
20260808,F_agile,348,134,5681,1424,4123,1356,26,8,60,6,16,18,131,43
20260808,F_agile,349,137,5696,1424,4135,1359,26,3,62,9,18,19,131,43
20260808,F_agile,350,141,5713,1427,4145,1364,24,3,60,13,17,20,131,43
20260808,F_agile,351,140,5731,1430,4161,1369,19,6,55,20,16,22,131,43
20260808,F_agile,352,140,5744,1431,4173,1371,22,4,56,18,17,20,131,43
20260808,F_agile,353,135,5758,1436,4187,1378,33,6,52,9,11,20,131,43
20260808,F_agile,354,136,5773,1436,4201,1381,37,5,50,8,15,18,131,43
20260808,F_agile,355,134,5786,1438,4214,1386,32,2,50,16,17,18,131,43
20260808,F_agile,356,131,5800,1444,4225,1391,31,8,45,16,15,18,131,43
20260808,F_agile,357,131,5812,1446,4235,1394,38,8,44,10,14,18,131,43
20260808,F_agile,358,130,5828,1450,4248,1401,42,6,43,9,14,17,131,43
20260808,F_agile,359,133,5845,1452,4260,1403,38,6,43,13,20,18,131,43
20260808,F_agile,360,124,5857,1457,4276,1404,17,7,46,30,25,16,126,43
20260808,F_agile,361,124,5877,1465,4288,1409,19,13,43,25,25,15,126,43
20260808,F_agile,362,119,5891,1474,4298,1411,30,17,46,7,24,14,126,43
20260808,F_agile,363,120,5906,1475,4311,1416,33,10,49,8,28,10,126,43
20260808,F_agile,364,128,5926,1479,4319,1420,30,5,54,11,32,9,126,43
20260808,F_agile,365,128,5940,1484,4328,1423,27,9,52,12,29,10,131,43
20260808,F_agile,366,125,5953,1489,4339,1424,24,10,55,11,27,12,131,43
20260808,F_agile,367,130,5972,1491,4351,1427,21,7,57,15,29,14,131,43
20260808,F_agile,368,133,5991,1495,4363,1431,8,6,58,28,28,15,131,43
20260808,F_agile,369,131,6003,1504,4368,1434,6,13,57,24,20,19,131,43
20260808,F_agile,370,139,6017,1510,4368,1435,12,15,60,13,20,20,131,43
20260808,F_agile,371,140,6034,1512,4382,1440,7,8,64,21,22,22,131,43
20260808,F_agile,372,138,6051,1518,4395,1443,6,8,67,19,19,20,131,43
20260808,F_agile,373,138,6066,1523,4405,1448,17,11,64,8,16,18,131,43
20260808,F_agile,374,133,6078,1524,4421,1456,27,6,62,5,15,19,131,43
20260808,F_agile,375,139,6098,1524,4435,1462,30,1,61,8,19,21,131,43
20260808,F_agile,376,144,6116,1526,4446,1467,31,2,57,10,20,22,131,43
20260808,F_agile,377,142,6130,1528,4460,1469,19,4,55,22,19,23,131,43
20260808,F_agile,378,141,6149,1533,4475,1472,16,7,54,23,18,24,131,43
20260808,F_agile,379,140,6163,1541,4482,1476,14,13,52,21,19,24,131,43
20260808,F_agile,380,147,6183,1544,4492,1481,12,11,52,25,19,30,115,42
20260808,F_agile,381,144,6198,1549,4505,1485,13,8,56,23,15,28,115,42
20260808,F_agile,382,142,6213,1551,4520,1489,18,7,55,20,14,27,115,42
20260808,F_agile,383,139,6226,1553,4534,1495,30,4,54,12,16,27,115,42
20260808,F_agile,384,140,6239,1556,4543,1497,29,5,54,12,17,24,115,42
20260808,F_agile,385,132,6251,1561,4558,1505,20,8,48,24,17,21,131,43
20260808,F_agile,386,132,6268,1564,4572,1505,12,8,51,29,24,18,131,43
20260808,F_agile,387,127,6281,1569,4585,1510,12,8,51,29,21,16,131,43
20260808,F_agile,388,120,6293,1574,4599,1515,17,10,49,24,17,16,131,43
20260808,F_agile,389,120,6305,1577,4608,1520,31,8,49,12,19,18,131,43
20260808,F_agile,390,114,6320,1582,4624,1524,20,8,50,22,27,16,121,40
20260808,F_agile,391,115,6338,1585,4638,1525,17,8,52,23,28,14,121,40
20260808,F_agile,392,112,6350,1591,4647,1526,15,9,56,20,32,13,121,40
20260808,F_agile,393,117,6368,1594,4657,1530,15,9,55,21,32,11,121,40
20260808,F_agile,394,124,6387,1597,4666,1533,19,6,58,17,33,10,121,40
20260808,F_agile,395,125,6400,1602,4673,1539,18,8,55,19,36,11,131,43
20260808,F_agile,396,134,6420,1606,4680,1541,7,9,56,28,36,12,131,43
20260808,F_agile,397,138,6440,1611,4691,1546,7,9,56,28,34,14,131,43
20260808,F_agile,398,141,6458,1616,4701,1548,15,10,58,17,30,16,131,43
20260808,F_agile,399,143,6471,1620,4708,1551,19,9,60,12,24,17,131,43
20260808,F_agile,400,149,6486,1623,4714,1558,22,7,58,13,23,18,131,43
20260808,F_agile,401,147,6504,1627,4730,1559,22,7,61,10,22,18,131,43
20260808,F_agile,402,148,6516,1631,4737,1563,19,8,60,13,19,22,131,43
20260808,F_agile,403,144,6531,1633,4754,1567,18,6,60,16,19,21,131,43
20260808,F_agile,404,140,6547,1637,4770,1572,18,6,59,17,20,20,131,43
20260808,F_agile,405,148,6566,1641,4777,1578,11,8,55,26,22,22,131,43
20260808,F_agile,406,142,6580,1644,4794,1581,17,7,56,20,22,22,131,43
20260808,F_agile,407,138,6599,1653,4808,1583,19,12,58,11,23,24,131,43
20260808,F_agile,408,140,6618,1655,4823,1587,23,11,57,9,23,21,131,43
20260808,F_agile,409,138,6630,1658,4834,1592,24,5,61,10,24,23,131,43
20260808,F_agile,410,137,6648,1663,4848,1601,23,8,54,15,22,19,131,43
20260808,F_agile,411,137,6665,1665,4863,1605,23,7,53,17,22,18,131,43
20260808,F_agile,412,139,6682,1670,4873,1612,28,7,51,14,21,18,131,43
20260808,F_agile,413,140,6699,1675,4884,1615,28,10,50,12,18,21,131,43
20260808,F_agile,414,135,6711,1681,4895,1619,27,11,51,11,16,21,131,43
20260808,F_agile,415,137,6728,1683,4908,1622,24,8,53,15,18,20,131,43
20260808,F_agile,416,138,6743,1685,4920,1630,20,4,51,25,19,18,131,43
20260808,F_agile,417,139,6763,1691,4933,1633,15,8,50,27,21,18,131,43
20260808,F_agile,418,137,6783,1696,4950,1636,14,11,49,26,19,18,131,43
20260808,F_agile,419,141,6800,1701,4958,1639,17,10,52,21,16,19,131,43
20260808,F_agile,420,137,6812,1703,4972,1647,20,7,49,24,23,18,131,43
20260808,F_agile,421,136,6830,1707,4987,1648,7,6,53,34,28,17,131,43
20260808,F_agile,422,133,6850,1717,5000,1653,6,14,50,30,27,15,131,43
20260808,F_agile,423,131,6866,1720,5015,1654,6,13,53,28,30,13,131,43
20260808,F_agile,424,133,6881,1725,5023,1655,10,8,62,20,32,11,131,43
20260808,F_agile,425,133,6900,1733,5034,1658,6,13,62,19,33,12,131,43
20260808,F_agile,426,138,6920,1737,5045,1661,2,12,64,22,32,12,131,43
20260808,F_agile,427,139,6939,1743,5057,1662,9,10,71,10,30,17,131,43
20260808,F_agile,428,137,6956,1746,5073,1668,15,9,69,7,30,21,131,43
20260808,F_agile,429,133,6968,1747,5088,1672,15,4,71,10,24,24,131,43
20260808,F_agile,430,143,6983,1752,5088,1679,13,6,67,14,25,26,131,43
20260808,F_agile,431,146,7003,1758,5099,1684,14,11,63,12,20,26,131,43
20260808,F_agile,432,141,7019,1763,5115,1691,18,11,61,10,17,25,131,43
20260808,F_agile,433,144,7036,1767,5125,1695,19,9,63,9,17,24,131,43
20260808,F_agile,434,144,7050,1769,5137,1695,20,6,68,6,17,22,131,43
20260808,F_agile,435,144,7066,1773,5149,1700,17,6,67,10,17,20,131,43
20260808,F_agile,436,139,7081,1777,5165,1701,15,8,68,9,15,21,131,43
20260808,F_agile,437,139,7099,1781,5179,1703,18,8,70,4,16,19,131,43
20260808,F_agile,438,139,7117,1784,5194,1708,18,7,69,6,17,18,131,43
20260808,F_agile,439,139,7130,1788,5203,1717,19,7,64,10,17,19,131,43
20260808,F_agile,440,143,7144,1789,5212,1718,18,5,66,11,19,18,131,43
20260808,F_agile,441,135,7160,1795,5230,1726,18,7,62,13,18,20,131,43
20260808,F_agile,442,133,7175,1798,5244,1731,16,9,58,17,16,17,131,43
20260808,F_agile,443,130,7187,1801,5256,1734,17,6,61,16,19,16,131,43
20260808,F_agile,444,135,7205,1805,5265,1740,22,7,58,13,20,18,131,43
20260808,F_agile,445,130,7218,1812,5276,1747,21,11,54,14,19,17,121,40
20260808,F_agile,446,128,7232,1815,5289,1749,20,10,56,14,20,17,121,40
20260808,F_agile,447,118,7244,1822,5304,1758,20,10,54,16,14,15,121,40
20260808,F_agile,448,117,7261,1825,5319,1761,23,10,54,13,14,18,121,40
20260808,F_agile,449,120,7275,1827,5328,1763,28,5,59,8,13,19,121,40
20260808,F_agile,450,117,7289,1832,5340,1764,21,7,61,11,22,19,131,43
20260808,F_agile,451,117,7303,1835,5351,1769,19,8,58,15,23,17,131,43
20260808,F_agile,452,110,7315,1840,5365,1772,20,8,60,12,24,14,131,43
20260808,F_agile,453,110,7328,1849,5369,1776,19,14,59,8,22,13,131,43
20260808,F_agile,454,107,7340,1850,5383,1780,22,10,60,8,23,9,131,43
20260808,F_agile,455,111,7356,1854,5391,1785,20,5,64,11,25,10,131,43
20260808,F_agile,456,116,7375,1857,5402,1786,17,7,64,12,25,12,131,43
20260808,F_agile,457,114,7389,1862,5413,1790,17,8,64,11,23,12,131,43
20260808,F_agile,458,118,7409,1866,5425,1793,14,9,64,13,22,16,131,43
20260808,F_agile,459,117,7424,1869,5438,1797,19,7,65,9,16,18,131,43
20260808,F_agile,460,129,7439,1871,5439,1804,20,5,62,13,19,19,131,43
20260808,F_agile,461,128,7451,1873,5450,1811,21,4,58,17,18,21,131,43
20260808,F_agile,462,127,7466,1879,5460,1814,25,8,57,10,15,21,131,43
20260808,F_agile,463,132,7484,1881,5471,1817,28,8,56,8,15,21,131,43
20260808,F_agile,464,138,7500,1883,5479,1821,30,4,58,8,15,20,131,43
20260808,F_agile,465,135,7512,1888,5489,1826,32,7,55,6,17,20,131,43
20260808,F_agile,466,138,7532,1889,5505,1830,32,6,53,9,18,22,131,43
20260808,F_agile,467,141,7548,1892,5515,1833,29,4,55,12,19,21,131,43
20260808,F_agile,468,139,7566,1896,5531,1835,29,7,54,10,16,21,131,43
20260808,F_agile,469,138,7583,1901,5544,1843,29,9,49,13,14,20,131,43
20260808,F_agile,470,145,7603,1903,5555,1845,31,7,51,11,16,23,131,43
20260808,F_agile,471,145,7618,1908,5565,1849,24,7,52,17,16,21,131,43
20260808,F_agile,472,149,7636,1909,5578,1852,16,6,51,27,18,22,131,43
20260808,F_agile,473,145,7655,1917,5593,1859,20,9,49,22,17,22,131,43
20260808,F_agile,474,145,7673,1919,5609,1863,22,10,46,22,17,22,131,43
20260808,F_agile,475,153,7693,1925,5615,1870,20,8,47,25,17,22,131,43
20260808,F_agile,476,149,7707,1927,5631,1873,9,8,46,37,18,22,131,43
20260808,F_agile,477,147,7725,1935,5643,1877,15,10,48,27,11,24,131,43
20260808,F_agile,478,147,7742,1935,5660,1878,36,8,49,7,17,20,131,43
20260808,F_agile,479,151,7761,1936,5674,1880,21,1,55,23,19,21,131,43
20260808,F_agile,480,146,7777,1942,5689,1883,16,7,52,25,25,20,131,43
20260808,F_agile,481,151,7795,1944,5700,1886,27,8,50,15,26,19,131,43
20260808,F_agile,482,150,7813,1949,5714,1892,24,7,50,19,25,17,131,43
20260808,F_agile,483,148,7830,1957,5725,1895,22,13,49,16,25,16,131,43
20260808,F_agile,484,146,7845,1958,5741,1898,21,9,51,19,25,14,131,43
20260808,F_agile,485,141,7859,1962,5756,1899,20,5,58,17,22,14,131,43
20260808,F_agile,486,147,7879,1965,5767,1905,33,7,53,7,23,16,131,43
20260808,F_agile,487,143,7894,1968,5783,1911,23,6,51,20,24,18,131,43
20260808,F_agile,488,142,7909,1973,5794,1913,19,8,52,21,22,19,131,43
20260808,F_agile,489,139,7929,1979,5811,1915,25,11,53,11,11,23,131,43
20260808,F_agile,490,149,7944,1982,5813,1919,29,9,54,8,10,23,126,43
20260808,F_agile,491,153,7964,1984,5827,1923,33,5,56,6,11,24,126,43
20260808,F_agile,492,147,7979,1988,5844,1925,33,6,57,4,10,27,126,43
20260808,F_agile,493,150,7995,1989,5856,1926,32,5,58,5,13,25,126,43
20260808,F_agile,494,148,8007,1989,5870,1932,22,1,56,21,16,20,126,43
20260808,F_agile,495,145,8021,1995,5881,1939,24,6,50,20,14,19,131,43
20260808,F_agile,496,144,8039,1998,5897,1941,21,9,48,22,15,20,131,43
20260808,F_agile,497,145,8052,1999,5908,1945,24,4,50,22,18,20,131,43
20260808,F_agile,498,143,8070,2008,5919,1952,29,10,46,15,16,19,131,43
20260808,F_agile,499,139,8084,2010,5935,1955,27,11,44,18,17,19,131,43
20260808,F_agile,500,139,8104,2016,5949,1961,33,8,47,12,15,21,131,43
20260808,F_agile,501,133,8119,2019,5967,1965,31,9,45,15,16,19,131,43
20260808,F_agile,502,131,8133,2022,5980,1967,29,6,49,16,15,21,131,43
20260808,F_agile,503,136,8153,2024,5993,1970,34,5,49,12,17,23,131,43
20260808,F_agile,504,137,8166,2029,6000,1973,33,7,49,11,17,24,131,43
20260808,F_agile,505,139,8183,2032,6012,1975,23,8,49,20,18,26,131,43
20260808,F_agile,506,136,8198,2035,6027,1979,12,6,50,32,17,25,131,43
20260808,F_agile,507,135,8211,2039,6037,1985,18,7,47,28,15,25,131,43
20260808,F_agile,508,138,8230,2040,6052,1988,18,5,47,30,15,25,131,43
20260808,F_agile,509,140,8246,2042,6064,1990,28,3,49,20,13,21,131,43
20260808,F_agile,510,135,8260,2045,6080,1996,43,5,44,8,18,18,131,43
20260808,F_agile,511,134,8275,2049,6092,1998,40,7,44,9,20,16,131,43
20260808,F_agile,512,131,8289,2054,6104,1999,38,9,46,7,24,16,131,43
20260808,F_agile,513,129,8304,2055,6120,2003,38,6,46,10,28,13,131,43
20260808,F_agile,514,129,8317,2058,6130,2004,40,4,50,6,26,13,131,43
20260808,F_agile,515,127,8334,2064,6143,2010,43,9,45,3,24,12,131,43
20260808,F_agile,516,124,8346,2066,6156,2014,43,8,44,5,23,14,131,43
20260808,F_agile,517,129,8365,2069,6167,2016,42,5,48,5,22,16,131,43
20260808,F_agile,518,122,8380,2073,6185,2023,43,7,43,7,23,18,131,43
20260808,F_agile,519,124,8397,2074,6199,2024,32,5,45,18,21,20,131,43
20260808,F_agile,520,126,8409,2079,6204,2029,21,6,44,29,18,20,101,38
20260808,F_agile,521,122,8421,2084,6215,2032,14,10,42,34,17,17,101,38
20260808,F_agile,522,123,8435,2086,6226,2037,18,7,42,33,17,18,101,38
20260808,F_agile,523,120,8447,2092,6235,2040,17,8,44,31,15,20,101,38
20260808,F_agile,524,122,8465,2105,6238,2041,10,19,45,26,16,20,101,38
20260808,F_agile,525,127,8485,2112,6246,2044,6,20,48,26,16,18,126,43
20260808,F_agile,526,124,8498,2118,6256,2048,10,13,57,20,14,18,126,43
20260808,F_agile,527,122,8512,2125,6265,2052,20,13,60,7,16,17,126,43
20260808,F_agile,528,126,8530,2128,6276,2054,17,10,64,9,18,18,126,43
20260808,F_agile,529,125,8544,2132,6287,2056,16,7,69,8,16,17,126,43
20260808,F_agile,530,127,8557,2133,6297,2059,19,5,69,7,17,18,131,43
20260808,F_agile,531,130,8569,2134,6305,2060,20,2,72,6,17,18,131,43
20260808,F_agile,532,135,8587,2136,6316,2064,17,3,69,11,22,18,131,43
20260808,F_agile,533,138,8600,2137,6325,2069,14,3,65,18,26,17,131,43
20260808,F_agile,534,132,8613,2143,6338,2072,16,7,64,13,24,16,131,43
20260808,F_agile,535,123,8629,2150,6356,2077,20,13,60,7,20,17,131,43
20260808,F_agile,536,123,8643,2153,6367,2081,21,10,62,7,19,18,131,43
20260808,F_agile,537,128,8659,2153,6378,2089,22,3,61,14,22,20,131,43
20260808,F_agile,538,122,8674,2160,6392,2098,20,7,55,18,17,19,131,43
20260808,F_agile,539,121,8690,2167,6402,2104,23,14,49,14,13,19,131,43
20260808,F_agile,540,120,8704,2171,6413,2108,26,11,52,11,20,18,131,43
20260808,F_agile,541,119,8716,2173,6424,2115,31,6,52,11,22,14,131,43
20260808,F_agile,542,118,8733,2180,6435,2121,19,9,50,22,22,14,131,43
20260808,F_agile,543,121,8749,2186,6442,2122,18,13,51,18,21,13,131,43
20260808,F_agile,544,122,8762,2191,6449,2128,29,11,52,8,20,13,131,43
20260808,F_agile,545,124,8778,2192,6462,2128,27,6,58,9,20,13,131,43
20260808,F_agile,546,123,8795,2199,6473,2131,26,8,60,6,23,13,131,43
20260808,F_agile,547,125,8814,2204,6485,2135,24,12,57,7,26,17,131,43
20260808,F_agile,548,122,8828,2208,6498,2137,26,9,62,3,26,18,131,43
20260808,F_agile,549,123,8847,2211,6513,2139,26,7,65,2,21,20,131,43
20260808,F_agile,550,136,8862,2213,6513,2141,14,5,67,14,25,22,126,43
20260808,F_agile,551,144,8879,2217,6518,2146,13,6,65,16,26,24,126,43
20260808,F_agile,552,140,8893,2221,6532,2151,19,8,62,11,28,22,126,43
20260808,F_agile,553,138,8909,2227,6544,2155,12,10,62,16,27,24,126,43
20260808,F_agile,554,140,8925,2231,6554,2159,9,10,62,19,30,22,126,43
20260808,F_agile,555,136,8944,2241,6567,2170,1,14,57,28,29,23,131,43
20260808,F_agile,556,137,8963,2245,6581,2172,2,14,59,25,26,21,131,43
20260808,F_agile,557,132,8979,2252,6595,2177,13,11,64,12,22,21,131,43
20260808,F_agile,558,130,8994,2256,6608,2180,16,11,65,8,21,22,131,43
20260808,F_agile,559,127,9007,2259,6621,2185,22,7,67,4,20,22,131,43
20260808,F_agile,560,132,9024,2262,6630,2188,21,6,68,5,22,20,131,43
20260808,F_agile,561,133,9037,2262,6642,2190,17,3,69,11,27,20,131,43
20260808,F_agile,562,139,9057,2268,6650,2193,7,6,69,18,26,22,131,43
20260808,F_agile,563,133,9069,2273,6663,2197,8,11,65,16,25,19,131,43
20260808,F_agile,564,133,9083,2275,6675,2200,13,7,68,12,22,19,131,43
20260808,F_agile,565,134,9101,2278,6689,2202,16,5,71,8,18,21,131,43
20260808,F_agile,566,128,9115,2280,6707,2207,16,5,68,11,19,19,131,43
20260808,F_agile,567,129,9133,2283,6721,2214,18,5,64,13,20,17,131,43
20260808,F_agile,568,127,9147,2289,6731,2221,25,9,59,7,16,17,131,43
20260808,F_agile,569,130,9164,2292,6742,2226,29,9,57,5,16,18,131,43
20260808,F_agile,570,128,9179,2297,6754,2229,21,8,60,11,21,16,121,43
20260808,F_agile,571,137,9196,2297,6762,2235,21,5,57,17,28,15,121,43
20260808,F_agile,572,128,9211,2307,6776,2238,17,10,59,14,31,13,121,43
20260808,F_agile,573,127,9224,2315,6782,2241,15,18,56,11,29,12,121,43
20260808,F_agile,574,122,9236,2319,6795,2247,20,12,60,8,27,10,121,43
20260808,F_agile,575,119,9252,2322,6811,2252,24,7,63,6,28,10,131,43
20260808,F_agile,576,120,9268,2326,6822,2259,22,7,60,11,29,12,131,43
20260808,F_agile,577,120,9285,2329,6836,2266,25,7,56,12,28,14,131,43
20260808,F_agile,578,121,9305,2335,6849,2271,26,9,55,10,27,14,131,43
20260808,F_agile,579,121,9321,2337,6863,2275,17,8,54,21,18,17,131,43
20260808,F_agile,580,132,9338,2343,6863,2281,20,8,54,18,16,19,131,43
20260808,F_agile,581,138,9354,2348,6868,2282,23,11,55,11,16,20,131,43
20260808,F_agile,582,143,9373,2351,6879,2283,13,8,60,19,17,22,131,43
20260808,F_agile,583,142,9389,2355,6892,2286,15,7,62,16,17,21,131,43
20260808,F_agile,584,143,9406,2360,6903,2288,10,9,63,18,15,21,131,43
20260808,F_agile,585,141,9419,2363,6915,2291,10,8,64,18,14,22,131,43
20260808,F_agile,586,141,9434,2366,6927,2297,23,6,63,8,14,19,131,43
20260808,F_agile,587,139,9447,2369,6939,2303,21,6,60,13,16,19,131,43
20260808,F_agile,588,138,9463,2371,6954,2307,23,5,59,13,18,17,131,43
20260808,F_agile,589,133,9475,2373,6969,2313,25,4,56,15,17,17,131,43
20260808,F_agile,590,131,9490,2375,6984,2318,31,4,53,12,15,16,131,43
20260808,F_agile,591,133,9504,2377,6994,2319,37,4,54,5,16,18,131,43
20260808,F_agile,592,134,9522,2378,7010,2321,28,3,54,15,19,18,131,43
20260808,F_agile,593,135,9539,2382,7022,2328,24,5,49,22,16,18,131,43
20260808,F_agile,594,131,9555,2388,7036,2333,24,10,45,21,15,18,131,43
20260808,F_agile,595,133,9570,2391,7046,2336,25,9,46,20,15,19,131,43
20260808,F_agile,596,131,9583,2395,7057,2341,27,7,47,19,13,19,131,43
20260808,F_agile,597,132,9600,2401,7067,2346,33,10,45,12,14,17,131,43
20260808,F_agile,598,127,9612,2407,7078,2349,29,12,46,13,12,20,131,43
20260808,F_agile,599,130,9628,2410,7088,2354,28,9,47,16,15,18,131,43
20260808,F_agile,600,131,9644,2413,7100,2357,29,6,50,15,25,16,121,40
20260808,G_overload,1,34,35,1,0,0,57,1,0,2,7,8,131,43
20260808,G_overload,2,59,60,1,0,0,56,1,0,3,9,11,131,43
20260808,G_overload,3,85,90,5,0,0,52,4,1,3,9,14,131,43
20260808,G_overload,4,112,118,6,0,0,50,5,1,4,9,17,131,43
20260808,G_overload,5,137,147,10,0,0,48,5,5,2,9,20,131,43
20260808,G_overload,6,171,184,13,0,0,46,7,6,1,9,24,131,43
20260808,G_overload,7,202,216,14,0,0,45,4,10,1,9,25,131,43
20260808,G_overload,8,235,251,16,0,0,44,3,13,0,9,28,131,43
20260808,G_overload,9,274,290,16,0,0,43,2,14,1,9,30,131,43
20260808,G_overload,10,299,316,17,0,0,42,1,16,1,9,33,131,43
20260808,G_overload,11,310,355,20,25,0,40,4,16,0,9,33,131,43
20260808,G_overload,12,310,380,20,50,0,40,3,17,0,9,35,131,43
20260808,G_overload,13,319,420,23,78,1,38,3,19,0,9,36,131,43
20260808,G_overload,14,321,449,23,105,1,37,3,19,1,9,34,131,43
20260808,G_overload,15,325,484,26,133,1,34,3,22,1,9,36,131,43
20260808,G_overload,16,324,517,28,165,2,34,5,21,0,9,36,131,43
20260808,G_overload,17,323,549,31,195,3,32,5,23,0,9,35,131,43
20260808,G_overload,18,313,575,32,230,5,33,4,23,0,9,37,131,43
20260808,G_overload,19,301,601,32,268,6,33,1,25,1,9,32,131,43
20260808,G_overload,20,308,635,34,293,6,30,2,26,2,9,34,121,40
20260808,G_overload,21,294,661,38,329,10,31,6,22,1,9,37,121,40
20260808,G_overload,22,296,689,40,353,13,33,6,21,0,9,37,121,40
20260808,G_overload,23,291,722,41,390,16,34,3,22,1,9,38,121,40
20260808,G_overload,24,292,752,42,418,18,35,2,22,1,9,38,121,40
20260808,G_overload,25,295,787,44,448,19,35,3,22,0,9,39,126,43
20260808,G_overload,26,293,819,46,480,20,34,4,22,0,9,41,126,43
20260808,G_overload,27,290,846,46,510,20,34,2,24,0,9,41,126,43
20260808,G_overload,28,300,884,48,536,22,34,2,24,0,9,43,126,43
20260808,G_overload,29,302,912,48,562,23,35,2,23,0,9,44,126,43
20260808,G_overload,30,307,952,51,594,24,32,3,24,1,16,38,131,43
20260808,G_overload,31,312,984,53,619,24,30,5,24,1,18,34,131,43
20260808,G_overload,32,320,1023,56,647,27,31,5,24,0,18,31,131,43
20260808,G_overload,33,325,1061,58,678,27,28,5,26,1,18,29,131,43
20260808,G_overload,34,320,1088,60,708,27,26,4,29,1,18,24,131,43
20260808,G_overload,35,320,1126,64,742,34,29,6,24,1,18,23,131,43
20260808,G_overload,36,317,1153,65,771,34,28,5,26,1,18,25,131,43
20260808,G_overload,37,329,1193,67,797,39,32,3,25,0,18,27,131,43
20260808,G_overload,38,320,1218,67,831,40,32,2,25,1,16,31,131,43
20260808,G_overload,39,324,1252,69,859,42,31,2,25,2,9,34,131,43
20260808,G_overload,40,316,1280,72,892,42,29,5,25,1,9,33,131,43
20260808,G_overload,41,312,1305,75,918,45,30,6,24,0,9,33,131,43
20260808,G_overload,42,297,1330,76,957,45,29,4,27,0,9,34,131,43
20260808,G_overload,43,286,1355,77,992,46,29,2,29,0,9,31,131,43
20260808,G_overload,44,291,1387,79,1017,47,28,3,29,0,9,34,131,43
20260808,G_overload,45,277,1413,82,1054,51,28,5,26,1,9,32,131,43
20260808,G_overload,46,278,1444,86,1080,52,25,7,27,1,9,34,131,43
20260808,G_overload,47,265,1471,89,1117,56,27,7,26,0,9,33,131,43
20260808,G_overload,48,278,1508,90,1140,59,29,4,27,0,9,35,131,43
20260808,G_overload,49,275,1540,93,1172,60,27,4,29,0,9,34,131,43
20260808,G_overload,50,280,1573,93,1200,62,29,3,28,0,9,32,126,43
20260808,G_overload,51,287,1606,95,1224,65,30,2,28,0,9,39,126,43
20260808,G_overload,52,295,1636,96,1245,68,31,3,25,1,9,40,126,43
20260808,G_overload,53,309,1675,97,1269,69,31,2,26,1,9,39,126,43
20260808,G_overload,54,316,1715,100,1299,70,30,4,26,0,9,39,126,43
20260808,G_overload,55,322,1747,100,1325,70,30,3,27,0,9,39,131,43
20260808,G_overload,56,324,1779,102,1353,72,30,2,28,0,9,40,131,43
20260808,G_overload,57,334,1817,105,1378,75,30,5,25,0,9,39,131,43
20260808,G_overload,58,334,1855,107,1414,77,30,5,25,0,9,39,131,43
20260808,G_overload,59,329,1884,110,1445,78,28,5,27,0,9,40,131,43
20260808,G_overload,60,337,1924,112,1475,80,27,5,27,1,16,35,131,43
20260808,G_overload,61,337,1959,115,1507,82,25,5,28,2,18,31,131,43
20260808,G_overload,62,345,1996,116,1535,82,24,4,30,2,18,28,131,43
20260808,G_overload,63,344,2033,117,1572,84,26,2,31,1,18,26,131,43
20260808,G_overload,64,337,2066,119,1610,86,27,3,30,0,18,22,131,43
20260808,G_overload,65,337,2099,120,1642,88,28,3,29,0,18,27,131,43
20260808,G_overload,66,336,2129,121,1672,88,26,2,31,1,18,29,131,43
20260808,G_overload,67,326,2157,124,1707,92,26,4,28,2,18,31,131,43
20260808,G_overload,68,324,2192,125,1743,95,29,4,26,1,15,34,131,43
20260808,G_overload,69,322,2221,129,1770,98,29,5,26,0,9,38,131,43
20260808,G_overload,70,318,2252,131,1803,102,31,6,23,0,9,39,131,43
20260808,G_overload,71,308,2278,134,1836,103,29,5,26,0,9,38,131,43
20260808,G_overload,72,311,2318,134,1873,104,30,3,27,0,9,36,131,43
20260808,G_overload,73,305,2351,136,1910,104,28,2,30,0,9,37,131,43
20260808,G_overload,74,303,2383,137,1943,106,29,3,28,0,9,38,131,43
20260808,G_overload,75,299,2412,138,1975,107,28,2,29,1,9,35,131,43
20260808,G_overload,76,308,2450,140,2002,109,27,3,28,2,9,34,131,43
20260808,G_overload,77,307,2478,146,2025,112,25,8,26,1,9,39,131,43
20260808,G_overload,78,310,2517,149,2058,115,26,9,25,0,9,36,131,43
20260808,G_overload,79,322,2557,151,2084,119,28,5,27,0,9,40,131,43
20260808,G_overload,80,327,2593,153,2113,121,26,4,28,2,9,36,131,43
20260808,G_overload,81,343,2633,154,2136,123,27,3,28,2,9,39,131,43
20260808,G_overload,82,334,2666,158,2174,124,26,5,29,0,9,43,131,43
20260808,G_overload,83,328,2692,159,2205,126,27,5,28,0,9,38,131,43
20260808,G_overload,84,332,2727,160,2235,126,26,2,32,0,9,36,131,43
20260808,G_overload,85,344,2764,160,2260,127,27,1,32,0,9,36,131,43
20260808,G_overload,86,337,2797,162,2298,128,26,2,32,0,9,37,131,43
20260808,G_overload,87,346,2831,162,2323,129,27,2,31,0,9,39,131,43
20260808,G_overload,88,333,2857,164,2360,131,27,2,31,0,9,37,131,43
20260808,G_overload,89,330,2896,167,2399,132,25,5,30,0,9,37,131,43
20260808,G_overload,90,319,2922,171,2432,136,24,7,28,1,14,35,131,43
20260808,G_overload,91,312,2957,173,2472,139,24,6,28,2,18,31,131,43
20260808,G_overload,92,309,2990,178,2503,141,22,7,30,1,18,27,131,43
20260808,G_overload,93,315,3027,183,2529,142,19,10,31,0,18,26,131,43
20260808,G_overload,94,314,3061,186,2561,144,17,8,34,1,18,23,131,43
20260808,G_overload,95,309,3092,187,2596,146,18,4,37,1,18,22,131,43
20260808,G_overload,96,313,3131,190,2628,150,20,4,36,0,18,24,131,43
20260808,G_overload,97,312,3163,190,2661,151,21,3,36,0,17,28,131,43
20260808,G_overload,98,307,3188,195,2686,153,18,5,37,0,16,31,131,43
20260808,G_overload,99,309,3227,198,2720,154,16,8,36,0,9,35,131,43
20260808,G_overload,100,312,3255,200,2743,158,18,5,37,0,9,34,121,40
20260808,G_overload,101,305,3281,202,2774,161,19,4,37,0,9,33,121,40
20260808,G_overload,102,309,3315,205,2801,164,19,5,36,0,9,36,121,40
20260808,G_overload,103,312,3355,208,2835,166,18,6,36,0,9,35,121,40
20260808,G_overload,104,318,3393,210,2865,169,18,5,36,1,9,35,121,40
20260808,G_overload,105,313,3418,212,2893,172,19,4,36,1,9,34,131,43
20260808,G_overload,106,308,3451,213,2930,172,18,3,38,1,9,32,131,43
20260808,G_overload,107,313,3487,213,2961,174,20,1,38,1,9,31,131,43
20260808,G_overload,108,329,3526,214,2983,177,22,1,36,1,9,31,131,43
20260808,G_overload,109,315,3551,215,3021,180,24,2,33,1,9,32,131,43
20260808,G_overload,110,314,3581,220,3047,181,21,6,33,0,9,34,131,43
20260808,G_overload,111,310,3606,225,3071,185,20,10,30,0,9,34,131,43
20260808,G_overload,112,313,3641,227,3101,188,21,7,32,0,9,34,131,43
20260808,G_overload,113,305,3670,228,3137,192,24,3,33,0,9,33,131,43
20260808,G_overload,114,299,3706,232,3175,195,22,5,32,1,9,32,131,43
20260808,G_overload,115,305,3736,233,3198,198,24,5,30,1,9,35,131,43
20260808,G_overload,116,303,3764,234,3227,200,26,2,32,0,9,36,131,43
20260808,G_overload,117,300,3797,236,3261,201,25,3,32,0,9,36,131,43
20260808,G_overload,118,290,3825,236,3299,202,26,2,32,0,9,33,131,43
20260808,G_overload,119,293,3853,238,3322,206,28,2,30,0,9,33,131,43
20260808,G_overload,120,303,3892,241,3348,208,25,5,28,2,17,30,131,43
20260808,G_overload,121,305,3919,243,3371,210,25,5,28,2,18,28,131,43
20260808,G_overload,122,307,3958,246,3405,213,26,5,28,1,18,25,131,43
20260808,G_overload,123,316,3998,248,3434,217,28,5,26,1,18,22,131,43
20260808,G_overload,124,304,4023,251,3468,218,26,5,28,1,19,21,131,43
20260808,G_overload,125,310,4060,252,3498,219,26,4,29,1,19,24,121,40
20260808,G_overload,126,305,4085,255,3525,222,27,4,29,0,18,28,121,40
20260808,G_overload,127,306,4120,257,3557,223,25,5,29,1,18,29,121,40
20260808,G_overload,128,304,4149,260,3585,225,24,5,30,1,15,33,121,40
20260808,G_overload,129,313,4188,264,3611,225,20,7,32,1,9,35,121,40
20260808,G_overload,130,316,4227,268,3643,227,18,8,33,1,9,35,131,43
20260808,G_overload,131,323,4259,270,3666,231,21,6,33,0,9,35,131,43
20260808,G_overload,132,321,4295,270,3704,235,24,2,33,1,9,37,131,43
20260808,G_overload,133,309,4323,271,3743,237,25,1,33,1,9,36,131,43
20260808,G_overload,134,320,4360,274,3766,238,24,4,32,0,9,35,131,43
20260808,G_overload,135,321,4398,275,3802,240,25,4,31,0,9,36,131,43
20260808,G_overload,136,323,4425,276,3826,243,27,2,31,0,9,38,131,43
20260808,G_overload,137,330,4464,277,3857,244,27,2,31,0,9,38,131,43
20260808,G_overload,138,328,4489,279,3882,246,27,3,30,0,9,38,131,43
20260808,G_overload,139,318,4517,280,3919,247,27,3,30,0,9,37,131,43
20260808,G_overload,140,309,4546,282,3955,250,27,3,29,1,9,40,131,43
20260808,G_overload,141,317,4585,283,3985,252,28,3,28,1,9,38,131,43
20260808,G_overload,142,315,4621,287,4019,256,29,5,26,0,9,35,131,43
20260808,G_overload,143,324,4659,289,4046,259,29,6,24,1,9,38,131,43
20260808,G_overload,144,324,4697,292,4081,263,29,5,24,2,9,38,131,43
20260808,G_overload,145,312,4722,293,4117,265,30,4,24,2,9,39,131,43
20260808,G_overload,146,320,4759,296,4143,267,29,4,25,2,9,38,131,43
20260808,G_overload,147,312,4790,299,4179,268,28,6,25,1,9,34,131,43
20260808,G_overload,148,324,4827,301,4202,270,29,5,26,0,9,36,131,43
20260808,G_overload,149,320,4852,304,4228,270,26,5,29,0,9,33,131,43
20260808,G_overload,150,319,4881,306,4256,271,24,5,30,1,15,30,131,43
20260808,G_overload,151,320,4920,307,4293,272,24,3,32,1,18,26,131,43
20260808,G_overload,152,315,4951,309,4327,274,25,3,32,0,18,23,131,43
20260808,G_overload,153,308,4980,311,4361,275,24,4,32,0,18,21,131,43
20260808,G_overload,154,301,5010,312,4397,277,22,3,32,3,19,19,131,43
20260808,G_overload,155,304,5039,313,4422,278,22,2,33,3,19,20,126,43
20260808,G_overload,156,290,5068,320,4458,281,20,8,31,1,18,24,126,43
20260808,G_overload,157,290,5100,323,4487,287,23,10,26,1,18,26,126,43
20260808,G_overload,158,288,5136,326,4522,289,23,6,31,0,14,28,126,43
20260808,G_overload,159,298,5171,328,4545,291,22,5,32,1,9,33,126,43
20260808,G_overload,160,309,5203,328,4566,293,22,2,33,3,9,37,131,43
20260808,G_overload,161,311,5243,331,4601,295,22,3,33,2,9,40,131,43
20260808,G_overload,162,309,5273,334,4630,296,22,6,32,0,9,41,131,43
20260808,G_overload,163,313,5305,335,4657,297,22,4,34,0,9,42,131,43
20260808,G_overload,164,319,5341,337,4685,301,24,3,33,0,9,40,131,43
20260808,G_overload,165,322,5371,338,4711,302,24,3,33,0,9,39,131,43
20260808,G_overload,166,330,5409,340,4739,305,25,3,32,0,9,43,131,43
20260808,G_overload,167,337,5449,342,4770,308,26,4,30,0,9,43,131,43
20260808,G_overload,168,331,5479,343,4805,308,25,3,32,0,9,42,131,43
20260808,G_overload,169,333,5515,345,4837,310,25,3,32,0,9,41,131,43
20260808,G_overload,170,332,5548,347,4869,312,24,4,31,1,9,42,131,43
20260808,G_overload,171,320,5575,349,4906,316,26,4,29,1,9,36,131,43
20260808,G_overload,172,326,5610,350,4934,320,30,3,27,0,9,37,131,43
20260808,G_overload,173,333,5649,352,4964,325,31,3,24,2,10,38,131,43
20260808,G_overload,174,327,5678,353,4998,327,32,3,23,2,10,34,131,43
20260808,G_overload,175,337,5718,356,5025,328,32,4,24,0,10,37,131,43
20260808,G_overload,176,341,5758,356,5061,331,35,3,22,0,10,41,131,43
20260808,G_overload,177,326,5786,361,5099,332,31,5,24,0,9,40,131,43
20260808,G_overload,178,335,5823,361,5127,335,34,5,21,0,9,43,131,43
20260808,G_overload,179,324,5849,362,5163,336,34,1,25,0,9,45,131,43
20260808,G_overload,180,325,5884,364,5195,336,32,3,25,0,16,41,121,40
20260808,G_overload,181,324,5911,366,5221,339,33,4,23,0,18,38,121,40
20260808,G_overload,182,315,5938,368,5255,339,30,4,25,1,18,36,121,40
20260808,G_overload,183,304,5964,369,5291,340,29,3,26,2,18,30,121,40
20260808,G_overload,184,309,5999,373,5317,341,27,5,27,1,18,25,121,40
20260808,G_overload,185,298,6027,374,5355,344,29,5,25,1,19,19,131,43
20260808,G_overload,186,297,6065,375,5393,345,26,2,28,4,19,22,131,43
20260808,G_overload,187,306,6102,378,5418,349,27,4,25,4,17,27,131,43
20260808,G_overload,188,298,6134,381,5455,352,30,6,23,1,16,30,131,43
20260808,G_overload,189,295,6159,384,5480,354,29,6,24,1,9,30,131,43
20260808,G_overload,190,301,6197,387,5509,358,29,6,23,2,9,34,131,43
20260808,G_overload,191,302,6227,391,5534,359,27,7,25,1,9,36,131,43
20260808,G_overload,192,312,6265,393,5560,360,27,6,27,0,9,39,131,43
20260808,G_overload,193,326,6304,394,5584,360,25,3,31,1,9,37,131,43
20260808,G_overload,194,329,6340,395,5616,363,27,2,30,1,9,39,131,43
20260808,G_overload,195,330,6371,399,5642,366,27,5,28,0,9,37,131,43
20260808,G_overload,196,330,6406,399,5677,366,27,4,29,0,9,40,131,43
20260808,G_overload,197,328,6441,400,5713,366,26,1,33,0,9,36,131,43
20260808,G_overload,198,332,6477,401,5744,367,25,2,32,1,10,38,131,43
20260808,G_overload,199,337,6504,401,5766,370,28,1,30,1,10,38,131,43
20260808,G_overload,200,329,6534,403,5802,371,28,2,30,0,9,39,131,43
20260808,G_overload,201,334,6568,405,5829,372,27,4,29,0,9,39,131,43
20260808,G_overload,202,326,6598,406,5866,374,28,3,29,0,9,40,131,43
20260808,G_overload,203,312,6627,410,5905,375,25,5,30,0,9,35,131,43
20260808,G_overload,204,304,6657,414,5939,380,26,8,26,0,9,34,131,43
20260808,G_overload,205,310,6693,416,5967,383,27,6,27,0,9,33,131,43
20260808,G_overload,206,313,6731,417,6001,387,29,3,27,1,9,33,131,43
20260808,G_overload,207,312,6765,419,6034,388,27,3,28,2,9,32,131,43
20260808,G_overload,208,299,6791,424,6068,390,24,7,27,2,9,33,131,43
20260808,G_overload,209,307,6827,426,6094,392,23,7,27,3,9,32,131,43
20260808,G_overload,210,315,6866,429,6122,394,21,5,30,4,17,31,131,43
20260808,G_overload,211,319,6902,431,6152,396,23,5,30,2,18,26,131,43
20260808,G_overload,212,313,6928,435,6180,399,23,6,30,1,18,23,131,43
20260808,G_overload,213,320,6961,436,6205,400,23,5,31,1,18,20,131,43
20260808,G_overload,214,323,6994,438,6233,401,23,3,34,0,18,20,131,43
20260808,G_overload,215,320,7027,441,6266,405,24,5,31,0,18,23,131,43
20260808,G_overload,216,311,7057,444,6302,407,23,6,31,0,18,25,131,43
20260808,G_overload,217,309,7088,445,6334,409,24,4,32,0,18,30,131,43
20260808,G_overload,218,316,7120,447,6357,410,23,3,34,0,18,32,131,43
20260808,G_overload,219,315,7156,449,6392,414,25,4,31,0,9,36,131,43
20260808,G_overload,220,305,7182,450,6427,415,25,3,32,0,9,33,131,43
20260808,G_overload,221,304,7215,451,6460,416,25,2,33,0,9,34,131,43
20260808,G_overload,222,305,7241,452,6484,418,26,2,32,0,9,33,131,43
20260808,G_overload,223,311,7281,453,6517,422,29,2,29,0,9,37,131,43
20260808,G_overload,224,309,7312,454,6549,425,29,2,27,2,9,34,131,43
20260808,G_overload,225,300,7337,456,6581,427,29,3,26,2,9,37,131,43
20260808,G_overload,226,298,7365,458,6609,430,31,4,24,1,9,36,131,43
20260808,G_overload,227,307,7403,459,6637,434,33,3,22,2,9,35,131,43
20260808,G_overload,228,305,7437,466,6666,436,29,8,22,1,9,40,131,43
20260808,G_overload,229,296,7464,467,6701,437,30,8,22,0,10,38,131,43
20260808,G_overload,230,309,7504,468,6727,438,30,2,28,0,10,39,131,43
20260808,G_overload,231,300,7529,471,6758,441,30,4,26,0,10,37,131,43
20260808,G_overload,232,301,7555,472,6782,442,30,4,26,0,10,36,131,43
20260808,G_overload,233,290,7584,473,6821,443,30,2,28,0,10,34,131,43
20260808,G_overload,234,294,7616,473,6849,444,31,1,28,0,10,32,131,43
20260808,G_overload,235,301,7647,474,6872,445,31,1,28,0,10,33,111,40
20260808,G_overload,236,307,7684,478,6899,446,28,5,27,0,10,33,111,40
20260808,G_overload,237,307,7721,481,6933,447,26,7,27,0,10,36,111,40
20260808,G_overload,238,304,7753,483,6966,447,24,5,31,0,9,33,111,40
20260808,G_overload,239,315,7791,483,6993,450,27,2,31,0,9,37,111,40
20260808,G_overload,240,310,7825,484,7031,454,28,1,29,2,16,32,131,43
20260808,G_overload,241,319,7858,486,7053,455,27,3,28,2,18,28,131,43
20260808,G_overload,242,318,7885,490,7077,458,27,6,26,1,18,27,131,43
20260808,G_overload,243,316,7914,493,7105,460,25,7,26,2,18,25,131,43
20260808,G_overload,244,311,7947,499,7137,461,21,9,29,1,18,20,131,43
20260808,G_overload,245,304,7975,503,7168,462,19,10,31,0,18,24,131,43
20260808,G_overload,246,299,8003,505,7199,465,20,6,34,0,18,25,131,43
20260808,G_overload,247,292,8032,508,7232,467,19,5,36,0,18,29,131,43
20260808,G_overload,248,287,8060,510,7263,470,20,5,35,0,17,30,131,43
20260808,G_overload,249,280,8090,512,7298,471,19,4,37,0,9,33,131,43
20260808,G_overload,250,280,8118,513,7325,473,20,3,37,0,9,34,131,43
20260808,G_overload,251,287,8158,513,7358,475,22,1,37,0,9,32,131,43
20260808,G_overload,252,294,8191,513,7384,477,24,0,36,0,9,32,131,43
20260808,G_overload,253,295,8221,515,7411,483,28,2,30,0,9,32,131,43
20260808,G_overload,254,291,8246,518,7437,484,26,5,29,0,9,31,131,43
20260808,G_overload,255,302,8286,521,7463,486,25,6,29,0,9,31,122,43
20260808,G_overload,256,307,8322,524,7491,488,24,6,30,0,9,35,122,43
20260808,G_overload,257,306,8350,526,7518,492,26,5,29,0,9,35,122,43
20260808,G_overload,258,303,8377,530,7544,495,25,6,29,0,9,37,122,43
20260808,G_overload,259,310,8413,530,7573,497,27,4,29,0,9,41,122,43
20260808,G_overload,260,320,8453,532,7601,500,28,2,30,0,9,40,131,43
20260808,G_overload,261,320,8491,535,7636,503,28,5,27,0,9,41,131,43
20260808,G_overload,262,322,8528,539,7667,505,26,7,27,0,9,42,131,43
20260808,G_overload,263,330,8566,540,7696,509,27,5,26,2,9,43,131,43
20260808,G_overload,264,332,8591,541,7718,509,26,2,30,2,9,44,131,43
20260808,G_overload,265,318,8616,545,7753,510,24,5,30,1,9,42,131,43
20260808,G_overload,266,318,8649,545,7786,512,26,4,29,1,9,40,131,43
20260808,G_overload,267,317,8675,546,7812,513,27,1,32,0,9,41,131,43
20260808,G_overload,268,332,8715,546,7837,513,27,1,32,0,9,39,131,43
20260808,G_overload,269,333,8754,548,7873,514,26,2,32,0,9,44,131,43
20260808,G_overload,270,320,8782,552,7910,516,24,6,30,0,15,41,131,43
20260808,G_overload,271,320,8820,552,7948,519,25,4,29,2,18,37,131,43
20260808,G_overload,272,320,8855,553,7982,522,26,1,30,3,18,32,131,43
20260808,G_overload,273,315,8891,557,8019,523,25,5,29,1,18,28,131,43
20260808,G_overload,274,319,8920,558,8043,525,27,5,28,0,18,26,131,43
20260808,G_overload,275,325,8952,560,8067,531,29,3,26,2,18,23,131,43
20260808,G_overload,276,331,8990,560,8099,536,33,2,22,3,18,29,131,43
20260808,G_overload,277,344,9030,562,8124,538,33,2,22,3,18,32,131,43
20260808,G_overload,278,339,9064,564,8161,540,34,4,20,2,17,33,131,43
20260808,G_overload,279,329,9094,567,8198,540,33,5,22,0,9,33,131,43
20260808,G_overload,280,336,9125,570,8219,542,32,6,22,0,9,34,131,43
20260808,G_overload,281,330,9159,575,8254,543,28,8,24,0,9,35,131,43
20260808,G_overload,282,318,9184,577,8289,544,27,7,26,0,9,36,131,43
20260808,G_overload,283,322,9222,577,8323,544,26,2,31,1,9,40,131,43
20260808,G_overload,284,333,9260,577,8350,545,27,0,32,1,9,40,131,43
20260808,G_overload,285,329,9290,580,8381,547,27,3,30,0,9,46,121,40
20260808,G_overload,286,330,9329,580,8419,549,29,3,28,0,9,50,121,40
20260808,G_overload,287,322,9360,581,8457,550,29,1,30,0,9,47,121,40
20260808,G_overload,288,318,9391,584,8489,552,28,4,28,0,9,43,121,40
20260808,G_overload,289,320,9423,584,8519,555,31,3,26,0,9,43,121,40
20260808,G_overload,290,311,9449,588,8550,558,30,4,26,0,9,41,126,43
20260808,G_overload,291,306,9476,590,8580,560,28,6,24,2,9,37,126,43
20260808,G_overload,292,315,9511,592,8604,564,28,4,24,4,9,37,126,43
20260808,G_overload,293,308,9542,595,8639,566,29,5,24,2,9,34,126,43
20260808,G_overload,294,311,9582,598,8673,568,30,6,24,0,9,34,126,43
20260808,G_overload,295,313,9615,601,8701,570,28,6,25,1,9,37,131,43
20260808,G_overload,296,305,9648,603,8740,570,26,5,28,1,9,35,131,43
20260808,G_overload,297,305,9679,606,8768,572,26,5,29,0,9,35,131,43
20260808,G_overload,298,309,9713,606,8798,574,28,3,29,0,9,36,131,43
20260808,G_overload,299,303,9738,607,8828,576,29,1,30,0,9,34,131,43
20260808,G_overload,300,310,9772,609,8853,578,24,3,28,5,18,30,131,43
20260808,G_overload,301,322,9809,610,8877,578,23,3,29,5,18,29,131,43
20260808,G_overload,302,320,9848,618,8910,581,22,9,28,1,18,25,131,43
20260808,G_overload,303,324,9880,618,8938,582,23,8,28,1,18,23,131,43
20260808,G_overload,304,322,9918,621,8975,585,24,3,33,0,18,25,131,43
20260808,G_overload,305,322,9951,623,9006,586,22,5,32,1,18,27,131,43
20260808,G_overload,306,324,9984,623,9037,589,25,2,32,1,18,30,131,43
20260808,G_overload,307,328,10021,627,9066,590,23,4,33,0,18,34,131,43
20260808,G_overload,308,330,10058,629,9099,593,24,6,30,0,15,38,131,43
20260808,G_overload,309,336,10089,630,9123,596,26,3,31,0,9,41,131,43
20260808,G_overload,310,334,10117,632,9151,601,29,3,28,0,9,37,131,43
20260808,G_overload,311,330,10152,635,9187,604,29,5,26,0,9,36,131,43
20260808,G_overload,312,319,10180,639,9222,605,26,7,27,0,9,39,131,43
20260808,G_overload,313,311,10207,642,9254,607,25,7,28,0,9,40,131,43
20260808,G_overload,314,309,10241,642,9290,609,25,3,30,2,10,37,131,43
20260808,G_overload,315,307,10273,645,9321,609,21,3,33,3,10,37,131,43
20260808,G_overload,316,303,10304,649,9352,609,18,7,33,2,10,35,131,43
20260808,G_overload,317,303,10337,650,9384,611,20,5,34,1,10,34,131,43
20260808,G_overload,318,299,10370,651,9420,613,22,2,36,0,10,33,131,43
20260808,G_overload,319,294,10396,652,9450,616,24,2,34,0,10,32,131,43
20260808,G_overload,320,310,10436,652,9474,618,25,1,33,1,9,31,131,43
20260808,G_overload,321,303,10463,655,9505,619,23,3,33,1,9,31,131,43
20260808,G_overload,322,302,10488,656,9530,620,23,4,32,1,9,32,131,43
20260808,G_overload,323,300,10516,660,9556,625,24,5,30,1,9,32,131,43
20260808,G_overload,324,300,10547,661,9586,628,27,5,28,0,9,35,131,43
20260808,G_overload,325,297,10578,663,9618,633,29,3,27,1,9,37,131,43
20260808,G_overload,326,292,10604,665,9647,633,27,4,28,1,9,38,131,43
20260808,G_overload,327,297,10641,666,9678,635,29,3,28,0,10,40,131,43
20260808,G_overload,328,295,10673,670,9708,639,28,5,26,1,9,40,131,43
20260808,G_overload,329,300,10706,672,9734,641,28,6,25,1,9,39,131,43
20260808,G_overload,330,287,10734,675,9772,642,26,5,28,1,16,30,131,43
20260808,G_overload,331,289,10761,676,9796,644,27,4,28,1,17,24,131,43
20260808,G_overload,332,304,10801,677,9820,646,29,2,29,0,18,22,131,43
20260808,G_overload,333,314,10841,679,9848,648,28,3,28,1,18,21,131,43
20260808,G_overload,334,317,10875,680,9878,650,28,3,27,2,18,20,131,43
20260808,G_overload,335,316,10906,681,9909,652,29,2,27,2,18,23,121,40
20260808,G_overload,336,315,10934,686,9933,657,30,6,23,1,18,26,121,40
20260808,G_overload,337,309,10965,687,9969,658,31,6,23,0,18,31,121,40
20260808,G_overload,338,306,10993,689,9998,659,30,3,27,0,15,35,121,40
20260808,G_overload,339,307,11028,693,10028,659,25,6,28,1,9,37,121,40
20260808,G_overload,340,309,11054,695,10050,662,26,6,27,1,9,38,131,43
20260808,G_overload,341,305,11079,697,10077,663,26,4,30,0,9,35,131,43
20260808,G_overload,342,292,11105,697,10116,665,27,2,30,1,9,33,131,43
20260808,G_overload,343,292,11143,698,10153,668,28,1,29,2,9,35,131,43
20260808,G_overload,344,296,11182,701,10185,668,26,4,29,1,9,35,131,43
20260808,G_overload,345,292,11210,704,10214,670,26,6,28,0,9,36,131,43
20260808,G_overload,346,300,11244,705,10239,671,26,4,30,0,9,38,131,43
20260808,G_overload,347,293,11271,709,10269,674,25,5,30,0,9,37,131,43
20260808,G_overload,348,307,11311,710,10294,675,25,5,30,0,9,37,131,43
20260808,G_overload,349,306,11343,712,10325,675,23,3,34,0,9,38,131,43
20260808,G_overload,350,320,11383,714,10349,679,24,4,31,1,9,43,131,43
20260808,G_overload,351,333,11421,714,10374,683,28,2,29,1,9,46,131,43
20260808,G_overload,352,336,11449,715,10398,685,30,1,29,0,9,44,131,43
20260808,G_overload,353,331,11485,718,10436,687,29,4,27,0,9,43,131,43
20260808,G_overload,354,325,11517,719,10473,689,30,4,26,0,9,40,131,43
20260808,G_overload,355,330,11553,723,10500,691,28,5,27,0,9,39,131,43
20260808,G_overload,356,327,11584,723,10534,693,30,4,26,0,9,37,131,43
20260808,G_overload,357,335,11621,726,10560,697,30,3,26,1,9,36,131,43
20260808,G_overload,358,324,11649,728,10597,699,30,5,24,1,9,37,131,43
20260808,G_overload,359,330,11687,730,10627,700,30,4,26,0,9,38,131,43
20260808,G_overload,360,327,11726,735,10664,701,25,7,27,1,17,33,126,43
20260808,G_overload,361,322,11759,736,10701,706,28,6,24,2,18,30,126,43
20260808,G_overload,362,319,11786,738,10729,709,29,3,26,2,18,27,126,43
20260808,G_overload,363,319,11822,742,10761,711,28,6,25,1,18,26,126,43
20260808,G_overload,364,317,11851,746,10788,713,24,8,25,3,18,24,126,43
20260808,G_overload,365,319,11888,747,10822,715,25,5,27,3,18,26,131,43
20260808,G_overload,366,311,11913,752,10850,717,24,6,29,1,18,28,131,43
20260808,G_overload,367,310,11948,753,10885,718,23,6,29,2,18,30,131,43
20260808,G_overload,368,314,11981,756,10911,720,23,4,32,1,17,32,131,43
20260808,G_overload,369,308,12013,757,10948,722,25,4,31,0,9,33,131,43
20260808,G_overload,370,304,12041,759,10978,723,24,3,33,0,9,35,131,43
20260808,G_overload,371,309,12080,761,11010,725,24,4,32,0,9,38,131,43
20260808,G_overload,372,321,12118,761,11036,727,26,2,32,0,9,37,131,43
20260808,G_overload,373,320,12153,763,11070,727,24,2,34,0,9,32,131,43
20260808,G_overload,374,321,12186,768,11097,730,22,7,31,0,9,33,131,43
20260808,G_overload,375,320,12222,769,11133,735,26,6,28,0,9,35,131,43
20260808,G_overload,376,327,12253,769,11157,736,26,1,32,1,9,34,131,43
20260808,G_overload,377,315,12279,772,11192,739,26,3,30,1,9,34,131,43
20260808,G_overload,378,308,12304,775,11221,739,24,6,30,0,9,35,131,43
20260808,G_overload,379,311,12337,776,11250,742,25,4,30,1,9,36,131,43
20260808,G_overload,380,318,12373,778,11277,746,27,3,29,1,9,39,115,42
20260808,G_overload,381,311,12404,780,11313,750,29,4,26,1,9,34,115,42
20260808,G_overload,382,300,12433,782,11351,753,30,4,25,1,9,33,115,42
20260808,G_overload,383,287,12458,788,11383,757,29,8,23,0,9,35,115,42
20260808,G_overload,384,297,12497,790,11410,759,29,8,23,0,9,34,115,42
20260808,G_overload,385,287,12523,791,11445,760,29,3,28,0,9,36,131,43
20260808,G_overload,386,284,12550,791,11475,760,29,1,30,0,9,38,131,43
20260808,G_overload,387,294,12588,794,11500,763,29,3,28,0,9,37,131,43
20260808,G_overload,388,297,12613,794,11522,765,31,3,26,0,9,37,131,43
20260808,G_overload,389,298,12648,796,11554,768,32,2,26,0,9,36,131,43
20260808,G_overload,390,294,12678,797,11587,770,30,3,24,3,17,32,121,40
20260808,G_overload,391,300,12716,799,11617,770,28,3,26,3,18,30,121,40
20260808,G_overload,392,299,12744,803,11642,772,29,6,25,0,18,26,121,40
20260808,G_overload,393,315,12783,805,11663,773,28,6,26,0,18,25,121,40
20260808,G_overload,394,307,12811,806,11698,773,27,3,30,0,18,21,121,40
20260808,G_overload,395,318,12850,808,11724,776,28,3,29,0,18,23,131,43
20260808,G_overload,396,316,12875,808,11751,779,30,2,27,1,18,26,131,43
20260808,G_overload,397,307,12904,809,11788,781,31,1,27,1,18,31,131,43
20260808,G_overload,398,314,12937,812,11811,783,31,4,25,0,17,33,131,43
20260808,G_overload,399,317,12974,815,11842,785,29,6,24,1,9,36,131,43
20260808,G_overload,400,328,13014,815,11871,786,30,3,26,1,9,37,131,43
20260808,G_overload,401,324,13049,817,11908,788,31,2,27,0,9,37,131,43
20260808,G_overload,402,326,13084,822,11936,793,31,7,22,0,9,38,131,43
20260808,G_overload,403,320,13119,827,11972,796,29,10,21,0,9,40,131,43
20260808,G_overload,404,320,13148,829,11999,798,28,7,24,1,9,45,131,43
20260808,G_overload,405,305,13173,832,12036,800,27,5,27,1,9,42,131,43
20260808,G_overload,406,313,13208,835,12060,801,25,6,28,1,9,42,131,43
20260808,G_overload,407,312,13235,835,12088,802,26,3,30,1,9,40,131,43
20260808,G_overload,408,307,13262,838,12117,803,25,3,32,0,9,42,131,43
20260808,G_overload,409,301,13292,839,12152,805,25,4,30,1,9,40,131,43
20260808,G_overload,410,288,13318,840,12190,806,25,2,32,1,9,36,131,43
20260808,G_overload,411,277,13343,844,12222,808,24,5,31,0,9,32,131,43
20260808,G_overload,412,283,13382,847,12252,810,23,7,30,0,9,33,131,43
20260808,G_overload,413,283,13417,849,12285,813,24,5,31,0,9,32,131,43
20260808,G_overload,414,289,13451,850,12312,817,26,3,30,1,9,31,131,43
20260808,G_overload,415,300,13486,851,12335,820,28,2,29,1,9,33,131,43
20260808,G_overload,416,305,13524,853,12366,821,27,3,29,1,9,32,131,43
20260808,G_overload,417,306,13552,853,12393,821,27,2,30,1,9,32,131,43
20260808,G_overload,418,315,13590,858,12417,823,25,5,30,0,9,32,131,43
20260808,G_overload,419,319,13623,859,12445,827,28,6,26,0,9,33,131,43
20260808,G_overload,420,331,13662,862,12469,829,25,4,29,2,18,31,131,43
20260808,G_overload,421,338,13693,864,12491,832,26,5,27,2,18,28,131,43
20260808,G_overload,422,324,13721,868,12529,833,25,6,29,0,18,27,131,43
20260808,G_overload,423,327,13758,870,12561,837,27,6,27,0,18,26,131,43
20260808,G_overload,424,318,13786,874,12594,840,25,6,28,1,18,25,131,43
20260808,G_overload,425,309,13812,875,12628,842,25,5,28,2,18,27,131,43
20260808,G_overload,426,314,13852,876,12662,844,25,2,30,3,18,29,131,43
20260808,G_overload,427,316,13882,878,12688,845,25,3,30,2,18,31,131,43
20260808,G_overload,428,302,13907,881,12724,845,24,5,31,0,16,33,131,43
20260808,G_overload,429,300,13941,884,12757,845,21,6,33,0,9,33,131,43
20260808,G_overload,430,299,13974,886,12789,847,21,5,34,0,9,34,131,43
20260808,G_overload,431,299,14006,887,12820,849,21,3,35,1,9,33,131,43
20260808,G_overload,432,307,14039,887,12845,851,23,1,35,1,9,37,131,43
20260808,G_overload,433,302,14076,893,12881,853,20,6,34,0,9,35,131,43
20260808,G_overload,434,304,14106,895,12907,856,21,8,31,0,9,37,131,43
20260808,G_overload,435,311,14138,896,12931,858,22,3,35,0,9,38,131,43
20260808,G_overload,436,304,14171,897,12970,860,23,2,35,0,9,39,131,43
20260808,G_overload,437,312,14211,901,12998,862,21,5,34,0,10,38,131,43
20260808,G_overload,438,316,14240,902,13022,867,25,5,30,0,10,38,131,43
20260808,G_overload,439,318,14273,903,13052,867,24,2,34,0,10,39,131,43
20260808,G_overload,440,314,14303,908,13081,869,20,6,33,1,10,40,131,43
20260808,G_overload,441,320,14342,910,13112,872,21,7,31,1,10,40,131,43
20260808,G_overload,442,320,14376,912,13144,873,21,4,35,0,9,37,131,43
20260808,G_overload,443,319,14408,913,13176,875,22,3,35,0,9,39,131,43
20260808,G_overload,444,325,14444,915,13204,878,23,3,34,0,9,41,131,43
20260808,G_overload,445,319,14470,916,13235,881,25,3,32,0,9,39,121,40
20260808,G_overload,446,325,14507,916,13266,883,27,1,32,0,9,37,121,40
20260808,G_overload,447,325,14546,919,13302,885,25,3,31,1,9,38,121,40
20260808,G_overload,448,324,14575,920,13331,888,27,4,28,1,9,38,121,40
20260808,G_overload,449,324,14606,922,13360,890,28,3,29,0,9,39,121,40
20260808,G_overload,450,321,14631,925,13385,895,30,5,25,0,15,37,131,43
20260808,G_overload,451,315,14663,925,13423,896,30,3,26,1,17,33,131,43
20260808,G_overload,452,322,14703,925,13456,897,31,0,28,1,18,29,131,43
20260808,G_overload,453,316,14732,929,13487,899,30,4,26,0,18,27,131,43
20260808,G_overload,454,312,14764,930,13522,900,30,5,25,0,18,24,131,43
20260808,G_overload,455,312,14794,934,13548,902,28,5,27,0,18,26,131,43
20260808,G_overload,456,306,14825,934,13585,904,30,4,26,0,18,29,131,43
20260808,G_overload,457,295,14854,936,13623,906,30,2,28,0,16,32,131,43
20260808,G_overload,458,304,14891,936,13651,909,33,2,25,0,15,37,131,43
20260808,G_overload,459,309,14930,939,13682,911,32,3,25,0,9,40,131,43
20260808,G_overload,460,312,14956,940,13704,911,31,4,25,0,9,41,131,43
20260808,G_overload,461,308,14985,942,13735,911,29,3,28,0,9,37,131,43
20260808,G_overload,462,299,15016,944,13773,915,30,4,25,1,9,33,131,43
20260808,G_overload,463,305,15050,946,13799,920,33,4,22,1,9,35,131,43
20260808,G_overload,464,308,15086,948,13830,922,33,4,22,1,9,36,131,43
20260808,G_overload,465,306,15113,950,13857,923,32,4,23,1,9,35,131,43
20260808,G_overload,466,300,15139,954,13885,924,30,6,24,0,9,36,131,43
20260808,G_overload,467,307,15176,957,13912,925,28,7,25,0,9,35,131,43
20260808,G_overload,468,302,15208,958,13948,927,29,4,27,0,9,40,131,43
20260808,G_overload,469,298,15242,958,13986,928,30,1,29,0,9,37,131,43
20260808,G_overload,470,304,15271,958,14009,929,31,0,29,0,9,37,131,43
20260808,G_overload,471,315,15311,959,14037,931,32,1,27,0,9,37,131,43
20260808,G_overload,472,312,15339,961,14066,932,31,3,26,0,9,39,131,43
20260808,G_overload,473,310,15375,965,14100,936,31,6,23,0,9,39,131,43
20260808,G_overload,474,301,15403,967,14135,936,29,6,25,0,9,39,131,43
20260808,G_overload,475,313,15442,969,14160,939,30,4,26,0,9,40,131,43
20260808,G_overload,476,321,15475,972,14182,940,28,5,27,0,9,39,131,43
20260808,G_overload,477,311,15501,975,14215,943,28,6,26,0,9,40,131,43
20260808,G_overload,478,308,15529,976,14245,944,28,4,28,0,9,40,131,43
20260808,G_overload,479,307,15561,976,14278,945,28,1,30,1,9,37,131,43
20260808,G_overload,480,304,15586,979,14303,946,25,3,30,2,14,35,131,43
20260808,G_overload,481,290,15616,984,14342,947,22,8,29,1,17,30,131,43
20260808,G_overload,482,288,15643,987,14368,952,25,8,27,0,18,26,131,43
20260808,G_overload,483,278,15668,987,14403,952,25,3,32,0,18,23,131,43
20260808,G_overload,484,281,15699,989,14429,954,24,2,33,1,18,22,131,43
20260808,G_overload,485,272,15730,990,14468,956,25,3,31,1,18,23,131,43
20260808,G_overload,486,278,15770,993,14499,958,25,4,31,0,18,26,131,43
20260808,G_overload,487,293,15810,994,14523,960,26,4,30,0,17,32,131,43
20260808,G_overload,488,296,15838,994,14548,960,26,1,33,0,17,34,131,43
20260808,G_overload,489,294,15870,998,14578,962,24,4,32,0,9,35,131,43
20260808,G_overload,490,310,15910,1001,14599,967,26,7,27,0,9,33,126,43
20260808,G_overload,491,312,15939,1002,14625,969,27,4,29,0,9,34,126,43
20260808,G_overload,492,310,15964,1003,14651,973,29,2,28,1,9,32,126,43
20260808,G_overload,493,315,15995,1004,14676,974,28,2,28,2,9,33,126,43
20260808,G_overload,494,308,16020,1008,14704,978,29,5,25,1,9,33,126,43
20260808,G_overload,495,304,16048,1011,14733,978,26,7,26,1,9,33,131,43
20260808,G_overload,496,299,16078,1011,14768,979,27,3,29,1,9,34,131,43
20260808,G_overload,497,289,16108,1013,14806,981,28,2,30,0,9,36,131,43
20260808,G_overload,498,299,16147,1014,14834,984,29,3,27,1,9,40,131,43
20260808,G_overload,499,303,16183,1017,14863,987,29,4,26,1,9,37,131,43
20260808,G_overload,500,287,16208,1019,14902,988,29,5,26,0,9,33,131,43
20260808,G_overload,501,287,16240,1023,14930,991,28,6,26,0,9,34,131,43
20260808,G_overload,502,301,16279,1024,14954,994,30,5,25,0,9,36,131,43
20260808,G_overload,503,297,16307,1025,14985,994,29,2,29,0,9,35,131,43
20260808,G_overload,504,302,16336,1025,15009,994,28,1,30,1,9,38,131,43
20260808,G_overload,505,311,16373,1028,15034,997,26,3,28,3,9,38,131,43
20260808,G_overload,506,321,16413,1030,15062,997,25,5,28,2,9,39,131,43
20260808,G_overload,507,320,16441,1033,15088,999,26,5,29,0,9,40,131,43
20260808,G_overload,508,312,16474,1036,15126,1001,25,6,29,0,9,38,131,43
20260808,G_overload,509,303,16499,1036,15160,1004,28,3,29,0,9,38,131,43
20260808,G_overload,510,308,16533,1041,15184,1005,24,5,31,0,17,37,131,43
20260808,G_overload,511,311,16566,1043,15212,1010,27,7,26,0,17,35,131,43
20260808,G_overload,512,303,16595,1043,15249,1012,29,2,29,0,18,32,131,43
20260808,G_overload,513,312,16634,1047,15275,1015,28,4,28,0,18,31,131,43
20260808,G_overload,514,312,16660,1047,15301,1016,29,4,27,0,18,28,131,43
20260808,G_overload,515,309,16692,1047,15336,1019,29,0,28,3,18,26,131,43
20260808,G_overload,516,294,16717,1048,15375,1020,29,1,27,3,18,29,131,43
20260808,G_overload,517,300,16753,1054,15399,1021,27,7,26,0,17,32,131,43
20260808,G_overload,518,301,16788,1058,15429,1023,25,10,25,0,16,35,131,43
20260808,G_overload,519,309,16823,1060,15454,1024,24,6,30,0,9,41,131,43
20260808,G_overload,520,318,16862,1061,15483,1027,26,3,31,0,9,40,101,38
20260808,G_overload,521,316,16893,1061,15516,1027,26,1,33,0,9,44,101,38
20260808,G_overload,522,313,16919,1062,15544,1033,31,1,28,0,9,41,101,38
20260808,G_overload,523,301,16944,1065,15578,1035,30,4,26,0,9,38,101,38
20260808,G_overload,524,309,16980,1067,15604,1036,29,5,26,0,9,39,101,38
20260808,G_overload,525,308,17011,1068,15635,1036,27,3,29,1,9,40,126,43
20260808,G_overload,526,315,17044,1069,15660,1039,29,2,28,1,9,39,126,43
20260808,G_overload,527,314,17080,1072,15694,1040,28,4,28,0,9,37,126,43
20260808,G_overload,528,305,17105,1073,15727,1042,29,4,27,0,9,36,126,43
20260808,G_overload,529,300,17134,1074,15760,1044,29,2,28,1,9,40,126,43
20260808,G_overload,530,289,17163,1077,15797,1046,28,4,27,1,9,33,131,43
20260808,G_overload,531,295,17202,1080,15827,1050,30,6,24,0,9,33,131,43
20260808,G_overload,532,303,17235,1080,15852,1054,33,3,23,1,9,34,131,43
20260808,G_overload,533,309,17268,1083,15876,1055,30,3,25,2,9,34,131,43
20260808,G_overload,534,309,17305,1086,15910,1056,29,6,24,1,9,36,131,43
20260808,G_overload,535,312,17338,1089,15937,1058,29,6,25,0,9,37,131,43
20260808,G_overload,536,306,17363,1089,15968,1059,30,3,27,0,9,36,131,43
20260808,G_overload,537,307,17399,1091,16001,1059,28,2,30,0,9,36,131,43
20260808,G_overload,538,319,17437,1092,16026,1060,28,3,29,0,9,38,131,43
20260808,G_overload,539,327,17474,1094,16053,1062,27,3,29,1,10,37,131,43
20260808,G_overload,540,338,17512,1094,16080,1064,24,2,28,6,19,33,131,43
20260808,G_overload,541,337,17549,1095,16117,1065,25,1,29,5,18,29,131,43
20260808,G_overload,542,336,17583,1098,16149,1066,28,4,28,0,18,25,131,43
20260808,G_overload,543,329,17609,1099,16181,1069,30,4,26,0,18,23,131,43
20260808,G_overload,544,331,17644,1099,16214,1069,29,1,29,1,18,25,131,43
20260808,G_overload,545,337,17683,1102,16244,1073,30,3,26,1,18,34,131,43
20260808,G_overload,546,342,17715,1104,16269,1073,29,5,26,0,18,34,131,43
20260808,G_overload,547,340,17749,1105,16304,1075,30,3,27,0,18,37,131,43
20260808,G_overload,548,339,17785,1108,16338,1079,31,4,25,0,18,38,131,43
20260808,G_overload,549,331,17816,1112,16373,1080,27,7,25,1,9,42,131,43
20260808,G_overload,550,320,17842,1113,16409,1081,27,5,27,1,9,41,126,43
20260808,G_overload,551,320,17880,1114,16446,1083,28,2,29,1,9,47,126,43
20260808,G_overload,552,321,17914,1115,16478,1086,27,2,27,4,9,42,126,43
20260808,G_overload,553,318,17939,1118,16503,1087,24,4,27,5,10,37,126,43
20260808,G_overload,554,317,17971,1121,16533,1087,22,6,28,4,10,36,126,43
20260808,G_overload,555,307,17999,1124,16568,1089,23,6,29,2,9,35,131,43
20260808,G_overload,556,302,18028,1126,16600,1092,26,5,29,0,9,37,131,43
20260808,G_overload,557,305,18066,1128,16633,1094,26,4,30,0,9,36,131,43
20260808,G_overload,558,310,18105,1129,16666,1096,27,3,30,0,9,34,131,43
20260808,G_overload,559,310,18135,1131,16694,1099,27,3,29,1,9,34,131,43
20260808,G_overload,560,316,18170,1134,16720,1104,26,5,25,4,9,34,131,43
20260808,G_overload,561,307,18200,1137,16756,1105,25,6,26,3,9,30,131,43
20260808,G_overload,562,301,18229,1141,16787,1105,24,7,29,0,9,31,131,43
20260808,G_overload,563,310,18262,1142,16810,1107,25,5,30,0,9,35,131,43
20260808,G_overload,564,303,18288,1143,16842,1108,25,2,33,0,9,35,131,43
20260808,G_overload,565,315,18326,1144,16867,1109,24,2,33,1,9,37,131,43
20260808,G_overload,566,317,18356,1147,16892,1111,22,4,32,2,10,38,131,43
20260808,G_overload,567,316,18395,1150,16929,1114,22,6,30,2,10,36,131,43
20260808,G_overload,568,303,18421,1151,16967,1115,23,4,32,1,9,37,131,43
20260808,G_overload,569,309,18459,1154,16996,1117,22,4,33,1,10,40,131,43
20260808,G_overload,570,313,18493,1156,17024,1119,20,5,32,3,16,38,121,43
20260808,G_overload,571,318,18527,1159,17050,1122,21,5,32,2,18,35,121,43
20260808,G_overload,572,314,18555,1164,17077,1123,19,8,33,0,18,29,121,43
20260808,G_overload,573,313,18588,1166,17109,1129,21,7,30,2,18,26,121,43
20260808,G_overload,574,323,18627,1169,17135,1133,21,5,31,3,18,24,121,43
20260808,G_overload,575,319,18661,1172,17170,1137,23,6,29,2,18,26,131,43
20260808,G_overload,576,321,18692,1173,17198,1137,23,4,32,1,18,28,131,43
20260808,G_overload,577,314,18724,1175,17235,1138,23,3,34,0,18,31,131,43
20260808,G_overload,578,313,18750,1176,17261,1140,23,3,33,1,17,34,131,43
20260808,G_overload,579,304,18778,1177,17297,1141,23,2,34,1,9,35,131,43
20260808,G_overload,580,303,18808,1180,17325,1142,22,4,34,0,9,37,131,43
20260808,G_overload,581,297,18835,1180,17358,1145,24,3,32,1,9,36,131,43
20260808,G_overload,582,310,18871,1180,17381,1145,24,0,35,1,9,35,131,43
20260808,G_overload,583,315,18910,1183,17412,1147,24,3,33,0,9,35,131,43
20260808,G_overload,584,310,18946,1186,17450,1150,24,6,30,0,9,36,131,43
20260808,G_overload,585,316,18985,1187,17482,1153,25,4,30,1,9,40,131,43
20260808,G_overload,586,321,19021,1188,17512,1156,27,2,30,1,9,40,131,43
20260808,G_overload,587,314,19046,1191,17541,1160,29,4,27,0,9,40,131,43
20260808,G_overload,588,319,19076,1191,17566,1162,31,3,26,0,9,39,131,43
20260808,G_overload,589,328,19113,1192,17593,1162,30,1,29,0,9,40,131,43
20260808,G_overload,590,333,19147,1192,17622,1164,31,1,27,1,9,45,131,43
20260808,G_overload,591,341,19183,1194,17648,1167,32,2,25,1,9,42,131,43
20260808,G_overload,592,331,19212,1198,17683,1168,30,6,24,0,9,43,131,43
20260808,G_overload,593,317,19237,1201,17719,1174,33,7,20,0,9,42,131,43
20260808,G_overload,594,308,19266,1205,17753,1175,29,7,23,1,9,38,131,43
20260808,G_overload,595,307,19304,1207,17790,1175,27,6,26,1,9,36,131,43
20260808,G_overload,596,305,19336,1210,17821,1178,28,5,27,0,9,36,131,43
20260808,G_overload,597,313,19368,1211,17844,1181,30,4,26,0,9,38,131,43
20260808,G_overload,598,310,19396,1212,17874,1182,30,2,28,0,9,40,131,43
20260808,G_overload,599,309,19432,1213,17910,1183,29,2,28,1,9,40,131,43
20260808,G_overload,600,299,19457,1215,17943,1185,27,3,27,3,14,35,121,40
20260808,H_showcase,1,4,10,6,0,0,123,6,0,1,1,2,131,43
20260808,H_showcase,2,14,23,9,0,0,111,9,0,10,3,4,131,43
20260808,H_showcase,3,21,36,15,0,0,104,9,6,11,4,6,131,43
20260808,H_showcase,4,24,52,28,0,0,100,19,9,2,6,6,131,43
20260808,H_showcase,5,30,62,32,0,0,96,17,15,2,6,10,131,43
20260808,H_showcase,6,41,77,36,0,0,92,8,28,2,7,11,131,43
20260808,H_showcase,7,51,91,40,0,0,90,8,32,0,8,12,131,43
20260808,H_showcase,8,65,108,43,0,0,87,7,36,0,9,13,131,43
20260808,H_showcase,9,78,125,47,0,0,83,7,40,0,9,16,131,43
20260808,H_showcase,10,93,142,49,0,0,81,6,43,0,9,19,131,43
20260808,H_showcase,11,102,152,50,0,0,80,3,47,0,9,19,131,43
20260808,H_showcase,12,114,164,50,0,0,80,1,49,0,9,21,131,43
20260808,H_showcase,13,128,182,54,0,0,75,4,50,1,9,24,131,43
20260808,H_showcase,14,143,199,56,0,2,75,6,48,1,9,27,131,43
20260808,H_showcase,15,146,215,62,7,2,69,8,52,1,9,29,131,43
20260808,H_showcase,16,147,231,66,18,4,67,10,52,1,9,29,131,43
20260808,H_showcase,17,153,247,69,25,6,67,7,56,0,9,27,131,43
20260808,H_showcase,18,151,257,70,36,8,68,4,58,0,9,25,131,43
20260808,H_showcase,19,153,272,71,48,10,68,2,59,1,9,22,131,43
20260808,H_showcase,20,147,285,76,62,14,67,6,56,1,9,21,121,40
20260808,H_showcase,21,151,303,80,72,18,68,9,53,0,9,19,121,40
20260808,H_showcase,22,144,315,84,87,22,68,8,54,0,9,21,121,40
20260808,H_showcase,23,146,331,90,95,30,70,10,50,0,9,23,121,40
20260808,H_showcase,24,144,341,91,106,33,72,7,51,0,9,23,121,40
20260808,H_showcase,25,141,358,95,122,42,77,5,48,0,9,22,126,43
20260808,H_showcase,26,140,373,96,137,47,81,5,44,0,9,24,126,43
20260808,H_showcase,27,141,388,101,146,53,79,6,42,3,9,22,126,43
20260808,H_showcase,28,143,406,106,157,56,77,10,40,3,9,23,126,43
20260808,H_showcase,29,135,416,112,169,59,76,11,42,1,9,21,126,43
20260808,H_showcase,30,139,430,116,175,62,71,10,44,5,12,20,131,43
20260808,H_showcase,31,139,447,121,187,65,60,9,47,14,15,17,131,43
20260808,H_showcase,32,136,460,128,196,66,58,12,50,10,15,17,131,43
20260808,H_showcase,33,129,478,140,209,68,57,19,53,1,16,15,131,43
20260808,H_showcase,34,130,488,141,217,70,58,13,58,1,17,12,131,43
20260808,H_showcase,35,135,506,143,228,75,59,3,65,3,17,10,131,43
20260808,H_showcase,36,140,523,145,238,77,59,4,64,3,18,12,131,43
20260808,H_showcase,37,137,538,150,251,81,60,7,62,1,18,14,131,43
20260808,H_showcase,38,132,550,154,264,84,57,9,61,3,16,15,131,43
20260808,H_showcase,39,129,561,157,275,87,58,7,63,2,15,16,131,43
20260808,H_showcase,40,125,572,159,288,90,60,5,64,1,10,20,131,43
20260808,H_showcase,41,127,582,160,295,96,65,3,61,1,9,20,131,43
20260808,H_showcase,42,136,597,165,296,102,66,6,57,1,9,21,131,43
20260808,H_showcase,43,144,608,166,298,109,72,6,51,1,9,21,131,43
20260808,H_showcase,44,145,623,171,307,110,67,6,55,2,9,22,131,43
20260808,H_showcase,45,141,635,173,321,113,68,7,53,2,9,23,131,43
20260808,H_showcase,46,140,647,179,328,114,65,8,57,0,9,23,131,43
20260808,H_showcase,47,137,663,181,345,120,67,8,53,2,9,22,131,43
20260808,H_showcase,48,132,674,183,359,122,67,4,57,2,9,19,131,43
20260808,H_showcase,49,130,689,187,372,129,72,6,52,0,9,21,131,43
20260808,H_showcase,50,128,699,189,382,134,74,6,49,1,9,20,126,43
20260808,H_showcase,51,134,717,192,391,141,76,5,46,3,9,20,126,43
20260808,H_showcase,52,132,729,197,400,146,75,8,43,4,9,19,126,43
20260808,H_showcase,53,134,745,203,408,152,75,11,40,4,9,19,126,43
20260808,H_showcase,54,130,756,207,419,154,75,10,43,2,9,18,126,43
20260808,H_showcase,55,131,772,213,428,157,74,10,46,0,9,17,131,43
20260808,H_showcase,56,131,783,215,437,160,75,8,47,0,9,18,131,43
20260808,H_showcase,57,137,799,215,447,161,76,2,52,0,9,20,131,43
20260808,H_showcase,58,140,813,218,455,165,77,3,50,0,9,21,131,43
20260808,H_showcase,59,133,823,221,469,172,81,6,43,0,9,20,131,43
20260808,H_showcase,60,132,837,227,478,172,72,9,46,3,11,20,131,43
20260808,H_showcase,61,129,853,234,490,176,64,13,45,8,15,19,131,43
20260808,H_showcase,62,127,863,237,499,178,65,10,49,6,18,18,131,43
20260808,H_showcase,63,115,874,245,514,178,62,11,56,1,16,17,131,43
20260808,H_showcase,64,118,889,249,522,181,61,12,56,1,18,14,131,43
20260808,H_showcase,65,122,907,251,534,183,58,6,62,4,18,13,131,43
20260808,H_showcase,66,125,921,254,542,187,60,5,62,3,18,10,131,43
20260808,H_showcase,67,122,933,257,554,190,63,6,61,0,17,9,131,43
20260808,H_showcase,68,124,950,263,563,192,59,9,62,0,17,11,131,43
20260808,H_showcase,69,123,967,267,577,199,60,10,58,2,16,15,131,43
20260808,H_showcase,70,118,977,271,588,203,59,8,60,3,11,15,131,43
20260808,H_showcase,71,121,990,274,595,207,62,7,60,1,9,16,131,43
20260808,H_showcase,72,131,1003,276,596,208,60,5,63,2,9,17,131,43
20260808,H_showcase,73,139,1016,279,598,212,60,5,62,3,9,17,131,43
20260808,H_showcase,74,140,1030,283,607,214,60,7,62,1,9,18,131,43
20260808,H_showcase,75,148,1047,285,614,219,60,6,60,4,9,20,131,43
20260808,H_showcase,76,149,1063,288,626,221,59,5,62,4,9,21,131,43
20260808,H_showcase,77,142,1075,294,639,229,62,9,56,3,9,19,131,43
20260808,H_showcase,78,143,1087,295,649,232,63,7,56,4,9,21,131,43
20260808,H_showcase,79,147,1103,300,656,236,65,6,58,1,9,20,131,43
20260808,H_showcase,80,146,1119,304,669,240,65,9,55,1,9,21,131,43
20260808,H_showcase,81,146,1137,307,684,244,63,7,56,4,9,19,131,43
20260808,H_showcase,82,147,1148,311,690,247,58,7,57,8,9,20,131,43
20260808,H_showcase,83,144,1158,316,698,254,63,9,53,5,9,21,131,43
20260808,H_showcase,84,143,1174,325,706,260,65,14,51,0,9,23,131,43
20260808,H_showcase,85,147,1190,327,716,262,64,11,54,1,9,22,131,43
20260808,H_showcase,86,150,1206,328,728,265,65,3,60,2,9,23,131,43
20260808,H_showcase,87,146,1221,332,743,268,65,5,59,1,9,23,131,43
20260808,H_showcase,88,144,1233,335,754,275,68,7,53,2,9,23,131,43
20260808,H_showcase,89,146,1250,339,765,279,68,7,53,2,9,24,131,43
20260808,H_showcase,90,144,1260,344,772,282,67,9,53,1,10,23,131,43
20260808,H_showcase,91,144,1277,347,786,287,67,8,52,3,15,22,131,43
20260808,H_showcase,92,143,1292,350,799,292,70,6,52,2,18,18,131,43
20260808,H_showcase,93,138,1306,355,813,296,71,8,51,0,18,14,131,43
20260808,H_showcase,94,138,1316,357,821,301,73,7,49,1,18,12,131,43
20260808,H_showcase,95,144,1331,360,827,308,76,5,47,2,18,12,131,43
20260808,H_showcase,96,143,1349,366,840,311,71,9,46,4,18,12,131,43
20260808,H_showcase,97,141,1362,367,854,312,72,7,48,3,18,15,131,43
20260808,H_showcase,98,137,1375,374,864,315,70,8,51,1,18,15,131,43
20260808,H_showcase,99,137,1387,374,876,317,72,7,50,1,17,16,131,43
20260808,H_showcase,100,134,1397,378,885,320,71,4,54,1,14,17,121,40
20260808,H_showcase,101,134,1413,381,898,326,72,7,48,3,9,18,121,40
20260808,H_showcase,102,140,1425,384,901,329,73,6,49,2,9,20,121,40
20260808,H_showcase,103,137,1437,385,915,334,78,4,47,1,9,19,121,40
20260808,H_showcase,104,133,1451,389,929,338,78,5,46,1,9,18,121,40
20260808,H_showcase,105,130,1463,393,940,342,79,8,43,0,9,21,131,43
20260808,H_showcase,106,136,1477,394,947,346,82,5,43,0,9,23,131,43
20260808,H_showcase,107,138,1495,397,960,351,84,4,42,0,9,21,131,43
20260808,H_showcase,108,138,1511,399,974,352,83,5,42,0,9,21,131,43
20260808,H_showcase,109,137,1525,401,987,359,88,4,38,0,9,22,131,43
20260808,H_showcase,110,142,1541,403,996,360,87,4,39,0,9,21,131,43
20260808,H_showcase,111,137,1551,407,1007,362,85,6,39,0,9,19,131,43
20260808,H_showcase,112,141,1564,408,1015,367,89,5,36,0,9,19,131,43
20260808,H_showcase,113,136,1577,412,1029,370,88,5,37,0,9,19,131,43
20260808,H_showcase,114,143,1595,414,1038,375,90,6,33,1,9,20,131,43
20260808,H_showcase,115,140,1607,417,1050,377,89,5,35,1,9,21,131,43
20260808,H_showcase,116,140,1617,418,1059,379,89,4,35,2,9,21,131,43
20260808,H_showcase,117,145,1635,422,1068,380,86,5,37,2,9,23,131,43
20260808,H_showcase,118,145,1650,426,1079,382,84,8,36,2,9,22,131,43
20260808,H_showcase,119,145,1668,430,1093,385,83,8,37,2,9,20,131,43
20260808,H_showcase,120,141,1682,436,1105,387,78,10,39,3,12,19,131,43
20260808,H_showcase,121,141,1694,436,1117,388,77,6,42,5,14,17,131,43
20260808,H_showcase,122,133,1706,443,1130,393,77,7,43,3,15,15,131,43
20260808,H_showcase,123,140,1722,446,1136,395,77,10,41,2,17,14,131,43
20260808,H_showcase,124,139,1734,447,1148,396,78,4,47,1,18,14,131,43
20260808,H_showcase,125,138,1745,450,1157,399,79,4,47,0,18,11,121,40
20260808,H_showcase,126,138,1763,452,1173,401,79,5,46,0,18,11,121,40
20260808,H_showcase,127,140,1778,455,1183,406,81,5,44,0,18,13,121,40
20260808,H_showcase,128,141,1791,457,1193,410,81,5,42,2,18,15,121,40
20260808,H_showcase,129,143,1807,458,1206,413,81,3,42,4,17,16,121,40
20260808,H_showcase,130,144,1822,461,1217,415,81,4,42,3,13,18,131,43
20260808,H_showcase,131,137,1837,468,1232,419,79,10,39,2,9,19,131,43
20260808,H_showcase,132,146,1850,472,1232,422,77,11,39,3,9,19,131,43
20260808,H_showcase,133,145,1860,475,1240,427,78,7,41,4,9,19,131,43
20260808,H_showcase,134,150,1877,479,1248,428,76,7,44,3,9,19,131,43
20260808,H_showcase,135,143,1889,484,1262,432,77,9,43,1,9,19,131,43
20260808,H_showcase,136,144,1904,488,1272,434,76,9,45,0,9,20,131,43
20260808,H_showcase,137,147,1921,493,1281,435,72,9,49,0,9,22,131,43
20260808,H_showcase,138,147,1938,495,1296,437,71,7,51,1,9,21,131,43
20260808,H_showcase,139,151,1954,496,1307,441,73,3,52,2,9,21,131,43
20260808,H_showcase,140,154,1970,498,1318,443,73,3,52,2,9,21,131,43
20260808,H_showcase,141,149,1983,502,1332,447,74,6,49,1,9,19,131,43
20260808,H_showcase,142,151,2000,505,1344,452,77,7,46,0,9,22,131,43
20260808,H_showcase,143,152,2012,506,1354,455,78,4,47,1,9,23,131,43
20260808,H_showcase,144,155,2027,509,1363,459,77,4,46,3,9,23,131,43
20260808,H_showcase,145,157,2040,511,1372,459,76,5,47,2,9,22,131,43
20260808,H_showcase,146,157,2057,516,1384,462,76,7,47,0,9,23,131,43
20260808,H_showcase,147,161,2071,516,1394,465,78,5,46,1,9,26,131,43
20260808,H_showcase,148,159,2084,518,1407,470,79,2,46,3,9,27,131,43
20260808,H_showcase,149,153,2096,523,1420,472,77,7,44,2,9,26,131,43
20260808,H_showcase,150,144,2108,530,1434,476,74,12,42,2,10,23,131,43
20260808,H_showcase,151,142,2122,532,1448,479,71,9,44,6,15,21,131,43
20260808,H_showcase,152,135,2135,539,1461,484,70,9,46,5,15,18,131,43
20260808,H_showcase,153,131,2149,548,1470,488,68,16,44,2,16,17,131,43
20260808,H_showcase,154,130,2164,550,1484,491,70,11,48,1,17,16,131,43
20260808,H_showcase,155,130,2180,554,1496,495,70,6,53,1,18,12,126,43
20260808,H_showcase,156,128,2193,557,1508,498,70,7,52,1,18,11,126,43
20260808,H_showcase,157,129,2210,561,1520,501,70,7,53,0,18,10,126,43
20260808,H_showcase,158,127,2226,565,1534,502,66,8,55,1,17,14,126,43
20260808,H_showcase,159,127,2242,567,1548,504,65,6,57,2,15,17,126,43
20260808,H_showcase,160,127,2255,569,1559,505,62,4,60,4,11,17,131,43
20260808,H_showcase,161,126,2268,574,1568,511,63,7,56,4,9,19,131,43
20260808,H_showcase,162,138,2285,579,1568,515,64,10,54,2,9,21,131,43
20260808,H_showcase,163,139,2295,581,1575,521,68,7,53,2,9,19,131,43
20260808,H_showcase,164,140,2306,584,1582,522,65,5,57,3,9,20,131,43
20260808,H_showcase,165,146,2324,588,1590,524,64,7,57,2,9,21,131,43
20260808,H_showcase,166,147,2341,591,1603,526,65,7,58,0,9,20,131,43
20260808,H_showcase,167,149,2357,596,1612,531,65,8,57,0,9,21,131,43
20260808,H_showcase,168,156,2375,598,1621,538,70,7,53,0,9,22,131,43
20260808,H_showcase,169,146,2386,605,1635,548,73,9,48,0,9,21,131,43
20260808,H_showcase,170,148,2404,608,1648,550,72,10,48,0,9,22,131,43
20260808,H_showcase,171,148,2422,613,1661,552,68,8,53,1,9,22,131,43
20260808,H_showcase,172,146,2436,617,1673,558,69,9,50,2,9,22,131,43
20260808,H_showcase,173,146,2448,620,1682,562,70,7,51,2,9,22,131,43
20260808,H_showcase,174,143,2458,621,1694,565,71,4,52,3,9,22,131,43
20260808,H_showcase,175,145,2471,624,1702,569,73,4,51,2,9,22,131,43
20260808,H_showcase,176,148,2486,628,1710,571,73,7,50,0,9,21,131,43
20260808,H_showcase,177,142,2497,629,1726,572,71,5,52,2,9,21,131,43
20260808,H_showcase,178,140,2513,632,1741,577,71,4,51,4,9,20,131,43
20260808,H_showcase,179,144,2531,635,1752,582,75,6,47,2,9,23,131,43
20260808,H_showcase,180,135,2541,642,1764,584,72,10,48,0,9,18,121,40
20260808,H_showcase,181,147,2558,643,1768,587,70,8,48,4,13,18,121,40
20260808,H_showcase,182,142,2570,646,1782,594,73,4,48,5,16,14,121,40
20260808,H_showcase,183,138,2586,652,1796,595,72,9,48,1,17,13,121,40
20260808,H_showcase,184,141,2604,656,1807,597,71,10,49,0,18,12,121,40
20260808,H_showcase,185,144,2622,660,1818,599,67,8,53,2,18,11,131,43
20260808,H_showcase,186,150,2639,661,1828,605,68,5,51,6,18,15,131,43
20260808,H_showcase,187,150,2654,665,1839,608,68,5,52,5,18,16,131,43
20260808,H_showcase,188,144,2666,673,1849,610,65,12,51,2,17,19,131,43
20260808,H_showcase,189,147,2683,679,1857,615,65,14,50,1,16,19,131,43
20260808,H_showcase,190,140,2695,685,1870,623,68,12,50,0,13,21,131,43
20260808,H_showcase,191,141,2713,688,1884,625,67,9,54,0,9,23,131,43
20260808,H_showcase,192,150,2723,689,1884,627,67,4,58,1,9,24,131,43
20260808,H_showcase,193,151,2734,691,1892,628,66,3,60,1,9,23,131,43
20260808,H_showcase,194,156,2749,693,1900,631,67,4,58,1,9,23,131,43
20260808,H_showcase,195,154,2763,697,1912,637,68,6,54,2,9,23,131,43
20260808,H_showcase,196,146,2774,702,1926,641,68,9,52,1,9,21,131,43
20260808,H_showcase,197,140,2785,704,1941,644,69,7,53,1,9,21,131,43
20260808,H_showcase,198,137,2798,706,1955,649,69,4,53,4,9,20,131,43
20260808,H_showcase,199,133,2811,712,1966,653,68,8,51,3,9,21,131,43
20260808,H_showcase,200,134,2824,717,1973,657,70,11,49,0,9,20,131,43
20260808,H_showcase,201,136,2840,717,1987,659,71,5,53,1,9,20,131,43
20260808,H_showcase,202,135,2850,718,1997,667,78,1,50,1,9,18,131,43
20260808,H_showcase,203,130,2861,720,2011,669,77,3,48,2,9,17,131,43
20260808,H_showcase,204,136,2878,721,2021,672,79,3,46,2,9,20,131,43
20260808,H_showcase,205,140,2895,727,2028,675,77,7,45,1,9,20,131,43
20260808,H_showcase,206,138,2907,727,2042,676,78,6,45,1,9,20,131,43
20260808,H_showcase,207,140,2923,729,2054,679,80,2,48,0,9,21,131,43
20260808,H_showcase,208,146,2939,731,2062,684,82,4,43,1,9,20,131,43
20260808,H_showcase,209,146,2949,731,2072,689,86,2,40,2,9,21,131,43
20260808,H_showcase,210,136,2959,742,2081,693,80,11,38,1,9,20,131,43
20260808,H_showcase,211,139,2976,749,2088,698,75,18,33,4,12,19,131,43
20260808,H_showcase,212,136,2987,751,2100,702,74,9,40,7,14,18,131,43
20260808,H_showcase,213,131,3001,757,2113,702,71,8,47,4,15,16,131,43
20260808,H_showcase,214,136,3019,762,2121,704,68,11,47,4,17,15,131,43
20260808,H_showcase,215,132,3031,767,2132,707,67,10,50,3,17,13,131,43
20260808,H_showcase,216,125,3048,776,2147,709,62,14,53,1,17,10,131,43
20260808,H_showcase,217,119,3060,781,2160,711,58,14,56,2,18,11,131,43
20260808,H_showcase,218,123,3076,783,2170,715,61,7,61,1,18,11,131,43
20260808,H_showcase,219,118,3088,786,2184,718,60,5,63,2,16,13,131,43
20260808,H_showcase,220,118,3103,787,2198,720,60,4,63,3,11,15,131,43
20260808,H_showcase,221,118,3116,790,2208,722,61,4,64,1,9,16,131,43
20260808,H_showcase,222,131,3132,792,2209,723,61,5,64,0,9,18,131,43
20260808,H_showcase,223,146,3150,794,2210,726,61,4,64,1,9,22,131,43
20260808,H_showcase,224,148,3162,794,2220,729,64,2,63,1,9,22,131,43
20260808,H_showcase,225,147,3173,796,2230,734,68,2,60,0,9,22,131,43
20260808,H_showcase,226,138,3183,800,2245,741,71,6,53,0,9,19,131,43
20260808,H_showcase,227,144,3199,802,2253,747,75,6,49,0,9,21,131,43
20260808,H_showcase,228,143,3214,806,2265,754,77,6,46,1,9,20,131,43
20260808,H_showcase,229,145,3224,807,2272,758,80,5,44,1,9,20,131,43
20260808,H_showcase,230,145,3240,809,2286,762,83,3,44,0,9,20,131,43
20260808,H_showcase,231,148,3253,812,2293,767,85,5,40,0,9,22,131,43
20260808,H_showcase,232,144,3266,815,2307,770,85,6,39,0,9,20,131,43
20260808,H_showcase,233,145,3281,817,2319,779,92,5,33,0,9,22,131,43
20260808,H_showcase,234,143,3295,818,2334,781,93,3,34,0,9,22,131,43
20260808,H_showcase,235,139,3308,820,2349,784,93,3,33,1,9,22,111,40
20260808,H_showcase,236,144,3326,823,2359,786,92,5,32,1,9,22,111,40
20260808,H_showcase,237,147,3343,827,2369,788,91,7,32,0,9,22,111,40
20260808,H_showcase,238,149,3355,829,2377,789,90,6,34,0,9,23,111,40
20260808,H_showcase,239,144,3368,833,2391,791,88,6,36,0,9,22,111,40
20260808,H_showcase,240,144,3385,839,2402,793,82,10,36,2,12,21,131,43
20260808,H_showcase,241,151,3403,842,2410,795,81,9,38,2,15,20,131,43
20260808,H_showcase,242,141,3414,848,2425,799,79,9,40,2,17,17,131,43
20260808,H_showcase,243,141,3428,851,2436,800,77,9,42,2,18,14,131,43
20260808,H_showcase,244,135,3439,857,2447,801,73,9,47,1,18,13,131,43
20260808,H_showcase,245,132,3449,857,2460,805,77,6,46,1,18,11,131,43
20260808,H_showcase,246,133,3464,859,2472,808,78,2,49,1,18,11,131,43
20260808,H_showcase,247,134,3477,860,2483,811,79,3,46,2,18,11,131,43
20260808,H_showcase,248,128,3492,865,2499,813,76,6,46,2,17,13,131,43
20260808,H_showcase,249,122,3503,869,2512,813,72,9,47,2,14,14,131,43
20260808,H_showcase,250,126,3517,870,2521,814,73,5,51,1,12,15,131,43
20260808,H_showcase,251,125,3529,874,2530,818,72,5,51,2,9,16,131,43
20260808,H_showcase,252,133,3544,877,2534,821,72,7,49,2,9,18,131,43
20260808,H_showcase,253,132,3561,883,2546,827,74,9,47,0,9,16,131,43
20260808,H_showcase,254,134,3575,886,2555,827,71,9,50,0,9,16,131,43
20260808,H_showcase,255,135,3589,888,2566,832,73,5,51,1,9,17,122,43
20260808,H_showcase,256,137,3599,890,2572,835,73,4,51,2,9,19,122,43
20260808,H_showcase,257,137,3610,893,2580,842,77,5,46,2,9,21,122,43
20260808,H_showcase,258,134,3624,898,2592,845,74,8,45,3,9,20,122,43
20260808,H_showcase,259,133,3635,900,2602,849,76,7,44,3,9,19,122,43
20260808,H_showcase,260,128,3648,907,2613,853,75,9,45,1,9,17,131,43
20260808,H_showcase,261,135,3663,910,2618,856,76,10,44,0,9,19,131,43
20260808,H_showcase,262,131,3677,914,2632,861,76,7,46,1,9,19,131,43
20260808,H_showcase,263,136,3695,917,2642,865,76,7,45,2,9,17,131,43
20260808,H_showcase,264,137,3712,923,2652,870,75,9,44,2,9,17,131,43
20260808,H_showcase,265,135,3724,924,2665,871,73,7,46,4,9,19,131,43
20260808,H_showcase,266,139,3738,925,2674,873,73,2,50,5,9,19,131,43
20260808,H_showcase,267,140,3752,930,2682,877,75,6,47,2,9,19,131,43
20260808,H_showcase,268,139,3767,937,2691,880,73,12,45,0,9,18,131,43
20260808,H_showcase,269,140,3777,938,2699,883,73,8,47,2,9,20,131,43
20260808,H_showcase,270,135,3788,943,2710,886,69,6,51,4,10,20,131,43
20260808,H_showcase,271,142,3805,945,2718,890,71,7,48,4,15,18,131,43
20260808,H_showcase,272,147,3820,949,2724,892,68,6,51,5,17,15,131,43
20260808,H_showcase,273,144,3832,954,2734,896,69,9,49,3,18,13,131,43
20260808,H_showcase,274,143,3844,957,2744,900,71,8,49,2,17,11,131,43
20260808,H_showcase,275,136,3855,959,2760,904,72,5,50,3,18,11,131,43
20260808,H_showcase,276,132,3865,962,2771,906,72,5,51,2,18,11,131,43
20260808,H_showcase,277,129,3876,965,2782,908,72,6,51,1,17,12,131,43
20260808,H_showcase,278,127,3889,968,2794,911,72,6,51,1,16,13,131,43
20260808,H_showcase,279,130,3905,968,2807,916,76,3,49,2,14,16,131,43
20260808,H_showcase,280,126,3915,971,2818,919,77,3,49,1,11,17,131,43
20260808,H_showcase,281,131,3932,975,2826,922,75,7,46,2,9,19,131,43
20260808,H_showcase,282,139,3944,978,2827,926,76,7,45,2,9,20,131,43
20260808,H_showcase,283,137,3958,982,2839,929,77,7,46,0,9,23,131,43
20260808,H_showcase,284,136,3971,985,2850,934,79,7,44,0,9,21,131,43
20260808,H_showcase,285,136,3982,987,2859,936,79,5,46,0,9,19,121,40
20260808,H_showcase,286,136,3994,988,2870,940,81,3,45,1,9,19,121,40
20260808,H_showcase,287,141,4012,991,2880,942,79,4,45,2,9,21,121,40
20260808,H_showcase,288,136,4023,999,2888,952,82,11,36,1,9,19,121,40
20260808,H_showcase,289,138,4036,1002,2896,956,84,11,35,0,9,20,121,40
20260808,H_showcase,290,135,4046,1004,2907,957,81,5,42,2,9,21,126,43
20260808,H_showcase,291,130,4060,1007,2923,961,79,5,41,5,9,20,126,43
20260808,H_showcase,292,128,4070,1011,2931,962,78,7,42,3,9,20,126,43
20260808,H_showcase,293,126,4084,1016,2942,966,79,9,41,1,9,18,126,43
20260808,H_showcase,294,131,4102,1020,2951,966,74,9,45,2,9,19,126,43
20260808,H_showcase,295,126,4112,1023,2963,967,72,7,49,2,9,20,131,43
20260808,H_showcase,296,125,4129,1030,2974,971,69,10,49,2,9,23,131,43
20260808,H_showcase,297,135,4147,1031,2981,972,70,8,51,1,9,23,131,43
20260808,H_showcase,298,139,4164,1035,2990,973,68,5,57,0,9,23,131,43
20260808,H_showcase,299,137,4178,1036,3005,974,68,5,57,0,9,21,131,43
20260808,H_showcase,300,144,4196,1041,3011,976,64,6,59,1,12,21,131,43
20260808,H_showcase,301,143,4208,1043,3022,982,66,7,54,3,16,21,131,43
20260808,H_showcase,302,151,4223,1044,3028,984,68,3,57,2,17,19,131,43
20260808,H_showcase,303,151,4239,1049,3039,990,69,6,53,2,18,16,131,43
20260808,H_showcase,304,155,4254,1053,3046,999,72,9,45,4,18,16,131,43
20260808,H_showcase,305,149,4264,1058,3057,1003,73,9,46,2,18,14,131,43
20260808,H_showcase,306,140,4274,1064,3070,1007,73,11,46,0,18,13,131,43
20260808,H_showcase,307,145,4289,1066,3078,1009,73,8,49,0,18,13,131,43
20260808,H_showcase,308,148,4306,1068,3090,1014,75,4,50,1,17,14,131,43
20260808,H_showcase,309,145,4323,1070,3108,1018,77,4,48,1,16,15,131,43
20260808,H_showcase,310,144,4339,1074,3121,1023,79,6,45,0,12,18,131,43
20260808,H_showcase,311,145,4355,1078,3132,1026,78,8,44,0,9,21,131,43
20260808,H_showcase,312,148,4367,1080,3139,1028,78,6,46,0,9,21,131,43
20260808,H_showcase,313,149,4380,1081,3150,1028,77,3,50,0,9,23,131,43
20260808,H_showcase,314,149,4397,1083,3165,1034,81,3,46,0,9,23,131,43
20260808,H_showcase,315,144,4409,1085,3180,1041,86,4,40,0,9,25,131,43
20260808,H_showcase,316,141,4420,1087,3192,1044,87,4,39,0,9,24,131,43
20260808,H_showcase,317,147,4436,1091,3198,1046,85,6,39,0,9,25,131,43
20260808,H_showcase,318,156,4453,1092,3205,1047,85,5,40,0,9,25,131,43
20260808,H_showcase,319,153,4465,1095,3217,1052,87,4,39,0,9,24,131,43
20260808,H_showcase,320,148,4481,1100,3233,1053,83,8,39,0,9,23,131,43
20260808,H_showcase,321,146,4496,1103,3247,1059,86,8,36,0,9,24,131,43
20260808,H_showcase,322,144,4513,1108,3261,1060,82,8,40,0,9,22,131,43
20260808,H_showcase,323,142,4527,1112,3273,1063,80,9,40,1,9,20,131,43
20260808,H_showcase,324,142,4538,1113,3283,1068,84,5,40,1,9,20,131,43
20260808,H_showcase,325,145,4551,1115,3291,1070,85,3,42,0,9,20,131,43
20260808,H_showcase,326,139,4561,1116,3306,1072,86,3,41,0,9,21,131,43
20260808,H_showcase,327,136,4571,1117,3318,1074,87,2,41,0,9,18,131,43
20260808,H_showcase,328,137,4584,1120,3327,1076,86,4,40,0,9,19,131,43
20260808,H_showcase,329,138,4601,1123,3340,1079,85,6,38,1,9,20,131,43
20260808,H_showcase,330,134,4615,1125,3356,1082,84,5,38,3,13,19,131,43
20260808,H_showcase,331,131,4626,1130,3365,1084,81,7,39,3,15,15,131,43
20260808,H_showcase,332,134,4644,1135,3375,1086,80,10,39,1,17,15,131,43
20260808,H_showcase,333,132,4657,1137,3388,1086,79,7,44,0,18,12,131,43
20260808,H_showcase,334,130,4674,1144,3400,1093,79,9,42,0,18,10,131,43
20260808,H_showcase,335,131,4685,1144,3410,1095,81,7,42,0,18,10,121,40
20260808,H_showcase,336,132,4700,1147,3421,1097,79,3,47,1,18,10,121,40
20260808,H_showcase,337,134,4718,1152,3432,1098,75,8,46,1,18,11,121,40
20260808,H_showcase,338,139,4735,1155,3441,1099,74,8,48,0,18,13,121,40
20260808,H_showcase,339,145,4749,1155,3449,1100,73,3,52,2,15,17,121,40
20260808,H_showcase,340,146,4762,1156,3460,1104,74,1,51,4,12,19,131,43
20260808,H_showcase,341,139,4773,1160,3474,1108,76,5,47,2,9,20,131,43
20260808,H_showcase,342,144,4787,1166,3477,1115,77,10,41,2,9,20,131,43
20260808,H_showcase,343,146,4799,1169,3484,1118,77,9,42,2,9,23,131,43
20260808,H_showcase,344,146,4817,1175,3496,1118,73,9,48,0,9,24,131,43
20260808,H_showcase,345,147,4832,1177,3508,1120,73,8,49,0,9,25,131,43
20260808,H_showcase,346,143,4846,1183,3520,1122,69,8,53,0,9,23,131,43
20260808,H_showcase,347,146,4860,1185,3529,1126,71,8,51,0,9,23,131,43
20260808,H_showcase,348,142,4871,1187,3542,1130,73,4,53,0,9,23,131,43
20260808,H_showcase,349,139,4884,1191,3554,1136,75,6,49,0,9,24,131,43
20260808,H_showcase,350,136,4899,1195,3568,1139,73,8,48,1,9,23,131,43
20260808,H_showcase,351,138,4915,1196,3581,1144,77,5,47,1,9,20,131,43
20260808,H_showcase,352,134,4925,1198,3593,1146,78,3,49,0,9,22,131,43
20260808,H_showcase,353,132,4936,1201,3603,1150,79,5,46,0,9,21,131,43
20260808,H_showcase,354,133,4948,1203,3612,1154,80,5,44,1,9,21,131,43
20260808,H_showcase,355,136,4962,1205,3621,1156,78,4,45,3,9,22,131,43
20260808,H_showcase,356,132,4972,1207,3633,1157,78,4,46,2,9,19,131,43
20260808,H_showcase,357,132,4985,1209,3644,1158,78,4,47,1,9,20,131,43
20260808,H_showcase,358,131,4997,1212,3654,1161,78,5,46,1,9,19,131,43
20260808,H_showcase,359,130,5011,1216,3665,1168,80,7,41,2,9,18,131,43
20260808,H_showcase,360,136,5026,1218,3672,1172,82,6,40,2,11,18,126,43
20260808,H_showcase,361,138,5040,1222,3680,1175,83,6,41,0,15,16,126,43
20260808,H_showcase,362,135,5053,1225,3693,1179,82,7,39,2,17,15,126,43
20260808,H_showcase,363,132,5066,1228,3706,1182,81,6,40,3,17,12,126,43
20260808,H_showcase,364,134,5077,1230,3713,1184,82,5,41,2,18,12,126,43
20260808,H_showcase,365,134,5090,1235,3721,1186,80,7,42,1,18,11,131,43
20260808,H_showcase,366,132,5100,1237,3731,1189,81,7,41,1,18,13,131,43
20260808,H_showcase,367,133,5116,1238,3745,1190,81,3,45,1,18,16,131,43
20260808,H_showcase,368,132,5126,1240,3754,1193,82,3,44,1,17,17,131,43
20260808,H_showcase,369,126,5136,1243,3767,1199,85,5,39,1,13,18,131,43
20260808,H_showcase,370,127,5146,1245,3774,1201,86,5,39,0,13,18,131,43
20260808,H_showcase,371,126,5162,1251,3785,1206,84,8,37,1,9,19,131,43
20260808,H_showcase,372,131,5179,1255,3793,1209,83,10,36,1,9,21,131,43
20260808,H_showcase,373,134,5196,1259,3803,1210,81,8,41,0,9,21,131,43
20260808,H_showcase,374,136,5211,1260,3815,1215,85,5,40,0,9,23,131,43
20260808,H_showcase,375,141,5229,1264,3824,1217,83,5,42,0,9,23,131,43
20260808,H_showcase,376,140,5240,1266,3834,1220,84,6,40,0,9,22,131,43
20260808,H_showcase,377,140,5251,1268,3843,1223,84,4,41,1,9,21,131,43
20260808,H_showcase,378,145,5267,1269,3853,1223,81,3,43,3,9,21,131,43
20260808,H_showcase,379,143,5285,1274,3868,1226,80,6,42,2,9,22,131,43
20260808,H_showcase,380,142,5295,1278,3875,1230,82,9,39,0,9,22,115,42
20260808,H_showcase,381,145,5308,1280,3883,1230,80,6,44,0,9,24,115,42
20260808,H_showcase,382,144,5322,1285,3893,1235,80,7,43,0,9,27,115,42
20260808,H_showcase,383,139,5332,1288,3905,1239,81,8,41,0,9,26,115,42
20260808,H_showcase,384,134,5344,1292,3918,1243,79,7,42,2,9,25,115,42
20260808,H_showcase,385,128,5355,1295,3932,1245,77,7,43,3,9,22,131,43
20260808,H_showcase,386,128,5371,1300,3943,1248,74,8,44,4,9,19,131,43
20260808,H_showcase,387,124,5383,1305,3954,1251,70,10,44,6,9,17,131,43
20260808,H_showcase,388,131,5401,1309,3961,1254,69,9,46,6,9,17,131,43
20260808,H_showcase,389,131,5412,1312,3969,1258,70,7,47,6,9,19,131,43
20260808,H_showcase,390,128,5428,1320,3980,1258,64,11,51,4,13,17,121,40
20260808,H_showcase,391,123,5439,1326,3990,1264,67,14,48,1,14,14,121,40
20260808,H_showcase,392,129,5456,1329,3998,1264,63,9,56,2,17,12,121,40
20260808,H_showcase,393,130,5472,1333,4009,1267,62,7,59,2,18,12,121,40
20260808,H_showcase,394,126,5482,1337,4019,1273,66,8,56,0,18,11,121,40
20260808,H_showcase,395,136,5498,1337,4025,1274,67,4,59,0,18,10,131,43
20260808,H_showcase,396,138,5509,1337,4034,1275,68,0,62,0,18,11,131,43
20260808,H_showcase,397,146,5526,1339,4041,1278,68,2,59,1,18,14,131,43
20260808,H_showcase,398,139,5537,1344,4054,1280,65,7,57,1,18,15,131,43
20260808,H_showcase,399,143,5554,1349,4062,1282,62,10,57,1,17,16,131,43
20260808,H_showcase,400,135,5566,1352,4079,1284,60,8,60,2,13,17,131,43
20260808,H_showcase,401,128,5576,1359,4089,1294,62,10,55,3,9,17,131,43
20260808,H_showcase,402,134,5594,1363,4097,1300,65,11,52,2,9,19,131,43
20260808,H_showcase,403,133,5605,1368,4104,1303,65,9,56,0,9,19,131,43
20260808,H_showcase,404,135,5622,1370,4117,1307,66,7,56,1,9,19,131,43
20260808,H_showcase,405,137,5636,1370,4129,1310,69,2,58,1,9,21,131,43
20260808,H_showcase,406,142,5651,1373,4136,1315,72,3,55,0,9,21,131,43
20260808,H_showcase,407,137,5665,1376,4152,1318,72,6,52,0,9,20,131,43
20260808,H_showcase,408,137,5681,1382,4162,1322,70,9,51,0,9,20,131,43
20260808,H_showcase,409,130,5692,1385,4177,1325,70,9,51,0,9,20,131,43
20260808,H_showcase,410,137,5707,1388,4182,1329,71,6,53,0,9,20,131,43
20260808,H_showcase,411,133,5717,1391,4193,1335,74,6,50,0,9,21,131,43
20260808,H_showcase,412,133,5731,1396,4202,1340,73,8,48,1,9,20,131,43
20260808,H_showcase,413,137,5749,1402,4210,1347,74,11,44,1,9,22,131,43
20260808,H_showcase,414,131,5762,1407,4224,1350,73,11,46,0,9,20,131,43
20260808,H_showcase,415,135,5775,1409,4231,1350,70,7,52,1,9,21,131,43
20260808,H_showcase,416,131,5787,1411,4245,1351,69,4,56,1,9,20,131,43
20260808,H_showcase,417,135,5805,1413,4257,1356,73,4,53,0,9,21,131,43
20260808,H_showcase,418,134,5820,1416,4270,1360,74,5,51,0,9,20,131,43
20260808,H_showcase,419,137,5836,1418,4281,1365,76,5,48,1,9,23,131,43
20260808,H_showcase,420,131,5848,1424,4293,1370,73,8,46,3,10,20,131,43
20260808,H_showcase,421,131,5858,1426,4301,1374,73,8,44,5,14,20,131,43
20260808,H_showcase,422,131,5872,1431,4310,1376,72,7,48,3,16,18,131,43
20260808,H_showcase,423,133,5888,1437,4318,1377,69,11,49,1,17,17,131,43
20260808,H_showcase,424,137,5904,1440,4327,1380,69,9,51,1,18,16,131,43
20260808,H_showcase,425,139,5922,1441,4342,1381,69,4,56,1,18,13,131,43
20260808,H_showcase,426,136,5933,1447,4350,1384,66,7,56,1,18,14,131,43
20260808,H_showcase,427,138,5951,1452,4361,1390,65,11,51,3,18,15,131,43
20260808,H_showcase,428,138,5963,1455,4370,1392,64,8,55,3,18,15,131,43
20260808,H_showcase,429,131,5978,1461,4386,1396,64,9,56,1,17,17,131,43
20260808,H_showcase,430,133,5994,1463,4398,1399,64,8,56,2,12,18,131,43
20260808,H_showcase,431,129,6006,1465,4412,1402,66,4,59,1,9,20,131,43
20260808,H_showcase,432,136,6016,1468,4412,1406,67,5,57,1,9,22,131,43
20260808,H_showcase,433,141,6028,1470,4417,1414,72,5,51,2,9,23,131,43
20260808,H_showcase,434,138,6038,1472,4428,1418,74,4,50,2,9,21,131,43
20260808,H_showcase,435,136,6048,1475,4437,1420,74,5,50,1,9,19,131,43
20260808,H_showcase,436,138,6066,1479,4449,1423,74,7,49,0,9,21,131,43
20260808,H_showcase,437,129,6076,1481,4466,1425,73,6,50,1,9,18,131,43
20260808,H_showcase,438,134,6090,1485,4471,1431,73,6,48,3,9,20,131,43
20260808,H_showcase,439,130,6106,1489,4487,1431,69,8,50,3,9,19,131,43
20260808,H_showcase,440,131,6118,1494,4493,1436,70,9,49,2,9,19,131,43
20260808,H_showcase,441,127,6128,1497,4504,1442,74,8,47,1,9,20,131,43
20260808,H_showcase,442,126,6143,1502,4515,1445,72,8,49,1,9,19,131,43
20260808,H_showcase,443,129,6159,1505,4525,1448,72,8,49,1,9,19,131,43
20260808,H_showcase,444,132,6171,1508,4531,1452,74,6,50,0,9,20,131,43
20260808,H_showcase,445,137,6188,1510,4541,1456,74,5,49,2,9,20,121,40
20260808,H_showcase,446,138,6200,1512,4550,1459,75,4,49,2,9,21,121,40
20260808,H_showcase,447,141,6215,1517,4557,1461,74,7,49,0,9,19,121,40
20260808,H_showcase,448,140,6231,1518,4573,1464,73,6,48,3,9,19,121,40
20260808,H_showcase,449,147,6248,1520,4581,1467,74,3,50,3,9,20,121,40
20260808,H_showcase,450,147,6263,1527,4589,1471,72,9,47,2,11,19,131,43
20260808,H_showcase,451,139,6273,1532,4602,1478,70,12,42,6,13,19,131,43
20260808,H_showcase,452,137,6285,1537,4611,1480,69,10,47,4,17,18,131,43
20260808,H_showcase,453,139,6303,1546,4618,1483,67,14,49,0,18,17,131,43
20260808,H_showcase,454,135,6315,1550,4630,1486,66,13,51,0,18,14,131,43
20260808,H_showcase,455,132,6329,1554,4643,1489,64,8,57,1,18,13,131,43
20260808,H_showcase,456,128,6339,1558,4653,1497,67,8,53,2,18,12,131,43
20260808,H_showcase,457,128,6355,1560,4667,1500,68,6,54,2,18,11,131,43
20260808,H_showcase,458,128,6368,1563,4677,1504,70,5,54,1,17,12,131,43
20260808,H_showcase,459,130,6383,1564,4689,1506,72,4,54,0,17,14,131,43
20260808,H_showcase,460,122,6394,1568,4704,1513,74,5,50,1,13,15,131,43
20260808,H_showcase,461,118,6406,1569,4719,1513,73,5,51,1,9,16,131,43
20260808,H_showcase,462,131,6422,1572,4719,1517,74,4,51,1,9,17,131,43
20260808,H_showcase,463,134,6433,1574,4725,1520,75,5,49,1,9,18,131,43
20260808,H_showcase,464,134,6444,1576,4734,1521,75,4,51,0,9,20,131,43
20260808,H_showcase,465,134,6462,1580,4748,1526,75,6,48,1,9,18,131,43
20260808,H_showcase,466,137,6476,1584,4755,1531,76,8,45,1,9,18,131,43
20260808,H_showcase,467,140,6492,1587,4765,1533,76,7,47,0,9,20,131,43
20260808,H_showcase,468,143,6505,1590,4772,1535,74,6,49,1,9,19,131,43
20260808,H_showcase,469,145,6521,1592,4784,1538,75,5,49,1,9,19,131,43
20260808,H_showcase,470,145,6533,1594,4794,1543,78,4,47,1,9,19,131,43
20260808,H_showcase,471,145,6551,1598,4808,1548,79,6,44,1,9,20,131,43
20260808,H_showcase,472,147,6563,1600,4816,1553,83,6,41,0,9,20,131,43
20260808,H_showcase,473,151,6579,1602,4826,1560,88,4,38,0,9,20,131,43
20260808,H_showcase,474,147,6590,1603,4840,1564,90,3,36,1,9,22,131,43
20260808,H_showcase,475,144,6602,1609,4849,1566,84,7,36,3,9,23,131,43
20260808,H_showcase,476,146,6616,1612,4858,1568,84,9,35,2,9,22,131,43
20260808,H_showcase,477,145,6630,1615,4870,1571,84,6,38,2,9,21,131,43
20260808,H_showcase,478,148,6646,1616,4882,1574,83,4,38,5,9,22,131,43
20260808,H_showcase,479,147,6661,1621,4893,1575,80,6,40,4,9,22,131,43
20260808,H_showcase,480,140,6676,1635,4901,1578,72,19,38,1,9,20,131,43
20260808,H_showcase,481,142,6693,1636,4915,1580,72,15,41,2,14,19,131,43
20260808,H_showcase,482,140,6704,1637,4927,1580,70,2,55,3,15,18,131,43
20260808,H_showcase,483,138,6718,1639,4941,1584,74,3,52,1,18,16,131,43
20260808,H_showcase,484,144,6736,1641,4951,1586,75,4,51,0,18,15,131,43
20260808,H_showcase,485,140,6752,1647,4965,1590,73,8,49,0,18,12,131,43
20260808,H_showcase,486,142,6767,1650,4975,1594,73,9,47,1,18,13,131,43
20260808,H_showcase,487,143,6778,1653,4982,1599,74,6,48,2,18,13,131,43
20260808,H_showcase,488,142,6793,1657,4994,1600,72,7,50,1,16,14,131,43
20260808,H_showcase,489,141,6808,1662,5005,1606,73,9,47,1,16,15,131,43
20260808,H_showcase,490,136,6818,1663,5019,1609,75,6,48,1,14,18,126,43
20260808,H_showcase,491,139,6836,1666,5031,1610,74,4,52,0,9,21,126,43
20260808,H_showcase,492,154,6852,1667,5031,1613,75,4,50,1,9,22,126,43
20260808,H_showcase,493,150,6865,1669,5046,1618,78,3,48,1,9,24,126,43
20260808,H_showcase,494,152,6879,1672,5055,1618,76,5,49,0,9,25,126,43
20260808,H_showcase,495,151,6893,1673,5069,1624,81,4,45,0,9,25,131,43
20260808,H_showcase,496,148,6910,1677,5085,1627,80,5,45,0,9,21,131,43
20260808,H_showcase,497,151,6927,1679,5097,1633,84,6,40,0,9,20,131,43
20260808,H_showcase,498,151,6941,1682,5108,1639,85,5,38,2,9,21,131,43
20260808,H_showcase,499,155,6956,1684,5117,1643,86,5,36,3,9,23,131,43
20260808,H_showcase,500,155,6971,1689,5127,1644,84,7,38,1,9,22,131,43
20260808,H_showcase,501,150,6981,1692,5139,1649,87,8,35,0,9,21,131,43
20260808,H_showcase,502,159,6999,1694,5146,1651,85,5,38,2,9,20,131,43
20260808,H_showcase,503,153,7013,1698,5162,1652,82,6,40,2,9,21,131,43
20260808,H_showcase,504,154,7030,1703,5173,1657,84,9,37,0,9,22,131,43
20260808,H_showcase,505,155,7046,1707,5184,1658,81,9,40,0,9,21,131,43
20260808,H_showcase,506,150,7056,1710,5196,1661,81,7,42,0,9,21,131,43
20260808,H_showcase,507,145,7068,1713,5210,1665,81,6,42,1,9,20,131,43
20260808,H_showcase,508,142,7080,1714,5224,1666,81,4,44,1,9,19,131,43
20260808,H_showcase,509,138,7094,1719,5237,1668,79,6,45,0,9,21,131,43
20260808,H_showcase,510,134,7107,1725,5248,1672,77,11,42,0,10,20,131,43
20260808,H_showcase,511,132,7118,1727,5259,1675,77,8,44,1,15,17,131,43
20260808,H_showcase,512,129,7131,1730,5272,1677,76,5,48,1,16,15,131,43
20260808,H_showcase,513,132,7145,1732,5281,1678,75,5,49,1,18,13,131,43
20260808,H_showcase,514,125,7155,1733,5297,1679,74,3,51,2,18,12,131,43
20260808,H_showcase,515,122,7167,1737,5308,1684,74,5,48,3,18,12,131,43
20260808,H_showcase,516,117,7180,1742,5321,1686,71,9,47,3,18,11,131,43
20260808,H_showcase,517,118,7195,1748,5329,1690,70,11,47,2,18,17,131,43
20260808,H_showcase,518,123,7209,1750,5336,1691,70,8,51,1,17,18,131,43
20260808,H_showcase,519,127,7225,1753,5345,1695,72,5,53,0,15,19,131,43
20260808,H_showcase,520,129,7239,1754,5356,1700,75,4,50,1,12,20,101,38
20260808,H_showcase,521,135,7256,1755,5366,1707,81,2,46,1,9,22,101,38
20260808,H_showcase,522,147,7274,1759,5368,1712,83,5,42,0,9,24,101,38
20260808,H_showcase,523,145,7284,1761,5378,1714,83,6,41,0,9,23,101,38
20260808,H_showcase,524,144,7294,1761,5389,1714,83,2,45,0,9,23,101,38
20260808,H_showcase,525,141,7305,1763,5401,1720,86,2,41,1,9,20,126,43
20260808,H_showcase,526,148,7322,1764,5410,1722,85,3,39,3,9,20,126,43
20260808,H_showcase,527,153,7340,1766,5421,1724,86,3,39,2,9,20,126,43
20260808,H_showcase,528,161,7358,1769,5428,1728,87,5,36,2,9,21,126,43
20260808,H_showcase,529,159,7371,1772,5440,1735,90,6,31,3,9,22,126,43
20260808,H_showcase,530,160,7385,1776,5449,1739,92,7,30,1,9,23,131,43
20260808,H_showcase,531,157,7399,1779,5463,1745,92,7,27,4,9,23,131,43
20260808,H_showcase,532,154,7413,1782,5477,1745,88,6,31,5,9,24,131,43
20260808,H_showcase,533,153,7430,1788,5489,1746,87,9,33,1,9,22,131,43
20260808,H_showcase,534,153,7447,1790,5504,1746,85,8,36,1,9,22,131,43
20260808,H_showcase,535,155,7460,1793,5512,1751,86,5,37,2,9,22,131,43
20260808,H_showcase,536,161,7476,1795,5520,1752,84,5,38,3,9,23,131,43
20260808,H_showcase,537,165,7492,1799,5528,1754,82,6,39,3,9,22,131,43
20260808,H_showcase,538,160,7502,1804,5538,1757,76,9,38,7,9,23,131,43
20260808,H_showcase,539,156,7515,1805,5554,1760,78,6,39,7,9,23,131,43
20260808,H_showcase,540,150,7530,1814,5566,1764,76,10,40,4,12,20,131,43
20260808,H_showcase,541,149,7541,1816,5576,1767,76,11,38,5,15,18,131,43
20260808,H_showcase,542,148,7557,1821,5588,1769,73,7,45,5,16,18,131,43
20260808,H_showcase,543,147,7573,1826,5600,1772,73,10,44,3,17,18,131,43
20260808,H_showcase,544,147,7587,1831,5609,1777,76,10,44,0,18,18,131,43
20260808,H_showcase,545,148,7604,1833,5623,1778,75,7,48,0,18,16,131,43
20260808,H_showcase,546,142,7614,1834,5638,1778,73,3,53,1,17,18,131,43
20260808,H_showcase,547,143,7627,1836,5648,1779,72,3,54,1,17,19,131,43
20260808,H_showcase,548,140,7640,1837,5663,1780,71,3,54,2,16,20,131,43
20260808,H_showcase,549,137,7650,1839,5674,1784,72,3,52,3,15,22,131,43
20260808,H_showcase,550,139,7667,1845,5683,1788,70,8,49,3,13,22,126,43
20260808,H_showcase,551,139,7684,1849,5696,1792,71,10,47,2,9,22,126,43
20260808,H_showcase,552,147,7699,1852,5700,1795,73,7,50,0,9,23,126,43
20260808,H_showcase,553,147,7711,1854,5710,1799,74,5,50,1,9,22,126,43
20260808,H_showcase,554,146,7725,1854,5725,1802,77,2,50,1,9,22,126,43
20260808,H_showcase,555,149,7743,1857,5737,1805,78,3,49,0,9,23,131,43
20260808,H_showcase,556,148,7758,1861,5749,1809,78,7,45,0,9,24,131,43
20260808,H_showcase,557,144,7770,1861,5765,1812,80,4,45,1,10,21,131,43
20260808,H_showcase,558,148,7782,1863,5771,1815,80,2,46,2,10,22,131,43
20260808,H_showcase,559,148,7793,1865,5780,1821,84,4,40,2,9,23,131,43
20260808,H_showcase,560,150,7811,1869,5792,1824,84,6,39,1,9,23,131,43
20260808,H_showcase,561,152,7822,1870,5800,1829,89,5,36,0,9,22,131,43
20260808,H_showcase,562,145,7833,1875,5813,1833,88,6,36,0,9,24,131,43
20260808,H_showcase,563,143,7848,1878,5827,1833,85,8,37,0,9,21,131,43
20260808,H_showcase,564,141,7863,1881,5841,1835,82,6,40,2,9,21,131,43
20260808,H_showcase,565,140,7874,1882,5852,1839,84,4,39,3,9,21,131,43
20260808,H_showcase,566,139,7891,1887,5865,1843,83,6,38,3,9,20,131,43
20260808,H_showcase,567,134,7908,1894,5880,1847,81,12,35,2,9,19,131,43
20260808,H_showcase,568,137,7920,1897,5886,1853,85,10,34,1,9,22,131,43
20260808,H_showcase,569,138,7934,1898,5898,1855,84,4,39,3,9,21,131,43
20260808,H_showcase,570,140,7952,1905,5907,1855,77,8,42,3,13,20,121,43
20260808,H_showcase,571,140,7965,1910,5915,1857,74,12,41,3,16,18,121,43
20260808,H_showcase,572,132,7979,1917,5930,1860,70,12,45,3,17,17,121,43
20260808,H_showcase,573,131,7991,1920,5940,1862,71,10,48,1,17,15,121,43
20260808,H_showcase,574,139,8009,1922,5948,1863,70,5,54,1,18,14,121,43
20260808,H_showcase,575,136,8021,1925,5960,1866,70,5,54,1,18,12,131,43
20260808,H_showcase,576,133,8031,1927,5971,1866,68,5,56,1,18,12,131,43
20260808,H_showcase,577,131,8042,1931,5980,1869,67,6,56,1,18,12,131,43
20260808,H_showcase,578,126,8053,1933,5994,1874,70,6,53,1,17,14,131,43
20260808,H_showcase,579,120,8064,1938,6006,1876,67,7,55,1,15,15,131,43
20260808,H_showcase,580,121,8078,1940,6017,1879,66,7,54,3,11,15,131,43
20260808,H_showcase,581,122,8093,1942,6029,1882,67,4,56,3,9,19,131,43
20260808,H_showcase,582,130,8107,1946,6031,1886,69,6,54,1,9,20,131,43
20260808,H_showcase,583,133,8120,1946,6041,1887,70,4,55,1,9,19,131,43
20260808,H_showcase,584,134,8136,1952,6050,1892,69,6,54,1,9,21,131,43
20260808,H_showcase,585,142,8154,1955,6057,1896,70,9,50,1,9,22,131,43
20260808,H_showcase,586,137,8168,1958,6073,1901,73,6,51,0,9,21,131,43
20260808,H_showcase,587,139,8183,1960,6084,1904,74,5,51,0,9,22,131,43
20260808,H_showcase,588,143,8198,1962,6093,1910,78,4,48,0,9,21,131,43
20260808,H_showcase,589,145,8209,1964,6100,1913,79,4,47,0,9,21,131,43
20260808,H_showcase,590,145,8220,1965,6110,1915,80,3,47,0,9,20,131,43
20260808,H_showcase,591,145,8230,1968,6117,1917,78,4,47,1,9,21,131,43
20260808,H_showcase,592,146,8245,1970,6129,1924,83,5,41,1,9,23,131,43
20260808,H_showcase,593,151,8263,1972,6140,1928,85,4,40,1,9,24,131,43
20260808,H_showcase,594,150,8277,1974,6153,1934,89,4,36,1,9,22,131,43
20260808,H_showcase,595,148,8292,1979,6165,1939,90,7,33,0,9,23,131,43
20260808,H_showcase,596,149,8310,1985,6176,1941,86,11,33,0,9,22,131,43
20260808,H_showcase,597,147,8324,1987,6190,1945,87,8,34,1,9,22,131,43
20260808,H_showcase,598,151,8340,1988,6201,1947,87,3,38,2,9,26,131,43
20260808,H_showcase,599,153,8358,1990,6215,1948,84,3,39,4,9,23,131,43
20260808,H_showcase,600,152,8373,1992,6229,1949,82,4,39,5,13,21,121,40
20260808,I_busy_fleet,1,9,21,12,0,0,184,12,0,4,4,2,131,43
20260808,I_busy_fleet,2,24,37,13,0,0,174,13,0,13,7,6,131,43
20260808,I_busy_fleet,3,34,55,21,0,0,169,9,12,10,7,8,131,43
20260808,I_busy_fleet,4,36,70,34,0,0,164,21,13,2,9,8,131,43
20260808,I_busy_fleet,5,47,89,42,0,0,156,21,21,2,9,11,131,43
20260808,I_busy_fleet,6,63,107,44,0,0,154,10,34,2,9,14,131,43
20260808,I_busy_fleet,7,81,129,48,0,0,149,6,42,3,9,16,131,43
20260808,I_busy_fleet,8,95,149,54,0,0,141,10,44,5,9,19,131,43
20260808,I_busy_fleet,9,111,170,59,0,0,137,11,48,4,9,20,131,43
20260808,I_busy_fleet,10,127,195,68,0,0,131,14,54,1,9,21,131,43
20260808,I_busy_fleet,11,146,218,72,0,0,127,13,59,1,9,23,131,43
20260808,I_busy_fleet,12,160,233,73,0,0,125,5,68,2,9,23,131,43
20260808,I_busy_fleet,13,176,253,77,0,0,121,5,72,2,9,24,131,43
20260808,I_busy_fleet,14,191,274,83,0,0,115,10,73,2,9,27,131,43
20260808,I_busy_fleet,15,192,292,88,12,3,114,11,74,1,9,26,131,43
20260808,I_busy_fleet,16,196,310,93,21,9,116,10,74,0,9,25,131,43
20260808,I_busy_fleet,17,204,334,98,32,13,115,10,75,0,9,26,131,43
20260808,I_busy_fleet,18,203,351,100,48,20,120,7,73,0,9,27,131,43
20260808,I_busy_fleet,19,207,376,103,66,27,123,5,71,1,9,27,131,43
20260808,I_busy_fleet,20,212,399,105,82,30,122,5,70,3,9,30,121,40
20260808,I_busy_fleet,21,206,414,110,98,32,118,7,71,4,9,30,121,40
20260808,I_busy_fleet,22,208,437,114,115,37,120,9,68,3,9,30,121,40
20260808,I_busy_fleet,23,211,462,118,133,43,124,8,67,1,9,31,121,40
20260808,I_busy_fleet,24,216,485,122,147,46,122,8,68,2,9,31,121,40
20260808,I_busy_fleet,25,216,505,126,163,53,125,8,65,2,9,31,126,43
20260808,I_busy_fleet,26,218,525,131,176,60,129,9,62,0,9,30,126,43
20260808,I_busy_fleet,27,222,548,136,190,66,130,10,60,0,9,32,126,43
20260808,I_busy_fleet,28,223,572,144,205,69,125,13,62,0,9,31,126,43
20260808,I_busy_fleet,29,220,591,146,225,74,127,10,62,1,9,31,126,43
20260808,I_busy_fleet,30,207,606,159,240,80,119,15,64,2,10,28,131,43
20260808,I_busy_fleet,31,200,628,166,262,84,110,20,62,8,12,26,131,43
20260808,I_busy_fleet,32,194,645,169,282,87,109,10,72,9,16,21,131,43
20260808,I_busy_fleet,33,195,670,180,295,97,113,14,69,4,18,20,131,43
20260808,I_busy_fleet,34,193,694,185,316,102,115,16,67,2,18,16,131,43
20260808,I_busy_fleet,35,185,715,192,338,103,110,12,77,1,18,15,131,43
20260808,I_busy_fleet,36,183,734,195,356,106,107,10,79,4,18,15,131,43
20260808,I_busy_fleet,37,188,758,198,372,110,108,6,82,4,18,15,131,43
20260808,I_busy_fleet,38,182,773,203,388,112,107,8,83,2,17,17,131,43
20260808,I_busy_fleet,39,180,790,205,405,115,107,7,83,3,17,20,131,43
20260808,I_busy_fleet,40,180,813,212,421,119,104,9,84,3,15,24,131,43
20260808,I_busy_fleet,41,177,830,217,436,123,101,12,82,5,9,27,131,43
20260808,I_busy_fleet,42,192,850,222,436,129,103,10,83,4,9,29,131,43
20260808,I_busy_fleet,43,199,866,231,436,137,105,14,80,1,9,30,131,43
20260808,I_busy_fleet,44,205,886,235,446,148,112,13,74,1,9,31,131,43
20260808,I_busy_fleet,45,198,902,238,466,153,115,7,78,0,9,29,131,43
20260808,I_busy_fleet,46,192,922,242,488,155,113,7,80,0,9,25,131,43
20260808,I_busy_fleet,47,193,946,248,505,162,113,10,76,1,9,28,131,43
20260808,I_busy_fleet,48,192,967,252,523,166,113,10,76,1,9,28,131,43
20260808,I_busy_fleet,49,188,986,256,542,169,113,8,79,0,9,28,131,43
20260808,I_busy_fleet,50,197,1011,258,556,178,120,6,74,0,9,27,126,43
20260808,I_busy_fleet,51,199,1032,261,572,185,124,5,71,0,9,29,126,43
20260808,I_busy_fleet,52,204,1056,263,589,191,128,5,67,0,9,31,126,43
20260808,I_busy_fleet,53,204,1074,268,602,196,126,7,65,2,9,32,126,43
20260808,I_busy_fleet,54,200,1091,273,618,200,125,10,63,2,9,31,126,43
20260808,I_busy_fleet,55,205,1111,281,625,206,125,13,62,0,9,32,131,43
20260808,I_busy_fleet,56,204,1132,286,642,213,127,13,60,0,9,33,131,43
20260808,I_busy_fleet,57,201,1147,291,655,217,126,10,64,0,9,34,131,43
20260808,I_busy_fleet,58,201,1165,293,671,223,130,7,63,0,9,30,131,43
20260808,I_busy_fleet,59,194,1184,299,691,227,128,8,64,0,9,29,131,43
20260808,I_busy_fleet,60,180,1205,317,708,232,113,24,61,2,11,25,131,43
20260808,I_busy_fleet,61,184,1226,318,724,236,113,19,63,5,15,23,131,43
20260808,I_busy_fleet,62,175,1248,327,746,243,111,10,74,5,18,21,131,43
20260808,I_busy_fleet,63,171,1266,332,763,245,110,14,73,3,18,18,131,43
20260808,I_busy_fleet,64,164,1291,341,786,250,106,14,77,3,18,15,131,43
20260808,I_busy_fleet,65,162,1306,344,800,250,104,12,82,2,18,14,131,43
20260808,I_busy_fleet,66,161,1321,348,812,258,106,7,83,4,18,17,131,43
20260808,I_busy_fleet,67,163,1342,354,825,265,106,10,79,5,18,18,131,43
20260808,I_busy_fleet,68,156,1358,363,839,270,105,15,78,2,18,18,131,43
20260808,I_busy_fleet,69,165,1381,368,848,273,103,14,81,2,16,20,131,43
20260808,I_busy_fleet,70,162,1399,374,863,277,101,11,86,2,12,22,131,43
20260808,I_busy_fleet,71,168,1418,376,874,281,102,8,87,3,9,24,131,43
20260808,I_busy_fleet,72,184,1439,380,875,285,102,6,89,3,9,28,131,43
20260808,I_busy_fleet,73,195,1463,386,882,289,100,10,87,3,9,26,131,43
20260808,I_busy_fleet,74,191,1479,391,897,292,99,11,88,2,9,26,131,43
20260808,I_busy_fleet,75,191,1497,395,911,298,102,9,88,1,9,25,131,43
20260808,I_busy_fleet,76,188,1515,398,929,304,103,7,87,3,9,24,131,43
20260808,I_busy_fleet,77,188,1530,401,941,313,108,6,82,4,9,24,131,43
20260808,I_busy_fleet,78,199,1555,403,953,320,115,5,78,2,9,27,131,43
20260808,I_busy_fleet,79,196,1572,409,967,323,113,8,78,1,9,26,131,43
20260808,I_busy_fleet,80,203,1594,414,977,333,115,11,70,4,9,29,131,43
20260808,I_busy_fleet,81,204,1619,420,995,343,117,11,66,6,9,28,131,43
20260808,I_busy_fleet,82,209,1644,430,1005,348,112,16,66,6,9,29,131,43
20260808,I_busy_fleet,83,208,1662,436,1018,355,114,16,65,5,9,31,131,43
20260808,I_busy_fleet,84,209,1685,443,1033,357,110,13,73,4,9,31,131,43
20260808,I_busy_fleet,85,208,1710,450,1052,362,109,14,74,3,9,29,131,43
20260808,I_busy_fleet,86,211,1727,454,1062,367,111,11,76,2,9,32,131,43
20260808,I_busy_fleet,87,211,1744,456,1077,368,110,6,82,2,9,33,131,43
20260808,I_busy_fleet,88,216,1767,458,1093,377,117,4,77,2,9,35,131,43
20260808,I_busy_fleet,89,217,1784,463,1104,379,114,7,77,2,9,34,131,43
20260808,I_busy_fleet,90,202,1801,471,1128,383,106,13,75,6,11,31,131,43
20260808,I_busy_fleet,91,201,1817,476,1140,385,100,13,78,9,16,27,131,43
20260808,I_busy_fleet,92,198,1837,484,1155,395,106,13,76,5,17,24,131,43
20260808,I_busy_fleet,93,195,1861,491,1175,398,106,15,78,1,18,24,131,43
20260808,I_busy_fleet,94,197,1886,499,1190,405,106,15,79,0,18,22,131,43
20260808,I_busy_fleet,95,197,1906,503,1206,410,105,12,81,2,18,18,131,43
20260808,I_busy_fleet,96,199,1930,506,1225,415,107,7,84,2,18,20,131,43
20260808,I_busy_fleet,97,194,1953,514,1245,421,103,11,82,4,18,21,131,43
20260808,I_busy_fleet,98,196,1975,519,1260,423,100,13,83,4,18,25,131,43
20260808,I_busy_fleet,99,197,1996,527,1272,428,101,13,86,0,17,30,131,43
20260808,I_busy_fleet,100,195,2019,531,1293,433,101,12,86,1,14,30,121,40
20260808,I_busy_fleet,101,199,2041,535,1307,439,102,8,88,2,9,33,121,40
20260808,I_busy_fleet,102,215,2059,537,1307,444,106,6,87,1,9,34,121,40
20260808,I_busy_fleet,103,219,2077,541,1317,451,109,6,84,1,9,35,121,40
20260808,I_busy_fleet,104,219,2098,543,1336,459,114,6,78,2,9,32,121,40
20260808,I_busy_fleet,105,219,2120,546,1355,465,118,5,76,1,9,30,131,43
20260808,I_busy_fleet,106,213,2137,551,1373,475,123,8,68,1,9,28,131,43
20260808,I_busy_fleet,107,212,2157,554,1391,482,125,8,64,3,9,31,131,43
20260808,I_busy_fleet,108,209,2175,556,1410,487,127,5,64,4,9,28,131,43
20260808,I_busy_fleet,109,205,2190,561,1424,492,129,7,62,2,9,26,131,43
20260808,I_busy_fleet,110,203,2215,572,1440,494,122,16,62,0,9,25,131,43
20260808,I_busy_fleet,111,197,2230,576,1457,500,121,15,61,3,9,24,131,43
20260808,I_busy_fleet,112,192,2248,581,1475,507,121,9,65,5,9,24,131,43
20260808,I_busy_fleet,113,193,2273,589,1491,512,121,13,64,2,9,23,131,43
20260808,I_busy_fleet,114,193,2295,595,1507,518,122,14,63,1,9,24,131,43
20260808,I_busy_fleet,115,197,2314,596,1521,522,123,7,67,3,9,26,131,43
20260808,I_busy_fleet,116,192,2332,602,1538,528,122,7,67,4,9,23,131,43
20260808,I_busy_fleet,117,190,2353,607,1556,535,124,11,61,4,9,24,131,43
20260808,I_busy_fleet,118,192,2373,614,1567,537,121,12,65,2,9,26,131,43
20260808,I_busy_fleet,119,196,2396,619,1581,539,119,12,68,1,9,27,131,43
20260808,I_busy_fleet,120,190,2418,631,1597,542,106,17,72,5,11,26,131,43
20260808,I_busy_fleet,121,194,2439,638,1607,546,103,19,73,5,14,25,131,43
20260808,I_busy_fleet,122,191,2459,645,1623,550,104,14,81,1,17,23,131,43
20260808,I_busy_fleet,123,191,2475,649,1635,552,102,11,86,1,18,20,131,43
20260808,I_busy_fleet,124,193,2497,654,1650,558,103,9,87,1,18,20,131,43
20260808,I_busy_fleet,125,187,2512,657,1668,562,105,8,87,0,18,15,121,40
20260808,I_busy_fleet,126,188,2534,660,1686,566,106,6,88,0,18,17,121,40
20260808,I_busy_fleet,127,186,2554,666,1702,572,106,9,85,0,18,18,121,40
20260808,I_busy_fleet,128,192,2578,671,1715,575,104,11,85,0,18,21,121,40
20260808,I_busy_fleet,129,187,2593,674,1732,579,105,8,87,0,17,24,121,40
20260808,I_busy_fleet,130,190,2617,680,1747,583,102,9,88,1,15,25,131,43
20260808,I_busy_fleet,131,188,2637,682,1767,587,103,8,87,2,9,28,131,43
20260808,I_busy_fleet,132,196,2654,687,1771,599,110,7,81,2,9,28,131,43
20260808,I_busy_fleet,133,193,2672,693,1786,609,115,11,73,1,9,28,131,43
20260808,I_busy_fleet,134,195,2690,697,1798,615,117,10,72,1,9,30,131,43
20260808,I_busy_fleet,135,198,2712,702,1812,620,117,9,73,1,9,31,131,43
20260808,I_busy_fleet,136,196,2736,710,1830,621,111,13,76,0,9,29,131,43
20260808,I_busy_fleet,137,206,2758,713,1839,634,120,11,68,1,9,30,131,43
20260808,I_busy_fleet,138,205,2783,718,1860,639,116,8,71,5,9,31,131,43
20260808,I_busy_fleet,139,210,2807,725,1872,648,119,12,65,4,9,31,131,43
20260808,I_busy_fleet,140,207,2827,733,1887,652,119,15,66,0,9,32,131,43
20260808,I_busy_fleet,141,212,2848,737,1899,655,118,12,70,0,9,32,131,43
20260808,I_busy_fleet,142,215,2870,738,1917,660,121,5,73,1,9,34,131,43
20260808,I_busy_fleet,143,212,2888,740,1936,665,123,3,72,2,9,35,131,43
20260808,I_busy_fleet,144,207,2903,747,1949,668,119,9,70,2,9,35,131,43
20260808,I_busy_fleet,145,214,2926,751,1961,673,119,11,67,3,9,36,131,43
20260808,I_busy_fleet,146,217,2951,758,1976,677,117,11,70,2,9,36,131,43
20260808,I_busy_fleet,147,220,2975,764,1991,682,117,13,69,1,9,40,131,43
20260808,I_busy_fleet,148,218,2992,766,2008,688,120,8,70,2,9,37,131,43
20260808,I_busy_fleet,149,207,3007,774,2026,689,112,10,75,3,9,38,131,43
20260808,I_busy_fleet,150,206,3031,781,2044,693,108,15,73,4,15,34,131,43
20260808,I_busy_fleet,151,198,3046,784,2064,694,106,10,80,4,18,26,131,43
20260808,I_busy_fleet,152,193,3064,791,2080,697,103,10,84,3,18,23,131,43
20260808,I_busy_fleet,153,191,3084,798,2095,703,103,14,81,2,18,21,131,43
20260808,I_busy_fleet,154,190,3109,804,2115,710,105,13,81,1,18,17,131,43
20260808,I_busy_fleet,155,187,3125,807,2131,719,111,9,79,1,18,14,126,43
20260808,I_busy_fleet,156,193,3144,810,2141,725,113,6,79,2,18,15,126,43
20260808,I_busy_fleet,157,185,3160,816,2159,730,112,9,77,2,18,18,126,43
20260808,I_busy_fleet,158,181,3181,822,2178,735,112,12,75,1,17,21,126,43
20260808,I_busy_fleet,159,179,3204,826,2199,737,111,10,79,0,16,23,126,43
20260808,I_busy_fleet,160,182,3226,831,2213,744,113,9,78,0,12,24,131,43
20260808,I_busy_fleet,161,183,3242,836,2223,746,110,10,80,0,9,24,131,43
20260808,I_busy_fleet,162,187,3262,841,2234,754,112,10,77,1,9,25,131,43
20260808,I_busy_fleet,163,197,3287,844,2246,755,109,8,81,2,9,28,131,43
20260808,I_busy_fleet,164,198,3306,851,2257,763,111,10,78,1,9,27,131,43
20260808,I_busy_fleet,165,190,3321,857,2274,769,111,13,75,1,9,28,131,43
20260808,I_busy_fleet,166,189,3341,861,2291,774,112,10,77,1,9,28,131,43
20260808,I_busy_fleet,167,189,3363,869,2305,782,112,12,75,1,9,28,131,43
20260808,I_busy_fleet,168,189,3379,873,2317,789,114,12,72,2,9,28,131,43
20260808,I_busy_fleet,169,191,3397,877,2329,794,116,8,75,1,9,26,131,43
20260808,I_busy_fleet,170,192,3419,883,2344,800,115,10,73,2,9,26,131,43
20260808,I_busy_fleet,171,193,3440,886,2361,805,115,9,72,4,9,25,131,43
20260808,I_busy_fleet,172,196,3465,893,2376,807,112,10,76,2,9,24,131,43
20260808,I_busy_fleet,173,199,3482,897,2386,810,111,11,76,2,9,24,131,43
20260808,I_busy_fleet,174,204,3507,904,2399,815,107,11,78,4,9,27,131,43
20260808,I_busy_fleet,175,197,3526,911,2418,822,107,14,75,4,9,26,131,43
20260808,I_busy_fleet,176,195,3543,918,2430,831,106,14,73,7,9,26,131,43
20260808,I_busy_fleet,177,201,3568,928,2439,835,98,17,76,9,9,28,131,43
20260808,I_busy_fleet,178,199,3583,935,2449,840,101,17,78,4,9,28,131,43
20260808,I_busy_fleet,179,194,3598,942,2462,847,103,14,81,2,9,30,131,43
20260808,I_busy_fleet,180,202,3621,947,2472,853,103,12,82,3,15,28,121,40
20260808,I_busy_fleet,181,202,3642,955,2485,858,100,13,84,3,17,27,121,40
20260808,I_busy_fleet,182,194,3657,961,2502,862,98,14,85,3,18,25,121,40
20260808,I_busy_fleet,183,187,3673,966,2520,864,95,11,91,3,18,21,121,40
20260808,I_busy_fleet,184,183,3692,970,2539,869,96,9,92,3,18,18,121,40
20260808,I_busy_fleet,185,187,3714,975,2552,872,94,9,94,3,18,16,131,43
20260808,I_busy_fleet,186,179,3733,985,2569,881,93,15,89,3,17,20,131,43
20260808,I_busy_fleet,187,176,3749,990,2583,887,95,15,88,2,17,21,131,43
20260808,I_busy_fleet,188,182,3769,993,2594,891,95,8,94,3,17,22,131,43
20260808,I_busy_fleet,189,186,3794,998,2610,897,94,8,93,5,15,26,131,43
20260808,I_busy_fleet,190,189,3814,1004,2621,898,90,11,95,4,13,29,131,43
20260808,I_busy_fleet,191,195,3837,1011,2631,906,94,13,92,1,9,30,131,43
20260808,I_busy_fleet,192,196,3857,1017,2644,913,95,13,91,1,9,29,131,43
20260808,I_busy_fleet,193,196,3879,1023,2660,920,96,12,91,1,9,27,131,43
20260808,I_busy_fleet,194,196,3894,1028,2670,927,99,11,90,0,9,27,131,43
20260808,I_busy_fleet,195,198,3909,1029,2682,933,102,6,90,2,9,27,131,43
20260808,I_busy_fleet,196,203,3934,1033,2698,948,112,5,80,3,9,29,131,43
20260808,I_busy_fleet,197,202,3954,1038,2714,953,114,9,76,1,9,28,131,43
20260808,I_busy_fleet,198,204,3970,1040,2726,961,121,7,72,0,9,29,131,43
20260808,I_busy_fleet,199,209,3993,1044,2740,967,123,6,71,0,9,29,131,43
20260808,I_busy_fleet,200,211,4013,1046,2756,974,128,6,66,0,9,27,131,43
20260808,I_busy_fleet,201,207,4036,1051,2778,981,128,7,63,2,9,29,131,43
20260808,I_busy_fleet,202,210,4060,1058,2792,985,125,12,61,2,9,27,131,43
20260808,I_busy_fleet,203,201,4078,1065,2812,990,124,14,61,1,9,28,131,43
20260808,I_busy_fleet,204,207,4101,1070,2824,994,122,12,64,2,9,28,131,43
20260808,I_busy_fleet,205,207,4118,1073,2838,1001,125,8,64,3,9,27,131,43
20260808,I_busy_fleet,206,212,4139,1077,2850,1005,124,7,65,4,9,29,131,43
20260808,I_busy_fleet,207,210,4158,1085,2863,1012,122,12,61,5,9,29,131,43
20260808,I_busy_fleet,208,200,4179,1095,2884,1016,114,18,61,7,9,29,131,43
20260808,I_busy_fleet,209,196,4195,1101,2898,1018,111,16,67,6,9,31,131,43
20260808,I_busy_fleet,210,182,4213,1122,2909,1022,96,27,73,4,9,27,131,43
20260808,I_busy_fleet,211,174,4236,1134,2928,1024,86,33,77,4,13,23,131,43
20260808,I_busy_fleet,212,177,4258,1138,2943,1032,91,16,90,3,17,22,131,43
20260808,I_busy_fleet,213,174,4281,1146,2961,1039,90,12,95,3,18,21,131,43
20260808,I_busy_fleet,214,171,4302,1152,2979,1042,86,14,96,4,18,15,131,43
20260808,I_busy_fleet,215,174,4326,1162,2990,1047,81,16,99,4,18,14,131,43
20260808,I_busy_fleet,216,171,4346,1167,3008,1050,80,15,102,3,18,13,131,43
20260808,I_busy_fleet,217,175,4367,1171,3021,1055,81,9,107,3,18,14,131,43
20260808,I_busy_fleet,218,173,4383,1173,3037,1059,84,6,108,2,18,14,131,43
20260808,I_busy_fleet,219,173,4405,1180,3052,1065,84,9,106,1,16,17,131,43
20260808,I_busy_fleet,220,178,4427,1184,3065,1075,88,11,98,3,14,19,131,43
20260808,I_busy_fleet,221,173,4442,1191,3078,1088,95,11,92,2,9,21,131,43
20260808,I_busy_fleet,222,189,4462,1195,3078,1089,94,11,95,0,9,26,131,43
20260808,I_busy_fleet,223,209,4487,1198,3080,1093,95,7,98,0,9,26,131,43
20260808,I_busy_fleet,224,209,4509,1200,3100,1098,97,5,97,1,9,26,131,43
20260808,I_busy_fleet,225,204,4526,1205,3117,1107,100,7,91,2,9,26,131,43
20260808,I_busy_fleet,226,203,4544,1211,3130,1115,103,11,85,1,9,26,131,43
20260808,I_busy_fleet,227,205,4562,1216,3141,1123,106,11,82,1,9,26,131,43
20260808,I_busy_fleet,228,203,4583,1222,3158,1131,107,11,80,2,9,27,131,43
20260808,I_busy_fleet,229,199,4600,1227,3174,1144,115,11,72,2,9,25,131,43
20260808,I_busy_fleet,230,194,4617,1234,3189,1154,118,12,68,2,9,25,131,43
20260808,I_busy_fleet,231,191,4634,1236,3207,1160,123,9,67,1,9,25,131,43
20260808,I_busy_fleet,232,189,4656,1242,3225,1166,123,8,68,1,9,24,131,43
20260808,I_busy_fleet,233,189,4672,1247,3236,1171,123,11,65,1,9,26,131,43
20260808,I_busy_fleet,234,180,4688,1255,3253,1175,120,13,67,0,9,26,131,43
20260808,I_busy_fleet,235,176,4713,1261,3276,1180,119,14,67,0,9,24,111,40
20260808,I_busy_fleet,236,174,4733,1262,3297,1183,121,7,72,0,9,23,111,40
20260808,I_busy_fleet,237,177,4753,1264,3312,1187,121,3,74,2,9,25,111,40
20260808,I_busy_fleet,238,183,4777,1268,3326,1191,121,6,71,2,9,24,111,40
20260808,I_busy_fleet,239,184,4798,1275,3339,1198,122,11,66,1,9,24,111,40
20260808,I_busy_fleet,240,179,4816,1284,3353,1204,115,16,64,5,11,22,131,43
20260808,I_busy_fleet,241,189,4841,1288,3364,1208,111,13,67,9,16,21,131,43
20260808,I_busy_fleet,242,197,4866,1299,3370,1213,109,15,71,5,18,20,131,43
20260808,I_busy_fleet,243,199,4891,1307,3385,1217,110,19,71,0,18,18,131,43
20260808,I_busy_fleet,244,203,4911,1308,3400,1221,113,9,78,0,18,18,131,43
20260808,I_busy_fleet,245,203,4927,1311,3413,1228,116,4,79,1,18,17,131,43
20260808,I_busy_fleet,246,206,4943,1314,3423,1236,120,6,72,2,18,16,131,43
20260808,I_busy_fleet,247,200,4961,1319,3442,1238,117,8,73,2,18,18,131,43
20260808,I_busy_fleet,248,198,4980,1323,3459,1244,120,9,70,1,18,23,131,43
20260808,I_busy_fleet,249,196,5000,1329,3475,1247,118,10,72,0,17,24,131,43
20260808,I_busy_fleet,250,188,5016,1334,3494,1251,116,11,72,1,12,24,131,43
20260808,I_busy_fleet,251,185,5033,1336,3512,1255,118,7,74,1,9,26,131,43
20260808,I_busy_fleet,252,198,5055,1345,3512,1258,112,11,76,1,9,29,131,43
20260808,I_busy_fleet,253,189,5072,1349,3534,1261,111,13,75,1,9,29,131,43
20260808,I_busy_fleet,254,183,5090,1354,3553,1267,113,9,78,0,9,30,131,43
20260808,I_busy_fleet,255,181,5114,1357,3576,1273,115,8,76,1,9,31,122,43
20260808,I_busy_fleet,256,177,5135,1362,3596,1278,113,8,76,3,9,30,122,43
20260808,I_busy_fleet,257,182,5154,1365,3607,1286,117,8,71,4,9,34,122,43
20260808,I_busy_fleet,258,183,5171,1371,3617,1292,116,9,70,5,9,32,122,43
20260808,I_busy_fleet,259,191,5194,1375,3628,1295,114,10,70,6,9,30,122,43
20260808,I_busy_fleet,260,183,5209,1384,3642,1303,116,13,68,3,9,25,131,43
20260808,I_busy_fleet,261,183,5227,1388,3656,1312,123,13,63,1,9,26,131,43
20260808,I_busy_fleet,262,186,5243,1390,3667,1317,123,6,67,4,9,26,131,43
20260808,I_busy_fleet,263,189,5264,1394,3681,1322,123,6,66,5,9,27,131,43
20260808,I_busy_fleet,264,192,5287,1403,3692,1328,122,13,62,3,9,27,131,43
20260808,I_busy_fleet,265,198,5306,1405,3703,1334,128,11,60,1,9,28,131,43
20260808,I_busy_fleet,266,198,5326,1411,3717,1341,130,8,62,0,9,30,131,43
20260808,I_busy_fleet,267,197,5349,1415,3737,1346,131,10,59,0,9,28,131,43
20260808,I_busy_fleet,268,198,5370,1420,3752,1348,127,9,63,1,9,29,131,43
20260808,I_busy_fleet,269,201,5390,1421,3768,1349,123,6,66,5,9,30,131,43
20260808,I_busy_fleet,270,199,5415,1435,3781,1351,108,15,69,8,12,27,131,43
20260808,I_busy_fleet,271,192,5432,1442,3798,1355,108,21,66,5,14,24,131,43
20260808,I_busy_fleet,272,198,5456,1450,3808,1357,104,15,78,3,18,22,131,43
20260808,I_busy_fleet,273,196,5475,1456,3823,1362,102,14,80,4,18,21,131,43
20260808,I_busy_fleet,274,196,5495,1465,3834,1371,103,15,79,3,18,18,131,43
20260808,I_busy_fleet,275,195,5516,1469,3852,1373,103,13,83,1,18,17,131,43
20260808,I_busy_fleet,276,195,5538,1474,3869,1375,101,9,90,0,18,15,131,43
20260808,I_busy_fleet,277,193,5559,1479,3887,1383,103,10,86,1,18,17,131,43
20260808,I_busy_fleet,278,198,5583,1484,3901,1387,102,10,87,1,18,19,131,43
20260808,I_busy_fleet,279,196,5604,1490,3918,1391,100,11,88,1,18,20,131,43
20260808,I_busy_fleet,280,192,5619,1493,3934,1396,100,9,88,3,17,21,131,43
20260808,I_busy_fleet,281,193,5644,1499,3952,1398,97,9,92,2,9,24,131,43
20260808,I_busy_fleet,282,202,5663,1506,3955,1404,96,13,89,2,9,25,131,43
20260808,I_busy_fleet,283,207,5687,1512,3968,1410,96,13,89,2,9,27,131,43
20260808,I_busy_fleet,284,203,5707,1519,3985,1411,92,13,95,0,9,26,131,43
20260808,I_busy_fleet,285,207,5731,1526,3998,1417,89,14,95,2,9,30,121,40
20260808,I_busy_fleet,286,210,5752,1530,4012,1427,94,11,92,3,9,35,121,40
20260808,I_busy_fleet,287,206,5769,1538,4025,1436,96,12,90,2,9,36,121,40
20260808,I_busy_fleet,288,202,5784,1541,4041,1442,99,11,88,2,9,37,121,40
20260808,I_busy_fleet,289,203,5805,1545,4057,1446,98,7,92,3,9,38,121,40
20260808,I_busy_fleet,290,196,5827,1555,4076,1458,100,14,83,3,9,36,126,43
20260808,I_busy_fleet,291,193,5843,1560,4090,1466,103,15,79,3,9,40,126,43
20260808,I_busy_fleet,292,192,5859,1567,4100,1471,101,12,84,3,9,36,126,43
20260808,I_busy_fleet,293,190,5874,1570,4114,1475,102,10,85,3,9,34,126,43
20260808,I_busy_fleet,294,188,5890,1576,4126,1482,104,9,85,2,9,33,126,43
20260808,I_busy_fleet,295,187,5908,1581,4140,1488,105,11,82,2,9,31,131,43
20260808,I_busy_fleet,296,184,5926,1587,4155,1497,105,11,79,5,9,32,131,43
20260808,I_busy_fleet,297,180,5949,1597,4172,1504,103,16,77,4,9,30,131,43
20260808,I_busy_fleet,298,180,5973,1605,4188,1510,103,18,77,2,9,25,131,43
20260808,I_busy_fleet,299,179,5991,1610,4202,1513,100,13,84,3,9,24,131,43
20260808,I_busy_fleet,300,175,6009,1619,4215,1523,98,14,82,6,12,22,131,43
20260808,I_busy_fleet,301,176,6032,1626,4230,1525,94,16,85,5,18,22,131,43
20260808,I_busy_fleet,302,172,6049,1632,4245,1530,97,13,89,1,17,22,131,43
20260808,I_busy_fleet,303,179,6071,1634,4258,1533,98,8,93,1,18,20,131,43
20260808,I_busy_fleet,304,182,6093,1640,4271,1543,102,8,89,1,18,18,131,43
20260808,I_busy_fleet,305,181,6112,1646,4285,1551,105,12,83,0,18,17,131,43
20260808,I_busy_fleet,306,184,6131,1651,4296,1554,103,11,86,0,18,15,131,43
20260808,I_busy_fleet,307,188,6155,1654,4313,1557,103,8,89,0,18,18,131,43
20260808,I_busy_fleet,308,188,6176,1663,4325,1566,103,12,85,0,18,19,131,43
20260808,I_busy_fleet,309,183,6194,1671,4340,1575,103,17,79,1,17,20,131,43
20260808,I_busy_fleet,310,182,6214,1676,4356,1585,107,13,78,2,14,21,131,43
20260808,I_busy_fleet,311,184,6231,1677,4370,1589,111,6,82,1,9,23,131,43
20260808,I_busy_fleet,312,194,6250,1685,4371,1593,107,9,83,1,9,24,131,43
20260808,I_busy_fleet,313,192,6268,1688,4388,1597,106,11,80,3,9,23,131,43
20260808,I_busy_fleet,314,190,6286,1696,4400,1604,105,11,81,3,9,23,131,43
20260808,I_busy_fleet,315,189,6306,1702,4415,1608,105,14,80,1,9,25,131,43
20260808,I_busy_fleet,316,185,6326,1710,4431,1614,104,14,82,0,9,22,131,43
20260808,I_busy_fleet,317,183,6342,1712,4447,1618,106,10,84,0,9,24,131,43
20260808,I_busy_fleet,318,193,6367,1715,4459,1623,108,5,87,0,9,24,131,43
20260808,I_busy_fleet,319,189,6388,1719,4480,1628,107,7,84,2,9,23,131,43
20260808,I_busy_fleet,320,190,6413,1726,4497,1631,103,11,84,2,9,24,131,43
20260808,I_busy_fleet,321,195,6433,1733,4505,1637,103,14,82,1,9,25,131,43
20260808,I_busy_fleet,322,191,6449,1737,4521,1642,103,11,84,2,9,24,131,43
20260808,I_busy_fleet,323,187,6465,1742,4536,1650,106,9,83,2,9,21,131,43
20260808,I_busy_fleet,324,194,6490,1748,4548,1660,110,11,77,2,9,25,131,43
20260808,I_busy_fleet,325,196,6509,1753,4560,1665,111,11,77,1,9,26,131,43
20260808,I_busy_fleet,326,202,6530,1756,4572,1670,112,8,78,2,9,26,131,43
20260808,I_busy_fleet,327,203,6552,1761,4588,1677,114,8,76,2,9,24,131,43
20260808,I_busy_fleet,328,205,6574,1769,4600,1680,110,13,76,1,9,25,131,43
20260808,I_busy_fleet,329,208,6592,1770,4614,1687,116,9,74,1,9,26,131,43
20260808,I_busy_fleet,330,197,6612,1780,4635,1692,107,11,77,5,11,23,131,43
20260808,I_busy_fleet,331,194,6631,1786,4651,1697,104,16,73,7,15,20,131,43
20260808,I_busy_fleet,332,190,6655,1797,4668,1706,107,17,74,2,17,19,131,43
20260808,I_busy_fleet,333,190,6678,1803,4685,1711,107,17,75,1,18,18,131,43
20260808,I_busy_fleet,334,197,6703,1810,4696,1715,103,13,82,2,18,17,131,43
20260808,I_busy_fleet,335,198,6721,1815,4708,1725,107,12,78,3,18,15,121,40
20260808,I_busy_fleet,336,196,6745,1821,4728,1728,105,11,82,2,18,18,121,40
20260808,I_busy_fleet,337,199,6768,1827,4742,1733,106,12,82,0,17,20,121,40
20260808,I_busy_fleet,338,201,6792,1834,4757,1739,104,13,82,1,17,22,121,40
20260808,I_busy_fleet,339,201,6812,1837,4774,1742,104,10,85,1,16,23,121,40
20260808,I_busy_fleet,340,204,6837,1844,4789,1747,103,10,87,0,13,26,131,43
20260808,I_busy_fleet,341,202,6855,1848,4805,1749,100,11,88,1,9,27,131,43
20260808,I_busy_fleet,342,207,6870,1856,4807,1760,103,12,84,1,9,27,131,43
20260808,I_busy_fleet,343,205,6886,1859,4822,1767,108,11,81,0,9,27,131,43
20260808,I_busy_fleet,344,203,6910,1867,4840,1774,106,11,82,1,9,29,131,43
20260808,I_busy_fleet,345,203,6927,1869,4855,1776,106,10,83,1,9,30,131,43
20260808,I_busy_fleet,346,206,6950,1872,4872,1778,104,5,89,2,9,29,131,43
20260808,I_busy_fleet,347,211,6973,1875,4887,1786,108,6,83,3,9,30,131,43
20260808,I_busy_fleet,348,205,6991,1881,4905,1790,108,9,82,1,9,32,131,43
20260808,I_busy_fleet,349,197,7010,1888,4925,1798,108,13,77,2,9,31,131,43
20260808,I_busy_fleet,350,199,7035,1893,4943,1805,109,12,76,3,9,33,131,43
20260808,I_busy_fleet,351,201,7060,1900,4959,1809,108,12,79,1,9,33,131,43
20260808,I_busy_fleet,352,192,7075,1905,4978,1814,109,12,79,0,9,35,131,43
20260808,I_busy_fleet,353,199,7095,1909,4987,1824,114,9,76,1,9,32,131,43
20260808,I_busy_fleet,354,207,7118,1915,4996,1834,116,10,71,3,9,32,131,43
20260808,I_busy_fleet,355,207,7135,1918,5010,1839,116,9,70,5,9,29,131,43
20260808,I_busy_fleet,356,207,7154,1922,5025,1847,119,7,68,6,9,29,131,43
20260808,I_busy_fleet,357,219,7179,1925,5035,1851,123,7,67,3,9,32,131,43
20260808,I_busy_fleet,358,216,7199,1930,5053,1854,122,8,68,2,9,34,131,43
20260808,I_busy_fleet,359,215,7223,1935,5073,1858,120,10,67,3,9,34,131,43
20260808,I_busy_fleet,360,216,7243,1940,5087,1863,120,10,67,3,16,32,126,43
20260808,I_busy_fleet,361,211,7259,1947,5101,1869,120,12,66,2,17,29,126,43
20260808,I_busy_fleet,362,202,7274,1951,5121,1873,120,11,67,2,17,27,126,43
20260808,I_busy_fleet,363,201,7296,1955,5140,1876,118,8,71,3,18,25,126,43
20260808,I_busy_fleet,364,211,7320,1960,5149,1881,120,9,70,1,18,22,126,43
20260808,I_busy_fleet,365,206,7338,1966,5166,1886,119,11,69,1,18,22,131,43
20260808,I_busy_fleet,366,201,7355,1970,5184,1895,124,10,65,1,18,20,131,43
20260808,I_busy_fleet,367,198,7370,1974,5198,1897,118,8,69,5,17,18,131,43
20260808,I_busy_fleet,368,194,7389,1980,5215,1903,117,10,67,6,17,20,131,43
20260808,I_busy_fleet,369,183,7408,1990,5235,1910,118,16,64,2,16,21,131,43
20260808,I_busy_fleet,370,178,7427,1997,5252,1915,116,17,65,2,15,23,131,43
20260808,I_busy_fleet,371,169,7443,2002,5272,1919,115,12,71,2,9,25,131,43
20260808,I_busy_fleet,372,180,7461,2006,5275,1921,113,9,76,2,9,24,131,43
20260808,I_busy_fleet,373,187,7483,2011,5285,1925,113,9,77,1,9,25,131,43
20260808,I_busy_fleet,374,200,7508,2013,5295,1932,118,7,74,1,9,27,131,43
20260808,I_busy_fleet,375,197,7529,2020,5312,1936,115,9,75,1,9,25,131,43
20260808,I_busy_fleet,376,191,7548,2023,5334,1942,118,10,71,1,9,25,131,43
20260808,I_busy_fleet,377,190,7569,2029,5350,1947,117,9,73,1,9,26,131,43
20260808,I_busy_fleet,378,197,7594,2033,5364,1947,114,10,76,0,9,26,131,43
20260808,I_busy_fleet,379,197,7613,2040,5376,1952,111,11,77,1,9,24,131,43
20260808,I_busy_fleet,380,203,7637,2044,5390,1961,116,11,72,1,9,25,115,42
20260808,I_busy_fleet,381,206,7655,2047,5402,1965,114,7,75,4,9,25,115,42
20260808,I_busy_fleet,382,207,7673,2050,5416,1971,115,6,73,6,9,24,115,42
20260808,I_busy_fleet,383,209,7693,2058,5426,1975,115,11,72,2,9,26,115,42
20260808,I_busy_fleet,384,211,7711,2065,5435,1982,117,15,68,0,9,25,115,42
20260808,I_busy_fleet,385,203,7730,2074,5453,1987,111,16,71,2,9,26,131,43
20260808,I_busy_fleet,386,197,7752,2078,5477,1994,113,13,71,3,9,28,131,43
20260808,I_busy_fleet,387,199,7769,2080,5490,1996,112,6,78,4,9,28,131,43
20260808,I_busy_fleet,388,202,7794,2085,5507,2000,110,7,78,5,9,31,131,43
20260808,I_busy_fleet,389,197,7809,2094,5518,2009,108,14,71,7,9,30,131,43
20260808,I_busy_fleet,390,187,7834,2108,5539,2011,94,23,74,9,11,26,121,40
20260808,I_busy_fleet,391,191,7856,2116,5549,2016,93,22,78,7,16,23,121,40
20260808,I_busy_fleet,392,182,7876,2127,5567,2020,90,19,88,3,18,21,121,40
20260808,I_busy_fleet,393,185,7895,2131,5579,2025,93,15,91,1,18,19,121,40
20260808,I_busy_fleet,394,186,7914,2134,5594,2031,92,7,96,5,18,18,121,40
20260808,I_busy_fleet,395,187,7939,2140,5612,2035,90,9,96,5,18,15,131,43
20260808,I_busy_fleet,396,187,7963,2151,5625,2042,88,17,92,3,18,15,131,43
20260808,I_busy_fleet,397,186,7978,2157,5635,2049,89,17,91,3,18,16,131,43
20260808,I_busy_fleet,398,181,7999,2164,5654,2051,86,13,100,1,18,20,131,43
20260808,I_busy_fleet,399,179,8014,2166,5669,2055,88,9,102,1,16,22,131,43
20260808,I_busy_fleet,400,178,8037,2170,5689,2065,93,6,99,2,13,24,131,43
20260808,I_busy_fleet,401,179,8056,2176,5701,2075,96,10,91,3,9,26,131,43
20260808,I_busy_fleet,402,194,8080,2184,5702,2080,94,14,90,2,9,28,131,43
20260808,I_busy_fleet,403,195,8103,2191,5717,2086,94,15,90,1,9,29,131,43
20260808,I_busy_fleet,404,199,8124,2194,5731,2093,97,10,91,2,9,31,131,43
20260808,I_busy_fleet,405,199,8144,2200,5745,2098,95,9,93,3,9,30,131,43
20260808,I_busy_fleet,406,196,8163,2207,5760,2106,96,13,88,3,9,28,131,43
20260808,I_busy_fleet,407,192,8181,2213,5776,2115,101,13,85,1,9,28,131,43
20260808,I_busy_fleet,408,195,8203,2216,5792,2122,105,9,85,1,9,27,131,43
20260808,I_busy_fleet,409,194,8219,2223,5802,2131,104,10,82,4,9,28,131,43
20260808,I_busy_fleet,410,189,8234,2228,5817,2137,106,12,79,3,9,26,131,43
20260808,I_busy_fleet,411,193,8257,2235,5829,2140,103,12,83,2,9,28,131,43
20260808,I_busy_fleet,412,192,8277,2238,5847,2151,110,10,77,3,9,27,131,43
20260808,I_busy_fleet,413,192,8297,2246,5859,2154,107,11,81,1,9,28,131,43
20260808,I_busy_fleet,414,191,8317,2249,5877,2159,110,11,79,0,9,28,131,43
20260808,I_busy_fleet,415,196,8340,2250,5894,2167,113,4,79,4,9,28,131,43
20260808,I_busy_fleet,416,194,8356,2251,5911,2170,114,2,79,5,9,26,131,43
20260808,I_busy_fleet,417,194,8376,2259,5923,2177,117,9,73,1,9,29,131,43
20260808,I_busy_fleet,418,198,8400,2265,5937,2183,118,14,68,0,9,29,131,43
20260808,I_busy_fleet,419,199,8420,2269,5952,2186,116,10,73,1,9,30,131,43
20260808,I_busy_fleet,420,192,8441,2277,5972,2189,105,12,76,7,13,27,131,43
20260808,I_busy_fleet,421,191,8458,2286,5981,2198,106,17,71,6,16,25,131,43
20260808,I_busy_fleet,422,200,8483,2293,5990,2201,107,16,76,1,18,24,131,43
20260808,I_busy_fleet,423,194,8498,2296,6008,2207,108,10,79,3,18,22,131,43
20260808,I_busy_fleet,424,194,8514,2297,6023,2212,112,4,81,3,18,19,131,43
20260808,I_busy_fleet,425,185,8529,2305,6039,2219,111,9,77,3,18,18,131,43
20260808,I_busy_fleet,426,184,8549,2311,6054,2228,114,14,69,3,18,14,131,43
20260808,I_busy_fleet,427,177,8568,2319,6072,2234,114,14,71,1,18,16,131,43
20260808,I_busy_fleet,428,178,8588,2325,6085,2239,114,14,72,0,18,19,131,43
20260808,I_busy_fleet,429,175,8605,2330,6100,2243,111,11,76,2,17,21,131,43
20260808,I_busy_fleet,430,166,8620,2334,6120,2249,112,9,76,3,13,21,131,43
20260808,I_busy_fleet,431,163,8637,2338,6136,2253,114,8,77,1,9,22,131,43
20260808,I_busy_fleet,432,178,8658,2342,6138,2255,112,8,79,1,9,25,131,43
20260808,I_busy_fleet,433,181,8675,2346,6148,2258,109,8,80,3,9,28,131,43
20260808,I_busy_fleet,434,172,8694,2351,6171,2263,110,9,79,2,9,28,131,43
20260808,I_busy_fleet,435,173,8715,2360,6182,2269,109,14,77,0,9,26,131,43
20260808,I_busy_fleet,436,170,8730,2363,6197,2274,111,12,77,0,9,26,131,43
20260808,I_busy_fleet,437,177,8752,2368,6207,2282,113,8,78,1,9,26,131,43
20260808,I_busy_fleet,438,182,8777,2374,6221,2288,113,11,75,1,9,28,131,43
20260808,I_busy_fleet,439,188,8802,2383,6231,2295,112,15,73,0,9,28,131,43
20260808,I_busy_fleet,440,193,8826,2386,6247,2302,116,12,72,0,9,30,131,43
20260808,I_busy_fleet,441,195,8845,2390,6260,2307,117,7,76,0,9,31,131,43
20260808,I_busy_fleet,442,202,8869,2395,6272,2315,120,9,71,0,9,32,131,43
20260808,I_busy_fleet,443,205,8893,2402,6286,2318,115,12,72,1,9,34,131,43
20260808,I_busy_fleet,444,209,8918,2405,6304,2323,116,10,72,2,9,37,131,43
20260808,I_busy_fleet,445,204,8934,2411,6319,2326,113,9,76,2,9,33,121,40
20260808,I_busy_fleet,446,209,8955,2413,6333,2332,117,8,73,2,9,32,121,40
20260808,I_busy_fleet,447,219,8980,2417,6344,2336,116,6,75,3,9,32,121,40
20260808,I_busy_fleet,448,216,8995,2423,6356,2343,117,10,70,3,9,35,121,40
20260808,I_busy_fleet,449,216,9013,2426,6371,2348,121,9,69,1,9,36,121,40
20260808,I_busy_fleet,450,209,9032,2435,6388,2353,117,12,70,1,12,32,131,43
20260808,I_busy_fleet,451,203,9048,2440,6405,2362,119,14,64,3,17,29,131,43
20260808,I_busy_fleet,452,201,9070,2444,6425,2365,118,9,70,3,18,24,131,43
20260808,I_busy_fleet,453,198,9095,2456,6441,2370,112,16,70,2,18,21,131,43
20260808,I_busy_fleet,454,197,9115,2458,6460,2378,119,14,66,1,18,19,131,43
20260808,I_busy_fleet,455,191,9130,2461,6478,2384,121,5,72,2,18,16,131,43
20260808,I_busy_fleet,456,189,9153,2466,6498,2387,116,8,71,5,18,14,131,43
20260808,I_busy_fleet,457,195,9174,2472,6507,2392,117,11,69,3,18,17,131,43
20260808,I_busy_fleet,458,190,9189,2476,6523,2394,117,10,72,1,18,19,131,43
20260808,I_busy_fleet,459,182,9210,2484,6544,2399,111,12,73,4,15,21,131,43
20260808,I_busy_fleet,460,181,9225,2487,6557,2402,111,11,74,4,14,22,131,43
20260808,I_busy_fleet,461,178,9241,2493,6570,2406,112,9,78,1,9,23,131,43
20260808,I_busy_fleet,462,185,9257,2496,6576,2409,113,9,78,0,9,24,131,43
20260808,I_busy_fleet,463,191,9279,2498,6590,2416,117,5,77,1,9,26,131,43
20260808,I_busy_fleet,464,186,9295,2500,6609,2422,121,4,74,1,9,26,131,43
20260808,I_busy_fleet,465,188,9315,2504,6623,2428,124,6,70,0,9,25,131,43
20260808,I_busy_fleet,466,185,9333,2506,6642,2433,126,6,67,1,9,26,131,43
20260808,I_busy_fleet,467,194,9358,2510,6654,2437,126,6,67,1,9,30,131,43
20260808,I_busy_fleet,468,193,9377,2513,6671,2440,127,7,66,0,9,26,131,43
20260808,I_busy_fleet,469,189,9396,2518,6689,2443,123,8,67,2,9,25,131,43
20260808,I_busy_fleet,470,189,9412,2521,6702,2452,127,8,61,4,9,27,131,43
20260808,I_busy_fleet,471,188,9428,2526,6714,2455,126,8,63,3,9,29,131,43
20260808,I_busy_fleet,472,190,9450,2535,6725,2461,123,14,60,3,9,32,131,43
20260808,I_busy_fleet,473,195,9473,2541,6737,2470,123,15,56,6,9,32,131,43
20260808,I_busy_fleet,474,199,9492,2545,6748,2476,124,10,59,7,9,32,131,43
20260808,I_busy_fleet,475,195,9515,2555,6765,2484,123,14,57,6,9,30,131,43
20260808,I_busy_fleet,476,192,9530,2563,6775,2486,118,18,59,5,9,28,131,43
20260808,I_busy_fleet,477,192,9550,2570,6788,2491,117,15,64,4,9,28,131,43
20260808,I_busy_fleet,478,194,9570,2574,6802,2494,113,11,69,7,9,27,131,43
20260808,I_busy_fleet,479,189,9588,2578,6821,2495,110,8,75,7,9,25,131,43
20260808,I_busy_fleet,480,183,9609,2591,6835,2500,102,17,74,7,13,23,131,43
20260808,I_busy_fleet,481,183,9625,2595,6847,2503,102,17,75,6,15,21,131,43
20260808,I_busy_fleet,482,190,9650,2604,6856,2507,101,13,84,2,18,21,131,43
20260808,I_busy_fleet,483,192,9667,2609,6866,2510,100,14,85,1,18,20,131,43
20260808,I_busy_fleet,484,194,9690,2614,6882,2514,100,10,90,0,18,17,131,43
20260808,I_busy_fleet,485,194,9710,2617,6899,2518,101,8,91,0,18,15,131,43
20260808,I_busy_fleet,486,195,9730,2620,6915,2518,98,6,96,0,18,17,131,43
20260808,I_busy_fleet,487,195,9751,2625,6931,2531,105,8,86,1,18,22,131,43
20260808,I_busy_fleet,488,202,9772,2628,6942,2537,108,8,83,1,18,23,131,43
20260808,I_busy_fleet,489,195,9789,2634,6960,2545,109,9,80,2,17,23,131,43
20260808,I_busy_fleet,490,199,9810,2635,6976,2551,113,7,77,3,14,26,126,43
20260808,I_busy_fleet,491,194,9825,2641,6990,2558,114,7,76,3,9,29,126,43
20260808,I_busy_fleet,492,201,9841,2644,6996,2563,117,9,72,2,9,30,126,43
20260808,I_busy_fleet,493,201,9860,2651,7008,2569,118,10,72,0,9,33,126,43
20260808,I_busy_fleet,494,191,9875,2656,7028,2577,119,12,67,2,9,31,126,43
20260808,I_busy_fleet,495,190,9891,2660,7041,2585,122,9,66,3,9,30,131,43
20260808,I_busy_fleet,496,192,9913,2663,7058,2592,126,7,64,3,9,28,131,43
20260808,I_busy_fleet,497,194,9938,2670,7074,2601,128,10,59,3,9,25,131,43
20260808,I_busy_fleet,498,186,9953,2678,7089,2606,126,15,57,2,9,24,131,43
20260808,I_busy_fleet,499,186,9977,2684,7107,2611,126,14,59,1,9,26,131,43
20260808,I_busy_fleet,500,189,10002,2689,7124,2617,127,11,61,1,9,25,131,43
20260808,I_busy_fleet,501,196,10026,2692,7138,2620,127,8,64,1,9,25,131,43
20260808,I_busy_fleet,502,190,10043,2697,7156,2625,128,8,64,0,9,27,131,43
20260808,I_busy_fleet,503,196,10066,2701,7169,2629,128,9,63,0,9,29,131,43
20260808,I_busy_fleet,504,201,10090,2706,7183,2633,127,9,64,0,9,31,131,43
20260808,I_busy_fleet,505,205,10108,2706,7197,2636,130,5,65,0,9,31,131,43
20260808,I_busy_fleet,506,206,10125,2712,7207,2636,124,6,70,0,9,31,131,43
20260808,I_busy_fleet,507,211,10147,2716,7220,2640,123,10,66,1,9,32,131,43
20260808,I_busy_fleet,508,210,10172,2722,7240,2644,119,10,68,3,9,36,131,43
20260808,I_busy_fleet,509,204,10193,2729,7260,2646,114,13,70,3,9,34,131,43
20260808,I_busy_fleet,510,202,10214,2745,7267,2651,104,23,71,2,10,32,131,43
20260808,I_busy_fleet,511,205,10237,2748,7284,2658,104,19,71,6,18,28,131,43
20260808,I_busy_fleet,512,200,10259,2754,7305,2661,102,9,84,5,18,26,131,43
20260808,I_busy_fleet,513,188,10277,2762,7327,2665,103,14,83,0,18,24,131,43
20260808,I_busy_fleet,514,193,10299,2765,7341,2669,104,11,85,0,18,22,131,43
20260808,I_busy_fleet,515,189,10318,2769,7360,2679,108,7,83,2,18,20,131,43
20260808,I_busy_fleet,516,188,10341,2774,7379,2682,105,9,83,3,18,17,131,43
20260808,I_busy_fleet,517,187,10362,2779,7396,2687,104,10,82,4,17,17,131,43
20260808,I_busy_fleet,518,196,10385,2784,7405,2691,104,10,83,3,17,19,131,43
20260808,I_busy_fleet,519,195,10405,2788,7422,2696,107,9,83,1,17,21,131,43
20260808,I_busy_fleet,520,193,10427,2792,7442,2700,107,8,84,1,14,22,101,38
20260808,I_busy_fleet,521,199,10452,2796,7457,2702,104,8,86,2,9,24,101,38
20260808,I_busy_fleet,522,220,10477,2800,7457,2711,106,8,81,5,9,27,101,38
20260808,I_busy_fleet,523,217,10499,2810,7472,2717,102,14,79,5,9,27,101,38
20260808,I_busy_fleet,524,218,10518,2814,7486,2722,104,14,78,4,9,27,101,38
20260808,I_busy_fleet,525,220,10538,2819,7499,2732,109,9,78,4,9,28,126,43
20260808,I_busy_fleet,526,213,10553,2825,7515,2736,109,11,78,2,9,28,126,43
20260808,I_busy_fleet,527,217,10576,2831,7528,2742,110,12,77,1,9,32,126,43
20260808,I_busy_fleet,528,214,10594,2835,7545,2752,114,10,73,3,9,31,126,43
20260808,I_busy_fleet,529,212,10618,2844,7562,2758,111,13,73,3,9,27,126,43
20260808,I_busy_fleet,530,210,10641,2853,7578,2766,111,18,69,2,9,30,131,43
20260808,I_busy_fleet,531,207,10658,2857,7594,2772,111,13,72,4,9,31,131,43
20260808,I_busy_fleet,532,210,10681,2860,7611,2777,113,7,76,4,9,30,131,43
20260808,I_busy_fleet,533,204,10699,2865,7630,2780,113,8,77,2,9,29,131,43
20260808,I_busy_fleet,534,209,10723,2868,7646,2782,113,8,78,1,9,30,131,43
20260808,I_busy_fleet,535,209,10741,2872,7660,2786,113,7,79,1,9,30,131,43
20260808,I_busy_fleet,536,208,10761,2875,7678,2790,114,7,78,1,9,30,131,43
20260808,I_busy_fleet,537,205,10780,2881,7694,2797,115,9,75,1,9,30,131,43
20260808,I_busy_fleet,538,207,10795,2881,7707,2802,119,6,73,2,9,30,131,43
20260808,I_busy_fleet,539,208,10820,2887,7725,2808,119,6,73,2,9,31,131,43
20260808,I_busy_fleet,540,204,10837,2898,7735,2812,109,17,69,5,12,28,131,43
20260808,I_busy_fleet,541,203,10858,2904,7751,2817,109,17,70,4,17,26,131,43
20260808,I_busy_fleet,542,193,10874,2912,7769,2826,112,14,72,2,18,23,131,43
20260808,I_busy_fleet,543,195,10891,2913,7783,2829,111,9,75,5,18,21,131,43
20260808,I_busy_fleet,544,186,10908,2920,7802,2839,113,8,73,6,18,18,131,43
20260808,I_busy_fleet,545,192,10932,2927,7813,2843,111,14,70,5,18,17,131,43
20260808,I_busy_fleet,546,184,10953,2934,7835,2848,109,14,72,5,18,15,131,43
20260808,I_busy_fleet,547,183,10970,2939,7848,2851,108,12,76,4,18,17,131,43
20260808,I_busy_fleet,548,179,10987,2947,7861,2856,108,13,78,1,18,19,131,43
20260808,I_busy_fleet,549,184,11011,2950,7877,2860,109,11,79,1,18,21,131,43
20260808,I_busy_fleet,550,187,11036,2959,7890,2870,107,12,77,4,15,23,126,43
20260808,I_busy_fleet,551,183,11053,2963,7907,2875,109,13,75,3,9,25,126,43
20260808,I_busy_fleet,552,202,11078,2969,7907,2881,110,10,78,2,9,27,126,43
20260808,I_busy_fleet,553,203,11097,2977,7917,2886,105,14,77,4,9,26,126,43
20260808,I_busy_fleet,554,212,11122,2982,7928,2892,108,13,77,2,9,27,126,43
20260808,I_busy_fleet,555,212,11140,2988,7940,2897,108,11,80,1,9,28,131,43
20260808,I_busy_fleet,556,215,11161,2992,7954,2900,104,10,82,4,9,29,131,43
20260808,I_busy_fleet,557,211,11180,2996,7973,2904,105,8,84,3,9,28,131,43
20260808,I_busy_fleet,558,213,11203,3002,7988,2909,106,10,83,1,9,29,131,43
20260808,I_busy_fleet,559,209,11218,3006,8003,2916,109,10,80,1,9,26,131,43
20260808,I_busy_fleet,560,215,11242,3012,8015,2922,107,10,80,3,9,28,131,43
20260808,I_busy_fleet,561,214,11266,3016,8036,2930,108,10,76,6,9,28,131,43
20260808,I_busy_fleet,562,208,11283,3024,8051,2937,110,12,75,3,9,28,131,43
20260808,I_busy_fleet,563,209,11301,3029,8063,2941,109,13,75,3,9,27,131,43
20260808,I_busy_fleet,564,199,11319,3035,8085,2949,107,11,75,7,9,27,131,43
20260808,I_busy_fleet,565,205,11343,3041,8097,2957,111,12,72,5,9,29,131,43
20260808,I_busy_fleet,566,204,11368,3049,8115,2963,107,14,72,7,9,27,131,43
20260808,I_busy_fleet,567,205,11386,3055,8126,2968,104,14,73,9,9,29,131,43
20260808,I_busy_fleet,568,208,11409,3064,8137,2973,105,15,76,4,9,26,131,43
20260808,I_busy_fleet,569,205,11425,3071,8149,2977,104,16,78,2,9,26,131,43
20260808,I_busy_fleet,570,204,11447,3077,8166,2982,96,13,82,9,13,23,121,43
20260808,I_busy_fleet,571,209,11469,3082,8178,2986,95,11,85,9,17,22,121,43
20260808,I_busy_fleet,572,197,11486,3096,8193,2994,94,19,83,4,18,18,121,43
20260808,I_busy_fleet,573,183,11501,3104,8214,3000,92,22,82,4,18,16,121,43
20260808,I_busy_fleet,574,187,11519,3107,8225,3003,94,11,93,2,18,14,121,43
20260808,I_busy_fleet,575,180,11535,3114,8241,3011,94,10,93,3,18,14,131,43
20260808,I_busy_fleet,576,178,11552,3120,8254,3017,94,13,90,3,18,16,131,43
20260808,I_busy_fleet,577,175,11571,3124,8272,3022,97,10,92,1,18,18,131,43
20260808,I_busy_fleet,578,166,11586,3127,8293,3027,98,7,93,2,17,20,131,43
20260808,I_busy_fleet,579,169,11607,3132,8306,3032,96,8,92,4,17,21,131,43
20260808,I_busy_fleet,580,169,11630,3136,8325,3038,99,9,89,3,13,22,131,43
20260808,I_busy_fleet,581,177,11653,3140,8336,3043,101,8,89,2,9,24,131,43
20260808,I_busy_fleet,582,192,11676,3146,8338,3045,97,10,91,2,9,26,131,43
20260808,I_busy_fleet,583,189,11695,3152,8354,3052,98,12,88,2,9,25,131,43
20260808,I_busy_fleet,584,188,11710,3155,8367,3056,100,9,90,1,9,28,131,43
20260808,I_busy_fleet,585,191,11731,3163,8377,3065,102,11,87,0,9,27,131,43
20260808,I_busy_fleet,586,188,11748,3168,8392,3072,104,13,83,0,9,29,131,43
20260808,I_busy_fleet,587,192,11766,3172,8402,3078,105,9,85,1,9,31,131,43
20260808,I_busy_fleet,588,199,11791,3176,8416,3081,103,8,87,2,9,34,131,43
20260808,I_busy_fleet,589,199,11811,3179,8433,3089,108,7,83,2,9,35,131,43
20260808,I_busy_fleet,590,209,11834,3181,8444,3096,112,5,80,3,9,34,131,43
20260808,I_busy_fleet,591,214,11859,3187,8458,3105,115,8,74,3,9,33,131,43
20260808,I_busy_fleet,592,210,11882,3196,8476,3109,110,15,72,3,9,30,131,43
20260808,I_busy_fleet,593,205,11903,3201,8497,3115,112,14,72,2,9,29,131,43
20260808,I_busy_fleet,594,206,11927,3209,8512,3121,112,13,75,0,9,27,131,43
20260808,I_busy_fleet,595,206,11945,3210,8529,3125,115,9,76,0,9,27,131,43
20260808,I_busy_fleet,596,218,11970,3212,8540,3128,116,3,81,0,9,28,131,43
20260808,I_busy_fleet,597,226,11995,3213,8556,3133,120,3,77,0,9,28,131,43
20260808,I_busy_fleet,598,234,12018,3218,8566,3139,121,6,73,0,9,28,131,43
20260808,I_busy_fleet,599,234,12039,3226,8579,3147,118,13,66,3,9,28,131,43
20260808,I_busy_fleet,600,230,12063,3235,8598,3147,104,17,71,8,14,27,121,40
20260808,J_short_timeout,1,16,20,4,0,0,95,4,0,1,4,4,131,43
20260808,J_short_timeout,2,31,38,7,0,0,90,7,0,3,8,8,131,43
20260808,J_short_timeout,3,42,51,9,0,0,88,5,4,3,8,8,131,43
20260808,J_short_timeout,4,57,71,14,0,0,83,7,7,3,9,9,131,43
20260808,J_short_timeout,5,68,87,19,0,0,78,10,9,3,9,9,131,43
20260808,J_short_timeout,6,74,106,23,9,0,75,9,14,2,9,13,131,43
20260808,J_short_timeout,7,73,126,28,25,0,71,9,19,1,9,11,131,43
20260808,J_short_timeout,8,78,145,32,35,0,68,9,23,0,9,13,131,43
20260808,J_short_timeout,9,80,165,34,51,0,65,6,28,1,9,12,131,43
20260808,J_short_timeout,10,80,179,37,62,0,61,5,32,2,9,12,131,43
20260808,J_short_timeout,11,76,193,39,78,0,60,5,34,1,9,13,131,43
20260808,J_short_timeout,12,69,209,45,95,0,55,8,37,0,9,12,131,43
20260808,J_short_timeout,13,71,228,47,110,0,53,8,39,0,9,12,131,43
20260808,J_short_timeout,14,67,242,47,128,1,54,2,44,0,9,10,131,43
20260808,J_short_timeout,15,67,254,48,139,2,53,1,45,1,9,10,131,43
20260808,J_short_timeout,16,67,267,48,152,4,54,1,43,2,9,10,131,43
20260808,J_short_timeout,17,72,285,51,162,6,54,3,42,1,9,12,131,43
20260808,J_short_timeout,18,69,303,55,179,9,54,7,39,0,9,10,131,43
20260808,J_short_timeout,19,74,323,56,193,12,56,5,39,0,9,11,131,43
20260808,J_short_timeout,20,80,342,58,204,15,57,3,40,0,9,11,121,40
20260808,J_short_timeout,21,81,361,63,217,17,54,7,39,0,9,12,121,40
20260808,J_short_timeout,22,81,378,64,233,20,56,6,38,0,9,12,121,40
20260808,J_short_timeout,23,81,393,65,247,26,61,2,37,0,9,11,121,40
20260808,J_short_timeout,24,78,411,68,265,29,60,4,35,1,9,9,121,40
20260808,J_short_timeout,25,72,423,71,280,32,60,6,33,1,9,10,126,43
20260808,J_short_timeout,26,71,442,77,294,38,61,9,30,0,8,9,126,43
20260808,J_short_timeout,27,67,456,79,310,41,62,8,30,0,8,10,126,43
20260808,J_short_timeout,28,71,475,80,324,42,61,3,35,1,9,8,126,43
20260808,J_short_timeout,29,65,487,82,340,46,62,3,33,2,9,10,126,43
20260808,J_short_timeout,30,69,505,87,349,47,58,7,33,2,14,9,131,43
20260808,J_short_timeout,31,70,522,90,362,49,57,8,33,2,17,7,131,43
20260808,J_short_timeout,32,72,540,94,374,51,56,7,36,1,15,6,131,43
20260808,J_short_timeout,33,68,557,98,391,53,55,8,37,0,12,8,131,43
20260808,J_short_timeout,34,71,572,100,401,54,54,6,40,0,9,11,131,43
20260808,J_short_timeout,35,72,585,101,412,55,54,3,43,0,9,10,131,43
20260808,J_short_timeout,36,71,603,104,428,58,54,4,42,0,9,10,131,43
20260808,J_short_timeout,37,74,623,105,444,62,56,4,39,1,9,14,131,43
20260808,J_short_timeout,38,72,638,107,459,62,53,3,42,2,9,14,131,43
20260808,J_short_timeout,39,76,654,108,470,65,56,3,40,1,9,16,131,43
20260808,J_short_timeout,40,77,670,112,481,68,56,5,39,0,9,13,131,43
20260808,J_short_timeout,41,78,687,113,496,71,58,5,37,0,9,11,131,43
20260808,J_short_timeout,42,77,706,115,514,75,60,3,37,0,9,11,131,43
20260808,J_short_timeout,43,77,721,117,527,79,62,4,34,0,9,11,131,43
20260808,J_short_timeout,44,73,735,119,543,82,63,4,33,0,9,11,131,43
20260808,J_short_timeout,45,73,751,122,556,83,60,5,34,1,9,12,131,43
20260808,J_short_timeout,46,70,766,123,573,86,61,4,33,2,9,13,131,43
20260808,J_short_timeout,47,70,785,126,589,90,62,4,32,2,9,11,131,43
20260808,J_short_timeout,48,73,800,127,600,93,64,4,30,2,9,12,131,43
20260808,J_short_timeout,49,72,814,130,612,96,65,4,30,1,9,11,131,43
20260808,J_short_timeout,50,76,831,131,624,98,67,4,29,0,9,11,126,43
20260808,J_short_timeout,51,81,850,131,638,99,68,1,31,0,9,11,126,43
20260808,J_short_timeout,52,77,865,132,656,102,70,1,29,0,9,15,126,43
20260808,J_short_timeout,53,76,882,135,671,104,69,4,27,0,9,11,126,43
20260808,J_short_timeout,54,80,901,138,683,107,69,6,25,0,9,12,126,43
20260808,J_short_timeout,55,78,918,140,700,110,69,5,25,1,9,12,131,43
20260808,J_short_timeout,56,70,931,142,719,111,68,4,27,1,9,10,131,43
20260808,J_short_timeout,57,66,944,146,732,112,66,6,28,0,9,10,131,43
20260808,J_short_timeout,58,64,959,149,746,116,67,7,26,0,9,10,131,43
20260808,J_short_timeout,59,63,974,150,761,118,68,4,28,0,9,11,131,43
20260808,J_short_timeout,60,59,991,155,777,119,61,6,30,3,13,9,131,43
20260808,J_short_timeout,61,63,1008,157,788,123,63,7,27,3,16,8,131,43
20260808,J_short_timeout,62,69,1027,162,796,124,62,7,31,0,15,9,131,43
20260808,J_short_timeout,63,70,1040,163,807,125,61,6,32,1,13,11,131,43
20260808,J_short_timeout,64,70,1057,166,821,126,59,4,36,1,9,13,131,43
20260808,J_short_timeout,65,77,1077,168,832,128,60,5,35,0,9,12,131,43
20260808,J_short_timeout,66,70,1089,171,848,131,60,5,35,0,9,11,131,43
20260808,J_short_timeout,67,68,1106,173,865,134,61,5,34,0,9,10,131,43
20260808,J_short_timeout,68,72,1123,175,876,137,62,4,34,0,9,12,131,43
20260808,J_short_timeout,69,72,1138,176,890,137,61,3,36,0,9,12,131,43
20260808,J_short_timeout,70,66,1151,177,908,139,62,2,36,0,9,10,131,43
20260808,J_short_timeout,71,73,1170,179,918,143,64,3,33,0,9,13,131,43
20260808,J_short_timeout,72,71,1182,180,931,143,63,3,34,0,9,14,131,43
20260808,J_short_timeout,73,68,1198,183,947,143,59,4,36,1,9,13,131,43
20260808,J_short_timeout,74,65,1213,186,962,148,60,6,32,2,9,13,131,43
20260808,J_short_timeout,75,72,1233,189,972,153,63,6,30,1,9,11,131,43
20260808,J_short_timeout,76,64,1246,194,988,157,61,8,29,2,8,12,131,43
20260808,J_short_timeout,77,69,1265,197,999,159,59,8,30,3,9,10,131,43
20260808,J_short_timeout,78,72,1281,199,1010,161,61,5,33,1,9,12,131,43
20260808,J_short_timeout,79,72,1295,202,1021,162,59,5,35,1,9,13,131,43
20260808,J_short_timeout,80,71,1315,206,1038,164,56,7,35,2,9,14,131,43
20260808,J_short_timeout,81,78,1333,207,1048,166,58,5,36,1,9,13,131,43
20260808,J_short_timeout,82,74,1345,208,1063,166,58,2,40,0,9,13,131,43
20260808,J_short_timeout,83,77,1365,210,1078,168,58,3,39,0,9,15,131,43
20260808,J_short_timeout,84,82,1385,213,1090,171,58,5,37,0,9,12,131,43
20260808,J_short_timeout,85,81,1403,215,1107,171,56,5,39,0,9,12,131,43
20260808,J_short_timeout,86,79,1421,217,1125,175,58,4,38,0,9,12,131,43
20260808,J_short_timeout,87,88,1441,218,1135,177,59,3,38,0,9,13,131,43
20260808,J_short_timeout,88,88,1460,218,1154,181,63,1,36,0,9,12,131,43
20260808,J_short_timeout,89,82,1472,219,1171,182,62,1,36,1,9,13,131,43
20260808,J_short_timeout,90,79,1487,220,1188,182,61,2,36,1,10,11,131,43
20260808,J_short_timeout,91,80,1507,225,1202,185,59,6,34,1,15,9,131,43
20260808,J_short_timeout,92,73,1520,226,1221,187,60,6,33,1,16,7,131,43
20260808,J_short_timeout,93,69,1538,229,1240,191,61,4,34,1,10,8,131,43
20260808,J_short_timeout,94,78,1558,230,1250,191,60,4,35,1,9,11,131,43
20260808,J_short_timeout,95,80,1576,233,1263,197,64,4,32,0,9,11,131,43
20260808,J_short_timeout,96,78,1590,233,1279,201,67,3,29,1,9,10,131,43
20260808,J_short_timeout,97,77,1605,238,1290,204,65,5,29,1,9,11,131,43
20260808,J_short_timeout,98,72,1617,239,1306,209,70,6,24,0,9,10,131,43
20260808,J_short_timeout,99,67,1631,240,1324,212,71,2,26,1,9,9,131,43
20260808,J_short_timeout,100,67,1649,242,1340,212,69,3,27,1,9,9,121,40
20260808,J_short_timeout,101,68,1664,244,1352,214,70,4,26,0,9,10,121,40
20260808,J_short_timeout,102,65,1677,248,1364,216,68,6,26,0,9,11,121,40
20260808,J_short_timeout,103,68,1693,249,1376,217,68,5,27,0,9,12,121,40
20260808,J_short_timeout,104,75,1712,249,1388,218,68,1,30,1,9,16,121,40
20260808,J_short_timeout,105,72,1728,252,1404,221,68,3,28,1,9,17,131,43
20260808,J_short_timeout,106,76,1748,254,1418,223,69,5,26,0,8,19,131,43
20260808,J_short_timeout,107,77,1761,256,1428,224,68,4,28,0,8,16,131,43
20260808,J_short_timeout,108,78,1781,261,1442,228,67,7,26,0,9,14,131,43
20260808,J_short_timeout,109,76,1800,264,1460,230,66,8,26,0,9,14,131,43
20260808,J_short_timeout,110,78,1817,267,1472,232,65,6,29,0,9,13,131,43
20260808,J_short_timeout,111,75,1836,270,1491,234,64,6,30,0,9,10,131,43
20260808,J_short_timeout,112,78,1853,272,1503,235,63,5,32,0,9,11,131,43
20260808,J_short_timeout,113,75,1868,273,1520,236,63,3,34,0,9,12,131,43
20260808,J_short_timeout,114,72,1882,275,1535,238,63,3,34,0,9,12,131,43
20260808,J_short_timeout,115,73,1897,277,1547,238,61,4,35,0,9,11,131,43
20260808,J_short_timeout,116,75,1916,277,1564,240,63,2,35,0,9,9,131,43
20260808,J_short_timeout,117,72,1930,278,1580,244,64,1,33,2,9,9,131,43
20260808,J_short_timeout,118,77,1949,279,1593,247,66,2,30,2,9,10,131,43
20260808,J_short_timeout,119,73,1961,283,1605,248,64,5,30,1,9,9,131,43
20260808,J_short_timeout,120,71,1973,285,1617,248,61,6,31,2,11,8,131,43
20260808,J_short_timeout,121,65,1988,288,1635,250,61,5,33,1,13,7,131,43
20260808,J_short_timeout,122,67,2008,292,1649,254,62,7,31,0,16,5,131,43
20260808,J_short_timeout,123,62,2022,294,1666,260,66,6,28,0,12,7,131,43
20260808,J_short_timeout,124,65,2036,295,1676,263,67,3,29,1,9,9,131,43
20260808,J_short_timeout,125,73,2055,297,1685,264,66,3,30,1,9,13,121,40
20260808,J_short_timeout,126,73,2070,301,1696,266,65,6,29,0,9,13,121,40
20260808,J_short_timeout,127,74,2090,304,1712,269,65,7,28,0,9,12,121,40
20260808,J_short_timeout,128,75,2104,304,1725,273,68,3,28,1,9,12,121,40
20260808,J_short_timeout,129,70,2116,308,1738,275,65,4,29,2,9,11,121,40
20260808,J_short_timeout,130,66,2132,310,1756,277,66,6,27,1,9,10,131,43
20260808,J_short_timeout,131,71,2152,315,1766,277,60,7,31,2,9,11,131,43
20260808,J_short_timeout,132,66,2166,316,1784,277,58,6,33,3,9,10,131,43
20260808,J_short_timeout,133,63,2179,320,1796,280,58,5,35,2,9,12,131,43
20260808,J_short_timeout,134,74,2198,321,1803,283,60,5,33,2,9,12,131,43
20260808,J_short_timeout,135,71,2211,324,1816,287,61,4,33,2,9,14,131,43
20260808,J_short_timeout,136,69,2227,327,1831,290,62,6,31,1,9,14,131,43
20260808,J_short_timeout,137,73,2245,329,1843,291,62,5,33,0,9,13,131,43
20260808,J_short_timeout,138,78,2265,332,1855,292,60,5,35,0,9,10,131,43
20260808,J_short_timeout,139,72,2279,334,1873,294,59,5,35,1,9,10,131,43
20260808,J_short_timeout,140,71,2293,337,1885,297,58,5,35,2,9,10,131,43
20260808,J_short_timeout,141,71,2306,338,1897,298,59,4,36,1,9,8,131,43
20260808,J_short_timeout,142,70,2323,340,1913,299,58,3,38,1,9,11,131,43
20260808,J_short_timeout,143,70,2342,342,1930,302,58,4,36,2,9,12,131,43
20260808,J_short_timeout,144,66,2354,345,1943,304,57,5,36,2,9,12,131,43
20260808,J_short_timeout,145,68,2367,347,1952,307,59,5,35,1,9,12,131,43
20260808,J_short_timeout,146,71,2386,351,1964,312,60,6,33,1,9,11,131,43
20260808,J_short_timeout,147,69,2404,355,1980,316,60,8,31,1,9,10,131,43
20260808,J_short_timeout,148,64,2417,358,1995,316,58,7,35,0,9,8,131,43
20260808,J_short_timeout,149,74,2435,358,2003,318,57,3,37,3,9,12,131,43
20260808,J_short_timeout,150,76,2451,359,2016,319,57,1,39,3,14,10,131,43
20260808,J_short_timeout,151,72,2466,364,2030,321,56,6,37,1,17,7,131,43
20260808,J_short_timeout,152,71,2481,366,2044,322,55,7,37,1,17,7,131,43
20260808,J_short_timeout,153,74,2497,369,2054,326,57,5,38,0,13,9,131,43
20260808,J_short_timeout,154,68,2511,371,2072,329,56,5,37,2,9,10,131,43
20260808,J_short_timeout,155,66,2525,372,2087,329,55,3,40,2,9,10,126,43
20260808,J_short_timeout,156,67,2539,374,2098,330,55,3,41,1,9,10,126,43
20260808,J_short_timeout,157,63,2551,377,2111,334,55,5,38,2,9,9,126,43
20260808,J_short_timeout,158,65,2568,379,2124,338,57,5,36,2,9,9,126,43
20260808,J_short_timeout,159,67,2583,380,2136,340,57,3,37,3,9,9,126,43
20260808,J_short_timeout,160,69,2601,384,2148,344,57,5,35,3,9,12,131,43
20260808,J_short_timeout,161,65,2613,388,2160,345,54,8,35,3,9,11,131,43
20260808,J_short_timeout,162,74,2632,390,2168,348,56,6,36,2,9,15,131,43
20260808,J_short_timeout,163,74,2650,394,2182,352,58,6,36,0,9,13,131,43
20260808,J_short_timeout,164,76,2669,397,2196,354,57,7,36,0,9,15,131,43
20260808,J_short_timeout,165,81,2689,397,2211,356,59,3,38,0,9,12,131,43
20260808,J_short_timeout,166,90,2709,399,2220,358,58,2,39,1,9,14,131,43
20260808,J_short_timeout,167,86,2724,401,2237,360,58,4,37,1,8,11,131,43
20260808,J_short_timeout,168,81,2743,408,2254,365,57,9,34,0,9,12,131,43
20260808,J_short_timeout,169,78,2759,411,2270,367,55,10,34,1,9,11,131,43
20260808,J_short_timeout,170,73,2774,411,2290,370,58,3,38,1,9,10,131,43
20260808,J_short_timeout,171,67,2789,416,2306,373,56,5,38,1,9,9,131,43
20260808,J_short_timeout,172,61,2801,420,2320,375,54,9,36,1,9,9,131,43
20260808,J_short_timeout,173,64,2819,423,2332,378,54,7,38,1,9,10,131,43
20260808,J_short_timeout,174,63,2832,425,2344,379,53,5,41,1,9,10,131,43
20260808,J_short_timeout,175,58,2844,428,2358,380,51,5,43,1,8,10,131,43
20260808,J_short_timeout,176,60,2860,431,2369,382,49,6,43,2,9,9,131,43
20260808,J_short_timeout,177,67,2878,435,2376,382,43,7,46,4,9,10,131,43
20260808,J_short_timeout,178,63,2895,441,2391,385,40,10,46,4,9,11,131,43
20260808,J_short_timeout,179,63,2908,445,2400,389,42,10,46,2,9,13,131,43
20260808,J_short_timeout,180,70,2925,447,2408,392,43,6,49,2,11,13,121,40
20260808,J_short_timeout,181,68,2938,450,2420,396,45,5,49,1,14,8,121,40
20260808,J_short_timeout,182,62,2951,454,2435,400,43,7,47,3,14,6,121,40
20260808,J_short_timeout,183,62,2964,454,2448,406,48,4,44,4,11,6,121,40
20260808,J_short_timeout,184,64,2980,457,2459,409,51,3,45,1,9,8,121,40
20260808,J_short_timeout,185,66,2999,463,2470,412,49,9,42,0,9,9,131,43
20260808,J_short_timeout,186,67,3013,464,2482,413,49,7,44,0,9,9,131,43
20260808,J_short_timeout,187,70,3026,465,2491,415,50,2,48,0,9,11,131,43
20260808,J_short_timeout,188,74,3044,466,2504,416,50,2,48,0,9,13,131,43
20260808,J_short_timeout,189,72,3057,467,2518,420,52,2,45,1,9,12,131,43
20260808,J_short_timeout,190,68,3071,468,2535,423,54,2,43,1,9,11,131,43
20260808,J_short_timeout,191,72,3089,470,2547,424,54,3,43,0,9,12,131,43
20260808,J_short_timeout,192,74,3103,470,2559,429,59,2,39,0,9,13,131,43
20260808,J_short_timeout,193,70,3119,473,2576,435,62,3,35,0,9,15,131,43
20260808,J_short_timeout,194,74,3136,474,2588,441,67,4,29,0,9,15,131,43
20260808,J_short_timeout,195,72,3149,477,2600,444,67,4,29,0,9,15,131,43
20260808,J_short_timeout,196,67,3162,478,2617,446,68,4,28,0,9,13,131,43
20260808,J_short_timeout,197,72,3182,479,2631,449,70,2,28,0,9,13,131,43
20260808,J_short_timeout,198,74,3199,480,2645,451,70,2,27,1,9,12,131,43
20260808,J_short_timeout,199,75,3217,481,2661,455,73,2,24,1,9,12,131,43
20260808,J_short_timeout,200,81,3236,484,2671,457,72,4,23,1,9,12,131,43
20260808,J_short_timeout,201,76,3250,491,2683,461,69,10,20,1,9,10,131,43
20260808,J_short_timeout,202,74,3268,493,2701,463,70,9,21,0,9,12,131,43
20260808,J_short_timeout,203,74,3286,496,2716,464,66,5,27,2,8,13,131,43
20260808,J_short_timeout,204,76,3305,496,2733,466,67,3,27,3,9,14,131,43
20260808,J_short_timeout,205,75,3321,498,2748,468,69,2,28,1,9,12,131,43
20260808,J_short_timeout,206,78,3334,501,2755,469,67,5,27,1,9,11,131,43
20260808,J_short_timeout,207,75,3353,506,2772,472,65,8,26,1,9,11,131,43
20260808,J_short_timeout,208,78,3371,507,2786,473,66,6,28,0,9,12,131,43
20260808,J_short_timeout,209,70,3383,508,2805,474,65,2,32,1,9,12,131,43
20260808,J_short_timeout,210,70,3400,510,2820,477,63,3,30,4,13,10,131,43
20260808,J_short_timeout,211,77,3419,512,2830,478,60,4,30,6,17,9,131,43
20260808,J_short_timeout,212,72,3435,518,2845,481,59,8,29,4,14,9,131,43
20260808,J_short_timeout,213,64,3447,521,2862,482,59,9,30,2,10,8,131,43
20260808,J_short_timeout,214,70,3466,524,2872,482,57,6,36,1,9,10,131,43
20260808,J_short_timeout,215,80,3486,526,2880,484,58,5,37,0,9,13,131,43
20260808,J_short_timeout,216,72,3498,528,2898,487,59,4,37,0,9,11,131,43
20260808,J_short_timeout,217,71,3513,530,2912,488,57,4,38,1,9,10,131,43
20260808,J_short_timeout,218,75,3530,531,2924,489,57,3,39,1,9,10,131,43
20260808,J_short_timeout,219,72,3546,534,2940,490,56,4,40,0,9,11,131,43
20260808,J_short_timeout,220,67,3559,535,2957,495,60,4,36,0,9,10,131,43
20260808,J_short_timeout,221,71,3573,535,2967,496,61,1,38,0,9,10,131,43
20260808,J_short_timeout,222,70,3588,536,2982,500,63,1,35,1,9,10,131,43
20260808,J_short_timeout,223,65,3600,537,2998,504,65,2,31,2,9,9,131,43
20260808,J_short_timeout,224,63,3612,538,3011,505,66,2,31,1,9,10,131,43
20260808,J_short_timeout,225,64,3627,542,3021,506,63,5,31,1,9,8,131,43
20260808,J_short_timeout,226,68,3645,543,3034,510,66,5,28,1,9,10,131,43
20260808,J_short_timeout,227,68,3662,546,3048,516,69,4,26,1,9,9,131,43
20260808,J_short_timeout,228,74,3682,549,3059,516,66,6,27,1,9,10,131,43
20260808,J_short_timeout,229,72,3695,553,3070,518,65,7,28,0,8,10,131,43
20260808,J_short_timeout,230,67,3707,557,3083,520,63,8,29,0,8,10,131,43
20260808,J_short_timeout,231,71,3727,558,3098,525,67,5,28,0,8,11,131,43
20260808,J_short_timeout,232,69,3742,561,3112,527,66,4,30,0,9,11,131,43
20260808,J_short_timeout,233,63,3754,563,3128,528,65,5,30,0,9,8,131,43
20260808,J_short_timeout,234,64,3768,565,3139,530,65,4,31,0,9,9,131,43
20260808,J_short_timeout,235,69,3787,569,3149,530,60,6,33,1,9,10,111,40
20260808,J_short_timeout,236,64,3801,571,3166,532,60,6,33,1,9,12,111,40
20260808,J_short_timeout,237,66,3817,573,3178,533,60,4,36,0,9,12,111,40
20260808,J_short_timeout,238,67,3829,575,3187,534,59,4,37,0,9,11,111,40
20260808,J_short_timeout,239,70,3844,576,3198,538,62,3,35,0,9,10,111,40
20260808,J_short_timeout,240,69,3863,578,3216,538,56,3,37,4,14,8,131,43
20260808,J_short_timeout,241,71,3883,583,3229,542,55,7,34,4,14,7,131,43
20260808,J_short_timeout,242,70,3901,589,3242,544,54,11,34,1,12,9,131,43
20260808,J_short_timeout,243,71,3913,590,3252,546,53,7,37,3,10,12,131,43
20260808,J_short_timeout,244,74,3932,592,3266,549,55,3,40,2,9,15,131,43
20260808,J_short_timeout,245,74,3946,594,3278,551,57,4,39,0,9,15,131,43
20260808,J_short_timeout,246,78,3966,597,3291,554,57,5,38,0,9,14,131,43
20260808,J_short_timeout,247,75,3981,598,3308,556,57,4,38,1,9,12,131,43
20260808,J_short_timeout,248,76,3996,601,3319,562,60,4,35,1,9,11,131,43
20260808,J_short_timeout,249,76,4016,605,3335,563,58,7,35,0,9,12,131,43
20260808,J_short_timeout,250,75,4029,606,3348,567,60,5,34,1,9,13,131,43
20260808,J_short_timeout,251,70,4042,607,3365,567,58,2,38,2,9,12,131,43
20260808,J_short_timeout,252,65,4054,610,3379,570,59,4,36,1,9,11,131,43
20260808,J_short_timeout,253,64,4067,612,3391,574,61,5,33,1,9,12,131,43
20260808,J_short_timeout,254,65,4086,613,3408,574,59,3,36,2,9,9,131,43
20260808,J_short_timeout,255,68,4103,615,3420,578,62,3,34,1,9,9,122,43
20260808,J_short_timeout,256,72,4121,618,3431,584,66,5,29,0,9,8,122,43
20260808,J_short_timeout,257,78,4141,622,3441,585,61,7,30,2,9,10,122,43
20260808,J_short_timeout,258,78,4154,623,3453,586,61,5,32,2,9,12,122,43
20260808,J_short_timeout,259,77,4171,628,3466,590,59,6,32,3,9,13,122,43
20260808,J_short_timeout,260,77,4186,628,3481,593,62,5,30,3,9,14,131,43
20260808,J_short_timeout,261,71,4198,632,3495,595,63,4,33,0,9,14,131,43
20260808,J_short_timeout,262,73,4217,632,3512,596,64,4,32,0,9,15,131,43
20260808,J_short_timeout,263,75,4235,636,3524,599,62,4,33,1,9,15,131,43
20260808,J_short_timeout,264,69,4249,640,3540,601,60,8,31,1,9,14,131,43
20260808,J_short_timeout,265,68,4267,644,3555,604,60,8,32,0,9,15,131,43
20260808,J_short_timeout,266,70,4279,644,3565,605,61,4,35,0,9,14,131,43
20260808,J_short_timeout,267,61,4292,647,3584,608,60,3,36,1,9,12,131,43
20260808,J_short_timeout,268,65,4310,648,3597,609,60,4,35,1,9,10,131,43
20260808,J_short_timeout,269,75,4330,650,3605,609,59,3,38,0,9,12,131,43
20260808,J_short_timeout,270,67,4344,656,3621,615,55,8,33,4,11,10,131,43
20260808,J_short_timeout,271,75,4364,657,3632,615,53,7,35,5,16,9,131,43
20260808,J_short_timeout,272,76,4381,663,3642,616,52,7,40,1,17,8,131,43
20260808,J_short_timeout,273,74,4399,667,3658,619,51,10,38,1,14,9,131,43
20260808,J_short_timeout,274,67,4413,669,3677,622,52,6,41,1,9,11,131,43
20260808,J_short_timeout,275,78,4431,671,3682,626,54,4,41,1,9,10,131,43
20260808,J_short_timeout,276,77,4450,672,3701,628,54,3,41,2,9,10,131,43
20260808,J_short_timeout,277,75,4464,675,3714,630,53,4,41,2,9,11,131,43
20260808,J_short_timeout,278,77,4480,676,3727,634,57,4,38,1,9,9,131,43
20260808,J_short_timeout,279,78,4494,678,3738,637,59,3,38,0,9,9,131,43
20260808,J_short_timeout,280,70,4506,680,3756,639,59,4,37,0,9,9,131,43
20260808,J_short_timeout,281,73,4526,680,3773,640,60,2,38,0,9,9,131,43
20260808,J_short_timeout,282,70,4538,682,3786,641,58,2,39,1,9,10,131,43
20260808,J_short_timeout,283,69,4554,683,3802,643,57,3,37,3,9,10,131,43
20260808,J_short_timeout,284,70,4569,684,3815,645,59,2,37,2,9,12,131,43
20260808,J_short_timeout,285,75,4585,686,3824,650,64,3,33,0,9,12,121,40
20260808,J_short_timeout,286,67,4597,687,3843,653,66,3,31,0,9,9,121,40
20260808,J_short_timeout,287,69,4611,689,3853,654,65,3,32,0,9,9,121,40
20260808,J_short_timeout,288,67,4624,689,3868,658,69,2,29,0,9,8,121,40
20260808,J_short_timeout,289,64,4636,689,3883,660,71,0,29,0,9,8,121,40
20260808,J_short_timeout,290,64,4653,690,3899,663,73,1,26,0,9,10,126,43
20260808,J_short_timeout,291,70,4671,692,3909,667,75,3,22,0,9,11,126,43
20260808,J_short_timeout,292,70,4684,693,3921,669,75,3,21,1,9,9,126,43
20260808,J_short_timeout,293,72,4699,694,3933,672,74,2,20,4,9,9,126,43
20260808,J_short_timeout,294,71,4711,696,3944,673,74,3,20,3,9,11,126,43
20260808,J_short_timeout,295,68,4727,701,3958,676,75,7,18,0,9,15,131,43
20260808,J_short_timeout,296,66,4742,703,3973,678,75,7,18,0,9,14,131,43
20260808,J_short_timeout,297,67,4756,704,3985,681,76,3,20,1,9,13,131,43
20260808,J_short_timeout,298,65,4769,705,3999,683,76,2,20,2,9,10,131,43
20260808,J_short_timeout,299,68,4786,708,4010,685,75,4,19,2,9,9,131,43
20260808,J_short_timeout,300,67,4801,710,4024,686,74,5,19,2,14,7,131,43
20260808,J_short_timeout,301,71,4817,711,4035,687,74,3,21,2,15,7,131,43
20260808,J_short_timeout,302,74,4833,712,4047,688,74,2,22,2,16,9,131,43
20260808,J_short_timeout,303,75,4849,714,4060,689,73,3,22,2,12,10,131,43
20260808,J_short_timeout,304,76,4869,719,4074,691,71,7,21,1,8,12,131,43
20260808,J_short_timeout,305,75,4881,720,4086,692,72,6,22,0,9,11,131,43
20260808,J_short_timeout,306,78,4901,721,4102,693,71,2,26,1,9,13,131,43
20260808,J_short_timeout,307,74,4913,723,4116,695,70,3,25,2,9,13,131,43
20260808,J_short_timeout,308,68,4929,730,4131,698,67,9,23,1,9,10,131,43
20260808,J_short_timeout,309,70,4947,732,4145,698,66,9,25,0,9,13,131,43
20260808,J_short_timeout,310,69,4960,736,4155,702,66,6,28,0,8,11,131,43
20260808,J_short_timeout,311,62,4973,737,4174,702,65,5,30,0,9,11,131,43
20260808,J_short_timeout,312,66,4989,738,4185,704,65,2,32,1,9,11,131,43
20260808,J_short_timeout,313,66,5004,742,4196,706,63,5,31,1,9,13,131,43
20260808,J_short_timeout,314,64,5022,744,4214,708,64,6,30,0,9,10,131,43
20260808,J_short_timeout,315,74,5042,746,4222,708,62,4,34,0,9,11,131,43
20260808,J_short_timeout,316,77,5058,747,4234,709,62,3,35,0,9,13,131,43
20260808,J_short_timeout,317,81,5076,748,4247,710,61,2,36,1,9,11,131,43
20260808,J_short_timeout,318,85,5094,750,4259,712,60,3,35,2,9,11,131,43
20260808,J_short_timeout,319,85,5113,752,4276,719,66,4,29,1,9,10,131,43
20260808,J_short_timeout,320,79,5125,754,4292,721,67,4,29,0,9,10,131,43
20260808,J_short_timeout,321,80,5141,754,4307,724,70,2,28,0,9,11,131,43
20260808,J_short_timeout,322,76,5155,754,4325,724,70,0,30,0,9,9,131,43
20260808,J_short_timeout,323,73,5172,758,4341,726,68,4,28,0,9,11,131,43
20260808,J_short_timeout,324,65,5185,761,4359,729,68,7,25,0,9,10,131,43
20260808,J_short_timeout,325,68,5199,761,4370,733,72,3,25,0,9,11,131,43
20260808,J_short_timeout,326,66,5214,762,4386,737,74,1,24,1,9,13,131,43
20260808,J_short_timeout,327,70,5232,763,4399,737,73,2,24,1,9,12,131,43
20260808,J_short_timeout,328,72,5250,766,4412,739,73,4,23,0,9,12,131,43
20260808,J_short_timeout,329,77,5265,766,4422,741,73,3,22,2,9,12,131,43
20260808,J_short_timeout,330,82,5284,766,4436,742,72,0,24,4,15,9,131,43
20260808,J_short_timeout,331,82,5300,769,4449,743,71,3,23,3,18,7,131,43
20260808,J_short_timeout,332,79,5317,772,4466,744,70,6,22,2,16,8,131,43
20260808,J_short_timeout,333,80,5334,773,4481,748,73,4,21,2,14,10,131,43
20260808,J_short_timeout,334,80,5352,776,4496,749,72,4,23,1,9,11,131,43
20260808,J_short_timeout,335,75,5365,779,4511,753,74,6,20,0,9,11,121,40
20260808,J_short_timeout,336,71,5377,781,4525,753,72,5,23,0,9,10,121,40
20260808,J_short_timeout,337,67,5389,781,4541,755,74,2,24,0,9,10,121,40
20260808,J_short_timeout,338,65,5404,781,4558,757,75,0,24,1,9,9,121,40
20260808,J_short_timeout,339,62,5417,781,4574,757,73,0,24,3,9,12,121,40
20260808,J_short_timeout,340,68,5435,782,4585,758,73,1,23,3,9,12,131,43
20260808,J_short_timeout,341,67,5447,787,4593,760,70,6,21,3,9,10,131,43
20260808,J_short_timeout,342,72,5465,789,4604,761,69,7,21,3,9,11,131,43
20260808,J_short_timeout,343,68,5477,791,4618,762,70,4,25,1,9,13,131,43
20260808,J_short_timeout,344,66,5489,793,4630,763,70,4,26,0,9,11,131,43
20260808,J_short_timeout,345,64,5508,798,4646,767,68,7,24,1,9,14,131,43
20260808,J_short_timeout,346,66,5520,799,4655,770,69,6,23,2,9,11,131,43
20260808,J_short_timeout,347,63,5534,800,4671,771,70,2,27,1,9,13,131,43
20260808,J_short_timeout,348,67,5549,801,4681,774,70,2,25,3,9,13,131,43
20260808,J_short_timeout,349,67,5566,806,4693,775,66,6,25,3,9,12,131,43
20260808,J_short_timeout,350,66,5585,812,4707,776,64,11,25,0,9,9,131,43
20260808,J_short_timeout,351,74,5605,815,4716,779,63,9,27,1,9,11,131,43
20260808,J_short_timeout,352,75,5619,815,4729,780,64,3,32,1,9,12,131,43
20260808,J_short_timeout,353,79,5638,816,4743,781,62,1,34,3,9,11,131,43
20260808,J_short_timeout,354,81,5656,820,4755,782,59,5,33,3,9,11,131,43
20260808,J_short_timeout,355,77,5668,823,4768,782,59,7,34,0,9,14,131,43
20260808,J_short_timeout,356,71,5686,829,4786,783,53,9,37,1,9,11,131,43
20260808,J_short_timeout,357,69,5699,830,4800,785,53,7,38,2,8,12,131,43
20260808,J_short_timeout,358,67,5718,834,4817,785,50,5,44,1,9,12,131,43
20260808,J_short_timeout,359,71,5738,838,4829,786,48,8,44,0,9,10,131,43
20260808,J_short_timeout,360,70,5753,842,4841,788,45,8,46,1,12,9,126,43
20260808,J_short_timeout,361,74,5772,845,4853,792,45,7,46,2,16,8,126,43
20260808,J_short_timeout,362,79,5792,848,4865,796,46,6,46,2,17,9,126,43
20260808,J_short_timeout,363,74,5804,851,4879,802,50,6,43,1,12,11,126,43
20260808,J_short_timeout,364,74,5820,853,4893,803,49,5,45,1,9,12,126,43
20260808,J_short_timeout,365,83,5840,854,4903,805,50,3,46,1,9,14,131,43
20260808,J_short_timeout,366,83,5860,857,4920,807,50,4,46,0,9,15,131,43
20260808,J_short_timeout,367,81,5878,858,4939,815,57,4,39,0,9,13,131,43
20260808,J_short_timeout,368,80,5890,860,4950,819,59,3,38,0,9,11,131,43
20260808,J_short_timeout,369,76,5903,864,4963,823,58,6,35,1,9,11,131,43
20260808,J_short_timeout,370,71,5921,868,4982,825,56,8,35,1,9,11,131,43
20260808,J_short_timeout,371,70,5940,872,4998,829,57,8,35,0,9,11,131,43
20260808,J_short_timeout,372,65,5953,872,5016,832,59,4,36,1,9,10,131,43
20260808,J_short_timeout,373,68,5969,874,5027,835,60,2,37,1,9,9,131,43
20260808,J_short_timeout,374,73,5985,875,5037,838,63,3,34,0,9,10,131,43
20260808,J_short_timeout,375,67,5998,882,5049,840,58,8,34,0,9,12,131,43
20260808,J_short_timeout,376,64,6013,885,5064,842,56,10,33,1,9,11,131,43
20260808,J_short_timeout,377,67,6029,885,5077,843,57,3,39,1,9,10,131,43
20260808,J_short_timeout,378,68,6046,887,5091,846,58,2,39,1,9,11,131,43
20260808,J_short_timeout,379,69,6063,889,5105,847,57,4,38,1,9,10,131,43
20260808,J_short_timeout,380,75,6077,891,5111,850,58,4,37,1,9,11,115,42
20260808,J_short_timeout,381,75,6091,892,5124,854,60,3,35,2,9,10,115,42
20260808,J_short_timeout,382,72,6107,895,5140,854,55,4,37,4,9,12,115,42
20260808,J_short_timeout,383,72,6124,898,5154,860,58,6,32,4,9,9,115,42
20260808,J_short_timeout,384,73,6141,902,5166,862,58,7,33,2,9,11,115,42
20260808,J_short_timeout,385,75,6160,906,5179,865,57,8,33,2,9,12,131,43
20260808,J_short_timeout,386,72,6172,909,5191,867,56,7,35,2,9,10,131,43
20260808,J_short_timeout,387,72,6186,911,5203,869,56,5,37,2,9,10,131,43
20260808,J_short_timeout,388,73,6206,915,5218,870,53,6,39,2,9,11,131,43
20260808,J_short_timeout,389,69,6218,916,5233,874,56,5,37,2,8,11,131,43
20260808,J_short_timeout,390,67,6235,920,5248,878,56,5,37,2,13,8,121,40
20260808,J_short_timeout,391,74,6254,922,5258,881,57,6,35,2,16,6,121,40
20260808,J_short_timeout,392,75,6272,926,5271,883,56,6,37,1,16,6,121,40
20260808,J_short_timeout,393,78,6292,928,5286,884,56,6,38,0,12,10,121,40
20260808,J_short_timeout,394,77,6305,930,5298,885,55,4,41,0,9,14,121,40
20260808,J_short_timeout,395,82,6325,931,5312,885,54,3,43,0,9,13,131,43
20260808,J_short_timeout,396,80,6343,933,5330,888,54,3,42,1,9,13,131,43
20260808,J_short_timeout,397,81,6362,938,5343,891,52,7,40,1,9,13,131,43
20260808,J_short_timeout,398,79,6379,939,5361,894,55,6,39,0,9,13,131,43
20260808,J_short_timeout,399,87,6398,939,5372,895,56,1,43,0,9,15,131,43
20260808,J_short_timeout,400,76,6410,943,5391,898,55,4,41,0,9,15,131,43
20260808,J_short_timeout,401,75,6426,945,5406,902,56,6,37,1,9,15,131,43
20260808,J_short_timeout,402,76,6443,946,5421,903,55,3,40,2,8,12,131,43
20260808,J_short_timeout,403,74,6459,950,5435,906,53,5,39,3,9,11,131,43
20260808,J_short_timeout,404,69,6477,955,5453,913,55,9,33,3,9,10,131,43
20260808,J_short_timeout,405,78,6497,957,5462,918,60,7,32,1,9,13,131,43
20260808,J_short_timeout,406,81,6517,961,5475,923,61,6,32,1,9,12,131,43
20260808,J_short_timeout,407,81,6534,962,5491,925,62,5,32,1,9,12,131,43
20260808,J_short_timeout,408,81,6549,966,5502,927,60,5,34,1,9,14,131,43
20260808,J_short_timeout,409,76,6564,971,5517,931,59,9,31,1,9,12,131,43
20260808,J_short_timeout,410,72,6580,972,5536,931,59,6,35,0,9,12,131,43
20260808,J_short_timeout,411,73,6600,974,5553,932,57,3,39,1,9,10,131,43
20260808,J_short_timeout,412,71,6617,977,5569,933,55,5,39,1,9,10,131,43
20260808,J_short_timeout,413,67,6630,983,5580,937,54,9,37,0,9,10,131,43
20260808,J_short_timeout,414,69,6643,986,5588,941,53,9,36,2,9,10,131,43
20260808,J_short_timeout,415,72,6662,986,5604,942,53,3,41,3,9,12,131,43
20260808,J_short_timeout,416,64,6674,989,5621,945,53,3,41,3,9,9,131,43
20260808,J_short_timeout,417,62,6689,994,5633,950,54,8,36,2,9,11,131,43
20260808,J_short_timeout,418,71,6709,998,5640,952,54,9,37,0,8,12,131,43
20260808,J_short_timeout,419,79,6729,1000,5650,956,56,6,38,0,9,12,131,43
20260808,J_short_timeout,420,74,6743,1002,5667,957,54,4,41,1,12,11,131,43
20260808,J_short_timeout,421,81,6761,1002,5678,959,55,2,41,2,15,8,131,43
20260808,J_short_timeout,422,81,6778,1005,5692,960,53,3,42,2,17,7,131,43
20260808,J_short_timeout,423,74,6792,1008,5710,961,52,6,41,1,15,8,131,43
20260808,J_short_timeout,424,73,6811,1009,5729,966,57,4,39,0,9,9,131,43
20260808,J_short_timeout,425,77,6826,1012,5737,970,58,4,38,0,9,11,131,43
20260808,J_short_timeout,426,76,6844,1013,5755,972,59,4,37,0,9,10,131,43
20260808,J_short_timeout,427,78,6863,1017,5768,974,57,5,38,0,9,11,131,43
20260808,J_short_timeout,428,79,6878,1020,5779,977,57,7,36,0,9,14,131,43
20260808,J_short_timeout,429,79,6898,1022,5797,978,56,5,39,0,9,15,131,43
20260808,J_short_timeout,430,84,6917,1022,5811,979,57,2,41,0,9,15,131,43
20260808,J_short_timeout,431,78,6931,1025,5828,984,58,3,38,1,9,13,131,43
20260808,J_short_timeout,432,77,6949,1027,5845,987,59,5,35,1,9,13,131,43
20260808,J_short_timeout,433,79,6963,1029,5855,992,62,4,33,1,9,13,131,43
20260808,J_short_timeout,434,79,6983,1031,5873,994,62,4,33,1,9,12,131,43
20260808,J_short_timeout,435,80,7003,1032,5891,998,66,3,31,0,9,11,131,43
20260808,J_short_timeout,436,84,7020,1033,5903,1001,67,2,30,1,9,12,131,43
20260808,J_short_timeout,437,79,7034,1036,5919,1005,68,4,27,1,9,13,131,43
20260808,J_short_timeout,438,78,7047,1038,5931,1008,70,5,25,0,9,13,131,43
20260808,J_short_timeout,439,70,7060,1040,5950,1010,68,4,26,2,9,10,131,43
20260808,J_short_timeout,440,67,7079,1042,5970,1011,65,4,27,4,9,9,131,43
20260808,J_short_timeout,441,65,7093,1044,5984,1016,70,4,24,2,9,11,131,43
20260808,J_short_timeout,442,69,7110,1048,5993,1017,69,6,25,0,9,10,131,43
20260808,J_short_timeout,443,65,7122,1052,6005,1017,65,8,27,0,9,11,131,43
20260808,J_short_timeout,444,71,7142,1055,6016,1019,63,7,29,1,9,13,131,43
20260808,J_short_timeout,445,67,7155,1055,6033,1021,63,3,31,3,9,13,121,40
20260808,J_short_timeout,446,63,7167,1058,6046,1025,65,3,30,2,9,12,121,40
20260808,J_short_timeout,447,62,7181,1060,6059,1027,67,5,28,0,9,9,121,40
20260808,J_short_timeout,448,72,7200,1061,6067,1030,69,3,28,0,9,11,121,40
20260808,J_short_timeout,449,72,7219,1063,6084,1031,68,3,29,0,9,11,121,40
20260808,J_short_timeout,450,79,7238,1063,6096,1032,67,2,29,2,15,9,131,43
20260808,J_short_timeout,451,84,7255,1064,6107,1035,69,1,28,2,17,7,131,43
20260808,J_short_timeout,452,83,7273,1069,6121,1039,69,6,24,1,18,8,131,43
20260808,J_short_timeout,453,76,7285,1071,6138,1041,68,7,23,2,16,10,131,43
20260808,J_short_timeout,454,77,7304,1073,6154,1043,69,4,26,1,9,11,131,43
20260808,J_short_timeout,455,75,7323,1078,6170,1043,65,7,28,0,9,12,131,43
20260808,J_short_timeout,456,70,7336,1080,6186,1045,65,7,28,0,9,11,131,43
20260808,J_short_timeout,457,68,7349,1080,6201,1046,66,2,32,0,9,10,131,43
20260808,J_short_timeout,458,75,7368,1081,6212,1047,65,1,33,1,9,12,131,43
20260808,J_short_timeout,459,71,7384,1083,6230,1049,65,3,31,1,9,10,131,43
20260808,J_short_timeout,460,73,7401,1084,6244,1050,66,3,31,0,9,10,131,43
20260808,J_short_timeout,461,77,7416,1084,6255,1051,67,1,32,0,9,14,131,43
20260808,J_short_timeout,462,81,7435,1086,6268,1052,64,2,32,2,9,12,131,43
20260808,J_short_timeout,463,74,7447,1087,6286,1055,65,3,29,3,9,11,131,43
20260808,J_short_timeout,464,73,7461,1090,6298,1056,65,4,30,1,9,11,131,43
20260808,J_short_timeout,465,76,7480,1092,6312,1060,67,5,27,1,9,13,131,43
20260808,J_short_timeout,466,72,7492,1093,6327,1062,68,3,28,1,9,15,131,43
20260808,J_short_timeout,467,71,7509,1095,6343,1067,71,3,25,1,9,18,131,43
20260808,J_short_timeout,468,72,7522,1097,6353,1069,71,4,24,1,9,16,131,43
20260808,J_short_timeout,469,71,7536,1099,6366,1070,70,4,25,1,9,13,131,43
20260808,J_short_timeout,470,69,7556,1103,6384,1072,68,6,25,1,9,12,131,43
20260808,J_short_timeout,471,76,7575,1105,6394,1072,66,6,27,1,9,12,131,43
20260808,J_short_timeout,472,71,7588,1108,6409,1076,66,5,27,2,9,12,131,43
20260808,J_short_timeout,473,73,7603,1110,6420,1077,66,5,28,1,9,12,131,43
20260808,J_short_timeout,474,74,7618,1113,6431,1079,66,5,29,0,9,13,131,43
20260808,J_short_timeout,475,68,7630,1113,6449,1081,67,3,29,1,9,10,131,43
20260808,J_short_timeout,476,69,7648,1113,6466,1084,70,0,29,1,9,10,131,43
20260808,J_short_timeout,477,68,7661,1116,6477,1084,68,3,29,0,9,9,131,43
20260808,J_short_timeout,478,68,7675,1116,6491,1086,69,3,27,1,9,12,131,43
20260808,J_short_timeout,479,67,7688,1117,6504,1087,69,1,29,1,8,12,131,43
20260808,J_short_timeout,480,65,7701,1121,6515,1088,67,5,28,0,11,10,131,43
20260808,J_short_timeout,481,63,7720,1124,6533,1088,64,7,29,0,15,7,131,43
20260808,J_short_timeout,482,70,7740,1127,6543,1091,64,6,30,0,16,7,131,43
20260808,J_short_timeout,483,74,7757,1127,6556,1092,65,3,32,0,11,10,131,43
20260808,J_short_timeout,484,77,7777,1131,6569,1094,63,4,33,0,9,11,131,43
20260808,J_short_timeout,485,83,7794,1134,6577,1099,65,7,28,0,9,12,131,43
20260808,J_short_timeout,486,85,7813,1135,6593,1103,68,4,28,0,9,14,131,43
20260808,J_short_timeout,487,79,7825,1135,6611,1105,70,1,29,0,9,12,131,43
20260808,J_short_timeout,488,75,7840,1138,6627,1108,70,3,27,0,9,12,131,43
20260808,J_short_timeout,489,68,7856,1144,6644,1109,65,9,26,0,9,10,131,43
20260808,J_short_timeout,490,70,7872,1145,6657,1110,65,7,28,0,9,12,126,43
20260808,J_short_timeout,491,62,7886,1149,6675,1111,62,5,33,0,9,11,126,43
20260808,J_short_timeout,492,68,7905,1152,6685,1115,63,7,30,0,9,13,126,43
20260808,J_short_timeout,493,72,7923,1153,6698,1116,63,4,33,0,9,12,126,43
20260808,J_short_timeout,494,72,7936,1154,6710,1117,62,2,35,1,9,10,126,43
20260808,J_short_timeout,495,74,7954,1155,6725,1120,64,2,33,1,9,9,131,43
20260808,J_short_timeout,496,77,7971,1158,6736,1122,64,4,32,0,9,11,131,43
20260808,J_short_timeout,497,76,7989,1162,6751,1124,61,7,31,1,9,13,131,43
20260808,J_short_timeout,498,74,8005,1163,6768,1126,62,5,32,1,9,12,131,43
20260808,J_short_timeout,499,77,8022,1166,6779,1129,63,4,33,0,9,15,131,43
20260808,J_short_timeout,500,75,8038,1167,6796,1129,62,4,34,0,9,14,131,43
20260808,J_short_timeout,501,76,8052,1167,6809,1129,62,1,37,0,9,12,131,43
20260808,J_short_timeout,502,72,8067,1169,6826,1133,64,2,34,0,9,11,131,43
20260808,J_short_timeout,503,73,8084,1172,6839,1138,66,5,29,0,9,13,131,43
20260808,J_short_timeout,504,72,8100,1174,6854,1140,66,5,29,0,9,12,131,43
20260808,J_short_timeout,505,72,8114,1174,6868,1141,67,2,31,0,9,11,131,43
20260808,J_short_timeout,506,76,8133,1175,6882,1143,68,1,31,0,9,13,131,43
20260808,J_short_timeout,507,76,8150,1178,6896,1147,68,4,27,1,9,15,131,43
20260808,J_short_timeout,508,76,8164,1179,6909,1150,70,4,25,1,9,12,131,43
20260808,J_short_timeout,509,77,8184,1185,6922,1152,67,7,26,0,9,12,131,43
20260808,J_short_timeout,510,78,8203,1189,6936,1154,65,10,25,0,11,9,131,43
20260808,J_short_timeout,511,77,8222,1191,6954,1154,62,6,31,1,15,7,131,43
20260808,J_short_timeout,512,74,8236,1193,6969,1155,61,4,34,1,14,7,131,43
20260808,J_short_timeout,513,79,8256,1194,6983,1158,64,3,33,0,13,8,131,43
20260808,J_short_timeout,514,79,8275,1197,6999,1160,62,4,33,1,9,10,131,43
20260808,J_short_timeout,515,76,8287,1198,7013,1160,61,4,34,1,9,11,131,43
20260808,J_short_timeout,516,72,8302,1202,7028,1162,60,5,35,0,9,11,131,43
20260808,J_short_timeout,517,76,8318,1202,7040,1162,60,4,36,0,9,11,131,43
20260808,J_short_timeout,518,68,8330,1202,7060,1163,61,0,39,0,9,12,131,43
20260808,J_short_timeout,519,63,8342,1203,7076,1166,63,1,36,0,9,10,131,43
20260808,J_short_timeout,520,67,8360,1206,7087,1170,63,4,32,1,9,9,101,38
20260808,J_short_timeout,521,68,8374,1206,7100,1172,65,3,31,1,9,9,101,38
20260808,J_short_timeout,522,71,8394,1208,7115,1177,69,2,29,0,9,8,101,38
20260808,J_short_timeout,523,69,8406,1210,7127,1179,69,4,27,0,9,11,101,38
20260808,J_short_timeout,524,72,8421,1211,7138,1181,70,3,27,0,9,10,101,38
20260808,J_short_timeout,525,74,8439,1213,7152,1186,73,3,24,0,9,10,126,43
20260808,J_short_timeout,526,78,8458,1214,7166,1188,74,3,23,0,9,14,126,43
20260808,J_short_timeout,527,75,8477,1217,7185,1189,71,4,24,1,9,13,126,43
20260808,J_short_timeout,528,77,8493,1220,7196,1190,69,6,24,1,9,12,126,43
20260808,J_short_timeout,529,75,8506,1224,7207,1193,68,7,24,1,9,11,126,43
20260808,J_short_timeout,530,72,8521,1226,7223,1195,67,6,25,2,9,10,131,43
20260808,J_short_timeout,531,67,8533,1228,7238,1197,68,4,27,1,9,10,131,43
20260808,J_short_timeout,532,65,8547,1229,7253,1200,71,3,26,0,9,9,131,43
20260808,J_short_timeout,533,62,8559,1230,7267,1200,70,2,28,0,9,11,131,43
20260808,J_short_timeout,534,63,8571,1230,7278,1203,72,1,26,1,9,11,131,43
20260808,J_short_timeout,535,64,8587,1230,7293,1206,74,0,24,2,9,11,131,43
20260808,J_short_timeout,536,61,8599,1234,7304,1206,71,4,24,1,9,13,131,43
20260808,J_short_timeout,537,59,8612,1237,7316,1207,69,7,23,1,9,10,131,43
20260808,J_short_timeout,538,64,8629,1238,7327,1209,69,4,25,2,9,12,131,43
20260808,J_short_timeout,539,70,8647,1240,7337,1211,70,3,26,1,9,11,131,43
20260808,J_short_timeout,540,71,8666,1243,7352,1214,70,5,24,1,15,10,131,43
20260808,J_short_timeout,541,77,8681,1243,7361,1215,71,3,25,1,15,8,131,43
20260808,J_short_timeout,542,75,8694,1247,7372,1216,68,4,27,1,13,8,131,43
20260808,J_short_timeout,543,73,8711,1250,7388,1217,66,7,26,1,13,10,131,43
20260808,J_short_timeout,544,75,8730,1252,7403,1219,66,5,28,1,9,11,131,43
20260808,J_short_timeout,545,68,8742,1253,7421,1219,65,3,31,1,9,10,131,43
20260808,J_short_timeout,546,70,8759,1255,7434,1220,65,3,32,0,9,10,131,43
20260808,J_short_timeout,547,75,8778,1259,7444,1223,63,6,30,1,9,11,131,43
20260808,J_short_timeout,548,75,8794,1262,7457,1228,65,7,27,1,9,12,131,43
20260808,J_short_timeout,549,73,8812,1265,7474,1230,64,6,29,1,9,12,131,43
20260808,J_short_timeout,550,74,8826,1266,7486,1232,65,4,30,1,9,12,126,43
20260808,J_short_timeout,551,75,8845,1269,7501,1232,63,4,33,0,9,14,126,43
20260808,J_short_timeout,552,77,8862,1269,7516,1232,63,3,34,0,9,14,126,43
20260808,J_short_timeout,553,73,8874,1272,7529,1236,64,3,33,0,9,15,126,43
20260808,J_short_timeout,554,74,8893,1274,7545,1236,62,5,33,0,8,13,126,43
20260808,J_short_timeout,555,75,8909,1276,7558,1240,64,4,32,0,8,14,131,43
20260808,J_short_timeout,556,74,8927,1278,7575,1241,63,4,33,0,9,13,131,43
20260808,J_short_timeout,557,72,8942,1278,7592,1244,66,2,32,0,9,14,131,43
20260808,J_short_timeout,558,72,8954,1281,7601,1247,66,3,31,0,9,13,131,43
20260808,J_short_timeout,559,70,8969,1281,7618,1250,69,3,28,0,9,10,131,43
20260808,J_short_timeout,560,71,8985,1282,7632,1254,72,1,27,0,9,10,131,43
20260808,J_short_timeout,561,69,9000,1282,7649,1255,73,1,26,0,9,11,131,43
20260808,J_short_timeout,562,71,9016,1282,7663,1255,72,0,27,1,9,16,131,43
20260808,J_short_timeout,563,81,9036,1283,7672,1256,72,1,26,1,9,17,131,43
20260808,J_short_timeout,564,86,9056,1284,7686,1258,74,2,24,0,9,15,131,43
20260808,J_short_timeout,565,87,9075,1286,7702,1259,73,3,24,0,9,15,131,43
20260808,J_short_timeout,566,86,9090,1287,7717,1261,74,3,23,0,9,14,131,43
20260808,J_short_timeout,567,82,9104,1289,7733,1269,79,3,17,1,9,14,131,43
20260808,J_short_timeout,568,72,9116,1292,7752,1271,75,5,16,4,9,12,131,43
20260808,J_short_timeout,569,67,9133,1296,7770,1272,72,7,17,4,9,12,131,43
20260808,J_short_timeout,570,67,9152,1301,7784,1273,70,9,19,2,14,10,121,43
20260808,J_short_timeout,571,72,9171,1303,7796,1275,70,7,21,2,18,8,121,43
20260808,J_short_timeout,572,72,9187,1306,7809,1275,68,5,26,1,16,7,121,43
20260808,J_short_timeout,573,73,9201,1309,7819,1276,66,6,27,1,14,8,121,43
20260808,J_short_timeout,574,73,9215,1309,7833,1281,70,3,25,2,9,9,121,43
20260808,J_short_timeout,575,71,9227,1310,7846,1281,69,1,28,2,9,9,131,43
20260808,J_short_timeout,576,69,9243,1311,7863,1282,70,2,27,1,9,8,131,43
20260808,J_short_timeout,577,71,9261,1314,7876,1283,69,4,27,0,9,10,131,43
20260808,J_short_timeout,578,75,9280,1316,7889,1283,67,5,28,0,9,9,131,43
20260808,J_short_timeout,579,77,9298,1318,7903,1283,65,4,31,0,9,11,131,43
20260808,J_short_timeout,580,86,9318,1318,7914,1286,67,2,30,1,9,11,131,43
20260808,J_short_timeout,581,80,9333,1323,7930,1290,65,5,28,2,9,11,131,43
20260808,J_short_timeout,582,77,9348,1325,7946,1293,67,7,25,1,9,10,131,43
20260808,J_short_timeout,583,73,9360,1326,7961,1293,66,3,30,1,9,11,131,43
20260808,J_short_timeout,584,73,9377,1327,7977,1296,68,2,29,1,9,10,131,43
20260808,J_short_timeout,585,67,9391,1331,7993,1299,67,5,27,1,9,10,131,43
20260808,J_short_timeout,586,66,9403,1332,8005,1299,65,5,28,2,9,10,131,43
20260808,J_short_timeout,587,64,9416,1334,8018,1300,65,3,31,1,9,11,131,43
20260808,J_short_timeout,588,65,9428,1336,8027,1303,67,4,29,0,9,12,131,43
20260808,J_short_timeout,589,67,9446,1336,8043,1303,67,2,31,0,9,11,131,43
20260808,J_short_timeout,590,67,9463,1339,8057,1307,68,3,29,0,9,11,131,43
20260808,J_short_timeout,591,71,9480,1342,8067,1310,67,6,26,1,9,12,131,43
20260808,J_short_timeout,592,74,9497,1344,8079,1311,66,5,28,1,9,11,131,43
20260808,J_short_timeout,593,81,9517,1346,8090,1312,65,4,30,1,9,11,131,43
20260808,J_short_timeout,594,83,9534,1346,8105,1313,65,2,31,2,9,11,131,43
20260808,J_short_timeout,595,79,9549,1351,8119,1315,62,5,31,2,9,12,131,43
20260808,J_short_timeout,596,82,9569,1353,8134,1318,64,7,28,1,9,11,131,43
20260808,J_short_timeout,597,76,9581,1358,8147,1318,59,7,33,1,9,10,131,43
20260808,J_short_timeout,598,74,9601,1361,8166,1320,57,8,33,2,9,12,131,43
20260808,J_short_timeout,599,73,9618,1364,8181,1324,58,6,34,2,9,12,131,43
20260808,J_short_timeout,600,78,9638,1368,8192,1326,54,7,35,4,16,11,121,40
20260808,K_calm_talk,1,3,3,0,0,0,80,0,0,0,0,1,131,43
20260808,K_calm_talk,2,4,6,2,0,0,77,2,0,1,1,2,131,43
20260808,K_calm_talk,3,10,12,2,0,0,75,2,0,3,3,2,131,43
20260808,K_calm_talk,4,15,18,3,0,0,74,1,2,3,4,4,131,43
20260808,K_calm_talk,5,17,22,5,0,0,74,3,2,1,5,4,131,43
20260808,K_calm_talk,6,19,26,7,0,0,73,4,3,0,6,4,131,43
20260808,K_calm_talk,7,23,30,7,0,0,73,2,5,0,6,4,131,43
20260808,K_calm_talk,8,28,35,7,0,0,73,0,7,0,6,5,131,43
20260808,K_calm_talk,9,32,40,8,0,0,71,1,7,1,6,6,131,43
20260808,K_calm_talk,10,37,46,9,0,0,66,2,7,5,7,6,131,43
20260808,K_calm_talk,11,40,51,11,0,0,64,3,8,5,9,7,131,43
20260808,K_calm_talk,12,41,56,15,0,0,64,6,9,1,9,6,131,43
20260808,K_calm_talk,13,43,60,17,0,0,62,6,11,1,9,6,131,43
20260808,K_calm_talk,14,46,63,17,0,0,62,2,15,1,9,6,131,43
20260808,K_calm_talk,15,51,69,18,0,0,61,1,17,1,9,8,131,43
20260808,K_calm_talk,16,57,75,18,0,0,61,1,17,1,9,10,131,43
20260808,K_calm_talk,17,60,79,19,0,1,62,1,17,0,9,10,131,43
20260808,K_calm_talk,18,65,84,19,0,1,62,1,17,0,9,11,131,43
20260808,K_calm_talk,19,65,87,19,3,1,62,0,18,0,9,12,131,43
20260808,K_calm_talk,20,65,91,19,7,2,63,0,17,0,9,11,121,40
20260808,K_calm_talk,21,68,97,19,10,3,64,0,16,0,9,12,121,40
20260808,K_calm_talk,22,67,100,20,13,5,65,1,14,0,9,12,121,40
20260808,K_calm_talk,23,67,106,21,18,6,65,2,13,0,9,12,121,40
20260808,K_calm_talk,24,68,112,22,22,7,64,2,13,1,9,14,121,40
20260808,K_calm_talk,25,66,116,23,27,9,65,2,12,1,9,13,126,43
20260808,K_calm_talk,26,66,120,24,30,10,66,2,12,0,9,13,126,43
20260808,K_calm_talk,27,67,126,24,35,10,66,1,13,0,9,13,126,43
20260808,K_calm_talk,28,66,129,24,39,11,66,0,13,1,9,13,126,43
20260808,K_calm_talk,29,66,133,25,42,13,66,1,11,2,9,12,126,43
20260808,K_calm_talk,30,60,136,29,47,15,64,5,9,2,9,10,131,43
20260808,K_calm_talk,31,59,141,30,52,15,62,5,10,3,10,7,131,43
20260808,K_calm_talk,32,59,146,32,55,17,63,3,12,2,11,7,131,43
20260808,K_calm_talk,33,56,150,35,59,18,62,5,12,1,10,7,131,43
20260808,K_calm_talk,34,58,154,35,61,18,62,3,14,1,11,7,131,43
20260808,K_calm_talk,35,58,159,36,65,18,62,1,17,0,12,7,131,43
20260808,K_calm_talk,36,59,165,36,70,18,62,1,17,0,11,6,131,43
20260808,K_calm_talk,37,60,170,38,72,19,60,2,17,1,12,6,131,43
20260808,K_calm_talk,38,60,176,40,76,19,58,4,17,1,11,7,131,43
20260808,K_calm_talk,39,57,180,42,81,21,59,4,17,0,10,7,131,43
20260808,K_calm_talk,40,58,185,42,85,21,58,2,19,1,12,8,131,43
20260808,K_calm_talk,41,59,191,43,89,21,57,1,21,1,12,10,131,43
20260808,K_calm_talk,42,56,194,44,94,21,57,2,21,0,11,10,131,43
20260808,K_calm_talk,43,59,200,44,97,23,55,1,20,4,10,11,131,43
20260808,K_calm_talk,44,62,206,44,100,25,57,0,19,4,9,11,131,43
20260808,K_calm_talk,45,64,212,47,101,25,57,3,19,1,9,11,131,43
20260808,K_calm_talk,46,65,215,48,102,28,58,4,16,2,9,11,131,43
20260808,K_calm_talk,47,67,221,49,105,28,57,2,19,2,9,12,131,43
20260808,K_calm_talk,48,67,224,50,107,29,57,2,19,2,9,13,131,43
20260808,K_calm_talk,49,69,229,52,108,33,60,3,16,1,9,12,131,43
20260808,K_calm_talk,50,70,235,53,112,34,61,3,16,0,9,13,126,43
20260808,K_calm_talk,51,67,239,54,118,34,60,2,18,0,9,12,126,43
20260808,K_calm_talk,52,70,245,54,121,34,60,1,19,0,9,12,126,43
20260808,K_calm_talk,53,67,250,56,127,38,62,2,16,0,9,12,126,43
20260808,K_calm_talk,54,68,254,56,130,39,63,2,15,0,9,13,126,43
20260808,K_calm_talk,55,69,260,56,135,41,65,0,15,0,9,11,131,43
20260808,K_calm_talk,56,67,264,57,140,42,64,1,14,1,9,11,131,43
20260808,K_calm_talk,57,68,268,57,143,43,65,1,13,1,9,10,131,43
20260808,K_calm_talk,58,67,274,59,148,44,65,2,13,0,9,10,131,43
20260808,K_calm_talk,59,68,280,59,153,45,66,2,12,0,9,11,131,43
20260808,K_calm_talk,60,67,285,60,158,49,69,1,10,0,9,10,131,43
20260808,K_calm_talk,61,68,289,61,160,50,68,2,9,1,10,10,131,43
20260808,K_calm_talk,62,64,292,62,166,51,66,2,9,3,11,8,131,43
20260808,K_calm_talk,63,62,295,64,169,51,65,3,10,2,11,8,131,43
20260808,K_calm_talk,64,60,301,68,173,52,64,6,10,0,11,7,131,43
20260808,K_calm_talk,65,58,305,68,179,52,64,4,12,0,13,7,131,43
20260808,K_calm_talk,66,58,310,70,182,54,64,2,14,0,14,6,131,43
20260808,K_calm_talk,67,57,315,70,188,55,65,2,13,0,14,5,131,43
20260808,K_calm_talk,68,58,319,70,191,56,66,0,14,0,13,5,131,43
20260808,K_calm_talk,69,59,325,71,195,57,65,1,13,1,14,6,131,43
20260808,K_calm_talk,70,57,329,71,201,58,65,1,12,2,14,7,131,43
20260808,K_calm_talk,71,54,332,74,204,58,63,3,13,1,12,7,131,43
20260808,K_calm_talk,72,52,336,76,208,58,62,5,13,0,12,7,131,43
20260808,K_calm_talk,73,49,339,76,214,59,62,2,15,1,10,7,131,43
20260808,K_calm_talk,74,48,343,76,219,62,65,0,14,1,9,7,131,43
20260808,K_calm_talk,75,49,346,77,220,62,64,1,14,1,9,6,131,43
20260808,K_calm_talk,76,52,349,77,220,62,64,1,14,1,9,6,131,43
20260808,K_calm_talk,77,55,355,79,221,64,64,2,13,1,9,9,131,43
20260808,K_calm_talk,78,58,360,79,223,64,64,2,13,1,9,9,131,43
20260808,K_calm_talk,79,57,363,81,225,64,63,2,15,0,9,8,131,43
20260808,K_calm_talk,80,57,369,83,229,64,59,4,15,2,9,7,131,43
20260808,K_calm_talk,81,56,372,83,233,66,60,2,15,3,9,7,131,43
20260808,K_calm_talk,82,57,378,86,235,67,60,3,16,1,9,7,131,43
20260808,K_calm_talk,83,56,381,87,238,69,61,4,14,1,9,9,131,43
20260808,K_calm_talk,84,55,385,87,243,71,61,1,15,3,9,9,131,43
20260808,K_calm_talk,85,54,388,88,246,72,60,1,15,4,9,9,131,43
20260808,K_calm_talk,86,55,393,90,248,74,62,3,13,2,9,8,131,43
20260808,K_calm_talk,87,56,396,92,248,75,63,4,13,0,9,8,131,43
20260808,K_calm_talk,88,55,400,94,251,75,60,4,15,1,9,8,131,43
20260808,K_calm_talk,89,54,404,95,255,77,61,3,15,1,9,8,131,43
20260808,K_calm_talk,90,53,409,98,258,77,58,4,17,1,9,7,131,43
20260808,K_calm_talk,91,58,415,98,259,78,58,3,17,2,12,7,131,43
20260808,K_calm_talk,92,53,420,104,263,79,54,6,19,1,11,6,131,43
20260808,K_calm_talk,93,50,423,105,268,82,57,7,16,0,11,6,131,43
20260808,K_calm_talk,94,52,429,106,271,84,57,2,20,1,12,6,131,43
20260808,K_calm_talk,95,51,433,106,276,85,58,1,20,1,11,5,131,43
20260808,K_calm_talk,96,51,438,109,278,86,57,3,20,0,11,5,131,43
20260808,K_calm_talk,97,49,441,109,283,88,59,3,18,0,10,5,131,43
20260808,K_calm_talk,98,51,446,109,286,89,60,0,20,0,11,6,131,43
20260808,K_calm_talk,99,49,449,110,290,89,58,1,20,1,8,7,131,43
20260808,K_calm_talk,100,52,455,111,292,90,56,2,19,3,9,9,121,40
20260808,K_calm_talk,101,50,459,113,296,90,55,3,20,2,6,10,121,40
20260808,K_calm_talk,102,51,462,115,296,90,54,4,21,1,7,10,121,40
20260808,K_calm_talk,103,49,465,118,298,91,52,5,22,1,7,10,121,40
20260808,K_calm_talk,104,49,470,120,301,91,51,5,24,0,7,10,121,40
20260808,K_calm_talk,105,52,474,120,302,92,52,2,26,0,8,12,131,43
20260808,K_calm_talk,106,53,480,121,306,99,58,1,21,0,9,11,131,43
20260808,K_calm_talk,107,56,485,121,308,102,61,1,18,0,9,12,131,43
20260808,K_calm_talk,108,58,490,121,311,102,61,0,19,0,9,12,131,43
20260808,K_calm_talk,109,59,495,121,315,105,64,0,16,0,9,12,131,43
20260808,K_calm_talk,110,60,501,122,319,106,64,1,15,0,9,12,131,43
20260808,K_calm_talk,111,60,506,124,322,108,63,3,13,1,9,12,131,43
20260808,K_calm_talk,112,61,512,126,325,109,61,4,13,2,9,11,131,43
20260808,K_calm_talk,113,60,516,127,329,111,63,3,13,1,9,11,131,43
20260808,K_calm_talk,114,60,519,128,331,113,64,2,13,1,9,10,131,43
20260808,K_calm_talk,115,62,525,128,335,113,64,1,14,1,9,9,131,43
20260808,K_calm_talk,116,62,528,129,337,113,64,1,15,0,9,9,131,43
20260808,K_calm_talk,117,65,534,129,340,115,66,1,13,0,9,10,131,43
20260808,K_calm_talk,118,68,540,130,342,116,66,1,13,0,9,10,131,43
20260808,K_calm_talk,119,66,545,133,346,119,65,4,10,1,9,10,131,43
20260808,K_calm_talk,120,65,549,134,350,119,64,4,11,1,9,10,131,43
20260808,K_calm_talk,121,63,552,135,354,119,64,2,14,0,10,9,131,43
20260808,K_calm_talk,122,62,556,135,359,120,64,1,14,1,11,8,131,43
20260808,K_calm_talk,123,61,561,136,364,120,63,1,15,1,13,7,131,43
20260808,K_calm_talk,124,62,567,137,368,121,64,2,14,0,15,6,131,43
20260808,K_calm_talk,125,58,570,139,373,123,64,3,13,0,16,5,121,40
20260808,K_calm_talk,126,57,573,139,377,124,65,2,13,0,16,5,121,40
20260808,K_calm_talk,127,57,579,140,382,124,63,1,15,1,15,6,121,40
20260808,K_calm_talk,128,58,585,141,386,124,62,2,15,1,13,7,121,40
20260808,K_calm_talk,129,61,591,143,387,125,62,3,15,0,13,7,121,40
20260808,K_calm_talk,130,59,596,144,393,126,62,3,15,0,12,9,131,43
20260808,K_calm_talk,131,60,602,146,396,128,62,3,15,0,11,9,131,43
20260808,K_calm_talk,132,57,605,146,402,129,63,2,15,0,9,9,131,43
20260808,K_calm_talk,133,56,609,147,406,130,63,1,16,0,10,9,131,43
20260808,K_calm_talk,134,59,615,147,409,130,63,1,16,0,9,10,131,43
20260808,K_calm_talk,135,64,621,147,410,134,67,0,13,0,9,10,131,43
20260808,K_calm_talk,136,64,624,147,413,135,68,0,12,0,9,10,131,43
20260808,K_calm_talk,137,65,628,147,416,135,68,0,12,0,9,10,131,43
20260808,K_calm_talk,138,66,634,147,421,136,68,0,11,1,9,10,131,43
20260808,K_calm_talk,139,63,637,148,426,136,67,1,11,1,9,9,131,43
20260808,K_calm_talk,140,65,642,150,427,137,67,3,10,0,9,9,131,43
20260808,K_calm_talk,141,66,647,151,430,139,68,3,9,0,9,11,131,43
20260808,K_calm_talk,142,64,653,153,436,140,67,3,10,0,9,11,131,43
20260808,K_calm_talk,143,64,658,153,441,141,68,2,10,0,9,11,131,43
20260808,K_calm_talk,144,65,664,153,446,141,68,0,12,0,9,11,131,43
20260808,K_calm_talk,145,64,667,153,450,141,68,0,12,0,9,11,131,43
20260808,K_calm_talk,146,63,672,154,455,143,69,1,10,0,9,11,131,43
20260808,K_calm_talk,147,64,675,154,457,143,69,1,10,0,9,12,131,43
20260808,K_calm_talk,148,64,678,154,460,143,68,0,11,1,9,12,131,43
20260808,K_calm_talk,149,65,684,154,465,143,66,0,11,3,9,12,131,43
20260808,K_calm_talk,150,61,687,156,470,146,67,2,8,3,9,11,131,43
20260808,K_calm_talk,151,61,692,159,472,147,67,5,7,1,9,11,131,43
20260808,K_calm_talk,152,64,698,160,474,149,68,4,7,1,10,11,131,43
20260808,K_calm_talk,153,61,701,161,479,149,66,2,10,2,11,8,131,43
20260808,K_calm_talk,154,60,704,162,482,149,66,2,11,1,11,8,131,43
20260808,K_calm_talk,155,57,707,164,486,149,65,3,12,0,12,7,126,43
20260808,K_calm_talk,156,57,712,165,490,149,64,3,13,0,14,5,126,43
20260808,K_calm_talk,157,57,718,166,495,149,63,2,15,0,15,5,126,43
20260808,K_calm_talk,158,57,723,166,500,149,63,1,16,0,14,4,126,43
20260808,K_calm_talk,159,55,727,166,506,149,63,0,17,0,12,5,126,43
20260808,K_calm_talk,160,56,731,166,509,149,63,0,17,0,11,5,131,43
20260808,K_calm_talk,161,56,735,166,513,151,65,0,15,0,11,5,131,43
20260808,K_calm_talk,162,56,738,166,516,154,68,0,12,0,10,6,131,43
20260808,K_calm_talk,163,57,741,166,518,155,69,0,11,0,9,6,131,43
20260808,K_calm_talk,164,54,744,166,524,156,70,0,10,0,9,6,131,43
20260808,K_calm_talk,165,57,748,167,524,156,68,1,10,1,9,7,131,43
20260808,K_calm_talk,166,55,751,167,529,159,70,1,7,2,9,7,131,43
20260808,K_calm_talk,167,52,755,169,534,160,70,2,7,1,9,6,131,43
20260808,K_calm_talk,168,57,761,170,534,162,71,3,5,1,9,7,131,43
20260808,K_calm_talk,169,57,764,170,537,164,72,1,5,2,9,7,131,43
20260808,K_calm_talk,170,58,768,171,539,165,73,1,5,1,9,7,131,43
20260808,K_calm_talk,171,58,773,172,543,165,72,2,5,1,9,9,131,43
20260808,K_calm_talk,172,59,779,172,548,165,72,1,6,1,9,8,131,43
20260808,K_calm_talk,173,60,785,173,552,166,73,1,6,0,9,9,131,43
20260808,K_calm_talk,174,62,790,173,555,166,73,1,6,0,7,10,131,43
20260808,K_calm_talk,175,62,795,174,559,166,72,1,7,0,7,10,131,43
20260808,K_calm_talk,176,63,800,174,563,166,71,1,7,1,8,9,131,43
20260808,K_calm_talk,177,63,805,176,566,166,69,2,8,1,8,10,131,43
20260808,K_calm_talk,178,65,810,177,568,166,68,3,8,1,9,10,131,43
20260808,K_calm_talk,179,68,816,177,571,166,68,1,10,1,9,10,131,43
20260808,K_calm_talk,180,69,822,179,574,166,66,2,11,1,10,9,121,40
20260808,K_calm_talk,181,72,828,179,577,168,67,2,9,2,11,9,121,40
20260808,K_calm_talk,182,75,834,180,579,168,65,1,11,3,13,9,121,40
20260808,K_calm_talk,183,72,838,182,584,168,63,3,11,3,15,9,121,40
20260808,K_calm_talk,184,71,841,184,586,169,64,4,11,1,16,8,121,40
20260808,K_calm_talk,185,70,845,185,590,171,63,3,11,3,16,8,131,43
20260808,K_calm_talk,186,70,851,186,595,171,61,2,13,4,16,9,131,43
20260808,K_calm_talk,187,66,854,189,599,172,62,4,13,1,14,8,131,43
20260808,K_calm_talk,188,66,859,190,603,174,63,4,12,1,15,8,131,43
20260808,K_calm_talk,189,64,863,191,608,175,63,2,14,1,14,8,131,43
20260808,K_calm_talk,190,65,869,192,612,175,63,2,15,0,13,8,131,43
20260808,K_calm_talk,191,64,873,192,617,175,63,1,16,0,12,8,131,43
20260808,K_calm_talk,192,65,877,192,620,175,63,0,17,0,11,9,131,43
20260808,K_calm_talk,193,65,882,192,625,176,64,0,16,0,9,9,131,43
20260808,K_calm_talk,194,62,885,192,631,177,65,0,15,0,8,11,131,43
20260808,K_calm_talk,195,63,888,192,633,177,65,0,15,0,8,11,131,43
20260808,K_calm_talk,196,61,893,193,639,178,65,1,14,0,8,11,131,43
20260808,K_calm_talk,197,61,899,193,645,179,66,1,13,0,8,12,131,43
20260808,K_calm_talk,198,64,905,193,648,181,68,0,12,0,8,11,131,43
20260808,K_calm_talk,199,64,908,193,651,183,70,0,10,0,8,10,131,43
20260808,K_calm_talk,200,64,912,193,655,184,71,0,9,0,9,10,131,43
20260808,K_calm_talk,201,63,916,193,660,186,73,0,7,0,9,10,131,43
20260808,K_calm_talk,202,66,922,193,663,189,75,0,4,1,9,10,131,43
20260808,K_calm_talk,203,64,927,195,668,189,73,2,4,1,9,10,131,43
20260808,K_calm_talk,204,63,930,196,671,189,71,3,4,2,9,9,131,43
20260808,K_calm_talk,205,62,934,196,676,189,70,1,6,3,9,8,131,43
20260808,K_calm_talk,206,63,939,198,678,189,69,2,7,2,9,9,131,43
20260808,K_calm_talk,207,61,943,201,681,189,67,5,7,1,9,8,131,43
20260808,K_calm_talk,208,62,949,202,685,191,69,4,7,0,9,9,131,43
20260808,K_calm_talk,209,62,952,202,688,192,69,1,9,1,9,9,131,43
20260808,K_calm_talk,210,61,955,203,691,192,67,1,10,2,9,9,131,43
20260808,K_calm_talk,211,60,958,204,694,192,67,2,10,1,9,8,131,43
20260808,K_calm_talk,212,59,964,206,699,192,65,3,11,1,10,8,131,43
20260808,K_calm_talk,213,55,967,207,705,192,64,3,12,1,10,8,131,43
20260808,K_calm_talk,214,56,973,209,708,192,63,3,14,0,12,7,131,43
20260808,K_calm_talk,215,56,976,209,711,193,64,2,14,0,13,7,131,43
20260808,K_calm_talk,216,57,981,209,715,193,64,0,16,0,15,7,131,43
20260808,K_calm_talk,217,56,986,209,721,193,64,0,16,0,16,6,131,43
20260808,K_calm_talk,218,56,990,210,724,195,65,1,14,0,16,7,131,43
20260808,K_calm_talk,219,56,993,210,727,197,67,1,12,0,16,8,131,43
20260808,K_calm_talk,220,56,997,210,731,197,67,0,13,0,15,8,131,43
20260808,K_calm_talk,221,56,1002,210,736,198,68,0,12,0,13,8,131,43
20260808,K_calm_talk,222,60,1008,210,738,199,68,0,11,1,12,8,131,43
20260808,K_calm_talk,223,60,1014,210,744,199,67,0,11,2,9,9,131,43
20260808,K_calm_talk,224,60,1019,212,747,200,67,2,10,1,9,9,131,43
20260808,K_calm_talk,225,64,1025,214,747,203,69,4,7,0,9,8,131,43
20260808,K_calm_talk,226,67,1031,215,749,204,68,3,8,1,9,9,131,43
20260808,K_calm_talk,227,66,1036,215,755,204,68,1,10,1,9,10,131,43
20260808,K_calm_talk,228,68,1041,217,756,204,67,2,11,0,9,10,131,43
20260808,K_calm_talk,229,68,1046,217,761,205,68,2,10,0,9,10,131,43
20260808,K_calm_talk,230,70,1052,218,764,205,67,1,12,0,9,10,131,43
20260808,K_calm_talk,231,71,1058,218,769,205,66,1,12,1,9,11,131,43
20260808,K_calm_talk,232,72,1064,218,774,207,67,0,11,2,9,10,131,43
20260808,K_calm_talk,233,72,1067,219,776,208,68,1,10,1,9,10,131,43
20260808,K_calm_talk,234,73,1071,220,778,208,68,2,10,0,9,10,131,43
20260808,K_calm_talk,235,71,1075,222,782,210,68,3,9,0,9,10,111,40
20260808,K_calm_talk,236,71,1080,222,787,210,68,2,10,0,9,9,111,40
20260808,K_calm_talk,237,67,1083,223,793,210,67,1,12,0,9,9,111,40
20260808,K_calm_talk,238,64,1086,223,799,210,67,1,12,0,9,10,111,40
20260808,K_calm_talk,239,63,1090,224,803,212,67,1,11,1,9,10,111,40
20260808,K_calm_talk,240,63,1096,225,808,213,67,2,10,1,9,10,131,43
20260808,K_calm_talk,241,62,1101,227,812,213,66,3,11,0,9,10,131,43
20260808,K_calm_talk,242,61,1105,227,817,216,69,2,9,0,11,9,131,43
20260808,K_calm_talk,243,61,1108,227,820,217,70,0,10,0,12,8,131,43
20260808,K_calm_talk,244,62,1114,227,825,218,71,0,9,0,14,8,131,43
20260808,K_calm_talk,245,60,1118,228,830,218,70,1,9,0,14,6,131,43
20260808,K_calm_talk,246,59,1123,228,836,218,70,1,9,0,14,6,131,43
20260808,K_calm_talk,247,60,1129,228,841,218,70,0,10,0,12,9,131,43
20260808,K_calm_talk,248,60,1133,229,844,218,69,1,10,0,11,10,131,43
20260808,K_calm_talk,249,59,1136,229,848,220,71,1,8,0,11,11,131,43
20260808,K_calm_talk,250,62,1141,229,850,220,71,0,9,0,11,11,131,43
20260808,K_calm_talk,251,60,1144,229,855,220,70,0,9,1,10,11,131,43
20260808,K_calm_talk,252,62,1149,229,858,221,71,0,8,1,10,11,131,43
20260808,K_calm_talk,253,63,1155,232,860,223,71,3,6,0,10,11,131,43
20260808,K_calm_talk,254,64,1159,232,863,224,71,3,5,1,9,12,131,43
20260808,K_calm_talk,255,63,1162,232,867,224,71,0,8,1,9,12,122,43
20260808,K_calm_talk,256,64,1167,233,870,225,71,1,7,1,9,12,122,43
20260808,K_calm_talk,257,66,1173,233,874,225,71,1,7,1,9,12,122,43
20260808,K_calm_talk,258,67,1178,235,876,226,71,2,7,0,9,13,122,43
20260808,K_calm_talk,259,64,1181,235,882,228,73,2,5,0,9,12,122,43
20260808,K_calm_talk,260,62,1184,236,886,228,72,1,7,0,9,9,131,43
20260808,K_calm_talk,261,62,1189,236,891,228,72,1,7,0,9,8,131,43
20260808,K_calm_talk,262,60,1192,236,896,228,71,0,8,1,9,7,131,43
20260808,K_calm_talk,263,59,1196,237,900,228,70,1,8,1,9,7,131,43
20260808,K_calm_talk,264,62,1202,238,902,228,70,2,8,0,9,8,131,43
20260808,K_calm_talk,265,60,1207,240,907,228,67,3,9,1,9,8,131,43
20260808,K_calm_talk,266,60,1210,240,910,229,68,2,9,1,9,8,131,43
20260808,K_calm_talk,267,57,1213,242,914,229,67,2,11,0,9,7,131,43
20260808,K_calm_talk,268,56,1218,243,919,230,66,3,10,1,9,7,131,43
20260808,K_calm_talk,269,55,1221,243,923,230,64,1,12,3,9,7,131,43
20260808,K_calm_talk,270,54,1224,245,925,231,64,2,12,2,9,7,131,43
20260808,K_calm_talk,271,54,1228,247,927,232,62,4,11,3,11,7,131,43
20260808,K_calm_talk,272,53,1234,248,933,232,60,3,13,4,12,7,131,43
20260808,K_calm_talk,273,51,1238,251,936,233,61,4,14,1,12,7,131,43
20260808,K_calm_talk,274,53,1243,252,938,233,61,4,15,0,12,7,131,43
20260808,K_calm_talk,275,54,1246,252,940,234,61,1,17,1,12,7,131,43
20260808,K_calm_talk,276,54,1251,252,945,234,60,0,18,2,13,6,131,43
20260808,K_calm_talk,277,54,1254,253,947,237,63,1,15,1,13,5,131,43
20260808,K_calm_talk,278,55,1259,255,949,237,62,3,15,0,13,5,131,43
20260808,K_calm_talk,279,53,1263,255,955,237,62,2,16,0,11,5,131,43
20260808,K_calm_talk,280,54,1269,257,958,237,60,2,18,0,9,6,131,43
20260808,K_calm_talk,281,57,1275,257,961,237,60,2,18,0,8,7,131,43
20260808,K_calm_talk,282,59,1280,259,962,239,60,2,18,0,9,7,131,43
20260808,K_calm_talk,283,60,1285,259,966,239,60,2,18,0,8,9,131,43
20260808,K_calm_talk,284,62,1290,259,969,241,62,0,18,0,8,9,131,43
20260808,K_calm_talk,285,63,1293,260,970,244,63,1,15,1,8,10,121,40
20260808,K_calm_talk,286,61,1296,261,974,245,63,2,14,1,8,8,121,40
20260808,K_calm_talk,287,63,1302,262,977,245,63,2,15,0,8,7,121,40
20260808,K_calm_talk,288,61,1305,263,981,247,64,2,14,0,9,8,121,40
20260808,K_calm_talk,289,64,1311,263,984,247,64,1,15,0,9,8,121,40
20260808,K_calm_talk,290,65,1315,263,987,250,66,0,13,1,9,8,126,43
20260808,K_calm_talk,291,63,1318,263,992,252,68,0,11,1,9,8,126,43
20260808,K_calm_talk,292,62,1323,267,994,252,65,4,11,0,9,10,126,43
20260808,K_calm_talk,293,62,1327,267,998,254,67,4,9,0,9,10,126,43
20260808,K_calm_talk,294,60,1331,270,1001,256,66,3,11,0,9,9,126,43
20260808,K_calm_talk,295,58,1334,270,1006,256,66,3,11,0,9,8,131,43
20260808,K_calm_talk,296,55,1338,271,1012,257,66,1,13,0,9,7,131,43
20260808,K_calm_talk,297,55,1342,271,1016,257,66,1,13,0,9,7,131,43
20260808,K_calm_talk,298,53,1345,271,1021,258,66,0,13,1,9,8,131,43
20260808,K_calm_talk,299,52,1349,271,1026,258,66,0,13,1,9,7,131,43
20260808,K_calm_talk,300,54,1354,272,1028,260,67,1,11,1,10,7,131,43
20260808,K_calm_talk,301,55,1357,272,1030,261,66,1,10,3,10,7,131,43
20260808,K_calm_talk,302,53,1363,274,1036,261,65,2,11,2,12,7,131,43
20260808,K_calm_talk,303,54,1368,276,1038,262,65,4,10,1,13,6,131,43
20260808,K_calm_talk,304,53,1373,276,1044,262,65,2,12,1,14,5,131,43
20260808,K_calm_talk,305,54,1378,277,1047,263,66,1,13,0,14,5,131,43
20260808,K_calm_talk,306,55,1381,277,1049,264,66,1,12,1,15,5,131,43
20260808,K_calm_talk,307,56,1387,278,1053,264,64,1,13,2,15,7,131,43
20260808,K_calm_talk,308,53,1391,281,1057,266,63,4,11,2,14,6,131,43
20260808,K_calm_talk,309,57,1397,282,1058,267,64,4,11,1,13,6,131,43
20260808,K_calm_talk,310,58,1402,283,1061,267,64,2,14,0,14,6,131,43
20260808,K_calm_talk,311,57,1405,284,1064,267,62,2,15,1,12,7,131,43
20260808,K_calm_talk,312,57,1409,284,1068,269,64,1,14,1,9,8,131,43
20260808,K_calm_talk,313,55,1412,286,1071,272,66,2,12,0,9,8,131,43
20260808,K_calm_talk,314,56,1417,286,1075,272,66,2,12,0,9,9,131,43
20260808,K_calm_talk,315,62,1423,286,1075,273,67,0,13,0,9,10,131,43
20260808,K_calm_talk,316,64,1428,287,1077,274,67,1,12,0,9,10,131,43
20260808,K_calm_talk,317,65,1433,287,1081,274,66,1,12,1,9,10,131,43
20260808,K_calm_talk,318,63,1436,287,1086,274,66,0,13,1,9,9,131,43
20260808,K_calm_talk,319,62,1440,288,1090,274,66,1,13,0,9,9,131,43
20260808,K_calm_talk,320,64,1445,288,1093,274,66,1,13,0,9,9,131,43
20260808,K_calm_talk,321,68,1451,288,1095,277,69,0,11,0,9,9,131,43
20260808,K_calm_talk,322,68,1457,288,1101,277,69,0,11,0,9,10,131,43
20260808,K_calm_talk,323,68,1460,288,1104,278,70,0,10,0,9,10,131,43
20260808,K_calm_talk,324,69,1466,288,1109,280,72,0,8,0,9,9,131,43
20260808,K_calm_talk,325,68,1470,288,1114,280,72,0,8,0,9,9,131,43
20260808,K_calm_talk,326,69,1474,288,1117,282,74,0,6,0,9,9,131,43
20260808,K_calm_talk,327,68,1478,289,1121,283,74,1,5,0,9,9,131,43
20260808,K_calm_talk,328,70,1484,290,1124,283,73,2,5,0,9,10,131,43
20260808,K_calm_talk,329,70,1489,290,1129,283,73,1,6,0,9,10,131,43
20260808,K_calm_talk,330,70,1495,290,1135,284,73,0,6,1,10,10,131,43
20260808,K_calm_talk,331,71,1501,290,1140,284,73,0,6,1,11,9,131,43
20260808,K_calm_talk,332,71,1507,291,1145,285,73,1,5,1,13,9,131,43
20260808,K_calm_talk,333,71,1510,291,1148,285,73,1,5,1,13,8,131,43
20260808,K_calm_talk,334,72,1516,293,1151,287,74,2,4,0,16,8,131,43
20260808,K_calm_talk,335,71,1520,294,1155,288,74,3,3,0,15,8,121,40
20260808,K_calm_talk,336,68,1523,294,1161,288,74,1,5,0,15,6,121,40
20260808,K_calm_talk,337,67,1529,295,1167,288,72,1,6,1,16,6,121,40
20260808,K_calm_talk,338,67,1533,296,1170,288,71,2,6,1,15,7,121,40
20260808,K_calm_talk,339,63,1536,297,1176,289,72,2,6,0,15,8,121,40
20260808,K_calm_talk,340,62,1539,297,1180,289,72,1,7,0,15,8,131,43
20260808,K_calm_talk,341,62,1543,297,1184,289,72,0,8,0,14,8,131,43
20260808,K_calm_talk,342,62,1546,297,1187,289,71,0,8,1,12,10,131,43
20260808,K_calm_talk,343,61,1552,298,1193,289,70,1,8,1,10,11,131,43
20260808,K_calm_talk,344,58,1556,300,1198,291,71,3,6,0,9,11,131,43
20260808,K_calm_talk,345,59,1560,302,1199,291,69,4,7,0,9,12,131,43
20260808,K_calm_talk,346,56,1564,303,1205,291,68,3,9,0,9,11,131,43
20260808,K_calm_talk,347,54,1568,303,1211,292,69,1,10,0,9,9,131,43
20260808,K_calm_talk,348,58,1574,303,1213,292,69,0,11,0,9,8,131,43
20260808,K_calm_talk,349,59,1580,303,1218,292,68,0,11,1,9,9,131,43
20260808,K_calm_talk,350,61,1585,303,1221,292,66,0,11,3,9,10,131,43
20260808,K_calm_talk,351,63,1591,304,1224,292,66,1,11,2,9,12,131,43
20260808,K_calm_talk,352,61,1595,307,1227,293,66,4,10,0,9,11,131,43
20260808,K_calm_talk,353,61,1601,309,1231,295,66,5,9,0,9,11,131,43
20260808,K_calm_talk,354,61,1604,309,1234,295,66,2,12,0,9,11,131,43
20260808,K_calm_talk,355,62,1609,310,1237,295,65,1,14,0,9,11,131,43
20260808,K_calm_talk,356,62,1613,310,1241,296,65,1,13,1,8,11,131,43
20260808,K_calm_talk,357,62,1617,311,1244,296,64,1,14,1,9,10,131,43
20260808,K_calm_talk,358,61,1622,312,1249,297,65,2,13,0,9,11,131,43
20260808,K_calm_talk,359,65,1628,312,1251,298,65,1,13,1,9,12,131,43
20260808,K_calm_talk,360,68,1634,312,1254,298,65,0,14,1,11,11,126,43
20260808,K_calm_talk,361,68,1638,314,1256,298,63,2,14,1,10,10,126,43
20260808,K_calm_talk,362,69,1644,315,1260,298,62,3,14,1,11,9,126,43
20260808,K_calm_talk,363,67,1648,316,1265,300,64,2,14,0,11,8,126,43
20260808,K_calm_talk,364,67,1653,316,1270,301,64,1,14,1,13,8,126,43
20260808,K_calm_talk,365,66,1657,316,1275,303,66,0,13,1,15,7,131,43
20260808,K_calm_talk,366,63,1661,317,1281,306,68,1,10,1,16,8,131,43
20260808,K_calm_talk,367,63,1664,317,1284,307,69,1,9,1,15,8,131,43
20260808,K_calm_talk,368,63,1669,318,1288,308,70,1,9,0,15,9,131,43
20260808,K_calm_talk,369,66,1675,318,1291,309,71,1,8,0,14,10,131,43
20260808,K_calm_talk,370,65,1679,319,1295,309,69,1,9,1,13,10,131,43
20260808,K_calm_talk,371,67,1685,319,1299,309,68,1,9,2,12,11,131,43
20260808,K_calm_talk,372,67,1689,320,1302,310,68,1,9,2,10,12,131,43
20260808,K_calm_talk,373,65,1693,322,1306,312,69,3,7,1,9,11,131,43
20260808,K_calm_talk,374,62,1696,324,1310,312,68,4,8,0,9,11,131,43
20260808,K_calm_talk,375,62,1699,324,1313,313,69,2,9,0,9,10,131,43
20260808,K_calm_talk,376,63,1704,324,1317,313,68,0,11,1,9,10,131,43
20260808,K_calm_talk,377,64,1710,324,1322,313,68,0,11,1,9,9,131,43
20260808,K_calm_talk,378,66,1716,325,1325,313,68,1,11,0,9,9,131,43
20260808,K_calm_talk,379,67,1722,325,1330,314,69,1,10,0,9,9,131,43
20260808,K_calm_talk,380,67,1727,326,1334,315,69,1,10,0,9,10,115,42
20260808,K_calm_talk,381,66,1730,326,1338,316,70,1,9,0,9,11,115,42
20260808,K_calm_talk,382,66,1733,326,1341,316,68,0,10,2,9,11,115,42
20260808,K_calm_talk,383,65,1737,326,1346,318,70,0,8,2,9,12,115,42
20260808,K_calm_talk,384,65,1743,328,1350,320,71,2,6,1,9,13,115,42
20260808,K_calm_talk,385,65,1746,328,1353,323,74,2,3,1,9,12,131,43
20260808,K_calm_talk,386,62,1749,329,1358,323,74,1,5,0,9,9,131,43
20260808,K_calm_talk,387,62,1753,329,1362,324,75,1,4,0,9,9,131,43
20260808,K_calm_talk,388,65,1759,329,1365,324,73,0,5,2,9,9,131,43
20260808,K_calm_talk,389,67,1765,330,1368,324,72,1,5,2,9,11,131,43
20260808,K_calm_talk,390,65,1769,335,1369,324,68,6,5,1,9,11,121,40
20260808,K_calm_talk,391,64,1774,336,1374,324,66,6,6,2,10,10,121,40
20260808,K_calm_talk,392,63,1780,338,1379,324,63,3,11,3,12,8,121,40
20260808,K_calm_talk,393,60,1784,339,1385,324,62,3,12,3,12,7,121,40
20260808,K_calm_talk,394,55,1787,342,1390,324,61,4,14,1,13,7,121,40
20260808,K_calm_talk,395,56,1793,343,1394,325,61,4,14,1,14,6,131,43
20260808,K_calm_talk,396,59,1799,343,1397,325,60,1,17,2,14,5,131,43
20260808,K_calm_talk,397,61,1804,344,1399,325,60,1,18,1,14,6,131,43
20260808,K_calm_talk,398,61,1809,345,1403,325,60,2,18,0,15,6,131,43
20260808,K_calm_talk,399,59,1814,346,1409,326,60,2,18,0,15,7,131,43
20260808,K_calm_talk,400,59,1818,347,1412,326,59,2,19,0,14,7,131,43
20260808,K_calm_talk,401,58,1821,348,1415,328,60,2,18,0,14,8,131,43
20260808,K_calm_talk,402,58,1825,348,1419,329,59,1,18,2,12,8,131,43
20260808,K_calm_talk,403,56,1829,348,1425,329,59,0,19,2,10,8,131,43
20260808,K_calm_talk,404,54,1835,351,1430,330,59,3,18,0,9,7,131,43
20260808,K_calm_talk,405,60,1841,351,1430,331,60,3,17,0,9,7,131,43
20260808,K_calm_talk,406,64,1845,351,1430,331,60,0,20,0,9,7,131,43
20260808,K_calm_talk,407,65,1849,351,1433,332,61,0,19,0,9,7,131,43
20260808,K_calm_talk,408,65,1853,351,1437,333,61,0,18,1,9,7,131,43
20260808,K_calm_talk,409,69,1859,351,1439,334,62,0,17,1,9,8,131,43
20260808,K_calm_talk,410,69,1864,352,1443,335,63,1,16,0,9,8,131,43
20260808,K_calm_talk,411,69,1870,352,1449,339,67,1,12,0,9,8,131,43
20260808,K_calm_talk,412,67,1875,354,1454,341,66,2,11,1,9,9,131,43
20260808,K_calm_talk,413,64,1878,355,1459,344,68,3,8,1,9,9,131,43
20260808,K_calm_talk,414,64,1883,356,1463,344,68,2,10,0,9,8,131,43
20260808,K_calm_talk,415,66,1888,357,1465,345,68,2,10,0,9,8,131,43
20260808,K_calm_talk,416,69,1894,357,1468,346,69,1,10,0,9,9,131,43
20260808,K_calm_talk,417,71,1899,357,1471,346,69,0,11,0,9,10,131,43
20260808,K_calm_talk,418,70,1903,358,1475,350,72,1,7,0,9,11,131,43
20260808,K_calm_talk,419,69,1907,358,1480,350,72,1,7,0,9,11,131,43
20260808,K_calm_talk,420,69,1913,359,1485,350,71,1,8,0,10,11,131,43
20260808,K_calm_talk,421,69,1918,360,1489,350,70,2,8,0,10,10,131,43
20260808,K_calm_talk,422,69,1922,360,1493,350,70,1,9,0,12,9,131,43
20260808,K_calm_talk,423,70,1927,360,1497,351,71,0,9,0,13,8,131,43
20260808,K_calm_talk,424,67,1931,361,1503,353,71,1,7,1,15,7,131,43
20260808,K_calm_talk,425,67,1935,361,1507,353,71,1,7,1,14,7,131,43
20260808,K_calm_talk,426,66,1941,362,1513,354,72,1,7,0,13,7,131,43
20260808,K_calm_talk,427,66,1947,363,1518,355,72,2,6,0,14,7,131,43
20260808,K_calm_talk,428,67,1951,363,1521,355,72,1,7,0,13,9,131,43
20260808,K_calm_talk,429,66,1956,364,1526,355,71,1,8,0,13,9,131,43
20260808,K_calm_talk,430,65,1959,364,1530,355,71,1,8,0,13,10,131,43
20260808,K_calm_talk,431,65,1965,364,1536,356,71,0,8,1,12,11,131,43
20260808,K_calm_talk,432,64,1969,364,1541,357,72,0,7,1,9,11,131,43
20260808,K_calm_talk,433,63,1974,366,1545,358,72,2,6,0,8,12,131,43
20260808,K_calm_talk,434,64,1979,366,1549,359,73,2,5,0,8,12,131,43
20260808,K_calm_talk,435,66,1984,366,1552,359,73,0,7,0,9,12,131,43
20260808,K_calm_talk,436,68,1989,366,1555,359,73,0,7,0,9,12,131,43
20260808,K_calm_talk,437,68,1994,367,1559,362,73,1,4,2,9,12,131,43
20260808,K_calm_talk,438,68,1999,367,1564,363,74,1,3,2,9,11,131,43
20260808,K_calm_talk,439,66,2002,369,1567,363,74,2,4,0,9,9,131,43
20260808,K_calm_talk,440,68,2007,369,1570,363,74,2,4,0,9,10,131,43
20260808,K_calm_talk,441,64,2010,370,1576,363,72,1,6,1,9,10,131,43
20260808,K_calm_talk,442,63,2014,370,1581,363,71,1,6,2,9,8,131,43
20260808,K_calm_talk,443,64,2019,371,1584,365,72,1,5,2,9,10,131,43
20260808,K_calm_talk,444,63,2022,372,1587,365,72,2,5,1,9,10,131,43
20260808,K_calm_talk,445,65,2027,373,1589,365,72,2,6,0,9,10,121,40
20260808,K_calm_talk,446,62,2030,373,1595,365,72,1,7,0,9,9,121,40
20260808,K_calm_talk,447,62,2034,373,1599,365,71,0,8,1,9,8,121,40
20260808,K_calm_talk,448,63,2040,374,1603,365,70,1,8,1,9,9,121,40
20260808,K_calm_talk,449,62,2044,375,1607,365,68,2,8,2,9,9,121,40
20260808,K_calm_talk,450,62,2050,376,1612,366,68,2,8,2,9,8,131,43
20260808,K_calm_talk,451,64,2055,378,1613,367,69,3,8,0,12,8,131,43
20260808,K_calm_talk,452,61,2059,380,1618,367,67,4,9,0,13,7,131,43
20260808,K_calm_talk,453,60,2064,381,1623,367,66,3,11,0,13,5,131,43
20260808,K_calm_talk,454,60,2068,382,1626,367,65,2,13,0,14,5,131,43
20260808,K_calm_talk,455,61,2074,382,1631,367,65,1,14,0,14,5,131,43
20260808,K_calm_talk,456,62,2078,382,1634,368,66,0,14,0,14,5,131,43
20260808,K_calm_talk,457,62,2082,382,1638,368,66,0,14,0,13,6,131,43
20260808,K_calm_talk,458,61,2086,382,1643,369,67,0,13,0,12,6,131,43
20260808,K_calm_talk,459,62,2090,382,1646,369,67,0,13,0,12,8,131,43
20260808,K_calm_talk,460,62,2095,382,1651,369,67,0,13,0,13,8,131,43
20260808,K_calm_talk,461,64,2100,382,1654,371,69,0,11,0,12,8,131,43
20260808,K_calm_talk,462,64,2105,383,1658,371,68,1,11,0,10,9,131,43
20260808,K_calm_talk,463,63,2108,383,1662,372,69,1,10,0,9,10,131,43
20260808,K_calm_talk,464,64,2113,383,1666,372,69,0,11,0,9,10,131,43
20260808,K_calm_talk,465,63,2117,383,1671,375,72,0,8,0,9,10,131,43
20260808,K_calm_talk,466,61,2121,384,1676,375,71,1,8,0,9,11,131,43
20260808,K_calm_talk,467,63,2126,384,1679,376,72,1,7,0,9,11,131,43
20260808,K_calm_talk,468,64,2131,384,1683,377,73,0,7,0,9,11,131,43
20260808,K_calm_talk,469,66,2137,385,1686,379,74,1,5,0,9,10,131,43
20260808,K_calm_talk,470,64,2140,385,1691,380,75,1,4,0,9,9,131,43
20260808,K_calm_talk,471,63,2143,385,1695,381,76,0,4,0,9,9,131,43
20260808,K_calm_talk,472,62,2147,387,1698,382,74,2,3,1,9,9,131,43
20260808,K_calm_talk,473,62,2152,388,1702,382,72,3,3,2,9,8,131,43
20260808,K_calm_talk,474,63,2158,390,1705,383,71,3,4,2,9,9,131,43
20260808,K_calm_talk,475,62,2162,391,1709,383,71,3,5,1,9,8,131,43
20260808,K_calm_talk,476,61,2166,392,1713,383,71,2,7,0,9,9,131,43
20260808,K_calm_talk,477,62,2172,392,1718,383,71,1,8,0,9,8,131,43
20260808,K_calm_talk,478,64,2177,392,1721,383,70,0,9,1,9,8,131,43
20260808,K_calm_talk,479,65,2183,393,1725,383,69,1,9,1,9,8,131,43
20260808,K_calm_talk,480,64,2186,395,1727,383,68,3,9,0,9,8,131,43
20260808,K_calm_talk,481,65,2190,395,1730,384,69,2,9,0,11,8,131,43
20260808,K_calm_talk,482,65,2195,395,1735,384,69,0,11,0,14,7,131,43
20260808,K_calm_talk,483,64,2199,395,1740,384,69,0,11,0,14,7,131,43
20260808,K_calm_talk,484,62,2202,395,1745,384,68,0,11,1,14,7,131,43
20260808,K_calm_talk,485,64,2207,395,1748,386,70,0,9,1,15,7,131,43
20260808,K_calm_talk,486,64,2210,396,1750,387,71,1,8,0,14,7,131,43
20260808,K_calm_talk,487,64,2214,396,1754,387,71,1,8,0,15,7,131,43
20260808,K_calm_talk,488,62,2217,396,1759,387,69,0,9,2,15,5,131,43
20260808,K_calm_talk,489,63,2223,396,1764,389,70,0,7,3,14,6,131,43
20260808,K_calm_talk,490,63,2229,398,1768,389,70,2,7,1,13,6,126,43
20260808,K_calm_talk,491,64,2234,400,1770,391,71,4,5,0,12,7,126,43
20260808,K_calm_talk,492,60,2237,401,1776,391,70,3,7,0,11,7,126,43
20260808,K_calm_talk,493,60,2243,402,1781,392,69,2,8,1,8,8,126,43
20260808,K_calm_talk,494,61,2249,402,1786,392,69,1,9,1,8,11,126,43
20260808,K_calm_talk,495,65,2255,404,1786,393,69,2,9,0,8,12,131,43
20260808,K_calm_talk,496,64,2258,404,1790,393,69,2,9,0,8,12,131,43
20260808,K_calm_talk,497,65,2264,404,1795,394,70,0,10,0,8,10,131,43
20260808,K_calm_talk,498,64,2267,404,1799,395,71,0,9,0,8,10,131,43
20260808,K_calm_talk,499,65,2272,405,1802,395,70,1,9,0,9,10,131,43
20260808,K_calm_talk,500,63,2277,407,1807,396,69,3,8,0,9,10,131,43
20260808,K_calm_talk,501,66,2283,407,1810,397,70,2,8,0,9,11,131,43
20260808,K_calm_talk,502,66,2288,408,1814,397,69,1,10,0,9,11,131,43
20260808,K_calm_talk,503,68,2293,408,1817,398,70,1,9,0,9,11,131,43
20260808,K_calm_talk,504,69,2299,408,1822,398,70,0,10,0,9,11,131,43
20260808,K_calm_talk,505,68,2304,409,1827,398,69,1,10,0,9,13,131,43
20260808,K_calm_talk,506,66,2307,409,1832,398,69,1,10,0,8,13,131,43
20260808,K_calm_talk,507,67,2310,409,1834,398,68,0,11,1,8,13,131,43
20260808,K_calm_talk,508,68,2316,409,1839,398,67,0,11,2,9,15,131,43
20260808,K_calm_talk,509,67,2321,410,1844,399,68,1,10,1,8,14,131,43
20260808,K_calm_talk,510,64,2325,413,1848,401,67,4,8,1,8,13,131,43
20260808,K_calm_talk,511,64,2328,413,1851,402,68,3,8,1,9,11,131,43
20260808,K_calm_talk,512,62,2332,414,1856,403,69,1,10,0,12,9,131,43
20260808,K_calm_talk,513,64,2338,415,1859,403,68,2,10,0,13,9,131,43
20260808,K_calm_talk,514,63,2341,415,1863,404,69,1,10,0,13,8,131,43
20260808,K_calm_talk,515,66,2347,415,1866,405,70,0,10,0,14,8,131,43
20260808,K_calm_talk,516,63,2350,415,1872,407,71,0,8,1,14,9,131,43
20260808,K_calm_talk,517,61,2353,415,1877,408,72,0,7,1,15,9,131,43
20260808,K_calm_talk,518,58,2356,416,1882,408,72,1,7,0,15,10,131,43
20260808,K_calm_talk,519,55,2360,417,1888,409,71,2,6,1,13,10,131,43
20260808,K_calm_talk,520,57,2366,417,1892,409,71,1,7,1,14,11,101,38
20260808,K_calm_talk,521,60,2372,418,1894,410,71,1,7,1,13,12,101,38
20260808,K_calm_talk,522,63,2378,418,1897,410,71,1,7,1,12,13,101,38
20260808,K_calm_talk,523,61,2383,419,1903,410,70,1,8,1,9,12,101,38
20260808,K_calm_talk,524,61,2389,420,1908,411,70,2,7,1,9,12,101,38
20260808,K_calm_talk,525,65,2395,422,1908,411,69,3,8,0,9,13,126,43
20260808,K_calm_talk,526,68,2401,423,1910,411,67,3,9,1,9,13,126,43
20260808,K_calm_talk,527,69,2406,423,1914,411,67,1,11,1,9,13,126,43
20260808,K_calm_talk,528,67,2410,425,1918,411,66,2,12,0,9,11,126,43
20260808,K_calm_talk,529,67,2413,425,1921,413,68,2,10,0,9,11,126,43
20260808,K_calm_talk,530,64,2417,426,1927,413,66,1,12,1,9,8,131,43
20260808,K_calm_talk,531,62,2420,428,1930,416,67,3,9,1,9,9,131,43
20260808,K_calm_talk,532,63,2425,430,1932,416,66,4,10,0,9,9,131,43
20260808,K_calm_talk,533,66,2431,430,1935,418,68,2,10,0,9,9,131,43
20260808,K_calm_talk,534,66,2434,430,1938,418,68,0,12,0,9,9,131,43
20260808,K_calm_talk,535,65,2439,430,1944,418,68,0,12,0,9,8,131,43
20260808,K_calm_talk,536,64,2444,430,1950,418,68,0,12,0,9,8,131,43
20260808,K_calm_talk,537,61,2447,430,1956,419,69,0,11,0,9,8,131,43
20260808,K_calm_talk,538,59,2450,431,1960,419,68,1,11,0,9,8,131,43
20260808,K_calm_talk,539,57,2453,431,1965,420,68,1,10,1,9,8,131,43
20260808,K_calm_talk,540,57,2457,431,1969,420,66,0,11,3,9,7,131,43
20260808,K_calm_talk,541,55,2460,432,1973,420,66,1,11,2,9,7,131,43
20260808,K_calm_talk,542,55,2466,434,1977,421,65,3,10,2,10,6,131,43
20260808,K_calm_talk,543,58,2472,435,1979,422,65,3,10,2,13,6,131,43
20260808,K_calm_talk,544,57,2476,437,1982,422,65,3,12,0,13,6,131,43
20260808,K_calm_talk,545,58,2480,437,1985,422,65,2,13,0,14,6,131,43
20260808,K_calm_talk,546,61,2486,438,1987,426,68,1,11,0,14,6,131,43
20260808,K_calm_talk,547,61,2492,439,1992,427,68,2,10,0,16,5,131,43
20260808,K_calm_talk,548,61,2498,439,1998,428,68,1,10,1,15,7,131,43
20260808,K_calm_talk,549,64,2504,439,2001,428,68,0,11,1,13,8,131,43
20260808,K_calm_talk,550,61,2508,443,2004,430,66,4,9,1,11,9,126,43
20260808,K_calm_talk,551,60,2511,443,2008,430,66,4,9,1,10,9,126,43
20260808,K_calm_talk,552,61,2517,445,2011,430,65,2,13,0,9,10,126,43
20260808,K_calm_talk,553,63,2521,445,2013,430,65,2,13,0,9,11,126,43
20260808,K_calm_talk,554,64,2525,445,2016,431,66,0,14,0,9,12,126,43
20260808,K_calm_talk,555,67,2529,445,2017,431,66,0,14,0,9,12,131,43
20260808,K_calm_talk,556,70,2535,445,2020,434,69,0,11,0,9,11,131,43
20260808,K_calm_talk,557,67,2538,445,2026,434,69,0,11,0,9,10,131,43
20260808,K_calm_talk,558,66,2542,445,2031,434,69,0,11,0,9,10,131,43
20260808,K_calm_talk,559,66,2547,446,2035,434,68,1,11,0,9,10,131,43
20260808,K_calm_talk,560,65,2550,446,2039,436,70,1,9,0,9,10,131,43
20260808,K_calm_talk,561,65,2555,446,2044,436,70,0,10,0,9,10,131,43
20260808,K_calm_talk,562,64,2559,446,2049,439,71,0,7,2,9,10,131,43
20260808,K_calm_talk,563,64,2565,446,2055,439,70,0,7,3,9,9,131,43
20260808,K_calm_talk,564,64,2570,448,2058,439,70,2,7,1,9,9,131,43
20260808,K_calm_talk,565,63,2573,449,2061,440,70,3,6,1,9,10,131,43
20260808,K_calm_talk,566,66,2579,450,2063,441,69,2,7,2,9,11,131,43
20260808,K_calm_talk,567,63,2582,451,2068,442,68,2,7,3,9,10,131,43
20260808,K_calm_talk,568,64,2588,453,2071,443,67,3,7,3,9,9,131,43
20260808,K_calm_talk,569,63,2591,456,2072,443,66,5,8,1,9,9,131,43
20260808,K_calm_talk,570,65,2597,457,2075,443,66,4,10,0,10,8,121,43
20260808,K_calm_talk,571,61,2601,459,2081,443,64,3,13,0,10,8,121,43
20260808,K_calm_talk,572,61,2604,459,2084,444,63,2,13,2,11,8,121,43
20260808,K_calm_talk,573,62,2610,460,2088,444,60,1,15,4,13,8,121,43
20260808,K_calm_talk,574,62,2614,463,2089,445,60,4,14,2,13,6,121,43
20260808,K_calm_talk,575,63,2619,465,2091,445,60,5,15,0,12,6,131,43
20260808,K_calm_talk,576,61,2622,465,2096,445,60,2,18,0,12,6,131,43
20260808,K_calm_talk,577,60,2625,465,2100,446,59,0,19,2,11,7,131,43
20260808,K_calm_talk,578,58,2631,467,2106,447,58,2,18,2,13,8,131,43
20260808,K_calm_talk,579,55,2636,470,2111,447,57,5,18,0,12,9,131,43
20260808,K_calm_talk,580,55,2641,472,2114,448,55,5,19,1,12,9,131,43
20260808,K_calm_talk,581,53,2646,473,2120,451,57,3,19,1,9,11,131,43
20260808,K_calm_talk,582,53,2649,474,2122,451,57,2,21,0,7,11,131,43
20260808,K_calm_talk,583,51,2653,475,2127,452,57,2,21,0,6,12,131,43
20260808,K_calm_talk,584,55,2659,476,2128,454,58,2,20,0,7,12,131,43
20260808,K_calm_talk,585,59,2665,476,2130,454,58,1,21,0,7,13,131,43
20260808,K_calm_talk,586,59,2668,476,2133,455,59,0,21,0,7,13,131,43
20260808,K_calm_talk,587,59,2671,476,2136,457,61,0,19,0,8,14,131,43
20260808,K_calm_talk,588,58,2675,476,2141,458,61,0,18,1,9,12,131,43
20260808,K_calm_talk,589,59,2680,476,2145,462,65,0,14,1,9,12,131,43
20260808,K_calm_talk,590,60,2684,477,2147,465,67,1,11,1,9,11,131,43
20260808,K_calm_talk,591,63,2689,477,2149,466,68,1,10,1,9,11,131,43
20260808,K_calm_talk,592,66,2695,478,2151,466,68,1,11,0,9,10,131,43
20260808,K_calm_talk,593,65,2699,478,2156,466,68,1,11,0,9,8,131,43
20260808,K_calm_talk,594,65,2703,479,2159,470,70,1,8,1,9,8,131,43
20260808,K_calm_talk,595,66,2708,479,2163,471,71,1,7,1,10,8,131,43
20260808,K_calm_talk,596,66,2713,480,2167,471,71,1,8,0,10,7,131,43
20260808,K_calm_talk,597,66,2716,481,2169,472,71,2,7,0,10,8,131,43
20260808,K_calm_talk,598,67,2721,481,2173,472,70,1,8,1,10,7,131,43
20260808,K_calm_talk,599,64,2724,481,2179,473,71,0,8,1,9,7,131,43
20260808,K_calm_talk,600,61,2727,482,2184,474,71,1,7,1,10,7,121,40
